0xe34,"PERSONAL DATA [1/4]

CODENAME:EVA
SEX:FEMALE
AGE:28
NATIONALITY:U.S.A
BIRTHDATE:5/15/1936
BIRTHPLACE:MERIDIEN,ID.
ADDRESS:UNKNOWN
","PERSONAL DATA [1/4]

CODENAME:EVA
SEX:FEMALE
AGE:28
NATIONALITY:U.S.A
BIRTHDATE:5/15/1936
BIRTHPLACE:MERIDIEN,ID.
ADDRESS:UNKNOWN
"
0xeb7,"PERSONAL DATA [2/4]

HEIGHT:5% 10 1/4~
WEIGHT:149q
HAIR:BLOND
EYE:BLUE
SKIN:WHITE
VOICE:SUZETTA MInET
MTN ACTR:YUMIKO DAIKOKU
","PERSONAL DATA [2/4]

HEIGHT:5% 10 1/4~
WEIGHT:149q
HAIR:BLOND
EYE:BLUE
SKIN:WHITE
VOICE:SUZETTA MInET
MTN ACTR:YUMIKO DAIKOKU
"
0xf36,"PERSONAL DATA [3/4]

EYESIGHT:20/16
BLOOD TYPE:A
PAST ILLNESSES:NONE
FAMILY:PARENTS
HOBBY:MOTORBIKE
FVRT FOOD:INSTANT NOODLES
UNFVRT FOOD:POTATOS
","PERSONAL DATA [3/4]

EYESIGHT:20/16
BLOOD TYPE:A
PAST ILLNESSES:NONE
FAMILY:PARENTS
HOBBY:MOTORBIKE
FVRT FOOD:INSTANT NOODLES
UNFVRT FOOD:POTATOS
"
0xfc9,"PERSONAL DATA [4/4]

FVRT MOVIE:SEE NOTHING
FVRT ANIMAL:DOG
FVRT LIQUOR:WINE
MEASUREMENTS:36-23-33
FVRT FLOWER:ROSE
FVRT JEWELRY:EMERALD
RING SIZE:5 1/2
","PERSONAL DATA [4/4]

FVRT MOVIE:SEE NOTHING
FVRT ANIMAL:DOG
FVRT LIQUOR:WINE
MEASUREMENTS:36-23-33
FVRT FLOWER:ROSE
FVRT JEWELRY:EMERALD
RING SIZE:5 1/2
"
0x1063,"PERSONAL DATA [1/3]

CODENAME:EVA
SEX:FEMALE
AGE:28
NATIONALITY:U.S.A
BIRTHDATE:5/15/1936
BIRTHPLACE:MERIDIEN,ID.
ADDRESS:UNKNOWN
","PERSONAL DATA [1/3]

CODENAME:EVA
SEX:FEMALE
AGE:28
NATIONALITY:U.S.A
BIRTHDATE:5/15/1936
BIRTHPLACE:MERIDIEN,ID.
ADDRESS:UNKNOWN
"
0x10e6,"PERSONAL DATA [2/3]

HEIGHT:5% 10 1/4~
WEIGHT:149q
HAIR:BLOND
EYE:BLUE
SKIN:WHITE
VOICE:SUZETTA MInET
MTN ACTR:YUMIKO DAIKOKU
","PERSONAL DATA [2/3]

HEIGHT:5% 10 1/4~
WEIGHT:149q
HAIR:BLOND
EYE:BLUE
SKIN:WHITE
VOICE:SUZETTA MInET
MTN ACTR:YUMIKO DAIKOKU
"
0x1165,"PERSONAL DATA [3/3]

EYESIGHT:20/16
BLOOD TYPE:A
PAST ILLNESSES:NONE
FAMILY:PARENTS
HOBBY:MOTORBIKE
FVRT FOOD:INSTANT NOODLES
UNFVRT FOOD:POTATOS
","PERSONAL DATA [3/3]

EYESIGHT:20/16
BLOOD TYPE:A
PAST ILLNESSES:NONE
FAMILY:PARENTS
HOBBY:MOTORBIKE
FVRT FOOD:INSTANT NOODLES
UNFVRT FOOD:POTATOS
"
0x11f8,"PERSONAL DATA [1/2]

CODENAME:EVA
SEX:FEMALE
AGE:28
NATIONALITY:U.S.A
BIRTHDATE:5/15/1936
BIRTHPLACE:MERIDIEN,ID.
ADDRESS:UNKNOWN
","PERSONAL DATA [1/2]

CODENAME:EVA
SEX:FEMALE
AGE:28
NATIONALITY:U.S.A
BIRTHDATE:5/15/1936
BIRTHPLACE:MERIDIEN,ID.
ADDRESS:UNKNOWN
"
0x127b,"PERSONAL DATA [2/2]

HEIGHT:5% 10 1/4~
WEIGHT:149q
HAIR:BLOND
EYE:BLUE
SKIN:WHITE
VOICE:SUZETTA MInET
MTN ACTR:YUMIKO DAIKOKU
","PERSONAL DATA [2/2]

HEIGHT:5% 10 1/4~
WEIGHT:149q
HAIR:BLOND
EYE:BLUE
SKIN:WHITE
VOICE:SUZETTA MInET
MTN ACTR:YUMIKO DAIKOKU
"
0x12fa,"PERSONAL DATA [1/1]

CODENAME:EVA
SEX:FEMALE
AGE:28
NATIONALITY:U.S.A
BIRTHDATE:5/15/1936
BIRTHPLACE:MERIDIEN,ID.
ADDRESS:UNKNOWN
","PERSONAL DATA [1/1]

CODENAME:EVA
SEX:FEMALE
AGE:28
NATIONALITY:U.S.A
BIRTHDATE:5/15/1936
BIRTHPLACE:MERIDIEN,ID.
ADDRESS:UNKNOWN
"
0x137d,"Das Gebiet nennt man Chyornyj Prud, das ist
Russisch für „das schwarze Ufer"".
","Das Gebiet nennt man Chyornyj Prud, das ist
Russisch für „das schwarze Ufer"".
"
0x13cf,"Der Name rührt von dem tiefen Sumpf her, der
das ganze Gebiet bedeckt.
","Der Name rührt von dem tiefen Sumpf her, der
das ganze Gebiet bedeckt.
"
0x1418,"Die Krokodile im Sumpf sind äußerst
gefährlich.
","Die Krokodile im Sumpf sind äußerst
gefährlich.
"
0x144c,"Es heißt, sie hätten bereits einen Trupp
patrouillierender Soldaten verputzt. Jetzt wagt
sich niemand mehr in die Nähe des Sumpfes.
","Es heißt, sie hätten bereits einen Trupp
patrouillierender Soldaten verputzt. Jetzt wagt
sich niemand mehr in die Nähe des Sumpfes.
"
0x14d4,"Anscheinend wurden die meisten der getöteten
Soldaten im Wasser von hinten angegriffen.
Pass da draußen auf dich auf.
","Anscheinend wurden die meisten der getöteten
Soldaten im Wasser von hinten angegriffen.
Pass da draußen auf dich auf.
"
0x154d,"Der Spalt, der zur Höhle führt, ist weiter
nördlich. Halte dich in nördlicher Richtung.
","Der Spalt, der zur Höhle führt, ist weiter
nördlich. Halte dich in nördlicher Richtung.
"
0x15aa,"Sag mal, Snake, warum hast du Ocelot
entwischen lassen?
","Sag mal, Snake, warum hast du Ocelot
entwischen lassen?
"
0x15e3,"Ich dachte, das hätte ich dir bereits gesagt.
","Ich dachte, das hätte ich dir bereits gesagt.
"
0x1613,"Weil er noch jung ist?
","Weil er noch jung ist?
"
0x162b,"Ja.
","Ja.
"
0x1630,"Eine lahme Erklärung, wenn du mich fragst.
","Eine lahme Erklärung, wenn du mich fragst.
"
0x165d,"Findest du?
","Findest du?
"
0x166a,"Ja.
","Ja.
"
0x166f,"... Vielleicht hast du Recht.
","... Vielleicht hast du Recht.
"
0x168e,"EVA, was für eine Einheit waren die Ocelots,
gegen die ich vor einer Weile kämpfte?
","EVA, was für eine Einheit waren die Ocelots,
gegen die ich vor einer Weile kämpfte?
"
0x16e5,"Ocelot ist eine Eliteeinheit von Soldaten, die
gezielt aus Spetsnaz, den
Sondereinsatztruppen der GRU, ausgewählt
wurden.
","Ocelot ist eine Eliteeinheit von Soldaten, die
gezielt aus Spetsnaz, den
Sondereinsatztruppen der GRU, ausgewählt
wurden.
"
0x1761,"Ihre Ausbildung war noch härter als die für
normale Spetsnaz-Truppen. Ihr Umgang mit
Waffen ist legendär.
","Ihre Ausbildung war noch härter als die für
normale Spetsnaz-Truppen. Ihr Umgang mit
Waffen ist legendär.
"
0x17cf,"Du wirst sehen, sie schießen besser als jeder
andere GRU-Soldat. Pass auf dich auf.
","Du wirst sehen, sie schießen besser als jeder
andere GRU-Soldat. Pass auf dich auf.
"
0x1825,"EVA, wo steckst du?
","EVA, wo steckst du?
"
0x183a,"Das habe ich doch schon gesagt, oder? Ich bin
beim Oberst.
","Das habe ich doch schon gesagt, oder? Ich bin
beim Oberst.
"
0x1876,"Ziemlich schwache Antwort, wenn du mich
fragst.
","Ziemlich schwache Antwort, wenn du mich
fragst.
"
0x18a7,"Ja, da hast du wohl Recht.
","Ja, da hast du wohl Recht.
"
0x18c3,"EVA ...
","EVA ...
"
0x18cc,"Snake, ich habe den Befehl, mit dir
zusammenzuarbeiten. Das heißt aber nicht,
dass ich dir alles sagen muss, was ich weiß.
","Snake, ich habe den Befehl, mit dir
zusammenzuarbeiten. Das heißt aber nicht,
dass ich dir alles sagen muss, was ich weiß.
"
0x194a,"Ich nehme an, das gilt auch für dich.
","Ich nehme an, das gilt auch für dich.
"
0x1972,"...
","...
"
0x1977,"Gut, du hast Bolshaya Past erreicht.
","Gut, du hast Bolshaya Past erreicht.
"
0x199d,"Der Name Bolshaya Past bedeutet so viel wie
„der große Hohlraum"".
","Der Name Bolshaya Past bedeutet so viel wie
„der große Hohlraum"".
"
0x19e3,"Der Name stammt vermutlich von dem Spalt im
Norden.
","Der Name stammt vermutlich von dem Spalt im
Norden.
"
0x1a18,"Im südlichen Abschnitt von Bolshaya Past ist
ein Bereich mit Stacheldraht gesichert.
","Im südlichen Abschnitt von Bolshaya Past ist
ein Bereich mit Stacheldraht gesichert.
"
0x1a6f,"Die Relaisstation nördlich davon dient sowohl
als Depot für Materiallieferungen als auch als
Kommunikationseinrichtung.
","Die Relaisstation nördlich davon dient sowohl
als Depot für Materiallieferungen als auch als
Kommunikationseinrichtung.
"
0x1aea,"Der zur Höhle führende Spalt liegt nördlich von
der Relaisstation. Geh in Richtung Norden.
","Der zur Höhle führende Spalt liegt nördlich von
der Relaisstation. Geh in Richtung Norden.
"
0x1b49,"Der zur Höhle führende Spalt liegt nördlich von
dir. Geh weiter in Richtung Norden.
","Der zur Höhle führende Spalt liegt nördlich von
dir. Geh weiter in Richtung Norden.
"
0x1ba1,"Snake, durch den Stacheldraht in dem Gebiet
fließt Hochspannung.
","Snake, durch den Stacheldraht in dem Gebiet
fließt Hochspannung.
"
0x1be4,"Hochspannung?
","Hochspannung?
"
0x1bf3,"Ja, vielleicht habe ich vergessen, es dir zu
sagen.
","Ja, vielleicht habe ich vergessen, es dir zu
sagen.
"
0x1c28,"...
","...
"
0x1c2d,"Wenn du den Stacheldraht berührst, bekommst
du einen Elektroschock. Also lass es lieber.
","Wenn du den Stacheldraht berührst, bekommst
du einen Elektroschock. Also lass es lieber.
"
0x1c88,"Unter Hochspannung stehender
Stacheldraht ... Ich muss ihn wohl irgendwie
umgehen ...
","Unter Hochspannung stehender
Stacheldraht ... Ich muss ihn wohl irgendwie
umgehen ...
"
0x1cdf,"Das ist nicht nötig.
","Das ist nicht nötig.
"
0x1cf6,"Nein?
","Nein?
"
0x1cfd,"Nein.
","Nein.
"
0x1d04,"Unter Hochspannung stehender Stacheldraht
ist eine phantastische Barriere, aber sehr
aufwändig in der Wartung.
","Unter Hochspannung stehender Stacheldraht
ist eine phantastische Barriere, aber sehr
aufwändig in der Wartung.
"
0x1d75,"Anscheinend fällt er ständig aus, weil Wildtiere
dagegen laufen.
","Anscheinend fällt er ständig aus, weil Wildtiere
dagegen laufen.
"
0x1db9,"Und es heißt, dass es an
Wartungspersonal fehlt.
","Und es heißt, dass es an
Wartungspersonal fehlt.
"
0x1dec,"Wenn du dir den Boden unter dem
Stacheldraht genau ansiehst, entdeckst du
bestimmt irgendwo ein Loch.
","Wenn du dir den Boden unter dem
Stacheldraht genau ansiehst, entdeckst du
bestimmt irgendwo ein Loch.
"
0x1e53,"Versuch, dort hindurchzukriechen.
","Versuch, dort hindurchzukriechen.
"
0x1e76,"EVA, ist dieser Kampfhubschrauber der
Fluchtweg, von dem du gesprochen hast?
","EVA, ist dieser Kampfhubschrauber der
Fluchtweg, von dem du gesprochen hast?
"
0x1ec4,"Nein, seine Reichweite ist dafür nicht groß
genug.
","Nein, seine Reichweite ist dafür nicht groß
genug.
"
0x1efa,"Womit sollen wir dann entkommen?
","Womit sollen wir dann entkommen?
"
0x1f1c,"Etwas, worin du noch nie gesessen hast.
","Etwas, worin du noch nie gesessen hast.
"
0x1f45,"Worin ich noch nie gesessen habe?
","Worin ich noch nie gesessen habe?
"
0x1f68,"Genau. Ich glaube, du wirst angenehm
überrascht sein.
","Genau. Ich glaube, du wirst angenehm
überrascht sein.
"
0x1fa0,"Der Spalt, der zur Höhle führt, liegt nördlich
von der Basis. Also immer nördliche Richtung
halten.
","Der Spalt, der zur Höhle führt, liegt nördlich
von der Basis. Also immer nördliche Richtung
halten.
"
0x2009,"Snake, im Mittelpunkt jenes Bereichs liegt ein
Vorratslager, und im Nordosten ein
Waffenlager.
","Snake, im Mittelpunkt jenes Bereichs liegt ein
Vorratslager, und im Nordosten ein
Waffenlager.
"
0x2069,"Zerstöre beide, um die feindlichen Truppen in
dem Gebiet vom Nachschub abzuschneiden.
","Zerstöre beide, um die feindlichen Truppen in
dem Gebiet vom Nachschub abzuschneiden.
"
0x20c1,"Wie ich höre, liegen im Waffenarsenal AKs.
Schau mal nach.
","Wie ich höre, liegen im Waffenarsenal AKs.
Schau mal nach.
"
0x20fe,"Snake, ist alles in Ordnung?
","Snake, ist alles in Ordnung?
"
0x211c,"Ja ... gerade noch. Was zum Teufel waren
das alles für Hornissen ...
","Ja ... gerade noch. Was zum Teufel waren
das alles für Hornissen ...
"
0x2163,"Vermutlich war das The Pain, einer der
Cobras.
","Vermutlich war das The Pain, einer der
Cobras.
"
0x2193,"Das habe ich mir auch schon gedacht ...
Verfolgen sie mich?
","Das habe ich mir auch schon gedacht ...
Verfolgen sie mich?
"
0x21d0,"Ich weiß es nicht. Die Cobras nehmen nur von
The Boss Befehle entgegen.
","Ich weiß es nicht. Die Cobras nehmen nur von
The Boss Befehle entgegen.
"
0x221a,"Nicht einmal Volgin weiß, was sie wirklich im
Schilde führen. Ich kann dir also auch nichts
über sie sagen.
","Nicht einmal Volgin weiß, was sie wirklich im
Schilde führen. Ich kann dir also auch nichts
über sie sagen.
"
0x228a,"Na toll ...
","Na toll ...
"
0x2297,"Ich werde versuchen, möglichst viel über sie in
Erfahrung zu bringen. Konzentrier du dich nur
auf den Weg, der vor dir liegt.
","Ich werde versuchen, möglichst viel über sie in
Erfahrung zu bringen. Konzentrier du dich nur
auf den Weg, der vor dir liegt.
"
0x2318,"Geh zum Ende der Höhle. Dort findest du ein
Aquädukt, das dich zum Ponizovje-Sumpf
führt.
","Geh zum Ende der Höhle. Dort findest du ein
Aquädukt, das dich zum Ponizovje-Sumpf
führt.
"
0x2376,"Und Snake ... Sei vorsichtig. In der Höhle ...
","Und Snake ... Sei vorsichtig. In der Höhle ...
"
0x23a7,"... ist es stockfinster.
","... ist es stockfinster.
"
0x23c1,"Gut, ich hatte also daran gedacht, es dir zu
sagen.
","Gut, ich hatte also daran gedacht, es dir zu
sagen.
"
0x23f6,"...
","...
"
0x23fb,"Wenn es finster ist und du ein Licht brauchst,
versuch es mit einer Fackel.
","Wenn es finster ist und du ein Licht brauchst,
versuch es mit einer Fackel.
"
0x2448,"Wie ich höre, liegen irgendwo in der Höhle
Fackeln für Notfälle.
","Wie ich höre, liegen irgendwo in der Höhle
Fackeln für Notfälle.
"
0x248e,"Fackeln. Verstanden. Und wo sind sie?
","Fackeln. Verstanden. Und wo sind sie?
"
0x24b5,"Hm?
","Hm?
"
0x24ba,"Wo sind die Fackeln?
","Wo sind die Fackeln?
"
0x24d0,"Woher soll ich das wissen? Such sie.
","Woher soll ich das wissen? Such sie.
"
0x24f6,"Man nennt die Höhle „Chyornaya Peschera"".
","Man nennt die Höhle „Chyornaya Peschera"".
"
0x2524,"Chyornaya Peschera ist Russisch für
„schwarze Höhle, aus der kalter Wind bläst"".
","Chyornaya Peschera ist Russisch für
„schwarze Höhle, aus der kalter Wind bläst"".
"
0x257b,"Es ist eine Magma-Höhle, die vor Millionen von
Jahren entstand. Damals war in Tselinoyarsk
noch ein Vulkan aktiv.
","Es ist eine Magma-Höhle, die vor Millionen von
Jahren entstand. Damals war in Tselinoyarsk
noch ein Vulkan aktiv.
"
0x25ef,"Die Höhle ist verzweigt, aber wenn du immer
weiter ins Innere gehst, müsstest du das
Aquädukt finden können.
","Die Höhle ist verzweigt, aber wenn du immer
weiter ins Innere gehst, müsstest du das
Aquädukt finden können.
"
0x2661,"Halte dich in Richtung Höhleninneres.
","Halte dich in Richtung Höhleninneres.
"
0x2689,"Snake, du hast The Pain besiegt!
","Snake, du hast The Pain besiegt!
"
0x26ab,"Aber es war ein harter Kampf!
","Aber es war ein harter Kampf!
"
0x26ca,"Wie fühlt man sich, wenn man gegen einen
Kameraden von The Boss antritt?
","Wie fühlt man sich, wenn man gegen einen
Kameraden von The Boss antritt?
"
0x2715,"Was meinst du damit?
","Was meinst du damit?
"
0x272b,"Ich wüsste nur gerne, wie es ist, einem
Mitglied der legendären Cobras im Kampf
gegenüberzustehen. Das ist alles.
","Ich wüsste nur gerne, wie es ist, einem
Mitglied der legendären Cobras im Kampf
gegenüberzustehen. Das ist alles.
"
0x27a1,"Du willst doch nur wissen, ob ich es wirklich
fertig bringe, gegen The Boss zu kämpfen,
nicht wahr?
","Du willst doch nur wissen, ob ich es wirklich
fertig bringe, gegen The Boss zu kämpfen,
nicht wahr?
"
0x2807,"Na ja, das auch.
","Na ja, das auch.
"
0x2819,"Mach dir um mich keine Sorgen. Ich werde
diesen Einsatz ausführen.
","Mach dir um mich keine Sorgen. Ich werde
diesen Einsatz ausführen.
"
0x285e,"Das hoffe ich doch.
","Das hoffe ich doch.
"
0x2873,"Der Höhlenausgang liegt also vor mir?
","Der Höhlenausgang liegt also vor mir?
"
0x289b,"Genau.
","Genau.
"
0x28a3,"Apropos. Ich habe gehört, dass sie in dem
Höhlenbereich eine Schrotflinte aufbewahren.
Warum suchst du sie nicht?
","Apropos. Ich habe gehört, dass sie in dem
Höhlenbereich eine Schrotflinte aufbewahren.
Warum suchst du sie nicht?
"
0x2918,"Das Aquädukt heißt „Ponizovje"", was so viel
bedeutet wie „das Land am unteren Flusslauf"".
","Das Aquädukt heißt „Ponizovje"", was so viel
bedeutet wie „das Land am unteren Flusslauf"".
"
0x2979,"Wie du siehst, ist es von Mangroven
überwachsen. Meist wird über das Aquädukt
Material in Booten transportiert.
","Wie du siehst, ist es von Mangroven
überwachsen. Meist wird über das Aquädukt
Material in Booten transportiert.
"
0x29ed,"Momentan gilt allerdings höchste Alarmstufe,
daher verkehren die Boote nicht.
","Momentan gilt allerdings höchste Alarmstufe,
daher verkehren die Boote nicht.
"
0x2a3d,"Aber genug davon ...
","Aber genug davon ...
"
0x2a53,"Was machst du da?
","Was machst du da?
"
0x2a66,"Wir wollten uns doch in den Bergen treffen.
Mach dich sofort auf den Weg dorthin. Am
besten gehst du zunächst einmal zurück zum
Lager.
","Wir wollten uns doch in den Bergen treffen.
Mach dich sofort auf den Weg dorthin. Am
besten gehst du zunächst einmal zurück zum
Lager.
"
0x2af0,"Das Gebiet, in dem du dich jetzt befindest, ist
Graniny Gorki.
","Das Gebiet, in dem du dich jetzt befindest, ist
Graniny Gorki.
"
0x2b30,"Das bedeutet „Granins Berg"". Offenbar stammt
der Name aus der Zeit, in der das
Granin-Labor eingerichtet wurde.
","Das bedeutet „Granins Berg"". Offenbar stammt
der Name aus der Zeit, in der das
Granin-Labor eingerichtet wurde.
"
0x2ba3,"Aber was machst du da?
","Aber was machst du da?
"
0x2bbb,"Du solltest mich doch in den Bergen treffen,
erinnerst du dich nicht? Geh durch das Lager
zurück nach Svyatogornyj.
","Du solltest mich doch in den Bergen treffen,
erinnerst du dich nicht? Geh durch das Lager
zurück nach Svyatogornyj.
"
0x2c31,"Der Name jenes Waldes ist Svyatogornyj. Auf
Russisch bedeutet es so viel wie „der heilige
Bergpfad"".
","Der Name jenes Waldes ist Svyatogornyj. Auf
Russisch bedeutet es so viel wie „der heilige
Bergpfad"".
"
0x2c99,"Der Name rührt von einem alten Märchen über
Berggeister her, die auf ihrem Weg nach
Sokrovenno,
","Der Name rührt von einem alten Märchen über
Berggeister her, die auf ihrem Weg nach
Sokrovenno,
"
0x2cfd,"dem weiter nördlich gelegenen Wald, hier
durchkommen.
","dem weiter nördlich gelegenen Wald, hier
durchkommen.
"
0x2d35,"Geh in Richtung Norden, dann gelangst du
nach Sokrovenno.
","Geh in Richtung Norden, dann gelangst du
nach Sokrovenno.
"
0x2d70,"Der Tunnel, der dich in die Berge führt,
befindet sich im Nordteil von Sokrovenno.
","Der Tunnel, der dich in die Berge führt,
befindet sich im Nordteil von Sokrovenno.
"
0x2dc5,"Wir sehen uns in den Ruinen oben im Gebirge.
","Wir sehen uns in den Ruinen oben im Gebirge.
"
0x2df3,"Wenn wir uns treffen, gebe ich dir den
Schlüssel zum Tunnel nach Groznyj Grad.
","Wenn wir uns treffen, gebe ich dir den
Schlüssel zum Tunnel nach Groznyj Grad.
"
0x2e44,"Denk daran: Halte dich in Richtung Norden.
","Denk daran: Halte dich in Richtung Norden.
"
0x2e70,"Sokrovenno ist aber auch der Ort, wo ...
","Sokrovenno ist aber auch der Ort, wo ...
"
0x2e9a,"Ich weiß.
","Ich weiß.
"
0x2ea6,"The End, richtig?
","The End, richtig?
"
0x2eb9,"Ja.
","Ja.
"
0x2ebe,"Sei vorsichtig.
","Sei vorsichtig.
"
0x2ecf,"Einer der Cobras, The End, lauert dir in
Sokrovenno auf. Er ist ein legendärer
Scharfschütze.
","Einer der Cobras, The End, lauert dir in
Sokrovenno auf. Er ist ein legendärer
Scharfschütze.
"
0x2f30,"Bis du ihn im Kampf besiegst ...
","Bis du ihn im Kampf besiegst ...
"
0x2f52,"Ich komme nicht an ihm vorbei?
","Ich komme nicht an ihm vorbei?
"
0x2f72,"Nein.
","Nein.
"
0x2f79,"Dann werde ich ihn wohl schlagen müssen.
","Dann werde ich ihn wohl schlagen müssen.
"
0x2fa4,"Ja, das glaube ich auch.
","Ja, das glaube ich auch.
"
0x2fbe,"Die Ocelots, stimmt's?
","Die Ocelots, stimmt's?
"
0x2fd6,"Genau.
","Genau.
"
0x2fde,"Die Ocelots lauern dir in Sokrovenno auf. Wie
ich höre, haben sie sogar Scharfschützen in
Position. Pass auf dich auf.
","Die Ocelots lauern dir in Sokrovenno auf. Wie
ich höre, haben sie sogar Scharfschützen in
Position. Pass auf dich auf.
"
0x3058,"EVA.
","EVA.
"
0x305e,"Was?
","Was?
"
0x3064,"Ich konnte dich eine Zeitlang nicht
kontaktieren. Was hast du gemacht?
","Ich konnte dich eine Zeitlang nicht
kontaktieren. Was hast du gemacht?
"
0x30ac,"Was glaubst du wohl?
","Was glaubst du wohl?
"
0x30c2,"Keine Ahnung, sonst würde ich doch wohl nicht
fragen ...
","Keine Ahnung, sonst würde ich doch wohl nicht
fragen ...
"
0x30fd,"Warum fragst du mich das?
","Warum fragst du mich das?
"
0x3118,"Es interessiert mich, darum.
","Es interessiert mich, darum.
"
0x3136,"Was interessiert dich?
","Was interessiert dich?
"
0x314e,"... Höre auf, meine Fragen mit Gegenfragen zu
beantworten!
","... Höre auf, meine Fragen mit Gegenfragen zu
beantworten!
"
0x318b,"Bist du wütend?
","Bist du wütend?
"
0x319d,"...
","...
"
0x31a2,"Bis später.
","Bis später.
"
0x31b0,"Jetzt musst du nur noch dem Tunnel in
Richtung Norden, zu den Bergen von
Krasnogorje, folgen.
","Jetzt musst du nur noch dem Tunnel in
Richtung Norden, zu den Bergen von
Krasnogorje, folgen.
"
0x320f,"Aber vielleicht solltest du erst einen Abstecher
nach Osten machen. Dort steht ein
Vorratslager.
","Aber vielleicht solltest du erst einen Abstecher
nach Osten machen. Dort steht ein
Vorratslager.
"
0x3271,"EVA.
","EVA.
"
0x3277,"Ja?
","Ja?
"
0x327c,"Wer ist diese Tatyana?
","Wer ist diese Tatyana?
"
0x3294,"Sie gefällt dir wohl, was? Sie ist wirklich
niedlich.
","Sie gefällt dir wohl, was? Sie ist wirklich
niedlich.
"
0x32cc,"Wer ist sie?
","Wer ist sie?
"
0x32da,"Ich weiß kaum etwas über sie, aber soweit ich
gehört habe, scheint sie Sokolovs Geliebte zu
sein ...
","Ich weiß kaum etwas über sie, aber soweit ich
gehört habe, scheint sie Sokolovs Geliebte zu
sein ...
"
0x3343,"Kannst du nicht etwas mehr herausfinden?
","Kannst du nicht etwas mehr herausfinden?
"
0x336d,"Snake, sie hat bereits einen Mann.
","Snake, sie hat bereits einen Mann.
"
0x3391,"EVA ...
","EVA ...
"
0x339a,"Okay. Gib mir eine Minute Zeit.
","Okay. Gib mir eine Minute Zeit.
"
0x33bb,"Snake, ich habe alles über Tanya in Erfahrung
gebracht, was ich konnte.
","Snake, ich habe alles über Tanya in Erfahrung
gebracht, was ich konnte.
"
0x3405,"Wie ich's mir dachte: Allem Anschein nach ist
sie Sokolovs Geliebte.
","Wie ich's mir dachte: Allem Anschein nach ist
sie Sokolovs Geliebte.
"
0x344b,"Als Sokolov aus seinem Forschungslabor
entführt wurde, nahm man auch sie mit.
","Als Sokolov aus seinem Forschungslabor
entführt wurde, nahm man auch sie mit.
"
0x349b,"Sie war also schon mit ihm zusammen, als er
noch im Forschungslabor arbeitete ...?
","Sie war also schon mit ihm zusammen, als er
noch im Forschungslabor arbeitete ...?
"
0x34ef,"Sieht so aus.
","Sieht so aus.
"
0x34fe,"Bist du sicher?
","Bist du sicher?
"
0x350f,"Ja. Warum?
","Ja. Warum?
"
0x351b,"Der Major meinte, Sokolov sei nicht der Typ,
der sich eine Geliebte nehmen würde ...
","Der Major meinte, Sokolov sei nicht der Typ,
der sich eine Geliebte nehmen würde ...
"
0x3572,"Vielleicht war er einsam, so lange fern von
seiner Familie.
","Vielleicht war er einsam, so lange fern von
seiner Familie.
"
0x35af,"Was er sonst auch sein mag - Sokolov ist noch
immer ein Mann. Es ist nur natürlich, dass er
sie anziehend findet.
","Was er sonst auch sein mag - Sokolov ist noch
immer ein Mann. Es ist nur natürlich, dass er
sie anziehend findet.
"
0x3623,"Nur natürlich?
","Nur natürlich?
"
0x3634,"Sie ist unwiderstehlich. Attraktiv, irgendwie wie
das Mädchen von nebenan. Und hat zudem
gute Proportionen.
","Sie ist unwiderstehlich. Attraktiv, irgendwie wie
das Mädchen von nebenan. Und hat zudem
gute Proportionen.
"
0x36a2,"...
","...
"
0x36a7,"Hört sich an, als wäre sie dein Typ, was?
","Hört sich an, als wäre sie dein Typ, was?
"
0x36d4,"EVA ...
","EVA ...
"
0x36dd,"Ich muss gehen.
","Ich muss gehen.
"
0x36ee,"Der Wald, in dem du dich jetzt befindest, heißt
Sokrovenno. Das bedeutet „die heiligsten
Wälder"".
","Der Wald, in dem du dich jetzt befindest, heißt
Sokrovenno. Das bedeutet „die heiligsten
Wälder"".
"
0x3755,"Er wird seit Urzeiten als heiliger Sitz der
Waldgeister verehrt.
","Er wird seit Urzeiten als heiliger Sitz der
Waldgeister verehrt.
"
0x3797,"Es ist der größte und tiefste Wald in der
Region, und er ist in drei Bereiche unterteilt:
Süd, West und Nord. Versuche, dich nicht zu
verirren, hörst du?
","Es ist der größte und tiefste Wald in der
Region, und er ist in drei Bereiche unterteilt:
Süd, West und Nord. Versuche, dich nicht zu
verirren, hörst du?
"
0x3836,"Im südlichen Bereich befindet sich ein
Waffenlager. Wenn du zusätzliche Munition
benötigst, mach doch einen Abstecher dorthin.
","Im südlichen Bereich befindet sich ein
Waffenlager. Wenn du zusätzliche Munition
benötigst, mach doch einen Abstecher dorthin.
"
0x38b9,"Bis du The End besiegst, wirst du wohl den
Wald nicht durchqueren können. Du musst ihn
aus dem Weg räumen.
","Bis du The End besiegst, wirst du wohl den
Wald nicht durchqueren können. Du musst ihn
aus dem Weg räumen.
"
0x3927,"Sei vorsichtig. Ich habe gehört, dass die
Ocelots dir im Wald auflauern.
","Sei vorsichtig. Ich habe gehört, dass die
Ocelots dir im Wald auflauern.
"
0x3972,"Der Eingang zum Tunnel liegt im Nordosten
des nördlichen Bereichs. Versuche, heil dorthin
zu gelangen.
","Der Eingang zum Tunnel liegt im Nordosten
des nördlichen Bereichs. Versuche, heil dorthin
zu gelangen.
"
0x39db,"Der Tunnel in die Berge liegt im Nordosten.
Geh in diese Richtung.
","Der Tunnel in die Berge liegt im Nordosten.
Geh in diese Richtung.
"
0x3a1f,"Snake, was ist mit deinem Kampf gegen The
End passiert?
","Snake, was ist mit deinem Kampf gegen The
End passiert?
"
0x3a58,"Ich, äh ...
","Ich, äh ...
"
0x3a66,"Nun, vielleicht ist es eine gute Idee, wenn du
dir mehr Munition und Vorräte besorgst.
","Nun, vielleicht ist es eine gute Idee, wenn du
dir mehr Munition und Vorräte besorgst.
"
0x3abf,"Ein oder zwei Tage sind für The End nur
Augenblicke.
","Ein oder zwei Tage sind für The End nur
Augenblicke.
"
0x3af6,"Er wartet vermutlich noch auf dich im Wald von
Sokrovenno.
","Er wartet vermutlich noch auf dich im Wald von
Sokrovenno.
"
0x3b32,"Bis du The End ein Ende setzt ...
","Bis du The End ein Ende setzt ...
"
0x3b55,"... ihn im Kampf nicht besiegst, kannst du nicht
weitergehen. Sobald du dich mit Munition und
Vorräten ausgerüstet hast, kehre nach
Sokrovenno zurück.
","... ihn im Kampf nicht besiegst, kannst du nicht
weitergehen. Sobald du dich mit Munition und
Vorräten ausgerüstet hast, kehre nach
Sokrovenno zurück.
"
0x3bf0,"Gut, du bist im Tunnel.
","Gut, du bist im Tunnel.
"
0x3c09,"Die Leiter am Ende des Tunnels führt in die
Berge. Geh in den Tunnel hinein und klettere
die Leiter hoch.
","Die Leiter am Ende des Tunnels führt in die
Berge. Geh in den Tunnel hinein und klettere
die Leiter hoch.
"
0x3c75,"Du hast es in die Berge geschafft.
","Du hast es in die Berge geschafft.
"
0x3c99,"Das Gebirge heißt Krasnogorje. Das bedeutet
auf Russisch so viel wie „der rote Bergkamm"".
","Das Gebirge heißt Krasnogorje. Das bedeutet
auf Russisch so viel wie „der rote Bergkamm"".
"
0x3cf7,"Der gesamte Gebirgszug wurde befestigt und
dient als Verteidigungslinie für die große
Festung Groznyj Grad.
","Der gesamte Gebirgszug wurde befestigt und
dient als Verteidigungslinie für die große
Festung Groznyj Grad.
"
0x3d66,"Im Bereich um die Spitze haben sie Bunker
und Schützengräben angelegt, und überall sind
Stellungen für Luftabwehrgeschütze.
","Im Bereich um die Spitze haben sie Bunker
und Schützengräben angelegt, und überall sind
Stellungen für Luftabwehrgeschütze.
"
0x3de8,"Es ist praktisch eine undurchdringliche Mauer.
Sei vorsichtig.
","Es ist praktisch eine undurchdringliche Mauer.
Sei vorsichtig.
"
0x3e28,"Oh, in den Bergen liegt ein Vorratslager, und
am Gipfel hat man eine Waffenkammer
eingerichtet.
","Oh, in den Bergen liegt ein Vorratslager, und
am Gipfel hat man eine Waffenkammer
eingerichtet.
"
0x3e89,"Ich treffe dich in den Ruinen oben im Gebirge.
","Ich treffe dich in den Ruinen oben im Gebirge.
"
0x3eb9,"Der Gipfel ist noch ein ganzes Stück entfernt.
Geh weiter.
","Der Gipfel ist noch ein ganzes Stück entfernt.
Geh weiter.
"
0x3ef6,"Der Gipfel ist noch ein ganzes Stück entfernt.
Kletter weiter.
","Der Gipfel ist noch ein ganzes Stück entfernt.
Kletter weiter.
"
0x3f37,"Siehst du die Ruinen am Gipfel? Dort werde
ich auf dich warten.
","Siehst du die Ruinen am Gipfel? Dort werde
ich auf dich warten.
"
0x3f78,"Bleib wachsam. Volgin hat einen
Kampfhubschrauber ausgeschickt. Er soll dich
aufhalten.
","Bleib wachsam. Volgin hat einen
Kampfhubschrauber ausgeschickt. Er soll dich
aufhalten.
"
0x3fd1,"Du hast ihn doch am Landeplatz gesehen,
oder? Vermutlich fliegt er bereits die Gegend
ab.
","Du hast ihn doch am Landeplatz gesehen,
oder? Vermutlich fliegt er bereits die Gegend
ab.
"
0x402c,"Wenn dich der Feind entdeckt, hast du es mit
dem Hubschrauber zu tun.
","Wenn dich der Feind entdeckt, hast du es mit
dem Hubschrauber zu tun.
"
0x4073,"Na toll. Ich habe keine Waffen, die es mit ihm
aufnehmen könnten ...
","Na toll. Ich habe keine Waffen, die es mit ihm
aufnehmen könnten ...
"
0x40ba,"Keine Angst. Ich habe ein RPG-7 gefunden.
Das müsste reichen, um ein paar Fliegen zu
zerquetschen.
","Keine Angst. Ich habe ein RPG-7 gefunden.
Das müsste reichen, um ein paar Fliegen zu
zerquetschen.
"
0x411f,"Aber mit einem RPG-7 könntest du
sie abschießen.
","Aber mit einem RPG-7 könntest du
sie abschießen.
"
0x4153,"In einem Bunker im Berg müsste ein RPG-7
sein.
","In einem Bunker im Berg müsste ein RPG-7
sein.
"
0x4184,"Ein tragbarer Raketenwerfer? Das müsste
ausreichen, um lästige Fliegen zu
zerquetschen.
","Ein tragbarer Raketenwerfer? Das müsste
ausreichen, um lästige Fliegen zu
zerquetschen.
"
0x41df,"Oder versuche es mit einem
Flugabwehrgeschütz.
","Oder versuche es mit einem
Flugabwehrgeschütz.
"
0x4210,"Drücke die Aktionstaste, wenn du dich in der
Nähe eines Flugabwehrgeschützes befindest,
um es zu übernehmen.
","Drücke die Aktionstaste, wenn du dich in der
Nähe eines Flugabwehrgeschützes befindest,
um es zu übernehmen.
"
0x4282,"EVA, wie sieht es bei dir aus? Wirst du es
schaffen?
","EVA, wie sieht es bei dir aus? Wirst du es
schaffen?
"
0x42b8,"Ja, alles okay. Ich bin entwischt, auch wenn es
ein oder zwei Probleme gab.
","Ja, alles okay. Ich bin entwischt, auch wenn es
ein oder zwei Probleme gab.
"
0x4305,"Gibt es ein Problem?
","Gibt es ein Problem?
"
0x431b,"Ich habe unterwegs einen kleinen Umweg
gemacht.
","Ich habe unterwegs einen kleinen Umweg
gemacht.
"
0x434c,"Umweg?
","Umweg?
"
0x4354,"Ja. Ich dachte mir, dass du eine Belohnung
verdient hast, da du so viele Mühen auf dich
genommen hast, um mich zu treffen.
","Ja. Ich dachte mir, dass du eine Belohnung
verdient hast, da du so viele Mühen auf dich
genommen hast, um mich zu treffen.
"
0x43d1,"Eine Belohnung? Was ist es?
","Eine Belohnung? Was ist es?
"
0x43ee,"Willst du das wirklich wissen?
","Willst du das wirklich wissen?
"
0x440e,"Ja.
","Ja.
"
0x4413,"Es ist ein Geheimnis.
","Es ist ein Geheimnis.
"
0x442a,"...
","...
"
0x442f,"Du wirst es erfahren, wenn ich dich hier sehe.
","Du wirst es erfahren, wenn ich dich hier sehe.
"
0x445f,"Von all dem Bergsteigen bist du doch bestimmt
erschöpft.
","Von all dem Bergsteigen bist du doch bestimmt
erschöpft.
"
0x449a,"Auf der Rückseite des Hangs liegt ein
Vorratslager. Warum besorgst du dir dort nicht
Rationen?
","Auf der Rückseite des Hangs liegt ein
Vorratslager. Warum besorgst du dir dort nicht
Rationen?
"
0x44fb,"EVA, diese Tür lässt sich nicht öffnen ...
","EVA, diese Tür lässt sich nicht öffnen ...
"
0x452a,"Natürlich nicht.
","Natürlich nicht.
"
0x453d,"Warum nicht?
","Warum nicht?
"
0x454b,"Warum? Weil es der Eingang zu dem
unterirdischen Tunnel ist, von dem ich dir
erzählt habe, du Dummerchen.
","Warum? Weil es der Eingang zu dem
unterirdischen Tunnel ist, von dem ich dir
erzählt habe, du Dummerchen.
"
0x45b7,"Hörst du denn nie zu?
","Hörst du denn nie zu?
"
0x45cf,"...
","...
"
0x45d4,"Ohne Schlüssel kannst du den Eingang nicht
öffnen.
","Ohne Schlüssel kannst du den Eingang nicht
öffnen.
"
0x460a,"Ich habe den Schlüssel. Ich gebe ihn dir, wenn
wir uns sehen. Wir treffen uns an den Ruinen
auf dem Berggipfel. Beeil dich!
","Ich habe den Schlüssel. Ich gebe ihn dir, wenn
wir uns sehen. Wir treffen uns an den Ruinen
auf dem Berggipfel. Beeil dich!
"
0x4688,"EVA?
","EVA?
"
0x468e,"Snake?
","Snake?
"
0x4696,"Es ist alles in Ordnung ...
","Es ist alles in Ordnung ...
"
0x46b3,"Hast du dir etwa Sorgen um mich gemacht?
","Hast du dir etwa Sorgen um mich gemacht?
"
0x46dd,"Ja, ohne Hilfe kann ich meinen Einsatz nicht
zu Ende führen.
","Ja, ohne Hilfe kann ich meinen Einsatz nicht
zu Ende führen.
"
0x471c,"Ich bin gerührt über deine Ehrlichkeit ...
","Ich bin gerührt über deine Ehrlichkeit ...
"
0x474a,"Mach dir keine Sorgen um mich. Mir geht es
gut. Aber ...
","Mach dir keine Sorgen um mich. Mir geht es
gut. Aber ...
"
0x4784,"Was?
","Was?
"
0x478a,"Trotzdem danke.
","Trotzdem danke.
"
0x479b,"Schon gut.
","Schon gut.
"
0x47a7,"Zurück zum Einsatz.
","Zurück zum Einsatz.
"
0x47bd,"Im Westflügel, in dem sie Sokolov festhalten,
sind die Sicherheitsvorkehrungen extrem hoch.
","Im Westflügel, in dem sie Sokolov festhalten,
sind die Sicherheitsvorkehrungen extrem hoch.
"
0x481b,"Den Westflügel dürfen nur Personen mit
Ausweis der Oberstklasse betreten.
","Den Westflügel dürfen nur Personen mit
Ausweis der Oberstklasse betreten.
"
0x4868,"Einer, der einen solchen Ausweis besitzt, ist
Major Raikov. Um in den Westflügel zu
gelangen, könntest du dich als Raikov
ausgeben.
","Einer, der einen solchen Ausweis besitzt, ist
Major Raikov. Um in den Westflügel zu
gelangen, könntest du dich als Raikov
ausgeben.
"
0x48ef,"Mache Raikov unschädlich und stiehl seine
Uniform. Du findest ihn im Ostflügel des
Waffenlabors im Zentrum von Groznyj Grad.
","Mache Raikov unschädlich und stiehl seine
Uniform. Du findest ihn im Ostflügel des
Waffenlabors im Zentrum von Groznyj Grad.
"
0x496f,"Der Ostflügel liegt nördlich von dir. Geh in
Richtung Norden.
","Der Ostflügel liegt nördlich von dir. Geh in
Richtung Norden.
"
0x49b0,"Der Ostflügel liegt nordöstlich von dir. Geh in
Richtung Nordosten.
","Der Ostflügel liegt nordöstlich von dir. Geh in
Richtung Nordosten.
"
0x49f7,"Der Ostflügel liegt östlich von dir. Geh in
Richtung Osten.
","Der Ostflügel liegt östlich von dir. Geh in
Richtung Osten.
"
0x4a36,"Du bist in der Nähe des Ostflügels. Bereite
dich aufs Eindringen vor.
","Du bist in der Nähe des Ostflügels. Bereite
dich aufs Eindringen vor.
"
0x4a7f,"Okay. Aber warum?
","Okay. Aber warum?
"
0x4a92,"Hm?
","Hm?
"
0x4a97,"Warum muss ich Raikovs Anzug stehlen? Was
ist mit der Verkleidung als Wissenschaftler ...?
","Warum muss ich Raikovs Anzug stehlen? Was
ist mit der Verkleidung als Wissenschaftler ...?
"
0x4af3,"Die funktioniert dieses Mal nicht. Raikovs
Uniform ist etwas ganz Besonderes, nur er
trägt so eine. Du musst seine stehlen.
","Die funktioniert dieses Mal nicht. Raikovs
Uniform ist etwas ganz Besonderes, nur er
trägt so eine. Du musst seine stehlen.
"
0x4b71,"Im Normalfall habe ich keine Probleme,
Männer dazu zu bringen, sich auszuziehen,
aber bei ihm wirkt es nicht.
","Im Normalfall habe ich keine Probleme,
Männer dazu zu bringen, sich auszuziehen,
aber bei ihm wirkt es nicht.
"
0x4be1,"?
","?
"
0x4be4,"Du hingegen könntest bessere Chancen bei
ihm haben.
","Du hingegen könntest bessere Chancen bei
ihm haben.
"
0x4c1a,"Was soll das denn heißen?
","Was soll das denn heißen?
"
0x4c36,"Ja, was wohl?
","Ja, was wohl?
"
0x4c45,"Jedenfalls ist deine einzige Möglichkeit, an
Raikovs Uniform zu kommen, ihn
auszuschalten und die Uniform zu stehlen. Er
ist irgendwo im Ostflügel.
","Jedenfalls ist deine einzige Möglichkeit, an
Raikovs Uniform zu kommen, ihn
auszuschalten und die Uniform zu stehlen. Er
ist irgendwo im Ostflügel.
"
0x4cdc,"Eva, zurück zu Major Raikov ...
","Eva, zurück zu Major Raikov ...
"
0x4cfe,"Ja?
","Ja?
"
0x4d03,"Du sagtest, er habe einen Ausweis der
„Oberstklasse"", nicht wahr?
","Du sagtest, er habe einen Ausweis der
„Oberstklasse"", nicht wahr?
"
0x4d48,"Ja.
","Ja.
"
0x4d4d,"Aber er hat doch den Dienstgrad eines Majors.
Wie kann er dann einen Ausweis der
„Oberstklasse"" haben?
","Aber er hat doch den Dienstgrad eines Majors.
Wie kann er dann einen Ausweis der
„Oberstklasse"" haben?
"
0x4db7,"Raikov wird so behandelt, als habe er den
gleichen Dienstgrad wie Oberst Volgin.
","Raikov wird so behandelt, als habe er den
gleichen Dienstgrad wie Oberst Volgin.
"
0x4e09,"Den gleichen Dienstgrad?
","Den gleichen Dienstgrad?
"
0x4e23,"Ja.
","Ja.
"
0x4e28,"Und das, obwohl er nur Major ist?
","Und das, obwohl er nur Major ist?
"
0x4e4b,"Genau.
","Genau.
"
0x4e53,"Warum?
","Warum?
"
0x4e5b,"Weißt du es denn nicht?
","Weißt du es denn nicht?
"
0x4e75,"Nein.
","Nein.
"
0x4e7c,"Selbst nach dem Foto?
","Selbst nach dem Foto?
"
0x4e93,"Nöö.
","Nöö.
"
0x4e9b,"Du bist nicht gerade mit einer schnellen
Auffassungsgabe gesegnet, was?
","Du bist nicht gerade mit einer schnellen
Auffassungsgabe gesegnet, was?
"
0x4ee4,"Wovon redest du?
","Wovon redest du?
"
0x4ef6,"Denk mal drüber nach.
","Denk mal drüber nach.
"
0x4f0e,"Warte mal ...
","Warte mal ...
"
0x4f1d,"Ich muss Schluss machen.
","Ich muss Schluss machen.
"
0x4f37,"Übrigens, Snake ...
","Übrigens, Snake ...
"
0x4f4d,"Was?
","Was?
"
0x4f53,"Warum isst du es nicht?
","Warum isst du es nicht?
"
0x4f6c,"Wovon redest du?
","Wovon redest du?
"
0x4f7e,"Instantnudeln. Warum isst du sie nicht?
","Instantnudeln. Warum isst du sie nicht?
"
0x4fa7,"Muss ich?
","Muss ich?
"
0x4fb2,"Natürlich.
","Natürlich.
"
0x4fbf,"Warum?
","Warum?
"
0x4fc7,"Weil es ein Geschenk von mir ist.
","Weil es ein Geschenk von mir ist.
"
0x4fea,"...
","...
"
0x4fef,"Du wusstest es vermutlich nicht, aber
Instantnudeln sind bei den Truppen hier in
Groznyj Grad sehr beliebt.
","Du wusstest es vermutlich nicht, aber
Instantnudeln sind bei den Truppen hier in
Groznyj Grad sehr beliebt.
"
0x505c,"Es war gar nicht so einfach, etwas davon zu
bekommen. Und ich habe sogar drei ganze
Portionen ergattert ...
","Es war gar nicht so einfach, etwas davon zu
bekommen. Und ich habe sogar drei ganze
Portionen ergattert ...
"
0x50c9,"Drei? Aber du hast mir doch nur zwei
gegeben ...
","Drei? Aber du hast mir doch nur zwei
gegeben ...
"
0x50fb,"Ah...
","Ah...
"
0x5102,"Aber das spielt auch keine Rolle. Wichtig ist,
dass du es isst. Sonst ...
","Aber das spielt auch keine Rolle. Wichtig ist,
dass du es isst. Sonst ...
"
0x514d,"Ohne Waffen oder Ausrüstung kannst du
deinen Einsatz nicht fortsetzen.
","Ohne Waffen oder Ausrüstung kannst du
deinen Einsatz nicht fortsetzen.
"
0x5196,"Ich habe alles, was du besitzt, bei mir. Treffen
wir uns vor der Festung.
","Ich habe alles, was du besitzt, bei mir. Treffen
wir uns vor der Festung.
"
0x51e1,"Im nordwestlichen Abschnitt der Festung
findest du einen offenen Schacht.
","Im nordwestlichen Abschnitt der Festung
findest du einen offenen Schacht.
"
0x522c,"Klettere ihn hinunter bis in die
Abwasserkanäle. So gelangst du aus Groznyj
Grad heraus.
","Klettere ihn hinunter bis in die
Abwasserkanäle. So gelangst du aus Groznyj
Grad heraus.
"
0x5287,"Um zum Schacht zu gelangen, unterquerst du
den Korridor, der zum Westflügel führt, und
gehst dann nach Norden.
","Um zum Schacht zu gelangen, unterquerst du
den Korridor, der zum Westflügel führt, und
gehst dann nach Norden.
"
0x52f9,"Es wird nicht lange dauern, bevor Volgin und
seine Männer deine Abwesenheit bemerken.
Klettere den Schacht hinunter, bevor sie dich
finden.
","Es wird nicht lange dauern, bevor Volgin und
seine Männer deine Abwesenheit bemerken.
Klettere den Schacht hinunter, bevor sie dich
finden.
"
0x5387,"EVA, du hast doch nicht etwa ... einen Teil
meiner Ausrüstung verloren, oder?
","EVA, du hast doch nicht etwa ... einen Teil
meiner Ausrüstung verloren, oder?
"
0x53d7,"Was ist, vertraust du mir nicht?
","Was ist, vertraust du mir nicht?
"
0x53f9,"Das ist es nicht, nur ...
","Das ist es nicht, nur ...
"
0x5414,"Reg dich nicht auf. Ich habe nichts
weggeworfen.
","Reg dich nicht auf. Ich habe nichts
weggeworfen.
"
0x5446,"Nicht einmal jenes literarische Werk ...
","Nicht einmal jenes literarische Werk ...
"
0x5470,"!!
","!!
"
0x5474,"Wirklich, mitten im Einsatz ...
","Wirklich, mitten im Einsatz ...
"
0x5495,"Ich ... das ...
","Ich ... das ...
"
0x54a6,"Ich weiß. Gott, du hättest doch nur ein Wort
sagen müssen, ich hätte dir doch geholfen.
","Ich weiß. Gott, du hättest doch nur ein Wort
sagen müssen, ich hätte dir doch geholfen.
"
0x5503,"Was!?
","Was!?
"
0x550a,"Den Feind abzulenken ...
","Den Feind abzulenken ...
"
0x5524,"Oh ...
","Oh ...
"
0x552c,"Snake, tut mir Leid. Der Feind hat den
Fluchtweg, den ich vorgesehen hatte,
abgeschnitten.
","Snake, tut mir Leid. Der Feind hat den
Fluchtweg, den ich vorgesehen hatte,
abgeschnitten.
"
0x5588,"Er hat bereits Truppen entsandt, die dich
aufspüren sollen. Ausgerüstet mit
Kampfhunden ...
","Er hat bereits Truppen entsandt, die dich
aufspüren sollen. Ausgerüstet mit
Kampfhunden ...
"
0x55e7,"Es gibt einen Ausgang aus den
Abwasserkanälen. Er liegt im Norden. Lauf
nach Norden, so schnell du kannst!
","Es gibt einen Ausgang aus den
Abwasserkanälen. Er liegt im Norden. Lauf
nach Norden, so schnell du kannst!
"
0x5654,"An den Eisengittern, welche die Korridore
versperren, kommst du nicht vorbei.
","An den Eisengittern, welche die Korridore
versperren, kommst du nicht vorbei.
"
0x56a3,"Doch die Korridore sind durch viele
Seitengänge miteinander verbunden. Krieche
hindurch, um die Eisengitter zu umgehen.
","Doch die Korridore sind durch viele
Seitengänge miteinander verbunden. Krieche
hindurch, um die Eisengitter zu umgehen.
"
0x571d,"Das Gebiet heißt Tikhogornyj, was auf
Russisch soviel bedeutet wie „stiller
Bergkamm"".
","Das Gebiet heißt Tikhogornyj, was auf
Russisch soviel bedeutet wie „stiller
Bergkamm"".
"
0x5778,"Wie der Name schon sagt ist es das schönste
Flussufer in der Gegend um Groznyj Grad.
","Wie der Name schon sagt ist es das schönste
Flussufer in der Gegend um Groznyj Grad.
"
0x57cf,"Halte dich stromaufwärts, so gelangst du zu
einem Wasserfall. Ich treffe dich in der Höhle
hinter diesem Wasserfall. Geh stromaufwärts.
","Halte dich stromaufwärts, so gelangst du zu
einem Wasserfall. Ich treffe dich in der Höhle
hinter diesem Wasserfall. Geh stromaufwärts.
"
0x585b,"Snake, wirst du vom Feind verfolgt?
","Snake, wirst du vom Feind verfolgt?
"
0x5880,"Ja, es sind schon wieder diese Ocelots.
","Ja, es sind schon wieder diese Ocelots.
"
0x58a9,"Sie hätten dich eigentlich nicht so schnell
finden dürfen. Es ist fast so, als würden sie
deine Position genau kennen ...
","Sie hätten dich eigentlich nicht so schnell
finden dürfen. Es ist fast so, als würden sie
deine Position genau kennen ...
"
0x5927,"Aber eile jetzt zum Wasserfall. Wenn wir uns
treffen, können wir etwas gegen deine
Verfolger unternehmen. Halte dich weiter
stromaufwärts!
","Aber eile jetzt zum Wasserfall. Wenn wir uns
treffen, können wir etwas gegen deine
Verfolger unternehmen. Halte dich weiter
stromaufwärts!
"
0x59b5,"Am Ende der Höhle, hinter dem Wasserfall,
lehnt eine Leiter, die dich in die Festung führt.
Geh ans Ende der Höhle.
","Am Ende der Höhle, hinter dem Wasserfall,
lehnt eine Leiter, die dich in die Festung führt.
Geh ans Ende der Höhle.
"
0x5a2d,"EVA, der Inhalt des Rucksacks, den du für
mich zurückgeholt hast ...
","EVA, der Inhalt des Rucksacks, den du für
mich zurückgeholt hast ...
"
0x5a75,"Stimmt etwas damit nicht?
","Stimmt etwas damit nicht?
"
0x5a90,"Das ganze Essen ist weg.
","Das ganze Essen ist weg.
"
0x5aaa,"Oh.
","Oh.
"
0x5aaf,"Hast du es gegessen?
","Hast du es gegessen?
"
0x5ac5,"Natürlich nicht! Warum sollte ich?
","Natürlich nicht! Warum sollte ich?
"
0x5aea,"Wer dann?
","Wer dann?
"
0x5af5,"Fehlt etwas?
","Fehlt etwas?
"
0x5b03,"Ja, das ganze Essen.
","Ja, das ganze Essen.
"
0x5b19,"Merkwürdig ...
","Merkwürdig ...
"
0x5b2a,"Du hast doch wohl nicht ...
","Du hast doch wohl nicht ...
"
0x5b47,"Ich war es nicht!
","Ich war es nicht!
"
0x5b5a,"...
","...
"
0x5b5f,"Die ganzen Schlangen, Krokodile und
verdächtig aussehenden Pilze ... Die würde ich
nicht für eine Million essen!
","Die ganzen Schlangen, Krokodile und
verdächtig aussehenden Pilze ... Die würde ich
nicht für eine Million essen!
"
0x5bd4,"Was ist mit den Instantnudeln?
","Was ist mit den Instantnudeln?
"
0x5bf4,"...
","...
"
0x5bf9,"EVA ...
","EVA ...
"
0x5c02,"Ich hatte Hunger, okay!? Was soll die
Aufregung! Es war doch nur eine kleine Portion
Nudeln ...
","Ich hatte Hunger, okay!? Was soll die
Aufregung! Es war doch nur eine kleine Portion
Nudeln ...
"
0x5c63,"Es waren nicht nur die Nudeln. All die Tiere,
die ich so mühsam erlegt hatte ...
","Es waren nicht nur die Nudeln. All die Tiere,
die ich so mühsam erlegt hatte ...
"
0x5cb6,"Das war ich nicht.
","Das war ich nicht.
"
0x5cca,"Wer dann?
","Wer dann?
"
0x5cd5,"Ocelot.
","Ocelot.
"
0x5cde,"Ocelot?
","Ocelot?
"
0x5ce7,"Er sagte, er wolle das Gleiche essen wie du.
","Er sagte, er wolle das Gleiche essen wie du.
"
0x5d15,"Wieso denn das?
","Wieso denn das?
"
0x5d26,"Kannst du es dir nicht denken?
","Kannst du es dir nicht denken?
"
0x5d46,"Nein.
","Nein.
"
0x5d4d,"Du bist aber begriffsstutzig.
","Du bist aber begriffsstutzig.
"
0x5d6c,"...???
","...???
"
0x5d74,"EVA, die 45er und die MK-22, die du mir
gezeigt hast ...
","EVA, die 45er und die MK-22, die du mir
gezeigt hast ...
"
0x5dae,"Ja?
","Ja?
"
0x5db3,"Du sagtest doch, du hättest sie aus einem
Gewölbe voller westlicher Waffen, oder?
","Du sagtest doch, du hättest sie aus einem
Gewölbe voller westlicher Waffen, oder?
"
0x5e08,"Genau.
","Genau.
"
0x5e10,"EVA, dieser Sprengstoff ...
","EVA, dieser Sprengstoff ...
"
0x5e2d,"Das C3?
","Das C3?
"
0x5e36,"Ja. Wurde dieses Zeug nicht in den
Vereinigten Staaten entwickelt?
","Ja. Wurde dieses Zeug nicht in den
Vereinigten Staaten entwickelt?
"
0x5e7a,"Ja.
","Ja.
"
0x5e7f,"Woher hast du es dann?
","Woher hast du es dann?
"
0x5e97,"Dort ist ein Gewölbe voller westlicher Waffen,
die für Forschungszwecke verwendet werden.
","Dort ist ein Gewölbe voller westlicher Waffen,
die für Forschungszwecke verwendet werden.
"
0x5ef4,"Und daher hast du sie gestohlen?
","Und daher hast du sie gestohlen?
"
0x5f16,"Ja.
","Ja.
"
0x5f1b,"Wie? Ein Gewölbe voll von geheimer
westlicher Technologie wird doch sicher streng
bewacht.
","Wie? Ein Gewölbe voll von geheimer
westlicher Technologie wird doch sicher streng
bewacht.
"
0x5f78,"Willst du es wirklich wissen?
","Willst du es wirklich wissen?
"
0x5f97,"Ja.
","Ja.
"
0x5f9c,"Wirklich?
","Wirklich?
"
0x5fa7,"Ja.
","Ja.
"
0x5fac,"Aber ich verrate es dir nicht.
","Aber ich verrate es dir nicht.
"
0x5fcc,"Warum nicht?
","Warum nicht?
"
0x5fda,"Es wäre Zeitverschwendung.
","Es wäre Zeitverschwendung.
"
0x5ff7,"Zeitverschwendung?
","Zeitverschwendung?
"
0x600b,"Selbst wenn ich es dir erklären würde,
könntest du es doch nie selbst tun.
","Selbst wenn ich es dir erklären würde,
könntest du es doch nie selbst tun.
"
0x605a,"Was soll das heißen?
","Was soll das heißen?
"
0x6071,"Genau das, was ich sage.
","Genau das, was ich sage.
"
0x608b,"EVA, was ist mit Ocelot geschehen?
","EVA, was ist mit Ocelot geschehen?
"
0x60af,"Du kannst wohl nicht genug von ihm
bekommen, was?
","Du kannst wohl nicht genug von ihm
bekommen, was?
"
0x60e2,"Er traut dir nicht.
","Er traut dir nicht.
"
0x60f7,"Ich weiß. Du machst dir also Sorgen um mich?
","Ich weiß. Du machst dir also Sorgen um mich?
"
0x6126,"EVA ...
","EVA ...
"
0x612f,"Ich habe alles in der Hand. Ich weiß, wie ich
mit ihm umgehen muss.
","Ich habe alles in der Hand. Ich weiß, wie ich
mit ihm umgehen muss.
"
0x6175,"Außerdem hat er momentan jemand anderen
im Kopf, glaube ich.
","Außerdem hat er momentan jemand anderen
im Kopf, glaube ich.
"
0x61b4,"?
","?
"
0x61b7,"Denk mal drüber nach.
","Denk mal drüber nach.
"
0x61cf,"EVA, die Shagohod-Daten, die du von Sokolov
bekommen hast ...
","EVA, die Shagohod-Daten, die du von Sokolov
bekommen hast ...
"
0x620e,"Jaaaah.
","Jaaaah.
"
0x6217,"Willst du die wirklich an Chruschtschow
weitergeben?
","Willst du die wirklich an Chruschtschow
weitergeben?
"
0x624d,"Glaubst du, ich werde dir diese Frage
beantworten?
","Glaubst du, ich werde dir diese Frage
beantworten?
"
0x6281,"Ich weiß, dass ich eine Antwort möchte.
","Ich weiß, dass ich eine Antwort möchte.
"
0x62ac,"Du bittest mich um etwas, was ich dir nicht
geben kann.
","Du bittest mich um etwas, was ich dir nicht
geben kann.
"
0x62e5,"...
","...
"
0x62ea,"Snake, ich muss genau wie du einen Einsatz
ausführen. Bitte, du musst das verstehen ...
","Snake, ich muss genau wie du einen Einsatz
ausführen. Bitte, du musst das verstehen ...
"
0x6344,"...
","...
"
0x6349,"EVA, hast du nicht ein Foto von mir gemacht,
als ich die Höhle hinter dem Wasserfall
verließ?
","EVA, hast du nicht ein Foto von mir gemacht,
als ich die Höhle hinter dem Wasserfall
verließ?
"
0x63aa,"Ach das. Das ist eine knopfförmige verborgene
Kamera, die der KGB entwickelt hat.
","Ach das. Das ist eine knopfförmige verborgene
Kamera, die der KGB entwickelt hat.
"
0x63fe,"Ich fotografiere damit die Festung, den
Shagohod und ...
","Ich fotografiere damit die Festung, den
Shagohod und ...
"
0x6438,"Das wollte ich nicht wissen. Warum hast du
mich fotografiert?
","Das wollte ich nicht wissen. Warum hast du
mich fotografiert?
"
0x6477,"Ich wollte ein Bild von dir.
","Ich wollte ein Bild von dir.
"
0x6495,"...
","...
"
0x649a,"... Wenn ich es dir sage, würdest du es mir
glauben?
","... Wenn ich es dir sage, würdest du es mir
glauben?
"
0x64d1,"...
","...
"
0x64d6,"Der Shagohod steht im Hangar des
Hauptflügels im Waffenlabor.
","Der Shagohod steht im Hangar des
Hauptflügels im Waffenlabor.
"
0x6516,"Du gelangst durch die Tür am Eingang zum
Hauptflügel in den Hangar. Der Eingang
befindet sich in der zweiten Etage des
Ostflügels.
","Du gelangst durch die Tür am Eingang zum
Hauptflügel in den Hangar. Der Eingang
befindet sich in der zweiten Etage des
Ostflügels.
"
0x659d,"Beeil dich!
","Beeil dich!
"
0x65aa,"Snake, sie wissen, dass du dich beim letzten
Eindringen als Raikov verkleidet hast.
","Snake, sie wissen, dass du dich beim letzten
Eindringen als Raikov verkleidet hast.
"
0x65ff,"Außerdem hast du die Kopfbedeckung
verloren, da würde die Verkleidung ohnehin
nichts mehr nutzen.
","Außerdem hast du die Kopfbedeckung
verloren, da würde die Verkleidung ohnehin
nichts mehr nutzen.
"
0x6664,"EVA, wie steht's bei dir?
","EVA, wie steht's bei dir?
"
0x667f,"Ich bin auf dem Weg zur Eisenbahnbrücke.
","Ich bin auf dem Weg zur Eisenbahnbrücke.
"
0x66aa,"Okay. Wenn du das C3 auf der Brücke
platziert hast ...
","Okay. Wenn du das C3 auf der Brücke
platziert hast ...
"
0x66e3,"Ich kenne den Plan. Wir treffen uns am See.
Konzentrier auch du dich auf deinen Einsatz.
","Ich kenne den Plan. Wir treffen uns am See.
Konzentrier auch du dich auf deinen Einsatz.
"
0x673d,"Der Wald wird Dremuchij genannt. Das
bedeutet „der unberührte Wald"" auf Russisch.
","Der Wald wird Dremuchij genannt. Das
bedeutet „der unberührte Wald"" auf Russisch.
"
0x6793,"Der Name sagt alles aus - Dremuchij ist ein
Dschungel am äußersten Rand von
Tselinoyarsk, der völlig unberührt ist.
","Der Name sagt alles aus - Dremuchij ist ein
Dschungel am äußersten Rand von
Tselinoyarsk, der völlig unberührt ist.
"
0x680c,"Der Urwald ist für größere Truppenkontingente
undurchdringlich. So bietet er eine natürliche
Verteidigung.
","Der Urwald ist für größere Truppenkontingente
undurchdringlich. So bietet er eine natürliche
Verteidigung.
"
0x687c,"Aus diesem Grund wurden Sokolovs
Forschungseinrichtung und Groznyj Grad hier
errichtet.
","Aus diesem Grund wurden Sokolovs
Forschungseinrichtung und Groznyj Grad hier
errichtet.
"
0x68d5,"... Aber was machst du eigentlich dort
draußen? Du willst doch wohl nicht deinen
Einsatz aufgeben, oder?
","... Aber was machst du eigentlich dort
draußen? Du willst doch wohl nicht deinen
Einsatz aufgeben, oder?
"
0x6940,"Geh wieder in Richtung Norden.
","Geh wieder in Richtung Norden.
"
0x6960,"Das Gebiet heißt Dolinovodno. Das bedeutet
„Wald des Canyon"".
","Das Gebiet heißt Dolinovodno. Das bedeutet
„Wald des Canyon"".
"
0x69a2,"Vermutlich rührt der Name von der Schlucht
her, die den Dschungel zweiteilt.
","Vermutlich rührt der Name von der Schlucht
her, die den Dschungel zweiteilt.
"
0x69f1,"Die Hängebrücke in der Mitte wurde in aller
Eile errichtet, damit die Soldaten in Dremuchij
patrouillieren können.
","Die Hängebrücke in der Mitte wurde in aller
Eile errichtet, damit die Soldaten in Dremuchij
patrouillieren können.
"
0x6a68,"Apropos, was machst du da draußen? Kehr
sofort wieder nach Norden zurück.
","Apropos, was machst du da draußen? Kehr
sofort wieder nach Norden zurück.
"
0x6ab5,"Das Gebiet heißt Rassvet. Auf Russisch
bedeutet es „Morgengrauen"".
","Das Gebiet heißt Rassvet. Auf Russisch
bedeutet es „Morgengrauen"".
"
0x6afc,"Das Gebiet erhielt seinen Namen zu der Zeit,
als das Werk erbaut wurde.
","Das Gebiet erhielt seinen Namen zu der Zeit,
als das Werk erbaut wurde.
"
0x6b45,"Doch das Werk wurde geschlossen, und
Tselinoyarsk erstand neu als geheimes
Forschungszentrum und militärische Festung.
","Doch das Werk wurde geschlossen, und
Tselinoyarsk erstand neu als geheimes
Forschungszentrum und militärische Festung.
"
0x6bbe,"Der Name Groznyj Grad bedeutet „die
schreckliche Festung"".
","Der Name Groznyj Grad bedeutet „die
schreckliche Festung"".
"
0x6bfc,"Und genau das ist sie auch - ein
undurchdringliches Monster von Festung, das
mit dem schier endlosen Reichtum Oberst
Volgins geschaffen wurde.
","Und genau das ist sie auch - ein
undurchdringliches Monster von Festung, das
mit dem schier endlosen Reichtum Oberst
Volgins geschaffen wurde.
"
0x6c8c,"Im Zentrum der Festung befindet sich ein
Waffenlabor, das als Nervenzentrum der
Anlage dient.
","Im Zentrum der Festung befindet sich ein
Waffenlabor, das als Nervenzentrum der
Anlage dient.
"
0x6ceb,"Im Südosten gibt es ein Gefängnis, im
Nordwesten ein Waffenarsenal und im
Nordosten ein Vorratslager.
","Im Südosten gibt es ein Gefängnis, im
Nordwesten ein Waffenarsenal und im
Nordosten ein Vorratslager.
"
0x6d54,"Im zentralen Waffenlabor führen Granin,
Sokolov und die anderen Wissenschaftler ihre
Hitech-Waffenforschung durch.
","Im zentralen Waffenlabor führen Granin,
Sokolov und die anderen Wissenschaftler ihre
Hitech-Waffenforschung durch.
"
0x6dc9,"Das Fluggefährt und der Kampfhubschrauber,
die du gesehen hast, sind zwei ihrer
Errungenschaften.
","Das Fluggefährt und der Kampfhubschrauber,
die du gesehen hast, sind zwei ihrer
Errungenschaften.
"
0x6e2d,"Und jetzt stehen die Arbeiten am Shagohod
kurz vor dem Abschluss.
","Und jetzt stehen die Arbeiten am Shagohod
kurz vor dem Abschluss.
"
0x6e70,"Er wird nicht umsonst „die schreckliche
Festung"" genannt.
","Er wird nicht umsonst „die schreckliche
Festung"" genannt.
"
0x6ead,"Snake, tut mir Leid. Ich habe vergessen zu
sagen, dass Kampfhunde das Gebiet
kontrollieren.
","Snake, tut mir Leid. Ich habe vergessen zu
sagen, dass Kampfhunde das Gebiet
kontrollieren.
"
0x6f0a,"Wenn sie dich finden, dann gnade dir Gott.
","Wenn sie dich finden, dann gnade dir Gott.
"
0x6f36,"Kampfhunde sind zum Kämpfen ausgebildet,
du wirst sie nicht so einfach abschütteln
können.
","Kampfhunde sind zum Kämpfen ausgebildet,
du wirst sie nicht so einfach abschütteln
können.
"
0x6f95,"Wenn sie dich anbellen, wissen in der Nähe
befindliche Patrouillen von deiner Anwesenheit.
","Wenn sie dich anbellen, wissen in der Nähe
befindliche Patrouillen von deiner Anwesenheit.
"
0x6ff2,"Lass dich von diesen Hunden nicht entdecken.
","Lass dich von diesen Hunden nicht entdecken.
"
0x7020,"Unterschätze Ocelot nicht. Wegrennen nutzt da
nichts.
","Unterschätze Ocelot nicht. Wegrennen nutzt da
nichts.
"
0x7058,"Du kannst deinen Einsatz nur fortsetzen, wenn
du ihn besiegst.
","Du kannst deinen Einsatz nur fortsetzen, wenn
du ihn besiegst.
"
0x7098,"Es heißt, Ocelot könne durch Querschläger
Ziele treffen, die sich in Deckung befinden.
Sich hinter Felsen oder Bäumen zu verstecken,
nutzt also nichts..
","Es heißt, Ocelot könne durch Querschläger
Ziele treffen, die sich in Deckung befinden.
Sich hinter Felsen oder Bäumen zu verstecken,
nutzt also nichts..
"
0x7136,"Wenn du zu lange an der gleichen Stelle
bleibst, wirst du ein einfaches Ziel. Bleib nicht
stehen - beweg dich!
","Wenn du zu lange an der gleichen Stelle
bleibst, wirst du ein einfaches Ziel. Bleib nicht
stehen - beweg dich!
"
0x71a6,"Ich weiß nicht warum, aber Ocelot scheint
seine Kappe sehr zu mögen.
","Ich weiß nicht warum, aber Ocelot scheint
seine Kappe sehr zu mögen.
"
0x71ee,"Vielleicht passt er einen Moment nicht auf,
wenn du ihm die Kappe vom Kopf schießt.
","Vielleicht passt er einen Moment nicht auf,
wenn du ihm die Kappe vom Kopf schießt.
"
0x7244,"Soldaten der Ocelot-Einheit haben alle
Ausgänge blockiert. Sie sind Ocelot treu
ergeben.
","Soldaten der Ocelot-Einheit haben alle
Ausgänge blockiert. Sie sind Ocelot treu
ergeben.
"
0x729f,"Selbst wenn Ocelot ihnen befehlen würde, sich
aus dem Kampf herauszuhalten, könnten sie
eingreifen, wenn er sich in Gefahr befindet.
","Selbst wenn Ocelot ihnen befehlen würde, sich
aus dem Kampf herauszuhalten, könnten sie
eingreifen, wenn er sich in Gefahr befindet.
"
0x7327,"Wenn du von einem Ocelot-Soldaten
angegriffen wirst, wehre dich mit einer Granate
oder ähnlichem!
","Wenn du von einem Ocelot-Soldaten
angegriffen wirst, wehre dich mit einer Granate
oder ähnlichem!
"
0x738b,"The Pain hat totale Kontrolle über
Hornissenschwärme.
","The Pain hat totale Kontrolle über
Hornissenschwärme.
"
0x73c4,"Achte auf seine Hornissenangriffe!
","Achte auf seine Hornissenangriffe!
"
0x73e8,"Aber selbst The Pains besonderer
Hornissenschwarm kann dir unter nicht Wasser
folgen.
","Aber selbst The Pains besonderer
Hornissenschwarm kann dir unter nicht Wasser
folgen.
"
0x743f,"Du bist doch ein guter Schwimmer, oder?
Wenn dich Hornissen nicht in Ruhe lassen,
tauche einfach ab!
","Du bist doch ein guter Schwimmer, oder?
Wenn dich Hornissen nicht in Ruhe lassen,
tauche einfach ab!
"
0x74a5,"Wenn du das Gebiet im Norden durchquerst,
gelangst du zum Aquädukt.
","Wenn du das Gebiet im Norden durchquerst,
gelangst du zum Aquädukt.
"
0x74eb,"Aber Vorsicht - am Aquädukt patrouillieren
fliegende Plattformen.
","Aber Vorsicht - am Aquädukt patrouillieren
fliegende Plattformen.
"
0x752f,"Fliegende Plattformen?
","Fliegende Plattformen?
"
0x7547,"Schwebende Soldaten.
","Schwebende Soldaten.
"
0x755d,"Ich habe davon gehört, aber ...
","Ich habe davon gehört, aber ...
"
0x757f,"Hier gibt es sie bereits. Das zeigt, dass
Amerika nicht immer die Nummer eins ist.
","Hier gibt es sie bereits. Das zeigt, dass
Amerika nicht immer die Nummer eins ist.
"
0x75d3,"Ich habe gehört, dass sie ein
Scharfschützengewehr in den westlichen Teil
von Ponizovje gebracht haben,
","Ich habe gehört, dass sie ein
Scharfschützengewehr in den westlichen Teil
von Ponizovje gebracht haben,
"
0x763e,"zum Aquädukt am anderen Höhlenausgang.
","zum Aquädukt am anderen Höhlenausgang.
"
0x7668,"Wenn du das Aquädukt erreichst, solltest du
vielleicht dorthin gehen und nachsehen.
","Wenn du das Aquädukt erreichst, solltest du
vielleicht dorthin gehen und nachsehen.
"
0x76be,"Ich weiß, es ist kaum zu glauben, aber The
End ist angeblich zur Fotosynthese fähig.
","Ich weiß, es ist kaum zu glauben, aber The
End ist angeblich zur Fotosynthese fähig.
"
0x7716,"In Bezug auf Ausdauer ist er dir vermutlich
überlegen.
","In Bezug auf Ausdauer ist er dir vermutlich
überlegen.
"
0x774f,"Du solltest schon mal Tiere und Pflanzen
suchen und dich auf einen Zermürbungskampf
einstellen.
","Du solltest schon mal Tiere und Pflanzen
suchen und dich auf einen Zermürbungskampf
einstellen.
"
0x77b1,"Im Süden von Sokrovenno steht ein
Waffenlager. Wenn dir die Munition ausgeht,
kannst du dort Nachschub holen.
","Im Süden von Sokrovenno steht ein
Waffenlager. Wenn dir die Munition ausgeht,
kannst du dort Nachschub holen.
"
0x7821,"Aber aufgepasst - The End könnte dir dort
auflauern!
","Aber aufgepasst - The End könnte dir dort
auflauern!
"
0x7858,"Ohne Scharfschützengewehr kommst du kaum
gegen The End an!
","Ohne Scharfschützengewehr kommst du kaum
gegen The End an!
"
0x7895,"Im Süden von Sokrovenno findest du eine
SVD. Hol sie dir!
","Im Süden von Sokrovenno findest du eine
SVD. Hol sie dir!
"
0x78d1,"Snake, ist alles in Ordnung?
","Snake, ist alles in Ordnung?
"
0x78ef,"Ja ... Was ist passiert?
","Ja ... Was ist passiert?
"
0x7909,"The End hat dich mit einem Betäubungspfeil
getroffen. Du warst bewusstlos.
","The End hat dich mit einem Betäubungspfeil
getroffen. Du warst bewusstlos.
"
0x7956,"Uh huh. Und dann?
","Uh huh. Und dann?
"
0x7969,"The End trug dich bewusstlos zum Labor und
ließ dich dort liegen.
","The End trug dich bewusstlos zum Labor und
ließ dich dort liegen.
"
0x79ad,"Das hat The End getan?
","Das hat The End getan?
"
0x79c5,"Ja.
","Ja.
"
0x79ca,"Warum? Warum verschonte er mein Leben?
","Warum? Warum verschonte er mein Leben?
"
0x79f2,"... Vielleicht ... vielleicht wartet er noch.
","... Vielleicht ... vielleicht wartet er noch.
"
0x7a21,"Wartet?
","Wartet?
"
0x7a2a,"Ja. Vielleicht wartet er darauf, dass du ihm das
wahre Ende zeigst.
","Ja. Vielleicht wartet er darauf, dass du ihm das
wahre Ende zeigst.
"
0x7a6f,"...
","...
"
0x7a74,"The End lauert dir sicher noch im Wald von
Sokrovenno auf.
","The End lauert dir sicher noch im Wald von
Sokrovenno auf.
"
0x7ab0,"Erst wenn du ihn besiegst, kannst du mit
deinem Einsatz fortfahren.
","Erst wenn du ihn besiegst, kannst du mit
deinem Einsatz fortfahren.
"
0x7af5,"Kehre nach Sokrovenno zurück. Schlage The
End.
","Kehre nach Sokrovenno zurück. Schlage The
End.
"
0x7b26,"Der Eingang des Schachts, der dich in die
Berge führt, liegt im Nordosten des nördlichen
Bereichs.
","Der Eingang des Schachts, der dich in die
Berge führt, liegt im Nordosten des nördlichen
Bereichs.
"
0x7b8c,"Eliminiere die Ocelots und geh zu dem
Schacht!
","Eliminiere die Ocelots und geh zu dem
Schacht!
"
0x7bbc,"Die Ocelots sind eine aus den Reihen von
Spetsnaz, den Sondereinsatztruppen des GRU,
ausgewählte Eliteeinheit.
","Die Ocelots sind eine aus den Reihen von
Spetsnaz, den Sondereinsatztruppen des GRU,
ausgewählte Eliteeinheit.
"
0x7c2d,"Natürlich sind ihre Kampftechniken erstklassig.
","Natürlich sind ihre Kampftechniken erstklassig.
"
0x7c5f,"Sie sind vorzügliche Schützen - ein Treffer,
und du bist vermutlich schwer verwundet.
","Sie sind vorzügliche Schützen - ein Treffer,
und du bist vermutlich schwer verwundet.
"
0x7cb8,"Lass dich auf keinen direkten Kampf ein. Wenn
sie in der Überzahl sind und dich umzingeln,
hast du keine Chance.
","Lass dich auf keinen direkten Kampf ein. Wenn
sie in der Überzahl sind und dich umzingeln,
hast du keine Chance.
"
0x7d2b,"Nutze deine Tarnung, um dich vor ihnen zu
verbergen, und halte dich in Bewegung!
","Nutze deine Tarnung, um dich vor ihnen zu
verbergen, und halte dich in Bewegung!
"
0x7d7d,"... Ich sehe nichts.
","... Ich sehe nichts.
"
0x7d93,"Nein?
","Nein?
"
0x7d9a,"Nein.
","Nein.
"
0x7da1,"Du musst ihn übersehen haben. Schau noch
einmal nach.
","Du musst ihn übersehen haben. Schau noch
einmal nach.
"
0x7dd9,"... Nein. Hier ist nichts.
","... Nein. Hier ist nichts.
"
0x7df5,"Vielleicht war es der, den du am
Hubschrauberlandeplatz zerstört hast. Im
nächsten Gebiet wird aber sicher einer
patrouillieren.
","Vielleicht war es der, den du am
Hubschrauberlandeplatz zerstört hast. Im
nächsten Gebiet wird aber sicher einer
patrouillieren.
"
0x7e79,"...
","...
"
0x7e7e,"Ehrlich.
","Ehrlich.
"
0x7e88,"Snake, wie ich schon sagte: In dem Gebiet
wird ein Kampfhubschrauber eingesetzt.
","Snake, wie ich schon sagte: In dem Gebiet
wird ein Kampfhubschrauber eingesetzt.
"
0x7eda,"Sieht so aus ...
","Sieht so aus ...
"
0x7eec,"Du hast den Ostflügel erreicht. Gut. Raikov
befindet sich irgendwo in dem Gebäude.
","Du hast den Ostflügel erreicht. Gut. Raikov
befindet sich irgendwo in dem Gebäude.
"
0x7f42,"Du weißt doch, wie er aussieht, oder? Wenn
du ihn findest, stiehl seine Uniform.
","Du weißt doch, wie er aussieht, oder? Wenn
du ihn findest, stiehl seine Uniform.
"
0x7f95,"Aber so wie du aussiehst, entdeckt dich der
Feind lange, bevor du Raikov findest. Verkleide
dich als Wissenschaftler.
","Aber so wie du aussiehst, entdeckt dich der
Feind lange, bevor du Raikov findest. Verkleide
dich als Wissenschaftler.
"
0x800c,"Im Ostflügel arbeiten auch Wissenschaftler.
Fast alle wurden gegen ihren Willen hierher
gebracht, wie Sokolov.
","Im Ostflügel arbeiten auch Wissenschaftler.
Fast alle wurden gegen ihren Willen hierher
gebracht, wie Sokolov.
"
0x807d,"Sie würden dich vermutlich nicht angreifen,
wenn sie dich sehen,
","Sie würden dich vermutlich nicht angreifen,
wenn sie dich sehen,
"
0x80c0,"doch es könnte Ärger geben, falls sie um Hilfe
schreien oder die Alarmschalter an den
Wänden drücken.
","doch es könnte Ärger geben, falls sie um Hilfe
schreien oder die Alarmschalter an den
Wänden drücken.
"
0x812b,"Also achte auf Wissenschaftler ebenso wie auf
Feinde.
","Also achte auf Wissenschaftler ebenso wie auf
Feinde.
"
0x8162,"Selbst wenn du dich als Wissenschaftler
verkleidest,
","Selbst wenn du dich als Wissenschaftler
verkleidest,
"
0x8198,"würden dich die echten Wissenschaftler als
Fremden erkennen, wenn sie dir ins Gesicht
schauen können.
","würden dich die echten Wissenschaftler als
Fremden erkennen, wenn sie dir ins Gesicht
schauen können.
"
0x8201,"Achte also darauf, dass die echten
Wissenschaftler dein Gesicht auch in deiner
Verkleidung nicht sehen.
","Achte also darauf, dass die echten
Wissenschaftler dein Gesicht auch in deiner
Verkleidung nicht sehen.
"
0x826a,"Und benimm dich unauffällig - also kein
Kriechen, Herumrollen oder so.
","Und benimm dich unauffällig - also kein
Kriechen, Herumrollen oder so.
"
0x82b3,"Wenn ein Wissenschaftler wegen deiner
Verkleidung Verdacht schöpft, dreh dich
einfach um und tu so, als wäre nichts.
","Wenn ein Wissenschaftler wegen deiner
Verkleidung Verdacht schöpft, dreh dich
einfach um und tu so, als wäre nichts.
"
0x832b,"Das müsste meistens funktionieren.
","Das müsste meistens funktionieren.
"
0x8350,"Feindliche Soldaten patrouillieren auch im
Ostflügel.
","Feindliche Soldaten patrouillieren auch im
Ostflügel.
"
0x8388,"Selbst in der Verkleidung als Wissenschaftler
werden sie Verdacht schöpfen,
","Selbst in der Verkleidung als Wissenschaftler
werden sie Verdacht schöpfen,
"
0x83d6,"sobald du kriechst, rollst, boxt oder dich über
längere Zeit gegen die Wand drückst.
","sobald du kriechst, rollst, boxt oder dich über
längere Zeit gegen die Wand drückst.
"
0x842f,"Wenn ein Feind Verdacht schöpft und sich
nähert, bleib stehen und sag kein Wort. Das
dürfte sie täuschen.
","Wenn ein Feind Verdacht schöpft und sich
nähert, bleib stehen und sag kein Wort. Das
dürfte sie täuschen.
"
0x849e,"Raikov ist im Ostflügel unterwegs. Wenn du
ihm begegnest, erledige ihn, bevor er fliehen
kann.
","Raikov ist im Ostflügel unterwegs. Wenn du
ihm begegnest, erledige ihn, bevor er fliehen
kann.
"
0x84ff,"Probiere deine Schlafgaspistole in
Zigarettenform aus.
","Probiere deine Schlafgaspistole in
Zigarettenform aus.
"
0x8537,"Auch das K.-o.-Taschentuch könnte praktisch
sein.
","Auch das K.-o.-Taschentuch könnte praktisch
sein.
"
0x856b,"Raikov ist stets mit einer Makarov bewaffnet.
Lass dich bloß nicht treffen.
","Raikov ist stets mit einer Makarov bewaffnet.
Lass dich bloß nicht treffen.
"
0x85b9,"Wenn feindliche Soldaten oder Wissenschaftler
sehen, wie du Raikov ausschaltest, bekommst
du Ärger.
","Wenn feindliche Soldaten oder Wissenschaftler
sehen, wie du Raikov ausschaltest, bekommst
du Ärger.
"
0x861f,"Schnapp dir Raikov an einer Stelle, an der du
unbemerkt bleibst.
","Schnapp dir Raikov an einer Stelle, an der du
unbemerkt bleibst.
"
0x8661,"Zum Beispiel im Umkleideraum auf der
Südwestseite der zweiten Etage.
","Zum Beispiel im Umkleideraum auf der
Südwestseite der zweiten Etage.
"
0x86a8,"Raikov ist für seine Schlemmerei bekannt. Ich
habe gehört, dass er sogar Essen vom Boden
aufliest.
","Raikov ist für seine Schlemmerei bekannt. Ich
habe gehört, dass er sogar Essen vom Boden
aufliest.
"
0x870e,"Dennoch ist sein Magen sehr empfindlich, und
wenn er das Zeug gegessen hat, muss er stets
schnell die Toilette aufsuchen.
","Dennoch ist sein Magen sehr empfindlich, und
wenn er das Zeug gegessen hat, muss er stets
schnell die Toilette aufsuchen.
"
0x8789,"Warum versuchst du nicht, Raikov etwas
Verdorbenes vorzusetzen, und ihm dann in der
Toilette aufzulauern?
","Warum versuchst du nicht, Raikov etwas
Verdorbenes vorzusetzen, und ihm dann in der
Toilette aufzulauern?
"
0x87f4,"Du hast Raikov erledigt? Gut. Dann zieh ihn in
den Umkleideraum.
","Du hast Raikov erledigt? Gut. Dann zieh ihn in
den Umkleideraum.
"
0x8836,"Es dürfte niemand dort sein,
","Es dürfte niemand dort sein,
"
0x8855,"der sehen kann, wie du seine Uniform nimmst.
Und du kannst ihn auch dort verstecken.
","der sehen kann, wie du seine Uniform nimmst.
Und du kannst ihn auch dort verstecken.
"
0x88ab,"Der Umkleideraum liegt auf der Südwestseite
der zweiten Etage. Beeil dich und bring ihn
dorthin!
","Der Umkleideraum liegt auf der Südwestseite
der zweiten Etage. Beeil dich und bring ihn
dorthin!
"
0x890e,"Wenn jemand Raikovs Leiche dort entdeckt, ist
deine Verkleidung als Raikov aufgeflogen.
","Wenn jemand Raikovs Leiche dort entdeckt, ist
deine Verkleidung als Raikov aufgeflogen.
"
0x8967,"Du kannst dich dann auch nicht mehr in den
Westflügel schleichen.
","Du kannst dich dann auch nicht mehr in den
Westflügel schleichen.
"
0x89ab,"Damit wäre dein Einsatz fehlgeschlagen.
","Damit wäre dein Einsatz fehlgeschlagen.
"
0x89d5,"Bring Raikovs Leiche an einen Ort, wo sie
bestimmt nicht gefunden wird. Okay?
","Bring Raikovs Leiche an einen Ort, wo sie
bestimmt nicht gefunden wird. Okay?
"
0x8a24,"Snake, was machst du da?
","Snake, was machst du da?
"
0x8a3e,"Du hast doch Raikovs Sachen, oder? Beeil
dich und zieh sie an!
","Du hast doch Raikovs Sachen, oder? Beeil
dich und zieh sie an!
"
0x8a7e,"Wenn dein Einsatz fehlschlägt, gehe ich mit dir
unter. Reiß dich zusammen!
","Wenn dein Einsatz fehlschlägt, gehe ich mit dir
unter. Reiß dich zusammen!
"
0x8acc,"EVA, ich habe mich als Raikov verkleidet..
","EVA, ich habe mich als Raikov verkleidet..
"
0x8af8,"...
","...
"
0x8afd,"Was ist los?
","Was ist los?
"
0x8b0b,"Etwas stimmt nicht.
","Etwas stimmt nicht.
"
0x8b20,"Stimmt nicht?
","Stimmt nicht?
"
0x8b2f,"Mmm.
","Mmm.
"
0x8b35,"Was? Was ist es?
","Was? Was ist es?
"
0x8b47,"Hmm ... Jetzt weiß ich's! Dein Gesicht ist nicht
richtig!
","Hmm ... Jetzt weiß ich's! Dein Gesicht ist nicht
richtig!
"
0x8b83,"Was ist es denn jetzt?!
","Was ist es denn jetzt?!
"
0x8b9c,"Dein Gesicht ist nicht wie sein's.
","Dein Gesicht ist nicht wie sein's.
"
0x8bc0,"Na, das will ich doch hoffen.
","Na, das will ich doch hoffen.
"
0x8bdf,"Das musst du ändern.
","Das musst du ändern.
"
0x8bf6,"Wie denn?
","Wie denn?
"
0x8c01,"Du bist doch clever. Überleg dir etwas.
","Du bist doch clever. Überleg dir etwas.
"
0x8c2b,"Um dich in den Westflügel schleichen zu
können, musst du Raikov „werden"".
","Um dich in den Westflügel schleichen zu
können, musst du Raikov „werden"".
"
0x8c7a,"Kleidung allein reicht nicht. Dein Gesicht muss
wie seins aussehen.
","Kleidung allein reicht nicht. Dein Gesicht muss
wie seins aussehen.
"
0x8cbf,"Überleg dir etwas.
","Überleg dir etwas.
"
0x8cd4,"Okay, damit ist deine Raikov-Verkleidung
komplett. Jetzt werden sie dich nicht mehr
aufhalten, was du auch tun magst.
","Okay, damit ist deine Raikov-Verkleidung
komplett. Jetzt werden sie dich nicht mehr
aufhalten, was du auch tun magst.
"
0x8d4b,"Selbst wenn ich jemanden ins Gesicht
schlage?
","Selbst wenn ich jemanden ins Gesicht
schlage?
"
0x8d7a,"Auch dann nicht.
","Auch dann nicht.
"
0x8d8c,"Wirklich?
","Wirklich?
"
0x8d97,"Wirklich.
","Wirklich.
"
0x8da2,"Warum?
","Warum?
"
0x8daa,"Raikov ist eben so.
","Raikov ist eben so.
"
0x8dbf,"...
","...
"
0x8dc4,"In der Verkleidung als Raikov kannst du in den
Westflügel gelangen, in dem man Sokolov
gefangen hält.
","In der Verkleidung als Raikov kannst du in den
Westflügel gelangen, in dem man Sokolov
gefangen hält.
"
0x8e2d,"Um zum Eingang des Westflügels zu gelangen,
","Um zum Eingang des Westflügels zu gelangen,
"
0x8e5b,"gehst du in westlicher Richtung durch den
Hauptflügel im Waffenlabor und durchquerst
dann den Verbindungskorridor.
","gehst du in westlicher Richtung durch den
Hauptflügel im Waffenlabor und durchquerst
dann den Verbindungskorridor.
"
0x8ed0,"Geh direkt durch den Verbindungskorridor.
","Geh direkt durch den Verbindungskorridor.
"
0x8efb,"Die Tür zum Verbindungskorridor liegt westlich.
Begib dich dorthin.
","Die Tür zum Verbindungskorridor liegt westlich.
Begib dich dorthin.
"
0x8f41,"Du kannst von der Südwestseite der zweiten
Etage in den Hauptflügel des Waffenlabors
gelangen. Begib dich zum Hauptflügel.
","Du kannst von der Südwestseite der zweiten
Etage in den Hauptflügel des Waffenlabors
gelangen. Begib dich zum Hauptflügel.
"
0x8fc0,"Sobald du fertig bist, geh zum Ostflügel
zurück.
","Sobald du fertig bist, geh zum Ostflügel
zurück.
"
0x8ff4,"Betritt den Hauptflügel von der zweiten Etage
des Ostflügels aus. Durch den Hauptflügel
gelangst du zum Westflügel.
","Betritt den Hauptflügel von der zweiten Etage
des Ostflügels aus. Durch den Hauptflügel
gelangst du zum Westflügel.
"
0x906d,"Mach dir keine Gedanken um Raikov. Im Spind
wird man ihn vorerst nicht finden.
","Mach dir keine Gedanken um Raikov. Im Spind
wird man ihn vorerst nicht finden.
"
0x90bd,"Aber wenn sie ihn entdecken, ist deine
Verkleidung nutzlos.
","Aber wenn sie ihn entdecken, ist deine
Verkleidung nutzlos.
"
0x90fa,"Dann kommst du nicht mehr in den Westflügel
und du kannst deinen Einsatz vergessen.
","Dann kommst du nicht mehr in den Westflügel
und du kannst deinen Einsatz vergessen.
"
0x9150,"Was du auch tust, öffne nicht den Spind, in
dem du Raikov versteckt hast. Verstanden?
","Was du auch tust, öffne nicht den Spind, in
dem du Raikov versteckt hast. Verstanden?
"
0x91a8,"Du befindest dich im Verbindungskorridor zum
Waffenlabor.
","Du befindest dich im Verbindungskorridor zum
Waffenlabor.
"
0x91e3,"Der Korridor führt dich zum Westflügel, in dem
man Sokolov festhält.
","Der Korridor führt dich zum Westflügel, in dem
man Sokolov festhält.
"
0x922c,"Wie du siehst, ist der Korridor ständig
bewacht.
","Wie du siehst, ist der Korridor ständig
bewacht.
"
0x925f,"Nur die Wachposten können die Tür zum
Westflügel öffnen.
","Nur die Wachposten können die Tür zum
Westflügel öffnen.
"
0x929d,"Du musst so tun, als wärst du Raikov. Dann
öffnen sie dir die Tür.
","Du musst so tun, als wärst du Raikov. Dann
öffnen sie dir die Tür.
"
0x92e4,"Geh weiter und lass dir von ihnen die Tür
öffnen.
","Geh weiter und lass dir von ihnen die Tür
öffnen.
"
0x9319,"Okay, beeile dich und verkleide dich als
Raikov.
","Okay, beeile dich und verkleide dich als
Raikov.
"
0x934b,"Kehr zum Ostflügel zurück und such Raikov.
","Kehr zum Ostflügel zurück und such Raikov.
"
0x9379,"Der einzige Weg in den Westflügel ist in der
Verkleidung als Raikov. Stiehl seine Sachen.
","Der einzige Weg in den Westflügel ist in der
Verkleidung als Raikov. Stiehl seine Sachen.
"
0x93d5,"Gib ihnen ein Zeichen, damit sie dir die Tür
öffnen.
","Gib ihnen ein Zeichen, damit sie dir die Tür
öffnen.
"
0x940d,"Drück die Aktionstaste, um die Hand zum Gruß
zu heben. Das ist das Zeichen.
","Drück die Aktionstaste, um die Hand zum Gruß
zu heben. Das ist das Zeichen.
"
0x945c,"Snake, ich wollte dich etwas fragen ...
","Snake, ich wollte dich etwas fragen ...
"
0x9485,"Was?
","Was?
"
0x948b,"Warum hast du mich in der Folterkammer
geschützt, als Ocelot abdrücken wollte?
","Warum hast du mich in der Folterkammer
geschützt, als Ocelot abdrücken wollte?
"
0x94dd,"Weil ich wusste, dass sich ein Geschoss in der
Kammer befand. Hätte er abgedrückt, wärst du
tot.
","Weil ich wusste, dass sich ein Geschoss in der
Kammer befand. Hätte er abgedrückt, wärst du
tot.
"
0x9542,"Aber dein Auge ...
","Aber dein Auge ...
"
0x9556,"Ich war gefesselt, und es geschah so schnell -
es war das Beste, das ich tun konnte.
","Ich war gefesselt, und es geschah so schnell -
es war das Beste, das ich tun konnte.
"
0x95ac,"Ich muss mich erst daran gewöhnen, aber es
wird meinem Einsatz nicht im Weg stehen.
","Ich muss mich erst daran gewöhnen, aber es
wird meinem Einsatz nicht im Weg stehen.
"
0x9602,"Und was ist mit mir?
","Und was ist mit mir?
"
0x9618,"?
","?
"
0x961b,"Hast du mich nur gerettet, weil du mich noch
für deinen Einsatz benötigst?
","Hast du mich nur gerettet, weil du mich noch
für deinen Einsatz benötigst?
"
0x9669,"Warum sollte ich es sonst getan haben?
","Warum sollte ich es sonst getan haben?
"
0x9691,"Und wenn der Einsatz beendet ist?
","Und wenn der Einsatz beendet ist?
"
0x96b4,"Im Moment konzentriere ich mich allein auf den
Einsatz.
","Im Moment konzentriere ich mich allein auf den
Einsatz.
"
0x96ed,"Den „Einsatz"", den du einst liebtest?
","Den „Einsatz"", den du einst liebtest?
"
0x9716,"Das habe ich nicht gemeint.
","Das habe ich nicht gemeint.
"
0x9733,"Ich versuche, möglichst viel über die Zelle
herauszufinden. Verhalte dich ruhig.
","Ich versuche, möglichst viel über die Zelle
herauszufinden. Verhalte dich ruhig.
"
0x9787,"Snake, ich habe gute Nachrichten.
","Snake, ich habe gute Nachrichten.
"
0x97aa,"Was?
","Was?
"
0x97b0,"Volgin will dich nicht töten - zumindestens
noch nicht.
","Volgin will dich nicht töten - zumindestens
noch nicht.
"
0x97ea,"Warum nicht?
","Warum nicht?
"
0x97f8,"Ich glaube, er will dich noch etwas länger
leiden lassen.
","Ich glaube, er will dich noch etwas länger
leiden lassen.
"
0x9834,"Welche Erleichterung!
","Welche Erleichterung!
"
0x984b,"Ja. So hast du bessere Fluchtchancen ...
","Ja. So hast du bessere Fluchtchancen ...
"
0x9875,"Es war sarkastisch gemeint.
","Es war sarkastisch gemeint.
"
0x9892,"Jedenfalls hat Volgin den Befehl gegeben, dein
Leben zunächst zu schonen.
","Jedenfalls hat Volgin den Befehl gegeben, dein
Leben zunächst zu schonen.
"
0x98de,"Soll das heißen, dass mir die Wachen Essen
und Medizin bringen?
","Soll das heißen, dass mir die Wachen Essen
und Medizin bringen?
"
0x9920,"Ja. Sollte dir etwas zustoßen, wird der
zuständige Wachposten von Volgin persönlich
ins Jenseits befördert.
","Ja. Sollte dir etwas zustoßen, wird der
zuständige Wachposten von Volgin persönlich
ins Jenseits befördert.
"
0x9991,"... Hmm. Das könnte nützlich sein.
","... Hmm. Das könnte nützlich sein.
"
0x99b7,"Volgin hat dem Wachposten den Befehl
gegeben, dich am Leben zu halten.
","Volgin hat dem Wachposten den Befehl
gegeben, dich am Leben zu halten.
"
0x99ff,"Sollte dir etwas zustoßen, ist auch sein Leben
vertan. Er wird daher deine Verfassung genau
im Auge behalten.
","Sollte dir etwas zustoßen, ist auch sein Leben
vertan. Er wird daher deine Verfassung genau
im Auge behalten.
"
0x9a6f,"Wenn du dich krank stellst oder so, kommt er
bestimmt sofort angelaufen.
","Wenn du dich krank stellst oder so, kommt er
bestimmt sofort angelaufen.
"
0x9ab9,"Krank stellen?
","Krank stellen?
"
0x9ac9,"Ja. Es gibt verschiedene Möglichkeiten. Denk
darüber nach.
","Ja. Es gibt verschiedene Möglichkeiten. Denk
darüber nach.
"
0x9b07,"Wenn der Wachposten beispielsweise sieht,
wie du dich übergibst, öffnet er bestimmt die
Tür, um nach dir zu schauen.
","Wenn der Wachposten beispielsweise sieht,
wie du dich übergibst, öffnet er bestimmt die
Tür, um nach dir zu schauen.
"
0x9b80,"Snake, ich habe Informationen über den
Wachposten gefunden.
","Snake, ich habe Informationen über den
Wachposten gefunden.
"
0x9bbe,"Er ist bekannt für seinen unersättlichen
Appetit.
","Er ist bekannt für seinen unersättlichen
Appetit.
"
0x9bf3,"Er wurde schon dabei erwischt, als er sich
nachts in die Kantine schlich und Reste
verschlang. Dafür wurde er ausgepeitscht.
","Er wurde schon dabei erwischt, als er sich
nachts in die Kantine schlich und Reste
verschlang. Dafür wurde er ausgepeitscht.
"
0x9c72,"Vielleicht könntest du ihm etwas von deinem
Essen abgeben.
","Vielleicht könntest du ihm etwas von deinem
Essen abgeben.
"
0x9caf,"Oh, und ich habe gehört, dass er aus
irgendeinem Grund besonderes Mitleid mit
amerikanischen Gefangenen hat.
","Oh, und ich habe gehört, dass er aus
irgendeinem Grund besonderes Mitleid mit
amerikanischen Gefangenen hat.
"
0x9d1e,"Warum?
","Warum?
"
0x9d26,"Das weiß ich nicht so genau.
","Das weiß ich nicht so genau.
"
0x9d45,"Ich kann's ihm nicht verübeln.
","Ich kann's ihm nicht verübeln.
"
0x9d66,"?
","?
"
0x9d69,"Ach nichts. Vergiss es.
","Ach nichts. Vergiss es.
"
0x9d82,"Snake, es muss doch eine Fluchtmöglichkeit
geben. Gib nicht auf!
","Snake, es muss doch eine Fluchtmöglichkeit
geben. Gib nicht auf!
"
0x9dc5,"Snake, die Zellentür reagiert auf eine
bestimmte Funkfrequenz.
","Snake, die Zellentür reagiert auf eine
bestimmte Funkfrequenz.
"
0x9e06,"Eine bestimmte Funkfrequenz?
","Eine bestimmte Funkfrequenz?
"
0x9e24,"Ja. Wenn du mit deinem Funkgerät ein Signal
auf der „Schlüsselfrequenz"" sendest, müsste
sich die Tür öffnen.
","Ja. Wenn du mit deinem Funkgerät ein Signal
auf der „Schlüsselfrequenz"" sendest, müsste
sich die Tür öffnen.
"
0x9e99,"Klingt gut. Und wie lautet die Frequenz?
","Klingt gut. Und wie lautet die Frequenz?
"
0x9ec3,"Ich versuche, es herauszufinden. Gib mir eine
Minute Zeit.
","Ich versuche, es herauszufinden. Gib mir eine
Minute Zeit.
"
0x9eff,"EVA, hast du die Frequenz für die Tür
erfahren?
","EVA, hast du die Frequenz für die Tür
erfahren?
"
0x9f32,"Tut mir Leid, Snake. Ich habe alles versucht,
aber die Sicherheitsvorkehrungen sind zu
streng ...
","Tut mir Leid, Snake. Ich habe alles versucht,
aber die Sicherheitsvorkehrungen sind zu
streng ...
"
0x9f95,"Großartig ...
","Großartig ...
"
0x9fa5,"Snake, ich habe die Frequenz für die Tür in
Erfahrung gebracht! Sie lautet 144.75.
","Snake, ich habe die Frequenz für die Tür in
Erfahrung gebracht! Sie lautet 144.75.
"
0x9ffb,"Stell dich vor die Tür und SENDE ein Signal
auf Frequenz 144.75!
","Stell dich vor die Tür und SENDE ein Signal
auf Frequenz 144.75!
"
0xa03e,"Snake, die Tür ist offen! Erledige den
Wachposten und mach, dass du da
rauskommst!
","Snake, die Tür ist offen! Erledige den
Wachposten und mach, dass du da
rauskommst!
"
0xa093,"Snake, die Tür ist offen. Beeil dich. Mach,
dass du da rauskommst!
","Snake, die Tür ist offen. Beeil dich. Mach,
dass du da rauskommst!
"
0xa0d8,"Snake?
","Snake?
"
0xa0e0,"EVA, werden Gefangenen hier Halluzinogene
verabreicht?
","EVA, werden Gefangenen hier Halluzinogene
verabreicht?
"
0xa118,"Das kann ich mir nicht vorstellen. Warum?
","Das kann ich mir nicht vorstellen. Warum?
"
0xa143,"Ich habe schlecht geträumt.
","Ich habe schlecht geträumt.
"
0xa161,"Geträumt?
","Geträumt?
"
0xa16d,"Dieses Monster, das ich noch nie zuvor
gesehen hatte, griff mich mit einem Messer
an ... Das heißt, nicht mich ... Ich war jemand
anders.
","Dieses Monster, das ich noch nie zuvor
gesehen hatte, griff mich mit einem Messer
an ... Das heißt, nicht mich ... Ich war jemand
anders.
"
0xa1f9,"Das überrascht mich nicht. Du befindest dich
noch in einem leichten Schockzustand nach all
den Schmerzen und erschöpft, wie du bist.
","Das überrascht mich nicht. Du befindest dich
noch in einem leichten Schockzustand nach all
den Schmerzen und erschöpft, wie du bist.
"
0xa281,"Ah...
","Ah...
"
0xa288,"Vielleicht wirst du eines Tages lernen, dich
nicht mehr zu verstellen.
","Vielleicht wirst du eines Tages lernen, dich
nicht mehr zu verstellen.
"
0xa2d0,"Was meinst du damit?
","Was meinst du damit?
"
0xa2e6,"Ich weiß, wie du dich fühlst, Snake.
","Ich weiß, wie du dich fühlst, Snake.
"
0xa30e,"Auch ich bin eine Spionin. Du merkst es
vielleicht nicht, aber dein falsches Ich frisst
langsam dein wahres Ich auf.
","Auch ich bin eine Spionin. Du merkst es
vielleicht nicht, aber dein falsches Ich frisst
langsam dein wahres Ich auf.
"
0xa384,"Du wirst allmählich die Person, die du zu sein
vorgibst.
","Du wirst allmählich die Person, die du zu sein
vorgibst.
"
0xa3bf,"Und dein wahres Ich schreit dabei aus den
Tiefen deiner Seele auf.
","Und dein wahres Ich schreit dabei aus den
Tiefen deiner Seele auf.
"
0xa403,"Das war es, was du im Traum sahst.
","Das war es, was du im Traum sahst.
"
0xa427,"... vielleicht.
","... vielleicht.
"
0xa438,"Ich würde dich ja gerne in den Schlaf singen ...
Aber leider kenne ich keine Gutenachtlieder.
","Ich würde dich ja gerne in den Schlaf singen ...
Aber leider kenne ich keine Gutenachtlieder.
"
0xa498,"Also sag mir dein Lieblingslied, und ich singe
es in Gedanken für dich.
","Also sag mir dein Lieblingslied, und ich singe
es in Gedanken für dich.
"
0xa4e2,"Irgendein Lied?
","Irgendein Lied?
"
0xa4f3,"Und ich singe es gerne so oft du magst.
","Und ich singe es gerne so oft du magst.
"
0xa51c,"Hört sich gut an.
","Hört sich gut an.
"
0xa530,"Okay. Ich bin mir sicher, dass du einen
Fluchtweg finden wirst. Viel Glück.
","Okay. Ich bin mir sicher, dass du einen
Fluchtweg finden wirst. Viel Glück.
"
0xa57e,"Danke.
","Danke.
"
0xa586,"Snake, pass auf. Der Suchtrupp hetzt in der
Kanalisation Kampfhunde auf dich.
","Snake, pass auf. Der Suchtrupp hetzt in der
Kanalisation Kampfhunde auf dich.
"
0xa5d5,"Ohne geeignete Waffen ist es zu gefährlich,
dich auf einen Kampf mit diesen Hunden
einzulassen.
","Ohne geeignete Waffen ist es zu gefährlich,
dich auf einen Kampf mit diesen Hunden
einzulassen.
"
0xa637,"Versuch gar nicht erst, es mit den
Kampfhunden aufzunehmen. Denk nur an deine
Flucht. Geh in Richtung Norden!
","Versuch gar nicht erst, es mit den
Kampfhunden aufzunehmen. Denk nur an deine
Flucht. Geh in Richtung Norden!
"
0xa6a6,"Der Eingang ist der einzige Weg für dich,
unbemerkt in den Ostflügel des Waffenlabors
zu gelangen.
","Der Eingang ist der einzige Weg für dich,
unbemerkt in den Ostflügel des Waffenlabors
zu gelangen.
"
0xa70c,"Apropos, ich sehe manchmal Lkw hinein- und
herausfahren.
","Apropos, ich sehe manchmal Lkw hinein- und
herausfahren.
"
0xa746,"Wenn du dich irgendwie auf einem dieser Lkw
verstecken könntest ...
","Wenn du dich irgendwie auf einem dieser Lkw
verstecken könntest ...
"
0xa78c,"Wie es aussieht, hast du es in den Hangar
geschafft.
","Wie es aussieht, hast du es in den Hangar
geschafft.
"
0xa7c2,"Bring das C3 an den Tanks mit
Flüssigtreibstoff an. Es sind insgesamt vier
Tanks.
","Bring das C3 an den Tanks mit
Flüssigtreibstoff an. Es sind insgesamt vier
Tanks.
"
0xa816,"Sollte der Feind eine deiner C3-Ladungen
finden und entfernen, ist dein Einsatz
fehlgeschlagen.
","Sollte der Feind eine deiner C3-Ladungen
finden und entfernen, ist dein Einsatz
fehlgeschlagen.
"
0xa877,"Versuche, das C3 an einer unauffälligen Stelle
anzubringen, wo man es nicht findet.
","Versuche, das C3 an einer unauffälligen Stelle
anzubringen, wo man es nicht findet.
"
0xa8cd,"Wie es aussieht, entdeckt ein Feind gleich eine
Ladung. Schalte ihn sofort aus.
","Wie es aussieht, entdeckt ein Feind gleich eine
Ladung. Schalte ihn sofort aus.
"
0xa91e,"Wenn der Feind bemerkt, dass du das C3
anbringst, ist die Show für dich vorbei.
","Wenn der Feind bemerkt, dass du das C3
anbringst, ist die Show für dich vorbei.
"
0xa970,"Also bring die Ladungen nicht während der
Alarmphase an, hörst du?
","Also bring die Ladungen nicht während der
Alarmphase an, hörst du?
"
0xa9b6,"Wenn du das C3 an allen vier Tanks
angebracht hast, aktiviere den Zeitzünder.
","Wenn du das C3 an allen vier Tanks
angebracht hast, aktiviere den Zeitzünder.
"
0xaa06,"Sobald der Zeitzünder Null erreicht,
explodieren alle C3-Ladungen gleichzeitig.
","Sobald der Zeitzünder Null erreicht,
explodieren alle C3-Ladungen gleichzeitig.
"
0xaa58,"Wenn der Zeitzünder erst einmal aktiviert ist,
kann er nicht mehr ausgeschaltet werden.
Sorge dafür, dass du in Sicherheit bist, bevor
er Null erreicht, hörst du?
","Wenn der Zeitzünder erst einmal aktiviert ist,
kann er nicht mehr ausgeschaltet werden.
Sorge dafür, dass du in Sicherheit bist, bevor
er Null erreicht, hörst du?
"
0xaaff,"Der Wartungstrupp, der den Shagohod
auf seinen Einsatz vorbereitet, ist im Hangar.
","Der Wartungstrupp, der den Shagohod
auf seinen Einsatz vorbereitet, ist im Hangar.
"
0xab53,"Dieser Trupp darf dich ebenso wenig bemerken
wie die Wachen. Also pass auf.
","Dieser Trupp darf dich ebenso wenig bemerken
wie die Wachen. Also pass auf.
"
0xaba0,"Andererseits könntest du dich als Mitglied
des Wartungstrupps den Treibstofftanks
nähern, ohne dass jemand Verdacht schöpfen
würde ...
","Andererseits könntest du dich als Mitglied
des Wartungstrupps den Treibstofftanks
nähern, ohne dass jemand Verdacht schöpfen
würde ...
"
0xac2c,"Aha! Du hast dich als Mitglied des
Wartungstrupps verkleidet!
","Aha! Du hast dich als Mitglied des
Wartungstrupps verkleidet!
"
0xac6b,"In der Verkleidung müsstest du alle
Hangarbereiche betreten können.
","In der Verkleidung müsstest du alle
Hangarbereiche betreten können.
"
0xacb2,"Aber benimm dich nicht auffällig: Kein
Herumrollen oder Kriechen beispielsweise.
","Aber benimm dich nicht auffällig: Kein
Herumrollen oder Kriechen beispielsweise.
"
0xad05,"Und sollte ein Mitglied des
Wartungstrupps dein Gesicht aus der
Nähe sehen, ist deine Verkleidung dahin.
","Und sollte ein Mitglied des
Wartungstrupps dein Gesicht aus der
Nähe sehen, ist deine Verkleidung dahin.
"
0xad70,"Wenn der Wartungstrupp Verdacht schöpft,
dreh dich um, sodass man dein Gesicht
nicht sieht. Und bleibe gelassen.
","Wenn der Wartungstrupp Verdacht schöpft,
dreh dich um, sodass man dein Gesicht
nicht sieht. Und bleibe gelassen.
"
0xade3,"Wenn die Wachposten Verdacht schöpfen,
bleib einfach still stehen. Das müsste genügen.
","Wenn die Wachposten Verdacht schöpfen,
bleib einfach still stehen. Das müsste genügen.
"
0xae3e,"Du hast eine C3-Ladung angebracht. Bleiben
drei.
","Du hast eine C3-Ladung angebracht. Bleiben
drei.
"
0xae70,"Wie läuft es bei dir?
","Wie läuft es bei dir?
"
0xae88,"Ich befestige gerade das C3 an der
Eisenbahnbrücke. Mach deine Sache gut, hörst
du?
","Ich befestige gerade das C3 an der
Eisenbahnbrücke. Mach deine Sache gut, hörst
du?
"
0xaedf,"He, kein Problem.
","He, kein Problem.
"
0xaef2,"EVA ...
","EVA ...
"
0xaefb,"Was gibt's?
","Was gibt's?
"
0xaf08,"Unser Fluchtplan ...
","Unser Fluchtplan ...
"
0xaf1e,"Jaaa...
","Jaaa...
"
0xaf27,"Wie genau willst du zum See kommen?
","Wie genau willst du zum See kommen?
"
0xaf4c,"Was ist, vertraust du mir nicht?
","Was ist, vertraust du mir nicht?
"
0xaf6e,"Das habe ich nicht gemeint.
","Das habe ich nicht gemeint.
"
0xaf8b,"Okay, ich werde es dir erklären.
","Okay, ich werde es dir erklären.
"
0xafae,"Nördlich von Groznyj Grad liegt der Wald
Lazorevo.
","Nördlich von Groznyj Grad liegt der Wald
Lazorevo.
"
0xafe3,"Lazorevo bedeutet so viel wie „üppig grünes
Land"".
","Lazorevo bedeutet so viel wie „üppig grünes
Land"".
"
0xb01b,"Auf der anderen Seite von Lazorevo liegt ein
großer Wald: Zaozyorje.
","Auf der anderen Seite von Lazorevo liegt ein
großer Wald: Zaozyorje.
"
0xb062,"Zaozyorje ist Russisch für „in der Nähe des
Sees"". Der See liegt direkt hinter Zaozyorje.
","Zaozyorje ist Russisch für „in der Nähe des
Sees"". Der See liegt direkt hinter Zaozyorje.
"
0xb0c1,"Und der See heißt Rokovoj Bereg, „der See
des Schicksals"".
","Und der See heißt Rokovoj Bereg, „der See
des Schicksals"".
"
0xb100,"Hast du dort das WIG versteckt?
","Hast du dort das WIG versteckt?
"
0xb121,"Ja. Damit fliehen wir.
","Ja. Damit fliehen wir.
"
0xb139,"Das heißt, nachdem wir unseren Einsatz
ausgeführt haben.
","Das heißt, nachdem wir unseren Einsatz
ausgeführt haben.
"
0xb175,"EVA, erinnerst du dich, dass du erwähntest,
heute sei ein Ruhetag für die Wissenschaftler
im Hangar?
","EVA, erinnerst du dich, dass du erwähntest,
heute sei ein Ruhetag für die Wissenschaftler
im Hangar?
"
0xb1dd,"Ja.
","Ja.
"
0xb1e2,"Was hast du damit gemeint?
","Was hast du damit gemeint?
"
0xb1fe,"Bis gestern waren noch Dutzende von
Wissenschaftlern und Wartungspersonal
im Hangar beschäftigt.
","Bis gestern waren noch Dutzende von
Wissenschaftlern und Wartungspersonal
im Hangar beschäftigt.
"
0xb261,"Weil Volgin sie aber zwang, Tag und Nacht zu
arbeiten, brachen viele Wissenschaftler
erschöpft zusammen.
","Weil Volgin sie aber zwang, Tag und Nacht zu
arbeiten, brachen viele Wissenschaftler
erschöpft zusammen.
"
0xb2cc,"Und da der Prototyp jetzt fertig ist und sich
alles etwas beruhigt hat, gab man den
Wissenschaftlern einen Tag frei.
","Und da der Prototyp jetzt fertig ist und sich
alles etwas beruhigt hat, gab man den
Wissenschaftlern einen Tag frei.
"
0xb342,"Verstehe.
","Verstehe.
"
0xb34d,"Wenn sie noch immer wie wild arbeiteten,
wärst du nie unbemerkt in den Hangar gelangt.
","Wenn sie noch immer wie wild arbeiteten,
wärst du nie unbemerkt in den Hangar gelangt.
"
0xb3a6,"Aber natürlich liegt der Hangar nicht verlassen
da.
","Aber natürlich liegt der Hangar nicht verlassen
da.
"
0xb3dc,"Ich bin mir sicher, dass nach wie vor einige
Wachposten und etwas Wartungspersonal
dort ist. Also bleib auf der Hut.
","Ich bin mir sicher, dass nach wie vor einige
Wachposten und etwas Wartungspersonal
dort ist. Also bleib auf der Hut.
"
0xb452,"EVA.
","EVA.
"
0xb458,"Hmm?
","Hmm?
"
0xb45e,"Du sagtest doch, du verstehst dich mit The
Boss, oder?
","Du sagtest doch, du verstehst dich mit The
Boss, oder?
"
0xb496,"Ja, wir verstehen uns ganz gut. Ich bewundere
sie.
","Ja, wir verstehen uns ganz gut. Ich bewundere
sie.
"
0xb4ca,"Es heißt, sie sei eine unnahbare Heldin, aber
aus irgendeinem Grund ist sie nett zu mir.
","Es heißt, sie sei eine unnahbare Heldin, aber
aus irgendeinem Grund ist sie nett zu mir.
"
0xb525,"Neulich trug sie sogar Taschen für mich. Ich
war beeindruckt.
","Neulich trug sie sogar Taschen für mich. Ich
war beeindruckt.
"
0xb565,"Deine Taschen?
","Deine Taschen?
"
0xb575,"Vielleicht liegt es daran, dass wir beide
Überläufer sind. Wir reden nicht viel, aber ich
habe den Eindruck, dass sie meine Gefühle
versteht.
","Vielleicht liegt es daran, dass wir beide
Überläufer sind. Wir reden nicht viel, aber ich
habe den Eindruck, dass sie meine Gefühle
versteht.
"
0xb607,"Ich habe von der ganzen Sache geträumt.
","Ich habe von der ganzen Sache geträumt.
"
0xb631,"Snake, die Kampfhunde des Feindes sind gut
ausgebildet. Sieh dich vor.
","Snake, die Kampfhunde des Feindes sind gut
ausgebildet. Sieh dich vor.
"
0xb679,"Erkennst du, ob ein Hund gut ausgebildet ist?
","Erkennst du, ob ein Hund gut ausgebildet ist?
"
0xb6a8,"Ja.
","Ja.
"
0xb6ad,"Woran?
","Woran?
"
0xb6b5,"Ich hatte früher einen Hund.
","Ich hatte früher einen Hund.
"
0xb6d4,"DU hattest einen Hund?
","DU hattest einen Hund?
"
0xb6ec,"Ja. Was ist daran so lustig?
","Ja. Was ist daran so lustig?
"
0xb70a,"Ach, nichts. Ich kann mir dich nur nicht mit
einem Welpen vorstellen.
","Ach, nichts. Ich kann mir dich nur nicht mit
einem Welpen vorstellen.
"
0xb751,"Wer hat dich denn gefragt?!
","Wer hat dich denn gefragt?!
"
0xb76e,"Er war süß, nur hat es lange gedauert, bis er
stubenrein war ... Danach war ich mit ihm sehr
zufrieden ...
","Er war süß, nur hat es lange gedauert, bis er
stubenrein war ... Danach war ich mit ihm sehr
zufrieden ...
"
0xb7dc,"Manchmal träume ich noch von ihm.
","Manchmal träume ich noch von ihm.
"
0xb800,"Snake?
","Snake?
"
0xb808,"EVA, was hältst du davon?
","EVA, was hältst du davon?
"
0xb824,"Du Heini! Das soll wohl ein Witz sein. Willst du
wirklich dein Leben für einen Scherz aufs Spiel
setzen?
","Du Heini! Das soll wohl ein Witz sein. Willst du
wirklich dein Leben für einen Scherz aufs Spiel
setzen?
"
0xb88f,"Na endlich bekomme ich eine normale
Reaktion ...
","Na endlich bekomme ich eine normale
Reaktion ...
"
0xb8c1,"???
","???
"
0xb8c6,"Alle antworteten mir so merkwürdig und taten
so, als wäre nichts ungewöhnlich daran.
","Alle antworteten mir so merkwürdig und taten
so, als wäre nichts ungewöhnlich daran.
"
0xb91f,"Ich habe mich schon gefragt ... Aber jetzt fühle
ich mich besser.
","Ich habe mich schon gefragt ... Aber jetzt fühle
ich mich besser.
"
0xb963,"Ich weiß ja nicht, wovon du sprichst, aber die
Kappe steht dir gut.
","Ich weiß ja nicht, wovon du sprichst, aber die
Kappe steht dir gut.
"
0xb9a9,,
0xb9aa,"Tut mir Leid, ich muss Schluss machen.
Das wird mir zu viel ...
","Tut mir Leid, ich muss Schluss machen.
Das wird mir zu viel ...
"
0xb9eb,"...
","...
"
0xb9f0,"Snake, vergiss unser Essen nicht.
","Snake, vergiss unser Essen nicht.
"
0xba13,"Ich habe es nicht vergessen. Sushi ... Ich
möchte gerne den Riedfrosch probieren.
","Ich habe es nicht vergessen. Sushi ... Ich
möchte gerne den Riedfrosch probieren.
"
0xba67,"Den was?
","Den was?
"
0xba71,"Den Riedfrosch.
","Den Riedfrosch.
"
0xba82,"Frosch?!
","Frosch?!
"
0xba8c,"In Sushi-Restaurants bekommt man doch
Frosch, oder etwa nicht?
","In Sushi-Restaurants bekommt man doch
Frosch, oder etwa nicht?
"
0xbacc,"Natürlich nicht!
","Natürlich nicht!
"
0xbadf,"Ich habe aber gehört, dass man in Japan
Frosch als Sashimi und Tempura isst.
","Ich habe aber gehört, dass man in Japan
Frosch als Sashimi und Tempura isst.
"
0xbb2e,"Wer hat dir denn das erzählt?
","Wer hat dir denn das erzählt?
"
0xbb4e,"Para-Medic.
","Para-Medic.
"
0xbb5b,"... Vielleicht isst man Frosch zu besonderen
Anlässen. Aber nicht in der normalen Küche,
und ganz bestimmt nicht als Sushi.
","... Vielleicht isst man Frosch zu besonderen
Anlässen. Aber nicht in der normalen Küche,
und ganz bestimmt nicht als Sushi.
"
0xbbda,"Oh... Okay.
","Oh... Okay.
"
0xbbe7,"EVA, was ist Raikov für ein Typ?
","EVA, was ist Raikov für ein Typ?
"
0xbc0a,"Er ist Volgins geliebtes Schoßhündchen.
","Er ist Volgins geliebtes Schoßhündchen.
"
0xbc35,"Noch etwas?
","Noch etwas?
"
0xbc42,"Er hat ein hübsches Gesicht.
","Er hat ein hübsches Gesicht.
"
0xbc61,"Findest du wirklich?
","Findest du wirklich?
"
0xbc77,"Nein, es stimmt wirklich. Ich interessiere mich
nicht für Menschen, die sich nicht für mich
interessieren.
","Nein, es stimmt wirklich. Ich interessiere mich
nicht für Menschen, die sich nicht für mich
interessieren.
"
0xbce5,"Ich hatte gehofft, du könntest mir nützliche
Tipps geben, damit ich meine Verkleidung
perfektionieren kann.
","Ich hatte gehofft, du könntest mir nützliche
Tipps geben, damit ich meine Verkleidung
perfektionieren kann.
"
0xbd54,"Er wirkt umgänglich und scheint jemand zu
sein, der zufrieden in seinem Kämmerchen
seine Insektensammlung bewundert.
","Er wirkt umgänglich und scheint jemand zu
sein, der zufrieden in seinem Kämmerchen
seine Insektensammlung bewundert.
"
0xbdcc,"Das hilft mir auch nicht viel weiter. Sonst noch
etwas?
","Das hilft mir auch nicht viel weiter. Sonst noch
etwas?
"
0xbe05,"Ich weiß nicht viel über ihn, Snake. Kannst du
ihn nicht einfach beobachten und dann
nachahmen?
","Ich weiß nicht viel über ihn, Snake. Kannst du
ihn nicht einfach beobachten und dann
nachahmen?
"
0xbe68,"Warum weichst du so aus?
","Warum weichst du so aus?
"
0xbe82,"... In seiner kleinen Welt existieren Menschen
wie ich nicht einmal.
","... In seiner kleinen Welt existieren Menschen
wie ich nicht einmal.
"
0xbec8,"Verstehe ...
","Verstehe ...
"
0xbed6,"Also dann ...
","Also dann ...
"
0xbee5,"Hat er mit dir Schluss gemacht?
","Hat er mit dir Schluss gemacht?
"
0xbf06,"„Verstehe"", was? Du verstehst überhaupt
nichts!
","„Verstehe"", was? Du verstehst überhaupt
nichts!
"
0xbf3a,"Nein, nicht DAS. Ich komme einfach mit
Seinesgleichen nicht zurecht.
","Nein, nicht DAS. Ich komme einfach mit
Seinesgleichen nicht zurecht.
"
0xbf80,"Aber ...
","Aber ...
"
0xbf8a,"Wenn dieses Gespräch weitergeht, schlage ich
dich per Funk k.o., das schwöre ich dir!
","Wenn dieses Gespräch weitergeht, schlage ich
dich per Funk k.o., das schwöre ich dir!
"
0xbfe3,"Schau ihn dir selbst an. Bis später!
","Schau ihn dir selbst an. Bis später!
"
0xc00a,"?
","?
"
0xc00d,"EVA, was ist mit Granin geschehen?
","EVA, was ist mit Granin geschehen?
"
0xc031,"Tot ... Der Oberst hat es persönlich
übernommen.
","Tot ... Der Oberst hat es persönlich
übernommen.
"
0xc065,"Sie wissen, dass es einen Spion gibt.
","Sie wissen, dass es einen Spion gibt.
"
0xc08c,"Und Granin war ein zufälliger Verlust?
","Und Granin war ein zufälliger Verlust?
"
0xc0b5,"Ja. Volgin kennt bei seinen Verhören keine
Gnade. Ich glaube, ihm sind die Antworten
dabei relativ gleichgültig.
","Ja. Volgin kennt bei seinen Verhören keine
Gnade. Ich glaube, ihm sind die Antworten
dabei relativ gleichgültig.
"
0xc129,"Ich habe den Eindruck, das „Verhör"" ist nur ein
Vorwand, um „Verdächtigen"" eine tüchtige
Abreibung zu verpassen.
","Ich habe den Eindruck, das „Verhör"" ist nur ein
Vorwand, um „Verdächtigen"" eine tüchtige
Abreibung zu verpassen.
"
0xc1a2,"Gewalt um der Gewalt willen.
","Gewalt um der Gewalt willen.
"
0xc1c0,"Granin liebte sein Land. Er war Russland treu
ergeben.
","Granin liebte sein Land. Er war Russland treu
ergeben.
"
0xc1f8,"Es gab keinen Grund für seinen Tod. Aber
Volgin braucht keine Gründe.
","Es gab keinen Grund für seinen Tod. Aber
Volgin braucht keine Gründe.
"
0xc241,"Wenn er erst einmal in Rage gerät, hält ihn
nichts mehr auf. Dann ist er wie ein Tier.
","Wenn er erst einmal in Rage gerät, hält ihn
nichts mehr auf. Dann ist er wie ein Tier.
"
0xc29b,"Hat er dich in Verdacht?
","Hat er dich in Verdacht?
"
0xc2b5,"Ich bin mir nicht sicher. Ich fürchte aber, ich
könnte als nächste gegrillt werden.
","Ich bin mir nicht sicher. Ich fürchte aber, ich
könnte als nächste gegrillt werden.
"
0xc30d,"Nachdem ich Granin gesehen habe, rechne ich
nicht mit Gnade, wenn er etwas erführe.
","Nachdem ich Granin gesehen habe, rechne ich
nicht mit Gnade, wenn er etwas erführe.
"
0xc363,"Sei vorsichtig.
","Sei vorsichtig.
"
0xc374,"Du auch.
","Du auch.
"
0xc37e,"EVA, der Fluchtplan ...
","EVA, der Fluchtplan ...
"
0xc397,"Ja, wir fliehen mit einem WIG.
","Ja, wir fliehen mit einem WIG.
"
0xc3b7,"Dem Schwebeboot.
","Dem Schwebeboot.
"
0xc3c9,"Genau. Hier nennt man es „Ekranoplan"".
","Genau. Hier nennt man es „Ekranoplan"".
"
0xc3f3,"Die Sowjetunion hat die Erprobung eines
solchen Gefährts bereits abgeschlossen?
","Die Sowjetunion hat die Erprobung eines
solchen Gefährts bereits abgeschlossen?
"
0xc445,"Nein, es ist nur ein Prototyp, den man dem
GRU gegeben hat.
","Nein, es ist nur ein Prototyp, den man dem
GRU gegeben hat.
"
0xc482,"Er wurde zum Ausspionieren und Zerstören
amerikanischer U-Boote entwickelt. Darum
kann er so weit fahren und erreicht eine
Geschwindigkeit von 760 km/h.
","Er wurde zum Ausspionieren und Zerstören
amerikanischer U-Boote entwickelt. Darum
kann er so weit fahren und erreicht eine
Geschwindigkeit von 760 km/h.
"
0xc51d,"Damit ist er dem vor drei Jahren entwickelten
Be-1 bei weitem überlegen.
","Damit ist er dem vor drei Jahren entwickelten
Be-1 bei weitem überlegen.
"
0xc568,"Das Problem für uns besteht darin, dass
dieses WIG hier keine Waffen an Bord hat.
","Das Problem für uns besteht darin, dass
dieses WIG hier keine Waffen an Bord hat.
"
0xc5bc,"Sollten wir verfolgt werden, können wir nur
darauf hoffen, dass wir den Gegner
abschütteln können.
","Sollten wir verfolgt werden, können wir nur
darauf hoffen, dass wir den Gegner
abschütteln können.
"
0xc623,"Das überlasse ich dir.
","Das überlasse ich dir.
"
0xc63c,"Tut mir Leid, falls ich keine Zeit habe, für dich
Stewardess zu spielen.
","Tut mir Leid, falls ich keine Zeit habe, für dich
Stewardess zu spielen.
"
0xc687,"Snake, hast du von dem Massaker im Wald
beim Dorf Gnezdovo gehört?
","Snake, hast du von dem Massaker im Wald
beim Dorf Gnezdovo gehört?
"
0xc6cc,"Das „Massaker von Katyn"", richtig?
","Das „Massaker von Katyn"", richtig?
"
0xc6f2,"Im Zweiten Weltkrieg fanden deutsche Truppen
die Leichen von 4.000 Polen im Wald von
Katyn.
","Im Zweiten Weltkrieg fanden deutsche Truppen
die Leichen von 4.000 Polen im Wald von
Katyn.
"
0xc74f,"Deutschland beschuldigte die Sowjetunion, die
es jedoch abstritt und wiederum Deutschland
den Schwarzen Peter zuschob.
","Deutschland beschuldigte die Sowjetunion, die
es jedoch abstritt und wiederum Deutschland
den Schwarzen Peter zuschob.
"
0xc7c7,"In Wahrheit befahl Stalin der NKVD die Morde.
","In Wahrheit befahl Stalin der NKVD die Morde.
"
0xc7f6,"Und Katyn ist nicht die einzige Stätte.
","Und Katyn ist nicht die einzige Stätte.
"
0xc820,"In der westlichen Ukraine und Weißrussland
waren mindestens 20.000 Polen in Lagern
inhaftiert.
","In der westlichen Ukraine und Weißrussland
waren mindestens 20.000 Polen in Lagern
inhaftiert.
"
0xc881,"Warum erzählst du mir das alles?
","Warum erzählst du mir das alles?
"
0xc8a4,"Volgin war einer der Verantwortlichen, einer
der gemeinsten Fadenzieher bei diesen
Maßnahmen.
","Volgin war einer der Verantwortlichen, einer
der gemeinsten Fadenzieher bei diesen
Maßnahmen.
"
0xc904,"Volgin?
","Volgin?
"
0xc90d,"Um Bedenken aus dem Weg zu räumen, schob
er es auf einen Gefangenenaufstand. So
konnte er die Hinrichtungen anordnen.
","Um Bedenken aus dem Weg zu räumen, schob
er es auf einen Gefangenenaufstand. So
konnte er die Hinrichtungen anordnen.
"
0xc985,"Ich habe gehört, dass Volgin sogar die Binde
von jedem Gefangenen abnahm, bevor er ihn
erschlug.
","Ich habe gehört, dass Volgin sogar die Binde
von jedem Gefangenen abnahm, bevor er ihn
erschlug.
"
0xc9e8,"Ich wusste ja, dass er nicht ganz bei Verstand
ist, aber das ...
","Ich wusste ja, dass er nicht ganz bei Verstand
ist, aber das ...
"
0xca2a,"Keine sehr angenehme Bekanntschaft.
","Keine sehr angenehme Bekanntschaft.
"
0xca4f,"Gut gefahren, EVA.
","Gut gefahren, EVA.
"
0xca63,"Wirklich?
","Wirklich?
"
0xca6e,"Draufgängerisch und doch sehr akkurat. Solche
Fahrkünste lernt man nicht auf die Schnelle.
","Draufgängerisch und doch sehr akkurat. Solche
Fahrkünste lernt man nicht auf die Schnelle.
"
0xcacc,"Ich habe doch gesagt, du kannst mir vertrauen.
Ich liebe Motorräder.
","Ich habe doch gesagt, du kannst mir vertrauen.
Ich liebe Motorräder.
"
0xcb13,"Derartige Manöver mit einem Motorrad sind
kein Kinderspiel.
","Derartige Manöver mit einem Motorrad sind
kein Kinderspiel.
"
0xcb51,"Glaubst du mir jetzt?
","Glaubst du mir jetzt?
"
0xcb68,"Ich glaube, ich verzichte aber auf eine
Tandemfahrt mit dir.
","Ich glaube, ich verzichte aber auf eine
Tandemfahrt mit dir.
"
0xcba6,"Schade.
","Schade.
"
0xcbaf,"Nur die Wachposten können die Tür zum
Westflügel öffnen.
","Nur die Wachposten können die Tür zum
Westflügel öffnen.
"
0xcbed,"Wenn du alle ausschaltest, kommst du nicht
rein.
","Wenn du alle ausschaltest, kommst du nicht
rein.
"
0xcc1f,"Verlasse das Gebiet und geh später zurück.
","Verlasse das Gebiet und geh später zurück.
"
0xcc4d,"Übrigens, Snake. Hast du einen Calorie Mate?
","Übrigens, Snake. Hast du einen Calorie Mate?
"
0xcc7c,"Ja.
","Ja.
"
0xcc81,"Schmeckt er?
","Schmeckt er?
"
0xcc8f,"Ja.
","Ja.
"
0xcc94,"Ich habe ihn noch nicht probiert.
","Ich habe ihn noch nicht probiert.
"
0xccb7,"Oh ...
","Oh ...
"
0xccbf,"Möchtest du ihn?
","Möchtest du ihn?
"
0xccd2,"Was?
","Was?
"
0xccd8,"Möchtest du den Calorie Mate?
","Möchtest du den Calorie Mate?
"
0xccf8,"Wa...was sagst du da?
","Wa...was sagst du da?
"
0xcd0f,"Du willst ihn doch, oder?
","Du willst ihn doch, oder?
"
0xcd2a,"Das habe ich nicht gesagt.
","Das habe ich nicht gesagt.
"
0xcd46,"Also willst du ihn nicht.
","Also willst du ihn nicht.
"
0xcd61,"Nein ...
","Nein ...
"
0xcd6b,"... aber ... wenn du ihn mir als Zeichen der
Dankbarkeit dafür geben möchtest, dass ich dir
geholfen habe, dann würde ich ihn natürlich
nicht ablehnen.
","... aber ... wenn du ihn mir als Zeichen der
Dankbarkeit dafür geben möchtest, dass ich dir
geholfen habe, dann würde ich ihn natürlich
nicht ablehnen.
"
0xce08,"Machst du gerade eine Diät?
","Machst du gerade eine Diät?
"
0xce26,"Warum fragst du das?
","Warum fragst du das?
"
0xce3c,"Calorie Mate soll sehr wirksam bei der
Gewichtsabnahme helfen.
","Calorie Mate soll sehr wirksam bei der
Gewichtsabnahme helfen.
"
0xce7c,"Willst du damit sagen, dass ich dick bin?
","Willst du damit sagen, dass ich dick bin?
"
0xcea7,"Nein ...
","Nein ...
"
0xceb1,"Ich mache keine Diät. Das habe ich nicht nötig.
Ich wollte es nur einmal probieren.
","Ich mache keine Diät. Das habe ich nicht nötig.
Ich wollte es nur einmal probieren.
"
0xcf08,"Oh, tut mir Leid.
","Oh, tut mir Leid.
"
0xcf1b,"Sei vorsichtig, was du sagst.
","Sei vorsichtig, was du sagst.
"
0xcf3a,"Ja, tut mir Leid.
","Ja, tut mir Leid.
"
0xcf4d,"Und, stimmt es also?
","Und, stimmt es also?
"
0xcf63,"Stimmt was?
","Stimmt was?
"
0xcf70,"Dass man damit gut abnehmen kann.
","Dass man damit gut abnehmen kann.
"
0xcf93,"Ja.
","Ja.
"
0xcf98,"Calorie Mate ist eine ausgewogene
Nahrungsergänzung und Energiequelle, die
einem das Kalorienzählen leicht macht.
","Calorie Mate ist eine ausgewogene
Nahrungsergänzung und Energiequelle, die
einem das Kalorienzählen leicht macht.
"
0xd00d,"Darum ist es angeblich so gut zum Abnehmen.
","Darum ist es angeblich so gut zum Abnehmen.
"
0xd03a,"Aha, verstehe ...
","Aha, verstehe ...
"
0xd04d,"Wie ich höre, nehmen es alle Geishas in
Japan.
","Wie ich höre, nehmen es alle Geishas in
Japan.
"
0xd07e,"Geishas?
","Geishas?
"
0xd088,"Ja.
","Ja.
"
0xd08d,"Das habe ich noch nie gehört.
","Das habe ich noch nie gehört.
"
0xd0ad,"Wirklich nicht?
","Wirklich nicht?
"
0xd0be,"Nein. Bestimmt benutzt die eine oder andere
Geisha Calorie Mate um abzunehmen, aber
doch wohl kaum alle Geishas.
","Nein. Bestimmt benutzt die eine oder andere
Geisha Calorie Mate um abzunehmen, aber
doch wohl kaum alle Geishas.
"
0xd130,"Vielleicht nicht ...
","Vielleicht nicht ...
"
0xd146,"Snake! Was ist mit dir geschehen? Snake!
SNAKE!!
","Snake! Was ist mit dir geschehen? Snake!
SNAKE!!
"
0xd178,"Snake! Antworte mir! Snake! SNAKE!!
","Snake! Antworte mir! Snake! SNAKE!!
"
0xd19d,"Snake, was ist los!? Snake! SNAKE!!
","Snake, was ist los!? Snake! SNAKE!!
"
0xd1c2,"Snake, tu so etwas nicht mit mir! SNAKE!!
","Snake, tu so etwas nicht mit mir! SNAKE!!
"
0xd1ed,"Nein ... das kann nicht wahr sein! Snake!
SNAKE!!
","Nein ... das kann nicht wahr sein! Snake!
SNAKE!!
"
0xd220,"Keine antwort.
","Keine antwort.
"
0xd230,"EVA, ich wollte dich nach Ocelot fragen ...
","EVA, ich wollte dich nach Ocelot fragen ...
"
0xd25d,"Ja, ich weiß. Er ist ganz schön auf dich fixiert,
nicht wahr?
","Ja, ich weiß. Er ist ganz schön auf dich fixiert,
nicht wahr?
"
0xd29e,"Das habe ich nicht gemeint. Sind die Ocelots
keine Eliteeinheit?
","Das habe ich nicht gemeint. Sind die Ocelots
keine Eliteeinheit?
"
0xd2e0,"Ja.
","Ja.
"
0xd2e5,"Wie kann er dann ihr Kommandeur sein? Er ist
doch höchstens 18 oder 19. Wie kann er da
schon Major sein?
","Wie kann er dann ihr Kommandeur sein? Er ist
doch höchstens 18 oder 19. Wie kann er da
schon Major sein?
"
0xd350,"Der Oberst erwähnte, dass er eine ...
Sonderbehandlung erfährt.
","Der Oberst erwähnte, dass er eine ...
Sonderbehandlung erfährt.
"
0xd393,"Sonderbehandlung?
","Sonderbehandlung?
"
0xd3a6,"Ja. Er ist der Sohn eines legendären Helden
oder so.
","Ja. Er ist der Sohn eines legendären Helden
oder so.
"
0xd3dd,"Kein Wunder, dass er so gut ausgerüstet ist ...
Wer ist also sein legendärer Vater?
","Kein Wunder, dass er so gut ausgerüstet ist ...
Wer ist also sein legendärer Vater?
"
0xd434,"Keine Ahnung.
","Keine Ahnung.
"
0xd443,"...
","...
"
0xd448,"Das hat mir der Oberst nicht gesagt.
","Das hat mir der Oberst nicht gesagt.
"
0xd46e,"Ich habe nur gehört, dass seine Mutter
angeblich während eines Kampfes einen
Bauchschuss erlitt
","Ich habe nur gehört, dass seine Mutter
angeblich während eines Kampfes einen
Bauchschuss erlitt
"
0xd4d1,"und sofort durch einen Kaiserschnitt entbunden
werden musste. Er wurde also inmitten eines
Kugelhagels geboren.
","und sofort durch einen Kaiserschnitt entbunden
werden musste. Er wurde also inmitten eines
Kugelhagels geboren.
"
0xd542,"Eine schwangere Frau mitten im
Schlachtgetümmel?
","Eine schwangere Frau mitten im
Schlachtgetümmel?
"
0xd575,"Das habe ich gehört. Es heißt, dass die Naht
die Form einer Schlange annahm.
","Das habe ich gehört. Es heißt, dass die Naht
die Form einer Schlange annahm.
"
0xd5c5,"Tja, das ist eben medizinische Kunst auf dem
Schlachtfeld. Was ist mit seinem Vater, dem
legendären Helden?
","Tja, das ist eben medizinische Kunst auf dem
Schlachtfeld. Was ist mit seinem Vater, dem
legendären Helden?
"
0xd633,"Über ihn hat er mir nichts erzählt. Ich glaube
nicht, dass Ocelot seine Eltern kennt.
","Über ihn hat er mir nichts erzählt. Ich glaube
nicht, dass Ocelot seine Eltern kennt.
"
0xd68c,"Sind sie tot?
","Sind sie tot?
"
0xd69b,"Vielleicht, ich weiß es nicht. Damals, in den
letzten Kriegstagen, gab es viele Vermisste.
","Vielleicht, ich weiß es nicht. Damals, in den
letzten Kriegstagen, gab es viele Vermisste.
"
0xd6f8,"Ocelot hätte vermutlich ein ähnliches Schicksal
ereilt, wenn ihn die GRU und Volgin nicht
aufgezogen hätten.
","Ocelot hätte vermutlich ein ähnliches Schicksal
ereilt, wenn ihn die GRU und Volgin nicht
aufgezogen hätten.
"
0xd769,"Weil er etwas Besonderes war?
","Weil er etwas Besonderes war?
"
0xd788,"Das nehme ich an.
","Das nehme ich an.
"
