0x109c,"PERSONAL DATA [1/4]

CODENAME:MAJOR TOM
SEX:MALE
AGE:55
NATIONALITY:U.K
BIRTHDATE:8/12/1909
BIRTHPLACE:EXETER,ENG.
ADDRESS:PORTSMOUTH,NH.
","PERSONAL DATA [1/4]

CODENAME:MAJOR TOM
SEX:MALE
AGE:55
NATIONALITY:U.K
BIRTHDATE:8/12/1909
BIRTHPLACE:EXETER,ENG.
ADDRESS:PORTSMOUTH,NH.
"
0x1127,"PERSONAL DATA [1/4]

CODENAME:MAJOR ZERO
SEX:MALE
AGE:55
NATIONALITY:U.K
BIRTHDATE:8/12/1909
BIRTHPLACE:EXETER,ENG.
ADDRESS:PORTSMOUTH,NH.
","PERSONAL DATA [1/4]

CODENAME:MAJOR ZERO
SEX:MALE
AGE:55
NATIONALITY:U.K
BIRTHDATE:8/12/1909
BIRTHPLACE:EXETER,ENG.
ADDRESS:PORTSMOUTH,NH.
"
0x11b3,"PERSONAL DATA [2/4]

HEIGHT:6% 5/8~
WEIGHT:174q
HAIR:GREY
EYE:GREYISH BLUE
SKIN:WHITE
VOICE:JIM PIDDOCK
MTN ACTR:TAKASHI KUBO
","PERSONAL DATA [2/4]

HEIGHT:6% 5/8~
WEIGHT:174q
HAIR:GREY
EYE:GREYISH BLUE
SKIN:WHITE
VOICE:JIM PIDDOCK
MTN ACTR:TAKASHI KUBO
"
0x1232,"PERSONAL DATA [3/4]

EYESIGHT:20/13
BLOOD TYPE:A
PAST ILLNESSES:GOUT
FAMILY:PARENTS,A SISTER
HOBBY:MOVIE,HUNTING
FVRT FOOD:SHEPHERD'S PIE
UNFVRT FOOD:HAMBURGER
","PERSONAL DATA [3/4]

EYESIGHT:20/13
BLOOD TYPE:A
PAST ILLNESSES:GOUT
FAMILY:PARENTS,A SISTER
HOBBY:MOVIE,HUNTING
FVRT FOOD:SHEPHERD'S PIE
UNFVRT FOOD:HAMBURGER
"
0x12d3,"PERSONAL DATA [4/4]

FVRT MOVIE:SPY/WAR MOVIE
FVRT ANIMAL:HORSE
FVRT LIQUOR:WHISKEY
FVRT SPORT:RUGBY
FVRT TEA:DIMBULA
FVRT UMA:NESSIE
MOTTO:WHO DARES WINS
","PERSONAL DATA [4/4]

FVRT MOVIE:SPY/WAR MOVIE
FVRT ANIMAL:HORSE
FVRT LIQUOR:WHISKEY
FVRT SPORT:RUGBY
FVRT TEA:DIMBULA
FVRT UMA:NESSIE
MOTTO:WHO DARES WINS
"
0x136f,"PERSONAL DATA [1/3]

CODENAME:MAJOR TOM
SEX:MALE
AGE:55
NATIONALITY:U.K
BIRTHDATE:8/12/1909
BIRTHPLACE:EXETER,ENG.
ADDRESS:PORTSMOUTH,NH.
","PERSONAL DATA [1/3]

CODENAME:MAJOR TOM
SEX:MALE
AGE:55
NATIONALITY:U.K
BIRTHDATE:8/12/1909
BIRTHPLACE:EXETER,ENG.
ADDRESS:PORTSMOUTH,NH.
"
0x13fa,"PERSONAL DATA [1/3]

CODENAME:MAJOR ZERO
SEX:MALE
AGE:55
NATIONALITY:U.K
BIRTHDATE:8/12/1909
BIRTHPLACE:EXETER,ENG.
ADDRESS:PORTSMOUTH,NH.
","PERSONAL DATA [1/3]

CODENAME:MAJOR ZERO
SEX:MALE
AGE:55
NATIONALITY:U.K
BIRTHDATE:8/12/1909
BIRTHPLACE:EXETER,ENG.
ADDRESS:PORTSMOUTH,NH.
"
0x1486,"PERSONAL DATA [2/3]

HEIGHT:6% 5/8~
WEIGHT:174q
HAIR:GREY
EYE:GREYISH BLUE
SKIN:WHITE
VOICE:JIM PIDDOCK
MTN ACTR:TAKASHI KUBO
","PERSONAL DATA [2/3]

HEIGHT:6% 5/8~
WEIGHT:174q
HAIR:GREY
EYE:GREYISH BLUE
SKIN:WHITE
VOICE:JIM PIDDOCK
MTN ACTR:TAKASHI KUBO
"
0x1505,"PERSONAL DATA [3/3]

EYESIGHT:20/13
BLOOD TYPE:A
PAST ILLNESSES:GOUT
FAMILY:PARENTS,A SISTER
HOBBY:MOVIE,HUNTING
FVRT FOOD:SHEPHERD'S PIE
UNFVRT FOOD:HAMBURGER
","PERSONAL DATA [3/3]

EYESIGHT:20/13
BLOOD TYPE:A
PAST ILLNESSES:GOUT
FAMILY:PARENTS,A SISTER
HOBBY:MOVIE,HUNTING
FVRT FOOD:SHEPHERD'S PIE
UNFVRT FOOD:HAMBURGER
"
0x15a6,"PERSONAL DATA [1/2]

CODENAME:MAJOR TOM
SEX:MALE
AGE:55
NATIONALITY:U.K
BIRTHDATE:8/12/1909
BIRTHPLACE:EXETER,ENG.
ADDRESS:PORTSMOUTH,NH.
","PERSONAL DATA [1/2]

CODENAME:MAJOR TOM
SEX:MALE
AGE:55
NATIONALITY:U.K
BIRTHDATE:8/12/1909
BIRTHPLACE:EXETER,ENG.
ADDRESS:PORTSMOUTH,NH.
"
0x1631,"PERSONAL DATA [1/2]

CODENAME:MAJOR ZERO
SEX:MALE
AGE:55
NATIONALITY:U.K
BIRTHDATE:8/12/1909
BIRTHPLACE:EXETER,ENG.
ADDRESS:PORTSMOUTH,NH.
","PERSONAL DATA [1/2]

CODENAME:MAJOR ZERO
SEX:MALE
AGE:55
NATIONALITY:U.K
BIRTHDATE:8/12/1909
BIRTHPLACE:EXETER,ENG.
ADDRESS:PORTSMOUTH,NH.
"
0x16bd,"PERSONAL DATA [2/2]

HEIGHT:6% 5/8~
WEIGHT:174q
HAIR:GREY
EYE:GREYISH BLUE
SKIN:WHITE
VOICE:JIM PIDDOCK
MTN ACTR:TAKASHI KUBO
","PERSONAL DATA [2/2]

HEIGHT:6% 5/8~
WEIGHT:174q
HAIR:GREY
EYE:GREYISH BLUE
SKIN:WHITE
VOICE:JIM PIDDOCK
MTN ACTR:TAKASHI KUBO
"
0x173c,"PERSONAL DATA [1/1]

CODENAME:MAJOR TOM
SEX:MALE
AGE:55
NATIONALITY:U.K
BIRTHDATE:8/12/1909
BIRTHPLACE:EXETER,ENG.
ADDRESS:PORTSMOUTH,NH.
","PERSONAL DATA [1/1]

CODENAME:MAJOR TOM
SEX:MALE
AGE:55
NATIONALITY:U.K
BIRTHDATE:8/12/1909
BIRTHPLACE:EXETER,ENG.
ADDRESS:PORTSMOUTH,NH.
"
0x17c7,"PERSONAL DATA [1/1]

CODENAME:MAJOR ZERO
SEX:MALE
AGE:55
NATIONALITY:U.K
BIRTHDATE:8/12/1909
BIRTHPLACE:EXETER,ENG.
ADDRESS:PORTSMOUTH,NH.
","PERSONAL DATA [1/1]

CODENAME:MAJOR ZERO
SEX:MALE
AGE:55
NATIONALITY:U.K
BIRTHDATE:8/12/1909
BIRTHPLACE:EXETER,ENG.
ADDRESS:PORTSMOUTH,NH.
"
0x1853,"PERSONAL DATA [1/1]

CODENAME:THE BOSS
SEX:FEMALE
AGE:UNKNOWN
NATIONALITY:U.S.A
BIRTHDATE:UNKNOWN
BIRTHPLACE:UNKNOWN
ADDRESS:UNKNOWN
","PERSONAL DATA [1/1]

CODENAME:THE BOSS
SEX:FEMALE
AGE:UNKNOWN
NATIONALITY:U.S.A
BIRTHDATE:UNKNOWN
BIRTHPLACE:UNKNOWN
ADDRESS:UNKNOWN
"
0x18d9,"PERSONAL DATA [1/2]

CODENAME:THE BOSS
SEX:FEMALE
AGE:UNKNOWN
NATIONALITY:U.S.A
BIRTHDATE:UNKNOWN
BIRTHPLACE:UNKNOWN
ADDRESS:UNKNOWN
","PERSONAL DATA [1/2]

CODENAME:THE BOSS
SEX:FEMALE
AGE:UNKNOWN
NATIONALITY:U.S.A
BIRTHDATE:UNKNOWN
BIRTHPLACE:UNKNOWN
ADDRESS:UNKNOWN
"
0x195f,"PERSONAL DATA [2/2]

HEIGHT:5% 10~
WEIGHT:UNKNOWN
HAIR:BROWNISH GREY
EYE:BLUE
VOICE:LORI ALAN
MTN ACTR:ERIKO HIRATA
BLOOD TYPE:UNKNOWN
","PERSONAL DATA [2/2]

HEIGHT:5% 10~
WEIGHT:UNKNOWN
HAIR:BROWNISH GREY
EYE:BLUE
VOICE:LORI ALAN
MTN ACTR:ERIKO HIRATA
BLOOD TYPE:UNKNOWN
"
0x19e7,"PERSONAL DATA [1/4]

CODENAME:PARA-MEDIC
SEX:FEMALE
AGE:28
NATIONALITY:U.S.A
BIRTHDATE:6/22/1936
BIRTHPLACE:BOSTON,MA.
ADDRESS:BOSTON,MA.
","PERSONAL DATA [1/4]

CODENAME:PARA-MEDIC
SEX:FEMALE
AGE:28
NATIONALITY:U.S.A
BIRTHDATE:6/22/1936
BIRTHPLACE:BOSTON,MA.
ADDRESS:BOSTON,MA.
"
0x1a72,"PERSONAL DATA [2/4]

HEIGHT:5% 5 7/8~
WEIGHT:TOP SECRET
HAIR:RED
EYE:BROWN
SKIN:WHITE
VOICE:HEATHER HALLEY
MTN ACTR:ERIKO HIRATA
","PERSONAL DATA [2/4]

HEIGHT:5% 5 7/8~
WEIGHT:TOP SECRET
HAIR:RED
EYE:BROWN
SKIN:WHITE
VOICE:HEATHER HALLEY
MTN ACTR:ERIKO HIRATA
"
0x1af4,"PERSONAL DATA [3/4]

EYESIGHT:20/25
BLOOD TYPE:B
PAST ILLNESSES:NONE
FAMILY:PARENTS,2 BROTHERS
HOBBY:MOVIE
FVRT FOOD:SUSHI
UNFVRT FOOD:CRAB
","PERSONAL DATA [3/4]

EYESIGHT:20/25
BLOOD TYPE:B
PAST ILLNESSES:NONE
FAMILY:PARENTS,2 BROTHERS
HOBBY:MOVIE
FVRT FOOD:SUSHI
UNFVRT FOOD:CRAB
"
0x1b81,"PERSONAL DATA [4/4]

FVRT MOVIE:EVERY MOVIE
FVRT ANIMAL:LITTLE BIRD
FVRT LIQUOR:JAPANESE SAKE
MEASUREMENTS:TOP SECRET!
TRETMNT SPCLTY:INJECTION
FVRT MASCOT:KEROTAN,GA-KO
FVRT MNSTR:VENUSIAN
","PERSONAL DATA [4/4]

FVRT MOVIE:EVERY MOVIE
FVRT ANIMAL:LITTLE BIRD
FVRT LIQUOR:JAPANESE SAKE
MEASUREMENTS:TOP SECRET!
TRETMNT SPCLTY:INJECTION
FVRT MASCOT:KEROTAN,GA-KO
FVRT MNSTR:VENUSIAN
"
0x1c40,"PERSONAL DATA [1/3]

CODENAME:PARA-MEDIC
SEX:FEMALE
AGE:28
NATIONALITY:U.S.A
BIRTHDATE:6/22/1936
BIRTHPLACE:BOSTON,MA.
ADDRESS:BOSTON,MA.
","PERSONAL DATA [1/3]

CODENAME:PARA-MEDIC
SEX:FEMALE
AGE:28
NATIONALITY:U.S.A
BIRTHDATE:6/22/1936
BIRTHPLACE:BOSTON,MA.
ADDRESS:BOSTON,MA.
"
0x1ccb,"PERSONAL DATA [2/3]

HEIGHT:5% 5 7/8~
WEIGHT:TOP SECRET
HAIR:RED
EYE:BROWN
SKIN:WHITE
VOICE:HEATHER HALLEY
MTN ACTR:ERIKO HIRATA
","PERSONAL DATA [2/3]

HEIGHT:5% 5 7/8~
WEIGHT:TOP SECRET
HAIR:RED
EYE:BROWN
SKIN:WHITE
VOICE:HEATHER HALLEY
MTN ACTR:ERIKO HIRATA
"
0x1d4d,"PERSONAL DATA [3/3]

EYESIGHT:20/25
BLOOD TYPE:B
PAST ILLNESSES:NONE
FAMILY:PARENTS,2 BROTHERS
HOBBY:MOVIE
FVRT FOOD:SUSHI
UNFVRT FOOD:CRAB
","PERSONAL DATA [3/3]

EYESIGHT:20/25
BLOOD TYPE:B
PAST ILLNESSES:NONE
FAMILY:PARENTS,2 BROTHERS
HOBBY:MOVIE
FVRT FOOD:SUSHI
UNFVRT FOOD:CRAB
"
0x1dda,"PERSONAL DATA [1/2]

CODENAME:PARA-MEDIC
SEX:FEMALE
AGE:28
NATIONALITY:U.S.A
BIRTHDATE:6/22/1936
BIRTHPLACE:BOSTON,MA.
ADDRESS:BOSTON,MA.
","PERSONAL DATA [1/2]

CODENAME:PARA-MEDIC
SEX:FEMALE
AGE:28
NATIONALITY:U.S.A
BIRTHDATE:6/22/1936
BIRTHPLACE:BOSTON,MA.
ADDRESS:BOSTON,MA.
"
0x1e65,"PERSONAL DATA [2/2]

HEIGHT:5% 5 7/8~
WEIGHT:TOP SECRET
HAIR:RED
EYE:BROWN
SKIN:WHITE
VOICE:HEATHER HALLEY
MTN ACTR:ERIKO HIRATA
","PERSONAL DATA [2/2]

HEIGHT:5% 5 7/8~
WEIGHT:TOP SECRET
HAIR:RED
EYE:BROWN
SKIN:WHITE
VOICE:HEATHER HALLEY
MTN ACTR:ERIKO HIRATA
"
0x1ee7,"PERSONAL DATA [1/1]

CODENAME:PARA-MEDIC
SEX:FEMALE
AGE:28
NATIONALITY:U.S.A
BIRTHDATE:6/22/1936
BIRTHPLACE:BOSTON,MA.
ADDRESS:BOSTON,MA.
","PERSONAL DATA [1/1]

CODENAME:PARA-MEDIC
SEX:FEMALE
AGE:28
NATIONALITY:U.S.A
BIRTHDATE:6/22/1936
BIRTHPLACE:BOSTON,MA.
ADDRESS:BOSTON,MA.
"
0x1f72,"Snake, zunächst musst du den Rucksack
finden, den du bei deinem Freifall-Sprung
verloren hast.
","Snake, zunächst musst du den Rucksack
finden, den du bei deinem Freifall-Sprung
verloren hast.
"
0x1fd3,"Dein Rucksack hängt in einem Baum nördlich
von dir fest. Geh in die Richtung.
","Dein Rucksack hängt in einem Baum nördlich
von dir fest. Geh in die Richtung.
"
0x2024,"Snake, du sagtest doch, dein Rucksack hänge
an einem Ast, nicht wahr?
","Snake, du sagtest doch, dein Rucksack hänge
an einem Ast, nicht wahr?
"
0x206c,"Ja.
","Ja.
"
0x2071,"Rankte Efeu an dem Baum?
","Rankte Efeu an dem Baum?
"
0x208b,"Ja, aber ...
","Ja, aber ...
"
0x2099,"Perfekt.
","Perfekt.
"
0x20a3,"Perfekt?
","Perfekt?
"
0x20ad,"Ja.
","Ja.
"
0x20b2,"Du kannst jeden Efeu bewachsenen Baum
hochklettern, indem du dich vor den Efeu
stellst und die Aktionstaste drückst.
","Du kannst jeden Efeu bewachsenen Baum
hochklettern, indem du dich vor den Efeu
stellst und die Aktionstaste drückst.
"
0x2129,"Klettere den Baum hoch und hole deinen
Rucksack.
","Klettere den Baum hoch und hole deinen
Rucksack.
"
0x215b,"Sokolov müsste in der verlassenen Fabrik
nördlich von dir sein. Geh in diese Richtung.
","Sokolov müsste in der verlassenen Fabrik
nördlich von dir sein. Geh in diese Richtung.
"
0x21b5,"Snake, unseren Informationen zufolge liegt das
Gebiet außerhalb der Postenkette des Feindes.
","Snake, unseren Informationen zufolge liegt das
Gebiet außerhalb der Postenkette des Feindes.
"
0x2214,"Daher dürfte es keine unerwarteten Treffen mit
feindlichen Patrouillen geben.
","Daher dürfte es keine unerwarteten Treffen mit
feindlichen Patrouillen geben.
"
0x2264,"Ich finde, es wäre eine gute Idee, wenn du die
Zeit dazu nutzen würdest, um dich mit deiner
Tarnung vertraut zu machen, Essen zu suchen
","Ich finde, es wäre eine gute Idee, wenn du die
Zeit dazu nutzen würdest, um dich mit deiner
Tarnung vertraut zu machen, Essen zu suchen
"
0x22ef,"und dir die Überlebensanzeige genau
anzusehen.
","und dir die Überlebensanzeige genau
anzusehen.
"
0x2320,"Wenn du Fragen zur Tarnung oder zum CQC
(Nahkampf) hast, frage The Boss.
","Wenn du Fragen zur Tarnung oder zum CQC
(Nahkampf) hast, frage The Boss.
"
0x236a,"The Boss' Frequenz ist 141.80.
","The Boss' Frequenz ist 141.80.
"
0x238a,"Para-Medic ist die medizinische Spezialistin für
diesen Einsatz. Frage sie, wie du an Nahrung
kommst und Verletzungen behandelst.
","Para-Medic ist die medizinische Spezialistin für
diesen Einsatz. Frage sie, wie du an Nahrung
kommst und Verletzungen behandelst.
"
0x240e,"Außerdem hat sie Unterlagen zur Tier- und
Pflanzenwelt im Einsatzgebiet.
","Außerdem hat sie Unterlagen zur Tier- und
Pflanzenwelt im Einsatzgebiet.
"
0x2459,"Wende dich an sie, wenn du ausführliche
Informationen zu Pflanzen oder Tieren
benötigst, auf die du stößt.
","Wende dich an sie, wenn du ausführliche
Informationen zu Pflanzen oder Tieren
benötigst, auf die du stößt.
"
0x24c9,"Para-Medics Frequenz ist 145.73.
","Para-Medics Frequenz ist 145.73.
"
0x24eb,"Snake, Sokolov wird im nordöstlichen Bereich
der Fabrik gefangen gehalten.
","Snake, Sokolov wird im nordöstlichen Bereich
der Fabrik gefangen gehalten.
"
0x2538,"Verstanden. Im Nordosten.
","Verstanden. Im Nordosten.
"
0x2553,"Ja. Und lasse dich auf keine Schusswechsel
mit dem Gegner ein.
","Ja. Und lasse dich auf keine Schusswechsel
mit dem Gegner ein.
"
0x2593,"Ziel des Einsatzes ist es, Sokolov sicher
zurückzubringen, sonst nichts.
","Ziel des Einsatzes ist es, Sokolov sicher
zurückzubringen, sonst nichts.
"
0x25de,"Kontaktiere Sokolov, ohne dass dich der Feind
entdeckt, und bringe Sokolov sicher raus.
","Kontaktiere Sokolov, ohne dass dich der Feind
entdeckt, und bringe Sokolov sicher raus.
"
0x2637,"Wenn du wirklich einen Gegner aus dem Weg
schaffen musst, benutze die
Betäubungspistole.
","Wenn du wirklich einen Gegner aus dem Weg
schaffen musst, benutze die
Betäubungspistole.
"
0x2692,"Snake, wie ich schon sagte: Dein Einsatz
lautet, Sokolov sicher zurückzubringen.
","Snake, wie ich schon sagte: Dein Einsatz
lautet, Sokolov sicher zurückzubringen.
"
0x26e5,"Du darfst Sokolov nicht gefährden. Du darfst
ihn nicht während der Alarmphase
kontaktieren. Auf keinen Fall.
","Du darfst Sokolov nicht gefährden. Du darfst
ihn nicht während der Alarmphase
kontaktieren. Auf keinen Fall.
"
0x2755,"Snake!
","Snake!
"
0x275d,"!!
","!!
"
0x2761,"Wo gehst du hin?
","Wo gehst du hin?
"
0x2773,"Äh, ich ...
","Äh, ich ...
"
0x2781,"Gibst du deinen Einsatz auf?
","Gibst du deinen Einsatz auf?
"
0x279f,"Natürlich nicht.
","Natürlich nicht.
"
0x27b2,"Das hätte ich auch nicht von dir erwartet.
","Das hätte ich auch nicht von dir erwartet.
"
0x27df,"Ich dachte auch nicht, dass Sie so etwas von
mir erwarteten.
","Ich dachte auch nicht, dass Sie so etwas von
mir erwarteten.
"
0x281d,"Hah hah hah.
","Hah hah hah.
"
0x282b,"Hah hah hah!
","Hah hah hah!
"
0x2839,"Sokolov ist wieder im Werk. Geh zurück in
Richtung Norden.
","Sokolov ist wieder im Werk. Geh zurück in
Richtung Norden.
"
0x2876,"Verstanden ...
","Verstanden ...
"
0x2886,"Snake, Vorsicht im Sumpf.
","Snake, Vorsicht im Sumpf.
"
0x28a1,"Warum?
","Warum?
"
0x28a9,"Er ist bodenlos.
","Er ist bodenlos.
"
0x28bb,"Ein bodenloser Sumpf?
","Ein bodenloser Sumpf?
"
0x28d2,"Ja. Der Schlamm im Sumpf hat eine hohe
Viskosität. Er klebt wie Teer am Körper. Du
kannst darin nicht schwimmen.
","Ja. Der Schlamm im Sumpf hat eine hohe
Viskosität. Er klebt wie Teer am Körper. Du
kannst darin nicht schwimmen.
"
0x2946,"Wenn dich der bodenlose Sumpf schluckt,
kannst du ohne fremde Hilfe nicht wieder
herauskommen.
","Wenn dich der bodenlose Sumpf schluckt,
kannst du ohne fremde Hilfe nicht wieder
herauskommen.
"
0x29a6,"Wenn du bis zum Kopf einsinkst, bist du
verloren. Sorge dafür, dass du dich befreist,
bevor es so weit kommt.
","Wenn du bis zum Kopf einsinkst, bist du
verloren. Sorge dafür, dass du dich befreist,
bevor es so weit kommt.
"
0x2a16,"Also muss ich darauf achten, dass ich nicht zu
tief einsinke. Verstanden.
","Also muss ich darauf achten, dass ich nicht zu
tief einsinke. Verstanden.
"
0x2a61,"Snake, warte.
","Snake, warte.
"
0x2a70,"Gibt es noch etwas?
","Gibt es noch etwas?
"
0x2a85,"Ja.
","Ja.
"
0x2a8a,"Was?
","Was?
"
0x2a90,"Krokodile.
","Krokodile.
"
0x2a9c,"Krokodile?
","Krokodile?
"
0x2aa8,"Ja.
","Ja.
"
0x2aad,"Krokodile? Wie das Reptil ...
","Krokodile? Wie das Reptil ...
"
0x2acc,"Korrekt. Genauer gesagt sind es
Ganges-Gaviale.
","Korrekt. Genauer gesagt sind es
Ganges-Gaviale.
"
0x2afd,"Was machen denn Krokodile so tief in diesem
Wald?
","Was machen denn Krokodile so tief in diesem
Wald?
"
0x2b30,"Danach musst du Para-Medic fragen.
Para-Medic?
","Danach musst du Para-Medic fragen.
Para-Medic?
"
0x2b60,"Ja.
","Ja.
"
0x2b65,"Der Ganges-Gavial ist ein Krokodil, das
ursprünglich in Süßwasserregionen Indiens und
Nepals beheimatet war.
","Der Ganges-Gavial ist ein Krokodil, das
ursprünglich in Süßwasserregionen Indiens und
Nepals beheimatet war.
"
0x2bd6,"Was machen indische Krokodile hier draußen?
","Was machen indische Krokodile hier draußen?
"
0x2c04,"Es sind ehemals in Gefangenschaft lebende
Krokodile, die zu Forschungszwecken hierher
gebracht wurden, aber entkamen und
auswilderten.
","Es sind ehemals in Gefangenschaft lebende
Krokodile, die zu Forschungszwecken hierher
gebracht wurden, aber entkamen und
auswilderten.
"
0x2c8c,"Ganges-Gaviale werden groß - ausgewachsene
Männchen können über sechs Meter lang
werden.
","Ganges-Gaviale werden groß - ausgewachsene
Männchen können über sechs Meter lang
werden.
"
0x2cea,"Sie werden nie einen lebendig fangen. Auch
nicht mit der Betäubungspistole.
","Sie werden nie einen lebendig fangen. Auch
nicht mit der Betäubungspistole.
"
0x2d38,"Verstanden. Also, wie ...
","Verstanden. Also, wie ...
"
0x2d53,"Schmecken sie? Ja, ich habe es recherchiert.
Sie wissen doch, was man allgemein sagt - wie
Hähnchen!
","Schmecken sie? Ja, ich habe es recherchiert.
Sie wissen doch, was man allgemein sagt - wie
Hähnchen!
"
0x2dba,"Klingt lecker.
","Klingt lecker.
"
0x2dca,"Ich habe das Fleisch probiert - es war köstlich!
","Ich habe das Fleisch probiert - es war köstlich!
"
0x2dfd,"Schön für Sie.
","Schön für Sie.
"
0x2e0f,"Seien Sie vorsichtig, wenn Sie einen
Ganges-Gavial fangen.
","Seien Sie vorsichtig, wenn Sie einen
Ganges-Gavial fangen.
"
0x2e4b,"Normalerweise sind es feige Kreaturen, doch
die im Wald sind kampflustig.
","Normalerweise sind es feige Kreaturen, doch
die im Wald sind kampflustig.
"
0x2e96,"Es heißt, sie greifen auch Menschen an.
","Es heißt, sie greifen auch Menschen an.
"
0x2ec0,"Was meinen Sie damit?
","Was meinen Sie damit?
"
0x2ed7,"Die Ganges-Gaviale waren nicht direkt das
Thema einer ernsthaften Forschung,
","Die Ganges-Gaviale waren nicht direkt das
Thema einer ernsthaften Forschung,
"
0x2f25,"aber manche Menschen glauben, dass ihre
Gefährlichkeit eine Nebenwirkung der
Kernforschung war, die in der Nähe
unternommen wurde.
","aber manche Menschen glauben, dass ihre
Gefährlichkeit eine Nebenwirkung der
Kernforschung war, die in der Nähe
unternommen wurde.
"
0x2fab,"Snake, Krokodile leben in dem Gebiet. Ein Biss
könnte Sie außer Gefecht setzen. Nähern Sie
sich ihnen nicht von vorne.
","Snake, Krokodile leben in dem Gebiet. Ein Biss
könnte Sie außer Gefecht setzen. Nähern Sie
sich ihnen nicht von vorne.
"
0x3026,"Du kannst dich verstecken, wenn du dich
hinlegst und in hohle, umgestürzte Bäume
kriechst.
","Du kannst dich verstecken, wenn du dich
hinlegst und in hohle, umgestürzte Bäume
kriechst.
"
0x3084,"Wenn du weiter willst, kriechst du einfach
hinaus.
","Wenn du weiter willst, kriechst du einfach
hinaus.
"
0x30b8,"Verstanden?
","Verstanden?
"
0x30c5,"Ja, aber ...
","Ja, aber ...
"
0x30d3,"Aber was?
","Aber was?
"
0x30de,"War das der einzige Grund?
","War das der einzige Grund?
"
0x30fa,"Was meinst du?
","Was meinst du?
"
0x310a,"Ich sollte ihn untersuchen, nur damit Sie mir
das sagen konnten?
","Ich sollte ihn untersuchen, nur damit Sie mir
das sagen konnten?
"
0x314c,"Ja.
","Ja.
"
0x3151,"...
","...
"
0x3156,"Nützlich, nicht wahr?
","Nützlich, nicht wahr?
"
0x316e,"... Ja, schon.
","... Ja, schon.
"
0x317e,"Sollen wir weitermachen?
","Sollen wir weitermachen?
"
0x3198,"Natürlich.
","Natürlich.
"
0x31a5,"In der Natur findest du viele Stellen,
in die du hineinkriechen und
","In der Natur findest du viele Stellen,
in die du hineinkriechen und
"
0x31ea,"dich vor Feinden verbergen kannst.
","dich vor Feinden verbergen kannst.
"
0x320e,"Es wäre dumm, diese Verstecke nicht zu
nutzen.
","Es wäre dumm, diese Verstecke nicht zu
nutzen.
"
0x323f,"Schau dich daher stets gut in der
Beobachtungsperspektive um.
","Schau dich daher stets gut in der
Beobachtungsperspektive um.
"
0x327e,"Snake, siehst du Grasbüschel?
","Snake, siehst du Grasbüschel?
"
0x329e,"Ja.
","Ja.
"
0x32a3,"Was für Gras?
","Was für Gras?
"
0x32b3,"Normales Gras. Nichts Besonderes ...
","Normales Gras. Nichts Besonderes ...
"
0x32d9,"Untersuche es trotzdem.
","Untersuche es trotzdem.
"
0x32f2,"... Es ist ziemlich dicht. Etwa hüfthoch.
","... Es ist ziemlich dicht. Etwa hüfthoch.
"
0x331e,"Wenn du in das Gras kriechst, kannst du
ungesehen vorrücken.
","Wenn du in das Gras kriechst, kannst du
ungesehen vorrücken.
"
0x335d,"Dabei wechselt die Kamera automatisch zur
Eindringperspektive.
","Dabei wechselt die Kamera automatisch zur
Eindringperspektive.
"
0x339d,"Wenn du wieder aufstehen willst, halte die
Kriechtaste noch einmal gedrückt.
","Wenn du wieder aufstehen willst, halte die
Kriechtaste noch einmal gedrückt.
"
0x33ec,"Wenn du kurz die Kriechtaste drückst, kauerst
du dich auf der Stelle nieder.
","Wenn du kurz die Kriechtaste drückst, kauerst
du dich auf der Stelle nieder.
"
0x343b,"So kannst du ungesehen die Lage beobachten.
","So kannst du ungesehen die Lage beobachten.
"
0x3468,"Aber selbst wenn du im Gras verborgen bist,
entdecken dich die Feinde, sobald du ein
Geräusch machst.
","Aber selbst wenn du im Gras verborgen bist,
entdecken dich die Feinde, sobald du ein
Geräusch machst.
"
0x34d0,"Sind Feinde in der Nähe, dann bewege dich
nur mit leichten Bewegungen des linken
Analog-Sticks.
","Sind Feinde in der Nähe, dann bewege dich
nur mit leichten Bewegungen des linken
Analog-Sticks.
"
0x3532,"So verursachst du minimale Unruhe.
","So verursachst du minimale Unruhe.
"
0x3556,"Du kannst in Bäume kriechen, die innen
verfault und dadurch hohl sind.
","Du kannst in Bäume kriechen, die innen
verfault und dadurch hohl sind.
"
0x359f,"Eine Aushöhlung bietet dir vorübergehend gute
Deckung vor Feinden.
","Eine Aushöhlung bietet dir vorübergehend gute
Deckung vor Feinden.
"
0x35e5,"Solltest du aber im Baum erwischt werden,
lenkst du konzentriertes Feuer auf dich.
","Solltest du aber im Baum erwischt werden,
lenkst du konzentriertes Feuer auf dich.
"
0x3639,"Eine vom Feind geworfene Granate würde dich
in Stücke reißen. Sei vorsichtig.
","Eine vom Feind geworfene Granate würde dich
in Stücke reißen. Sei vorsichtig.
"
0x368b,"Snake, hast du etwas zu essen gefunden?
","Snake, hast du etwas zu essen gefunden?
"
0x36b4,"Ja.
","Ja.
"
0x36b9,"Sie klingen zufrieden.
","Sie klingen zufrieden.
"
0x36d1,"Das bin ich auch!
","Das bin ich auch!
"
0x36e4,"Wissen Sie, wie Sie es essen können?
","Wissen Sie, wie Sie es essen können?
"
0x370b,"...
","...
"
0x3710,"Dann werde ich es Ihnen erklären.
","Dann werde ich es Ihnen erklären.
"
0x3734,"Um zu essen, drücken Sie die START-Taste.
Das ruft die Überlebensanzeige auf. Wählen
Sie dann „NAHRUNG"".
","Um zu essen, drücken Sie die START-Taste.
Das ruft die Überlebensanzeige auf. Wählen
Sie dann „NAHRUNG"".
"
0x37a3,"Wählen Sie die gewünschte Nahrung und
drücken Sie die Eingabetaste.
","Wählen Sie die gewünschte Nahrung und
drücken Sie die Eingabetaste.
"
0x37eb,"Wählen Sie „ESSEN"", um die Nahrung zu
verzehren.
","Wählen Sie „ESSEN"", um die Nahrung zu
verzehren.
"
0x3820,"Beim Essen nimmt Ihre Ausdauer wieder zu. In
welchem Maße hängt aber davon ab, was Sie
essen.
","Beim Essen nimmt Ihre Ausdauer wieder zu. In
welchem Maße hängt aber davon ab, was Sie
essen.
"
0x3881,"Wenn Ihre Ausdauer nur etwas gesunken ist,
sollten Sie Ihre Delikatessen lieber für später
aufheben.
","Wenn Ihre Ausdauer nur etwas gesunken ist,
sollten Sie Ihre Delikatessen lieber für später
aufheben.
"
0x38e9,"Aber Ihre Nahrung ist auch nicht ewig haltbar.
Seien Sie daher vorausschauend, Sie werden
es nicht bereuen.
","Aber Ihre Nahrung ist auch nicht ewig haltbar.
Seien Sie daher vorausschauend, Sie werden
es nicht bereuen.
"
0x3956,"Du kannst deine Nahrung aber nicht nur essen,
sondern auch den Feind damit bewerfen und
ihn so verwirren.
","Du kannst deine Nahrung aber nicht nur essen,
sondern auch den Feind damit bewerfen und
ihn so verwirren.
"
0x39c1,"Also denk daran: Nahrung ist nicht nur zum
Essen da. Benutze deine Fantasie.
","Also denk daran: Nahrung ist nicht nur zum
Essen da. Benutze deine Fantasie.
"
0x3a0f,"Im Urwald ist es wichtig, dass du die Position
deiner Feinde bestimmen kannst.
","Im Urwald ist es wichtig, dass du die Position
deiner Feinde bestimmen kannst.
"
0x3a5f,"Dafür hast du Sensoren. Setze sie geschickt
ein.
","Dafür hast du Sensoren. Setze sie geschickt
ein.
"
0x3a92,"Der Bewegungsmelder spürt Aktivitäten in
deiner unmittelbaren Umgebung.
","Der Bewegungsmelder spürt Aktivitäten in
deiner unmittelbaren Umgebung.
"
0x3add,"Aber im Urwald bewegen sich viele Dinge,
nicht nur Feinde.
","Aber im Urwald bewegen sich viele Dinge,
nicht nur Feinde.
"
0x3b19,"Sich bewegende Tiere sind auf der
Melderanzeige ebenso erkennbar wie alles
andere.
","Sich bewegende Tiere sind auf der
Melderanzeige ebenso erkennbar wie alles
andere.
"
0x3b6d,"Beachte auch, dass die Empfindlichkeit des
Bewegungsmelders begrenzt ist.
","Beachte auch, dass die Empfindlichkeit des
Bewegungsmelders begrenzt ist.
"
0x3bb8,"Vergiss nicht, dass bestimmte Feinde und
Tiere sich vorsichtig bewegen. Sie werden
nicht angezeigt.
","Vergiss nicht, dass bestimmte Feinde und
Tiere sich vorsichtig bewegen. Sie werden
nicht angezeigt.
"
0x3c1d,"Drücke die -Taste, um das aktive Sonar zu
aktivieren und eine besondere Schallwelle
auszusenden.
","Drücke die -Taste, um das aktive Sonar zu
aktivieren und eine besondere Schallwelle
auszusenden.
"
0x3c83,"Das reflektierte Geräusch der Schallwelle gibt
dir die Positionen von Zielen an.
","Das reflektierte Geräusch der Schallwelle gibt
dir die Positionen von Zielen an.
"
0x3cd6,"Im Unterschied zum Bewegungsmelder zeigt
dir das aktive Sonar auch stehende oder
liegende Objekte an.
","Im Unterschied zum Bewegungsmelder zeigt
dir das aktive Sonar auch stehende oder
liegende Objekte an.
"
0x3d3d,"Es besteht jedoch die Gefahr, dass das
Geräusch der Schallwelle Feinden und Tieren
deine Position verrät,
","Es besteht jedoch die Gefahr, dass das
Geräusch der Schallwelle Feinden und Tieren
deine Position verrät,
"
0x3daa,"daher Vorsicht beim Benutzen des aktiven
Sonars.
","daher Vorsicht beim Benutzen des aktiven
Sonars.
"
0x3ddc,"Der Personenmelder vibriert, sobald er
Menschen entdeckt.
","Der Personenmelder vibriert, sobald er
Menschen entdeckt.
"
0x3e17,"Im Unterschied zu anderen Sensoren reagiert
der Personenmelder nur auf Menschen,
","Im Unterschied zu anderen Sensoren reagiert
der Personenmelder nur auf Menschen,
"
0x3e69,"nicht auf Tiere.
","nicht auf Tiere.
"
0x3e7b,"Er meldet auch versteckte Feinde, die sich
nicht bewegen, und er verrät nicht deine
Position, wenn du ihn einsetzt.
","Er meldet auch versteckte Feinde, die sich
nicht bewegen, und er verrät nicht deine
Position, wenn du ihn einsetzt.
"
0x3ef1,"Andererseits ist er nicht ganz präzise. So kann
er die Position von Menschen nicht absolut
genau angeben.
","Andererseits ist er nicht ganz präzise. So kann
er die Position von Menschen nicht absolut
genau angeben.
"
0x3f5d,"Denk daran.
","Denk daran.
"
0x3f6a,"Wenn du ihn in der Beobachtungsperspektive
einsetzt, wirkt er nur in deiner Blickrichtung.
","Wenn du ihn in der Beobachtungsperspektive
einsetzt, wirkt er nur in deiner Blickrichtung.
"
0x3fc6,"Du kannst deine Sensoren und andere
Elektronikgeräte nicht unbegrenzt benutzen. In
aktiviertem Zustand verbrauchen sie
Batterieleistung.
","Du kannst deine Sensoren und andere
Elektronikgeräte nicht unbegrenzt benutzen. In
aktiviertem Zustand verbrauchen sie
Batterieleistung.
"
0x4051,"Denk daran, alle Objekte verbrauchen
Batterieleistung. Sobald dein Akku entleert ist,
kannst du keine elektronischen Geräte mehr
betreiben.
","Denk daran, alle Objekte verbrauchen
Batterieleistung. Sobald dein Akku entleert ist,
kannst du keine elektronischen Geräte mehr
betreiben.
"
0x40df,"Du kannst deinen Batteriestand mithilfe des
Symbols jedes Objekts überprüfen, das mit
Strom läuft. Verschwende keine Energie.
","Du kannst deinen Batteriestand mithilfe des
Symbols jedes Objekts überprüfen, das mit
Strom läuft. Verschwende keine Energie.
"
0x4161,"Der Akku lädt sich automatisch wieder auf,
wenn er nicht beansprucht wird.
","Der Akku lädt sich automatisch wieder auf,
wenn er nicht beansprucht wird.
"
0x41ae,"Wenn du ihn wiederaufladen willst, nutze
keines der elektronischen Geräte und warte
etwas.
","Wenn du ihn wiederaufladen willst, nutze
keines der elektronischen Geräte und warte
etwas.
"
0x420b,"Je höher der Stand deiner Ausdaueranzeige,
desto schneller lädt sich dein Akku wieder auf.
","Je höher der Stand deiner Ausdaueranzeige,
desto schneller lädt sich dein Akku wieder auf.
"
0x4269,"Wenn er sich schneller wiederaufladen soll, iss
etwas, damit deine Ausdauer steigt.
","Wenn er sich schneller wiederaufladen soll, iss
etwas, damit deine Ausdauer steigt.
"
0x42be,"Auch wenn du rennst, dich rollst oder andere,
dramatische Handlungen vollführst, lädt sich
der Akku schneller wieder auf.
","Auch wenn du rennst, dich rollst oder andere,
dramatische Handlungen vollführst, lädt sich
der Akku schneller wieder auf.
"
0x433b,"Warten Sie ...
","Warten Sie ...
"
0x434b,"Was ist?
","Was ist?
"
0x4355,"Je höher meine Ausdauerwerte, desto
schneller lädt sich die Batterie wieder auf?
","Je höher meine Ausdauerwerte, desto
schneller lädt sich die Batterie wieder auf?
"
0x43a9,"Das habe ich doch schon erklärt.
","Das habe ich doch schon erklärt.
"
0x43cc,"Aber was hat meine Ausdauer mit der Batterie
zu tun?
","Aber was hat meine Ausdauer mit der Batterie
zu tun?
"
0x4402,"Ach, jetzt weiß ich, was du meinst. Para-Medic
kann es dir erklären. Para-Medic?
","Ach, jetzt weiß ich, was du meinst. Para-Medic
kann es dir erklären. Para-Medic?
"
0x4456,"Jawohl, Sir. Es liegt daran, dass Snakes
Batterie Bioelektrizität verbraucht.
","Jawohl, Sir. Es liegt daran, dass Snakes
Batterie Bioelektrizität verbraucht.
"
0x44a6,"Bioelektrizität?
","Bioelektrizität?
"
0x44b9,"Bioelektrizität ist Elektrizität, die von Zellen
abgegeben wird.
","Bioelektrizität ist Elektrizität, die von Zellen
abgegeben wird.
"
0x44fd,"Wenn die Zellen lebender Organismen
stimuliert werden,
","Wenn die Zellen lebender Organismen
stimuliert werden,
"
0x4535,"bewegen sich Natrium- und Kaliumionen
schnell durch den Ionenkanal der Zellmembran.
Dadurch entsteht eine Differenz im elektrischen
Potenzial.
","bewegen sich Natrium- und Kaliumionen
schnell durch den Ionenkanal der Zellmembran.
Dadurch entsteht eine Differenz im elektrischen
Potenzial.
"
0x45c5,"Der Akku lädt sich mithilfe dieser Energie auf.
","Der Akku lädt sich mithilfe dieser Energie auf.
"
0x45f7,"Wenn Ihre Zellen also nicht mit ausreichend
Nährstoffen versorgt werden, gibt es Probleme
mit dem Aufladen.
","Wenn Ihre Zellen also nicht mit ausreichend
Nährstoffen versorgt werden, gibt es Probleme
mit dem Aufladen.
"
0x4665,"Erstaunlich, was es heute für Geräte gibt ...
","Erstaunlich, was es heute für Geräte gibt ...
"
0x4696,"Dieses Gerät ist aber nicht öffentlich erhältlich.
","Dieses Gerät ist aber nicht öffentlich erhältlich.
"
0x46cd,"Es wurde von einem Wissenschaftler am
CIA-Direktorat für Wissenschaft und
Technologie entwickelt.
","Es wurde von einem Wissenschaftler am
CIA-Direktorat für Wissenschaft und
Technologie entwickelt.
"
0x4731,"Was für ein Mensch war er?
","Was für ein Mensch war er?
"
0x474e,"Der Erfinder dieses Geräts?
","Der Erfinder dieses Geräts?
"
0x476c,"Ja.
","Ja.
"
0x4771,"Ich habe gehört, er sei sehr merkwürdig
gewesen.
","Ich habe gehört, er sei sehr merkwürdig
gewesen.
"
0x47a5,"Merkwürdiger als der Major?
","Merkwürdiger als der Major?
"
0x47c3,"Der Major ist doch nicht merkwürdig.
","Der Major ist doch nicht merkwürdig.
"
0x47ea,"Mein Tee ist weg! Wer hat ihn getrunken!?
Wie soll ich die Teestunde ohne Tee halten!?
","Mein Tee ist weg! Wer hat ihn getrunken!?
Wie soll ich die Teestunde ohne Tee halten!?
"
0x4842,"Na ja, jedenfalls nicht übermäßig.
","Na ja, jedenfalls nicht übermäßig.
"
0x4869,"...
","...
"
0x486e,"He, mein Teegebäck ist auch verschwunden!
","He, mein Teegebäck ist auch verschwunden!
"
0x489a,"Drücke die Aktionstaste, um auf taillenhohe
Objekte zu klettern.
","Drücke die Aktionstaste, um auf taillenhohe
Objekte zu klettern.
"
0x48dd,"Mit Klettern gelangst du an Stellen, zu denen
du nicht gehen kannst.
","Mit Klettern gelangst du an Stellen, zu denen
du nicht gehen kannst.
"
0x4923,"So erreichst du vielleicht Objekte, die du
normalerweise nicht finden kannst.
","So erreichst du vielleicht Objekte, die du
normalerweise nicht finden kannst.
"
0x4972,"Probier unbedingt, Objekte zu erklimmen.
","Probier unbedingt, Objekte zu erklimmen.
"
0x499c,"Snake, sei vorsichtig.
","Snake, sei vorsichtig.
"
0x49b4,"Wie du zwischen Stehen, Kauern und Kriechen
wechselst, ist etwas anders, als du es im
Training gelernt hast.
","Wie du zwischen Stehen, Kauern und Kriechen
wechselst, ist etwas anders, als du es im
Training gelernt hast.
"
0x4a22,"Drücke im Stehen kurz die Kriechtaste, um
dich niederzukauern, bzw. halte die Kriechtaste
gedrückt, um in die Kriechposition zu
wechseln.
","Drücke im Stehen kurz die Kriechtaste, um
dich niederzukauern, bzw. halte die Kriechtaste
gedrückt, um in die Kriechposition zu
wechseln.
"
0x4aaf,"Da du beim Kauern tiefer hinabgehst, ist der
Tarnindex beim Kauern höher als beim Stehen.
","Da du beim Kauern tiefer hinabgehst, ist der
Tarnindex beim Kauern höher als beim Stehen.
"
0x4b0b,"Und da deine Position beim Kauern stabiler ist,
wird auch der Rückstoß nicht so stark.
","Und da deine Position beim Kauern stabiler ist,
wird auch der Rückstoß nicht so stark.
"
0x4b65,"Aus der Kauerposition kannst du also gezielter
treffen als beim Schießen aus dem Stand.
","Aus der Kauerposition kannst du also gezielter
treffen als beim Schießen aus dem Stand.
"
0x4bbf,"Drücke die Kriechtaste, während du dich
niederkauerst, um aufzustehen, oder bewege
den linken Analog-Stick, um in eine bestimmte
Richtung zu kriechen.
","Drücke die Kriechtaste, während du dich
niederkauerst, um aufzustehen, oder bewege
den linken Analog-Stick, um in eine bestimmte
Richtung zu kriechen.
"
0x4c59,"Beim Kriechen steigt dein Tarnindex stark an
","Beim Kriechen steigt dein Tarnindex stark an
"
0x4c87,"und deine Treffsicherheit wird noch stabiler als
beim Schießen aus der Kauerposition.
","und deine Treffsicherheit wird noch stabiler als
beim Schießen aus der Kauerposition.
"
0x4cdf,"Während du auf dem Bauch liegst, kannst du
den linken Analog-Stick bewegen und so in
eine bestimmte Richtung kriechen.
","Während du auf dem Bauch liegst, kannst du
den linken Analog-Stick bewegen und so in
eine bestimmte Richtung kriechen.
"
0x4d58,"Mache beim Kriechen kleine Bewegungen mit
dem linken Analog-Stick, um dich leise, dafür
aber langsam fortzubewegen.
","Mache beim Kriechen kleine Bewegungen mit
dem linken Analog-Stick, um dich leise, dafür
aber langsam fortzubewegen.
"
0x4dce,"Nur ein Wort zur Warnung: Kriechen
verbraucht mehr Ausdauer als einfaches
Gehen.
","Nur ein Wort zur Warnung: Kriechen
verbraucht mehr Ausdauer als einfaches
Gehen.
"
0x4e20,"Halte in der Kriechposition die Kriechtaste
gedrückt, um aufzustehen. Drücke die
Kriechtaste kurz, um in die Kauerposition zu
wechseln.
","Halte in der Kriechposition die Kriechtaste
gedrückt, um aufzustehen. Drücke die
Kriechtaste kurz, um in die Kauerposition zu
wechseln.
"
0x4eab,"Vergiss nicht - wenn du schnell aus der
Kriechposition heraus aufstehen willst, halte
die Kriechtaste gedrückt.
","Vergiss nicht - wenn du schnell aus der
Kriechposition heraus aufstehen willst, halte
die Kriechtaste gedrückt.
"
0x4f1d,"Snake, ich rate dir davon ab, deine besiegten
Gegner einfach herumliegen zu lassen.
","Snake, ich rate dir davon ab, deine besiegten
Gegner einfach herumliegen zu lassen.
"
0x4f72,"Wenn der Feind einen gefallenen Kameraden
entdeckt, erkennt er, dass jemand
eingedrungen ist, und verstärkt die Wachen.
","Wenn der Feind einen gefallenen Kameraden
entdeckt, erkennt er, dass jemand
eingedrungen ist, und verstärkt die Wachen.
"
0x4fec,"Nachdem du einen Feind ausgeschaltet hast,
verstecke ihn im Gras oder an einer anderen
Stelle, an der man ihn nicht entdeckt.
","Nachdem du einen Feind ausgeschaltet hast,
verstecke ihn im Gras oder an einer anderen
Stelle, an der man ihn nicht entdeckt.
"
0x506b,"Stelle dich nah an einen am Boden liegenden
Feind und drücke die Waffentaste, ohne dass
du eine Waffe ausgerüstet hast, um den
Körper zu fassen.
","Stelle dich nah an einen am Boden liegenden
Feind und drücke die Waffentaste, ohne dass
du eine Waffe ausgerüstet hast, um den
Körper zu fassen.
"
0x5100,"Halte die Waffentaste gedrückt und bewege
dich, um den Feind zu ziehen. Um den Körper
abzulegen, lässt du die Waffentaste wieder los.
","Halte die Waffentaste gedrückt und bewege
dich, um den Feind zu ziehen. Um den Körper
abzulegen, lässt du die Waffentaste wieder los.
"
0x518a,"Snake, renn lieber nicht wie wild herum.
","Snake, renn lieber nicht wie wild herum.
"
0x51b4,"Du musst überlegen, wann du am besten
rennst und wann du nur gehen solltest.
","Du musst überlegen, wann du am besten
rennst und wann du nur gehen solltest.
"
0x5203,"Bewege den linken Analog-Stick leicht, um zu
gehen.
","Bewege den linken Analog-Stick leicht, um zu
gehen.
"
0x5238,"Du bewegst dich so nicht sehr schnell,
verbrauchst aber wenig Ausdauer, und der
Feind entdeckt dich nicht so ohne weiteres.
","Du bewegst dich so nicht sehr schnell,
verbrauchst aber wenig Ausdauer, und der
Feind entdeckt dich nicht so ohne weiteres.
"
0x52b5,"Wenn du dich in der Nähe von Feinden
aufhältst oder sparsam mit deiner Ausdauer
umgehen musst, gehe lieber.
","Wenn du dich in der Nähe von Feinden
aufhältst oder sparsam mit deiner Ausdauer
umgehen musst, gehe lieber.
"
0x5324,"Snake, drücke den linken Analog-Stick im
Funkbildschirm nach unten, um das
Speichermenü zu öffnen.
","Snake, drücke den linken Analog-Stick im
Funkbildschirm nach unten, um das
Speichermenü zu öffnen.
"
0x538b,"Wähle im Speichermenü eine Person, die du
anrufen möchtest, und drücke die
Eingabetaste.
","Wähle im Speichermenü eine Person, die du
anrufen möchtest, und drücke die
Eingabetaste.
"
0x53e9,"So musst du nicht erst die Frequenz einstellen.
","So musst du nicht erst die Frequenz einstellen.
"
0x541a,"Im Gefechtsgebiet werden viele Frequenzen
benutzt. Wenn du genug herumspielst, hörst du
vielleicht etwas sehr Interessantes.
","Im Gefechtsgebiet werden viele Frequenzen
benutzt. Wenn du genug herumspielst, hörst du
vielleicht etwas sehr Interessantes.
"
0x5499,"Drücke die CQC-Taste, wenn du an einer
Wand stehst, um gegen die Wand zu schlagen
und ein Geräusch zu machen.
","Drücke die CQC-Taste, wenn du an einer
Wand stehst, um gegen die Wand zu schlagen
und ein Geräusch zu machen.
"
0x550a,"Geräusche erregen die Aufmerksamkeit der
Gegner.
","Geräusche erregen die Aufmerksamkeit der
Gegner.
"
0x553d,"Du kannst Geräusche auf vielerlei Weise zu
deinem Vorteil nutzen.
","Du kannst Geräusche auf vielerlei Weise zu
deinem Vorteil nutzen.
"
0x5581,"Locke so einen Feind in die falsche Richtung
und ergreife die Gelegenheit beim Schopf, um
zu entwischen.
","Locke so einen Feind in die falsche Richtung
und ergreife die Gelegenheit beim Schopf, um
zu entwischen.
"
0x55eb,"Oder locke so einen Gegner an und überfalle
ihn dann von hinten.
","Oder locke so einen Gegner an und überfalle
ihn dann von hinten.
"
0x562e,"Nutze Geräusche zu deinem Vorteil.
","Nutze Geräusche zu deinem Vorteil.
"
0x5653,"Snake, wenn du eine Objektkiste findest, nimm
sie in der Beobachtungsperspektive gut in
Augenschein und stelle fest, was sie enthält.
","Snake, wenn du eine Objektkiste findest, nimm
sie in der Beobachtungsperspektive gut in
Augenschein und stelle fest, was sie enthält.
"
0x56db,"Es ist manchmal gefährlich, blindlings jeder
Objektkiste hinterher zu eifern.
","Es ist manchmal gefährlich, blindlings jeder
Objektkiste hinterher zu eifern.
"
0x572b,"Darum solltest du zunächst prüfen, ob das
Objekt auch der Mühe lohnt.
","Darum solltest du zunächst prüfen, ob das
Objekt auch der Mühe lohnt.
"
0x5775,"Wenn du es nicht gut genug erkennen kannst,
benutze dein Fernglas.
","Wenn du es nicht gut genug erkennen kannst,
benutze dein Fernglas.
"
0x57b9,"Snake, wie schwer du einen Feind mit deiner
Pistole verletzt, hängt davon ab, wo du ihn
triffst.
","Snake, wie schwer du einen Feind mit deiner
Pistole verletzt, hängt davon ab, wo du ihn
triffst.
"
0x581c,"Wenn du einen Arm oder ein Bein triffst, reicht
ein Schuss nicht aus, um ihn außer Gefecht zu
setzen.
","Wenn du einen Arm oder ein Bein triffst, reicht
ein Schuss nicht aus, um ihn außer Gefecht zu
setzen.
"
0x5884,"Wenn du einen Feind mit einem Schuss
ausschalten möchtest, greife aus der
Beobachtungsperspektive an und ziele auf den
Kopf.
","Wenn du einen Feind mit einem Schuss
ausschalten möchtest, greife aus der
Beobachtungsperspektive an und ziele auf den
Kopf.
"
0x5903,"Snake, wenn du dich an einen Baum oder eine
Wand nahe einer Ecke lehnst,
","Snake, wenn du dich an einen Baum oder eine
Wand nahe einer Ecke lehnst,
"
0x594d,"geht die Kamera etwas herunter und gibt dir
einen Ausblick auf das, was hinter dir liegt.
Das ist der Schulterblick.
","geht die Kamera etwas herunter und gibt dir
einen Ausblick auf das, was hinter dir liegt.
Das ist der Schulterblick.
"
0x59c3,"Damit kannst dich gut verbergen und
gleichzeitig verfolgen, was hinter dir geschieht.
","Damit kannst dich gut verbergen und
gleichzeitig verfolgen, was hinter dir geschieht.
"
0x5a1a,"Aus deinem Versteck heraus kannst du auch
Verschiedenes tun:
","Aus deinem Versteck heraus kannst du auch
Verschiedenes tun:
"
0x5a58,"Mit der linken und rechten Schritttaste spähst
du hervor, und mit der Waffentaste springst du
aus deinem Versteck.
","Mit der linken und rechten Schritttaste spähst
du hervor, und mit der Waffentaste springst du
aus deinem Versteck.
"
0x5acd,"Lerne, den Schulterblick geschickt einzusetzen.
Das ist der erste Schritt zum Erfolg deines
Einsatzes.
","Lerne, den Schulterblick geschickt einzusetzen.
Das ist der erste Schritt zum Erfolg deines
Einsatzes.
"
0x5b35,"Nutze diese Technik optimal.
","Nutze diese Technik optimal.
"
0x5b53,"Drücke im Schulterblick
","Drücke im Schulterblick
"
0x5b6d,"die linke oder rechte Schritttaste, um aus
einem geschützten Bereich hervorzuspähen
und über deine Schulter zu blicken.
","die linke oder rechte Schritttaste, um aus
einem geschützten Bereich hervorzuspähen
und über deine Schulter zu blicken.
"
0x5be9,"Wir nennen diese Technik „Spähen"".
","Wir nennen diese Technik „Spähen"".
"
0x5c10,"Spähen ist eine wirksame
Beobachtungstechnik, die dir ein größeres
Blickfeld gibt als der normale Schulterblick.
","Spähen ist eine wirksame
Beobachtungstechnik, die dir ein größeres
Blickfeld gibt als der normale Schulterblick.
"
0x5c85,"Da du aber einen Teil deines Körpers aus dem
Versteck nehmen musst, kannst du dabei vom
Feind entdeckt werden.
","Da du aber einen Teil deines Körpers aus dem
Versteck nehmen musst, kannst du dabei vom
Feind entdeckt werden.
"
0x5cf6,"Bewege bei aktiviertem Schulterblick den
rechten Analog-Stick, um die Kamera in diese
Richtung zu bewegen.
","Bewege bei aktiviertem Schulterblick den
rechten Analog-Stick, um die Kamera in diese
Richtung zu bewegen.
"
0x5d62,"So hast du den gleichen weiten Winkel, wie
wenn du mit der linken und rechten Schritttaste
spähst.
","So hast du den gleichen weiten Winkel, wie
wenn du mit der linken und rechten Schritttaste
spähst.
"
0x5dc7,"Es ist aber sicherer, weil du nicht zu viel von
deinem Körper zeigst.
","Es ist aber sicherer, weil du nicht zu viel von
deinem Körper zeigst.
"
0x5e0f,"Du solltest dich mit dieser Technik vertraut
machen.
","Du solltest dich mit dieser Technik vertraut
machen.
"
0x5e45,"Wenn du im Schulterblick eine Waffe
ausrüstest, drücke die Waffentaste, um
hervorzuspringen und zu schießen.
","Wenn du im Schulterblick eine Waffe
ausrüstest, drücke die Waffentaste, um
hervorzuspringen und zu schießen.
"
0x5eb6,"Beim Hervorspringen und Schießen hältst du
dich hinter einem Hindernis vor feindlichem
Feuer geschützt
","Beim Hervorspringen und Schießen hältst du
dich hinter einem Hindernis vor feindlichem
Feuer geschützt
"
0x5f21,"und lancierst zum richtigen Zeitpunkt einen
Sturzangriff.
","und lancierst zum richtigen Zeitpunkt einen
Sturzangriff.
"
0x5f5c,"Das ist eine ganz wichtige Technik für
Schusswechsel. Nutze sie gut.
","Das ist eine ganz wichtige Technik für
Schusswechsel. Nutze sie gut.
"
0x5fa3,"Wenn du mit der Pistole bewaffnet bist und die
Waffentaste drückst, zielst du. Wenn du die
Taste loslässt, schießt du.
","Wenn du mit der Pistole bewaffnet bist und die
Waffentaste drückst, zielst du. Wenn du die
Taste loslässt, schießt du.
"
0x601e,"Wenn du nach dem Zielen nicht schießen
willst, lässt du die Waffentaste langsam los.
","Wenn du nach dem Zielen nicht schießen
willst, lässt du die Waffentaste langsam los.
"
0x6076,"Du musst üben, bis du die Technik
beherrschst.
","Du musst üben, bis du die Technik
beherrschst.
"
0x60a7,"Ich habe von vielen Fällen gehört, in denen
Grünschnäbel bei einem geplanten Überfall
versehentlich Feinde beschossen haben.
","Ich habe von vielen Fällen gehört, in denen
Grünschnäbel bei einem geplanten Überfall
versehentlich Feinde beschossen haben.
"
0x612a,"Wenn du jetzt trainierst, ist die Gefahr gering,
dass du in einer Stresssituation versehentlich
abdrückst.
","Wenn du jetzt trainierst, ist die Gefahr gering,
dass du in einer Stresssituation versehentlich
abdrückst.
"
0x6197,"Solltest du dir deiner Fähigkeiten nicht sicher
sein, übe.
","Solltest du dir deiner Fähigkeiten nicht sicher
sein, übe.
"
0x61d5,"Mit dem Sturmgewehr gehst du etwas anders
um als mit der Pistole.
","Mit dem Sturmgewehr gehst du etwas anders
um als mit der Pistole.
"
0x6218,"Zum Zielen drückst du die Waffentaste leicht,
zum Abdrücken drückst du die Taste ganz
durch.
","Zum Zielen drückst du die Waffentaste leicht,
zum Abdrücken drückst du die Taste ganz
durch.
"
0x6279,"Wenn du die Waffe z. B. bei einem Überfall
ohne zu feuern absenken willst,
","Wenn du die Waffe z. B. bei einem Überfall
ohne zu feuern absenken willst,
"
0x62c6,"lässt du die Waffentaste wieder los, ohne sie
voll durchgedrückt zu haben.
","lässt du die Waffentaste wieder los, ohne sie
voll durchgedrückt zu haben.
"
0x6314,"Schieß nicht, während du zielst.
","Schieß nicht, während du zielst.
"
0x6338,"Wie weit du Granaten und andere Wurfwaffen
schleuderst, hängt davon ab, wie fest du die
Waffentaste drückst.
","Wie weit du Granaten und andere Wurfwaffen
schleuderst, hängt davon ab, wie fest du die
Waffentaste drückst.
"
0x63a8,"Bei leichtem Drücken der Waffentaste wirfst du
die Waffe in die Nähe, bei einem festen
Tastendruck schleuderst du sie weiter.
","Bei leichtem Drücken der Waffentaste wirfst du
die Waffe in die Nähe, bei einem festen
Tastendruck schleuderst du sie weiter.
"
0x6429,"Passe deinen Tastendruck an die Situation an.
","Passe deinen Tastendruck an die Situation an.
"
0x6458,"Du kannst auch in der
Beobachtungsperspektive werfen. In dieser
Perspektive ist deine Zielfähigkeit auf konkrete
Ziele größer.
","Du kannst auch in der
Beobachtungsperspektive werfen. In dieser
Perspektive ist deine Zielfähigkeit auf konkrete
Ziele größer.
"
0x64db,"Nutze diese Technik nach Bedarf.
","Nutze diese Technik nach Bedarf.
"
0x64fd,"Das Infrarotsichtgerät erzeugt ein Wärmebild
der Objekte in deinem Blickfeld.
","Das Infrarotsichtgerät erzeugt ein Wärmebild
der Objekte in deinem Blickfeld.
"
0x654e,"Mit ausgerüstetem Infrarotsichtgerät kannst du
im Nu Feinde entdecken, die sich tief im
Dschungel versteckt halten.
","Mit ausgerüstetem Infrarotsichtgerät kannst du
im Nu Feinde entdecken, die sich tief im
Dschungel versteckt halten.
"
0x65c5,"Außerdem kannst du damit Pflanzen, Tiere und
Fallen aufspüren. Nutz diese Technik zu
deinem Vorteil.
","Außerdem kannst du damit Pflanzen, Tiere und
Fallen aufspüren. Nutz diese Technik zu
deinem Vorteil.
"
0x662d,"Wenn du aber das Infrarotsichtgerät
einschaltest, beginnst du, Batterieleistung zu
verbrauchen.
","Wenn du aber das Infrarotsichtgerät
einschaltest, beginnst du, Batterieleistung zu
verbrauchen.
"
0x668f,"Und denk daran: Wenn der Akku entleert ist,
kannst du auch die anderen Elektronikgeräte
nicht benutzen.
","Und denk daran: Wenn der Akku entleert ist,
kannst du auch die anderen Elektronikgeräte
nicht benutzen.
"
0x66f9,"Drücke die Aktionstaste, wenn du auf einem
Ast bist oder vor einem Geländer stehst, um
an dieser Stelle herunterzuhängen.
","Drücke die Aktionstaste, wenn du auf einem
Ast bist oder vor einem Geländer stehst, um
an dieser Stelle herunterzuhängen.
"
0x6777,"Diese Technik nennt man Hangeln.
","Diese Technik nennt man Hangeln.
"
0x6799,"Manchmal ist Hangeln besser als normal auf
dem Grund zu laufen.
","Manchmal ist Hangeln besser als normal auf
dem Grund zu laufen.
"
0x67da,"Wenn du hangelst, wirst du auch vom Feind
nicht gesehen.
","Wenn du hangelst, wirst du auch vom Feind
nicht gesehen.
"
0x6814,"Benutze beim Hangeln den linken Analog-Stick
sowie die linke und rechte Schritttaste, um dich
nach links oder rechts zu bewegen.
","Benutze beim Hangeln den linken Analog-Stick
sowie die linke und rechte Schritttaste, um dich
nach links oder rechts zu bewegen.
"
0x6896,"Wenn du aus der Hangelposition wieder
hochklettern möchtest, drücke noch einmal die
Aktionstaste.
","Wenn du aus der Hangelposition wieder
hochklettern möchtest, drücke noch einmal die
Aktionstaste.
"
0x68fb,"Um abzuspringen drückst du die Kriechtaste.
","Um abzuspringen drückst du die Kriechtaste.
"
0x6929,"Du kannst nicht ewig hangeln. Wenn deine
Greifkraft nachlässt, fällst du herunter.
","Du kannst nicht ewig hangeln. Wenn deine
Greifkraft nachlässt, fällst du herunter.
"
0x697f,"Schau dir deine Greifkraft in der Griffanzeige
an. Beim Hangeln wird eine blaue Anzeige
oberhalb der Ausdaueranzeige eingeblendet.
","Schau dir deine Greifkraft in der Griffanzeige
an. Beim Hangeln wird eine blaue Anzeige
oberhalb der Ausdaueranzeige eingeblendet.
"
0x6a03,"Das ist die Griffanzeige.
","Das ist die Griffanzeige.
"
0x6a1e,"Sie zeigt deine Griffkraft an. Während du
hangelst, sinkt deine Griffanzeige.
","Sie zeigt deine Griffkraft an. Während du
hangelst, sinkt deine Griffanzeige.
"
0x6a6e,"Wenn die Griffanzeige leer ist, fällst du. Bevor
das geschieht, musst du also wieder
hochklettern.
","Wenn die Griffanzeige leer ist, fällst du. Bevor
das geschieht, musst du also wieder
hochklettern.
"
0x6ad3,"Wie lange die Griffanzeige Greifkraft anzeigt,
hängt von deiner Ausdauer ab.
","Wie lange die Griffanzeige Greifkraft anzeigt,
hängt von deiner Ausdauer ab.
"
0x6b22,"Wenn du lange hangeln musst, stelle erst
wieder deine Ausdauer her.
","Wenn du lange hangeln musst, stelle erst
wieder deine Ausdauer her.
"
0x6b67,"Wenn du dich während deines Falls an etwas
festhalten kannst, drücke die Aktionstaste in
dem Moment, in dem du daran vorbei fällst.
","Wenn du dich während deines Falls an etwas
festhalten kannst, drücke die Aktionstaste in
dem Moment, in dem du daran vorbei fällst.
"
0x6bef,"Wenn dein Timing gut ist, kannst du dich
festhalten und dort hangeln.
","Wenn dein Timing gut ist, kannst du dich
festhalten und dort hangeln.
"
0x6c36,"Auf diese Weise erreichst du Stellen, die sonst
unzugänglich wären.
","Auf diese Weise erreichst du Stellen, die sonst
unzugänglich wären.
"
0x6c7d,"Vielleicht findest du dabei sogar seltene
Objekte.
","Vielleicht findest du dabei sogar seltene
Objekte.
"
0x6cb1,"Schau dir deine Umgebung genau an und
versuche Punkte auszumachen, die du bei
deinem Fall greifen könntest.
","Schau dir deine Umgebung genau an und
versuche Punkte auszumachen, die du bei
deinem Fall greifen könntest.
"
0x6d1f,"Drücke beim Hangeln die Kriechtaste, um dich
geradewegs fallen zu lassen.
","Drücke beim Hangeln die Kriechtaste, um dich
geradewegs fallen zu lassen.
"
0x6d6b,"Mit dieser Technik kannst du einen Feind
sofort außer Gefecht setzen, indem du auf ihm
landest.
","Mit dieser Technik kannst du einen Feind
sofort außer Gefecht setzen, indem du auf ihm
landest.
"
0x6dcd,"Wenn du auf einem Baum sitzt, versuche, auf
einen darunter herlaufenden Feind zu zielen.
","Wenn du auf einem Baum sitzt, versuche, auf
einen darunter herlaufenden Feind zu zielen.
"
0x6e27,"Nähere dich einem Feind unbemerkt, dann
kannst du ihm deine Pistole in den Rücken
drücken. So ist er hilflos ausgeliefert.
","Nähere dich einem Feind unbemerkt, dann
kannst du ihm deine Pistole in den Rücken
drücken. So ist er hilflos ausgeliefert.
"
0x6ea6,"Das ist ein sogenannter Überfall.
","Das ist ein sogenannter Überfall.
"
0x6eca,"Sollte der Feind aber bemerken, dass du deine
Waffe weggesteckt hast oder dich abwendest,
","Sollte der Feind aber bemerken, dass du deine
Waffe weggesteckt hast oder dich abwendest,
"
0x6f25,"greift er an, auch wenn er vorher keine
Möglichkeit zur Verteidigung hatte. Sei daher
vorsichtig.
","greift er an, auch wenn er vorher keine
Möglichkeit zur Verteidigung hatte. Sei daher
vorsichtig.
"
0x6f89,"Manchmal gibt dir ein Feind ein Objekt, wenn
du ihn überfällst.
","Manchmal gibt dir ein Feind ein Objekt, wenn
du ihn überfällst.
"
0x6fcc,"Ein Überfall ist riskant,
","Ein Überfall ist riskant,
"
0x6fe8,"aber auch nützlich, wenn dir die Munition oder
medizinische Artikel ausgehen.
","aber auch nützlich, wenn dir die Munition oder
medizinische Artikel ausgehen.
"
0x7038,"Nachdem du bei einem Überfall ein Objekt
bekommen hast, versuche ruhig, den Feind
noch einmal zu überfallen.
","Nachdem du bei einem Überfall ein Objekt
bekommen hast, versuche ruhig, den Feind
noch einmal zu überfallen.
"
0x70a8,"Vielleicht hat er noch ein wertvolleres Objekt
versteckt.
","Vielleicht hat er noch ein wertvolleres Objekt
versteckt.
"
0x70e3,"Wenn du in der Hochperspektive eine Waffe
ausgerüstet hast, halte die Zieltaste gedrückt,
um deine Schusslinie zu fixieren, während du
dich in einer bestimmten Richtung bewegst.
","Wenn du in der Hochperspektive eine Waffe
ausgerüstet hast, halte die Zieltaste gedrückt,
um deine Schusslinie zu fixieren, während du
dich in einer bestimmten Richtung bewegst.
"
0x7199,"Nutze diese Technik für Angriffe, einen
Rückzug oder andere Fälle, in denen du dein
Feuer in eine Richtung konzentrieren willst,
während du dich bewegst.
","Nutze diese Technik für Angriffe, einen
Rückzug oder andere Fälle, in denen du dein
Feuer in eine Richtung konzentrieren willst,
während du dich bewegst.
"
0x7238,"Hast du etwas gegessen?
","Hast du etwas gegessen?
"
0x7251,"Ja.
","Ja.
"
0x7256,"Du glaubst doch nicht, dass Essen deine
LEBENS-Anzeige steigert, oder?
","Du glaubst doch nicht, dass Essen deine
LEBENS-Anzeige steigert, oder?
"
0x729e,"Natürlich nicht. Nahrung allein heilt keine
Wunden. Es steigert nur die Ausdauer.
","Natürlich nicht. Nahrung allein heilt keine
Wunden. Es steigert nur die Ausdauer.
"
0x72f2,"Gut.
","Gut.
"
0x72f8,"Warum fragen Sie?
","Warum fragen Sie?
"
0x730b,"Einer meiner Rekruten dachte einmal, dass
Dosennahrung sein LEBEN wiederherstellen
würde.
","Einer meiner Rekruten dachte einmal, dass
Dosennahrung sein LEBEN wiederherstellen
würde.
"
0x7367,"Wie bitte? War er etwas beschränkt?
","Wie bitte? War er etwas beschränkt?
"
0x738d,"In gewisser Weise ja. Aber im 21. Jahrhundert
wird man vermutlich Nahrung erfinden, die
genau das leisten kann.
","In gewisser Weise ja. Aber im 21. Jahrhundert
wird man vermutlich Nahrung erfinden, die
genau das leisten kann.
"
0x73fe,"Benutze in der Beobachtungsperspektive die
rechte Schritttaste, um einen Schritt nach
rechts zu tun, und die linke Schritttaste für
einen Schritt nach links.
","Benutze in der Beobachtungsperspektive die
rechte Schritttaste, um einen Schritt nach
rechts zu tun, und die linke Schritttaste für
einen Schritt nach links.
"
0x749e,"So kannst du angreifen, während du dich hinter
Sperren verbirgst, oder du kannst aus
verborgenen Stellen hervortreten und dich
umsehen.
","So kannst du angreifen, während du dich hinter
Sperren verbirgst, oder du kannst aus
verborgenen Stellen hervortreten und dich
umsehen.
"
0x7528,"Drücke in der Beobachtungsperspektive die
linke und rechte Schritttaste gleichzeitig, um
dich in deiner Position etwas hochzurecken.
","Drücke in der Beobachtungsperspektive die
linke und rechte Schritttaste gleichzeitig, um
dich in deiner Position etwas hochzurecken.
"
0x75af,"Diese Technik ist nützlich, wenn du dich hinter
Sperren verbirgst und spähst, oder wenn du
hervorschießt.
","Diese Technik ist nützlich, wenn du dich hinter
Sperren verbirgst und spähst, oder wenn du
hervorschießt.
"
0x761d,"Wenn du in einen engen Raum kriechst,
wechselt die Hoch- zur Eindringperspektive.
","Wenn du in einen engen Raum kriechst,
wechselt die Hoch- zur Eindringperspektive.
"
0x7670,"In der Eindringperspektive bewegst du dich
etwas anders als in der Hochperspektive.
","In der Eindringperspektive bewegst du dich
etwas anders als in der Hochperspektive.
"
0x76c5,"Drücke den linken Analog-Stick oben, um
vorwärts zu gehen, unten, um rückwärts zu
gehen, links oder rechts, um dich zu drehen.
","Drücke den linken Analog-Stick oben, um
vorwärts zu gehen, unten, um rückwärts zu
gehen, links oder rechts, um dich zu drehen.
"
0x7749,"Mit den Richtungstasten links und rechts
tauschst du links und rechts.
","Mit den Richtungstasten links und rechts
tauschst du links und rechts.
"
0x7791,"Durch große Bewegungen des linken
Analog-Sticks bewegst du dich schneller,
verursachst aber mehr Geräusche. Nahe
Feinde könnten dich bemerken.
","Durch große Bewegungen des linken
Analog-Sticks bewegst du dich schneller,
verursachst aber mehr Geräusche. Nahe
Feinde könnten dich bemerken.
"
0x7824,"Mit leichten Bewegungen des linken
Analog-Sticks kannst du dich geräuschlos
bewegen - allerdings langsamer.
","Mit leichten Bewegungen des linken
Analog-Sticks kannst du dich geräuschlos
bewegen - allerdings langsamer.
"
0x7892,"Welche Bewegung du wählst, solltest du von
der Situation abhängig machen.
","Welche Bewegung du wählst, solltest du von
der Situation abhängig machen.
"
0x78df,"Nachdem du einen Feind mit CQC von hinten
gegriffen hast, drücke die -Taste, um ihn zu
verhören.
","Nachdem du einen Feind mit CQC von hinten
gegriffen hast, drücke die -Taste, um ihn zu
verhören.
"
0x7946,"Das ist deine Chance, an Informationen zu
kommen.
","Das ist deine Chance, an Informationen zu
kommen.
"
0x7979,"Einige deiner Feinde verfügen über wertvolle
Informationen. Probier die Technik doch mal
aus und finde heraus, was du erfahren kannst.
","Einige deiner Feinde verfügen über wertvolle
Informationen. Probier die Technik doch mal
aus und finde heraus, was du erfahren kannst.
"
0x7a03,"Wie sehr du den linken Analog-Stick bewegst,
","Wie sehr du den linken Analog-Stick bewegst,
"
0x7a31,"beeinflusst nicht nur deine Geschwindigkeit
beim Gehen, sondern auch beim Kriechen und
bei Eindringbewegungen.
","beeinflusst nicht nur deine Geschwindigkeit
beim Gehen, sondern auch beim Kriechen und
bei Eindringbewegungen.
"
0x7aa1,"Mit größeren Bewegungen des linken
Analog-Sticks bewegst du dich schneller,
","Mit größeren Bewegungen des linken
Analog-Sticks bewegst du dich schneller,
"
0x7af0,"aber du verursachst auch ein Geräusch und
wirst von nahen Feinden entdeckt.
","aber du verursachst auch ein Geräusch und
wirst von nahen Feinden entdeckt.
"
0x7b3e,"Mit leichten Bewegungen des linken
Analog-Sticks kannst du dich leise bewegen.
","Mit leichten Bewegungen des linken
Analog-Sticks kannst du dich leise bewegen.
"
0x7b8e,"Zwar nicht so schnell, aber es ist die beste
Option, wenn Geräusche ein erhebliches Risiko
darstellen würden.
","Zwar nicht so schnell, aber es ist die beste
Option, wenn Geräusche ein erhebliches Risiko
darstellen würden.
"
0x7bff,"Snake, die Mk22 ist eine Betäubungspistole.
Schläfere damit Feinde ein, ohne sie zu
verletzen.
","Snake, die Mk22 ist eine Betäubungspistole.
Schläfere damit Feinde ein, ohne sie zu
verletzen.
"
0x7c61,"Wie schnell das Betäubungsmittel wirkt, hängt
davon ab, wo du den Feind getroffen hast.
","Wie schnell das Betäubungsmittel wirkt, hängt
davon ab, wo du den Feind getroffen hast.
"
0x7cbc,"Wenn du einen Arm oder ein Bein triffst, wirkt
das Betäubungsmittel nicht sofort.
","Wenn du einen Arm oder ein Bein triffst, wirkt
das Betäubungsmittel nicht sofort.
"
0x7d10,"Aber bei einem Treffer in den Kopf fällt er
schnurstracks um.
","Aber bei einem Treffer in den Kopf fällt er
schnurstracks um.
"
0x7d50,"Wenn du einen Feind schnell ausschalten
willst, ziele auf den Kopf.
","Wenn du einen Feind schnell ausschalten
willst, ziele auf den Kopf.
"
0x7d95,"Nimm Nahrung als Waffe auf und drücke die
Waffentaste, um die Nahrung zu werfen.
","Nimm Nahrung als Waffe auf und drücke die
Waffentaste, um die Nahrung zu werfen.
"
0x7de8,"Wenn du ein lebendes Tier in die Nähe des
Feindes wirfst, kannst du ihn vielleicht
ablenken.
","Wenn du ein lebendes Tier in die Nähe des
Feindes wirfst, kannst du ihn vielleicht
ablenken.
"
0x7e47,"Wenn ein Feind wirklich hungrig ist, könnte er
sich auf die mögliche Nahrungsquelle stürzen.
","Wenn ein Feind wirklich hungrig ist, könnte er
sich auf die mögliche Nahrungsquelle stürzen.
"
0x7ea8,"Bei diesem Einsatz bist du minimal ausgerüstet
und musst alles, was du auf dem Weg findest,
optimal nutzen.
","Bei diesem Einsatz bist du minimal ausgerüstet
und musst alles, was du auf dem Weg findest,
optimal nutzen.
"
0x7f16,"Bewege den rechten Analog-Stick in der
Hochperspektive in eine Richtung, um in diese
Richtung zu blicken.
","Bewege den rechten Analog-Stick in der
Hochperspektive in eine Richtung, um in diese
Richtung zu blicken.
"
0x7f81,"Bewege den rechten Analog-Stick nach links,
um alles links in der Nähe befindliche auf dem
Bildschirm zu sehen;
","Bewege den rechten Analog-Stick nach links,
um alles links in der Nähe befindliche auf dem
Bildschirm zu sehen;
"
0x7ff3,"nach rechts, um alles rechts zu sehen; nach
oben, um weiter entfernte Dinge zu sehen, und
nach unten, um in der Nähe befindliches zu
sehen.
","nach rechts, um alles rechts zu sehen; nach
oben, um weiter entfernte Dinge zu sehen, und
nach unten, um in der Nähe befindliches zu
sehen.
"
0x8081,"Wenn du die -Taste drückst, während der
rechte Analog-Stick in eine Richtung weist,
kannst du die Kamera in diese Richtung
fixieren.
","Wenn du die -Taste drückst, während der
rechte Analog-Stick in eine Richtung weist,
kannst du die Kamera in diese Richtung
fixieren.
"
0x810c,"Wenn du beispielsweise nach Norden gehst,
bewege den rechten Analog-Stick nach oben
und drücke die -Taste, um die Kamera zu
fixieren.
","Wenn du beispielsweise nach Norden gehst,
bewege den rechten Analog-Stick nach oben
und drücke die -Taste, um die Kamera zu
fixieren.
"
0x8197,"So kannst du Dinge in deiner Laufrichtung
beobachten.
","So kannst du Dinge in deiner Laufrichtung
beobachten.
"
0x81ce,"Wenn du später eine feindliche Patrouille im
Osten siehst, fixiere die Kamera nach rechts.
So kannst du dich verbergen und gleichzeitig
die Feindbewegung verfolgen.
","Wenn du später eine feindliche Patrouille im
Osten siehst, fixiere die Kamera nach rechts.
So kannst du dich verbergen und gleichzeitig
die Feindbewegung verfolgen.
"
0x8275,"Diese Technik kann bei deinem Einsatz
äußerst nützlich sein. Mache guten Gebrauch
davon.
","Diese Technik kann bei deinem Einsatz
äußerst nützlich sein. Mache guten Gebrauch
davon.
"
0x82d2,"Drücke im Rennen die Kriechtaste, um eine
Flugrolle zu machen.
","Drücke im Rennen die Kriechtaste, um eine
Flugrolle zu machen.
"
0x8313,"Für eine kurze Zeit führst du einen Sprung
aus, mit dem du Gegner umwerfen kannst.
","Für eine kurze Zeit führst du einen Sprung
aus, mit dem du Gegner umwerfen kannst.
"
0x8369,"Anders als bei deinem bisherigen Training
kannst du mit der Rolle über hüfthohe Objekte
springen.
","Anders als bei deinem bisherigen Training
kannst du mit der Rolle über hüfthohe Objekte
springen.
"
0x83ce,"Aber denk daran, dass die Rolle mehr
Ausdauer verbraucht als gewöhnliches Rennen.
","Aber denk daran, dass die Rolle mehr
Ausdauer verbraucht als gewöhnliches Rennen.
"
0x8422,"Snake, um deine Ausdauer zu erhalten, musst
du regelmäßig essen.
","Snake, um deine Ausdauer zu erhalten, musst
du regelmäßig essen.
"
0x8466,"Der Gedanke hinter diesem Einsatz ist die
Beschaffung vor Ort. Das gilt auch für
Nahrung.
","Der Gedanke hinter diesem Einsatz ist die
Beschaffung vor Ort. Das gilt auch für
Nahrung.
"
0x84c2,"Beschaffung vor Ort ...
","Beschaffung vor Ort ...
"
0x84db,"Das ist richtig.
","Das ist richtig.
"
0x84ed,"Aber wäre es nicht besser gewesen, ich hätte
mindestens ein paar Rationen mitgebracht?
","Aber wäre es nicht besser gewesen, ich hätte
mindestens ein paar Rationen mitgebracht?
"
0x8547,"Amerikaner haben die schreckliche
Angewohnheit, alles mitzunehmen.
","Amerikaner haben die schreckliche
Angewohnheit, alles mitzunehmen.
"
0x858b,"Heutzutage kommt man ohne alle erdenklichen
Geräte nicht mehr aus.
","Heutzutage kommt man ohne alle erdenklichen
Geräte nicht mehr aus.
"
0x85d0,"In der SAS war das nicht so, dass kann ich dir
versichern. Und bei FOX läuft alles nach
meinem Kommando.
","In der SAS war das nicht so, dass kann ich dir
versichern. Und bei FOX läuft alles nach
meinem Kommando.
"
0x863b,"Verstanden, Sir.
","Verstanden, Sir.
"
0x864d,"Du bist nicht überzeugt, stimmt's? Sieh es
einmal so:
","Du bist nicht überzeugt, stimmt's? Sieh es
einmal so:
"
0x8685,"Was du da draußen findest, schmeckt ohnehin
viel besser als Militärrationen.
","Was du da draußen findest, schmeckt ohnehin
viel besser als Militärrationen.
"
0x86d5,"Ich hoffe, Sie haben Recht.
","Ich hoffe, Sie haben Recht.
"
0x86f2,"Du wirst dich von heimischen Pflanzen und
Tieren ernähren.
","Du wirst dich von heimischen Pflanzen und
Tieren ernähren.
"
0x872f,"Para-Medic hat Informationen zur Tier- und
Pflanzenwelt im Einsatzbereich.
","Para-Medic hat Informationen zur Tier- und
Pflanzenwelt im Einsatzbereich.
"
0x877b,"Wende dich an sie, wenn du Fragen zu den
Pflanzen und Tieren hast, die du findest.
","Wende dich an sie, wenn du Fragen zu den
Pflanzen und Tieren hast, die du findest.
"
0x87cf,"Snake, wenn deine Ausdauer nachlässt,
beeinträchtigt es deine physischen Fähigkeiten.
","Snake, wenn deine Ausdauer nachlässt,
beeinträchtigt es deine physischen Fähigkeiten.
"
0x8829,"Stell deine Ausdauer wieder her, bevor du gar
keine mehr hast.
","Stell deine Ausdauer wieder her, bevor du gar
keine mehr hast.
"
0x8869,"Die Anzeige unter Ihrer LEBENS-Anzeige ist
Ihre Ausdaueranzeige.
","Die Anzeige unter Ihrer LEBENS-Anzeige ist
Ihre Ausdaueranzeige.
"
0x88ab,"Wie der Name sagt, zeigt sie Ihre verbleibende
Ausdauer an.
","Wie der Name sagt, zeigt sie Ihre verbleibende
Ausdauer an.
"
0x88e8,"Wenn Sie Ausdauer verbrauchen, verlangsamt
sich Ihre natürliche LEBENS-Regeneration,
Ihre Hände zittern mehr.
","Wenn Sie Ausdauer verbrauchen, verlangsamt
sich Ihre natürliche LEBENS-Regeneration,
Ihre Hände zittern mehr.
"
0x8959,"Auch Ihre O2-Anzeige und Griffanzeige sinken.
","Auch Ihre O2-Anzeige und Griffanzeige sinken.
"
0x8988,"Erheblicher Ausdauermangel kann Ihre
Einsatzziele häufig behindern.
","Erheblicher Ausdauermangel kann Ihre
Einsatzziele häufig behindern.
"
0x89ce,"Tanken Sie unbedingt vorher wieder Ausdauer
auf.
","Tanken Sie unbedingt vorher wieder Ausdauer
auf.
"
0x8a00,"Essen Sie etwas, um Ihre Ausdauer zu
verbessern.
","Essen Sie etwas, um Ihre Ausdauer zu
verbessern.
"
0x8a32,"Suchen Sie Pflanzen und jagen Sie Tiere als
Nahrung.
","Suchen Sie Pflanzen und jagen Sie Tiere als
Nahrung.
"
0x8a68,"Ich habe Informationen zur heimischen Tier-
und Pflanzenwelt, fragen Sie mich daher ruhig.
","Ich habe Informationen zur heimischen Tier-
und Pflanzenwelt, fragen Sie mich daher ruhig.
"
0x8ac4,"Meine Frequenz ist 145.73.
","Meine Frequenz ist 145.73.
"
0x8ae0,"Deine Aktionen können deine Ausdauer
senken. Je anspruchsvoller die Aktivität, desto
mehr Ausdauer verbrauchst du.
","Deine Aktionen können deine Ausdauer
senken. Je anspruchsvoller die Aktivität, desto
mehr Ausdauer verbrauchst du.
"
0x8b56,"Genau.
","Genau.
"
0x8b5e,"Wenn Sie langsam gehen, schonen Sie Ihre
Ausdauer. Rollen, Kriechen und Anpirschen
verbrauchen hingegen viel Ausdauer.
","Wenn Sie langsam gehen, schonen Sie Ihre
Ausdauer. Rollen, Kriechen und Anpirschen
verbrauchen hingegen viel Ausdauer.
"
0x8bd6,"Tun Sie Ihr Bestes, um unnötige Bewegungen
zu vermeiden. So gehen Sie schonend mit
Ihrer Ausdauer um.
","Tun Sie Ihr Bestes, um unnötige Bewegungen
zu vermeiden. So gehen Sie schonend mit
Ihrer Ausdauer um.
"
0x8c3e,"Snake, mit der Überlebensanzeige kannst du
deine Tarnung wählen, Wunden behandeln und
essen.
","Snake, mit der Überlebensanzeige kannst du
deine Tarnung wählen, Wunden behandeln und
essen.
"
0x8c9e,"Frage The Boss oder Para-Medic nach den
Details.
","Frage The Boss oder Para-Medic nach den
Details.
"
0x8cd0,"Snake, denk daran, dass du den Schalldämpfer
nicht ständig einsetzen kannst.
","Snake, denk daran, dass du den Schalldämpfer
nicht ständig einsetzen kannst.
"
0x8d20,"Ich weiß. Kein Schalldämpfer hält ewig.
","Ich weiß. Kein Schalldämpfer hält ewig.
"
0x8d4c,"Genau.
","Genau.
"
0x8d54,"Wenn die Leistung des Schalldämpfers
abnimmt, geht er allmählich kaputt.
","Wenn die Leistung des Schalldämpfers
abnimmt, geht er allmählich kaputt.
"
0x8da0,"Am Waffensymbol erkennst du den derzeitigen
Status des Schalldämpfers.
","Am Waffensymbol erkennst du den derzeitigen
Status des Schalldämpfers.
"
0x8de9,"Nimm den Schalldämpfer von der Pistole ab,
wenn er länger halten soll.
","Nimm den Schalldämpfer von der Pistole ab,
wenn er länger halten soll.
"
0x8e33,"Wähle mit der Waffenmenütaste die Waffe mit
Schalldämpfer
","Wähle mit der Waffenmenütaste die Waffe mit
Schalldämpfer
"
0x8e71,"und drücke die Eingabetaste, um den
Schalldämpfer aufzusetzen oder abzunehmen.
","und drücke die Eingabetaste, um den
Schalldämpfer aufzusetzen oder abzunehmen.
"
0x8ec3,"Setze deinen Schalldämpfer je nach Lage ein.
","Setze deinen Schalldämpfer je nach Lage ein.
"
0x8ef2,"Snake, gewisse feindliche Soldaten haben
Funkgeräte.
","Snake, gewisse feindliche Soldaten haben
Funkgeräte.
"
0x8f29,"Diese Melder können Informationen zum und
vom Hauptquartier über Funk übertragen.
","Diese Melder können Informationen zum und
vom Hauptquartier über Funk übertragen.
"
0x8f7f,"Wenn ein Melder deine Anwesenheit bemerkt,
kannst du darauf wetten, dass er Verstärkung
anfordert.
","Wenn ein Melder deine Anwesenheit bemerkt,
kannst du darauf wetten, dass er Verstärkung
anfordert.
"
0x8fe4,"Sobald das Hauptquartier die Bitte um
Verstärkung erhält, kontaktiert es eine nahe
Einheit und befiehlt ihr, den Bereich des
Melders zu verstärken.
","Sobald das Hauptquartier die Bitte um
Verstärkung erhält, kontaktiert es eine nahe
Einheit und befiehlt ihr, den Bereich des
Melders zu verstärken.
"
0x907c,"Sobald die Verstärkung eintrifft, sind deine
Feinde dir zahlenmäßig zu sehr überlegen.
Selbst du würdest gegen diese Überzahl nicht
ankommen.
","Sobald die Verstärkung eintrifft, sind deine
Feinde dir zahlenmäßig zu sehr überlegen.
Selbst du würdest gegen diese Überzahl nicht
ankommen.
"
0x9111,"Wenn du bemerkst, dass ein Melder über Funk
Verstärkung anfordern will, erledige ihn, bevor
er seinen Plan ausführt.
","Wenn du bemerkst, dass ein Melder über Funk
Verstärkung anfordern will, erledige ihn, bevor
er seinen Plan ausführt.
"
0x918a,"Wenn der Ruf durchgeht, zieh dich zurück,
bevor die Verstärkung eintrifft.
","Wenn der Ruf durchgeht, zieh dich zurück,
bevor die Verstärkung eintrifft.
"
0x91d8,"Wenn du zu lange zögerst, siehst du dich einer
starken Übermacht des Feindes gegenüber.
Verstanden?
","Wenn du zu lange zögerst, siehst du dich einer
starken Übermacht des Feindes gegenüber.
Verstanden?
"
0x9240,"Du kannst das von Feinden benutzte Funkgerät
zerstören.
","Du kannst das von Feinden benutzte Funkgerät
zerstören.
"
0x927b,"Wenn du dich auf einen Kampf einlassen
musst,
","Wenn du dich auf einen Kampf einlassen
musst,
"
0x92aa,"zerstöre erst das Funkgerät. So kannst du dich
auf den Kampf konzentrieren, ohne dich um
Verstärkung sorgen zu müssen.
","zerstöre erst das Funkgerät. So kannst du dich
auf den Kampf konzentrieren, ohne dich um
Verstärkung sorgen zu müssen.
"
0x9326,"Snake, dies ist ein Schleicheinsatz. Du wirst
direkt unter der Nase des Feindes arbeiten.
","Snake, dies ist ein Schleicheinsatz. Du wirst
direkt unter der Nase des Feindes arbeiten.
"
0x9381,"Falls dich ein Feind bemerkt, schalte ihn aus,
bevor er nahe Kameraden alarmieren kann.
","Falls dich ein Feind bemerkt, schalte ihn aus,
bevor er nahe Kameraden alarmieren kann.
"
0x93da,"Wenn du ihn erledigen kannst, bevor er Alarm
schlägt,
","Wenn du ihn erledigen kannst, bevor er Alarm
schlägt,
"
0x9412,"wechselt die Alarmphase schnell wieder zur
Normalphase.
","wechselt die Alarmphase schnell wieder zur
Normalphase.
"
0x944b,"Aber vergiss nicht - selbst das sollte nur im
Notfall geschehen.
","Aber vergiss nicht - selbst das sollte nur im
Notfall geschehen.
"
0x948d,"In erster Linie musst du vermeiden, dass dich
der Feind überhaupt entdeckt. Sei vorsichtig.
","In erster Linie musst du vermeiden, dass dich
der Feind überhaupt entdeckt. Sei vorsichtig.
"
0x94eb,"Snake, hast du bemerkt, dass Sternchen über
dem Kopf eines Feindes eingeblendet werden,
wenn du ihn bewusstlos schlägst?
","Snake, hast du bemerkt, dass Sternchen über
dem Kopf eines Feindes eingeblendet werden,
wenn du ihn bewusstlos schlägst?
"
0x9567,"Wenn du dir die Sterne über dem Kopf des
Feindes genau anschaust, erkennst du, dass
sie langsam einer nach dem anderen
verschwinden.
","Wenn du dir die Sterne über dem Kopf des
Feindes genau anschaust, erkennst du, dass
sie langsam einer nach dem anderen
verschwinden.
"
0x95ee,"Wenn alle Sterne verschwunden sind, gelangt
der Feind wieder zu Bewusstsein und greift
dich an.
","Wenn alle Sterne verschwunden sind, gelangt
der Feind wieder zu Bewusstsein und greift
dich an.
"
0x964f,"Wenn du daher einen Feind k. o. schlägst,
plane sein Erwachen ein.
","Wenn du daher einen Feind k. o. schlägst,
plane sein Erwachen ein.
"
0x9694,"Snake, die Region befindet sich im
Kontrollgebiet des Feindes.
","Snake, die Region befindet sich im
Kontrollgebiet des Feindes.
"
0x96d4,"Ich weiß. Jetzt wird's ernst.
","Ich weiß. Jetzt wird's ernst.
"
0x96f4,"Der Feind schickt regelmäßig Patrouillen. Man
weiß nie, wann oder wo man auf sie trifft.
","Der Feind schickt regelmäßig Patrouillen. Man
weiß nie, wann oder wo man auf sie trifft.
"
0x9751,"Setze deine Tarnung mit Bedacht ein und geh
vorsichtig vor.
","Setze deine Tarnung mit Bedacht ein und geh
vorsichtig vor.
"
0x978e,"Um deine Tarnung anzulegen, drücke die
START-Taste und wechsle dann zur
Überlebensanzeige.
","Um deine Tarnung anzulegen, drücke die
START-Taste und wechsle dann zur
Überlebensanzeige.
"
0x97ec,"Wähle dann „TARNUNG"" und drücke die
Eingabetaste.
","Wähle dann „TARNUNG"" und drücke die
Eingabetaste.
"
0x9823,"Wähle „UNIFORM"" für den Gefechtsdrillich und
„BEMALUNG"" für die Gesichtsbemalung.
","Wähle „UNIFORM"" für den Gefechtsdrillich und
„BEMALUNG"" für die Gesichtsbemalung.
"
0x987d,"Wähle einen Gefechtsdrillich, der zu deiner
Umgebung passt.
","Wähle einen Gefechtsdrillich, der zu deiner
Umgebung passt.
"
0x98bb,"Die wirksamste Tarnung ist die, bei der die
Uniform sich unauffällig in die Umgebung
einfügt.
","Die wirksamste Tarnung ist die, bei der die
Uniform sich unauffällig in die Umgebung
einfügt.
"
0x991c,"Hervorstechende Tarnmuster machen nur den
Feind auf dich aufmerksam.
","Hervorstechende Tarnmuster machen nur den
Feind auf dich aufmerksam.
"
0x9962,"Snake, Tarnuniformen alleine reichen nicht. Du
musst auch Gesichtsbemalung anlegen.
","Snake, Tarnuniformen alleine reichen nicht. Du
musst auch Gesichtsbemalung anlegen.
"
0x99b7,"Gesichtsbemalung ist Tarnung für das Gesicht,
","Gesichtsbemalung ist Tarnung für das Gesicht,
"
0x99e7,"sonst sticht dein Antlitz im Urwald hervor.
Schütze dich daher stets mit
Gesichtsbemalung.
","sonst sticht dein Antlitz im Urwald hervor.
Schütze dich daher stets mit
Gesichtsbemalung.
"
0x9a44,"Wähle eine Farbe, die zu den Merkmalen
deiner Umgebung passt, und trage die Farbe
mit den Fingern auf.
","Wähle eine Farbe, die zu den Merkmalen
deiner Umgebung passt, und trage die Farbe
mit den Fingern auf.
"
0x9aad,"Fange mit der hellen Farbe an und gehe dann
langsam zu dunkleren über.
","Fange mit der hellen Farbe an und gehe dann
langsam zu dunkleren über.
"
0x9af6,"Wenn du einen Fehler machst, kannst du die
Farbe später mit einer dunkleren überdecken.
","Wenn du einen Fehler machst, kannst du die
Farbe später mit einer dunkleren überdecken.
"
0x9b51,"Um dein Antlitz weniger dreidimensional wirken
zu lassen,
","Um dein Antlitz weniger dreidimensional wirken
zu lassen,
"
0x9b8c,"trägst du helle Farben auf die hinteren Partien
und dunkle Farben auf hervorstehende
Gesichtszüge auf.
","trägst du helle Farben auf die hinteren Partien
und dunkle Farben auf hervorstehende
Gesichtszüge auf.
"
0x9bf6,"Öffne die Überlebensanzeige, wähle
„TARNUNG"", dann „BEMALUNG"", um eine
Auswahl von Gesichtsfarben anzuzeigen.
","Öffne die Überlebensanzeige, wähle
„TARNUNG"", dann „BEMALUNG"", um eine
Auswahl von Gesichtsfarben anzuzeigen.
"
0x9c6c,"Wähle eine Farbe, die dich mit deiner
Umgebung verschmelzen lässt. Okay?
","Wähle eine Farbe, die dich mit deiner
Umgebung verschmelzen lässt. Okay?
"
0x9cb8,"Snake, Tarnung und Gesichtsbemalung allein
lassen dich noch nicht mit deiner Umgebung
verschmelzen.
","Snake, Tarnung und Gesichtsbemalung allein
lassen dich noch nicht mit deiner Umgebung
verschmelzen.
"
0x9d1d,"Neben der Tarnung ist deine Position ein
wichtiger Faktor, den du berücksichtigen
solltest.
","Neben der Tarnung ist deine Position ein
wichtiger Faktor, den du berücksichtigen
solltest.
"
0x9d7b,"Ziel der Tarnung ist es, mit der Natur zu
verschmelzen. Damit die Tarnung funktioniert,
musst du dich bedeckt halten und still sein.
","Ziel der Tarnung ist es, mit der Natur zu
verschmelzen. Damit die Tarnung funktioniert,
musst du dich bedeckt halten und still sein.
"
0x9e01,"Mit einem Tarnanzug, Gesichtsbemalung
passend zur Umgebung und flach auf dem
Bauch liegend brauchst
","Mit einem Tarnanzug, Gesichtsbemalung
passend zur Umgebung und flach auf dem
Bauch liegend brauchst
"
0x9e66,"du keine Angst haben, von einem weit
entfernten Feind entdeckt zu werden.
","du keine Angst haben, von einem weit
entfernten Feind entdeckt zu werden.
"
0x9eb1,"Wenn du aber herumrennst, schützt dich die
beste Tarnung nicht vor Entdeckung.
","Wenn du aber herumrennst, schützt dich die
beste Tarnung nicht vor Entdeckung.
"
0x9f02,"Wenn du dich verbergen musst, lege dich also
möglichst flach hin und bewege dich nicht.
","Wenn du dich verbergen musst, lege dich also
möglichst flach hin und bewege dich nicht.
"
0x9f5c,"Am Tarnindex kannst du ablesen, wie sich
deine Bewegung und Position auf die Effizienz
deiner Verkleidung auswirken.
","Am Tarnindex kannst du ablesen, wie sich
deine Bewegung und Position auf die Effizienz
deiner Verkleidung auswirken.
"
0x9fd2,"Snake, um den Einsatz unbemerkt
auszuführen, musst du lernen, einen sich
nähernden Feind weit im Voraus zu entdecken.
","Snake, um den Einsatz unbemerkt
auszuführen, musst du lernen, einen sich
nähernden Feind weit im Voraus zu entdecken.
"
0xa04b,"Drücke die Beobachtungsperspektivetaste und
kontrolliere beim Vorrücken beständig deine
Umgebung in der Beobachtungsperspektive.
","Drücke die Beobachtungsperspektivetaste und
kontrolliere beim Vorrücken beständig deine
Umgebung in der Beobachtungsperspektive.
"
0xa0d0,"Drücke die Beobachtungsperspektivetaste, um
zur Beobachtungsperspektive zu wechseln.
","Drücke die Beobachtungsperspektivetaste, um
zur Beobachtungsperspektive zu wechseln.
"
0xa127,"Aus dieser Perspektive kannst du deine
Umgebung mit eigenen Augen sehen.
","Aus dieser Perspektive kannst du deine
Umgebung mit eigenen Augen sehen.
"
0xa171,"In der Hochperspektive ist das Blickfeld
begrenzt.
","In der Hochperspektive ist das Blickfeld
begrenzt.
"
0xa1a5,"Wenn du in dieser Perspektive schnell
vorrückst, wirst du möglicherweise von einem
Feind entdeckt, ohne ihn selbst bemerkt zu
haben.
","Wenn du in dieser Perspektive schnell
vorrückst, wirst du möglicherweise von einem
Feind entdeckt, ohne ihn selbst bemerkt zu
haben.
"
0xa22d,"Halte regelmäßig an und schau dich in der
Beobachtungsperspektive um. Verstanden,
Snake?
","Halte regelmäßig an und schau dich in der
Beobachtungsperspektive um. Verstanden,
Snake?
"
0xa289,"Du kannst eine ausgerüstete Waffe in der
Beobachtungsperspektive einsetzen. Das nennt
man einen Beobachtungsperspektiveangriff.
","Du kannst eine ausgerüstete Waffe in der
Beobachtungsperspektive einsetzen. Das nennt
man einen Beobachtungsperspektiveangriff.
"
0xa30b,"Bei einem Beobachtungsperspektivenangriff
kannst du dein Feuer nach oben, unten, links
oder rechts regulieren.
","Bei einem Beobachtungsperspektivenangriff
kannst du dein Feuer nach oben, unten, links
oder rechts regulieren.
"
0xa37b,"Der Beobachtungsperspektiveangriff ist ein
zentraler Aspekt des Schusswaffenkampfes.
","Der Beobachtungsperspektiveangriff ist ein
zentraler Aspekt des Schusswaffenkampfes.
"
0xa3d1,"Aus dieser Perspektive kannst du in
Richtungen zielen, die du aus der
Hochperspektive nie treffen würdest. So kannst
du Feinde über oder unter dir erledigen.
","Aus dieser Perspektive kannst du in
Richtungen zielen, die du aus der
Hochperspektive nie treffen würdest. So kannst
du Feinde über oder unter dir erledigen.
"
0xa472,"und sogar auf Schwachstellen des Feindes
zielen.
","und sogar auf Schwachstellen des Feindes
zielen.
"
0xa4a4,"Wenn du einen Feind mit einem Schuss
erledigen musst, lanciere einen
Beobachtungsperspektiveangriff und ziele auf
den Kopf.
","Wenn du einen Feind mit einem Schuss
erledigen musst, lanciere einen
Beobachtungsperspektiveangriff und ziele auf
den Kopf.
"
0xa521,"Nachdem du ein Magazin entleert hast, musst
du erst ein neues laden.
","Nachdem du ein Magazin entleert hast, musst
du erst ein neues laden.
"
0xa567,"Während des Nachladens bist du schutzlos,
behalte deine Munition also im Auge.
","Während des Nachladens bist du schutzlos,
behalte deine Munition also im Auge.
"
0xa5b8,"Wie viele Schüsse dir noch bleiben, wird mit
einem Symbol angezeigt.
","Wie viele Schüsse dir noch bleiben, wird mit
einem Symbol angezeigt.
"
0xa5ff,"Bevor das Magazin völlig entleert ist, kannst
du auch taktisch nachladen.
","Bevor das Magazin völlig entleert ist, kannst
du auch taktisch nachladen.
"
0xa64b,"Taktisch nachladen heißt, dass du ein neues
Magazin einlegst, bevor du alle Kugeln aus
dem alten Magazin verschossen hast.
","Taktisch nachladen heißt, dass du ein neues
Magazin einlegst, bevor du alle Kugeln aus
dem alten Magazin verschossen hast.
"
0xa6c8,"So gehen dir die Kugeln in Feindnähe nie aus,
du behältst deine Schusskraft
","So gehen dir die Kugeln in Feindnähe nie aus,
du behältst deine Schusskraft
"
0xa717,"und hast stets eine Kugel in der Kammer.
","und hast stets eine Kugel in der Kammer.
"
0xa741,"Der Trick bei der Sache: Senke deine Pistole
oder Schusslinie beim Nachladen nicht ab.
","Der Trick bei der Sache: Senke deine Pistole
oder Schusslinie beim Nachladen nicht ab.
"
0xa799,"Halte die Visierlinie hoch und konzentriere dich
beim Wechseln des Magazins auf deine
Umgebung.
","Halte die Visierlinie hoch und konzentriere dich
beim Wechseln des Magazins auf deine
Umgebung.
"
0xa7fa,"Und vergiss nicht, hinterher nicht ganz
entleerte Magazine aufzuheben.
","Und vergiss nicht, hinterher nicht ganz
entleerte Magazine aufzuheben.
"
0xa842,"Zum Wechseln des Magazins legst du die
Pistole ab und rüstest sie dann wieder aus.
","Zum Wechseln des Magazins legst du die
Pistole ab und rüstest sie dann wieder aus.
"
0xa897,"Damit ist das neue Magazin geladen.
","Damit ist das neue Magazin geladen.
"
0xa8bc,"Ich empfehle dir, die Waffenmenütaste schnell
zu drücken, um flink nachzuladen.
","Ich empfehle dir, die Waffenmenütaste schnell
zu drücken, um flink nachzuladen.
"
0xa90f,"Wenn du auf einem Ast sitzt, drücke die
Aktionstaste, um vom Baum zu hängen oder zu
hangeln.
","Wenn du auf einem Ast sitzt, drücke die
Aktionstaste, um vom Baum zu hängen oder zu
hangeln.
"
0xa96f,"Du kannst aber nur so lange hangeln, wie
deine Greifkraft hält.
","Du kannst aber nur so lange hangeln, wie
deine Greifkraft hält.
"
0xa9b1,"Achte auf deine Griffanzeige, wenn du an
einem Baum hängst.
","Achte auf deine Griffanzeige, wenn du an
einem Baum hängst.
"
0xa9ef,"Sei vorsichtig - wenn es dir an Ausdauer
mangelt, hält dein Griff nicht lange.
","Sei vorsichtig - wenn es dir an Ausdauer
mangelt, hält dein Griff nicht lange.
"
0xaa40,"Auch im Hangeln kannst du deine Pistole mit
einer Hand abfeuern.
","Auch im Hangeln kannst du deine Pistole mit
einer Hand abfeuern.
"
0xaa82,"Und wenn du beim Hangeln angegriffen wirst,
gerate nicht in Panik, sondern nutze den
Vorteil.
","Und wenn du beim Hangeln angegriffen wirst,
gerate nicht in Panik, sondern nutze den
Vorteil.
"
0xaae1,"Snake, was tust du, wenn du eine neue Waffen
oder Objekte bekommst?
","Snake, was tust du, wenn du eine neue Waffen
oder Objekte bekommst?
"
0xab26,"Ich lege sie in meinen Rucksack.
","Ich lege sie in meinen Rucksack.
"
0xab48,"Aber du weißt, dass du Objekte in deinem
Rucksack nicht ausrüsten kannst, oder?
","Aber du weißt, dass du Objekte in deinem
Rucksack nicht ausrüsten kannst, oder?
"
0xab9b,"Ja. Mit der Waffen- und Objektmenütaste kann
ich nur Objekte ausrüsten, die ich am Körper
trage.
","Ja. Mit der Waffen- und Objektmenütaste kann
ich nur Objekte ausrüsten, die ich am Körper
trage.
"
0xac00,"Richtig. Wenn du ein Objekt ausrüsten willst,
musst du es erst aus dem Rucksack nehmen.
","Richtig. Wenn du ein Objekt ausrüsten willst,
musst du es erst aus dem Rucksack nehmen.
"
0xac5a,"Um eine Waffe am Körper zu tragen, wechselst
du zur Überlebensanzeige und wählst
„RUCKSACK"", „WAFFE"".
","Um eine Waffe am Körper zu tragen, wechselst
du zur Überlebensanzeige und wählst
„RUCKSACK"", „WAFFE"".
"
0xacc8,"Oben links im Fenster wird eine Liste von
Waffen eingeblendet.
","Oben links im Fenster wird eine Liste von
Waffen eingeblendet.
"
0xad08,"Wähle mit dem linken Analog-Stick die Waffe,
die du bei dir tragen möchtest,
","Wähle mit dem linken Analog-Stick die Waffe,
die du bei dir tragen möchtest,
"
0xad58,"und drücke die Eingabetaste, um die Waffe
aus dem Rucksack zu nehmen und zur Hand
zu haben.
","und drücke die Eingabetaste, um die Waffe
aus dem Rucksack zu nehmen und zur Hand
zu haben.
"
0xadb6,"Du kannst allerdings immer nur eine begrenzte
Anzahl von Waffen am Körper tragen.
","Du kannst allerdings immer nur eine begrenzte
Anzahl von Waffen am Körper tragen.
"
0xae0a,"Lege Waffen, die du nicht benötigst, zurück in
den Rucksack.
","Lege Waffen, die du nicht benötigst, zurück in
den Rucksack.
"
0xae4a,"Wähle eine Waffe, die du bei dir trägst, aus
der Waffenliste und drücke die Eingabetaste,
um die Waffe in den Rucksack zu stecken.
","Wähle eine Waffe, die du bei dir trägst, aus
der Waffenliste und drücke die Eingabetaste,
um die Waffe in den Rucksack zu stecken.
"
0xaed1,"Welche Waffe am hilfreichsten ist, hängt von
der jeweiligen Situation ab.
","Welche Waffe am hilfreichsten ist, hängt von
der jeweiligen Situation ab.
"
0xaf1d,"Denk daran, wenn du überlegst, welche Waffen
du bei dir tragen solltest. Okay, Snake?
","Denk daran, wenn du überlegst, welche Waffen
du bei dir tragen solltest. Okay, Snake?
"
0xaf75,"Snake, in der Beobachtungsperspektive zielt
man etwas anders, als du es im Training
gelernt hast.
","Snake, in der Beobachtungsperspektive zielt
man etwas anders, als du es im Training
gelernt hast.
"
0xafd8,"Wenn du mit der Pistole in der
Beobachtungsperspektive zielst, richte das
vordere und hintere Pistolenvisier auf das Ziel
und drücke dann ab.
","Wenn du mit der Pistole in der
Beobachtungsperspektive zielst, richte das
vordere und hintere Pistolenvisier auf das Ziel
und drücke dann ab.
"
0xb068,"Kein Laservisier?
","Kein Laservisier?
"
0xb07b,"Was?
","Was?
"
0xb081,"Ein Laservisier ... Ich habe gehört, dass es
vom Militär entwickelt wird, aber ...
","Ein Laservisier ... Ich habe gehört, dass es
vom Militär entwickelt wird, aber ...
"
0xb0d7,"Du willst ein Laservisier?
","Du willst ein Laservisier?
"
0xb0f3,"...
","...
"
0xb0f8,"Ein gut ausgebildeter Soldat braucht kein
Laservisier. Keine Stützräder bei diesem
Einsatz, Snake.
","Ein gut ausgebildeter Soldat braucht kein
Laservisier. Keine Stützräder bei diesem
Einsatz, Snake.
"
0xb15e,"...
","...
"
0xb163,"Beim Sturmgewehr und bestimmten anderen
Waffen bereitest du die Waffe durch Drücken
der Waffentaste zum Schießen aus der Hüfte
vor.
","Beim Sturmgewehr und bestimmten anderen
Waffen bereitest du die Waffe durch Drücken
der Waffentaste zum Schießen aus der Hüfte
vor.
"
0xb1eb,"Beim Nahkampf oder in einer anderen
Situation, in der du schnell reagieren musst,
schießt du am besten aus dieser Position.
","Beim Nahkampf oder in einer anderen
Situation, in der du schnell reagieren musst,
schießt du am besten aus dieser Position.
"
0xb269,"Pass auf, wohin die Schüsse gehen und
korrigiere dein Ziel entsprechend.
","Pass auf, wohin die Schüsse gehen und
korrigiere dein Ziel entsprechend.
"
0xb2b4,"Ich verstehe, aber es hört sich nicht sehr
genau an.
","Ich verstehe, aber es hört sich nicht sehr
genau an.
"
0xb2eb,"Natürlich nicht. Wenn du präzise treffen musst,
z. B. bei einem Weit- oder Scharfschuss, hältst
du zum Zielen die Zieltaste gedrückt.
","Natürlich nicht. Wenn du präzise treffen musst,
z. B. bei einem Weit- oder Scharfschuss, hältst
du zum Zielen die Zieltaste gedrückt.
"
0xb376,"Bringe das vordere und hintere Visier sorgfältig
auf eine Linie, um dein Feuer zu konzentrieren
und das Ziel schärfer zu sehen.
","Bringe das vordere und hintere Visier sorgfältig
auf eine Linie, um dein Feuer zu konzentrieren
und das Ziel schärfer zu sehen.
"
0xb3f9,"Snake, die sowjetischen Truppen sind nicht die
einzigen Feinde für dich.
","Snake, die sowjetischen Truppen sind nicht die
einzigen Feinde für dich.
"
0xb444,"Was meinen Sie damit?
","Was meinen Sie damit?
"
0xb45b,"Die Natur ...
","Die Natur ...
"
0xb46a,"Boss ...
","Boss ...
"
0xb474,"Giftschlangen, Skorpione, Krokodile,
Hornissen - in Tselinoyarsk leben Dutzende
gefährlicher Tiere.
","Giftschlangen, Skorpione, Krokodile,
Hornissen - in Tselinoyarsk leben Dutzende
gefährlicher Tiere.
"
0xb4da,"Ja, es gibt sogar Giftpilze und -frösche sowie
andere Pflanzen und Tiere, die du nicht
verzehren darfst.
","Ja, es gibt sogar Giftpilze und -frösche sowie
andere Pflanzen und Tiere, die du nicht
verzehren darfst.
"
0xb545,"Um in der Natur zu überleben, musst du sie
kennen.
","Um in der Natur zu überleben, musst du sie
kennen.
"
0xb57a,"Para-Medic weiß über die Flora und Fauna in
jedem Gebiet Bescheid. Frage sie, wenn du
Näheres wissen möchtest.
","Para-Medic weiß über die Flora und Fauna in
jedem Gebiet Bescheid. Frage sie, wenn du
Näheres wissen möchtest.
"
0xb5ee,"In den meisten Gebieten verursachen deine
Schritte auch dann ein Geräusch, wenn du
langsam und mit kleinen Bewegungen des
linken Analog-Sticks gehst.
","In den meisten Gebieten verursachen deine
Schritte auch dann ein Geräusch, wenn du
langsam und mit kleinen Bewegungen des
linken Analog-Sticks gehst.
"
0xb686,"Deine Schritte könnten so nahe Feinde auf
dich aufmerksam machen.
","Deine Schritte könnten so nahe Feinde auf
dich aufmerksam machen.
"
0xb6ca,"Wenn du dich von hinten an einen Feind
anschleichen musst, pirsche dich mithilfe einer
Richtungstaste an.
","Wenn du dich von hinten an einen Feind
anschleichen musst, pirsche dich mithilfe einer
Richtungstaste an.
"
0xb735,"Anpirschen ist eine Bewegungstechnik, die
selbst deine Schrittgeräusche unterdrückt.
","Anpirschen ist eine Bewegungstechnik, die
selbst deine Schrittgeräusche unterdrückt.
"
0xb78d,"Beim Anpirschen verlagerst du dein Gewicht
auf den hinteren Fuß und setzt dann langsam
den vorderen Fuß vor.
","Beim Anpirschen verlagerst du dein Gewicht
auf den hinteren Fuß und setzt dann langsam
den vorderen Fuß vor.
"
0xb7fd,"Bevor du den vorderen Fuß aufsetzt,
","Bevor du den vorderen Fuß aufsetzt,
"
0xb823,"fühlst du mit der Fußspitze, ob gefährliche
Objekte oder Zweige dort am Boden liegen, die
beim Drauftreten ein Geräusch verursachen
können.
","fühlst du mit der Fußspitze, ob gefährliche
Objekte oder Zweige dort am Boden liegen, die
beim Drauftreten ein Geräusch verursachen
können.
"
0xb8b5,"Wenn du eine Stelle gefunden hast, auf die du
den Fuß setzen willst, senke den Fuß langsam
ab.
","Wenn du eine Stelle gefunden hast, auf die du
den Fuß setzen willst, senke den Fuß langsam
ab.
"
0xb917,"Setze zuerst die Außenkante ab, bevor du
allmählich den Fuß mit deinem Gewicht
belastest.
","Setze zuerst die Außenkante ab, bevor du
allmählich den Fuß mit deinem Gewicht
belastest.
"
0xb975,"Während dieses gesamten Verfahrens musst
du deine Waden anstrengen, um dein
Gleichgewicht halten zu können.
","Während dieses gesamten Verfahrens musst
du deine Waden anstrengen, um dein
Gleichgewicht halten zu können.
"
0xb9e4,"...
","...
"
0xb9e9,"Du musst aber nur die Richtungstaste in der
gewünschten Bewegungsrichtung drücken.
","Du musst aber nur die Richtungstaste in der
gewünschten Bewegungsrichtung drücken.
"
0xba3f,"Beim Anpirschen kannst du dich geräuschlos
bewegen.
","Beim Anpirschen kannst du dich geräuschlos
bewegen.
"
0xba75,"Und da deine Körperhaltung beim Anpirschen
sehr geduckt ist, ist die Wahrscheinlichkeit viel
geringer, dass dich der Feind entdeckt.
","Und da deine Körperhaltung beim Anpirschen
sehr geduckt ist, ist die Wahrscheinlichkeit viel
geringer, dass dich der Feind entdeckt.
"
0xbafc,"Da du dich vorsichtig anpirschst, kannst du
eine Falle auf dem Boden bemerken, bevor du
sie auslöst.
","Da du dich vorsichtig anpirschst, kannst du
eine Falle auf dem Boden bemerken, bevor du
sie auslöst.
"
0xbb63,"Die langsame, konzentrierte Pirschbewegung
verbraucht allerdings viel Ausdauer.
","Die langsame, konzentrierte Pirschbewegung
verbraucht allerdings viel Ausdauer.
"
0xbbb4,"Wechsle je nach Situation mit dem linken
Analog-Stick zwischen gehen und rennen
","Wechsle je nach Situation mit dem linken
Analog-Stick zwischen gehen und rennen
"
0xbc05,"und pirsche dich mit der Richtungstaste an.
","und pirsche dich mit der Richtungstaste an.
"
0xbc32,"Hör mal, Snake. Denk daran, dass dies ein
absolut verdeckter Einsatz ist.
","Hör mal, Snake. Denk daran, dass dies ein
absolut verdeckter Einsatz ist.
"
0xbc7e,"Vermeide Gefechte mit dem Gegner. Wenn du
einen Gegner ausschalten musst, benutze die
Betäubungspistole.
","Vermeide Gefechte mit dem Gegner. Wenn du
einen Gegner ausschalten musst, benutze die
Betäubungspistole.
"
0xbce9,"Okay. Schlaf süß, kleiner Pfadfinder.
","Okay. Schlaf süß, kleiner Pfadfinder.
"
0xbd12,"Genau. Und bis er wieder aufwacht, bist du mit
Sokolov schon längst außer Landes.
","Genau. Und bis er wieder aufwacht, bist du mit
Sokolov schon längst außer Landes.
"
0xbd67,"Und schlürfe heißen Kaffee im Flugzeug.
","Und schlürfe heißen Kaffee im Flugzeug.
"
0xbd92,"... Was hast du gesagt?
","... Was hast du gesagt?
"
0xbdab,"?
","?
"
0xbdae,"WAS hast du gesagt?
","WAS hast du gesagt?
"
0xbdc3,"Und schlürfe heißen Ka...
","Und schlürfe heißen Ka...
"
0xbde0,"Du willst den ekligen Schlamm trinken? Auf
deinem Siegesflug heim?
","Du willst den ekligen Schlamm trinken? Auf
deinem Siegesflug heim?
"
0xbe24,"Okay, und was würden Sie trinken?
","Okay, und was würden Sie trinken?
"
0xbe48,"Tee natürlich!
","Tee natürlich!
"
0xbe59,"Die ganzen zwei Jahre seit Sokolovs
Asylgesuch habe ich auf die Vorbereitungen
verwandt.
","Die ganzen zwei Jahre seit Sokolovs
Asylgesuch habe ich auf die Vorbereitungen
verwandt.
"
0xbeb3,"Und jetzt ist es an der Zeit, dass wir
Ergebnisse sehen.
","Und jetzt ist es an der Zeit, dass wir
Ergebnisse sehen.
"
0xbeed,"FOX ist eine Spionageorganisation der
nächsten Generation,
","FOX ist eine Spionageorganisation der
nächsten Generation,
"
0xbf2a,"die uns auf die Operationen des 21.
Jahrhunderts vorbereiten soll, die ich der CIA
vorgeschlagen habe.
","die uns auf die Operationen des 21.
Jahrhunderts vorbereiten soll, die ich der CIA
vorgeschlagen habe.
"
0xbf92,"FOX schickt Einzelkämpfer, die vor allem in
Spionage und Spezialtaktiken besonderes
Geschick besitzen, auf Solo-Schleicheinsätze
wie diesen ...
","FOX schickt Einzelkämpfer, die vor allem in
Spionage und Spezialtaktiken besonderes
Geschick besitzen, auf Solo-Schleicheinsätze
wie diesen ...
"
0xc025,"... Es ist eine Einheit der nächsten Generation,
die die Fertigkeiten der Sondereinsatztruppen
wie der SAS und den Green Berets
","... Es ist eine Einheit der nächsten Generation,
die die Fertigkeiten der Sondereinsatztruppen
wie der SAS und den Green Berets
"
0xc0a7,"mit dem Know-how einer Infiltrations- und
Spionageeinheit verbindet.
","mit dem Know-how einer Infiltrations- und
Spionageeinheit verbindet.
"
0xc0ed,"Militärpolitik war noch nie meine Stärke ...
","Militärpolitik war noch nie meine Stärke ...
"
0xc11d,"Was ich sagen will ... Stealth. Das hier ist ein
Stealth-Einsatz.
","Was ich sagen will ... Stealth. Das hier ist ein
Stealth-Einsatz.
"
0xc160,"Eine wesentliche Taktik für den
bevorstehenden Kalten Krieg.
","Eine wesentliche Taktik für den
bevorstehenden Kalten Krieg.
"
0xc19f,"Der CIA-Direktor war FOX nie freundlich
gesinnt, aber wenn dieser Einsatz erfolgreich
ist, wird FOX eine offizielle CIA-Einheit.
","Der CIA-Direktor war FOX nie freundlich
gesinnt, aber wenn dieser Einsatz erfolgreich
ist, wird FOX eine offizielle CIA-Einheit.
"
0xc221,"Ich beabsichtige, FOX zu einer führenden
Organisation für Sondereinsätze zu machen.
","Ich beabsichtige, FOX zu einer führenden
Organisation für Sondereinsätze zu machen.
"
0xc279,"Dazu muss dieser Einsatz aber erfolgreich
sein.
","Dazu muss dieser Einsatz aber erfolgreich
sein.
"
0xc2aa,"Okay.
","Okay.
"
0xc2b1,"Ich verlass mich auf dich, Snake.
","Ich verlass mich auf dich, Snake.
"
0xc2d4,"Zu deinem Einsatz gehört es auch, den
führenden Militärs die wesentlichen
FOX-Konzepte zu erläutern.
","Zu deinem Einsatz gehört es auch, den
führenden Militärs die wesentlichen
FOX-Konzepte zu erläutern.
"
0xc33e,"Hinterlass keine Spuren. Das ist das
Kennzeichen von FOX. Und vermeide jeden
Feindkontakt.
","Hinterlass keine Spuren. Das ist das
Kennzeichen von FOX. Und vermeide jeden
Feindkontakt.
"
0xc39a,"Verstanden.
","Verstanden.
"
0xc3a7,"Doch nicht nur das. Ich meine damit: Lass
NICHTS zurück, keine Waffen, Ausrüstung,
Fußabdrücke, Schweiß ... ja selbst
Exkremente.
","Doch nicht nur das. Ich meine damit: Lass
NICHTS zurück, keine Waffen, Ausrüstung,
Fußabdrücke, Schweiß ... ja selbst
Exkremente.
"
0xc42f,"Ja. Wenn ich mein Geschäft erledige, vergrabe
ich es.
","Ja. Wenn ich mein Geschäft erledige, vergrabe
ich es.
"
0xc467,"Was!?
","Was!?
"
0xc46e,"Was ist los?
","Was ist los?
"
0xc47c,"Machen Amerikaner das so?
","Machen Amerikaner das so?
"
0xc497,"Machen was?
","Machen was?
"
0xc4a4,"Gehen sie so mit Exkrementen um? Du willst
sie VERGRABEN?
","Gehen sie so mit Exkrementen um? Du willst
sie VERGRABEN?
"
0xc4df,"Ja.
","Ja.
"
0xc4e4,"Bring sie mit.
","Bring sie mit.
"
0xc4f4,"Was?
","Was?
"
0xc4fa,"Das haben wir in der SAS so gemacht.
","Das haben wir in der SAS so gemacht.
"
0xc520,"...
","...
"
0xc525,"Die US-Army ist nachlässig. Sie macht ihre
Sache gut, aber nicht perfekt. Hier bei FOX
läuft alles so, wie ich es sage. Verstanden?
","Die US-Army ist nachlässig. Sie macht ihre
Sache gut, aber nicht perfekt. Hier bei FOX
läuft alles so, wie ich es sage. Verstanden?
"
0xc5ac,"... Ja, Sir ...
","... Ja, Sir ...
"
0xc5bd,"Major.
","Major.
"
0xc5c5,"Was ist?
","Was ist?
"
0xc5cf,"Ihr Codename ...
","Ihr Codename ...
"
0xc5e1,"Major Tom?
","Major Tom?
"
0xc5ed,"Ja. Woher haben Sie den Namen?
","Ja. Woher haben Sie den Namen?
"
0xc60d,"Von einem Tunnel.
","Von einem Tunnel.
"
0xc620,"Einem Tunnel?
","Einem Tunnel?
"
0xc62f,"Ja. Snake, hast du den Film „Gesprengte
Ketten"" gesehen?
","Ja. Snake, hast du den Film „Gesprengte
Ketten"" gesehen?
"
0xc66b,"Nein.
","Nein.
"
0xc672,"Es ist ein Film über eine Gruppe von Alliierten
Kriegsgefangenen in einem deutschen Lager.
Die Gefangenen planen ihre Flucht.
","Es ist ein Film über eine Gruppe von Alliierten
Kriegsgefangenen in einem deutschen Lager.
Die Gefangenen planen ihre Flucht.
"
0xc6f2,"Sie graben drei Fluchttunnel und nennen sie
Dick, Harry und Tom.
","Sie graben drei Fluchttunnel und nennen sie
Dick, Harry und Tom.
"
0xc734,"Ich verstehe. „Tom"" war also ein Fluchttunnel.
Haben sie es geschafft?
","Ich verstehe. „Tom"" war also ein Fluchttunnel.
Haben sie es geschafft?
"
0xc77e,"Die Flucht aus dem Lager? Natürlich.
","Die Flucht aus dem Lager? Natürlich.
"
0xc7a5,"Einer der Tunnel wurde entdeckt, bevor er
fertig gestellt war, aber letzten Endes
entkamen sie doch.
","Einer der Tunnel wurde entdeckt, bevor er
fertig gestellt war, aber letzten Endes
entkamen sie doch.
"
0xc80b,"Ich verstehe jetzt. Tom war der Tunnel, durch
den die Gefangenen entkamen.
","Ich verstehe jetzt. Tom war der Tunnel, durch
den die Gefangenen entkamen.
"
0xc857,"... Äh, ja, das stimmt.
","... Äh, ja, das stimmt.
"
0xc871,"Was ist?
","Was ist?
"
0xc87b,"Äh, eigentlich bin ich mir nicht sicher ...
","Äh, eigentlich bin ich mir nicht sicher ...
"
0xc8a9,"Major ...
","Major ...
"
0xc8b4,"Schon gut. Es ist „Tom"", Snake. „Tom"" ist der
Fluchttunnel. Keine Frage.
","Schon gut. Es ist „Tom"", Snake. „Tom"" ist der
Fluchttunnel. Keine Frage.
"
0xc902,"...
","...
"
0xc907,"Major, was ist mit meinem Codenamen?
","Major, was ist mit meinem Codenamen?
"
0xc92d,"Du meinst „Naked Snake""?
","Du meinst „Naked Snake""?
"
0xc949,"Ja. Was bedeutet das?
","Ja. Was bedeutet das?
"
0xc960,"Nun, eine Schlange gleitet durch das Gras,
unbemerkt ...
","Nun, eine Schlange gleitet durch das Gras,
unbemerkt ...
"
0xc99a,"Nein, ich meine das „Naked"" (nackt).
","Nein, ich meine das „Naked"" (nackt).
"
0xc9c2,"Es heißt: ohne Verschönerung oder bestimmte
Qualitäten - mit anderen Worten: einfach.
","Es heißt: ohne Verschönerung oder bestimmte
Qualitäten - mit anderen Worten: einfach.
"
0xca1c,"Warum ist das mein Codename?
","Warum ist das mein Codename?
"
0xca3a,"Ich habe doch schon erklärt, dass die „Virtuose
Mission"" die Effizienz von FOX auf die Probe
stellen soll, nicht wahr?
","Ich habe doch schon erklärt, dass die „Virtuose
Mission"" die Effizienz von FOX auf die Probe
stellen soll, nicht wahr?
"
0xcab5,"Ja.
","Ja.
"
0xcaba,"Und das Verfahren für diesen Einsatz wird der
Modus Operandi für künftige FOX-Operationen
werden. Mit anderen Worten ...
","Und das Verfahren für diesen Einsatz wird der
Modus Operandi für künftige FOX-Operationen
werden. Mit anderen Worten ...
"
0xcb37,"Das Wesen von FOX, nackt und rein?
","Das Wesen von FOX, nackt und rein?
"
0xcb5b,"Genau. Und dann ist da der Aspekt, dass du
praktisch nackt gelandet bist - keine Waffen,
keine Ausrüstung.
","Genau. Und dann ist da der Aspekt, dass du
praktisch nackt gelandet bist - keine Waffen,
keine Ausrüstung.
"
0xcbc8,"Verstehe. Es bedeutet mehr, als ich dachte.
","Verstehe. Es bedeutet mehr, als ich dachte.
"
0xcbf5,"Ja. Clever, nicht wahr? Aber bleib nicht nackt
im Angesicht des Feindes.
","Ja. Clever, nicht wahr? Aber bleib nicht nackt
im Angesicht des Feindes.
"
0xcc3f,"Verstanden.
","Verstanden.
"
0xcc4c,"Snake, ich habe das Fulton Recovery System
zweimal überprüft.
","Snake, ich habe das Fulton Recovery System
zweimal überprüft.
"
0xcc8d,"Irgendwelche Probleme?
","Irgendwelche Probleme?
"
0xcca5,"Keine. Deine Evakuierung ist bei uns in guten
Händen.
","Keine. Deine Evakuierung ist bei uns in guten
Händen.
"
0xccdd,"Ausgezeichnet.
","Ausgezeichnet.
"
0xcced,"Ich sollte das Verfahren wohl besser noch
einmal erklären, bevor es ernst wird.
","Ich sollte das Verfahren wohl besser noch
einmal erklären, bevor es ernst wird.
"
0xcd3f,"Nein.
","Nein.
"
0xcd46,"Okay. Das Fulton Recovery System ermöglicht
die schnelle Rettung von Personal aus
feindlichem Gebiet.
","Okay. Das Fulton Recovery System ermöglicht
die schnelle Rettung von Personal aus
feindlichem Gebiet.
"
0xcdae,"Für diese Art von Spezialeinsätzen ist es
perfekt geeignet.
","Für diese Art von Spezialeinsätzen ist es
perfekt geeignet.
"
0xcded,"...
","...
"
0xcdf2,"Das Flugzeug fliegt vorbei und hakt eine
Nylonschnur ein, an der sich der Soldat
festhält.
","Das Flugzeug fliegt vorbei und hakt eine
Nylonschnur ein, an der sich der Soldat
festhält.
"
0xce4f,"Ein Ballon hebt diese Schnur in die Luft.
","Ein Ballon hebt diese Schnur in die Luft.
"
0xce7a,"Das Fulton Recovery System stammt aus den
40er Jahren. Es wurde damals von der
US-Post entwickelt, um Post aufzunehmen.
","Das Fulton Recovery System stammt aus den
40er Jahren. Es wurde damals von der
US-Post entwickelt, um Post aufzunehmen.
"
0xcef3,"Im Koreakrieg wurde das System zur
Evakuierung von Soldaten umfunktioniert.
JACK, eine Zweigorganisation der CIA ...
","Im Koreakrieg wurde das System zur
Evakuierung von Soldaten umfunktioniert.
JACK, eine Zweigorganisation der CIA ...
"
0xcf69,"Ja, der gute alte JACK ... Die Abkürzung steht
für Joint Advisory Commission, Korea
(Gemeinsame Beratungskommission für
Korea). Beeindruckend, nicht wahr?
","Ja, der gute alte JACK ... Die Abkürzung steht
für Joint Advisory Commission, Korea
(Gemeinsame Beratungskommission für
Korea). Beeindruckend, nicht wahr?
"
0xd008,"...
","...
"
0xd00d,"JACK setzte also als erste Einheit das
Fulton-System STAR (für Surface-To-Air
Recovery) ein, um Agenten aus Nordkorea und
China herauszuholen.
","JACK setzte also als erste Einheit das
Fulton-System STAR (für Surface-To-Air
Recovery) ein, um Agenten aus Nordkorea und
China herauszuholen.
"
0xd09e,"Gehen wir das Verfahren sicherheitshalber
noch einmal durch.
","Gehen wir das Verfahren sicherheitshalber
noch einmal durch.
"
0xd0dc,"Erst wirft das Flugzeug einen etwa sarggroßen
Kanister zu dir ab.
","Erst wirft das Flugzeug einen etwa sarggroßen
Kanister zu dir ab.
"
0xd120,"Darin findest du einen Ballon, ein ca. 450 m
langes Kabel und einen Gurt, den du an
deinem Anzug befestigst.
","Darin findest du einen Ballon, ein ca. 450 m
langes Kabel und einen Gurt, den du an
deinem Anzug befestigst.
"
0xd18e,"Nimm die Teile heraus, befestige die Leine am
Anzug, fülle den Ballon mit Helium und lass die
Leine aufsteigen.
","Nimm die Teile heraus, befestige die Leine am
Anzug, fülle den Ballon mit Helium und lass die
Leine aufsteigen.
"
0xd200,"Das Flugzeug nähert sich mit einer
Geschwindigkeit von 200 km/h, hakt die Leine
unmittelbar unterhalb des Ballons am
Flugzeugbug ein
","Das Flugzeug nähert sich mit einer
Geschwindigkeit von 200 km/h, hakt die Leine
unmittelbar unterhalb des Ballons am
Flugzeugbug ein
"
0xd287,"und nimmt dich mit.
","und nimmt dich mit.
"
0xd29c,"Wenn die Bergung glückt, wirst du mit einer
Winde hoch gehieft und sicher hinten ins
Flugzeug gezogen. Verstanden?
","Wenn die Bergung glückt, wirst du mit einer
Winde hoch gehieft und sicher hinten ins
Flugzeug gezogen. Verstanden?
"
0xd311,"...
","...
"
0xd316,"Snake?
","Snake?
"
0xd31e,"Ja, verstanden. Klar und deutlich.
","Ja, verstanden. Klar und deutlich.
"
0xd342,"Hast du überhaupt zugehört?
","Hast du überhaupt zugehört?
"
0xd361,"Ja.
","Ja.
"
0xd366,"Dann ist es ja gut.
","Dann ist es ja gut.
"
0xd37b,"Das war ein ausgezeichneter HALO-Sprung.
","Das war ein ausgezeichneter HALO-Sprung.
"
0xd3a5,"Eigentlich nicht. Ich bin nicht an der richtigen
Stelle gelandet.
","Eigentlich nicht. Ich bin nicht an der richtigen
Stelle gelandet.
"
0xd3e8,"Ein Fallschirmspringer, der sein Gepäck beim
ersten echten HALO-Sprung verliert - das wird
später eine gute Anekdote.
","Ein Fallschirmspringer, der sein Gepäck beim
ersten echten HALO-Sprung verliert - das wird
später eine gute Anekdote.
"
0xd461,"Na und? Es gibt keine Aufzeichnungen über
deine Einsätze.
","Na und? Es gibt keine Aufzeichnungen über
deine Einsätze.
"
0xd49e,"Ich weiß, aber ...
","Ich weiß, aber ...
"
0xd4b3,"Was, es ist dir peinlich?
","Was, es ist dir peinlich?
"
0xd4ce,"Nein, es ist mir nicht peinlich.
","Nein, es ist mir nicht peinlich.
"
0xd4f0,"Es ist The Boss, nicht wahr?
","Es ist The Boss, nicht wahr?
"
0xd50e,"Was ist mit The Boss?
","Was ist mit The Boss?
"
0xd525,"Nichts, Para-Medic.
","Nichts, Para-Medic.
"
0xd53a,"Das hört sich nicht nach „nichts"" an.
","Das hört sich nicht nach „nichts"" an.
"
0xd564,"Ich meine, es hat nichts mit The Boss zu tun.
","Ich meine, es hat nichts mit The Boss zu tun.
"
0xd593,"Es hat wohl etwas mit The Boss zu tun, aber
Sie möchten nicht darüber sprechen?
","Es hat wohl etwas mit The Boss zu tun, aber
Sie möchten nicht darüber sprechen?
"
0xd5e6,"... Ja, so in etwa ...
","... Ja, so in etwa ...
"
0xd5fe,"... Ich verstehe, Snake.
","... Ich verstehe, Snake.
"
0xd618,"The Boss hat einen erheblichen Beitrag zu den
militärischen HALO-Studien geleistet.
","The Boss hat einen erheblichen Beitrag zu den
militärischen HALO-Studien geleistet.
"
0xd66e,"Und Snake wollte einen perfekten ersten
Sprung hinlegen, wissen Sie? Er wollte damit
seinen Respekt für die Mutter dieser Technik
zeigen.
","Und Snake wollte einen perfekten ersten
Sprung hinlegen, wissen Sie? Er wollte damit
seinen Respekt für die Mutter dieser Technik
zeigen.
"
0xd6fa,"Major!
","Major!
"
0xd702,"Snake!? Ich dachte, du hättest abgeschaltet.
","Snake!? Ich dachte, du hättest abgeschaltet.
"
0xd731,"...
","...
"
0xd736,"Wow, stimmt das?
","Wow, stimmt das?
"
0xd748,"Haben Sie etwas zu sagen?
","Haben Sie etwas zu sagen?
"
0xd763,"Nein.
","Nein.
"
0xd76a,"Ich wette, doch.
","Ich wette, doch.
"
0xd77c,"Eigentlich nicht. Ich finde es nur niedlich, dass
Sie es so empfinden.
","Eigentlich nicht. Ich finde es nur niedlich, dass
Sie es so empfinden.
"
0xd7c4,"Ich weiß nicht, ob ich das als Kompliment oder
als Beleidigung auffassen soll.
","Ich weiß nicht, ob ich das als Kompliment oder
als Beleidigung auffassen soll.
"
0xd815,"Als Kompliment, Snake! Also, stimmt es?
","Als Kompliment, Snake! Also, stimmt es?
"
0xd83e,"Was!?
","Was!?
"
0xd845,"Nicht das. Stimmt es, dass The Boss wirklich
HALO-Sprünge untersucht hat?
","Nicht das. Stimmt es, dass The Boss wirklich
HALO-Sprünge untersucht hat?
"
0xd891,"Ach das ...
","Ach das ...
"
0xd89e,"Ja, es stimmt.
","Ja, es stimmt.
"
0xd8ae,"HALO steht für „High Altitude, Low Opening"".
","HALO steht für „High Altitude, Low Opening"".
"
0xd8df,"Es ist eine Freifalltechnik, die für den
geheimen Abwurf über feindlichem Territorium
entwickelt wurde, für Gebiete wie das, in dem
du dich befindest.
","Es ist eine Freifalltechnik, die für den
geheimen Abwurf über feindlichem Territorium
entwickelt wurde, für Gebiete wie das, in dem
du dich befindest.
"
0xd97a,"Ein Flugzeug fliegt in mindestens 10.000 Fuß
(3.000 m) Höhe, um von den Bodentruppen
nicht bemerkt zu werden,
","Ein Flugzeug fliegt in mindestens 10.000 Fuß
(3.000 m) Höhe, um von den Bodentruppen
nicht bemerkt zu werden,
"
0xd9eb,"und der Soldat springt in freiem Fall bis zu
einer Höhe von 1000 Fuß (300 m) über dem
Zielgebiet, bevor er den Fallschirm öffnet.
","und der Soldat springt in freiem Fall bis zu
einer Höhe von 1000 Fuß (300 m) über dem
Zielgebiet, bevor er den Fallschirm öffnet.
"
0xda72,"Mit dieser Technik ist die Gefahr, dass der
Feind die Fallschirmlandung bemerkt, minimal.
","Mit dieser Technik ist die Gefahr, dass der
Feind die Fallschirmlandung bemerkt, minimal.
"
0xdacd,"Die HALO-Technik wurde ursprünglich in
Frankreich entwickelt.
","Die HALO-Technik wurde ursprünglich in
Frankreich entwickelt.
"
0xdb0d,"Dort erfreute sich Fallschirmspringen nach dem
Zweiten Weltkrieg besonders großer
Beliebtheit.
","Dort erfreute sich Fallschirmspringen nach dem
Zweiten Weltkrieg besonders großer
Beliebtheit.
"
0xdb6e,"Und The Boss war eine Ausbilderin bei den
französischen Forschungsarbeiten.
","Und The Boss war eine Ausbilderin bei den
französischen Forschungsarbeiten.
"
0xdbbc,"1957 lud das JFK-Sondereinsatzzenrum in Fort
Bragg
","1957 lud das JFK-Sondereinsatzzenrum in Fort
Bragg
"
0xdbf0,"The Boss ein, an der allerersten HALO-Schule
der amerikanischen Streitkräfte zu
unterrichten.
","The Boss ein, an der allerersten HALO-Schule
der amerikanischen Streitkräfte zu
unterrichten.
"
0xdc50,"Natürlich ist das inoffiziell. Aber sie ist die
Mutter der modernen Sondereinsatztruppen.
","Natürlich ist das inoffiziell. Aber sie ist die
Mutter der modernen Sondereinsatztruppen.
"
0xdcac,"KEINE ANTWORT
","KEINE ANTWORT
"
0xdcbb,"Snake, denk daran, dass dieser Auftrag ein
Solo-Schleicheinsatz ist.
","Snake, denk daran, dass dieser Auftrag ein
Solo-Schleicheinsatz ist.
"
0xdd01,"Wir unterstützen dich per Funk, aber im Feld
bist du auf dich allein angewiesen. Es wird dir
keiner helfen.
","Wir unterstützen dich per Funk, aber im Feld
bist du auf dich allein angewiesen. Es wird dir
keiner helfen.
"
0xdd6f,"Gegen ein großes Feindkontingent kommst du
nicht an.
","Gegen ein großes Feindkontingent kommst du
nicht an.
"
0xdda6,"Vermeide Kämpfe, soweit du kannst. Am
wichtigsten bei diesem Einsatz ist es,
unbemerkt zu bleiben.
","Vermeide Kämpfe, soweit du kannst. Am
wichtigsten bei diesem Einsatz ist es,
unbemerkt zu bleiben.
"
0xde0b,"Snake, deine Scheintod- und
Wiederbelebungspillen
","Snake, deine Scheintod- und
Wiederbelebungspillen
"
0xde3e,"sind die neuesten Medikamente, die die
Technologieabteilung der CIA für
Spionageeinsätze entwickelt hat.
","sind die neuesten Medikamente, die die
Technologieabteilung der CIA für
Spionageeinsätze entwickelt hat.
"
0xdeaa,"Mit der Scheintod-Pille versetzt du dich eine
Weile lang in einen todesähnlichen Schlaf.
","Mit der Scheintod-Pille versetzt du dich eine
Weile lang in einen todesähnlichen Schlaf.
"
0xdf05,"Nutze die Pille klug, dann kannst du den Feind
täuschen. Er wird glauben, dass du wirklich tot
bist.
","Nutze die Pille klug, dann kannst du den Feind
täuschen. Er wird glauben, dass du wirklich tot
bist.
"
0xdf6c,"Die Pille könnte praktisch sein, wenn du mal in
die Enge gedrängt wirst.
","Die Pille könnte praktisch sein, wenn du mal in
die Enge gedrängt wirst.
"
0xdfb8,"Um wieder aufzuwachen, benutzt du die
Wiederbelebungspille.
","Um wieder aufzuwachen, benutzt du die
Wiederbelebungspille.
"
0xdff5,"Aber vergiss nicht: Es kommt aufs richtige
Timing an. Wenn du in Anwesenheit deines
Feindes aufwachst, nutzt alles nichts.
","Aber vergiss nicht: Es kommt aufs richtige
Timing an. Wenn du in Anwesenheit deines
Feindes aufwachst, nutzt alles nichts.
"
0xe071,"Interessant. Aber wie funktioniert es?
","Interessant. Aber wie funktioniert es?
"
0xe099,"Was meinst du?
","Was meinst du?
"
0xe0a9,"Ich will nicht einfach Pillen nehmen, über die
ich nichts weiß. Wieso versetzen sie mich in
einen solchen Schlaf? Welche Wirkung haben
sie auf meinen Körper?
","Ich will nicht einfach Pillen nehmen, über die
ich nichts weiß. Wieso versetzen sie mich in
einen solchen Schlaf? Welche Wirkung haben
sie auf meinen Körper?
"
0xe14b,"Nun, Snake ... Da solltest du ...
","Nun, Snake ... Da solltest du ...
"
0xe16e,"Okay. Ich sollte Para-Medic fragen.
Para-Medic!
","Okay. Ich sollte Para-Medic fragen.
Para-Medic!
"
0xe19f,"Ich erkläre es Ihnen.
","Ich erkläre es Ihnen.
"
0xe1b7,"Sie kennen doch Tiere, die sich tot stellen, wie
Rüsselkäfer, Marienkäfer, amerikanische
Meisen, Opossums und so weiter.
","Sie kennen doch Tiere, die sich tot stellen, wie
Rüsselkäfer, Marienkäfer, amerikanische
Meisen, Opossums und so weiter.
"
0xe234,"Nun, die Scheintod-Pille nutzt die Kunst der
Natur und wendet sie auf die Welt der Spione
an.
","Nun, die Scheintod-Pille nutzt die Kunst der
Natur und wendet sie auf die Welt der Spione
an.
"
0xe293,"Wenn Sie die Scheintod-Pille einnehmen,
produziert Ihr Körper schnell eine Reihe von
Stoffen -
","Wenn Sie die Scheintod-Pille einnehmen,
produziert Ihr Körper schnell eine Reihe von
Stoffen -
"
0xe2f4,"Adenosin und Serotonin sowie opioide Peptide
wie Methionin-Enkephalin.
","Adenosin und Serotonin sowie opioide Peptide
wie Methionin-Enkephalin.
"
0xe33c,"Diese Stoffe versetzen Sie in eine Art
Winterschlaf.
","Diese Stoffe versetzen Sie in eine Art
Winterschlaf.
"
0xe372,"Ihr Herzschlag, Atem und Ihre
Körpertemperatur fallen dramatisch ab.
","Ihr Herzschlag, Atem und Ihre
Körpertemperatur fallen dramatisch ab.
"
0xe3b9,"Auf den ersten Blick scheint es wirklich, als
seien Sie tot.
","Auf den ersten Blick scheint es wirklich, als
seien Sie tot.
"
0xe3f7,"Die Wiederbelebungspille ist - einfach
ausgedrückt - ein Gegenmittel zur
Scheintod-Pille.
","Die Wiederbelebungspille ist - einfach
ausgedrückt - ein Gegenmittel zur
Scheintod-Pille.
"
0xe453,"Wenn Sie die Wiederbelebungspille einnehmen,
produziert Ihr Körper Stimulanzien wie
Noradrenalin und andere Stoffe wie Naloxon,
","Wenn Sie die Wiederbelebungspille einnehmen,
produziert Ihr Körper Stimulanzien wie
Noradrenalin und andere Stoffe wie Naloxon,
"
0xe4d5,"die die Wirkung der Scheintod-Pille aufheben.
","die die Wirkung der Scheintod-Pille aufheben.
"
0xe504,"Sie wachen also auf.
","Sie wachen also auf.
"
0xe51a,"War das hilfreich?
","War das hilfreich?
"
0xe52e,"...
","...
"
0xe533,"Okay, ich versuche, es noch einmal
ausführlicher zu erklären.
","Okay, ich versuche, es noch einmal
ausführlicher zu erklären.
"
0xe574,"Das durch die Scheintod-Pille produzierte
Methionin-Enkephalin führt dazu, dass die
opioiden Rezeptoren ...
","Das durch die Scheintod-Pille produzierte
Methionin-Enkephalin führt dazu, dass die
opioiden Rezeptoren ...
"
0xe5e2,"O... okay, ich glaube, ich habe es jetzt
verstanden.
","O... okay, ich glaube, ich habe es jetzt
verstanden.
"
0xe618,"Wirklich?
","Wirklich?
"
0xe623,"Ja.
","Ja.
"
0xe628,"Aber Sie möchten doch bestimmt noch mehr
erfahren.
","Aber Sie möchten doch bestimmt noch mehr
erfahren.
"
0xe65d,"Es gibt drei Arten von Rezeptoren: Delta,
Kappa und Mu. Methionin-Enkephalin wirkt auf
die ...
","Es gibt drei Arten von Rezeptoren: Delta,
Kappa und Mu. Methionin-Enkephalin wirkt auf
die ...
"
0xe6bd,"Para-Medic, ich glaube, Snake hat das Prinzip
jetzt verstanden. Nicht wahr, Snake?
","Para-Medic, ich glaube, Snake hat das Prinzip
jetzt verstanden. Nicht wahr, Snake?
"
0xe711,"J-ja, es ist jetzt völlig klar.
","J-ja, es ist jetzt völlig klar.
"
0xe733,"Aber ...
","Aber ...
"
0xe73d,"Major, ich habe genug Informationen über die
Pillen, daher werde ich mich jetzt wieder dem
Einsatz zuwenden.
","Major, ich habe genug Informationen über die
Pillen, daher werde ich mich jetzt wieder dem
Einsatz zuwenden.
"
0xe7ac,"Ja, tu das.
","Ja, tu das.
"
0xe7b9,"He, einen Mo...!
","He, einen Mo...!
"
0xe7cb,"...
","...
"
0xe7d0,"Major, was hat es mit diesem geheimen
Konstruktionsbüro auf sich, das Sokolov leitet?
","Major, was hat es mit diesem geheimen
Konstruktionsbüro auf sich, das Sokolov leitet?
"
0xe828,"Mmm. Die Sowjets besitzen eine Reihe
geheimer Konstruktionsbüros wie dieses. Jedes
ist mit modernsten Forschungsprojekten
befasst.
","Mmm. Die Sowjets besitzen eine Reihe
geheimer Konstruktionsbüros wie dieses. Jedes
ist mit modernsten Forschungsprojekten
befasst.
"
0xe8ad,"OKB-1, das Büro, in dem die Voskhod-Rakete
entwickelt wurde, ist das wichtigste Zentrum
des sowjetischen Raumfahrtprogramms.
","OKB-1, das Büro, in dem die Voskhod-Rakete
entwickelt wurde, ist das wichtigste Zentrum
des sowjetischen Raumfahrtprogramms.
"
0xe92c,"Die meisten Büros liegen in geheimen Städten,
die in abgeschiedenen Gebieten erbaut
wurden.
","Die meisten Büros liegen in geheimen Städten,
die in abgeschiedenen Gebieten erbaut
wurden.
"
0xe98b,"Wir kennen nicht einmal ihre genaue Lage,
geschweige denn ihre Forschungsprojekte.
","Wir kennen nicht einmal ihre genaue Lage,
geschweige denn ihre Forschungsprojekte.
"
0xe9df,"Sokolovs OKB-754 ist das geheimste Büro
von allen.
","Sokolovs OKB-754 ist das geheimste Büro
von allen.
"
0xea14,"Die westlichen Nachrichtendienste haben
wiederholt versucht, das Büro auszuspionieren
- ohne Erfolg.
","Die westlichen Nachrichtendienste haben
wiederholt versucht, das Büro auszuspionieren
- ohne Erfolg.
"
0xea7b,"Sie haben also keine Ahnung, woran Sokolov
arbeitet?
","Sie haben also keine Ahnung, woran Sokolov
arbeitet?
"
0xeab1,"Nicht die geringste.
","Nicht die geringste.
"
0xeac7,"Woher haben Sie dann die Informationen
über diesen Einsatz? Von Sokolov doch wohl
kaum ...
","Woher haben Sie dann die Informationen
über diesen Einsatz? Von Sokolov doch wohl
kaum ...
"
0xeb24,"Von The Boss.
","Von The Boss.
"
0xeb33,"The Boss?
","The Boss?
"
0xeb3e,"Ja. Sie hat ihre eigenen Informanten, die sie
während des letzten Krieges angeworben hat.
","Ja. Sie hat ihre eigenen Informanten, die sie
während des letzten Krieges angeworben hat.
"
0xeb9a,"Sie hat uns ihre Informationen mitgeteilt.
","Sie hat uns ihre Informationen mitgeteilt.
"
0xebc6,"Die Tatsache, dass wir überhaupt grünes Licht
für diesen Einsatz erhielten, ist ihrem Einfluss
bei den Entscheidungsträgern in der CIA zu
verdanken.
","Die Tatsache, dass wir überhaupt grünes Licht
für diesen Einsatz erhielten, ist ihrem Einfluss
bei den Entscheidungsträgern in der CIA zu
verdanken.
"
0xec60,"Mit anderen Worten hätte es diesen Einsatz
ohne The Boss' diverse Unterstützung nie
gegeben.
","Mit anderen Worten hätte es diesen Einsatz
ohne The Boss' diverse Unterstützung nie
gegeben.
"
0xecc0,"Major, erzählen Sie mir etwas über Sokolovs
frühere Projekte.
","Major, erzählen Sie mir etwas über Sokolovs
frühere Projekte.
"
0xed02,"Mmm. Ich vermute, du weißt bereits, dass
Sokolov die Cluster-Rakete mit mehreren
Triebwerken entwickelte.
","Mmm. Ich vermute, du weißt bereits, dass
Sokolov die Cluster-Rakete mit mehreren
Triebwerken entwickelte.
"
0xed6e,"Das Mehr-Triebwerks-Cluster ist ein System,
um eine Rakete mit mehreren Triebwerken
auszustatten.
","Das Mehr-Triebwerks-Cluster ist ein System,
um eine Rakete mit mehreren Triebwerken
auszustatten.
"
0xedd1,"So besitzt die Vostok-Rakete beispielsweise 32
Triebwerke.
","So besitzt die Vostok-Rakete beispielsweise 32
Triebwerke.
"
0xee0d,"Mit ihrer Technologie konnten die Sowjets
große Triebwerke mit massiver Schubkraft
kaum entwickeln.
","Mit ihrer Technologie konnten die Sowjets
große Triebwerke mit massiver Schubkraft
kaum entwickeln.
"
0xee73,"Stattdessen konzentrierten sie sich auf
zahlreiche kleinere Triebwerke. Im Endeffekt
war die Schubkraft so die gleiche.
","Stattdessen konzentrierten sie sich auf
zahlreiche kleinere Triebwerke. Im Endeffekt
war die Schubkraft so die gleiche.
"
0xeeec,"Allerdings bestand das Problem darin, den
Treibstoff gleichmäßig auf die verschiedenen
Triebwerke zu verteilen.
","Allerdings bestand das Problem darin, den
Treibstoff gleichmäßig auf die verschiedenen
Triebwerke zu verteilen.
"
0xef5f,"Sokolov fand die Lösung.
","Sokolov fand die Lösung.
"
0xef7a,"Und darum hat man ihn zum Leiter des
Konstruktionsbüros gemacht?
","Und darum hat man ihn zum Leiter des
Konstruktionsbüros gemacht?
"
0xefbd,"Sieht so aus.
","Sieht so aus.
"
0xefcc,"Diese Geheimwaffe ist also eine Art
ballistisches Gerät?
","Diese Geheimwaffe ist also eine Art
ballistisches Gerät?
"
0xf007,"Ich vermute, ja. Wir können es nicht mit
Sicherheit sagen, aber ...
","Ich vermute, ja. Wir können es nicht mit
Sicherheit sagen, aber ...
"
0xf04d,"Sie werden es bald erfahren. Sobald ich
Sokolov hier heraushole.
","Sie werden es bald erfahren. Sobald ich
Sokolov hier heraushole.
"
0xf08f,"Ich verlasse mich auf dich.
","Ich verlasse mich auf dich.
"
0xf0ac,"Snake, trägst du schon wieder diese Maske?
","Snake, trägst du schon wieder diese Maske?
"
0xf0d9,"Ja. Aus irgendeinem Grund fühlt sich sich
so ... nostalgisch an.
","Ja. Aus irgendeinem Grund fühlt sich sich
so ... nostalgisch an.
"
0xf11c,"Ja ... Aber aus irgendeinem Grund mag ich sie
überhaupt nicht.
","Ja ... Aber aus irgendeinem Grund mag ich sie
überhaupt nicht.
"
0xf15d,"Warum nicht?
","Warum nicht?
"
0xf16b,"Das Gesicht hat etwas, was mir völlig
widerstrebt.
","Das Gesicht hat etwas, was mir völlig
widerstrebt.
"
0xf1a0,"Für mich sieht's okay aus. Aber wenn Sie die
Maske so widerlich finden, warum haben Sie
sie mir dann erst gegeben?
","Für mich sieht's okay aus. Aber wenn Sie die
Maske so widerlich finden, warum haben Sie
sie mir dann erst gegeben?
"
0xf215,"Nun ... Die Maske sollte ursprünglich bei einem
anderen Einsatz benutzt werden.
","Nun ... Die Maske sollte ursprünglich bei einem
anderen Einsatz benutzt werden.
"
0xf267,"Ein Agent sollte sich als sowjetischer Offizier
verkleiden und in eine feindliche Anlage
eindringen.
","Ein Agent sollte sich als sowjetischer Offizier
verkleiden und in eine feindliche Anlage
eindringen.
"
0xf2cd,"Wir hatten alles vorbereitet, aber gewisse
Umstände zwangen uns, die Aktion
abzubrechen.
","Wir hatten alles vorbereitet, aber gewisse
Umstände zwangen uns, die Aktion
abzubrechen.
"
0xf328,"Nachdem die Operation abgebrochen war,
sollte die Maske erst weggeworfen werden ...
aber der Maskenbildner in der technischen
Abteilung bei der CIA wehrte sich dagegen.
","Nachdem die Operation abgebrochen war,
sollte die Maske erst weggeworfen werden ...
aber der Maskenbildner in der technischen
Abteilung bei der CIA wehrte sich dagegen.
"
0xf3d2,"Warum?
","Warum?
"
0xf3da,"Er meinte, sie sei zu gut, um weggeworfen zu
werden.
","Er meinte, sie sei zu gut, um weggeworfen zu
werden.
"
0xf410,"...
","...
"
0xf415,"Ihm zufolge ist das Design innovativ - zum
ersten Mal kann der Träger einer Maske
blinzeln.
","Ihm zufolge ist das Design innovativ - zum
ersten Mal kann der Träger einer Maske
blinzeln.
"
0xf473,"Ich finde, wichtiger als Blinzeln ist, dass sich
die Lippen bewegen können.
","Ich finde, wichtiger als Blinzeln ist, dass sich
die Lippen bewegen können.
"
0xf4c1,"Das finde ich auch, aber aus irgendeinem
Grund will er unbedingt, dass die Maske
blinzeln kann ...
","Das finde ich auch, aber aus irgendeinem
Grund will er unbedingt, dass die Maske
blinzeln kann ...
"
0xf525,"... Dieser Designer scheint einen Spleen zu
haben.
","... Dieser Designer scheint einen Spleen zu
haben.
"
0xf559,"Mmm. Er hat aber gute Arbeit geleistet.
","Mmm. Er hat aber gute Arbeit geleistet.
"
0xf582,"Nur muss ich mich jeden Monat drei Tage mit
all den Beschwerden befassen, die wir über ihn
erhalten ... aber egal.
","Nur muss ich mich jeden Monat drei Tage mit
all den Beschwerden befassen, die wir über ihn
erhalten ... aber egal.
"
0xf5f7,"Na, jedenfalls beschloss ich, diese Maske dazu
zu nutzen, um deine Identität vor der
Flugzeugbesatzung geheim zu halten.
","Na, jedenfalls beschloss ich, diese Maske dazu
zu nutzen, um deine Identität vor der
Flugzeugbesatzung geheim zu halten.
"
0xf672,"Ich verstehe ... Diese Maske ist also einem
Modell nachempfunden.
","Ich verstehe ... Diese Maske ist also einem
Modell nachempfunden.
"
0xf6b5,"Genau.
","Genau.
"
0xf6bd,"Und was, wenn ich diesem Typen begegne?
","Und was, wenn ich diesem Typen begegne?
"
0xf6e6,"Das wird nicht geschehen.
","Das wird nicht geschehen.
"
0xf701,"Warum nicht?
","Warum nicht?
"
0xf70f,"Die Maske ist nach dem Antlitz eines
GRU-Offiziers modelliert.
","Die Maske ist nach dem Antlitz eines
GRU-Offiziers modelliert.
"
0xf74f,"Hier bist du im Einflussbereich des KGB. Es ist
also sehr unwahrscheinlich, dass du ihm
begegnen wirst.
","Hier bist du im Einflussbereich des KGB. Es ist
also sehr unwahrscheinlich, dass du ihm
begegnen wirst.
"
0xf7b8,"Und wenn doch?
","Und wenn doch?
"
0xf7c8,"Versohle ihn gründlich.
","Versohle ihn gründlich.
"
0xf7e2,"Snake, wenn du Sokolov triffst, setz vorher die
Maske ab.
","Snake, wenn du Sokolov triffst, setz vorher die
Maske ab.
"
0xf81d,"Warum?
","Warum?
"
0xf825,"Sie würde ihm nicht gefallen.
","Sie würde ihm nicht gefallen.
"
0xf845,"Nicht gefallen?
","Nicht gefallen?
"
0xf856,"Nein.
","Nein.
"
0xf85d,"Warum nicht?
","Warum nicht?
"
0xf86b,"Glaub's mir. Er wird sie nicht mögen.
","Glaub's mir. Er wird sie nicht mögen.
"
0xf893,"...?
","...?
"
0xf899,"Du brauchst bei diesem Einsatz Sokolovs volle
Unterstützung. Unternimm nichts, was sein
Vertrauen in dich untergraben könnte.
","Du brauchst bei diesem Einsatz Sokolovs volle
Unterstützung. Unternimm nichts, was sein
Vertrauen in dich untergraben könnte.
"
0xf91a,"Wenn du Sokolov triffst, leg deine Verkleidung
ab. Verstanden?
","Wenn du Sokolov triffst, leg deine Verkleidung
ab. Verstanden?
"
0xf95a,"Snake, bleib auf der Hut. KGB und GRU haben
es beide auf Sokolov abgesehen.
","Snake, bleib auf der Hut. KGB und GRU haben
es beide auf Sokolov abgesehen.
"
0xf9a7,"Der GRU ist ein militärischer
Nachrichtendienst, der dem Generalstabsbüro
im sowjetischen Verteidigungsministerium
unterstellt ist.
","Der GRU ist ein militärischer
Nachrichtendienst, der dem Generalstabsbüro
im sowjetischen Verteidigungsministerium
unterstellt ist.
"
0xfa2e,"Er ist quasi eine Konkurrenzorganisation zum
KGB, der dem Innenministerium untersteht.
Beide Geheimdienste verfolgen die Aktivitäten
des jeweils anderen mit Misstrauen.
","Er ist quasi eine Konkurrenzorganisation zum
KGB, der dem Innenministerium untersteht.
Beide Geheimdienste verfolgen die Aktivitäten
des jeweils anderen mit Misstrauen.
"
0xfad9,"Die linke Hand weiß nicht, was die rechte tut.
","Die linke Hand weiß nicht, was die rechte tut.
"
0xfb0a,"Genau. Zu dieser Rivalität kommt
","Genau. Zu dieser Rivalität kommt
"
0xfb2d,"noch ein unerbittlicher Machtkampf zwischen
Chruschtschows Anhängern und seinen
Gegnern hinzu.
","noch ein unerbittlicher Machtkampf zwischen
Chruschtschows Anhängern und seinen
Gegnern hinzu.
"
0xfb8e,"Chruschtschow benutzt also den KGB, seine
Gegner und Volgin den GRU?
","Chruschtschow benutzt also den KGB, seine
Gegner und Volgin den GRU?
"
0xfbd4,"Ja, so ungefähr. Beide Gruppen wollen
Sokolov. Die Lage ist äußerst gefährlich.
","Ja, so ungefähr. Beide Gruppen wollen
Sokolov. Die Lage ist äußerst gefährlich.
"
0xfc29,"Ja, das sehe ich auch so.
","Ja, das sehe ich auch so.
"
0xfc44,"Hol Sokolov da sicher raus. Er darf weder dem
KGB noch dem GRU in die Hände fallen.
","Hol Sokolov da sicher raus. Er darf weder dem
KGB noch dem GRU in die Hände fallen.
"
0xfc9a,"Sokolov ging in Richtung Hängebrücke. Folge
ihm. Und beeil dich!
","Sokolov ging in Richtung Hängebrücke. Folge
ihm. Und beeil dich!
"
0xfcde,"Major, konnten Sie schon The Boss erreichen?
","Major, konnten Sie schon The Boss erreichen?
"
0xfd0c,"Nein.
","Nein.
"
0xfd13,"Was ist mit dir?
","Was ist mit dir?
"
0xfd25,"Auch kein Glück.
","Auch kein Glück.
"
0xfd38,"Könnte der Empfang gestört sein?
","Könnte der Empfang gestört sein?
"
0xfd5c,"Das prüfen wir gerade.
","Das prüfen wir gerade.
"
0xfd75,"Major ...
","Major ...
"
0xfd80,"Snake, du hast wichtigere Dinge zu bedenken
als The Boss.
","Snake, du hast wichtigere Dinge zu bedenken
als The Boss.
"
0xfdbb,"Sokolov wandert allein dort draußen im
Dschungel herum. Was machst du, wenn er
dem Feind in die Hände fällt?
","Sokolov wandert allein dort draußen im
Dschungel herum. Was machst du, wenn er
dem Feind in die Hände fällt?
"
0xfe2c,"...
","...
"
0xfe31,"Wir wissen immer noch nicht, warum der
Kontakt zu The Boss abgerissen ist. Ich
informiere dich, sobald wir etwas herausfinden.
","Wir wissen immer noch nicht, warum der
Kontakt zu The Boss abgerissen ist. Ich
informiere dich, sobald wir etwas herausfinden.
"
0xfeb1,"Bis dahin musst du aber Sokolov finden und in
Sicherheit bringen. Verstanden?
","Bis dahin musst du aber Sokolov finden und in
Sicherheit bringen. Verstanden?
"
0xff00,"Übrigens, Snake, was hast du dort angestellt?
","Übrigens, Snake, was hast du dort angestellt?
"
0xff30,"Wo?
","Wo?
"
0xff35,"Du hast einem GRU-Kommandeur Tipps
gegeben, nicht wahr?
","Du hast einem GRU-Kommandeur Tipps
gegeben, nicht wahr?
"
0xff6e,"Ja ...
","Ja ...
"
0xff76,"Er ist dein Feind. Was zum Teufel hast du dir
dabei ...
","Er ist dein Feind. Was zum Teufel hast du dir
dabei ...
"
0xffaf,"Ach ja! Was sollte das mit der Hand und dem
ersten Geschoss oder so?
","Ach ja! Was sollte das mit der Hand und dem
ersten Geschoss oder so?
"
0xfff5,"Mmm...
","Mmm...
"
0xfffd,"Wenn er einen neuen Ladestreifen in die
Pistole einlegt, lädt er das erste Geschoss
stets mit der Hand, gleichgültig, ob noch ein
Geschoss in der Kammer steckt oder nicht.
","Wenn er einen neuen Ladestreifen in die
Pistole einlegt, lädt er das erste Geschoss
stets mit der Hand, gleichgültig, ob noch ein
Geschoss in der Kammer steckt oder nicht.
"
0x100ac,"Das ist ein Trick aus dem Nahen Osten.
","Das ist ein Trick aus dem Nahen Osten.
"
0x100d4,"Wenn man sicherstellt, dass sich ein Geschoss
in der Kammer befindet, kann man nicht
abdrücken, ohne dass es eine Patrone
abzufeuern gibt.
","Wenn man sicherstellt, dass sich ein Geschoss
in der Kammer befindet, kann man nicht
abdrücken, ohne dass es eine Patrone
abzufeuern gibt.
"
0x10161,"Er hat bestimmt von jemandem davon
erfahren - oder es irgendwo gelesen.
Jedenfalls wollte er die Technik vermutlich
selbst ausprobieren.
","Er hat bestimmt von jemandem davon
erfahren - oder es irgendwo gelesen.
Jedenfalls wollte er die Technik vermutlich
selbst ausprobieren.
"
0x101eb,"Und dabei wollte er besonders gut aussehen.
Zu viel Eitelkeit führt aber zu Fehlern.
","Und dabei wollte er besonders gut aussehen.
Zu viel Eitelkeit führt aber zu Fehlern.
"
0x10242,"Im Kampf werden keine Fehler verziehen.
","Im Kampf werden keine Fehler verziehen.
"
0x1026b,"Die einzigen Techniken, auf die man sich da
verlassen kann, sind die, die man nach viel
Übung und Erfahrung wirklich beherrscht.
","Die einzigen Techniken, auf die man sich da
verlassen kann, sind die, die man nach viel
Übung und Erfahrung wirklich beherrscht.
"
0x102ee,"Aha. Und wieso sagten Sie, dass Revolver für
ihn besser seien?
","Aha. Und wieso sagten Sie, dass Revolver für
ihn besser seien?
"
0x1032f,"Er winkelte seinen Ellbogen beim Abdrücken im
spitzen Winkel an, um den Rückstoß zu
vermeiden.
","Er winkelte seinen Ellbogen beim Abdrücken im
spitzen Winkel an, um den Rückstoß zu
vermeiden.
"
0x10392,"Es sah wie eine unbewusste Bewegung aus,
aber diese Angewohnheit könnte entweder ein
verhängnisvoller Fehler oder eine Begabung
sein.
","Es sah wie eine unbewusste Bewegung aus,
aber diese Angewohnheit könnte entweder ein
verhängnisvoller Fehler oder eine Begabung
sein.
"
0x1041b,"Was meinen Sie damit?
","Was meinen Sie damit?
"
0x10432,"Bei Automatikwaffen ist der Rückstoß wichtig.
Wenn man ihn nicht selbst auffängt,
beeinträchtigt er den Schussablauf.
","Bei Automatikwaffen ist der Rückstoß wichtig.
Wenn man ihn nicht selbst auffängt,
beeinträchtigt er den Schussablauf.
"
0x104ad,"Einfach gesagt sollte er nicht versuchen, den
Stoß so zu vermeiden.
","Einfach gesagt sollte er nicht versuchen, den
Stoß so zu vermeiden.
"
0x104f3,"Bei einem Revolver hingegen muss man den
Rückstoß nicht auffangen.
","Bei einem Revolver hingegen muss man den
Rückstoß nicht auffangen.
"
0x10539,"Im Gegenteil - wenn man dem Rückstoß
ausweicht, ist die Belastung für Hand und Arm
geringer.
","Im Gegenteil - wenn man dem Rückstoß
ausweicht, ist die Belastung für Hand und Arm
geringer.
"
0x1059a,"Er könnte mit einem hochkalibrigen Revolver
also sehr geschickt umgehen.
","Er könnte mit einem hochkalibrigen Revolver
also sehr geschickt umgehen.
"
0x105e5,"Geschickt ...?
","Geschickt ...?
"
0x105f5,"Hören Sie sich eigentlich selbst zu?
","Hören Sie sich eigentlich selbst zu?
"
0x1061c,"Was meinen Sie damit?
","Was meinen Sie damit?
"
0x10633,"Er ist der Feind! Warum geben Sie ihm Tipps?
","Er ist der Feind! Warum geben Sie ihm Tipps?
"
0x10661,"...
","...
"
0x10666,"Snake?
","Snake?
"
0x1066e,"... Ich weiß auch nicht. Aus irgendeinem Grund
musste ich es ihm einfach sagen ...
","... Ich weiß auch nicht. Aus irgendeinem Grund
musste ich es ihm einfach sagen ...
"
0x106c3,"... Snake, ist alles in Ordnung?
","... Snake, ist alles in Ordnung?
"
0x106e5,"... Ja ...
","... Ja ...
"
0x106f1,"Snake, lass mich dir die verschiedenen
Alarmstufen des Feindes erklären.
","Snake, lass mich dir die verschiedenen
Alarmstufen des Feindes erklären.
"
0x1073c,"Zunächst einmal gibt es die Situation, in der
der Feind nichts von deiner Anwesenheit ahnt.
Das ist die Normalphase.
","Zunächst einmal gibt es die Situation, in der
der Feind nichts von deiner Anwesenheit ahnt.
Das ist die Normalphase.
"
0x107b3,"In der Normalphase folgt der Feind bei
Patrouillen und sonstigen Aufgaben dem
üblichen Verfahren
","In der Normalphase folgt der Feind bei
Patrouillen und sonstigen Aufgaben dem
üblichen Verfahren
"
0x10816,"und stellt keine besondere Gefahr für dich dar.
","und stellt keine besondere Gefahr für dich dar.
"
0x10848,"Sollte er aber einen Eindrinling - dich -
entdecken, greift der Gegner an, um dich zu
neutralisieren. Das ist die Alarmphase.
","Sollte er aber einen Eindrinling - dich -
entdecken, greift der Gegner an, um dich zu
neutralisieren. Das ist die Alarmphase.
"
0x108c7,"Die Alarmphase dauert so lange an, bis dich
der Feind aus den Augen verliert.
","Die Alarmphase dauert so lange an, bis dich
der Feind aus den Augen verliert.
"
0x10916,"Aber selbst dann sucht der Gegner die Gegend
noch eine Weile lang ab. Das ist die
Ausweichphase.
","Aber selbst dann sucht der Gegner die Gegend
noch eine Weile lang ab. Das ist die
Ausweichphase.
"
0x10978,"Die Ausweichphase währt an, bis der Feind
alle Anstrengungen unternommen hat, um dich
zu finden.
","Die Ausweichphase währt an, bis der Feind
alle Anstrengungen unternommen hat, um dich
zu finden.
"
0x109db,"Nach der Ausweichphase dürfte der Feind zu
seiner Basis zurückkehren.
","Nach der Ausweichphase dürfte der Feind zu
seiner Basis zurückkehren.
"
0x10a24,"Nach Abbruch der Suche wechselt der Gegner
in den Vorsichtsmodus.
","Nach Abbruch der Suche wechselt der Gegner
in den Vorsichtsmodus.
"
0x10a67,"Im Vorsichtsmodus patrouillieren die
gegnerischen Soldaten wachsamer, und
vermutlich sind sie nicht so einfach zu
bemerken.
","Im Vorsichtsmodus patrouillieren die
gegnerischen Soldaten wachsamer, und
vermutlich sind sie nicht so einfach zu
bemerken.
"
0x10ae4,"Neben den regulären Patrouillen könnten auch
zusätzliche Suchtrupps entsandt werden. Bleib
auf der Hut.
","Neben den regulären Patrouillen könnten auch
zusätzliche Suchtrupps entsandt werden. Bleib
auf der Hut.
"
0x10b50,"Was ist? Hast du etwas anderes erwartet?
","Was ist? Hast du etwas anderes erwartet?
"
0x10b7a,"Jetzt such Sokolov und hol ihn da raus.
","Jetzt such Sokolov und hol ihn da raus.
"
0x10ba3,"Wenn du im Schulterblickmodus Granaten
ausrüstest und die Waffentaste drückst, kannst
du eine Granate werfen, während du dich
hinter einer Barriere verbirgst.
","Wenn du im Schulterblickmodus Granaten
ausrüstest und die Waffentaste drückst, kannst
du eine Granate werfen, während du dich
hinter einer Barriere verbirgst.
"
0x10c46,"Diese Technik könnte dir bei einem
Feuergefecht gelegen kommen. Nutze sie
geschickt.
","Diese Technik könnte dir bei einem
Feuergefecht gelegen kommen. Nutze sie
geschickt.
"
0x10c9d,"Snake, ist alles in Ordnung? Du wirkst völlig
erschöpft.
","Snake, ist alles in Ordnung? Du wirkst völlig
erschöpft.
"
0x10cd9,"Nein, gar nicht.
","Nein, gar nicht.
"
0x10ceb,"Sie können ruhig eine kleine Schwäche
zugeben.
","Sie können ruhig eine kleine Schwäche
zugeben.
"
0x10d1d,"Ich bin nicht schwach.
","Ich bin nicht schwach.
"
0x10d35,"Ach nein? Sie verlieren Ihren Halt nach
wenigen Sekunden Hangeln. Ich wette, Sie
könnten nicht einmal Ihre Pistole gerade
halten.
","Ach nein? Sie verlieren Ihren Halt nach
wenigen Sekunden Hangeln. Ich wette, Sie
könnten nicht einmal Ihre Pistole gerade
halten.
"
0x10db9,"...
","...
"
0x10dbe,"Sie sind völlig erschöpft. Schauen Sie sich
einmal Ihre Ausdaueranzeige an. Fast leer,
stimmt's?
","Sie sind völlig erschöpft. Schauen Sie sich
einmal Ihre Ausdaueranzeige an. Fast leer,
stimmt's?
"
0x10e22,"In diesem Zustand können Sie Ihren Einsatz
nicht fortsetzen. Sie müssen erst etwas essen
und sich dann ausruhen.
","In diesem Zustand können Sie Ihren Einsatz
nicht fortsetzen. Sie müssen erst etwas essen
und sich dann ausruhen.
"
0x10e96,"Sie haben doch etwas zu essen, oder?
","Sie haben doch etwas zu essen, oder?
"
0x10ebc,"Ja.
","Ja.
"
0x10ec1,"Um zu essen, drücken Sie die START-Taste.
So wechseln Sie zur Überlebensanzeige. Dann
wählen Sie „NAHRUNG"".
","Um zu essen, drücken Sie die START-Taste.
So wechseln Sie zur Überlebensanzeige. Dann
wählen Sie „NAHRUNG"".
"
0x10f33,"Mit dem Linken Analog-Stick wählen Sie die
gewünschte Nahrung. Drücken Sie die
Eingabetaste, um zu essen.
","Mit dem Linken Analog-Stick wählen Sie die
gewünschte Nahrung. Drücken Sie die
Eingabetaste, um zu essen.
"
0x10fa1,"Sie müssen den Einsatz eine Weile
unterbrechen und erst etwas zu essen
besorgen.
","Sie müssen den Einsatz eine Weile
unterbrechen und erst etwas zu essen
besorgen.
"
0x10ff4,"Aber ...
","Aber ...
"
0x10ffe,"Haben Sie verstanden? Gehen Sie auf die
Jagd!
","Haben Sie verstanden? Gehen Sie auf die
Jagd!
"
0x1102d,"...
","...
"
0x11032,"Essen ist ein wichtiger Teil Ihres Einsatzes.
Wenn Ihre Ausdauer abfällt, iss etwas.
Kapiert?
","Essen ist ein wichtiger Teil Ihres Einsatzes.
Wenn Ihre Ausdauer abfällt, iss etwas.
Kapiert?
"
0x11092,"Snake, Sie können Ihre Ausdauer auch auf
andere Art als durch essen verbessern.
","Snake, Sie können Ihre Ausdauer auch auf
andere Art als durch essen verbessern.
"
0x110e4,"Zum Beispiel?
","Zum Beispiel?
"
0x110f3,"Ausruhen.
","Ausruhen.
"
0x110fe,"Ausruhen?
","Ausruhen?
"
0x11109,"Um sich auszuruhen, speichern Sie das Spiel
und beenden es.
","Um sich auszuruhen, speichern Sie das Spiel
und beenden es.
"
0x11146,"Wenn Sie das nächste Mal Ihre Speicherdaten
laden und das Spiel fortsetzen, haben sich Ihre
Ausdauer und Ihr LEBEN erholt.
","Wenn Sie das nächste Mal Ihre Speicherdaten
laden und das Spiel fortsetzen, haben sich Ihre
Ausdauer und Ihr LEBEN erholt.
"
0x111c3,"Wie sehr, hängt davon ab, wie lange Sie sich
ausruhen.
","Wie sehr, hängt davon ab, wie lange Sie sich
ausruhen.
"
0x111fc,"Je länger ich mich also ausruhe, desto mehr
erhole ich mich?
","Je länger ich mich also ausruhe, desto mehr
erhole ich mich?
"
0x1123b,"Ja.
","Ja.
"
0x11240,"Wenn Sie so erschöpft sind, dass Sie nicht
einmal mehr auf Nahrungssuche gehen
können,
","Wenn Sie so erschöpft sind, dass Sie nicht
einmal mehr auf Nahrungssuche gehen
können,
"
0x1129a,"speichern Sie das Spiel und ruhen Sie sich
aus. Anschließend sind Sie wieder auf den
Beinen.
","speichern Sie das Spiel und ruhen Sie sich
aus. Anschließend sind Sie wieder auf den
Beinen.
"
0x112f9,"Ich hoffe, es wird nie so weit kommen.
","Ich hoffe, es wird nie so weit kommen.
"
0x11321,"Ich auch. Aber man weiß ja nie. Vergessen Sie
das nicht, okay?
","Ich auch. Aber man weiß ja nie. Vergessen Sie
das nicht, okay?
"
0x11362,"Okay.
","Okay.
"
0x11369,"Snake, was in Gottes Namen ...?
","Snake, was in Gottes Namen ...?
"
0x1138a,"Wie sieht das aus?
","Wie sieht das aus?
"
0x1139e,"Cool!
","Cool!
"
0x113a5,"Bitte?
","Bitte?
"
0x113ad,"Es steht Ihnen gut.
","Es steht Ihnen gut.
"
0x113c2,"Wirklich?
","Wirklich?
"
0x113cd,"Ja!
","Ja!
"
0x113d2,"„Cool"" ist wohl nicht das richtige Wort.
","„Cool"" ist wohl nicht das richtige Wort.
"
0x113fe,"Warum? Was stimmt damit nicht?
","Warum? Was stimmt damit nicht?
"
0x1141e,"Was nicht stimmt ...
","Was nicht stimmt ...
"
0x11434,"Meinen Sie nicht, dass es albern aussieht?
Finden Sie es nicht lächerlich? Wollen Sie
nicht fragen, was zum Teufel ich mir dabei
gedacht habe?
","Meinen Sie nicht, dass es albern aussieht?
Finden Sie es nicht lächerlich? Wollen Sie
nicht fragen, was zum Teufel ich mir dabei
gedacht habe?
"
0x114c5,"Nein.
","Nein.
"
0x114cc,"...
","...
"
0x114d1,"Ich finde wirklich, dass die Kappe gut aussieht.
Sie erinnert mich an „The Alligator People"".
","Ich finde wirklich, dass die Kappe gut aussieht.
Sie erinnert mich an „The Alligator People"".
"
0x11532,"... The was?
","... The was?
"
0x11540,"„The Alligator People"". Ein
Science-fiction-Film. Haben Sie noch nie davon
gehört?
","„The Alligator People"". Ein
Science-fiction-Film. Haben Sie noch nie davon
gehört?
"
0x11597,"Nein.
","Nein.
"
0x1159e,"Oh ... Sie sollten ihn sich mal ansehen.
","Oh ... Sie sollten ihn sich mal ansehen.
"
0x115c8,"Es geht um einen Mann, der bei einem
Autounfall verletzt wird und versucht, seine
Wunden zu heilen, indem er sich mit einem
Krokodilserum injiziert.
","Es geht um einen Mann, der bei einem
Autounfall verletzt wird und versucht, seine
Wunden zu heilen, indem er sich mit einem
Krokodilserum injiziert.
"
0x1165e,"Doch dadurch verwandelt sich sein Kopf in den
eines Krokodils.
","Doch dadurch verwandelt sich sein Kopf in den
eines Krokodils.
"
0x1169e,"Mit der Maske sehen Sie ihm sehr ähnlich.
Wirklich beeindruckend.
","Mit der Maske sehen Sie ihm sehr ähnlich.
Wirklich beeindruckend.
"
0x116e2,"Okay ...
","Okay ...
"
0x116ec,"???
","???
"
0x116f1,"Schon gut.
","Schon gut.
"
0x116fd,"Eigentlich ist es ja okay, wenn du dich mit
dieser Kappe als Krokodil tarnst und den Kopf
aus dem Wasser hältst.
","Eigentlich ist es ja okay, wenn du dich mit
dieser Kappe als Krokodil tarnst und den Kopf
aus dem Wasser hältst.
"
0x11770,"Snake, versorge schnell deine Wunden!
","Snake, versorge schnell deine Wunden!
"
0x11797,"Snake, du hast deine Wunden noch nicht
vollständig behandelt. Wechsle zur
Überlebensanzeige und behandle deine übrigen
Verletzungen!
","Snake, du hast deine Wunden noch nicht
vollständig behandelt. Wechsle zur
Überlebensanzeige und behandle deine übrigen
Verletzungen!
"
0x11820,"Snake, es dem Feind zu erschweren, dass er
dich entdeckt, ist nicht der einzige Vorteil eines
hohen Tarnindexes.
","Snake, es dem Feind zu erschweren, dass er
dich entdeckt, ist nicht der einzige Vorteil eines
hohen Tarnindexes.
"
0x11892,"Je weniger du dich von deiner Umgebung
abhebst, desto schwieriger wird es auch, dich
zu treffen.
","Je weniger du dich von deiner Umgebung
abhebst, desto schwieriger wird es auch, dich
zu treffen.
"
0x118f4,"Das bedeutet, dass der Feind dich häufiger
verfehlt.
","Das bedeutet, dass der Feind dich häufiger
verfehlt.
"
0x1192b,"Unternimm alles in deiner Macht stehende,
damit dein Tarnindex stets hoch bleibt.
","Unternimm alles in deiner Macht stehende,
damit dein Tarnindex stets hoch bleibt.
"
0x1197e,"Snake, wenn du ein Hornissennest
herunterschlägst, fliegt ein großer
Hornissenschwarm heraus.
","Snake, wenn du ein Hornissennest
herunterschlägst, fliegt ein großer
Hornissenschwarm heraus.
"
0x119df,"Geschickt eingesetzt kann er den Feind in
Panik versetzen. Aber wenn du nicht vorsichtig
bist, könnten die Hornissen am Ende dich
angreifen.
","Geschickt eingesetzt kann er den Feind in
Panik versetzen. Aber wenn du nicht vorsichtig
bist, könnten die Hornissen am Ende dich
angreifen.
"
0x11a6e,"Wenn Sie von Hornissen angegriffen werden,
wackeln Sie am linken Analog-Stick oder
schwenken Sie Ihr Überlebensmesser, um sie
zu verscheuchen.
","Wenn Sie von Hornissen angegriffen werden,
wackeln Sie am linken Analog-Stick oder
schwenken Sie Ihr Überlebensmesser, um sie
zu verscheuchen.
"
0x11aff,"Sie können auch mit der CQC-Taste eine
Fackel schwenken.
","Sie können auch mit der CQC-Taste eine
Fackel schwenken.
"
0x11b3a,"Ein weiteres nützliches Hilfsmittel, um
Hornissen in Schach zu halten, ist Rauch.
","Ein weiteres nützliches Hilfsmittel, um
Hornissen in Schach zu halten, ist Rauch.
"
0x11b8e,"Wenn Sie von ihnen angegriffen werden,
setzen Sie eine Nebelgranate ein.
","Wenn Sie von ihnen angegriffen werden,
setzen Sie eine Nebelgranate ein.
"
0x11bd8,"Und wenn Sie das Insektenmittel verwenden,
halten sich die Hornissen bestimmt fern, bis
die Wirkung nachlässt.
","Und wenn Sie das Insektenmittel verwenden,
halten sich die Hornissen bestimmt fern, bis
die Wirkung nachlässt.
"
0x11c49,"Hornissen reagieren auf die Farbe Schwarz
aufgeregt und aggressiv.
","Hornissen reagieren auf die Farbe Schwarz
aufgeregt und aggressiv.
"
0x11c8d,"Wenn Sie schwarze Kleidung tragen, greifen
sie heftiger an.
","Wenn Sie schwarze Kleidung tragen, greifen
sie heftiger an.
"
0x11cca,"Wenn Sie von Hornissen angegriffen werden,
sollten Sie weiße Kleidung anlegen.
","Wenn Sie von Hornissen angegriffen werden,
sollten Sie weiße Kleidung anlegen.
"
0x11d1b,"Major, was hat es mit Granins
Konstruktionsbüro auf sich, von dem Sokolov
sprach?
","Major, was hat es mit Granins
Konstruktionsbüro auf sich, von dem Sokolov
sprach?
"
0x11d6f,"OKB-812. Es ist ein streng geheimes Labor
des gleichen Typs wie Sokolovs eigenes
OKB-754-Labor.
","OKB-812. Es ist ein streng geheimes Labor
des gleichen Typs wie Sokolovs eigenes
OKB-754-Labor.
"
0x11dd0,"Der Direktor ist ein Mann namens Aleksandr
Leonovitch Granin.
","Der Direktor ist ein Mann namens Aleksandr
Leonovitch Granin.
"
0x11e0f,"Er ist Sokolovs Erzrivale. Die beiden sind seit
dem Zweiten Weltkrieg erbitterte Konkurrenten.
","Er ist Sokolovs Erzrivale. Die beiden sind seit
dem Zweiten Weltkrieg erbitterte Konkurrenten.
"
0x11e6f,"Sokolov zufolge bildete sich Granin die
Rivalität jedoch nur ein.
","Sokolov zufolge bildete sich Granin die
Rivalität jedoch nur ein.
"
0x11eb3,"Granin scheint aber einen ungewöhnlich
starken Hass gegen Sokolov zu hegen.
","Granin scheint aber einen ungewöhnlich
starken Hass gegen Sokolov zu hegen.
"
0x11f01,"Granin wusste, dass Chruschtschow seinen
schützenden Arm über Sokolov hielt
","Granin wusste, dass Chruschtschow seinen
schützenden Arm über Sokolov hielt
"
0x11f50,"und wandte sich daher Volgin zu, dem
Vorkämpfer der Bewegung gegen
Chruschtschow.
","und wandte sich daher Volgin zu, dem
Vorkämpfer der Bewegung gegen
Chruschtschow.
"
0x11fa4,"Anscheinend wollte Granin die Gelder dieser
Oppositionskräfte dazu einsetzen, um seinen
alten Gegner aus dem Weg zu räumen.
","Anscheinend wollte Granin die Gelder dieser
Oppositionskräfte dazu einsetzen, um seinen
alten Gegner aus dem Weg zu räumen.
"
0x12023,"Volgin wiederum
","Volgin wiederum
"
0x12034,"war von der Möglichkeit fasziniert, die von
Granin entwickelten Hochtechnologiewaffen im
Kampf gegen Chruschtschow einzusetzen.
","war von der Möglichkeit fasziniert, die von
Granin entwickelten Hochtechnologiewaffen im
Kampf gegen Chruschtschow einzusetzen.
"
0x120b6,"So verbündeten sich die beiden, und Volgin
übernahm die Kontrolle über Granins
Konstruktionsbüro.
","So verbündeten sich die beiden, und Volgin
übernahm die Kontrolle über Granins
Konstruktionsbüro.
"
0x1211d,"Aber jetzt hat Volgin Sokolov im Auge?
","Aber jetzt hat Volgin Sokolov im Auge?
"
0x12145,"Ja. Allem Anschein nach versteht er sich nicht
mehr so gut mit Granin.
","Ja. Allem Anschein nach versteht er sich nicht
mehr so gut mit Granin.
"
0x1218d,"Major, erzählen Sie mir mehr über den
Wettlauf um den Weltraum.
","Major, erzählen Sie mir mehr über den
Wettlauf um den Weltraum.
"
0x121d0,"Im Jahre 1957 gelang es der Sowjetunion,
ihren ersten künstlichen Satelliten, Sputnik, in
die Erdumlaufbahn zu schicken.
","Im Jahre 1957 gelang es der Sowjetunion,
ihren ersten künstlichen Satelliten, Sputnik, in
die Erdumlaufbahn zu schicken.
"
0x1224b,"Die Amerikaner hatten das Nachsehen bei
diesem Wettlauf.
","Die Amerikaner hatten das Nachsehen bei
diesem Wettlauf.
"
0x12285,"Infolgedessen beschleunigte die
US-Administration ihr eigenes
Weltraumprogramm.
","Infolgedessen beschleunigte die
US-Administration ihr eigenes
Weltraumprogramm.
"
0x122d6,"Im darauf folgenden Jahr wurden die
Weltraumentwicklungsprogramme
","Im darauf folgenden Jahr wurden die
Weltraumentwicklungsprogramme
"
0x12319,"der verschiedenen Ministerien zur National
Aeronautics and Space Administration, NASA,
zusammengeschlossen.
","der verschiedenen Ministerien zur National
Aeronautics and Space Administration, NASA,
zusammengeschlossen.
"
0x12386,"In jenem Jahr wurde das Mercury-Programm
mit dem Ziel gestartet, einen Mann in den
Weltraum zu bringen.
","In jenem Jahr wurde das Mercury-Programm
mit dem Ziel gestartet, einen Mann in den
Weltraum zu bringen.
"
0x123ef,"Das Militär wählte sieben Kandidaten als erste
Astronauten - Männer, die das „richtige Zeug""
dazu hatten.
","Das Militär wählte sieben Kandidaten als erste
Astronauten - Männer, die das „richtige Zeug""
dazu hatten.
"
0x1245f,"Wie Sie wissen, war es jedoch ein sowjetischer
Kosmonaut, Juri Gagarin, der vor drei Jahren
mit Erfolg den ersten bemannten Raumflug
unternahm.
","Wie Sie wissen, war es jedoch ein sowjetischer
Kosmonaut, Juri Gagarin, der vor drei Jahren
mit Erfolg den ersten bemannten Raumflug
unternahm.
"
0x124f0,"Der erste erfolgreiche Ballistikflug der NASA
erfolgte einen Monat nach Gagarins Einsatz:
","Der erste erfolgreiche Ballistikflug der NASA
erfolgte einen Monat nach Gagarins Einsatz:
"
0x1254b,"Die Freedom 7 brachte Alan Shepard in den
Weltraum.
","Die Freedom 7 brachte Alan Shepard in den
Weltraum.
"
0x12580,"Die USA hatten bei Flügen in die
Weltumlaufbahn nach wie vor das Nachsehen.
Dann fasste Präsident Kennedy eine
monumentale Entscheidung.
","Die USA hatten bei Flügen in die
Weltumlaufbahn nach wie vor das Nachsehen.
Dann fasste Präsident Kennedy eine
monumentale Entscheidung.
"
0x1260c,"Noch vor Ende des Jahrzehnts würden die
USA einen Mann auf den Mond bringen.
","Noch vor Ende des Jahrzehnts würden die
USA einen Mann auf den Mond bringen.
"
0x1265b,"Ja, ich habe die Rede gehört. Aber vielen
Männern, die ich kannte, gefiel das Vorhaben
nicht ...
","Ja, ich habe die Rede gehört. Aber vielen
Männern, die ich kannte, gefiel das Vorhaben
nicht ...
"
0x126bf,"Sie sagten, um nichts in der Welt würden sie
an einem Einsatz teilnehmen, um irgendeine
verdammte Mondbasis in die Luft zu jagen.
","Sie sagten, um nichts in der Welt würden sie
an einem Einsatz teilnehmen, um irgendeine
verdammte Mondbasis in die Luft zu jagen.
"
0x12743,"Doch die Entwicklung von Raketen und
anderen Flugkörpern ist eng verwandt.
","Doch die Entwicklung von Raketen und
anderen Flugkörpern ist eng verwandt.
"
0x12790,"Stell dir vor, die Sowjetunion könnte von einer
Mondbasis aus Washington
","Stell dir vor, die Sowjetunion könnte von einer
Mondbasis aus Washington
"
0x127db,"mit Kaskaden von nuklearen Flugkörpern
belegen.
","mit Kaskaden von nuklearen Flugkörpern
belegen.
"
0x1280d,"Auch wenn die Realität noch lange nicht so
weit ist ...
","Auch wenn die Realität noch lange nicht so
weit ist ...
"
0x12847,"Wenn wir die Initiative verlieren, könnte dies
für immer sein. Wir haben keine andere Wahl:
Wir müssen vorwärts gehen, einen Schritt nach
dem anderen machen.
","Wenn wir die Initiative verlieren, könnte dies
für immer sein. Wir haben keine andere Wahl:
Wir müssen vorwärts gehen, einen Schritt nach
dem anderen machen.
"
0x128ea,"Das vor zwei Jahren gestartete
Gemini-Programm ist der erste Schritt zu einer
Mondbasis.
","Das vor zwei Jahren gestartete
Gemini-Programm ist der erste Schritt zu einer
Mondbasis.
"
0x12944,"Aber ...
","Aber ...
"
0x1294e,"Ich möchte Kennedy ja nicht als Lügner
bezeichnen, aber ich kann es mir einfach nicht
vorstellen, dass binnen sechs Jahren ein Mann
den Mond betreten kann.
","Ich möchte Kennedy ja nicht als Lügner
bezeichnen, aber ich kann es mir einfach nicht
vorstellen, dass binnen sechs Jahren ein Mann
den Mond betreten kann.
"
0x129ed,"Ich weiß es nicht. Ich hätte nie gedacht, dass
wir überhaupt in den Weltraum gelangen
würden.
","Ich weiß es nicht. Ich hätte nie gedacht, dass
wir überhaupt in den Weltraum gelangen
würden.
"
0x12a50,"Es hängt wohl alles davon ab, ob man fest
genug dazu entschlossen ist.
","Es hängt wohl alles davon ab, ob man fest
genug dazu entschlossen ist.
"
0x12a99,"Vielleicht hast du Recht.
","Vielleicht hast du Recht.
"
0x12ab4,"Major, Sie sagten doch, der Feind gehöre zum
KGB, oder?
","Major, Sie sagten doch, der Feind gehöre zum
KGB, oder?
"
0x12aee,"Genau.
","Genau.
"
0x12af6,"Zu welcher Einheit denn? Dem sechsten
Direktorat?
","Zu welcher Einheit denn? Dem sechsten
Direktorat?
"
0x12b29,"Nein, dem neunten Direktorat.
","Nein, dem neunten Direktorat.
"
0x12b48,"Dem neunten?
","Dem neunten?
"
0x12b56,"Ja.
","Ja.
"
0x12b5b,"Aber ich dachte, das sei ...
","Aber ich dachte, das sei ...
"
0x12b79,"Stimmt genau. Die Einheit, die den Kreml
bewacht und Leibwächter für hochangesehene
Persönlichkeiten stellt.
","Stimmt genau. Die Einheit, die den Kreml
bewacht und Leibwächter für hochangesehene
Persönlichkeiten stellt.
"
0x12bea,"Aber sie sollen doch Persönlichkeiten der
„Partei und Regierung"" schützen.
","Aber sie sollen doch Persönlichkeiten der
„Partei und Regierung"" schützen.
"
0x12c3a,"Ich dachte, das heißt nur hochrangige
Funktionäre und deren Familien.
","Ich dachte, das heißt nur hochrangige
Funktionäre und deren Familien.
"
0x12c83,"Und jetzt sollen sie eine Erprobung
überwachen?
","Und jetzt sollen sie eine Erprobung
überwachen?
"
0x12cb5,"Sieht so aus.
","Sieht so aus.
"
0x12cc4,"Was geht da wirklich vor?
","Was geht da wirklich vor?
"
0x12cdf,"Ich weiß es auch nicht.
","Ich weiß es auch nicht.
"
0x12cf9,"...
","...
"
0x12cfe,"Ich weiß nur, dass der Direktor des neunten
Direktorats ein bekannter Protegée
Chruschtschows ist.
","Ich weiß nur, dass der Direktor des neunten
Direktorats ein bekannter Protegée
Chruschtschows ist.
"
0x12d64,"Vielleicht wollte der Staatschef diesen Einsatz
einer Einheit seines Vertrauens übertragen.
","Vielleicht wollte der Staatschef diesen Einsatz
einer Einheit seines Vertrauens übertragen.
"
0x12dc2,"Heißt das, dass er anderen Einheiten nicht
vertrauen kann?
","Heißt das, dass er anderen Einheiten nicht
vertrauen kann?
"
0x12dff,"Seit dem Abzug aus Kuba wird
Chruschtschows Position immer schwächer.
","Seit dem Abzug aus Kuba wird
Chruschtschows Position immer schwächer.
"
0x12e47,"Der Geheimtest ist ein Akt der Verzweiflung
eines Mannes, der keinen anderen Ausweg
sieht.
","Der Geheimtest ist ein Akt der Verzweiflung
eines Mannes, der keinen anderen Ausweg
sieht.
"
0x12ea3,"Die Erprobung von Sokolovs neuer Waffe sollte
dazu beitragen,
","Die Erprobung von Sokolovs neuer Waffe sollte
dazu beitragen,
"
0x12ee2,"Chruschtschows Autorität in Moskau
wiederherzustellen.
","Chruschtschows Autorität in Moskau
wiederherzustellen.
"
0x12f1b,"Soll das heißen, dass Gegner Chruschtschows
durchaus versuchen könnten, diesen Test zu
stören?
","Soll das heißen, dass Gegner Chruschtschows
durchaus versuchen könnten, diesen Test zu
stören?
"
0x12f7e,"Vermutlich. Chruschtschow muss das erwartet
haben. Daher hat er seine treueste Einheit -
seine Trumpfkarte - ausgesandt. Sie soll
sicherstellen, dass alles reibungslos verläuft.
","Vermutlich. Chruschtschow muss das erwartet
haben. Daher hat er seine treueste Einheit -
seine Trumpfkarte - ausgesandt. Sie soll
sicherstellen, dass alles reibungslos verläuft.
"
0x13032,"Major, wissen Sie etwas über diesen
GRU-Oberst, von dem Sokolov sprach?
","Major, wissen Sie etwas über diesen
GRU-Oberst, von dem Sokolov sprach?
"
0x1307c,"Ja.
","Ja.
"
0x13081,"Wer ist er?
","Wer ist er?
"
0x1308e,"Ein sehr gefährlicher Mann.
","Ein sehr gefährlicher Mann.
"
0x130ac,"Sein Name ist Yevgeny Borisovitch Volgin. Im
Westen nennt man ihn „Thunderbolt"",
„Donnerschlag"".
","Sein Name ist Yevgeny Borisovitch Volgin. Im
Westen nennt man ihn „Thunderbolt"",
„Donnerschlag"".
"
0x13112,"Er hat sich den Ruf als äußerst brutaler und
kaltblütiger Meisterspion der Sowjetunion
erworben.
","Er hat sich den Ruf als äußerst brutaler und
kaltblütiger Meisterspion der Sowjetunion
erworben.
"
0x13177,"Während des Krieges arbeitete Volgin für die
nationale Abteilung der NKVD.
","Während des Krieges arbeitete Volgin für die
nationale Abteilung der NKVD.
"
0x131c5,"Er war hinter den sowjetischen Linien
stationiert. Es oblag ihm, Soldaten, die
zurückweichen oder desertieren wollten, zu
bestrafen.
","Er war hinter den sowjetischen Linien
stationiert. Es oblag ihm, Soldaten, die
zurückweichen oder desertieren wollten, zu
bestrafen.
"
0x1324c,"Er ist auch für seine „Leistungen"" in
Guerilla-Abwehroperationen in der Ukraine und
dem Baltikum berüchtigt.
","Er ist auch für seine „Leistungen"" in
Guerilla-Abwehroperationen in der Ukraine und
dem Baltikum berüchtigt.
"
0x132be,"Anscheinend brüstet er sich gerne damit, dass
er über 100.000 Feinde des Kommunismus
„beseitigt"" hat.
","Anscheinend brüstet er sich gerne damit, dass
er über 100.000 Feinde des Kommunismus
„beseitigt"" hat.
"
0x13329,"Wir wissen zudem, dass er einen
maßgeblichen Beitrag bei der Niederschlagung
des Aufstands 1953 in Ostdeutschland und
1956 in Ungarn leistete.
","Wir wissen zudem, dass er einen
maßgeblichen Beitrag bei der Niederschlagung
des Aufstands 1953 in Ostdeutschland und
1956 in Ungarn leistete.
"
0x133ba,"Man fürchtet ihn zu Recht. Wer weiß, was er
momentan ausklügelt. Nimm dich vor ihm in
Acht.
","Man fürchtet ihn zu Recht. Wer weiß, was er
momentan ausklügelt. Nimm dich vor ihm in
Acht.
"
0x1341a,"Das werde ich.
","Das werde ich.
"
0x1342a,"Major, sagten Sie nicht, dass The Boss einst
mit Ihnen zusammen in der SAS war?
","Major, sagten Sie nicht, dass The Boss einst
mit Ihnen zusammen in der SAS war?
"
0x1347b,"Ja. Wir stampften gemeinsam das 22nd SAS
Regiment aus dem Boden.
","Ja. Wir stampften gemeinsam das 22nd SAS
Regiment aus dem Boden.
"
0x134bd,"Als die SAS, der britische Special Air Service,
gegründet wurde, bat man The Boss, als
Sonderberaterin zu fungieren.
","Als die SAS, der britische Special Air Service,
gegründet wurde, bat man The Boss, als
Sonderberaterin zu fungieren.
"
0x13534,"Man könnte sagen, dass The Boss die
Rayforce und L-Detachment auf die Beine
stellte
","Man könnte sagen, dass The Boss die
Rayforce und L-Detachment auf die Beine
stellte
"
0x1358a,"und damit die Grundlagen der modernen SAS
schuf.
","und damit die Grundlagen der modernen SAS
schuf.
"
0x135bc,"Du wirst ihren Namen in keinem
Geschichtsbuch finden - dennoch hat sie einen
großen Beitrag geleistet.
","Du wirst ihren Namen in keinem
Geschichtsbuch finden - dennoch hat sie einen
großen Beitrag geleistet.
"
0x13625,"Die wahren Helden kennt man nie.
","Die wahren Helden kennt man nie.
"
0x13647,"Jedenfalls nicht in unserer Branche.
","Jedenfalls nicht in unserer Branche.
"
0x1366d,"Der Probesturm auf Heliopolis und die
nächtlichen Angriffe auf deutsche
Luftwaffenstützpunkte in Nordafrika waren
auch ihre Idee.
","Der Probesturm auf Heliopolis und die
nächtlichen Angriffe auf deutsche
Luftwaffenstützpunkte in Nordafrika waren
auch ihre Idee.
"
0x136f2,"Ja, sie war uns stets einen Schritt voraus - in
Wort und Tat.
","Ja, sie war uns stets einen Schritt voraus - in
Wort und Tat.
"
0x13731,"Es stimmt: „Wer wagt, gewinnt.""
","Es stimmt: „Wer wagt, gewinnt.""
"
0x13754,"Das Motto der SAS.
","Das Motto der SAS.
"
0x13768,"Genau. Selbst das Motto zollt ihr Tribut.
","Genau. Selbst das Motto zollt ihr Tribut.
"
0x13793,"Wie du weißt, hat sich die SAS zu einem
Modell für Sondereinsatztruppen in aller Welt
entwickelt.
","Wie du weißt, hat sich die SAS zu einem
Modell für Sondereinsatztruppen in aller Welt
entwickelt.
"
0x137f8,"So ist The Boss wirklich die Mutter aller
Sondereinsatztruppen.
","So ist The Boss wirklich die Mutter aller
Sondereinsatztruppen.
"
0x13839,"Snake, wenn du in Wasser oder Matsch trittst,
werden deine Füße nass.
","Snake, wenn du in Wasser oder Matsch trittst,
werden deine Füße nass.
"
0x13882,"So hinterlässt du Fußspuren, denen der Feind
problemlos bis zu dir folgen kann.
","So hinterlässt du Fußspuren, denen der Feind
problemlos bis zu dir folgen kann.
"
0x138d5,"Geh nach Möglichkeit nicht durch Wasser oder
Matsch.
","Geh nach Möglichkeit nicht durch Wasser oder
Matsch.
"
0x1390c,"Sollten deine Füße allerdings nass werden,
krieche. So hinterlässt du keine Fußspuren.
","Sollten deine Füße allerdings nass werden,
krieche. So hinterlässt du keine Fußspuren.
"
0x13968,"Wenn dir niemand folgen soll, beweg dich auf
Händen und Knien fort.
","Wenn dir niemand folgen soll, beweg dich auf
Händen und Knien fort.
"
