0x1d68,"PERSONAL DATA [1/4]

CODENAME:MAJOR TOM
SEX:MALE
AGE:55
NATIONALITY:U.K
BIRTHDATE:8/12/1909
BIRTHPLACE:EXETER,ENG.
ADDRESS:PORTSMOUTH,NH.
","PERSONAL DATA [1/4]

CODENAME:MAJOR TOM
SEX:MALE
AGE:55
NATIONALITY:U.K
BIRTHDATE:8/12/1909
BIRTHPLACE:EXETER,ENG.
ADDRESS:PORTSMOUTH,NH.
"
0x1df3,"PERSONAL DATA [1/4]

CODENAME:MAJOR ZERO
SEX:MALE
AGE:55
NATIONALITY:U.K
BIRTHDATE:8/12/1909
BIRTHPLACE:EXETER,ENG.
ADDRESS:PORTSMOUTH,NH.
","PERSONAL DATA [1/4]

CODENAME:MAJOR ZERO
SEX:MALE
AGE:55
NATIONALITY:U.K
BIRTHDATE:8/12/1909
BIRTHPLACE:EXETER,ENG.
ADDRESS:PORTSMOUTH,NH.
"
0x1e7f,"PERSONAL DATA [2/4]

HEIGHT:6% 5/8~
WEIGHT:174q
HAIR:GREY
EYE:GREYISH BLUE
SKIN:WHITE
VOICE:JIM PIDDOCK
MTN ACTR:TAKASHI KUBO
","PERSONAL DATA [2/4]

HEIGHT:6% 5/8~
WEIGHT:174q
HAIR:GREY
EYE:GREYISH BLUE
SKIN:WHITE
VOICE:JIM PIDDOCK
MTN ACTR:TAKASHI KUBO
"
0x1efe,"PERSONAL DATA [3/4]

EYESIGHT:20/13
BLOOD TYPE:A
PAST ILLNESSES:GOUT
FAMILY:PARENTS,A SISTER
HOBBY:MOVIE,HUNTING
FVRT FOOD:SHEPHERD'S PIE
UNFVRT FOOD:HAMBURGER
","PERSONAL DATA [3/4]

EYESIGHT:20/13
BLOOD TYPE:A
PAST ILLNESSES:GOUT
FAMILY:PARENTS,A SISTER
HOBBY:MOVIE,HUNTING
FVRT FOOD:SHEPHERD'S PIE
UNFVRT FOOD:HAMBURGER
"
0x1f9f,"PERSONAL DATA [4/4]

FVRT MOVIE:SPY/WAR MOVIE
FVRT ANIMAL:HORSE
FVRT LIQUOR:WHISKEY
FVRT SPORT:RUGBY
FVRT TEA:DIMBULA
FVRT UMA:NESSIE
MOTTO:WHO DARES WINS
","PERSONAL DATA [4/4]

FVRT MOVIE:SPY/WAR MOVIE
FVRT ANIMAL:HORSE
FVRT LIQUOR:WHISKEY
FVRT SPORT:RUGBY
FVRT TEA:DIMBULA
FVRT UMA:NESSIE
MOTTO:WHO DARES WINS
"
0x203b,"PERSONAL DATA [1/3]

CODENAME:MAJOR TOM
SEX:MALE
AGE:55
NATIONALITY:U.K
BIRTHDATE:8/12/1909
BIRTHPLACE:EXETER,ENG.
ADDRESS:PORTSMOUTH,NH.
","PERSONAL DATA [1/3]

CODENAME:MAJOR TOM
SEX:MALE
AGE:55
NATIONALITY:U.K
BIRTHDATE:8/12/1909
BIRTHPLACE:EXETER,ENG.
ADDRESS:PORTSMOUTH,NH.
"
0x20c6,"PERSONAL DATA [1/3]

CODENAME:MAJOR ZERO
SEX:MALE
AGE:55
NATIONALITY:U.K
BIRTHDATE:8/12/1909
BIRTHPLACE:EXETER,ENG.
ADDRESS:PORTSMOUTH,NH.
","PERSONAL DATA [1/3]

CODENAME:MAJOR ZERO
SEX:MALE
AGE:55
NATIONALITY:U.K
BIRTHDATE:8/12/1909
BIRTHPLACE:EXETER,ENG.
ADDRESS:PORTSMOUTH,NH.
"
0x2152,"PERSONAL DATA [2/3]

HEIGHT:6% 5/8~
WEIGHT:174q
HAIR:GREY
EYE:GREYISH BLUE
SKIN:WHITE
VOICE:JIM PIDDOCK
MTN ACTR:TAKASHI KUBO
","PERSONAL DATA [2/3]

HEIGHT:6% 5/8~
WEIGHT:174q
HAIR:GREY
EYE:GREYISH BLUE
SKIN:WHITE
VOICE:JIM PIDDOCK
MTN ACTR:TAKASHI KUBO
"
0x21d1,"PERSONAL DATA [3/3]

EYESIGHT:20/13
BLOOD TYPE:A
PAST ILLNESSES:GOUT
FAMILY:PARENTS,A SISTER
HOBBY:MOVIE,HUNTING
FVRT FOOD:SHEPHERD'S PIE
UNFVRT FOOD:HAMBURGER
","PERSONAL DATA [3/3]

EYESIGHT:20/13
BLOOD TYPE:A
PAST ILLNESSES:GOUT
FAMILY:PARENTS,A SISTER
HOBBY:MOVIE,HUNTING
FVRT FOOD:SHEPHERD'S PIE
UNFVRT FOOD:HAMBURGER
"
0x2272,"PERSONAL DATA [1/2]

CODENAME:MAJOR TOM
SEX:MALE
AGE:55
NATIONALITY:U.K
BIRTHDATE:8/12/1909
BIRTHPLACE:EXETER,ENG.
ADDRESS:PORTSMOUTH,NH.
","PERSONAL DATA [1/2]

CODENAME:MAJOR TOM
SEX:MALE
AGE:55
NATIONALITY:U.K
BIRTHDATE:8/12/1909
BIRTHPLACE:EXETER,ENG.
ADDRESS:PORTSMOUTH,NH.
"
0x22fd,"PERSONAL DATA [1/2]

CODENAME:MAJOR ZERO
SEX:MALE
AGE:55
NATIONALITY:U.K
BIRTHDATE:8/12/1909
BIRTHPLACE:EXETER,ENG.
ADDRESS:PORTSMOUTH,NH.
","PERSONAL DATA [1/2]

CODENAME:MAJOR ZERO
SEX:MALE
AGE:55
NATIONALITY:U.K
BIRTHDATE:8/12/1909
BIRTHPLACE:EXETER,ENG.
ADDRESS:PORTSMOUTH,NH.
"
0x2389,"PERSONAL DATA [2/2]

HEIGHT:6% 5/8~
WEIGHT:174q
HAIR:GREY
EYE:GREYISH BLUE
SKIN:WHITE
VOICE:JIM PIDDOCK
MTN ACTR:TAKASHI KUBO
","PERSONAL DATA [2/2]

HEIGHT:6% 5/8~
WEIGHT:174q
HAIR:GREY
EYE:GREYISH BLUE
SKIN:WHITE
VOICE:JIM PIDDOCK
MTN ACTR:TAKASHI KUBO
"
0x2408,"PERSONAL DATA [1/1]

CODENAME:MAJOR TOM
SEX:MALE
AGE:55
NATIONALITY:U.K
BIRTHDATE:8/12/1909
BIRTHPLACE:EXETER,ENG.
ADDRESS:PORTSMOUTH,NH.
","PERSONAL DATA [1/1]

CODENAME:MAJOR TOM
SEX:MALE
AGE:55
NATIONALITY:U.K
BIRTHDATE:8/12/1909
BIRTHPLACE:EXETER,ENG.
ADDRESS:PORTSMOUTH,NH.
"
0x2493,"PERSONAL DATA [1/1]

CODENAME:MAJOR ZERO
SEX:MALE
AGE:55
NATIONALITY:U.K
BIRTHDATE:8/12/1909
BIRTHPLACE:EXETER,ENG.
ADDRESS:PORTSMOUTH,NH.
","PERSONAL DATA [1/1]

CODENAME:MAJOR ZERO
SEX:MALE
AGE:55
NATIONALITY:U.K
BIRTHDATE:8/12/1909
BIRTHPLACE:EXETER,ENG.
ADDRESS:PORTSMOUTH,NH.
"
0x251f,"PERSONAL DATA [1/1]

CODENAME:THE BOSS
SEX:FEMALE
AGE:UNKNOWN
NATIONALITY:U.S.A
BIRTHDATE:UNKNOWN
BIRTHPLACE:UNKNOWN
ADDRESS:UNKNOWN
","PERSONAL DATA [1/1]

CODENAME:THE BOSS
SEX:FEMALE
AGE:UNKNOWN
NATIONALITY:U.S.A
BIRTHDATE:UNKNOWN
BIRTHPLACE:UNKNOWN
ADDRESS:UNKNOWN
"
0x25a5,"PERSONAL DATA [1/2]

CODENAME:THE BOSS
SEX:FEMALE
AGE:UNKNOWN
NATIONALITY:U.S.A
BIRTHDATE:UNKNOWN
BIRTHPLACE:UNKNOWN
ADDRESS:UNKNOWN
","PERSONAL DATA [1/2]

CODENAME:THE BOSS
SEX:FEMALE
AGE:UNKNOWN
NATIONALITY:U.S.A
BIRTHDATE:UNKNOWN
BIRTHPLACE:UNKNOWN
ADDRESS:UNKNOWN
"
0x262b,"PERSONAL DATA [2/2]

HEIGHT:5% 10~
WEIGHT:UNKNOWN
HAIR:BROWNISH GREY
EYE:BLUE
VOICE:LORI ALAN
MTN ACTR:ERIKO HIRATA
BLOOD TYPE:UNKNOWN
","PERSONAL DATA [2/2]

HEIGHT:5% 10~
WEIGHT:UNKNOWN
HAIR:BROWNISH GREY
EYE:BLUE
VOICE:LORI ALAN
MTN ACTR:ERIKO HIRATA
BLOOD TYPE:UNKNOWN
"
0x26b3,"PERSONAL DATA [1/4]

CODENAME:PARA-MEDIC
SEX:FEMALE
AGE:28
NATIONALITY:U.S.A
BIRTHDATE:6/22/1936
BIRTHPLACE:BOSTON,MA.
ADDRESS:BOSTON,MA.
","PERSONAL DATA [1/4]

CODENAME:PARA-MEDIC
SEX:FEMALE
AGE:28
NATIONALITY:U.S.A
BIRTHDATE:6/22/1936
BIRTHPLACE:BOSTON,MA.
ADDRESS:BOSTON,MA.
"
0x273e,"PERSONAL DATA [2/4]

HEIGHT:5% 5 7/8~
WEIGHT:TOP SECRET
HAIR:RED
EYE:BROWN
SKIN:WHITE
VOICE:HEATHER HALLEY
MTN ACTR:ERIKO HIRATA
","PERSONAL DATA [2/4]

HEIGHT:5% 5 7/8~
WEIGHT:TOP SECRET
HAIR:RED
EYE:BROWN
SKIN:WHITE
VOICE:HEATHER HALLEY
MTN ACTR:ERIKO HIRATA
"
0x27c0,"PERSONAL DATA [3/4]

EYESIGHT:20/25
BLOOD TYPE:B
PAST ILLNESSES:NONE
FAMILY:PARENTS,2 BROTHERS
HOBBY:MOVIE
FVRT FOOD:SUSHI
UNFVRT FOOD:CRAB
","PERSONAL DATA [3/4]

EYESIGHT:20/25
BLOOD TYPE:B
PAST ILLNESSES:NONE
FAMILY:PARENTS,2 BROTHERS
HOBBY:MOVIE
FVRT FOOD:SUSHI
UNFVRT FOOD:CRAB
"
0x284d,"PERSONAL DATA [4/4]

FVRT MOVIE:EVERY MOVIE
FVRT ANIMAL:LITTLE BIRD
FVRT LIQUOR:JAPANESE SAKE
MEASUREMENTS:TOP SECRET!
TRETMNT SPCLTY:INJECTION
FVRT MASCOT:KEROTAN,GA-KO
FVRT MNSTR:VENUSIAN
","PERSONAL DATA [4/4]

FVRT MOVIE:EVERY MOVIE
FVRT ANIMAL:LITTLE BIRD
FVRT LIQUOR:JAPANESE SAKE
MEASUREMENTS:TOP SECRET!
TRETMNT SPCLTY:INJECTION
FVRT MASCOT:KEROTAN,GA-KO
FVRT MNSTR:VENUSIAN
"
0x290c,"PERSONAL DATA [1/3]

CODENAME:PARA-MEDIC
SEX:FEMALE
AGE:28
NATIONALITY:U.S.A
BIRTHDATE:6/22/1936
BIRTHPLACE:BOSTON,MA.
ADDRESS:BOSTON,MA.
","PERSONAL DATA [1/3]

CODENAME:PARA-MEDIC
SEX:FEMALE
AGE:28
NATIONALITY:U.S.A
BIRTHDATE:6/22/1936
BIRTHPLACE:BOSTON,MA.
ADDRESS:BOSTON,MA.
"
0x2997,"PERSONAL DATA [2/3]

HEIGHT:5% 5 7/8~
WEIGHT:TOP SECRET
HAIR:RED
EYE:BROWN
SKIN:WHITE
VOICE:HEATHER HALLEY
MTN ACTR:ERIKO HIRATA
","PERSONAL DATA [2/3]

HEIGHT:5% 5 7/8~
WEIGHT:TOP SECRET
HAIR:RED
EYE:BROWN
SKIN:WHITE
VOICE:HEATHER HALLEY
MTN ACTR:ERIKO HIRATA
"
0x2a19,"PERSONAL DATA [3/3]

EYESIGHT:20/25
BLOOD TYPE:B
PAST ILLNESSES:NONE
FAMILY:PARENTS,2 BROTHERS
HOBBY:MOVIE
FVRT FOOD:SUSHI
UNFVRT FOOD:CRAB
","PERSONAL DATA [3/3]

EYESIGHT:20/25
BLOOD TYPE:B
PAST ILLNESSES:NONE
FAMILY:PARENTS,2 BROTHERS
HOBBY:MOVIE
FVRT FOOD:SUSHI
UNFVRT FOOD:CRAB
"
0x2aa6,"PERSONAL DATA [1/2]

CODENAME:PARA-MEDIC
SEX:FEMALE
AGE:28
NATIONALITY:U.S.A
BIRTHDATE:6/22/1936
BIRTHPLACE:BOSTON,MA.
ADDRESS:BOSTON,MA.
","PERSONAL DATA [1/2]

CODENAME:PARA-MEDIC
SEX:FEMALE
AGE:28
NATIONALITY:U.S.A
BIRTHDATE:6/22/1936
BIRTHPLACE:BOSTON,MA.
ADDRESS:BOSTON,MA.
"
0x2b31,"PERSONAL DATA [2/2]

HEIGHT:5% 5 7/8~
WEIGHT:TOP SECRET
HAIR:RED
EYE:BROWN
SKIN:WHITE
VOICE:HEATHER HALLEY
MTN ACTR:ERIKO HIRATA
","PERSONAL DATA [2/2]

HEIGHT:5% 5 7/8~
WEIGHT:TOP SECRET
HAIR:RED
EYE:BROWN
SKIN:WHITE
VOICE:HEATHER HALLEY
MTN ACTR:ERIKO HIRATA
"
0x2bb3,"PERSONAL DATA [1/1]

CODENAME:PARA-MEDIC
SEX:FEMALE
AGE:28
NATIONALITY:U.S.A
BIRTHDATE:6/22/1936
BIRTHPLACE:BOSTON,MA.
ADDRESS:BOSTON,MA.
","PERSONAL DATA [1/1]

CODENAME:PARA-MEDIC
SEX:FEMALE
AGE:28
NATIONALITY:U.S.A
BIRTHDATE:6/22/1936
BIRTHPLACE:BOSTON,MA.
ADDRESS:BOSTON,MA.
"
0x2c3e,"PERSONAL DATA [1/4]

CODENAME:SIGINT
SEX:MALE
AGE:24
NATIONALITY:U.S.A
BIRTHDATE:11/11/1939
BIRTHPLACE:NASHVILLE,TN.
ADDRESS:LANGLEY,VA.
","PERSONAL DATA [1/4]

CODENAME:SIGINT
SEX:MALE
AGE:24
NATIONALITY:U.S.A
BIRTHDATE:11/11/1939
BIRTHPLACE:NASHVILLE,TN.
ADDRESS:LANGLEY,VA.
"
0x2cc8,"PERSONAL DATA [2/4]

HEIGHT:6% 5/8~
WEIGHT:171q
HAIR:BALD
EYE:BROWN
SKIN:BLACK
VOICE:JAMES MATHIS
EYESIGHT:20/16
","PERSONAL DATA [2/4]

HEIGHT:6% 5/8~
WEIGHT:171q
HAIR:BALD
EYE:BROWN
SKIN:BLACK
VOICE:JAMES MATHIS
EYESIGHT:20/16
"
0x2d3a,"PERSONAL DATA [3/4]

BLOOD TYPE:O
PAST ILLNESSES:NONE
FAMILY:PARENTS,A SISTER
HOBBY:BASKETBALL
FVRT FOOD:BUFFALO WINGS
UNFVRT FOOD:FISH & CHIPS
MST INTRSTD TECH:COMPUTER
","PERSONAL DATA [3/4]

BLOOD TYPE:O
PAST ILLNESSES:NONE
FAMILY:PARENTS,A SISTER
HOBBY:BASKETBALL
FVRT FOOD:BUFFALO WINGS
UNFVRT FOOD:FISH & CHIPS
MST INTRSTD TECH:COMPUTER
"
0x2de5,"PERSONAL DATA [4/4]

FVRT ANIMAL:CAT
FVRT LIQUOR:BEER
FVRT UMA:SNOWMAN
FVRT UFO:ADAMSKI TYPE
PRIMARY INVNTNS:EZ GUN
NO. OF THIS YEAR'S WRRTN
APOLOGY:21
","PERSONAL DATA [4/4]

FVRT ANIMAL:CAT
FVRT LIQUOR:BEER
FVRT UMA:SNOWMAN
FVRT UFO:ADAMSKI TYPE
PRIMARY INVNTNS:EZ GUN
NO. OF THIS YEAR'S WRRTN
APOLOGY:21
"
0x2e7e,"PERSONAL DATA [1/3]

CODENAME:SIGINT
SEX:MALE
AGE:24
NATIONALITY:U.S.A
BIRTHDATE:11/11/1939
BIRTHPLACE:NASHVILLE,TN.
ADDRESS:LANGLEY,VA.
","PERSONAL DATA [1/3]

CODENAME:SIGINT
SEX:MALE
AGE:24
NATIONALITY:U.S.A
BIRTHDATE:11/11/1939
BIRTHPLACE:NASHVILLE,TN.
ADDRESS:LANGLEY,VA.
"
0x2f08,"PERSONAL DATA [2/3]

HEIGHT:6% 5/8~
WEIGHT:171q
HAIR:BALD
EYE:BROWN
SKIN:BLACK
VOICE:JAMES MATHIS
EYESIGHT:20/16
","PERSONAL DATA [2/3]

HEIGHT:6% 5/8~
WEIGHT:171q
HAIR:BALD
EYE:BROWN
SKIN:BLACK
VOICE:JAMES MATHIS
EYESIGHT:20/16
"
0x2f7a,"PERSONAL DATA [3/3]

BLOOD TYPE:O
PAST ILLNESSES:NONE
FAMILY:PARENTS,A SISTER
HOBBY:BASKETBALL
FVRT FOOD:BUFFALO WINGS
UNFVRT FOOD:FISH & CHIPS
MST INTRSTD TECH:COMPUTER
","PERSONAL DATA [3/3]

BLOOD TYPE:O
PAST ILLNESSES:NONE
FAMILY:PARENTS,A SISTER
HOBBY:BASKETBALL
FVRT FOOD:BUFFALO WINGS
UNFVRT FOOD:FISH & CHIPS
MST INTRSTD TECH:COMPUTER
"
0x3025,"PERSONAL DATA [1/2]

CODENAME:SIGINT
SEX:MALE
AGE:24
NATIONALITY:U.S.A
BIRTHDATE:11/11/1939
BIRTHPLACE:NASHVILLE,TN.
ADDRESS:LANGLEY,VA.
","PERSONAL DATA [1/2]

CODENAME:SIGINT
SEX:MALE
AGE:24
NATIONALITY:U.S.A
BIRTHDATE:11/11/1939
BIRTHPLACE:NASHVILLE,TN.
ADDRESS:LANGLEY,VA.
"
0x30af,"PERSONAL DATA [2/2]

HEIGHT:6% 5/8~
WEIGHT:171q
HAIR:BALD
EYE:BROWN
SKIN:BLACK
VOICE:JAMES MATHIS
EYESIGHT:20/16
","PERSONAL DATA [2/2]

HEIGHT:6% 5/8~
WEIGHT:171q
HAIR:BALD
EYE:BROWN
SKIN:BLACK
VOICE:JAMES MATHIS
EYESIGHT:20/16
"
0x3121,"PERSONAL DATA [1/1]

CODENAME:SIGINT
SEX:MALE
AGE:24
NATIONALITY:U.S.A
BIRTHDATE:11/11/1939
BIRTHPLACE:NASHVILLE,TN.
ADDRESS:LANGLEY,VA.
","PERSONAL DATA [1/1]

CODENAME:SIGINT
SEX:MALE
AGE:24
NATIONALITY:U.S.A
BIRTHDATE:11/11/1939
BIRTHPLACE:NASHVILLE,TN.
ADDRESS:LANGLEY,VA.
"
0x31ab,"Snake, siehst du den umgestürzten Baum?
","Snake, siehst du den umgestürzten Baum?
"
0x31d5,"Ja.
","Ja.
"
0x31da,"Untersuch ihn.
","Untersuch ihn.
"
0x31ea,"Warum?
","Warum?
"
0x31f2,"Tu einfach, was ich dir sage.
","Tu einfach, was ich dir sage.
"
0x3211,"Er ist leer.
","Er ist leer.
"
0x321f,"Du kannst dich verstecken, wenn du dich
hinlegst und in hohle, umgestürzte Bäume
kriechst.
","Du kannst dich verstecken, wenn du dich
hinlegst und in hohle, umgestürzte Bäume
kriechst.
"
0x327d,"Wenn du weiter willst, kriechst du einfach
hinaus.
","Wenn du weiter willst, kriechst du einfach
hinaus.
"
0x32b1,"Unter diesem umgestürzten Baum ist ein
Spalt ...
","Unter diesem umgestürzten Baum ist ein
Spalt ...
"
0x32e4,"Wenn du dich hinlegst und kriechst, kannst du
dich in den Spalt zwängen.
","Wenn du dich hinlegst und kriechst, kannst du
dich in den Spalt zwängen.
"
0x332f,"Halte die Kriechtaste gedrückt, wenn du stehst,
um dich hinzulegen und zu kriechen.
","Halte die Kriechtaste gedrückt, wenn du stehst,
um dich hinzulegen und zu kriechen.
"
0x3385,"Wenn du wieder aufstehen willst, halte die
Kriechtaste wiederum gedrückt.
","Wenn du wieder aufstehen willst, halte die
Kriechtaste wiederum gedrückt.
"
0x33d1,"Verstanden?
","Verstanden?
"
0x33de,"Ja, aber ...
","Ja, aber ...
"
0x33ec,"Aber was?
","Aber was?
"
0x33f7,"War das der einzige Grund?
","War das der einzige Grund?
"
0x3413,"Was meinst du?
","Was meinst du?
"
0x3423,"Ich sollte ihn untersuchen, nur damit Sie mir
das sagen konnten?
","Ich sollte ihn untersuchen, nur damit Sie mir
das sagen konnten?
"
0x3465,"Ja.
","Ja.
"
0x346a,"...
","...
"
0x346f,"Nützlich, nicht wahr?
","Nützlich, nicht wahr?
"
0x3487,"... Ja, schon.
","... Ja, schon.
"
0x3497,"Sollen wir weitermachen?
","Sollen wir weitermachen?
"
0x34b1,"Natürlich.
","Natürlich.
"
0x34be,"In der Natur findest du viele Stellen,
in die du hineinkriechen und
","In der Natur findest du viele Stellen,
in die du hineinkriechen und
"
0x3503,"dich vor Feinden verbergen kannst.
","dich vor Feinden verbergen kannst.
"
0x3527,"Es wäre dumm, diese Verstecke nicht zu
nutzen.
","Es wäre dumm, diese Verstecke nicht zu
nutzen.
"
0x3558,"Schau dich daher stets gut in der
Beobachtungsperspektive um.
","Schau dich daher stets gut in der
Beobachtungsperspektive um.
"
0x3597,"Wenn du in einem umgestürzten Baum steckst,
wechselt die Perspektive automatisch zur
Eindringperspektive.
","Wenn du in einem umgestürzten Baum steckst,
wechselt die Perspektive automatisch zur
Eindringperspektive.
"
0x3603,"Die Tastenbelegung ist dieselbe wie bei
normalen Eindringmanövern.
","Die Tastenbelegung ist dieselbe wie bei
normalen Eindringmanövern.
"
0x3648,"Perfekt, um dich vor Feinden zu verstecken.
Aber wenn sie dich hineinkriechen sehen, wirst
du eine Zielscheibe für sie.
","Perfekt, um dich vor Feinden zu verstecken.
Aber wenn sie dich hineinkriechen sehen, wirst
du eine Zielscheibe für sie.
"
0x36c2,"Also Vorsicht.
","Also Vorsicht.
"
0x36d2,"Snake, siehst du Grasbüschel?
","Snake, siehst du Grasbüschel?
"
0x36f2,"Ja.
","Ja.
"
0x36f7,"Was für Gras?
","Was für Gras?
"
0x3707,"Normales Gras. Nichts Besonderes ...
","Normales Gras. Nichts Besonderes ...
"
0x372d,"Untersuche es trotzdem.
","Untersuche es trotzdem.
"
0x3746,"... Es ist ziemlich dicht. Etwa hüfthoch.
","... Es ist ziemlich dicht. Etwa hüfthoch.
"
0x3772,"Wenn du in das Gras kriechst, kannst du
ungesehen vorrücken.
","Wenn du in das Gras kriechst, kannst du
ungesehen vorrücken.
"
0x37b1,"Dabei wechselt die Kamera automatisch zur
Eindringperspektive.
","Dabei wechselt die Kamera automatisch zur
Eindringperspektive.
"
0x37f1,"Wenn du wieder aufstehen willst, halte die
Kriechtaste noch einmal gedrückt.
","Wenn du wieder aufstehen willst, halte die
Kriechtaste noch einmal gedrückt.
"
0x3840,"Wenn du kurz die Kriechtaste drückst, kauerst
du dich auf der Stelle nieder.
","Wenn du kurz die Kriechtaste drückst, kauerst
du dich auf der Stelle nieder.
"
0x388f,"So kannst du ungesehen die Lage beobachten.
","So kannst du ungesehen die Lage beobachten.
"
0x38bc,"Aber selbst wenn du im Gras verborgen bist,
entdecken dich die Feinde, sobald du ein
Geräusch machst.
","Aber selbst wenn du im Gras verborgen bist,
entdecken dich die Feinde, sobald du ein
Geräusch machst.
"
0x3924,"Sind Feinde in der Nähe, dann bewege dich
nur mit leichten Bewegungen des linken
Analog-Sticks.
","Sind Feinde in der Nähe, dann bewege dich
nur mit leichten Bewegungen des linken
Analog-Sticks.
"
0x3986,"So verursachst du minimale Unruhe.
","So verursachst du minimale Unruhe.
"
0x39aa,"Du kannst in Bäume kriechen, die innen
verfault und dadurch hohl sind.
","Du kannst in Bäume kriechen, die innen
verfault und dadurch hohl sind.
"
0x39f3,"Eine Aushöhlung bietet dir vorübergehend gute
Deckung vor Feinden.
","Eine Aushöhlung bietet dir vorübergehend gute
Deckung vor Feinden.
"
0x3a39,"Solltest du aber im Baum erwischt werden,
lenkst du konzentriertes Feuer auf dich.
","Solltest du aber im Baum erwischt werden,
lenkst du konzentriertes Feuer auf dich.
"
0x3a8d,"Eine vom Feind geworfene Granate würde dich
in Stücke reißen. Sei vorsichtig.
","Eine vom Feind geworfene Granate würde dich
in Stücke reißen. Sei vorsichtig.
"
0x3adf,"Snake, hast du etwas zu essen gefunden?
","Snake, hast du etwas zu essen gefunden?
"
0x3b08,"Ja.
","Ja.
"
0x3b0d,"Sie klingen zufrieden.
","Sie klingen zufrieden.
"
0x3b25,"Das bin ich auch!
","Das bin ich auch!
"
0x3b38,"Wissen Sie, wie Sie es essen können?
","Wissen Sie, wie Sie es essen können?
"
0x3b5f,"...
","...
"
0x3b64,"Dann werde ich es Ihnen erklären.
","Dann werde ich es Ihnen erklären.
"
0x3b88,"Um zu essen, drücken Sie die START-Taste.
Das ruft die Überlebensanzeige auf. Wählen
Sie dann „NAHRUNG"".
","Um zu essen, drücken Sie die START-Taste.
Das ruft die Überlebensanzeige auf. Wählen
Sie dann „NAHRUNG"".
"
0x3bf7,"Wählen Sie die gewünschte Nahrung und
drücken Sie die Eingabetaste.
","Wählen Sie die gewünschte Nahrung und
drücken Sie die Eingabetaste.
"
0x3c3f,"Wählen Sie „ESSEN"", um die Nahrung zu
verzehren.
","Wählen Sie „ESSEN"", um die Nahrung zu
verzehren.
"
0x3c74,"Beim Essen nimmt Ihre Ausdauer wieder zu. In
welchem Maße hängt aber davon ab, was Sie
essen.
","Beim Essen nimmt Ihre Ausdauer wieder zu. In
welchem Maße hängt aber davon ab, was Sie
essen.
"
0x3cd5,"Wenn Ihre Ausdauer nur etwas gesunken ist,
sollten Sie Ihre Delikatessen lieber für später
aufheben.
","Wenn Ihre Ausdauer nur etwas gesunken ist,
sollten Sie Ihre Delikatessen lieber für später
aufheben.
"
0x3d3d,"Aber Ihre Nahrung ist auch nicht ewig haltbar.
Seien Sie daher vorausschauend, Sie werden
es nicht bereuen.
","Aber Ihre Nahrung ist auch nicht ewig haltbar.
Seien Sie daher vorausschauend, Sie werden
es nicht bereuen.
"
0x3daa,"Du kannst deine Nahrung aber nicht nur essen,
sondern auch den Feind damit bewerfen und
ihn so verwirren.
","Du kannst deine Nahrung aber nicht nur essen,
sondern auch den Feind damit bewerfen und
ihn so verwirren.
"
0x3e15,"Also denk daran: Nahrung ist nicht nur zum
Essen da. Benutze deine Fantasie.
","Also denk daran: Nahrung ist nicht nur zum
Essen da. Benutze deine Fantasie.
"
0x3e63,"Du kannst deine Sensoren und andere
Elektronikgeräte nicht unbegrenzt benutzen. In
aktiviertem Zustand verbrauchen sie
Batterieleistung.
","Du kannst deine Sensoren und andere
Elektronikgeräte nicht unbegrenzt benutzen. In
aktiviertem Zustand verbrauchen sie
Batterieleistung.
"
0x3eee,"Denk daran, alle Objekte verbrauchen
Batterieleistung. Sobald dein Akku entleert ist,
kannst du keine elektronischen Geräte mehr
betreiben.
","Denk daran, alle Objekte verbrauchen
Batterieleistung. Sobald dein Akku entleert ist,
kannst du keine elektronischen Geräte mehr
betreiben.
"
0x3f7c,"Du kannst deinen Batteriestand mithilfe des
Symbols jedes Objekts überprüfen, das mit
Strom läuft. Verschwende keine Energie.
","Du kannst deinen Batteriestand mithilfe des
Symbols jedes Objekts überprüfen, das mit
Strom läuft. Verschwende keine Energie.
"
0x3ffe,"Der Akku lädt sich automatisch wieder auf,
wenn er nicht beansprucht wird.
","Der Akku lädt sich automatisch wieder auf,
wenn er nicht beansprucht wird.
"
0x404b,"Wenn du ihn wiederaufladen willst, nutze
keines der elektronischen Geräte und warte
etwas.
","Wenn du ihn wiederaufladen willst, nutze
keines der elektronischen Geräte und warte
etwas.
"
0x40a8,"Je höher der Stand deiner Ausdaueranzeige,
desto schneller lädt sich dein Akku wieder auf.
","Je höher der Stand deiner Ausdaueranzeige,
desto schneller lädt sich dein Akku wieder auf.
"
0x4106,"Wenn er sich schneller wiederaufladen soll, iss
etwas, damit deine Ausdauer steigt.
","Wenn er sich schneller wiederaufladen soll, iss
etwas, damit deine Ausdauer steigt.
"
0x415b,"Auch wenn du rennst, dich rollst oder andere,
dramatische Handlungen vollführst, lädt sich
der Akku schneller wieder auf.
","Auch wenn du rennst, dich rollst oder andere,
dramatische Handlungen vollführst, lädt sich
der Akku schneller wieder auf.
"
0x41d8,"Warten Sie ...
","Warten Sie ...
"
0x41e8,"Was ist?
","Was ist?
"
0x41f2,"Je höher meine Ausdauerwerte, desto
schneller lädt sich die Batterie wieder auf?
","Je höher meine Ausdauerwerte, desto
schneller lädt sich die Batterie wieder auf?
"
0x4246,"Das habe ich doch schon erklärt.
","Das habe ich doch schon erklärt.
"
0x4269,"Aber was hat meine Ausdauer mit der Batterie
zu tun?
","Aber was hat meine Ausdauer mit der Batterie
zu tun?
"
0x429f,"Ach, jetzt weiß ich, was du meinst. Para-Medic
kann es dir erklären. Para-Medic?
","Ach, jetzt weiß ich, was du meinst. Para-Medic
kann es dir erklären. Para-Medic?
"
0x42f3,"Jawohl, Sir. Es liegt daran, dass Snakes
Batterie Bioelektrizität verbraucht.
","Jawohl, Sir. Es liegt daran, dass Snakes
Batterie Bioelektrizität verbraucht.
"
0x4343,"Bioelektrizität?
","Bioelektrizität?
"
0x4356,"Bioelektrizität ist Elektrizität, die von Zellen
abgegeben wird.
","Bioelektrizität ist Elektrizität, die von Zellen
abgegeben wird.
"
0x439a,"Wenn die Zellen lebender Organismen
stimuliert werden,
","Wenn die Zellen lebender Organismen
stimuliert werden,
"
0x43d2,"bewegen sich Natrium- und Kaliumionen
schnell durch den Ionenkanal der Zellmembran.
Dadurch entsteht eine Differenz im elektrischen
Potenzial.
","bewegen sich Natrium- und Kaliumionen
schnell durch den Ionenkanal der Zellmembran.
Dadurch entsteht eine Differenz im elektrischen
Potenzial.
"
0x4462,"Der Akku lädt sich mithilfe dieser Energie auf.
","Der Akku lädt sich mithilfe dieser Energie auf.
"
0x4494,"Wenn Ihre Zellen also nicht mit ausreichend
Nährstoffen versorgt werden, gibt es Probleme
mit dem Aufladen.
","Wenn Ihre Zellen also nicht mit ausreichend
Nährstoffen versorgt werden, gibt es Probleme
mit dem Aufladen.
"
0x4502,"Erstaunlich, was es heute für Geräte gibt ...
","Erstaunlich, was es heute für Geräte gibt ...
"
0x4533,"Dieses Gerät ist aber nicht öffentlich erhältlich.
","Dieses Gerät ist aber nicht öffentlich erhältlich.
"
0x456a,"Es wurde von einem Wissenschaftler am
CIA-Direktorat für Wissenschaft und
Technologie entwickelt.
","Es wurde von einem Wissenschaftler am
CIA-Direktorat für Wissenschaft und
Technologie entwickelt.
"
0x45ce,"Was für ein Mensch war er?
","Was für ein Mensch war er?
"
0x45eb,"Der Erfinder dieses Geräts?
","Der Erfinder dieses Geräts?
"
0x4609,"Ja.
","Ja.
"
0x460e,"Ich habe gehört, er sei sehr merkwürdig
gewesen.
","Ich habe gehört, er sei sehr merkwürdig
gewesen.
"
0x4642,"Merkwürdiger als der Major?
","Merkwürdiger als der Major?
"
0x4660,"Der Major ist doch nicht merkwürdig.
","Der Major ist doch nicht merkwürdig.
"
0x4687,"Mein Tee ist weg! Wer hat ihn getrunken!?
Wie soll ich die Teestunde ohne Tee halten!?
","Mein Tee ist weg! Wer hat ihn getrunken!?
Wie soll ich die Teestunde ohne Tee halten!?
"
0x46df,"Na ja, jedenfalls nicht übermäßig.
","Na ja, jedenfalls nicht übermäßig.
"
0x4706,"...
","...
"
0x470b,"He, mein Teegebäck ist auch verschwunden!
","He, mein Teegebäck ist auch verschwunden!
"
0x4737,"Drücke die Aktionstaste, um auf taillenhohe
Objekte zu klettern.
","Drücke die Aktionstaste, um auf taillenhohe
Objekte zu klettern.
"
0x477a,"Mit Klettern gelangst du an Stellen, zu denen
du nicht gehen kannst.
","Mit Klettern gelangst du an Stellen, zu denen
du nicht gehen kannst.
"
0x47c0,"So erreichst du vielleicht Objekte, die du
normalerweise nicht finden kannst.
","So erreichst du vielleicht Objekte, die du
normalerweise nicht finden kannst.
"
0x480f,"Probier unbedingt, Objekte zu erklimmen.
","Probier unbedingt, Objekte zu erklimmen.
"
0x4839,"Snake, sei vorsichtig.
","Snake, sei vorsichtig.
"
0x4851,"Wie du zwischen Stehen, Kauern und Kriechen
wechselst, ist etwas anders, als du es im
Training gelernt hast.
","Wie du zwischen Stehen, Kauern und Kriechen
wechselst, ist etwas anders, als du es im
Training gelernt hast.
"
0x48bf,"Drücke im Stehen kurz die Kriechtaste, um
dich niederzukauern, bzw. halte die Kriechtaste
gedrückt, um in die Kriechposition zu
wechseln.
","Drücke im Stehen kurz die Kriechtaste, um
dich niederzukauern, bzw. halte die Kriechtaste
gedrückt, um in die Kriechposition zu
wechseln.
"
0x494c,"Da du beim Kauern tiefer hinabgehst, ist der
Tarnindex beim Kauern höher als beim Stehen.
","Da du beim Kauern tiefer hinabgehst, ist der
Tarnindex beim Kauern höher als beim Stehen.
"
0x49a8,"Und da deine Position beim Kauern stabiler ist,
wird auch der Rückstoß nicht so stark.
","Und da deine Position beim Kauern stabiler ist,
wird auch der Rückstoß nicht so stark.
"
0x4a02,"Aus der Kauerposition kannst du also gezielter
treffen als beim Schießen aus dem Stand.
","Aus der Kauerposition kannst du also gezielter
treffen als beim Schießen aus dem Stand.
"
0x4a5c,"Drücke die Kriechtaste, während du dich
niederkauerst, um aufzustehen, oder bewege
den linken Analog-Stick, um in eine bestimmte
Richtung zu kriechen.
","Drücke die Kriechtaste, während du dich
niederkauerst, um aufzustehen, oder bewege
den linken Analog-Stick, um in eine bestimmte
Richtung zu kriechen.
"
0x4af6,"Beim Kriechen steigt dein Tarnindex stark an
","Beim Kriechen steigt dein Tarnindex stark an
"
0x4b24,"und deine Treffsicherheit wird noch stabiler als
beim Schießen aus der Kauerposition.
","und deine Treffsicherheit wird noch stabiler als
beim Schießen aus der Kauerposition.
"
0x4b7c,"Während du auf dem Bauch liegst, kannst du
den linken Analog-Stick bewegen und so in
eine bestimmte Richtung kriechen.
","Während du auf dem Bauch liegst, kannst du
den linken Analog-Stick bewegen und so in
eine bestimmte Richtung kriechen.
"
0x4bf5,"Mache beim Kriechen kleine Bewegungen mit
dem linken Analog-Stick, um dich leise, dafür
aber langsam fortzubewegen.
","Mache beim Kriechen kleine Bewegungen mit
dem linken Analog-Stick, um dich leise, dafür
aber langsam fortzubewegen.
"
0x4c6b,"Nur ein Wort zur Warnung: Kriechen
verbraucht mehr Ausdauer als einfaches
Gehen.
","Nur ein Wort zur Warnung: Kriechen
verbraucht mehr Ausdauer als einfaches
Gehen.
"
0x4cbd,"Halte in der Kriechposition die Kriechtaste
gedrückt, um aufzustehen. Drücke die
Kriechtaste kurz, um in die Kauerposition zu
wechseln.
","Halte in der Kriechposition die Kriechtaste
gedrückt, um aufzustehen. Drücke die
Kriechtaste kurz, um in die Kauerposition zu
wechseln.
"
0x4d48,"Vergiss nicht - wenn du schnell aus der
Kriechposition heraus aufstehen willst, halte
die Kriechtaste gedrückt.
","Vergiss nicht - wenn du schnell aus der
Kriechposition heraus aufstehen willst, halte
die Kriechtaste gedrückt.
"
0x4dba,"Snake, ich rate dir davon ab, deine besiegten
Gegner einfach herumliegen zu lassen.
","Snake, ich rate dir davon ab, deine besiegten
Gegner einfach herumliegen zu lassen.
"
0x4e0f,"Wenn der Feind einen gefallenen Kameraden
entdeckt, erkennt er, dass jemand
eingedrungen ist, und verstärkt die Wachen.
","Wenn der Feind einen gefallenen Kameraden
entdeckt, erkennt er, dass jemand
eingedrungen ist, und verstärkt die Wachen.
"
0x4e89,"Nachdem du einen Feind ausgeschaltet hast,
verstecke ihn im Gras oder an einer anderen
Stelle, an der man ihn nicht entdeckt.
","Nachdem du einen Feind ausgeschaltet hast,
verstecke ihn im Gras oder an einer anderen
Stelle, an der man ihn nicht entdeckt.
"
0x4f08,"Stelle dich nah an einen am Boden liegenden
Feind und drücke die Waffentaste, ohne dass
du eine Waffe ausgerüstet hast, um den
Körper zu fassen.
","Stelle dich nah an einen am Boden liegenden
Feind und drücke die Waffentaste, ohne dass
du eine Waffe ausgerüstet hast, um den
Körper zu fassen.
"
0x4f9d,"Halte die Waffentaste gedrückt und bewege
dich, um den Feind zu ziehen. Um den Körper
abzulegen, lässt du die Waffentaste wieder los.
","Halte die Waffentaste gedrückt und bewege
dich, um den Feind zu ziehen. Um den Körper
abzulegen, lässt du die Waffentaste wieder los.
"
0x5027,"Snake, renn lieber nicht wie wild herum.
","Snake, renn lieber nicht wie wild herum.
"
0x5051,"Du musst überlegen, wann du am besten
rennst und wann du nur gehen solltest.
","Du musst überlegen, wann du am besten
rennst und wann du nur gehen solltest.
"
0x50a0,"Bewege den linken Analog-Stick leicht, um zu
gehen.
","Bewege den linken Analog-Stick leicht, um zu
gehen.
"
0x50d5,"Du bewegst dich so nicht sehr schnell,
verbrauchst aber wenig Ausdauer, und der
Feind entdeckt dich nicht so ohne weiteres.
","Du bewegst dich so nicht sehr schnell,
verbrauchst aber wenig Ausdauer, und der
Feind entdeckt dich nicht so ohne weiteres.
"
0x5152,"Wenn du dich in der Nähe von Feinden
aufhältst oder sparsam mit deiner Ausdauer
umgehen musst, gehe lieber.
","Wenn du dich in der Nähe von Feinden
aufhältst oder sparsam mit deiner Ausdauer
umgehen musst, gehe lieber.
"
0x51c1,"Snake, drücke den linken Analog-Stick im
Funkbildschirm nach unten, um das
Speichermenü zu öffnen.
","Snake, drücke den linken Analog-Stick im
Funkbildschirm nach unten, um das
Speichermenü zu öffnen.
"
0x5228,"Wähle im Speichermenü eine Person, die du
anrufen möchtest, und drücke die
Eingabetaste.
","Wähle im Speichermenü eine Person, die du
anrufen möchtest, und drücke die
Eingabetaste.
"
0x5286,"So musst du nicht erst die Frequenz einstellen.
","So musst du nicht erst die Frequenz einstellen.
"
0x52b7,"Im Gefechtsgebiet werden viele Frequenzen
benutzt. Wenn du genug herumspielst, hörst du
vielleicht etwas sehr Interessantes.
","Im Gefechtsgebiet werden viele Frequenzen
benutzt. Wenn du genug herumspielst, hörst du
vielleicht etwas sehr Interessantes.
"
0x5336,"Drücke die CQC-Taste, wenn du an einer
Wand stehst, um gegen die Wand zu schlagen
und ein Geräusch zu machen.
","Drücke die CQC-Taste, wenn du an einer
Wand stehst, um gegen die Wand zu schlagen
und ein Geräusch zu machen.
"
0x53a7,"Geräusche erregen die Aufmerksamkeit der
Gegner.
","Geräusche erregen die Aufmerksamkeit der
Gegner.
"
0x53da,"Du kannst Geräusche auf vielerlei Weise zu
deinem Vorteil nutzen.
","Du kannst Geräusche auf vielerlei Weise zu
deinem Vorteil nutzen.
"
0x541e,"Locke so einen Feind in die falsche Richtung
und ergreife die Gelegenheit beim Schopf, um
zu entwischen.
","Locke so einen Feind in die falsche Richtung
und ergreife die Gelegenheit beim Schopf, um
zu entwischen.
"
0x5488,"Oder locke so einen Gegner an und überfalle
ihn dann von hinten.
","Oder locke so einen Gegner an und überfalle
ihn dann von hinten.
"
0x54cb,"Nutze Geräusche zu deinem Vorteil.
","Nutze Geräusche zu deinem Vorteil.
"
0x54f0,"Snake, wenn du eine Objektkiste findest, nimm
sie in der Beobachtungsperspektive gut in
Augenschein und stelle fest, was sie enthält.
","Snake, wenn du eine Objektkiste findest, nimm
sie in der Beobachtungsperspektive gut in
Augenschein und stelle fest, was sie enthält.
"
0x5578,"Es ist manchmal gefährlich, blindlings jeder
Objektkiste hinterher zu eifern.
","Es ist manchmal gefährlich, blindlings jeder
Objektkiste hinterher zu eifern.
"
0x55c8,"Darum solltest du zunächst prüfen, ob das
Objekt auch der Mühe lohnt.
","Darum solltest du zunächst prüfen, ob das
Objekt auch der Mühe lohnt.
"
0x5612,"Wenn du es nicht gut genug erkennen kannst,
benutze dein Fernglas.
","Wenn du es nicht gut genug erkennen kannst,
benutze dein Fernglas.
"
0x5656,"Snake, wie schwer du einen Feind mit deiner
Pistole verletzt, hängt davon ab, wo du ihn
triffst.
","Snake, wie schwer du einen Feind mit deiner
Pistole verletzt, hängt davon ab, wo du ihn
triffst.
"
0x56b9,"Wenn du einen Arm oder ein Bein triffst, reicht
ein Schuss nicht aus, um ihn außer Gefecht zu
setzen.
","Wenn du einen Arm oder ein Bein triffst, reicht
ein Schuss nicht aus, um ihn außer Gefecht zu
setzen.
"
0x5721,"Wenn du einen Feind mit einem Schuss
ausschalten möchtest, greife aus der
Beobachtungsperspektive an und ziele auf den
Kopf.
","Wenn du einen Feind mit einem Schuss
ausschalten möchtest, greife aus der
Beobachtungsperspektive an und ziele auf den
Kopf.
"
0x57a0,"Snake, wenn du dich an einen Baum oder eine
Wand nahe einer Ecke lehnst,
","Snake, wenn du dich an einen Baum oder eine
Wand nahe einer Ecke lehnst,
"
0x57ea,"geht die Kamera etwas herunter und gibt dir
einen Ausblick auf das, was hinter dir liegt.
Das ist der Schulterblick.
","geht die Kamera etwas herunter und gibt dir
einen Ausblick auf das, was hinter dir liegt.
Das ist der Schulterblick.
"
0x5860,"Damit kannst dich gut verbergen und
gleichzeitig verfolgen, was hinter dir geschieht.
","Damit kannst dich gut verbergen und
gleichzeitig verfolgen, was hinter dir geschieht.
"
0x58b7,"Aus deinem Versteck heraus kannst du auch
Verschiedenes tun:
","Aus deinem Versteck heraus kannst du auch
Verschiedenes tun:
"
0x58f5,"Mit der linken und rechten Schritttaste spähst
du hervor, und mit der Waffentaste springst du
aus deinem Versteck.
","Mit der linken und rechten Schritttaste spähst
du hervor, und mit der Waffentaste springst du
aus deinem Versteck.
"
0x596a,"Lerne, den Schulterblick geschickt einzusetzen.
Das ist der erste Schritt zum Erfolg deines
Einsatzes.
","Lerne, den Schulterblick geschickt einzusetzen.
Das ist der erste Schritt zum Erfolg deines
Einsatzes.
"
0x59d2,"Nutze diese Technik optimal.
","Nutze diese Technik optimal.
"
0x59f0,"Drücke im Schulterblick
","Drücke im Schulterblick
"
0x5a0a,"die linke oder rechte Schritttaste, um aus
einem geschützten Bereich hervorzuspähen
und über deine Schulter zu blicken.
","die linke oder rechte Schritttaste, um aus
einem geschützten Bereich hervorzuspähen
und über deine Schulter zu blicken.
"
0x5a86,"Wir nennen diese Technik „Spähen"".
","Wir nennen diese Technik „Spähen"".
"
0x5aad,"Spähen ist eine wirksame
Beobachtungstechnik, die dir ein größeres
Blickfeld gibt als der normale Schulterblick.
","Spähen ist eine wirksame
Beobachtungstechnik, die dir ein größeres
Blickfeld gibt als der normale Schulterblick.
"
0x5b22,"Da du aber einen Teil deines Körpers aus dem
Versteck nehmen musst, kannst du dabei vom
Feind entdeckt werden.
","Da du aber einen Teil deines Körpers aus dem
Versteck nehmen musst, kannst du dabei vom
Feind entdeckt werden.
"
0x5b93,"Bewege bei aktiviertem Schulterblick den
rechten Analog-Stick, um die Kamera in diese
Richtung zu bewegen.
","Bewege bei aktiviertem Schulterblick den
rechten Analog-Stick, um die Kamera in diese
Richtung zu bewegen.
"
0x5bff,"So hast du den gleichen weiten Winkel, wie
wenn du mit der linken und rechten Schritttaste
spähst.
","So hast du den gleichen weiten Winkel, wie
wenn du mit der linken und rechten Schritttaste
spähst.
"
0x5c64,"Es ist aber sicherer, weil du nicht zu viel von
deinem Körper zeigst.
","Es ist aber sicherer, weil du nicht zu viel von
deinem Körper zeigst.
"
0x5cac,"Du solltest dich mit dieser Technik vertraut
machen.
","Du solltest dich mit dieser Technik vertraut
machen.
"
0x5ce2,"Wenn du im Schulterblick eine Waffe
ausrüstest, drücke die Waffentaste, um
hervorzuspringen und zu schießen.
","Wenn du im Schulterblick eine Waffe
ausrüstest, drücke die Waffentaste, um
hervorzuspringen und zu schießen.
"
0x5d53,"Beim Hervorspringen und Schießen hältst du
dich hinter einem Hindernis vor feindlichem
Feuer geschützt
","Beim Hervorspringen und Schießen hältst du
dich hinter einem Hindernis vor feindlichem
Feuer geschützt
"
0x5dbe,"und lancierst zum richtigen Zeitpunkt einen
Sturzangriff.
","und lancierst zum richtigen Zeitpunkt einen
Sturzangriff.
"
0x5df9,"Das ist eine ganz wichtige Technik für
Schusswechsel. Nutze sie gut.
","Das ist eine ganz wichtige Technik für
Schusswechsel. Nutze sie gut.
"
0x5e40,"Wenn du mit der Pistole bewaffnet bist und die
Waffentaste drückst, zielst du. Wenn du die
Taste loslässt, schießt du.
","Wenn du mit der Pistole bewaffnet bist und die
Waffentaste drückst, zielst du. Wenn du die
Taste loslässt, schießt du.
"
0x5ebb,"Wenn du nach dem Zielen nicht schießen
willst, lässt du die Waffentaste langsam los.
","Wenn du nach dem Zielen nicht schießen
willst, lässt du die Waffentaste langsam los.
"
0x5f13,"Du musst üben, bis du die Technik
beherrschst.
","Du musst üben, bis du die Technik
beherrschst.
"
0x5f44,"Ich habe von vielen Fällen gehört, in denen
Grünschnäbel bei einem geplanten Überfall
versehentlich Feinde beschossen haben.
","Ich habe von vielen Fällen gehört, in denen
Grünschnäbel bei einem geplanten Überfall
versehentlich Feinde beschossen haben.
"
0x5fc7,"Wenn du jetzt trainierst, ist die Gefahr gering,
dass du in einer Stresssituation versehentlich
abdrückst.
","Wenn du jetzt trainierst, ist die Gefahr gering,
dass du in einer Stresssituation versehentlich
abdrückst.
"
0x6034,"Solltest du dir deiner Fähigkeiten nicht sicher
sein, übe.
","Solltest du dir deiner Fähigkeiten nicht sicher
sein, übe.
"
0x6072,"Mit dem Sturmgewehr gehst du etwas anders
um als mit der Pistole.
","Mit dem Sturmgewehr gehst du etwas anders
um als mit der Pistole.
"
0x60b5,"Zum Zielen drückst du die Waffentaste leicht,
zum Abdrücken drückst du die Taste ganz
durch.
","Zum Zielen drückst du die Waffentaste leicht,
zum Abdrücken drückst du die Taste ganz
durch.
"
0x6116,"Wenn du die Waffe z. B. bei einem Überfall
ohne zu feuern absenken willst,
","Wenn du die Waffe z. B. bei einem Überfall
ohne zu feuern absenken willst,
"
0x6163,"lässt du die Waffentaste wieder los, ohne sie
voll durchgedrückt zu haben.
","lässt du die Waffentaste wieder los, ohne sie
voll durchgedrückt zu haben.
"
0x61b1,"Schieß nicht, während du zielst.
","Schieß nicht, während du zielst.
"
0x61d5,"Wie weit du Granaten und andere Wurfwaffen
schleuderst, hängt davon ab, wie fest du die
Waffentaste drückst.
","Wie weit du Granaten und andere Wurfwaffen
schleuderst, hängt davon ab, wie fest du die
Waffentaste drückst.
"
0x6245,"Bei leichtem Drücken der Waffentaste wirfst du
die Waffe in die Nähe, bei einem festen
Tastendruck schleuderst du sie weiter.
","Bei leichtem Drücken der Waffentaste wirfst du
die Waffe in die Nähe, bei einem festen
Tastendruck schleuderst du sie weiter.
"
0x62c6,"Passe deinen Tastendruck an die Situation an.
","Passe deinen Tastendruck an die Situation an.
"
0x62f5,"Du kannst auch in der
Beobachtungsperspektive werfen. In dieser
Perspektive ist deine Zielfähigkeit auf konkrete
Ziele größer.
","Du kannst auch in der
Beobachtungsperspektive werfen. In dieser
Perspektive ist deine Zielfähigkeit auf konkrete
Ziele größer.
"
0x6378,"Nutze diese Technik nach Bedarf.
","Nutze diese Technik nach Bedarf.
"
0x639a,"Das Infrarotsichtgerät erzeugt ein Wärmebild
der Objekte in deinem Blickfeld.
","Das Infrarotsichtgerät erzeugt ein Wärmebild
der Objekte in deinem Blickfeld.
"
0x63eb,"Mit ausgerüstetem Infrarotsichtgerät kannst du
im Nu Feinde entdecken, die sich tief im
Dschungel versteckt halten.
","Mit ausgerüstetem Infrarotsichtgerät kannst du
im Nu Feinde entdecken, die sich tief im
Dschungel versteckt halten.
"
0x6462,"Außerdem kannst du damit Pflanzen, Tiere und
Fallen aufspüren. Nutz diese Technik zu
deinem Vorteil.
","Außerdem kannst du damit Pflanzen, Tiere und
Fallen aufspüren. Nutz diese Technik zu
deinem Vorteil.
"
0x64ca,"Wenn du aber das Infrarotsichtgerät
einschaltest, beginnst du, Batterieleistung zu
verbrauchen.
","Wenn du aber das Infrarotsichtgerät
einschaltest, beginnst du, Batterieleistung zu
verbrauchen.
"
0x652c,"Und denk daran: Wenn der Akku entleert ist,
kannst du auch die anderen Elektronikgeräte
nicht benutzen.
","Und denk daran: Wenn der Akku entleert ist,
kannst du auch die anderen Elektronikgeräte
nicht benutzen.
"
0x6596,"Drücke die Aktionstaste, wenn du auf einem
Ast bist oder vor einem Geländer stehst, um
an dieser Stelle herunterzuhängen.
","Drücke die Aktionstaste, wenn du auf einem
Ast bist oder vor einem Geländer stehst, um
an dieser Stelle herunterzuhängen.
"
0x6614,"Diese Technik nennt man Hangeln.
","Diese Technik nennt man Hangeln.
"
0x6636,"Manchmal ist Hangeln besser als normal auf
dem Grund zu laufen.
","Manchmal ist Hangeln besser als normal auf
dem Grund zu laufen.
"
0x6677,"Wenn du hangelst, wirst du auch vom Feind
nicht gesehen.
","Wenn du hangelst, wirst du auch vom Feind
nicht gesehen.
"
0x66b1,"Benutze beim Hangeln den linken Analog-Stick
sowie die linke und rechte Schritttaste, um dich
nach links oder rechts zu bewegen.
","Benutze beim Hangeln den linken Analog-Stick
sowie die linke und rechte Schritttaste, um dich
nach links oder rechts zu bewegen.
"
0x6733,"Wenn du aus der Hangelposition wieder
hochklettern möchtest, drücke noch einmal die
Aktionstaste.
","Wenn du aus der Hangelposition wieder
hochklettern möchtest, drücke noch einmal die
Aktionstaste.
"
0x6798,"Um abzuspringen drückst du die Kriechtaste.
","Um abzuspringen drückst du die Kriechtaste.
"
0x67c6,"Du kannst nicht ewig hangeln. Wenn deine
Greifkraft nachlässt, fällst du herunter.
","Du kannst nicht ewig hangeln. Wenn deine
Greifkraft nachlässt, fällst du herunter.
"
0x681c,"Schau dir deine Greifkraft in der Griffanzeige
an. Beim Hangeln wird eine blaue Anzeige
oberhalb der Ausdaueranzeige eingeblendet.
","Schau dir deine Greifkraft in der Griffanzeige
an. Beim Hangeln wird eine blaue Anzeige
oberhalb der Ausdaueranzeige eingeblendet.
"
0x68a0,"Das ist die Griffanzeige.
","Das ist die Griffanzeige.
"
0x68bb,"Sie zeigt deine Griffkraft an. Während du
hangelst, sinkt deine Griffanzeige.
","Sie zeigt deine Griffkraft an. Während du
hangelst, sinkt deine Griffanzeige.
"
0x690b,"Wenn die Griffanzeige leer ist, fällst du. Bevor
das geschieht, musst du also wieder
hochklettern.
","Wenn die Griffanzeige leer ist, fällst du. Bevor
das geschieht, musst du also wieder
hochklettern.
"
0x6970,"Wie lange die Griffanzeige Greifkraft anzeigt,
hängt von deiner Ausdauer ab.
","Wie lange die Griffanzeige Greifkraft anzeigt,
hängt von deiner Ausdauer ab.
"
0x69bf,"Wenn du lange hangeln musst, stelle erst
wieder deine Ausdauer her.
","Wenn du lange hangeln musst, stelle erst
wieder deine Ausdauer her.
"
0x6a04,"Wenn du dich während deines Falls an etwas
festhalten kannst, drücke die Aktionstaste in
dem Moment, in dem du daran vorbei fällst.
","Wenn du dich während deines Falls an etwas
festhalten kannst, drücke die Aktionstaste in
dem Moment, in dem du daran vorbei fällst.
"
0x6a8c,"Wenn dein Timing gut ist, kannst du dich
festhalten und dort hangeln.
","Wenn dein Timing gut ist, kannst du dich
festhalten und dort hangeln.
"
0x6ad3,"Auf diese Weise erreichst du Stellen, die sonst
unzugänglich wären.
","Auf diese Weise erreichst du Stellen, die sonst
unzugänglich wären.
"
0x6b1a,"Vielleicht findest du dabei sogar seltene
Objekte.
","Vielleicht findest du dabei sogar seltene
Objekte.
"
0x6b4e,"Schau dir deine Umgebung genau an und
versuche Punkte auszumachen, die du bei
deinem Fall greifen könntest.
","Schau dir deine Umgebung genau an und
versuche Punkte auszumachen, die du bei
deinem Fall greifen könntest.
"
0x6bbc,"Drücke beim Hangeln die Kriechtaste, um dich
geradewegs fallen zu lassen.
","Drücke beim Hangeln die Kriechtaste, um dich
geradewegs fallen zu lassen.
"
0x6c08,"Mit dieser Technik kannst du einen Feind
sofort außer Gefecht setzen, indem du auf ihm
landest.
","Mit dieser Technik kannst du einen Feind
sofort außer Gefecht setzen, indem du auf ihm
landest.
"
0x6c6a,"Wenn du auf einem Baum sitzt, versuche, auf
einen darunter herlaufenden Feind zu zielen.
","Wenn du auf einem Baum sitzt, versuche, auf
einen darunter herlaufenden Feind zu zielen.
"
0x6cc4,"Nähere dich einem Feind unbemerkt, dann
kannst du ihm deine Pistole in den Rücken
drücken. So ist er hilflos ausgeliefert.
","Nähere dich einem Feind unbemerkt, dann
kannst du ihm deine Pistole in den Rücken
drücken. So ist er hilflos ausgeliefert.
"
0x6d43,"Das ist ein sogenannter Überfall.
","Das ist ein sogenannter Überfall.
"
0x6d67,"Sollte der Feind aber bemerken, dass du deine
Waffe weggesteckt hast oder dich abwendest,
","Sollte der Feind aber bemerken, dass du deine
Waffe weggesteckt hast oder dich abwendest,
"
0x6dc2,"greift er an, auch wenn er vorher keine
Möglichkeit zur Verteidigung hatte. Sei daher
vorsichtig.
","greift er an, auch wenn er vorher keine
Möglichkeit zur Verteidigung hatte. Sei daher
vorsichtig.
"
0x6e26,"Manchmal gibt dir ein Feind ein Objekt, wenn
du ihn überfällst.
","Manchmal gibt dir ein Feind ein Objekt, wenn
du ihn überfällst.
"
0x6e69,"Ein Überfall ist riskant,
","Ein Überfall ist riskant,
"
0x6e85,"aber auch nützlich, wenn dir die Munition oder
medizinische Artikel ausgehen.
","aber auch nützlich, wenn dir die Munition oder
medizinische Artikel ausgehen.
"
0x6ed5,"Nachdem du bei einem Überfall ein Objekt
bekommen hast, versuche ruhig, den Feind
noch einmal zu überfallen.
","Nachdem du bei einem Überfall ein Objekt
bekommen hast, versuche ruhig, den Feind
noch einmal zu überfallen.
"
0x6f45,"Vielleicht hat er noch ein wertvolleres Objekt
versteckt.
","Vielleicht hat er noch ein wertvolleres Objekt
versteckt.
"
0x6f80,"Wenn du in der Hochperspektive eine Waffe
ausgerüstet hast, halte die Zieltaste gedrückt,
um deine Schusslinie zu fixieren, während du
dich in einer bestimmten Richtung bewegst.
","Wenn du in der Hochperspektive eine Waffe
ausgerüstet hast, halte die Zieltaste gedrückt,
um deine Schusslinie zu fixieren, während du
dich in einer bestimmten Richtung bewegst.
"
0x7036,"Nutze diese Technik für Angriffe, einen
Rückzug oder andere Fälle, in denen du dein
Feuer in eine Richtung konzentrieren willst,
während du dich bewegst.
","Nutze diese Technik für Angriffe, einen
Rückzug oder andere Fälle, in denen du dein
Feuer in eine Richtung konzentrieren willst,
während du dich bewegst.
"
0x70d5,"Hast du etwas gegessen?
","Hast du etwas gegessen?
"
0x70ee,"Ja.
","Ja.
"
0x70f3,"Du glaubst doch nicht, dass Essen deine
LEBENS-Anzeige steigert, oder?
","Du glaubst doch nicht, dass Essen deine
LEBENS-Anzeige steigert, oder?
"
0x713b,"Natürlich nicht. Nahrung allein heilt keine
Wunden. Es steigert nur die Ausdauer.
","Natürlich nicht. Nahrung allein heilt keine
Wunden. Es steigert nur die Ausdauer.
"
0x718f,"Gut.
","Gut.
"
0x7195,"Warum fragen Sie?
","Warum fragen Sie?
"
0x71a8,"Einer meiner Rekruten dachte einmal, dass
Dosennahrung sein LEBEN wiederherstellen
würde.
","Einer meiner Rekruten dachte einmal, dass
Dosennahrung sein LEBEN wiederherstellen
würde.
"
0x7204,"Wie bitte? War er etwas beschränkt?
","Wie bitte? War er etwas beschränkt?
"
0x722a,"In gewisser Weise ja. Aber im 21. Jahrhundert
wird man vermutlich Nahrung erfinden, die
genau das leisten kann.
","In gewisser Weise ja. Aber im 21. Jahrhundert
wird man vermutlich Nahrung erfinden, die
genau das leisten kann.
"
0x729b,"Benutze in der Beobachtungsperspektive die
rechte Schritttaste, um einen Schritt nach
rechts zu tun, und die linke Schritttaste für
einen Schritt nach links.
","Benutze in der Beobachtungsperspektive die
rechte Schritttaste, um einen Schritt nach
rechts zu tun, und die linke Schritttaste für
einen Schritt nach links.
"
0x733b,"So kannst du angreifen, während du dich hinter
Sperren verbirgst, oder du kannst aus
verborgenen Stellen hervortreten und dich
umsehen.
","So kannst du angreifen, während du dich hinter
Sperren verbirgst, oder du kannst aus
verborgenen Stellen hervortreten und dich
umsehen.
"
0x73c5,"Drücke in der Beobachtungsperspektive die
linke und rechte Schritttaste gleichzeitig, um
dich in deiner Position etwas hochzurecken.
","Drücke in der Beobachtungsperspektive die
linke und rechte Schritttaste gleichzeitig, um
dich in deiner Position etwas hochzurecken.
"
0x744c,"Diese Technik ist nützlich, wenn du dich hinter
Sperren verbirgst und spähst, oder wenn du
hervorschießt.
","Diese Technik ist nützlich, wenn du dich hinter
Sperren verbirgst und spähst, oder wenn du
hervorschießt.
"
0x74ba,"Wenn du in einen engen Raum kriechst,
wechselt die Hoch- zur Eindringperspektive.
","Wenn du in einen engen Raum kriechst,
wechselt die Hoch- zur Eindringperspektive.
"
0x750d,"In der Eindringperspektive bewegst du dich
etwas anders als in der Hochperspektive.
","In der Eindringperspektive bewegst du dich
etwas anders als in der Hochperspektive.
"
0x7562,"Drücke den linken Analog-Stick oben, um
vorwärts zu gehen, unten, um rückwärts zu
gehen, links oder rechts, um dich zu drehen.
","Drücke den linken Analog-Stick oben, um
vorwärts zu gehen, unten, um rückwärts zu
gehen, links oder rechts, um dich zu drehen.
"
0x75e6,"Mit den Richtungstasten links und rechts
tauschst du links und rechts.
","Mit den Richtungstasten links und rechts
tauschst du links und rechts.
"
0x762e,"Durch große Bewegungen des linken
Analog-Sticks bewegst du dich schneller,
verursachst aber mehr Geräusche. Nahe
Feinde könnten dich bemerken.
","Durch große Bewegungen des linken
Analog-Sticks bewegst du dich schneller,
verursachst aber mehr Geräusche. Nahe
Feinde könnten dich bemerken.
"
0x76c1,"Mit leichten Bewegungen des linken
Analog-Sticks kannst du dich geräuschlos
bewegen - allerdings langsamer.
","Mit leichten Bewegungen des linken
Analog-Sticks kannst du dich geräuschlos
bewegen - allerdings langsamer.
"
0x772f,"Welche Bewegung du wählst, solltest du von
der Situation abhängig machen.
","Welche Bewegung du wählst, solltest du von
der Situation abhängig machen.
"
0x777c,"Nachdem du einen Feind mit CQC von hinten
gegriffen hast, drücke die -Taste, um ihn zu
verhören.
","Nachdem du einen Feind mit CQC von hinten
gegriffen hast, drücke die -Taste, um ihn zu
verhören.
"
0x77e3,"Das ist deine Chance, an Informationen zu
kommen.
","Das ist deine Chance, an Informationen zu
kommen.
"
0x7816,"Einige deiner Feinde verfügen über wertvolle
Informationen. Probier die Technik doch mal
aus und finde heraus, was du erfahren kannst.
","Einige deiner Feinde verfügen über wertvolle
Informationen. Probier die Technik doch mal
aus und finde heraus, was du erfahren kannst.
"
0x78a0,"Wie sehr du den linken Analog-Stick bewegst,
","Wie sehr du den linken Analog-Stick bewegst,
"
0x78ce,"beeinflusst nicht nur deine Geschwindigkeit
beim Gehen, sondern auch beim Kriechen und
bei Eindringbewegungen.
","beeinflusst nicht nur deine Geschwindigkeit
beim Gehen, sondern auch beim Kriechen und
bei Eindringbewegungen.
"
0x793e,"Mit größeren Bewegungen des linken
Analog-Sticks bewegst du dich schneller,
","Mit größeren Bewegungen des linken
Analog-Sticks bewegst du dich schneller,
"
0x798d,"aber du verursachst auch ein Geräusch und
wirst von nahen Feinden entdeckt.
","aber du verursachst auch ein Geräusch und
wirst von nahen Feinden entdeckt.
"
0x79db,"Mit leichten Bewegungen des linken
Analog-Sticks kannst du dich leise bewegen.
","Mit leichten Bewegungen des linken
Analog-Sticks kannst du dich leise bewegen.
"
0x7a2b,"Zwar nicht so schnell, aber es ist die beste
Option, wenn Geräusche ein erhebliches Risiko
darstellen würden.
","Zwar nicht so schnell, aber es ist die beste
Option, wenn Geräusche ein erhebliches Risiko
darstellen würden.
"
0x7a9c,"Snake, die Mk22 ist eine Betäubungspistole.
Schläfere damit Feinde ein, ohne sie zu
verletzen.
","Snake, die Mk22 ist eine Betäubungspistole.
Schläfere damit Feinde ein, ohne sie zu
verletzen.
"
0x7afe,"Wie schnell das Betäubungsmittel wirkt, hängt
davon ab, wo du den Feind getroffen hast.
","Wie schnell das Betäubungsmittel wirkt, hängt
davon ab, wo du den Feind getroffen hast.
"
0x7b59,"Wenn du einen Arm oder ein Bein triffst, wirkt
das Betäubungsmittel nicht sofort.
","Wenn du einen Arm oder ein Bein triffst, wirkt
das Betäubungsmittel nicht sofort.
"
0x7bad,"Aber bei einem Treffer in den Kopf fällt er
schnurstracks um.
","Aber bei einem Treffer in den Kopf fällt er
schnurstracks um.
"
0x7bed,"Wenn du einen Feind schnell ausschalten
willst, ziele auf den Kopf.
","Wenn du einen Feind schnell ausschalten
willst, ziele auf den Kopf.
"
0x7c32,"Nimm Nahrung als Waffe auf und drücke die
Waffentaste, um die Nahrung zu werfen.
","Nimm Nahrung als Waffe auf und drücke die
Waffentaste, um die Nahrung zu werfen.
"
0x7c85,"Wenn du ein lebendes Tier in die Nähe des
Feindes wirfst, kannst du ihn vielleicht
ablenken.
","Wenn du ein lebendes Tier in die Nähe des
Feindes wirfst, kannst du ihn vielleicht
ablenken.
"
0x7ce4,"Wenn ein Feind wirklich hungrig ist, könnte er
sich auf die mögliche Nahrungsquelle stürzen.
","Wenn ein Feind wirklich hungrig ist, könnte er
sich auf die mögliche Nahrungsquelle stürzen.
"
0x7d45,"Bei diesem Einsatz bist du minimal ausgerüstet
und musst alles, was du auf dem Weg findest,
optimal nutzen.
","Bei diesem Einsatz bist du minimal ausgerüstet
und musst alles, was du auf dem Weg findest,
optimal nutzen.
"
0x7db3,"Bewege den rechten Analog-Stick in der
Hochperspektive in eine Richtung, um in diese
Richtung zu blicken.
","Bewege den rechten Analog-Stick in der
Hochperspektive in eine Richtung, um in diese
Richtung zu blicken.
"
0x7e1e,"Bewege den rechten Analog-Stick nach links,
um alles links in der Nähe befindliche auf dem
Bildschirm zu sehen;
","Bewege den rechten Analog-Stick nach links,
um alles links in der Nähe befindliche auf dem
Bildschirm zu sehen;
"
0x7e90,"nach rechts, um alles rechts zu sehen; nach
oben, um weiter entfernte Dinge zu sehen, und
nach unten, um in der Nähe befindliches zu
sehen.
","nach rechts, um alles rechts zu sehen; nach
oben, um weiter entfernte Dinge zu sehen, und
nach unten, um in der Nähe befindliches zu
sehen.
"
0x7f1e,"Wenn du die -Taste drückst, während der
rechte Analog-Stick in eine Richtung weist,
kannst du die Kamera in diese Richtung
fixieren.
","Wenn du die -Taste drückst, während der
rechte Analog-Stick in eine Richtung weist,
kannst du die Kamera in diese Richtung
fixieren.
"
0x7fa9,"Wenn du beispielsweise nach Norden gehst,
bewege den rechten Analog-Stick nach oben
und drücke die -Taste, um die Kamera zu
fixieren.
","Wenn du beispielsweise nach Norden gehst,
bewege den rechten Analog-Stick nach oben
und drücke die -Taste, um die Kamera zu
fixieren.
"
0x8034,"So kannst du Dinge in deiner Laufrichtung
beobachten.
","So kannst du Dinge in deiner Laufrichtung
beobachten.
"
0x806b,"Wenn du später eine feindliche Patrouille im
Osten siehst, fixiere die Kamera nach rechts.
So kannst du dich verbergen und gleichzeitig
die Feindbewegung verfolgen.
","Wenn du später eine feindliche Patrouille im
Osten siehst, fixiere die Kamera nach rechts.
So kannst du dich verbergen und gleichzeitig
die Feindbewegung verfolgen.
"
0x8112,"Diese Technik kann bei deinem Einsatz
äußerst nützlich sein. Mache guten Gebrauch
davon.
","Diese Technik kann bei deinem Einsatz
äußerst nützlich sein. Mache guten Gebrauch
davon.
"
0x816f,"Drücke im Rennen die Kriechtaste, um eine
Flugrolle zu machen.
","Drücke im Rennen die Kriechtaste, um eine
Flugrolle zu machen.
"
0x81b0,"Für eine kurze Zeit führst du einen Sprung
aus, mit dem du Gegner umwerfen kannst.
","Für eine kurze Zeit führst du einen Sprung
aus, mit dem du Gegner umwerfen kannst.
"
0x8206,"Anders als bei deinem bisherigen Training
kannst du mit der Rolle über hüfthohe Objekte
springen.
","Anders als bei deinem bisherigen Training
kannst du mit der Rolle über hüfthohe Objekte
springen.
"
0x826b,"Aber denk daran, dass die Rolle mehr
Ausdauer verbraucht als gewöhnliches Rennen.
","Aber denk daran, dass die Rolle mehr
Ausdauer verbraucht als gewöhnliches Rennen.
"
0x82bf,"Snake, wenn deine Ausdauer nachlässt,
beeinträchtigt es deine physischen Fähigkeiten.
","Snake, wenn deine Ausdauer nachlässt,
beeinträchtigt es deine physischen Fähigkeiten.
"
0x8319,"Stell deine Ausdauer wieder her, bevor du gar
keine mehr hast.
","Stell deine Ausdauer wieder her, bevor du gar
keine mehr hast.
"
0x8359,"Die Anzeige unter Ihrer LEBENS-Anzeige ist
Ihre Ausdaueranzeige.
","Die Anzeige unter Ihrer LEBENS-Anzeige ist
Ihre Ausdaueranzeige.
"
0x839b,"Wie der Name sagt, zeigt sie Ihre verbleibende
Ausdauer an.
","Wie der Name sagt, zeigt sie Ihre verbleibende
Ausdauer an.
"
0x83d8,"Wenn Sie Ausdauer verbrauchen, verlangsamt
sich Ihre natürliche LEBENS-Regeneration,
Ihre Hände zittern mehr.
","Wenn Sie Ausdauer verbrauchen, verlangsamt
sich Ihre natürliche LEBENS-Regeneration,
Ihre Hände zittern mehr.
"
0x8449,"Auch Ihre O2-Anzeige und Griffanzeige sinken.
","Auch Ihre O2-Anzeige und Griffanzeige sinken.
"
0x8478,"Erheblicher Ausdauermangel kann Ihre
Einsatzziele häufig behindern.
","Erheblicher Ausdauermangel kann Ihre
Einsatzziele häufig behindern.
"
0x84be,"Tanken Sie unbedingt vorher wieder Ausdauer
auf.
","Tanken Sie unbedingt vorher wieder Ausdauer
auf.
"
0x84f0,"Essen Sie etwas, um Ihre Ausdauer zu
verbessern.
","Essen Sie etwas, um Ihre Ausdauer zu
verbessern.
"
0x8522,"Suchen Sie Pflanzen und jagen Sie Tiere als
Nahrung.
","Suchen Sie Pflanzen und jagen Sie Tiere als
Nahrung.
"
0x8558,"Ich habe Informationen zur heimischen Tier-
und Pflanzenwelt, fragen Sie mich daher ruhig.
","Ich habe Informationen zur heimischen Tier-
und Pflanzenwelt, fragen Sie mich daher ruhig.
"
0x85b4,"Meine Frequenz ist 145.73.
","Meine Frequenz ist 145.73.
"
0x85d0,"Deine Aktionen können deine Ausdauer
senken. Je anspruchsvoller die Aktivität, desto
mehr Ausdauer verbrauchst du.
","Deine Aktionen können deine Ausdauer
senken. Je anspruchsvoller die Aktivität, desto
mehr Ausdauer verbrauchst du.
"
0x8646,"Genau.
","Genau.
"
0x864e,"Wenn Sie langsam gehen, schonen Sie Ihre
Ausdauer. Rollen, Kriechen und Anpirschen
verbrauchen hingegen viel Ausdauer.
","Wenn Sie langsam gehen, schonen Sie Ihre
Ausdauer. Rollen, Kriechen und Anpirschen
verbrauchen hingegen viel Ausdauer.
"
0x86c6,"Tun Sie Ihr Bestes, um unnötige Bewegungen
zu vermeiden. So gehen Sie schonend mit
Ihrer Ausdauer um.
","Tun Sie Ihr Bestes, um unnötige Bewegungen
zu vermeiden. So gehen Sie schonend mit
Ihrer Ausdauer um.
"
0x872e,"Snake, denk daran, dass du den Schalldämpfer
nicht ständig einsetzen kannst.
","Snake, denk daran, dass du den Schalldämpfer
nicht ständig einsetzen kannst.
"
0x877e,"Ich weiß. Kein Schalldämpfer hält ewig.
","Ich weiß. Kein Schalldämpfer hält ewig.
"
0x87aa,"Genau.
","Genau.
"
0x87b2,"Wenn die Leistung des Schalldämpfers
abnimmt, geht er allmählich kaputt.
","Wenn die Leistung des Schalldämpfers
abnimmt, geht er allmählich kaputt.
"
0x87fe,"Am Waffensymbol erkennst du den derzeitigen
Status des Schalldämpfers.
","Am Waffensymbol erkennst du den derzeitigen
Status des Schalldämpfers.
"
0x8847,"Nimm den Schalldämpfer von der Pistole ab,
wenn er länger halten soll.
","Nimm den Schalldämpfer von der Pistole ab,
wenn er länger halten soll.
"
0x8891,"Wähle mit der Waffenmenütaste die Waffe mit
Schalldämpfer
","Wähle mit der Waffenmenütaste die Waffe mit
Schalldämpfer
"
0x88cf,"und drücke die Eingabetaste, um den
Schalldämpfer aufzusetzen oder abzunehmen.
","und drücke die Eingabetaste, um den
Schalldämpfer aufzusetzen oder abzunehmen.
"
0x8921,"Setze deinen Schalldämpfer je nach Lage ein.
","Setze deinen Schalldämpfer je nach Lage ein.
"
0x8950,"Snake, gewisse feindliche Soldaten haben
Funkgeräte.
","Snake, gewisse feindliche Soldaten haben
Funkgeräte.
"
0x8987,"Diese Melder können Informationen zum und
vom Hauptquartier über Funk übertragen.
","Diese Melder können Informationen zum und
vom Hauptquartier über Funk übertragen.
"
0x89dd,"Wenn ein Melder deine Anwesenheit bemerkt,
kannst du darauf wetten, dass er Verstärkung
anfordert.
","Wenn ein Melder deine Anwesenheit bemerkt,
kannst du darauf wetten, dass er Verstärkung
anfordert.
"
0x8a42,"Sobald das Hauptquartier die Bitte um
Verstärkung erhält, kontaktiert es eine nahe
Einheit und befiehlt ihr, den Bereich des
Melders zu verstärken.
","Sobald das Hauptquartier die Bitte um
Verstärkung erhält, kontaktiert es eine nahe
Einheit und befiehlt ihr, den Bereich des
Melders zu verstärken.
"
0x8ada,"Sobald die Verstärkung eintrifft, sind deine
Feinde dir zahlenmäßig zu sehr überlegen.
Selbst du würdest gegen diese Überzahl nicht
ankommen.
","Sobald die Verstärkung eintrifft, sind deine
Feinde dir zahlenmäßig zu sehr überlegen.
Selbst du würdest gegen diese Überzahl nicht
ankommen.
"
0x8b6f,"Wenn du bemerkst, dass ein Melder über Funk
Verstärkung anfordern will, erledige ihn, bevor
er seinen Plan ausführt.
","Wenn du bemerkst, dass ein Melder über Funk
Verstärkung anfordern will, erledige ihn, bevor
er seinen Plan ausführt.
"
0x8be8,"Wenn der Ruf durchgeht, zieh dich zurück,
bevor die Verstärkung eintrifft.
","Wenn der Ruf durchgeht, zieh dich zurück,
bevor die Verstärkung eintrifft.
"
0x8c36,"Wenn du zu lange zögerst, siehst du dich einer
starken Übermacht des Feindes gegenüber.
Verstanden?
","Wenn du zu lange zögerst, siehst du dich einer
starken Übermacht des Feindes gegenüber.
Verstanden?
"
0x8c9e,"Du kannst das von Feinden benutzte Funkgerät
zerstören.
","Du kannst das von Feinden benutzte Funkgerät
zerstören.
"
0x8cd9,"Wenn du dich auf einen Kampf einlassen
musst,
","Wenn du dich auf einen Kampf einlassen
musst,
"
0x8d08,"zerstöre erst das Funkgerät. So kannst du dich
auf den Kampf konzentrieren, ohne dich um
Verstärkung sorgen zu müssen.
","zerstöre erst das Funkgerät. So kannst du dich
auf den Kampf konzentrieren, ohne dich um
Verstärkung sorgen zu müssen.
"
0x8d84,"Snake, dies ist ein Schleicheinsatz. Du wirst
direkt unter der Nase des Feindes arbeiten.
","Snake, dies ist ein Schleicheinsatz. Du wirst
direkt unter der Nase des Feindes arbeiten.
"
0x8ddf,"Falls dich ein Feind bemerkt, schalte ihn aus,
bevor er nahe Kameraden alarmieren kann.
","Falls dich ein Feind bemerkt, schalte ihn aus,
bevor er nahe Kameraden alarmieren kann.
"
0x8e38,"Wenn du ihn erledigen kannst, bevor er Alarm
schlägt,
","Wenn du ihn erledigen kannst, bevor er Alarm
schlägt,
"
0x8e70,"wechselt die Alarmphase schnell wieder zur
Normalphase.
","wechselt die Alarmphase schnell wieder zur
Normalphase.
"
0x8ea9,"Aber vergiss nicht - selbst das sollte nur im
Notfall geschehen.
","Aber vergiss nicht - selbst das sollte nur im
Notfall geschehen.
"
0x8eeb,"In erster Linie musst du vermeiden, dass dich
der Feind überhaupt entdeckt. Sei vorsichtig.
","In erster Linie musst du vermeiden, dass dich
der Feind überhaupt entdeckt. Sei vorsichtig.
"
0x8f49,"Snake, hast du bemerkt, dass Sternchen über
dem Kopf eines Feindes eingeblendet werden,
wenn du ihn bewusstlos schlägst?
","Snake, hast du bemerkt, dass Sternchen über
dem Kopf eines Feindes eingeblendet werden,
wenn du ihn bewusstlos schlägst?
"
0x8fc5,"Wenn du dir die Sterne über dem Kopf des
Feindes genau anschaust, erkennst du, dass
sie langsam einer nach dem anderen
verschwinden.
","Wenn du dir die Sterne über dem Kopf des
Feindes genau anschaust, erkennst du, dass
sie langsam einer nach dem anderen
verschwinden.
"
0x904c,"Wenn alle Sterne verschwunden sind, gelangt
der Feind wieder zu Bewusstsein und greift
dich an.
","Wenn alle Sterne verschwunden sind, gelangt
der Feind wieder zu Bewusstsein und greift
dich an.
"
0x90ad,"Wenn du daher einen Feind k. o. schlägst,
plane sein Erwachen ein.
","Wenn du daher einen Feind k. o. schlägst,
plane sein Erwachen ein.
"
0x90f2,"Snake, Tarnuniformen alleine reichen nicht. Du
musst auch Gesichtsbemalung anlegen.
","Snake, Tarnuniformen alleine reichen nicht. Du
musst auch Gesichtsbemalung anlegen.
"
0x9147,"Snake, Tarnung und Gesichtsbemalung allein
lassen dich noch nicht mit deiner Umgebung
verschmelzen.
","Snake, Tarnung und Gesichtsbemalung allein
lassen dich noch nicht mit deiner Umgebung
verschmelzen.
"
0x91ac,"Neben der Tarnung ist deine Position ein
wichtiger Faktor, den du berücksichtigen
solltest.
","Neben der Tarnung ist deine Position ein
wichtiger Faktor, den du berücksichtigen
solltest.
"
0x920a,"Snake, um den Einsatz unbemerkt
auszuführen, musst du lernen, einen sich
nähernden Feind weit im Voraus zu entdecken.
","Snake, um den Einsatz unbemerkt
auszuführen, musst du lernen, einen sich
nähernden Feind weit im Voraus zu entdecken.
"
0x9283,"Drücke die Beobachtungsperspektivetaste und
kontrolliere beim Vorrücken beständig deine
Umgebung in der Beobachtungsperspektive.
","Drücke die Beobachtungsperspektivetaste und
kontrolliere beim Vorrücken beständig deine
Umgebung in der Beobachtungsperspektive.
"
0x9308,"Du kannst eine ausgerüstete Waffe in der
Beobachtungsperspektive einsetzen. Das nennt
man einen Beobachtungsperspektiveangriff.
","Du kannst eine ausgerüstete Waffe in der
Beobachtungsperspektive einsetzen. Das nennt
man einen Beobachtungsperspektiveangriff.
"
0x938a,"Bei einem Beobachtungsperspektivenangriff
kannst du dein Feuer nach oben, unten, links
oder rechts regulieren.
","Bei einem Beobachtungsperspektivenangriff
kannst du dein Feuer nach oben, unten, links
oder rechts regulieren.
"
0x93fa,"Wenn du auf einem Ast sitzt, drücke die
Aktionstaste, um vom Baum zu hängen oder zu
hangeln.
","Wenn du auf einem Ast sitzt, drücke die
Aktionstaste, um vom Baum zu hängen oder zu
hangeln.
"
0x945a,"Du kannst aber nur so lange hangeln, wie
deine Greifkraft hält.
","Du kannst aber nur so lange hangeln, wie
deine Greifkraft hält.
"
0x949c,"Achte auf deine Griffanzeige, wenn du an
einem Baum hängst.
","Achte auf deine Griffanzeige, wenn du an
einem Baum hängst.
"
0x94da,"Sei vorsichtig - wenn es dir an Ausdauer
mangelt, hält dein Griff nicht lange.
","Sei vorsichtig - wenn es dir an Ausdauer
mangelt, hält dein Griff nicht lange.
"
0x952b,"Auch im Hangeln kannst du deine Pistole mit
einer Hand abfeuern.
","Auch im Hangeln kannst du deine Pistole mit
einer Hand abfeuern.
"
0x956d,"Und wenn du beim Hangeln angegriffen wirst,
gerate nicht in Panik, sondern nutze den
Vorteil.
","Und wenn du beim Hangeln angegriffen wirst,
gerate nicht in Panik, sondern nutze den
Vorteil.
"
0x95cc,"KEINE ANTWORT
","KEINE ANTWORT
"
0x95db,"Snake, denk daran, dass dieser Auftrag ein
Solo-Schleicheinsatz ist.
","Snake, denk daran, dass dieser Auftrag ein
Solo-Schleicheinsatz ist.
"
0x9621,"Wir unterstützen dich per Funk, aber im Feld
bist du auf dich allein angewiesen. Es wird dir
keiner helfen.
","Wir unterstützen dich per Funk, aber im Feld
bist du auf dich allein angewiesen. Es wird dir
keiner helfen.
"
0x968f,"Gegen ein großes Feindkontingent kommst du
nicht an.
","Gegen ein großes Feindkontingent kommst du
nicht an.
"
0x96c6,"Vermeide Kämpfe, soweit du kannst. Am
wichtigsten bei diesem Einsatz ist es,
unbemerkt zu bleiben.
","Vermeide Kämpfe, soweit du kannst. Am
wichtigsten bei diesem Einsatz ist es,
unbemerkt zu bleiben.
"
0x972b,"Snake, deine Scheintod- und
Wiederbelebungspillen
","Snake, deine Scheintod- und
Wiederbelebungspillen
"
0x975e,"sind die neuesten Medikamente, die die
Technologieabteilung der CIA für
Spionageeinsätze entwickelt hat.
","sind die neuesten Medikamente, die die
Technologieabteilung der CIA für
Spionageeinsätze entwickelt hat.
"
0x97ca,"Mit der Scheintod-Pille versetzt du dich eine
Weile lang in einen todesähnlichen Schlaf.
","Mit der Scheintod-Pille versetzt du dich eine
Weile lang in einen todesähnlichen Schlaf.
"
0x9825,"Nutze die Pille klug, dann kannst du den Feind
täuschen. Er wird glauben, dass du wirklich tot
bist.
","Nutze die Pille klug, dann kannst du den Feind
täuschen. Er wird glauben, dass du wirklich tot
bist.
"
0x988c,"Die Pille könnte praktisch sein, wenn du mal in
die Enge gedrängt wirst.
","Die Pille könnte praktisch sein, wenn du mal in
die Enge gedrängt wirst.
"
0x98d8,"Um wieder aufzuwachen, benutzt du die
Wiederbelebungspille.
","Um wieder aufzuwachen, benutzt du die
Wiederbelebungspille.
"
0x9915,"Aber vergiss nicht: Es kommt aufs richtige
Timing an. Wenn du in Anwesenheit deines
Feindes aufwachst, nutzt alles nichts.
","Aber vergiss nicht: Es kommt aufs richtige
Timing an. Wenn du in Anwesenheit deines
Feindes aufwachst, nutzt alles nichts.
"
0x9991,"Interessant. Aber wie funktioniert es?
","Interessant. Aber wie funktioniert es?
"
0x99b9,"Was meinst du?
","Was meinst du?
"
0x99c9,"Ich will nicht einfach Pillen nehmen, über die
ich nichts weiß. Wieso versetzen sie mich in
einen solchen Schlaf? Welche Wirkung haben
sie auf meinen Körper?
","Ich will nicht einfach Pillen nehmen, über die
ich nichts weiß. Wieso versetzen sie mich in
einen solchen Schlaf? Welche Wirkung haben
sie auf meinen Körper?
"
0x9a6b,"Nun, Snake ... Da solltest du ...
","Nun, Snake ... Da solltest du ...
"
0x9a8e,"Okay. Ich sollte Para-Medic fragen.
Para-Medic!
","Okay. Ich sollte Para-Medic fragen.
Para-Medic!
"
0x9abf,"Ich erkläre es Ihnen.
","Ich erkläre es Ihnen.
"
0x9ad7,"Sie kennen doch Tiere, die sich tot stellen, wie
Rüsselkäfer, Marienkäfer, amerikanische
Meisen, Opossums und so weiter.
","Sie kennen doch Tiere, die sich tot stellen, wie
Rüsselkäfer, Marienkäfer, amerikanische
Meisen, Opossums und so weiter.
"
0x9b54,"Nun, die Scheintod-Pille nutzt die Kunst der
Natur und wendet sie auf die Welt der Spione
an.
","Nun, die Scheintod-Pille nutzt die Kunst der
Natur und wendet sie auf die Welt der Spione
an.
"
0x9bb3,"Wenn Sie die Scheintod-Pille einnehmen,
produziert Ihr Körper schnell eine Reihe von
Stoffen -
","Wenn Sie die Scheintod-Pille einnehmen,
produziert Ihr Körper schnell eine Reihe von
Stoffen -
"
0x9c14,"Adenosin und Serotonin sowie opioide Peptide
wie Methionin-Enkephalin.
","Adenosin und Serotonin sowie opioide Peptide
wie Methionin-Enkephalin.
"
0x9c5c,"Diese Stoffe versetzen Sie in eine Art
Winterschlaf.
","Diese Stoffe versetzen Sie in eine Art
Winterschlaf.
"
0x9c92,"Ihr Herzschlag, Atem und Ihre
Körpertemperatur fallen dramatisch ab.
","Ihr Herzschlag, Atem und Ihre
Körpertemperatur fallen dramatisch ab.
"
0x9cd9,"Auf den ersten Blick scheint es wirklich, als
seien Sie tot.
","Auf den ersten Blick scheint es wirklich, als
seien Sie tot.
"
0x9d17,"Die Wiederbelebungspille ist - einfach
ausgedrückt - ein Gegenmittel zur
Scheintod-Pille.
","Die Wiederbelebungspille ist - einfach
ausgedrückt - ein Gegenmittel zur
Scheintod-Pille.
"
0x9d73,"Wenn Sie die Wiederbelebungspille einnehmen,
produziert Ihr Körper Stimulanzien wie
Noradrenalin und andere Stoffe wie Naloxon,
","Wenn Sie die Wiederbelebungspille einnehmen,
produziert Ihr Körper Stimulanzien wie
Noradrenalin und andere Stoffe wie Naloxon,
"
0x9df5,"die die Wirkung der Scheintod-Pille aufheben.
","die die Wirkung der Scheintod-Pille aufheben.
"
0x9e24,"Sie wachen also auf.
","Sie wachen also auf.
"
0x9e3a,"War das hilfreich?
","War das hilfreich?
"
0x9e4e,"...
","...
"
0x9e53,"Okay, ich versuche, es noch einmal
ausführlicher zu erklären.
","Okay, ich versuche, es noch einmal
ausführlicher zu erklären.
"
0x9e94,"Das durch die Scheintod-Pille produzierte
Methionin-Enkephalin führt dazu, dass die
opioiden Rezeptoren ...
","Das durch die Scheintod-Pille produzierte
Methionin-Enkephalin führt dazu, dass die
opioiden Rezeptoren ...
"
0x9f02,"O... okay, ich glaube, ich habe es jetzt
verstanden.
","O... okay, ich glaube, ich habe es jetzt
verstanden.
"
0x9f38,"Wirklich?
","Wirklich?
"
0x9f43,"Ja.
","Ja.
"
0x9f48,"Aber Sie möchten doch bestimmt noch mehr
erfahren.
","Aber Sie möchten doch bestimmt noch mehr
erfahren.
"
0x9f7d,"Es gibt drei Arten von Rezeptoren: Delta,
Kappa und Mu. Methionin-Enkephalin wirkt auf
die ...
","Es gibt drei Arten von Rezeptoren: Delta,
Kappa und Mu. Methionin-Enkephalin wirkt auf
die ...
"
0x9fdd,"Para-Medic, ich glaube, Snake hat das Prinzip
jetzt verstanden. Nicht wahr, Snake?
","Para-Medic, ich glaube, Snake hat das Prinzip
jetzt verstanden. Nicht wahr, Snake?
"
0xa031,"J-ja, es ist jetzt völlig klar.
","J-ja, es ist jetzt völlig klar.
"
0xa053,"Aber ...
","Aber ...
"
0xa05d,"Major, ich habe genug Informationen über die
Pillen, daher werde ich mich jetzt wieder dem
Einsatz zuwenden.
","Major, ich habe genug Informationen über die
Pillen, daher werde ich mich jetzt wieder dem
Einsatz zuwenden.
"
0xa0cc,"Ja, tu das.
","Ja, tu das.
"
0xa0d9,"He, einen Mo...!
","He, einen Mo...!
"
0xa0eb,"...
","...
"
0xa0f0,"Snake, lass mich dir die verschiedenen
Alarmstufen des Feindes erklären.
","Snake, lass mich dir die verschiedenen
Alarmstufen des Feindes erklären.
"
0xa13b,"Zunächst einmal gibt es die Situation, in der
der Feind nichts von deiner Anwesenheit ahnt.
Das ist die Normalphase.
","Zunächst einmal gibt es die Situation, in der
der Feind nichts von deiner Anwesenheit ahnt.
Das ist die Normalphase.
"
0xa1b2,"In der Normalphase folgt der Feind bei
Patrouillen und sonstigen Aufgaben dem
üblichen Verfahren
","In der Normalphase folgt der Feind bei
Patrouillen und sonstigen Aufgaben dem
üblichen Verfahren
"
0xa215,"und stellt keine besondere Gefahr für dich dar.
","und stellt keine besondere Gefahr für dich dar.
"
0xa247,"Sollte er aber einen Eindrinling - dich -
entdecken, greift der Gegner an, um dich zu
neutralisieren. Das ist die Alarmphase.
","Sollte er aber einen Eindrinling - dich -
entdecken, greift der Gegner an, um dich zu
neutralisieren. Das ist die Alarmphase.
"
0xa2c6,"Die Alarmphase dauert so lange an, bis dich
der Feind aus den Augen verliert.
","Die Alarmphase dauert so lange an, bis dich
der Feind aus den Augen verliert.
"
0xa315,"Aber selbst dann sucht der Gegner die Gegend
noch eine Weile lang ab. Das ist die
Ausweichphase.
","Aber selbst dann sucht der Gegner die Gegend
noch eine Weile lang ab. Das ist die
Ausweichphase.
"
0xa377,"Die Ausweichphase währt an, bis der Feind
alle Anstrengungen unternommen hat, um dich
zu finden.
","Die Ausweichphase währt an, bis der Feind
alle Anstrengungen unternommen hat, um dich
zu finden.
"
0xa3da,"Nach der Ausweichphase dürfte der Feind zu
seiner Basis zurückkehren.
","Nach der Ausweichphase dürfte der Feind zu
seiner Basis zurückkehren.
"
0xa423,"Nach Abbruch der Suche wechselt der Gegner
in den Vorsichtsmodus.
","Nach Abbruch der Suche wechselt der Gegner
in den Vorsichtsmodus.
"
0xa466,"Im Vorsichtsmodus patrouillieren die
gegnerischen Soldaten wachsamer, und
vermutlich sind sie nicht so einfach zu
bemerken.
","Im Vorsichtsmodus patrouillieren die
gegnerischen Soldaten wachsamer, und
vermutlich sind sie nicht so einfach zu
bemerken.
"
0xa4e3,"Neben den regulären Patrouillen könnten auch
zusätzliche Suchtrupps entsandt werden. Bleib
auf der Hut.
","Neben den regulären Patrouillen könnten auch
zusätzliche Suchtrupps entsandt werden. Bleib
auf der Hut.
"
0xa54f,"Wenn du im Schulterblickmodus Granaten
ausrüstest und die Waffentaste drückst, kannst
du eine Granate werfen, während du dich
hinter einer Barriere verbirgst.
","Wenn du im Schulterblickmodus Granaten
ausrüstest und die Waffentaste drückst, kannst
du eine Granate werfen, während du dich
hinter einer Barriere verbirgst.
"
0xa5f2,"Diese Technik könnte dir bei einem
Feuergefecht gelegen kommen. Nutze sie
geschickt.
","Diese Technik könnte dir bei einem
Feuergefecht gelegen kommen. Nutze sie
geschickt.
"
0xa649,"Snake, ist alles in Ordnung? Du wirkst völlig
erschöpft.
","Snake, ist alles in Ordnung? Du wirkst völlig
erschöpft.
"
0xa685,"Nein, gar nicht.
","Nein, gar nicht.
"
0xa697,"Sie können ruhig eine kleine Schwäche
zugeben.
","Sie können ruhig eine kleine Schwäche
zugeben.
"
0xa6c9,"Ich bin nicht schwach.
","Ich bin nicht schwach.
"
0xa6e1,"Ach nein? Sie verlieren Ihren Halt nach
wenigen Sekunden Hangeln. Ich wette, Sie
könnten nicht einmal Ihre Pistole gerade
halten.
","Ach nein? Sie verlieren Ihren Halt nach
wenigen Sekunden Hangeln. Ich wette, Sie
könnten nicht einmal Ihre Pistole gerade
halten.
"
0xa765,"...
","...
"
0xa76a,"Sie sind völlig erschöpft. Schauen Sie sich
einmal Ihre Ausdaueranzeige an. Fast leer,
stimmt's?
","Sie sind völlig erschöpft. Schauen Sie sich
einmal Ihre Ausdaueranzeige an. Fast leer,
stimmt's?
"
0xa7ce,"In diesem Zustand können Sie Ihren Einsatz
nicht fortsetzen. Sie müssen erst etwas essen
und sich dann ausruhen.
","In diesem Zustand können Sie Ihren Einsatz
nicht fortsetzen. Sie müssen erst etwas essen
und sich dann ausruhen.
"
0xa842,"Sie haben doch etwas zu essen, oder?
","Sie haben doch etwas zu essen, oder?
"
0xa868,"Ja.
","Ja.
"
0xa86d,"Um zu essen, drücken Sie die START-Taste.
So wechseln Sie zur Überlebensanzeige. Dann
wählen Sie „NAHRUNG"".
","Um zu essen, drücken Sie die START-Taste.
So wechseln Sie zur Überlebensanzeige. Dann
wählen Sie „NAHRUNG"".
"
0xa8df,"Mit dem Linken Analog-Stick wählen Sie die
gewünschte Nahrung. Drücken Sie die
Eingabetaste, um zu essen.
","Mit dem Linken Analog-Stick wählen Sie die
gewünschte Nahrung. Drücken Sie die
Eingabetaste, um zu essen.
"
0xa94d,"Sie müssen den Einsatz eine Weile
unterbrechen und erst etwas zu essen
besorgen.
","Sie müssen den Einsatz eine Weile
unterbrechen und erst etwas zu essen
besorgen.
"
0xa9a0,"Aber ...
","Aber ...
"
0xa9aa,"Haben Sie verstanden? Gehen Sie auf die
Jagd!
","Haben Sie verstanden? Gehen Sie auf die
Jagd!
"
0xa9d9,"...
","...
"
0xa9de,"Essen ist ein wichtiger Teil Ihres Einsatzes.
Wenn Ihre Ausdauer abfällt, iss etwas.
Kapiert?
","Essen ist ein wichtiger Teil Ihres Einsatzes.
Wenn Ihre Ausdauer abfällt, iss etwas.
Kapiert?
"
0xaa3e,"Snake, Sie können Ihre Ausdauer auch auf
andere Art als durch essen verbessern.
","Snake, Sie können Ihre Ausdauer auch auf
andere Art als durch essen verbessern.
"
0xaa90,"Zum Beispiel?
","Zum Beispiel?
"
0xaa9f,"Ausruhen.
","Ausruhen.
"
0xaaaa,"Ausruhen?
","Ausruhen?
"
0xaab5,"Um sich auszuruhen, speichern Sie das Spiel
und beenden es.
","Um sich auszuruhen, speichern Sie das Spiel
und beenden es.
"
0xaaf2,"Wenn Sie das nächste Mal Ihre Speicherdaten
laden und das Spiel fortsetzen, haben sich Ihre
Ausdauer und Ihr LEBEN erholt.
","Wenn Sie das nächste Mal Ihre Speicherdaten
laden und das Spiel fortsetzen, haben sich Ihre
Ausdauer und Ihr LEBEN erholt.
"
0xab6f,"Wie sehr, hängt davon ab, wie lange Sie sich
ausruhen.
","Wie sehr, hängt davon ab, wie lange Sie sich
ausruhen.
"
0xaba8,"Je länger ich mich also ausruhe, desto mehr
erhole ich mich?
","Je länger ich mich also ausruhe, desto mehr
erhole ich mich?
"
0xabe7,"Ja.
","Ja.
"
0xabec,"Wenn Sie so erschöpft sind, dass Sie nicht
einmal mehr auf Nahrungssuche gehen
können,
","Wenn Sie so erschöpft sind, dass Sie nicht
einmal mehr auf Nahrungssuche gehen
können,
"
0xac46,"speichern Sie das Spiel und ruhen Sie sich
aus. Anschließend sind Sie wieder auf den
Beinen.
","speichern Sie das Spiel und ruhen Sie sich
aus. Anschließend sind Sie wieder auf den
Beinen.
"
0xaca5,"Ich hoffe, es wird nie so weit kommen.
","Ich hoffe, es wird nie so weit kommen.
"
0xaccd,"Ich auch. Aber man weiß ja nie. Vergessen Sie
das nicht, okay?
","Ich auch. Aber man weiß ja nie. Vergessen Sie
das nicht, okay?
"
0xad0e,"Okay.
","Okay.
"
0xad15,"Snake, deine erste Aufgabe lautet, ADAM zu
treffen, unseren KGB-Kontakt.
","Snake, deine erste Aufgabe lautet, ADAM zu
treffen, unseren KGB-Kontakt.
"
0xad5f,"Treffpunkt ist die verlassene Fabrik nördlich
von dir. Halte dich in Richtung Norden.
","Treffpunkt ist die verlassene Fabrik nördlich
von dir. Halte dich in Richtung Norden.
"
0xadb7,"Die verlassene Fabrik ... Dort traf ich Sokolov
während der „Virtuosen Mission"".
","Die verlassene Fabrik ... Dort traf ich Sokolov
während der „Virtuosen Mission"".
"
0xae0c,"Ja. Aber dieses Mal darf es uns nicht wie beim
letzten Mal ergehen.
","Ja. Aber dieses Mal darf es uns nicht wie beim
letzten Mal ergehen.
"
0xae51,"Ich weiß.
","Ich weiß.
"
0xae5d,"Wie die „Virtuose Mission"" ist auch die
„Operation Snake Eater"" (Schlangenfresser)
ein Solo-Schleicheinsatz.
","Wie die „Virtuose Mission"" ist auch die
„Operation Snake Eater"" (Schlangenfresser)
ein Solo-Schleicheinsatz.
"
0xaecf,"Es gibt keine Truppen im Feld, die dich
unterstützen können.
","Es gibt keine Truppen im Feld, die dich
unterstützen können.
"
0xaf0f,"Vermeide Gefechte so weit wie möglich. Am
wichtigsten ist es, dass du nicht entdeckt wirst.
","Vermeide Gefechte so weit wie möglich. Am
wichtigsten ist es, dass du nicht entdeckt wirst.
"
0xaf6d,"Nutze die Option „TARNUNG"" in der
Überlebensanzeige und wähle deine Tarnung
mit Bedacht. Bleib auf der Hut.
","Nutze die Option „TARNUNG"" in der
Überlebensanzeige und wähle deine Tarnung
mit Bedacht. Bleib auf der Hut.
"
0xafde,"Im Unterschied zur „Virtuosen Mission"" ist dies
ein Nachteinsatz.
","Im Unterschied zur „Virtuosen Mission"" ist dies
ein Nachteinsatz.
"
0xb023,"Im Dunkeln verirrst du dich schneller,
","Im Dunkeln verirrst du dich schneller,
"
0xb04b,"andererseits ist deine Tarnung wirksamer,
sodass dich der Feind nicht so einfach
entdeckt.
","andererseits ist deine Tarnung wirksamer,
sodass dich der Feind nicht so einfach
entdeckt.
"
0xb0a7,"Umgekehrt wird es auch für dich schwerer,
Gegner zu erkennen.
","Umgekehrt wird es auch für dich schwerer,
Gegner zu erkennen.
"
0xb0e7,"Es sind auch andere Tiere aktiv, einige davon
sind giftig. Also sei wachsam.
","Es sind auch andere Tiere aktiv, einige davon
sind giftig. Also sei wachsam.
"
0xb135,"Para-Medic wird dich wieder über die
einheimischen Pflanzen und Tiere informieren.
","Para-Medic wird dich wieder über die
einheimischen Pflanzen und Tiere informieren.
"
0xb18a,"Ruf sie an, wenn du etwas wissen musst.
","Ruf sie an, wenn du etwas wissen musst.
"
0xb1b3,"Die „Operation Snake Eater"" unterscheidet sich
insofern von der „Virtuosen Mission"", als dass
du sie nicht in wenigen Stunden durchführen
kannst.
","Die „Operation Snake Eater"" unterscheidet sich
insofern von der „Virtuosen Mission"", als dass
du sie nicht in wenigen Stunden durchführen
kannst.
"
0xb24b,"Chruschtschow hat uns eine Frist von einer
Woche gesetzt. Innerhalb dieser Zeit musst du
Sokolov retten, Volgin ausschalten, den
Shagohod zerstören und ...
","Chruschtschow hat uns eine Frist von einer
Woche gesetzt. Innerhalb dieser Zeit musst du
Sokolov retten, Volgin ausschalten, den
Shagohod zerstören und ...
"
0xb2e9,"Ich weiß.
","Ich weiß.
"
0xb2f5,"... Gut.
","... Gut.
"
0xb2ff,"Jedenfalls darfst du erst dann zurückkehren,
wenn du deine Ziele erreicht hast.
","Jedenfalls darfst du erst dann zurückkehren,
wenn du deine Ziele erreicht hast.
"
0xb351,"Im Feld zu überleben ist bei diesem Einsatz
von größter Bedeutung. Und die wichtigste
Überlebenstechnik besteht natürlich darin,
Nahrung zu finden.
","Im Feld zu überleben ist bei diesem Einsatz
von größter Bedeutung. Und die wichtigste
Überlebenstechnik besteht natürlich darin,
Nahrung zu finden.
"
0xb3eb,"Du kannst deine Nahrung wie bei der
„Virtuosen Mission"" bekommen - indem du sie
fängst.
","Du kannst deine Nahrung wie bei der
„Virtuosen Mission"" bekommen - indem du sie
fängst.
"
0xb447,"Noch ist die Feindpräsenz in dem Gebiet nicht
stark. Versuche, möglichst viel Nahrung zu
finden - solange du Gelegenheit dazu hast.
","Noch ist die Feindpräsenz in dem Gebiet nicht
stark. Versuche, möglichst viel Nahrung zu
finden - solange du Gelegenheit dazu hast.
"
0xb4ce,"Du hast gerade ein Pferd gehört?
","Du hast gerade ein Pferd gehört?
"
0xb4f1,"Ja.
","Ja.
"
0xb4f6,"Und es war bestimmt nichts anderes?
","Und es war bestimmt nichts anderes?
"
0xb51b,"Ich werde doch wohl noch Wiehern erkennen!
","Ich werde doch wohl noch Wiehern erkennen!
"
0xb547,"Para-Medic, gibt es Wildpferde in
Tselinoyarsk?
","Para-Medic, gibt es Wildpferde in
Tselinoyarsk?
"
0xb578,"Soll ich darauf etwa mit „Ja"" antworten?
","Soll ich darauf etwa mit „Ja"" antworten?
"
0xb5a4,"Nein.
","Nein.
"
0xb5ab,"Was soll ich also tun?
","Was soll ich also tun?
"
0xb5c3,"Es führt nur ein Weg durch das Gebiet.
Geradeaus.
","Es führt nur ein Weg durch das Gebiet.
Geradeaus.
"
0xb5f7,"Bewege dich auf das Pferdegeräusch zu. Es
kam aus nördlicher Richtung. Aber sei
vorsichtig.
","Bewege dich auf das Pferdegeräusch zu. Es
kam aus nördlicher Richtung. Aber sei
vorsichtig.
"
0xb656,"Major ...
","Major ...
"
0xb661,"Snake, The Boss gehört zum Feind. Du musst
den Tatsachen ins Auge sehen.
","Snake, The Boss gehört zum Feind. Du musst
den Tatsachen ins Auge sehen.
"
0xb6ac,"...
","...
"
0xb6b1,"ADAM erwartet dich in der verlassenen Fabrik
nördlich von dir. Geh dorthin.
","ADAM erwartet dich in der verlassenen Fabrik
nördlich von dir. Geh dorthin.
"
0xb6ff,"Vergiss nicht, dass du deine Pistole verloren
hast. Gegen einen feindlichen Trupp hast du
nicht die geringste Chance.
","Vergiss nicht, dass du deine Pistole verloren
hast. Gegen einen feindlichen Trupp hast du
nicht die geringste Chance.
"
0xb776,"Benutze deine Tarnung und lass dich nicht
vom Feind erwischen.
","Benutze deine Tarnung und lass dich nicht
vom Feind erwischen.
"
0xb7b6,"Der Gegner hat bestimmt die Explosion des
Fernlenkflugzeugs gesehen. Vermutlich hat er
bereits Patrouillen ausgesandt.
","Der Gegner hat bestimmt die Explosion des
Fernlenkflugzeugs gesehen. Vermutlich hat er
bereits Patrouillen ausgesandt.
"
0xb82e,"Man weiß nie, wann man auf den Feind trifft.
Nutze deine Tarnung geschickt und rücke
vorsichtig vor.
","Man weiß nie, wann man auf den Feind trifft.
Nutze deine Tarnung geschickt und rücke
vorsichtig vor.
"
0xb896,"Major, warum war The Boss dort ... haben sie
mein Eindringen bemerkt?
","Major, warum war The Boss dort ... haben sie
mein Eindringen bemerkt?
"
0xb8dd,"Das kann nicht sein. Das Fernlenkflugzeug
wurde von ihrem Radar bestimmt nicht
entdeckt.
","Das kann nicht sein. Das Fernlenkflugzeug
wurde von ihrem Radar bestimmt nicht
entdeckt.
"
0xb937,"Woher wusste sie es dann? Es kann doch
nicht sein, dass ...?
","Woher wusste sie es dann? Es kann doch
nicht sein, dass ...?
"
0xb975,"Das steht auch außer Frage. Wir haben alles
unternommen, um diesen Einsatz geheim zu
halten.
","Das steht auch außer Frage. Wir haben alles
unternommen, um diesen Einsatz geheim zu
halten.
"
0xb9d4,"... Was geht dann vor?
","... Was geht dann vor?
"
0xb9ec,"Ich weiß es nicht.
","Ich weiß es nicht.
"
0xba01,"...
","...
"
0xba06,"Grübeln nutzt da auch nichts, Snake.
","Grübeln nutzt da auch nichts, Snake.
"
0xba2d,"Beeile dich, damit du dein Treffen mit ADAM
nicht verpasst. Geh zur verlassenen Fabrik im
Norden.
","Beeile dich, damit du dein Treffen mit ADAM
nicht verpasst. Geh zur verlassenen Fabrik im
Norden.
"
0xba90,"Achte auf die feindlichen Patrouillen. Bleib
stets wachsam. Okay?
","Achte auf die feindlichen Patrouillen. Bleib
stets wachsam. Okay?
"
0xbad3,"Snake, du hast im Moment keine
Betäubungspistole.
","Snake, du hast im Moment keine
Betäubungspistole.
"
0xbb07,"Das heißt, du musst Tiere mit bloßen Händen
oder mit deinem Überlebensmesser erledigen.
","Das heißt, du musst Tiere mit bloßen Händen
oder mit deinem Überlebensmesser erledigen.
"
0xbb64,"Pilze und andere niedrige Pflanzen müsstest
du problemlos durch einen Faustschlag oder
mit dem Messer ernten können.
","Pilze und andere niedrige Pflanzen müsstest
du problemlos durch einen Faustschlag oder
mit dem Messer ernten können.
"
0xbbdc,"Kleine Tiere zu fangen wird schwieriger, aber
wenn du dich von hinten anschleichst, hast du
vielleicht eine Chance.
","Kleine Tiere zu fangen wird schwieriger, aber
wenn du dich von hinten anschleichst, hast du
vielleicht eine Chance.
"
0xbc51,"Major ...
","Major ...
"
0xbc5c,"Was gibt's?
","Was gibt's?
"
0xbc69,"... Warum hat uns The Boss verraten?
","... Warum hat uns The Boss verraten?
"
0xbc8f,"Lass die Sache auf sich beruhen, Snake.
","Lass die Sache auf sich beruhen, Snake.
"
0xbcb8,"Aber ...
","Aber ...
"
0xbcc2,"Wir haben es doch schon einmal durchgekaut.
Außerdem ändert es nichts, wenn du jetzt nach
Gründen fragst.
","Wir haben es doch schon einmal durchgekaut.
Außerdem ändert es nichts, wenn du jetzt nach
Gründen fragst.
"
0xbd30,"Ich hatte gehofft, ich könnte es herausfinden,
wenn ich sie sehe. Ich dachte, dann würde sie
es mir bestimmt sagen. Aber ...
","Ich hatte gehofft, ich könnte es herausfinden,
wenn ich sie sehe. Ich dachte, dann würde sie
es mir bestimmt sagen. Aber ...
"
0xbdb0,"Dann musst du deine eigenen Antworten
finden.
","Dann musst du deine eigenen Antworten
finden.
"
0xbddf,"... Indem ich meinen „Einsatz"" ausführe?
","... Indem ich meinen „Einsatz"" ausführe?
"
0xbe0c,"Ja.
","Ja.
"
0xbe11,"...
","...
"
0xbe16,"Wie ich sehe, hast du die Fabrik erreicht.
","Wie ich sehe, hast du die Fabrik erreicht.
"
0xbe42,"Ja. Jetzt muss ich diesen ADAM treffen.
","Ja. Jetzt muss ich diesen ADAM treffen.
"
0xbe6b,"Gut, tu's.
","Gut, tu's.
"
0xbe77,"Und wo ist er?
","Und wo ist er?
"
0xbe87,"Einen exakten Treffpunkt hat man uns nicht
genannt.
","Einen exakten Treffpunkt hat man uns nicht
genannt.
"
0xbebc,"Und wie ist es mit einem Zeitpunkt?
","Und wie ist es mit einem Zeitpunkt?
"
0xbee1,"Auch nicht.
","Auch nicht.
"
0xbeee,"Wie sieht er denn aus?
","Wie sieht er denn aus?
"
0xbf06,"Ich bin mir nicht sicher.
","Ich bin mir nicht sicher.
"
0xbf21,"... Wie soll ich ihn dann finden?
","... Wie soll ich ihn dann finden?
"
0xbf44,"Das brauchst du nicht.
","Das brauchst du nicht.
"
0xbf5c,"?
","?
"
0xbf5f,"Er wird dich finden.
","Er wird dich finden.
"
0xbf75,"...
","...
"
0xbf7a,"Warum probierst du nicht den Raum
nordöstlich von der Stelle, wo du Sokolov
getroffen hast? Vielleicht ist ADAM ja in jenem
Raum.
","Warum probierst du nicht den Raum
nordöstlich von der Stelle, wo du Sokolov
getroffen hast? Vielleicht ist ADAM ja in jenem
Raum.
"
0xbffe,"Warum probierst du nicht den Raum
nordöstlich von der Stelle, wo du Sokolov
getroffen hast. Vielleicht ist ADAM jetzt dort.
","Warum probierst du nicht den Raum
nordöstlich von der Stelle, wo du Sokolov
getroffen hast. Vielleicht ist ADAM jetzt dort.
"
0xc07c,"ADAM ist ein Spion, der im Auftrag des KGB
Volgins Truppen infiltrieren soll. Nähere dich
ihm mit äußerster Vorsicht.
","ADAM ist ein Spion, der im Auftrag des KGB
Volgins Truppen infiltrieren soll. Nähere dich
ihm mit äußerster Vorsicht.
"
0xc0f6,"Natürlich. Er darf Volgin schließlich nichts von
unserem Treffen verraten.
","Natürlich. Er darf Volgin schließlich nichts von
unserem Treffen verraten.
"
0xc144,"Richtig.
","Richtig.
"
0xc14e,"ADAM wird sich nicht zeigen, wenn du vom
Feind verfolgt wirst.
","ADAM wird sich nicht zeigen, wenn du vom
Feind verfolgt wirst.
"
0xc18e,"Bevor du ADAM triffst, stelle sicher, dass der
Gegner dich nicht gesehen hat.
","Bevor du ADAM triffst, stelle sicher, dass der
Gegner dich nicht gesehen hat.
"
0xc1dd,"Triff ihn in der Normalphase. Verstanden?
","Triff ihn in der Normalphase. Verstanden?
"
0xc208,"Wie es scheint, hast du alle Ocelots
abgehängt.
","Wie es scheint, hast du alle Ocelots
abgehängt.
"
0xc23a,"Ja.
","Ja.
"
0xc23f,"Jetzt rette Sokolov. EVA zufolge solltest du
zunächst zu dem Spalt im Norden gehen und
dann ...
","Jetzt rette Sokolov. EVA zufolge solltest du
zunächst zu dem Spalt im Norden gehen und
dann ...
"
0xc2a1,"Können wir ihr vertrauen?
","Können wir ihr vertrauen?
"
0xc2bd,"Bitte?
","Bitte?
"
0xc2c5,"EVA arbeitet für den KGB, nicht wahr? Kann
ich ihren Worten denn trauen? Woher weiß ich,
dass sie kein doppeltes Spiel treibt?
","EVA arbeitet für den KGB, nicht wahr? Kann
ich ihren Worten denn trauen? Woher weiß ich,
dass sie kein doppeltes Spiel treibt?
"
0xc347,"In der Spionage gibt es keine Garantien,
Snake. Nur kalkulierte Risiken.
","In der Spionage gibt es keine Garantien,
Snake. Nur kalkulierte Risiken.
"
0xc391,"Momentan hätte der KGB durch einen
Dolchstoß nichts zu gewinnen.
","Momentan hätte der KGB durch einen
Dolchstoß nichts zu gewinnen.
"
0xc3d5,"Soll das heißen, ich kann ihr vertrauen?
","Soll das heißen, ich kann ihr vertrauen?
"
0xc400,"Ich will damit nur sagen, dass die
Wahrscheinlichkeit, dass sie dich hintergeht,
gering ist.
","Ich will damit nur sagen, dass die
Wahrscheinlichkeit, dass sie dich hintergeht,
gering ist.
"
0xc45e,"...
","...
"
0xc463,"Natürlich haben wir die Route, die sie dir
angegeben hat, mit unseren Daten verglichen.
","Natürlich haben wir die Route, die sie dir
angegeben hat, mit unseren Daten verglichen.
"
0xc4bd,"Es scheint ein recht solider Weg hinein zu
sein.
","Es scheint ein recht solider Weg hinein zu
sein.
"
0xc4ef,"Sie nutzt die Schwachstellen in der
Verteidigung des Feindes. Es dürfte eigentlich
keine Schwierigkeiten geben.
","Sie nutzt die Schwachstellen in der
Verteidigung des Feindes. Es dürfte eigentlich
keine Schwierigkeiten geben.
"
0xc561,"Folge der Route, die EVA dir gezeigt hat, und
fahre mit deinem Einsatz fort.
","Folge der Route, die EVA dir gezeigt hat, und
fahre mit deinem Einsatz fort.
"
0xc5af,"Verstanden.
","Verstanden.
"
0xc5bc,"Betritt die Höhle zunächst durch den Spalt.
EVA meinte, er liege in nördlicher Richtung.
Orientiere dich daran.
","Betritt die Höhle zunächst durch den Spalt.
EVA meinte, er liege in nördlicher Richtung.
Orientiere dich daran.
"
0xc630,"Snake, wie ich höre, hat dir EVA Kleidung
eines Wissenschaftlers besorgt.
","Snake, wie ich höre, hat dir EVA Kleidung
eines Wissenschaftlers besorgt.
"
0xc67c,"Ja.
","Ja.
"
0xc681,"Geh im Bildschirm „TARNUNG"" zur Option
„UNIFORM"" und wähle
„WISSENSCHAFTLER"", um dich als
Wissenschaftler zu verkleiden.
","Geh im Bildschirm „TARNUNG"" zur Option
„UNIFORM"" und wähle
„WISSENSCHAFTLER"", um dich als
Wissenschaftler zu verkleiden.
"
0xc702,"WISSENSCHAFTLER ...
","WISSENSCHAFTLER ...
"
0xc717,"Aber in der Verkleidung als Wissenschaftler
sind Wanderungen durch den Dschungel nicht
gerade zu empfehlen.
","Aber in der Verkleidung als Wissenschaftler
sind Wanderungen durch den Dschungel nicht
gerade zu empfehlen.
"
0xc784,"Wer wäre schon so dumm?!
","Wer wäre schon so dumm?!
"
0xc79f,"Stimmt. Niemand, der noch ganz bei Trost ist,
würde als Wissenschaftler verkleidet durch den
Dschungel spazieren. Das wäre verrückt -
","Stimmt. Niemand, der noch ganz bei Trost ist,
würde als Wissenschaftler verkleidet durch den
Dschungel spazieren. Das wäre verrückt -
"
0xc829,"nein, mehr als das: purer Wahnsinn!
","nein, mehr als das: purer Wahnsinn!
"
0xc84e,"Findest du nicht auch, Snake?
","Findest du nicht auch, Snake?
"
0xc86d,"Ja ...
","Ja ...
"
0xc875,"Snake ...
","Snake ...
"
0xc880,"Was ist los, Major?
","Was ist los, Major?
"
0xc895,"Das sollte ich dich fragen. Warum trägst du
diese Kleider?
","Das sollte ich dich fragen. Warum trägst du
diese Kleider?
"
0xc8d2,"Ich wollte sie einfach mal ausprobieren.
","Ich wollte sie einfach mal ausprobieren.
"
0xc8fc,"Hast du mir denn gar nicht zugehört?
","Hast du mir denn gar nicht zugehört?
"
0xc923,"Was hast du dir eigentlich dabei gedacht -
mitten im Dschungel wie ein Wissenschaftler
herumzulaufen.
","Was hast du dir eigentlich dabei gedacht -
mitten im Dschungel wie ein Wissenschaftler
herumzulaufen.
"
0xc98a,"Schau dir mal deinen Tarnindex an. Du bist
eine Zielscheibe auf Beinen!
","Schau dir mal deinen Tarnindex an. Du bist
eine Zielscheibe auf Beinen!
"
0xc9d3,"Tarn dich wieder - jetzt!
","Tarn dich wieder - jetzt!
"
0xc9ee,"... Immer mit der Ruhe ...
","... Immer mit der Ruhe ...
"
0xca0a,"Wie bitte?!
","Wie bitte?!
"
0xca17,"Ach, nichts.
","Ach, nichts.
"
0xca25,"Snake, das Wichtigste bei diesem Einsatz für
dich ist, Sokolov zu retten. EVA zufolge ist er
im Labor, also begib dich dorthin.
","Snake, das Wichtigste bei diesem Einsatz für
dich ist, Sokolov zu retten. EVA zufolge ist er
im Labor, also begib dich dorthin.
"
0xcaa7,"Okay.
","Okay.
"
0xcaae,"Weißt du noch, wie man ins Labor gelangt?
","Weißt du noch, wie man ins Labor gelangt?
"
0xcada,"Sie meinen, was mir EVA gesagt hat?
","Sie meinen, was mir EVA gesagt hat?
"
0xcaff,"Ja.
","Ja.
"
0xcb04,"Natürlich.
","Natürlich.
"
0xcb11,"Okay, wiederhole es für mich.
","Okay, wiederhole es für mich.
"
0xcb31,"Major, glauben Sie, dass ich so etwas
vergessen könnte?
","Major, glauben Sie, dass ich so etwas
vergessen könnte?
"
0xcb6b,"Dann wiederhole es.
","Dann wiederhole es.
"
0xcb80,"Erst gehe ich Richtung Norden.
","Erst gehe ich Richtung Norden.
"
0xcba0,"Mmm.
","Mmm.
"
0xcba6,"Dann gelange ich an einen Spalt ...
","Dann gelange ich an einen Spalt ...
"
0xcbcb,"... Erst muss ich zum Ende der Höhle
gelangen.
","... Erst muss ich zum Ende der Höhle
gelangen.
"
0xcbfc,"Mmm.
","Mmm.
"
0xcc02,"Dann erreiche ich ein Aquädukt.
","Dann erreiche ich ein Aquädukt.
"
0xcc24,"... Zunächst folge ich diesem Aquädukt in
Richtung Norden.
","... Zunächst folge ich diesem Aquädukt in
Richtung Norden.
"
0xcc62,"Mmm.
","Mmm.
"
0xcc68,"Dann erreiche ich ein Lager.
","Dann erreiche ich ein Lager.
"
0xcc86,"Und dann?
","Und dann?
"
0xcc91,"Und dann ...
","Und dann ...
"
0xcc9f,"...
","...
"
0xcca4,"Okay, sprechen wir es noch einmal durch.
","Okay, sprechen wir es noch einmal durch.
"
0xccce,"Zunächst hältst du dich im Dschungel Richtung
Norden. Betritt die Höhle durch den Spalt im
Norden.
","Zunächst hältst du dich im Dschungel Richtung
Norden. Betritt die Höhle durch den Spalt im
Norden.
"
0xcd35,"Geh bis zum Ende der Höhle. Du gelangst zu
einem von Mangroven überwachsenes
Aquädukt.
","Geh bis zum Ende der Höhle. Du gelangst zu
einem von Mangroven überwachsenes
Aquädukt.
"
0xcd90,"Folge dem Aquädukt nach Norden. So
müsstest du zu einer Lagerhalle gelangen.
Steige dort aus dem Wasser und geh in die
Lagerhalle.
","Folge dem Aquädukt nach Norden. So
müsstest du zu einer Lagerhalle gelangen.
Steige dort aus dem Wasser und geh in die
Lagerhalle.
"
0xce16,"Durchquere das Lager in nördlicher Richtung.
","Durchquere das Lager in nördlicher Richtung.
"
0xce45,"Du kommst wieder im Wald heraus. Das Labor
liegt direkt in nördlicher Richtung.
","Du kommst wieder im Wald heraus. Das Labor
liegt direkt in nördlicher Richtung.
"
0xce97,"Hast du es jetzt verstanden?
","Hast du es jetzt verstanden?
"
0xceb5,"J-ja.
","J-ja.
"
0xcebc,"Snake ...
","Snake ...
"
0xcec7,"Ja ja, ich habe verstanden. Einfach gesagt
gehe ich immer in Richtung Norden, stimmt's?
","Ja ja, ich habe verstanden. Einfach gesagt
gehe ich immer in Richtung Norden, stimmt's?
"
0xcf20,"...
","...
"
0xcf25,"EVA hatte schon Recht, als sie meinte, es sei
äußerst gefährlich, sich nachts in einem
unbekannten Urwald zu bewegen.
","EVA hatte schon Recht, als sie meinte, es sei
äußerst gefährlich, sich nachts in einem
unbekannten Urwald zu bewegen.
"
0xcf9f,"Früher, bei der SAS, schlugen wir unser Lager
stets vor Sonnenuntergang auf und warteten
bis zum Morgengrauen, bevor wir unseren
Marsch fortsetzten.
","Früher, bei der SAS, schlugen wir unser Lager
stets vor Sonnenuntergang auf und warteten
bis zum Morgengrauen, bevor wir unseren
Marsch fortsetzten.
"
0xd036,"Dass du in der verlassenen Fabrik bleiben
konntest, hat die Sache für dich erheblich
vereinfacht. Dafür solltest du EVA dankbar
sein.
","Dass du in der verlassenen Fabrik bleiben
konntest, hat die Sache für dich erheblich
vereinfacht. Dafür solltest du EVA dankbar
sein.
"
0xd0bf,"Im Unterschied zu deinem Training kannst du
jetzt unter Wasser keine Handfeuerwaffen oder
Sturmgewehre abfeuern. Denk daran.
","Im Unterschied zu deinem Training kannst du
jetzt unter Wasser keine Handfeuerwaffen oder
Sturmgewehre abfeuern. Denk daran.
"
0xd13d,"Achte unter Wasser auf deine O2-Anzeige.
","Achte unter Wasser auf deine O2-Anzeige.
"
0xd167,"Die O2-Anzeige wird stets dann eingeblendet,
wenn du den Atem anhältst. Sie zeigt dir, wie
lange du noch den Atem anhalten kannst.
","Die O2-Anzeige wird stets dann eingeblendet,
wenn du den Atem anhältst. Sie zeigt dir, wie
lange du noch den Atem anhalten kannst.
"
0xd1ec,"Je länger du den Atem anhältst, desto mehr
sinkt die O2-Anzeige.
","Je länger du den Atem anhältst, desto mehr
sinkt die O2-Anzeige.
"
0xd230,"Wenn die O2-Anzeige aufgebraucht ist, nimmt
dein LEBEN ab.
","Wenn die O2-Anzeige aufgebraucht ist, nimmt
dein LEBEN ab.
"
0xd26c,"Du benötigst frische Luft, um die O2-Anzeige
wieder aufzufüllen. Hole also Luft, bevor du
erstickst.
","Du benötigst frische Luft, um die O2-Anzeige
wieder aufzufüllen. Hole also Luft, bevor du
erstickst.
"
0xd2d4,"Wie hoch die O2-Anzeige steht, hängt davon
ab, wie viel Ausdauer du zu dem
entsprechenden Zeitpunkt hast.
","Wie hoch die O2-Anzeige steht, hängt davon
ab, wie viel Ausdauer du zu dem
entsprechenden Zeitpunkt hast.
"
0xd340,"Wenn du dich länger unter Wasser aufhalten
musst, iss erst etwas, um deine Ausdauer
wieder aufzufüllen.
","Wenn du dich länger unter Wasser aufhalten
musst, iss erst etwas, um deine Ausdauer
wieder aufzufüllen.
"
0xd3ab,"Snake, was in Gottes Namen ...?
","Snake, was in Gottes Namen ...?
"
0xd3cc,"Wie sieht das aus?
","Wie sieht das aus?
"
0xd3e0,"Cool!
","Cool!
"
0xd3e7,"Bitte?
","Bitte?
"
0xd3ef,"Es steht Ihnen gut.
","Es steht Ihnen gut.
"
0xd404,"Wirklich?
","Wirklich?
"
0xd40f,"Ja!
","Ja!
"
0xd414,"„Cool"" ist wohl nicht das richtige Wort.
","„Cool"" ist wohl nicht das richtige Wort.
"
0xd440,"Warum? Was stimmt damit nicht?
","Warum? Was stimmt damit nicht?
"
0xd460,"Was nicht stimmt ...
","Was nicht stimmt ...
"
0xd476,"Meinen Sie nicht, dass es albern aussieht?
Finden Sie es nicht lächerlich? Wollen Sie
nicht fragen, was zum Teufel ich mir dabei
gedacht habe?
","Meinen Sie nicht, dass es albern aussieht?
Finden Sie es nicht lächerlich? Wollen Sie
nicht fragen, was zum Teufel ich mir dabei
gedacht habe?
"
0xd507,"Nein.
","Nein.
"
0xd50e,"...
","...
"
0xd513,"Ich finde wirklich, dass die Kappe gut aussieht.
Sie erinnert mich an „The Alligator People"".
","Ich finde wirklich, dass die Kappe gut aussieht.
Sie erinnert mich an „The Alligator People"".
"
0xd574,"... The was?
","... The was?
"
0xd582,"„The Alligator People"". Ein
Science-fiction-Film. Haben Sie noch nie davon
gehört?
","„The Alligator People"". Ein
Science-fiction-Film. Haben Sie noch nie davon
gehört?
"
0xd5d9,"Nein.
","Nein.
"
0xd5e0,"Oh ... Sie sollten ihn sich mal ansehen.
","Oh ... Sie sollten ihn sich mal ansehen.
"
0xd60a,"Es geht um einen Mann, der bei einem
Autounfall verletzt wird und versucht, seine
Wunden zu heilen, indem er sich mit einem
Krokodilserum injiziert.
","Es geht um einen Mann, der bei einem
Autounfall verletzt wird und versucht, seine
Wunden zu heilen, indem er sich mit einem
Krokodilserum injiziert.
"
0xd6a0,"Doch dadurch verwandelt sich sein Kopf in den
eines Krokodils.
","Doch dadurch verwandelt sich sein Kopf in den
eines Krokodils.
"
0xd6e0,"Mit der Maske sehen Sie ihm sehr ähnlich.
Wirklich beeindruckend.
","Mit der Maske sehen Sie ihm sehr ähnlich.
Wirklich beeindruckend.
"
0xd724,"Okay ...
","Okay ...
"
0xd72e,"???
","???
"
0xd733,"Schon gut.
","Schon gut.
"
0xd73f,"Eigentlich ist es ja okay, wenn du dich mit
dieser Kappe als Krokodil tarnst und den Kopf
aus dem Wasser hältst.
","Eigentlich ist es ja okay, wenn du dich mit
dieser Kappe als Krokodil tarnst und den Kopf
aus dem Wasser hältst.
"
0xd7b2,"Gut. Du hast die Relaisstation erreicht. Aber
bleib auf der Hut. Die Station ist ein Stützpunkt
des Feindes. Es gibt sicher scharfe
Sicherheitsvorkehrungen.
","Gut. Du hast die Relaisstation erreicht. Aber
bleib auf der Hut. Die Station ist ein Stützpunkt
des Feindes. Es gibt sicher scharfe
Sicherheitsvorkehrungen.
"
0xd851,"Aber ich muss hier durch, um zum Spalt zu
gelangen.
","Aber ich muss hier durch, um zum Spalt zu
gelangen.
"
0xd886,"Stimmt.
","Stimmt.
"
0xd88f,"Der Spalt zur Höhle liegt nördlich dieses
Gebiets. Such nach einem Weg, um dich am
Feind vorbeizuschleichen und geh in Richtung
Norden weiter.
","Der Spalt zur Höhle liegt nördlich dieses
Gebiets. Such nach einem Weg, um dich am
Feind vorbeizuschleichen und geh in Richtung
Norden weiter.
"
0xd921,"Snake, ist alles in Ordnung? Snake!!
","Snake, ist alles in Ordnung? Snake!!
"
0xd947,"Major ...
","Major ...
"
0xd952,"Snake ...
","Snake ...
"
0xd95d,"Ist alles in Ordnung? Sie sind nicht verletzt?
","Ist alles in Ordnung? Sie sind nicht verletzt?
"
0xd98d,"Nein. Ein ganz schöner Fall, aber es ist nichts
passiert ... Wieder hoch komme ich dort
allerdings wohl nicht.
","Nein. Ein ganz schöner Fall, aber es ist nichts
passiert ... Wieder hoch komme ich dort
allerdings wohl nicht.
"
0xd9fe,"Aha ... Na ja, Hauptsache, du bist unverletzt.
","Aha ... Na ja, Hauptsache, du bist unverletzt.
"
0xda2e,"Ausrutschen und Abstürzen gehörte zwar nicht
zum Plan, aber in die Höhle solltest du ja
ohnehin. Geh tiefer in die Höhle hinein.
","Ausrutschen und Abstürzen gehörte zwar nicht
zum Plan, aber in die Höhle solltest du ja
ohnehin. Geh tiefer in die Höhle hinein.
"
0xdab4,"Die Höhle wirkt wie ein Labyrinth, aber es
muss irgendwo einen Ausgang geben. Such ihn
und geh zum Aquädukt.
","Die Höhle wirkt wie ein Labyrinth, aber es
muss irgendwo einen Ausgang geben. Such ihn
und geh zum Aquädukt.
"
0xdb24,"Okay. Aber es könnte etwas dauern, bis ich
aus dieser Höhle raus bin.
","Okay. Aber es könnte etwas dauern, bis ich
aus dieser Höhle raus bin.
"
0xdb6d,"Bist du verletzt?
","Bist du verletzt?
"
0xdb80,"Nein.
","Nein.
"
0xdb87,"War es der Feind? Hat er dir eine Falle
gestellt?
","War es der Feind? Hat er dir eine Falle
gestellt?
"
0xdbba,"Auch nicht.
","Auch nicht.
"
0xdbc7,"Was ist dann los?
","Was ist dann los?
"
0xdbda,"Es ist dunkel hier drin.
","Es ist dunkel hier drin.
"
0xdbf4,"Dunkel?
","Dunkel?
"
0xdbfd,"Ja. Nirgendwo ist Licht. Ich hätte eine
Taschenlampe mitbringen sollen ...
","Ja. Nirgendwo ist Licht. Ich hätte eine
Taschenlampe mitbringen sollen ...
"
0xdc4a,"Soll das heißen, es wird etwas dauern, nur weil
du keine Taschenlampe hast?
","Soll das heißen, es wird etwas dauern, nur weil
du keine Taschenlampe hast?
"
0xdc98,"Genau.
","Genau.
"
0xdca0,"Snake, wenn du keine Taschenlampe hast,
such etwas anderes.
","Snake, wenn du keine Taschenlampe hast,
such etwas anderes.
"
0xdcdd,"Amerikanische Soldaten verlassen sich
heutzutage zu sehr auf fertige Ausrüstung.
","Amerikanische Soldaten verlassen sich
heutzutage zu sehr auf fertige Ausrüstung.
"
0xdd30,"Jetzt geht's wieder los ...
","Jetzt geht's wieder los ...
"
0xdd4d,"Bitte?
","Bitte?
"
0xdd55,"Ach nichts.
","Ach nichts.
"
0xdd62,"Amerikanische Soldaten verlassen sich zu sehr
auf fertige Ausrüstung.
","Amerikanische Soldaten verlassen sich zu sehr
auf fertige Ausrüstung.
"
0xddaa,"Doch nicht nur das. Sie scheinen nicht zu
begreifen, dass ein Objekt mehrere Funktionen
erfüllen kann.
","Doch nicht nur das. Sie scheinen nicht zu
begreifen, dass ein Objekt mehrere Funktionen
erfüllen kann.
"
0xde13,"Zu meiner Zeit in der SAS hatten wir das
Problem nie.
","Zu meiner Zeit in der SAS hatten wir das
Problem nie.
"
0xde4a,"Man brachte uns bei, jedes Ausrüstungsteil so
vielseitig wie möglich einzusetzen.
","Man brachte uns bei, jedes Ausrüstungsteil so
vielseitig wie möglich einzusetzen.
"
0xde9f,"Wenn du keine Taschenlampe hast, such nach
etwas anderem. Du musst flexibel und
innovativ denken, wenn du ...
","Wenn du keine Taschenlampe hast, such nach
etwas anderem. Du musst flexibel und
innovativ denken, wenn du ...
"
0xdf0e,"He, hörst du mir überhaupt zu.
","He, hörst du mir überhaupt zu.
"
0xdf30,"Ja, natürlich.
","Ja, natürlich.
"
0xdf41,"Schau dir an, was du bei dir trägst. Hast du
nichts, was leuchten könnte?
","Schau dir an, was du bei dir trägst. Hast du
nichts, was leuchten könnte?
"
0xdf8e,"Du hast doch deine Zigarren. Damit kannst du
zumindestens den Boden vor dir erkennen.
Zünde eine Zigarre an.
","Du hast doch deine Zigarren. Damit kannst du
zumindestens den Boden vor dir erkennen.
Zünde eine Zigarre an.
"
0xdffd,"Snake, die Hornissen, die dich bei deinem
Kampf gegen Ocelot angegriffen haben ...
","Snake, die Hornissen, die dich bei deinem
Kampf gegen Ocelot angegriffen haben ...
"
0xe051,"Ich weiß. Sie kamen mir auch bekannt vor. Sie
sahen wie die Hornissen aus, mit denen ich bei
der „Virtuosen Mission"" Bekanntschaft machte.
","Ich weiß. Sie kamen mir auch bekannt vor. Sie
sahen wie die Hornissen aus, mit denen ich bei
der „Virtuosen Mission"" Bekanntschaft machte.
"
0xe0e0,"Es war also ein Mitglied der Cobras?
","Es war also ein Mitglied der Cobras?
"
0xe106,"Das meinte Ocelot auch.
","Das meinte Ocelot auch.
"
0xe11f,"Bleib auf der Hut.
","Bleib auf der Hut.
"
0xe133,"Das werde ich.
","Das werde ich.
"
0xe143,"Wie ich höre, hast du The Pain besiegt.
","Wie ich höre, hast du The Pain besiegt.
"
0xe16d,"Ja. Es war nicht einfach.
","Ja. Es war nicht einfach.
"
0xe188,"Und es sind noch drei weitere übrig.
","Und es sind noch drei weitere übrig.
"
0xe1af,"Vier.
","Vier.
"
0xe1b6,"?
","?
"
0xe1b9,"Es gibt noch vier Cobras - du hast ihre
Anführerin vergessen: The Boss.
","Es gibt noch vier Cobras - du hast ihre
Anführerin vergessen: The Boss.
"
0xe203,"... Ich weiß ...
","... Ich weiß ...
"
0xe216,"Gut.
","Gut.
"
0xe21c,"Der Ausgang müsste hinten in der Höhle
liegen. Durchquere die Höhle und suche den
Ausgang zum Aquädukt im Sumpf.
","Der Ausgang müsste hinten in der Höhle
liegen. Durchquere die Höhle und suche den
Ausgang zum Aquädukt im Sumpf.
"
0xe292,"Major, warum ist The Pain explodiert ...?
","Major, warum ist The Pain explodiert ...?
"
0xe2bd,"Major, warum explodieren sie ...?
","Major, warum explodieren sie ...?
"
0xe2e0,"Das ist ein Teil ihrer Legende.
","Das ist ein Teil ihrer Legende.
"
0xe301,"Legende?
","Legende?
"
0xe30b,"Die Legende der Cobras. Sigint wird es dir
erklären. Sigint?
","Die Legende der Cobras. Sigint wird es dir
erklären. Sigint?
"
0xe34a,"Ja. Es ist eine Mikrobombe.
","Ja. Es ist eine Mikrobombe.
"
0xe367,"Eine Mikrobombe?
","Eine Mikrobombe?
"
0xe379,"Ja.
","Ja.
"
0xe37e,"Im Zweiten Weltkrieg wurde die Cobra-Einheit
für die schmutzigsten Einsätze herangezogen.
Aufträge, die niemals bekannt werden durften.
","Im Zweiten Weltkrieg wurde die Cobra-Einheit
für die schmutzigsten Einsätze herangezogen.
Aufträge, die niemals bekannt werden durften.
"
0xe40a,"Ihre Einsätze waren so streng geheim, dass
die Cobras nicht nur nicht dem Feind in die
Hände fallen durften, sondern sie konnten nicht
einmal als Leiche zurückbleiben.
","Ihre Einsätze waren so streng geheim, dass
die Cobras nicht nur nicht dem Feind in die
Hände fallen durften, sondern sie konnten nicht
einmal als Leiche zurückbleiben.
"
0xe4b6,"Es heißt, dass sie darum bei Einsätzen
","Es heißt, dass sie darum bei Einsätzen
"
0xe4e0,"eine Mikrobombe bei sich trugen - für den Fall,
dass sie Selbstmord begehen müssten.
","eine Mikrobombe bei sich trugen - für den Fall,
dass sie Selbstmord begehen müssten.
"
0xe538,"Ich dachte immer, es sei nur ein Gerücht ...
Ich hätte nicht gedacht, dass da etwas dran
ist.
","Ich dachte immer, es sei nur ein Gerücht ...
Ich hätte nicht gedacht, dass da etwas dran
ist.
"
0xe599,"...
","...
"
0xe59e,"Warum sollten sie aber jetzt Bomben bei sich
tragen? Sie sind doch schließlich nicht auf
feindlichem Territorium.
","Warum sollten sie aber jetzt Bomben bei sich
tragen? Sie sind doch schließlich nicht auf
feindlichem Territorium.
"
0xe612,"... Vielleicht sind sie bereit zu sterben.
","... Vielleicht sind sie bereit zu sterben.
"
0xe63e,"Bereit zu sterben?
","Bereit zu sterben?
"
0xe652,"Ja. Ihre Einheit besteht nicht mehr. Sie haben
nicht einmal mehr ein Heimatland.
","Ja. Ihre Einheit besteht nicht mehr. Sie haben
nicht einmal mehr ein Heimatland.
"
0xe6a4,"Der einzige Ort zum Sterben ist also das
Schlachtfeld, was?
","Der einzige Ort zum Sterben ist also das
Schlachtfeld, was?
"
0xe6e1,"Ja, es gibt keinen Weg zurück für sie ...
","Ja, es gibt keinen Weg zurück für sie ...
"
0xe70e,"Ob es The Boss wohl auch so ergeht ...
","Ob es The Boss wohl auch so ergeht ...
"
0xe736,"Du hast also das Aquädukt gefunden. Wenn du
ihm in nördlicher Richtung folgst, gelangst du
zu einer Lagerhalle, die als Umschlagplatz für
Vorräte dient.
","Du hast also das Aquädukt gefunden. Wenn du
ihm in nördlicher Richtung folgst, gelangst du
zu einer Lagerhalle, die als Umschlagplatz für
Vorräte dient.
"
0xe7d4,"Durchquere das Lager. Du gelangst in einen
Wald.
","Durchquere das Lager. Du gelangst in einen
Wald.
"
0xe806,"Das Labor, in dem Sokolov gefangen gehalten
wird, liegt unmittelbar nördlich dieses Waldes.
Geh also in diese Richtung.
","Das Labor, in dem Sokolov gefangen gehalten
wird, liegt unmittelbar nördlich dieses Waldes.
Geh also in diese Richtung.
"
0xe880,"Major, EVA reagiert nicht auf
Funkmeldungen ...
","Major, EVA reagiert nicht auf
Funkmeldungen ...
"
0xe8b1,"Okay.
","Okay.
"
0xe8b8,"Okay?
","Okay?
"
0xe8bf,"Snake, sie spricht mit dir aus der Anlage des
Feindes. Sie kann bestimmt nicht immer das
Funkgerät benutzen.
","Snake, sie spricht mit dir aus der Anlage des
Feindes. Sie kann bestimmt nicht immer das
Funkgerät benutzen.
"
0xe92e,"Nur weil du keine Antwort bekommst, muss
das nicht bedeuten, dass etwas nicht stimmt.
","Nur weil du keine Antwort bekommst, muss
das nicht bedeuten, dass etwas nicht stimmt.
"
0xe985,"Mach dir keine Sorgen um EVA. Konzentriere
dich lieber auf deinen Einsatz.
","Mach dir keine Sorgen um EVA. Konzentriere
dich lieber auf deinen Einsatz.
"
0xe9d1,"Verstanden.
","Verstanden.
"
0xe9de,"Major, man hat Sokolov weggebracht.
","Major, man hat Sokolov weggebracht.
"
0xea03,"Ja. Sie haben vermutlich gesehen, wie er aus
dem Labor zu fliehen versuchte ...
","Ja. Sie haben vermutlich gesehen, wie er aus
dem Labor zu fliehen versuchte ...
"
0xea54,"Sagte Volgin nicht, dass der letzte Test noch
durchgeführt werden muss?
","Sagte Volgin nicht, dass der letzte Test noch
durchgeführt werden muss?
"
0xea9e,"Ja.
","Ja.
"
0xeaa3,"Dann haben sie Sokolov sicher zum Labor
zurückgebracht. Geh dorthin und hol Sokolov
da raus.
","Dann haben sie Sokolov sicher zum Labor
zurückgebracht. Geh dorthin und hol Sokolov
da raus.
"
0xeb02,"Durchquere die Lagerhalle. Du kommst südlich
vom Labor raus.
","Durchquere die Lagerhalle. Du kommst südlich
vom Labor raus.
"
0xeb41,"Finde einen Weg ins Lager. Halte dabei nach
gegnerischen Wachposten Ausschau.
","Finde einen Weg ins Lager. Halte dabei nach
gegnerischen Wachposten Ausschau.
"
0xeb90,"Major, wissen Sie etwas über diese Tanya?
","Major, wissen Sie etwas über diese Tanya?
"
0xebbc,"Nein.
","Nein.
"
0xebc3,"Nichts?
","Nichts?
"
0xebcc,"Nicht das Geringste.
","Nicht das Geringste.
"
0xebe2,"Warum nicht? Sie haben Sokolov doch sicher
überprüft, als er vor zwei Jahren zum Westen
überlief. Wenn er eine Geliebte hatte ...
","Warum nicht? Sie haben Sokolov doch sicher
überprüft, als er vor zwei Jahren zum Westen
überlief. Wenn er eine Geliebte hatte ...
"
0xec68,"Natürlich haben wir ihn genauestens überprüft,
aber es gab keine Hinweise auf eine Geliebte.
","Natürlich haben wir ihn genauestens überprüft,
aber es gab keine Hinweise auf eine Geliebte.
"
0xecc9,"Vielleicht haben Sie es übersehen.
","Vielleicht haben Sie es übersehen.
"
0xecee,"Unmöglich.
","Unmöglich.
"
0xecfb,"Dann muss die Affaire nach seiner Rückkehr
nach Russland begonnen haben.
","Dann muss die Affaire nach seiner Rückkehr
nach Russland begonnen haben.
"
0xed46,"Ich frage mich ...
","Ich frage mich ...
"
0xed5a,"Was gibt's, Major? Stimmt etwas nicht?
","Was gibt's, Major? Stimmt etwas nicht?
"
0xed82,"Ich glaube nicht, dass sich Sokolov eine
Geliebte nähme.
","Ich glaube nicht, dass sich Sokolov eine
Geliebte nähme.
"
0xedbd,"Warum nicht?
","Warum nicht?
"
0xedcb,"Ich erinnere mich noch daran, wie er vor zwei
Jahren war.
","Ich erinnere mich noch daran, wie er vor zwei
Jahren war.
"
0xee06,"Nachdem wir ihn über die Grenze geschafft
hatten und er im Krankenhaus das
Bewusstsein wiedererlangt hatte, waren seine
ersten Worte:
","Nachdem wir ihn über die Grenze geschafft
hatten und er im Krankenhaus das
Bewusstsein wiedererlangt hatte, waren seine
ersten Worte:
"
0xee8e,"„Sind meine Frau und meine Tochter in
Sicherheit?""
","„Sind meine Frau und meine Tochter in
Sicherheit?""
"
0xeec4,"Und bis zu seiner Rückkehr nach Russland bat
er mich immer wieder,
","Und bis zu seiner Rückkehr nach Russland bat
er mich immer wieder,
"
0xef09,"mich um seine Familie zu kümmern. Es war
fast so, als hätte er Fieberphantasien.
","mich um seine Familie zu kümmern. Es war
fast so, als hätte er Fieberphantasien.
"
0xef5d,"Sokolov liebt seine Familie. Er würde seine
Frau nicht betrügen.
","Sokolov liebt seine Familie. Er würde seine
Frau nicht betrügen.
"
0xefa1,"Major.
","Major.
"
0xefa9,"Was gibt's?
","Was gibt's?
"
0xefb6,"Die Menschen ändern sich.
","Die Menschen ändern sich.
"
0xefd2,"... Vielleicht hast du Recht.
","... Vielleicht hast du Recht.
"
0xeff1,"Ja, vielleicht ...
","Ja, vielleicht ...
"
0xf005,"Snake, hast du noch einen der Cobras
erledigt?
","Snake, hast du noch einen der Cobras
erledigt?
"
0xf035,"Ja.
","Ja.
"
0xf03a,"Ich bin mir ziemlich sicher, dass es The End
war. Gute Arbeit. Nun musst du dich später
nicht mehr mit ihm befassen.
","Ich bin mir ziemlich sicher, dass es The End
war. Gute Arbeit. Nun musst du dich später
nicht mehr mit ihm befassen.
"
0xf0b1,"Ja, das stimmt wohl ...
","Ja, das stimmt wohl ...
"
0xf0ca,"Was ist los?
","Was ist los?
"
0xf0d8,"Nichts.
","Nichts.
"
0xf0e1,"Du willst mir doch wohl nicht sagen, dass du
deine Kräfte mit einem legendären
Scharfschützen messen wolltest, vor dem
selbst The Boss Respekt hatte.
","Du willst mir doch wohl nicht sagen, dass du
deine Kräfte mit einem legendären
Scharfschützen messen wolltest, vor dem
selbst The Boss Respekt hatte.
"
0xf17b,"...
","...
"
0xf180,"Snake, das hier ist kein Wettkampf oder Sport.
Es ist Krieg. Du solltest nur daran denken, wie
du deinen Auftrag ausführen kannst.
","Snake, das hier ist kein Wettkampf oder Sport.
Es ist Krieg. Du solltest nur daran denken, wie
du deinen Auftrag ausführen kannst.
"
0xf205,"Ja ... Ich weiß.
","Ja ... Ich weiß.
"
0xf218,"Snake, raus aus dem Wasser. Du musst in die
Lagerhalle.
","Snake, raus aus dem Wasser. Du musst in die
Lagerhalle.
"
0xf251,"Um aus dem Wasser zu steigen, schwimmst
du neben die Stelle, an der du hinausklettern
willst.
","Um aus dem Wasser zu steigen, schwimmst
du neben die Stelle, an der du hinausklettern
willst.
"
0xf2b0,"Während du die Beine bewegst, drückst du die
Aktionstaste.
","Während du die Beine bewegst, drückst du die
Aktionstaste.
"
0xf2ee,"Das Sturmgewehr durchdringt auch Material
wie Holzbretter.
","Das Sturmgewehr durchdringt auch Material
wie Holzbretter.
"
0xf32a,"Du kannst also Feinde, die auf dem Kai
stehen, von unten erschießen. Denk daran.
","Du kannst also Feinde, die auf dem Kai
stehen, von unten erschießen. Denk daran.
"
0xf37d,"Gut. Du bist in der Lagerhalle. Durchquere sie.
","Gut. Du bist in der Lagerhalle. Durchquere sie.
"
0xf3ae,"Du kommst südlich des Labors raus, in dem
sie Sokolov gefangen halten.
","Du kommst südlich des Labors raus, in dem
sie Sokolov gefangen halten.
"
0xf3f7,"Der Ausgang müsste sich in der oberen Etage
an der Nordseite befinden. Geh die Treppe
hoch und durchquere das Lager Richtung
Norden.
","Der Ausgang müsste sich in der oberen Etage
an der Nordseite befinden. Geh die Treppe
hoch und durchquere das Lager Richtung
Norden.
"
0xf47e,"Snake, das Labor, in dem man Sokolov
gefangen hält, liegt nördlich des Waldes. Halte
dich in Richtung Norden.
","Snake, das Labor, in dem man Sokolov
gefangen hält, liegt nördlich des Waldes. Halte
dich in Richtung Norden.
"
0xf4ef,"Snake, pass auf. Wie es scheint, sind im Wald
Fallen ausgelegt.
","Snake, pass auf. Wie es scheint, sind im Wald
Fallen ausgelegt.
"
0xf530,"Ja, das habe ich gemerkt ...
","Ja, das habe ich gemerkt ...
"
0xf54e,"Die meisten dieser Fallen scheinen ausgelöst
zu werden, wenn jemand auf ein über den
Boden gespanntes Seil tritt.
","Die meisten dieser Fallen scheinen ausgelöst
zu werden, wenn jemand auf ein über den
Boden gespanntes Seil tritt.
"
0xf5c3,"Lauf nicht herum wie ein aufgescheuchtes
Huhn. Schau auf den Boden und pass auf, wo
du hintrittst.
","Lauf nicht herum wie ein aufgescheuchtes
Huhn. Schau auf den Boden und pass auf, wo
du hintrittst.
"
0xf627,"Einige Seile könnten so gespannt sein, dass
sie durch die Pflanzen verborgen sind. Sei
besonders vorsichtig, wenn du durchs
Gestrüpp gehst.
","Einige Seile könnten so gespannt sein, dass
sie durch die Pflanzen verborgen sind. Sei
besonders vorsichtig, wenn du durchs
Gestrüpp gehst.
"
0xf6b6,"Wenn du dich mit der Richtungstaste bewegst
und dich anpirschst, müsstest du die Fallen
bemerken, bevor du darauf trittst.
","Wenn du dich mit der Richtungstaste bewegst
und dich anpirschst, müsstest du die Fallen
bemerken, bevor du darauf trittst.
"
0xf733,"Durch Anpirschen kannst du dich ungefährdet
durch verdächtig aussehende Gebiete
bewegen.
","Durch Anpirschen kannst du dich ungefährdet
durch verdächtig aussehende Gebiete
bewegen.
"
0xf78f,"Das Labor ist also von einer hohen Mauer
umgeben ... Hinüberklettern ist vermutlich
keine gute Idee.
","Das Labor ist also von einer hohen Mauer
umgeben ... Hinüberklettern ist vermutlich
keine gute Idee.
"
0xf7f6,"Aber irgendwo muss es einen Eingang geben.
Halte die Augen offen.
","Aber irgendwo muss es einen Eingang geben.
Halte die Augen offen.
"
0xf839,"Die beste Informationsquelle zu einer solchen
Einrichtung sind die Menschen, die dort
verkehren.
","Die beste Informationsquelle zu einer solchen
Einrichtung sind die Menschen, die dort
verkehren.
"
0xf89b,"Befrage einen Feind zum Eingang.
","Befrage einen Feind zum Eingang.
"
0xf8bd,"Um einen Feind zu verhören, greifst du ihn mit
deiner CQC-Technik von hinten. Drück dann
die -Taste, um ihm ein Messer an die Kehle
zu halten.
","Um einen Feind zu verhören, greifst du ihn mit
deiner CQC-Technik von hinten. Drück dann
die -Taste, um ihm ein Messer an die Kehle
zu halten.
"
0xf952,"Major, Sokolov befindet sich bereits in der
Festung.
","Major, Sokolov befindet sich bereits in der
Festung.
"
0xf988,"Das sind aber nur Granins Informationen,
oder? Vielleicht will er dich täuschen ...
","Das sind aber nur Granins Informationen,
oder? Vielleicht will er dich täuschen ...
"
0xf9de,"Nein, er hat nicht gelogen.
","Nein, er hat nicht gelogen.
"
0xf9fb,"Wie kannst du dir da sicher sein?
","Wie kannst du dir da sicher sein?
"
0xfa1e,"Nur so ein Gefühl.
","Nur so ein Gefühl.
"
0xfa33,"... Mir reicht das.
","... Mir reicht das.
"
0xfa48,"Granin zufolge müsstest du durch eine
Passage zu den Bergen gelangen. Diese
Passage liegt tief im Dschungel, hinter dem
Lager.
","Granin zufolge müsstest du durch eine
Passage zu den Bergen gelangen. Diese
Passage liegt tief im Dschungel, hinter dem
Lager.
"
0xfac9,"Okay. Wenn ich dann die Berge erklimme,
finde ich unweit des Gipfels einen
unterirdischen Tunnel, der nach Groznyj Grad
führt.
","Okay. Wenn ich dann die Berge erklimme,
finde ich unweit des Gipfels einen
unterirdischen Tunnel, der nach Groznyj Grad
führt.
"
0xfb4a,"Geh zunächst wieder zum Lager zurück.
","Geh zunächst wieder zum Lager zurück.
"
0xfb73,"Mit dem Schlüssel, den dir Granin gegeben
hat, kannst du die Tür zum Dschungel öffnen.
","Mit dem Schlüssel, den dir Granin gegeben
hat, kannst du die Tür zum Dschungel öffnen.
"
0xfbce,"Du erinnerst dich doch noch, wo die Tür ist,
oder? Direkt nördlich der Tür, durch die du
vom Aquädukt gekommen bist.
","Du erinnerst dich doch noch, wo die Tür ist,
oder? Direkt nördlich der Tür, durch die du
vom Aquädukt gekommen bist.
"
0xfc48,"Snake, hat EVA dich kontaktiert?
","Snake, hat EVA dich kontaktiert?
"
0xfc6a,"Ja. Sie sagte, wir sollen uns in den Ruinen
hoch in den Bergen treffen.
","Ja. Sie sagte, wir sollen uns in den Ruinen
hoch in den Bergen treffen.
"
0xfcb3,"Sie sagte auch, dass sie den Schlüssel für den
Tunnel hat, der nach Groznyj Grad führt.
","Sie sagte auch, dass sie den Schlüssel für den
Tunnel hat, der nach Groznyj Grad führt.
"
0xfd0f,"Gut. Triff dich schnell mit EVA. Auf in die
Berge.
","Gut. Triff dich schnell mit EVA. Auf in die
Berge.
"
0xfd43,"Geh durch den Wald in Richtung Norden. Ganz
im Nordosten liegt ein Eingang zu einem
Bergwerk.
","Geh durch den Wald in Richtung Norden. Ganz
im Nordosten liegt ein Eingang zu einem
Bergwerk.
"
0xfda2,"Klettere den Schacht hoch. Du kommst in den
Bergen heraus. Geh weiter in Richtung Norden.
","Klettere den Schacht hoch. Du kommst in den
Bergen heraus. Geh weiter in Richtung Norden.
"
0xfdfd,"Ich bin da.
","Ich bin da.
"
0xfe0a,"Aber bleib wachsam.
","Aber bleib wachsam.
"
0xfe1f,"Wartet nicht der Scharfschütze der Cobras
irgendwo auf dich?
","Wartet nicht der Scharfschütze der Cobras
irgendwo auf dich?
"
0xfe5e,"Ja, The End. Aber es gibt keinen anderen
Weg.
","Ja, The End. Aber es gibt keinen anderen
Weg.
"
0xfe8d,"Pass auf dich auf. Dein Gegner ist ein
legendärer Scharfschütze.
","Pass auf dich auf. Dein Gegner ist ein
legendärer Scharfschütze.
"
0xfed1,"Dein Kampf gegen The End wird vermutlich
lang und unerbittlich.
","Dein Kampf gegen The End wird vermutlich
lang und unerbittlich.
"
0xff12,"Du solltest jetzt Munition sammeln und
Speisevorräte anlegen, solange du noch
Gelegenheit dazu hast.
","Du solltest jetzt Munition sammeln und
Speisevorräte anlegen, solange du noch
Gelegenheit dazu hast.
"
0xff79,"Es heißt, die Ocelots lauern dir auf. Vielleicht
sind sogar Scharfschützen in Position ...
","Es heißt, die Ocelots lauern dir auf. Vielleicht
sind sogar Scharfschützen in Position ...
"
0xffd7,"Ich weiß. Aber es gibt keinen anderen Weg.
","Ich weiß. Aber es gibt keinen anderen Weg.
"
0x10004,"Sei vorsichtig.
","Sei vorsichtig.
"
0x10015,"Verstanden.
","Verstanden.
"
0x10022,"Snake, der Wald ist riesig. Ohne die nötigen
Informationen ist es zu gefährlich. Ruf EVA an.
","Snake, der Wald ist riesig. Ohne die nötigen
Informationen ist es zu gefährlich. Ruf EVA an.
"
0x10082,"EVA meinte, im Osten des Waldes liege ein
Vorratslager. Warum stattest du ihm nicht
einen Besuch ab?
","EVA meinte, im Osten des Waldes liege ein
Vorratslager. Warum stattest du ihm nicht
einen Besuch ab?
"
0x100e8,"Triff dich hoch in den Bergen mit EVA.
","Triff dich hoch in den Bergen mit EVA.
"
0x10110,"Sie meinte, der Schacht zu den Bergen läge im
nordöstlichen Winkel des Waldes.
","Sie meinte, der Schacht zu den Bergen läge im
nordöstlichen Winkel des Waldes.
"
0x10162,"Betritt den Schacht und geh in die Berge. Halte
dich in Richtung Nordosten.
","Betritt den Schacht und geh in die Berge. Halte
dich in Richtung Nordosten.
"
0x101af,"Snake, die Leiter am Ende des Schachts
müsste dich in die Berge führen. Geh zum
Ende des Schachts und klettere die Leiter
hoch.
","Snake, die Leiter am Ende des Schachts
müsste dich in die Berge führen. Geh zum
Ende des Schachts und klettere die Leiter
hoch.
"
0x10232,"Wie ich sehe, hast du den Weg in die Berge
gefunden.
","Wie ich sehe, hast du den Weg in die Berge
gefunden.
"
0x10268,"In der Nähe des Gipfels liegt ein Tunnel. Durch
ihn gelangst du unbemerkt nach Groznyj Grad.
","In der Nähe des Gipfels liegt ein Tunnel. Durch
ihn gelangst du unbemerkt nach Groznyj Grad.
"
0x102c7,"Aber EVA meinte, der Eingang zum Tunnel sei
verschlossen.
","Aber EVA meinte, der Eingang zum Tunnel sei
verschlossen.
"
0x10302,"Ja. Sie soll mir den Schlüssel bringen.
","Ja. Sie soll mir den Schlüssel bringen.
"
0x1032c,"Triff dich zunächst mit EVA und besorg dir von
ihr den Schlüssel. Ihr trefft euch in den Ruinen
am Gipfel.
","Triff dich zunächst mit EVA und besorg dir von
ihr den Schlüssel. Ihr trefft euch in den Ruinen
am Gipfel.
"
0x1039a,"Der Gipfel liegt noch höher. Steige weiter
hoch.
","Der Gipfel liegt noch höher. Steige weiter
hoch.
"
0x103cd,"Der Gipfel liegt direkt vor dir. Geh zu den
Ruinen. EVA erwartet dich dort sicher schon.
","Der Gipfel liegt direkt vor dir. Geh zu den
Ruinen. EVA erwartet dich dort sicher schon.
"
0x10427,"Das ist der Tunneleingang, von dem EVA
sprach.
","Das ist der Tunneleingang, von dem EVA
sprach.
"
0x10457,"Kannst du ihn öffnen?
","Kannst du ihn öffnen?
"
0x1046f,"Verflixt!
","Verflixt!
"
0x1047a,"Ich werde es versuchen.
","Ich werde es versuchen.
"
0x10493,"Major, EVA hatte Recht. Ich kann die Tür nicht
öffnen.
","Major, EVA hatte Recht. Ich kann die Tür nicht
öffnen.
"
0x104cd,"Verstehe.
","Verstehe.
"
0x104d8,"Wie es scheint, hatte EVA Recht - die Tür zum
unterirdischen Tunnel lässt sich ohne Schlüssel
nicht öffnen.
","Wie es scheint, hatte EVA Recht - die Tür zum
unterirdischen Tunnel lässt sich ohne Schlüssel
nicht öffnen.
"
0x10549,"Triff dich mit EVA und lass dir den Schlüssel
geben. Geh zu den Ruinen beim Gipfel.
","Triff dich mit EVA und lass dir den Schlüssel
geben. Geh zu den Ruinen beim Gipfel.
"
0x1059f,"Snake, EVA ist eine KGB-Spionin in den
Reihen des GRU. Der Feind darf nicht sehen,
dass sie sich mit dir trifft.
","Snake, EVA ist eine KGB-Spionin in den
Reihen des GRU. Der Feind darf nicht sehen,
dass sie sich mit dir trifft.
"
0x10611,"Wenn du vom Feind verfolgt wirst, lässt sich
EVA bestimmt nicht zu eurem Rendezvous
blicken.
","Wenn du vom Feind verfolgt wirst, lässt sich
EVA bestimmt nicht zu eurem Rendezvous
blicken.
"
0x10670,"Achte darauf, dass sich der Feind in der
Normalphase befindet, bevor du dich mit EVA
triffst.
","Achte darauf, dass sich der Feind in der
Normalphase befindet, bevor du dich mit EVA
triffst.
"
0x106cf,"Du hast den Schlüssel von EVA erhalten.
Benutze ihn jetzt, um in den Tunnel zu
gelangen.
","Du hast den Schlüssel von EVA erhalten.
Benutze ihn jetzt, um in den Tunnel zu
gelangen.
"
0x1072a,"Die große Festung von Groznyj Grad befindet
sich auf der anderen Seite des Tunnels.
","Die große Festung von Groznyj Grad befindet
sich auf der anderen Seite des Tunnels.
"
0x10780,"Die Tür zum unterirdischen Tunnel liegt unweit
jenes zentralen Punkts, ein wenig weiter
östlich. Geh schnell dorthin.
","Die Tür zum unterirdischen Tunnel liegt unweit
jenes zentralen Punkts, ein wenig weiter
östlich. Geh schnell dorthin.
"
0x107f9,"Die Tür zum Tunnel befindet sich in der Nähe
des Gipfels. Beeil dich.
","Die Tür zum Tunnel befindet sich in der Nähe
des Gipfels. Beeil dich.
"
0x10842,"Major, ich sah diese Tatyana wieder.
","Major, ich sah diese Tatyana wieder.
"
0x10868,"Hmm. Wir haben unsere Daten geprüft, aber
bislang konnten wir sie nicht identifizieren.
","Hmm. Wir haben unsere Daten geprüft, aber
bislang konnten wir sie nicht identifizieren.
"
0x108c2,"Vielleicht ist ihr Auftrag so unbedeutend, dass
wir sie einfach übersehen haben ...
","Vielleicht ist ihr Auftrag so unbedeutend, dass
wir sie einfach übersehen haben ...
"
0x10918,"Oder sie ist eine so hochgestellte
Persönlichkeit, dass alle Daten über sie
geheim sind.
","Oder sie ist eine so hochgestellte
Persönlichkeit, dass alle Daten über sie
geheim sind.
"
0x10974,"Das ist auch möglich. Aber ich tendiere eher
zur ersten Erklärung. Wir werden die Daten
noch einmal durchgehen.
","Das ist auch möglich. Aber ich tendiere eher
zur ersten Erklärung. Wir werden die Daten
noch einmal durchgehen.
"
0x109e7,"Danke.
","Danke.
"
0x109ef,"Snake, warte.
","Snake, warte.
"
0x109fe,"Was gibt's?
","Was gibt's?
"
0x10a0b,"Weißt du eigentlich, wo du hin sollst?
","Weißt du eigentlich, wo du hin sollst?
"
0x10a34,"Natürlich.
","Natürlich.
"
0x10a41,"Dann sag es mir.
","Dann sag es mir.
"
0x10a53,"Zum Tunnel nach Groznyj Grad.
","Zum Tunnel nach Groznyj Grad.
"
0x10a72,"Und weißt du auch, wo sich der Eingang zu
diesem Tunnel befindet?
","Und weißt du auch, wo sich der Eingang zu
diesem Tunnel befindet?
"
0x10ab6,"Ja ...
","Ja ...
"
0x10abe,"Wo denn?
","Wo denn?
"
0x10ac8,"Er liegt ... dort drüben.
","Er liegt ... dort drüben.
"
0x10ae4,"Wo?
","Wo?
"
0x10ae9,"Nein, ich meine hier.
","Nein, ich meine hier.
"
0x10b00,"...
","...
"
0x10b05,"... Oder war es dort?
","... Oder war es dort?
"
0x10b1c,"...
","...
"
0x10b21,"Der Eingang zum unterirdischen Tunnel nach
Groznyj Grad liegt mitten auf dem Gipfel.
","Der Eingang zum unterirdischen Tunnel nach
Groznyj Grad liegt mitten auf dem Gipfel.
"
0x10b77,"Sokolov ist in großer Gefahr. Beeil dich.
","Sokolov ist in großer Gefahr. Beeil dich.
"
0x10ba3,"... Er war also dort drüben ...
","... Er war also dort drüben ...
"
0x10bc5,"Folge dem Tunnel in nördlicher Richtung. Du
kommst in Groznyj Grad raus. Geh immer
weiter nach Norden.
","Folge dem Tunnel in nördlicher Richtung. Du
kommst in Groznyj Grad raus. Geh immer
weiter nach Norden.
"
0x10c2e,"Du hast The Fury besiegt?
","Du hast The Fury besiegt?
"
0x10c49,"Ja.
","Ja.
"
0x10c4e,"Dann bleibt nur noch ...
","Dann bleibt nur noch ...
"
0x10c68,"Ich habe es nicht vergessen.
","Ich habe es nicht vergessen.
"
0x10c86,"Gut.
","Gut.
"
0x10c8c,"Aber zunächst einmal musst du Sokolov aus
der Festung rausholen.
","Aber zunächst einmal musst du Sokolov aus
der Festung rausholen.
"
0x10ccf,"Okay.
","Okay.
"
0x10cd6,"Die Leiter am Ende des Tunnels führt dich
nach Groznyj Grad.
","Die Leiter am Ende des Tunnels führt dich
nach Groznyj Grad.
"
0x10d15,"Wenn der Shagohod erst einmal fertig gestellt
ist, weiß niemand, wie lange sie Sokolov noch
leben lassen. Du musst dich beeilen.
","Wenn der Shagohod erst einmal fertig gestellt
ist, weiß niemand, wie lange sie Sokolov noch
leben lassen. Du musst dich beeilen.
"
0x10d98,"Gut. Du bist endlich in Groznyj Grad.
","Gut. Du bist endlich in Groznyj Grad.
"
0x10dbf,"Endlich.
","Endlich.
"
0x10dc9,"Bleib auf der Hut. Es ist der Hauptstützpunkt
des Gegners. Die Sicherheitsvorkehrungen hier
sind so scharf, wie du es noch nicht erlebt
hast.
","Bleib auf der Hut. Es ist der Hauptstützpunkt
des Gegners. Die Sicherheitsvorkehrungen hier
sind so scharf, wie du es noch nicht erlebt
hast.
"
0x10e59,"Kein Witz.
","Kein Witz.
"
0x10e65,"Dein Ziel ist das Waffenlabor.
","Dein Ziel ist das Waffenlabor.
"
0x10e85,"Es ist das große Gebäude mitten in der
Festung. Sokolov befindet sich im Westflügel
des Gebäudes.
","Es ist das große Gebäude mitten in der
Festung. Sokolov befindet sich im Westflügel
des Gebäudes.
"
0x10eec,"Um in die Nähe von Sokolovs Gefängnis zu
gelangen, musst du Major Raikov finden, seine
Sachen stehlen und dich als Raikov verkleiden.
","Um in die Nähe von Sokolovs Gefängnis zu
gelangen, musst du Major Raikov finden, seine
Sachen stehlen und dich als Raikov verkleiden.
"
0x10f75,"Raikov hält sich angeblich im Ostflügel des
Waffenlabors auf.
","Raikov hält sich angeblich im Ostflügel des
Waffenlabors auf.
"
0x10fb6,"Schleich dich zunächst in den Ostflügel des
Waffenlabors. Dann schaltest du Raikov aus
und nimmst seine Sachen.
","Schleich dich zunächst in den Ostflügel des
Waffenlabors. Dann schaltest du Raikov aus
und nimmst seine Sachen.
"
0x11029,"Das Waffenlabor liegt nördlich von dir. Geh in
Richtung Norden.
","Das Waffenlabor liegt nördlich von dir. Geh in
Richtung Norden.
"
0x1106b,"Das Waffenlabor liegt inmitten des Gebiets, in
dem du dich jetzt befindest. Geh zum Ostflügel
des Waffenlabors.
","Das Waffenlabor liegt inmitten des Gebiets, in
dem du dich jetzt befindest. Geh zum Ostflügel
des Waffenlabors.
"
0x110dd,"Das Waffenlabor liegt östlich von dir. Geh in
Richtung Osten.
","Das Waffenlabor liegt östlich von dir. Geh in
Richtung Osten.
"
0x1111d,"Das Waffenlabor liegt nordöstlich von dir. Geh
in Richtung Nordosten.
","Das Waffenlabor liegt nordöstlich von dir. Geh
in Richtung Nordosten.
"
0x11165,"Konntest du fliehen?
","Konntest du fliehen?
"
0x1117b,"Ja, ich habe es geschafft.
","Ja, ich habe es geschafft.
"
0x11197,"Sei vorsichtig. Momentan bist du praktisch
nackt.
","Sei vorsichtig. Momentan bist du praktisch
nackt.
"
0x111ca,"Du hast keine einzige richtige Waffe, und einen
Kampf überlebst du nie.
","Du hast keine einzige richtige Waffe, und einen
Kampf überlebst du nie.
"
0x11214,"Nimm dir Zeit und reiß dich zusammen.
","Nimm dir Zeit und reiß dich zusammen.
"
0x1123c,"EVA sagt, sie hätte deine Ausrüstung gerettet,
also triff dich möglichst schnell mit ihr, um
deine Sachen zurückzubekommen.
","EVA sagt, sie hätte deine Ausrüstung gerettet,
also triff dich möglichst schnell mit ihr, um
deine Sachen zurückzubekommen.
"
0x112bd,"Nimm den Fluchtweg, den EVA für dich
ausgearbeitet hat. Klettere durch den Schacht
in die Kanalisation im nordwestlichen Abschnitt
von Groznyj Grad.
","Nimm den Fluchtweg, den EVA für dich
ausgearbeitet hat. Klettere durch den Schacht
in die Kanalisation im nordwestlichen Abschnitt
von Groznyj Grad.
"
0x11354,"Verlasse zunächst den Zelltrakt und geh in
nordwestlicher Richtung.
","Verlasse zunächst den Zelltrakt und geh in
nordwestlicher Richtung.
"
0x1139a,"Du siehst den Schachtdeckel im
nordwestlichen Abschnitt der Festung. Geh in
diese Richtung.
","Du siehst den Schachtdeckel im
nordwestlichen Abschnitt der Festung. Geh in
diese Richtung.
"
0x113f7,"Der Kanalisationsschacht liegt im
nordwestlichen Abschnitt der Festung. Geh in
Richtung Nordwesten.
","Der Kanalisationsschacht liegt im
nordwestlichen Abschnitt der Festung. Geh in
Richtung Nordwesten.
"
0x1145c,"Snake, hast du Waffen gefunden?
","Snake, hast du Waffen gefunden?
"
0x1147d,"Nein ...
","Nein ...
"
0x11487,"So ein Pech ...
","So ein Pech ...
"
0x11498,"Ich habe nur ein paar SAA-Geschosse.
","Ich habe nur ein paar SAA-Geschosse.
"
0x114be,"Die werden dir nicht viel nutzen.
","Die werden dir nicht viel nutzen.
"
0x114e1,"Ich habe eine Gabel.
","Ich habe eine Gabel.
"
0x114f7,"Und die soll dir als Waffe dienen ...?
","Und die soll dir als Waffe dienen ...?
"
0x1151f,"Ohne anständige Waffe wäre es purer
Selbstmord, den Feind frontal anzugreifen.
","Ohne anständige Waffe wäre es purer
Selbstmord, den Feind frontal anzugreifen.
"
0x11571,"Bis du deine Ausrüstung zurückbekommst,
solltest du dich darauf konzentrieren, nicht
bemerkt zu werden.
","Bis du deine Ausrüstung zurückbekommst,
solltest du dich darauf konzentrieren, nicht
bemerkt zu werden.
"
0x115dc,"Falls dich der Gegner dennoch durch Zufall
entdecken sollte, lass dich auf keinen Kampf
ein. Lauf weg. Hörst du?
","Falls dich der Gegner dennoch durch Zufall
entdecken sollte, lass dich auf keinen Kampf
ein. Lauf weg. Hörst du?
"
0x1164f,"Major, EVAs Fluchtweg ist ...
","Major, EVAs Fluchtweg ist ...
"
0x1166e,"Ich habe es gehört.
","Ich habe es gehört.
"
0x11684,"Momentan kannst du nur EVAs Rat folgen und
in Richtung Norden gehen.
","Momentan kannst du nur EVAs Rat folgen und
in Richtung Norden gehen.
"
0x116ca,"Der Feind hat bereits Suchtrupps in deine
Richtung ausgesandt. Steh nicht so dumm
herum. Lauf!
","Der Feind hat bereits Suchtrupps in deine
Richtung ausgesandt. Steh nicht so dumm
herum. Lauf!
"
0x1172a,"Snake, der Feind hat Kampfhunde hinter dir
her geschickt.
","Snake, der Feind hat Kampfhunde hinter dir
her geschickt.
"
0x11765,"Ohne Waffen kannst du dich nicht wehren.
","Ohne Waffen kannst du dich nicht wehren.
"
0x1178f,"Versuch erst gar nicht zu kämpfen. Renn!
Richtung Norden!
","Versuch erst gar nicht zu kämpfen. Renn!
Richtung Norden!
"
0x117cb,"Snake, wach auf! Mach die Augen auf!
","Snake, wach auf! Mach die Augen auf!
"
0x117f1,"Snake! Wach auf! Die Wiederbelebungspille!
Benutz die Wiederbelebungspille auf dem
Spiel-Ende-Bildschirm!
","Snake! Wach auf! Die Wiederbelebungspille!
Benutz die Wiederbelebungspille auf dem
Spiel-Ende-Bildschirm!
"
0x1185c,"Snake.
","Snake.
"
0x11864,"...
","...
"
0x11869,"Snake!
","Snake!
"
0x11871,"W-was ... oh, Major ... Was ist los?
","W-was ... oh, Major ... Was ist los?
"
0x11897,"Was ist geschehen? Seit du den Fluss
hinabgespült wurdest, benimmst du dich so
merkwürdig.
","Was ist geschehen? Seit du den Fluss
hinabgespült wurdest, benimmst du dich so
merkwürdig.
"
0x118f5,"Es geht mir gut.
","Es geht mir gut.
"
0x11907,"Das finde ich nicht.
","Das finde ich nicht.
"
0x1191d,"Nein?
","Nein?
"
0x11924,"Nein.
","Nein.
"
0x1192b,"...
","...
"
0x11930,"Ist dir im Fluss etwas zugestoßen?
","Ist dir im Fluss etwas zugestoßen?
"
0x11955,"Nein ...
","Nein ...
"
0x1195f,"Lüg nicht, Snake. Ich will dir doch nur helfen.
","Lüg nicht, Snake. Ich will dir doch nur helfen.
"
0x11991,"... Okay. Aber Sie werden mir vielleicht nicht
glauben, wenn ich es Ihnen erzähle.
","... Okay. Aber Sie werden mir vielleicht nicht
glauben, wenn ich es Ihnen erzähle.
"
0x119e6,"Ich werde dir glauben. Ich vertraue dir.
","Ich werde dir glauben. Ich vertraue dir.
"
0x11a10,"Also gut. Im Fluss ...
","Also gut. Im Fluss ...
"
0x11a28,"Ja?
","Ja?
"
0x11a2d,"Blickte ich ... ins Jenseits.
","Blickte ich ... ins Jenseits.
"
0x11a4c,"Ins Jenseits?
","Ins Jenseits?
"
0x11a5b,"Ja.
","Ja.
"
0x11a60,"... Soll das heißen ...?
","... Soll das heißen ...?
"
0x11a7b,"Die Welt der Toten ...
","Die Welt der Toten ...
"
0x11a93,"...
","...
"
0x11a98,"The Sorrow war dort. Er war so traurig ... nein,
mehr als traurig. Er sagte, ich sei ein Teil
seines Leids ...
","The Sorrow war dort. Er war so traurig ... nein,
mehr als traurig. Er sagte, ich sei ein Teil
seines Leids ...
"
0x11b08,"Ich ... verstehe ... Snake, würdest du wohl
einen Moment warten?
","Ich ... verstehe ... Snake, würdest du wohl
einen Moment warten?
"
0x11b4b,"Hm? Ja ...
","Hm? Ja ...
"
0x11b57,"Para-Medic, was zum Teufel ist mit Snake los?
","Para-Medic, was zum Teufel ist mit Snake los?
"
0x11b86,"Keine Ahnung ... Vielleicht hat er einen
schweren Schlag auf den Kopf bekommen.
","Keine Ahnung ... Vielleicht hat er einen
schweren Schlag auf den Kopf bekommen.
"
0x11bd7,"... Glauben Sie wirklich, dass das alles ist?
","... Glauben Sie wirklich, dass das alles ist?
"
0x11c06,"Was meinen Sie damit?
","Was meinen Sie damit?
"
0x11c1d,"Major?
","Major?
"
0x11c25,"Ich meine, er war doch schon immer etwas ...
anders ... und ich dachte, vielleicht ...
","Ich meine, er war doch schon immer etwas ...
anders ... und ich dachte, vielleicht ...
"
0x11c7d,"Schon möglich ... Daran habe ich auch gerade
gedacht.
","Schon möglich ... Daran habe ich auch gerade
gedacht.
"
0x11cb5,"MAJOR!
","MAJOR!
"
0x11cbd,"W--was ist, Snake?
","W--was ist, Snake?
"
0x11cd1,"Ich höre Sie!
","Ich höre Sie!
"
0x11ce1,"!! N... nun, Hauptsache, du hast es
wohlbehalten überstanden.
","!! N... nun, Hauptsache, du hast es
wohlbehalten überstanden.
"
0x11d21,"J... ja. Darüber bin ich auch froh. Schön, dass
Sie wieder ... äh ... normal sind ...
","J... ja. Darüber bin ich auch froh. Schön, dass
Sie wieder ... äh ... normal sind ...
"
0x11d7b,"...
","...
"
0x11d80,"Der Wasserfall, bei dem dich EVA treffen
wollte, liegt in nördlicher Richtung vor dir.
Gehe in Richtung Norden.
","Der Wasserfall, bei dem dich EVA treffen
wollte, liegt in nördlicher Richtung vor dir.
Gehe in Richtung Norden.
"
0x11df2,"Snake, wirst du verfolgt?
","Snake, wirst du verfolgt?
"
0x11e0d,"Ja. Es sind die Ocelots.
","Ja. Es sind die Ocelots.
"
0x11e27,"Selbst wenn man die Zeit berücksichtigt, die du
bewusstlos warst, können sie dich noch nicht
eingeholt haben.
","Selbst wenn man die Zeit berücksichtigt, die du
bewusstlos warst, können sie dich noch nicht
eingeholt haben.
"
0x11e98,"Es ist fast so, als hätten sie genau gewusst,
wo sie dich finden ...
","Es ist fast so, als hätten sie genau gewusst,
wo sie dich finden ...
"
0x11edf,"Jedenfalls kannst du erst dann einen
Gegenangriff starten, wenn EVA dir deine
Ausrüstung gegeben hat.
","Jedenfalls kannst du erst dann einen
Gegenangriff starten, wenn EVA dir deine
Ausrüstung gegeben hat.
"
0x11f47,"Schüttle deine Verfolger ab und versteck dich
hinter dem Wasserfall!
","Schüttle deine Verfolger ab und versteck dich
hinter dem Wasserfall!
"
0x11f8e,"Snake, du hast also deine Waffen und
Ausrüstung zurück.
","Snake, du hast also deine Waffen und
Ausrüstung zurück.
"
0x11fc9,"Jetzt kann ich endlich zum Angriff übergehen.
","Jetzt kann ich endlich zum Angriff übergehen.
"
0x11ff9,"Zeit, es Volgin heimzuzahlen.
","Zeit, es Volgin heimzuzahlen.
"
0x12018,"Ja, und zwar richtig.
","Ja, und zwar richtig.
"
0x1202f,"Aber zuerst musst du den Shagohod zerstören.
","Aber zuerst musst du den Shagohod zerstören.
"
0x1205e,"Der Shagohod steht im Hangar im Hauptflügel
des Waffenlabors.
","Der Shagohod steht im Hangar im Hauptflügel
des Waffenlabors.
"
0x1209e,"Kehre nach Groznyj Grad zurück, schleiche
dich in den Hangar und zerstöre den
Shagohod.
","Kehre nach Groznyj Grad zurück, schleiche
dich in den Hangar und zerstöre den
Shagohod.
"
0x120f9,"Geh zum Ende der Höhle hinter dem
Wasserfall. So gelangst du zurück nach
Groznyj Grad. Mach dich auf den Weg.
","Geh zum Ende der Höhle hinter dem
Wasserfall. So gelangst du zurück nach
Groznyj Grad. Mach dich auf den Weg.
"
0x1216a,"„Ich werde deine Augen sein"" ...
","„Ich werde deine Augen sein"" ...
"
0x1218e,"Wie traurig.
","Wie traurig.
"
0x1219c,"Warum?
","Warum?
"
0x121a4,"Es erinnert mich an die Worte eines gewissen
Spions.
","Es erinnert mich an die Worte eines gewissen
Spions.
"
0x121da,"Sein Name war Oleg Penkovsky, ein westlicher
Spion im GRU. Der KGB enttarnte ihn. Im
vergangenen Jahr wurde er hingerichtet.
","Sein Name war Oleg Penkovsky, ein westlicher
Spion im GRU. Der KGB enttarnte ihn. Im
vergangenen Jahr wurde er hingerichtet.
"
0x12258,"Es heißt, er habe kurz zuvor einen Brief an
den CIA-Chef geschickt, in dem es hieß: „Ich
muss an dieser Front bleiben und Ihre Augen
und Ohren sein.""
","Es heißt, er habe kurz zuvor einen Brief an
den CIA-Chef geschickt, in dem es hieß: „Ich
muss an dieser Front bleiben und Ihre Augen
und Ohren sein.""
"
0x122f3,"Sein Codename war „Hero"" (Held).
","Sein Codename war „Hero"" (Held).
"
0x12317,"Ein Held, dessen Name für immer unbekannt
bleiben wird.
","Ein Held, dessen Name für immer unbekannt
bleiben wird.
"
0x12351,"Ja.
","Ja.
"
0x12356,"So ist die Welt eben.
","So ist die Welt eben.
"
0x1236d,"Snake, du musst den Shagohod zerstören. Er
steht im Hangar im Hauptflügel des
Waffenlabors.
","Snake, du musst den Shagohod zerstören. Er
steht im Hangar im Hauptflügel des
Waffenlabors.
"
0x123cc,"Wenn du von der zweiten Etage des Ostflügels
kommst, benutzt du die Tür im Hauptflügel des
Waffenlabors. So gelangst du in den Hangar.
","Wenn du von der zweiten Etage des Ostflügels
kommst, benutzt du die Tür im Hauptflügel des
Waffenlabors. So gelangst du in den Hangar.
"
0x12457,"Du kommst von der Westseite der zweiten
Etage in den Hauptflügel. Begib dich zum
Hauptflügel.
","Du kommst von der Westseite der zweiten
Etage in den Hauptflügel. Begib dich zum
Hauptflügel.
"
0x124b8,"Geh zunächst zum Ostflügel des Waffenlabors.
","Geh zunächst zum Ostflügel des Waffenlabors.
"
0x124e8,"Der Ostflügel liegt nordöstlich von deiner
jetzigen Position. Halte dich in Richtung
Nordosten.
","Der Ostflügel liegt nordöstlich von deiner
jetzigen Position. Halte dich in Richtung
Nordosten.
"
0x1254b,"Der Ostflügel liegt nördlich von dir. Halte dich
in Richtung Norden.
","Der Ostflügel liegt nördlich von dir. Halte dich
in Richtung Norden.
"
0x12593,"Wie es scheint, bist du umzingelt.
","Wie es scheint, bist du umzingelt.
"
0x125b7,"Das merke ich auch.
","Das merke ich auch.
"
0x125cc,"Wenn EVA von dort entkommen soll ...
","Wenn EVA von dort entkommen soll ...
"
0x125f2,"Okay. Ich muss sie alle erledigen.
","Okay. Ich muss sie alle erledigen.
"
0x12616,"Snake, du musst alle Ocelots ausschalten. Nur
so kannst du EVAs und deine Flucht sichern.
","Snake, du musst alle Ocelots ausschalten. Nur
so kannst du EVAs und deine Flucht sichern.
"
0x12671,"Aber sie sind dir zahlenmäßig erheblich
überlegen. Lass dich auf keinen direkten
Kampf ein.
","Aber sie sind dir zahlenmäßig erheblich
überlegen. Lass dich auf keinen direkten
Kampf ein.
"
0x126d1,"Nähere dich unbemerkt und schalte sie einen
nach dem anderen aus. Und vergiss nicht, dich
zu tarnen.
","Nähere dich unbemerkt und schalte sie einen
nach dem anderen aus. Und vergiss nicht, dich
zu tarnen.
"
0x12738,"Snake, sie durchkämmen die Fabrik. Früher
oder später kommen sie auch zu deinem
Raum.
","Snake, sie durchkämmen die Fabrik. Früher
oder später kommen sie auch zu deinem
Raum.
"
0x12792,"Wenn du einfach untätig herumstehst, werden
sie dich finden und umbringen.
","Wenn du einfach untätig herumstehst, werden
sie dich finden und umbringen.
"
0x127df,"Verlasse schnell den Raum. Benutz die Falltür,
die EVA dir gezeigt hat!
","Verlasse schnell den Raum. Benutz die Falltür,
die EVA dir gezeigt hat!
"
0x12829,"Vielleicht kannst du auch in einem Spind
warten, bis sie alles durchkämmt haben.
","Vielleicht kannst du auch in einem Spind
warten, bis sie alles durchkämmt haben.
"
0x1287c,"Snake, versuch nicht, die Ocelots direkt
anzugreifen. Es sind zu viele. Wenn sie dich
umzingeln, bist du erledigt.
","Snake, versuch nicht, die Ocelots direkt
anzugreifen. Es sind zu viele. Wenn sie dich
umzingeln, bist du erledigt.
"
0x128f0,"Leg Tarnung an und nähere dich unbemerkt.
So kannst du einen nach dem anderen
ausschalten.
","Leg Tarnung an und nähere dich unbemerkt.
So kannst du einen nach dem anderen
ausschalten.
"
0x1294d,"Ohne richtige Tarnung nimmt die Gefahr zu,
dass dich Scharfschützen oder andere Feinde
aus großer Entfernung entdecken und
angreifen.
","Ohne richtige Tarnung nimmt die Gefahr zu,
dass dich Scharfschützen oder andere Feinde
aus großer Entfernung entdecken und
angreifen.
"
0x129d6,"Vergiss nicht, in der Überlebensanzeige die
Option „TARNUNG"" zu benutzen und dich zu
verkleiden.
","Vergiss nicht, in der Überlebensanzeige die
Option „TARNUNG"" zu benutzen und dich zu
verkleiden.
"
0x12a3b,"Sorge dafür, dass dein Tarnindex stets hoch
ist.
","Sorge dafür, dass dein Tarnindex stets hoch
ist.
"
0x12a6e,"Snake, hintereinander marschierende Soldaten
stellen eine große Gefahr dar.
","Snake, hintereinander marschierende Soldaten
stellen eine große Gefahr dar.
"
0x12abc,"Versuch, sie nacheinander auszuschalten,
angefangen mit dem hintersten.
","Versuch, sie nacheinander auszuschalten,
angefangen mit dem hintersten.
"
0x12b05,"Snake, in der Fabrik lagen volle
Treibstofffässer.
","Snake, in der Fabrik lagen volle
Treibstofffässer.
"
0x12b3a,"Schieß eine Kugel in eins dieser Fässer. Die
Explosion müsste alle Feinde in der Umgebung
erledigen.
","Schieß eine Kugel in eins dieser Fässer. Die
Explosion müsste alle Feinde in der Umgebung
erledigen.
"
0x12ba3,"Nutz die Fässer geschickt!
","Nutz die Fässer geschickt!
"
0x12bc0,"Snake, man weiß nie, wo sich der Feind
verbirgt. Schau auch an die Decke und im
Gebüsch nach.
","Snake, man weiß nie, wo sich der Feind
verbirgt. Schau auch an die Decke und im
Gebüsch nach.
"
0x12c21,"Bleib ständig auf der Hut, du darfst nicht
unaufmerksam werden.
","Bleib ständig auf der Hut, du darfst nicht
unaufmerksam werden.
"
0x12c63,"Du musst die Feinde von EVA ablenken, damit
sie auf ihrem Motorrad entkommen kann.
","Du musst die Feinde von EVA ablenken, damit
sie auf ihrem Motorrad entkommen kann.
"
0x12cb7,"Vermutlich wartet sie irgendwo auf eine
Fluchtmöglicihkeit.
","Vermutlich wartet sie irgendwo auf eine
Fluchtmöglicihkeit.
"
0x12cf5,"Mach dir keine Sorgen um sie. Konzentrier
dich auf den Feind. Verstanden?
","Mach dir keine Sorgen um sie. Konzentrier
dich auf den Feind. Verstanden?
"
0x12d40,"Snake, du kannst dich noch nicht entspannen.
Es liegen noch Feindsoldaten auf der Lauer.
Finde sie und schalte sie aus.
","Snake, du kannst dich noch nicht entspannen.
Es liegen noch Feindsoldaten auf der Lauer.
Finde sie und schalte sie aus.
"
0x12db9,"Snake, wie es aussieht, setzen sie auch
Scharfschützen ein.
","Snake, wie es aussieht, setzen sie auch
Scharfschützen ein.
"
0x12df7,"Scharfschützen zielen vortrefflich. Jeder
Treffer wird dich verletzen.
","Scharfschützen zielen vortrefflich. Jeder
Treffer wird dich verletzen.
"
0x12e40,"Such die Scharfschützen und neutralisiere sie,
bevor sie dich erschießen können.
","Such die Scharfschützen und neutralisiere sie,
bevor sie dich erschießen können.
"
0x12e95,"Wenn sie auf dich schießen, geh in Deckung.
Verstanden?
","Wenn sie auf dich schießen, geh in Deckung.
Verstanden?
"
0x12ecf,"Major ...
","Major ...
"
0x12eda,"Was gibt's?
","Was gibt's?
"
0x12ee7,"Der Kampfhubschrauber steht auf dem
Landeplatz.
","Der Kampfhubschrauber steht auf dem
Landeplatz.
"
0x12f18,"Der gleiche Hubschrauber wie zuvor?
","Der gleiche Hubschrauber wie zuvor?
"
0x12f3d,"Ja. Der Hubschrauber, der bei der Virtuosen
Mission den Shagohod ausschaltete.
","Ja. Der Hubschrauber, der bei der Virtuosen
Mission den Shagohod ausschaltete.
"
0x12f8d,"Major, der Kampfhubschrauber steht hier ...
","Major, der Kampfhubschrauber steht hier ...
"
0x12fba,"Der vom Landeplatz?
","Der vom Landeplatz?
"
0x12fcf,"Ja.
","Ja.
"
0x12fd4,"Vielleicht ist es eine bewaffnete Version des
Mi-8 „Hip""?
","Vielleicht ist es eine bewaffnete Version des
Mi-8 „Hip""?
"
0x13011,"Nein. Einige Aspekte sind ähnlich, die Form ist
insgesamt aber anders.
","Nein. Einige Aspekte sind ähnlich, die Form ist
insgesamt aber anders.
"
0x1305a,"Dieser hier hat Rotorblattmittelstücke, und die
Cockpithaube sieht aus wie ein eckiges
Gewächshaus.
","Dieser hier hat Rotorblattmittelstücke, und die
Cockpithaube sieht aus wie ein eckiges
Gewächshaus.
"
0x130c1,"Faszinierend. Dann muss es ein neues Modell
sein.
","Faszinierend. Dann muss es ein neues Modell
sein.
"
0x130f4,"Ich habe vor kurzem davon gehört, dass die
Sowjets ein „fliegendes
Infanterie-Kampffahrzeug"" entwickeln. Das
muss es sein.
","Ich habe vor kurzem davon gehört, dass die
Sowjets ein „fliegendes
Infanterie-Kampffahrzeug"" entwickeln. Das
muss es sein.
"
0x13173,"Ein fliegendes Infanterie-Kampffahrzeug?
","Ein fliegendes Infanterie-Kampffahrzeug?
"
0x1319d,"Ja. Ein Transporthubschrauber, der Truppen
transportieren kann.
","Ja. Ein Transporthubschrauber, der Truppen
transportieren kann.
"
0x131de,"Man kann ihn sich als
Kampf-Transporthubschrauberversion des
französischen AMX-VCI oder des sowjetischen
BMP vorstellen.
","Man kann ihn sich als
Kampf-Transporthubschrauberversion des
französischen AMX-VCI oder des sowjetischen
BMP vorstellen.
"
0x13259,"Sie erproben vermutlich den ersten Prototyp.
","Sie erproben vermutlich den ersten Prototyp.
"
0x13287,"Ein Hubschrauber der nächsten Generation,
etwas kleiner als der Hip ... Vielleicht sollten
wir ihn „Hind"" nennen.
","Ein Hubschrauber der nächsten Generation,
etwas kleiner als der Hip ... Vielleicht sollten
wir ihn „Hind"" nennen.
"
0x132fd,"Hmm, nicht schlecht. Klingt cool.
","Hmm, nicht schlecht. Klingt cool.
"
0x13320,"Okay. Von jetzt ab nennen wir diesen neuen
Hubschrauber „Hind"".
","Okay. Von jetzt ab nennen wir diesen neuen
Hubschrauber „Hind"".
"
0x13363,"Snake, dir bleibt nichts anderes übrig als zu
kämpfen. Du musst Ocelot besiegen.
","Snake, dir bleibt nichts anderes übrig als zu
kämpfen. Du musst Ocelot besiegen.
"
0x133b7,"Du kannst nicht über den Spalt springen. Und
ein Nahkampf steht außer Frage. Ihr müsst
euch ein Feuergefecht liefern.
","Du kannst nicht über den Spalt springen. Und
ein Nahkampf steht außer Frage. Ihr müsst
euch ein Feuergefecht liefern.
"
0x13431,"Such Deckung und warte auf eine Chance.
Dann greif ihn aus der
Beobachtungsperspektive an.
","Such Deckung und warte auf eine Chance.
Dann greif ihn aus der
Beobachtungsperspektive an.
"
0x1348d,"Ich glaube, Ocelot legt es auf einen
Entscheidungskampf mit dir an.
","Ich glaube, Ocelot legt es auf einen
Entscheidungskampf mit dir an.
"
0x134d2,"Solange du deine Pistole im Halfter lässt,
macht er das vermutlich auch.
","Solange du deine Pistole im Halfter lässt,
macht er das vermutlich auch.
"
0x1351d,"Es kommt darauf an, wer schneller ziehen
kann. Ich hoffe, deine Reflexe sind gut.
","Es kommt darauf an, wer schneller ziehen
kann. Ich hoffe, deine Reflexe sind gut.
"
0x13570,"Behalte Ocelot in der Beobachtungsperspektive
im Auge. Sobald du eine Chance erblickst, zieh
schnell und schalte ihn aus!
","Behalte Ocelot in der Beobachtungsperspektive
im Auge. Sobald du eine Chance erblickst, zieh
schnell und schalte ihn aus!
"
0x135eb,"Ocelot hat einen Revolver. Wenn er seine
Munition verschossen hat, dauert das
Nachladen mit dem Revolver recht lange.
","Ocelot hat einen Revolver. Wenn er seine
Munition verschossen hat, dauert das
Nachladen mit dem Revolver recht lange.
"
0x13662,"Nutz die Zeit, die er zum Nachladen benötigt,
zum Angriff.
","Nutz die Zeit, die er zum Nachladen benötigt,
zum Angriff.
"
0x1369f,"Ocelot kann mithilfe von Querschlägern
angreifen?!
","Ocelot kann mithilfe von Querschlägern
angreifen?!
"
0x136d4,"Dann bist du nirgends sicher, nicht einmal
hinter einem Hindernis.
","Dann bist du nirgends sicher, nicht einmal
hinter einem Hindernis.
"
0x13718,"Halte dich an keiner Stelle lange auf, sonst bist
du ein leichtes Ziel für ihn. Bleib auf der Hut!
","Halte dich an keiner Stelle lange auf, sonst bist
du ein leichtes Ziel für ihn. Bleib auf der Hut!
"
0x1377d,"Snake, einen Sturz in den Spalt überlebst du
nicht. Pass auf, dass du beim Rollen nicht
versehentlich abstürzt.
","Snake, einen Sturz in den Spalt überlebst du
nicht. Pass auf, dass du beim Rollen nicht
versehentlich abstürzt.
"
0x137f0,"Selbst wenn sich Ocelot in einer nicht
zugänglichen Ecke verbirgt, kannst du aus
einer Position hoch oben in den Bäumen auf
ihn schießen.
","Selbst wenn sich Ocelot in einer nicht
zugänglichen Ecke verbirgt, kannst du aus
einer Position hoch oben in den Bäumen auf
ihn schießen.
"
0x1387e,"Versteckt er sich, klettere auf einen Baum
und greif von dort aus an.
","Versteckt er sich, klettere auf einen Baum
und greif von dort aus an.
"
0x138c5,"Snake, solange The Pain seinen Körper mit
Hornissen schützt, können ihm deine
Pistolenangriffe nichts anhaben.
","Snake, solange The Pain seinen Körper mit
Hornissen schützt, können ihm deine
Pistolenangriffe nichts anhaben.
"
0x13938,"Setz erst eine Granate gegen den
Hornissenschwarm ein.
","Setz erst eine Granate gegen den
Hornissenschwarm ein.
"
0x13970,"Wechsle in die Beobachtungsperspektive und
wirf eine Granate auf ihn!
","Wechsle in die Beobachtungsperspektive und
wirf eine Granate auf ihn!
"
0x139b7,"Auch die Schrotflinte wäre wirksam.
","Auch die Schrotflinte wäre wirksam.
"
0x139dd,"Du musst erst die Hornissen loswerden, die ihn
schützen. Dann kannst du ihn mit der Pistole
angreifen!
","Du musst erst die Hornissen loswerden, die ihn
schützen. Dann kannst du ihn mit der Pistole
angreifen!
"
0x13a46,"The Pain scheint Hornissenschwärme zum
Angriff auf dich zu lenken.
","The Pain scheint Hornissenschwärme zum
Angriff auf dich zu lenken.
"
0x13a8b,"Sei vorsichtig. Wenn dich ein Schwarm
Hornissen angreift, nimmt dein LEBEN immer
weiter ab.
","Sei vorsichtig. Wenn dich ein Schwarm
Hornissen angreift, nimmt dein LEBEN immer
weiter ab.
"
0x13ae8,"Beschieß angreifende Hornissen mit der
Pistole, um den Schwarm
auseinanderzutreiben.
","Beschieß angreifende Hornissen mit der
Pistole, um den Schwarm
auseinanderzutreiben.
"
0x13b3f,"Die Hornissen können dich außerdem nicht ins
Wasser verfolgen. Du kannst ihnen also durch
Abtauchen entkommen.
","Die Hornissen können dich außerdem nicht ins
Wasser verfolgen. Du kannst ihnen also durch
Abtauchen entkommen.
"
0x13bb1,"Hornissen mögen zudem weder Feuer noch
Rauch.
","Hornissen mögen zudem weder Feuer noch
Rauch.
"
0x13be1,"Vertreib sie mit einer Nebelgranate.
","Vertreib sie mit einer Nebelgranate.
"
0x13c07,"Oder schwenk eine Fackel mit der CQC-Taste.
","Oder schwenk eine Fackel mit der CQC-Taste.
"
0x13c34,"Snake, wenn sich The Pains Hornissen an dir
festsetzen, kannst du dich nicht mehr frei
bewegen.
","Snake, wenn sich The Pains Hornissen an dir
festsetzen, kannst du dich nicht mehr frei
bewegen.
"
0x13c95,"Wenn sich die Hornissen an dir festsetzen,
erledige sie, bevor du dich gar nicht mehr
bewegen kannst.
","Wenn sich die Hornissen an dir festsetzen,
erledige sie, bevor du dich gar nicht mehr
bewegen kannst.
"
0x13cfc,"Spring entweder ins Wasser oder schwenke
dein Überlebensmesser, um sie zu vertreiben.
","Spring entweder ins Wasser oder schwenke
dein Überlebensmesser, um sie zu vertreiben.
"
0x13d54,"Wenn du dich nicht mehr bewegen kannst,
","Wenn du dich nicht mehr bewegen kannst,
"
0x13d7d,"wackle am linken Analog-Stick und drück die
Tasten schnell, um die Hornissen
abzuschütteln, bevor The Pain auf dich
schießt. Verstanden?
","wackle am linken Analog-Stick und drück die
Tasten schnell, um die Hornissen
abzuschütteln, bevor The Pain auf dich
schießt. Verstanden?
"
0x13e0a,"Snake, Kugelbienen graben sich in deinen
Körper ein!
","Snake, Kugelbienen graben sich in deinen
Körper ein!
"
0x13e41,"Snake, Vorsicht! Er feuert Kugelbienen auf
dich ab!
","Snake, Vorsicht! Er feuert Kugelbienen auf
dich ab!
"
0x13e76,"The Pain bezeichnet die Spezialhornissen, die
er in seinem Körper züchtet, als „Kugelbienen"".
","The Pain bezeichnet die Spezialhornissen, die
er in seinem Körper züchtet, als „Kugelbienen"".
"
0x13ed9,"Wenn sie in deinen Körper eindringen,
verschlimmern sich deine Wunden, bis du die
Bienen loswirst.
","Wenn sie in deinen Körper eindringen,
verschlimmern sich deine Wunden, bis du die
Bienen loswirst.
"
0x13f3e,"Wenn dich Kugelbienen anfallen, wechsle
sofort zur Überlebensanzeige, wähle die Option
„HEILMITTEL"" und entferne die Bienen mit
deinem Messer.
","Wenn dich Kugelbienen anfallen, wechsle
sofort zur Überlebensanzeige, wähle die Option
„HEILMITTEL"" und entferne die Bienen mit
deinem Messer.
"
0x13fd2,"Nachdem du die Kugelbienen entfernt hast,
trag ein Styptikum und Desinfektionsmittel auf
die Wunde auf!
","Nachdem du die Kugelbienen entfernt hast,
trag ein Styptikum und Desinfektionsmittel auf
die Wunde auf!
"
0x1403b,"Snake, nicht einmal The Pains
Spezialhornissen können dir ins Wasser folgen.
","Snake, nicht einmal The Pains
Spezialhornissen können dir ins Wasser folgen.
"
0x1408a,"Und die von ihm geschleuderten Granaten sind
unter Wasser auch nur halb so wirksam.
","Und die von ihm geschleuderten Granaten sind
unter Wasser auch nur halb so wirksam.
"
0x140df,"Sobald Gefahr aufzieht, tauch ins Wasser ab.
","Sobald Gefahr aufzieht, tauch ins Wasser ab.
"
0x1410d,"Um abzutauchen, drückst du die Kriechtaste,
während du an der Wasseroberfläche
schwimmst.
","Um abzutauchen, drückst du die Kriechtaste,
während du an der Wasseroberfläche
schwimmst.
"
0x1416b,"Um dich unter Wasser vorwärts zu bewegen,
drückst du entweder die CQC-Taste oder die
Kriechtaste.
","Um dich unter Wasser vorwärts zu bewegen,
drückst du entweder die CQC-Taste oder die
Kriechtaste.
"
0x141d0,"Mit dem linken Analog-Stick steuerst du deine
Richtung.
","Mit dem linken Analog-Stick steuerst du deine
Richtung.
"
0x14209,"Falls es brenzlig wird, kannst du die
Aktionstaste drücken, um schnell wieder
aufzutauchen.
","Falls es brenzlig wird, kannst du die
Aktionstaste drücken, um schnell wieder
aufzutauchen.
"
0x14267,"Handfeuerwaffen und Gewehre kannst du auch
unter Wasser abfeuern und damit sogar Ziele
über Wasser angreifen.
","Handfeuerwaffen und Gewehre kannst du auch
unter Wasser abfeuern und damit sogar Ziele
über Wasser angreifen.
"
0x142d7,"Snake, über deine Kleidung sind
Alarmpheromone verteilt.
","Snake, über deine Kleidung sind
Alarmpheromone verteilt.
"
0x14312,"Wenn The Pain Alarmpheromone auf Sie
schießt, greifen die Hornissen noch
aggressiver und öfter an.
","Wenn The Pain Alarmpheromone auf Sie
schießt, greifen die Hornissen noch
aggressiver und öfter an.
"
0x14378,"Seien Sie also vorsichtig.
","Seien Sie also vorsichtig.
"
0x14394,"Falls The Pain Sie mit Alarmpheromonen
bedeckt, sollten Sie sofort zur
Überlebensanzeige wechseln und sich etwas
anderes anziehen.
","Falls The Pain Sie mit Alarmpheromonen
bedeckt, sollten Sie sofort zur
Überlebensanzeige wechseln und sich etwas
anderes anziehen.
"
0x14419,"The Pain kann die von ihm gesteuerten
Hornissen dazu einsetzen, seine Feinde zu
finden.
","The Pain kann die von ihm gesteuerten
Hornissen dazu einsetzen, seine Feinde zu
finden.
"
0x14472,"Ob du von den Hornissen oder von The Pain
entdeckt wirst - es läuft auf das Gleiche
hinaus.
","Ob du von den Hornissen oder von The Pain
entdeckt wirst - es läuft auf das Gleiche
hinaus.
"
0x144d0,"Wenn du aus dem Wasser auftauchst, achte
auf Hornissen über dir!
","Wenn du aus dem Wasser auftauchst, achte
auf Hornissen über dir!
"
0x14513,"Snake, die Feinde in dem Gebiet werden
Signalbomben gegen dich einsetzen.
","Snake, die Feinde in dem Gebiet werden
Signalbomben gegen dich einsetzen.
"
0x1455e,"Wenn du nicht weit vom Licht einer
Signalbombe entfernt bist, sinkt dein
Tarnindex.
","Wenn du nicht weit vom Licht einer
Signalbombe entfernt bist, sinkt dein
Tarnindex.
"
0x145b3,"Sollte der Feind eine Signalbombe auf dich
abfeuern, tauchst du am besten ab und
verbirgst dich unter Wasser.
","Sollte der Feind eine Signalbombe auf dich
abfeuern, tauchst du am besten ab und
verbirgst dich unter Wasser.
"
0x14622,"Falls dich der Feind in dem Gebiet entdeckt,
fordert er von weit her Mörserunterstützung an.
","Falls dich der Feind in dem Gebiet entdeckt,
fordert er von weit her Mörserunterstützung an.
"
0x14682,"Mit Mörserfeuer ist nicht zu spaßen.
","Mit Mörserfeuer ist nicht zu spaßen.
"
0x146aa,"Wenn der Feind Mörserunterstützung
anfordert, verlass sofort das Gebiet.
Verstanden?
","Wenn der Feind Mörserunterstützung
anfordert, verlass sofort das Gebiet.
Verstanden?
"
0x14702,"Snake, EVA erwähnte ein
Scharfschützengewehr im westlichen Teil von
Ponizovje.
","Snake, EVA erwähnte ein
Scharfschützengewehr im westlichen Teil von
Ponizovje.
"
0x14754,"Ein Scharfschützengewehr wäre für deinen
Einsatz sicher nützlich. Mach einen Abstecher
in diesen westlichen Bereich und hol dir das
Scharfschützengewehr.
","Ein Scharfschützengewehr wäre für deinen
Einsatz sicher nützlich. Mach einen Abstecher
in diesen westlichen Bereich und hol dir das
Scharfschützengewehr.
"
0x147f4,"Du hast also die Außenmauer überwunden.
","Du hast also die Außenmauer überwunden.
"
0x1481f,"Sokolov ist im Labor. Such einen Weg hinein
und geh ins Labor.
","Sokolov ist im Labor. Such einen Weg hinein
und geh ins Labor.
"
0x1485f,"Gut, du bist im Labor. Die
Sicherheitsvorkehrungen dort sind sehr streng.
","Gut, du bist im Labor. Die
Sicherheitsvorkehrungen dort sind sehr streng.
"
0x148aa,"Nur als Wissenschaftler verkleidet wirst du
unbemerkt nach Sokolov suchen können.
","Nur als Wissenschaftler verkleidet wirst du
unbemerkt nach Sokolov suchen können.
"
0x148fe,"Verwende die Kleidungsstücke, die EVA dir
gab, um dich als Wissenschaftler zu
verkleiden.
","Verwende die Kleidungsstücke, die EVA dir
gab, um dich als Wissenschaftler zu
verkleiden.
"
0x1495a,"Um dich als Wissenschaftler zu verkleiden,
","Um dich als Wissenschaftler zu verkleiden,
"
0x14986,"wechsle zur Überlebensanzeige. Wähle im
Menü „TARNUNG"" die Option „UNIFORM"",
„WISSENSCHAFTLER"".
","wechsle zur Überlebensanzeige. Wähle im
Menü „TARNUNG"" die Option „UNIFORM"",
„WISSENSCHAFTLER"".
"
0x149f0,"Aber vergiss nicht, deine Bemalung zu
entfernen.
","Aber vergiss nicht, deine Bemalung zu
entfernen.
"
0x14a22,"Um deine Gesichtsbemalung zu entfernen,
wählst du im Menü „TARNUNG"" die Option
„BEMALUNG"", „KEINE"".
","Um deine Gesichtsbemalung zu entfernen,
wählst du im Menü „TARNUNG"" die Option
„BEMALUNG"", „KEINE"".
"
0x14a8f,"Aber Vorsicht: Sollte deine Bekleidung von Blut
beschmutzt sein, durchschaut der Feind deine
Verkleidung.
","Aber Vorsicht: Sollte deine Bekleidung von Blut
beschmutzt sein, durchschaut der Feind deine
Verkleidung.
"
0x14afa,"Wenn du mit Blut bespritzt wirst, wechsle zur
Überlebensanzeige und zieh dir etwas anderes
an.
","Wenn du mit Blut bespritzt wirst, wechsle zur
Überlebensanzeige und zieh dir etwas anderes
an.
"
0x14b5b,"Nach einer Weile müsste das Blut von allein
verschwinden.
","Nach einer Weile müsste das Blut von allein
verschwinden.
"
0x14b97,"Du hast dich also als Wissenschaftler
verkleidet. Steht dir gut.
","Du hast dich also als Wissenschaftler
verkleidet. Steht dir gut.
"
0x14bd9,"Solange du nichts Verdächtiges tust wie rollen
oder kriechen, dürfte der Feind eigentlich
keinen Verdacht schöpfen.
","Solange du nichts Verdächtiges tust wie rollen
oder kriechen, dürfte der Feind eigentlich
keinen Verdacht schöpfen.
"
0x14c51,"Sokolov ist irgendwo im Labor. Finde ihn und
stell den Kontakt zu ihm her.
","Sokolov ist irgendwo im Labor. Finde ihn und
stell den Kontakt zu ihm her.
"
0x14c9d,"Wenn du wissen willst, wo Sokolov ist, warum
sprichst du nicht mit einem von diesen
Mitarbeitern hier?
","Wenn du wissen willst, wo Sokolov ist, warum
sprichst du nicht mit einem von diesen
Mitarbeitern hier?
"
0x14d05,"Snake, deine Verkleidung scheint zu
funktionieren.
","Snake, deine Verkleidung scheint zu
funktionieren.
"
0x14d39,"Aber vergiss nicht, dass du versuchst, als
Wissenschaftler durchzugehen.
","Aber vergiss nicht, dass du versuchst, als
Wissenschaftler durchzugehen.
"
0x14d83,"Unternimm nichts, was ein Wissenschaftler
nicht auch tun würde, wie rollen oder kriechen.
Und schlag vor allem niemanden.
","Unternimm nichts, was ein Wissenschaftler
nicht auch tun würde, wie rollen oder kriechen.
Und schlag vor allem niemanden.
"
0x14dff,"Wenn ein Feind Verdacht schöpft, renn nicht
weg.
","Wenn ein Feind Verdacht schöpft, renn nicht
weg.
"
0x14e32,"Bleib, wo du bist und verhalte dich ruhig. So
kannst du die meisten kniffligen Situationen
überstehen.
","Bleib, wo du bist und verhalte dich ruhig. So
kannst du die meisten kniffligen Situationen
überstehen.
"
0x14e9b,"Solange du als Wissenschaftler getarnt bist,
kannst du keine Pistolen und Messer tragen.
","Solange du als Wissenschaftler getarnt bist,
kannst du keine Pistolen und Messer tragen.
"
0x14ef5,"Allerdings könntest du Objekte tragen, die auf
den ersten Blick nicht wie Waffen wirken ...
","Allerdings könntest du Objekte tragen, die auf
den ersten Blick nicht wie Waffen wirken ...
"
0x14f53,"Snake, nimm dich auch vor diesen
Wissenschaftlern in Acht.
","Snake, nimm dich auch vor diesen
Wissenschaftlern in Acht.
"
0x14f8f,"Wenn sie dein Gesicht sehen, wissen sie, dass
du nicht im Labor arbeitest.
","Wenn sie dein Gesicht sehen, wissen sie, dass
du nicht im Labor arbeitest.
"
0x14fdb,"Halte also dein Gesicht vor den anderen
Wissenschaftlern verborgen.
","Halte also dein Gesicht vor den anderen
Wissenschaftlern verborgen.
"
0x15020,"Selbst wenn sie herausfinden, wer du bist,
werden dich die Wissenschaftler nicht
angreifen.
","Selbst wenn sie herausfinden, wer du bist,
werden dich die Wissenschaftler nicht
angreifen.
"
0x1507d,"Sollten sie aber aufschreien oder einen
der Alarmschalter an den Wänden betätigen,
sieht es übel für dich aus.
","Sollten sie aber aufschreien oder einen
der Alarmschalter an den Wänden betätigen,
sieht es übel für dich aus.
"
0x150f1,"Wenn ein Wissenschaftler Verdacht schöpft,
wende dich ab, bis sich sein Misstrauen legt.
","Wenn ein Wissenschaftler Verdacht schöpft,
wende dich ab, bis sich sein Misstrauen legt.
"
0x1514c,"Befrage einen Wissenschaftler, wenn sich die
Chance bietet. Vielleicht hat er wertvolle
Informationen für dich.
","Befrage einen Wissenschaftler, wenn sich die
Chance bietet. Vielleicht hat er wertvolle
Informationen für dich.
"
0x151be,"Lege vorübergehend deine Verkleidung ab und
ergreife einen Wissenschaftler mit deiner
CQC-Technik. Drück dann die -Taste.
","Lege vorübergehend deine Verkleidung ab und
ergreife einen Wissenschaftler mit deiner
CQC-Technik. Drück dann die -Taste.
"
0x1523e,"Selbst mit Tarnung wird es schwierig, sich in
einem Gebäude unauffällig zu verhalten.
","Selbst mit Tarnung wird es schwierig, sich in
einem Gebäude unauffällig zu verhalten.
"
0x15297,"Behalte deine Umgebung die ganze Zeit über
im Auge, bleib wachsam und halte dich aus
dem Blickfeld des Feindes ...
","Behalte deine Umgebung die ganze Zeit über
im Auge, bleib wachsam und halte dich aus
dem Blickfeld des Feindes ...
"
0x1530c,"Wenn du dich als Objekt tarnst, das man
häufig in Gebäuden findet, kannst du den
Feind vielleicht täuschen ...
","Wenn du dich als Objekt tarnst, das man
häufig in Gebäuden findet, kannst du den
Feind vielleicht täuschen ...
"
0x1537f,"The Fear verbirgt sich mithilfe einer Technik,
die man als Stealth-Tarnung bezeichnet.
","The Fear verbirgt sich mithilfe einer Technik,
die man als Stealth-Tarnung bezeichnet.
"
0x153d7,"Wenn du in der Beobachtungsperspektive
Ausschau hältst, müsstest du ihn aber
entdecken können.
","Wenn du in der Beobachtungsperspektive
Ausschau hältst, müsstest du ihn aber
entdecken können.
"
0x1543a,"Achte auf raschelndes Gras, herabfallende
Blätter ... Anzeichen, die seine Anwesenheit
verraten würden.
","Achte auf raschelndes Gras, herabfallende
Blätter ... Anzeichen, die seine Anwesenheit
verraten würden.
"
0x154a5,"Finde ihn und schieß in der
Beobachtungsperspektive auf ihn.
","Finde ihn und schieß in der
Beobachtungsperspektive auf ihn.
"
0x154e4,"Du kannst The Fears Pfeile mit deiner Pistole
oder deinem Messer abwehren.
","Du kannst The Fears Pfeile mit deiner Pistole
oder deinem Messer abwehren.
"
0x15530,"Wenn du einem Pfeil nicht ausweichen kannst,
wechsle in die Beobachtungsperspektive und
schieß ihn herunter.
","Wenn du einem Pfeil nicht ausweichen kannst,
wechsle in die Beobachtungsperspektive und
schieß ihn herunter.
"
0x1559f,"Snake, ist alles in Ordnung?!
","Snake, ist alles in Ordnung?!
"
0x155be,"Sie wurden von einem Giftpfeil getroffen! Das
Gift breitet sich in Ihrem Körper aus!
","Sie wurden von einem Giftpfeil getroffen! Das
Gift breitet sich in Ihrem Körper aus!
"
0x15615,"Wenn Sie nichts dagegen unternehmen, nimmt
Ihr LEBEN weiter ab! Neutralisieren Sie schnell
das Gift!
","Wenn Sie nichts dagegen unternehmen, nimmt
Ihr LEBEN weiter ab! Neutralisieren Sie schnell
das Gift!
"
0x1567b,"Wechseln Sie zur Überlebensanzeige, wählen
Sie die Option „HEILMITTEL"" und injizieren Sie
sich ein Serum!
","Wechseln Sie zur Überlebensanzeige, wählen
Sie die Option „HEILMITTEL"" und injizieren Sie
sich ein Serum!
"
0x156ea,"Aber ich habe kein Serum ...
","Aber ich habe kein Serum ...
"
0x15708,"Die Kaninchen in dem Gebiet sind giftresistent.
Fangen Sie ein Kaninchen. So bekommen Sie
Serum!
","Die Kaninchen in dem Gebiet sind giftresistent.
Fangen Sie ein Kaninchen. So bekommen Sie
Serum!
"
0x1576a,"Das Serum neutralisiert das Gift, aber
vergessen Sie nicht, auch die Pfeilwunde zu
behandeln.
","Das Serum neutralisiert das Gift, aber
vergessen Sie nicht, auch die Pfeilwunde zu
behandeln.
"
0x157c9,"Um eine Pfeilwunde zu behandeln, benötigen
Sie Ihr Messer, ein Styptikum und ein
Desinfektionsmittel.
","Um eine Pfeilwunde zu behandeln, benötigen
Sie Ihr Messer, ein Styptikum und ein
Desinfektionsmittel.
"
0x15831,"Entfernen Sie den Pfeil mit dem Messer und
tragen Sie dann das Styptikum und
Desinfektionsmittel auf die Wunde auf.
","Entfernen Sie den Pfeil mit dem Messer und
tragen Sie dann das Styptikum und
Desinfektionsmittel auf die Wunde auf.
"
0x158a6,"Wenn Sie diesen Schritten folgen, müsste die
Wunde sofort heilen.
","Wenn Sie diesen Schritten folgen, müsste die
Wunde sofort heilen.
"
0x158ea,"Beginnen Sie jetzt schnell mit der Behandlung!
","Beginnen Sie jetzt schnell mit der Behandlung!
"
0x1591a,"Snake, passen Sie auf The Fears Giftpfeile
auf!
","Snake, passen Sie auf The Fears Giftpfeile
auf!
"
0x1594b,"Wenn Sie von einem Giftpfeil getroffen werden,
dringt das Gift in ihren Blutkreislauf ein.
","Wenn Sie von einem Giftpfeil getroffen werden,
dringt das Gift in ihren Blutkreislauf ein.
"
0x159a7,"Ihr LEBEN sinkt darauf unaufhaltsam, es sei
denn, Sie neutralisieren das Gift mit Serum.
","Ihr LEBEN sinkt darauf unaufhaltsam, es sei
denn, Sie neutralisieren das Gift mit Serum.
"
0x15a01,"Wenn Sie von einem Giftpfeil getroffen werden,
wechseln Sie sofort zur Überlebensanzeige,
wählen Sie „HEILMITTEL"" und injizieren Sie
sich ein Serum.
","Wenn Sie von einem Giftpfeil getroffen werden,
wechseln Sie sofort zur Überlebensanzeige,
wählen Sie „HEILMITTEL"" und injizieren Sie
sich ein Serum.
"
0x15a9b,"Sie erhalten Serum, wenn Sie Kaninchen in
diesem Gebiet fangen.
","Sie erhalten Serum, wenn Sie Kaninchen in
diesem Gebiet fangen.
"
0x15adc,"Nachdem Sie das Gift mit dem Serum
neutralisiert haben, vergessen Sie nicht, auch
die Wunde zu behandeln.
","Nachdem Sie das Gift mit dem Serum
neutralisiert haben, vergessen Sie nicht, auch
die Wunde zu behandeln.
"
0x15b47,"The Fears Stealth-Tarnung verbraucht
anscheinend sehr schnell seine Ausdauer.
","The Fears Stealth-Tarnung verbraucht
anscheinend sehr schnell seine Ausdauer.
"
0x15b96,"Wenn er keine Ausdauer mehr hat, muss er
sich Nahrung suchen.
","Wenn er keine Ausdauer mehr hat, muss er
sich Nahrung suchen.
"
0x15bd5,"Das ist deine Chance. Wirf Nahrung aus und
stell ihm so eine Falle.
","Das ist deine Chance. Wirf Nahrung aus und
stell ihm so eine Falle.
"
0x15c1a,"Leg eine Claymore Mine oder TNT und bring
ihn dazu, dass er darauf tritt. Oder lock ihn in
eine seiner eigenen Fallen.
","Leg eine Claymore Mine oder TNT und bring
ihn dazu, dass er darauf tritt. Oder lock ihn in
eine seiner eigenen Fallen.
"
0x15c92,"Auch vergiftete oder verdorbene Nahrung wäre
wirksam.
","Auch vergiftete oder verdorbene Nahrung wäre
wirksam.
"
0x15cca,"Geschickt eingesetzt ist deine Nahrung eine
gute Waffe gegen ihn.
","Geschickt eingesetzt ist deine Nahrung eine
gute Waffe gegen ihn.
"
0x15d0d,"Vorsicht, Snake. In den Wäldern dort wimmelt
es von Fallen. Pass bei jedem Schritt auf.
","Vorsicht, Snake. In den Wäldern dort wimmelt
es von Fallen. Pass bei jedem Schritt auf.
"
0x15d67,"Und achte auf bodenlose Sumpfzonen!
","Und achte auf bodenlose Sumpfzonen!
"
0x15d8c,"Selbst wenn du eine Falle nicht auslöst, könnte
The Fear sie selbst zuschnappen lassen und
dich dadurch angreifen.
","Selbst wenn du eine Falle nicht auslöst, könnte
The Fear sie selbst zuschnappen lassen und
dich dadurch angreifen.
"
0x15e02,"Sei vorsichtig und stell dich nicht in die Nähe
von Fallen.
","Sei vorsichtig und stell dich nicht in die Nähe
von Fallen.
"
0x15e40,"Andererseits kannst du seine Fallen gegen ihn
verwenden.
","Andererseits kannst du seine Fallen gegen ihn
verwenden.
"
0x15e7a,"So könntest du beispielsweise etwas Nahrung
neben eine Falle legen und ihn dorthin locken.
Benutz deinen Verstand!
","So könntest du beispielsweise etwas Nahrung
neben eine Falle legen und ihn dorthin locken.
Benutz deinen Verstand!
"
0x15eef,"Snake, The End ist ein erfahrener
Scharfschütze. Er verbirgt sich irgendwo im
Wald und wartet dort auf dich.
","Snake, The End ist ein erfahrener
Scharfschütze. Er verbirgt sich irgendwo im
Wald und wartet dort auf dich.
"
0x15f5e,"Wenn er dich sieht, wird er ohne zu zögern
schießen.
","Wenn er dich sieht, wird er ohne zu zögern
schießen.
"
0x15f96,"Geh durch den Wald, aber verbirg dich dabei.
Und achte auf Hinweise auf The Ends
Anwesenheit.
","Geh durch den Wald, aber verbirg dich dabei.
Und achte auf Hinweise auf The Ends
Anwesenheit.
"
0x15ff5,"Um ihn angreifen zu können, musst du seine
Bewegungen vorausahnen und plötzlich an
seiner Seite auftauchen oder dich von hinten
anschleichen.
","Um ihn angreifen zu können, musst du seine
Bewegungen vorausahnen und plötzlich an
seiner Seite auftauchen oder dich von hinten
anschleichen.
"
0x16086,"Sei vorsichtig. The End verwendet ein
besonderes Betäubungsgeschoss.
","Sei vorsichtig. The End verwendet ein
besonderes Betäubungsgeschoss.
"
0x160cd,"Wenn er Sie mit einem dieser
Betäubungsgeschosse trifft, verlieren Sie
schnell an Ausdauer.
","Wenn er Sie mit einem dieser
Betäubungsgeschosse trifft, verlieren Sie
schnell an Ausdauer.
"
0x1612b,"Sollte Ihre Ausdauer auf Null sinken, verlieren
Sie das Bewusstsein.
","Sollte Ihre Ausdauer auf Null sinken, verlieren
Sie das Bewusstsein.
"
0x16171,"Wenn Sie von einem Betäubungsgeschoss
getroffen werden, wechseln Sie sofort zur
Überlebensanzeige und behandeln Sie die
Wunde.
","Wenn Sie von einem Betäubungsgeschoss
getroffen werden, wechseln Sie sofort zur
Überlebensanzeige und behandeln Sie die
Wunde.
"
0x161f3,"Entfernen Sie die Nadel mit dem Messer.
","Entfernen Sie die Nadel mit dem Messer.
"
0x1621c,"Wenn deine Ausdauer auf Null sinkt, ist es aus
mit dir. Halte deine Ausdauer hoch, indem du
regelmäßig nach Nahrung jagst.
","Wenn deine Ausdauer auf Null sinkt, ist es aus
mit dir. Halte deine Ausdauer hoch, indem du
regelmäßig nach Nahrung jagst.
"
0x1629a,"Dieser Kampf wird ein langes,
erbarmungsloses Scharfschützenduell werden.
","Dieser Kampf wird ein langes,
erbarmungsloses Scharfschützenduell werden.
"
0x162e6,"Aber bleib ständig auf der Hut, du darfst dich
nicht einen Moment lang ablenken lassen!
","Aber bleib ständig auf der Hut, du darfst dich
nicht einen Moment lang ablenken lassen!
"
0x16340,"The End ist ein bekannter Scharfschütze und
ein ausgezeichneter Tarnexperte.
","The End ist ein bekannter Scharfschütze und
ein ausgezeichneter Tarnexperte.
"
0x1638f,"Er hat sich irgendwo hier im Wald verborgen
und wartet auf seine Chance.
","Er hat sich irgendwo hier im Wald verborgen
und wartet auf seine Chance.
"
0x163d9,"Wenn du wie ein Irrer herumläufst, machst du
dich nur zur leichten Zielscheibe.
","Wenn du wie ein Irrer herumläufst, machst du
dich nur zur leichten Zielscheibe.
"
0x1642b,"Nutz deine Tarnung, um mit der Umgebung zu
verschmelzen, such hinter Felsen und Bäumen
Deckung und finde heraus, wo er sich
versteckt hat.
","Nutz deine Tarnung, um mit der Umgebung zu
verschmelzen, such hinter Felsen und Bäumen
Deckung und finde heraus, wo er sich
versteckt hat.
"
0x164b8,"Benutz dein Fernglas und achte darauf, ob du
ein Blitzen von seinem Zielfernrohr siehst.
","Benutz dein Fernglas und achte darauf, ob du
ein Blitzen von seinem Zielfernrohr siehst.
"
0x16512,"Du könntest auch ausprobieren, ob dir dein
Infrarotsichtgerät hilft.
","Du könntest auch ausprobieren, ob dir dein
Infrarotsichtgerät hilft.
"
0x1655a,"The End hat dich getroffen?!
","The End hat dich getroffen?!
"
0x16578,"Ja ...
","Ja ...
"
0x16580,"Snake, The End verwendet ein spezielles
Betäubungsgeschoss.
","Snake, The End verwendet ein spezielles
Betäubungsgeschoss.
"
0x165be,"Wenn Sie von einem von The Ends
Betäubungsgeschossen getroffen werden,
bleibt die Nadel in Ihrem Körper stecken.
","Wenn Sie von einem von The Ends
Betäubungsgeschossen getroffen werden,
bleibt die Nadel in Ihrem Körper stecken.
"
0x16632,"Bis Sie die Nadel entfernen, verlieren Sie
schnell an Ausdauer.
","Bis Sie die Nadel entfernen, verlieren Sie
schnell an Ausdauer.
"
0x16673,"Sollte Ihre Ausdauer auf Null sinken, werden
Sie bewusstlos. Sie müssen die Nadel
entfernen!
","Sollte Ihre Ausdauer auf Null sinken, werden
Sie bewusstlos. Sie müssen die Nadel
entfernen!
"
0x166d2,"Um die Nadel zu entfernen, wählen Sie in der
Überlebensanzeige die Option „HEILMITTEL""
und benutzen Sie Ihr Messer.
","Um die Nadel zu entfernen, wählen Sie in der
Überlebensanzeige die Option „HEILMITTEL""
und benutzen Sie Ihr Messer.
"
0x1674b,"Entfernen Sie die Nadel, bevor Sie das
Bewusstsein verlieren. Machen Sie schnell!
","Entfernen Sie die Nadel, bevor Sie das
Bewusstsein verlieren. Machen Sie schnell!
"
0x1679e,"Wenn du die Stelle erreichst, an der du The
End vermutest, ihn dort aber nicht mehr
vorfindest, gib nicht auf.
","Wenn du die Stelle erreichst, an der du The
End vermutest, ihn dort aber nicht mehr
vorfindest, gib nicht auf.
"
0x1680e,"Schau dir genau den Boden an. Vielleicht
siehst du seine Fußspuren. Daran kannst du
erkennen, in welche Richtung er sich bewegt
hat.
","Schau dir genau den Boden an. Vielleicht
siehst du seine Fußspuren. Daran kannst du
erkennen, in welche Richtung er sich bewegt
hat.
"
0x16895,"Versuch, seine Bewegungen vorauszuahnen,
und schleich dich von hinten an ihn an.
","Versuch, seine Bewegungen vorauszuahnen,
und schleich dich von hinten an ihn an.
"
0x168e7,"Snake, du bist in eine Schlingenfalle geraten?
Da oben bist du eine perfekte Zielscheibe!
","Snake, du bist in eine Schlingenfalle geraten?
Da oben bist du eine perfekte Zielscheibe!
"
0x16942,"Durchtrenne das Seil mit der Aktionstaste und
befrei dich aus der Falle. Beeil dich, bevor er
dich findet!
","Durchtrenne das Seil mit der Aktionstaste und
befrei dich aus der Falle. Beeil dich, bevor er
dich findet!
"
0x169ae,"Das Gelände entscheidet natürlich über die
besten Scharfschützenstellungen.
","Das Gelände entscheidet natürlich über die
besten Scharfschützenstellungen.
"
0x169ff,"The End kann mehrmals das gleiche Versteck
benutzen.
","The End kann mehrmals das gleiche Versteck
benutzen.
"
0x16a35,"Merk dir die Stellen, die er als
Scharfschützenpositionen bevorzugt, und
schleich dich von hinten an.
","Merk dir die Stellen, die er als
Scharfschützenpositionen bevorzugt, und
schleich dich von hinten an.
"
0x16a9d,"Wenn du dir in der Überlebensanzeige die
„KARTE"" ansiehst, weißt du, welche
Scharfschützenpositionen The End bereits
benutzt hat.
","Wenn du dir in der Überlebensanzeige die
„KARTE"" ansiehst, weißt du, welche
Scharfschützenpositionen The End bereits
benutzt hat.
"
0x16b25,"Überlege, wo sich seine nächste Stellung
befinden könnte, und nähere dich ihm von der
Seite oder von hinten.
","Überlege, wo sich seine nächste Stellung
befinden könnte, und nähere dich ihm von der
Seite oder von hinten.
"
0x16b97,"Snake, wie es aussieht, wurdest du durch The
Ends Betäubungsgeschosse bewusstlos.
","Snake, wie es aussieht, wurdest du durch The
Ends Betäubungsgeschosse bewusstlos.
"
0x16beb,"Ja ... aber warum hat er mich nicht getötet?
","Ja ... aber warum hat er mich nicht getötet?
"
0x16c1a,"Ich weiß nicht. Aber ich vermute, er ist noch in
Sokrovenno.
","Ich weiß nicht. Aber ich vermute, er ist noch in
Sokrovenno.
"
0x16c59,"Bis du The End besiegst, kommst du nicht in
die Berge.
","Bis du The End besiegst, kommst du nicht in
die Berge.
"
0x16c91,"Snake, kehr nach Sokrovenno zurück. Und
dieses Mal musst du ihn ein für alle Mal
ausschalten!
","Snake, kehr nach Sokrovenno zurück. Und
dieses Mal musst du ihn ein für alle Mal
ausschalten!
"
0x16cf2,"Snake, sei vorsichtig. Stellen die Ocelots dir
nicht angeblich in diesem Wald einen
Hinterhalt?
","Snake, sei vorsichtig. Stellen die Ocelots dir
nicht angeblich in diesem Wald einen
Hinterhalt?
"
0x16d53,"Ja. Und wie ich höre, haben sie auch
Scharfschützen.
","Ja. Und wie ich höre, haben sie auch
Scharfschützen.
"
0x16d8b,"Die Ocelots sind eine speziell aus den Reihen
des GRU ausgewählte Eliteeinheit. So einfach
lassen sie sich nicht besiegen.
","Die Ocelots sind eine speziell aus den Reihen
des GRU ausgewählte Eliteeinheit. So einfach
lassen sie sich nicht besiegen.
"
0x16e08,"Benutz deine Tarnung, damit sie dich nicht
sehen. Rück vorsichtig vor.
","Benutz deine Tarnung, damit sie dich nicht
sehen. Rück vorsichtig vor.
"
0x16e51,"Dein Hauptziel lautet, dich in den Bergen mit
EVA zu treffen. Du musst nicht gegen die
Ocelots kämpfen.
","Dein Hauptziel lautet, dich in den Bergen mit
EVA zu treffen. Du musst nicht gegen die
Ocelots kämpfen.
"
0x16ebb,"Der Schacht in die Berge beginnt im
nordöstlichen Teil des nördlichen
Waldbereichs.
","Der Schacht in die Berge beginnt im
nordöstlichen Teil des nördlichen
Waldbereichs.
"
0x16f12,"Achte auf Hinterhalte und geh in nordöstlicher
Richtung.
","Achte auf Hinterhalte und geh in nordöstlicher
Richtung.
"
0x16f4d,"Snake, halte Ausschau nach Hinterhalten der
Ocelots. Sie könnten sich im Gebüsch oder an
ähnlichen Stellen verbergen.
","Snake, halte Ausschau nach Hinterhalten der
Ocelots. Sie könnten sich im Gebüsch oder an
ähnlichen Stellen verbergen.
"
0x16fc7,"Sorge dafür, dass du gut getarnt bist, und sei
vorsichtig.
","Sorge dafür, dass du gut getarnt bist, und sei
vorsichtig.
"
0x17004,"Das Fernglas und die
Beobachtungsperspektive werden dir helfen,
den Feind aufzuspüren.
","Das Fernglas und die
Beobachtungsperspektive werden dir helfen,
den Feind aufzuspüren.
"
0x1705d,"Nutz auch deinen Bewegungsmelder, das
aktive Sonar und den Personenmelder.
","Nutz auch deinen Bewegungsmelder, das
aktive Sonar und den Personenmelder.
"
0x170a9,"Du könntest auch das Richtmikrofon
ausprobieren.
","Du könntest auch das Richtmikrofon
ausprobieren.
"
0x170dc,"Das Infrarotsichtgerät dürfte ebenfalls effektiv
sein.
","Das Infrarotsichtgerät dürfte ebenfalls effektiv
sein.
"
0x17116,"Snake, Para-Medic hat dir etwas zu sagen.
","Snake, Para-Medic hat dir etwas zu sagen.
"
0x17141,"Snake, diese Berge sind sehr hoch.
","Snake, diese Berge sind sehr hoch.
"
0x17165,"Dadurch ist der Sauerstoffgehalt der Luft
niedriger als üblich.
","Dadurch ist der Sauerstoffgehalt der Luft
niedriger als üblich.
"
0x171a7,"Wenn weniger Sauerstoff in der Luft ist, atmen
Sie natürlich auch weniger Sauerstoff ein.
","Wenn weniger Sauerstoff in der Luft ist, atmen
Sie natürlich auch weniger Sauerstoff ein.
"
0x17203,"Dadurch sinkt der Sauerstoffgehalt Ihres Blutes
","Dadurch sinkt der Sauerstoffgehalt Ihres Blutes
"
0x17234,"und Sie könnten hypoxisch werden.
","und Sie könnten hypoxisch werden.
"
0x17258,"Hypoxie ist eine ernstzunehmende Störung. Im
schlimmsten Fall kann sie zu Lungen- und
Hirnödemen führen.
","Hypoxie ist eine ernstzunehmende Störung. Im
schlimmsten Fall kann sie zu Lungen- und
Hirnödemen führen.
"
0x172c5,"Ich glaube nicht, dass Sie sich momentan
Sorgen zu machen brauchen, aber seien Sie
trotzdem vorsichtig.
","Ich glaube nicht, dass Sie sich momentan
Sorgen zu machen brauchen, aber seien Sie
trotzdem vorsichtig.
"
0x1732e,"Wobei soll ich also vorsichtig sein?
","Wobei soll ich also vorsichtig sein?
"
0x17354,"In Höhenlagen ermüden Sie schneller als
gewöhnlich.
","In Höhenlagen ermüden Sie schneller als
gewöhnlich.
"
0x1738c,"Okay.
","Okay.
"
0x17393,"Snake, einen Berg zu erklimmen verbraucht
ohnehin viel Ausdauer. Außerdem ist die Luft
dort oben dünner als in normalen Lagen.
","Snake, einen Berg zu erklimmen verbraucht
ohnehin viel Ausdauer. Außerdem ist die Luft
dort oben dünner als in normalen Lagen.
"
0x17415,"Sie verbrennen jetzt erheblich schneller
Ausdauer als je zuvor.
","Sie verbrennen jetzt erheblich schneller
Ausdauer als je zuvor.
"
0x17456,"Behalten Sie Ihre Ausdaueranzeige im Auge.
Essen Sie etwas, um Ihre Ausdauer
wiederherzustellen, bevor es zu spät ist.
","Behalten Sie Ihre Ausdaueranzeige im Auge.
Essen Sie etwas, um Ihre Ausdauer
wiederherzustellen, bevor es zu spät ist.
"
0x174cf,"Snake, halt Ausschau nach feindlichen, mit
Flammenwerfern ausgerüsteten Soldaten.
","Snake, halt Ausschau nach feindlichen, mit
Flammenwerfern ausgerüsteten Soldaten.
"
0x17523,"Nähere dich diesen Soldaten unter keinen
Umständen.
","Nähere dich diesen Soldaten unter keinen
Umständen.
"
0x1755a,"Schleich dich entweder unbemerkt vorbei oder
eliminiere sie aus der Entfernung.
","Schleich dich entweder unbemerkt vorbei oder
eliminiere sie aus der Entfernung.
"
0x175ab,"Wenn Sie vom Feuerstoß eines
Flammenwerfers getroffen werden, fängt Ihr
Körper Feuer.
","Wenn Sie vom Feuerstoß eines
Flammenwerfers getroffen werden, fängt Ihr
Körper Feuer.
"
0x17605,"Wenn Ihr Körper Feuer fängt, rollen Sie sich
entweder mehrmals, um es zu löschen,
","Wenn Ihr Körper Feuer fängt, rollen Sie sich
entweder mehrmals, um es zu löschen,
"
0x1765b,"oder wechseln Sie zur Überlebensanzeige und
ziehen Sie die brennenden Kleidungsstücke
aus.
","oder wechseln Sie zur Überlebensanzeige und
ziehen Sie die brennenden Kleidungsstücke
aus.
"
0x176b9,"Wenn Sie Feuer fangen, müssen Sie die
Flammen schnell ersticken, sonst erleiden Sie
Verbrennungen.
","Wenn Sie Feuer fangen, müssen Sie die
Flammen schnell ersticken, sonst erleiden Sie
Verbrennungen.
"
0x1771e,"Also löschen Sie die Flammen sofort,
verstanden?
","Also löschen Sie die Flammen sofort,
verstanden?
"
0x17751,"Falls dich Feinde in dem Gebiet sehen, fordern
sie Unterstützung vom Hind an.
","Falls dich Feinde in dem Gebiet sehen, fordern
sie Unterstützung vom Hind an.
"
0x177a1,"Die Panzerung des Hind kann von normalen
Geschossen wie Gewehrkugeln nicht
durchdrungen werden.
","Die Panzerung des Hind kann von normalen
Geschossen wie Gewehrkugeln nicht
durchdrungen werden.
"
0x17802,"Sollte es dir aber gelingen, eine der
Flugabwehrkanonen in den Bergen zu
erbeuten, müsstest du es mit dem Hind
aufnehmen können.
","Sollte es dir aber gelingen, eine der
Flugabwehrkanonen in den Bergen zu
erbeuten, müsstest du es mit dem Hind
aufnehmen können.
"
0x17886,"Oder versuch, die RPG-7 einzusetzen.
","Oder versuch, die RPG-7 einzusetzen.
"
0x178ac,"Was könntest du noch gegen den Hind
verwenden ...? Vielleicht einen
Raketenwerfer ...
","Was könntest du noch gegen den Hind
verwenden ...? Vielleicht einen
Raketenwerfer ...
"
0x17904,"Wie es aussieht, hast du von dort aus einen
schönen Panoramablick auf Groznyj Grad.
Vielleicht solltest du die Stadt jetzt, da du die
Gelegenheit dazu hast, ausspionieren.
","Wie es aussieht, hast du von dort aus einen
schönen Panoramablick auf Groznyj Grad.
Vielleicht solltest du die Stadt jetzt, da du die
Gelegenheit dazu hast, ausspionieren.
"
0x179b2,"Verhalte dich nur nicht zu auffällig. Denk
daran, dass der Kampfhubschrauber nach wie
vor das Gebiet absucht.
","Verhalte dich nur nicht zu auffällig. Denk
daran, dass der Kampfhubschrauber nach wie
vor das Gebiet absucht.
"
0x17a22,"The Fury ist mit einem starken Flammenwerfer
ausgerüstet. Greif ihn auf keinen Fall von
vorne an.
","The Fury ist mit einem starken Flammenwerfer
ausgerüstet. Greif ihn auf keinen Fall von
vorne an.
"
0x17a86,"Nähere dich ihm von hinten und greif ihn dann
an.
","Nähere dich ihm von hinten und greif ihn dann
an.
"
0x17aba,"Du kommst nie weiter, wenn du dich blind in
der Dunkelheit vortastest. Du musst erst sehen
können.
","Du kommst nie weiter, wenn du dich blind in
der Dunkelheit vortastest. Du musst erst sehen
können.
"
0x17b1f,"Setz das Nachtsichtgerät auf.
","Setz das Nachtsichtgerät auf.
"
0x17b3f,"Oder versuch es mit einer Fackel oder Zigarre.
","Oder versuch es mit einer Fackel oder Zigarre.
"
0x17b6f,"The Furys Flammenwerfer ist äußerst stark.
Versuch auf keinen Fall, dich ihm von vorn zu
nähern.
","The Furys Flammenwerfer ist äußerst stark.
Versuch auf keinen Fall, dich ihm von vorn zu
nähern.
"
0x17bd4,"Die Flammen sind unglaublich intensiv. Wenn
Sie aus unmittelbarer Nähe davon getroffen
werden, erleiden Sie bestimmt schwere
Verbrennungen.
","Die Flammen sind unglaublich intensiv. Wenn
Sie aus unmittelbarer Nähe davon getroffen
werden, erleiden Sie bestimmt schwere
Verbrennungen.
"
0x17c62,"Wenn Sie Verbrennungen davontragen,
wechseln Sie sofort zur Überlebensanzeige,
wählen Sie die Option „HEILMITTEL"" und
behandeln Sie sich!
","Wenn Sie Verbrennungen davontragen,
wechseln Sie sofort zur Überlebensanzeige,
wählen Sie die Option „HEILMITTEL"" und
behandeln Sie sich!
"
0x17cf1,"Sollten Sie Feuer fangen, rollen Sie sich
mehrmals, um es zu löschen.
","Sollten Sie Feuer fangen, rollen Sie sich
mehrmals, um es zu löschen.
"
0x17d39,"Oder wechseln Sie zur Überlebensanzeige und
legen Sie die brennenden Kleidungsstücke ab.
","Oder wechseln Sie zur Überlebensanzeige und
legen Sie die brennenden Kleidungsstücke ab.
"
0x17d95,"Also: Wenn Sie Feuer fangen, kümmern Sie
sich sofort darum!
","Also: Wenn Sie Feuer fangen, kümmern Sie
sich sofort darum!
"
0x17dd3,"Pass auf The Furys fliegende Angriffe auf.
Selbst aus großer Entfernung kann er sich dir
im Handumdrehen nähern.
","Pass auf The Furys fliegende Angriffe auf.
Selbst aus großer Entfernung kann er sich dir
im Handumdrehen nähern.
"
0x17e47,"Doch beim Absprung und bei der Landung ist
er einen Moment lang verwundbar. Das ist
deine Chance!
","Doch beim Absprung und bei der Landung ist
er einen Moment lang verwundbar. Das ist
deine Chance!
"
0x17eaa,"Gut, du bist im Ostflügel. Raikov müsste sich
irgendwo im Gebäude befinden.
","Gut, du bist im Ostflügel. Raikov müsste sich
irgendwo im Gebäude befinden.
"
0x17efa,"Erledige ihn und stiehl seine Kleidung!
","Erledige ihn und stiehl seine Kleidung!
"
0x17f23,"Aber in dem Aufzug kannst du nicht durch den
Stützpunkt des Feindes wandern.
","Aber in dem Aufzug kannst du nicht durch den
Stützpunkt des Feindes wandern.
"
0x17f72,"Verkleide dich erst einmal als Wissenschaftler,
während du nach Raikov suchst.
","Verkleide dich erst einmal als Wissenschaftler,
während du nach Raikov suchst.
"
0x17fc3,"Raikov ist irgendwo im Ostflügel. Such ihn und
schalte ihn aus.
","Raikov ist irgendwo im Ostflügel. Such ihn und
schalte ihn aus.
"
0x18005,"Snake, hast du Raikov gefunden?
","Snake, hast du Raikov gefunden?
"
0x18026,"Ja. Aber dann ist er mir entwischt ...
","Ja. Aber dann ist er mir entwischt ...
"
0x1804e,"Was?!
","Was?!
"
0x18055,"Tut mir Leid, Major. Ich werde ...
","Tut mir Leid, Major. Ich werde ...
"
0x18079,"Hör auf zu labern und erledige ihn schnell!
","Hör auf zu labern und erledige ihn schnell!
"
0x180a7,"Okay, aber ...
","Okay, aber ...
"
0x180b7,"Worauf wartest du noch? Beeil dich!
","Worauf wartest du noch? Beeil dich!
"
0x180dc,"Major, warum sind Sie plötzlich so sauer?
Haben Sie etwas gegen Raikov?
","Major, warum sind Sie plötzlich so sauer?
Haben Sie etwas gegen Raikov?
"
0x18126,"Nein, aber jedes Mal, wenn ich an sein Gesicht
denke, packt mich die Wut. Dich nicht?
","Nein, aber jedes Mal, wenn ich an sein Gesicht
denke, packt mich die Wut. Dich nicht?
"
0x1817d,"...
","...
"
0x18182,"Beeil dich einfach! Schlag ihn k.o. und stiehl
seine Kleidung!
","Beeil dich einfach! Schlag ihn k.o. und stiehl
seine Kleidung!
"
0x181c2,"Gut. Du hast Raikov erledigt. Jetzt zieh im die
Sachen aus.
","Gut. Du hast Raikov erledigt. Jetzt zieh im die
Sachen aus.
"
0x181ff,"Aber zieh ihn nicht hier aus. Das fällt zu sehr
auf!
","Aber zieh ihn nicht hier aus. Das fällt zu sehr
auf!
"
0x18236,"Und sobald du dich als Raikov getarnt hast,
musst du ein Versteck für den echten Raikov
finden.
","Und sobald du dich als Raikov getarnt hast,
musst du ein Versteck für den echten Raikov
finden.
"
0x18298,"Es muss doch einen Ort geben, wohin du
Raikovs Sachen bringen und ihn verstecken
kannst. Zieh seinen Körper dorthin.
","Es muss doch einen Ort geben, wohin du
Raikovs Sachen bringen und ihn verstecken
kannst. Zieh seinen Körper dorthin.
"
0x1830f,"Vielleicht kennt EVA ein Versteck. Frag sie.
","Vielleicht kennt EVA ein Versteck. Frag sie.
"
0x1833d,"Zieh Raikov in den Umkleideraum. Er liegt auf
der Südwestseite der zweiten Etage.
","Zieh Raikov in den Umkleideraum. Er liegt auf
der Südwestseite der zweiten Etage.
"
0x18391,"Weck Raikov nicht auf, während du ihn in das
Versteck ziehst. Und pass auf, dass feindliche
Soldaten oder Wissenschaftler dich nicht
sehen.
","Weck Raikov nicht auf, während du ihn in das
Versteck ziehst. Und pass auf, dass feindliche
Soldaten oder Wissenschaftler dich nicht
sehen.
"
0x1841f,"Sollte Raikov gefunden werden, ist deine
Verkleidung aufgeflogen.
","Sollte Raikov gefunden werden, ist deine
Verkleidung aufgeflogen.
"
0x18462,"Was du auch tust, man darf ihn nicht finden.
Hast du verstanden?
","Was du auch tust, man darf ihn nicht finden.
Hast du verstanden?
"
0x184a4,"Wie ich sehe, hast du Raikov seine Kleidung
abgenommen.
","Wie ich sehe, hast du Raikov seine Kleidung
abgenommen.
"
0x184dd,"Verkleide dich als Raikov und geh in den
Westflügel, in dem man Sokolov festhält.
","Verkleide dich als Raikov und geh in den
Westflügel, in dem man Sokolov festhält.
"
0x18532,"Wähl im Menü „TARNUNG"" die Option
„UNIFORM"", „OFFIZIER"", um Raikovs Uniform
anzulegen.
","Wähl im Menü „TARNUNG"" die Option
„UNIFORM"", „OFFIZIER"", um Raikovs Uniform
anzulegen.
"
0x18592,"Das reicht aber noch nicht, um dich als Raikov
ausgeben zu können.
","Das reicht aber noch nicht, um dich als Raikov
ausgeben zu können.
"
0x185d7,"Um wirklich Raikov zu werden, muss auch dein
Gesicht wie seins aussehen.
","Um wirklich Raikov zu werden, muss auch dein
Gesicht wie seins aussehen.
"
0x18621,"Wie du das schaffst ... Nun, das überlasse ich
dir.
","Wie du das schaffst ... Nun, das überlasse ich
dir.
"
0x18657,"Benutze die Maske, um deinem Gesicht das
Aussehen von Raikov zu verleihen.
","Benutze die Maske, um deinem Gesicht das
Aussehen von Raikov zu verleihen.
"
0x186a3,"Um die Maske anzulegen, wählst du im Menü
„TARNUNG"" die Option „BEMALUNG"",
„MASKE"".
","Um die Maske anzulegen, wählst du im Menü
„TARNUNG"" die Option „BEMALUNG"",
„MASKE"".
"
0x18700,"Major, ich habe mich als Raikov verkleidet.
","Major, ich habe mich als Raikov verkleidet.
"
0x1872d,"...
","...
"
0x18732,"... Nicht gut?
","... Nicht gut?
"
0x18742,"Nein.
","Nein.
"
0x18749,"Snake, mit seiner Uniform allein kannst du dich
nicht als Raikov ausgeben.
","Snake, mit seiner Uniform allein kannst du dich
nicht als Raikov ausgeben.
"
0x18795,"Auch dein Gesicht muss aussehen wie seins.
","Auch dein Gesicht muss aussehen wie seins.
"
0x187c1,"Es muss doch eine Möglichkeit geben, um
deinem Gesicht Raikovs Antlitz zu verleihen.
Überleg einmal, Snake.
","Es muss doch eine Möglichkeit geben, um
deinem Gesicht Raikovs Antlitz zu verleihen.
Überleg einmal, Snake.
"
0x18830,"Ah, deine Raikov-Verkleidung ist perfekt.
","Ah, deine Raikov-Verkleidung ist perfekt.
"
0x1885b,"Ja. Nicht einmal seine Mutter würde den
Unterschied erkennen.
","Ja. Nicht einmal seine Mutter würde den
Unterschied erkennen.
"
0x1889b,"Genau. Dein Aussehen macht mich bereits
wütend.
","Genau. Dein Aussehen macht mich bereits
wütend.
"
0x188cd,"Warum? Dieser Aufzug sollte mich doch
beliebter machen.
","Warum? Dieser Aufzug sollte mich doch
beliebter machen.
"
0x18906,"Darauf würde ich nicht wetten. Aber mal
abwarten.
","Darauf würde ich nicht wetten. Aber mal
abwarten.
"
0x1893a,"Da du jetzt nicht mehr vom echten Raikov zu
unterscheiden bist, kannst du den Westflügel
betreten, zu dem nur Volgin und Raikov
Zugang haben.
","Da du jetzt nicht mehr vom echten Raikov zu
unterscheiden bist, kannst du den Westflügel
betreten, zu dem nur Volgin und Raikov
Zugang haben.
"
0x189ca,"Begib dich zum Westflügel des Waffenlabors.
Dort wird Sokolov festgehalten.
","Begib dich zum Westflügel des Waffenlabors.
Dort wird Sokolov festgehalten.
"
0x18a18,"Betritt den Hauptflügel von der zweiten Etage
des Ostflügels aus.
","Betritt den Hauptflügel von der zweiten Etage
des Ostflügels aus.
"
0x18a5d,"Geh in westlicher Richtung durch den
Hauptflügel, bis du zu einem
Verbindungskorridor gelangst.
","Geh in westlicher Richtung durch den
Hauptflügel, bis du zu einem
Verbindungskorridor gelangst.
"
0x18abf,"Der Westflügel liegt auf der anderen Seite des
Korridors.
","Der Westflügel liegt auf der anderen Seite des
Korridors.
"
0x18afb,"Geh in den Westflügel und befrei Sokolov.
","Geh in den Westflügel und befrei Sokolov.
"
0x18b27,"In deiner Verkleidung als Raikov kannst du die
Aktionstaste drücken, um zu salutieren.
","In deiner Verkleidung als Raikov kannst du die
Aktionstaste drücken, um zu salutieren.
"
0x18b80,"Du könntest beispielsweise einigen Soldaten
und Wissenschaftlern salutieren.
","Du könntest beispielsweise einigen Soldaten
und Wissenschaftlern salutieren.
"
0x18bcf,"Als Raikovs Double wird niemand bei deinem
Anblick Verdacht schöpfen.
","Als Raikovs Double wird niemand bei deinem
Anblick Verdacht schöpfen.
"
0x18c17,"Sollte man aber Raikov im Spind finden, ist
deine Tarnung aufgeflogen
","Sollte man aber Raikov im Spind finden, ist
deine Tarnung aufgeflogen
"
0x18c5e,"und dein Einsatz schlägt fehl.
","und dein Einsatz schlägt fehl.
"
0x18c7f,"Was du auch tust, öffne nicht den Spind!
Okay?
","Was du auch tust, öffne nicht den Spind!
Okay?
"
0x18cb0,"In der Verkleidung als Raikov kannst du dich in
der Festung völlig frei bewegen. Niemand wird
verdacht schöpfen.
","In der Verkleidung als Raikov kannst du dich in
der Festung völlig frei bewegen. Niemand wird
verdacht schöpfen.
"
0x18d24,"Es könnte daher eine gute Gelegenheit sein,
dich ein wenig umzusehen.
","Es könnte daher eine gute Gelegenheit sein,
dich ein wenig umzusehen.
"
0x18d6c,"Snake, der Korridor führt zum Westflügel, in
dem man Sokolov festhält.
","Snake, der Korridor führt zum Westflügel, in
dem man Sokolov festhält.
"
0x18db7,"Aber die einzigen, die die Tür zum Westflügel
öffnen können, sind diese Wachposten hier.
","Aber die einzigen, die die Tür zum Westflügel
öffnen können, sind diese Wachposten hier.
"
0x18e15,"Es gibt nur einen Weg in den Westflügel für
dich: Verkleide dich als Raikov, und bring die
Wachposten dazu, dir die Tür zu öffnen.
","Es gibt nur einen Weg in den Westflügel für
dich: Verkleide dich als Raikov, und bring die
Wachposten dazu, dir die Tür zu öffnen.
"
0x18e9d,"Schnell, verkleide dich als Raikov.
","Schnell, verkleide dich als Raikov.
"
0x18ec2,"In der Verkleidung müsstest du sie eigentlich
täuschen können. Tu so, als wärst du Raikov,
und lass dir die Tür öffnen.
","In der Verkleidung müsstest du sie eigentlich
täuschen können. Tu so, als wärst du Raikov,
und lass dir die Tür öffnen.
"
0x18f41,"Aber erst musst du Raikov seine Kleidung
abnehmen. Geh zurück zum Ostflügel und
schalte ihn aus.
","Aber erst musst du Raikov seine Kleidung
abnehmen. Geh zurück zum Ostflügel und
schalte ihn aus.
"
0x18fa5,"Was für ein merkwürdiger Zufall ...
","Was für ein merkwürdiger Zufall ...
"
0x18fcc,"Zufall?
","Zufall?
"
0x18fd5,"Nun, Raikovs vollständiger Name ist Ivan
Raidenovitch Raikov.
","Nun, Raikovs vollständiger Name ist Ivan
Raidenovitch Raikov.
"
0x19015,"Und?
","Und?
"
0x1901b,"Ivan ist russisch für John. Und ein üblicher
Spitzname für John ist Jack.
","Ivan ist russisch für John. Und ein üblicher
Spitzname für John ist Jack.
"
0x19069,"...
","...
"
0x1906e,"Weißt du, dass in russischen Märchen der
jüngste Sohn häufig am schlechtesten
behandelt wird,
","Weißt du, dass in russischen Märchen der
jüngste Sohn häufig am schlechtesten
behandelt wird,
"
0x190d1,"obwohl er cleverer ist als seine Brüder?
Natürlich endet die Geschichte regelmäßig
glücklich. Dieser jüngste Sohn heißt meist
Ivan.
","obwohl er cleverer ist als seine Brüder?
Natürlich endet die Geschichte regelmäßig
glücklich. Dieser jüngste Sohn heißt meist
Ivan.
"
0x1915d,"Ich habe keine Brüder.
","Ich habe keine Brüder.
"
0x19176,"Nein? Ich hätte schwören können, dass du
mehrere hast.
","Nein? Ich hätte schwören können, dass du
mehrere hast.
"
0x191b1,"???
","???
"
0x191b6,"Snake!
","Snake!
"
0x191be,"... Major ...
","... Major ...
"
0x191cd,"Geht es dir gut?
","Geht es dir gut?
"
0x191df,"Gut würde ich nicht sagen ... Aber ich lebe.
","Gut würde ich nicht sagen ... Aber ich lebe.
"
0x1920e,"Das ist gut genug ...
","Das ist gut genug ...
"
0x19225,"Aber sie haben mir all meine Waffen und
Ausrüstung genommen.
","Aber sie haben mir all meine Waffen und
Ausrüstung genommen.
"
0x19264,"Wenigstens hast du noch dein Funkgerät und
deine Behandlungsmittel.
","Wenigstens hast du noch dein Funkgerät und
deine Behandlungsmittel.
"
0x192aa,"Ja.
","Ja.
"
0x192af,"Warum wohl?
","Warum wohl?
"
0x192bc,"Vielleicht ist Volgin noch nicht mit dir fertig.
","Vielleicht ist Volgin noch nicht mit dir fertig.
"
0x192ee,"Ja, und ich bin auch noch nicht mit ihm fertig.
","Ja, und ich bin auch noch nicht mit ihm fertig.
"
0x1931f,"Snake, du musst irgendwie aus der Zelle
fliehen. Es muss doch einen Weg geben.
Benutze deinen Verstand.
","Snake, du musst irgendwie aus der Zelle
fliehen. Es muss doch einen Weg geben.
Benutze deinen Verstand.
"
0x19388,"Die Zellentür scheint sich bei Eingabe einer
bestimmten Funkfrequenz zu öffnen.
","Die Zellentür scheint sich bei Eingabe einer
bestimmten Funkfrequenz zu öffnen.
"
0x193db,"Vielleicht hast du diese Frequenz schon einmal
gesehen oder gehört?
","Vielleicht hast du diese Frequenz schon einmal
gesehen oder gehört?
"
0x19421,"Ich glaube es nicht.
","Ich glaube es nicht.
"
0x19437,"Schade ...
","Schade ...
"
0x19443,"...
","...
"
0x19448,"Los, ich weiß, dass du die Frequenz gesehen
hast. Ich erinnere mich daran.
","Los, ich weiß, dass du die Frequenz gesehen
hast. Ich erinnere mich daran.
"
0x19495,"Wie lautete sie denn?
","Wie lautete sie denn?
"
0x194ac,"...
","...
"
0x194b1,"Sie wissen es auch nicht mehr, stimmt's?
","Sie wissen es auch nicht mehr, stimmt's?
"
0x194db,"Doch, nur ... sie ist mir momentan entfallen.
","Doch, nur ... sie ist mir momentan entfallen.
"
0x1950a,"...
","...
"
0x1950f,"Snake, jetzt erinnere ich mich. Die Frequenz
ist 144.75, da bin ich mir sicher.
","Snake, jetzt erinnere ich mich. Die Frequenz
ist 144.75, da bin ich mir sicher.
"
0x19560,"Stell dich vor die Tür und SENDE per Funk ein
Signal auf 144.75.
","Stell dich vor die Tür und SENDE per Funk ein
Signal auf 144.75.
"
0x195a3,"Major, ich habe die Kugel entfernt, die The
Boss auf mich abfeuerte ...
","Major, ich habe die Kugel entfernt, die The
Boss auf mich abfeuerte ...
"
0x195ec,"Ja?
","Ja?
"
0x195f1,"Sie enthielt eine Scheintod-Pille.
","Sie enthielt eine Scheintod-Pille.
"
0x19615,"Eine Scheintod-Pille?
","Eine Scheintod-Pille?
"
0x1962c,"Ja. Was hat das zu bedeuten ...?
","Ja. Was hat das zu bedeuten ...?
"
0x1964e,"Keine Ahnung.
","Keine Ahnung.
"
0x1965d,"Aber wenn sie von The Boss stammt, hat es
bestimmt eine Bedeutung ...
","Aber wenn sie von The Boss stammt, hat es
bestimmt eine Bedeutung ...
"
0x196a4,"Ob dir die Pille wohl bei deiner Flucht helfen
soll ...?
","Ob dir die Pille wohl bei deiner Flucht helfen
soll ...?
"
0x196de,"Wollen Sie damit sagen, dass mir The Boss
helfen wollte? Aber warum?
","Wollen Sie damit sagen, dass mir The Boss
helfen wollte? Aber warum?
"
0x19724,"Wenn du es nicht weißt, woher soll ich es dann
wissen?
","Wenn du es nicht weißt, woher soll ich es dann
wissen?
"
0x1975d,"...
","...
"
0x19762,"Snake, der Wachposten hat die Tür geöffnet!
Schlag ihn k. o. und flieh!
","Snake, der Wachposten hat die Tür geöffnet!
Schlag ihn k. o. und flieh!
"
0x197ad,"Snake, die Zellentür ist geöffnet. Du hast keine
Zeit zu verlieren. Flieh schnell!
","Snake, die Zellentür ist geöffnet. Du hast keine
Zeit zu verlieren. Flieh schnell!
"
0x19803,"Snake, sagtest du nicht, du hättest einen
Sender entdeckt?
","Snake, sagtest du nicht, du hättest einen
Sender entdeckt?
"
0x19840,"Ja. Er war in einer Wunde verborgen. Ich
glaube, Ocelot ist dafür verantwortlich.
","Ja. Er war in einer Wunde verborgen. Ich
glaube, Ocelot ist dafür verantwortlich.
"
0x19894,"Er muss davon ausgegangen sein, dass ich
fliehen kann ...
","Er muss davon ausgegangen sein, dass ich
fliehen kann ...
"
0x198cf,"Dann darfst du ihn nicht enttäuschen.
","Dann darfst du ihn nicht enttäuschen.
"
0x198f7,"Okay.
","Okay.
"
0x198fe,"Er muss mit meiner Flucht aus der Zelle
gerechnet haben ...
","Er muss mit meiner Flucht aus der Zelle
gerechnet haben ...
"
0x1993b,"Und du hast ihn nicht enttäuscht.
","Und du hast ihn nicht enttäuscht.
"
0x1995f,"Natürlich nicht ...
","Natürlich nicht ...
"
0x19975,"Major, es tut mir Leid ... Sokolov ... ich konnte
ihn nicht ...
","Major, es tut mir Leid ... Sokolov ... ich konnte
ihn nicht ...
"
0x199b6,"Sag es nicht.
","Sag es nicht.
"
0x199c5,"...
","...
"
0x199ca,"Du konntest ihn nicht retten. Damit ist dein
Einsatz aber noch nicht fehlgeschlagen.
","Du konntest ihn nicht retten. Damit ist dein
Einsatz aber noch nicht fehlgeschlagen.
"
0x19a20,"EVA zufolge ist Phase 2 abgeschlossen. Es
bleibt uns keine Zeit mehr. Du musst den
Shagohod unbedingt zerstören.
","EVA zufolge ist Phase 2 abgeschlossen. Es
bleibt uns keine Zeit mehr. Du musst den
Shagohod unbedingt zerstören.
"
0x19a93,"... Damit erweisen wir ihm die letzte Ehre.
","... Damit erweisen wir ihm die letzte Ehre.
"
0x19ac0,"In Ordnung.
","In Ordnung.
"
0x19acd,"Snake, was ist geschehen?
","Snake, was ist geschehen?
"
0x19ae8,"... Major, welches Jahr haben wir?
","... Major, welches Jahr haben wir?
"
0x19b0c,"Wie bitte?
","Wie bitte?
"
0x19b18,"... Wo bin ich?
","... Wo bin ich?
"
0x19b29,"Wir haben 1964. Du bist in einer Zelle in
Groznyj Grad. Was haben sie mit dir gemacht,
Snake, dir einen ganzen Liter Wodka
eingeflößt?
","Wir haben 1964. Du bist in einer Zelle in
Groznyj Grad. Was haben sie mit dir gemacht,
Snake, dir einen ganzen Liter Wodka
eingeflößt?
"
0x19bb3,"Nein ...
","Nein ...
"
0x19bbd,"Ich habe gehört, dass es in Osteuropa
98%igen Wodka gibt. In England nennen wir so
ein Zeug nicht gerade „feinen Geist"".
","Ich habe gehört, dass es in Osteuropa
98%igen Wodka gibt. In England nennen wir so
ein Zeug nicht gerade „feinen Geist"".
"
0x19c3a,"Bei uns heißt es Schwefelsäure.
","Bei uns heißt es Schwefelsäure.
"
0x19c5d,"Stell dir mal vor, wie deine Organe langsam
von innen aufgefressen werden. Dabei strömt
Rauch aus deinem Mund.
","Stell dir mal vor, wie deine Organe langsam
von innen aufgefressen werden. Dabei strömt
Rauch aus deinem Mund.
"
0x19cce,"Wirklich, Snake, du solltest die Finger von dem
Zeug lassen ...
","Wirklich, Snake, du solltest die Finger von dem
Zeug lassen ...
"
0x19d0f,"War es ein Traum ...?
","War es ein Traum ...?
"
0x19d26,"Ein Traum? Wie hübsch. Und ich dachte
schon, dass ich mir die ganze Nacht umsonst
um dich Sorgen gemacht habe.
","Ein Traum? Wie hübsch. Und ich dachte
schon, dass ich mir die ganze Nacht umsonst
um dich Sorgen gemacht habe.
"
0x19d97,"Es war so wirklich ... Ich hielt dieses
Schwert ...
","Es war so wirklich ... Ich hielt dieses
Schwert ...
"
0x19dcc,"Snake, ist alles in Ordnung? Du verlierst doch
wohl nicht langsam den Verstand, oder?
","Snake, ist alles in Ordnung? Du verlierst doch
wohl nicht langsam den Verstand, oder?
"
0x19e23,"Keineswegs. Ich komme zurück, wie viel von
dieser Schwefelsäure sie mir auch
verabreichen mögen!
","Keineswegs. Ich komme zurück, wie viel von
dieser Schwefelsäure sie mir auch
verabreichen mögen!
"
0x19e88,"Das ist die richtige Einstellung! Ich bin mir
sicher, dass du einen Fluchtweg finden wirst.
","Das ist die richtige Einstellung! Ich bin mir
sicher, dass du einen Fluchtweg finden wirst.
"
0x19ee5,"Ja. Träumen Sie nur schön weiter, während
Sie auf weitere Nachrichten von mir warten.
","Ja. Träumen Sie nur schön weiter, während
Sie auf weitere Nachrichten von mir warten.
"
0x19f3f,"The Boss gab dir eine Pistole?
","The Boss gab dir eine Pistole?
"
0x19f5f,"Ja, eine Single-Action Army.
","Ja, eine Single-Action Army.
"
0x19f7d,"Wofür?
","Wofür?
"
0x19f86,"... Ich bin mir nicht sicher.
","... Ich bin mir nicht sicher.
"
0x19fa5,"Hmm...
","Hmm...
"
0x19fad,"Na, warum erschießt du damit nicht ...
","Na, warum erschießt du damit nicht ...
"
0x19fd6,"Ich kann nicht.
","Ich kann nicht.
"
0x19fe7,"Warum nicht?
","Warum nicht?
"
0x19ff5,"Keine Munition.
","Keine Munition.
"
0x1a006,"Verstehe ... Nun, dann beschaff dir welche,
wenn du draußen bist.
","Verstehe ... Nun, dann beschaff dir welche,
wenn du draußen bist.
"
0x1a04a,"Zunächst einmal musst du aber aus der Zelle
kommen. Es muss doch einen Weg geben. Gib
nicht auf.
","Zunächst einmal musst du aber aus der Zelle
kommen. Es muss doch einen Weg geben. Gib
nicht auf.
"
0x1a0ad,"Der Feind scheint in der Kanalisation
Kampfhunde auf dich zu hetzen.
","Der Feind scheint in der Kanalisation
Kampfhunde auf dich zu hetzen.
"
0x1a0f3,"Ohne geeignete Waffen wäre es zu gefährlich,
es mit diesen Hunden aufzunehmen.
","Ohne geeignete Waffen wäre es zu gefährlich,
es mit diesen Hunden aufzunehmen.
"
0x1a145,"Halte dich von den Hunden fern und geh in
Richtung Norden. Das ist ein Befehl!
","Halte dich von den Hunden fern und geh in
Richtung Norden. Das ist ein Befehl!
"
0x1a195,"Snake, ohne Bekleidung wird dir die Kälte zu
schaffen machen.
","Snake, ohne Bekleidung wird dir die Kälte zu
schaffen machen.
"
0x1a1d5,"Der Major hat Recht. Nackt verbrennen Sie
Ausdauer erheblich schneller. Essen Sie
regelmäßig etwas.
","Der Major hat Recht. Nackt verbrennen Sie
Ausdauer erheblich schneller. Essen Sie
regelmäßig etwas.
"
0x1a23c,"Snake, ohne dein CQC-Messer kannst du
keine CQC-Techniken einsetzen. Du kannst
auch keine Feinde greifen oder werfen.
","Snake, ohne dein CQC-Messer kannst du
keine CQC-Techniken einsetzen. Du kannst
auch keine Feinde greifen oder werfen.
"
0x1a2b3,"Durch Drücken der CQC-Taste kannst du nach
wie vor boxen. Wenn du die Taste mehrmals
hintereinander drückst, kannst du auch
Combos starten.
","Durch Drücken der CQC-Taste kannst du nach
wie vor boxen. Wenn du die Taste mehrmals
hintereinander drückst, kannst du auch
Combos starten.
"
0x1a342,"Mehr steht dir momentan nicht zur Verfügung.
","Mehr steht dir momentan nicht zur Verfügung.
"
0x1a371,"Snake, ohne Bekleidung kannst du dich nicht
mehr tarnen.
","Snake, ohne Bekleidung kannst du dich nicht
mehr tarnen.
"
0x1a3ab,"Erinnere dich an die Grundlagen des
Schleicheinsatzes.
","Erinnere dich an die Grundlagen des
Schleicheinsatzes.
"
0x1a3e3,"Halte dich aus dem Blickfeld des Feindes und
geh von einem Versteck zum nächsten. Sei
vorsichtig.
","Halte dich aus dem Blickfeld des Feindes und
geh von einem Versteck zum nächsten. Sei
vorsichtig.
"
0x1a447,"Hm? Snake, schau mal in deinen Rucksack.
","Hm? Snake, schau mal in deinen Rucksack.
"
0x1a471,"Was zum ... Meine Nahrung ist weg!
","Was zum ... Meine Nahrung ist weg!
"
0x1a495,"Major!! Was zum Teufel geht hier vor?!
","Major!! Was zum Teufel geht hier vor?!
"
0x1a4bd,"Frag nicht mich. Frag EVA.
","Frag nicht mich. Frag EVA.
"
0x1a4d9,"EVA ...!
","EVA ...!
"
0x1a4e3,"Snake, deine Aufgabe lautet, die
C3-Sprengsätze an den Tanks mit
Flüssigtreibstoff anzubringen.
","Snake, deine Aufgabe lautet, die
C3-Sprengsätze an den Tanks mit
Flüssigtreibstoff anzubringen.
"
0x1a546,"Es gibt vier Tanks mit Flüssigtreibstoff. An
jedem musst du eine C3-Ladung anbringen.
","Es gibt vier Tanks mit Flüssigtreibstoff. An
jedem musst du eine C3-Ladung anbringen.
"
0x1a59e,"Alle Tanks dürften sich in der Nähe des
Shagohod befinden.
","Alle Tanks dürften sich in der Nähe des
Shagohod befinden.
"
0x1a5dc,"Du musst das C3 noch an drei weiteren Tanks
anbringen.
","Du musst das C3 noch an drei weiteren Tanks
anbringen.
"
0x1a614,"Du musst das C3 noch an zwei weiteren Tanks
anbringen. Beeil dich!
","Du musst das C3 noch an zwei weiteren Tanks
anbringen. Beeil dich!
"
0x1a658,"Noch ein Tank. Fast geschafft.
","Noch ein Tank. Fast geschafft.
"
0x1a678,"Snake, Vorsicht, wenn du dich den Tanks mit
Flüssigtreibstoff näherst.
","Snake, Vorsicht, wenn du dich den Tanks mit
Flüssigtreibstoff näherst.
"
0x1a6c2,"Anscheinend fliegen sie bei der geringsten
Bewegung in die Luft. Setz in der Nähe der
Tanks keine schweren Schusswaffen ein.
","Anscheinend fliegen sie bei der geringsten
Bewegung in die Luft. Setz in der Nähe der
Tanks keine schweren Schusswaffen ein.
"
0x1a741,"Snake, pass auf Volgins Elektroschockangriffe
auf.
","Snake, pass auf Volgins Elektroschockangriffe
auf.
"
0x1a775,"Wenn er dich mit einem Elektroschock trifft,
während du gerade eine Pistole nimmst,
entzünden sich die Kugeln im Magazin, und die
Pistole fliegt in die Luft!
","Wenn er dich mit einem Elektroschock trifft,
während du gerade eine Pistole nimmst,
entzünden sich die Kugeln im Magazin, und die
Pistole fliegt in die Luft!
"
0x1a816,"Aber unmittelbar nach einer Reihe von
Schockangriffen ist er vermutlich verwundbar.
","Aber unmittelbar nach einer Reihe von
Schockangriffen ist er vermutlich verwundbar.
"
0x1a86b,"Weich den Angriffen aus und eliminiere ihn
entweder aus seinem toten Winkel heraus,
oder greif ihn direkt mit Faustschlägen und
CQC-Technik an.
","Weich den Angriffen aus und eliminiere ihn
entweder aus seinem toten Winkel heraus,
oder greif ihn direkt mit Faustschlägen und
CQC-Technik an.
"
0x1a8fd,"Und vergiss nicht, dass der Timer an den
C3-Zündern noch läuft.
","Und vergiss nicht, dass der Timer an den
C3-Zündern noch läuft.
"
0x1a940,"Wenn er Null erreicht, ist alles vorbei. Du
musst ihn vorher erledigt haben!
","Wenn er Null erreicht, ist alles vorbei. Du
musst ihn vorher erledigt haben!
"
0x1a98e,"Snake, vergiss nicht, dass der Timer an den
C3-Zündern nach wie vor tickt.
","Snake, vergiss nicht, dass der Timer an den
C3-Zündern nach wie vor tickt.
"
0x1a9db,"Du musst Volgin besiegen und aus dem
Hangar fliehen, bevor der Zähler Null erreicht.
Mach dich an die Arbeit!
","Du musst Volgin besiegen und aus dem
Hangar fliehen, bevor der Zähler Null erreicht.
Mach dich an die Arbeit!
"
0x1aa4b,"Snake, lass Ocelot dort oben außer Acht.
Konzentrier dich auf Volgin!
","Snake, lass Ocelot dort oben außer Acht.
Konzentrier dich auf Volgin!
"
0x1aa93,"Major, sie haben das C3 gefunden ...
","Major, sie haben das C3 gefunden ...
"
0x1aab9,"Ich habe es gehört.
","Ich habe es gehört.
"
0x1aacf,"Ich glaube aber nicht, dass sie alle Ladungen
gefunden haben. Und selbst wenn, können sie
sie vielleicht nicht entschärfen.
","Ich glaube aber nicht, dass sie alle Ladungen
gefunden haben. Und selbst wenn, können sie
sie vielleicht nicht entschärfen.
"
0x1ab4e,"Mach dir keine Sorgen um das C3. Konzentrier
dich auf Volgin!
","Mach dir keine Sorgen um das C3. Konzentrier
dich auf Volgin!
"
0x1ab8d,"Snake, achte auf den Countdown-Timer. Die
Bomben gehen gleich hoch! Beeil dich und gib
ihm den Rest!
","Snake, achte auf den Countdown-Timer. Die
Bomben gehen gleich hoch! Beeil dich und gib
ihm den Rest!
"
0x1abf3,"Snake, euer eigentliches Ziel ist die Flucht. Du
musst nicht jeden einzelnen Feind beseitigen.
","Snake, euer eigentliches Ziel ist die Flucht. Du
musst nicht jeden einzelnen Feind beseitigen.
"
0x1ac53,"Statt die Feinde anzugreifen, die ihr ohnehin
schon abgeschüttelt habt,
","Statt die Feinde anzugreifen, die ihr ohnehin
schon abgeschüttelt habt,
"
0x1ac9d,"konzentrier dich lieber auf die Feinde, die vor
euch den Weg blockieren.
","konzentrier dich lieber auf die Feinde, die vor
euch den Weg blockieren.
"
0x1ace7,"Der Feind wird euch von allen Seiten
angreifen - von vorne, hinten, links und rechts.
","Der Feind wird euch von allen Seiten
angreifen - von vorne, hinten, links und rechts.
"
0x1ad3e,"Benutze die Beobachtungsperspektive, um
eure Feinde auszuschalten. Und hör genau auf
EVAs Anweisungen!
","Benutze die Beobachtungsperspektive, um
eure Feinde auszuschalten. Und hör genau auf
EVAs Anweisungen!
"
0x1ada7,"Aufgepasst mit den Wachtürmen. Man wird
versuchen, euch von dort mit
Scharfschützengewehren zu erwischen.
","Aufgepasst mit den Wachtürmen. Man wird
versuchen, euch von dort mit
Scharfschützengewehren zu erwischen.
"
0x1ae14,"Wenn du einen Feind in einem dieser
Wachtürme siehst, erledige ihn zuerst!
","Wenn du einen Feind in einem dieser
Wachtürme siehst, erledige ihn zuerst!
"
0x1ae61,"Snake, du musst alle Objekte zerstören, die
dem Beiwagen im Weg sind. Höre auf EVA!
","Snake, du musst alle Objekte zerstören, die
dem Beiwagen im Weg sind. Höre auf EVA!
"
0x1aeb8,"Snake, behalte auch EVAs LEBEN im Auge.
Wenn sie stirbt, ist es auch für dich aus.
","Snake, behalte auch EVAs LEBEN im Auge.
Wenn sie stirbt, ist es auch für dich aus.
"
0x1af0d,"Erschieß nicht versehentlich EVA!
","Erschieß nicht versehentlich EVA!
"
0x1af31,"Snake! Warum greifst du denn EVA an?!
","Snake! Warum greifst du denn EVA an?!
"
0x1af58,"Was ist Ihnen denn eingefallen?! Ich hätte
mehr von Ihnen erwartet!
","Was ist Ihnen denn eingefallen?! Ich hätte
mehr von Ihnen erwartet!
"
0x1af9e,"Ich kann es nicht fassen!! Sie haben vielleicht
Nerven, sich so zu benehmen!
","Ich kann es nicht fassen!! Sie haben vielleicht
Nerven, sich so zu benehmen!
"
0x1afec,"Reiß dich zusammen und konzentrier dich auf
den Feind! Das ist ein Befehl!!
","Reiß dich zusammen und konzentrier dich auf
den Feind! Das ist ein Befehl!!
"
0x1b03a,"Schieß auf die Fässer, die überall in der
Festung herumliegen, um sie in die Luft zu
jagen. Das dürfte den Feind etwas aufhalten.
Ziel auf die Fässer!
","Schieß auf die Fässer, die überall in der
Festung herumliegen, um sie in die Luft zu
jagen. Das dürfte den Feind etwas aufhalten.
Ziel auf die Fässer!
"
0x1b0d7,"Major, der Shagohod ...!
","Major, der Shagohod ...!
"
0x1b0f1,"Ja, ich weiß.
","Ja, ich weiß.
"
0x1b101,"Feure mit der RPG-7 auf den Shagohod!
Selbst wenn du ihn nicht zerstören kannst,
müsste es ihn zumindest etwas aufhalten.
","Feure mit der RPG-7 auf den Shagohod!
Selbst wenn du ihn nicht zerstören kannst,
müsste es ihn zumindest etwas aufhalten.
"
0x1b17e,"Du musst unbedingt verhindern, dass er euch
einholt!!
","Du musst unbedingt verhindern, dass er euch
einholt!!
"
0x1b1b5,"Der Shagohod scheint weit zurückgefallen zu
sein.
","Der Shagohod scheint weit zurückgefallen zu
sein.
"
0x1b1e9,"Ihr seid jetzt im Kasernenbereich. Gleich stoßt
ihr auf die nördliche Start- und Landebahn von
Groznyj Grad.
","Ihr seid jetzt im Kasernenbereich. Gleich stoßt
ihr auf die nördliche Start- und Landebahn von
Groznyj Grad.
"
0x1b259,"Weiter! Ihr habt es fast geschafft!
","Weiter! Ihr habt es fast geschafft!
"
0x1b27e,"Major, gleich sind wir an der Eisenbahnbrücke.
","Major, gleich sind wir an der Eisenbahnbrücke.
"
0x1b2af,"Ich habe es gehört. Ihr wollt die Brücke
mitsamt dem Shagohod zerstören, stimmt's?
Guter Plan.
","Ich habe es gehört. Ihr wollt die Brücke
mitsamt dem Shagohod zerstören, stimmt's?
Guter Plan.
"
0x1b312,"Überlass das Fahren EVA. Konzentrier du dich
lieber darauf, eure Verfolger abzuschütteln. Ihr
müsst die Brücke irgendwie erreichen!
","Überlass das Fahren EVA. Konzentrier du dich
lieber darauf, eure Verfolger abzuschütteln. Ihr
müsst die Brücke irgendwie erreichen!
"
0x1b39b,"Gut, ihr seid an der Start- und Landebahn. Die
Eisenbahnbrücke liegt vor euch. Haltet durch,
bis ihr die Brücke erreicht!
","Gut, ihr seid an der Start- und Landebahn. Die
Eisenbahnbrücke liegt vor euch. Haltet durch,
bis ihr die Brücke erreicht!
"
0x1b418,"Snake, der Shagohod holt auf! Wenn du nichts
unternimmst, wird er euch überholen!
","Snake, der Shagohod holt auf! Wenn du nichts
unternimmst, wird er euch überholen!
"
0x1b46c,"Greif ihn mit der RPG-7 an! Auch wenn du ihn
nicht zerstörst, das wird ihn mit Sicherheit
etwas aufhalten!
","Greif ihn mit der RPG-7 an! Auch wenn du ihn
nicht zerstörst, das wird ihn mit Sicherheit
etwas aufhalten!
"
0x1b4d9,"Snake, wenn der Shagohod sich der Brücke
nähert, ist das dein Zeichen, um auf die
C3-Sprengsätze an den Streben zu schießen.
","Snake, wenn der Shagohod sich der Brücke
nähert, ist das dein Zeichen, um auf die
C3-Sprengsätze an den Streben zu schießen.
"
0x1b55b,"Benutz die SVD.
","Benutz die SVD.
"
0x1b56c,"Die C3-Sprengsätze sind an den mittleren
Stützstreben auf der Brückenvorderseite
angebracht.
","Die C3-Sprengsätze sind an den mittleren
Stützstreben auf der Brückenvorderseite
angebracht.
"
0x1b5cd,"Es scheinen zwei Sprengsätze angebracht zu
sein.
","Es scheinen zwei Sprengsätze angebracht zu
sein.
"
0x1b600,"EVA scheint drei Sprengsätze angebracht zu
haben.
","EVA scheint drei Sprengsätze angebracht zu
haben.
"
0x1b634,"EVA hat insgesamt vier Sprengsätze
angebracht.
","EVA hat insgesamt vier Sprengsätze
angebracht.
"
0x1b665,"Noch drei.
","Noch drei.
"
0x1b671,"Noch zwei.
","Noch zwei.
"
0x1b67d,"Noch einer.
","Noch einer.
"
0x1b68a,"Konzentrier dich auf dein Ziel. Du musst die
Brücke zerstören, bevor sie der Shagohod
ganz überqueren kann!
","Konzentrier dich auf dein Ziel. Du musst die
Brücke zerstören, bevor sie der Shagohod
ganz überqueren kann!
"
0x1b6fa,"Wenn der Shagohod die Brücke überquert, wird
er euch überrollen.
","Wenn der Shagohod die Brücke überquert, wird
er euch überrollen.
"
0x1b73f,"Wenn du die Brücke allerdings zu früh in die
Luft jagst, ist der Plan nicht aufgegangen.
","Wenn du die Brücke allerdings zu früh in die
Luft jagst, ist der Plan nicht aufgegangen.
"
0x1b79b,"Warte, bis sich der Shagohod mitten auf der
Eisenbahnbrücke befindet. Schieß dann auf die
C3-Sprengsätze und zerstör die Brücke mit
dem Shagohod.
","Warte, bis sich der Shagohod mitten auf der
Eisenbahnbrücke befindet. Schieß dann auf die
C3-Sprengsätze und zerstör die Brücke mit
dem Shagohod.
"
0x1b833,"Beeil dich, Snake! Der Shagohod ist gleich auf
der anderen Seite! Schnell, schieß auf die
C3-Bomben!!
","Beeil dich, Snake! Der Shagohod ist gleich auf
der anderen Seite! Schnell, schieß auf die
C3-Bomben!!
"
0x1b89b,"Snake, der hintere Rahmen des Shagohod
wurde durch den Einsturz der Brücke zerstört.
","Snake, der hintere Rahmen des Shagohod
wurde durch den Einsturz der Brücke zerstört.
"
0x1b8f3,"Jetzt liegt die Rückseite des vorderen
Rahmens ungeschützt da.
","Jetzt liegt die Rückseite des vorderen
Rahmens ungeschützt da.
"
0x1b935,"Selbst der Shagohod kann auf der Rückseite
nicht so gut gepanzert sein wie vorn. Sicher
kannst du mit der RPG-7 diese Panzerung
durchdringen.
","Selbst der Shagohod kann auf der Rückseite
nicht so gut gepanzert sein wie vorn. Sicher
kannst du mit der RPG-7 diese Panzerung
durchdringen.
"
0x1b9c5,"Greif den Shagohod mit der RPG-7 von hinten
an!
","Greif den Shagohod mit der RPG-7 von hinten
an!
"
0x1b9f6,"Der Unterboden des Shagohod scheint
ebenfalls schweren Schaden erlitten zu haben.
","Der Unterboden des Shagohod scheint
ebenfalls schweren Schaden erlitten zu haben.
"
0x1ba49,"Wenn du die Basis mit der RPG-7 oder einer
Granate triffst, kannst du den Shagohod zum
Richtungswechsel zwingen.
","Wenn du die Basis mit der RPG-7 oder einer
Granate triffst, kannst du den Shagohod zum
Richtungswechsel zwingen.
"
0x1babb,"Damit wird es sicher einfacher, dich dem
Shagohod von hinten zu nähern. Ziel auf die
Basis!
","Damit wird es sicher einfacher, dich dem
Shagohod von hinten zu nähern. Ziel auf die
Basis!
"
0x1bb19,"Snake, Volgin scheint den Shagohod jetzt mit
seiner eigenen Elektrizität zu betreiben.
","Snake, Volgin scheint den Shagohod jetzt mit
seiner eigenen Elektrizität zu betreiben.
"
0x1bb72,"Momentan bringt es nichts, wenn du den
Shagohod selbst angreifst. Ziel direkt auf
Volgin!
","Momentan bringt es nichts, wenn du den
Shagohod selbst angreifst. Ziel direkt auf
Volgin!
"
0x1bbcd,"Bei einem Frontalangriff wird Volgin die Kugel
mit seinem elektromagnetischen Feld einfach
ablenken.
","Bei einem Frontalangriff wird Volgin die Kugel
mit seinem elektromagnetischen Feld einfach
ablenken.
"
0x1bc33,"Greif ihn von hinten und von den Seiten an!
","Greif ihn von hinten und von den Seiten an!
"
0x1bc60,"Greif die Basis an, dann müsstest du den
Shagohod bremsen können. Ziel auf die
Basis, um ihn zu lähmen!
","Greif die Basis an, dann müsstest du den
Shagohod bremsen können. Ziel auf die
Basis, um ihn zu lähmen!
"
0x1bccc,"Dort drüben sind eine Geschützstellung und ein
Flugabwehrgeschütz.
","Dort drüben sind eine Geschützstellung und ein
Flugabwehrgeschütz.
"
0x1bd13,"Das dürfte dem Shagohod ebenfalls
beträchtlichen Schaden zufügen. Aber halte
dich dort nicht zu lange auf, sonst wirst du zur
Zielscheibe.
","Das dürfte dem Shagohod ebenfalls
beträchtlichen Schaden zufügen. Aber halte
dich dort nicht zu lange auf, sonst wirst du zur
Zielscheibe.
"
0x1bda2,"Sobald der Shagohod zu nahe kommt, entfern
dich sofort von der Geschützstellung.
","Sobald der Shagohod zu nahe kommt, entfern
dich sofort von der Geschützstellung.
"
0x1bdf5,"Snake, behalte auch EVAs LEBEN im Auge.
Wenn sie stirbt, kannst du deinen Einsatz nicht
zu Ende führen.
","Snake, behalte auch EVAs LEBEN im Auge.
Wenn sie stirbt, kannst du deinen Einsatz nicht
zu Ende führen.
"
0x1be5f,"Pass auf, dass EVA nicht versehentlich ins
Kreuzfeuer gerät, sonst geht es übel für euch
aus!
","Pass auf, dass EVA nicht versehentlich ins
Kreuzfeuer gerät, sonst geht es übel für euch
aus!
"
0x1bec1,"Snake, ihr müsst es zum See schaffen!
Überlass EVA wieder das Fahren und bleib
wachsam. Der Feind verfolgt euch noch immer!
","Snake, ihr müsst es zum See schaffen!
Überlass EVA wieder das Fahren und bleib
wachsam. Der Feind verfolgt euch noch immer!
"
0x1bf40,"Snake, ihr müsst es irgendwie zum See
schaffen. Sie ... erwartet dich dort.
","Snake, ihr müsst es irgendwie zum See
schaffen. Sie ... erwartet dich dort.
"
0x1bf8e,"Ich weiß.
","Ich weiß.
"
0x1bf9a,"Snake, schieß auf die umgestürzten
Baumstämme und Äste, die euren Weg
versperren. Befolge EVAs Anweisungen!
","Snake, schieß auf die umgestürzten
Baumstämme und Äste, die euren Weg
versperren. Befolge EVAs Anweisungen!
"
0x1c00b,"Halte auch Ausschau nach den fliegenden
Plattformen. Ihr könnt es euch nicht erlauben,
aus der Luft beschossen zu werden.
","Halte auch Ausschau nach den fliegenden
Plattformen. Ihr könnt es euch nicht erlauben,
aus der Luft beschossen zu werden.
"
0x1c087,"Lass sie nicht zu nahe kommen, sonst wird es
brenzlig!
","Lass sie nicht zu nahe kommen, sonst wird es
brenzlig!
"
0x1c0bf,"Snake, der Motor scheint Feuer gefangen zu
haben.
","Snake, der Motor scheint Feuer gefangen zu
haben.
"
0x1c0f2,"Und wir haben kaum noch Kraftstoff.
","Und wir haben kaum noch Kraftstoff.
"
0x1c117,"Aber es muss nur bis zum See reichen. Bald
haben wir's geschafft.
","Aber es muss nur bis zum See reichen. Bald
haben wir's geschafft.
"
0x1c15a,"Haltet durch.
","Haltet durch.
"
0x1c169,"Snake, ist alles in Ordnung?
","Snake, ist alles in Ordnung?
"
0x1c187,"Ging mir schon besser.
","Ging mir schon besser.
"
0x1c19f,"Was ist mit EVA?
","Was ist mit EVA?
"
0x1c1b1,"Ich habe sie behandelt. Sie kommt zurecht.
","Ich habe sie behandelt. Sie kommt zurecht.
"
0x1c1dd,"Gut ...
","Gut ...
"
0x1c1e6,"Snake, bleib auf der Hut. Der Feind verfolgt
euch noch immer. Er kann euch jeden
Augenblick erreichen.
","Snake, bleib auf der Hut. Der Feind verfolgt
euch noch immer. Er kann euch jeden
Augenblick erreichen.
"
0x1c24e,"Wenn du dich in südöstlicher Richtung hältst,
erreichst du eine Straße, die zum See führt.
Nimm EVA mit. Geht nach Südosten.
","Wenn du dich in südöstlicher Richtung hältst,
erreichst du eine Straße, die zum See führt.
Nimm EVA mit. Geht nach Südosten.
"
0x1c2d2,"Snake, was machst du da? Der feindliche
Suchtrupp ist jeden Augenblick da. Lauft
schnell nach Südosten!
","Snake, was machst du da? Der feindliche
Suchtrupp ist jeden Augenblick da. Lauft
schnell nach Südosten!
"
0x1c33c,"Snake, übernimm die Führung und duchbrich
die Verteidigungslinie des Feindes.
","Snake, übernimm die Führung und duchbrich
die Verteidigungslinie des Feindes.
"
0x1c38d,"EVA folgt dir. Wenn du dich auf den Bauch
legst, tut sie es auch.
","EVA folgt dir. Wenn du dich auf den Bauch
legst, tut sie es auch.
"
0x1c3d0,"Falls du ausrutscht und von einer Klippe fällt,
passiert ihr das Gleiche.
","Falls du ausrutscht und von einer Klippe fällt,
passiert ihr das Gleiche.
"
0x1c41c,"Drück die Aktionstaste, um EVA etwas
zuzurufen.
","Drück die Aktionstaste, um EVA etwas
zuzurufen.
"
0x1c44e,"Lauf mit EVA zum See.
","Lauf mit EVA zum See.
"
0x1c465,"Du hast sie zwar behandelt, aber EVA ist noch
immer schwer verletzt. Weich nicht zu weit von
ihrer Seite.
","Du hast sie zwar behandelt, aber EVA ist noch
immer schwer verletzt. Weich nicht zu weit von
ihrer Seite.
"
0x1c4d0,"Sollte euer Abstand zu groß werden, könnte
sie sich einfach hinsetzen und sich weigern,
weiterzugehen.
","Sollte euer Abstand zu groß werden, könnte
sie sich einfach hinsetzen und sich weigern,
weiterzugehen.
"
0x1c53a,"Halte EVA auf dem Weg zum See bei dir.
","Halte EVA auf dem Weg zum See bei dir.
"
0x1c562,"Snake, wo ist EVA? Du hast dich zu weit von
ihr entfernt. Geh sofort zurück und hol sie.
","Snake, wo ist EVA? Du hast dich zu weit von
ihr entfernt. Geh sofort zurück und hol sie.
"
0x1c5bd,"Sie müsste östlich von dir sein.
","Sie müsste östlich von dir sein.
"
0x1c5e1,"Sie müsste westlich von dir sein.
","Sie müsste westlich von dir sein.
"
0x1c605,"Sie müsste südlich von dir sein.
","Sie müsste südlich von dir sein.
"
0x1c629,"Sie müsste nördlich von dir sein.
","Sie müsste nördlich von dir sein.
"
0x1c64e,"Snake, wenn der Feind euch einholt, halte auf
der Stelle an und kämpf gegen ihn. Du musst
aber keineswegs alle Feinde ausschalten.
","Snake, wenn der Feind euch einholt, halte auf
der Stelle an und kämpf gegen ihn. Du musst
aber keineswegs alle Feinde ausschalten.
"
0x1c6d3,"Sobald du sie zurückgedrängt hast, geht weiter
in Richtung See.
","Sobald du sie zurückgedrängt hast, geht weiter
in Richtung See.
"
0x1c716,"Wenn du einen hohlen Baumstamm oder eine
Strauchgruppe findest, könnt ihr euch darin
verstecken, bis der Feind vorübergezogen ist.
","Wenn du einen hohlen Baumstamm oder eine
Strauchgruppe findest, könnt ihr euch darin
verstecken, bis der Feind vorübergezogen ist.
"
0x1c79c,"Der Feind könnte versuchen, euch zu
überholen und euch weiter voraus in einen
Hinterhalt zu locken. Behalte deine Umgebung
im Auge
","Der Feind könnte versuchen, euch zu
überholen und euch weiter voraus in einen
Hinterhalt zu locken. Behalte deine Umgebung
im Auge
"
0x1c822,"und benutz deine Sensoren, um stets über die
Feindpositionen informiert zu bleiben.
","und benutz deine Sensoren, um stets über die
Feindpositionen informiert zu bleiben.
"
0x1c878,"Snake, der See liegt im Nordosten. Ihr seid
fast dort. Geh in Richtung Nordosten, aber
vergiss EVA nicht.
","Snake, der See liegt im Nordosten. Ihr seid
fast dort. Geh in Richtung Nordosten, aber
vergiss EVA nicht.
"
0x1c8e3,"Snake, was machst du denn?! EVA ist in
Gefahr! Beeil dich und rette sie!!
","Snake, was machst du denn?! EVA ist in
Gefahr! Beeil dich und rette sie!!
"
0x1c92e,"Snake, The Boss wartet am See auf dich.
","Snake, The Boss wartet am See auf dich.
"
0x1c957,"Ich weiß.
","Ich weiß.
"
0x1c963,"Mehr kann ich dir auch nicht sagen.
","Mehr kann ich dir auch nicht sagen.
"
0x1c988,"Führe den Einsatz zu Ende, Snake.
","Führe den Einsatz zu Ende, Snake.
"
0x1c9ac,"...
","...
"
0x1c9b1,"Ja.
","Ja.
"
0x1c9b6,"Snake, es ist Zeit, deinen Einsatz zu Ende zu
führen.
","Snake, es ist Zeit, deinen Einsatz zu Ende zu
führen.
"
0x1c9ee,"Jetzt musst du deine Treue zu deinem Land -
und vielleicht auch zu ihr - unter Beweis
stellen!
","Jetzt musst du deine Treue zu deinem Land -
und vielleicht auch zu ihr - unter Beweis
stellen!
"
0x1ca4e,"Du musst The Boss besiegen!
","Du musst The Boss besiegen!
"
0x1ca6b,"Die Feuerkraft von The Boss' Patriot-Pistole ist
ohnegleichen. In einem direkten Duell würdest
du jedes Mal verlieren.
","Die Feuerkraft von The Boss' Patriot-Pistole ist
ohnegleichen. In einem direkten Duell würdest
du jedes Mal verlieren.
"
0x1cae4,"Deine Priorität sollte es sein, dich zu tarnen
und gleichzeitig zu verstecken.
","Deine Priorität sollte es sein, dich zu tarnen
und gleichzeitig zu verstecken.
"
0x1cb35,"Begib dich in The Boss' toten Winkel, warte
auf eine Chance und greif sie mit einer Pistole
oder CQC-Technik an.
","Begib dich in The Boss' toten Winkel, warte
auf eine Chance und greif sie mit einer Pistole
oder CQC-Technik an.
"
0x1cba7,"Pass auf The Boss' Patriot-Pistole auf.
","Pass auf The Boss' Patriot-Pistole auf.
"
0x1cbd0,"Angesichts so überwältigender Feuerkraft wäre
jeder deiner Angriffe nutzlos.
","Angesichts so überwältigender Feuerkraft wäre
jeder deiner Angriffe nutzlos.
"
0x1cc21,"Greif sie von hinten oder von der Seite an.
Nutz deine Tarnung, um unbemerkt in ihren
toten Winkel zu gelangen!
","Greif sie von hinten oder von der Seite an.
Nutz deine Tarnung, um unbemerkt in ihren
toten Winkel zu gelangen!
"
0x1cc92,"Du kannst in der Eindringperspektive auch
durch die Blumen kriechen
","Du kannst in der Eindringperspektive auch
durch die Blumen kriechen
"
0x1ccd7,"und dich mit dieser Technik unauffällig The
Boss' totem Winkel nähern.
","und dich mit dieser Technik unauffällig The
Boss' totem Winkel nähern.
"
0x1cd21,"Du kannst in der Beobachtungsperspektive
gleichzeitig die linke und rechte Schritt-Taste
drücken, um dich abzustützen.
","Du kannst in der Beobachtungsperspektive
gleichzeitig die linke und rechte Schritt-Taste
drücken, um dich abzustützen.
"
0x1cd9b,"So kannst du The Boss' Position verfolgen,
während du dich bewegst.
","So kannst du The Boss' Position verfolgen,
während du dich bewegst.
"
0x1cde1,"Der Bewegungsmelder und das aktive Sonar
werden sich ebenfalls als nützlich erweisen.
","Der Bewegungsmelder und das aktive Sonar
werden sich ebenfalls als nützlich erweisen.
"
0x1ce39,"Schleich dich von hinten an The Boss an,
sodass sie deine Position nicht ermitteln kann.
","Schleich dich von hinten an The Boss an,
sodass sie deine Position nicht ermitteln kann.
"
0x1ce93,"Bei einer Begegnung aus nächster Nähe wird
The Boss natürlich versuchen, dich durch
CQC-Techniken außer Gefecht zu setzen.
","Bei einer Begegnung aus nächster Nähe wird
The Boss natürlich versuchen, dich durch
CQC-Techniken außer Gefecht zu setzen.
"
0x1cf13,"Wenn du die CQC-Taste in exakt dem Moment
drückst, in dem The Boss einen
Nahkampfangriff ausführt, kannst du den
Angriff abwehren.
","Wenn du die CQC-Taste in exakt dem Moment
drückst, in dem The Boss einen
Nahkampfangriff ausführt, kannst du den
Angriff abwehren.
"
0x1cf99,"Wenn es gelingt, kannst du dich ihr von der
Seite nähern. Das ist deine Chance,
CQC-Techniken an ihr auszuprobieren.
","Wenn es gelingt, kannst du dich ihr von der
Seite nähern. Das ist deine Chance,
CQC-Techniken an ihr auszuprobieren.
"
0x1d010,"Sollte es dir aber nicht gelingen, wird sie dich
nicht nur werfen, sondern auch deine Waffe
zerlegen.
","Sollte es dir aber nicht gelingen, wird sie dich
nicht nur werfen, sondern auch deine Waffe
zerlegen.
"
0x1d077,"Verfolge The Boss' Bewegungen genau. Es
kommt aufs richtige Timing an!
","Verfolge The Boss' Bewegungen genau. Es
kommt aufs richtige Timing an!
"
0x1d0bf,"The Boss hat MiGs zu einem Luftangriff
angefordert. Wenn du den Kampf nicht binnen
zehn Minuten beendest, werdet ihr beide zu
Hackfleisch.
","The Boss hat MiGs zu einem Luftangriff
angefordert. Wenn du den Kampf nicht binnen
zehn Minuten beendest, werdet ihr beide zu
Hackfleisch.
"
0x1d14b,"Du musst The Boss besiegen, bevor die MiGs
eintreffen!
","Du musst The Boss besiegen, bevor die MiGs
eintreffen!
"
0x1d183,"Beeil dich, Snake! Du hast nicht mehr viel
Zeit!
","Beeil dich, Snake! Du hast nicht mehr viel
Zeit!
"
0x1d1b5,"Ich werde nicht zulassen, dass du mit ihr
stirbst! Erledige sie jetzt, Snake!
","Ich werde nicht zulassen, dass du mit ihr
stirbst! Erledige sie jetzt, Snake!
"
0x1d204,"Snake, heb eine der Objektkisten vom Boden
auf.
","Snake, heb eine der Objektkisten vom Boden
auf.
"
0x1d235,"Eine enthält einen geladenen Revolver.
","Eine enthält einen geladenen Revolver.
"
0x1d25e,"Ich setze auf dich, Snake! Heb die Pistole
auf!!
","Ich setze auf dich, Snake! Heb die Pistole
auf!!
"
0x1d290,"Snake, es dem Feind zu erschweren, dass er
dich entdeckt, ist nicht der einzige Vorteil eines
hohen Tarnindexes.
","Snake, es dem Feind zu erschweren, dass er
dich entdeckt, ist nicht der einzige Vorteil eines
hohen Tarnindexes.
"
0x1d302,"Je weniger du dich von deiner Umgebung
abhebst, desto schwieriger wird es auch, dich
zu treffen.
","Je weniger du dich von deiner Umgebung
abhebst, desto schwieriger wird es auch, dich
zu treffen.
"
0x1d364,"Das bedeutet, dass der Feind dich häufiger
verfehlt.
","Das bedeutet, dass der Feind dich häufiger
verfehlt.
"
0x1d39b,"Unternimm alles in deiner Macht stehende,
damit dein Tarnindex stets hoch bleibt.
","Unternimm alles in deiner Macht stehende,
damit dein Tarnindex stets hoch bleibt.
"
0x1d3ee,"Snake, das hier ist ein Solo-Schleicheinsatz.
","Snake, das hier ist ein Solo-Schleicheinsatz.
"
0x1d41d,"Es stehen keine Sanitäter für dich bereit. Du
musst deine Wunden selbst behandeln. Hast
du verstanden?
","Es stehen keine Sanitäter für dich bereit. Du
musst deine Wunden selbst behandeln. Hast
du verstanden?
"
0x1d487,"Ich habe etwas Erste Hilfe gelernt, aber ich bin
kein Arzt ...
","Ich habe etwas Erste Hilfe gelernt, aber ich bin
kein Arzt ...
"
0x1d4c7,"Für diese Fälle bin ich hier ...
","Für diese Fälle bin ich hier ...
"
0x1d4eb,"Um eine Verletzung zu kurieren, drücken Sie
die START-Taste. Wählen Sie in der
Überlebensanzeige die Option „HEILMITTEL"",
um die Behandlung zu beginnen.
","Um eine Verletzung zu kurieren, drücken Sie
die START-Taste. Wählen Sie in der
Überlebensanzeige die Option „HEILMITTEL"",
um die Behandlung zu beginnen.
"
0x1d58a,"Der Heilprozess setzt sich aus der
medikamentösen Behandlung mit der
Objektmenütaste
","Der Heilprozess setzt sich aus der
medikamentösen Behandlung mit der
Objektmenütaste
"
0x1d5e2,"und der chirurgischen Behandlung mit der
Waffenmenütaste zusammen.
","und der chirurgischen Behandlung mit der
Waffenmenütaste zusammen.
"
0x1d627,"Die medikamentöse Behandlung kann orale
Mittel oder Seruminjektionen behinhalten.
","Die medikamentöse Behandlung kann orale
Mittel oder Seruminjektionen behinhalten.
"
0x1d67b,"Verwenden Sie diese Behandlung bei einer
Nahrungsmittelvergiftung oder wenn Sie von
einem giftigen Tier gebissen wurden.
","Verwenden Sie diese Behandlung bei einer
Nahrungsmittelvergiftung oder wenn Sie von
einem giftigen Tier gebissen wurden.
"
0x1d6f5,"Bei chirurgischen Eingriffen behandeln Sie
Verletzungen operativ.
","Bei chirurgischen Eingriffen behandeln Sie
Verletzungen operativ.
"
0x1d738,"So kurieren Sie Verbrennungen und
Schussverletzungen.
","So kurieren Sie Verbrennungen und
Schussverletzungen.
"
0x1d76f,"Solange Sie alles nach Vorschrift tun, müssten
Ihre Verletzungen vollständig verheilen.
","Solange Sie alles nach Vorschrift tun, müssten
Ihre Verletzungen vollständig verheilen.
"
0x1d7ca,"Halten Sie sich unbedingt an das angegebene
Verfahren.
","Halten Sie sich unbedingt an das angegebene
Verfahren.
"
0x1d802,"Snake, der Feind scheint Kampfhunde in dem
Gebiet einzusetzen.
","Snake, der Feind scheint Kampfhunde in dem
Gebiet einzusetzen.
"
0x1d842,"Kampfhunde erhalten meist eine umfassende
militärische Ausbildung in Spür- und
Kampftechniken.
","Kampfhunde erhalten meist eine umfassende
militärische Ausbildung in Spür- und
Kampftechniken.
"
0x1d8a4,"Sie sind ausgezeichnete Kämpfer auf kurze
Entfernungen. Man kann ihnen kaum
entkommen.
","Sie sind ausgezeichnete Kämpfer auf kurze
Entfernungen. Man kann ihnen kaum
entkommen.
"
0x1d8fd,"Auch kann ihr Gebell feindliche Patrouillen auf
dich aufmerksam machen.
","Auch kann ihr Gebell feindliche Patrouillen auf
dich aufmerksam machen.
"
0x1d946,"Pass auf, damit dich die Kampfhunde nicht
sehen.
","Pass auf, damit dich die Kampfhunde nicht
sehen.
"
0x1d978,"Kampfhunde sind zwar gefährlich, sie können
aber nicht auf Bäume klettern. Wenn sie dich
in die Enge treiben, versuch, auf einen Baum
zu klettern.
","Kampfhunde sind zwar gefährlich, sie können
aber nicht auf Bäume klettern. Wenn sie dich
in die Enge treiben, versuch, auf einen Baum
zu klettern.
"
0x1da0f,"Auch Nebelgranaten dürften nützlich sein.
","Auch Nebelgranaten dürften nützlich sein.
"
0x1da3c,"EVA erwähnte, dass dieses Gebiet von
fliegenden Plattformen bewacht wird.
","EVA erwähnte, dass dieses Gebiet von
fliegenden Plattformen bewacht wird.
"
0x1da88,"Das Gebiet scheint von fliegenden Plattformen
bewacht zu werden.
","Das Gebiet scheint von fliegenden Plattformen
bewacht zu werden.
"
0x1daca,"Sei vorsichtig. Von dort oben haben sie weite
Sicht.
","Sei vorsichtig. Von dort oben haben sie weite
Sicht.
"
0x1db00,"Wenn sich eine fliegende Plattform nähert,
empfiehlt es sich, unter Wasser abzutauchen,
bis sie vorbeigeflogen ist.
","Wenn sich eine fliegende Plattform nähert,
empfiehlt es sich, unter Wasser abzutauchen,
bis sie vorbeigeflogen ist.
"
0x1db76,"Hüte dich vor feindlichen Soldaten, die Schilder
tragen.
","Hüte dich vor feindlichen Soldaten, die Schilder
tragen.
"
0x1dbb1,"Diese Schilder lassen sich mit einer Pistole
oder einem Sturmgewehr kaum zerstören.
","Diese Schilder lassen sich mit einer Pistole
oder einem Sturmgewehr kaum zerstören.
"
0x1dc07,"Ziel entweder auf die Füße, oder setz eine
Granate ein.
","Ziel entweder auf die Füße, oder setz eine
Granate ein.
"
0x1dc42,"Es könnte auch helfen, wenn du eine
Geschützstellung einnehmen kannst.
","Es könnte auch helfen, wenn du eine
Geschützstellung einnehmen kannst.
"
0x1dc8c,"Snake, pass auf feindliche Soldaten auf, die
mit einer RPG-7 bewaffnet sind.
","Snake, pass auf feindliche Soldaten auf, die
mit einer RPG-7 bewaffnet sind.
"
0x1dcda,"Von einem direkten Raketenangriff erholst du
dich so leicht nicht.
","Von einem direkten Raketenangriff erholst du
dich so leicht nicht.
"
0x1dd1e,"Allerdings dauert das Nachladen eines
Raketenwerfers einige Zeit. Nutz diese Zeit zu
deinem Vorteil.
","Allerdings dauert das Nachladen eines
Raketenwerfers einige Zeit. Nutz diese Zeit zu
deinem Vorteil.
"
0x1dd84,"Snake, die Nahrung, die du sammelst, verdirbt
mit der Zeit.
","Snake, die Nahrung, die du sammelst, verdirbt
mit der Zeit.
"
0x1ddc1,"Einige Nahrungsmittel verderben schneller als
andere.
","Einige Nahrungsmittel verderben schneller als
andere.
"
0x1ddf8,"Fleisch und Fisch werden relativ schnell
schlecht, während sich Pflanzennahrung und
Pilze meist etwas länger halten.
","Fleisch und Fisch werden relativ schnell
schlecht, während sich Pflanzennahrung und
Pilze meist etwas länger halten.
"
0x1de70,"Tiere verderben aber natürlich nicht, wenn Sie
sie lebend fangen.
","Tiere verderben aber natürlich nicht, wenn Sie
sie lebend fangen.
"
0x1deb4,"Um festzustellen, ob ein Nahrungsmittel noch
frisch ist, schauen Sie sich in der
Überlebensanzeige im Menü „NAHRUNG""
genau das Symbol an.
","Um festzustellen, ob ein Nahrungsmittel noch
frisch ist, schauen Sie sich in der
Überlebensanzeige im Menü „NAHRUNG""
genau das Symbol an.
"
0x1df43,"Um sicherzugehen, sollten Sie sich das Symbol
vor dem Verzehr ansehen.
","Um sicherzugehen, sollten Sie sich das Symbol
vor dem Verzehr ansehen.
"
0x1df8b,"Wenn Sie verdorbene Nahrung essen, wird
Ihnen übel, und Sie bekommen
Bauchschmerzen.
","Wenn Sie verdorbene Nahrung essen, wird
Ihnen übel, und Sie bekommen
Bauchschmerzen.
"
0x1dfe2,"Sie erholen sich letztendlich von allein, zuvor
müssen Sie sich aber übergeben, und Sie
verlieren viel Ausdauer.
","Sie erholen sich letztendlich von allein, zuvor
müssen Sie sich aber übergeben, und Sie
verlieren viel Ausdauer.
"
0x1e056,"Wenn Sie Bauchschmerzen bekommen,
wechseln Sie zur Überlebensanzeige, wählen
Sie die Option „HEILMITTEL"", und nehmen
Sie ein verdauungsförderndes Mittel.
","Wenn Sie Bauchschmerzen bekommen,
wechseln Sie zur Überlebensanzeige, wählen
Sie die Option „HEILMITTEL"", und nehmen
Sie ein verdauungsförderndes Mittel.
"
0x1e0f6,"Bauchschmerzen und Nahrungsmittelvergiftung
lassen sich nicht nur mit verdauungsfördernden
Mitteln und Gegenmitteln heilen.
","Bauchschmerzen und Nahrungsmittelvergiftung
lassen sich nicht nur mit verdauungsfördernden
Mitteln und Gegenmitteln heilen.
"
0x1e174,"Sie könnten auch Erbrechen herbeiführen.
","Sie könnten auch Erbrechen herbeiführen.
"
0x1e1a0,"Wechseln Sie zur Überlebensanzeige und
drücken Sie die Anzeigetaste, um den
Anzeigemodus zu aktivieren.
","Wechseln Sie zur Überlebensanzeige und
drücken Sie die Anzeigetaste, um den
Anzeigemodus zu aktivieren.
"
0x1e20b,"Dann drehen Sie den rechten Analog-Stick, um
Ihren Körper schnell zu drehen. Irgendwann
fühlen Sie sich gewiss unwohl.
","Dann drehen Sie den rechten Analog-Stick, um
Ihren Körper schnell zu drehen. Irgendwann
fühlen Sie sich gewiss unwohl.
"
0x1e285,"Wenn Ihnen schwindelig genug ist, verlassen
Sie die Überlebensanzeige. Sie übergeben sich
prompt.
","Wenn Ihnen schwindelig genug ist, verlassen
Sie die Überlebensanzeige. Sie übergeben sich
prompt.
"
0x1e2ea,"Das dürfte Bauchschmerzen und
Nahrungsmittelvergiftung kurieren. Probieren
Sie's aus.
","Das dürfte Bauchschmerzen und
Nahrungsmittelvergiftung kurieren. Probieren
Sie's aus.
"
0x1e342,"Snake, du bist ja im Wasser.
","Snake, du bist ja im Wasser.
"
0x1e360,"Die Tastenfunktionen unter Wasser
unterscheiden sich erheblich von denen an
Land.
","Die Tastenfunktionen unter Wasser
unterscheiden sich erheblich von denen an
Land.
"
0x1e3b3,"Der linke Analog-Stick steuert deine
Blickrichtung. Drück ihn nach oben, unten,
links oder rechts, um dich in diese Richtung zu
wenden.
","Der linke Analog-Stick steuert deine
Blickrichtung. Drück ihn nach oben, unten,
links oder rechts, um dich in diese Richtung zu
wenden.
"
0x1e43d,"Drück die CQC- oder Kriechtaste, um dich
vorwärts zu bewegen.
","Drück die CQC- oder Kriechtaste, um dich
vorwärts zu bewegen.
"
0x1e47e,"Mit jedem Tastendruck bewegst du dich einen
Schlag nach vorne. Drück die Taste wiederholt,
um schneller zu schwimmen.
","Mit jedem Tastendruck bewegst du dich einen
Schlag nach vorne. Drück die Taste wiederholt,
um schneller zu schwimmen.
"
0x1e4f6,"Im Notfall kannst du die Aktionstaste drücken
und auftauchen.
","Im Notfall kannst du die Aktionstaste drücken
und auftauchen.
"
0x1e536,"Beim Schwimmen
","Beim Schwimmen
"
0x1e546,"kannst du mit dem rechten Analog-Stick in eine
andere Richtung blicken, ohne dabei deine
Schwimmrichtung zu ändern.
","kannst du mit dem rechten Analog-Stick in eine
andere Richtung blicken, ohne dabei deine
Schwimmrichtung zu ändern.
"
0x1e5bc,"Snake, das Wasser im Aquädukt ist hüfttief.
Da kannst du natürlich nicht so schnell wie
sonst laufen.
","Snake, das Wasser im Aquädukt ist hüfttief.
Da kannst du natürlich nicht so schnell wie
sonst laufen.
"
0x1e626,"Aber du kannst mit einer Rolle ins Wasser
springen oder die Kriechtaste drücken, um
abzutauchen und hindurchzuschwimmen.
","Aber du kannst mit einer Rolle ins Wasser
springen oder die Kriechtaste drücken, um
abzutauchen und hindurchzuschwimmen.
"
0x1e6a1,"Snake, gehen wir noch einmal die
Tastenfunktionen für den CQC durch.
","Snake, gehen wir noch einmal die
Tastenfunktionen für den CQC durch.
"
0x1e6e8,"Drück die CQC-Taste einmal, um einen
Boxhieb zu landen. Bei mehrmaligem Drücken
vollführst du einen Combo-Angriff.
","Drück die CQC-Taste einmal, um einen
Boxhieb zu landen. Bei mehrmaligem Drücken
vollführst du einen Combo-Angriff.
"
0x1e75f,"Der CQC wird aber erst dann wirklich
interessant, wenn du einen Feind ergreifst.
","Der CQC wird aber erst dann wirklich
interessant, wenn du einen Feind ergreifst.
"
0x1e7b1,"Halte die CQC-Taste gedrückt, um die rechte
Hand auszustrecken und den Feind zu
ergreifen.
","Halte die CQC-Taste gedrückt, um die rechte
Hand auszustrecken und den Feind zu
ergreifen.
"
0x1e80e,"Beweg gleichzeitig den linken Analog-Stick, um
den Feind zu Boden zu schlagen.
","Beweg gleichzeitig den linken Analog-Stick, um
den Feind zu Boden zu schlagen.
"
0x1e85e,"Wenn du den linken Analog-Stick nicht
bewegst, kannst du dich dem Feind von hinten
nähern und ihn gefangen halten.
","Wenn du den linken Analog-Stick nicht
bewegst, kannst du dich dem Feind von hinten
nähern und ihn gefangen halten.
"
0x1e8d3,"Wenn du einen Feind von hinten hältst, ist er
fast völlig hilflos.
","Wenn du einen Feind von hinten hältst, ist er
fast völlig hilflos.
"
0x1e919,"Dann hast du mehrere Möglichkeiten.
","Dann hast du mehrere Möglichkeiten.
"
0x1e93f,"Drück die CQC-Taste noch einmal fest, um ihn
mit dem Messer auszuschalten.
","Drück die CQC-Taste noch einmal fest, um ihn
mit dem Messer auszuschalten.
"
0x1e98c,"Beweg den linken Analog-Stick zusammen mit
der CQC-Taste, um ihn zu Boden zu schlagen.
","Beweg den linken Analog-Stick zusammen mit
der CQC-Taste, um ihn zu Boden zu schlagen.
"
0x1e9e4,"Du kannst auch den Feind in den
Schwitzkasten nehmen, indem du leicht und
schnell auf die CQC-Taste tippst.
","Du kannst auch den Feind in den
Schwitzkasten nehmen, indem du leicht und
schnell auf die CQC-Taste tippst.
"
0x1ea51,"Du kannst aufhören, wenn er bewusstlos ist,
oder ihn ganz erledigen - deine Entscheidung.
","Du kannst aufhören, wenn er bewusstlos ist,
oder ihn ganz erledigen - deine Entscheidung.
"
0x1eaad,"Wenn du die CQC-Taste gedrückt hältst,
kannst du den linken Analog-Stick betätigen
und dich mit dem Feind im Griff bewegen.
","Wenn du die CQC-Taste gedrückt hältst,
kannst du den linken Analog-Stick betätigen
und dich mit dem Feind im Griff bewegen.
"
0x1eb2d,"Du kannst auch die Waffentaste drücken und
die Waffe benutzen, die du gerade trägst.
","Du kannst auch die Waffentaste drücken und
die Waffe benutzen, die du gerade trägst.
"
0x1eb85,"Der Feind wird vor einem Angriff
zurückschrecken, solange du einen seiner
Kameraden als menschliches Schild einsetzt.
","Der Feind wird vor einem Angriff
zurückschrecken, solange du einen seiner
Kameraden als menschliches Schild einsetzt.
"
0x1ebfd,"Nutz dieses Zögern, um ihn in der
Beobachtungsperspektive anzugreifen.
","Nutz dieses Zögern, um ihn in der
Beobachtungsperspektive anzugreifen.
"
0x1ec46,"Drücke die -Taste, um den Feind zu
verhören.
","Drücke die -Taste, um den Feind zu
verhören.
"
0x1ec79,"Man weiß ja nie, was du von ihm alles erfahren
kannst.
","Man weiß ja nie, was du von ihm alles erfahren
kannst.
"
0x1ecb2,"Aber bleib auf der Hut. Auch während der
Feind fast hilflos in deinem Griff ist, wird er
das Blatt zu wenden versuchen, sobald er die
Chance dazu sieht.
","Aber bleib auf der Hut. Auch während der
Feind fast hilflos in deinem Griff ist, wird er
das Blatt zu wenden versuchen, sobald er die
Chance dazu sieht.
"
0x1ed4d,"Du kannst nur dann einen Feind im CQC
greifen, wenn du eine Waffe einsetzt, mit der
du die rechte Hand frei hast -
","Du kannst nur dann einen Feind im CQC
greifen, wenn du eine Waffe einsetzt, mit der
du die rechte Hand frei hast -
"
0x1edc1,"so zum Beispiel das Überlebensmesser, eine
Pistole oder deine bloßen Hände.
","so zum Beispiel das Überlebensmesser, eine
Pistole oder deine bloßen Hände.
"
0x1ee11,"Wenn du eine Waffe mit beiden Händen halten
musst (wie ein Sturmgewehr),
","Wenn du eine Waffe mit beiden Händen halten
musst (wie ein Sturmgewehr),
"
0x1ee5c,"kannst du den Feind nicht greifen. Auch bei
Waffen wie Handgranaten kannst du den Feind
nicht mit rechts in Schach halten.
","kannst du den Feind nicht greifen. Auch bei
Waffen wie Handgranaten kannst du den Feind
nicht mit rechts in Schach halten.
"
0x1eed8,"Kurz: Du kannst keine CQC-Techniken
anwenden, wenn du ein Sturmgewehr oder
Handgranaten trägst.
","Kurz: Du kannst keine CQC-Techniken
anwenden, wenn du ein Sturmgewehr oder
Handgranaten trägst.
"
0x1ef3a,"Schau dir das jeweilige Waffensymbol an um
festzustellen, ob eine Waffe mit
CQC-Techniken kompatibel ist.
","Schau dir das jeweilige Waffensymbol an um
festzustellen, ob eine Waffe mit
CQC-Techniken kompatibel ist.
"
0x1efa5,"Major, was soll ich mit dem Wrack dieses
Fernlenkflugzeugs machen?
","Major, was soll ich mit dem Wrack dieses
Fernlenkflugzeugs machen?
"
0x1efe9,"Lass es einfach liegen.
","Lass es einfach liegen.
"
0x1f002,"Sind Sie sicher?
","Sind Sie sicher?
"
0x1f014,"Ja.
","Ja.
"
0x1f019,"Aber ist es nicht streng geheim?
","Aber ist es nicht streng geheim?
"
0x1f03b,"Ja.
","Ja.
"
0x1f040,"Nach dem Zwischenfall mit dem
U2-Spionageflugzeug vor vier Jahren plante
man,
","Nach dem Zwischenfall mit dem
U2-Spionageflugzeug vor vier Jahren plante
man,
"
0x1f08f,"künftige Spionageeinsätze in sowjetischem
Luftraum nur noch mit einem unbemannten
Flugzeug durchzuführen.
","künftige Spionageeinsätze in sowjetischem
Luftraum nur noch mit einem unbemannten
Flugzeug durchzuführen.
"
0x1f0fd,"Genauer gesagt mit dem
D21-Fernlenkflugzeug. Darauf basierte das
Modell, das dich absetzte.
","Genauer gesagt mit dem
D21-Fernlenkflugzeug. Darauf basierte das
Modell, das dich absetzte.
"
0x1f15a,"Die D21 wird von einer M21 gestartet,
","Die D21 wird von einer M21 gestartet,
"
0x1f181,"einem aus der A-12 entwickelten Modell.
","einem aus der A-12 entwickelten Modell.
"
0x1f1aa,"Die A-12 ist ein
Langstrecken-Überschallflugzeug, das derzeit
als Nachfolger der U2 für Spionageaufgaben
entwickelt wird.
","Die A-12 ist ein
Langstrecken-Überschallflugzeug, das derzeit
als Nachfolger der U2 für Spionageaufgaben
entwickelt wird.
"
0x1f227,"Für diesen Einsatz verwendeten wir allerdings
eine modifizierte YF-12A, eine
Langstrecken-Abfangversion der A-12.
","Für diesen Einsatz verwendeten wir allerdings
eine modifizierte YF-12A, eine
Langstrecken-Abfangversion der A-12.
"
0x1f29b,"Nachdem es sich vom Trägerflugzeug gelöst
hat, kann das Fernlenkflugzeug dank seines
Staustrahl-Triebwerks in großer Höhe
Geschwindigkeiten über Mach 3 erreichen.
","Nachdem es sich vom Trägerflugzeug gelöst
hat, kann das Fernlenkflugzeug dank seines
Staustrahl-Triebwerks in großer Höhe
Geschwindigkeiten über Mach 3 erreichen.
"
0x1f344,"Die D21 kann nicht von Boden-Luft-Raketen
abgeschossen werden und ist für den Radar
fast unsichtbar.
","Die D21 kann nicht von Boden-Luft-Raketen
abgeschossen werden und ist für den Radar
fast unsichtbar.
"
0x1f3ab,"Da in Tselinoyarsk nach unserem letzten
Rettungsversuch ein so hoher Alarmzustand
gilt, war das Fernlenkflugzeug der einzig
zuverlässige Weg, dich einzuschleusen.
","Da in Tselinoyarsk nach unserem letzten
Rettungsversuch ein so hoher Alarmzustand
gilt, war das Fernlenkflugzeug der einzig
zuverlässige Weg, dich einzuschleusen.
"
0x1f450,"Dies ist alles streng geheime
Militärtechnologie. Und ich soll sie einfach
liegen lassen?
","Dies ist alles streng geheime
Militärtechnologie. Und ich soll sie einfach
liegen lassen?
"
0x1f4ac,"Genau.
","Genau.
"
0x1f4b4,"Warum?
","Warum?
"
0x1f4bc,"„Operation Schlangenfresser"" zielt darauf ab,
einen amerikanischen Agenten beim Feind
einzuschleusen, um einen Überläufer und
Verräter zu eliminieren:
","„Operation Schlangenfresser"" zielt darauf ab,
einen amerikanischen Agenten beim Feind
einzuschleusen, um einen Überläufer und
Verräter zu eliminieren:
"
0x1f559,"The Boss.
","The Boss.
"
0x1f564,"Im Rahmen dieses Einsatzes sollen die
Sowjets unser Vorhaben erfahren.
","Im Rahmen dieses Einsatzes sollen die
Sowjets unser Vorhaben erfahren.
"
0x1f5ac,"Wir müssen also Beweise hinterlassen, dass
die USA beteiligt waren ...
","Wir müssen also Beweise hinterlassen, dass
die USA beteiligt waren ...
"
0x1f5f5,"Keine Angst. Die technologisch empfindlichen
Flugzeugbauteile waren so konstruiert, dass
sie sich bei der Landung selbst zerstörten.
","Keine Angst. Die technologisch empfindlichen
Flugzeugbauteile waren so konstruiert, dass
sie sich bei der Landung selbst zerstörten.
"
0x1f67c,"Die Sowjets werden nichts außer einem Haufen
amerikanischen Blechs vorfinden.
","Die Sowjets werden nichts außer einem Haufen
amerikanischen Blechs vorfinden.
"
0x1f6cc,"Okay. Nur noch eins.
","Okay. Nur noch eins.
"
0x1f6e2,"Was denn?
","Was denn?
"
0x1f6ed,"Ich finde, die Konstruktion des
Aufpralldämpfers sollte geändert werden. Die
Landung kann Personen verletzen.
","Ich finde, die Konstruktion des
Aufpralldämpfers sollte geändert werden. Die
Landung kann Personen verletzen.
"
0x1f75e,"Ich werde es die Zuständigen wissen lassen.
","Ich werde es die Zuständigen wissen lassen.
"
0x1f78c,"Der sowjetische Nachrichtendienst ärgert sich
sicher sehr über The Boss' Überlaufen.
","Der sowjetische Nachrichtendienst ärgert sich
sicher sehr über The Boss' Überlaufen.
"
0x1f7e5,"Die große Voyevoda hat Amerika den Rücken
zugekehrt und sich der Sowjetunion
zugewandt.
","Die große Voyevoda hat Amerika den Rücken
zugekehrt und sich der Sowjetunion
zugewandt.
"
0x1f840,"Voyevoda?
","Voyevoda?
"
0x1f84b,"So nennt man The Boss anscheinend hinter
dem Eisernen Vorhang.
","So nennt man The Boss anscheinend hinter
dem Eisernen Vorhang.
"
0x1f88b,"Es ist russisch für „Krieger"" oder „mächtiger
Soldat"". Bei einer Frau bedeutet es so viel wie
„weiblicher Ritter"".
","Es ist russisch für „Krieger"" oder „mächtiger
Soldat"". Bei einer Frau bedeutet es so viel wie
„weiblicher Ritter"".
"
0x1f907,"In Russland, wo es im Laufe der Geschichte
eine Reihe weiblicher Herrscher gab, ist es ein
großer Ehrentitel.
","In Russland, wo es im Laufe der Geschichte
eine Reihe weiblicher Herrscher gab, ist es ein
großer Ehrentitel.
"
0x1f977,"In gewisser Weise poetisch.
","In gewisser Weise poetisch.
"
0x1f994,"The Boss' Abenteuer haben sie auch im Osten
berühmt gemacht.
","The Boss' Abenteuer haben sie auch im Osten
berühmt gemacht.
"
0x1f9d3,"Major, warum ist The Boss übergelaufen?
","Major, warum ist The Boss übergelaufen?
"
0x1f9fd,"Ich weiß es nicht. Aber so viel kann ich dir
sagen: Die USA ist scharf darauf, sie
loszuwerden.
","Ich weiß es nicht. Aber so viel kann ich dir
sagen: Die USA ist scharf darauf, sie
loszuwerden.
"
0x1fa5f,"Was meinen Sie damit?
","Was meinen Sie damit?
"
0x1fa76,"Sie kennt zu viele unserer Geheimnisse.
","Sie kennt zu viele unserer Geheimnisse.
"
0x1fa9f,"Wenn sie dem Ostblock alle streng geheimen
Informationen verraten würde, die sie kennt,
wäre dies ein herber Schlag für uns.
","Wenn sie dem Ostblock alle streng geheimen
Informationen verraten würde, die sie kennt,
wäre dies ein herber Schlag für uns.
"
0x1fb20,"Es könnte sogar zum Niedergang des Westens
führen.
","Es könnte sogar zum Niedergang des Westens
führen.
"
0x1fb56,"Selbst wenn wir überleben, ist The Boss noch
eine zu große Heldin für uns.
","Selbst wenn wir überleben, ist The Boss noch
eine zu große Heldin für uns.
"
0x1fba5,"Wenn sie zum Sowjetlager gehört, würde die
Moral bei uns stark leiden.
","Wenn sie zum Sowjetlager gehört, würde die
Moral bei uns stark leiden.
"
0x1fbef,"Man redet sogar davon, dass einige weniger
stramme Elemente im US-Militär ihrem Beispiel
folgen und selbst überlaufen könnten.
","Man redet sogar davon, dass einige weniger
stramme Elemente im US-Militär ihrem Beispiel
folgen und selbst überlaufen könnten.
"
0x1fc72,"Du weißt vermutlich, dass seit deinem letzten
Einsatz zahlreiche Schlüsselfiguren in der CIA
unter Hausarrest gestellt wurden ...
","Du weißt vermutlich, dass seit deinem letzten
Einsatz zahlreiche Schlüsselfiguren in der CIA
unter Hausarrest gestellt wurden ...
"
0x1fcf7,"Ja.
","Ja.
"
0x1fcfc,"Der Verlust von The Boss war überaus
schmerzhaft.
","Der Verlust von The Boss war überaus
schmerzhaft.
"
0x1fd30,"Was ist mit Ihnen?
","Was ist mit Ihnen?
"
0x1fd44,"Mit mir? Ich kann es immer noch nicht fassen.
Als Kameradin hätte ich ihr mehr vertraut als
meiner Familie.
","Mit mir? Ich kann es immer noch nicht fassen.
Als Kameradin hätte ich ihr mehr vertraut als
meiner Familie.
"
0x1fdb2,"Aber wo ich jetzt darüber nachdenke, schien
The Boss stets von einer mysteriösen Aura
umhüllt zu sein.
","Aber wo ich jetzt darüber nachdenke, schien
The Boss stets von einer mysteriösen Aura
umhüllt zu sein.
"
0x1fe1d,"Und doch hätte ich nie vermutet, dass es so
zum Ausdruck kommen würde.
","Und doch hätte ich nie vermutet, dass es so
zum Ausdruck kommen würde.
"
0x1fe67,"...
","...
"
0x1fe6c,"Na ja, es bringt nichts, deswegen
melancholisch zu werden. Sie ist jetzt unser
Feind und nur noch unserer Verachtung
würdig.
","Na ja, es bringt nichts, deswegen
melancholisch zu werden. Sie ist jetzt unser
Feind und nur noch unserer Verachtung
würdig.
"
0x1feeb,"Verstanden.
","Verstanden.
"
0x1fef8,"Major, was ist das für eine Versuchung, von
der EVA sprach?
","Major, was ist das für eine Versuchung, von
der EVA sprach?
"
0x1ff36,"Im Alten Testament wurde Eva von einer
Schlange dazu verführt, die Frucht des
Wissens zu essen.
","Im Alten Testament wurde Eva von einer
Schlange dazu verführt, die Frucht des
Wissens zu essen.
"
0x1ff98,"Durch den Genuss der verbotenen Frucht
missachteten Adam und Eva Gottes Gebot und
wurden aus dem Garten Eden vertrieben.
","Durch den Genuss der verbotenen Frucht
missachteten Adam und Eva Gottes Gebot und
wurden aus dem Garten Eden vertrieben.
"
0x20012,"So führte die Schlange die Menschheit zur
Erbsünde.
","So führte die Schlange die Menschheit zur
Erbsünde.
"
0x20049,"Da ich jetzt darüber nachdenke: Ich hatte mir
bei der Virtuosen Mission eine Rippe
gebrochen. Vielleicht wurde EVA daraus
erschaffen.
","Da ich jetzt darüber nachdenke: Ich hatte mir
bei der Virtuosen Mission eine Rippe
gebrochen. Vielleicht wurde EVA daraus
erschaffen.
"
0x200d1,"Aber es war Eva, die Adam in Versuchung
führte, die verbotene Frucht zu kosten.
","Aber es war Eva, die Adam in Versuchung
führte, die verbotene Frucht zu kosten.
"
0x20123,"Auch wenn ihr zusammenarbeitet, darfst du
nicht vergessen, dass sie eine KGB-Agentin
ist. Bleib auf der Hut.
","Auch wenn ihr zusammenarbeitet, darfst du
nicht vergessen, dass sie eine KGB-Agentin
ist. Bleib auf der Hut.
"
0x20191,"Das werde ich.
","Das werde ich.
"
0x201a1,"Major, ich weiß es ja zu schätzen, dass ich
von Waffen Gebrauch machen darf, aber sollte
ich nicht auch einige Rubel besitzen?
","Major, ich weiß es ja zu schätzen, dass ich
von Waffen Gebrauch machen darf, aber sollte
ich nicht auch einige Rubel besitzen?
"
0x20223,"Du meinst Geld zur Tarnung?
","Du meinst Geld zur Tarnung?
"
0x20240,"Ja.
","Ja.
"
0x20245,"Snake, erinnerst du dich an den Fall von
Francis Gary Powers im Jahr 1960?
","Snake, erinnerst du dich an den Fall von
Francis Gary Powers im Jahr 1960?
"
0x20291,"Powers flog bei einem Spionageeinsatz eine
U2 für die CIA in sowjetischen Luftraum. Er
wurde abgeschossen und gefangen genommen.
","Powers flog bei einem Spionageeinsatz eine
U2 für die CIA in sowjetischen Luftraum. Er
wurde abgeschossen und gefangen genommen.
"
0x20314,"Sein Geständnis brachte die Tatsache ans
Licht, dass die CIA in sowjetischem Luftraum
spionierte.
","Sein Geständnis brachte die Tatsache ans
Licht, dass die CIA in sowjetischem Luftraum
spionierte.
"
0x20378,"Der für zwei Wochen später angesetzte
amerikanisch-sowjetische Gipfel wurde
daraufhin abgesagt.
","Der für zwei Wochen später angesetzte
amerikanisch-sowjetische Gipfel wurde
daraufhin abgesagt.
"
0x203db,"Ja, ich erinnere mich.
","Ja, ich erinnere mich.
"
0x203f3,"U2-Piloten müssen Objekte bei sich führen, die
ihre Identität verbergen.
","U2-Piloten müssen Objekte bei sich führen, die
ihre Identität verbergen.
"
0x20440,"Powers hatte Rubel, Mark, Lira und
französiche Goldmünzen bei sich.
","Powers hatte Rubel, Mark, Lira und
französiche Goldmünzen bei sich.
"
0x20487,"Zudem trug er zwei goldene Armbanduhren
und sieben Damenringe.
","Zudem trug er zwei goldene Armbanduhren
und sieben Damenringe.
"
0x204c7,"All diese Objekte sollten seine Herkunft
verbergen.
","All diese Objekte sollten seine Herkunft
verbergen.
"
0x204fc,"Doch bei diesem Einsatz müssen wir
Chruschtschows Regime die Beteiligung der
USA beweisen.
","Doch bei diesem Einsatz müssen wir
Chruschtschows Regime die Beteiligung der
USA beweisen.
"
0x20559,"Du musst deine Herkunft nicht verbergen.
Außerdem ...
","Du musst deine Herkunft nicht verbergen.
Außerdem ...
"
0x20591,"Du musst nur deinen Einsatz ausführen.
Solange du nicht gefangen oder getötet wirst,
werden sich die Details schon von allein fügen.
","Du musst nur deinen Einsatz ausführen.
Solange du nicht gefangen oder getötet wirst,
werden sich die Details schon von allein fügen.
"
0x2061a,"Okay.
","Okay.
"
0x20621,"Major, erzählen Sie mir mehr über den
Wettlauf um den Weltraum.
","Major, erzählen Sie mir mehr über den
Wettlauf um den Weltraum.
"
0x20664,"Im Jahre 1957 gelang es der Sowjetunion,
ihren ersten künstlichen Satelliten, Sputnik, in
die Erdumlaufbahn zu schicken.
","Im Jahre 1957 gelang es der Sowjetunion,
ihren ersten künstlichen Satelliten, Sputnik, in
die Erdumlaufbahn zu schicken.
"
0x206df,"Die Amerikaner hatten das Nachsehen bei
diesem Wettlauf.
","Die Amerikaner hatten das Nachsehen bei
diesem Wettlauf.
"
0x20719,"Infolgedessen beschleunigte die
US-Administration ihr eigenes
Weltraumprogramm.
","Infolgedessen beschleunigte die
US-Administration ihr eigenes
Weltraumprogramm.
"
0x2076a,"Im darauf folgenden Jahr wurden die
Weltraumentwicklungsprogramme
","Im darauf folgenden Jahr wurden die
Weltraumentwicklungsprogramme
"
0x207ad,"der verschiedenen Ministerien zur National
Aeronautics and Space Administration, NASA,
zusammengeschlossen.
","der verschiedenen Ministerien zur National
Aeronautics and Space Administration, NASA,
zusammengeschlossen.
"
0x2081a,"In jenem Jahr wurde das Mercury-Programm
mit dem Ziel gestartet, einen Mann in den
Weltraum zu bringen.
","In jenem Jahr wurde das Mercury-Programm
mit dem Ziel gestartet, einen Mann in den
Weltraum zu bringen.
"
0x20883,"Das Militär wählte sieben Kandidaten als erste
Astronauten - Männer, die das „richtige Zeug""
dazu hatten.
","Das Militär wählte sieben Kandidaten als erste
Astronauten - Männer, die das „richtige Zeug""
dazu hatten.
"
0x208f3,"Wie Sie wissen, war es jedoch ein sowjetischer
Kosmonaut, Juri Gagarin, der vor drei Jahren
mit Erfolg den ersten bemannten Raumflug
unternahm.
","Wie Sie wissen, war es jedoch ein sowjetischer
Kosmonaut, Juri Gagarin, der vor drei Jahren
mit Erfolg den ersten bemannten Raumflug
unternahm.
"
0x20984,"Der erste erfolgreiche Ballistikflug der NASA
erfolgte einen Monat nach Gagarins Einsatz:
","Der erste erfolgreiche Ballistikflug der NASA
erfolgte einen Monat nach Gagarins Einsatz:
"
0x209df,"Die Freedom 7 brachte Alan Shepard in den
Weltraum.
","Die Freedom 7 brachte Alan Shepard in den
Weltraum.
"
0x20a14,"Die USA hatten bei Flügen in die
Weltumlaufbahn nach wie vor das Nachsehen.
Dann fasste Präsident Kennedy eine
monumentale Entscheidung.
","Die USA hatten bei Flügen in die
Weltumlaufbahn nach wie vor das Nachsehen.
Dann fasste Präsident Kennedy eine
monumentale Entscheidung.
"
0x20aa0,"Noch vor Ende des Jahrzehnts würden die
USA einen Mann auf den Mond bringen.
","Noch vor Ende des Jahrzehnts würden die
USA einen Mann auf den Mond bringen.
"
0x20aef,"Ja, ich habe die Rede gehört. Aber vielen
Männern, die ich kannte, gefiel das Vorhaben
nicht ...
","Ja, ich habe die Rede gehört. Aber vielen
Männern, die ich kannte, gefiel das Vorhaben
nicht ...
"
0x20b53,"Sie sagten, um nichts in der Welt würden sie
an einem Einsatz teilnehmen, um irgendeine
verdammte Mondbasis in die Luft zu jagen.
","Sie sagten, um nichts in der Welt würden sie
an einem Einsatz teilnehmen, um irgendeine
verdammte Mondbasis in die Luft zu jagen.
"
0x20bd7,"Doch die Entwicklung von Raketen und
anderen Flugkörpern ist eng verwandt.
","Doch die Entwicklung von Raketen und
anderen Flugkörpern ist eng verwandt.
"
0x20c24,"Stell dir vor, die Sowjetunion könnte von einer
Mondbasis aus Washington
","Stell dir vor, die Sowjetunion könnte von einer
Mondbasis aus Washington
"
0x20c6f,"mit Kaskaden von nuklearen Flugkörpern
belegen.
","mit Kaskaden von nuklearen Flugkörpern
belegen.
"
0x20ca1,"Auch wenn die Realität noch lange nicht so
weit ist ...
","Auch wenn die Realität noch lange nicht so
weit ist ...
"
0x20cdb,"Wenn wir die Initiative verlieren, könnte dies
für immer sein. Wir haben keine andere Wahl:
Wir müssen vorwärts gehen, einen Schritt nach
dem anderen machen.
","Wenn wir die Initiative verlieren, könnte dies
für immer sein. Wir haben keine andere Wahl:
Wir müssen vorwärts gehen, einen Schritt nach
dem anderen machen.
"
0x20d7e,"Das vor zwei Jahren gestartete
Gemini-Programm ist der erste Schritt zu einer
Mondbasis.
","Das vor zwei Jahren gestartete
Gemini-Programm ist der erste Schritt zu einer
Mondbasis.
"
0x20dd8,"Aber ...
","Aber ...
"
0x20de2,"Ich möchte Kennedy ja nicht als Lügner
bezeichnen, aber ich kann es mir einfach nicht
vorstellen, dass binnen sechs Jahren ein Mann
den Mond betreten kann.
","Ich möchte Kennedy ja nicht als Lügner
bezeichnen, aber ich kann es mir einfach nicht
vorstellen, dass binnen sechs Jahren ein Mann
den Mond betreten kann.
"
0x20e81,"Ich weiß es nicht. Ich hätte nie gedacht, dass
wir überhaupt in den Weltraum gelangen
würden.
","Ich weiß es nicht. Ich hätte nie gedacht, dass
wir überhaupt in den Weltraum gelangen
würden.
"
0x20ee4,"Es hängt wohl alles davon ab, ob man fest
genug dazu entschlossen ist.
","Es hängt wohl alles davon ab, ob man fest
genug dazu entschlossen ist.
"
0x20f2d,"Vielleicht hast du Recht.
","Vielleicht hast du Recht.
"
0x20f48,"Nach dem nuklearen Zwischenfall in der letzten
Woche hat die Sowjetunion sekundäre
Alarmbereitschaft verkündet.
","Nach dem nuklearen Zwischenfall in der letzten
Woche hat die Sowjetunion sekundäre
Alarmbereitschaft verkündet.
"
0x20fbb,"Von da ist es nur noch ein Schritt bis zum
Atomkrieg.
","Von da ist es nur noch ein Schritt bis zum
Atomkrieg.
"
0x20ff2,"DEFCON 2, was?
","DEFCON 2, was?
"
0x21002,"So würden es die USA ausdrücken. Ja.
","So würden es die USA ausdrücken. Ja.
"
0x2102a,"Westlichen Nachrichtendiensten zufolge
werden die radikalen Elemente der
sowjetischen Führung allmählich ungeduldig.
","Westlichen Nachrichtendiensten zufolge
werden die radikalen Elemente der
sowjetischen Führung allmählich ungeduldig.
"
0x210a2,"Sie sagen, der Dritte Weltkrieg stehe kurz
bevor.
","Sie sagen, der Dritte Weltkrieg stehe kurz
bevor.
"
0x210d5,"Und da Chruschtschows Position von Tag zu
Tag schwächer wird, frage ich mich, ob er sie
wohl aufhalten kann ...
","Und da Chruschtschows Position von Tag zu
Tag schwächer wird, frage ich mich, ob er sie
wohl aufhalten kann ...
"
0x21147,"... Eine Woche.
","... Eine Woche.
"
0x21158,"Ja. Amerika muss The Boss selbst aus dem
Weg räumen und so seine „Unschuld"" unter
Beweis stellen. Anders lässt sich die Krise
nicht lösen.
","Ja. Amerika muss The Boss selbst aus dem
Weg räumen und so seine „Unschuld"" unter
Beweis stellen. Anders lässt sich die Krise
nicht lösen.
"
0x211e9,"Unser aller Schicksal ruht auf deinen
Schultern, Snake.
","Unser aller Schicksal ruht auf deinen
Schultern, Snake.
"
0x21222,"Versagen ist keine Option.
","Versagen ist keine Option.
"
0x2123e,"... Ich weiß.
","... Ich weiß.
"
0x2124e,"Wie ich sehe, trägst du das Fernglas.
","Wie ich sehe, trägst du das Fernglas.
"
0x21276,"Ja. Spähen ist die Grundlage jedes
Schleicheinsatzes.
","Ja. Spähen ist die Grundlage jedes
Schleicheinsatzes.
"
0x212ae,"Findest du das Fernglas nützlich?
","Findest du das Fernglas nützlich?
"
0x212d2,"Ja. Es ist erstklassig und einfach zu benutzen.
Ein gutes Fernglas.
","Ja. Es ist erstklassig und einfach zu benutzen.
Ein gutes Fernglas.
"
0x21317,"Wirklich? Sigint wird das gerne hören.
","Wirklich? Sigint wird das gerne hören.
"
0x21340,"Was interessiert es Sigint?
","Was interessiert es Sigint?
"
0x2135d,"Er hat das Fernglas konstruiert.
","Er hat das Fernglas konstruiert.
"
0x2137f,"Jetzt verstehe ich.
","Jetzt verstehe ich.
"
0x21394,"Was meinst du damit?
","Was meinst du damit?
"
0x213aa,"Spielt keine Rolle ...
","Spielt keine Rolle ...
"
0x213c2,"Soweit ich weiß, hat er über ein Jahr daran
gearbeitet.
","Soweit ich weiß, hat er über ein Jahr daran
gearbeitet.
"
0x213fd,"Es ist wirklich ein gutes Fernglas, aber warum
hat es so lange gedauert? Musste er erst die
Linsen schleifen?
","Es ist wirklich ein gutes Fernglas, aber warum
hat es so lange gedauert? Musste er erst die
Linsen schleifen?
"
0x2146c,"Nein, es ging um den Stil.
","Nein, es ging um den Stil.
"
0x21488,"Den Stil?
","Den Stil?
"
0x21493,"Ja. Er meinte, er könne das Design des
Gehäuses einfach nicht perfektionieren.
","Ja. Er meinte, er könne das Design des
Gehäuses einfach nicht perfektionieren.
"
0x214e5,"Dank seiner Basteleien kostete uns das
Fernglas dreimal mehr als vorgesehen. Er
sollte lieber sein Testament machen, bevor ich
mit ihm fertig bin.
","Dank seiner Basteleien kostete uns das
Fernglas dreimal mehr als vorgesehen. Er
sollte lieber sein Testament machen, bevor ich
mit ihm fertig bin.
"
0x21579,"...
","...
"
0x2157e,"Die von EVA erwähnte Cynthia war eine
berühmte Spionin, die während des Zweiten
Weltkriegs für Großbritannien tätig war.
","Die von EVA erwähnte Cynthia war eine
berühmte Spionin, die während des Zweiten
Weltkriegs für Großbritannien tätig war.
"
0x215fe,"Ihr wahrer Name war Amy Elizabeth Thorpe.
","Ihr wahrer Name war Amy Elizabeth Thorpe.
"
0x21629,"Sie war eine entzückende, intelligente Frau,
die ihren Charme als Waffe einsetzte, um dem
Feind zahlreiche Geheimnisse zu entlocken.
","Sie war eine entzückende, intelligente Frau,
die ihren Charme als Waffe einsetzte, um dem
Feind zahlreiche Geheimnisse zu entlocken.
"
0x216b0,"Es heißt, ihr größter Coup waren die
Marinecodes der französischen
Vichy-Regierung.
","Es heißt, ihr größter Coup waren die
Marinecodes der französischen
Vichy-Regierung.
"
0x21709,"Aber lass dich durch EVAs Charme nicht
täuschen.
","Aber lass dich durch EVAs Charme nicht
täuschen.
"
0x2173c,"Ich werde vorsichtig sein.
","Ich werde vorsichtig sein.
"
0x21758,"Snake, feindliche Soldaten, die nur in
Gebäuden patrouillieren, besitzen keine
Funkgeräte.
","Snake, feindliche Soldaten, die nur in
Gebäuden patrouillieren, besitzen keine
Funkgeräte.
"
0x217b6,"Für den Kontakt zu ihren Vorgesetzten
benutzen sie die Alarmanlagen mit
Funkeinrichtung, die an den Wänden
angebracht sind.
","Für den Kontakt zu ihren Vorgesetzten
benutzen sie die Alarmanlagen mit
Funkeinrichtung, die an den Wänden
angebracht sind.
"
0x21835,"Wenn dich ein Feind entdeckt, schalte ihn aus,
bevor er die Alarmanlage verwenden kann. So
vermeidest du, dass der Feind zur Alarmphase
wechselt.
","Wenn dich ein Feind entdeckt, schalte ihn aus,
bevor er die Alarmanlage verwenden kann. So
vermeidest du, dass der Feind zur Alarmphase
wechselt.
"
0x218c8,"Major.
","Major.
"
0x218d0,"Ja?
","Ja?
"
0x218d5,"Ich frage mich ... warum nennt man Sie
„Zero""?
","Ich frage mich ... warum nennt man Sie
„Zero""?
"
0x21907,"Was meinst du damit?
","Was meinst du damit?
"
0x2191d,"Wir kennen uns schon so lange, aber mir ist
erst jetzt bewusst geworden, dass ich Sie noch
nie gefragt habe, warum man sie „Zero"" nennt.
","Wir kennen uns schon so lange, aber mir ist
erst jetzt bewusst geworden, dass ich Sie noch
nie gefragt habe, warum man sie „Zero"" nennt.
"
0x219a9,"Du willst also wissen, woher dieser Spitzname
stammt?
","Du willst also wissen, woher dieser Spitzname
stammt?
"
0x219e0,"Ja, wenn Sie nichts dagegen haben.
","Ja, wenn Sie nichts dagegen haben.
"
0x21a04,"... Es ist etwas nostalgisch.
","... Es ist etwas nostalgisch.
"
0x21a23,"Nostalgisch?
","Nostalgisch?
"
0x21a31,"Der erste britische Nachrichtendienst wurde
1909 gegründet.
","Der erste britische Nachrichtendienst wurde
1909 gegründet.
"
0x21a6f,"Chef der Spionageeinheit war ein Mann
namens Mansfield George Smith Cumming.
","Chef der Spionageeinheit war ein Mann
namens Mansfield George Smith Cumming.
"
0x21abd,"Man nannte ihn einfach „C"", nach dem
Anfangsbuchstaben seines Nachnamens.
","Man nannte ihn einfach „C"", nach dem
Anfangsbuchstaben seines Nachnamens.
"
0x21b0a,"Aus Hochachtung vor Cummings haben die
Chefs des britischen Geheimdienstes SIS
seitdem üblicherweise den Spitznamen „C""
angenommen.
","Aus Hochachtung vor Cummings haben die
Chefs des britischen Geheimdienstes SIS
seitdem üblicherweise den Spitznamen „C""
angenommen.
"
0x21b92,"Und James Bonds Boss heißt „M"".
","Und James Bonds Boss heißt „M"".
"
0x21bb6,"Genau. Mich nannte man einst „O"".
","Genau. Mich nannte man einst „O"".
"
0x21bdb,"Und daher stammt der Name „Zero""?
","Und daher stammt der Name „Zero""?
"
0x21c00,"Genau.
","Genau.
"
0x21c08,"In anderer Hinsicht steht es aber für einen
Geist - jemanden, dessen wahre Identität
verborgen bleiben muss.
","In anderer Hinsicht steht es aber für einen
Geist - jemanden, dessen wahre Identität
verborgen bleiben muss.
"
0x21c78,"Der Stammvater des Solo-Schleicheinsatzes.
","Der Stammvater des Solo-Schleicheinsatzes.
"
0x21ca4,"Tatsächlich ...
","Tatsächlich ...
"
0x21cb6,"Snake, wenn du in Wasser oder Matsch trittst,
werden deine Füße nass.
","Snake, wenn du in Wasser oder Matsch trittst,
werden deine Füße nass.
"
0x21cff,"So hinterlässt du Fußspuren, denen der Feind
problemlos bis zu dir folgen kann.
","So hinterlässt du Fußspuren, denen der Feind
problemlos bis zu dir folgen kann.
"
0x21d52,"Geh nach Möglichkeit nicht durch Wasser oder
Matsch.
","Geh nach Möglichkeit nicht durch Wasser oder
Matsch.
"
0x21d89,"Sollten deine Füße allerdings nass werden,
krieche. So hinterlässt du keine Fußspuren.
","Sollten deine Füße allerdings nass werden,
krieche. So hinterlässt du keine Fußspuren.
"
0x21de5,"Wenn dir niemand folgen soll, beweg dich auf
Händen und Knien fort.
","Wenn dir niemand folgen soll, beweg dich auf
Händen und Knien fort.
"
0x21e2b,"Snake, nur diese Wachposten können die Tür
öffnen.
","Snake, nur diese Wachposten können die Tür
öffnen.
"
0x21e62,"Wenn du sie alle k. o. schlägst, gelangst du
nie in den Westflügel.
","Wenn du sie alle k. o. schlägst, gelangst du
nie in den Westflügel.
"
0x21ea9,"Geh woanders hin und warte, bis neue
Wachposten eingesetzt werden.
","Geh woanders hin und warte, bis neue
Wachposten eingesetzt werden.
"
0x21eed,"Major.
","Major.
"
0x21ef5,"Snake, ist alles in Ordnung?
","Snake, ist alles in Ordnung?
"
0x21f13,"Ja.
","Ja.
"
0x21f18,"Die Explosion war ein Erfolg.
","Die Explosion war ein Erfolg.
"
0x21f37,"Ja, aber der Hangar steht noch.
","Ja, aber der Hangar steht noch.
"
0x21f58,"Die Explosion war kleiner als erhofft, da sich
die Treibstofftanks nicht entzündeten.
","Die Explosion war kleiner als erhofft, da sich
die Treibstofftanks nicht entzündeten.
"
0x21fb0,"Aber die Treibstofftanks sollten doch ...
","Aber die Treibstofftanks sollten doch ...
"
0x21fdb,"Erinnern Sie sich noch daran, dass der Feind
das C3 entdeckte, während Sie mit Volgin
kämpften?
","Erinnern Sie sich noch daran, dass der Feind
das C3 entdeckte, während Sie mit Volgin
kämpften?
"
0x2203e,"Sie müssen Kampfmittelbeseitiger gerufen
haben, die den Treibstoff aus den Tanks
pumpten.
","Sie müssen Kampfmittelbeseitiger gerufen
haben, die den Treibstoff aus den Tanks
pumpten.
"
0x2209a,"Dennoch müsste allein das C3 ausgereicht
haben, um die Fertigungsanlagen zu zerstören.
","Dennoch müsste allein das C3 ausgereicht
haben, um die Fertigungsanlagen zu zerstören.
"
0x220f4,"Das wird vermutlich der einzige Shagohod
bleiben. Sie haben verhindert, dass er in
Massenproduktion gehen kann.
","Das wird vermutlich der einzige Shagohod
bleiben. Sie haben verhindert, dass er in
Massenproduktion gehen kann.
"
0x22165,"Snake, wenn du Volgins Shagohod zerstören
kannst, bewahrst du die Welt vor dieser
monströsen Waffe.
","Snake, wenn du Volgins Shagohod zerstören
kannst, bewahrst du die Welt vor dieser
monströsen Waffe.
"
0x221cc,"Doch mit deinen Waffen kannst du nichts
ausrichten. Lass dir etwas anderes einfallen.
","Doch mit deinen Waffen kannst du nichts
ausrichten. Lass dir etwas anderes einfallen.
"
0x22223,"Es ist Zeit, dass du deinen Angiffsplan
überdenkst.
","Es ist Zeit, dass du deinen Angiffsplan
überdenkst.
"
0x22259,"Schüttle zunächst einmal deine Verfolger ab.
","Schüttle zunächst einmal deine Verfolger ab.
"
0x22289,"Snake, überlass EVA das Fahren.
","Snake, überlass EVA das Fahren.
"
0x222ab,"Konzentrier du dich auf deine Verfolger und
halte EVA den Weg frei.
","Konzentrier du dich auf deine Verfolger und
halte EVA den Weg frei.
"
0x222f0,"Mach dir keine Sorgen, wenn dir die Munition
ausgeht. Der Beiwagen scheint jede Menge
davon geladen zu haben.
","Mach dir keine Sorgen, wenn dir die Munition
ausgeht. Der Beiwagen scheint jede Menge
davon geladen zu haben.
"
0x2235f,"Beseitige deine Angreifer in der
Beobachtungsperspektive!
","Beseitige deine Angreifer in der
Beobachtungsperspektive!
"
0x2239a,"Snake, wenn du Volgins Shagohod auf der
Brücke zerstören kannst, bewahrst du die Welt
vor dieser monströsen Waffe.
","Snake, wenn du Volgins Shagohod auf der
Brücke zerstören kannst, bewahrst du die Welt
vor dieser monströsen Waffe.
"
0x22411,"Jetzt beeil dich, damit ihr die Brücke erreicht.
","Jetzt beeil dich, damit ihr die Brücke erreicht.
"
0x22444,"Snake! Antworte!
","Snake! Antworte!
"
0x22456,"Snake! Was ist los!?
","Snake! Was ist los!?
"
0x2246c,"Was geschieht da!?
","Was geschieht da!?
"
0x22480,"Snake! Ist alles in Ordnung?
","Snake! Ist alles in Ordnung?
"
0x2249e,"Snake!? Wie ist dein Status!?
","Snake!? Wie ist dein Status!?
"
