###############################################################
########################  BP REMADE  (Total: 1705)  ##########################
###############################################################

===== GROUP 1 - Single Alpha Value (MC Exceeds) (Count: 38) =====
h_bottle_ovl_alp.bmp					PS2: 13					MC: [10, 11, 12, 13, 14, 15]
0003a157.img_68d061fb998272c35600430d51659598					PS2: 128					MC: [128, 131, 133, 134, 136, 138, 141, 144, 145, 147, 156]
004b43bd					PS2: 128					MC: [128, 145]
005b966f					PS2: 128					MC: [128, 145]
005ceaf7					PS2: 128					MC: [128, 133, 138, 142, 147, 157]
008dab1c					PS2: 128					MC: [128, 145]
00bb15ba					PS2: 128					MC: [128, 133, 138, 142, 147, 157]
e02b_drumcan00.bmp					PS2: 128					MC: [130]
end_mgs3_face_dead.bmp					PS2: 128					MC: [128, 136]
ene_def_eye_pain.bmp					PS2: 128					MC: [128, 136]
ene_def_eye_white.bmp					PS2: 128					MC: [128, 136]
item_gr_bottle_00.bmp					PS2: 128					MC: [128, 133, 138, 142, 147, 157]
pai_def_bp.bmp					PS2: 128					MC: [128, 136, 145]
s006a_bombe1.bmp					PS2: 128					MC: [130]
s054a_phone00.bmp					PS2: 128					MC: [128, 133, 138, 142, 147, 157]
sna_bk.bmp					PS2: 128					MC: [128, 129, 133, 134, 135, 140, 142, 143, 148, 149, 150, 158]
sna_def_hand.bmp					PS2: 128					MC: [128, 133, 138, 142, 147, 157]
sna_def_olive.bmp					PS2: 128					MC: [128, 133, 138, 142, 147, 157]
sna_def_vr_eye.bmp					PS2: 128					MC: [128, 133, 138, 142, 147, 157]
sna_foot_sp.bmp					PS2: 128					MC: [128, 133, 138, 142, 147, 157]
sna_foot_vr.bmp					PS2: 128					MC: [128, 131, 133, 136, 138, 141, 142, 145, 147, 148, 157]
sna_hair_base.bmp					PS2: 128					MC: [129]
sna_halo_alt.bmp					PS2: 128					MC: [128, 133, 138, 142, 147, 157]
sna_halo_arm_def.bmp					PS2: 128					MC: [128, 133, 138, 142, 147, 157]
sna_halo_bkpk_vr.bmp					PS2: 128					MC: [128, 133, 138, 142, 147, 157]
sna_halo_chut_open.bmp					PS2: 128					MC: [128, 133, 138, 142, 147, 157]
sna_halo_hips_op.bmp					PS2: 128					MC: [128, 133, 138, 142, 147, 157]
sna_halo_para_close.bmp					PS2: 128					MC: [128, 133, 138, 142, 147, 157]
sna_item_hm.bmp					PS2: 128					MC: [128, 131, 133, 136, 138, 141, 142, 145, 147, 148, 157]
sna_mgs3_belt.bmp					PS2: 128					MC: [128, 129]
sna_mgs3_gh.bmp					PS2: 128					MC: [128, 129, 133, 134, 137, 142, 143, 147, 152, 157]
sna_mgs3_gun_hol.bmp					PS2: 128					MC: [128, 133, 137, 139, 142, 143, 144, 152, 154]
sna_mgs3_halo_tape.bmp					PS2: 128					MC: [128, 133, 138, 142, 147, 157]
sna_mgs3_hh.bmp					PS2: 128					MC: [128, 131, 133, 136, 138, 141, 142, 145, 147, 148, 157]
sna_mgs3_musen.bmp					PS2: 128					MC: [128, 133, 138, 142, 147, 157]
sna_mgs3_wl_op.bmp					PS2: 128					MC: [128, 131, 133, 134, 136, 138, 141, 144, 145, 147, 156]
sna_mgs3_wpl.bmp					PS2: 128					MC: [128, 131, 133, 136, 138, 141, 142, 145, 147, 148, 157]
sor_mgs3_foot_goast_smole.bmp					PS2: 128					MC: [175]

===== GROUP 1 - Single Alpha Value (MC Below) (Count: 589) =====
0003a157.img_335003ac512d622e8ff81548074823df					PS2: 128					MC: [111, 119, 124, 127, 128, 133, 136, 138, 141, 142, 145]
00040da5					PS2: 128					MC: [0]
00141e76					PS2: 128					MC: [121, 128, 132]
00171f0a					PS2: 128					MC: [116, 122, 128, 129, 130, 136, 145]
001fd51a					PS2: 128					MC: [124, 125, 126, 127, 128, 129, 130, 131, 132]
00265ab1					PS2: 128					MC: [105]
0033d231					PS2: 128					MC: [116, 122, 128, 129, 130, 136, 145]
0033d232					PS2: 128					MC: [116, 122, 128, 129, 130, 136, 145]
0033d233					PS2: 128					MC: [116, 122, 128, 129, 130, 136, 145]
0033d234					PS2: 128					MC: [116, 122, 128, 129, 130, 136, 145]
0033d235					PS2: 128					MC: [116, 122, 128, 129, 130, 136, 145]
0033d236					PS2: 128					MC: [116, 122, 128, 129, 130, 136, 145]
0033d237					PS2: 128					MC: [116, 122, 128, 129, 130, 136, 145]
0033d238					PS2: 128					MC: [116, 122, 128, 129, 130, 136, 145]
0033d239					PS2: 128					MC: [116, 122, 128, 129, 130, 136, 145]
0033d250					PS2: 128					MC: [116, 122, 128, 129, 130, 136, 145]
0033d251					PS2: 128					MC: [116, 122, 128, 129, 130, 136, 145]
0033d252					PS2: 128					MC: [116, 122, 128, 129, 130, 136, 145]
0033d253					PS2: 128					MC: [116, 122, 128, 129, 130, 136, 145]
0033d254					PS2: 128					MC: [116, 122, 128, 129, 130, 136, 145]
0033d255					PS2: 128					MC: [116, 122, 128, 129, 130, 136, 145]
0033d256					PS2: 128					MC: [116, 122, 128, 129, 130, 136, 145]
0033d257					PS2: 128					MC: [116, 122, 128, 129, 130, 136, 145]
0033d258					PS2: 128					MC: [116, 122, 128, 129, 130, 136, 145]
0033d259					PS2: 128					MC: [116, 122, 128, 129, 130, 136, 145]
0033d270					PS2: 128					MC: [116, 122, 128, 129, 130, 136, 145]
0033d271					PS2: 128					MC: [116, 122, 128, 129, 130, 136, 145]
0033d272					PS2: 128					MC: [116, 122, 128, 129, 130, 136, 145]
0033d273					PS2: 128					MC: [116, 122, 128, 129, 130, 136, 145]
0033d274					PS2: 128					MC: [116, 121, 122, 126, 127, 128, 135, 141, 142, 157]
0033d275					PS2: 128					MC: [116, 122, 128, 129, 130, 136, 145]
0033d277					PS2: 128					MC: [116, 122, 128, 129, 130, 136, 145]
0033d279					PS2: 128					MC: [116, 122, 128, 129, 130, 136, 145]
0033d290					PS2: 128					MC: [116, 122, 128, 129, 130, 136, 145]
0033d294					PS2: 128					MC: [116, 122, 128, 129, 130, 136, 145]
0033d296					PS2: 128					MC: [116, 122, 128, 129, 130, 136, 145]
0033d297					PS2: 128					MC: [116, 122, 128, 129, 130, 136, 145]
0033d2b1					PS2: 128					MC: [116, 122, 128, 129, 130, 136, 145]
0033d2b2					PS2: 128					MC: [116, 122, 128, 129, 130, 136, 145]
0033d2b3					PS2: 128					MC: [116, 122, 128, 129, 130, 136, 145]
0033d2b4					PS2: 128					MC: [116, 122, 128, 129, 130, 136, 145]
0033d2b5					PS2: 128					MC: [116, 122, 128, 129, 130, 136, 145]
0033d2b9					PS2: 128					MC: [116, 122, 128, 129, 130, 136, 145]
0033d2d0					PS2: 128					MC: [116, 122, 128, 129, 130, 136, 145]
0033d2d1					PS2: 128					MC: [116, 122, 128, 129, 130, 136, 145]
0033d2d3					PS2: 128					MC: [116, 122, 128, 129, 130, 136, 145]
0033d2d4					PS2: 128					MC: [98, 112, 121, 123, 128, 138, 141, 149, 152, 155]
0033d2d5					PS2: 128					MC: [116, 122, 128, 129, 130, 136, 145]
0033d2d6					PS2: 128					MC: [116, 122, 128, 129, 130, 136, 145]
0033d2d7					PS2: 128					MC: [116, 122, 128, 129, 130, 136, 145]
0033d2d8					PS2: 128					MC: [116, 122, 128, 129, 130, 136, 145]
0033d2d9					PS2: 128					MC: [116, 122, 128, 129, 130, 136, 145]
0033d2f0					PS2: 128					MC: [116, 122, 128, 129, 130, 136, 145]
0033d2f1					PS2: 128					MC: [116, 122, 128, 129, 130, 136, 145]
0033d2f3					PS2: 128					MC: [116, 122, 128, 129, 130, 136, 145]
0033d2f4					PS2: 128					MC: [114, 121, 125, 126, 127, 128, 129, 132, 134, 136, 137, 138, 140, 141, 142, 143, 146, 147, 148, 152, 157]
0033d2f5					PS2: 128					MC: [116, 122, 128, 129, 130, 136, 145]
0033d2f6					PS2: 128					MC: [116, 122, 128, 129, 130, 136, 145]
0033d2f7					PS2: 128					MC: [116, 122, 128, 129, 130, 136, 145]
0033d2f8					PS2: 128					MC: [116, 122, 128, 129, 130, 136, 145]
0033d2f9					PS2: 128					MC: [116, 122, 128, 129, 130, 136, 145]
0033d310					PS2: 128					MC: [116, 122, 128, 129, 130, 136, 145]
0033d311					PS2: 128					MC: [116, 122, 128, 129, 130, 136, 145]
0033d312					PS2: 128					MC: [116, 122, 128, 129, 130, 136, 145]
0033d313					PS2: 128					MC: [116, 122, 128, 129, 130, 136, 145]
0033d314					PS2: 128					MC: [116, 122, 128, 129, 130, 136, 145]
0033d315					PS2: 128					MC: [116, 122, 128, 129, 130, 136, 145]
0033d316					PS2: 128					MC: [116, 122, 128, 129, 130, 136, 145]
0033d317					PS2: 128					MC: [116, 122, 128, 129, 130, 136, 145]
0033d318					PS2: 128					MC: [116, 122, 128, 129, 130, 136, 145]
0033d330					PS2: 128					MC: [116, 122, 128, 129, 130, 136, 145]
0033d331					PS2: 128					MC: [116, 122, 128, 129, 130, 136, 145]
00487b73					PS2: 128					MC: [127, 128]
0048c0c3					PS2: 128					MC: [127, 128]
004f0fb2					PS2: 128					MC: [0]
006a366f					PS2: 128					MC: [111, 119, 121, 128, 130, 132]
006e4cdd					PS2: 128					MC: [127, 128]
009e9674					PS2: 128					MC: [127, 128]
00a14a2b					PS2: 128					MC: [105]
00accd51					PS2: 128					MC: [98, 112, 121, 123, 128, 138, 141, 149, 152, 155]
00accd52					PS2: 128					MC: [116, 122, 128, 129, 130, 136, 145]
00accd53					PS2: 128					MC: [116, 122, 128, 129, 130, 136, 145]
00accd54					PS2: 128					MC: [116, 122, 128, 129, 130, 136, 145]
00accd55					PS2: 128					MC: [116, 122, 128, 129, 130, 136, 145]
00accd56					PS2: 128					MC: [116, 122, 128, 129, 130, 136, 145]
00accd57					PS2: 128					MC: [116, 122, 128, 129, 130, 136, 145]
00accd58					PS2: 128					MC: [116, 122, 128, 129, 130, 136, 145]
00accd59					PS2: 128					MC: [116, 122, 128, 129, 130, 136, 145]
00accd70					PS2: 128					MC: [116, 122, 128, 129, 130, 136, 145]
00accd71					PS2: 128					MC: [116, 122, 128, 129, 130, 136, 145]
00accd72					PS2: 128					MC: [116, 122, 128, 129, 130, 136, 145]
00accd73					PS2: 128					MC: [116, 122, 128, 129, 130, 136, 145]
00accd74					PS2: 128					MC: [116, 122, 128, 129, 130, 136, 145]
00accd75					PS2: 128					MC: [116, 122, 128, 129, 130, 136, 145]
00accd76					PS2: 128					MC: [116, 122, 128, 129, 130, 136, 145]
00accd77					PS2: 128					MC: [116, 122, 128, 129, 130, 136, 145]
00c8c0af					PS2: 128					MC: [0]
00f1c0b1					PS2: 128					MC: [0]
armory_boxc00.bmp_132f4f8b7d173ccd52bee002963287d5					PS2: 128					MC: [124, 125, 126, 127, 128, 129, 130, 131, 132]
armory_caution00.bmp					PS2: 128					MC: [124, 125, 126, 127, 128, 129, 130, 131, 132]
armory_doorframe01.bmp					PS2: 128					MC: [124, 125, 126, 127, 128, 129, 130, 131, 132]
armory_hako00.bmp_324baacc86fea1cd4aebafe9599140a9					PS2: 128					MC: [118, 119, 120, 121, 122, 123, 124, 125, 126, 127, 128, 129, 130, 131, 132, 133, 134, 135, 136, 137, 138]
armory_hako01.bmp_28f5f2428d7f2bcd200658a095c1cbba					PS2: 128					MC: [124, 125, 126, 127, 128, 129, 130, 131, 132]
armory_hako02.bmp_bc6d6886a77e7095878fb624086cfbd4					PS2: 128					MC: [124, 125, 126, 127, 128, 129, 130, 131, 132]
armory_rack00.bmp					PS2: 128					MC: [124, 125, 126, 127, 128, 129, 130, 131, 132]
armory_rackdoor.bmp_0c5dfc57875cf2252a1fdf7fc97c7d77					PS2: 128					MC: [124, 125, 126, 127, 128, 129, 130, 131, 132]
armory_wall01.bmp_42781015d7a89e3dd0162a4f9c656a7d					PS2: 128					MC: [124, 125, 126, 127, 128, 129, 130, 131, 132]
book_256close00.bmp					PS2: 128					MC: [124, 125, 126, 127, 128, 129, 130, 131, 132]
book_cover_a00.bmp					PS2: 128					MC: [124, 125, 126, 127, 128, 129, 130, 131, 132]
book_open00.bmp					PS2: 128					MC: [124, 125, 126, 127, 128, 129, 130, 131, 132]
book_side00.bmp_3f0fc15d80a6c4b3c0c29c8929f5aa30					PS2: 128					MC: [124, 125, 126, 127, 128, 129, 130, 131, 132]
book_side00.bmp_805a7428be9afac2a6f5f5854302bdaf					PS2: 128					MC: [124, 125, 126, 127, 128, 129, 130, 131, 132]
books02.bmp					PS2: 128					MC: [124, 125, 126, 127, 128, 129, 130, 131, 132]
btr_inpane05.bmp					PS2: 128					MC: [124, 125, 126, 127, 128, 129, 130, 131, 132]
btr_inpane06.bmp					PS2: 128					MC: [124, 125, 126, 127, 128, 129, 130, 131, 132]
btr_tex_a.bmp					PS2: 128					MC: [124, 125, 126, 127, 128, 129, 130, 131, 132]
btr_tire01.bmp					PS2: 128					MC: [124, 125, 126, 127, 128, 129, 130, 131, 132]
btr_tire03.bmp					PS2: 128					MC: [124, 125, 126, 127, 128, 129, 130, 131, 132]
bullet_mark_tank.bmp					PS2: 128					MC: [124, 125, 126, 127, 128, 129, 130, 131, 132]
c3_bomb_body.bmp_97a1c6c32544f8d1619f84cde1f726c8					PS2: 128					MC: [124, 125, 126, 127, 128, 129, 130, 131, 132]
c3_bomb_hupack_c.bmp					PS2: 128					MC: [124, 125, 126, 127, 128, 129, 130, 131, 132]
c3_bomb_pack.bmp					PS2: 128					MC: [124, 125, 126, 127, 128, 129, 130, 131, 132]
c3_bomb_panel_dmo.bmp					PS2: 128					MC: [124, 125, 126, 127, 128, 129, 130, 131, 132]
c3_bomb_tape.bmp					PS2: 128					MC: [124, 125, 126, 127, 128, 129, 130, 131, 132]
c3_bomb_timer_02.bmp					PS2: 128					MC: [124, 125, 126, 127, 128, 129, 130, 131, 132]
c3_heart.bmp					PS2: 128					MC: [124, 125, 126, 127, 128, 129, 130, 131, 132]
c3_mthf.bmp					PS2: 128					MC: [124, 125, 126, 127, 128, 129, 130, 131, 132]
c_130_b.bmp					PS2: 128					MC: [0, 1, 2, 3, 4, 5, 6, 7, 8, 9, 10, 11, 12, 13, 14, 15, 16, 17, 18, 19, 20, 21, 22, 23, 24, 25, 26, 27, 28, 29, 30, 31, 32, 33, 34, 35, 36, 37, 38, 39, 40, 41, 42, 43, 44, 45, 46, 47, 48, 49, 50, 51, 52, 53, 54, 55, 56, 57, 58, 59, 60, 61, 62, 63, 64, 65, 66, 67, 68, 69, 70, 71, 72, 73, 74, 75, 76, 77, 78, 79, 80, 81, 82, 83, 84, 85, 86, 87, 88, 89, 90, 91, 92, 93, 94, 95, 96, 97, 98, 99, 100, 101, 102, 103, 104, 105, 106, 107, 108, 109, 110, 111, 112, 113, 114, 115, 116, 117, 118, 119, 120, 121, 122, 123, 124, 125, 126, 127, 128]
c_130_c.bmp					PS2: 128					MC: [124, 125, 126, 127, 128, 129, 130, 131, 132]
c_mag.bmp					PS2: 128					MC: [127, 128, 129]
cargo_room_pillar_e.bmp					PS2: 128					MC: [124, 125, 126, 127, 128, 129, 130, 131, 132]
casecover_up_render.bmp					PS2: 128					MC: [124, 125, 126, 127, 128, 129, 130, 131, 132]
chair_back_of_body.bmp_57ab258682252580476c2915c3617408					PS2: 128					MC: [124, 125, 126, 127, 128, 129, 130, 131, 132]
chair_seat.bmp					PS2: 128					MC: [124, 125, 126, 127, 128, 129, 130, 131, 132]
chair_seat.bmp_72aa6b10f3bfc4c765484872d9fab5bd					PS2: 128					MC: [124, 125, 126, 127, 128, 129, 130, 131, 132]
chairb_02.bmp					PS2: 128					MC: [124, 125, 126, 127, 128, 129, 130, 131, 132]
colmagatex.bmp					PS2: 128					MC: [124, 125, 126, 127, 128, 129, 130, 131, 132]
colttex.bmp_38de91f1aa72a3cb2c1407a8cd778ae3					PS2: 128					MC: [124, 125, 126, 127, 128, 129, 130, 131, 132]
comp_c00.bmp					PS2: 128					MC: [124, 125, 126, 127, 128, 129, 130, 131, 132]
comp_e00.bmp					PS2: 128					MC: [124, 125, 126, 127, 128, 129, 130, 131, 132]
container_b00.bmp					PS2: 128					MC: [124, 125, 126, 127, 128, 129, 130, 131, 132]
cushion.bmp					PS2: 128					MC: [124, 125, 126, 127, 128, 129, 130, 131, 132]
davy_barrel.bmp					PS2: 128					MC: [124, 125, 126, 127, 128, 129, 130, 131, 132]
davy_case_barrel_in01.bmp					PS2: 128					MC: [127, 128, 129]
davy_case_barrels.bmp					PS2: 128					MC: [127, 128, 129]
davy_case_nuclear_in08.bmp					PS2: 128					MC: [127, 128, 129]
davy_case_nuclear_in12.bmp					PS2: 128					MC: [127, 128, 129]
davy_case_nuclearbu.bmp					PS2: 128					MC: [127, 128, 129]
davy_grip.bmp					PS2: 128					MC: [124, 125, 126, 127, 128, 129, 130, 131, 132]
door_a00.bmp					PS2: 128					MC: [124, 125, 126, 127, 128, 129, 130, 131, 132]
door_frame00a.bmp					PS2: 128					MC: [124, 125, 126, 127, 128, 129, 130, 131, 132]
door_frame00a.bmp_5e81ed816613855c915ebb39d7c46cb5					PS2: 128					MC: [124, 125, 126, 127, 128, 129, 130, 131, 132]
driveshaft.bmp_430bec93808cc154ab5ad426cac145af					PS2: 128					MC: [124, 125, 126, 127, 128, 129, 130, 131, 132]
drumcan_exp_t1.bmp					PS2: 128					MC: [124, 125, 126, 127, 128, 129, 130, 131, 132]
dshk_m01.bmp					PS2: 128					MC: [127, 128, 129]
dshk_m02.bmp					PS2: 128					MC: [127, 128, 129]
dshk_m03.bmp					PS2: 128					MC: [127, 128, 129]
dshk_m04.bmp					PS2: 128					MC: [127, 128, 129]
e02b_drumcan01.bmp					PS2: 128					MC: [124, 125, 126, 127, 128, 129, 130, 131, 132]
end_mgs3_face_def.bmp					PS2: 128					MC: [119, 128, 138]
end_mgs3_face_wheel.bmp					PS2: 128					MC: [119, 128, 138]
end_mgs3_face_young.bmp					PS2: 128					MC: [119, 128, 138]
ene_def_headtop.bmp					PS2: 128					MC: [112, 113, 117, 118, 119, 120, 121, 122, 123, 125, 126, 127, 128, 129, 130, 131, 132, 133]
ene_def_headunder.bmp					PS2: 128					MC: [112, 113, 117, 118, 119, 120, 121, 122, 123, 125, 126, 127, 128, 129, 130, 131, 132, 133]
ene_def_neck.bmp					PS2: 128					MC: [112, 113, 117, 118, 119, 120, 121, 122, 123, 125, 126, 127, 128, 129, 130, 131, 132, 133]
enjinp01.bmp					PS2: 128					MC: [124, 125, 126, 127, 128, 129, 130, 131, 132]
enjinp01.bmp_af673edb2b6d4f16ad759a50e83cf3df					PS2: 128					MC: [124, 125, 126, 127, 128, 129, 130, 131, 132]
enjinp03.bmp					PS2: 128					MC: [124, 125, 126, 127, 128, 129, 130, 131, 132]
eve_item_branch.bmp					PS2: 128					MC: [124, 125, 126, 127, 128, 129, 130, 131, 132]
fenjin01.bmp					PS2: 128					MC: [124, 125, 126, 127, 128, 129, 130, 131, 132]
gg_door02.bmp					PS2: 128					MC: [124, 125, 126, 127, 128, 129, 130, 131, 132]
ggbrk_fl_breakb_rep.bmp					PS2: 128					MC: [124, 125, 126, 127, 128, 129, 130, 131, 132]
gra_dead_face.bmp					PS2: 128					MC: [111, 119, 121, 127, 128, 130, 136, 138, 146]
gra_def_face.bmp					PS2: 128					MC: [111, 119, 121, 127, 128, 130, 136, 138, 146]
grchaira_pillar_under.bmp					PS2: 128					MC: [124, 125, 126, 127, 128, 129, 130, 131, 132]
h_bottle_label.bmp					PS2: 128					MC: [124, 125, 126, 127, 128, 129, 130, 131, 132]
h_handkerchief.bmp					PS2: 128					MC: [124, 125, 126, 127, 128, 129, 130, 131, 132]
hbiyoku.bmp					PS2: 128					MC: [124, 125, 126, 127, 128, 129, 130, 131, 132]
hind_body_n.bmp					PS2: 128					MC: [127, 128, 129]
hind_tire_f_n.bmp					PS2: 128					MC: [124, 125, 126, 127, 128, 129, 130, 131, 132]
hind_tire_m.bmp					PS2: 128					MC: [124, 125, 126, 127, 128, 129, 130, 131, 132]
hind_tire_r_n.bmp					PS2: 128					MC: [124, 125, 126, 127, 128, 129, 130, 131, 132]
hind_wing_n.bmp					PS2: 128					MC: [127, 128, 129]
ice.bmp					PS2: 128					MC: [124, 125, 126, 127, 128, 129, 130, 131, 132]
ice_cup.bmp					PS2: 128					MC: [124, 125, 126, 127, 128, 129, 130, 131, 132]
ice_cup_under.bmp					PS2: 128					MC: [124, 125, 126, 127, 128, 129, 130, 131, 132]
jngl_eld_tree1_large_mip8000_rep.bmp					PS2: 128					MC: [124, 125, 126, 127, 128, 129, 130, 131, 132]
jngl_thintree01.bmp					PS2: 128					MC: [98, 112, 121, 123, 128, 138, 141, 149, 152, 155]
jngl_tree13_mid_mip8000.bmp					PS2: 128					MC: [98, 112, 121, 123, 128, 138, 141, 149, 152, 155]
jngl_tree13_mid_mip8000.bmp_03a92a6187cb335537852926a6f11a69					PS2: 128					MC: [124, 125, 126, 127, 128, 129, 130, 131, 132]
kan_a00.bmp					PS2: 128					MC: [124, 125, 126, 127, 128, 129, 130, 131, 132]
kan_b00.bmp					PS2: 128					MC: [124, 125, 126, 127, 128, 129, 130, 131, 132]
kan_c00.bmp					PS2: 128					MC: [124, 125, 126, 127, 128, 129, 130, 131, 132]
koya_bed01.bmp					PS2: 128					MC: [124, 125, 126, 127, 128, 129, 130, 131, 132]
koya_isu01.bmp					PS2: 128					MC: [124, 125, 126, 127, 128, 129, 130, 131, 132]
koya_yuka04_new.bmp					PS2: 128					MC: [124, 125, 126, 127, 128, 129, 130, 131, 132]
landgia01.bmp					PS2: 128					MC: [124, 125, 126, 127, 128, 129, 130, 131, 132]
m16a_kamo.bmp					PS2: 128					MC: [124, 125, 126, 127, 128, 129, 130, 131, 132]
m16a_sp.bmp					PS2: 128					MC: [124, 125, 126, 127, 128, 129, 130, 131, 132]
m_rocksfc_a07_rep.bmp					PS2: 128					MC: [124, 125, 126, 127, 128, 129, 130, 131, 132]
m_rocksfc_a08_rep.bmp					PS2: 128					MC: [124, 125, 126, 127, 128, 129, 130, 131, 132]
m_rocksfc_a09_rep.bmp					PS2: 128					MC: [124, 125, 126, 127, 128, 129, 130, 131, 132]
maz_532_a.bmp					PS2: 128					MC: [124, 125, 126, 127, 128, 129, 130, 131, 132]
maz_532_b.bmp					PS2: 128					MC: [124, 125, 126, 127, 128, 129, 130, 131, 132]
mic_a.bmp					PS2: 128					MC: [124, 125, 126, 127, 128, 129, 130, 131, 132]
mog_box_04.bmp					PS2: 128					MC: [124, 125, 126, 127, 128, 129, 130, 131, 132]
mog_box_14.bmp					PS2: 128					MC: [124, 125, 126, 127, 128, 129, 130, 131, 132]
mog_box_15.bmp					PS2: 128					MC: [124, 125, 126, 127, 128, 129, 130, 131, 132]
mog_box_16.bmp					PS2: 128					MC: [124, 125, 126, 127, 128, 129, 130, 131, 132]
mog_box_17.bmp					PS2: 128					MC: [124, 125, 126, 127, 128, 129, 130, 131, 132]
mog_box_rep_01.bmp					PS2: 128					MC: [124, 125, 126, 127, 128, 129, 130, 131, 132]
mog_box_rep_02.bmp					PS2: 128					MC: [124, 125, 126, 127, 128, 129, 130, 131, 132]
mog_door_01.bmp					PS2: 128					MC: [124, 125, 126, 127, 128, 129, 130, 131, 132]
mog_floor_rep_04.bmp					PS2: 128					MC: [124, 125, 126, 127, 128, 129, 130, 131, 132]
mog_floor_rep_13.bmp					PS2: 128					MC: [124, 125, 126, 127, 128, 129, 130, 131, 132]
mog_pillar_04.bmp					PS2: 128					MC: [124, 125, 126, 127, 128, 129, 130, 131, 132]
mog_pillar_06.bmp					PS2: 128					MC: [124, 125, 126, 127, 128, 129, 130, 131, 132]
mog_pillar_08.bmp					PS2: 128					MC: [124, 125, 126, 127, 128, 129, 130, 131, 132]
mog_pillar_rep_02.bmp					PS2: 128					MC: [124, 125, 126, 127, 128, 129, 130, 131, 132]
mog_step_02.bmp					PS2: 128					MC: [124, 125, 126, 127, 128, 129, 130, 131, 132]
mog_wall_13.bmp_9ecb33588af54a5e16bdc5e694a5a3a3					PS2: 128					MC: [124, 125, 126, 127, 128, 129, 130, 131, 132]
mog_wall_rep_01.bmp					PS2: 128					MC: [124, 125, 126, 127, 128, 129, 130, 131, 132]
mog_wall_rep_04.bmp					PS2: 128					MC: [124, 125, 126, 127, 128, 129, 130, 131, 132]
mog_wall_rep_08.bmp					PS2: 128					MC: [124, 125, 126, 127, 128, 129, 130, 131, 132]
mog_wall_rep_10.bmp					PS2: 128					MC: [124, 125, 126, 127, 128, 129, 130, 131, 132]
mog_wall_rep_13.bmp_c8d1251ac2253f04c5f11f8e7e244b6f					PS2: 128					MC: [124, 125, 126, 127, 128, 129, 130, 131, 132]
mon_tex.bmp					PS2: 128					MC: [124, 125, 126, 127, 128, 129, 130, 131, 132]
msn_ngn_b.bmp					PS2: 128					MC: [124, 125, 126, 127, 128, 129, 130, 131, 132]
msn_ngn_d.bmp					PS2: 128					MC: [124, 125, 126, 127, 128, 129, 130, 131, 132]
obj279_body.bmp					PS2: 128					MC: [124, 125, 126, 127, 128, 129, 130, 131, 132]
obj279_test.bmp					PS2: 128					MC: [124, 125, 126, 127, 128, 129, 130, 131, 132]
oce_def_face.bmp					PS2: 128					MC: [121, 128, 133]
pato.bmp					PS2: 128					MC: [127, 128, 129]
potted_plant_00.bmp					PS2: 128					MC: [124, 125, 126, 127, 128, 129, 130, 131, 132]
potted_plant_02.bmp					PS2: 128					MC: [124, 125, 126, 127, 128, 129, 130, 131, 132]
radi_break_bottan.bmp					PS2: 128					MC: [124, 125, 126, 127, 128, 129, 130, 131, 132]
radi_break_ita.bmp					PS2: 128					MC: [124, 125, 126, 127, 128, 129, 130, 131, 132]
radi_break_tetsu.bmp					PS2: 128					MC: [124, 125, 126, 127, 128, 129, 130, 131, 132]
radio_4.bmp					PS2: 128					MC: [124, 125, 126, 127, 128, 129, 130, 131, 132]
radio_end.bmp					PS2: 128					MC: [124, 125, 126, 127, 128, 129, 130, 131, 132]
radio_moji.bmp					PS2: 128					MC: [124, 125, 126, 127, 128, 129, 130, 131, 132]
rattrap_tex.bmp					PS2: 128					MC: [124, 125, 126, 127, 128, 129, 130, 131, 132]
renjin01.bmp					PS2: 128					MC: [124, 125, 126, 127, 128, 129, 130, 131, 132]
rgd5_deto.bmp					PS2: 128					MC: [124, 125, 126, 127, 128, 129, 130, 131, 132]
rgd5_safe01.bmp					PS2: 128					MC: [124, 125, 126, 127, 128, 129, 130, 131, 132]
rpg7_tex.bmp					PS2: 128					MC: [124, 125, 126, 127, 128, 129, 130, 131, 132]
s001a_soil01_eld_ne_alp_ovl_rep.bmp					PS2: 128					MC: [98, 112, 121, 123, 128, 138, 141, 149, 152, 155]
s001a_soil01_rep_mip8000.bmp					PS2: 128					MC: [110, 119, 124, 128, 133, 136, 138, 143]
s001a_wall01_rep_mip8000.bmp					PS2: 128					MC: [98, 112, 121, 123, 128, 138, 141, 149, 152, 155]
s002a_wall04_rep_mip8000.bmp					PS2: 128					MC: [124, 125, 126, 127, 128, 129, 130, 131, 132]
s006a_bombe2_top.bmp					PS2: 128					MC: [124, 125, 126, 127, 128, 129, 130, 131, 132]
s006a_brickwall1_brk1.bmp					PS2: 128					MC: [124, 125, 126, 127, 128, 129, 130, 131, 132]
s006a_brickwall1_brk2_rep.bmp					PS2: 128					MC: [124, 125, 126, 127, 128, 129, 130, 131, 132]
s006a_brickwall1_rep.bmp					PS2: 128					MC: [124, 125, 126, 127, 128, 129, 130, 131, 132]
s006a_brickwall2_rep_v2.bmp					PS2: 128					MC: [124, 125, 126, 127, 128, 129, 130, 131, 132]
s006a_soil01_hl_rep_mip8000.bmp					PS2: 128					MC: [124, 125, 126, 127, 128, 129, 130, 131, 132]
s012a_deadtree1_rep.bmp					PS2: 128					MC: [124, 125, 126, 127, 128, 129, 130, 131, 132]
s022a_ara_conk_rep.bmp					PS2: 128					MC: [127, 128, 129]
s022a_fence01.bmp					PS2: 128					MC: [111, 119, 120, 125, 127, 128, 129, 130, 134, 135, 137, 138, 139, 140, 143, 144, 146, 148, 149]
s022a_flr_soil_rep02.bmp					PS2: 128					MC: [124, 125, 126, 127, 128, 129, 130, 131, 132]
s042a_ladder00.bmp					PS2: 128					MC: [124, 125, 126, 127, 128, 129, 130, 131, 132]
s042a_ladder01.bmp					PS2: 128					MC: [124, 125, 126, 127, 128, 129, 130, 131, 132]
s043a_wall01a.bmp					PS2: 128					MC: [124, 125, 126, 127, 128, 129, 130, 131, 132]
s043a_wallbrk02.bmp					PS2: 128					MC: [124, 125, 126, 127, 128, 129, 130, 131, 132]
s044a_flpnl00a.bmp					PS2: 128					MC: [127, 128, 129]
s051a_jimen_a01_rep.bmp_a29eacb6af2fb4c008aac3603e46039a					PS2: 128					MC: [127, 128, 129]
s051a_rock_rep01.bmp					PS2: 128					MC: [127, 128, 129]
s052a_box_01.bmp					PS2: 128					MC: [124, 125, 126, 127, 128, 129, 130, 131, 132]
s052a_door_light_02.bmp					PS2: 128					MC: [124, 125, 126, 127, 128, 129, 130, 131, 132]
s052a_door_light_03.bmp					PS2: 128					MC: [124, 125, 126, 127, 128, 129, 130, 131, 132]
s052a_ent_conc_02_rep.bmp					PS2: 128					MC: [124, 125, 126, 127, 128, 129, 130, 131, 132]
s052a_ent_floor_01_rep.bmp					PS2: 128					MC: [124, 125, 126, 127, 128, 129, 130, 131, 132]
s052a_ent_floor_03.bmp					PS2: 128					MC: [124, 125, 126, 127, 128, 129, 130, 131, 132]
s052a_hashira_01.bmp					PS2: 128					MC: [124, 125, 126, 127, 128, 129, 130, 131, 132]
s052a_hashira_02.bmp					PS2: 128					MC: [124, 125, 126, 127, 128, 129, 130, 131, 132]
s052a_hashira_03.bmp					PS2: 128					MC: [124, 125, 126, 127, 128, 129, 130, 131, 132]
s052a_jimen_deco_rep.bmp					PS2: 128					MC: [124, 125, 126, 127, 128, 129, 130, 131, 132]
s052a_noon_ent_roof_rep.bmp					PS2: 128					MC: [124, 125, 126, 127, 128, 129, 130, 131, 132]
s052a_tile_floor_01_rep.bmp					PS2: 128					MC: [124, 125, 126, 127, 128, 129, 130, 131, 132]
s052a_wall01.bmp					PS2: 128					MC: [124, 125, 126, 127, 128, 129, 130, 131, 132]
s052a_wall02.bmp					PS2: 128					MC: [124, 125, 126, 127, 128, 129, 130, 131, 132]
s053a_bookstop.bmp_39c48569f059746c2629fdd82139863e					PS2: 128					MC: [124, 125, 126, 127, 128, 129, 130, 131, 132]
s053a_boxa00.bmp					PS2: 128					MC: [124, 125, 126, 127, 128, 129, 130, 131, 132]
s053a_carpet00.bmp					PS2: 128					MC: [124, 125, 126, 127, 128, 129, 130, 131, 132]
s053a_case00.bmp_577fc47da881b28a88dcea0b580d8a7e					PS2: 128					MC: [124, 125, 126, 127, 128, 129, 130, 131, 132]
s053a_comp_c00.bmp					PS2: 128					MC: [124, 125, 126, 127, 128, 129, 130, 131, 132]
s053a_curtain_a00.bmp					PS2: 128					MC: [124, 125, 126, 127, 128, 129, 130, 131, 132]
s053a_door_b00.bmp_ac9b2f2a3c8818e577edc950d7cf0a32					PS2: 128					MC: [124, 125, 126, 127, 128, 129, 130, 131, 132]
s053a_duct_00_rep.bmp					PS2: 128					MC: [124, 125, 126, 127, 128, 129, 130, 131, 132]
s053a_floor_cortyard_00_rep.bmp					PS2: 128					MC: [124, 125, 126, 127, 128, 129, 130, 131, 132]
s053a_floor_step00.bmp_09c53fd0b62a8927f6cb7d36dd6b2867					PS2: 128					MC: [124, 125, 126, 127, 128, 129, 130, 131, 132]
s053a_outsidewall_a00.bmp					PS2: 128					MC: [124, 125, 126, 127, 128, 129, 130, 131, 132]
s053a_outsidewall_a01.bmp					PS2: 128					MC: [124, 125, 126, 127, 128, 129, 130, 131, 132]
s053a_outsidewall_a02_rep.bmp					PS2: 128					MC: [124, 125, 126, 127, 128, 129, 130, 131, 132]
s053a_tablelight_a02.bmp					PS2: 128					MC: [124, 125, 126, 127, 128, 129, 130, 131, 132]
s053a_wall_a02.bmp					PS2: 128					MC: [124, 125, 126, 127, 128, 129, 130, 131, 132]
s053a_wall_a03.bmp_1096250c2007540100bdb5ebfacfc248					PS2: 128					MC: [124, 125, 126, 127, 128, 129, 130, 131, 132]
s053a_winframe01.bmp					PS2: 128					MC: [124, 125, 126, 127, 128, 129, 130, 131, 132]
s053a_winframe_a01.bmp					PS2: 128					MC: [124, 125, 126, 127, 128, 129, 130, 131, 132]
s054a_desk_cloth.bmp					PS2: 128					MC: [124, 125, 126, 127, 128, 129, 130, 131, 132]
s054a_desk_top.bmp_e9975f62e962dbfcc0ceb3af4c1baf4b					PS2: 128					MC: [111, 119, 124, 127, 128, 133, 136, 138, 141, 142, 145]
s055a_case_a00.bmp					PS2: 128					MC: [124, 125, 126, 127, 128, 129, 130, 131, 132]
s055a_case_a01.bmp					PS2: 128					MC: [124, 125, 126, 127, 128, 129, 130, 131, 132]
s055a_curtain_b00.bmp					PS2: 128					MC: [124, 125, 126, 127, 128, 129, 130, 131, 132]
s055a_duct_01.bmp					PS2: 128					MC: [124, 125, 126, 127, 128, 129, 130, 131, 132]
s055a_wall_b00.bmp					PS2: 128					MC: [124, 125, 126, 127, 128, 129, 130, 131, 132]
s055a_wall_b01.bmp					PS2: 128					MC: [124, 125, 126, 127, 128, 129, 130, 131, 132]
s056a_door_b00.bmp					PS2: 128					MC: [124, 125, 126, 127, 128, 129, 130, 131, 132]
s056a_door_c00.bmp					PS2: 128					MC: [124, 125, 126, 127, 128, 129, 130, 131, 132]
s056a_wall_b00.bmp					PS2: 128					MC: [124, 125, 126, 127, 128, 129, 130, 131, 132]
s061a_eld_tree1_large_mip8000.bmp					PS2: 128					MC: [98, 112, 121, 123, 128, 138, 141, 149, 152, 155]
s061a_tree13_mid_dark_mip8000_rep.bmp					PS2: 128					MC: [124, 125, 126, 127, 128, 129, 130, 131, 132]
s062a_blanket01.bmp					PS2: 128					MC: [124, 125, 126, 127, 128, 129, 130, 131, 132]
s062a_board01.bmp					PS2: 128					MC: [124, 125, 126, 127, 128, 129, 130, 131, 132]
s062a_box03.bmp					PS2: 128					MC: [124, 125, 126, 127, 128, 129, 130, 131, 132]
s062a_locker03.bmp					PS2: 128					MC: [124, 125, 126, 127, 128, 129, 130, 131, 132]
s062a_locker03s.bmp					PS2: 128					MC: [124, 125, 126, 127, 128, 129, 130, 131, 132]
s062a_radio01.bmp					PS2: 128					MC: [124, 125, 126, 127, 128, 129, 130, 131, 132]
s062a_wodbrk03_alp_ovl.bmp					PS2: 128					MC: [124, 125, 126, 127, 128, 129, 130, 131, 132]
s063a_conc_wall01.bmp					PS2: 128					MC: [124, 125, 126, 127, 128, 129, 130, 131, 132]
s063a_flr_moss3_alp_ovl_rep.bmp					PS2: 128					MC: [124, 125, 126, 127, 128, 129, 130, 131, 132]
s063a_small_tree3_rep.bmp					PS2: 128					MC: [124, 125, 126, 127, 128, 129, 130, 131, 132]
s063a_thin_tree1_rep.bmp					PS2: 128					MC: [124, 125, 126, 127, 128, 129, 130, 131, 132]
s063a_tree13_mid_rep_mip8000.bmp					PS2: 128					MC: [124, 125, 126, 127, 128, 129, 130, 131, 132]
s064a_deadtree2_rep_mip8000.bmp					PS2: 128					MC: [124, 125, 126, 127, 128, 129, 130, 131, 132]
s065a_gajyu_tree1_l_rep.bmp					PS2: 128					MC: [124, 125, 126, 127, 128, 129, 130, 131, 132]
s066a_door00.bmp					PS2: 128					MC: [124, 125, 126, 127, 128, 129, 130, 131, 132]
s072a_jimen_a01_rep.bmp					PS2: 128					MC: [124, 125, 126, 127, 128, 129, 130, 131, 132]
s072a_wood_a01_rep.bmp					PS2: 128					MC: [124, 125, 126, 127, 128, 129, 130, 131, 132]
s072a_wood_a02_rep.bmp					PS2: 128					MC: [124, 125, 126, 127, 128, 129, 130, 131, 132]
s072a_wood_a03_rep.bmp					PS2: 128					MC: [124, 125, 126, 127, 128, 129, 130, 131, 132]
s072a_wood_a04_rep.bmp					PS2: 128					MC: [124, 125, 126, 127, 128, 129, 130, 131, 132]
s073a_armory_door01.bmp					PS2: 128					MC: [124, 125, 126, 127, 128, 129, 130, 131, 132]
s073a_door_iron_01.bmp					PS2: 128					MC: [124, 125, 126, 127, 128, 129, 130, 131, 132]
s073a_snow_a05_alp_ovl_rep.bmp					PS2: 128					MC: [124, 125, 126, 127, 128, 129, 130, 131, 132]
s073a_wall_sokumen_a01_rep.bmp					PS2: 128					MC: [124, 125, 126, 127, 128, 129, 130, 131, 132]
s073a_wood_b03_rep.bmp					PS2: 128					MC: [124, 125, 126, 127, 128, 129, 130, 131, 132]
s074a_roof01_rep.bmp_11bb6511942d5239548ec285d775b056					PS2: 128					MC: [124, 125, 126, 127, 128, 129, 130, 131, 132]
s091a_121gatedoor00.bmp					PS2: 128					MC: [124, 125, 126, 127, 128, 129, 130, 131, 132]
s091a_121wall00.bmp_c7b971f7f45fdf2691fd9cfb9214e328					PS2: 128					MC: [124, 125, 126, 127, 128, 129, 130, 131, 132]
s091a_armory_rackdoor.bmp					PS2: 128					MC: [124, 125, 126, 127, 128, 129, 130, 131, 132]
s091a_baria.bmp					PS2: 128					MC: [124, 125, 126, 127, 128, 129, 130, 131, 132]
s091a_conta02.bmp					PS2: 128					MC: [124, 125, 126, 127, 128, 129, 130, 131, 132]
s091a_conta03.bmp					PS2: 128					MC: [124, 125, 126, 127, 128, 129, 130, 131, 132]
s091a_door01.bmp					PS2: 128					MC: [111, 119, 120, 121, 122, 125, 127, 128, 129, 130, 131, 132, 134, 136, 137, 138, 139, 140, 141, 143, 144, 146, 148, 149]
s091a_entwall00_rep.bmp_622cb6f0293ae2d2015fed236dd3bb55					PS2: 128					MC: [124, 125, 126, 127, 128, 129, 130, 131, 132]
s091a_fence2_01.bmp					PS2: 128					MC: [124, 125, 126, 127, 128, 129, 130, 131, 132]
s091a_fence3_00.bmp					PS2: 128					MC: [124, 125, 126, 127, 128, 129, 130, 131, 132]
s091a_fence3_01.bmp					PS2: 128					MC: [124, 125, 126, 127, 128, 129, 130, 131, 132]
s091a_fkwalla.bmp					PS2: 128					MC: [124, 125, 126, 127, 128, 129, 130, 131, 132]
s091a_fl06a.bmp					PS2: 128					MC: [124, 125, 126, 127, 128, 129, 130, 131, 132]
s091a_flrusty01.bmp					PS2: 128					MC: [124, 125, 126, 127, 128, 129, 130, 131, 132]
s091a_gate00.bmp					PS2: 128					MC: [124, 125, 126, 127, 128, 129, 130, 131, 132]
s091a_gate02.bmp_fa5391ce648a972ea7f35d91860dbd62					PS2: 128					MC: [124, 125, 126, 127, 128, 129, 130, 131, 132]
s091a_gate03.bmp_1b946272daea4aab1b64c367e527fed8					PS2: 128					MC: [124, 125, 126, 127, 128, 129, 130, 131, 132]
s091a_gate04.bmp					PS2: 128					MC: [124, 125, 126, 127, 128, 129, 130, 131, 132]
s091a_gate05.bmp					PS2: 128					MC: [124, 125, 126, 127, 128, 129, 130, 131, 132]
s091a_haidena01.bmp					PS2: 128					MC: [124, 125, 126, 127, 128, 129, 130, 131, 132]
s091a_haidenb01.bmp					PS2: 128					MC: [124, 125, 126, 127, 128, 129, 130, 131, 132]
s091a_haidenc01.bmp					PS2: 128					MC: [124, 125, 126, 127, 128, 129, 130, 131, 132]
s091a_haideny.bmp					PS2: 128					MC: [124, 125, 126, 127, 128, 129, 130, 131, 132]
s091a_hangb.bmp					PS2: 128					MC: [124, 125, 126, 127, 128, 129, 130, 131, 132]
s091a_hangc.bmp					PS2: 128					MC: [124, 125, 126, 127, 128, 129, 130, 131, 132]
s091a_hangwin.bmp					PS2: 128					MC: [124, 125, 126, 127, 128, 129, 130, 131, 132]
s091a_hut01.bmp					PS2: 128					MC: [124, 125, 126, 127, 128, 129, 130, 131, 132]
s091a_hutdoora.bmp_d11345f0c0eee967839f7adabb6d7653					PS2: 128					MC: [124, 125, 126, 127, 128, 129, 130, 131, 132]
s091a_irona.bmp					PS2: 128					MC: [124, 125, 126, 127, 128, 129, 130, 131, 132]
s091a_ironc.bmp					PS2: 128					MC: [124, 125, 126, 127, 128, 129, 130, 131, 132]
s091a_irone.bmp					PS2: 128					MC: [124, 125, 126, 127, 128, 129, 130, 131, 132]
s091a_kanbana.bmp					PS2: 128					MC: [124, 125, 126, 127, 128, 129, 130, 131, 132]
s091a_lighta2.bmp					PS2: 128					MC: [124, 125, 126, 127, 128, 129, 130, 131, 132]
s091a_manhole00.bmp					PS2: 128					MC: [124, 125, 126, 127, 128, 129, 130, 131, 132]
s091a_manhole01a.bmp					PS2: 128					MC: [124, 125, 126, 127, 128, 129, 130, 131, 132]
s091a_mata1.bmp					PS2: 128					MC: [124, 125, 126, 127, 128, 129, 130, 131, 132]
s091a_mata2.bmp					PS2: 128					MC: [124, 125, 126, 127, 128, 129, 130, 131, 132]
s091a_mog_roof_rep_01.bmp_f4b772bfb171739bee5668666faa19c4					PS2: 128					MC: [124, 125, 126, 127, 128, 129, 130, 131, 132]
s091a_objbox01.bmp					PS2: 128					MC: [124, 125, 126, 127, 128, 129, 130, 131, 132]
s091a_pipe00a_rep.bmp					PS2: 128					MC: [124, 125, 126, 127, 128, 129, 130, 131, 132]
s091a_pipe01.bmp					PS2: 128					MC: [124, 125, 126, 127, 128, 129, 130, 131, 132]
s091a_pole00a.bmp					PS2: 128					MC: [124, 125, 126, 127, 128, 129, 130, 131, 132]
s091a_sewerfl01_rep.bmp					PS2: 128					MC: [124, 125, 126, 127, 128, 129, 130, 131, 132]
s091a_sewerfl02_rep.bmp					PS2: 128					MC: [124, 125, 126, 127, 128, 129, 130, 131, 132]
s091a_st00.bmp					PS2: 128					MC: [124, 125, 126, 127, 128, 129, 130, 131, 132]
s091a_st01.bmp					PS2: 128					MC: [124, 125, 126, 127, 128, 129, 130, 131, 132]
s091a_st_panel00.bmp					PS2: 128					MC: [124, 125, 126, 127, 128, 129, 130, 131, 132]
s091a_tanka_rep.bmp_b56bf027bb7820fa0a3c85f07530b224					PS2: 128					MC: [124, 125, 126, 127, 128, 129, 130, 131, 132]
s091a_wall01.bmp					PS2: 128					MC: [124, 125, 126, 127, 128, 129, 130, 131, 132]
s091a_wall04.bmp_17bfc58190402a6ed22e4525cbedef00					PS2: 128					MC: [124, 125, 126, 127, 128, 129, 130, 131, 132]
s091a_walldrt00_rep.bmp					PS2: 128					MC: [124, 125, 126, 127, 128, 129, 130, 131, 132]
s091a_walldrt02a_rep.bmp					PS2: 128					MC: [124, 125, 126, 127, 128, 129, 130, 131, 132]
s091a_watchtower02.bmp					PS2: 128					MC: [124, 125, 126, 127, 128, 129, 130, 131, 132]
s101a_256door.bmp					PS2: 128					MC: [124, 125, 126, 127, 128, 129, 130, 131, 132]
s101a_256wall_inside.bmp					PS2: 128					MC: [124, 125, 126, 127, 128, 129, 130, 131, 132]
s101a_256wall_inside2.bmp					PS2: 128					MC: [124, 125, 126, 127, 128, 129, 130, 131, 132]
s101a_book_case00.bmp					PS2: 128					MC: [124, 125, 126, 127, 128, 129, 130, 131, 132]
s101a_boxb00.bmp					PS2: 128					MC: [124, 125, 126, 127, 128, 129, 130, 131, 132]
s101a_case00.bmp					PS2: 128					MC: [124, 125, 126, 127, 128, 129, 130, 131, 132]
s101a_comp00.bmp					PS2: 128					MC: [124, 125, 126, 127, 128, 129, 130, 131, 132]
s101a_comp00_back.bmp					PS2: 128					MC: [124, 125, 126, 127, 128, 129, 130, 131, 132]
s101a_comp00_side.bmp					PS2: 128					MC: [124, 125, 126, 127, 128, 129, 130, 131, 132]
s101a_door_toilet00.bmp					PS2: 128					MC: [124, 125, 126, 127, 128, 129, 130, 131, 132]
s101a_doora.bmp					PS2: 128					MC: [124, 125, 126, 127, 128, 129, 130, 131, 132]
s101a_doora.bmp_cfde9b5d6e2a46b2606ac8a5922ebd2a					PS2: 128					MC: [124, 125, 126, 127, 128, 129, 130, 131, 132]
s101a_dustbox.bmp					PS2: 128					MC: [124, 125, 126, 127, 128, 129, 130, 131, 132]
s101a_floor01_rep.bmp					PS2: 128					MC: [124, 125, 126, 127, 128, 129, 130, 131, 132]
s101a_floor02_rep.bmp					PS2: 128					MC: [124, 125, 126, 127, 128, 129, 130, 131, 132]
s101a_floor07_rep.bmp					PS2: 128					MC: [124, 125, 126, 127, 128, 129, 130, 131, 132]
s101a_floor07b_rep.bmp					PS2: 128					MC: [124, 125, 126, 127, 128, 129, 130, 131, 132]
s101a_locker_sp00.bmp					PS2: 128					MC: [124, 125, 126, 127, 128, 129, 130, 131, 132]
s101a_obn00.bmp					PS2: 128					MC: [124, 125, 126, 127, 128, 129, 130, 131, 132]
s101a_office_cabinet_01.bmp					PS2: 128					MC: [124, 125, 126, 127, 128, 129, 130, 131, 132]
s101a_pillar_a00.bmp					PS2: 128					MC: [124, 125, 126, 127, 128, 129, 130, 131, 132]
s101a_plantc02.bmp					PS2: 128					MC: [124, 125, 126, 127, 128, 129, 130, 131, 132]
s101a_plantc03.bmp					PS2: 128					MC: [124, 125, 126, 127, 128, 129, 130, 131, 132]
s101a_pot00.bmp					PS2: 128					MC: [124, 125, 126, 127, 128, 129, 130, 131, 132]
s101a_sofa00.bmp					PS2: 128					MC: [124, 125, 126, 127, 128, 129, 130, 131, 132]
s101a_soil_00_rep.bmp					PS2: 128					MC: [124, 125, 126, 127, 128, 129, 130, 131, 132]
s101a_step_wall00.bmp					PS2: 128					MC: [124, 125, 126, 127, 128, 129, 130, 131, 132]
s101a_table02.bmp					PS2: 128					MC: [116, 117, 118, 119, 120, 121, 122, 123, 124, 125, 126, 127, 128, 129, 130, 131, 132, 133, 134, 135, 136, 137, 138, 139, 140, 141]
s101a_table02c.bmp					PS2: 128					MC: [124, 125, 126, 127, 128, 129, 130, 131, 132]
s101a_tablec_cast00.bmp					PS2: 128					MC: [124, 125, 126, 127, 128, 129, 130, 131, 132]
s101a_wall_grass00.bmp					PS2: 128					MC: [124, 125, 126, 127, 128, 129, 130, 131, 132]
s101a_wall_tile00.bmp					PS2: 128					MC: [124, 125, 126, 127, 128, 129, 130, 131, 132]
s101a_water00.bmp					PS2: 128					MC: [124, 125, 126, 127, 128, 129, 130, 131, 132]
s111a_bed_01.bmp					PS2: 128					MC: [124, 125, 126, 127, 128, 129, 130, 131, 132]
s111a_bed_02.bmp					PS2: 128					MC: [124, 125, 126, 127, 128, 129, 130, 131, 132]
s111a_bed_04.bmp					PS2: 128					MC: [124, 125, 126, 127, 128, 129, 130, 131, 132]
s111a_door_01.bmp					PS2: 128					MC: [124, 125, 126, 127, 128, 129, 130, 131, 132]
s111a_door_04.bmp					PS2: 128					MC: [124, 125, 126, 127, 128, 129, 130, 131, 132]
s111a_room_hako_01.bmp_935e8932457967b8bd4d4d6c213db507					PS2: 128					MC: [124, 125, 126, 127, 128, 129, 130, 131, 132]
s111a_room_meca_01.bmp					PS2: 128					MC: [124, 125, 126, 127, 128, 129, 130, 131, 132]
s111a_toilet_04.bmp					PS2: 128					MC: [124, 125, 126, 127, 128, 129, 130, 131, 132]
s111a_wall_01.bmp					PS2: 128					MC: [124, 125, 126, 127, 128, 129, 130, 131, 132]
s111a_wall_03.bmp					PS2: 128					MC: [124, 125, 126, 127, 128, 129, 130, 131, 132]
s112a_cell_dai_02.bmp					PS2: 128					MC: [124, 125, 126, 127, 128, 129, 130, 131, 132]
s112a_cell_ironbars_01.bmp					PS2: 128					MC: [124, 125, 126, 127, 128, 129, 130, 131, 132]
s112a_cell_ironbars_02.bmp					PS2: 128					MC: [124, 125, 126, 127, 128, 129, 130, 131, 132]
s112a_cell_ironbars_03.bmp					PS2: 128					MC: [124, 125, 126, 127, 128, 129, 130, 131, 132]
s112a_cell_ironbars_06.bmp					PS2: 128					MC: [124, 125, 126, 127, 128, 129, 130, 131, 132]
s112a_cell_ironbars_07.bmp					PS2: 128					MC: [124, 125, 126, 127, 128, 129, 130, 131, 132]
s112a_cell_ironbars_08.bmp					PS2: 128					MC: [124, 125, 126, 127, 128, 129, 130, 131, 132]
s112a_cell_wall_01.bmp					PS2: 128					MC: [124, 125, 126, 127, 128, 129, 130, 131, 132]
s112a_cor_floor_02.bmp					PS2: 128					MC: [124, 125, 126, 127, 128, 129, 130, 131, 132]
s112a_cor_floor_03.bmp					PS2: 128					MC: [124, 125, 126, 127, 128, 129, 130, 131, 132]
s112a_cor_floor_05.bmp					PS2: 128					MC: [124, 125, 126, 127, 128, 129, 130, 131, 132]
s112a_cor_floor_07.bmp					PS2: 128					MC: [124, 125, 126, 127, 128, 129, 130, 131, 132]
s112a_goumon_floor_01.bmp					PS2: 128					MC: [124, 125, 126, 127, 128, 129, 130, 131, 132]
s112a_goumon_meca_09.bmp					PS2: 128					MC: [124, 125, 126, 127, 128, 129, 130, 131, 132]
s112a_goumon_rail_02.bmp					PS2: 128					MC: [124, 125, 126, 127, 128, 129, 130, 131, 132]
s112a_goumon_wall_01.bmp					PS2: 128					MC: [124, 125, 126, 127, 128, 129, 130, 131, 132]
s112a_kanshi_wall_01_rep.bmp					PS2: 128					MC: [124, 125, 126, 127, 128, 129, 130, 131, 132]
s112a_room_desk_02.bmp					PS2: 128					MC: [124, 125, 126, 127, 128, 129, 130, 131, 132]
s112a_room_desk_04.bmp					PS2: 128					MC: [124, 125, 126, 127, 128, 129, 130, 131, 132]
s112a_senmen_03.bmp					PS2: 128					MC: [124, 125, 126, 127, 128, 129, 130, 131, 132]
s112a_slide_door_01.bmp					PS2: 128					MC: [124, 125, 126, 127, 128, 129, 130, 131, 132]
s112a_toilet_paper_01.bmp					PS2: 128					MC: [124, 125, 126, 127, 128, 129, 130, 131, 132]
s112a_wall_02.bmp					PS2: 128					MC: [124, 125, 126, 127, 128, 129, 130, 131, 132]
s113a_cfloor00_rep.bmp					PS2: 128					MC: [124, 125, 126, 127, 128, 129, 130, 131, 132]
s113a_dkt00a.bmp					PS2: 128					MC: [124, 125, 126, 127, 128, 129, 130, 131, 132]
s113a_dkt00b.bmp					PS2: 128					MC: [124, 125, 126, 127, 128, 129, 130, 131, 132]
s113a_floor_01.bmp					PS2: 128					MC: [124, 125, 126, 127, 128, 129, 130, 131, 132]
s113a_s092adkn00.bmp					PS2: 128					MC: [124, 125, 126, 127, 128, 129, 130, 131, 132]
s113a_sk01a.bmp					PS2: 128					MC: [124, 125, 126, 127, 128, 129, 130, 131, 132]
s113a_sk01b.bmp					PS2: 128					MC: [124, 125, 126, 127, 128, 129, 130, 131, 132]
s113a_wallrusty03a.bmp					PS2: 128					MC: [124, 125, 126, 127, 128, 129, 130, 131, 132]
s121a_door_01.bmp					PS2: 128					MC: [124, 125, 126, 127, 128, 129, 130, 131, 132]
s151a_wet_rock_a01_1_rep.bmp					PS2: 128					MC: [124, 125, 126, 127, 128, 129, 130, 131, 132]
s152a_fence_02.bmp					PS2: 128					MC: [124, 125, 126, 127, 128, 129, 130, 131, 132]
s152a_floor_03.bmp					PS2: 128					MC: [124, 125, 126, 127, 128, 129, 130, 131, 132]
s152a_light_04.bmp					PS2: 128					MC: [124, 125, 126, 127, 128, 129, 130, 131, 132]
s152a_rocksfc_a01_rep.bmp					PS2: 128					MC: [124, 125, 126, 127, 128, 129, 130, 131, 132]
s152a_rocksfc_a03_rep.bmp					PS2: 128					MC: [124, 125, 126, 127, 128, 129, 130, 131, 132]
s152a_room_floor_01.bmp					PS2: 128					MC: [124, 125, 126, 127, 128, 129, 130, 131, 132]
s152a_room_pipe_01_rep.bmp					PS2: 128					MC: [124, 125, 126, 127, 128, 129, 130, 131, 132]
s152a_room_wall_02.bmp					PS2: 128					MC: [124, 125, 126, 127, 128, 129, 130, 131, 132]
s152a_wall_03.bmp					PS2: 128					MC: [124, 125, 126, 127, 128, 129, 130, 131, 132]
s161a_dram_01.bmp_002c882cb5e0df927fa5bac2c4b816c9					PS2: 128					MC: [124, 125, 126, 127, 128, 129, 130, 131, 132]
s161a_flbrk00a.bmp					PS2: 128					MC: [124, 125, 126, 127, 128, 129, 130, 131, 132]
s171a_mo_box_01.bmp_899d285bfe6e63261f49f7d97a18438a					PS2: 128					MC: [124, 125, 126, 127, 128, 129, 130, 131, 132]
s171a_mo_bridge_rep_01.bmp					PS2: 128					MC: [124, 125, 126, 127, 128, 129, 130, 131, 132]
s171a_mo_grd_rep_01.bmp					PS2: 128					MC: [124, 125, 126, 127, 128, 129, 130, 131, 132]
s171a_mo_pillar_04.bmp					PS2: 128					MC: [124, 125, 126, 127, 128, 129, 130, 131, 132]
s171a_mo_pillar_rep_01.bmp					PS2: 128					MC: [124, 125, 126, 127, 128, 129, 130, 131, 132]
s171a_mo_wall_rep_03.bmp					PS2: 128					MC: [124, 125, 126, 127, 128, 129, 130, 131, 132]
s181a_flr_rep01.bmp					PS2: 128					MC: [124, 125, 126, 127, 128, 129, 130, 131, 132]
s181a_jimen_a01_rep.bmp					PS2: 128					MC: [124, 125, 126, 127, 128, 129, 130, 131, 132]
s181a_jimen_a04_rep.bmp					PS2: 128					MC: [124, 125, 126, 127, 128, 129, 130, 131, 132]
s181a_mt_rep01.bmp					PS2: 128					MC: [124, 125, 126, 127, 128, 129, 130, 131, 132]
s181a_snow_a01_alp_ovl_rep.bmp					PS2: 128					MC: [124, 125, 126, 127, 128, 129, 130, 131, 132]
s183a_rocksfc_b01_rep.bmp					PS2: 128					MC: [124, 125, 126, 127, 128, 129, 130, 131, 132]
s201a_deadtree1_rep_mip8000.bmp					PS2: 128					MC: [124, 125, 126, 127, 128, 129, 130, 131, 132]
s221a_books_00.bmp					PS2: 128					MC: [124, 125, 126, 127, 128, 129, 130, 131, 132]
s221a_carpet_00.bmp					PS2: 128					MC: [124, 125, 126, 127, 128, 129, 130, 131, 132]
s221a_fireplace_00.bmp					PS2: 128					MC: [124, 125, 126, 127, 128, 129, 130, 131, 132]
s221a_stove_01.bmp					PS2: 128					MC: [124, 125, 126, 127, 128, 129, 130, 131, 132]
s222a_door_nob01.bmp					PS2: 128					MC: [124, 125, 126, 127, 128, 129, 130, 131, 132]
s222a_room_dai_01.bmp					PS2: 128					MC: [124, 125, 126, 127, 128, 129, 130, 131, 132]
s222a_room_dai_02.bmp					PS2: 128					MC: [124, 125, 126, 127, 128, 129, 130, 131, 132]
s222a_room_dai_03.bmp					PS2: 128					MC: [124, 125, 126, 127, 128, 129, 130, 131, 132]
s222a_room_desk_komono_04.bmp					PS2: 128					MC: [124, 125, 126, 127, 128, 129, 130, 131, 132]
s222a_room_desk_komono_05.bmp					PS2: 128					MC: [124, 125, 126, 127, 128, 129, 130, 131, 132]
s222a_room_door_02.bmp					PS2: 128					MC: [124, 125, 126, 127, 128, 129, 130, 131, 132]
s222a_room_floor_01_rep.bmp					PS2: 128					MC: [124, 125, 126, 127, 128, 129, 130, 131, 132]
s222a_room_hondana_06.bmp					PS2: 128					MC: [124, 125, 126, 127, 128, 129, 130, 131, 132]
s222a_room_isu_01.bmp					PS2: 128					MC: [124, 125, 126, 127, 128, 129, 130, 131, 132]
s222a_room_isu_03.bmp					PS2: 128					MC: [124, 125, 126, 127, 128, 129, 130, 131, 132]
s222a_room_isu_05.bmp					PS2: 128					MC: [124, 125, 126, 127, 128, 129, 130, 131, 132]
s222a_room_isu_06.bmp					PS2: 128					MC: [124, 125, 126, 127, 128, 129, 130, 131, 132]
s222a_room_isu_07.bmp					PS2: 128					MC: [124, 125, 126, 127, 128, 129, 130, 131, 132]
s222a_room_isu_08.bmp					PS2: 128					MC: [124, 125, 126, 127, 128, 129, 130, 131, 132]
s222a_room_lamp_01.bmp					PS2: 128					MC: [124, 125, 126, 127, 128, 129, 130, 131, 132]
s222a_room_light_03.bmp					PS2: 128					MC: [124, 125, 126, 127, 128, 129, 130, 131, 132]
s222a_room_tans_02.bmp					PS2: 128					MC: [124, 125, 126, 127, 128, 129, 130, 131, 132]
s222a_room_wall_01_rep.bmp					PS2: 128					MC: [124, 125, 126, 127, 128, 129, 130, 131, 132]
s222a_room_wall_02_rep.bmp					PS2: 128					MC: [124, 125, 126, 127, 128, 129, 130, 131, 132]
s22a_mog_box_01.bmp					PS2: 128					MC: [124, 125, 126, 127, 128, 129, 130, 131, 132]
s22a_mog_obj_01.bmp					PS2: 128					MC: [124, 125, 126, 127, 128, 129, 130, 131, 132]
s22a_mog_obj_02.bmp					PS2: 128					MC: [124, 125, 126, 127, 128, 129, 130, 131, 132]
s22a_mog_obj_03.bmp					PS2: 128					MC: [124, 125, 126, 127, 128, 129, 130, 131, 132]
s22a_mog_obj_05.bmp					PS2: 128					MC: [124, 125, 126, 127, 128, 129, 130, 131, 132]
s22a_mog_obj_06.bmp					PS2: 128					MC: [124, 125, 126, 127, 128, 129, 130, 131, 132]
s22a_mog_obj_07.bmp					PS2: 128					MC: [124, 125, 126, 127, 128, 129, 130, 131, 132]
s22a_mog_obj_09.bmp					PS2: 128					MC: [124, 125, 126, 127, 128, 129, 130, 131, 132]
s22a_mog_obj_25.bmp					PS2: 128					MC: [127, 128, 129]
s22a_mog_obj_28.bmp					PS2: 128					MC: [85, 101, 122, 125, 128]
s71a_kinokatamari_a02_rep.bmp					PS2: 128					MC: [124, 125, 126, 127, 128, 129, 130, 131, 132]
s71a_wall_a01_rep_alp_ovl.bmp					PS2: 128					MC: [124, 125, 126, 127, 128, 129, 130, 131, 132]
s71a_wall_a02_rep.bmp					PS2: 128					MC: [124, 125, 126, 127, 128, 129, 130, 131, 132]
s74a_door00.bmp					PS2: 128					MC: [124, 125, 126, 127, 128, 129, 130, 131, 132]
saa_stock.bmp					PS2: 128					MC: [124, 125, 126, 127, 128, 129, 130, 131, 132]
saa_stock_side.bmp					PS2: 128					MC: [124, 125, 126, 127, 128, 129, 130, 131, 132]
sdbodybc.bmp					PS2: 128					MC: [124, 125, 126, 127, 128, 129, 130, 131, 132]
sdfushiro.bmp					PS2: 128					MC: [124, 125, 126, 127, 128, 129, 130, 131, 132]
sdfyokosoto.bmp					PS2: 128					MC: [124, 125, 126, 127, 128, 129, 130, 131, 132]
sga_cigar01.bmp					PS2: 128					MC: [124, 125, 126, 127, 128, 129, 130, 131, 132]
shago_drill.bmp_28faebf0b34037be547ba7a3f2fb76d1					PS2: 128					MC: [124, 125, 126, 127, 128, 129, 130, 131, 132]
sky_d1_cone64.bmp					PS2: 128					MC: [98, 112, 121, 123, 128, 138, 141, 149, 152, 155]
sna_def_olive.bmp_250c64d61d6d43eebe785ba570084310					PS2: 128					MC: [0]
sna_snif_def.bmp					PS2: 128					MC: [124, 125, 126, 127, 128, 129, 130, 131, 132]
sna_vinyl_bos_hand.bmp					PS2: 128					MC: [124, 125, 126, 127, 128, 129, 130, 131, 132]
sofa_side.bmp					PS2: 128					MC: [124, 125, 126, 127, 128, 129, 130, 131, 132]
sofa_top.bmp					PS2: 128					MC: [124, 125, 126, 127, 128, 129, 130, 131, 132]
sofa_under.bmp					PS2: 128					MC: [124, 125, 126, 127, 128, 129, 130, 131, 132]
sokuseki_ramen_01.bmp					PS2: 128					MC: [124, 125, 126, 127, 128, 129, 130, 131, 132]
storehouse_boxb02top.bmp_5cda35273604474644562ccc18a700ee					PS2: 128					MC: [124, 125, 126, 127, 128, 129, 130, 131, 132]
storehouse_ceiling01.bmp					PS2: 128					MC: [124, 125, 126, 127, 128, 129, 130, 131, 132]
storehouse_kan00.bmp					PS2: 128					MC: [105]
storehouse_pillar01.bmp					PS2: 128					MC: [124, 125, 126, 127, 128, 129, 130, 131, 132]
svknf_grip.bmp					PS2: 128					MC: [124, 125, 126, 127, 128, 129, 130, 131, 132]
tablewood_top_256.bmp					PS2: 128					MC: [124, 125, 126, 127, 128, 129, 130, 131, 132]
taki_iwanohyoumen_07_2_rep.bmp_4c306fbc0612bd3c1a022dbc47d91989					PS2: 128					MC: [124, 125, 126, 127, 128, 129, 130, 131, 132]
taki_tree_b02_rp.bmp					PS2: 128					MC: [124, 125, 126, 127, 128, 129, 130, 131, 132]
tiger_a00.bmp					PS2: 128					MC: [124, 125, 126, 127, 128, 129, 130, 131, 132]
tntbomb_tex.bmp					PS2: 128					MC: [124, 125, 126, 127, 128, 129, 130, 131, 132]
tntigni_tex.bmp					PS2: 128					MC: [124, 125, 126, 127, 128, 129, 130, 131, 132]
torch_cloth.bmp					PS2: 128					MC: [124, 125, 126, 127, 128, 129, 130, 131, 132]
torch_kai.bmp					PS2: 128					MC: [124, 125, 126, 127, 128, 129, 130, 131, 132]
torch_wire.bmp					PS2: 128					MC: [124, 125, 126, 127, 128, 129, 130, 131, 132]
trap2.bmp					PS2: 128					MC: [118, 123, 128, 132, 137, 138, 143, 147, 153, 160]
trap_hookrope_iron.bmp					PS2: 128					MC: [124, 125, 126, 127, 128, 129, 130, 131, 132]
trap_pendulum_large.bmp					PS2: 128					MC: [124, 125, 126, 127, 128, 129, 130, 131, 132]
v006a_temptex1_rep.bmp					PS2: 128					MC: [124, 125, 126, 127, 128, 129, 130, 131, 132]
v006a_tree13_alrep_mid_mip8000_rep.bmp					PS2: 128					MC: [124, 125, 126, 127, 128, 129, 130, 131, 132]
vbiyoku01.bmp					PS2: 128					MC: [124, 125, 126, 127, 128, 129, 130, 131, 132]
vtol010.bmp					PS2: 128					MC: [124, 125, 126, 127, 128, 129, 130, 131, 132]
vva_a.bmp					PS2: 128					MC: [124, 125, 126, 127, 128, 129, 130, 131, 132]
vva_b.bmp_ba723258d9bb183f072193c17df4f8b1					PS2: 128					MC: [124, 125, 126, 127, 128, 129, 130, 131, 132]
vva_e.bmp					PS2: 128					MC: [124, 125, 126, 127, 128, 129, 130, 131, 132]
vz61_l_site.bmp					PS2: 128					MC: [124, 125, 126, 127, 128, 129, 130, 131, 132]
vz61mtex.bmp					PS2: 128					MC: [124, 125, 126, 127, 128, 129, 130, 131, 132]
w121a_mecha_01.bmp					PS2: 128					MC: [124, 125, 126, 127, 128, 129, 130, 131, 132]
w122a_mecha_06.bmp					PS2: 128					MC: [124, 125, 126, 127, 128, 129, 130, 131, 132]
w122a_mecha_08.bmp					PS2: 128					MC: [124, 125, 126, 127, 128, 129, 130, 131, 132]
w122a_mecha_14.bmp					PS2: 128					MC: [124, 125, 126, 127, 128, 129, 130, 131, 132]
w122a_mecha_18.bmp					PS2: 128					MC: [124, 125, 126, 127, 128, 129, 130, 131, 132]
w122a_mecha_23.bmp					PS2: 128					MC: [124, 125, 126, 127, 128, 129, 130, 131, 132]
w122a_mecha_25.bmp					PS2: 128					MC: [124, 125, 126, 127, 128, 129, 130, 131, 132]
w12b1_pipe_08.bmp					PS2: 128					MC: [124, 125, 126, 127, 128, 129, 130, 131, 132]
w12b1_pipe_dodai_06.bmp_fcb55562e23327cbfc931647af728ded					PS2: 128					MC: [124, 125, 126, 127, 128, 129, 130, 131, 132]
weap_b.bmp					PS2: 128					MC: [124, 125, 126, 127, 128, 129, 130, 131, 132]
wighad01.bmp					PS2: 128					MC: [124, 125, 126, 127, 128, 129, 130, 131, 132]
wor_suspend_leg.bmp					PS2: 128					MC: [111, 112, 119, 121, 124, 125, 127, 128, 131, 133, 136, 137, 139, 142, 145, 146]
zu_23_01tex.bmp					PS2: 128					MC: [124, 125, 126, 127, 128, 129, 130, 131, 132]
zu_23_amo.bmp					PS2: 128					MC: [124, 125, 126, 127, 128, 129, 130, 131, 132]
zu_23_base.bmp					PS2: 128					MC: [124, 125, 126, 127, 128, 129, 130, 131, 132]
zu_23_body.bmp					PS2: 128					MC: [124, 125, 126, 127, 128, 129, 130, 131, 132]
zu_23_box.bmp					PS2: 128					MC: [124, 125, 126, 127, 128, 129, 130, 131, 132]
zu_23_handle.bmp					PS2: 128					MC: [124, 125, 126, 127, 128, 129, 130, 131, 132]
zu_23_sidebig.bmp					PS2: 128					MC: [124, 125, 126, 127, 128, 129, 130, 131, 132]

===== GROUP 2 - Two Alpha Values (Mismatch) (Count: 192) =====
0000021b					PS2: [0, 128]					MC: [0, 1, 19, 20, 26, 27, 28, 51, 52, 53, 57, 114, 115, 116, 119, 127, 128]
00031504					PS2: [0, 128]					MC: [0, 1, 19, 20, 26, 27, 28, 51, 52, 53, 57, 114, 115, 116, 119, 127, 128]
0003a514					PS2: [0, 128]					MC: [0, 1, 19, 20, 26, 27, 28, 51, 52, 53, 57, 114, 115, 116, 119, 127, 128]
0006afc6					PS2: [0, 128]					MC: [0, 20, 21, 22, 38, 39, 96, 97, 98, 105, 106, 113, 114, 115, 131, 132, 136, 137]
00089f76					PS2: [0, 128]					MC: [0, 1, 19, 20, 26, 27, 28, 51, 52, 53, 57, 114, 115, 116, 119, 127, 128]
0010b399					PS2: [0, 128]					MC: [0, 127, 128, 129]
001248b2					PS2: [0, 128]					MC: [0, 126, 127, 128]
00178752					PS2: [0, 128]					MC: [0, 126, 127, 128]
00186029					PS2: [0, 128]					MC: [0, 1, 19, 20, 26, 27, 28, 51, 52, 53, 57, 114, 115, 116, 119, 127, 128]
001b662b					PS2: [0, 128]					MC: [0, 8, 9, 19, 20, 21, 23, 26, 27, 80, 81, 82, 83, 86, 87, 88, 91, 92, 108, 109, 126, 127, 128]
00266501					PS2: [0, 128]					MC: [0, 1, 19, 20, 26, 27, 28, 51, 52, 53, 57, 114, 115, 116, 119, 127, 128]
002855a1					PS2: [0, 128]					MC: [0, 1, 2, 3, 5, 7, 9, 10, 154]
002a44f7					PS2: [0, 128]					MC: [0, 1, 19, 20, 26, 27, 28, 51, 52, 53, 57, 114, 115, 116, 119, 127, 128]
002cf5d4					PS2: [0, 128]					MC: [0, 146]
002cf5dc					PS2: [0, 128]					MC: [0, 153]
002cf5e4					PS2: [0, 128]					MC: [0, 146]
002cf5ec					PS2: [0, 128]					MC: [0, 146]
002cf5f4					PS2: [0, 128]					MC: [0, 146]
002cf604					PS2: [0, 128]					MC: [0, 146]
002cf605					PS2: [0, 128]					MC: [0, 146]
002cf60c					PS2: [0, 128]					MC: [0, 146]
002cf6fc					PS2: [0, 128]					MC: [0, 146]
002cf71c					PS2: [0, 128]					MC: [0, 146]
002d6022					PS2: [0, 128]					MC: [0, 19, 20, 21, 50, 51, 52, 56, 113, 114, 115, 116, 119, 127, 128]
002fd5df					PS2: [0, 128]					MC: [0, 127, 128]
002fd5df_93e6fbc8e11d669b422a93b924301636					PS2: [0, 128]					MC: [0, 127, 128]
0032c4c8					PS2: [0, 128]					MC: [0, 1, 19, 20, 26, 27, 28, 51, 52, 53, 57, 114, 115, 116, 119, 127, 128]
0032e340					PS2: [0, 128]					MC: [0, 146]
0033b530					PS2: [0, 128]					MC: [0, 1, 19, 20, 26, 27, 28, 51, 52, 53, 57, 114, 115, 116, 119, 127, 128]
0034ca32					PS2: [0, 128]					MC: [0, 19, 20, 21, 50, 51, 52, 56, 113, 114, 115, 116, 119, 127, 128]
0035ce0b					PS2: [0, 128]					MC: [0, 1, 19, 20, 26, 27, 28, 51, 52, 53, 57, 114, 115, 116, 119, 127, 128]
0036bd68					PS2: [0, 128]					MC: [0, 1, 19, 20, 26, 27, 28, 51, 52, 53, 57, 114, 115, 116, 119, 127, 128]
003807d3					PS2: [0, 128]					MC: [0, 1, 19, 20, 26, 27, 28, 51, 52, 53, 57, 114, 115, 116, 119, 127, 128]
003a0253					PS2: [0, 128]					MC: [0, 1, 19, 20, 26, 27, 28, 51, 52, 53, 57, 114, 115, 116, 119, 127, 128]
003abe0b					PS2: [0, 128]					MC: [0, 19, 20, 21, 50, 51, 52, 56, 113, 114, 115, 116, 119, 127, 128]
003f1510					PS2: [0, 128]					MC: [0, 1, 19, 20, 26, 27, 28, 51, 52, 53, 57, 114, 115, 116, 119, 127, 128]
003fa520					PS2: [0, 128]					MC: [0, 1, 19, 20, 26, 27, 28, 51, 52, 53, 57, 114, 115, 116, 119, 127, 128]
004244b2					PS2: [0, 128]					MC: [0, 1, 19, 20, 26, 27, 28, 51, 52, 53, 57, 114, 115, 116, 119, 127, 128]
00429728					PS2: [0, 128]					MC: [0, 19, 20, 21, 50, 51, 52, 56, 113, 114, 115, 116, 119, 127, 128]
00447c28					PS2: [0, 128]					MC: [0, 1, 19, 20, 26, 27, 28, 51, 52, 53, 57, 114, 115, 116, 119, 127, 128]
0044df5c					PS2: [0, 128]					MC: [0, 19, 20, 21, 50, 51, 52, 56, 113, 114, 115, 116, 119, 127, 128]
0044f17c					PS2: [0, 128]					MC: [0, 19, 20, 21, 50, 51, 52, 56, 113, 114, 115, 116, 119, 127, 128]
0047048a					PS2: [0, 128]					MC: [0, 1, 19, 20, 26, 27, 28, 51, 52, 53, 57, 114, 115, 116, 119, 127, 128]
00488d27					PS2: [0, 128]					MC: [0, 1, 19, 20, 26, 27, 28, 51, 52, 53, 57, 114, 115, 116, 119, 127, 128]
004aaff4					PS2: [0, 128]					MC: [0, 126, 127, 128]
004ad4bc					PS2: [0, 128]					MC: [0, 18, 19, 20, 49, 50, 51, 52, 56, 112, 113, 114, 115, 116, 119, 125, 126, 127, 128]
004ca501					PS2: [0, 128]					MC: [0, 1, 19, 20, 26, 27, 28, 51, 52, 53, 57, 114, 115, 116, 119, 127, 128]
0051f158					PS2: [0, 128]					MC: [0, 1, 19, 20, 26, 27, 28, 51, 52, 53, 57, 114, 115, 116, 119, 127, 128]
005204ba					PS2: [0, 128]					MC: [0, 127, 128]
0054f60c					PS2: [0, 128]					MC: [0, 138]
005764f7					PS2: [0, 128]					MC: [0, 1, 19, 20, 26, 27, 28, 51, 52, 53, 57, 114, 115, 116, 119, 127, 128]
00579fa7					PS2: [0, 128]					MC: [0, 19, 20, 21, 50, 51, 52, 56, 113, 114, 115, 116, 119, 127, 128]
005b44ed					PS2: [0, 128]					MC: [0, 1, 19, 20, 26, 27, 28, 51, 52, 53, 57, 114, 115, 116, 119, 127, 128]
005feda9					PS2: [0, 128]					MC: [0, 1, 18, 19, 20, 25, 26, 27, 28, 50, 51, 52, 53, 54, 57, 113, 114, 115, 116, 118, 119, 125, 126, 127, 128]
0066ce01					PS2: [0, 128]					MC: [0, 1, 19, 20, 26, 27, 28, 51, 52, 53, 57, 114, 115, 116, 119, 127, 128]
0067605a					PS2: [0, 128]					MC: [0, 19, 20, 21, 50, 51, 52, 56, 113, 114, 115, 116, 119, 127, 128]
0067bd5e					PS2: [0, 128]					MC: [0, 1, 19, 20, 26, 27, 28, 51, 52, 53, 57, 114, 115, 116, 119, 127, 128]
006907c9					PS2: [0, 128]					MC: [0, 1, 19, 20, 26, 27, 28, 51, 52, 53, 57, 114, 115, 116, 119, 127, 128]
006baff4					PS2: [0, 128]					MC: [0, 126, 127, 128]
006c64f0					PS2: [0, 128]					MC: [0, 19, 20, 21, 50, 51, 52, 56, 113, 114, 115, 116, 119, 127, 128]
006caff4					PS2: [0, 128]					MC: [0, 126, 127, 128]
006cf5d4					PS2: [0, 128]					MC: [0, 155]
006cf5ec					PS2: [0, 128]					MC: [0, 146]
006cf5f4					PS2: [0, 128]					MC: [0, 146]
006cf604					PS2: [0, 128]					MC: [0, 132]
006cf6dc					PS2: [0, 128]					MC: [0, 146]
006ec4d4					PS2: [0, 128]					MC: [0, 1, 19, 20, 26, 27, 28, 51, 52, 53, 57, 114, 115, 116, 119, 127, 128]
00701506					PS2: [0, 128]					MC: [0, 1, 19, 20, 26, 27, 28, 51, 52, 53, 57, 114, 115, 116, 119, 127, 128]
007044e6					PS2: [0, 128]					MC: [0, 19, 20, 21, 50, 51, 52, 56, 113, 114, 115, 116, 119, 127, 128]
0070a516					PS2: [0, 128]					MC: [0, 1, 19, 20, 26, 27, 28, 51, 52, 53, 57, 114, 115, 116, 119, 127, 128]
0078c9fe					PS2: [0, 128]					MC: [0, 1, 19, 20, 26, 27, 28, 51, 52, 53, 57, 114, 115, 116, 119, 127, 128]
007bcdfa					PS2: [0, 128]					MC: [0, 19, 20, 21, 50, 51, 52, 56, 113, 114, 115, 116, 119, 127, 128]
007cbd57					PS2: [0, 128]					MC: [0, 19, 20, 21, 50, 51, 52, 56, 113, 114, 115, 116, 119, 127, 128]
007e021f					PS2: [0, 128]					MC: [0, 1, 19, 20, 26, 27, 28, 51, 52, 53, 57, 114, 115, 116, 119, 127, 128]
007e07c2					PS2: [0, 128]					MC: [0, 19, 20, 21, 50, 51, 52, 56, 113, 114, 115, 116, 119, 127, 128]
007e44be					PS2: [0, 128]					MC: [0, 1, 19, 20, 26, 27, 28, 51, 52, 53, 57, 114, 115, 116, 119, 127, 128]
007ebdd7					PS2: [0, 128]					MC: [0, 1, 19, 20, 26, 27, 28, 51, 52, 53, 57, 114, 115, 116, 119, 127, 128]
007fdca5					PS2: [0, 128]					MC: [0, 126, 127, 128]
007fdca5_bc59118cc4ca795763c430049771b11e					PS2: [0, 128]					MC: [0, 126, 127, 128]
00807c34					PS2: [0, 128]					MC: [0, 1, 19, 20, 26, 27, 28, 51, 52, 53, 57, 114, 115, 116, 119, 127, 128]
00830496					PS2: [0, 128]					MC: [0, 1, 19, 20, 26, 27, 28, 51, 52, 53, 57, 114, 115, 116, 119, 127, 128]
00848d33					PS2: [0, 128]					MC: [0, 1, 19, 20, 26, 27, 28, 51, 52, 53, 57, 114, 115, 116, 119, 127, 128]
008514ff					PS2: [0, 128]					MC: [0, 1, 19, 20, 26, 27, 28, 51, 52, 53, 57, 114, 115, 116, 119, 127, 128]
0085a50f					PS2: [0, 128]					MC: [0, 19, 20, 21, 50, 51, 52, 56, 113, 114, 115, 116, 119, 127, 128]
008696f4					PS2: [0, 128]					MC: [0, 1, 19, 20, 26, 27, 28, 51, 52, 53, 57, 114, 115, 116, 119, 127, 128]
0088df28					PS2: [0, 128]					MC: [0, 1, 19, 20, 26, 27, 28, 51, 52, 53, 57, 114, 115, 116, 119, 127, 128]
0088f148					PS2: [0, 128]					MC: [0, 1, 19, 20, 26, 27, 28, 51, 52, 53, 57, 114, 115, 116, 119, 127, 128]
00896943					PS2: [0, 128]					MC: [0, 8, 16, 24, 32, 38, 40, 44, 46, 48, 53, 56, 58, 61, 64, 68, 72, 75, 76, 80, 83, 86, 88, 89, 90, 92, 93, 96, 98, 100, 102, 104, 105, 106, 107, 108, 110, 112, 113, 114, 115, 116, 117, 118, 120, 121, 122, 123, 124, 128]
008ed488					PS2: [0, 128]					MC: [0, 1, 18, 19, 20, 25, 26, 27, 50, 51, 52, 53, 57, 113, 114, 115, 116, 119, 125, 126, 127, 128]
008fe4a2					PS2: [0, 128]					MC: [0, 126, 127, 128]
00920bfe					PS2: [0, 128]					MC: [0, 127, 128]
00920bfe_19838aaf95614e645b864c4e8898359c					PS2: [0, 128]					MC: [0, 127, 128]
009b9f73					PS2: [0, 128]					MC: [0, 1, 18, 19, 20, 25, 26, 27, 50, 51, 52, 53, 57, 113, 114, 115, 116, 119, 125, 126, 127, 128]
009bedb5					PS2: [0, 128]					MC: [0, 1, 19, 20, 26, 27, 28, 51, 52, 53, 57, 114, 115, 116, 119, 127, 128]
009fc4ca					PS2: [0, 128]					MC: [0, 1, 19, 20, 26, 27, 28, 51, 52, 53, 57, 114, 115, 116, 119, 127, 128]
00a1e658					PS2: [0, 128]					MC: [0, 140]
00a28358					PS2: [0, 128]					MC: [0, 2, 3, 4, 6, 7, 8, 9, 10, 12, 14, 15, 16, 17, 18, 19, 20, 21, 22, 23, 24, 26, 27, 29, 30, 32, 33, 40, 41, 43, 44, 51, 53, 54, 58, 98, 99, 100, 101, 103, 110, 111, 112, 113, 114, 115, 116, 117, 118, 119, 120, 122, 123, 124, 125, 127, 128]
00a66528					PS2: [0, 128]					MC: [0, 19, 20, 21, 50, 51, 52, 56, 113, 114, 115, 116, 119, 127, 128]
00aa451e					PS2: [0, 128]					MC: [0, 19, 20, 21, 50, 51, 52, 56, 113, 114, 115, 116, 119, 127, 128]
00ab6026					PS2: [0, 128]					MC: [0, 1, 19, 20, 26, 27, 28, 51, 52, 53, 57, 114, 115, 116, 119, 127, 128]
00acf604					PS2: [0, 128]					MC: [0, 73, 88, 95, 96, 109, 128]
00af44b4					PS2: [0, 128]					MC: [0, 1, 19, 20, 26, 27, 28, 51, 52, 53, 57, 114, 115, 116, 119, 127, 128]
00b17c2a					PS2: [0, 128]					MC: [0, 1, 19, 20, 26, 27, 28, 51, 52, 53, 57, 114, 115, 116, 119, 127, 128]
00b4048c					PS2: [0, 128]					MC: [0, 1, 19, 20, 26, 27, 28, 51, 52, 53, 57, 114, 115, 116, 119, 127, 128]
00b4c4c3					PS2: [0, 128]					MC: [0, 19, 20, 21, 50, 51, 52, 56, 113, 114, 115, 116, 119, 127, 128]
00b4ca0a					PS2: [0, 128]					MC: [0, 1, 19, 20, 26, 27, 28, 51, 52, 53, 57, 114, 115, 116, 119, 127, 128]
00b58d29					PS2: [0, 128]					MC: [0, 1, 19, 20, 26, 27, 28, 51, 52, 53, 57, 114, 115, 116, 119, 127, 128]
00b5ce32					PS2: [0, 128]					MC: [0, 19, 20, 21, 50, 51, 52, 56, 113, 114, 115, 116, 119, 127, 128]
00b6bd8f					PS2: [0, 128]					MC: [0, 19, 20, 21, 50, 51, 52, 56, 113, 114, 115, 116, 119, 127, 128]
00b807fa					PS2: [0, 128]					MC: [0, 19, 20, 21, 50, 51, 52, 56, 113, 114, 115, 116, 119, 127, 128]
00b98532					PS2: [0, 128]					MC: [0, 1, 19, 20, 26, 27, 28, 51, 52, 53, 57, 114, 115, 116, 119, 127, 128]
00ba022b					PS2: [0, 128]					MC: [0, 1, 19, 20, 26, 27, 28, 51, 52, 53, 57, 114, 115, 116, 119, 127, 128]
00babde3					PS2: [0, 128]					MC: [0, 1, 19, 20, 26, 27, 28, 51, 52, 53, 57, 114, 115, 116, 119, 127, 128]
00bf1537					PS2: [0, 128]					MC: [0, 1, 19, 20, 26, 27, 28, 51, 52, 53, 57, 114, 115, 116, 119, 127, 128]
00bfa547					PS2: [0, 128]					MC: [0, 19, 20, 21, 50, 51, 52, 56, 113, 114, 115, 116, 119, 127, 128]
00c29700					PS2: [0, 128]					MC: [0, 1, 19, 20, 26, 27, 28, 51, 52, 53, 57, 114, 115, 116, 119, 127, 128]
00c444ad					PS2: [0, 128]					MC: [0, 19, 20, 21, 50, 51, 52, 56, 113, 114, 115, 116, 119, 127, 128]
00c4df34					PS2: [0, 128]					MC: [0, 1, 19, 20, 26, 27, 28, 51, 52, 53, 57, 114, 115, 116, 119, 127, 128]
00c4f154					PS2: [0, 128]					MC: [0, 1, 19, 20, 26, 27, 28, 51, 52, 53, 57, 114, 115, 116, 119, 127, 128]
00c507d6					PS2: [0, 128]					MC: [0, 1, 19, 20, 26, 27, 28, 51, 52, 53, 57, 114, 115, 116, 119, 127, 128]
00c67c23					PS2: [0, 128]					MC: [0, 19, 20, 21, 50, 51, 52, 56, 113, 114, 115, 116, 119, 127, 128]
00c90485					PS2: [0, 128]					MC: [0, 19, 20, 21, 50, 51, 52, 56, 113, 114, 115, 116, 119, 127, 128]
00ca8d22					PS2: [0, 128]					MC: [0, 19, 20, 21, 50, 51, 52, 56, 113, 114, 115, 116, 119, 127, 128]
00cad494					PS2: [0, 128]					MC: [0, 1, 19, 20, 26, 27, 28, 51, 52, 53, 57, 114, 115, 116, 119, 127, 128]
00ccedab					PS2: [0, 128]					MC: [0, 1, 19, 20, 26, 27, 28, 51, 52, 53, 57, 114, 115, 116, 119, 127, 128]
00d79f7f					PS2: [0, 128]					MC: [0, 1, 19, 20, 26, 27, 28, 51, 52, 53, 57, 114, 115, 116, 119, 127, 128]
00daf0be					PS2: [0, 128]					MC: [0, 127, 128, 129]
00e1eda4					PS2: [0, 128]					MC: [0, 19, 20, 21, 50, 51, 52, 56, 113, 114, 115, 116, 119, 127, 128]
00e5ca00					PS2: [0, 128]					MC: [0, 1, 19, 20, 26, 27, 28, 51, 52, 53, 57, 114, 115, 116, 119, 127, 128]
00e76032					PS2: [0, 128]					MC: [0, 1, 19, 20, 26, 27, 28, 51, 52, 53, 57, 114, 115, 116, 119, 127, 128]
00ea64f4					PS2: [0, 128]					MC: [0, 1, 19, 20, 26, 27, 28, 51, 52, 53, 57, 114, 115, 116, 119, 127, 128]
00eb0221					PS2: [0, 128]					MC: [0, 1, 19, 20, 26, 27, 28, 51, 52, 53, 57, 114, 115, 116, 119, 127, 128]
00ebbdd9					PS2: [0, 128]					MC: [0, 1, 19, 20, 26, 27, 28, 51, 52, 53, 57, 114, 115, 116, 119, 127, 128]
00ece892					PS2: [0, 128]					MC: [0, 146]
00ecf5d3					PS2: [0, 128]					MC: [0, 146]
00ecf5d4					PS2: [0, 128]					MC: [0, 146]
00ecf5e3					PS2: [0, 128]					MC: [0, 146]
00ecf5eb					PS2: [0, 128]					MC: [0, 146]
00ecf5f3					PS2: [0, 128]					MC: [0, 146]
00ecf5f4					PS2: [0, 128]					MC: [0, 146]
00ecf5fb					PS2: [0, 128]					MC: [0, 146]
00ecf613					PS2: [0, 128]					MC: [0, 146]
00ecf6fb					PS2: [0, 128]					MC: [0, 146]
00ecf7d3					PS2: [0, 128]					MC: [0, 146]
00ee44ea					PS2: [0, 128]					MC: [0, 1, 19, 20, 26, 27, 28, 51, 52, 53, 57, 114, 115, 116, 119, 127, 128]
00eec4fb					PS2: [0, 128]					MC: [0, 19, 20, 21, 50, 51, 52, 56, 113, 114, 115, 116, 119, 127, 128]
00f0a515					PS2: [0, 128]					MC: [0, 127, 128, 129]
00f396f6					PS2: [0, 128]					MC: [0, 1, 19, 20, 26, 27, 28, 51, 52, 53, 57, 114, 115, 116, 119, 127, 128]
00f5df2a					PS2: [0, 128]					MC: [0, 1, 19, 20, 26, 27, 28, 51, 52, 53, 57, 114, 115, 116, 119, 127, 128]
00f5f14a					PS2: [0, 128]					MC: [0, 1, 19, 20, 26, 27, 28, 51, 52, 53, 57, 114, 115, 116, 119, 127, 128]
00f9cdfe					PS2: [0, 128]					MC: [0, 1, 19, 20, 26, 27, 28, 51, 52, 53, 57, 114, 115, 116, 119, 127, 128]
00fabd5b					PS2: [0, 128]					MC: [0, 1, 19, 20, 26, 27, 28, 51, 52, 53, 57, 114, 115, 116, 119, 127, 128]
00fac9f9					PS2: [0, 128]					MC: [0, 19, 20, 21, 50, 51, 52, 56, 113, 114, 115, 116, 119, 127, 128]
00fbd48a					PS2: [0, 128]					MC: [0, 1, 19, 20, 26, 27, 28, 51, 52, 53, 57, 114, 115, 116, 119, 127, 128]
00fc07c6					PS2: [0, 128]					MC: [0, 1, 19, 20, 26, 27, 28, 51, 52, 53, 57, 114, 115, 116, 119, 127, 128]
00fe44e5					PS2: [0, 128]					MC: [0, 19, 20, 21, 50, 51, 52, 56, 113, 114, 115, 116, 119, 127, 128]
bos_rope_ovl_alp.bmp					PS2: [0, 128]					MC: [0, 1, 3, 6, 7, 130, 131, 132, 134, 135, 136, 138, 139, 140, 141, 142, 143, 144, 146]
bos_ss_end_sling_ovl_alp.bmp					PS2: [0, 128]					MC: [0, 1, 2, 4, 5, 6, 7, 8, 12, 13, 15, 16, 17, 18, 20, 21, 22, 23, 24, 25, 26, 28, 29, 30, 32, 33, 34, 35, 39, 40, 45, 50, 53, 56, 62, 67, 69, 74, 78, 79, 80, 84, 86, 91, 96, 98, 100, 108, 110, 111, 113, 114, 117, 119, 121, 122, 123, 124, 125, 126, 127, 128, 129, 130, 131, 132, 133, 134, 135, 136, 137, 138, 139, 140, 141, 142, 143, 144, 145, 146, 147, 148, 149, 150, 151, 152, 153, 154, 155, 156, 158, 159, 160, 161, 162, 167, 168, 169, 171]
e02b_sk01_alp.trans.bmp					PS2: [0, 128]					MC: [0, 1, 2, 3, 4, 5, 6, 7, 8, 9, 10, 11, 12, 13, 14, 15, 16, 17, 18, 19, 20, 21, 22, 23, 24, 25, 26, 27, 28, 29, 30, 31, 32, 33, 34, 35, 36, 37, 38, 39, 40, 41, 42, 43, 44, 45, 46, 47, 48, 49, 50, 51, 52, 53, 54, 55, 56, 57, 58, 59, 60, 61, 62, 63, 64, 65, 66, 68, 69, 70, 71, 72, 73, 74, 75, 76, 77, 78, 79, 80, 81, 82, 84, 85, 86, 87, 88, 89, 90, 91, 92, 93, 94, 95, 96, 97, 98, 99, 100, 101, 102, 103, 104, 105, 106, 107, 108, 109, 110, 111, 112, 113, 114, 115, 116, 117, 118, 119, 120, 121, 122, 123, 124, 125, 126, 127, 128, 129, 130, 131, 132, 133, 134, 135, 136, 137, 138, 139, 140, 141, 142, 143, 144, 148, 150]
ene_spe_body_belt_alp_ovl.bmp					PS2: [0, 128]					MC: [0, 1, 2, 3, 4, 5, 6, 7, 8, 9, 10, 11, 13, 17, 20, 21, 22, 24, 33, 35, 38, 40, 49, 50, 51, 52, 53, 54, 55, 56, 59, 60, 62, 63, 64, 65, 66, 67, 68, 69, 70, 71, 72, 73, 74, 78, 79, 80, 84, 85, 86, 105, 106, 107, 109, 110, 111, 112, 113, 114, 115, 116, 117, 118, 119, 120, 121, 122, 123, 124, 125, 126, 127, 128, 129, 130, 131, 132, 133, 134, 135, 136, 137, 138, 139, 140, 141, 142, 143, 144, 146, 148, 152, 154, 155]
operation_room_a_alp_ovl.bmp					PS2: [0, 128]					MC: [0, 1, 2, 3, 4, 5, 6, 7, 8, 9, 10, 11, 12, 13, 14, 15, 16, 17, 18, 19, 20, 21, 22, 23, 24, 25, 26, 33, 37, 39, 40, 42, 43, 44, 45, 46, 47, 48, 49, 50, 51, 52, 53, 54, 55, 57, 58, 61, 65, 66, 67, 68, 69, 70, 71, 72, 73, 74, 75, 76, 77, 78, 79, 80, 81, 82, 83, 84, 85, 86, 87, 90, 92, 93, 95, 96, 98, 99, 101, 102, 104, 105, 106, 107, 108, 109, 110, 111, 113, 114, 115, 116, 117, 118, 119, 120, 121, 122, 123, 124, 125, 126, 127, 128, 129, 130, 131, 132, 133, 134, 135, 136, 137, 138, 139, 140, 142, 143, 150]
petalb_alp_ovl.bmp					PS2: [0, 128]					MC: [0, 1, 2, 3, 4, 5, 6, 7, 8, 9, 10, 11, 12, 13, 14, 15, 16, 17, 18, 19, 20, 21, 22, 23, 24, 25, 26, 27, 28, 29, 30, 31, 32, 33, 34, 35, 36, 37, 38, 39, 40, 41, 42, 43, 44, 45, 46, 47, 48, 49, 50, 51, 52, 53, 54, 55, 56, 57, 58, 59, 60, 61, 62, 63, 64, 65, 66, 68, 69, 70, 71, 72, 73, 74, 75, 76, 77, 78, 79, 81, 82, 83, 85, 86, 88, 89, 90, 91, 92, 93, 94, 95, 96, 97, 98, 99, 100, 101, 102, 103, 104, 105, 106, 107, 108, 109, 110, 111, 112, 113, 114, 115, 116, 117, 118, 119, 120, 121, 122, 123, 124, 125, 126, 127, 128, 129, 130, 131, 132, 133, 134]
s006a_fence_ami_alp_ovl_rep.bmp					PS2: [0, 128]					MC: [7, 23, 30, 47, 58, 62, 63, 64, 65, 67, 69, 70, 71, 72, 73, 74, 76, 77, 86, 88, 90, 92, 93, 96, 99, 100, 102, 103, 104, 105, 106, 107, 110, 111, 112, 113, 114, 115, 116, 117, 118, 119, 120, 121, 122, 123, 124, 125, 126, 127, 128]
s006a_hatch_hinji_alp_ovl.bmp					PS2: [0, 128]					MC: [0, 1, 2, 3, 4, 5, 6, 7, 8, 9, 10, 11, 12, 13, 14, 16, 18, 19, 20, 24, 34, 37, 39, 40, 44, 49, 53, 61, 63, 64, 66, 67, 68, 70, 71, 75, 76, 78, 79, 80, 81, 82, 83, 85, 86, 87, 88, 89, 90, 91, 92, 93, 94, 95, 96, 97, 98, 99, 100, 101, 102, 103, 104, 105, 106, 107, 108, 109, 110, 112, 114, 115, 116, 117, 118, 119, 120, 121, 122, 123, 124, 125, 126, 127, 128, 129, 130, 131, 132, 133, 134, 135]
s022a_fence_alp_ovl_rep_01.bmp					PS2: [0, 128]					MC: [0, 1, 2, 3, 5, 6, 7, 8, 9, 10, 12, 14, 15, 18, 20, 24, 29, 32, 33, 37, 39, 42, 47, 50, 51, 52, 53, 55, 56, 58, 60, 62, 63, 64, 66, 69, 72, 77, 83, 84, 85, 86, 88, 89, 92, 95, 96, 101, 102, 104, 105, 107, 108, 109, 111, 112, 113, 116, 117, 118, 119, 121, 122, 123, 124, 125, 126, 127, 128, 129, 130, 131, 132, 135, 137, 141]
s041a_wall01_alp_ovl_rep.bmp					PS2: [0, 128]					MC: [0, 1, 2, 3, 4, 5, 6, 7, 8, 9, 11, 12, 14, 16, 18, 19, 21, 22, 23, 24, 25, 26, 27, 28, 29, 30, 31, 32, 33, 34, 36, 37, 38, 39, 40, 41, 42, 43, 44, 45, 46, 47, 48, 49, 50, 51, 53, 54, 55, 56, 57, 58, 59, 60, 61, 62, 63, 64, 65, 66, 67, 68, 69, 70, 71, 72, 73, 74, 75, 76, 79, 90, 104, 106, 107, 108, 109, 110, 111, 112, 114, 115, 116, 117, 118, 119, 120, 121, 122, 123, 124, 125, 126, 127, 128, 129, 130, 131, 132, 133, 134, 135, 136, 137, 138, 139, 140, 141, 142, 143, 144, 145, 146, 147, 148, 149, 150, 151, 152, 153, 154, 155, 156, 157, 158, 159, 160, 161, 162]
s042a_armory_caution00_alp_ovl.bmp					PS2: [0, 128]					MC: [0, 1, 2, 3, 4, 6, 10, 11, 12, 14, 17, 18, 19, 20, 21, 22, 23, 24, 25, 26, 27, 29, 30, 31, 33, 34, 35, 37, 39, 40, 44, 46, 47, 50, 51, 54, 56, 57, 58, 59, 61, 64, 69, 71, 72, 73, 76, 77, 86, 92, 93, 94, 98, 100, 101, 102, 103, 104, 110, 111, 112, 113, 114, 116, 117, 118, 119, 120, 121, 124, 127, 128, 129, 130, 131, 132, 133, 134, 135, 136]
s045a_fence_a_alp_ovl_new.bmp					PS2: [0, 128]					MC: [0, 1, 2, 3, 4, 5, 6, 7, 8, 9, 10, 11, 12, 13, 14, 15, 16, 17, 18, 19, 20, 21, 22, 23, 24, 25, 26, 27, 28, 29, 30, 31, 32, 34, 35, 36, 37, 39, 40, 41, 42, 44, 47, 48, 52, 54, 55, 68, 69, 78, 79, 89, 96, 102, 103, 108, 111, 112, 114, 115, 117, 120, 121, 123, 124, 125, 126]
s053a_vent_b00_alp_ovl.bmp					PS2: [0, 128]					MC: [0, 1, 3, 4, 5, 6, 7, 8, 9, 10, 11, 12, 15, 16, 18, 19, 20, 22, 23, 24, 25, 27, 30, 33, 35, 38, 39, 40, 42, 45, 48, 49, 50, 51, 54, 56, 57, 63, 64, 65, 66, 67, 71, 72, 74, 75, 76, 77, 81, 84, 90, 91, 92, 93, 94, 99, 100, 101, 103, 104, 106, 109, 112, 113, 118, 119, 120, 121, 122, 123, 124, 127, 128, 129, 130, 131, 132, 133, 134, 136]
s054a_paper_a00_alp_ovl.bmp					PS2: [0, 128]					MC: [0, 1, 3, 4, 5, 6, 7, 10, 11, 12, 14, 16, 17, 18, 19, 20, 22, 23, 24, 27, 28, 30, 33, 35, 36, 37, 38, 39, 40, 42, 43, 45, 47, 48, 49, 50, 51, 54, 55, 56, 57, 62, 64, 66, 67, 71, 75, 76, 77, 83, 84, 88, 90, 92, 93, 94, 95, 96, 99, 100, 101, 105, 107, 108, 109, 110, 111, 113, 117, 118, 119, 120, 121, 122, 123, 124, 127, 128, 129, 130, 131, 132, 133, 134, 136]
s054a_paperd_alp_ovl.bmp					PS2: [0, 128]					MC: [0, 1, 2, 4, 5, 6, 7, 8, 9, 10, 11, 12, 13, 14, 15, 16, 17, 18, 19, 20, 22, 23, 24, 25, 29, 30, 31, 34, 35, 36, 38, 39, 41, 43, 46, 48, 49, 50, 53, 56, 57, 61, 64, 65, 67, 68, 72, 74, 75, 77, 79, 83, 88, 89, 90, 91, 92, 93, 94, 95, 98, 99, 104, 105, 108, 109, 110, 111, 112, 115, 117, 118, 119, 120, 121, 122, 123, 124, 125, 126, 127, 128, 129, 130, 131, 132, 133, 134, 135, 137]
s075a_mog_wall_alp_ovl_08.bmp					PS2: [0, 128]					MC: [0, 1, 2, 3, 4, 5, 6, 7, 8, 9, 10, 11, 12, 13, 14, 15, 16, 17, 18, 19, 20, 24, 25, 28, 32, 33, 34, 42, 43, 50, 58, 65, 71, 72, 77, 82, 83, 87, 88, 92, 96, 100, 101, 103, 104, 106, 110, 112, 114, 115, 116, 117, 118, 120, 121, 122, 123, 124, 125, 126, 127, 128]
s091a_fence00_alp_ovl_rep.bmp_50ae5bce33bd98a74c3feb5a49ab340f					PS2: [0, 128]					MC: [0, 1, 2, 3, 4, 5, 6, 7, 8, 9, 10, 11, 12, 13, 14, 15, 16, 17, 18, 19, 20, 21, 22, 23, 24, 25, 26, 27, 28, 29, 30, 31, 32, 33, 34, 35, 36, 37, 38, 39, 40, 41, 42, 43, 44, 45, 46, 47, 48, 49, 50, 51, 52, 53, 54, 55, 56, 57, 58, 59, 60, 61, 62, 63, 64, 65, 66, 67, 68, 69, 70, 71, 72, 73, 74, 75, 76, 77, 78, 79, 80, 81, 82, 83, 84, 85, 86, 87, 88, 89, 90, 91, 92, 93, 94, 95, 96, 97, 98, 99, 100, 101, 102, 103, 104, 105, 106, 107, 108, 109, 110, 111, 112, 113, 114, 115, 116, 117, 118, 119, 120, 121, 122, 123, 124, 125, 126, 127, 128, 129, 130, 131, 132, 133, 134, 135, 136, 137, 138, 139, 140, 141, 142, 143, 144, 145, 146, 147, 148, 149, 150, 151, 153, 154, 165, 167]
s091a_fence00a_alp_ovl.bmp					PS2: [0, 128]					MC: [0, 1, 2, 3, 4, 5, 6, 8, 9, 10, 11, 12, 13, 14, 15, 17, 18, 20, 22, 23, 24, 26, 28, 29, 30, 31, 32, 33, 34, 35, 36, 37, 38, 39, 40, 41, 42, 43, 44, 45, 46, 47, 48, 49, 50, 51, 52, 53, 54, 55, 57, 61, 63, 64, 65, 66, 67, 68, 69, 70, 71, 72, 73, 74, 75, 76, 77, 78, 79, 80, 82, 83, 84, 85, 86, 87, 88, 89, 90, 91, 92, 93, 94, 97, 99, 101, 102, 103, 104, 108, 110, 111, 112, 114, 115, 116, 117, 118, 119, 120, 121, 122, 123, 124, 125, 126, 127, 128]
s091a_fencedoor00_alp.trans.bmp					PS2: [0, 128]					MC: [0, 1, 2, 3, 4, 5, 6, 7, 8, 9, 10, 11, 12, 13, 14, 15, 16, 17, 18, 19, 20, 21, 22, 23, 24, 25, 26, 27, 28, 29, 30, 31, 32, 33, 34, 35, 36, 37, 38, 39, 40, 41, 42, 43, 44, 45, 46, 47, 48, 49, 50, 51, 52, 53, 54, 55, 56, 57, 58, 59, 60, 61, 62, 63, 64, 65, 66, 67, 68, 69, 70, 71, 72, 73, 74, 75, 76, 77, 78, 79, 80, 81, 82, 83, 84, 85, 86, 87, 88, 89, 91, 92, 93, 94, 95, 96, 97, 98, 99, 101, 102, 103, 104, 105, 106, 107, 108, 109, 110, 111, 112, 113, 114, 115, 116, 117, 118, 119, 120, 121, 122, 123, 124, 125, 126, 127, 128, 134, 135, 137, 138, 139, 140, 141, 142, 143, 144, 145]
s091a_gate06_alp_ovl.bmp					PS2: [0, 128]					MC: [0, 1, 2, 3, 4, 5, 6, 7, 8, 9, 10, 11, 12, 13, 14, 15, 16, 17, 18, 19, 20, 21, 22, 23, 24, 25, 28, 29, 30, 31, 32, 33, 35, 36, 41, 43, 44, 45, 46, 47, 48, 49, 50, 51, 52, 53, 54, 55, 56, 58, 60, 62, 63, 64, 65, 66, 67, 68, 69, 70, 71, 72, 73, 74, 75, 76, 77, 78, 79, 80, 81, 82, 83, 84, 85, 86, 87, 88, 89, 90, 91, 92, 93, 96, 98, 100, 101, 102, 103, 104, 105, 106, 107, 108, 109, 110, 111, 112, 113, 114, 115, 116, 117, 118, 121, 122, 123, 124, 125, 126, 127, 128, 129, 130, 131, 132, 133, 137, 140, 142, 143, 144, 145, 146, 148, 149]
s091a_gate200_alp_ovl.bmp_884ef573f35f4873464c4393fe5f5292					PS2: [0, 128]					MC: [0, 1, 2, 3, 4, 5, 6, 7, 8, 9, 10, 107, 108, 109, 110, 111, 112, 116, 117, 118, 119, 120, 121, 122, 123, 124, 125, 126, 127, 128, 129, 130, 131, 132, 133, 134, 135, 136, 137, 138, 139, 140, 141, 142, 143, 145, 146, 147, 148, 149]
s091a_pnl05_alp_ovl.bmp					PS2: [0, 128]					MC: [0, 1, 2, 3, 96, 99, 101, 123, 124, 125, 126, 127, 128]
s091a_walldct00_alp_ovl.bmp					PS2: [0, 128]					MC: [0, 1, 2, 3, 4, 5, 6, 7, 8, 9, 10, 11, 12, 13, 14, 15, 16, 17, 18, 21, 22, 23, 24, 25, 26, 27, 28, 29, 39, 40, 43, 44, 46, 49, 50, 51, 52, 53, 54, 55, 56, 57, 59, 60, 61, 62, 63, 64, 65, 66, 67, 68, 69, 70, 71, 72, 73, 74, 75, 76, 78, 79, 81, 83, 85, 96, 97, 99, 100, 101, 111, 113, 114, 115, 116, 117, 118, 119, 120, 121, 122, 123, 124, 125, 126, 127, 128]
s111a_room_light_04_alp_ovl.bmp					PS2: [0, 128]					MC: [0, 1, 2, 3, 4, 5, 6, 7, 8, 9, 10, 11, 12, 13, 14, 15, 16, 17, 18, 19, 20, 21, 23, 24, 26, 27, 29, 32, 33, 36, 41, 64, 66, 67, 68, 70, 71, 72, 73, 128]
s112a_cell_tuuki_01_alp_ovl.bmp					PS2: [0, 128]					MC: [0, 1, 2, 3, 14, 15, 16, 42, 43, 45, 87, 88, 93, 102, 104, 105, 118, 119, 121, 122, 123, 124, 125, 126, 127, 128, 129, 130, 131, 132, 133, 134, 135, 136, 137, 138, 139, 140, 141, 142, 143, 144, 145, 146, 147, 148, 149, 150, 153, 154, 155, 156, 157, 158, 159, 160, 161, 162, 165, 167, 168, 169, 171, 172, 173, 174, 175]
s112a_hibi_01_alp_ovl.bmp					PS2: [0, 128]					MC: [128]
s112a_pos01_alp_ovl.bmp					PS2: [0, 128]					MC: [127, 128]
s122a_fence_alp_ovl_01.bmp					PS2: [0, 128]					MC: [0, 105]
s152a_fence_01_alp_ovl.bmp					PS2: [0, 128]					MC: [0, 1, 2, 3, 4, 5, 6, 7, 8, 9, 10, 11, 12, 13, 14, 15, 16, 17, 18, 19, 20, 21, 22, 23, 24, 25, 26, 27, 28, 29, 30, 31, 32, 33, 34, 35, 36, 37, 38, 39, 40, 41, 42, 43, 44, 45, 46, 47, 48, 50, 51, 52, 53, 54, 55, 56, 57, 58, 59, 60, 61, 62, 63, 64, 65, 66, 67, 68, 69, 70, 72, 73, 74, 77, 78, 80, 81, 82, 83, 84, 85, 86, 87, 88, 89, 90, 91, 92, 93, 94, 95, 96, 97, 98, 99, 100, 101, 102, 103, 104, 105, 106, 107, 108, 109, 110, 111, 112, 113, 114, 115, 116, 117, 118, 119, 120, 121, 122, 123, 124, 125, 126, 127, 128]
s171a_mo_fence_alp_ovl_rep_01.bmp					PS2: [0, 128]					MC: [0, 105]
s171a_mogi_fence_alp_ovl_rep_01.bmp					PS2: [0, 128]					MC: [0, 127, 128, 129]
s221a_photo01_alp_ovl.bmp					PS2: [0, 128]					MC: [0, 1, 2, 3, 8, 9, 10, 11, 15, 16, 120, 121, 123, 125, 126, 127, 128]
s222a_room_carpet_01_alp_ovl.bmp					PS2: [0, 128]					MC: [0, 1, 2, 3, 4, 13, 14, 22, 24, 25, 26, 27, 28, 29, 30, 31, 93, 94, 124, 125, 126, 127, 128, 129, 130, 131, 132, 133, 134, 135, 136, 137, 138, 140, 141, 142, 143, 145, 146, 147, 148, 149, 150, 151]
s222a_room_light_01_alp_ovl.bmp					PS2: [0, 128]					MC: [0, 1, 2, 3, 4, 5, 6, 7, 8, 9, 10, 11, 12, 13, 14, 15, 16, 17, 18, 19, 20, 21, 22, 23, 24, 25, 26, 27, 28, 29, 30, 31, 32, 33, 34, 35, 36, 37, 38, 39, 40, 41, 42, 43, 44, 45, 46, 47, 48, 49, 50, 51, 52, 53, 54, 55, 56, 57, 58, 59, 60, 61, 62, 63, 64, 65, 66, 67, 68, 70, 71, 72, 73, 74, 75, 76, 77, 78, 79, 80, 81, 82, 83, 84, 85, 86, 87, 88, 89, 90, 91, 92, 93, 94, 95, 96, 97, 98, 99, 100, 101, 102, 103, 104, 105, 106, 107, 108, 109, 110, 111, 112, 113, 114, 115, 116, 117, 118, 119, 120, 121, 122, 123, 124, 125, 126, 127]
s22a_mog_obj_alp_ovl_15.bmp					PS2: [0, 128]					MC: [0, 1, 126, 127, 128]
s053a_sign_00_alp_ovl.bmp					PS2: [3, 128]					MC: [0, 1, 2, 3, 6, 7, 12, 16, 19, 20, 21, 24, 27, 28, 32, 37, 40, 41, 42, 47, 49, 53, 61, 63, 66, 68, 69, 70, 71, 72, 74, 75, 76, 77, 78, 84, 91, 92, 94, 95, 102, 103, 104, 105, 107, 125, 126, 127, 128, 129, 130, 131, 132, 134]

===== GROUP 3 - Complex Alpha Lists (Mismatch) (Count: 886) =====
0000719c					PS2: [0, 2, 5, 9, 13, 18, 22, 27, 31, 36, 44, 51, 60, 72, 79, 87]					MC: [0, 1, 2, 3, 4, 5, 6, 7, 8, 9, 10, 11, 12, 13, 14, 15, 16, 17, 18, 19, 20, 21, 22, 23, 24, 25, 26, 27, 28, 29, 30, 31, 32, 33, 34, 35, 36, 37, 38, 39, 40, 41, 42, 43, 44, 45, 46, 47, 48, 49, 50, 51, 52, 53, 54, 55, 56, 57, 58, 59, 60, 61, 62, 63, 64, 65, 66, 67, 68, 69, 70, 71, 72, 73, 74, 75, 76, 77, 78, 79, 80, 81, 82, 83, 84, 85, 86, 87, 88, 89, 90, 91, 92, 93, 94, 95, 96, 97, 98, 99, 100, 101, 102, 103, 104, 105, 106, 107, 108, 109, 110, 111, 112, 113, 116, 119]
0000c6fa					PS2: [0, 5, 16, 25, 33, 43, 52, 61, 69, 76, 83, 91, 100, 110, 118, 126]					MC: [0, 8, 9, 14, 15, 19, 20, 25, 26, 32, 33, 39, 40, 46, 47, 54, 55, 63, 64, 71, 72, 79, 80, 89, 90, 98, 99, 107, 108, 118, 127, 128]
00011816					PS2: [0, 4, 8, 17, 25, 34, 42, 51, 59, 67, 79, 93, 102, 110, 119, 128]					MC: [0, 9, 10, 14, 15, 20, 21, 27, 28, 35, 36, 42, 43, 51, 52, 59, 60, 68, 69, 77, 78, 87, 88, 97, 98, 107, 108, 117, 118, 128, 129]
0001435e					PS2: [0, 15, 38, 56, 67, 82, 97, 112, 120, 127, 128]					MC: [0, 9, 17, 26, 34, 43, 51, 60, 68, 77, 85, 94, 102, 111, 119, 128]
00014362					PS2: [0, 19, 32, 45, 62, 76, 95, 109, 112, 125, 126, 127, 128]					MC: [0, 9, 17, 26, 34, 43, 51, 60, 68, 77, 85, 94, 102, 111, 119, 128]
00014366					PS2: [0, 17, 31, 53, 65, 81, 96, 106, 119, 125, 126, 127, 128]					MC: [0, 9, 17, 26, 34, 43, 51, 60, 68, 77, 85, 94, 102, 111, 119, 128]
0001436a					PS2: [0, 16, 31, 44, 62, 75, 94, 96, 97, 107, 126, 127, 128]					MC: [0, 9, 17, 26, 34, 43, 51, 60, 68, 77, 85, 94, 102, 111, 119, 128]
000237d1					PS2: [0, 22, 23, 26, 56, 65, 75, 91, 109]					MC: [0, 1, 2, 3, 4, 5, 6, 10, 11, 12, 13, 14, 16, 22, 26, 27, 30, 35, 36, 37, 38, 39, 41, 42, 43, 48, 49, 50, 53, 57, 63, 64, 71, 76, 79, 81, 84, 86, 87, 88, 89, 90, 95, 96, 97, 99, 102, 104, 107, 108, 110, 112, 113, 114, 115, 117, 120, 123, 124, 126, 128, 129, 130, 131, 132, 133, 134, 135, 136, 137, 138, 139, 140, 141, 142, 143]
0002a890					PS2: [0, 1, 10, 19, 28, 37, 46, 54, 63, 73, 81, 90, 99, 108, 117, 126]					MC: [0, 9, 10, 14, 15, 20, 21, 27, 28, 35, 36, 42, 43, 51, 52, 58, 59, 67, 68, 76, 77, 86, 87, 96, 97, 106, 107, 116, 117, 127, 128]
0002bdfa					PS2: [0, 7, 8, 16, 24, 32, 33, 41, 49, 57, 58, 66, 74, 75, 82, 83, 90, 91, 99, 107, 108, 115, 116, 124]					MC: [0, 9, 10, 14, 15, 20, 21, 27, 28, 34, 35, 42, 43, 50, 51, 57, 58, 66, 67, 76, 85, 86, 95, 96, 104, 105, 114, 115, 125, 126]
0002c24e					PS2: [0, 10, 18, 25, 33, 42, 49, 57, 66, 80, 89, 100, 109, 117, 125, 128]					MC: [0, 9, 10, 14, 15, 20, 21, 27, 28, 34, 35, 42, 43, 50, 51, 58, 66, 67, 76, 85, 86, 95, 96, 104, 105, 114, 115, 125, 126]
00035553					PS2: [0, 4, 12, 19, 27, 34, 41, 49, 60, 70, 80, 93, 104, 111, 118, 126]					MC: [0, 8, 9, 14, 15, 19, 20, 25, 26, 32, 33, 39, 40, 46, 47, 54, 55, 62, 63, 70, 71, 79, 80, 88, 89, 97, 98, 106, 107, 116, 117, 126, 127]
00035be9					PS2: [0, 18, 25, 33, 45, 56, 63, 71, 78, 79, 86, 95, 103, 111, 119, 128]					MC: [0, 9, 10, 14, 15, 21, 27, 28, 35, 42, 43, 51, 52, 58, 59, 67, 68, 77, 86, 87, 96, 97, 106, 107, 117, 127, 128]
0003f2e2					PS2: [0, 12, 20, 29, 37, 45, 54, 63, 72, 81, 90, 99, 109, 118, 128]					MC: [0, 1, 2, 3, 4, 5, 6, 7, 8, 9, 10, 11, 12, 13, 14, 15, 16, 17, 18, 19, 20, 21, 22, 23, 24, 25, 26, 27, 28, 29, 30, 31, 32, 33, 34, 35, 36, 37, 38, 39, 40, 43, 45, 52, 53, 54, 55, 56, 57, 58, 59, 60, 61, 62, 63, 64, 65, 66, 67, 68, 69, 70, 71, 72, 73, 74, 75, 76, 77, 78, 79, 80, 81, 82, 84, 85, 91, 93, 94, 95, 96, 97, 98, 99, 100, 101, 102, 104, 106, 107, 108, 109, 110, 111, 112, 113, 114, 115, 116, 117, 118, 119, 120, 121, 122, 123, 124, 125, 126, 127, 128]
000641cb					PS2: [0, 15, 30, 43, 56, 76, 95, 107, 119, 125, 127, 128]					MC: [0, 9, 17, 26, 34, 43, 51, 60, 68, 77, 85, 94, 102, 111, 119, 128]
000737d1					PS2: [0, 9, 17, 22, 23, 26, 33, 42, 43, 56, 75, 78, 82, 90, 91, 96, 104, 109]					MC: [0, 1, 2, 3, 4, 5, 6, 7, 8, 11, 12, 15, 17, 19, 20, 21, 22, 23, 28, 30, 31, 32, 33, 35, 36, 37, 38, 39, 43, 48, 49, 52, 53, 54, 62, 65, 66, 67, 70, 73, 74, 75, 76, 78, 79, 81, 82, 84, 86, 88, 89, 91, 95, 96, 97, 101, 103, 104, 105, 111, 112, 114, 115, 116, 118, 119, 121, 123, 124, 125, 126, 128, 129, 130, 131, 132, 133, 134, 135, 136, 137, 138, 139, 140, 141, 142, 143, 144, 145, 151]
00075c08					PS2: [0, 18, 25, 33, 45, 56, 63, 71, 78, 87, 94, 95, 103, 111, 119, 128]					MC: [0, 9, 10, 14, 15, 20, 21, 27, 28, 35, 42, 43, 51, 52, 59, 67, 68, 76, 77, 86, 87, 96, 97, 106, 107, 117, 127, 128]
00085893					PS2: [0, 15, 35, 56, 75, 96, 117, 126, 127, 128]					MC: [0, 8, 16, 25, 33, 41, 49, 58, 65, 73, 82, 90, 98, 106, 115, 123, 131]
00090e7c					PS2: [0, 3, 7, 11, 15, 19, 22, 27, 33, 39, 47, 53, 60, 68, 79, 89]					MC: [0, 2, 3, 4, 5, 7, 8, 9, 10, 11, 12, 14, 15, 16, 17, 18, 19, 20, 21, 22, 23, 24, 25, 26, 27, 28, 29, 30, 31, 32, 33, 34, 35, 36, 37, 38, 39, 40, 41, 42, 43, 44, 45, 46, 47, 48, 49, 50, 51, 52, 53, 54, 55, 56, 57, 58, 59, 60, 61, 62, 63, 64, 65, 66, 67, 68, 69, 70, 71, 72, 73, 74, 75, 76, 77, 78, 79, 80, 81, 82, 83, 84, 85, 86, 87, 88, 89, 90, 91, 92, 93, 94, 95, 96, 97, 98, 99, 100, 101, 102, 103, 105]
000aaff5					PS2: [0, 65, 66, 102, 103, 128]					MC: [0, 8, 9, 14, 19, 25, 26, 33, 39, 40, 47, 55, 56, 63, 71, 72, 80, 89, 90, 99, 108, 118, 127, 128]
000ab6a2					PS2: [0, 4, 11, 21, 30, 39, 47, 54, 64, 72, 78, 88, 96, 104, 116, 126]					MC: [0, 8, 9, 14, 15, 19, 20, 25, 26, 32, 33, 39, 40, 46, 47, 54, 55, 62, 63, 70, 71, 79, 80, 88, 89, 97, 98, 106, 107, 116, 117, 126, 127]
000ac2c8					PS2: [0, 4, 9, 16, 25, 31, 37, 44, 50, 55, 62, 69, 77, 86, 95, 115]					MC: [0, 3, 4, 5, 8, 9, 10, 12, 13, 15, 16, 17, 24, 25, 26, 30, 31, 32, 36, 37, 38, 43, 44, 45, 49, 50, 51, 54, 55, 56, 58, 61, 62, 63, 66, 68, 69, 70, 73, 76, 77, 78, 81, 82, 85, 86, 87, 90, 91, 94, 95, 96, 99, 107, 108]
000baff5					PS2: [0, 65, 66, 102, 103, 128]					MC: [0, 8, 9, 14, 20, 25, 26, 33, 39, 40, 47, 55, 56, 63, 71, 72, 80, 89, 90, 98, 99, 107, 108, 118, 127, 128]
000bfb12					PS2: [0, 4, 8, 17, 25, 34, 42, 51, 59, 68, 79, 93, 102, 110, 119, 128]					MC: [0, 9, 10, 14, 15, 20, 21, 27, 28, 35, 36, 42, 43, 51, 52, 58, 59, 67, 68, 76, 77, 86, 87, 96, 97, 106, 107, 116, 117, 127, 128]
000d0167					PS2: [0, 4, 8, 17, 25, 34, 42, 51, 59, 68, 79, 93, 102, 110, 119, 128]					MC: [0, 9, 10, 14, 15, 20, 21, 27, 28, 35, 36, 42, 43, 51, 52, 58, 59, 67, 68, 76, 77, 86, 87, 96, 97, 106, 107, 116, 117, 127, 128]
000d6f06					PS2: [0, 20, 33, 53, 68, 79, 93, 102, 105, 109, 110, 115, 118, 122, 125, 128]					MC: [0, 1, 2, 3, 4, 5, 6, 7, 8, 9, 10, 11, 12, 13, 14, 15, 16, 17, 18, 19, 20, 21, 22, 23, 24, 25, 26, 27, 28, 29, 30, 31, 32, 33, 34, 35, 36, 37, 38, 39, 40, 41, 42, 43, 44, 45, 46, 47, 48, 49, 50, 51, 52, 53, 54, 55, 56, 57, 58, 59, 60, 61, 62, 63, 64, 65, 66, 67, 68, 69, 70, 71, 72, 73, 74, 75, 76, 77, 78, 79, 80, 81, 82, 83, 84, 85, 86, 87, 88, 89, 90, 91, 92, 93, 94, 95, 96, 97, 98, 99, 100, 101, 102, 103, 104, 105, 106, 107, 108, 109, 110, 111, 112, 113, 114, 115, 116, 117, 118, 119, 120, 121, 122, 123, 124, 125, 126, 127, 128, 129, 130, 131]
000eab46					PS2: [0, 20, 31, 44, 66, 79, 93, 101, 105, 108, 111, 115, 118, 122, 125, 128]					MC: [0, 1, 2, 3, 4, 5, 6, 7, 8, 9, 10, 11, 12, 13, 14, 15, 16, 17, 18, 19, 20, 21, 22, 23, 24, 25, 26, 27, 28, 29, 30, 31, 32, 33, 34, 35, 36, 37, 38, 39, 40, 41, 42, 43, 44, 45, 46, 47, 48, 49, 50, 51, 52, 53, 54, 55, 56, 57, 58, 59, 60, 61, 62, 63, 64, 65, 66, 67, 68, 69, 70, 71, 72, 73, 74, 76, 77, 78, 79, 80, 81, 82, 83, 84, 85, 86, 87, 88, 89, 90, 91, 92, 93, 94, 95, 96, 97, 98, 99, 100, 101, 102, 103, 104, 105, 106, 107, 108, 109, 110, 111, 112, 113, 114, 115, 116, 117, 118, 119, 120, 121, 122, 123, 124, 125, 126, 127, 128, 129, 130, 131]
000ef413					PS2: [0, 65, 66, 67, 101, 102, 103, 128]					MC: [0, 1, 2, 3, 4, 6, 7, 19, 20, 27, 28, 32, 36, 40, 44, 48, 51, 52, 56, 59, 60, 64, 66, 68, 71, 72, 76, 80, 82, 84, 88, 90, 92, 93, 98, 125, 126, 127, 128]
000efe46					PS2: [0, 15, 30, 43, 56, 74, 95, 106, 120, 126, 128]					MC: [0, 9, 17, 26, 34, 43, 51, 60, 68, 77, 85, 94, 102, 111, 119, 128]
0010fc7e					PS2: [0, 8, 16, 22, 33, 45, 52, 64, 75, 80, 86, 97, 104, 112, 118, 126]					MC: [0, 1, 2, 3, 4, 5, 6, 7, 8, 9, 10, 11, 12, 13, 14, 15, 16, 17, 18, 19, 20, 21, 22, 23, 24, 25, 26, 27, 28, 29, 30, 31, 32, 33, 34, 35, 36, 37, 38, 39, 40, 41, 42, 43, 44, 45, 46, 47, 48, 49, 50, 51, 52, 53, 54, 55, 56, 57, 58, 59, 60, 61, 62, 63, 64, 65, 66, 67, 68, 69, 70, 71, 72, 73, 74, 75, 76, 77, 78, 79, 80, 81, 82, 83, 84, 85, 86, 87, 88, 89, 90, 91, 92, 93, 94, 95, 96, 97, 98, 99, 100, 101, 102, 103, 104, 105, 106, 107, 108, 109, 110, 111, 112, 113, 114, 115, 116, 117, 118, 119, 120, 121, 122, 123, 124, 125, 126, 127]
00114c3b					PS2: [0, 3, 12, 21, 32, 47, 59, 66, 74, 82, 92, 102, 110, 117, 122, 128]					MC: [0, 9, 10, 14, 15, 20, 21, 25, 26, 27, 28, 35, 36, 42, 43, 51, 52, 58, 59, 67, 68, 77, 86, 87, 89, 90, 96, 97, 106, 107, 108, 116, 117, 127, 128]
001184f1					PS2: [0, 44, 65, 76, 85, 128]					MC: [0, 8, 10, 14, 18, 29, 30, 32, 33, 43, 44, 45, 64, 65, 68, 69, 72, 73, 74, 75, 76, 77, 78, 82, 83, 84, 85, 86, 92, 93, 94, 95, 96, 127, 128, 129]
0011b5d7					PS2: [0, 3, 8, 9, 10, 11, 12, 15, 19, 27, 28, 34, 35, 42, 43, 50, 51, 59, 67, 75, 76, 84, 92, 93, 101, 110, 118, 119, 128]					MC: [0, 1, 2, 3, 4, 5, 6, 7, 8, 9, 10, 11, 12, 13, 14, 15, 16, 17, 18, 19, 20, 21, 22, 23, 24, 25, 26, 27, 28, 29, 30, 31, 32, 33, 34, 35, 36, 37, 38, 39, 40, 41, 42, 43, 44, 45, 46, 47, 48, 49, 50, 51, 52, 53, 54, 55, 56, 57, 58, 59, 60, 61, 62, 63, 64, 65, 66, 67, 68, 69, 70, 71, 72, 73, 74, 75, 76, 77, 78, 79, 80, 81, 82, 83, 84, 85, 86, 87, 88, 89, 90, 91, 92, 93, 94, 95, 96, 97, 98, 99, 100, 101, 102, 103, 104, 105, 106, 107, 108, 109, 110, 111, 112, 113, 114, 115, 116, 117, 118, 119, 120, 121, 122, 123, 124, 125, 126, 127, 128]
0011b626					PS2: [0, 3, 4, 5, 12, 13, 19, 27, 34, 35, 42, 43, 50, 51, 59, 67, 75, 76, 84, 92, 93, 101, 110, 118, 119, 128]					MC: [0, 9, 10, 14, 15, 20, 21, 27, 28, 35, 36, 42, 43, 51, 52, 58, 59, 67, 68, 76, 77, 86, 87, 96, 97, 106, 107, 116, 117, 127, 128]
00123b67					PS2: [0, 8, 16, 24, 33, 41, 49, 57, 66, 74, 82, 91, 99, 108, 115, 124]					MC: [0, 9, 10, 14, 15, 20, 21, 27, 28, 35, 36, 42, 43, 51, 52, 58, 59, 67, 68, 77, 86, 87, 96, 97, 106, 107, 116, 117, 127, 128]
001260c2					PS2: [0, 1, 10, 19, 28, 37, 45, 54, 63, 73, 81, 90, 99, 108, 117, 126]					MC: [0, 9, 17, 26, 34, 43, 51, 60, 68, 77, 85, 94, 102, 111, 119, 128]
001292a2					PS2: [0, 7, 8, 16, 24, 32, 33, 41, 49, 57, 58, 66, 74, 75, 82, 83, 90, 91, 99, 107, 108, 115, 116, 124]					MC: [0, 9, 10, 14, 15, 20, 21, 27, 28, 35, 36, 42, 43, 51, 52, 58, 59, 67, 68, 76, 77, 86, 87, 96, 97, 106, 107, 116, 117, 127, 128]
0012a3f2					PS2: [0, 4, 10, 18, 28, 40, 50, 61, 69, 82, 89, 101, 107, 114, 121, 128]					MC: [0, 9, 10, 14, 15, 20, 21, 27, 28, 35, 36, 42, 43, 51, 52, 58, 59, 67, 68, 76, 77, 86, 87, 96, 97, 106, 107, 116, 117, 127, 128]
0012a655					PS2: [0, 20, 31, 44, 66, 79, 93, 100, 105, 108, 113, 116, 118, 122, 125, 128]					MC: [0, 1, 2, 3, 4, 5, 6, 7, 8, 9, 10, 11, 12, 13, 14, 15, 16, 17, 18, 19, 20, 21, 22, 23, 24, 25, 26, 27, 28, 29, 30, 31, 32, 33, 34, 35, 36, 37, 38, 39, 40, 41, 42, 43, 44, 45, 46, 47, 48, 49, 50, 51, 52, 53, 54, 55, 56, 57, 58, 59, 60, 61, 62, 63, 64, 65, 66, 67, 68, 69, 70, 71, 72, 73, 74, 75, 76, 77, 78, 79, 80, 81, 82, 83, 84, 85, 86, 87, 88, 89, 90, 91, 92, 93, 94, 95, 96, 97, 98, 99, 100, 101, 102, 103, 104, 105, 106, 107, 108, 109, 110, 111, 112, 113, 114, 115, 116, 117, 118, 119, 120, 121, 122, 123, 124, 125, 126, 127, 128, 129, 130, 131]
0012b5d7					PS2: [0, 12, 19, 27, 34, 35, 42, 43, 50, 51, 52, 58, 59, 67, 75, 76, 84, 92, 93, 101, 110, 118, 119, 128]					MC: [0, 2, 3, 4, 5, 6, 7, 8, 9, 10, 11, 12, 13, 14, 15, 16, 17, 18, 19, 20, 21, 22, 23, 24, 25, 26, 27, 28, 29, 30, 31, 32, 33, 34, 35, 36, 37, 38, 39, 40, 41, 42, 43, 44, 45, 46, 47, 48, 49, 50, 51, 52, 53, 54, 55, 56, 57, 58, 59, 60, 61, 62, 63, 64, 65, 66, 67, 68, 69, 70, 71, 72, 73, 74, 75, 76, 77, 78, 79, 80, 81, 82, 83, 84, 85, 86, 87, 88, 89, 90, 91, 92, 93, 94, 95, 96, 97, 98, 99, 100, 101, 102, 103, 104, 105, 106, 107, 108, 109, 110, 111, 112, 113, 114, 115, 116, 117, 118, 119, 120, 121, 122, 123, 124, 127, 128]
0012b626					PS2: [0, 7, 12, 19, 25, 27, 30, 34, 35, 42, 43, 48, 50, 51, 59, 67, 75, 76, 84, 92, 93, 101, 110, 118, 119, 128]					MC: [0, 9, 14, 15, 20, 21, 27, 28, 35, 36, 42, 43, 51, 52, 58, 59, 67, 68, 76, 77, 86, 87, 96, 97, 106, 107, 116, 117, 127, 128]
00135a88					PS2: [0, 18, 25, 33, 45, 56, 63, 71, 78, 87, 94, 95, 103, 111, 119, 128]					MC: [0, 9, 17, 26, 34, 43, 51, 60, 68, 77, 85, 94, 102, 111, 119, 128]
0013709b					PS2: [0, 1, 10, 19, 28, 37, 45, 54, 63, 72, 81, 90, 99, 108, 117, 126]					MC: [0, 9, 17, 26, 34, 43, 51, 60, 68, 77, 85, 94, 102, 111, 119, 128]
0014b46f					PS2: [0, 4, 13, 20, 26, 34, 45, 56, 66, 75, 81, 88, 94, 100, 106, 115]					MC: [0, 1, 2, 3, 4, 5, 6, 7, 8, 9, 10, 11, 12, 13, 14, 15, 16, 17, 18, 19, 20, 21, 22, 23, 24, 25, 26, 27, 28, 29, 30, 31, 32, 33, 34, 35, 36, 37, 38, 39, 40, 41, 42, 43, 44, 45, 46, 47, 48, 49, 50, 51, 52, 53, 54, 55, 56, 57, 58, 59, 60, 61, 62, 63, 64, 65, 66, 67, 68, 69, 70, 71, 72, 73, 74, 75, 76, 77, 78, 79, 80, 81, 82, 83, 84, 85, 86, 87, 88, 89, 90, 91, 92, 93, 94, 95, 96, 97, 98, 99, 100, 101, 102, 103, 104, 105, 106, 107, 108, 109, 110, 111, 112, 113, 114, 115, 116, 117, 118, 119, 120, 121, 122, 123, 124, 125, 126, 127, 129, 130, 131, 132, 133, 138, 142]
00154e27					PS2: [0, 5, 15, 23, 29, 36, 46, 57, 67, 73, 82, 91, 99, 109, 118, 126]					MC: [0, 9, 17, 26, 34, 43, 51, 60, 68, 77, 85, 94, 102, 111, 119, 128]
00154e2b					PS2: [0, 5, 13, 19, 27, 36, 45, 54, 66, 74, 84, 95, 103, 110, 118, 126]					MC: [0, 9, 17, 26, 34, 43, 51, 60, 68, 77, 85, 94, 102, 111, 119, 128]
00154e2f					PS2: [0, 3, 10, 18, 27, 35, 44, 54, 65, 73, 81, 91, 102, 111, 119, 127]					MC: [0, 9, 17, 26, 34, 43, 51, 60, 68, 77, 85, 94, 102, 111, 119, 128]
00155d88					PS2: [0, 65, 66, 102, 103, 128]					MC: [0, 3, 8, 9, 10, 11, 12, 15, 17, 20, 25, 27, 28, 31, 33, 34, 36, 41, 44, 45, 46, 47, 48, 49, 52, 53, 54, 55, 56, 59, 60, 61, 63, 64, 68, 70, 73, 74, 75, 76, 81, 87, 88, 89, 92, 95, 96, 98, 100, 101, 102, 103, 105, 106, 108, 109, 111, 113, 114, 115, 116, 119, 123, 125, 126, 127, 128, 129, 131, 132, 134]
00163d74					PS2: [0, 2, 5, 9, 15, 21, 29, 41, 54, 68, 81, 91, 100, 108, 116]					MC: [0, 1, 2, 3, 4, 5, 6, 7, 8, 9, 10, 11, 12, 13, 14, 15, 16, 17, 18, 19, 20, 21, 22, 23, 24, 25, 26, 27, 28, 29, 30, 31, 32, 33, 34, 35, 36, 37, 38, 39, 40, 41, 42, 43, 44, 45, 46, 47, 48, 49, 50, 51, 52, 53, 54, 55, 56, 57, 58, 59, 60, 61, 62, 63, 64, 65, 66, 67, 68, 69, 70, 71, 72, 73, 74, 75, 76, 77, 78, 79, 80, 81, 82, 83, 84, 85, 86, 87, 88, 89, 90, 91, 92, 93, 94, 95, 96, 97, 98, 99, 100, 101, 102, 103, 104, 105, 106, 107, 108, 109, 110, 111, 112, 113, 114, 115, 116]
00163fb5					PS2: [0, 1, 10, 19, 28, 37, 45, 54, 63, 72, 81, 90, 99, 108, 117, 126]					MC: [0, 9, 17, 26, 34, 43, 51, 60, 68, 77, 85, 94, 102, 111, 119, 128]
00168752					PS2: [0, 4, 9, 17, 27, 39, 48, 59, 68, 80, 90, 100, 110, 116, 122, 128]					MC: [0, 1, 2, 5, 7, 8, 9, 10, 12, 13, 15, 16, 17, 20, 21, 22, 23, 24, 25, 26, 27, 28, 29, 30, 31, 32, 33, 34, 35, 36, 37, 38, 39, 40, 41, 42, 43, 44, 45, 46, 47, 49, 50, 51, 53, 54, 55, 56, 57, 58, 59, 60, 61, 62, 63, 64, 65, 66, 67, 68, 70, 71, 72, 73, 74, 75, 77, 78, 79, 80, 81, 83, 84, 85, 86, 87, 88, 89, 90, 91, 92, 93, 94, 95, 96, 97, 98, 99, 100, 101, 102, 103, 104, 105, 106, 107, 108, 109, 110, 111, 112, 113, 114, 115, 116, 117, 118, 119, 120, 121, 122, 123, 124, 125, 126, 127, 128, 129, 130, 131, 132, 133, 134, 135, 136, 137, 138, 139, 140, 141, 142, 143, 144, 145, 146, 147, 148, 149, 150]
0016df98					PS2: [0, 11, 22, 29, 37, 54, 63, 67, 73, 90, 99, 109, 114, 118, 124, 128]					MC: [0, 1, 2, 3, 4, 5, 6, 7, 8, 9, 10, 11, 12, 13, 14, 15, 16, 17, 18, 19, 20, 21, 22, 23, 24, 25, 26, 27, 28, 29, 30, 31, 32, 33, 34, 35, 36, 37, 38, 42, 43, 44, 45, 48, 49, 51, 52, 54, 55, 56, 57, 58, 59, 60, 61, 62, 63, 64, 65, 66, 67, 68, 69, 70, 71, 72, 73, 74, 75, 76, 77, 78, 79, 80, 81, 82, 83, 84, 85, 86, 87, 88, 89, 90, 91, 93, 94, 95, 96, 97, 98, 99, 100, 101, 102, 103, 104, 105, 106, 107, 108, 109, 110, 111, 112, 113, 114, 115, 116, 117, 118, 119, 120, 121, 122, 123, 124, 125, 126, 127, 128]
0018e2e5					PS2: [0, 12, 20, 29, 37, 45, 54, 63, 72, 81, 90, 99, 109, 118, 128]					MC: [0, 1, 2, 3, 4, 5, 6, 7, 8, 9, 10, 11, 12, 13, 14, 16, 18, 19, 20, 21, 22, 23, 24, 25, 26, 27, 28, 29, 30, 31, 32, 33, 37, 38, 48, 51, 52, 54, 55, 56, 57, 59, 60, 61, 63, 66, 67, 69, 70, 73, 74, 75, 77, 78, 79, 85, 86, 87, 88, 90, 91, 92, 93, 94, 95, 96, 99, 100, 101, 103, 106, 107, 109, 110, 111, 112, 113, 114, 115, 116, 117, 118, 119, 120, 121, 122, 123, 124, 125, 126, 127, 128]
0019115b					PS2: [0, 1, 4, 9, 16, 34, 51, 73, 92, 111, 121, 125, 126, 128]					MC: [0]
00194261					PS2: [0, 3, 7, 10, 15, 22, 26, 30, 34, 39, 45, 51, 57, 62, 68, 72]					MC: [0, 2, 3, 4, 5, 7, 8, 9, 10, 11, 12, 14, 15, 16, 17, 18, 19, 20, 21, 22, 23, 24, 25, 26, 27, 28, 29, 30, 31, 32, 33, 34, 35, 36, 37, 38, 39, 40, 41, 42, 43, 44, 45, 46, 47, 48, 49, 50, 51, 52, 53, 54, 55, 56, 57, 58, 59, 60, 61, 62, 63, 64, 65, 66, 67, 68, 69, 70, 71, 72, 73, 74, 75, 76, 77, 78, 79, 80, 81, 82, 83, 84, 85]
00195db5					PS2: [0, 7, 8, 16, 24, 32, 33, 41, 49, 57, 58, 66, 74, 75, 82, 83, 90, 91, 99, 107, 108, 115, 116, 124]					MC: [0, 9, 10, 14, 15, 20, 21, 27, 28, 34, 35, 42, 43, 50, 51, 58, 59, 67, 68, 76, 77, 86, 87, 95, 96, 105, 106, 115, 116, 126, 127]
0019800b					PS2: [0, 65, 66, 67, 101, 102, 103, 128]					MC: [0, 1, 2, 3, 4, 5, 6, 7, 8, 9, 10, 11, 12, 13, 14, 15, 16, 17, 19, 20, 22, 23, 24, 25, 26, 27, 28, 29, 30, 31, 32, 33, 34, 36, 37, 39, 40, 41, 43, 44, 46, 50, 51, 52, 56, 58, 59, 60, 61, 62, 64, 65, 67, 68, 69, 70, 72, 73, 74, 75, 76, 77, 78, 79, 80, 81, 82, 83, 84, 86, 87, 88, 89, 90, 91, 92, 93, 94, 95, 96, 97, 98, 100, 101, 102, 104, 105, 107, 108, 109, 110, 113, 114, 116, 117, 119, 120, 121, 122, 123, 124, 125, 126, 127, 128, 129]
001a1821					PS2: [0, 1, 2, 3, 4, 5, 6, 7, 8, 9, 10, 11, 12, 13, 14, 15, 16, 17, 18, 19, 20, 21, 22, 23, 24, 25, 26, 27, 28, 29, 30, 31, 32, 33, 34, 35, 36, 37, 38, 39, 40, 41, 42, 43, 44, 45, 46, 47, 48, 49, 50, 51, 52, 53, 54, 55, 56, 57, 58, 59, 61, 62, 63, 64, 65, 66, 67, 68, 69, 70, 71, 72, 73, 74, 75, 76, 77, 78, 79, 80, 81, 82, 83, 84, 85, 86, 87, 88, 89, 90, 91, 92, 93, 94, 95, 96, 97, 98, 99, 100, 101, 102, 103, 104, 105, 106, 107, 108, 109, 110, 111, 112, 113, 114, 115, 116, 117, 118, 119, 120, 121, 122, 123, 124, 125, 126, 127, 128]					MC: [0, 9, 17, 26, 34, 43, 51, 60, 68, 77, 85, 94, 102, 111, 119, 128]
001a72b5					PS2: [0, 3, 12, 22, 33, 45, 58, 67, 75, 81, 87, 95, 103, 110, 117, 127]					MC: [0, 9, 10, 14, 15, 20, 21, 27, 28, 34, 35, 42, 43, 50, 51, 58, 59, 67, 68, 76, 77, 86, 87, 95, 96, 105, 106, 115, 116, 126, 127]
001b72f7					PS2: [0, 8, 16, 24, 32, 40, 48, 56, 64, 77, 88, 96, 104, 112, 120, 128]					MC: [0, 9, 17, 26, 34, 43, 51, 60, 68, 77, 85, 94, 102, 111, 119, 128]
001bd7be					PS2: [0, 8, 18, 24, 31, 42, 51, 59, 72, 84, 94, 103, 110, 117, 123, 128]					MC: [0, 8, 9, 14, 15, 19, 20, 25, 26, 32, 33, 39, 40, 46, 47, 54, 55, 62, 63, 70, 71, 79, 80, 88, 89, 97, 98, 106, 107, 116, 117, 126, 127]
001be510					PS2: [0, 4, 8, 15, 23, 33, 44, 55, 65, 74, 81, 93, 102, 110, 121, 126]					MC: [0, 8, 9, 14, 15, 19, 20, 25, 26, 32, 33, 39, 40, 46, 47, 54, 55, 62, 63, 70, 71, 79, 80, 88, 89, 97, 98, 106, 107, 116, 117, 126, 127]
001c4bcb					PS2: [0, 76, 128]					MC: [0, 75, 76, 77, 127, 128]
001c4bcb_893ec4e5e61202730c82f3c3dc3306f1					PS2: [0, 76, 128]					MC: [0, 75, 76, 77, 126, 127, 128]
001c886c					PS2: [0, 18, 55, 56, 111]					MC: [0, 1, 2, 3, 5, 50, 113, 114]
001cee1b					PS2: [0, 19, 28, 36, 45, 53, 59, 66, 76, 85, 94, 102, 110, 118, 128]					MC: [0, 8, 9, 14, 15, 19, 20, 25, 26, 32, 33, 39, 40, 46, 47, 55, 56, 63, 64, 71, 72, 79, 80, 89, 90, 98, 99, 107, 108, 118, 127, 128]
001d2980					PS2: [0, 4, 8, 17, 25, 34, 42, 51, 59, 68, 79, 93, 102, 110, 119, 128]					MC: [0, 9, 17, 26, 32, 34, 43, 46, 51, 59, 60, 68, 71, 77, 82, 85, 91, 94, 100, 102, 107, 111, 114, 119, 123, 125, 127, 128]
001d5893					PS2: [0, 25, 43, 56, 74, 94, 107, 118, 125, 127, 128]					MC: [0, 8, 16, 25, 33, 41, 49, 58, 65, 73, 82, 90, 98, 106, 115, 123, 131]
001dcfc8					PS2: [0, 12, 17, 26, 33, 38, 51, 58, 72, 80, 94, 101, 106, 114, 122, 128]					MC: [0, 1, 2, 3, 4, 5, 6, 7, 8, 9, 10, 11, 12, 13, 14, 15, 16, 17, 18, 19, 20, 21, 22, 23, 24, 25, 26, 27, 28, 29, 30, 31, 32, 33, 34, 35, 36, 37, 38, 39, 40, 41, 42, 43, 44, 45, 46, 47, 48, 49, 51, 52, 54, 55, 56, 57, 58, 59, 60, 61, 63, 64, 65, 66, 67, 68, 69, 70, 71, 72, 73, 74, 75, 78, 79, 80, 83, 84, 86, 87, 88, 89, 90, 91, 93, 94, 96, 97, 98, 99, 100, 101, 102, 103, 104, 105, 106, 107, 108, 109, 110, 111, 112, 113, 114, 115, 116, 117, 118, 119, 120, 121, 122, 123, 124, 125, 126, 127, 128]
001e7a1d					PS2: [0, 90, 128]					MC: [1, 2, 3, 4, 5, 6, 7, 9, 11, 19, 65, 67, 71, 72, 73, 77, 78, 80, 82, 83, 85, 86, 89, 93, 96, 105, 127, 128]
001eaab3					PS2: [0, 5, 15, 22, 30, 37, 47, 58, 67, 75, 83, 91, 100, 108, 117, 126]					MC: [0, 1, 2, 3, 4, 5, 6, 7, 8, 9, 10, 11, 12, 13, 14, 15, 16, 17, 18, 19, 20, 21, 22, 23, 24, 25, 26, 27, 28, 29, 30, 31, 32, 33, 34, 35, 36, 37, 38, 39, 40, 41, 42, 43, 44, 45, 46, 47, 48, 49, 50, 51, 52, 53, 54, 55, 56, 57, 58, 59, 60, 61, 62, 63, 64, 65, 66, 67, 68, 69, 70, 71, 72, 73, 74, 75, 76, 77, 78, 79, 80, 81, 82, 83, 84, 85, 86, 87, 88, 89, 90, 91, 92, 93, 94, 95, 96, 97, 98, 99, 100, 101, 102, 103, 104, 105, 106, 107, 108, 109, 110, 111, 112, 113, 114, 115, 116, 117, 118, 119, 120, 121, 122, 123, 124, 125, 126, 127, 128, 129, 130, 131, 132, 133, 134, 135, 136, 137]
001fcbdf					PS2: [0, 4, 8, 17, 25, 34, 42, 51, 59, 68, 78, 93, 102, 110, 119, 128]					MC: [0, 9, 17, 26, 34, 43, 51, 60, 68, 77, 85, 94, 102, 111, 119, 128]
001fd043					PS2: [0, 64, 128]					MC: [0, 64, 65, 126, 127, 128]
001fd043_cf6f6ffd8dfa5a03e150da0f1347fc82					PS2: [0, 64, 128]					MC: [0, 63, 64, 65, 127, 128]
00200126					PS2: [0, 3, 11, 18, 26, 33, 42, 50, 56, 65, 78, 86, 97, 107, 117, 128]					MC: [0, 9, 10, 14, 15, 20, 21, 27, 28, 34, 35, 42, 43, 50, 51, 58, 59, 67, 68, 76, 77, 86, 87, 95, 96, 105, 106, 115, 116, 126, 127]
0020a9c7					PS2: [0, 3, 11, 20, 28, 38, 47, 55, 64, 72, 83, 94, 102, 112, 120, 128]					MC: [0, 8, 9, 14, 15, 19, 20, 25, 26, 32, 33, 39, 40, 46, 47, 54, 55, 62, 63, 70, 71, 79, 80, 88, 89, 97, 98, 106, 107, 116, 117, 125, 126, 127, 128]
0020c1dc					PS2: [0, 2, 4, 6, 9, 13, 17, 21, 24, 28, 32, 35, 39, 44, 48, 52]					MC: [0, 2, 3, 4, 5, 7, 8, 9, 10, 11, 12, 14, 15, 16, 17, 18, 19, 20, 21, 22, 23, 24, 25, 26, 27, 28, 29, 30, 31, 32, 33, 34, 35, 36, 37, 38, 39, 40, 41, 42, 43, 44, 45, 46, 47, 48, 49, 50, 51, 52, 53, 54, 55, 56]
0021435e					PS2: [0, 20, 34, 46, 57, 75, 95, 117, 127, 128]					MC: [0, 9, 17, 26, 34, 43, 51, 60, 68, 77, 85, 94, 102, 111, 119, 128]
00214362					PS2: [0, 19, 32, 46, 63, 76, 94, 108, 112, 125, 126, 127, 128]					MC: [0, 9, 17, 26, 34, 43, 51, 60, 68, 77, 85, 94, 102, 111, 119, 128]
00214366					PS2: [0, 13, 30, 45, 62, 76, 94, 107, 112, 126, 127, 128]					MC: [0, 9, 17, 26, 34, 43, 51, 60, 68, 77, 85, 94, 102, 111, 119, 128]
002224c5					PS2: [0, 3, 6, 10, 14, 16, 18, 21, 25, 29, 31, 34, 38, 41, 43, 45]					MC: [0, 1, 2, 3, 4, 5, 6, 7, 8, 9, 10, 11, 12, 13, 14, 15, 16, 17, 18, 19, 20, 21, 22, 23, 24, 25, 26, 27, 28, 29, 30, 31, 32, 33, 34, 35, 36, 37, 38, 39, 40, 41, 42, 43, 44, 45, 46, 47, 48, 49, 50, 51]
00229c1c					PS2: [0, 27, 78, 91, 105]					MC: [0, 4, 5, 6, 8, 9, 10, 11, 12, 13, 14, 16, 17, 18, 19, 20, 21, 22, 23, 24, 25, 26, 27, 28, 30, 32, 33, 34, 35, 37, 40, 41, 42, 43, 44, 45, 47, 49, 50, 51, 52, 53, 54, 55, 56, 57, 58, 59, 60, 61, 62, 64, 65, 66, 67, 70, 71, 72, 73, 74, 75, 76, 77, 78, 80, 81, 82, 84, 85, 86, 87, 90, 91, 92, 93, 94, 95, 96, 98, 99, 101, 102, 103, 104, 105, 106]
0022c1bb					PS2: [0, 4, 14, 20, 27, 36, 47, 57, 69, 77, 88, 98, 104, 113, 121, 126]					MC: [0, 8, 9, 13, 14, 19, 20, 25, 26, 32, 33, 38, 39, 46, 47, 53, 54, 61, 62, 70, 71, 78, 79, 87, 88, 96, 97, 106, 107, 115, 116, 125, 126]
002323d4					PS2: [0, 4, 10, 14, 23, 32, 40, 47, 58, 73, 81, 92, 99, 109, 118, 127]					MC: [0, 8, 9, 13, 14, 19, 20, 25, 26, 32, 33, 38, 39, 46, 47, 53, 54, 61, 62, 70, 71, 78, 79, 87, 88, 96, 97, 106, 107, 115, 116, 125, 126]
002362e7					PS2: [0, 18, 25, 33, 45, 56, 63, 71, 78, 87, 94, 95, 103, 111, 119, 128]					MC: [0, 9, 17, 26, 34, 43, 51, 60, 68, 77, 85, 94, 102, 111, 119, 128]
00238f30					PS2: [0, 10, 19, 28, 37, 45, 54, 63, 73, 81, 90, 99, 108, 117, 125, 126]					MC: [0, 9, 17, 26, 34, 43, 51, 60, 68, 77, 85, 94, 102, 111, 119, 128]
0023c110					PS2: [0, 7, 8, 16, 24, 32, 33, 41, 49, 57, 58, 66, 74, 75, 82, 83, 90, 91, 99, 107, 108, 115, 116, 124]					MC: [0, 9, 10, 14, 15, 20, 21, 27, 28, 34, 35, 42, 43, 50, 51, 58, 59, 67, 68, 76, 77, 86, 87, 95, 96, 105, 106, 115, 116, 126, 127]
0023d260					PS2: [0, 5, 11, 17, 25, 33, 46, 58, 68, 80, 88, 96, 103, 112, 119, 127]					MC: [0, 9, 14, 15, 20, 21, 27, 28, 34, 35, 42, 43, 50, 51, 58, 59, 67, 68, 77, 86, 87, 95, 96, 105, 106, 115, 116, 126, 127]
0023fe46					PS2: [0, 15, 30, 43, 56, 76, 95, 106, 120, 125, 127, 128]					MC: [0, 9, 17, 26, 34, 43, 51, 60, 68, 77, 85, 94, 102, 111, 119, 128]
00264366					PS2: [0, 15, 32, 50, 64, 81, 95, 109, 111, 126, 127, 128]					MC: [0, 9, 17, 26, 34, 43, 51, 60, 68, 77, 85, 94, 102, 111, 119, 128]
0026bb45					PS2: [0, 4, 9, 16, 24, 33, 44, 55, 69, 79, 88, 95, 102, 110, 121, 126]					MC: [0, 2, 3, 4, 6, 7, 8, 9, 10, 11, 12, 13, 14, 15, 16, 17, 18, 19, 20, 21, 22, 23, 24, 25, 26, 27, 28, 29, 30, 31, 32, 33, 34, 35, 36, 37, 38, 39, 40, 41, 42, 43, 44, 45, 46, 47, 48, 49, 50, 51, 52, 53, 54, 55, 56, 57, 58, 59, 60, 61, 62, 63, 64, 65, 66, 67, 68, 69, 70, 71, 72, 73, 74, 75, 76, 77, 78, 79, 80, 81, 82, 83, 84, 85, 86, 87, 88, 89, 90, 91, 92, 93, 94, 95, 96, 97, 98, 99, 100, 101, 102, 103, 104, 105, 106, 107, 108, 109, 110, 111, 112, 113, 114, 115, 116, 118, 120, 121, 122, 123, 124, 125, 126]
0026d01e					PS2: [0, 46, 64, 65, 66, 85, 102, 103, 115, 128]					MC: [0, 6, 9, 13, 16, 19, 22, 23, 26, 29, 32, 33, 36, 39, 42, 45, 49, 52, 53, 55, 56, 59, 62, 65, 66, 68, 69, 72, 75, 76, 78, 79, 82, 85, 86, 88, 89, 105, 106]
0026dab5					PS2: [0, 7, 16, 24, 33, 41, 49, 57, 66, 74, 82, 91, 99, 108, 115, 124]					MC: [0, 9, 10, 14, 15, 20, 21, 25, 26, 27, 28, 35, 36, 42, 43, 51, 52, 58, 59, 67, 68, 76, 77, 86, 87, 89, 90, 96, 97, 106, 107, 108, 116, 117, 127, 128]
002737d0					PS2: [0, 9, 10, 17, 22, 23, 26, 27, 32, 33, 42, 43, 56, 57, 64, 65, 75, 78, 79, 82, 83, 90, 91, 96, 104, 109]					MC: [0, 9, 10, 14, 15, 20, 21, 27, 28, 35, 42, 43, 51, 52, 58, 59, 67, 68, 77, 86, 87, 96, 97, 106, 107, 116, 117, 127, 128]
00273b68					PS2: [0, 9, 17, 23, 31, 38, 45, 53, 64, 75, 85, 95, 103, 110, 118, 128]					MC: [0, 9, 10, 14, 15, 21, 27, 28, 35, 42, 43, 51, 52, 58, 59, 67, 68, 76, 77, 86, 87, 96, 97, 106, 107, 116, 117, 127, 128]
002a4e9e					PS2: [0, 63, 67, 70, 73, 79, 84, 91, 96, 100, 105, 108, 113, 118, 123, 128]					MC: [0, 1, 2, 3, 4, 5, 6, 7, 8, 9, 10, 11, 12, 13, 14, 15, 16, 17, 18, 19, 22, 23, 27, 28, 30, 31, 32, 33, 37, 38, 45, 46, 50, 51, 52, 53, 54, 55, 61, 62, 67, 68, 70, 71, 72, 73, 128, 129]
002abcc9					PS2: [0, 3, 11, 23, 36, 51, 57, 65, 72, 86, 93, 108, 114, 119, 123, 128]					MC: [0, 8, 9, 14, 15, 19, 20, 25, 26, 32, 33, 39, 40, 46, 47, 54, 55, 63, 64, 71, 72, 79, 80, 89, 90, 98, 99, 107, 108, 118, 127, 128]
002b9eec					PS2: [0, 15, 37, 56, 74, 96, 118, 125, 126, 127, 128]					MC: [0, 8, 16, 25, 33, 41, 49, 58, 65, 73, 82, 90, 98, 106, 115, 123, 131]
002bb5de					PS2: [0, 8, 17, 25, 34, 42, 51, 59, 68, 76, 85, 93, 102, 110, 119, 128]					MC: [0, 1, 2, 3, 4, 5, 6, 7, 8, 9, 10, 11, 12, 13, 14, 15, 16, 17, 18, 19, 20, 21, 22, 23, 24, 25, 26, 27, 28, 29, 30, 31, 32, 33, 34, 35, 36, 37, 38, 39, 40, 41, 42, 43, 44, 45, 46, 47, 48, 49, 50, 51, 52, 53, 54, 55, 56, 57, 58, 59, 60, 61, 62, 63, 64, 65, 66, 67, 68, 69, 70, 71, 72, 73, 74, 75, 76, 77, 78, 79, 80, 81, 82, 83, 84, 85, 86, 87, 88, 89, 90, 91, 92, 93, 94, 95, 96, 97, 98, 99, 100, 101, 102, 103, 104, 105, 106, 107, 108, 109, 110, 111, 112, 113, 114, 115, 116, 117, 118, 119, 120, 121, 122, 123, 124, 125, 126, 127, 128]
002bb91a					PS2: [0, 7, 8, 16, 24, 32, 33, 41, 49, 57, 58, 66, 74, 75, 82, 83, 90, 91, 99, 107, 108, 115, 116, 124]					MC: [0, 9, 10, 14, 15, 20, 21, 27, 28, 35, 36, 42, 43, 51, 52, 58, 59, 67, 68, 76, 77, 86, 87, 96, 97, 106, 107, 116, 117, 127, 128]
002bcf9b					PS2: [0, 11, 23, 29, 37, 57, 64, 73, 79, 90, 99, 109, 114, 118, 125, 128]					MC: [0, 1, 2, 3, 4, 5, 6, 7, 8, 9, 10, 12, 13, 15, 16, 17, 18, 19, 20, 21, 22, 23, 24, 25, 26, 27, 28, 30, 31, 32, 33, 34, 35, 36, 37, 38, 40, 41, 42, 43, 45, 48, 49, 51, 53, 54, 55, 56, 57, 58, 59, 60, 61, 63, 64, 66, 67, 68, 69, 70, 71, 72, 73, 74, 75, 76, 78, 79, 80, 82, 84, 85, 86, 87, 88, 90, 91, 92, 93, 94, 95, 96, 98, 99, 100, 103, 104, 105, 106, 107, 108, 109, 110, 111, 112, 113, 114, 115, 116, 117, 118, 119, 120, 121, 122, 123, 124, 125, 126, 127, 128]
002bd89d					PS2: [0, 15, 30, 43, 56, 73, 95, 107, 120, 126, 128]					MC: [0, 9, 17, 26, 34, 43, 51, 60, 68, 77, 85, 94, 102, 111, 119, 128]
002c4dcc					PS2: [0, 4, 12, 23, 30, 36, 45, 52, 61, 72, 81, 92, 105, 114, 120, 126]					MC: [0, 2, 3, 4, 6, 7, 8, 9, 10, 11, 12, 13, 14, 15, 16, 17, 18, 19, 20, 21, 22, 23, 24, 25, 26, 27, 28, 29, 30, 31, 32, 33, 34, 35, 36, 37, 38, 39, 40, 41, 42, 43, 44, 45, 46, 47, 48, 49, 50, 51, 52, 54, 55, 56, 57, 58, 60, 61, 62, 63, 64, 65, 66, 67, 68, 69, 70, 71, 72, 73, 75, 76, 77, 78, 80, 81, 82, 83, 84, 85, 86, 87, 88, 89, 90, 91, 92, 93, 94, 95, 96, 97, 98, 99, 100, 101, 102, 103, 104, 105, 106, 107, 108, 109, 110, 111, 112, 113, 114, 115, 116, 118, 120, 121, 122, 123, 124, 125, 126]
002c9ee8					PS2: [0, 4, 8, 17, 25, 34, 42, 51, 59, 68, 79, 93, 102, 110, 119, 128]					MC: [0, 9, 17, 26, 34, 43, 51, 60, 68, 77, 85, 94, 102, 111, 119, 128]
002cb5de					PS2: [0, 8, 17, 25, 34, 42, 51, 59, 68, 76, 85, 93, 102, 110, 119, 128]					MC: [0, 2, 3, 4, 5, 6, 7, 8, 9, 10, 11, 12, 13, 14, 15, 16, 17, 18, 19, 20, 21, 22, 23, 24, 25, 26, 27, 28, 29, 30, 31, 32, 33, 34, 35, 36, 37, 38, 39, 40, 41, 42, 43, 44, 45, 46, 47, 48, 49, 50, 51, 52, 53, 54, 55, 56, 57, 58, 59, 60, 61, 62, 63, 64, 65, 66, 67, 68, 69, 70, 71, 72, 73, 74, 75, 76, 77, 78, 79, 80, 81, 82, 83, 84, 85, 86, 87, 88, 89, 90, 91, 92, 93, 94, 95, 96, 97, 98, 99, 100, 101, 102, 103, 104, 105, 106, 107, 108, 109, 110, 111, 112, 113, 114, 115, 116, 117, 118, 119, 120, 121, 122, 123, 124, 127, 128]
002d265e					PS2: [0, 73, 81, 83, 95, 107, 112, 113, 126, 128]					MC: [0, 72, 73, 74, 78, 85, 86, 87, 88, 89, 90, 103, 104, 105, 106, 107, 116, 117, 126, 127, 128, 129, 130]
002d265e_eabfc4a85ac1e68d7f33d0bcdb183243					PS2: [0, 73, 78, 82, 87, 93, 98, 103, 107, 110, 114, 118, 121, 124, 128]					MC: [0, 73, 74, 77, 79, 80, 83, 84, 86, 87, 88, 89, 90, 91, 94, 95, 97, 98, 101, 102, 103, 104, 105, 106, 107, 108, 109, 112, 113, 115, 116, 120, 121, 123, 124, 126, 127, 128, 129, 130]
002d5bb8					PS2: [0, 18, 26, 33, 45, 55, 63, 70, 79, 86, 95, 103, 111, 119, 128]					MC: [0, 9, 17, 26, 34, 43, 51, 60, 68, 77, 85, 94, 102, 111, 119, 128]
002e27cc					PS2: [0, 15, 30, 43, 56, 77, 95, 106, 119, 126, 127, 128]					MC: [0, 9, 17, 26, 34, 43, 51, 60, 68, 77, 85, 94, 102, 111, 119, 128]
002e3854					PS2: [0, 10, 19, 28, 37, 46, 54, 63, 72, 81, 90, 99, 108, 117, 125, 126]					MC: [0, 9, 17, 26, 34, 43, 51, 60, 68, 77, 85, 94, 102, 111, 119, 128]
002e44cc					PS2: [0, 8, 16, 24, 33, 41, 49, 57, 66, 74, 82, 91, 99, 108, 115, 124]					MC: [0, 9, 10, 14, 15, 20, 21, 27, 28, 35, 36, 42, 43, 51, 52, 58, 59, 67, 68, 76, 77, 86, 87, 96, 97, 106, 107, 116, 117, 127, 128]
002e4920					PS2: [0, 3, 10, 18, 24, 33, 42, 49, 62, 74, 81, 89, 98, 107, 117, 128]					MC: [0, 9, 14, 15, 20, 21, 27, 28, 35, 42, 43, 51, 52, 58, 59, 67, 68, 77, 86, 87, 96, 97, 106, 107, 116, 117, 127, 128]
002e72b3					PS2: [0, 7, 14, 26, 34, 41, 50, 58, 67, 78, 86, 95, 104, 115, 123, 128]					MC: [0, 6, 7, 8, 13, 14, 15, 25, 26, 27, 33, 34, 35, 40, 41, 42, 49, 50, 51, 57, 58, 59, 66, 67, 68, 77, 78, 79, 85, 86, 87, 94, 95, 96, 103, 104, 105, 114, 115, 116, 122, 123, 124, 127, 128, 129]
002f72b3					PS2: [0, 7, 14, 22, 31, 41, 51, 61, 73, 83, 93, 101, 110, 117, 123, 128]					MC: [0, 1, 2, 3, 4, 5, 6, 7, 8, 9, 10, 11, 12, 13, 14, 15, 16, 17, 18, 19, 20, 21, 22, 23, 24, 25, 26, 27, 28, 29, 30, 31, 32, 33, 34, 35, 36, 37, 38, 39, 40, 41, 42, 43, 44, 45, 46, 47, 48, 49, 50, 51, 52, 53, 54, 55, 56, 57, 58, 59, 60, 61, 62, 63, 64, 65, 66, 67, 68, 69, 70, 71, 72, 73, 74, 75, 76, 77, 78, 79, 80, 81, 82, 83, 84, 85, 86, 87, 88, 89, 90, 91, 92, 93, 94, 95, 96, 97, 98, 99, 100, 101, 102, 103, 104, 105, 106, 107, 108, 109, 110, 111, 112, 113, 114, 115, 116, 117, 118, 119, 120, 121, 122, 123, 124, 125, 126, 127, 128, 129, 130]
003072af					PS2: [0, 9, 17, 27, 36, 46, 57, 65, 74, 81, 89, 98, 106, 114, 122, 128]					MC: [0, 1, 2, 3, 4, 5, 6, 7, 8, 9, 10, 11, 12, 13, 14, 15, 16, 17, 18, 19, 20, 21, 22, 23, 24, 25, 26, 27, 28, 29, 30, 31, 32, 33, 34, 35, 36, 37, 38, 39, 40, 41, 42, 43, 44, 45, 46, 47, 48, 49, 50, 51, 52, 53, 54, 55, 56, 57, 58, 59, 60, 61, 62, 63, 64, 65, 66, 67, 68, 69, 70, 71, 72, 73, 74, 75, 76, 77, 78, 79, 80, 81, 82, 83, 84, 85, 86, 87, 88, 89, 90, 91, 92, 93, 94, 95, 96, 97, 98, 99, 100, 101, 102, 103, 104, 105, 106, 107, 108, 109, 110, 111, 112, 113, 114, 115, 116, 117, 118, 119, 120, 121, 122, 123, 127, 128, 129]
003072b3					PS2: [0, 4, 10, 17, 24, 32, 40, 49, 59, 70, 81, 92, 101, 110, 118, 128]					MC: [0, 1, 2, 3, 4, 5, 7, 9, 10, 11, 16, 17, 18, 19, 20, 23, 24, 25, 28, 31, 32, 33, 35, 39, 40, 41, 45, 46, 48, 49, 50, 58, 59, 60, 69, 70, 71, 80, 81, 82, 91, 92, 93, 100, 101, 102, 109, 110, 111, 113, 115, 116, 117, 118, 121, 122, 123, 126, 127, 128, 129]
003157a0					PS2: [0, 5, 13, 21, 28, 35, 42, 57, 67, 76, 86, 95, 103, 110, 118, 127]					MC: [0, 9, 17, 26, 34, 43, 51, 60, 68, 77, 85, 94, 102, 111, 119, 128]
003172af					PS2: [0, 5, 17, 26, 38, 48, 57, 66, 74, 83, 92, 103, 110, 115, 121, 128]					MC: [0, 4, 5, 6, 7, 16, 17, 18, 25, 26, 27, 37, 38, 39, 47, 48, 49, 56, 57, 58, 65, 66, 67, 73, 74, 75, 82, 83, 84, 91, 92, 93, 102, 103, 104, 109, 110, 111, 114, 115, 116, 120, 121, 122, 127, 128, 129]
003172b3					PS2: [0, 3, 9, 18, 28, 40, 52, 65, 77, 87, 99, 108, 117, 122, 128]					MC: [0, 1, 2, 3, 4, 5, 6, 7, 8, 9, 10, 11, 12, 13, 14, 15, 16, 17, 18, 19, 20, 21, 22, 23, 24, 25, 26, 27, 28, 29, 30, 31, 32, 33, 34, 35, 36, 37, 38, 39, 40, 41, 42, 43, 44, 45, 46, 47, 48, 49, 50, 51, 52, 53, 54, 55, 56, 57, 58, 59, 60, 61, 62, 63, 64, 65, 66, 67, 68, 69, 70, 71, 72, 73, 74, 75, 76, 77, 78, 79, 80, 81, 82, 83, 84, 85, 86, 87, 88, 89, 90, 91, 92, 93, 94, 95, 96, 97, 98, 99, 100, 101, 102, 103, 104, 105, 106, 107, 108, 109, 110, 111, 112, 113, 114, 115, 116, 117, 118, 119, 120, 121, 122, 123, 124, 125, 126, 127, 128, 129, 130, 131, 132, 133, 134, 135, 136, 137, 139]
0031e51a					PS2: [0, 1, 10, 19, 28, 37, 45, 54, 63, 73, 81, 90, 99, 108, 117, 126]					MC: [0, 9, 17, 26, 34, 43, 51, 60, 68, 77, 85, 94, 102, 111, 119, 128]
00322317					PS2: [0, 4, 7, 11, 16, 21, 26, 29, 34, 37, 40, 44, 49, 56, 64, 73]					MC: [0, 1, 2, 3, 4, 5, 6, 7, 8, 9, 10, 11, 12, 13, 14, 15, 16, 17, 18, 19, 20, 21, 22, 23, 24, 25, 26, 27, 28, 29, 30, 31, 32, 33, 34, 35, 36, 37, 38, 39, 40, 41, 42, 43, 44, 45, 46, 47, 48, 49, 50, 51, 52, 53, 54, 55, 56, 57, 58, 59, 60, 61, 62, 63, 64, 65, 66, 67, 68, 69, 70, 71, 72, 73, 74, 75, 76, 77, 78, 79, 80, 81, 82, 83, 84, 85, 86, 87, 88, 89, 90, 91, 92, 93, 94, 95, 96, 97, 98, 99, 100, 101, 102, 103, 104, 105, 106, 107, 108, 109, 110, 111, 112, 113, 114, 115, 116, 117, 118, 119, 120, 121, 122, 123, 124, 125, 126, 127, 128, 129, 130, 131, 132, 133, 134, 135, 136, 137, 138, 139, 140, 141, 142, 143, 144, 145, 146, 147, 148, 149, 150, 151, 152, 153, 154, 155, 156, 157, 158, 159, 160, 161, 162, 163, 164, 165, 166, 167, 168, 169, 170, 171, 172, 173, 174, 175, 176, 177, 178, 179, 180, 181, 182, 183, 185, 186, 187, 188, 189, 190, 192, 193, 194, 195, 196, 197, 198, 199, 201, 203, 204, 205, 206, 207, 208, 209, 217, 218, 219, 222, 223, 234]
003326d9					PS2: [0, 12, 20, 29, 37, 45, 54, 63, 72, 81, 90, 99, 109, 118, 128]					MC: [0, 1, 2, 3, 4, 5, 7, 8, 9, 10, 11, 12, 13, 14, 15, 16, 18, 19, 20, 21, 22, 23, 24, 25, 26, 27, 28, 32, 34, 38, 40, 43, 47, 48, 49, 50, 51, 52, 53, 56, 57, 58, 59, 60, 61, 62, 63, 64, 65, 66, 67, 68, 69, 70, 71, 72, 73, 74, 75, 76, 77, 78, 79, 80, 81, 82, 83, 84, 85, 86, 87, 88, 91, 92, 93, 94, 95, 96, 97, 98, 99, 100, 101, 102, 103, 104, 105, 106, 107, 108, 109, 110, 111, 112, 113, 114, 115, 116, 117, 118, 119, 120, 121, 122, 123, 124, 125, 126, 127, 128, 129, 130, 131, 132, 133, 134, 135]
00337f00					PS2: [0, 7, 15, 23, 31, 36, 43, 52, 60, 66, 76, 85, 94, 104, 119, 128]					MC: [0, 1, 2, 3, 4, 5, 6, 7, 8, 9, 10, 11, 12, 13, 14, 15, 16, 17, 18, 19, 20, 21, 22, 23, 24, 25, 26, 27, 28, 29, 30, 31, 32, 33, 34, 35, 36, 37, 38, 39, 40, 41, 42, 43, 44, 50, 52, 53, 54, 55, 56, 57, 58, 59, 60, 61, 62, 63, 64, 65, 66, 67, 68, 69, 70, 71, 72, 73, 74, 75, 76, 77, 79, 80, 81, 82, 85, 86, 87, 88, 89, 90, 91, 92, 93, 94, 95, 96, 97, 99, 100, 101, 102, 107, 110, 111, 113, 114, 115, 116, 117, 118, 119, 120, 121, 122, 123, 124, 125, 126, 127, 128, 129, 130, 131, 132, 133, 134, 135, 136, 137, 138, 139, 140, 141, 142, 143, 144, 146]
00342f5b					PS2: [0, 65, 66, 67, 101, 102, 103, 128]					MC: [0, 1, 2, 3, 4, 5, 6, 7, 8, 9, 10, 11, 12, 13, 14, 15, 16, 17, 18, 99, 117, 118, 121, 122, 123, 124, 125, 126, 127, 128]
00348890					PS2: [0, 7, 8, 16, 24, 32, 33, 41, 49, 57, 58, 66, 74, 75, 82, 83, 90, 91, 99, 107, 108, 115, 116, 124]					MC: [0, 9, 10, 14, 15, 20, 21, 27, 28, 35, 36, 42, 43, 51, 52, 58, 59, 67, 68, 76, 77, 86, 87, 96, 97, 106, 107, 116, 117, 127, 128]
0035095c					PS2: [0, 1, 2, 3, 4, 5, 6, 7, 8, 9, 10, 11, 12, 13, 14, 15, 16, 17, 18, 19, 20, 22, 24, 25, 26, 27, 28, 29, 30, 31, 33, 34, 35, 36, 39, 40, 41, 45, 46, 48, 49, 50, 52, 53, 54, 56, 57, 59, 60, 61, 62, 64, 66, 68, 69, 70, 71, 75, 76, 77, 78, 79, 80, 81, 84, 85, 87, 88, 91, 92, 93, 94, 95, 96, 103, 104, 105, 106, 107, 110, 111, 112, 113, 114, 115, 116, 117, 118, 119, 120, 121, 122, 123, 124, 125, 126, 127, 128]					MC: [0, 2, 3, 6, 7, 8, 10, 11, 12, 13, 14, 15, 16, 17, 18, 19, 20, 21, 22, 23, 24, 25, 30, 31, 32, 33, 34, 35, 36, 37, 38, 39, 40, 42, 43, 46, 47, 55, 56, 57, 58, 60, 61, 62, 64, 65, 67, 68, 71, 72, 74, 80, 87, 88, 89, 90, 91, 92, 93, 99, 100, 101, 102, 106, 107, 108, 109, 110, 111, 112, 113, 114, 118, 120, 121, 123, 124, 127, 128]
00354e27					PS2: [0, 4, 11, 17, 25, 33, 42, 51, 60, 72, 84, 93, 100, 109, 120, 127]					MC: [0, 9, 17, 26, 34, 43, 51, 60, 68, 77, 85, 94, 102, 111, 119, 128]
00354e2b					PS2: [0, 6, 7, 12, 13, 21, 22, 32, 33, 41, 42, 47, 48, 55, 56, 64, 65, 73, 74, 83, 84, 91, 92, 101, 102, 110, 111, 116, 117, 123, 124]					MC: [0, 9, 17, 26, 34, 43, 51, 60, 68, 77, 85, 94, 102, 111, 119, 128]
00354e2f					PS2: [0, 3, 11, 19, 26, 35, 45, 56, 64, 72, 83, 95, 103, 111, 119, 126]					MC: [0, 9, 17, 26, 34, 43, 51, 60, 68, 77, 85, 94, 102, 111, 119, 128]
00360eea					PS2: [0, 22, 46, 59, 77, 93, 119, 124, 125, 126, 127, 128]					MC: [0, 8, 16, 24, 32, 40, 48, 56, 64, 72, 80, 88, 96, 104, 112, 120, 128]
0036a317					PS2: [0, 4, 17, 25, 34, 42, 51, 59, 68, 76, 85, 93, 102, 110, 119, 128]					MC: [0, 9, 17, 26, 34, 43, 51, 60, 68, 77, 85, 94, 102, 111, 119, 127, 128, 129]
003797aa					PS2: [0, 10, 19, 28, 37, 45, 54, 63, 73, 81, 90, 99, 108, 117, 125, 126]					MC: [0, 9, 17, 26, 34, 43, 51, 60, 68, 77, 85, 94, 102, 111, 119, 128]
003886e9					PS2: [0, 46, 64, 65, 66, 85, 102, 103, 115, 128]					MC: [0, 1, 2, 3, 4, 5, 6, 7, 8, 13, 14, 16, 21, 22, 23, 24, 26, 34, 45, 49, 60, 65, 67, 70, 73, 74, 76, 77, 82, 83, 84, 85, 92, 94, 99, 100, 103, 104, 105, 106, 107, 114]
0038f2a7					PS2: [0, 19, 28, 36, 45, 52, 59, 68, 76, 85, 94, 103, 111, 119, 124, 128]					MC: [0, 1, 2, 3, 4, 5, 6, 7, 8, 9, 10, 11, 12, 13, 14, 15, 16, 17, 18, 19, 20, 21, 22, 23, 24, 25, 26, 27, 28, 30, 31, 32, 33, 34, 35, 36, 37, 38, 39, 40, 41, 42, 43, 44, 45, 46, 47, 48, 49, 50, 51, 52, 54, 55, 56, 57, 58, 59, 60, 61, 62, 63, 64, 65, 66, 67, 68, 70, 71, 72, 73, 75, 76, 77, 78, 79, 80, 81, 82, 83, 84, 85, 86, 87, 88, 89, 90, 91, 92, 93, 94, 95, 96, 97, 98, 99, 100, 101, 102, 103, 104, 105, 106, 107, 108, 109, 110, 111, 112, 113, 114, 115, 116, 117, 118, 119, 120, 121, 122, 123, 124, 125, 126, 127, 128, 129, 130, 131, 132, 133, 134, 135, 136, 137, 138, 139, 141]
0038f2a7_5def0cd149f56d9b37bda645a51e60c5					PS2: [0, 19, 28, 36, 45, 53, 59, 67, 76, 85, 94, 103, 111, 119, 124, 128]					MC: [0, 1, 2, 3, 4, 5, 6, 7, 8, 9, 10, 11, 12, 13, 14, 15, 16, 17, 18, 19, 20, 21, 22, 23, 24, 25, 26, 27, 28, 29, 30, 31, 32, 33, 34, 35, 36, 37, 38, 39, 40, 41, 42, 43, 44, 45, 46, 47, 48, 49, 50, 51, 52, 53, 54, 55, 56, 57, 58, 59, 60, 61, 62, 63, 64, 65, 66, 67, 68, 69, 70, 71, 72, 73, 75, 76, 77, 78, 79, 80, 81, 82, 83, 84, 85, 86, 87, 88, 89, 90, 91, 92, 93, 94, 95, 96, 97, 98, 99, 100, 101, 102, 103, 104, 105, 106, 107, 108, 109, 110, 111, 112, 113, 114, 115, 116, 117, 118, 119, 120, 121, 122, 123, 124, 125, 126, 127, 128, 129, 130, 131, 132, 133, 134, 135, 136, 137, 138, 139, 140, 141, 142]
00393ebb					PS2: [0, 1, 2, 3, 4, 5, 6, 7, 8, 9, 10, 11, 12, 13, 14, 15, 16, 17, 18, 19, 20, 21, 22, 23, 24, 25, 26, 27, 28, 29, 30, 31, 32, 33, 34, 35, 36, 37, 38, 39, 40, 41, 42, 43, 44, 45, 46, 47, 48, 49, 50, 51, 52, 53, 54, 55, 56, 57, 58, 59, 60, 61, 62, 63, 64, 65, 66, 67, 68, 69, 70, 71, 72, 73, 74, 75, 76, 77, 78, 79, 80, 81, 82, 83, 84, 85, 86, 87, 88, 89, 90, 91, 92, 93, 94, 95, 96, 97, 98, 99, 100, 101, 102, 103, 104, 105, 106, 107, 108, 109, 110, 111, 112, 113, 114, 115, 116, 117, 118, 119, 120, 121, 122, 123, 124, 125, 126, 127, 128]					MC: [0, 9, 10, 14, 15, 20, 21, 27, 28, 35, 36, 42, 43, 51, 52, 58, 59, 67, 68, 76, 77, 86, 87, 96, 97, 106, 107, 116, 117, 127, 128]
003987a9					PS2: [0, 65, 66, 102, 103, 128]					MC: [0, 76, 102, 104]
0039a697					PS2: [0, 20, 31, 44, 66, 79, 93, 101, 105, 108, 111, 115, 118, 122, 125, 128]					MC: [0, 1, 2, 3, 4, 5, 6, 7, 8, 9, 10, 11, 12, 13, 14, 15, 16, 17, 18, 19, 20, 21, 22, 23, 24, 25, 26, 27, 28, 29, 30, 31, 32, 33, 34, 35, 36, 37, 38, 39, 40, 41, 42, 43, 44, 45, 46, 47, 48, 49, 50, 51, 52, 53, 54, 55, 56, 57, 58, 59, 60, 61, 62, 63, 64, 65, 66, 67, 68, 69, 70, 71, 72, 73, 74, 75, 76, 77, 78, 79, 80, 81, 82, 83, 84, 85, 86, 87, 88, 89, 90, 91, 92, 93, 94, 95, 96, 97, 98, 99, 100, 101, 102, 103, 104, 105, 106, 107, 108, 109, 110, 111, 112, 113, 114, 115, 116, 117, 118, 119, 120, 121, 122, 123, 124, 125, 126, 127, 128, 129, 130, 131]
0039b4db					PS2: [0, 65, 66, 102, 103, 128]					MC: [0, 38, 39, 127, 128]
0039c5e8					PS2: [0, 2, 3, 8, 12, 17, 22, 28, 36, 56, 80, 101, 116, 128]					MC: [0, 1, 2, 3, 4, 7, 8, 9, 11, 12, 13, 16, 17, 18, 21, 22, 23, 27, 28, 29, 35, 36, 37, 55, 56, 57, 79, 80, 81, 100, 101, 102, 115, 116, 117, 127, 128, 129]
003a52ae					PS2: [0, 6, 27, 41, 54, 56, 66, 78, 91, 105]					MC: [0, 1, 2, 3, 4, 5, 6, 7, 8, 9, 10, 11, 12, 13, 14, 15, 16, 17, 18, 19, 20, 21, 22, 23, 24, 25, 26, 27, 28, 29, 30, 31, 32, 33, 34, 35, 36, 37, 38, 39, 40, 41, 42, 43, 44, 45, 46, 47, 48, 49, 50, 51, 52, 53, 55, 56, 57, 58, 59, 60, 61, 62, 63, 64, 65, 66, 67, 68, 69, 70, 71, 72, 73, 74, 75, 76, 77, 78, 79, 80, 81, 82, 83, 84, 85, 86, 87, 88, 90, 91, 92, 93, 94, 95, 96, 97, 98, 99, 100, 101, 102, 103, 104, 105, 106, 107, 108, 109, 110, 111, 112, 113, 114, 115, 116, 117, 118, 119, 120, 121, 122, 123, 124, 125, 126, 127, 128, 129, 130, 131, 132, 133, 134, 135, 136, 137, 138]
003ab5aa					PS2: [0, 7, 8, 16, 24, 32, 33, 41, 49, 57, 58, 66, 74, 75, 82, 83, 90, 91, 99, 107, 108, 115, 116, 124]					MC: [0, 9, 10, 14, 15, 20, 21, 27, 28, 34, 35, 42, 43, 50, 51, 58, 59, 67, 68, 76, 77, 86, 87, 95, 96, 105, 106, 115, 116, 126, 127]
003b6d6f					PS2: [0, 4, 12, 20, 26, 36, 46, 55, 66, 77, 86, 94, 101, 110, 116, 126]					MC: [0, 2, 3, 4, 6, 7, 8, 9, 10, 11, 12, 13, 14, 15, 16, 17, 18, 19, 20, 21, 22, 23, 24, 25, 26, 27, 28, 29, 30, 31, 32, 33, 34, 35, 36, 37, 38, 39, 40, 41, 42, 43, 44, 45, 46, 47, 48, 49, 50, 51, 52, 53, 54, 55, 56, 57, 58, 59, 60, 61, 62, 63, 64, 65, 66, 67, 68, 69, 70, 71, 72, 73, 74, 75, 76, 77, 78, 79, 80, 81, 82, 83, 84, 85, 86, 87, 88, 89, 90, 91, 92, 93, 94, 95, 96, 97, 98, 99, 100, 101, 102, 103, 104, 105, 106, 107, 108, 109, 110, 111, 112, 113, 114, 115, 116, 118, 119, 120, 121, 122, 123, 124, 125, 126]
003b6f66					PS2: [0, 7, 16, 24, 33, 41, 49, 57, 66, 74, 82, 91, 99, 108, 115, 124]					MC: [0, 9, 14, 15, 20, 21, 25, 26, 27, 28, 34, 35, 37, 38, 42, 43, 49, 50, 51, 58, 59, 61, 62, 67, 68, 73, 74, 76, 77, 83, 84, 86, 87, 88, 89, 92, 93, 95, 96, 101, 102, 105, 106, 107, 109, 110, 115, 116, 120, 121, 123, 124, 125, 126, 127]
003bcaaa					PS2: [0, 3, 11, 18, 25, 32, 42, 50, 59, 68, 81, 92, 101, 110, 117, 127]					MC: [0, 9, 10, 14, 15, 20, 21, 27, 28, 34, 35, 42, 43, 50, 51, 59, 67, 68, 77, 86, 87, 95, 96, 105, 106, 115, 116, 126, 127]
003d06bf					PS2: [0, 37, 59, 81, 96, 106, 119, 124, 126, 128]					MC: [0, 1, 2, 3, 4, 5, 6, 7, 8, 9, 10, 11, 12, 13, 14, 15, 16, 17, 18, 19, 20, 21, 22, 23, 24, 25, 26, 27, 28, 29, 30, 31, 32, 33, 34, 35, 36, 37, 38, 39, 40, 41, 42, 43, 44, 45, 46, 47, 48, 49, 50, 51, 52, 53, 54, 55, 56, 57, 58, 59, 60, 61, 62, 63, 64, 65, 66, 67, 68, 69, 70, 71, 72, 73, 74, 75, 76, 77, 78, 79, 80, 81, 82, 83, 84, 85, 86, 87, 88, 89, 90, 91, 92, 93, 94, 95, 96, 97, 98, 99, 100, 101, 102, 103, 104, 105, 106, 107, 108, 109, 110, 111, 112, 113, 114, 115, 116, 117, 118, 119, 120, 121, 122, 123, 124, 125, 126, 127, 128, 129, 131]
003e1f7a					PS2: [0, 1, 10, 19, 28, 37, 45, 54, 63, 72, 81, 90, 99, 108, 117, 126]					MC: [0, 9, 17, 26, 34, 43, 51, 60, 68, 77, 85, 94, 102, 111, 119, 128]
003e24e2					PS2: [0, 23, 28, 36, 45, 53, 58, 66, 72, 76, 85, 93, 102, 109, 119, 128]					MC: [0, 8, 9, 14, 15, 19, 20, 25, 26, 32, 33, 39, 40, 46, 47, 55, 56, 63, 64, 71, 72, 79, 80, 89, 90, 98, 99, 107, 108, 117, 118, 127, 128]
003f6fad					PS2: [0, 2, 3, 4, 5, 6, 8, 9, 11, 13, 14, 15, 16, 17, 18, 19, 20, 21, 22, 23, 24, 25, 26, 27, 28, 29, 30, 31, 32, 33, 34, 35, 36, 37, 39, 40, 42, 44, 45, 46, 47, 50, 51, 52, 53, 54, 55, 56, 57, 59, 61, 62, 63, 64, 65, 66, 68, 70, 71, 72, 73, 74, 75, 76, 77, 80, 81, 82, 83, 85, 87, 88, 90, 91, 92, 93, 94, 95, 96, 97, 98, 99, 100, 101, 102, 103, 104, 105, 106, 107, 108, 109, 110, 111, 112, 113, 114, 116, 118, 119]					MC: [0, 5, 9, 10, 14, 15, 16, 17, 18, 19, 20, 21, 22, 23, 24, 25, 26, 27, 28, 29, 30, 31, 32, 33, 34, 35, 36, 37, 38, 39, 40, 41, 42, 43, 44, 45, 46, 47, 48, 49, 50, 51, 52, 53, 54, 55, 56, 57, 58, 59, 60, 61, 62, 63, 64, 65, 66, 67, 68, 69, 70, 71, 72, 73, 74, 75, 76, 77, 78, 79, 80, 81, 82, 83, 84, 85, 86, 87, 88, 89, 90, 91, 92, 93, 94, 95, 96, 97, 98, 99, 100]
00406fad					PS2: [0, 1, 2, 3, 4, 5, 6, 7, 8, 9, 10, 11, 12, 13, 14, 15, 16, 17, 18, 19, 20, 21, 22, 23, 24, 25, 27, 28, 29, 31, 32, 35, 36, 37, 38, 39, 40, 41, 43, 44, 46, 47, 48, 49, 50, 51, 52, 53, 54, 56, 57, 58, 59, 60, 62, 63, 64, 65, 66, 67, 68, 69, 70, 71, 72, 73, 75, 76, 77, 78, 79, 81, 82, 83, 84, 85, 86, 87, 90, 91, 94, 95, 97, 98, 99, 100, 105, 106, 107, 109, 110, 115, 118]					MC: [0, 2, 3, 5, 7, 8, 9, 10, 11, 12, 14, 15, 16, 17, 18, 19, 20, 21, 22, 23, 24, 25, 26, 27, 28, 29, 30, 31, 32, 33, 34, 35, 36, 37, 38, 39, 40, 41, 42, 43, 44, 45, 46, 47, 48, 49, 50, 51, 52, 53, 54, 55, 56, 57, 58, 59, 60, 61, 62, 63, 64, 65, 66, 67, 68, 69, 70, 71, 72, 73, 74, 75, 76, 77, 78, 79, 80, 81, 82, 83, 84, 85, 86, 87, 88, 89, 90, 91, 92, 93, 94, 95, 96, 97, 98, 99, 100, 101, 102, 103, 104, 105, 108, 109, 111]
00409eec					PS2: [0, 15, 36, 56, 67, 81, 97, 118, 126, 127, 128]					MC: [0, 8, 16, 25, 33, 41, 49, 58, 65, 73, 82, 90, 98, 106, 115, 123, 131]
0040d89d					PS2: [0, 15, 36, 56, 76, 95, 107, 120, 125, 127, 128]					MC: [0, 9, 17, 26, 34, 43, 51, 60, 68, 77, 85, 94, 102, 111, 119, 128]
00413d7a					PS2: [0, 7, 8, 16, 24, 32, 33, 41, 49, 57, 58, 66, 74, 75, 82, 83, 90, 91, 99, 107, 108, 115, 116, 124]					MC: [0, 9, 10, 14, 15, 20, 21, 27, 28, 34, 35, 41, 42, 49, 50, 57, 58, 66, 67, 75, 76, 84, 85, 94, 95, 104, 105, 113, 114, 124, 125]
0041435e					PS2: [0, 19, 35, 50, 65, 83, 96, 107, 126, 127, 128]					MC: [0, 9, 17, 26, 34, 43, 51, 60, 68, 77, 85, 94, 102, 111, 119, 128]
00414361					PS2: [0, 11, 32, 50, 64, 84, 96, 107, 126, 127, 128]					MC: [0, 9, 17, 26, 34, 43, 51, 60, 68, 77, 85, 94, 102, 111, 119, 128]
00414362					PS2: [0, 19, 32, 45, 63, 83, 96, 112, 115, 126, 128]					MC: [0, 9, 17, 26, 34, 43, 51, 60, 68, 77, 85, 94, 102, 111, 119, 128]
00414365					PS2: [0, 13, 29, 46, 64, 82, 96, 109, 111, 125, 127, 128]					MC: [0, 9, 17, 26, 34, 43, 51, 60, 68, 77, 85, 94, 102, 111, 119, 128]
00414366					PS2: [0, 13, 31, 50, 66, 94, 108, 113, 125, 126, 127, 128]					MC: [0, 9, 17, 26, 34, 43, 51, 60, 68, 77, 85, 94, 102, 111, 119, 128]
00414369					PS2: [0, 19, 32, 46, 62, 77, 95, 108, 111, 125, 126, 127, 128]					MC: [0, 9, 17, 26, 34, 43, 51, 60, 68, 77, 85, 94, 102, 111, 119, 128]
0042527a					PS2: [0, 4, 11, 18, 26, 33, 44, 54, 63, 69, 80, 85, 99, 110, 119, 128]					MC: [0, 9, 10, 14, 15, 20, 21, 27, 28, 34, 35, 41, 42, 49, 50, 57, 58, 66, 67, 75, 76, 84, 85, 94, 95, 104, 105, 113, 114, 124, 125]
00425555					PS2: [0, 4, 13, 25, 41, 45, 53, 60, 64, 68, 75, 84, 90, 96, 103, 110]					MC: [0, 1, 2, 3, 4, 5, 6, 7, 8, 9, 10, 11, 12, 13, 14, 15, 16, 17, 18, 19, 23, 27, 30, 31, 32, 33, 37, 38, 44, 45, 46, 50, 51, 52, 53, 54, 55, 61, 62, 67, 68, 70, 71, 72, 73, 80, 81, 83, 84, 85, 86, 88, 89, 92, 93, 94, 95, 96, 97, 98]
004327cc					PS2: [0, 15, 30, 43, 56, 74, 94, 106, 119, 125, 127, 128]					MC: [0, 9, 17, 26, 34, 43, 51, 60, 68, 77, 85, 94, 102, 111, 119, 128]
00438b80					PS2: [0, 20, 33, 44, 54, 64, 72, 81, 88, 96, 103, 111]					MC: [0, 19, 20, 32, 33, 34, 43, 44, 45, 53, 54, 63, 64, 65, 71, 72, 80, 81, 87, 88, 89, 95, 96, 102, 103, 111, 112]
0043e5cf					PS2: [0, 4, 8, 17, 25, 34, 42, 51, 59, 68, 80, 93, 102, 110, 119, 128]					MC: [0, 9, 17, 26, 34, 43, 51, 60, 68, 77, 85, 94, 102, 111, 119, 128]
0044e6cb					PS2: [0, 18, 26, 33, 45, 55, 63, 71, 79, 94, 95, 103, 111, 119, 128]					MC: [0, 9, 17, 26, 34, 51, 60, 68, 77, 85, 94, 102, 111, 119, 128]
00454202					PS2: [0, 8, 14, 21, 29, 38, 44, 51, 61, 71, 81, 90, 100, 110, 118, 126]					MC: [0, 1, 2, 3, 4, 5, 6, 7, 8, 9, 10, 11, 12, 13, 14, 15, 16, 17, 18, 19, 20, 21, 22, 23, 24, 25, 26, 27, 28, 29, 30, 31, 32, 33, 34, 35, 36, 37, 38, 39, 40, 41, 42, 43, 44, 45, 46, 47, 48, 49, 50, 51, 52, 53, 54, 55, 56, 57, 58, 59, 60, 61, 62, 63, 64, 65, 66, 67, 68, 69, 70, 71, 72, 73, 74, 75, 76, 77, 78, 79, 80, 81, 82, 83, 84, 85, 86, 87, 88, 89, 90, 91, 92, 93, 94, 95, 96, 97, 98, 99, 100, 101, 102, 103, 104, 105, 106, 107, 108, 109, 110, 111, 112, 113, 114, 115, 116, 117, 118, 119, 120, 121, 122, 123, 124, 125, 126, 127, 128, 129, 130, 132, 133, 134, 135, 137, 138, 139, 140, 141, 144, 145, 146, 149, 150, 153, 154, 156, 158, 159, 160]
00455164					PS2: [0, 5, 12, 19, 28, 38, 48, 58, 65, 74, 83, 95, 104, 113, 120, 128]					MC: [0, 2, 3, 4, 6, 7, 8, 9, 10, 11, 12, 13, 14, 15, 16, 17, 18, 19, 20, 21, 22, 23, 24, 25, 26, 27, 28, 29, 30, 31, 32, 33, 34, 35, 36, 37, 38, 39, 40, 41, 42, 43, 44, 45, 46, 47, 48, 49, 50, 51, 52, 53, 54, 55, 56, 57, 58, 59, 60, 61, 62, 63, 64, 65, 66, 67, 68, 69, 70, 71, 72, 73, 74, 75, 76, 77, 78, 79, 80, 81, 82, 83, 84, 85, 86, 87, 88, 89, 90, 91, 92, 93, 94, 95, 96, 97, 98, 99, 100, 101, 102, 103, 104, 105, 106, 107, 108, 109, 110, 111, 112, 113, 114, 115, 116, 118, 120, 121, 122, 123, 124, 125, 126]
00456bf2					PS2: [0, 73, 78, 83, 87, 92, 96, 100, 104, 105, 109, 112, 115, 120, 128]					MC: [0, 73, 77, 80, 84, 88, 91, 95, 99, 102, 105, 106, 110, 113, 117, 121, 124, 128]
00457663					PS2: [0, 31, 63, 83, 123, 128]					MC: [0, 1, 2, 3, 4, 6, 7, 9, 10, 11, 12, 13, 14, 15, 16, 17, 18, 19, 20, 21, 22, 23, 25, 26, 27, 28, 29, 30, 31, 32, 33, 35, 36, 37, 40, 41, 42, 44, 46, 47, 50, 51, 52, 55, 56, 58, 59, 65, 67, 69, 70, 71, 77, 81, 83, 85, 86, 87, 91, 93, 94, 103, 106, 109, 110, 112, 113, 114, 116, 118, 119, 120, 121, 122, 123, 124, 125, 126, 127, 128]
00459c02					PS2: [0, 8, 13, 22, 26, 40, 57, 70, 75, 91, 95, 107, 117, 121, 124, 128]					MC: [0, 1, 2, 4, 5, 8, 10, 13, 14, 16, 19, 22, 23, 24, 28, 30, 36, 37, 42, 47, 51, 54, 60, 66, 69, 75, 80, 82, 88, 96, 97, 103, 105, 106, 112, 115, 120, 121, 124, 126, 127]
0045d890					PS2: [0, 6, 11, 18, 30, 42, 55, 64, 73, 82, 88, 94, 101, 109, 118, 128]					MC: [0, 9, 10, 14, 15, 20, 21, 27, 28, 35, 36, 42, 43, 51, 52, 58, 59, 67, 68, 76, 77, 86, 87, 96, 97, 106, 107, 116, 117, 127, 128]
0045e6cb					PS2: [0, 19, 25, 33, 45, 56, 63, 70, 79, 86, 94, 95, 103, 111, 119, 128]					MC: [0, 9, 17, 26, 34, 43, 51, 60, 68, 77, 85, 94, 102, 111, 119, 128]
00475e90					PS2: [0, 4, 11, 20, 29, 40, 51, 60, 70, 79, 86, 95, 106, 114, 120, 127]					MC: [0, 2, 3, 4, 6, 7, 8, 9, 10, 11, 12, 13, 14, 15, 16, 17, 18, 19, 20, 21, 22, 23, 24, 25, 26, 27, 28, 29, 30, 31, 32, 33, 34, 35, 36, 37, 38, 39, 40, 41, 42, 43, 44, 45, 46, 47, 48, 49, 50, 51, 52, 53, 54, 55, 56, 57, 58, 59, 60, 61, 62, 63, 64, 65, 66, 67, 68, 69, 70, 71, 72, 73, 74, 75, 77, 78, 79, 80, 81, 82, 83, 84, 85, 86, 87, 88, 89, 90, 91, 92, 93, 94, 95, 96, 98, 99, 100, 101, 102, 103, 104, 105, 106, 107, 108, 109, 110, 111, 112, 113, 114, 115, 116, 118, 120, 121, 122, 123, 124, 125, 126]
0049b9cb					PS2: [0, 15, 30, 41, 56, 75, 94, 107, 119, 125, 127, 128]					MC: [0, 1, 2, 3, 4, 5, 6, 7, 8, 9, 10, 11, 12, 13, 14, 15, 16, 17, 18, 19, 20, 21, 22, 23, 24, 25, 26, 27, 28, 29, 30, 31, 32, 33, 34, 35, 36, 37, 38, 39, 40, 41, 42, 43, 44, 45, 46, 47, 49, 50, 51, 52, 53, 54, 55, 56, 57, 58, 59, 60, 61, 62, 63, 64, 65, 66, 67, 68, 69, 70, 71, 72, 73, 74, 75, 76, 77, 78, 79, 80, 81, 82, 83, 84, 85, 86, 87, 88, 89, 90, 91, 92, 93, 94, 95, 96, 97, 98, 99, 100, 101, 102, 103, 104, 105, 106, 107, 108, 109, 110, 111, 112, 113, 114, 115, 116, 117, 118, 119, 120, 121, 122, 123, 124, 125, 126, 127, 128, 129, 130, 131]
004a230b					PS2: [0, 4, 19, 30, 32, 58, 61, 66, 73, 80, 98, 108, 112, 117, 124, 128]					MC: [0, 1, 2, 3, 4, 5, 6, 7, 8, 9, 10, 11, 12, 13, 14, 15, 16, 17, 18, 19, 20, 21, 22, 23, 24, 25, 26, 27, 28, 29, 30, 31, 32, 33, 34, 35, 36, 37, 38, 39, 40, 41, 42, 43, 44, 45, 46, 47, 48, 49, 51, 52, 54, 55, 56, 57, 58, 59, 60, 61, 63, 64, 65, 66, 67, 68, 69, 70, 71, 72, 73, 74, 75, 78, 79, 80, 83, 84, 86, 87, 88, 89, 90, 91, 93, 94, 96, 97, 98, 99, 100, 101, 102, 103, 104, 105, 106, 107, 108, 109, 110, 111, 112, 113, 114, 115, 116, 117, 118, 119, 120, 121, 122, 123, 124, 125, 126, 127, 128]
004a86e8					PS2: [0, 66, 102, 103, 128]					MC: [0, 1, 32, 33, 35, 94, 96, 97, 126, 127, 128]
004ab5f7					PS2: [0, 10, 21, 34, 44, 55, 63, 67, 76, 84, 92, 100, 107, 115, 120, 128]					MC: [0, 4, 7, 11, 14, 18, 21, 25, 28, 32, 35, 39, 42, 46, 49, 53, 54, 58, 63, 68, 73, 75, 78, 83, 88, 91, 93, 96, 98, 103, 107, 108, 111, 112, 113, 117, 118, 123, 128]
004ba845					PS2: [0, 20, 34, 52, 67, 79, 94, 102, 106, 109, 114, 115, 118, 121, 125, 128]					MC: [0, 1, 2, 3, 4, 5, 6, 7, 8, 9, 10, 11, 12, 13, 14, 15, 16, 17, 18, 19, 20, 21, 22, 23, 24, 25, 26, 27, 28, 29, 30, 31, 32, 33, 34, 35, 36, 37, 38, 39, 40, 41, 42, 43, 44, 45, 47, 48, 49, 50, 51, 52, 53, 54, 55, 56, 57, 58, 59, 60, 61, 62, 63, 64, 65, 66, 67, 68, 69, 70, 71, 72, 73, 74, 75, 76, 77, 78, 79, 80, 81, 82, 83, 84, 85, 86, 87, 88, 89, 90, 91, 92, 93, 94, 95, 96, 97, 98, 99, 100, 101, 102, 103, 104, 105, 106, 107, 108, 109, 110, 111, 112, 113, 114, 115, 116, 117, 118, 119, 120, 121, 122, 123, 124, 125, 126, 127, 128, 129, 130, 131]
004baff4					PS2: [0, 65, 66, 102, 103, 128]					MC: [0, 2, 3, 4, 5, 15, 17, 18, 21, 25, 26, 27, 29, 35, 37, 43, 52, 55, 70, 75, 77, 78, 81, 85, 87, 89, 90, 93, 97, 102, 110, 119, 120, 123, 124, 126, 128]
004d9c02					PS2: [0, 13, 23, 26, 38, 46, 59, 63, 76, 89, 94, 106, 113, 114, 124, 128]					MC: [0, 1, 2, 3, 5, 6, 7, 10, 12, 14, 15, 21, 22, 26, 27, 28, 39, 42, 43, 44, 46, 55, 57, 58, 70, 71, 79, 83, 86, 87, 90, 93, 96, 97, 101, 107, 113, 114, 118, 121, 123, 124, 125, 126, 127, 128]
004e591a					PS2: [0, 3, 10, 19, 27, 35, 42, 51, 61, 69, 84, 95, 101, 109, 118, 128]					MC: [0, 9, 10, 14, 15, 20, 21, 27, 28, 35, 36, 42, 43, 51, 52, 58, 59, 67, 68, 76, 77, 86, 87, 96, 97, 106, 107, 116, 117, 127, 128]
004e72af					PS2: [0, 4, 10, 17, 28, 34, 42, 53, 64, 75, 83, 97, 106, 116, 123, 128]					MC: [0, 1, 2, 3, 4, 5, 6, 7, 8, 9, 10, 11, 12, 13, 14, 15, 16, 17, 18, 19, 20, 21, 22, 23, 24, 25, 26, 27, 28, 29, 30, 31, 32, 33, 34, 35, 36, 37, 38, 39, 40, 41, 42, 43, 44, 45, 46, 47, 48, 49, 50, 51, 52, 53, 54, 55, 56, 57, 58, 59, 60, 61, 62, 63, 64, 65, 66, 67, 68, 69, 70, 71, 72, 73, 74, 75, 76, 77, 78, 79, 80, 81, 82, 83, 84, 85, 86, 87, 88, 89, 90, 91, 92, 93, 94, 95, 96, 97, 98, 99, 100, 101, 102, 103, 104, 105, 106, 107, 108, 109, 110, 111, 112, 113, 114, 115, 116, 117, 118, 119, 120, 122, 123, 124, 125, 126, 127, 128, 129]
004f11be					PS2: [0, 35, 64, 81]					MC: [0, 34, 35, 36, 63, 64, 65, 79, 80, 81]
004f72af					PS2: [0, 2, 7, 16, 24, 31, 41, 48, 58, 68, 77, 87, 96, 106, 117, 128]					MC: [0, 1, 2, 3, 4, 5, 6, 7, 8, 9, 10, 11, 12, 13, 14, 15, 16, 17, 18, 19, 20, 21, 22, 23, 24, 25, 26, 27, 28, 29, 30, 31, 32, 33, 34, 35, 36, 37, 38, 39, 40, 41, 42, 43, 44, 45, 46, 47, 48, 49, 50, 51, 52, 53, 54, 55, 56, 57, 58, 59, 60, 61, 62, 63, 64, 65, 66, 67, 68, 69, 70, 71, 72, 73, 74, 75, 76, 77, 78, 79, 80, 81, 82, 83, 84, 85, 86, 87, 88, 89, 90, 91, 92, 93, 94, 95, 96, 97, 98, 99, 100, 101, 102, 103, 104, 105, 106, 107, 108, 109, 110, 111, 112, 113, 114, 115, 116, 117, 118, 119, 120, 121, 122, 123, 124, 125, 126, 127, 128, 129]
004f81ad					PS2: [0, 5, 11, 16, 25, 35, 44, 50, 58, 69, 81, 92, 102, 112, 121, 128]					MC: [0, 8, 9, 14, 15, 19, 20, 25, 26, 32, 33, 39, 40, 46, 47, 55, 56, 63, 64, 71, 72, 79, 80, 89, 90, 98, 99, 107, 108, 117, 118, 127, 128]
004fa1ad					PS2: [0, 5, 14, 24, 35, 44, 52, 61, 69, 80, 93, 100, 107, 115, 122, 128]					MC: [0, 8, 9, 14, 15, 19, 20, 25, 26, 32, 33, 39, 40, 46, 47, 55, 56, 63, 64, 71, 72, 79, 80, 89, 90, 98, 99, 107, 108, 118, 127, 128]
005072af					PS2: [0, 4, 10, 18, 27, 34, 41, 49, 57, 65, 74, 83, 95, 106, 120, 128]					MC: [0, 1, 2, 3, 4, 5, 6, 7, 8, 9, 10, 11, 12, 13, 14, 15, 16, 17, 18, 19, 20, 21, 22, 23, 24, 25, 26, 27, 28, 29, 30, 31, 32, 33, 34, 35, 36, 37, 38, 39, 40, 41, 42, 43, 44, 45, 46, 47, 48, 49, 50, 51, 52, 53, 54, 55, 56, 57, 58, 59, 60, 61, 62, 63, 64, 65, 66, 67, 68, 69, 70, 71, 72, 73, 74, 75, 76, 77, 78, 79, 80, 81, 82, 83, 84, 85, 86, 87, 88, 89, 90, 91, 92, 93, 94, 95, 96, 97, 98, 99, 100, 101, 102, 103, 104, 105, 106, 107, 108, 109, 110, 111, 112, 113, 114, 115, 116, 117, 118, 119, 120, 121, 122, 123, 124, 125, 126, 127, 128, 129]
005079aa					PS2: [0, 39, 48, 59, 60, 63, 87, 95, 111, 128]					MC: [0, 1, 2, 3, 4, 6, 7, 8, 9, 10, 12, 13, 17, 18, 25, 26, 30, 33, 36, 38, 39, 49, 52, 56, 66, 75, 78, 80, 83, 86, 88, 94, 105, 111, 112, 115, 118, 123]
00508876					PS2: [0, 10, 11, 24, 29, 59, 60, 61, 63, 65, 74, 75, 79, 111, 115, 128]					MC: [0, 1, 2, 3, 4, 5, 6, 7, 8, 9, 10, 11, 12, 13, 16, 17, 18, 20, 22, 23, 24, 25, 26, 28, 29, 30, 32, 33, 34, 35, 36, 38, 39, 43, 49, 51, 52, 53, 56, 66, 68, 69, 72, 74, 75, 77, 78, 79, 80, 81, 83, 85, 86, 87, 88, 93, 95, 96, 99, 103, 105, 107, 109, 110, 111, 113, 115, 116, 119, 120, 123, 124, 125]
0051079c					PS2: [0, 4, 11, 17, 22, 27, 34, 41, 48, 56, 65, 75, 85, 95, 103, 111]					MC: [0, 1, 2, 3, 4, 5, 6, 7, 8, 9, 10, 11, 12, 13, 14, 15, 16, 17, 18, 19, 20, 21, 22, 23, 24, 25, 26, 27, 28, 29, 30, 31, 32, 33, 34, 35, 36, 37, 38, 39, 40, 41, 42, 43, 44, 45, 46, 47, 48, 49, 50, 51, 52, 53, 54, 55, 56, 57, 58, 59, 60, 61, 62, 63, 64, 65, 66, 67, 68, 69, 70, 71, 72, 73, 74, 75, 76, 77, 78, 79, 80, 81, 82, 83, 84, 85, 86, 87, 88, 89, 90, 91, 92, 93, 94, 95, 96, 97, 98, 99, 100, 101, 102, 103, 104, 105, 106, 107, 108, 109, 110, 111, 112, 113, 114, 115]
00512935					PS2: [0, 44, 64, 65, 85, 128]					MC: [0, 5, 8, 9, 10, 14, 15, 16, 18, 21, 26, 27, 28, 30, 31, 32, 43, 44, 45, 54, 56, 64, 65, 77, 79, 84, 85, 86, 97, 100, 101, 102, 106, 107, 113, 114, 115, 116, 117, 127, 128, 129]
00513ee9					PS2: [0, 4, 8, 17, 25, 34, 42, 51, 59, 67, 79, 93, 102, 110, 119, 128]					MC: [0, 3, 4, 5, 9, 17, 26, 34, 43, 51, 60, 68, 77, 85, 94, 102, 111, 119, 127, 128, 129]
005172af					PS2: [0, 3, 10, 17, 29, 41, 50, 57, 66, 74, 82, 93, 104, 112, 121, 128]					MC: [0, 2, 3, 4, 9, 10, 11, 16, 17, 18, 28, 29, 30, 40, 41, 42, 49, 50, 51, 56, 57, 58, 65, 66, 67, 73, 74, 75, 81, 82, 83, 92, 93, 94, 103, 104, 105, 111, 112, 113, 120, 121, 122, 127, 128, 129]
0051ed70					PS2: [0, 1, 2, 7, 19, 42, 44, 69, 90, 98, 114, 118, 125, 127]					MC: [0, 2, 3, 4, 5, 7, 8, 9, 10, 11, 12, 13, 14, 15, 16, 17, 18, 19, 20, 21, 22, 23, 24, 25, 26, 27, 28, 29, 30, 31, 32, 33, 34, 35, 36, 37, 38, 39, 40, 41, 42, 43, 44, 45, 46, 47, 48, 49, 50, 51, 52, 53, 54, 55, 56, 57, 58, 59, 60, 61, 62, 63, 64, 65, 66, 67, 68, 69, 70, 71, 72, 73, 74, 75, 76, 77, 78, 79, 80, 81, 82, 83, 84, 85, 86, 87, 88, 89, 90, 91, 92, 93, 94, 95, 96, 97, 98, 99, 100, 101, 102, 103, 104, 105, 106, 107, 108, 109, 110, 111, 112]
005206bf					PS2: [0, 27, 43, 56, 75, 93, 106, 118, 124, 126, 127, 128]					MC: [0, 1, 2, 3, 4, 5, 6, 7, 8, 9, 10, 11, 12, 13, 14, 15, 16, 17, 18, 19, 20, 21, 22, 23, 24, 25, 26, 27, 28, 29, 30, 31, 32, 33, 34, 35, 36, 37, 38, 39, 40, 41, 42, 43, 44, 45, 46, 47, 48, 49, 50, 51, 52, 53, 54, 55, 56, 57, 58, 59, 60, 61, 62, 63, 64, 65, 66, 67, 68, 69, 70, 71, 72, 73, 74, 75, 76, 77, 78, 79, 80, 81, 82, 83, 84, 86, 87, 88, 89, 90, 91, 92, 93, 94, 95, 96, 97, 98, 99, 100, 101, 102, 103, 104, 105, 106, 107, 108, 109, 110, 111, 112, 113, 114, 115, 116, 117, 118, 119, 120, 121, 122, 123, 124, 125, 126, 127, 128, 129, 131]
00523ae9					PS2: [0, 4, 12, 18, 27, 37, 47, 57, 67, 79, 86, 97, 106, 113, 118, 126]					MC: [0, 2, 3, 4, 6, 7, 8, 9, 10, 11, 12, 13, 14, 15, 16, 17, 18, 19, 20, 21, 22, 23, 24, 25, 26, 27, 28, 29, 30, 31, 32, 33, 34, 35, 36, 37, 38, 39, 40, 41, 42, 43, 44, 45, 46, 47, 48, 49, 50, 51, 52, 53, 54, 55, 56, 57, 58, 59, 60, 61, 62, 63, 64, 65, 66, 67, 68, 69, 70, 71, 72, 73, 74, 75, 76, 77, 78, 79, 80, 81, 82, 83, 84, 85, 86, 87, 88, 89, 90, 91, 92, 93, 94, 95, 96, 97, 98, 99, 100, 101, 102, 103, 104, 105, 106, 107, 108, 109, 110, 111, 112, 113, 114, 115, 116, 118, 120, 121, 122, 123, 124, 125, 126]
005342b9					PS2: [0, 65, 66, 102, 103, 128]					MC: [0, 38, 39, 62, 63, 127, 128]
00535c20					PS2: [0, 18, 25, 33, 45, 56, 63, 71, 78, 87, 94, 95, 103, 111, 119, 128]					MC: [0, 9, 17, 26, 34, 43, 51, 60, 68, 77, 85, 94, 102, 111, 119, 128]
00539bcb					PS2: [0, 3, 10, 17, 25, 33, 42, 51, 64, 79, 85, 94, 100, 109, 118, 128]					MC: [0, 9, 10, 14, 15, 20, 21, 27, 28, 35, 36, 42, 43, 51, 52, 58, 59, 67, 68, 76, 77, 86, 87, 96, 97, 106, 107, 116, 117, 127, 128]
00539c02					PS2: [0, 13, 23, 26, 38, 46, 59, 63, 76, 89, 94, 106, 113, 114, 124, 128]					MC: [0, 1, 2, 3, 5, 6, 7, 10, 13, 14, 15, 21, 22, 26, 27, 28, 39, 42, 43, 45, 47, 55, 57, 59, 70, 71, 79, 83, 86, 87, 90, 93, 96, 98, 101, 108, 113, 114, 118, 121, 122, 123, 124, 125, 126, 127, 128]
0053a47f					PS2: [0, 20, 31, 44, 66, 79, 93, 101, 105, 108, 111, 114, 118, 122, 125, 128]					MC: [0, 1, 2, 3, 4, 5, 6, 7, 8, 9, 10, 11, 12, 13, 14, 15, 16, 17, 18, 19, 20, 21, 22, 23, 24, 25, 26, 27, 28, 29, 30, 31, 32, 33, 34, 35, 36, 37, 38, 39, 40, 41, 42, 43, 44, 45, 46, 47, 48, 49, 50, 51, 52, 53, 54, 55, 56, 57, 58, 59, 60, 61, 62, 63, 64, 65, 66, 67, 68, 69, 70, 71, 72, 73, 74, 75, 76, 77, 78, 79, 80, 81, 82, 83, 84, 85, 86, 87, 88, 89, 90, 91, 92, 93, 94, 95, 96, 97, 98, 99, 100, 101, 102, 103, 104, 105, 106, 107, 108, 109, 110, 111, 112, 113, 114, 115, 116, 117, 118, 119, 120, 121, 122, 123, 124, 125, 126, 127, 128, 129, 130, 131]
0053c115					PS2: [0, 19, 28, 36, 45, 53, 59, 66, 76, 85, 94, 102, 110, 118, 128]					MC: [0, 7, 8, 9, 10, 13, 14, 15, 16, 18, 19, 20, 21, 24, 25, 26, 27, 31, 32, 33, 34, 38, 39, 40, 41, 45, 46, 47, 48, 54, 55, 56, 57, 62, 63, 64, 70, 71, 72, 73, 78, 79, 80, 81, 88, 89, 90, 91, 97, 98, 99, 100, 106, 107, 108, 109, 117, 118, 126, 127, 128, 129]
0053c115_9f95f70cef32ef75b86013222bba08e9					PS2: [0, 19, 28, 36, 45, 53, 59, 66, 76, 85, 94, 102, 110, 118, 128]					MC: [0, 7, 8, 9, 10, 12, 13, 14, 15, 16, 17, 18, 19, 20, 21, 22, 23, 24, 25, 26, 27, 28, 31, 32, 33, 34, 35, 37, 38, 39, 40, 41, 42, 44, 45, 46, 47, 48, 49, 53, 54, 55, 56, 57, 61, 62, 63, 64, 65, 69, 70, 71, 72, 73, 74, 77, 78, 79, 80, 81, 82, 87, 88, 89, 90, 91, 92, 96, 97, 98, 99, 100, 101, 105, 106, 107, 108, 109, 110, 117, 118, 125, 126, 127, 128, 129, 130]
0053d847					PS2: [0, 4, 16, 24, 32, 37, 45, 58, 73, 80, 88, 94, 105, 115, 122, 128]					MC: [0, 1, 2, 3, 4, 5, 6, 7, 8, 9, 10, 11, 12, 13, 14, 15, 16, 17, 18, 19, 20, 21, 22, 23, 24, 25, 26, 27, 28, 29, 30, 31, 32, 33, 34, 35, 36, 37, 38, 39, 40, 41, 42, 43, 44, 45, 46, 47, 48, 51, 52, 53, 54, 55, 56, 57, 58, 59, 60, 61, 63, 64, 65, 67, 68, 69, 70, 71, 72, 73, 74, 75, 76, 77, 78, 79, 80, 81, 82, 83, 85, 86, 87, 88, 89, 90, 91, 92, 93, 94, 95, 96, 97, 98, 99, 100, 101, 102, 104, 105, 106, 107, 108, 109, 110, 111, 112, 113, 114, 115, 116, 117, 118, 119, 120, 121, 122, 123, 124, 125, 126, 127, 128]
0053e470					PS2: [0, 1, 4, 14, 29, 36, 45, 55, 72, 76, 77, 78, 96, 103]					MC: [0, 2, 3, 4, 5, 7, 8, 9, 10, 11, 12, 13, 14, 15, 16, 17, 18, 19, 20, 21, 22, 23, 24, 25, 26, 27, 28, 29, 30, 31, 32, 33, 34, 35, 36, 37, 38, 39, 40, 41, 42, 43, 44, 45, 46, 47, 48, 49, 50, 51, 52, 53, 54, 55, 56, 57, 58, 59, 60, 61, 62, 63, 64, 65, 66, 67, 68, 69, 70, 71, 72, 73, 74, 75, 76, 77, 78, 79, 80, 81, 82, 83, 84, 85, 86, 87, 88, 89, 90, 91, 92, 93, 94, 95, 96, 97, 98, 99, 100, 101, 102, 103, 104, 105, 106, 107, 108, 109, 110, 111, 112]
0054a42f					PS2: [0, 4, 8, 17, 25, 33, 48, 59, 68, 76, 85, 93, 102, 110, 119, 128]					MC: [0, 9, 17, 26, 34, 43, 51, 60, 68, 77, 85, 94, 102, 111, 119, 126, 127, 128, 129, 130]
0054adda					PS2: [0, 15, 30, 43, 56, 67, 82, 98, 117, 125, 127, 128]					MC: [0, 8, 16, 25, 33, 41, 49, 58, 65, 73, 82, 90, 98, 106, 115, 123, 131]
00554e27					PS2: [0, 7, 13, 19, 26, 33, 42, 53, 64, 73, 79, 87, 95, 107, 115, 125]					MC: [0, 9, 17, 26, 34, 43, 51, 60, 68, 77, 85, 94, 102, 111, 119, 128]
00554e2f					PS2: [0, 4, 12, 20, 29, 38, 47, 57, 69, 79, 89, 99, 109, 114, 121, 127]					MC: [0, 9, 17, 26, 34, 43, 51, 60, 68, 77, 85, 94, 102, 111, 119, 128]
0056594d					PS2: [0, 4, 9, 17, 25, 36, 47, 58, 69, 77, 84, 92, 103, 110, 120, 128]					MC: [0, 3, 4, 6, 7, 8, 9, 10, 11, 13, 14, 15, 16, 18, 19, 20, 21, 24, 25, 26, 27, 31, 32, 33, 34, 36, 38, 39, 40, 41, 42, 43, 44, 45, 46, 47, 48, 49, 54, 55, 56, 57, 62, 63, 64, 65, 67, 68, 69, 70, 71, 72, 73, 78, 79, 80, 81, 87, 88, 89, 90, 91, 94, 96, 97, 98, 99, 100, 106, 107, 108, 109, 117, 118, 121, 126, 127, 128, 129]
0056694d					PS2: [0, 6, 13, 21, 30, 41, 50, 58, 68, 77, 85, 97, 107, 114, 121, 128]					MC: [0, 8, 9, 13, 14, 15, 19, 20, 25, 26, 32, 33, 39, 40, 46, 47, 54, 55, 56, 59, 63, 64, 71, 72, 79, 80, 84, 89, 90, 93, 94, 98, 99, 101, 107, 108, 111, 112, 117, 118, 119, 120, 121, 123, 126, 127, 128]
0056794d					PS2: [0, 7, 16, 24, 35, 45, 52, 60, 72, 83, 91, 98, 105, 112, 121, 128]					MC: [0, 8, 9, 14, 15, 19, 20, 25, 26, 32, 33, 39, 40, 46, 47, 55, 56, 63, 64, 71, 72, 79, 80, 89, 90, 98, 99, 107, 108, 117, 118, 127, 128]
00569c02					PS2: [0, 8, 13, 22, 26, 40, 57, 70, 75, 91, 96, 107, 117, 121, 124, 128]					MC: [0, 1, 2, 7, 8, 9, 10, 12, 13, 14, 16, 19, 21, 27, 28, 29, 31, 37, 45, 51, 53, 58, 60, 62, 67, 73, 75, 85, 86, 87, 92, 93, 94, 102, 110, 112, 114, 116, 117, 119, 120, 121, 122, 123, 124, 125, 126, 127, 128, 129]
00576dc0					PS2: [0, 4, 8, 17, 25, 34, 43, 51, 59, 68, 80, 93, 102, 110, 119, 128]					MC: [0, 9, 17, 26, 34, 43, 51, 60, 68, 77, 85, 94, 102, 111, 119, 125, 126, 127, 128, 129, 130, 131]
00581d5d					PS2: [0, 9, 16, 25, 35, 44, 52, 59, 68, 77, 85, 97, 106, 114, 122, 128]					MC: [0, 8, 9, 14, 15, 19, 20, 25, 26, 32, 33, 39, 40, 46, 47, 55, 56, 63, 64, 71, 72, 79, 80, 89, 90, 98, 99, 107, 108, 118, 127, 128]
00582d5d					PS2: [0, 9, 15, 22, 29, 37, 44, 52, 61, 72, 83, 94, 105, 114, 122, 128]					MC: [0, 8, 9, 14, 15, 19, 20, 25, 26, 32, 33, 39, 40, 46, 47, 55, 56, 63, 64, 71, 72, 79, 80, 89, 90, 98, 99, 107, 108, 118, 127, 128]
00583d5d					PS2: [0, 9, 18, 29, 37, 44, 55, 66, 75, 83, 93, 101, 109, 116, 123, 128]					MC: [0, 8, 9, 14, 15, 19, 20, 25, 26, 32, 33, 39, 40, 46, 47, 55, 56, 63, 64, 71, 72, 79, 80, 89, 90, 98, 99, 107, 108, 117, 118, 127, 128]
00588888					PS2: [0, 4, 9, 17, 27, 34, 45, 56, 65, 72, 83, 92, 99, 109, 120, 128]					MC: [0, 8, 9, 14, 15, 19, 20, 25, 26, 32, 33, 39, 40, 46, 47, 54, 55, 63, 64, 71, 72, 79, 80, 89, 90, 98, 99, 107, 108, 118, 127, 128]
0059277f					PS2: [0, 15, 30, 43, 56, 76, 95, 106, 119, 125, 127, 128]					MC: [0, 8, 16, 25, 33, 41, 49, 58, 65, 73, 82, 90, 98, 106, 115, 123, 131]
005930ca					PS2: [0, 1, 2, 3, 4, 5, 6, 7, 12, 13, 14, 15, 16, 17, 18, 19, 20, 21, 22, 23, 24, 25, 26, 28, 30, 32, 33, 34, 35, 36, 38, 39, 40, 41, 42, 43, 44, 45, 47, 48, 49, 50, 51, 52, 53, 58, 59, 60, 61, 62, 63, 64, 65, 66, 67, 69, 70, 71, 73, 74, 76, 77, 78, 80, 81, 82, 83, 84, 85, 87, 88, 89, 90, 92, 93, 94, 95, 96, 98, 99, 100, 101, 102, 103, 104, 105, 106, 107, 108, 110, 111, 115, 117, 119, 121, 123, 124, 125, 126]					MC: [0, 1, 2, 3, 4, 5, 6, 7, 8, 9, 10, 11, 12, 13, 14, 15, 16, 17, 18, 19, 20, 21, 22, 23, 24, 25, 26, 27, 28, 29, 30, 31, 32, 33, 34, 35, 36, 37, 38, 39, 40, 41, 42, 43, 44, 45, 46, 47, 48, 49, 50, 51, 52, 53, 54, 55, 56, 57, 58, 59, 60, 61, 62, 63, 64, 65, 66, 67, 68, 69, 70, 71, 72, 73, 74, 75, 76, 77, 78, 79, 80, 81, 82, 83, 84, 85, 86, 87, 88, 89, 90, 91, 92, 93, 94, 95, 96, 97, 98, 99, 100, 101, 102, 103, 104, 105, 106, 107, 108, 109, 110, 111, 112, 113, 114, 115, 116, 117, 118, 119, 120, 121, 122, 123, 124, 125, 126, 127, 128, 129]
00593bc6					PS2: [0, 15, 30, 43, 56, 75, 94, 107, 119, 124, 127, 128]					MC: [0, 9, 17, 26, 34, 43, 51, 60, 68, 77, 85, 94, 102, 111, 119, 128]
005a7d91					PS2: [0, 3, 10, 18, 26, 34, 48, 61, 68, 76, 83, 92, 100, 110, 119, 128]					MC: [0, 9, 14, 15, 20, 21, 27, 28, 35, 36, 42, 43, 51, 52, 58, 59, 67, 68, 76, 77, 86, 87, 96, 97, 106, 107, 116, 117, 127, 128]
005ce186					PS2: [0, 6, 14, 22, 28, 36, 44, 53, 61, 69, 77, 85, 97, 105, 111, 128]					MC: [0, 8, 9, 14, 15, 19, 20, 25, 26, 32, 33, 39, 40, 46, 47, 55, 56, 63, 64, 71, 72, 79, 80, 89, 90, 98, 99, 107, 108, 118, 127, 128]
005cf186					PS2: [0, 6, 14, 21, 28, 36, 47, 58, 66, 74, 85, 96, 105, 111, 123, 128]					MC: [0, 8, 9, 14, 15, 19, 20, 25, 26, 32, 33, 39, 40, 46, 47, 55, 56, 63, 64, 71, 72, 79, 80, 89, 90, 98, 99, 107, 108, 117, 118, 127, 128]
005d0186					PS2: [0, 8, 14, 21, 30, 39, 49, 60, 72, 81, 89, 98, 105, 114, 121, 128]					MC: [0, 8, 9, 14, 15, 19, 20, 25, 26, 32, 33, 39, 40, 46, 47, 55, 56, 63, 64, 71, 72, 79, 80, 89, 90, 98, 99, 107, 108, 118, 127, 128]
005df444					PS2: [0, 65, 66, 67, 101, 102, 103, 128]					MC: [0, 3, 5, 7, 8, 9, 10, 11, 12, 14, 15, 18, 22, 23, 26, 32, 40, 43, 44, 46, 50, 53, 56, 57, 58, 60, 63, 65, 67, 69, 82, 89, 90, 94, 98, 99, 101, 107, 108, 109, 115, 116, 117, 119, 121, 123, 124, 126, 127, 128, 129]
005e4593					PS2: [0, 3, 7, 14, 20, 23, 30, 33, 39, 46, 54, 59, 76, 90, 96, 124]					MC: [0, 1, 2, 3, 4, 5, 6, 7, 8, 9, 10, 11, 12, 13, 14, 15, 16, 17, 18, 19, 20, 21, 22, 23, 24, 25, 26, 27, 28, 29, 30, 31, 32, 33, 34, 35, 36, 37, 38, 39, 41, 42, 43, 44, 45, 46, 47, 48, 49, 50, 51, 52, 53, 54, 55, 56, 57, 58, 59, 60, 65, 67, 68, 70, 71, 72, 74, 76, 80, 81, 86, 87, 91, 92, 93, 96, 97, 98, 105, 106, 107, 108, 109, 110, 111, 113, 117, 124, 125, 126, 128, 129, 130]
005e568e					PS2: [0, 7, 15, 22, 28, 34, 42, 51, 60, 68, 76, 85, 94, 101, 121, 128]					MC: [0, 8, 9, 14, 15, 19, 20, 25, 26, 32, 33, 39, 40, 46, 47, 55, 56, 63, 64, 71, 72, 79, 80, 89, 90, 98, 99, 107, 108, 117, 118, 127, 128]
005e668e					PS2: [0, 6, 13, 20, 27, 35, 46, 58, 69, 80, 91, 99, 106, 113, 121, 128]					MC: [0, 8, 9, 14, 15, 19, 20, 25, 26, 32, 33, 39, 40, 46, 47, 55, 56, 63, 64, 71, 72, 79, 80, 89, 90, 98, 99, 107, 108, 117, 118, 127, 128]
005e768e					PS2: [0, 9, 15, 24, 34, 43, 50, 60, 71, 83, 93, 101, 109, 116, 122, 128]					MC: [0, 8, 9, 14, 15, 19, 20, 25, 26, 32, 33, 39, 40, 46, 47, 55, 56, 63, 64, 71, 72, 79, 80, 89, 90, 98, 99, 107, 108, 118, 127, 128]
005eb9cb					PS2: [0, 15, 30, 43, 57, 82, 96, 107, 119, 126, 127, 128]					MC: [0, 1, 2, 3, 4, 5, 6, 7, 8, 9, 10, 11, 12, 13, 14, 15, 16, 17, 18, 19, 20, 21, 22, 23, 25, 26, 27, 28, 29, 30, 31, 32, 33, 34, 35, 36, 37, 38, 39, 40, 41, 42, 43, 44, 45, 46, 47, 48, 49, 50, 51, 52, 53, 54, 55, 56, 57, 58, 59, 60, 61, 62, 63, 64, 65, 66, 67, 68, 69, 70, 71, 72, 73, 74, 75, 76, 77, 78, 79, 80, 81, 82, 83, 84, 85, 86, 87, 88, 89, 90, 91, 92, 93, 94, 95, 96, 97, 98, 99, 100, 101, 102, 103, 104, 105, 106, 107, 108, 109, 110, 111, 112, 113, 114, 115, 116, 117, 118, 119, 120, 121, 122, 123, 124, 125, 126, 127, 128, 129, 130, 131]
005fcebb					PS2: [0, 6, 13, 20, 28, 36, 46, 56, 67, 78, 87, 96, 105, 112, 120, 128]					MC: [0, 8, 9, 14, 15, 19, 20, 25, 26, 32, 33, 39, 40, 46, 47, 54, 55, 63, 64, 71, 72, 79, 80, 89, 90, 98, 99, 107, 108, 118, 127, 128]
0060327e					PS2: [0, 13, 23, 28, 36, 45, 53, 57, 64, 72, 85, 93, 108, 119, 128]					MC: [0, 7, 8, 9, 10, 13, 14, 15, 16, 18, 19, 20, 21, 24, 25, 26, 27, 31, 32, 33, 34, 38, 39, 40, 41, 45, 46, 47, 48, 54, 55, 56, 57, 62, 63, 64, 65, 70, 71, 72, 73, 78, 79, 80, 81, 88, 89, 90, 91, 97, 98, 99, 100, 106, 107, 108, 109, 117, 118, 126, 127, 128, 129]
006092c2					PS2: [0, 15, 30, 43, 56, 73, 95, 107, 118, 120, 127, 128]					MC: [0, 9, 17, 26, 34, 43, 51, 60, 68, 77, 85, 94, 102, 111, 119, 128]
0060a8e0					PS2: [0, 15, 30, 43, 56, 75, 95, 107, 119, 125, 127, 128]					MC: [0, 1, 2, 3, 4, 5, 6, 7, 8, 9, 10, 11, 12, 13, 14, 15, 16, 17, 18, 19, 20, 21, 22, 23, 24, 25, 26, 27, 28, 29, 30, 31, 32, 33, 34, 35, 36, 37, 38, 39, 40, 41, 42, 43, 44, 46, 47, 48, 49, 50, 52, 53, 54, 55, 56, 57, 58, 59, 60, 61, 62, 63, 64, 65, 66, 67, 68, 69, 70, 71, 72, 73, 74, 75, 76, 77, 78, 79, 80, 81, 82, 83, 84, 85, 86, 87, 88, 89, 90, 91, 92, 93, 94, 95, 96, 97, 98, 99, 100, 101, 102, 103, 104, 105, 106, 107, 108, 109, 110, 111, 112, 113, 114, 115, 116, 117, 118, 119, 120, 121, 122, 123, 124, 125, 126, 127, 128, 129, 131]
0061435d					PS2: [0, 13, 32, 47, 59, 73, 92, 106, 119, 128]					MC: [0, 9, 17, 26, 34, 43, 51, 60, 68, 77, 85, 94, 102, 111, 119, 128]
0061435e					PS2: [0, 12, 30, 46, 63, 83, 96, 107, 126, 127, 128]					MC: [0, 9, 17, 26, 34, 43, 51, 60, 68, 77, 85, 94, 102, 111, 119, 128]
00614361					PS2: [0, 19, 32, 45, 63, 77, 95, 108, 112, 125, 126, 128]					MC: [0, 9, 17, 26, 34, 43, 51, 60, 68, 77, 85, 94, 102, 111, 119, 128]
00614362					PS2: [0, 19, 32, 45, 62, 76, 95, 108, 109, 126, 127, 128]					MC: [0, 9, 17, 26, 34, 43, 51, 60, 68, 77, 85, 94, 102, 111, 119, 128]
00614365					PS2: [0, 13, 29, 45, 63, 76, 96, 100, 107, 116, 126, 127, 128]					MC: [0, 9, 17, 26, 34, 43, 51, 60, 68, 77, 85, 94, 102, 111, 119, 128]
00614366					PS2: [0, 20, 33, 50, 64, 77, 94, 110, 112, 126, 127, 128]					MC: [0, 9, 17, 26, 34, 43, 51, 60, 68, 77, 85, 94, 102, 111, 119, 128]
00614369					PS2: [0, 19, 33, 50, 65, 84, 96, 108, 112, 125, 126, 127, 128]					MC: [0, 9, 17, 26, 34, 43, 51, 60, 68, 77, 85, 94, 102, 111, 119, 128]
00619b5e					PS2: [0, 15, 30, 43, 56, 70, 81, 95, 107, 119, 126, 127, 128]					MC: [0, 9, 17, 26, 34, 43, 51, 60, 68, 77, 85, 94, 102, 111, 119, 128]
0061b17c					PS2: [0, 15, 38, 56, 74, 95, 107, 118, 126, 127, 128]					MC: [0, 1, 2, 3, 4, 5, 6, 7, 8, 9, 10, 11, 12, 13, 14, 15, 16, 17, 18, 19, 20, 21, 22, 23, 24, 25, 26, 27, 28, 29, 30, 31, 32, 33, 34, 35, 36, 37, 38, 39, 40, 41, 42, 43, 44, 45, 46, 47, 48, 49, 50, 51, 52, 53, 54, 55, 56, 57, 58, 59, 60, 61, 62, 63, 64, 65, 66, 67, 68, 69, 70, 71, 72, 73, 74, 75, 76, 77, 78, 79, 80, 81, 82, 83, 84, 85, 86, 87, 88, 89, 90, 91, 92, 93, 94, 95, 96, 97, 98, 99, 100, 101, 102, 103, 104, 105, 106, 107, 108, 109, 110, 111, 112, 113, 114, 115, 116, 117, 118, 119, 120, 121, 122, 123, 124, 125, 126, 127, 128, 129, 130, 131]
0063051d					PS2: [0, 19, 28, 36, 45, 53, 59, 66, 76, 85, 94, 102, 110, 118, 128]					MC: [0, 7, 8, 9, 10, 12, 13, 14, 15, 16, 17, 18, 19, 20, 21, 22, 23, 24, 25, 26, 27, 28, 31, 32, 33, 34, 35, 37, 38, 39, 40, 41, 42, 45, 46, 47, 48, 49, 53, 54, 55, 56, 57, 58, 61, 62, 63, 64, 65, 69, 70, 71, 72, 73, 74, 77, 78, 79, 80, 81, 82, 87, 88, 89, 90, 91, 92, 96, 97, 98, 99, 100, 101, 105, 106, 107, 108, 109, 110, 117, 118, 125, 126, 127, 128, 129, 130]
006385b8					PS2: [0, 65, 66, 102, 103, 128]					MC: [0, 1, 2, 5, 6, 7, 8, 9, 12, 13, 16, 18, 20, 21, 22, 24, 25, 27, 28, 30, 31, 34, 37, 38, 41, 43, 44, 47, 51, 53, 57, 58, 59, 60, 61, 62, 63, 66, 67, 68, 69, 71, 73, 76, 83, 91, 96, 98, 99, 101, 102, 109, 110, 111, 113, 115, 116, 122, 123, 124, 125, 126, 127, 128]
0063a8f6					PS2: [0, 7, 15, 22, 29, 36, 44, 55, 67, 77, 84, 92, 103, 111, 120, 128]					MC: [0, 8, 9, 14, 15, 19, 20, 25, 26, 32, 33, 39, 40, 46, 47, 55, 56, 63, 64, 71, 72, 79, 80, 89, 90, 98, 99, 107, 108, 117, 118, 127, 128]
0063b8f6					PS2: [0, 7, 16, 25, 35, 43, 50, 58, 67, 77, 88, 97, 105, 112, 121, 128]					MC: [0, 8, 9, 14, 15, 19, 20, 25, 26, 32, 33, 39, 40, 46, 47, 55, 56, 63, 64, 71, 72, 79, 80, 89, 90, 98, 99, 107, 108, 117, 118, 127, 128]
0063ed20					PS2: [0, 23, 36, 92, 93, 128]					MC: [0, 127]
00646cce					PS2: [0, 73, 77, 83, 87, 92, 98, 103, 105, 109, 113, 118, 121, 123, 128]					MC: [0, 73, 74, 77, 79, 80, 83, 84, 86, 87, 88, 89, 90, 94, 95, 98, 99, 101, 102, 103, 104, 105, 106, 109, 112, 113, 117, 121, 122, 124, 125, 126, 127, 128, 129, 130]
0064867c					PS2: [0, 32, 64, 128]					MC: [0, 1, 2, 3, 5, 7, 8, 9, 10, 11, 13, 14, 15, 16, 18, 19, 20, 21, 22, 23, 24, 25, 26, 27, 28, 29, 30, 31, 33, 34, 35, 37, 38, 39, 40, 41, 42, 43, 44, 45, 46, 47, 48, 49, 50, 51, 53, 54, 55, 56, 57, 58, 59, 60, 61, 63, 64, 65, 66, 67, 68, 69, 70, 71, 72, 73, 74, 75, 76, 77, 78, 80, 82, 83, 84, 86, 87, 88, 89, 91, 92, 93, 94, 95, 96, 97, 98, 99, 100, 101, 102, 103, 104, 105, 106, 107, 108, 109, 110, 111, 112, 113, 115, 118, 119, 121, 122, 124, 125, 127, 128]
0064867c_e9984c62c496c194988723f7822d1546					PS2: [0, 32, 64, 128]					MC: [0, 2, 3, 4, 5, 7, 8, 14, 16, 18, 21, 22, 23, 33, 34, 35, 37, 43, 45, 46, 51, 52, 60, 61, 70, 73, 88, 93, 97, 100, 102, 111, 114, 119, 120, 121, 124, 126, 127, 128]
00652f51					PS2: [0, 65, 66, 67, 101, 102, 103, 128]					MC: [1, 2, 3, 4, 5, 11, 12, 13, 14, 15, 16, 17, 18, 19, 21, 22, 23, 24, 26, 28, 30, 31, 35, 36, 37, 38, 39, 41, 42, 43, 50, 51, 58, 59, 60, 61, 65, 67, 68, 69, 70, 73, 75, 76, 77, 78, 79, 80, 81, 82, 84, 85, 86, 87, 89, 90, 91, 93, 94, 95, 96, 97, 105, 106, 119, 120, 123, 125, 126, 127, 128]
00659f16					PS2: [0, 8, 17, 25, 34, 42, 51, 59, 68, 76, 85, 93, 102, 110, 119, 128]					MC: [0, 9, 10, 14, 15, 20, 21, 27, 28, 35, 36, 42, 43, 51, 52, 58, 59, 67, 68, 76, 77, 86, 87, 96, 97, 106, 107, 116, 117, 127, 128]
00669f16					PS2: [0, 8, 17, 25, 34, 42, 51, 59, 68, 76, 85, 93, 102, 110, 119, 128]					MC: [0, 9, 10, 14, 15, 20, 21, 27, 28, 35, 36, 42, 43, 51, 52, 58, 59, 67, 68, 76, 77, 86, 87, 96, 97, 106, 107, 116, 117, 127, 128]
0066c2b0					PS2: [0, 1, 10, 19, 28, 37, 45, 54, 63, 73, 81, 90, 99, 108, 117, 126]					MC: [0, 9, 17, 26, 34, 43, 51, 60, 68, 77, 85, 94, 102, 111, 119, 128]
0066dafa					PS2: [0, 3, 9, 17, 26, 32, 39, 45, 57, 69, 82, 89, 98, 107, 117, 128]					MC: [0, 9, 14, 15, 20, 21, 26, 27, 28, 34, 35, 42, 43, 50, 51, 58, 59, 67, 68, 76, 77, 86, 87, 88, 89, 95, 96, 105, 106, 107, 115, 116, 126, 127]
00679f16					PS2: [0, 8, 17, 25, 34, 42, 51, 59, 68, 76, 85, 93, 102, 110, 119, 128]					MC: [0, 9, 10, 14, 15, 20, 21, 27, 28, 35, 36, 42, 43, 51, 52, 58, 59, 67, 68, 76, 77, 86, 87, 96, 97, 106, 107, 116, 117, 127, 128]
006801cd					PS2: [0, 10, 19, 28, 37, 45, 54, 63, 75, 90, 99, 108, 117, 126]					MC: [0, 9, 17, 26, 34, 43, 51, 60, 68, 77, 85, 94, 102, 111, 119, 128]
00680273					PS2: [0, 63, 128]					MC: [0, 62, 63, 64, 126, 127, 128]
00683f5f					PS2: [0, 15, 35, 59, 81, 96, 107, 119, 126, 127, 128]					MC: [0, 8, 16, 25, 33, 41, 49, 58, 65, 73, 82, 90, 98, 106, 115, 123, 131]
006853a6					PS2: [0, 15, 30, 43, 56, 76, 94, 106, 118, 126, 127, 128]					MC: [0, 9, 17, 26, 34, 43, 51, 60, 68, 77, 85, 94, 102, 111, 119, 128]
00686c51					PS2: [0, 3, 8, 14, 23, 34, 44, 53, 64, 73, 82, 90, 99, 108, 119, 128]					MC: [0, 1, 3, 4, 6, 8, 9, 11, 14, 15, 19, 20, 25, 26, 32, 33, 39, 40, 46, 47, 54, 55, 63, 64, 71, 72, 79, 80, 89, 90, 98, 99, 106, 107, 108, 118, 121, 125, 127, 128, 129]
0068803c					PS2: [0, 65, 66, 67, 101, 102, 103, 128]					MC: [0, 1, 2, 3, 4, 5, 6, 7, 8, 9, 10, 11, 12, 133, 134, 135, 136, 137, 138, 139, 140, 145, 146, 147]
00689f16					PS2: [0, 8, 17, 25, 34, 42, 51, 59, 68, 76, 85, 93, 102, 110, 119, 128]					MC: [0, 9, 10, 14, 15, 20, 21, 27, 28, 35, 36, 42, 43, 51, 52, 58, 59, 67, 68, 76, 77, 86, 87, 96, 97, 106, 107, 116, 117, 127, 128]
0068f463					PS2: [0, 4, 10, 17, 27, 38, 51, 58, 66, 75, 86, 93, 100, 109, 117, 126]					MC: [0, 8, 9, 14, 15, 19, 20, 25, 26, 32, 33, 39, 40, 46, 47, 54, 55, 63, 64, 71, 72, 79, 80, 89, 90, 98, 99, 107, 108, 118, 127, 128]
0069969b					PS2: [0, 4, 8, 17, 25, 34, 42, 51, 59, 68, 79, 93, 102, 110, 119, 128]					MC: [0, 9, 17, 26, 34, 43, 51, 60, 68, 77, 85, 94, 102, 111, 119, 128]
00699f16					PS2: [0, 8, 17, 25, 34, 42, 51, 59, 68, 76, 85, 93, 102, 110, 119, 128]					MC: [0, 9, 10, 14, 15, 20, 21, 27, 28, 35, 36, 42, 43, 51, 52, 58, 59, 67, 68, 76, 77, 86, 87, 96, 97, 106, 107, 116, 117, 127, 128]
0069adda					PS2: [0, 15, 30, 43, 56, 74, 93, 108, 119, 125, 126, 127, 128]					MC: [0, 8, 16, 25, 33, 41, 49, 58, 65, 73, 82, 90, 98, 106, 115, 123, 131]
006a9f16					PS2: [0, 8, 17, 25, 34, 42, 51, 59, 68, 76, 85, 93, 102, 110, 119, 128]					MC: [0, 9, 10, 14, 15, 20, 21, 27, 28, 35, 36, 42, 43, 51, 52, 58, 59, 67, 68, 76, 77, 86, 87, 96, 97, 106, 107, 116, 117, 127, 128]
006aaff3					PS2: [0, 41, 82, 90, 91, 125, 126, 128]					MC: [0, 5, 7, 9, 10, 16, 20, 24, 26, 30, 31, 36, 43, 46, 59, 65, 66, 70, 77, 85, 88, 94, 96, 100, 103, 105, 106, 109, 118, 119, 122, 123, 124, 125, 126, 127]
006aaff4					PS2: [0, 66, 102, 103, 128]					MC: [0, 1, 2, 19, 20, 21, 22, 23, 24, 27, 30, 31, 34, 37, 41, 43, 85, 86, 89, 92, 93, 95, 96, 97, 98, 99, 102, 105, 109, 113, 128]
006adf8b					PS2: [0, 9, 16, 22, 30, 37, 46, 56, 63, 69, 75, 83, 91, 99, 122, 128]					MC: [0, 8, 9, 14, 15, 19, 20, 25, 26, 32, 33, 39, 40, 46, 47, 55, 56, 63, 64, 71, 72, 79, 80, 89, 90, 98, 99, 107, 108, 117, 118, 127, 128]
006aef8b					PS2: [0, 9, 15, 21, 27, 34, 44, 55, 67, 76, 84, 92, 98, 108, 124, 128]					MC: [0, 8, 9, 14, 15, 19, 20, 25, 26, 32, 33, 39, 40, 46, 47, 55, 56, 63, 64, 71, 72, 79, 80, 89, 90, 98, 99, 107, 108, 117, 118, 127, 128]
006aff8b					PS2: [0, 8, 14, 23, 34, 44, 54, 64, 73, 81, 90, 98, 108, 114, 121, 127]					MC: [0, 8, 9, 14, 15, 19, 20, 25, 26, 32, 33, 39, 40, 46, 47, 55, 56, 63, 64, 71, 72, 79, 80, 89, 90, 98, 99, 107, 108, 118, 127, 128]
006b1eae					PS2: [0, 5, 6, 22, 34, 46, 63, 85, 98, 111, 123, 125, 127, 128]					MC: [0, 5, 6, 10, 16, 22, 26, 27, 68, 72, 73, 74, 75, 77, 78, 79, 81, 103, 120, 121, 124, 125, 127, 128, 129]
006b9f16					PS2: [0, 8, 17, 25, 34, 42, 51, 59, 68, 76, 85, 93, 102, 110, 119, 128]					MC: [0, 9, 10, 14, 15, 20, 21, 27, 28, 35, 36, 42, 43, 51, 52, 58, 59, 67, 68, 76, 77, 86, 87, 96, 97, 106, 107, 116, 117, 127, 128]
006baff3					PS2: [0, 41, 82, 90, 91, 126, 128]					MC: [0, 3, 4, 5, 6, 7, 11, 16, 21, 23, 26, 31, 37, 44, 47, 60, 65, 66, 70, 77, 85, 88, 94, 97, 100, 103, 105, 106, 110, 118, 119, 120, 123, 124, 125, 126, 127]
006c9f16					PS2: [0, 8, 17, 25, 34, 42, 51, 59, 68, 76, 85, 93, 102, 110, 119, 128]					MC: [0, 9, 10, 14, 15, 20, 21, 27, 28, 35, 36, 42, 43, 51, 52, 58, 59, 67, 68, 76, 77, 86, 87, 96, 97, 106, 107, 116, 117, 127, 128]
006cc973					PS2: [0, 1, 10, 19, 28, 37, 45, 54, 63, 72, 81, 90, 99, 108, 117, 126]					MC: [0, 9, 17, 26, 34, 43, 51, 60, 68, 77, 85, 94, 102, 111, 119, 128]
006ce263					PS2: [0, 7, 8, 16, 24, 32, 33, 41, 49, 57, 58, 66, 74, 75, 82, 83, 90, 91, 99, 107, 108, 115, 116, 124]					MC: [0, 9, 10, 14, 15, 20, 21, 27, 28, 35, 36, 42, 43, 51, 52, 58, 59, 67, 68, 76, 77, 86, 87, 96, 97, 106, 107, 116, 117, 127, 128]
006ceb0b					PS2: [0, 5, 11, 18, 24, 32, 40, 50, 58, 67, 80, 91, 101, 110, 119, 128]					MC: [0, 9, 10, 14, 15, 20, 21, 27, 28, 35, 36, 42, 43, 51, 52, 58, 59, 67, 68, 76, 77, 86, 87, 96, 97, 106, 107, 116, 117, 127, 128]
006cf60c					PS2: [0, 1, 2, 128]					MC: [0, 147]
006d2ebe					PS2: [0, 5, 15, 26, 37, 47, 58, 68, 76, 82, 91, 101, 108, 117, 122, 127]					MC: [0, 1, 2, 3, 4, 5, 6, 7, 8, 9, 10, 11, 12, 13, 14, 15, 16, 17, 18, 19, 20, 21, 22, 23, 24, 25, 26, 27, 28, 29, 30, 31, 32, 33, 34, 35, 36, 37, 38, 39, 40, 41, 42, 43, 44, 45, 46, 47, 48, 49, 50, 51, 52, 53, 54, 55, 56, 57, 58, 59, 60, 61, 62, 63, 64, 65, 66, 67, 68, 69, 70, 71, 72, 73, 74, 75, 76, 77, 78, 79, 80, 81, 82, 83, 84, 85, 86, 87, 88, 89, 90, 91, 92, 93, 94, 95, 96, 97, 98, 99, 100, 101, 102, 103, 104, 105, 106, 107, 108, 109, 110, 111, 112, 113, 114, 115, 116, 117, 118, 119, 120, 121, 122, 123, 124, 125, 126, 127, 128, 129, 130, 131, 132, 133, 134, 135, 136, 137, 138, 139, 140, 141]
006d8448					PS2: [0, 11, 31, 51, 64, 77, 94, 99, 103, 116, 126, 128]					MC: [0, 9, 17, 26, 34, 43, 51, 60, 68, 77, 85, 94, 102, 111, 119, 128]
006d86e8					PS2: [0, 65, 66, 102, 103, 128]					MC: [0, 1, 5, 48, 49, 52, 56, 57, 76, 77, 128]
006d9448					PS2: [0, 13, 31, 51, 64, 76, 94, 107, 120, 126, 128]					MC: [0, 9, 17, 26, 34, 43, 51, 60, 68, 77, 85, 94, 102, 111, 119, 128]
006d9f16					PS2: [0, 8, 17, 25, 34, 42, 51, 59, 68, 76, 85, 93, 102, 110, 119, 128]					MC: [0, 9, 10, 14, 15, 20, 21, 27, 28, 35, 36, 42, 43, 51, 52, 58, 59, 67, 68, 76, 77, 86, 87, 96, 97, 106, 107, 116, 117, 127, 128]
006da448					PS2: [0, 8, 21, 32, 45, 63, 72, 83, 96, 101, 108, 126, 128]					MC: [0, 9, 17, 26, 34, 43, 51, 60, 68, 77, 85, 94, 102, 111, 119, 128]
006db448					PS2: [0, 12, 24, 33, 50, 65, 83, 96, 97, 107, 126, 127, 128]					MC: [0, 9, 17, 26, 34, 43, 51, 60, 68, 77, 85, 94, 102, 111, 119, 128]
006dc448					PS2: [0, 19, 32, 50, 65, 81, 96, 108, 111, 127, 128]					MC: [0, 9, 17, 26, 34, 43, 51, 60, 68, 77, 85, 94, 102, 111, 119, 128]
006dd448					PS2: [0, 12, 32, 51, 66, 83, 96, 108, 120, 127, 128]					MC: [0, 9, 17, 26, 34, 43, 51, 60, 68, 77, 85, 94, 102, 111, 119, 128]
006de448					PS2: [0, 19, 32, 45, 63, 77, 96, 104, 117, 128]					MC: [0, 9, 17, 26, 34, 43, 51, 60, 68, 77, 85, 94, 102, 111, 119, 128]
006df448					PS2: [0, 20, 32, 46, 63, 72, 82, 96, 107, 120, 128]					MC: [0, 9, 17, 26, 34, 43, 51, 60, 68, 77, 85, 94, 102, 111, 119, 128]
006e277f					PS2: [0, 15, 30, 43, 56, 76, 93, 106, 118, 126, 127, 128]					MC: [0, 8, 16, 25, 33, 41, 49, 58, 65, 73, 82, 90, 98, 106, 115, 123, 131]
006e3bc6					PS2: [0, 15, 30, 43, 56, 74, 95, 107, 119, 126, 127, 128]					MC: [0, 9, 17, 26, 34, 43, 51, 60, 68, 77, 85, 94, 102, 111, 119, 128]
006e72af					PS2: [0, 8, 16, 27, 36, 46, 55, 63, 70, 77, 85, 95, 104, 111, 119, 128]					MC: [0, 7, 8, 9, 15, 16, 17, 26, 27, 28, 35, 36, 37, 45, 46, 47, 54, 55, 56, 62, 63, 64, 69, 70, 71, 76, 77, 78, 84, 85, 86, 94, 95, 96, 102, 103, 104, 105, 110, 111, 112, 118, 119, 120, 127, 128, 129]
006e86e8					PS2: [0, 65, 66, 102, 103, 128]					MC: [0, 1, 2, 3, 5, 6, 17, 18, 23, 24, 45, 49, 52, 58, 76, 77, 79, 80, 83, 86, 89, 117, 119, 120, 128]
006f6448					PS2: [0, 8, 21, 33, 50, 66, 82, 96, 107, 120, 127, 128]					MC: [0, 8, 9, 17, 25, 26, 34, 42, 43, 51, 59, 60, 68, 76, 77, 85, 93, 94, 102, 110, 111, 119, 127, 128]
006f66d8					PS2: [0, 12, 20, 29, 37, 54, 63, 72, 81, 90, 99, 109, 118, 128]					MC: [0, 1, 2, 3, 4, 5, 6, 7, 8, 9, 10, 11, 12, 13, 14, 15, 17, 18, 19, 20, 21, 22, 23, 24, 25, 26, 27, 28, 29, 30, 31, 32, 33, 34, 35, 36, 37, 38, 39, 41, 42, 43, 44, 45, 46, 48, 49, 50, 51, 52, 53, 54, 55, 56, 57, 58, 59, 60, 61, 62, 63, 64, 65, 66, 67, 68, 70, 71, 72, 73, 74, 75, 76, 77, 78, 79, 80, 81, 82, 83, 84, 85, 86, 87, 88, 89, 91, 92, 93, 94, 95, 96, 97, 98, 99, 100, 101, 102, 103, 104, 105, 106, 107, 108, 109, 110, 111, 112, 113, 114, 115, 116, 117, 118, 119, 120, 121, 122, 123, 124, 125, 126, 127, 128]
006f72af					PS2: [0, 8, 18, 26, 33, 41, 50, 57, 66, 76, 91, 101, 108, 115, 122, 128]					MC: [0, 1, 2, 3, 4, 5, 6, 7, 8, 9, 10, 11, 12, 13, 14, 15, 16, 17, 18, 19, 20, 21, 22, 23, 24, 25, 26, 27, 28, 29, 30, 31, 32, 33, 34, 35, 36, 37, 38, 39, 40, 41, 42, 43, 44, 45, 46, 47, 48, 49, 50, 51, 52, 53, 54, 55, 56, 57, 58, 59, 60, 61, 62, 63, 64, 65, 66, 67, 68, 69, 70, 71, 72, 73, 74, 75, 76, 77, 78, 79, 80, 81, 82, 83, 84, 85, 86, 87, 88, 89, 90, 91, 92, 93, 94, 95, 96, 97, 98, 99, 100, 101, 102, 103, 104, 105, 106, 107, 108, 109, 110, 111, 112, 113, 114, 115, 116, 117, 118, 119, 120, 121, 122, 123, 124, 125, 126, 127, 128, 129]
006f7448					PS2: [0, 8, 19, 33, 50, 64, 77, 94, 108, 120, 125, 127, 128]					MC: [0, 9, 17, 26, 34, 43, 51, 60, 68, 77, 85, 94, 102, 111, 119, 128]
006f8448					PS2: [0, 12, 30, 45, 63, 77, 95, 108, 120, 127, 128]					MC: [0, 9, 17, 26, 34, 43, 51, 60, 68, 77, 85, 94, 102, 111, 119, 128]
006f9448					PS2: [0, 11, 29, 47, 63, 77, 95, 107, 119, 125, 127, 128]					MC: [0, 9, 17, 26, 34, 43, 51, 60, 68, 77, 85, 94, 102, 111, 119, 128]
006fa448					PS2: [0, 8, 19, 33, 51, 66, 83, 96, 104, 108, 126, 127, 128]					MC: [0, 9, 17, 26, 34, 43, 51, 60, 68, 77, 85, 94, 102, 111, 119, 128]
006fb448					PS2: [0, 8, 20, 33, 51, 64, 76, 95, 104, 108, 126, 127, 128]					MC: [0, 9, 17, 26, 34, 43, 51, 60, 68, 77, 85, 94, 102, 111, 119, 128]
006fbeff					PS2: [0, 2, 7, 14, 22, 31, 38, 46, 53, 61, 71, 82, 95, 107, 120, 128]					MC: [0, 1, 2, 3, 4, 5, 6, 7, 8, 9, 10, 11, 12, 13, 14, 15, 16, 17, 18, 19, 20, 21, 22, 23, 24, 25, 26, 27, 28, 29, 30, 31, 32, 33, 34, 35, 36, 37, 38, 39, 40, 41, 42, 43, 44, 45, 46, 47, 48, 49, 50, 51, 52, 53, 54, 55, 56, 57, 58, 59, 60, 61, 62, 63, 64, 65, 66, 67, 68, 69, 70, 71, 72, 73, 74, 75, 76, 77, 78, 79, 80, 81, 82, 83, 84, 85, 86, 87, 88, 89, 90, 91, 92, 93, 94, 95, 96, 97, 98, 99, 100, 101, 102, 103, 104, 105, 106, 107, 108, 109, 110, 111, 112, 113, 114, 115, 116, 117, 118, 119, 120, 121, 122, 123, 124, 125, 126, 127, 128, 129, 130, 131, 134, 135]
006fc448					PS2: [0, 11, 24, 33, 51, 64, 76, 95, 100, 108, 126, 127, 128]					MC: [0, 9, 17, 26, 34, 43, 51, 60, 68, 77, 85, 94, 102, 111, 119, 128]
006fd448					PS2: [0, 8, 19, 33, 50, 64, 76, 95, 108, 109, 126, 127, 128]					MC: [0, 9, 17, 26, 34, 43, 51, 60, 68, 77, 85, 94, 102, 111, 119, 128]
006fe448					PS2: [0, 9, 21, 34, 53, 64, 75, 95, 106, 107, 110, 126, 127, 128]					MC: [0, 9, 17, 26, 34, 43, 51, 60, 68, 77, 85, 94, 102, 111, 119, 128]
006ff448					PS2: [0, 8, 19, 32, 51, 64, 75, 95, 100, 108, 126, 127, 128]					MC: [0, 9, 17, 26, 34, 43, 51, 60, 68, 77, 85, 94, 102, 111, 119, 128]
007072af					PS2: [0, 9, 19, 27, 35, 47, 57, 65, 74, 82, 91, 99, 107, 117, 123, 128]					MC: [0, 8, 9, 10, 18, 19, 20, 26, 27, 28, 30, 31, 34, 35, 36, 46, 47, 48, 52, 53, 56, 57, 58, 64, 65, 66, 73, 74, 75, 81, 82, 83, 90, 91, 92, 98, 99, 100, 106, 107, 108, 116, 117, 118, 122, 123, 124, 127, 128, 129]
00713c60					PS2: [0, 4, 9, 16, 26, 37, 47, 56, 67, 78, 85, 93, 100, 109, 118, 126]					MC: [0, 8, 9, 14, 15, 19, 20, 25, 26, 32, 33, 39, 40, 46, 47, 54, 55, 63, 64, 71, 72, 79, 80, 89, 90, 98, 99, 107, 108, 118, 125, 126, 127, 128]
00713f17					PS2: [0, 12, 19, 27, 34, 35, 42, 43, 50, 51, 59, 67, 75, 76, 84, 92, 93, 101, 110, 118, 119, 128]					MC: [0, 1, 2, 3, 4, 5, 6, 7, 8, 9, 10, 11, 12, 13, 14, 15, 16, 17, 18, 19, 20, 21, 22, 23, 24, 25, 26, 27, 28, 29, 30, 31, 32, 33, 34, 35, 36, 37, 38, 39, 40, 41, 42, 43, 44, 45, 46, 47, 48, 49, 50, 51, 52, 53, 54, 55, 56, 57, 58, 59, 60, 61, 62, 63, 64, 65, 66, 67, 68, 69, 70, 71, 72, 73, 74, 75, 76, 77, 78, 79, 80, 81, 82, 83, 84, 85, 86, 87, 88, 89, 90, 91, 92, 93, 94, 95, 96, 97, 98, 99, 100, 101, 102, 103, 104, 105, 106, 107, 108, 109, 110, 111, 112, 113, 114, 115, 116, 117, 118, 119, 120, 121, 122, 123, 124, 125, 126, 127, 128]
00714c18					PS2: [0, 7, 16, 24, 33, 41, 49, 57, 66, 74, 82, 91, 99, 108, 115, 124]					MC: [0, 9, 10, 14, 15, 20, 21, 27, 28, 33, 34, 41, 42, 49, 50, 57, 58, 65, 66, 75, 83, 84, 93, 94, 103, 104, 112, 113, 123, 124]
00715ecd					PS2: [0, 19, 28, 36, 45, 52, 53, 59, 66, 68, 76, 85, 94, 102, 103, 110, 111, 118, 119, 124, 128]					MC: [0, 1, 2, 3, 4, 5, 6, 7, 8, 9, 10, 11, 12, 13, 14, 15, 16, 17, 18, 19, 20, 21, 22, 23, 24, 25, 26, 28, 29, 30, 31, 32, 33, 34, 35, 36, 37, 38, 39, 40, 41, 43, 44, 45, 46, 47, 49, 50, 51, 52, 53, 54, 55, 57, 58, 59, 60, 61, 62, 63, 64, 65, 66, 67, 68, 69, 70, 71, 72, 73, 74, 75, 76, 77, 78, 80, 81, 82, 83, 84, 85, 86, 87, 88, 89, 90, 91, 92, 93, 94, 95, 96, 97, 98, 99, 100, 101, 102, 103, 104, 105, 106, 107, 108, 109, 110, 111, 112, 113, 114, 115, 116, 117, 118, 119, 120, 121, 122, 123, 124, 125, 126, 127, 128, 129, 130, 131, 132, 133, 134, 135, 136, 137, 138, 139, 140, 143]
00716448					PS2: [0, 12, 30, 50, 65, 81, 94, 98, 103, 110, 112, 126, 127, 128]					MC: [0, 9, 17, 26, 34, 43, 51, 60, 68, 77, 85, 94, 102, 111, 119, 128]
007172af					PS2: [0, 3, 9, 20, 30, 42, 50, 58, 66, 74, 83, 95, 105, 112, 119, 128]					MC: [0, 2, 3, 4, 8, 9, 10, 19, 20, 21, 29, 30, 31, 41, 42, 43, 49, 50, 51, 57, 58, 59, 65, 66, 67, 73, 74, 75, 82, 83, 84, 94, 95, 96, 104, 105, 106, 111, 112, 113, 117, 118, 119, 120, 127, 128, 129]
00717448					PS2: [0, 11, 24, 33, 49, 66, 81, 95, 102, 109, 114, 126, 127, 128]					MC: [0, 9, 17, 26, 34, 43, 51, 60, 68, 77, 85, 94, 102, 111, 119, 128]
00718448					PS2: [0, 20, 32, 51, 66, 84, 96, 108, 124, 126, 127, 128]					MC: [0, 9, 17, 26, 34, 43, 51, 60, 68, 77, 85, 94, 102, 111, 119, 128]
00719448					PS2: [0, 8, 20, 33, 50, 66, 83, 96, 109, 120, 127, 128]					MC: [0, 9, 17, 26, 34, 43, 51, 60, 68, 77, 85, 94, 102, 111, 119, 128]
0071a448					PS2: [0, 8, 20, 32, 46, 62, 76, 95, 96, 108, 120, 127, 128]					MC: [0, 9, 17, 26, 32, 34, 43, 46, 51, 59, 60, 68, 71, 77, 82, 85, 91, 94, 100, 102, 107, 111, 114, 119, 123, 125, 127, 128]
0071b304					PS2: [0, 8, 16, 24, 32, 45, 56, 63, 71, 79, 87, 95, 103, 111, 119, 128]					MC: [0, 1, 2, 3, 4, 5, 6, 7, 8, 9, 10, 11, 12, 13, 14, 15, 16, 17, 18, 19, 20, 21, 22, 23, 24, 25, 26, 27, 28, 29, 30, 31, 32, 33, 34, 35, 36, 37, 38, 39, 40, 41, 42, 43, 44, 45, 46, 47, 48, 49, 50, 51, 52, 53, 54, 55, 56, 57, 58, 59, 60, 61, 62, 63, 64, 65, 66, 67, 68, 69, 70, 71, 72, 73, 74, 75, 76, 77, 78, 79, 80, 81, 82, 83, 84, 85, 86, 87, 88, 89, 90, 91, 92, 93, 94, 95, 96, 97, 98, 99, 100, 101, 102, 103, 104]
0071b448					PS2: [0, 12, 23, 33, 46, 62, 81, 96, 112, 113, 115, 127, 128]					MC: [0, 9, 17, 26, 34, 43, 51, 60, 68, 77, 85, 94, 102, 111, 119, 128]
0071c448					PS2: [0, 12, 30, 45, 63, 72, 84, 96, 102, 109, 126, 127, 128]					MC: [0, 9, 17, 26, 34, 43, 51, 60, 68, 77, 85, 94, 102, 111, 119, 128]
0071cb83					PS2: [0, 4, 8, 17, 25, 34, 42, 51, 59, 68, 80, 93, 102, 110, 119, 128]					MC: [0, 9, 17, 26, 34, 43, 51, 60, 68, 77, 85, 94, 102, 111, 119, 128]
0071d448					PS2: [0, 11, 24, 32, 45, 62, 72, 83, 96, 108, 120, 128]					MC: [0, 9, 17, 26, 34, 43, 51, 60, 68, 77, 85, 94, 102, 111, 119, 128]
0071d6c8					PS2: [0, 9, 20, 33, 50, 67, 84, 99, 106, 113, 116, 126, 127, 128]					MC: [0, 9, 17, 26, 34, 43, 51, 60, 68, 77, 85, 94, 102, 111, 119, 128]
0071e448					PS2: [0, 13, 31, 49, 64, 77, 95, 109, 118, 126, 127, 128]					MC: [0, 9, 17, 26, 34, 43, 51, 60, 68, 77, 85, 94, 102, 111, 119, 128]
0071f448					PS2: [0, 8, 19, 32, 44, 64, 83, 96, 108, 125, 126, 127, 128]					MC: [0, 9, 17, 26, 34, 43, 51, 60, 68, 77, 85, 94, 102, 111, 119, 128]
00723f17					PS2: [0, 12, 19, 27, 34, 35, 42, 43, 50, 51, 59, 67, 75, 76, 84, 92, 93, 101, 110, 118, 119, 128]					MC: [0, 1, 2, 3, 4, 5, 6, 7, 8, 9, 10, 11, 12, 13, 14, 15, 16, 17, 18, 19, 20, 21, 22, 23, 24, 25, 26, 27, 28, 29, 30, 31, 32, 33, 34, 35, 36, 37, 38, 39, 40, 41, 42, 43, 44, 45, 46, 47, 48, 49, 50, 51, 52, 53, 54, 55, 56, 57, 58, 59, 60, 61, 62, 63, 64, 65, 66, 67, 68, 69, 70, 71, 72, 73, 74, 75, 76, 77, 78, 79, 80, 81, 82, 83, 84, 85, 86, 87, 88, 89, 90, 91, 92, 93, 94, 95, 96, 97, 98, 99, 100, 101, 102, 103, 104, 105, 106, 107, 108, 109, 110, 111, 112, 113, 114, 115, 116, 117, 118, 119, 120, 121, 122, 123, 124, 125, 126, 127, 128]
00733f17					PS2: [0, 12, 19, 27, 34, 35, 42, 43, 50, 51, 59, 67, 75, 76, 84, 92, 93, 101, 110, 118, 119, 128]					MC: [0, 1, 2, 3, 4, 5, 6, 7, 8, 9, 10, 11, 12, 13, 14, 15, 16, 17, 18, 19, 20, 21, 22, 23, 24, 25, 26, 27, 28, 29, 30, 31, 32, 33, 34, 35, 36, 37, 38, 39, 40, 41, 42, 43, 44, 45, 46, 47, 48, 49, 50, 51, 52, 53, 54, 55, 56, 57, 58, 59, 60, 61, 62, 63, 64, 65, 66, 67, 68, 69, 70, 71, 72, 73, 74, 75, 76, 77, 78, 79, 80, 81, 82, 83, 84, 85, 86, 87, 88, 89, 90, 91, 92, 93, 94, 95, 96, 97, 98, 99, 100, 101, 102, 103, 104, 105, 106, 107, 108, 109, 110, 111, 112, 113, 114, 115, 116, 117, 118, 119, 120, 121, 122, 123, 124, 125, 126, 127, 128]
00736448					PS2: [0, 11, 24, 33, 50, 65, 83, 96, 108, 120, 126, 127, 128]					MC: [0, 9, 17, 26, 34, 43, 51, 60, 68, 77, 85, 94, 102, 111, 119, 128]
00737448					PS2: [0, 8, 19, 32, 45, 64, 83, 96, 107, 120, 127, 128]					MC: [0, 9, 17, 26, 34, 43, 51, 60, 68, 77, 85, 94, 102, 111, 119, 128]
00738448					PS2: [0, 14, 31, 46, 62, 79, 95, 103, 112, 116, 120, 127, 128]					MC: [0, 9, 17, 26, 34, 43, 51, 60, 68, 77, 85, 94, 102, 111, 119, 128]
00739448					PS2: [0, 8, 20, 33, 51, 64, 78, 93, 97, 106, 126, 127, 128]					MC: [0, 1, 2, 3, 5, 6, 7, 8, 9, 11, 13, 14, 15, 16, 17, 18, 20, 21, 22, 23, 24, 26, 27, 28, 29, 30, 31, 32, 34, 35, 36, 38, 39, 41, 43, 45, 46, 49, 51, 53, 54, 56, 57, 58, 59, 60, 61, 65, 67, 68, 69, 70, 72, 73, 74, 76, 77, 78, 81, 82, 84, 85, 86, 87, 89, 90, 92, 94, 96, 97, 99, 100, 102, 103, 104, 106, 107, 108, 110, 111, 112, 114, 115, 116, 117, 118, 119, 128]
0073b5c3					PS2: [0, 12, 19, 27, 34, 35, 42, 43, 50, 51, 59, 67, 75, 76, 84, 92, 93, 101, 110, 118, 119, 128]					MC: [0, 1, 2, 3, 4, 5, 6, 7, 8, 9, 10, 11, 12, 13, 14, 15, 16, 17, 18, 19, 20, 21, 22, 23, 24, 25, 26, 27, 28, 29, 30, 31, 32, 33, 34, 35, 36, 37, 38, 39, 40, 41, 42, 43, 44, 45, 46, 47, 48, 49, 50, 51, 52, 53, 54, 55, 56, 57, 58, 59, 60, 61, 62, 63, 64, 65, 66, 67, 68, 69, 70, 71, 72, 73, 74, 75, 76, 77, 78, 79, 80, 81, 82, 83, 84, 85, 86, 87, 88, 89, 90, 91, 92, 93, 94, 95, 96, 97, 98, 99, 100, 101, 102, 103, 104, 105, 106, 107, 108, 109, 110, 111, 112, 113, 114, 115, 116, 117, 118, 119, 120, 121, 122, 123, 124, 125, 126, 127, 128]
0073b90a					PS2: [0, 4, 11, 19, 28, 37, 49, 57, 64, 72, 80, 91, 100, 109, 119, 126]					MC: [0, 8, 9, 14, 15, 19, 20, 25, 26, 32, 33, 39, 40, 46, 47, 54, 55, 63, 64, 71, 72, 79, 80, 89, 90, 98, 99, 107, 108, 118, 127, 128]
0073c448					PS2: [0, 12, 24, 33, 51, 65, 76, 94, 113, 115, 126, 127]					MC: [0, 9, 17, 26, 34, 43, 51, 60, 68, 77, 85, 94, 102, 111, 119, 128]
00743f17					PS2: [0, 12, 19, 27, 34, 35, 42, 43, 46, 50, 51, 52, 59, 67, 75, 76, 84, 92, 93, 101, 110, 118, 119, 128]					MC: [0, 1, 2, 3, 4, 5, 6, 7, 8, 9, 10, 11, 12, 13, 14, 15, 16, 17, 18, 19, 20, 21, 22, 23, 24, 25, 26, 27, 28, 29, 30, 31, 32, 33, 34, 35, 36, 37, 38, 39, 40, 41, 42, 43, 44, 45, 46, 47, 48, 49, 50, 51, 52, 53, 54, 55, 56, 57, 58, 59, 60, 61, 62, 63, 64, 65, 66, 67, 68, 69, 70, 71, 72, 73, 74, 75, 76, 77, 78, 79, 80, 81, 82, 83, 84, 85, 86, 87, 88, 89, 90, 91, 92, 93, 94, 95, 96, 97, 98, 99, 100, 101, 102, 103, 104, 105, 106, 107, 108, 109, 110, 111, 112, 113, 114, 115, 116, 117, 118, 119, 120, 121, 122, 123, 124, 125, 126, 127, 128]
007456b2					PS2: [0, 15, 30, 43, 56, 73, 94, 107, 120, 125, 127, 128]					MC: [0, 1, 2, 3, 4, 5, 6, 7, 8, 9, 10, 11, 12, 13, 14, 15, 16, 17, 18, 19, 20, 21, 22, 23, 24, 25, 26, 27, 28, 29, 30, 31, 32, 33, 34, 35, 36, 37, 38, 39, 40, 41, 42, 43, 44, 45, 46, 47, 48, 49, 50, 51, 52, 53, 54, 55, 56, 57, 58, 59, 60, 61, 62, 63, 64, 65, 66, 67, 68, 69, 70, 71, 72, 73, 74, 75, 76, 77, 78, 79, 80, 81, 82, 83, 84, 85, 86, 87, 88, 89, 90, 91, 92, 93, 94, 95, 96, 97, 98, 99, 100, 101, 102, 103, 104, 105, 106, 107, 108, 109, 110, 111, 112, 113, 114, 115, 116, 117, 118, 119, 120, 121, 122, 123, 124, 125, 126, 127, 128]
00746cd0					PS2: [0, 15, 37, 56, 75, 95, 107, 119, 126, 127, 128]					MC: [0, 1, 2, 3, 4, 5, 6, 7, 8, 9, 10, 11, 12, 13, 14, 15, 16, 17, 18, 19, 20, 21, 22, 23, 24, 25, 26, 27, 28, 29, 30, 31, 32, 33, 34, 37, 38, 39, 40, 41, 42, 43, 44, 45, 46, 47, 48, 49, 50, 51, 52, 53, 54, 55, 56, 58, 59, 60, 61, 62, 63, 64, 65, 66, 67, 68, 69, 70, 71, 72, 73, 74, 75, 76, 77, 78, 79, 80, 81, 82, 83, 84, 85, 86, 87, 88, 89, 90, 91, 92, 93, 94, 95, 96, 97, 98, 99, 100, 101, 102, 103, 104, 105, 106, 107, 108, 109, 110, 111, 112, 113, 114, 115, 116, 117, 118, 119, 120, 121, 122, 123, 124, 125, 126, 127, 128, 129, 131]
0074b5c3					PS2: [0, 12, 19, 27, 34, 35, 42, 43, 50, 51, 59, 67, 75, 76, 84, 92, 93, 101, 110, 118, 119, 128]					MC: [0, 2, 3, 4, 5, 6, 7, 8, 9, 10, 11, 12, 13, 14, 15, 16, 17, 18, 19, 20, 21, 22, 23, 24, 25, 26, 27, 28, 29, 30, 31, 32, 33, 34, 35, 36, 37, 38, 39, 40, 41, 42, 43, 44, 45, 46, 47, 48, 49, 50, 51, 52, 53, 54, 55, 56, 57, 58, 59, 60, 61, 62, 63, 64, 65, 66, 67, 68, 69, 70, 71, 72, 73, 74, 75, 76, 77, 78, 79, 80, 81, 82, 83, 84, 85, 86, 87, 88, 89, 90, 91, 92, 93, 94, 95, 96, 97, 98, 99, 100, 101, 102, 103, 104, 105, 106, 107, 108, 109, 110, 111, 112, 113, 114, 115, 116, 117, 118, 119, 120, 121, 122, 123, 124, 127, 128]
00753f17					PS2: [0, 12, 19, 27, 34, 35, 42, 43, 50, 51, 59, 67, 75, 76, 84, 92, 93, 101, 110, 118, 119, 128]					MC: [0, 1, 2, 3, 4, 5, 6, 7, 8, 9, 10, 11, 12, 13, 14, 15, 16, 17, 18, 19, 20, 21, 22, 23, 24, 25, 26, 27, 28, 29, 30, 31, 32, 33, 34, 35, 36, 37, 38, 39, 40, 41, 42, 43, 44, 45, 46, 47, 48, 49, 50, 51, 52, 53, 54, 55, 56, 57, 58, 59, 60, 61, 62, 63, 64, 65, 66, 67, 68, 69, 70, 71, 72, 73, 74, 75, 76, 77, 78, 79, 80, 81, 82, 83, 84, 85, 86, 87, 88, 89, 90, 91, 92, 93, 94, 95, 96, 97, 98, 99, 100, 101, 102, 103, 104, 105, 106, 107, 108, 109, 110, 111, 112, 113, 114, 115, 116, 117, 118, 119, 120, 121, 122, 123, 124, 125, 126, 127, 128]
00754e27					PS2: [0, 5, 13, 22, 31, 40, 51, 59, 67, 78, 87, 97, 104, 110, 118, 126]					MC: [0, 9, 17, 26, 34, 43, 51, 60, 68, 77, 85, 94, 102, 111, 119, 128]
00754e2b					PS2: [0, 6, 13, 24, 36, 46, 53, 60, 67, 73, 83, 93, 100, 107, 116, 125]					MC: [0, 9, 17, 26, 34, 43, 51, 60, 68, 77, 85, 94, 102, 111, 119, 128]
00754e2f					PS2: [0, 4, 12, 21, 29, 36, 43, 52, 62, 72, 79, 89, 98, 107, 115, 124]					MC: [0, 9, 17, 26, 34, 43, 51, 60, 68, 77, 85, 94, 102, 111, 119, 128]
007592c2					PS2: [0, 15, 30, 43, 56, 67, 81, 96, 108, 120, 125, 128]					MC: [0, 1, 2, 3, 4, 5, 6, 7, 8, 9, 10, 11, 12, 13, 14, 15, 16, 17, 18, 19, 20, 21, 22, 23, 24, 25, 26, 27, 28, 29, 30, 31, 32, 33, 34, 35, 36, 37, 38, 39, 40, 41, 42, 43, 44, 45, 46, 47, 48, 49, 50, 51, 52, 53, 54, 55, 56, 57, 58, 59, 60, 61, 62, 63, 64, 65, 66, 67, 68, 69, 70, 71, 72, 73, 74, 75, 76, 77, 78, 79, 80, 81, 82, 83, 84, 85, 86, 87, 88, 89, 90, 91, 92, 93, 94, 95, 96, 97, 98, 99, 100, 101, 102, 103, 104, 105, 106, 107, 108, 109, 110, 111, 112, 113, 114, 115, 116, 117, 118, 119, 120, 121, 122, 123, 124, 125, 126, 128]
0075a8e0					PS2: [0, 15, 30, 43, 56, 75, 95, 108, 119, 125, 126, 127, 128]					MC: [0, 1, 2, 3, 4, 5, 6, 7, 8, 9, 10, 11, 12, 13, 14, 15, 16, 17, 18, 19, 20, 21, 22, 23, 24, 25, 26, 27, 28, 29, 30, 31, 32, 33, 34, 35, 36, 37, 38, 39, 40, 41, 42, 43, 44, 45, 46, 47, 48, 49, 50, 51, 52, 53, 54, 55, 56, 57, 58, 59, 60, 61, 62, 63, 64, 65, 66, 67, 68, 69, 70, 71, 72, 73, 74, 75, 76, 77, 78, 79, 80, 81, 82, 83, 84, 85, 86, 87, 88, 89, 90, 91, 92, 93, 94, 95, 96, 97, 98, 99, 100, 101, 102, 103, 104, 105, 106, 107, 108, 109, 110, 111, 112, 113, 114, 115, 116, 117, 118, 119, 120, 121, 122, 123, 124, 125, 126]
0075d04f					PS2: [0, 46, 64, 65, 66, 85, 102, 103, 115, 128]					MC: [0, 1, 2, 3, 4, 5, 6, 7, 8, 9, 10, 11, 12, 13, 14, 15, 16, 17, 18, 19, 21, 24, 25, 26, 27, 28, 30, 31, 32, 33, 34, 35, 36, 37, 38, 40, 47, 49, 51, 53, 55, 57, 58, 59, 61, 62, 63, 64, 69, 70, 71, 75, 76, 81, 82, 84, 85, 86, 87, 89, 90, 92, 94, 95, 96, 97, 98, 99, 100, 101, 102, 103, 104, 105, 106, 107, 108, 109, 110, 111, 112, 113, 114, 115, 116, 117, 118, 119, 120, 121, 122, 123, 124, 125, 126, 127, 128, 129, 130, 131, 132, 133, 134, 135, 136, 137, 138, 139, 140, 141, 142, 143, 144, 145, 152]
0075dece					PS2: [0, 5, 11, 16, 26, 36, 47, 58, 69, 77, 85, 94, 102, 111, 120, 128]					MC: [0, 8, 9, 14, 15, 19, 20, 25, 26, 32, 33, 39, 40, 46, 47, 55, 56, 63, 64, 71, 72, 79, 80, 89, 90, 98, 99, 107, 108, 117, 118, 127, 128]
0075e05b					PS2: [0, 65, 66, 102, 103, 128]					MC: [0, 1, 2, 3, 4, 5, 6, 7, 8, 9, 10, 17, 22, 24, 28, 46, 55, 56, 78, 82, 91, 93, 97, 108, 117, 120, 121, 122, 123, 124, 125, 126, 127, 128, 129, 130, 131, 132, 133]
0075eece					PS2: [0, 9, 17, 27, 34, 42, 52, 60, 68, 76, 83, 91, 102, 111, 119, 128]					MC: [0, 8, 9, 14, 15, 19, 20, 25, 26, 32, 33, 39, 40, 46, 47, 55, 56, 63, 64, 71, 72, 79, 80, 89, 90, 98, 99, 107, 108, 117, 118, 127, 128]
0075fece					PS2: [0, 5, 10, 13, 17, 21, 25, 29, 33, 38, 42, 45, 50, 56, 63, 69]					MC: [0, 6, 7, 9, 10, 12, 13, 16, 17, 19, 20, 23, 24, 27, 28, 31, 32, 35, 36, 39, 40, 44, 45, 49, 50, 53, 54, 58, 59, 63, 64, 68, 69]
00763f17					PS2: [0, 12, 19, 27, 33, 34, 35, 42, 43, 50, 51, 59, 67, 75, 76, 84, 92, 93, 101, 110, 118, 119, 128]					MC: [0, 1, 2, 3, 4, 5, 6, 7, 8, 9, 10, 11, 12, 13, 14, 15, 16, 17, 18, 19, 20, 21, 22, 23, 24, 25, 26, 27, 28, 29, 30, 31, 32, 33, 34, 35, 36, 37, 38, 39, 40, 41, 42, 43, 44, 45, 46, 47, 48, 49, 50, 51, 52, 53, 54, 55, 56, 57, 58, 59, 60, 61, 62, 63, 64, 65, 66, 67, 68, 69, 70, 71, 72, 73, 74, 75, 76, 77, 78, 79, 80, 81, 82, 83, 84, 85, 86, 87, 88, 89, 90, 91, 92, 93, 94, 95, 96, 97, 98, 99, 100, 101, 102, 103, 104, 105, 106, 107, 108, 109, 110, 111, 112, 113, 114, 115, 116, 117, 118, 119, 120, 121, 122, 123, 124, 125, 126, 127, 128]
00769b5e					PS2: [0, 15, 30, 43, 56, 67, 80, 96, 106, 119, 125, 127, 128]					MC: [0, 9, 17, 26, 34, 43, 51, 60, 68, 77, 85, 94, 102, 111, 119, 128]
0076b17c					PS2: [0, 15, 30, 43, 56, 67, 82, 99, 119, 124, 127, 128]					MC: [0, 1, 2, 3, 4, 5, 6, 7, 8, 9, 10, 11, 12, 13, 14, 15, 16, 17, 18, 19, 20, 21, 22, 23, 24, 25, 26, 27, 28, 29, 30, 31, 32, 33, 34, 35, 36, 37, 38, 39, 40, 41, 42, 43, 45, 46, 47, 48, 49, 50, 51, 52, 53, 54, 55, 56, 57, 58, 59, 60, 61, 62, 63, 64, 65, 66, 67, 68, 69, 70, 71, 72, 73, 74, 75, 76, 77, 78, 79, 80, 81, 82, 83, 84, 85, 86, 87, 88, 89, 90, 91, 92, 93, 94, 95, 96, 97, 98, 99, 100, 101, 102, 103, 104, 105, 106, 107, 108, 109, 110, 111, 112, 113, 114, 115, 116, 117, 118, 119, 120, 121, 122, 123, 124, 125, 126, 127, 128, 129, 131]
0076cfa5					PS2: [0, 65, 66, 101, 102, 103, 128]					MC: [0, 1, 2, 3, 4, 5, 6, 7, 11, 19, 20, 22, 24, 25, 29, 30, 31, 34, 116, 117, 118, 119, 120, 121, 122, 123, 124, 125, 126, 127, 128, 129, 130, 131, 132, 133]
0076f9b2					PS2: [0, 6, 14, 21, 28, 37, 48, 59, 69, 77, 85, 95, 104, 113, 122, 128]					MC: [0, 8, 9, 14, 15, 19, 20, 25, 26, 32, 33, 39, 40, 46, 47, 54, 55, 63, 64, 71, 72, 79, 80, 89, 90, 98, 99, 107, 108, 118, 127, 128]
0077309b					PS2: [0, 7, 8, 16, 24, 32, 33, 41, 49, 57, 58, 66, 74, 75, 82, 83, 90, 91, 99, 107, 108, 115, 116, 124]					MC: [0, 9, 10, 14, 15, 20, 21, 27, 28, 34, 35, 41, 42, 49, 50, 57, 58, 66, 67, 75, 76, 84, 85, 94, 95, 104, 105, 113, 114, 124, 125]
00773f17					PS2: [0, 12, 19, 27, 34, 35, 42, 43, 50, 51, 59, 67, 75, 76, 84, 92, 93, 101, 110, 118, 119, 128]					MC: [0, 1, 2, 3, 4, 5, 6, 7, 8, 9, 10, 11, 12, 13, 14, 15, 16, 17, 18, 19, 20, 21, 22, 23, 24, 25, 26, 27, 28, 29, 30, 31, 32, 33, 34, 35, 36, 37, 38, 39, 40, 41, 42, 43, 44, 45, 46, 47, 48, 49, 50, 51, 52, 53, 54, 55, 56, 57, 58, 59, 60, 61, 62, 63, 64, 65, 66, 67, 68, 69, 70, 71, 72, 73, 74, 75, 76, 77, 78, 79, 80, 81, 82, 83, 84, 85, 86, 87, 88, 89, 90, 91, 92, 93, 94, 95, 96, 97, 98, 99, 100, 101, 102, 103, 104, 105, 106, 107, 108, 109, 110, 111, 112, 113, 114, 115, 116, 117, 118, 119, 120, 121, 122, 123, 124, 125, 126, 127, 128]
007753ca					PS2: [0, 1, 2, 3, 4, 5, 6, 7, 8, 9, 10, 11, 12, 13, 14, 15, 16, 17, 18, 19, 20, 21, 22, 23, 24, 25, 26, 27, 28, 29, 30, 31, 32, 33, 34, 35, 36, 37, 38, 39, 40, 41, 42, 43, 44, 45, 46, 47, 48, 49, 50, 51, 52, 53, 54, 55, 56, 57, 58, 59, 60, 61, 62, 63, 64, 65, 66, 67, 68, 69, 70, 71, 72, 73, 74, 75, 76, 77, 78, 79, 80, 81, 82, 83, 84, 85, 86, 87, 88, 89, 90, 91, 92, 93, 94, 95, 96, 97, 98, 99, 100, 101, 102, 103, 104, 105, 106, 107, 108, 109, 110, 111, 112, 113, 114, 115, 116, 117, 118, 119, 120, 121, 122, 123, 124, 125, 126, 127, 128]					MC: [0, 2, 3, 5, 7, 8, 9, 10, 11, 12, 14, 15, 16, 17, 18, 19, 20, 21, 22, 23, 24, 25, 26, 27, 28, 29, 30, 31, 32, 33, 34, 35, 36, 37, 38, 39, 40, 41, 42, 43, 44, 45, 46, 47, 48, 49, 50, 51, 52, 53, 54, 55, 56, 57, 58, 59, 60, 61, 62, 63, 64, 65, 66, 67, 68, 69, 70, 71, 72, 73, 74, 75, 76, 77, 78, 79, 80, 81, 82, 83, 84, 85, 86, 87, 88, 89, 90, 91, 92, 93, 94, 95, 96, 97, 98, 99, 100, 101, 102, 103, 104, 105, 106, 107, 108, 109, 110, 111, 112, 113, 114, 115, 116, 117, 118, 119, 120, 121, 122, 123, 124, 125, 126, 127]
0077fd76					PS2: [0, 5, 15, 22, 30, 37, 47, 58, 67, 75, 83, 91, 100, 108, 117, 126]					MC: [0, 1, 2, 3, 4, 5, 6, 7, 8, 9, 10, 11, 12, 13, 14, 15, 16, 17, 18, 19, 20, 21, 22, 23, 24, 25, 26, 27, 28, 29, 30, 31, 32, 33, 34, 35, 36, 37, 38, 39, 40, 41, 42, 43, 44, 45, 46, 47, 48, 49, 50, 51, 52, 53, 54, 55, 56, 57, 58, 59, 60, 61, 62, 63, 64, 65, 66, 67, 68, 69, 70, 71, 72, 73, 74, 75, 76, 77, 78, 79, 80, 81, 82, 83, 84, 85, 86, 87, 88, 89, 90, 91, 92, 93, 94, 95, 96, 97, 98, 99, 100, 101, 102, 103, 104, 105, 106, 107, 108, 109, 110, 111, 112, 113, 114, 115, 116, 117, 118, 119, 120, 121, 122, 123, 124, 125, 126, 127, 128, 129, 130, 131]
00783f17					PS2: [0, 12, 19, 27, 34, 35, 42, 43, 50, 51, 59, 67, 75, 76, 84, 92, 93, 101, 110, 118, 119, 128]					MC: [0, 1, 2, 3, 4, 5, 6, 7, 8, 9, 10, 11, 12, 13, 14, 15, 16, 17, 18, 19, 20, 21, 22, 23, 24, 25, 26, 27, 28, 29, 30, 31, 32, 33, 34, 35, 36, 37, 38, 39, 40, 41, 42, 43, 44, 45, 46, 47, 48, 49, 50, 51, 52, 53, 54, 55, 56, 57, 58, 59, 60, 61, 62, 63, 64, 65, 66, 67, 68, 69, 70, 71, 72, 73, 74, 75, 76, 77, 78, 79, 80, 81, 82, 83, 84, 85, 86, 87, 88, 89, 90, 91, 92, 93, 94, 95, 96, 97, 98, 99, 100, 101, 102, 103, 104, 105, 106, 107, 108, 109, 110, 111, 112, 113, 114, 115, 116, 117, 118, 119, 120, 121, 122, 123, 124, 125, 126, 127, 128]
00793f17					PS2: [0, 12, 19, 27, 34, 35, 42, 43, 50, 51, 59, 67, 75, 76, 84, 92, 93, 101, 110, 118, 119, 128]					MC: [0, 1, 2, 3, 4, 5, 6, 7, 8, 9, 10, 11, 12, 13, 14, 15, 16, 17, 18, 19, 20, 21, 22, 23, 24, 25, 26, 27, 28, 29, 30, 31, 32, 33, 34, 35, 36, 37, 38, 39, 40, 41, 42, 43, 44, 45, 46, 47, 48, 49, 50, 51, 52, 53, 54, 55, 56, 57, 58, 59, 60, 61, 62, 63, 64, 65, 66, 67, 68, 69, 70, 71, 72, 73, 74, 75, 76, 77, 78, 79, 80, 81, 82, 83, 84, 85, 86, 87, 88, 89, 90, 91, 92, 93, 94, 95, 96, 97, 98, 99, 100, 101, 102, 103, 104, 105, 106, 107, 108, 109, 110, 111, 112, 113, 114, 115, 116, 117, 118, 119, 120, 121, 122, 123, 124, 125, 126, 127, 128]
007a0eb6					PS2: [0, 23, 46, 59, 77, 91, 93, 119, 123, 125, 127, 128]					MC: [0, 1, 2, 3, 4, 5, 6, 7, 8, 9, 10, 11, 12, 13, 14, 15, 16, 17, 18, 19, 20, 21, 22, 23, 24, 25, 26, 27, 28, 29, 30, 31, 32, 33, 34, 35, 36, 37, 38, 39, 40, 42, 43, 44, 45, 46, 47, 48, 49, 50, 51, 52, 53, 54, 55, 56, 57, 58, 59, 60, 61, 63, 64, 65, 67, 68, 69, 70, 71, 72, 73, 74, 75, 76, 77, 78, 79, 80, 81, 82, 84, 85, 86, 87, 88, 89, 90, 91, 92, 93, 94, 95, 96, 97, 98, 99, 100, 101, 102, 103, 104, 105, 106, 107, 108, 109, 110, 111, 112, 113, 114, 115, 116, 117, 118, 119, 120, 121, 122, 123, 124, 125, 128]
007a861b					PS2: [0, 8, 20, 40, 41, 62, 70, 75, 90, 107, 108, 118, 126, 128]					MC: [0, 8, 9, 14, 15, 19, 20, 26, 27, 32, 33, 39, 40, 47, 48, 55, 56, 63, 64, 72, 73, 80, 81, 89, 90, 99, 100, 108, 109, 119, 120, 128, 129]
007b8516					PS2: [0, 4, 9, 19, 29, 40, 52, 60, 68, 77, 83, 91, 102, 110, 120, 128]					MC: [0, 8, 9, 14, 15, 19, 20, 25, 26, 32, 33, 39, 40, 46, 47, 55, 56, 63, 64, 71, 72, 79, 80, 89, 90, 98, 99, 107, 108, 117, 118, 127, 128]
007b9516					PS2: [0, 9, 16, 24, 35, 43, 51, 59, 68, 76, 85, 96, 105, 112, 121, 128]					MC: [0, 8, 9, 14, 15, 19, 20, 25, 26, 32, 33, 39, 40, 46, 47, 55, 56, 63, 64, 71, 72, 79, 80, 89, 90, 98, 99, 107, 108, 117, 118, 127, 128]
007ba516					PS2: [0, 9, 16, 24, 35, 44, 52, 61, 72, 83, 92, 100, 107, 115, 122, 128]					MC: [0, 8, 9, 14, 15, 19, 20, 25, 26, 32, 33, 39, 40, 46, 47, 55, 56, 63, 64, 71, 72, 79, 80, 89, 90, 98, 99, 107, 108, 117, 118, 127, 128]
007becbf					PS2: [0, 13, 23, 36, 45, 53, 57, 59, 64, 72, 85, 93, 108, 119, 128]					MC: [0, 6, 7, 8, 9, 10, 11, 12, 13, 14, 15, 16, 17, 18, 19, 20, 21, 22, 23, 24, 25, 26, 27, 28, 31, 32, 33, 34, 35, 37, 38, 39, 40, 41, 42, 45, 46, 47, 48, 49, 53, 54, 55, 56, 57, 58, 61, 62, 63, 64, 65, 69, 70, 71, 72, 73, 74, 77, 78, 79, 80, 81, 82, 87, 88, 89, 90, 91, 92, 96, 97, 98, 99, 100, 101, 105, 106, 107, 108, 109, 110, 117, 118, 124, 125, 126, 127, 128, 129, 130, 131]
007becbf_d76a24c266a9cb2e6b846847c1e131b3					PS2: [0, 13, 23, 36, 45, 53, 57, 59, 64, 72, 85, 93, 108, 119, 128]					MC: [0, 6, 7, 8, 9, 10, 12, 13, 14, 15, 16, 18, 19, 20, 21, 22, 23, 24, 25, 26, 27, 28, 29, 30, 31, 32, 33, 34, 35, 37, 38, 39, 40, 41, 42, 43, 45, 46, 47, 48, 49, 52, 53, 54, 55, 56, 57, 58, 60, 61, 62, 63, 64, 65, 68, 69, 70, 71, 72, 73, 74, 77, 78, 79, 80, 81, 82, 84, 86, 87, 88, 89, 90, 91, 92, 93, 95, 96, 97, 98, 99, 100, 101, 102, 104, 105, 106, 107, 108, 109, 110, 111, 117, 118, 123, 124, 125, 126, 127, 128, 129, 130, 131]
007cab39					PS2: [0, 15, 30, 43, 56, 74, 95, 107, 119, 126, 127, 128]					MC: [0, 1, 2, 3, 4, 5, 6, 7, 8, 9, 10, 11, 12, 13, 14, 15, 16, 17, 18, 19, 20, 21, 22, 23, 24, 25, 26, 27, 28, 29, 30, 31, 32, 33, 34, 35, 36, 37, 38, 39, 40, 41, 42, 43, 44, 45, 46, 47, 48, 49, 50, 51, 52, 53, 54, 55, 56, 57, 58, 59, 60, 61, 62, 63, 64, 65, 66, 67, 68, 69, 70, 71, 72, 73, 74, 75, 76, 77, 78, 79, 80, 81, 82, 83, 84, 85, 86, 87, 88, 89, 90, 91, 92, 93, 94, 95, 97, 98, 99, 100, 101, 102, 103, 104, 105, 106, 107, 108, 109, 110, 111, 112, 113, 114, 115, 116, 117, 118, 119, 120, 121, 122, 123, 124, 125, 126, 127, 128, 129, 131]
007d3f5f					PS2: [0, 15, 36, 56, 67, 82, 96, 109, 118, 127, 128]					MC: [0, 8, 16, 25, 33, 41, 49, 58, 65, 73, 82, 90, 98, 106, 115, 123, 131]
007d53a6					PS2: [0, 15, 30, 43, 56, 67, 81, 99, 112, 120, 125, 128]					MC: [0, 9, 17, 26, 34, 43, 51, 60, 68, 77, 85, 94, 102, 111, 119, 128]
007d6feb					PS2: [0, 18, 25, 33, 45, 55, 63, 71, 78, 87, 94, 95, 103, 111, 119, 128]					MC: [0, 9, 17, 26, 34, 43, 51, 60, 68, 77, 85, 94, 102, 111, 119, 128]
007db4a7					PS2: [0, 65, 66, 101, 102, 103, 128]					MC: [0, 1, 2, 3, 4, 5, 6, 7, 8, 10, 11, 12, 15, 18, 19, 20, 21, 22, 27, 28, 29, 32, 33, 34, 35, 36, 37, 38, 39, 40, 41, 43, 44, 47, 48, 49, 52, 53, 55, 56, 57, 60, 61, 62, 63, 64, 65, 66, 67, 68, 71, 72, 76, 79, 80, 81, 82, 84, 85, 87, 92, 93, 94, 96, 98, 100, 101, 102, 105, 106, 107, 108, 109, 110, 124, 125, 126, 127, 128, 129, 130]
007dd821					PS2: [0, 4, 7, 8, 13, 15, 16, 19, 24, 25, 32, 33, 40, 41, 42, 48, 49, 57, 58, 65, 66, 68, 74, 75, 77, 78, 82, 83, 88, 89, 90, 91, 99, 100, 107, 108, 111, 115, 116, 123, 124]					MC: [0, 9, 10, 14, 15, 20, 21, 27, 28, 35, 36, 42, 43, 51, 52, 58, 59, 67, 68, 76, 77, 86, 87, 96, 97, 106, 107, 116, 117, 127, 128]
007f2d9b					PS2: [0, 1, 3, 6, 9, 11, 14, 18, 21, 24, 29, 34, 40, 44, 48, 52]					MC: [0, 2, 3, 4, 5, 7, 8, 9, 10, 11, 12, 14, 15, 16, 17, 18, 19, 20, 21, 22, 23, 24, 25, 26, 27, 28, 29, 30, 31, 32, 33, 34, 35, 36, 37, 38, 39, 40, 41, 42, 43, 44, 45, 46, 47, 48, 49, 50, 51, 52, 53, 54, 55, 56, 57, 58, 59]
008126b0					PS2: [0, 4, 11, 21, 32, 41, 51, 60, 68, 74, 84, 92, 104, 115, 123, 128]					MC: [0, 8, 9, 14, 15, 19, 20, 25, 26, 32, 33, 39, 40, 46, 47, 54, 55, 63, 64, 71, 72, 79, 80, 89, 90, 98, 99, 107, 108, 118, 127, 128]
00812743					PS2: [0, 8, 19, 26, 35, 44, 52, 60, 70, 80, 92, 99, 106, 113, 121, 128]					MC: [0, 8, 9, 14, 15, 19, 20, 25, 26, 32, 33, 39, 40, 46, 47, 55, 56, 63, 64, 71, 72, 79, 80, 89, 90, 98, 99, 107, 108, 117, 118, 127, 128]
00813743					PS2: [0, 4, 10, 19, 28, 36, 48, 59, 69, 77, 84, 90, 98, 107, 115, 128]					MC: [0, 8, 9, 14, 15, 19, 20, 25, 26, 32, 33, 39, 40, 46, 47, 55, 56, 63, 64, 71, 72, 79, 80, 89, 90, 98, 99, 107, 108, 117, 118, 127, 128]
0081435d					PS2: [0, 11, 30, 40, 51, 65, 82, 96, 109, 126, 128]					MC: [0, 9, 17, 26, 34, 43, 51, 60, 68, 77, 85, 94, 102, 111, 119, 128]
00814361					PS2: [0, 12, 29, 45, 64, 83, 96, 108, 126, 128]					MC: [0, 9, 17, 26, 34, 43, 51, 60, 68, 77, 85, 94, 102, 111, 119, 128]
00814365					PS2: [0, 19, 32, 45, 63, 75, 97, 111, 116, 125, 128]					MC: [0, 9, 17, 26, 34, 43, 51, 60, 68, 77, 85, 94, 102, 111, 119, 128]
00814369					PS2: [0, 20, 33, 46, 62, 77, 94, 107, 113, 126, 128]					MC: [0, 9, 17, 26, 34, 43, 51, 60, 68, 77, 85, 94, 102, 111, 119, 128]
00814743					PS2: [0, 4, 10, 16, 25, 35, 46, 58, 69, 80, 92, 102, 111, 117, 123, 128]					MC: [0, 1, 2, 3, 4, 5, 6, 7, 8, 9, 10, 11, 12, 13, 14, 15, 16, 17, 18, 19, 20, 21, 22, 23, 24, 25, 26, 27, 28, 29, 30, 31, 32, 33, 34, 35, 36, 38, 39, 40, 41, 42, 43, 44, 45, 46, 47, 49, 50, 51, 52, 53, 54, 55, 56, 57, 58, 60, 61, 62, 63, 64, 65, 66, 67, 68, 69, 70, 71, 73, 74, 75, 76, 77, 78, 79, 80, 81, 82, 83, 84, 85, 86, 87, 88, 89, 90, 91, 92, 93, 94, 95, 96, 97, 98, 99, 100, 101, 102, 103, 104, 105, 106, 107, 108, 109, 110, 111, 112, 113, 114, 115, 116, 117, 118, 119, 120, 121, 122, 123, 124, 125, 126, 127]
008341ad					PS2: [0, 10, 19, 26, 34, 43, 50, 57, 69, 79, 87, 96, 104, 114, 122, 128]					MC: [0, 2, 3, 4, 6, 7, 8, 9, 10, 11, 12, 13, 14, 15, 16, 17, 18, 19, 20, 21, 22, 23, 24, 25, 26, 27, 28, 29, 30, 31, 32, 33, 34, 35, 36, 37, 38, 39, 40, 41, 42, 43, 44, 45, 46, 47, 48, 49, 50, 51, 52, 53, 54, 55, 56, 57, 58, 59, 60, 61, 62, 63, 64, 65, 66, 67, 68, 69, 70, 71, 72, 73, 74, 75, 77, 78, 79, 80, 81, 82, 83, 84, 85, 86, 87, 88, 89, 90, 91, 92, 93, 94, 95, 96, 97, 98, 99, 100, 101, 102, 103, 104, 105, 106, 107, 108, 109, 110, 111, 112, 113, 114, 115, 116, 118, 120, 121, 122, 123, 124, 125, 126]
00837206					PS2: [0, 29, 44, 66, 79, 89, 93, 101, 105, 108, 114, 116, 118, 122, 125, 128]					MC: [0, 1, 2, 3, 4, 5, 6, 7, 8, 9, 10, 11, 12, 13, 14, 15, 16, 17, 18, 19, 20, 21, 22, 23, 24, 25, 26, 27, 28, 29, 30, 31, 32, 33, 34, 35, 36, 37, 38, 39, 40, 41, 42, 43, 44, 45, 46, 47, 48, 49, 50, 51, 52, 53, 54, 55, 56, 57, 58, 59, 60, 61, 62, 63, 64, 65, 66, 67, 68, 69, 70, 71, 72, 73, 74, 75, 76, 77, 78, 79, 80, 81, 82, 83, 84, 85, 86, 87, 88, 89, 90, 91, 92, 93, 94, 95, 96, 97, 98, 99, 100, 101, 102, 103, 104, 105, 106, 107, 108, 109, 110, 111, 112, 113, 114, 115, 116, 117, 118, 119, 120, 121, 122, 123, 124, 125, 126, 127, 128, 129, 130]
0084cf43					PS2: [0, 6, 13, 22, 32, 42, 48, 57, 69, 77, 85, 93, 102, 110, 118, 127]					MC: [0, 2, 3, 4, 6, 7, 8, 9, 10, 11, 12, 13, 14, 15, 16, 17, 18, 19, 20, 21, 22, 23, 24, 25, 26, 27, 28, 29, 30, 31, 32, 33, 34, 35, 36, 37, 38, 39, 40, 41, 42, 43, 44, 45, 46, 47, 48, 49, 50, 51, 52, 53, 54, 55, 56, 57, 58, 59, 60, 61, 62, 63, 64, 65, 66, 67, 68, 69, 70, 71, 72, 73, 74, 75, 76, 77, 78, 79, 80, 81, 82, 83, 84, 85, 86, 87, 88, 89, 90, 91, 92, 93, 94, 95, 96, 97, 98, 99, 100, 101, 102, 103, 104, 105, 106, 107, 108, 109, 110, 111, 112, 113, 114, 115, 116, 117, 118, 120, 121, 122, 123, 124, 125, 126]
0085c59b					PS2: [0, 15, 39, 60, 81, 96, 107, 119, 126, 127, 128]					MC: [0, 8, 16, 25, 33, 41, 49, 58, 65, 73, 82, 90, 98, 106, 115, 123, 131]
008601d0					PS2: [0, 7, 8, 16, 24, 32, 33, 41, 49, 57, 58, 66, 74, 75, 82, 83, 90, 91, 99, 107, 108, 115, 116, 124]					MC: [0, 9, 10, 14, 15, 20, 21, 27, 28, 35, 36, 42, 43, 51, 52, 58, 59, 67, 68, 76, 77, 86, 87, 96, 97, 106, 107, 116, 117, 127, 128]
0087ae80					PS2: [0, 4, 10, 16, 24, 35, 45, 53, 62, 73, 84, 96, 103, 111, 122, 128]					MC: [0, 2, 3, 4, 6, 7, 8, 9, 10, 11, 12, 13, 14, 15, 16, 17, 18, 19, 20, 21, 22, 23, 24, 25, 26, 27, 28, 29, 30, 31, 32, 33, 34, 35, 36, 37, 38, 39, 40, 41, 42, 43, 44, 45, 46, 47, 48, 49, 50, 51, 52, 53, 54, 55, 56, 57, 58, 59, 60, 61, 62, 63, 64, 65, 66, 67, 68, 69, 70, 71, 72, 73, 74, 75, 76, 77, 78, 79, 80, 81, 82, 83, 84, 85, 86, 87, 88, 89, 90, 91, 92, 93, 94, 95, 96, 97, 98, 99, 100, 101, 102, 103, 104, 105, 106, 107, 108, 109, 110, 111, 112, 113, 114, 115, 116, 118, 120, 121, 122, 123, 124, 125, 126]
00882820					PS2: [0, 3, 10, 16, 26, 35, 45, 53, 65, 74, 82, 90, 98, 109, 117, 127]					MC: [0, 2, 3, 4, 6, 7, 8, 9, 10, 11, 12, 13, 14, 15, 16, 17, 18, 19, 20, 21, 22, 23, 24, 25, 26, 27, 28, 29, 30, 31, 32, 33, 34, 35, 36, 37, 38, 39, 40, 41, 42, 43, 44, 45, 46, 47, 48, 49, 50, 51, 52, 53, 54, 55, 56, 57, 58, 59, 60, 61, 62, 63, 64, 65, 66, 67, 68, 69, 70, 71, 72, 73, 74, 75, 76, 77, 78, 79, 80, 81, 82, 83, 84, 85, 86, 87, 88, 89, 90, 91, 92, 93, 94, 95, 96, 97, 98, 99, 100, 101, 102, 103, 104, 105, 106, 107, 108, 109, 110, 111, 112, 113, 114, 115, 116, 118, 120, 121, 122, 123, 124, 125, 126]
008956b2					PS2: [0, 15, 30, 43, 56, 75, 95, 106, 120, 125, 127, 128]					MC: [0, 9, 17, 26, 34, 43, 51, 60, 68, 77, 85, 94, 102, 111, 119, 128]
00896cd0					PS2: [0, 15, 30, 43, 56, 74, 95, 117, 125, 127, 128]					MC: [0, 1, 2, 3, 4, 5, 6, 7, 8, 9, 10, 11, 12, 13, 14, 15, 16, 17, 18, 19, 20, 21, 22, 23, 24, 25, 26, 27, 28, 29, 30, 31, 32, 33, 34, 35, 36, 37, 38, 39, 40, 41, 42, 43, 44, 45, 46, 47, 48, 49, 50, 51, 52, 53, 54, 55, 56, 57, 58, 59, 60, 61, 62, 63, 64, 65, 66, 67, 68, 69, 70, 71, 72, 73, 74, 75, 76, 77, 78, 79, 80, 81, 82, 83, 84, 85, 86, 87, 88, 89, 90, 91, 92, 93, 94, 95, 96, 97, 98, 99, 100, 101, 102, 103, 104, 105, 106, 107, 108, 109, 110, 111, 112, 113, 114, 115, 116, 117, 118, 119, 120, 121, 122, 123, 124, 125, 126, 127, 128]
008a417d					PS2: [0, 23, 26, 43, 78]					MC: [0, 1, 2, 3, 7, 8, 53, 95]
008a85bb					PS2: [0, 1, 2, 3, 4, 5, 6, 7, 8, 9, 10, 11, 12, 13, 14, 15, 16, 17, 18, 19, 20, 21, 22, 23, 24, 25, 26, 27, 28, 29, 30, 31, 32, 33, 34, 35, 36, 37, 38, 39, 40, 41, 42, 43, 44, 45, 46, 47, 48, 49, 50, 51, 52, 53, 54, 55, 56, 57, 58, 59, 60, 61, 62, 63, 64, 65, 66, 67, 68, 69, 70, 71, 72, 73, 74, 75, 76, 77, 78, 79, 80, 81, 82, 83, 84, 85, 86, 87, 88, 89, 90, 91, 92, 93, 94, 95, 96, 97, 98, 99, 100, 101, 102, 103, 104, 105, 106, 107, 108, 109, 110, 111, 112, 113, 114, 115, 116, 117, 118, 119, 120, 121, 122, 123, 124, 125, 126, 127, 128]					MC: [0, 1, 2, 3, 4, 5, 6, 7, 8, 9, 10, 11, 12, 13, 14, 15, 16, 17, 18, 19, 20, 21, 22, 23, 24, 25, 26, 27, 28, 29, 30, 31, 32, 33, 34, 35, 36, 38, 39, 40, 41, 42, 43, 44, 45, 46, 47, 49, 50, 51, 52, 53, 54, 56, 57, 58, 60, 61, 62, 63, 64, 65, 66, 67, 68, 69, 70, 71, 73, 74, 75, 76, 77, 78, 79, 80, 81, 82, 83, 84, 85, 86, 87, 88, 89, 90, 91, 92, 93, 94, 95, 96, 97, 98, 99, 100, 101, 102, 103, 104, 105, 106, 107, 108, 109, 110, 111, 112, 113, 114, 115, 116, 117, 118, 119, 120, 121, 122, 123, 124, 125, 126, 127]
008aa5bb					PS2: [0, 1, 2, 3, 4, 5, 6, 7, 8, 9, 10, 11, 12, 13, 14, 15, 16, 17, 18, 19, 20, 21, 22, 23, 24, 25, 26, 27, 28, 29, 30, 31, 32, 33, 34, 35, 36, 37, 38, 39, 40, 41, 42, 43, 44, 45, 46, 47, 48, 49, 50, 51, 52, 53, 54, 55, 56, 57, 58, 59, 60, 61, 62, 63, 64, 65, 66, 67, 68, 69, 70, 71, 72, 73, 74, 75, 76, 77, 78, 79, 80, 81, 82, 83, 84, 85, 86, 87, 88, 89, 90, 91, 92, 93, 94, 95, 96, 97, 98, 99, 100, 101, 102, 103, 104, 105, 106, 107, 108, 109, 110, 111, 112, 113, 114, 115, 116, 117, 118, 119, 120, 121, 122, 123, 124, 125, 126, 127, 128]					MC: [0, 1, 2, 3, 4, 5, 6, 7, 8, 9, 10, 11, 12, 13, 14, 15, 16, 17, 18, 19, 20, 21, 22, 23, 24, 25, 26, 27, 28, 29, 30, 31, 32, 33, 34, 35, 36, 38, 39, 40, 41, 42, 43, 44, 45, 46, 47, 49, 50, 51, 52, 53, 54, 56, 57, 58, 60, 61, 62, 63, 64, 65, 66, 67, 68, 69, 70, 71, 73, 74, 75, 76, 77, 78, 79, 80, 81, 82, 83, 84, 85, 86, 87, 88, 89, 90, 91, 92, 93, 94, 95, 96, 97, 98, 99, 100, 101, 102, 103, 104, 105, 106, 107, 108, 109, 110, 111, 112, 113, 114, 115, 116, 117, 118, 119, 120, 121, 122, 123, 124, 125, 126, 127]
008aac24					PS2: [0, 18, 26, 33, 45, 55, 63, 71, 79, 87, 94, 95, 103, 111, 119, 128]					MC: [0, 9, 17, 26, 34, 43, 51, 60, 68, 77, 85, 94, 102, 111, 119, 128]
008caa88					PS2: [0, 15, 30, 43, 58, 82, 96, 106, 119, 125, 127, 128]					MC: [0, 9, 17, 26, 34, 43, 51, 60, 68, 77, 85, 94, 102, 111, 119, 128]
008cae7c					PS2: [0, 16, 32, 46, 56, 68, 81, 97, 117, 125, 127, 128]					MC: [0, 9, 17, 26, 34, 43, 51, 60, 68, 77, 85, 94, 102, 111, 119, 128]
008e72af					PS2: [0, 5, 13, 24, 31, 38, 46, 56, 66, 75, 82, 90, 100, 109, 118, 128]					MC: [0, 4, 5, 6, 7, 12, 13, 14, 23, 24, 25, 30, 31, 32, 37, 38, 39, 45, 46, 47, 55, 56, 57, 65, 66, 67, 74, 75, 76, 81, 82, 83, 89, 90, 91, 99, 100, 101, 108, 109, 110, 117, 118, 127, 128, 129]
008f6f6a					PS2: [0, 4, 11, 19, 26, 33, 39, 49, 60, 71, 84, 98, 109, 117, 122, 128]					MC: [0, 9, 10, 14, 15, 20, 21, 25, 26, 27, 28, 35, 36, 42, 43, 51, 52, 58, 59, 67, 68, 76, 77, 86, 87, 89, 90, 96, 97, 106, 107, 108, 116, 117, 127, 128]
008f72af					PS2: [0, 8, 15, 24, 32, 39, 47, 57, 67, 74, 84, 96, 104, 113, 121, 128]					MC: [0, 7, 8, 9, 14, 15, 16, 23, 24, 25, 31, 32, 33, 38, 39, 40, 46, 47, 48, 56, 57, 58, 66, 67, 68, 73, 74, 75, 83, 84, 85, 95, 96, 97, 103, 104, 105, 112, 113, 114, 120, 121, 122, 127, 128, 129]
009072af					PS2: [0, 2, 8, 16, 23, 34, 44, 53, 63, 75, 84, 95, 104, 113, 121, 128]					MC: [0, 1, 2, 3, 4, 5, 6, 7, 8, 9, 15, 16, 17, 18, 21, 22, 23, 24, 25, 26, 27, 28, 29, 32, 33, 34, 35, 36, 40, 41, 42, 43, 44, 45, 50, 51, 52, 53, 54, 59, 60, 61, 62, 63, 64, 66, 67, 68, 69, 70, 71, 72, 74, 75, 76, 77, 78, 83, 84, 85, 86, 87, 92, 94, 95, 96, 97, 98, 99, 100, 101, 102, 103, 104, 105, 107, 108, 109, 110, 111, 112, 113, 114, 116, 117, 118, 119, 120, 121, 122, 123, 124, 125, 126, 127, 128, 129, 130]
0091381e					PS2: [0, 1, 2, 3, 4, 5, 6, 7, 8, 9, 10, 11, 12, 13, 14, 15, 16, 17, 18, 19, 20, 21, 22, 23, 24, 25, 26, 27, 28, 29, 30, 31, 32, 33, 34, 35, 36, 37, 38, 39, 40, 41, 42, 43, 44, 45, 46, 47, 48, 49, 50, 51, 52, 53, 54, 55, 56, 57, 58, 59, 60, 61, 62, 63, 64, 65, 66, 67, 68, 69, 70, 71, 72, 73, 74, 75, 76, 77, 78, 79, 80, 81, 82, 83, 84, 85, 86, 87, 88, 89, 90, 91, 92, 93, 94, 95, 96, 97, 98, 99, 100, 101, 102, 103, 104, 105, 106, 107, 108, 109, 110, 111, 112, 113, 114, 115, 116, 117, 118, 119, 120, 121, 122, 123, 124, 125, 126, 127, 128]					MC: [0, 2, 3, 4, 6, 7, 8, 9, 10, 11, 12, 13, 14, 15, 16, 17, 18, 19, 20, 21, 22, 23, 24, 25, 26, 27, 28, 29, 30, 31, 32, 33, 34, 35, 36, 37, 38, 39, 40, 41, 42, 43, 44, 45, 46, 47, 48, 49, 50, 51, 52, 53, 54, 55, 56, 57, 58, 59, 60, 61, 62, 63, 64, 65, 66, 67, 68, 69, 70, 71, 72, 73, 74, 75, 76, 77, 78, 79, 80, 81, 82, 83, 84, 85, 86, 87, 88, 89, 90, 91, 92, 93, 94, 95, 96, 97, 98, 99, 100, 101, 102, 103, 104, 105, 106, 107, 108, 109, 110, 111, 112, 113, 114, 115, 116, 118, 120, 121, 122, 123, 124, 125, 126]
009172af					PS2: [0, 4, 10, 17, 25, 34, 44, 56, 67, 75, 87, 97, 106, 113, 121, 128]					MC: [0, 3, 4, 5, 9, 10, 11, 16, 17, 18, 24, 25, 26, 33, 34, 35, 43, 44, 45, 55, 56, 57, 66, 67, 68, 74, 75, 76, 86, 87, 88, 96, 97, 98, 105, 106, 107, 112, 113, 114, 120, 121, 122, 127, 128, 129]
0091a37d					PS2: [0, 6, 10, 19, 28, 37, 45, 54, 63, 72, 81, 90, 99, 108, 117, 126]					MC: [0, 9, 13, 14, 15, 17, 25, 26, 27, 34, 43, 51, 60, 68, 77, 85, 88, 89, 90, 94, 102, 106, 107, 108, 109, 111, 119, 126, 127, 128, 129]
0091ab39					PS2: [0, 15, 30, 43, 57, 82, 96, 107, 119, 126, 127, 128]					MC: [0, 1, 2, 3, 4, 5, 6, 7, 8, 9, 10, 11, 12, 13, 14, 15, 16, 17, 18, 19, 20, 21, 22, 23, 24, 25, 26, 27, 28, 29, 30, 31, 32, 33, 34, 35, 36, 37, 38, 39, 40, 41, 42, 43, 44, 45, 46, 47, 48, 49, 50, 51, 52, 53, 54, 55, 56, 57, 58, 59, 60, 61, 62, 63, 64, 65, 66, 67, 68, 69, 70, 71, 72, 73, 74, 75, 76, 77, 78, 79, 80, 81, 82, 83, 84, 85, 86, 87, 88, 89, 90, 91, 92, 93, 94, 95, 96, 97, 98, 99, 100, 101, 102, 103, 104, 105, 106, 107, 108, 109, 110, 111, 112, 113, 114, 115, 116, 117, 118, 119, 120, 121, 122, 123, 124, 125, 126, 127, 128, 129, 131]
009214e6					PS2: [0, 8, 15, 22, 29, 37, 46, 55, 66, 80, 91, 101, 108, 115, 122, 128]					MC: [0, 2, 3, 4, 6, 7, 8, 9, 10, 11, 12, 13, 14, 15, 16, 17, 18, 19, 20, 21, 22, 23, 24, 25, 26, 27, 28, 29, 30, 31, 32, 33, 34, 35, 36, 37, 38, 39, 40, 41, 42, 43, 44, 45, 46, 47, 48, 49, 50, 51, 52, 53, 54, 55, 56, 57, 58, 59, 60, 61, 62, 63, 64, 65, 66, 67, 68, 69, 70, 71, 72, 73, 74, 75, 76, 77, 78, 79, 80, 81, 82, 83, 84, 85, 86, 87, 88, 89, 90, 91, 92, 93, 94, 95, 96, 97, 98, 99, 100, 101, 102, 103, 104, 105, 106, 107, 108, 109, 110, 111, 112, 113, 114, 115, 116, 118, 120, 121, 122, 123, 124, 125, 126]
0092f800					PS2: [0, 3, 5, 9, 13, 17, 21, 25, 28, 33, 40, 49, 57, 64, 73, 82]					MC: [0, 1, 2, 3, 4, 5, 6, 7, 8, 9, 10, 11, 12, 13, 14, 15, 16, 17, 18, 19, 20, 21, 22, 23, 24, 25, 26, 27, 28, 29, 30, 31, 32, 33, 34, 35, 36, 37, 38, 39, 40, 41, 42, 43, 44, 45, 46, 47, 48, 49, 50, 51, 52, 53, 54, 55, 56, 57, 58, 59, 60, 61, 62, 63, 64, 65, 66, 67, 68, 69, 70, 71, 72, 73, 74, 75, 76, 77, 78, 79, 80, 81, 82, 83, 84, 85, 86, 87, 88, 89, 90, 91, 92, 93, 94, 95, 96, 97, 98, 100]
00930696					PS2: [0, 53, 54, 128]					MC: [0, 2, 3, 5, 7, 8, 9, 10, 11, 12, 14, 15, 16, 17, 18, 19, 20, 21, 22, 23, 24, 25, 26, 27, 28, 29, 30, 31, 32, 33, 34, 35, 36, 37, 38, 39, 40, 41, 42, 43, 44, 45, 46, 47, 48, 49, 50, 51, 52, 53, 54, 55, 56, 57, 58, 59, 60, 61, 62, 63, 64, 65, 66, 67, 68, 69, 70, 71, 72, 73, 74, 75, 76, 77, 78, 79, 80, 81, 82, 83, 84, 85, 86, 87, 88, 89, 90, 91, 92, 93, 94, 95, 96, 97, 98, 99, 100, 101, 102, 103, 104, 105, 106, 107, 108, 109, 110, 111, 112, 113, 114, 115, 116, 117, 118, 119, 120, 121, 122, 123, 124, 125, 126, 127, 128]
00938e79					PS2: [0, 4, 8, 17, 25, 34, 48, 59, 68, 76, 85, 93, 102, 110, 119, 128]					MC: [0, 9, 17, 26, 34, 43, 51, 60, 68, 77, 85, 94, 102, 111, 119, 128]
009517e8					PS2: [0, 38, 96, 128]					MC: [0, 37, 38, 95, 96, 126, 127, 128]
009517e8_05c2f6d5f4a45fc6c9ac1d1e4d84eb84					PS2: [0, 38, 96, 128]					MC: [0, 37, 38, 94, 95, 96, 126, 127, 128]
00954e27					PS2: [0, 4, 9, 17, 24, 32, 40, 47, 58, 71, 85, 93, 101, 109, 118, 126]					MC: [0, 9, 17, 26, 34, 43, 51, 60, 68, 77, 85, 94, 102, 111, 119, 128]
00954e2b					PS2: [0, 5, 13, 22, 31, 38, 47, 57, 67, 76, 84, 91, 100, 110, 121, 127]					MC: [0, 9, 17, 26, 34, 43, 51, 60, 68, 77, 85, 94, 102, 111, 119, 128]
00954e2f					PS2: [0, 5, 12, 19, 27, 34, 40, 48, 57, 68, 77, 87, 96, 104, 116, 125]					MC: [0, 9, 17, 26, 34, 43, 51, 60, 68, 77, 85, 94, 102, 111, 119, 128]
009636d8					PS2: [0, 12, 20, 29, 37, 45, 54, 63, 72, 81, 90, 99, 109, 118, 128]					MC: [0, 1, 2, 3, 4, 5, 6, 7, 8, 9, 10, 11, 12, 13, 14, 15, 17, 18, 19, 20, 21, 22, 23, 24, 25, 26, 27, 28, 29, 30, 31, 32, 33, 34, 35, 36, 37, 38, 39, 41, 42, 43, 44, 45, 46, 47, 49, 50, 51, 52, 54, 55, 56, 57, 58, 59, 60, 61, 62, 63, 65, 67, 68, 69, 70, 71, 72, 73, 74, 75, 76, 77, 78, 79, 80, 81, 82, 83, 84, 85, 86, 92, 93, 94, 95, 96, 97, 98, 99, 100, 101, 102, 103, 104, 105, 106, 107, 108, 109, 110, 111, 112, 113, 114, 115, 116, 117, 118, 119, 120, 121, 122, 123, 124, 125, 126, 127, 128]
00966bce					PS2: [0, 63, 128]					MC: [0, 1, 2, 3, 4, 63, 128, 129, 131]
00968eff					PS2: [0, 2, 7, 16, 23, 31, 38, 43, 51, 61, 71, 82, 89, 99, 118, 128]					MC: [0, 1, 2, 3, 4, 5, 6, 7, 8, 9, 10, 11, 12, 13, 14, 15, 16, 17, 18, 19, 20, 21, 22, 23, 24, 25, 26, 27, 28, 29, 30, 31, 32, 33, 34, 35, 36, 37, 38, 39, 40, 41, 42, 43, 44, 45, 46, 47, 48, 49, 50, 51, 52, 53, 54, 55, 56, 57, 58, 59, 60, 61, 62, 63, 64, 65, 66, 67, 68, 69, 70, 71, 72, 73, 74, 75, 76, 77, 78, 79, 80, 81, 82, 83, 84, 85, 86, 87, 88, 89, 90, 91, 92, 93, 94, 95, 96, 97, 98, 99, 100, 101, 102, 103, 104, 105, 106, 107, 109, 110, 111, 112, 113, 114, 115, 116, 117, 118, 119, 122, 125, 126, 127, 128]
0096fe43					PS2: [0, 8, 16, 24, 32, 40, 48, 56, 64, 77, 88, 96, 104, 112, 120, 128]					MC: [0, 9, 17, 26, 34, 43, 51, 60, 68, 77, 85, 94, 102, 111, 119, 128]
00971f1b					PS2: [0, 6, 27, 41, 54, 78, 91, 105]					MC: [0, 1, 2, 3, 4, 5, 6, 7, 8, 9, 10, 11, 12, 13, 14, 15, 16, 17, 18, 19, 20, 21, 22, 23, 24, 25, 26, 27, 28, 29, 30, 31, 32, 33, 34, 35, 38, 39, 40, 41, 42, 43, 44, 45, 46, 47, 49, 50, 52, 53, 55, 56, 57, 58, 59, 60, 61, 62, 63, 64, 65, 66, 67, 68, 69, 73, 74, 75, 76, 77, 78, 79, 80, 81, 82, 83, 84, 85, 86, 87, 88, 92, 93, 94, 95, 96, 97, 98, 99, 100, 101, 102, 103, 104, 105, 106, 107, 108, 109, 111, 112, 113, 114, 115, 116, 117, 118, 119, 120, 122, 123, 124, 125, 126, 127, 128, 129]
00973d39					PS2: [0, 4, 9, 15, 22, 32, 38, 48, 58, 68, 76, 84, 92, 106, 116, 126]					MC: [0, 2, 3, 4, 6, 7, 8, 9, 10, 11, 12, 13, 14, 15, 16, 17, 18, 19, 20, 21, 22, 23, 24, 25, 26, 27, 28, 29, 30, 31, 32, 33, 34, 35, 36, 37, 38, 39, 40, 41, 42, 43, 44, 45, 46, 47, 48, 49, 50, 51, 52, 53, 54, 55, 56, 57, 58, 59, 60, 61, 62, 63, 64, 65, 66, 67, 68, 69, 70, 71, 72, 73, 74, 75, 77, 78, 79, 80, 81, 82, 83, 84, 85, 86, 87, 88, 89, 90, 91, 92, 93, 94, 95, 96, 97, 98, 99, 100, 101, 102, 103, 104, 105, 106, 107, 108, 109, 110, 111, 112, 113, 114, 115, 116, 118, 120, 121, 122, 123, 124, 125, 126]
00978e55					PS2: [0, 4, 8, 17, 25, 34, 42, 51, 59, 68, 79, 93, 102, 110, 119, 128]					MC: [0, 3, 4, 5, 9, 17, 26, 34, 43, 51, 60, 68, 77, 85, 94, 102, 111, 119, 127, 128, 129]
009927c1					PS2: [0, 6, 10, 19, 28, 37, 45, 54, 63, 72, 81, 90, 99, 108, 117, 126]					MC: [0, 9, 17, 26, 34, 43, 51, 60, 68, 77, 85, 94, 102, 111, 119, 126, 127, 128, 129, 130]
00993439					PS2: [0, 7, 16, 24, 33, 41, 49, 57, 66, 74, 82, 91, 99, 108, 115, 124]					MC: [0, 9, 10, 14, 15, 20, 21, 25, 26, 27, 28, 34, 35, 42, 43, 50, 51, 58, 59, 67, 68, 76, 77, 86, 87, 88, 89, 95, 96, 105, 106, 107, 115, 116, 126, 127]
0099388d					PS2: [0, 3, 10, 18, 28, 37, 48, 57, 72, 80, 88, 97, 108, 116, 121, 128]					MC: [0, 9, 10, 14, 15, 20, 21, 25, 26, 27, 28, 34, 35, 42, 43, 50, 51, 58, 59, 67, 68, 76, 77, 86, 87, 88, 89, 95, 96, 105, 106, 107, 115, 116, 126, 127]
00993afd					PS2: [0, 4, 8, 17, 25, 34, 48, 59, 68, 76, 85, 93, 102, 110, 119, 128]					MC: [0, 9, 17, 26, 34, 43, 51, 60, 68, 77, 85, 94, 102, 111, 119, 128]
0099b5be					PS2: [0, 10, 12, 19, 27, 34, 35, 42, 43, 50, 51, 55, 59, 67, 75, 76, 84, 92, 93, 101, 110, 118, 119, 128]					MC: [0, 1, 2, 3, 4, 5, 6, 7, 8, 9, 10, 11, 12, 13, 14, 15, 16, 17, 18, 19, 20, 21, 22, 23, 24, 25, 26, 27, 28, 29, 30, 31, 32, 33, 34, 35, 36, 37, 38, 39, 40, 41, 42, 43, 44, 45, 46, 47, 48, 49, 50, 51, 52, 53, 54, 55, 56, 57, 58, 59, 60, 61, 62, 63, 64, 65, 66, 67, 68, 69, 70, 71, 72, 73, 74, 75, 76, 77, 78, 79, 80, 81, 82, 83, 84, 85, 86, 87, 88, 89, 90, 91, 92, 93, 94, 95, 96, 97, 98, 99, 100, 101, 102, 103, 104, 105, 106, 107, 108, 109, 110, 111, 112, 113, 114, 115, 116, 117, 118, 119, 120, 121, 122, 123, 124, 125, 126, 127, 128]
0099d09b					PS2: [0, 3, 9, 17, 26, 32, 41, 50, 61, 70, 82, 91, 98, 109, 117, 127]					MC: [0, 9, 10, 14, 15, 20, 21, 27, 28, 35, 36, 42, 43, 51, 52, 58, 59, 67, 68, 76, 77, 86, 87, 96, 97, 106, 107, 116, 117, 127, 128]
009a703f					PS2: [0, 4, 8, 17, 25, 34, 42, 51, 59, 73, 85, 93, 102, 110, 119, 128]					MC: [0, 9, 17, 26, 34, 43, 51, 60, 68, 77, 85, 94, 102, 111, 119, 128]
009ab5be					PS2: [0, 2, 9, 12, 15, 16, 19, 26, 27, 32, 34, 35, 42, 43, 50, 51, 59, 67, 75, 76, 84, 92, 93, 101, 110, 118, 119, 128]					MC: [0, 2, 3, 4, 5, 6, 7, 8, 9, 10, 11, 12, 13, 14, 15, 16, 17, 18, 19, 20, 21, 22, 23, 24, 25, 26, 27, 28, 29, 30, 31, 32, 33, 34, 35, 36, 37, 38, 39, 40, 41, 42, 43, 44, 45, 46, 47, 48, 49, 50, 51, 52, 53, 54, 55, 56, 57, 58, 59, 60, 61, 62, 63, 64, 65, 66, 67, 68, 69, 70, 71, 72, 73, 74, 75, 76, 77, 78, 79, 80, 81, 82, 83, 84, 85, 86, 87, 88, 89, 90, 91, 92, 93, 94, 95, 96, 97, 98, 99, 100, 101, 102, 103, 104, 105, 106, 107, 108, 109, 110, 111, 112, 113, 114, 115, 116, 117, 118, 119, 120, 121, 122, 123, 124, 127, 128]
009ac59b					PS2: [0, 24, 43, 59, 82, 96, 106, 119, 126, 127, 128]					MC: [0, 8, 16, 25, 33, 41, 49, 58, 65, 73, 82, 90, 98, 106, 115, 123, 131]
009b01d1					PS2: [0, 9, 18, 26, 32, 39, 51, 63, 73, 84, 95, 102, 109, 119, 128]					MC: [0, 9, 10, 14, 15, 20, 21, 27, 28, 35, 36, 42, 43, 51, 52, 58, 59, 67, 68, 76, 77, 86, 87, 96, 97, 106, 107, 116, 117, 127, 128]
009b98f4					PS2: [0, 5, 10, 16, 23, 32, 45, 53, 61, 72, 85, 95, 105, 113, 121, 128]					MC: [0, 2, 3, 4, 6, 7, 8, 9, 10, 11, 12, 13, 14, 15, 16, 17, 18, 19, 20, 21, 22, 23, 24, 25, 26, 27, 28, 29, 30, 31, 32, 33, 34, 35, 36, 37, 38, 39, 40, 41, 42, 43, 44, 45, 46, 47, 48, 49, 50, 51, 52, 53, 54, 55, 56, 57, 58, 59, 60, 61, 62, 63, 64, 65, 66, 67, 68, 69, 70, 71, 72, 73, 74, 75, 77, 78, 79, 80, 81, 82, 83, 84, 85, 86, 87, 88, 89, 90, 91, 92, 93, 94, 95, 96, 97, 98, 99, 100, 101, 102, 103, 104, 105, 106, 107, 108, 109, 110, 111, 112, 113, 114, 115, 116, 118, 120, 121, 122, 123, 124, 125, 126]
009bc7ce					PS2: [0, 36, 42, 69, 80, 92, 117, 119, 123, 126]					MC: [0, 2, 3, 4, 5, 7, 8, 9, 10, 11, 12, 14, 15, 16, 17, 18, 19, 20, 21, 22, 23, 24, 25, 26, 27, 28, 29, 30, 31, 32, 33, 34, 35, 36, 37, 38, 39, 40, 41, 42, 43, 44, 45, 46, 47, 48, 49, 50, 51, 52, 53, 54, 55, 56, 57, 58, 59, 60, 61, 62, 63, 64, 65, 66, 67, 68, 69, 70, 71, 72, 73, 74, 75, 76, 77, 78, 79, 80, 81, 82, 83, 84, 85, 86, 87, 88, 89, 90, 91, 92, 93, 94, 95, 96, 97, 98, 99, 100, 101, 102, 103, 104, 105, 106, 107, 108, 109, 110, 111, 112, 113, 114, 115, 116, 117, 118, 119, 120, 121, 122, 123, 124, 125, 126, 127, 128, 129, 130, 131, 132, 133, 134, 135, 136, 137, 138, 139, 140, 141, 142, 143, 144, 145, 146, 147, 148, 149, 150, 151, 152, 153, 154, 155, 156]
009be091					PS2: [0, 26, 27, 124, 128]					MC: [0, 1, 2, 3, 4, 7, 8, 9, 14, 15, 16, 17, 18, 19, 20, 21, 92, 96, 97, 98, 103, 105, 111, 113, 114, 115, 116, 117, 118, 119, 120, 121, 122, 123, 124, 125, 126, 128, 129, 130, 131, 132, 133, 134, 135, 136, 139, 140, 141, 142, 143, 144, 145, 146, 147, 148, 150]
009c249d					PS2: [0, 3, 9, 16, 24, 31, 40, 51, 61, 70, 80, 88, 98, 109, 118, 127]					MC: [0, 1, 2, 3, 4, 5, 6, 7, 8, 9, 10, 11, 12, 13, 14, 15, 16, 17, 18, 19, 20, 21, 22, 23, 24, 25, 26, 27, 28, 29, 30, 31, 32, 33, 34, 35, 36, 37, 38, 39, 40, 41, 42, 43, 44, 45, 46, 47, 48, 49, 50, 51, 52, 53, 54, 55, 56, 57, 58, 59, 60, 61, 62, 63, 64, 65, 66, 67, 68, 69, 70, 71, 72, 73, 74, 75, 76, 77, 78, 79, 80, 81, 82, 83, 84, 85, 86, 87, 88, 89, 90, 91, 92, 93, 94, 95, 96, 97, 98, 99, 100, 101, 102, 103, 104, 105, 106, 107, 108, 109, 110, 111, 112, 113, 114, 115, 116, 117, 118, 119, 120, 121, 122, 123, 124, 125, 126, 127, 128]
009cd168					PS2: [0, 1, 2, 3, 4, 5, 6, 7, 8, 9, 10, 11, 12, 13, 14, 15, 16, 17, 18, 19, 20, 21, 22, 23, 24, 25, 26, 27, 28, 29, 30, 31, 32, 33, 34, 35, 37, 38, 39, 40, 41, 42, 43, 44, 45, 46, 47, 48, 49, 50, 52, 53, 54, 55, 56, 57, 58, 59, 61, 62, 63, 64, 65, 66, 67, 68, 69, 71, 72, 73, 74, 75, 76, 77, 78, 79, 80, 82, 83, 84, 85, 86, 87, 88, 89, 90, 91, 92, 93, 95, 96, 97, 98, 99, 100, 101, 102, 103, 104, 105, 106, 107, 108, 109, 110, 111, 112, 113, 114, 115, 116, 117, 118, 119, 120, 121, 122, 123, 124, 125, 126, 127, 128]					MC: [0, 1, 2, 3, 4, 5, 6, 7, 8, 9, 10, 11, 12, 13, 14, 15, 16, 17, 18, 19, 20, 21, 22, 23, 24, 25, 26, 27, 28, 29, 30, 31, 32, 33, 34, 35, 36, 37, 38, 39, 40, 41, 42, 43, 44, 45, 46, 47, 48, 49, 50, 51, 52, 53, 54, 55, 56, 57, 58, 59, 60, 61, 62, 63, 64, 65, 66, 67, 68, 69, 70, 71, 72, 73, 74, 75, 76, 77, 78, 79, 80, 81, 82, 83, 84, 85, 86, 87, 88, 89, 90, 91, 92, 93, 94, 95, 96, 97, 98, 99, 100, 101, 102, 103, 104, 105, 106, 107, 108, 109, 110, 111, 112, 113, 114, 115, 116, 117, 118, 119, 120, 121, 122, 123, 124, 125, 126, 127, 128]
009cf889					PS2: [0, 5, 17, 25, 34, 42, 51, 59, 68, 76, 85, 93, 102, 110, 119, 128]					MC: [0, 9, 17, 26, 34, 43, 51, 60, 68, 77, 85, 94, 102, 111, 119, 128]
009d3823					PS2: [0, 17, 21, 28, 90, 102, 108, 115, 128]					MC: [0, 8, 9, 10, 11, 12, 19, 20, 21, 22, 45, 46, 49, 50, 51, 52, 54, 55, 60, 61, 64, 65, 69, 70, 73, 74, 100, 101, 112, 117, 121, 123, 125, 127, 128]
009db5b5					PS2: [0, 8, 17, 25, 34, 42, 51, 59, 68, 76, 85, 93, 102, 110, 119, 128]					MC: [0, 9, 10, 14, 15, 20, 21, 27, 28, 35, 36, 42, 43, 51, 52, 58, 59, 67, 68, 76, 77, 86, 87, 96, 97, 106, 107, 116, 117, 127, 128]
009e48dc					PS2: [0, 1, 2, 3, 5, 6, 7, 9, 10, 11, 13, 15, 16, 18, 19, 20, 21, 23, 24, 25, 27, 28, 29, 30, 32, 33, 34, 37, 38, 39, 41, 42, 43, 46, 48, 49, 51, 52, 53, 55, 56, 57, 58, 60, 61, 62, 65, 67, 69, 70, 71, 72, 74, 75, 76, 78, 79, 80, 81, 83, 84, 85, 86, 87, 89, 90, 92, 93, 94, 95, 97, 100, 103, 106, 107, 109, 111, 112, 113, 115, 116, 117, 118, 120, 123, 125, 126, 128]					MC: [0, 1, 2, 3, 4, 5, 6, 7, 8, 9, 10, 11, 12, 13, 14, 15, 16, 17, 18, 19, 20, 21, 22, 23, 24, 25, 26, 27, 28, 29, 30, 31, 32, 33, 34, 35, 36, 37, 38, 39, 40, 41, 42, 43, 45, 46, 48, 49, 50, 51, 52, 53, 54, 55, 56, 57, 58, 59, 60, 61, 62, 63, 64, 65, 66, 67, 68, 69, 70, 71, 72, 73, 74, 75, 76, 77, 78, 79, 80, 81, 82, 83, 84, 85, 86, 87, 88, 89, 90, 91, 92, 93, 94, 95, 96, 97, 98, 99, 100, 101, 102, 103, 104, 105, 106, 107, 108, 109, 110, 111, 112, 113, 114, 116, 117, 118, 119, 120, 121, 122, 123, 124, 125, 126, 127, 128, 129, 130, 131, 132]
009eb5b5					PS2: [0, 8, 17, 25, 34, 42, 51, 59, 68, 76, 85, 93, 102, 110, 119, 128]					MC: [0, 9, 10, 14, 15, 20, 21, 27, 28, 35, 36, 42, 43, 51, 52, 58, 59, 67, 68, 76, 77, 86, 87, 96, 97, 106, 107, 116, 117, 127, 128]
009f15eb					PS2: [0, 7, 17, 25, 35, 43, 53, 60, 71, 80, 88, 96, 104, 113, 122, 128]					MC: [0, 2, 3, 4, 6, 7, 8, 9, 10, 11, 12, 13, 14, 15, 16, 17, 18, 19, 20, 21, 22, 23, 24, 25, 26, 27, 28, 29, 30, 31, 32, 33, 34, 35, 36, 37, 38, 39, 40, 41, 42, 43, 44, 45, 46, 47, 48, 49, 50, 51, 52, 53, 54, 55, 56, 57, 58, 59, 60, 61, 62, 63, 64, 65, 66, 67, 68, 69, 70, 71, 72, 73, 74, 75, 76, 77, 78, 79, 80, 81, 82, 83, 84, 85, 86, 87, 88, 89, 90, 91, 92, 93, 94, 95, 96, 97, 98, 99, 100, 101, 102, 103, 104, 105, 106, 107, 108, 109, 110, 111, 112, 113, 114, 115, 116, 117, 118, 120, 121, 122, 123, 124, 125, 126]
009f7fc0					PS2: [0, 23, 36, 56, 74, 92, 107, 126, 127, 128]					MC: [0, 2, 3, 5, 7, 8, 9, 10, 11, 12, 14, 15, 16, 17, 18, 19, 20, 21, 22, 23, 24, 25, 26, 27, 28, 29, 30, 31, 32, 33, 34, 35, 36, 37, 38, 39, 40, 41, 42, 43, 44, 45, 46, 47, 48, 49, 50, 51, 52, 53, 54, 55, 56, 57, 58, 59, 60, 61, 62, 63, 64, 65, 66, 67, 68, 69, 70, 71, 72, 73, 74, 75, 76, 77, 78, 79, 80, 81, 82, 83, 84, 85, 86, 87, 88, 89, 90, 91, 92, 93, 94, 95, 96, 97, 98, 99, 100, 101, 102, 103, 104, 105, 106, 107, 108, 109, 110, 111, 112, 113, 114, 115, 116, 117, 118, 119, 120, 121, 122, 123, 124, 125, 126, 127, 128]
009fc1bb					PS2: [0, 4, 14, 22, 33, 43, 56, 66, 77, 86, 94, 100, 107, 116, 122, 126]					MC: [0, 2, 3, 4, 6, 7, 8, 9, 10, 11, 12, 13, 14, 15, 16, 17, 18, 19, 20, 21, 22, 23, 24, 25, 26, 27, 28, 29, 30, 31, 32, 33, 34, 35, 36, 37, 38, 39, 40, 41, 42, 43, 44, 45, 46, 47, 48, 49, 50, 51, 52, 53, 54, 55, 56, 57, 58, 59, 60, 61, 62, 63, 64, 65, 66, 67, 68, 69, 70, 71, 72, 73, 74, 75, 77, 78, 79, 80, 81, 82, 83, 84, 85, 86, 87, 88, 89, 90, 91, 92, 93, 94, 95, 96, 97, 98, 99, 100, 101, 102, 103, 104, 105, 106, 107, 108, 109, 110, 111, 112, 113, 114, 115, 116, 118, 120, 121, 122, 123, 124, 125, 126]
009fff0c					PS2: [0, 10, 19, 28, 37, 45, 54, 63, 72, 81, 90, 99, 108, 117, 125, 126]					MC: [0, 9, 17, 26, 34, 43, 51, 60, 68, 77, 85, 94, 102, 111, 119, 128]
00a0009b					PS2: [0, 8, 16, 24, 33, 41, 49, 57, 66, 74, 82, 91, 99, 108, 115, 124]					MC: [0, 9, 10, 14, 15, 20, 21, 27, 28, 35, 36, 42, 43, 51, 52, 58, 59, 67, 68, 76, 77, 86, 87, 96, 97, 106, 107, 116, 117, 127, 128]
00a07821					PS2: [0, 1, 2, 3, 4, 5, 6, 7, 8, 9, 10, 11, 12, 13, 14, 15, 16, 17, 18, 19, 20, 21, 22, 23, 24, 25, 26, 27, 28, 29, 30, 31, 32, 33, 34, 35, 36, 37, 38, 39, 40, 41, 42, 43, 44, 45, 46, 47, 48, 49, 50, 51, 52, 53, 54, 55, 56, 57, 58, 59, 60, 61, 62, 64, 65, 66, 67, 68, 69, 70, 71, 72, 73, 74, 75, 76, 77, 78, 79, 80, 81, 82, 83, 84, 85, 86, 87, 88, 89, 90, 91, 92, 93, 94, 95, 96, 97, 98, 99, 100, 101, 102, 103, 104, 105, 106, 107, 108, 109, 110, 111, 112, 113, 114, 115, 116, 117, 118, 119, 120, 121, 122, 123, 124, 125, 126, 127, 128]					MC: [0, 1, 2, 3, 4, 5, 6, 7, 8, 9, 10, 11, 12, 13, 14, 15, 16, 17, 18, 19, 20, 21, 22, 23, 24, 25, 26, 27, 28, 29, 30, 31, 32, 33, 34, 35, 36, 37, 38, 39, 40, 41, 42, 43, 44, 45, 46, 47, 48, 49, 50, 51, 52, 53, 54, 55, 56, 57, 58, 59, 60, 61, 62, 63, 64, 65, 66, 67, 68, 69, 70, 71, 72, 73, 74, 75, 76, 77, 78, 79, 80, 81, 82, 83, 84, 85, 86, 87, 88, 89, 90, 91, 92, 93, 94, 95, 96, 97, 98, 99, 100, 101, 102, 103, 104, 105, 106, 107, 108, 109, 110, 111, 112, 113, 114, 115, 116, 117, 118, 119, 120, 121, 122, 123, 124, 125, 126, 127, 128, 129]
00a0e2e2					PS2: [0, 12, 20, 29, 37, 45, 54, 63, 72, 81, 90, 99, 109, 118, 128]					MC: [0, 1, 2, 3, 4, 5, 6, 7, 8, 9, 10, 11, 12, 13, 14, 15, 16, 17, 18, 19, 20, 21, 22, 23, 24, 25, 26, 27, 28, 29, 30, 31, 32, 33, 34, 35, 36, 37, 38, 39, 40, 41, 42, 43, 44, 45, 46, 47, 48, 49, 52, 53, 54, 55, 56, 57, 58, 59, 60, 61, 62, 63, 64, 65, 66, 67, 68, 69, 70, 71, 72, 73, 74, 75, 76, 77, 78, 79, 80, 81, 82, 83, 84, 85, 86, 87, 91, 92, 94, 95, 96, 97, 98, 99, 100, 101, 102, 103, 104, 105, 106, 107, 108, 109, 110, 111, 112, 113, 114, 115, 116, 117, 118, 119, 120, 121, 122, 123, 124, 125, 126, 127, 128]
00a1435d					PS2: [0, 28, 46, 57, 76, 93, 108, 119, 127, 128]					MC: [0, 8, 16, 25, 33, 41, 49, 58, 65, 73, 82, 90, 98, 106, 115, 123, 131]
00a14361					PS2: [0, 18, 32, 46, 63, 83, 96, 108, 111, 125, 126, 127, 128]					MC: [0, 9, 17, 26, 34, 43, 51, 60, 68, 77, 85, 94, 102, 111, 119, 128]
00a14365					PS2: [0, 19, 33, 50, 65, 83, 96, 110, 111, 126, 127, 128]					MC: [0, 9, 17, 26, 34, 43, 51, 60, 68, 77, 85, 94, 102, 111, 119, 128]
00a14369					PS2: [0, 12, 24, 33, 50, 64, 77, 95, 107, 125, 126, 128]					MC: [0, 9, 17, 26, 34, 43, 51, 60, 68, 77, 85, 94, 102, 111, 119, 128]
00a148dc					PS2: [0, 1, 2, 3, 5, 6, 7, 9, 10, 11, 13, 14, 15, 16, 18, 19, 20, 21, 23, 24, 25, 27, 28, 29, 30, 32, 33, 34, 35, 37, 38, 41, 42, 43, 44, 46, 48, 49, 52, 53, 55, 56, 57, 58, 60, 61, 62, 64, 65, 66, 67, 69, 70, 72, 74, 75, 78, 80, 81, 83, 84, 85, 86, 87, 89, 90, 93, 94, 95, 97, 98, 99, 100, 102, 103, 104, 106, 107, 108, 109, 111, 112, 116, 117, 122, 125, 126, 128]					MC: [0, 1, 2, 3, 4, 5, 6, 7, 8, 9, 10, 11, 12, 13, 14, 15, 16, 17, 18, 19, 20, 21, 22, 23, 24, 25, 26, 27, 28, 29, 30, 31, 32, 33, 34, 35, 36, 37, 38, 39, 40, 41, 42, 43, 44, 45, 46, 47, 48, 49, 50, 51, 52, 53, 54, 55, 56, 57, 58, 59, 60, 61, 62, 63, 64, 65, 66, 67, 68, 69, 70, 71, 72, 73, 74, 75, 76, 77, 78, 79, 80, 81, 82, 83, 84, 85, 86, 87, 88, 89, 90, 91, 92, 93, 94, 95, 96, 97, 98, 99, 100, 101, 102, 103, 104, 105, 106, 107, 108, 109, 110, 111, 112, 113, 114, 115, 116, 117, 118, 119, 120, 121, 122, 123, 124, 125, 126, 127, 128, 129, 130, 131, 132]
00a1aa88					PS2: [0, 15, 30, 43, 58, 82, 96, 106, 119, 126, 127, 128]					MC: [0, 9, 17, 26, 34, 43, 51, 60, 68, 77, 85, 94, 102, 111, 119, 128]
00a1adce					PS2: [0, 4, 7, 15, 23, 31, 45, 54, 64, 74, 84, 94, 107, 117, 122, 126]					MC: [0, 2, 3, 4, 6, 7, 8, 9, 10, 11, 12, 13, 14, 15, 16, 17, 18, 19, 20, 21, 22, 23, 24, 25, 26, 27, 28, 29, 30, 31, 32, 33, 34, 35, 36, 37, 38, 39, 40, 42, 43, 44, 45, 46, 47, 48, 49, 50, 51, 52, 53, 54, 55, 56, 57, 58, 59, 60, 61, 62, 63, 64, 65, 66, 67, 68, 69, 70, 71, 72, 73, 74, 75, 77, 78, 80, 81, 82, 83, 84, 85, 86, 87, 88, 89, 90, 91, 92, 93, 94, 95, 96, 97, 98, 99, 101, 102, 103, 104, 105, 106, 107, 108, 109, 110, 111, 112, 113, 114, 115, 116, 118, 120, 121, 122, 123, 124, 125, 126]
00a1ae7c					PS2: [0, 15, 39, 57, 81, 96, 106, 119, 125, 127, 128]					MC: [0, 9, 17, 26, 34, 43, 51, 60, 68, 77, 85, 94, 102, 111, 119, 128]
00a1f410					PS2: [0, 65, 66, 101, 102, 103, 128]					MC: [0, 1, 3, 4, 5, 6, 7, 8, 9, 10, 11, 13, 14, 15, 16, 17, 18, 19, 20, 21, 22, 23, 24, 27, 28, 29, 32, 38, 40, 46, 47, 49, 50, 51, 52, 56, 57, 59, 60, 61, 62, 63, 64, 65, 68, 71, 72, 73, 74, 75, 77, 78, 80, 81, 82, 83, 84, 85, 86, 87, 88, 89, 90, 91, 92, 93, 94, 95, 96, 100, 101, 102, 104, 105, 107, 108, 109, 110, 112, 113, 114, 115, 116, 117, 118, 120, 121, 122, 123, 124, 125, 126, 127, 128, 129]
00a20e08					PS2: [0, 1, 5, 7, 8, 9, 10, 13, 17, 19, 20, 28, 33, 36, 45, 52, 53, 59, 61, 66, 68, 76, 85, 94, 102, 103, 110, 111, 118, 119, 124, 128]					MC: [0, 1, 2, 3, 4, 5, 6, 7, 8, 9, 10, 11, 12, 13, 14, 15, 16, 17, 18, 19, 20, 21, 22, 23, 24, 25, 26, 27, 28, 29, 30, 31, 32, 33, 34, 35, 36, 37, 38, 39, 40, 41, 42, 43, 44, 45, 46, 47, 48, 49, 50, 51, 52, 53, 54, 55, 56, 57, 58, 59, 60, 61, 62, 63, 64, 65, 66, 67, 68, 69, 70, 71, 72, 73, 74, 75, 76, 77, 78, 79, 80, 81, 82, 83, 84, 85, 86, 87, 88, 89, 90, 91, 92, 93, 94, 95, 96, 97, 98, 99, 100, 101, 102, 103, 104, 105, 106, 107, 108, 109, 110, 111, 112, 113, 114, 115, 116, 117, 118, 119, 120, 121, 122, 123, 124, 125, 126, 127, 128]
00a248dc					PS2: [0, 1, 2, 4, 5, 6, 7, 9, 10, 11, 13, 14, 15, 16, 18, 19, 20, 21, 23, 24, 25, 27, 28, 30, 32, 33, 34, 35, 37, 38, 39, 41, 42, 43, 46, 47, 48, 49, 51, 52, 53, 56, 57, 60, 61, 62, 64, 65, 66, 67, 69, 70, 72, 74, 76, 78, 79, 83, 84, 86, 89, 90, 93, 94, 95, 97, 98, 100, 102, 103, 104, 106, 107, 108, 112, 113, 115, 116, 118, 121, 122, 123, 125, 128]					MC: [0, 1, 2, 3, 4, 5, 6, 7, 8, 9, 10, 11, 12, 13, 14, 15, 16, 17, 18, 19, 20, 21, 22, 23, 24, 25, 26, 27, 28, 29, 30, 31, 32, 33, 34, 35, 36, 37, 38, 39, 40, 41, 42, 43, 44, 45, 46, 47, 48, 49, 50, 51, 52, 53, 54, 55, 56, 57, 58, 59, 60, 61, 62, 63, 64, 65, 66, 67, 68, 69, 70, 71, 72, 73, 74, 75, 76, 77, 78, 79, 80, 81, 82, 83, 84, 85, 86, 87, 88, 89, 90, 91, 92, 93, 94, 95, 96, 97, 98, 99, 100, 101, 102, 103, 104, 105, 106, 107, 108, 109, 110, 111, 112, 113, 114, 115, 116, 117, 118, 119, 120, 121, 122, 123, 124, 125, 126, 127, 128, 129, 130, 131, 132, 133, 135]
00a2be98					PS2: [0, 20, 31, 44, 66, 79, 93, 101, 105, 108, 111, 115, 118, 122, 125, 128]					MC: [0, 1, 2, 3, 4, 5, 6, 7, 8, 9, 10, 11, 12, 13, 14, 15, 16, 17, 18, 19, 20, 21, 22, 23, 24, 25, 26, 27, 28, 29, 30, 31, 32, 33, 34, 35, 36, 37, 38, 39, 40, 41, 42, 43, 44, 45, 46, 47, 48, 49, 50, 51, 52, 53, 54, 55, 56, 57, 58, 59, 60, 61, 62, 63, 64, 65, 66, 67, 68, 69, 70, 71, 72, 73, 74, 75, 76, 77, 78, 79, 80, 81, 82, 83, 84, 85, 86, 87, 88, 89, 90, 91, 92, 93, 94, 95, 96, 97, 98, 99, 100, 101, 102, 103, 104, 105, 106, 107, 108, 109, 110, 111, 112, 113, 114, 115, 116, 117, 118, 119, 120, 121, 122, 123, 124, 125, 126, 127, 128, 129, 130, 131]
00a2c2b6					PS2: [0, 7, 8, 16, 24, 32, 33, 41, 49, 57, 58, 66, 74, 75, 82, 83, 90, 91, 99, 107, 108, 115, 116, 124]					MC: [0, 9, 10, 14, 15, 20, 21, 27, 28, 35, 36, 42, 43, 51, 52, 58, 59, 67, 68, 76, 77, 86, 87, 96, 97, 106, 107, 116, 117, 127, 128]
00a3be99					PS2: [0, 20, 31, 44, 66, 79, 93, 101, 105, 108, 111, 115, 118, 122, 125, 128]					MC: [0, 1, 2, 3, 4, 5, 6, 7, 8, 9, 10, 11, 12, 13, 14, 15, 16, 17, 18, 19, 20, 21, 22, 23, 24, 25, 26, 27, 28, 29, 30, 31, 32, 33, 34, 35, 36, 37, 38, 39, 40, 41, 42, 43, 44, 45, 46, 47, 48, 50, 51, 53, 54, 55, 56, 57, 58, 59, 61, 62, 63, 65, 66, 67, 68, 69, 70, 71, 72, 73, 74, 75, 76, 77, 78, 79, 80, 82, 83, 84, 85, 86, 87, 88, 89, 90, 91, 92, 93, 94, 95, 96, 97, 98, 99, 101, 102, 103, 104, 105, 106, 107, 108, 109, 110, 111, 112, 113, 114, 115, 116, 117, 119, 120, 121, 122, 123, 124, 125, 126, 127, 128, 129, 130]
00a56fe2					PS2: [0, 25, 46, 81, 128]					MC: [0, 24, 25, 45, 46, 80, 81, 126, 127, 128]
00a648dc					PS2: [0, 1, 2, 5, 6, 7, 9, 10, 11, 13, 14, 15, 18, 19, 20, 21, 23, 24, 27, 28, 29, 30, 33, 34, 35, 37, 42, 43, 44, 46, 47, 51, 52, 56, 60, 61, 62, 65, 66, 67, 69, 72, 75, 76, 79, 81, 83, 84, 86, 88, 89, 92, 93, 94, 102, 104, 106, 107, 108, 116, 120, 121, 123, 128]					MC: [0, 1, 2, 3, 4, 5, 6, 7, 8, 9, 10, 11, 12, 13, 14, 15, 16, 17, 18, 19, 20, 21, 22, 23, 24, 25, 26, 27, 28, 29, 30, 31, 32, 33, 34, 35, 36, 37, 38, 39, 40, 41, 42, 43, 44, 45, 46, 47, 48, 49, 50, 51, 52, 53, 54, 55, 56, 57, 58, 59, 60, 62, 63, 64, 65, 67, 68, 69, 70, 71, 73, 74, 75, 76, 77, 78, 79, 80, 81, 82, 83, 84, 85, 86, 87, 88, 89, 90, 91, 92, 93, 94, 95, 96, 97, 98, 99, 100, 101, 105, 107, 108, 111, 113, 114, 116, 117, 118, 123, 124, 125, 126, 127, 128, 129, 130, 131, 134]
00a6d9ed					PS2: [0, 6, 10, 19, 28, 37, 45, 54, 63, 73, 81, 90, 99, 108, 117, 126]					MC: [0, 9, 17, 26, 34, 43, 51, 60, 68, 77, 85, 94, 102, 111, 119, 125, 126, 127, 128, 129, 130]
00a7e822					PS2: [0, 10, 18, 25, 33, 40, 50, 63, 71, 79, 86, 95, 103, 111, 119, 128]					MC: [0, 9, 17, 26, 34, 43, 51, 60, 68, 77, 85, 94, 102, 111, 119, 128]
00a8ea0c					PS2: [0, 2, 5, 7, 10, 12, 17, 21, 27, 33, 39, 47, 54, 62, 72, 83, 95, 106, 116, 122, 126, 128]					MC: [0, 1, 2, 3, 4, 5, 6, 7, 9, 10, 11, 13, 15, 18, 20, 22, 25, 28, 31, 34, 37, 40, 45, 49, 52, 55, 60, 64, 69, 74, 80, 86, 92, 98, 103, 108, 114, 118, 121, 123, 125, 126, 127, 128]
00a94f5e					PS2: [0, 89, 128]					MC: [0, 1, 2, 3, 4, 89, 128]
00a94f5e_f6cff5cddca8988f1ba264b290df94fe					PS2: [0, 89, 128]					MC: [0, 1, 2, 3, 4, 89, 128]
00aa0f17					PS2: [0, 8, 17, 25, 34, 42, 51, 59, 68, 76, 85, 93, 102, 110, 119, 128]					MC: [0, 1, 2, 3, 4, 5, 6, 7, 8, 9, 10, 11, 12, 13, 14, 15, 16, 17, 18, 19, 20, 21, 22, 23, 24, 25, 26, 27, 28, 29, 30, 31, 32, 33, 34, 35, 36, 37, 38, 39, 40, 41, 42, 43, 44, 45, 46, 47, 48, 49, 50, 51, 52, 53, 54, 55, 56, 57, 58, 59, 60, 61, 62, 63, 64, 65, 66, 67, 68, 69, 70, 71, 72, 73, 74, 75, 76, 77, 78, 79, 80, 81, 82, 83, 84, 85, 86, 87, 88, 89, 90, 91, 92, 93, 94, 95, 96, 97, 98, 99, 100, 101, 102, 103, 104, 105, 106, 107, 108, 109, 110, 111, 112, 113, 114, 115, 116, 117, 118, 119, 120, 121, 122, 123, 124, 125, 126, 127, 128]
00aa48dc					PS2: [0, 1, 2, 3, 5, 6, 7, 9, 10, 11, 13, 14, 15, 16, 18, 19, 20, 21, 23, 24, 25, 27, 28, 30, 32, 33, 34, 35, 37, 38, 39, 41, 42, 43, 44, 46, 47, 48, 49, 51, 52, 53, 55, 56, 57, 60, 61, 62, 64, 65, 66, 67, 71, 72, 76, 78, 79, 80, 81, 83, 84, 85, 86, 87, 89, 90, 92, 94, 95, 98, 99, 100, 102, 103, 104, 106, 107, 108, 111, 113, 115, 117, 118, 120, 121, 122, 123, 125, 128]					MC: [0, 1, 2, 3, 4, 5, 6, 7, 8, 9, 10, 11, 12, 13, 14, 15, 16, 17, 18, 19, 20, 21, 22, 23, 24, 25, 26, 27, 28, 29, 30, 31, 32, 33, 34, 35, 36, 37, 38, 39, 40, 41, 42, 43, 44, 45, 46, 47, 48, 49, 50, 51, 52, 53, 54, 55, 56, 57, 58, 59, 60, 61, 62, 63, 64, 65, 66, 67, 68, 69, 70, 71, 72, 73, 74, 75, 76, 77, 78, 79, 80, 81, 82, 83, 84, 85, 86, 87, 88, 89, 90, 91, 92, 93, 94, 95, 96, 97, 98, 99, 100, 101, 102, 103, 104, 105, 106, 107, 108, 109, 110, 111, 112, 113, 114, 115, 116, 117, 118, 119, 120, 121, 122, 123, 124, 125, 126, 127, 128, 129, 130, 131, 132, 133]
00aaaff3					PS2: [0, 66, 102, 103, 128]					MC: [0, 1, 2, 3, 4, 6, 9, 11, 12, 28, 29, 52, 53, 65, 66, 67, 68, 73, 82, 87, 91, 96, 104, 109, 110, 112, 123, 124, 126, 127, 128, 129, 130, 132, 134]
00aafcd1					PS2: [0, 7, 14, 19, 24, 28, 34, 40, 46, 54, 60, 65, 71, 77, 84, 94]					MC: [0, 1, 2, 3, 4, 5, 6, 7, 8, 9, 10, 11, 12, 13, 14, 15, 16, 17, 18, 19, 20, 21, 22, 23, 24, 25, 26, 27, 28, 29, 30, 31, 32, 33, 34, 35, 36, 37, 38, 39, 40, 41, 42, 43, 44, 45, 46, 47, 48, 49, 50, 51, 52, 53, 54, 55, 56, 57, 58, 59, 60, 61, 62, 63, 64, 65, 66, 67, 68, 69, 70, 71, 72, 73, 74, 75, 76, 77, 78, 79, 80, 81, 82, 83, 84, 85, 86, 87, 88, 89, 90, 91, 92, 93, 94, 95, 96, 97, 99, 100, 101, 102, 103, 104, 105, 106, 107, 115, 119, 123, 128, 131, 132, 133, 134, 135, 136]
00ab0f17					PS2: [0, 8, 17, 25, 34, 42, 51, 59, 68, 76, 85, 93, 102, 110, 119, 128]					MC: [0, 1, 2, 3, 4, 5, 6, 7, 8, 9, 10, 11, 12, 13, 14, 15, 16, 17, 18, 19, 20, 21, 22, 23, 24, 25, 26, 27, 28, 29, 30, 31, 32, 33, 34, 35, 36, 37, 38, 39, 40, 41, 42, 43, 44, 45, 46, 47, 48, 49, 50, 51, 52, 53, 54, 55, 56, 57, 58, 59, 60, 61, 62, 63, 64, 65, 66, 67, 68, 69, 70, 71, 72, 73, 74, 75, 76, 77, 78, 79, 80, 81, 82, 83, 84, 85, 86, 87, 88, 89, 90, 91, 92, 93, 94, 95, 96, 97, 98, 99, 100, 101, 102, 103, 104, 105, 106, 107, 108, 109, 110, 111, 112, 113, 114, 115, 116, 117, 118, 119, 120, 121, 122, 123, 124, 125, 126, 127, 128]
00ab26db					PS2: [0, 12, 20, 29, 34, 37, 48, 63, 75, 83, 90, 99, 111, 118, 122, 128]					MC: [0, 1, 2, 3, 4, 5, 6, 7, 8, 9, 10, 11, 12, 13, 14, 16, 17, 18, 19, 20, 21, 23, 24, 25, 26, 27, 28, 31, 32, 33, 37, 38, 40, 41, 43, 44, 48, 49, 51, 52, 53, 54, 55, 56, 57, 58, 59, 60, 61, 63, 66, 67, 70, 71, 72, 74, 75, 78, 79, 80, 83, 84, 85, 87, 88, 89, 90, 91, 92, 93, 94, 95, 97, 98, 100, 101, 103, 104, 105, 106, 107, 108, 109, 110, 111, 112, 113, 114, 115, 116, 117, 118, 119, 120, 121, 122, 123, 124, 125, 126, 127, 128]
00ab7f02					PS2: [0, 3, 7, 13, 18, 23, 31, 38, 48, 56, 63, 74, 85, 100, 118, 128]					MC: [0, 2, 3, 4, 5, 6, 7, 8, 9, 10, 11, 12, 13, 14, 15, 16, 17, 18, 19, 20, 21, 22, 23, 24, 25, 26, 27, 28, 29, 30, 31, 32, 33, 34, 35, 36, 37, 38, 39, 40, 41, 42, 43, 44, 45, 46, 47, 48, 49, 50, 51, 52, 53, 54, 55, 56, 57, 58, 59, 60, 61, 62, 63, 64, 65, 66, 67, 68, 69, 70, 71, 72, 73, 74, 75, 76, 77, 78, 79, 80, 81, 82, 83, 84, 85, 86, 87, 88, 89, 90, 91, 92, 93, 94, 95, 96, 97, 98, 99, 100, 101, 102, 103, 104, 105, 106, 107, 108, 109, 110, 111, 112, 113, 114, 115, 116, 117, 118, 119, 120, 121, 122, 123, 124, 125, 126, 127, 128, 129, 130]
00ac0f17					PS2: [0, 8, 17, 25, 34, 42, 51, 59, 68, 76, 85, 93, 102, 110, 119, 128]					MC: [0, 1, 2, 3, 4, 5, 6, 7, 8, 9, 10, 11, 12, 13, 14, 15, 16, 17, 18, 19, 20, 21, 22, 23, 24, 25, 26, 27, 28, 29, 30, 31, 32, 33, 34, 35, 36, 37, 38, 39, 40, 41, 42, 43, 44, 45, 46, 47, 48, 49, 50, 51, 52, 53, 54, 55, 56, 57, 58, 59, 60, 61, 62, 63, 64, 65, 66, 67, 68, 69, 70, 71, 72, 73, 74, 75, 76, 77, 78, 79, 80, 81, 82, 83, 84, 85, 86, 87, 88, 89, 90, 91, 92, 93, 94, 95, 96, 97, 98, 99, 100, 101, 102, 103, 104, 105, 106, 107, 108, 109, 110, 111, 112, 113, 114, 115, 116, 117, 118, 119, 120, 121, 122, 123, 124, 125, 126, 127, 128]
00ac48dc					PS2: [0, 1, 2, 3, 5, 6, 7, 9, 10, 11, 13, 14, 15, 16, 18, 19, 20, 21, 23, 24, 27, 28, 30, 32, 33, 34, 37, 39, 41, 42, 43, 46, 48, 49, 52, 55, 57, 60, 61, 62, 64, 65, 66, 69, 70, 74, 75, 76, 78, 79, 80, 81, 83, 84, 85, 87, 89, 90, 92, 93, 94, 95, 97, 98, 99, 100, 102, 103, 106, 108, 109, 111, 112, 113, 115, 117, 118, 120, 121, 122, 126, 128]					MC: [0, 1, 2, 3, 4, 5, 6, 7, 8, 9, 10, 11, 12, 13, 14, 15, 16, 17, 18, 19, 20, 21, 22, 23, 24, 25, 26, 27, 28, 29, 30, 31, 32, 33, 34, 35, 36, 37, 38, 39, 40, 41, 42, 43, 44, 45, 46, 47, 48, 49, 50, 51, 52, 53, 54, 55, 56, 57, 58, 59, 60, 61, 62, 63, 64, 65, 66, 67, 68, 69, 70, 71, 72, 73, 74, 75, 76, 77, 79, 80, 81, 82, 83, 84, 85, 86, 87, 88, 89, 90, 91, 92, 93, 94, 95, 96, 97, 98, 99, 100, 101, 102, 103, 104, 105, 106, 107, 108, 109, 110, 111, 112, 113, 114, 115, 116, 117, 118, 119, 120, 121, 122, 123, 124, 125, 126, 127, 128, 129, 130, 131, 132, 133]
00ad0f17					PS2: [0, 8, 17, 25, 34, 42, 51, 59, 68, 76, 85, 93, 102, 110, 119, 128]					MC: [0, 1, 2, 3, 4, 5, 6, 7, 8, 9, 10, 11, 12, 13, 14, 15, 16, 17, 18, 19, 20, 21, 22, 23, 24, 25, 26, 27, 28, 29, 30, 31, 32, 33, 34, 35, 36, 37, 38, 39, 40, 41, 42, 43, 44, 45, 46, 47, 48, 49, 50, 51, 52, 53, 54, 55, 56, 57, 58, 59, 60, 61, 62, 63, 64, 65, 66, 67, 68, 69, 70, 71, 72, 73, 74, 75, 76, 77, 78, 79, 80, 81, 82, 83, 84, 85, 86, 87, 88, 89, 90, 91, 92, 93, 94, 95, 96, 97, 98, 99, 100, 101, 102, 103, 104, 105, 106, 107, 108, 109, 110, 111, 112, 113, 114, 115, 116, 117, 118, 119, 120, 121, 122, 123, 124, 125, 126, 127, 128]
00ad48dc					PS2: [0, 1, 2, 3, 5, 6, 7, 9, 10, 11, 13, 14, 15, 16, 19, 20, 21, 23, 24, 25, 28, 29, 30, 32, 33, 34, 35, 37, 38, 41, 42, 43, 44, 46, 47, 48, 49, 51, 52, 55, 56, 57, 60, 61, 62, 64, 65, 66, 69, 70, 74, 76, 78, 79, 80, 83, 84, 86, 87, 89, 90, 92, 93, 94, 95, 97, 98, 99, 100, 102, 103, 104, 106, 108, 109, 111, 112, 113, 115, 116, 122, 123, 126, 128]					MC: [0, 1, 2, 3, 4, 5, 6, 7, 8, 9, 10, 11, 12, 13, 14, 15, 16, 17, 18, 19, 20, 21, 22, 23, 24, 25, 26, 27, 28, 29, 30, 31, 32, 33, 34, 35, 36, 37, 38, 39, 40, 41, 42, 43, 44, 45, 46, 47, 48, 49, 50, 51, 52, 53, 54, 55, 56, 57, 58, 59, 60, 61, 62, 63, 64, 65, 66, 67, 68, 69, 70, 71, 72, 73, 74, 75, 76, 77, 78, 79, 80, 81, 82, 83, 84, 85, 86, 87, 88, 89, 90, 91, 92, 93, 94, 95, 96, 97, 98, 100, 101, 102, 103, 104, 105, 106, 107, 108, 109, 110, 111, 112, 113, 114, 115, 116, 117, 118, 119, 120, 121, 122, 123, 124, 125, 126, 127, 128, 129, 130, 131, 132, 133, 134]
00ad7f16					PS2: [0, 12, 19, 27, 34, 35, 42, 43, 50, 51, 59, 67, 75, 76, 84, 92, 93, 101, 110, 118, 119, 128]					MC: [0, 1, 2, 3, 4, 5, 6, 7, 8, 9, 10, 11, 12, 13, 14, 15, 16, 17, 18, 19, 20, 21, 22, 23, 24, 25, 26, 27, 28, 29, 30, 31, 32, 33, 34, 35, 36, 37, 38, 39, 40, 41, 42, 43, 44, 45, 46, 47, 48, 49, 50, 51, 52, 53, 54, 55, 56, 57, 58, 59, 60, 61, 62, 63, 64, 65, 66, 67, 68, 69, 70, 71, 72, 73, 74, 75, 76, 77, 78, 79, 80, 81, 82, 83, 84, 85, 86, 87, 88, 89, 90, 91, 92, 93, 94, 95, 96, 97, 98, 99, 100, 101, 102, 103, 104, 105, 106, 107, 108, 109, 110, 111, 112, 113, 114, 115, 116, 117, 118, 119, 120, 121, 122, 123, 124, 125, 126, 127, 128]
00ae0f17					PS2: [0, 8, 17, 25, 34, 42, 51, 59, 68, 76, 85, 93, 102, 110, 119, 128]					MC: [0, 1, 2, 3, 4, 5, 6, 7, 8, 9, 10, 11, 12, 13, 14, 15, 16, 17, 18, 19, 20, 21, 22, 23, 24, 25, 26, 27, 28, 29, 30, 31, 32, 33, 34, 35, 36, 37, 38, 39, 40, 41, 42, 43, 44, 45, 46, 47, 48, 49, 50, 51, 52, 53, 54, 55, 56, 57, 58, 59, 60, 61, 62, 63, 64, 65, 66, 67, 68, 69, 70, 71, 72, 73, 74, 75, 76, 77, 78, 79, 80, 81, 82, 83, 84, 85, 86, 87, 88, 89, 90, 91, 92, 93, 94, 95, 96, 97, 98, 99, 100, 101, 102, 103, 104, 105, 106, 107, 108, 109, 110, 111, 112, 113, 114, 115, 116, 117, 118, 119, 120, 121, 122, 123, 124, 125, 126, 127, 128]
00ae69df					PS2: [0, 73, 77, 83, 88, 92, 96, 100, 102, 105, 109, 113, 116, 120, 128]					MC: [0, 72, 73, 74, 76, 77, 78, 79, 80, 83, 84, 86, 87, 88, 89, 90, 91, 93, 94, 97, 98, 99, 101, 104, 105, 106, 108, 109, 112, 113, 117, 121, 124, 125, 127, 128, 129]
00ae72af					PS2: [0, 7, 15, 22, 31, 36, 43, 50, 60, 72, 81, 90, 100, 111, 117, 128]					MC: [0, 1, 2, 3, 4, 5, 6, 7, 8, 9, 10, 11, 12, 13, 14, 15, 16, 17, 18, 19, 20, 21, 22, 23, 24, 25, 26, 27, 28, 29, 30, 31, 32, 33, 34, 35, 36, 37, 38, 39, 40, 41, 42, 43, 44, 46, 47, 48, 49, 50, 51, 53, 54, 55, 56, 57, 58, 59, 60, 61, 62, 65, 66, 67, 68, 69, 71, 72, 73, 74, 75, 76, 77, 78, 80, 81, 82, 87, 88, 89, 90, 91, 92, 93, 98, 99, 100, 101, 102, 103, 104, 106, 110, 111, 112, 113, 114, 115, 116, 117, 118, 119, 120, 121, 122, 125, 126, 127, 128, 129, 130, 131]
00ae72b2					PS2: [0, 3, 13, 25, 33, 41, 46, 53, 62, 72, 80, 92, 100, 107, 116, 128]					MC: [0, 1, 2, 3, 4, 5, 6, 7, 8, 10, 11, 12, 13, 14, 15, 16, 17, 18, 19, 22, 23, 24, 25, 26, 27, 28, 30, 31, 32, 33, 34, 35, 36, 38, 39, 40, 41, 42, 43, 44, 45, 46, 47, 49, 51, 52, 53, 54, 55, 56, 59, 60, 61, 62, 63, 66, 67, 68, 69, 70, 71, 72, 73, 74, 76, 77, 78, 79, 80, 81, 83, 84, 85, 86, 87, 88, 90, 91, 92, 93, 94, 96, 97, 98, 99, 100, 101, 102, 104, 105, 106, 107, 108, 109, 110, 111, 113, 114, 115, 116, 117, 118, 119, 120, 121, 122, 124, 125, 126, 127, 128, 129, 130]
00ae7f16					PS2: [0, 12, 19, 27, 34, 35, 42, 43, 50, 51, 59, 67, 75, 76, 84, 92, 93, 101, 110, 118, 119, 128]					MC: [0, 1, 2, 3, 4, 5, 6, 7, 8, 9, 10, 11, 12, 13, 14, 15, 16, 17, 18, 19, 20, 21, 22, 23, 24, 25, 26, 27, 28, 29, 30, 31, 32, 33, 34, 35, 36, 37, 38, 39, 40, 41, 42, 43, 44, 45, 46, 47, 48, 49, 50, 51, 52, 53, 54, 55, 56, 57, 58, 59, 60, 61, 62, 63, 64, 65, 66, 67, 68, 69, 70, 71, 72, 73, 74, 75, 76, 77, 78, 79, 80, 81, 82, 83, 84, 85, 86, 87, 88, 89, 90, 91, 92, 93, 94, 95, 96, 97, 98, 99, 100, 101, 102, 103, 104, 105, 106, 107, 108, 109, 110, 111, 112, 113, 114, 115, 116, 117, 118, 119, 120, 121, 122, 123, 124, 125, 126, 127, 128]
00af0f17					PS2: [0, 8, 17, 25, 34, 42, 51, 59, 68, 76, 85, 93, 102, 110, 119, 128]					MC: [0, 1, 2, 3, 4, 5, 6, 7, 8, 9, 10, 11, 12, 13, 14, 15, 16, 17, 18, 19, 20, 21, 22, 23, 24, 25, 26, 27, 28, 29, 30, 31, 32, 33, 34, 35, 36, 37, 38, 39, 40, 41, 42, 43, 44, 45, 46, 47, 48, 49, 50, 51, 52, 53, 54, 55, 56, 57, 58, 59, 60, 61, 62, 63, 64, 65, 66, 67, 68, 69, 70, 71, 72, 73, 74, 75, 76, 77, 78, 79, 80, 81, 82, 83, 84, 85, 86, 87, 88, 89, 90, 91, 92, 93, 94, 95, 96, 97, 98, 99, 100, 101, 102, 103, 104, 105, 106, 107, 108, 109, 110, 111, 112, 113, 114, 115, 116, 117, 118, 119, 120, 121, 122, 123, 124, 125, 126, 127, 128]
00af48dc					PS2: [0, 1, 2, 4, 5, 6, 7, 9, 10, 11, 13, 14, 15, 16, 18, 19, 20, 21, 23, 24, 25, 27, 28, 30, 32, 33, 34, 35, 37, 39, 41, 42, 43, 44, 46, 47, 48, 49, 51, 52, 55, 56, 57, 60, 61, 62, 64, 65, 66, 67, 69, 70, 71, 72, 74, 75, 76, 79, 80, 83, 84, 86, 89, 90, 92, 93, 94, 95, 97, 98, 100, 102, 103, 104, 106, 109, 111, 112, 113, 115, 116, 117, 121, 122, 123, 125, 126, 128]					MC: [0, 1, 2, 3, 4, 5, 6, 7, 8, 9, 10, 11, 12, 13, 14, 15, 16, 17, 18, 19, 20, 21, 22, 23, 24, 25, 26, 27, 28, 29, 30, 31, 32, 33, 34, 35, 36, 37, 38, 39, 40, 41, 42, 43, 44, 45, 46, 47, 48, 49, 50, 51, 52, 53, 54, 55, 56, 57, 58, 59, 60, 61, 62, 63, 64, 65, 66, 67, 68, 69, 70, 71, 72, 73, 74, 75, 76, 77, 78, 79, 80, 81, 82, 83, 84, 85, 86, 87, 88, 89, 90, 91, 92, 93, 94, 95, 96, 97, 98, 99, 100, 101, 102, 103, 104, 105, 106, 107, 108, 109, 110, 111, 112, 113, 114, 115, 116, 117, 118, 119, 120, 121, 122, 123, 124, 125, 126, 127, 128, 129, 130, 131, 132, 133]
00af72b2					PS2: [0, 6, 14, 24, 32, 39, 47, 58, 67, 75, 84, 95, 105, 112, 120, 127]					MC: [0, 4, 5, 6, 7, 13, 14, 15, 23, 24, 25, 31, 32, 33, 38, 39, 40, 46, 47, 48, 57, 58, 59, 66, 67, 68, 74, 75, 76, 83, 84, 85, 94, 95, 96, 104, 105, 106, 111, 112, 113, 119, 120, 121, 126, 127, 128]
00af7f16					PS2: [0, 12, 19, 27, 34, 35, 42, 43, 50, 51, 59, 67, 75, 76, 84, 92, 93, 101, 110, 118, 119, 128]					MC: [0, 1, 2, 3, 4, 5, 6, 7, 8, 9, 10, 11, 12, 13, 14, 15, 16, 17, 18, 19, 20, 21, 22, 23, 24, 25, 26, 27, 28, 29, 30, 31, 32, 33, 34, 35, 36, 37, 38, 39, 40, 41, 42, 43, 44, 45, 46, 47, 48, 49, 50, 51, 52, 53, 54, 55, 56, 57, 58, 59, 60, 61, 62, 63, 64, 65, 66, 67, 68, 69, 70, 71, 72, 73, 74, 75, 76, 77, 78, 79, 80, 81, 82, 83, 84, 85, 86, 87, 88, 89, 90, 91, 92, 93, 94, 95, 96, 97, 98, 99, 100, 101, 102, 103, 104, 105, 106, 107, 108, 109, 110, 111, 112, 113, 114, 115, 116, 117, 118, 119, 120, 121, 122, 123, 124, 125, 126, 127, 128]
00afa380					PS2: [0, 7, 16, 24, 33, 41, 49, 57, 66, 74, 82, 91, 99, 108, 115, 124]					MC: [0, 9, 10, 14, 15, 20, 21, 27, 28, 35, 36, 42, 43, 51, 52, 58, 59, 67, 68, 76, 77, 86, 87, 96, 97, 106, 107, 116, 117, 125, 126, 127, 128, 129, 130]
00afe4b4					PS2: [0, 1, 10, 19, 28, 37, 45, 54, 63, 72, 81, 90, 99, 108, 117, 126]					MC: [0, 9, 17, 26, 34, 43, 51, 60, 68, 77, 85, 94, 102, 111, 119, 128]
00b00f17					PS2: [0, 8, 17, 25, 34, 42, 51, 59, 68, 76, 85, 93, 102, 110, 119, 128]					MC: [0, 1, 2, 3, 4, 5, 6, 7, 8, 9, 10, 11, 12, 13, 14, 15, 16, 17, 18, 19, 20, 21, 22, 23, 24, 25, 26, 27, 28, 29, 30, 31, 32, 33, 34, 35, 36, 37, 38, 39, 40, 41, 42, 43, 44, 45, 46, 47, 48, 49, 50, 51, 52, 53, 54, 55, 56, 57, 58, 59, 60, 61, 62, 63, 64, 65, 66, 67, 68, 69, 70, 71, 72, 73, 74, 75, 76, 77, 78, 79, 80, 81, 82, 83, 84, 85, 86, 87, 88, 89, 90, 91, 92, 93, 94, 95, 96, 97, 98, 99, 100, 101, 102, 103, 104, 105, 106, 107, 108, 109, 110, 111, 112, 113, 114, 115, 116, 117, 118, 119, 120, 121, 122, 123, 124, 125, 126, 127, 128]
00b072af					PS2: [0, 2, 7, 17, 27, 34, 42, 52, 61, 68, 77, 85, 98, 109, 118, 128]					MC: [0, 1, 2, 3, 6, 7, 8, 16, 17, 18, 26, 27, 28, 33, 34, 35, 41, 42, 43, 51, 52, 53, 60, 61, 62, 67, 68, 69, 76, 77, 78, 84, 85, 86, 97, 98, 99, 108, 109, 110, 117, 118, 127, 128, 129]
00b072b2					PS2: [0, 8, 17, 26, 33, 41, 49, 56, 63, 70, 80, 93, 102, 109, 117, 128]					MC: [0, 7, 8, 9, 16, 17, 18, 25, 26, 27, 32, 33, 34, 40, 41, 42, 48, 49, 50, 55, 56, 57, 62, 63, 64, 69, 70, 71, 79, 80, 81, 92, 93, 94, 101, 102, 103, 108, 109, 110, 116, 117, 118, 127, 128, 129]
00b07f16					PS2: [0, 12, 19, 27, 34, 35, 42, 43, 50, 51, 59, 67, 75, 76, 84, 92, 93, 101, 110, 118, 119, 128]					MC: [0, 1, 2, 3, 4, 5, 6, 7, 8, 9, 10, 11, 12, 13, 14, 15, 16, 17, 18, 19, 20, 21, 22, 23, 24, 25, 26, 27, 28, 29, 30, 31, 32, 33, 34, 35, 36, 37, 38, 39, 40, 41, 42, 43, 44, 45, 46, 47, 48, 49, 50, 51, 52, 53, 54, 55, 56, 57, 58, 59, 60, 61, 62, 63, 64, 65, 66, 67, 68, 69, 70, 71, 72, 73, 74, 75, 76, 77, 78, 79, 80, 81, 82, 83, 84, 85, 86, 87, 88, 89, 90, 91, 92, 93, 94, 95, 96, 97, 98, 99, 100, 101, 102, 103, 104, 105, 106, 107, 108, 109, 110, 111, 112, 113, 114, 115, 116, 117, 118, 119, 120, 121, 122, 123, 124, 125, 126, 127, 128]
00b0c1e3					PS2: [0, 4, 8, 17, 25, 34, 48, 59, 68, 76, 85, 93, 102, 110, 119, 128]					MC: [0, 9, 17, 26, 34, 43, 51, 60, 68, 77, 85, 94, 102, 111, 119, 128]
00b10f17					PS2: [0, 8, 17, 25, 34, 42, 51, 59, 68, 76, 85, 93, 102, 110, 119, 128]					MC: [0, 1, 2, 3, 4, 5, 6, 7, 8, 9, 10, 11, 12, 13, 14, 15, 16, 17, 18, 19, 20, 21, 22, 23, 24, 25, 26, 27, 28, 29, 30, 31, 32, 33, 34, 35, 36, 37, 38, 39, 40, 41, 42, 43, 44, 45, 46, 47, 48, 49, 50, 51, 52, 53, 54, 55, 56, 57, 58, 59, 60, 61, 62, 63, 64, 65, 66, 67, 68, 69, 70, 71, 72, 73, 74, 75, 76, 77, 78, 79, 80, 81, 82, 83, 84, 85, 86, 87, 88, 89, 90, 91, 92, 93, 94, 95, 96, 97, 98, 99, 100, 101, 102, 103, 104, 105, 106, 107, 108, 109, 110, 111, 112, 113, 114, 115, 116, 117, 118, 119, 120, 121, 122, 123, 124, 125, 126, 127, 128]
00b148dc					PS2: [0, 1, 2, 4, 5, 6, 7, 9, 10, 11, 13, 14, 15, 16, 18, 19, 20, 21, 23, 24, 25, 27, 28, 29, 30, 32, 33, 34, 35, 37, 38, 39, 41, 42, 43, 46, 47, 48, 49, 51, 52, 53, 55, 56, 57, 58, 60, 61, 64, 66, 67, 69, 70, 71, 72, 74, 75, 76, 79, 81, 83, 86, 88, 89, 90, 92, 93, 94, 95, 97, 98, 99, 100, 102, 103, 104, 106, 107, 108, 112, 113, 117, 123, 126, 128]					MC: [0, 1, 2, 3, 4, 5, 6, 7, 8, 9, 10, 11, 12, 13, 14, 15, 16, 17, 18, 19, 20, 21, 22, 23, 24, 25, 26, 27, 28, 29, 30, 31, 32, 33, 34, 35, 36, 37, 38, 39, 40, 41, 42, 43, 44, 45, 46, 47, 48, 49, 50, 51, 52, 53, 54, 55, 56, 57, 58, 59, 60, 61, 62, 63, 64, 65, 66, 67, 68, 69, 70, 71, 72, 73, 74, 75, 76, 77, 78, 79, 80, 81, 82, 83, 84, 85, 86, 87, 88, 89, 90, 91, 92, 93, 94, 95, 96, 97, 98, 99, 100, 101, 102, 103, 104, 105, 106, 107, 108, 109, 110, 111, 112, 113, 114, 115, 118, 119, 120, 121, 122, 123, 124, 125, 126, 127, 128, 130, 131, 132, 133]
00b14bb4					PS2: [0, 6, 10, 19, 28, 37, 45, 54, 63, 72, 81, 90, 99, 108, 117, 126]					MC: [0, 9, 17, 26, 34, 43, 51, 60, 68, 77, 85, 94, 102, 111, 119, 124, 125, 126, 127, 128, 129, 130, 131]
00b172af					PS2: [0, 9, 17, 26, 36, 45, 52, 58, 64, 73, 82, 91, 102, 113, 119, 127]					MC: [0, 1, 2, 3, 4, 5, 6, 7, 8, 9, 10, 11, 12, 13, 14, 15, 16, 17, 18, 19, 20, 21, 22, 23, 24, 25, 26, 27, 28, 29, 30, 31, 32, 33, 34, 35, 36, 37, 38, 39, 40, 41, 42, 43, 44, 45, 46, 47, 48, 49, 50, 51, 52, 53, 54, 55, 56, 57, 58, 59, 60, 61, 62, 63, 64, 65, 66, 67, 68, 69, 70, 71, 72, 73, 74, 75, 76, 77, 78, 79, 80, 81, 82, 83, 84, 85, 86, 87, 89, 90, 91, 92, 93, 94, 95, 96, 97, 98, 99, 100, 101, 102, 103, 104, 105, 106, 107, 108, 109, 110, 111, 112, 113, 114, 115, 116, 117, 118, 119, 120, 121, 122, 123, 124, 125, 126, 127, 128, 129, 130, 131]
00b172b2					PS2: [0, 3, 9, 17, 24, 34, 43, 52, 62, 72, 84, 97, 108, 115, 122, 128]					MC: [0, 2, 3, 4, 8, 9, 10, 16, 17, 18, 23, 24, 25, 33, 34, 35, 42, 43, 44, 51, 52, 53, 61, 62, 63, 71, 72, 73, 83, 84, 85, 96, 97, 98, 107, 108, 109, 114, 115, 116, 121, 122, 123, 127, 128, 129]
00b17f16					PS2: [0, 12, 19, 27, 34, 35, 42, 43, 50, 51, 59, 67, 75, 76, 84, 92, 93, 101, 110, 118, 119, 128]					MC: [0, 1, 2, 3, 4, 5, 6, 7, 8, 9, 10, 11, 12, 13, 14, 15, 16, 17, 18, 19, 20, 21, 22, 23, 24, 25, 26, 27, 28, 29, 30, 31, 32, 33, 34, 35, 36, 37, 38, 39, 40, 41, 42, 43, 44, 45, 46, 47, 48, 49, 50, 51, 52, 53, 54, 55, 56, 57, 58, 59, 60, 61, 62, 63, 64, 65, 66, 67, 68, 69, 70, 71, 72, 73, 74, 75, 76, 77, 78, 79, 80, 81, 82, 83, 84, 85, 86, 87, 88, 89, 90, 91, 92, 93, 94, 95, 96, 97, 98, 99, 100, 101, 102, 103, 104, 105, 106, 107, 108, 109, 110, 111, 112, 113, 114, 115, 116, 117, 118, 119, 120, 121, 122, 123, 124, 125, 126, 127, 128]
00b1c671					PS2: [0, 4, 10, 18, 26, 33, 41, 52, 62, 72, 80, 88, 96, 108, 118, 126]					MC: [0, 2, 3, 4, 6, 7, 8, 9, 10, 11, 12, 13, 14, 15, 16, 17, 18, 19, 20, 21, 22, 23, 24, 25, 26, 27, 28, 29, 30, 31, 32, 33, 34, 35, 36, 37, 38, 39, 40, 41, 42, 43, 44, 45, 46, 47, 48, 49, 50, 51, 52, 53, 54, 55, 56, 57, 58, 59, 60, 61, 62, 63, 64, 65, 66, 67, 68, 69, 70, 71, 72, 73, 74, 75, 76, 77, 78, 79, 80, 81, 82, 83, 84, 85, 86, 87, 88, 89, 90, 91, 92, 93, 94, 95, 96, 97, 98, 99, 100, 101, 102, 103, 104, 105, 106, 107, 108, 109, 110, 111, 112, 113, 114, 115, 116, 118, 120, 121, 122, 123, 124, 125, 126]
00b1e5e1					PS2: [0, 7, 8, 16, 24, 32, 33, 41, 49, 57, 58, 66, 74, 75, 82, 83, 90, 91, 99, 107, 108, 115, 116, 124]					MC: [0, 9, 10, 14, 15, 20, 21, 27, 28, 35, 36, 42, 43, 51, 52, 58, 59, 67, 68, 76, 77, 86, 87, 96, 97, 106, 107, 116, 117, 127, 128]
00b20f17					PS2: [0, 8, 17, 25, 34, 42, 51, 59, 68, 76, 85, 93, 102, 110, 119, 128]					MC: [0, 1, 2, 3, 4, 5, 6, 7, 8, 9, 10, 11, 12, 13, 14, 15, 16, 17, 18, 19, 20, 21, 22, 23, 24, 25, 26, 27, 28, 29, 30, 31, 32, 33, 34, 35, 36, 37, 38, 39, 40, 41, 42, 43, 44, 45, 46, 47, 48, 49, 50, 51, 52, 53, 54, 55, 56, 57, 58, 59, 60, 61, 62, 63, 64, 65, 66, 67, 68, 69, 70, 71, 72, 73, 74, 75, 76, 77, 78, 79, 80, 81, 82, 83, 84, 85, 86, 87, 88, 89, 90, 91, 92, 93, 94, 95, 96, 97, 98, 99, 100, 101, 102, 103, 104, 105, 106, 107, 108, 109, 110, 111, 112, 113, 114, 115, 116, 117, 118, 119, 120, 121, 122, 123, 124, 125, 126, 127, 128]
00b24dfd					PS2: [0, 6, 13, 20, 27, 35, 43, 52, 60, 67, 78, 89, 99, 108, 118, 128]					MC: [0, 2, 3, 4, 6, 7, 8, 9, 10, 11, 12, 13, 14, 15, 16, 17, 18, 19, 20, 21, 22, 23, 24, 25, 26, 27, 28, 29, 30, 31, 32, 33, 34, 35, 36, 37, 38, 39, 40, 41, 42, 43, 44, 45, 46, 47, 48, 49, 50, 51, 52, 53, 54, 55, 56, 57, 58, 59, 60, 61, 62, 63, 64, 65, 66, 67, 68, 69, 70, 71, 72, 73, 74, 75, 76, 77, 78, 80, 81, 82, 83, 84, 85, 86, 87, 88, 89, 90, 91, 92, 93, 94, 95, 96, 97, 98, 99, 100, 101, 102, 103, 104, 105, 106, 107, 108, 109, 110, 111, 112, 113, 114, 115, 116, 118, 120, 121, 122, 123, 124, 125, 126]
00b26c2e					PS2: [0, 4, 9, 21, 32, 40, 49, 60, 72, 81, 89, 96, 103, 109, 116, 126]					MC: [0, 2, 3, 4, 6, 7, 8, 9, 10, 11, 12, 13, 14, 15, 16, 17, 18, 19, 20, 21, 22, 23, 24, 25, 26, 27, 28, 29, 30, 31, 32, 33, 34, 35, 36, 37, 38, 39, 40, 41, 42, 43, 44, 45, 46, 47, 48, 49, 50, 51, 52, 53, 54, 55, 56, 57, 58, 59, 60, 61, 62, 63, 64, 65, 66, 67, 68, 69, 70, 71, 72, 73, 74, 75, 76, 77, 78, 79, 80, 81, 82, 83, 84, 85, 86, 87, 88, 89, 90, 91, 92, 93, 94, 95, 96, 97, 98, 99, 100, 101, 102, 103, 104, 105, 106, 107, 108, 109, 110, 111, 112, 113, 114, 115, 116, 118, 120, 121, 122, 123, 124, 125, 126]
00b27f16					PS2: [0, 12, 19, 27, 34, 35, 40, 42, 43, 50, 51, 59, 67, 75, 76, 84, 92, 93, 101, 110, 118, 119, 128]					MC: [0, 1, 2, 3, 4, 5, 6, 7, 8, 9, 10, 11, 12, 13, 14, 15, 16, 17, 18, 19, 20, 21, 22, 23, 24, 25, 26, 27, 28, 29, 30, 31, 32, 33, 34, 35, 36, 37, 38, 39, 40, 41, 42, 43, 44, 45, 46, 47, 48, 49, 50, 51, 52, 53, 54, 55, 56, 57, 58, 59, 60, 61, 62, 63, 64, 65, 66, 67, 68, 69, 70, 71, 72, 73, 74, 75, 76, 77, 78, 79, 80, 81, 82, 83, 84, 85, 86, 87, 88, 89, 90, 91, 92, 93, 94, 95, 96, 97, 98, 99, 100, 101, 102, 103, 104, 105, 106, 107, 108, 109, 110, 111, 112, 113, 114, 115, 116, 117, 118, 119, 120, 121, 122, 123, 124, 125, 126, 127, 128]
00b339a4					PS2: [0, 1, 2, 3, 4, 5, 7, 8, 9, 10, 11, 12, 13, 14, 15, 16, 17, 18, 19, 20, 21, 22, 23, 25, 29, 34, 37, 43, 44, 48, 51, 55, 62, 64, 68, 70, 72, 73, 75, 80, 81, 98, 99, 100, 101, 103, 113, 118, 119, 120, 121, 122, 128]					MC: [0, 1, 2, 3, 4, 5, 6, 7, 8, 9, 10, 11, 12, 13, 14, 15, 16, 17, 18, 19, 20, 21, 22, 23, 24, 25, 26, 27, 28, 29, 32, 33, 34, 35, 36, 37, 38, 39, 40, 44, 45, 46, 47, 49, 50, 51, 55, 56, 57, 58, 59, 60, 61, 62, 64, 70, 71, 72, 73, 74, 75, 76, 77, 79, 80, 82, 83, 85, 86, 87, 89, 92, 94, 95, 96, 97, 99, 100, 102, 104, 105, 106, 107, 108, 109, 110, 112, 113, 114, 115, 116, 117, 118, 119, 120, 121, 122, 123, 124, 125, 126, 127, 128, 129, 130, 131, 132, 133, 134, 135, 138, 139]
00b37f16					PS2: [0, 12, 19, 27, 34, 35, 42, 43, 50, 51, 59, 67, 75, 76, 84, 92, 93, 101, 110, 118, 119, 128]					MC: [0, 1, 2, 3, 4, 5, 6, 7, 8, 9, 10, 11, 12, 13, 14, 15, 16, 17, 18, 19, 20, 21, 22, 23, 24, 25, 26, 27, 28, 29, 30, 31, 32, 33, 34, 35, 36, 37, 38, 39, 40, 41, 42, 43, 44, 45, 46, 47, 48, 49, 50, 51, 52, 53, 54, 55, 56, 57, 58, 59, 60, 61, 62, 63, 64, 65, 66, 67, 68, 69, 70, 71, 72, 73, 74, 75, 76, 77, 78, 79, 80, 81, 82, 83, 84, 85, 86, 87, 88, 89, 90, 91, 92, 93, 94, 95, 96, 97, 98, 99, 100, 101, 102, 103, 104, 105, 106, 107, 108, 109, 110, 111, 112, 113, 114, 115, 116, 117, 118, 119, 120, 121, 122, 123, 124, 125, 126, 127, 128]
00b38bf0					PS2: [0, 4, 12, 17, 26, 37, 49, 56, 62, 74, 84, 93, 103, 111, 118, 126]					MC: [0, 9, 10, 14, 15, 20, 21, 27, 28, 35, 36, 42, 43, 51, 52, 58, 59, 67, 68, 76, 77, 86, 87, 96, 97, 106, 107, 116, 117, 127, 128]
00b39ba8					PS2: [0, 7, 8, 16, 24, 32, 33, 41, 49, 57, 58, 66, 74, 75, 82, 83, 90, 91, 99, 107, 108, 115, 116, 124]					MC: [0, 9, 10, 14, 15, 20, 21, 27, 28, 35, 36, 42, 43, 51, 52, 58, 59, 67, 68, 76, 77, 86, 87, 96, 97, 106, 107, 116, 117, 127, 128]
00b3cf98					PS2: [0, 12, 20, 29, 37, 45, 54, 63, 72, 81, 90, 99, 109, 118, 128]					MC: [0, 1, 2, 3, 4, 5, 6, 7, 8, 9, 10, 11, 12, 13, 14, 15, 18, 19, 20, 21, 22, 23, 24, 25, 26, 27, 28, 29, 30, 31, 32, 33, 34, 35, 38, 39, 43, 45, 46, 51, 53, 54, 56, 57, 59, 60, 61, 62, 63, 64, 65, 66, 67, 68, 69, 70, 71, 73, 74, 75, 76, 77, 78, 79, 80, 81, 82, 84, 85, 86, 87, 90, 91, 92, 94, 95, 96, 97, 98, 99, 100, 101, 102, 104, 105, 106, 108, 109, 110, 111, 112, 113, 114, 115, 116, 117, 118, 119, 120, 121, 122, 123, 124, 125, 126, 127, 128]
00b42f82					PS2: [0, 65, 66, 101, 102, 103, 128]					MC: [0, 1, 2, 3, 4, 5, 6, 7, 8, 9, 10, 11, 12, 13, 14, 15, 16, 17, 18, 19, 21, 22, 23, 24, 25, 26, 27, 28, 30, 31, 32, 33, 34, 35, 36, 37, 38, 39, 40, 41, 42, 43, 44, 45, 46, 47, 48, 49, 50, 53, 55, 56, 57, 58, 59, 60, 61, 63, 64, 65, 66, 67, 68, 69, 70, 71, 72, 73, 74, 76, 77, 79, 83, 84, 85, 86, 87, 88, 89, 90, 91, 92, 93, 94, 95, 96, 97, 98, 99, 100, 101, 102, 103, 104, 105, 106, 107, 108, 109, 110, 111, 112, 113, 115, 116, 117, 118, 119, 120, 121, 122, 123, 124, 125, 126, 127, 128, 129, 130, 131, 132, 133, 134, 135, 136, 137, 138, 139, 140, 141, 143, 144, 145, 146]
00b47f16					PS2: [0, 12, 19, 27, 34, 35, 42, 43, 50, 51, 59, 67, 75, 76, 84, 92, 93, 101, 110, 118, 119, 128]					MC: [0, 1, 2, 3, 4, 5, 6, 7, 8, 9, 10, 11, 12, 13, 14, 15, 16, 17, 18, 19, 20, 21, 22, 23, 24, 25, 26, 27, 28, 29, 30, 31, 32, 33, 34, 35, 36, 37, 38, 39, 40, 41, 42, 43, 44, 45, 46, 47, 48, 49, 50, 51, 52, 53, 54, 55, 56, 57, 58, 59, 60, 61, 62, 63, 64, 65, 66, 67, 68, 69, 70, 71, 72, 73, 74, 75, 76, 77, 78, 79, 80, 81, 82, 83, 84, 85, 86, 87, 88, 89, 90, 91, 92, 93, 94, 95, 96, 97, 98, 99, 100, 101, 102, 103, 104, 105, 106, 107, 108, 109, 110, 111, 112, 113, 114, 115, 116, 117, 118, 119, 120, 121, 122, 123, 124, 125, 126, 127, 128]
00b548dc					PS2: [0, 1, 2, 3, 5, 6, 7, 9, 10, 11, 13, 14, 15, 16, 18, 19, 20, 21, 23, 24, 25, 27, 28, 29, 30, 32, 33, 34, 35, 37, 38, 39, 41, 42, 43, 44, 46, 47, 48, 49, 51, 52, 53, 55, 57, 58, 61, 64, 66, 69, 70, 72, 74, 75, 76, 78, 80, 83, 84, 85, 86, 87, 89, 90, 92, 93, 94, 98, 99, 102, 103, 104, 106, 108, 109, 111, 112, 115, 116, 120, 121, 123, 125, 128]					MC: [0, 1, 2, 3, 5, 6, 7, 8, 9, 10, 11, 12, 13, 14, 15, 16, 17, 18, 19, 20, 21, 22, 23, 24, 25, 26, 27, 28, 29, 30, 31, 32, 33, 34, 35, 36, 37, 38, 39, 40, 41, 42, 43, 44, 45, 46, 47, 48, 49, 50, 51, 52, 53, 54, 55, 56, 57, 58, 59, 60, 61, 62, 63, 64, 65, 66, 67, 68, 69, 70, 71, 72, 73, 74, 75, 76, 77, 78, 79, 80, 81, 82, 83, 84, 85, 86, 87, 88, 89, 90, 91, 92, 93, 94, 95, 96, 98, 99, 100, 101, 102, 103, 104, 105, 106, 107, 109, 110, 111, 112, 113, 114, 115, 116, 117, 118, 119, 120, 121, 122, 123, 124, 125, 126, 127, 128, 129, 130, 131, 132, 133, 134, 135, 136, 137, 139, 140, 141, 142, 143, 145, 146, 147, 148, 149, 150, 151, 152, 153, 154, 155, 156, 157, 158, 159, 160, 161, 162, 163, 164, 165, 169]
00b54e27					PS2: [0, 5, 14, 23, 30, 38, 46, 54, 62, 73, 83, 93, 101, 108, 116, 125]					MC: [0, 9, 17, 26, 34, 43, 51, 60, 68, 77, 85, 94, 102, 111, 119, 128]
00b54e2a					PS2: [0, 4, 12, 20, 29, 38, 47, 57, 69, 79, 89, 99, 109, 114, 121, 127]					MC: [0, 9, 17, 26, 34, 43, 51, 60, 68, 77, 85, 94, 102, 111, 119, 128]
00b54e2b					PS2: [0, 6, 15, 24, 32, 40, 47, 56, 66, 73, 81, 92, 101, 107, 116, 125]					MC: [0, 9, 17, 26, 34, 43, 51, 60, 68, 77, 85, 94, 102, 111, 119, 128]
00b54e2f					PS2: [0, 8, 18, 25, 33, 44, 52, 61, 70, 76, 83, 90, 98, 104, 113, 124]					MC: [0, 9, 17, 26, 34, 43, 51, 60, 68, 77, 85, 94, 102, 111, 119, 128]
00b54e32					PS2: [0, 5, 15, 25, 35, 42, 50, 59, 71, 82, 91, 99, 105, 111, 117, 125]					MC: [0, 9, 17, 26, 34, 43, 51, 60, 68, 77, 85, 94, 102, 111, 119, 128]
00b55e99					PS2: [0, 19, 28, 36, 45, 52, 59, 68, 76, 85, 94, 103, 111, 119, 124, 128]					MC: [0, 3, 4, 6, 8, 9, 12, 15, 18, 22, 24, 31, 34, 40, 44, 47, 48, 50, 59, 60, 63, 64, 66, 75, 78, 80, 82, 92, 100, 101, 102, 103, 104, 105, 106, 107, 109, 110, 111, 113, 114, 115, 117, 118, 119, 121, 122, 123, 128]
00b57f16					PS2: [0, 12, 19, 27, 34, 35, 42, 43, 50, 51, 59, 67, 75, 76, 84, 92, 93, 101, 110, 118, 119, 128]					MC: [0, 1, 2, 3, 4, 5, 6, 7, 8, 9, 10, 11, 12, 13, 14, 15, 16, 17, 18, 19, 20, 21, 22, 23, 24, 25, 26, 27, 28, 29, 30, 31, 32, 33, 34, 35, 36, 37, 38, 39, 40, 41, 42, 43, 44, 45, 46, 47, 48, 49, 50, 51, 52, 53, 54, 55, 56, 57, 58, 59, 60, 61, 62, 63, 64, 65, 66, 67, 68, 69, 70, 71, 72, 73, 74, 75, 76, 77, 78, 79, 80, 81, 82, 83, 84, 85, 86, 87, 88, 89, 90, 91, 92, 93, 94, 95, 96, 97, 98, 99, 100, 101, 102, 103, 104, 105, 106, 107, 108, 109, 110, 111, 112, 113, 114, 115, 116, 117, 118, 119, 120, 121, 122, 123, 124, 125, 126, 127, 128]
00b584ee					PS2: [0, 19, 64, 128]					MC: [0, 83, 86, 93, 96, 111, 117, 133]
00b59496					PS2: [0, 9, 10, 11, 14, 19, 20, 24, 28, 33, 35, 38, 51, 52, 57, 62, 64, 66, 72, 76, 85, 90, 103, 106, 111, 121, 128]					MC: [0, 1, 6, 7, 8, 9, 10, 11, 12, 19, 21, 22, 23, 28, 30, 31, 32, 37, 38, 39, 40, 41, 42, 43, 44, 45, 47, 48, 49, 51, 53, 54, 55, 57, 60, 61, 62, 66, 67, 70, 73, 74, 75, 78, 81, 84, 85, 86, 88, 92, 94, 97, 98, 101, 102, 106, 110, 113, 115, 116, 119, 121, 123, 124, 127]
00b60ec2					PS2: [0, 24, 46, 59, 75, 91, 92, 119, 122, 123, 125, 127, 128]					MC: [0, 1, 2, 3, 4, 5, 6, 7, 8, 9, 10, 11, 12, 13, 14, 15, 16, 17, 18, 19, 20, 21, 22, 23, 24, 25, 26, 28, 29, 30, 32, 33, 34, 35, 36, 37, 38, 39, 40, 42, 44, 45, 46, 47, 48, 49, 50, 51, 52, 53, 55, 56, 57, 58, 59, 60, 63, 64, 65, 67, 68, 69, 70, 71, 72, 73, 74, 75, 76, 77, 78, 80, 82, 83, 84, 85, 86, 87, 88, 89, 90, 91, 92, 93, 95, 96, 97, 98, 99, 100, 101, 102, 103, 104, 105, 106, 107, 108, 109, 110, 111, 112, 113, 114, 115, 116, 117, 118, 119, 120, 121, 122, 123, 124, 125, 128]
00b72ecd_d1749c8ccf566f0fb26619f642d10fef					PS2: [0, 26, 31, 63, 96, 128]					MC: [0, 7, 10, 14, 17, 18, 19, 20, 21, 22, 23, 24, 27, 29, 30, 31, 32, 34, 35, 36, 37, 38, 39, 40, 41, 42, 43, 44, 45, 47, 49, 50, 54, 55, 56, 57, 58, 59, 61, 64, 65, 68, 70, 71, 72, 73, 75, 78, 80, 81, 82, 83, 84, 85, 87, 88, 91, 92, 94, 95, 96, 101, 102, 103, 104, 105, 109, 113, 114, 118, 120, 127, 128]
00b784ee					PS2: [0, 19, 64, 128]					MC: [0, 83, 86, 93, 96, 111, 117, 133]
00b9b4b3					PS2: [0, 65, 66, 101, 102, 103, 128]					MC: [0, 20, 24, 28, 30, 31, 32, 33, 36, 40, 43, 44, 48, 50, 52, 56, 57, 60, 64, 68, 72, 76, 80, 84, 88, 92, 96, 97, 99, 100, 104, 107, 108, 112, 115, 127, 128]
00b9d01b					PS2: [0, 46, 64, 65, 66, 85, 102, 103, 115, 128]					MC: [0, 3, 4, 7, 8, 11, 12, 15, 16, 17, 19, 20, 21, 22, 26, 28, 29, 32, 33, 34, 36, 40, 42, 43, 44, 45, 47, 48, 51, 52, 55, 56, 58, 60, 61, 62, 67, 68, 70, 72, 74, 76, 78, 79, 80, 82, 84, 86, 87, 88, 89, 92, 96, 100, 101, 102, 103, 105, 107, 110, 111, 112, 115, 117, 125, 126, 127, 128]
00b9e027					PS2: [0, 65, 66, 102, 103, 128]					MC: [0, 3, 4, 5, 6, 7, 8, 9, 10, 11, 12, 13, 14, 15, 20, 43, 47, 48, 50, 53, 57, 60, 63, 67, 70, 77, 80, 84, 87, 88, 90, 94, 97, 100, 101, 104, 128]
00b9e02b					PS2: [0, 65, 66, 102, 103, 128]					MC: [0, 5, 6, 7, 8, 9, 10, 11, 12, 13, 14, 15, 20, 44, 47, 48, 50, 57, 60, 63, 67, 70, 76, 77, 80, 84, 87, 88, 90, 92, 94, 97, 100, 101, 104, 128]
00ba6db6					PS2: [0, 4, 16, 25, 33, 40, 50, 59, 66, 73, 83, 92, 101, 109, 118, 126]					MC: [0, 9, 10, 14, 15, 20, 21, 27, 28, 35, 36, 42, 43, 51, 52, 58, 59, 67, 68, 76, 77, 86, 87, 96, 97, 106, 107, 116, 117, 127, 128]
00ba7d6e					PS2: [0, 7, 8, 16, 24, 30, 32, 33, 38, 41, 45, 49, 51, 57, 58, 66, 74, 75, 82, 83, 90, 91, 99, 107, 108, 115, 116, 124]					MC: [0, 9, 10, 14, 15, 20, 21, 27, 28, 35, 36, 42, 43, 51, 52, 58, 59, 67, 68, 76, 77, 86, 87, 96, 97, 106, 107, 116, 117, 127, 128]
00bac637					PS2: [0, 66, 102, 103, 128]					MC: [0, 69, 105]
00bb35b1					PS2: [0, 9, 23, 28, 36, 45, 53, 57, 59, 72, 93, 102, 108, 119, 128]					MC: [0, 1, 2, 3, 4, 5, 6, 7, 8, 9, 10, 11, 12, 13, 14, 15, 16, 17, 18, 19, 20, 21, 22, 23, 24, 25, 26, 27, 28, 29, 30, 31, 32, 33, 34, 35, 36, 37, 38, 39, 40, 41, 42, 43, 44, 45, 46, 47, 48, 49, 50, 51, 52, 53, 54, 55, 56, 57, 58, 59, 60, 61, 62, 63, 64, 65, 66, 67, 68, 69, 70, 71, 72, 73, 74, 75, 76, 77, 78, 79, 80, 81, 82, 83, 84, 85, 86, 87, 88, 89, 90, 91, 92, 93, 94, 95, 96, 97, 98, 99, 100, 101, 102, 103, 104, 105, 106, 107, 108, 109, 110, 111, 112, 113, 114, 115, 116, 117, 118, 119, 120, 121, 122, 123, 124, 125, 126, 127, 128, 129, 130, 131, 132, 133, 134]
00bcb491					PS2: [0, 7, 12, 26, 34, 37, 43, 62, 69, 77, 85, 90, 102, 114, 120, 127]					MC: [0, 1, 2, 3, 4, 5, 6, 7, 8, 9, 10, 11, 12, 13, 14, 15, 16, 17, 18, 19, 21, 22, 23, 24, 25, 26, 27, 28, 29, 32, 33, 37, 38, 44, 47, 48, 49, 51, 52, 54, 55, 56, 57, 58, 59, 61, 63, 66, 67, 70, 73, 74, 75, 76, 77, 78, 79, 81, 84, 85, 87, 88, 90, 91, 92, 93, 94, 95, 96, 99, 100, 103, 104, 106, 107, 109, 110, 111, 112, 113, 114, 115, 116, 117, 118, 119, 120, 121, 122, 123, 124, 125, 126, 127, 128]
00bcf5a9					PS2: [0, 4, 14, 19, 27, 38, 46, 54, 67, 75, 81, 94, 101, 109, 127]					MC: [0, 9, 10, 14, 15, 20, 21, 27, 28, 35, 36, 42, 43, 51, 52, 58, 59, 67, 68, 76, 77, 86, 87, 96, 97, 106, 107, 116, 117, 127, 128]
00bd8f40					PS2: [0, 6, 17, 28, 36, 47, 55, 66, 77, 85, 94, 101, 109, 116, 123, 128]					MC: [0, 8, 9, 14, 15, 19, 20, 25, 26, 32, 33, 39, 40, 46, 47, 54, 55, 63, 64, 71, 72, 79, 80, 89, 90, 98, 99, 107, 108, 118, 127, 128]
00bde245					PS2: [0, 15, 35, 56, 76, 87, 98, 118, 126, 127, 128]					MC: [0, 8, 16, 25, 33, 41, 49, 58, 65, 73, 82, 90, 98, 106, 115, 123, 131]
00bea9d9					PS2: [0, 20, 28, 36, 45, 52, 59, 68, 77, 85, 94, 104, 111, 119, 124, 128]					MC: [0, 1, 2, 3, 4, 5, 6, 7, 8, 9, 10, 11, 12, 13, 14, 15, 16, 17, 18, 19, 20, 21, 22, 23, 24, 25, 26, 27, 28, 29, 30, 31, 32, 33, 34, 35, 36, 37, 38, 39, 40, 41, 42, 43, 44, 45, 46, 47, 48, 49, 50, 51, 52, 53, 54, 55, 56, 57, 58, 59, 60, 61, 62, 63, 64, 65, 66, 67, 68, 69, 70, 71, 72, 73, 74, 75, 76, 78, 79, 80, 81, 82, 83, 84, 85, 86, 87, 88, 89, 90, 91, 92, 93, 94, 95, 96, 97, 98, 99, 100, 101, 102, 103, 104, 105, 106, 107, 108, 109, 110, 111, 112, 113, 114, 115, 116, 117, 118, 119, 120, 121, 122, 123, 124, 125, 126, 127, 128, 129, 130, 131, 132, 133, 134]
00bea9dd					PS2: [0, 1, 23, 36, 57, 58, 71, 72, 92, 93, 108, 119, 128]					MC: [0, 1, 2, 3, 4, 5, 6, 7, 8, 9, 10, 11, 12, 13, 14, 15, 16, 17, 18, 19, 20, 21, 22, 23, 24, 25, 26, 27, 28, 29, 30, 31, 32, 33, 34, 35, 36, 37, 38, 39, 40, 41, 42, 43, 44, 45, 46, 47, 48, 49, 50, 51, 52, 53, 54, 55, 56, 57, 58, 59, 60, 61, 62, 63, 64, 65, 66, 67, 68, 69, 70, 71, 72, 73, 74, 75, 76, 77, 78, 79, 80, 81, 82, 83, 84, 85, 86, 87, 88, 89, 90, 91, 92, 93, 94, 95, 96, 97, 98, 99, 100, 101, 102, 103, 104, 105, 106, 107, 108, 109, 110, 111, 112, 113, 114, 115, 116, 117, 118, 119, 120, 121, 122, 123, 124, 125, 126, 127, 128]
00bf308b					PS2: [0, 5, 12, 19, 28, 38, 48, 58, 65, 74, 83, 95, 104, 113, 120, 128]					MC: [0, 9, 10, 14, 15, 20, 21, 27, 28, 35, 36, 42, 43, 51, 52, 58, 59, 67, 68, 76, 77, 86, 87, 96, 97, 106, 107, 116, 117, 127, 128]
00c1435d					PS2: [0, 20, 34, 46, 57, 75, 95, 117, 127, 128]					MC: [0, 9, 17, 26, 34, 43, 51, 60, 68, 77, 85, 94, 102, 111, 119, 128]
00c14361					PS2: [0, 13, 29, 46, 63, 76, 94, 108, 112, 125, 126, 128]					MC: [0, 9, 17, 26, 34, 43, 51, 60, 68, 77, 85, 94, 102, 111, 119, 128]
00c14365					PS2: [0, 13, 30, 44, 62, 77, 95, 108, 110, 126, 127, 128]					MC: [0, 9, 17, 26, 34, 43, 51, 60, 68, 77, 85, 94, 102, 111, 119, 128]
00c14369					PS2: [0, 19, 32, 45, 63, 76, 95, 108, 113, 126, 128]					MC: [0, 9, 17, 26, 34, 43, 51, 60, 68, 77, 85, 94, 102, 111, 119, 128]
00c265ba					PS2: [0, 20, 34, 54, 69, 79, 93, 102, 105, 108, 115, 116, 118, 121, 125, 128]					MC: [0, 1, 2, 3, 4, 5, 6, 7, 8, 9, 10, 11, 12, 13, 14, 15, 16, 17, 18, 19, 20, 21, 22, 23, 24, 25, 26, 27, 28, 29, 30, 31, 32, 33, 34, 35, 36, 37, 38, 39, 40, 41, 42, 43, 44, 45, 46, 47, 48, 49, 50, 51, 52, 53, 54, 55, 56, 57, 58, 59, 60, 61, 62, 63, 64, 65, 66, 67, 68, 69, 70, 71, 72, 73, 74, 75, 76, 77, 78, 79, 80, 81, 82, 83, 84, 85, 86, 87, 88, 89, 90, 91, 92, 93, 94, 95, 96, 97, 98, 99, 100, 101, 102, 103, 104, 105, 106, 107, 108, 109, 110, 111, 112, 113, 114, 115, 116, 117, 118, 119, 120, 121, 122, 123, 124, 125, 126, 127, 128, 129, 130, 131]
00c2986e					PS2: [0, 9, 18, 25, 35, 47, 56, 69, 86, 92, 95, 104, 116, 128]					MC: [0, 1, 2, 3, 4, 5, 6, 7, 8, 11, 12, 14, 15, 16, 17, 18, 19, 21, 23, 27, 28, 32, 35, 36, 44, 55, 56, 57, 59, 60, 61, 62, 63, 64, 65, 67, 68, 76, 77, 78, 81, 83, 84, 85, 88, 89, 90, 92, 93, 94, 96, 99, 100, 105, 108, 109, 111, 112, 114, 115, 116, 117, 118, 120, 121, 122, 123, 124, 125, 126, 127, 128, 129, 130]
00c29ded					PS2: [0, 14, 33, 40, 53, 63, 70, 83, 91, 101, 107, 111, 115, 120, 124, 128]					MC: [0, 1, 2, 3, 4, 5, 6, 7, 8, 9, 10, 11, 12, 13, 14, 15, 16, 17, 18, 19, 20, 21, 22, 23, 24, 25, 26, 27, 28, 29, 31, 32, 33, 34, 35, 36, 37, 38, 39, 40, 41, 42, 43, 44, 45, 47, 48, 49, 50, 51, 52, 53, 54, 55, 56, 57, 58, 60, 62, 64, 65, 66, 67, 69, 70, 71, 72, 73, 74, 77, 78, 79, 81, 82, 83, 84, 85, 86, 87, 88, 89, 90, 93, 94, 95, 96, 97, 98, 100, 101, 102, 103, 104, 105, 106, 108, 109, 111, 112, 113, 114, 115, 116, 117, 118, 119, 120, 121, 122, 123, 124, 125, 126, 127, 128]
00c29e1d					PS2: [0, 39, 48, 54, 59, 63, 71, 79, 87, 94, 103, 107, 111, 120, 128]					MC: [0, 1, 2, 3, 4, 5, 6, 7, 8, 9, 10, 11, 12, 13, 14, 17, 18, 19, 20, 21, 22, 23, 24, 27, 29, 30, 31, 32, 33, 35, 36, 38, 39, 40, 41, 43, 44, 47, 49, 50, 51, 52, 53, 54, 55, 56, 58, 59, 60, 62, 63, 66, 67, 68, 70, 71, 72, 73, 74, 75, 77, 78, 79, 82, 83, 84, 85, 86, 87, 88, 89, 90, 91, 92, 93, 94, 95, 96, 97, 98, 99, 100, 101, 102, 103, 104, 105, 106, 107, 108, 109, 110, 111, 112, 113, 114, 115, 116, 117, 118, 119, 120, 121, 122, 123, 124, 125, 126, 127, 128]
00c29e25					PS2: [0, 10, 24, 35, 46, 59, 62, 63, 69, 78, 94, 101, 110, 116, 123, 128]					MC: [0, 1, 2, 3, 4, 5, 6, 7, 8, 9, 10, 11, 12, 13, 14, 16, 17, 19, 20, 22, 23, 24, 26, 27, 28, 29, 30, 31, 32, 33, 35, 36, 37, 38, 39, 40, 41, 45, 46, 48, 49, 50, 52, 54, 55, 57, 58, 59, 60, 62, 65, 66, 67, 68, 69, 70, 72, 73, 74, 75, 76, 77, 78, 79, 80, 81, 83, 84, 85, 86, 87, 88, 90, 91, 92, 94, 95, 96, 97, 98, 99, 100, 102, 103, 104, 105, 106, 107, 108, 109, 110, 111, 112, 113, 114, 115, 116, 117, 118, 119, 120, 121, 122, 123, 124, 125, 126, 127]
00c29e29					PS2: [0, 16, 29, 37, 48, 54, 62, 63, 67, 72, 79, 95, 103, 115, 120, 128]					MC: [0, 1, 2, 3, 4, 6, 7, 8, 9, 10, 11, 12, 13, 14, 16, 17, 19, 20, 22, 25, 26, 27, 28, 29, 30, 32, 33, 34, 36, 37, 39, 40, 41, 42, 44, 45, 47, 48, 50, 51, 55, 56, 58, 60, 63, 64, 65, 66, 68, 70, 75, 78, 80, 81, 82, 83, 85, 86, 87, 88, 89, 90, 91, 92, 97, 100, 101, 102, 103, 105, 109, 110, 111, 112, 113, 114, 115, 116, 117, 118, 119, 120, 121, 122, 123, 124, 125, 126, 127, 128]
00c36f59					PS2: [0, 6, 10, 19, 28, 37, 45, 54, 63, 73, 81, 90, 99, 108, 117, 126]					MC: [0, 9, 17, 26, 34, 43, 51, 60, 68, 77, 85, 94, 102, 111, 119, 124, 125, 126, 127, 128, 129, 130, 131]
00c37d79					PS2: [0, 5, 16, 27, 36, 43, 56, 67, 76, 85, 93, 100, 107, 114, 122, 126]					MC: [0, 8, 9, 10, 14, 15, 19, 20, 21, 25, 26, 27, 28, 32, 33, 35, 36, 39, 40, 42, 43, 47, 51, 52, 55, 58, 59, 63, 64, 67, 68, 71, 76, 77, 80, 81, 86, 87, 89, 90, 96, 97, 99, 100, 106, 107, 108, 109, 116, 117, 118, 127, 128]
00c4a381					PS2: [0, 3, 11, 18, 26, 32, 40, 49, 66, 80, 85, 94, 101, 110, 118, 128]					MC: [0, 9, 14, 15, 20, 21, 27, 28, 35, 36, 42, 43, 51, 52, 58, 59, 67, 68, 76, 77, 86, 87, 96, 97, 106, 107, 116, 117, 124, 125, 126, 127, 128, 129, 130, 131]
00c507d7					PS2: [0, 2, 7, 13, 21, 26, 32, 38, 45, 55, 64, 76, 88, 96, 108, 121]					MC: [0, 1, 2, 3, 4, 5, 6, 7, 8, 9, 10, 11, 12, 13, 14, 15, 16, 17, 18, 19, 20, 21, 22, 23, 24, 25, 26, 27, 28, 29, 30, 31, 32, 33, 34, 35, 36, 37, 38, 39, 40, 41, 42, 43, 44, 45, 46, 47, 48, 49, 50, 51, 52, 53, 54, 55, 56, 57, 58, 59, 60, 61, 62, 63, 64, 65, 66, 67, 68, 69, 70, 71, 72, 73, 74, 75, 76, 77, 78, 79, 80, 81, 82, 83, 84, 85, 86, 87, 88, 89, 90, 91, 92, 93, 94, 95, 96, 97, 98, 99, 100, 101, 102, 103, 104, 105, 106, 107, 108, 109, 110, 111, 112, 113, 114, 115, 116, 117, 118, 119, 120, 121]
00c60152					PS2: [0, 4, 6, 13, 22, 30, 38, 50, 60, 73, 84, 92, 103, 111, 118, 127]					MC: [0, 9, 14, 15, 20, 21, 27, 28, 35, 36, 42, 43, 51, 52, 58, 59, 67, 68, 76, 77, 86, 87, 96, 97, 106, 107, 116, 117, 127, 128]
00c7f919					PS2: [0, 1, 10, 19, 28, 37, 45, 54, 63, 72, 81, 90, 99, 108, 117, 126]					MC: [0, 9, 17, 26, 34, 43, 51, 60, 68, 77, 85, 94, 102, 111, 119, 128]
00c85887					PS2: [0, 25, 36, 56, 71, 92, 106, 126, 127, 128]					MC: [1, 2, 3, 4, 5, 6, 7, 8, 9, 10, 11, 12, 13, 14, 15, 16, 17, 18, 19, 20, 21, 22, 23, 24, 25, 26, 27, 28, 29, 30, 31, 32, 33, 34, 35, 36, 37, 38, 39, 40, 41, 42, 43, 44, 45, 46, 47, 48, 49, 50, 51, 52, 53, 54, 55, 56, 57, 58, 59, 60, 61, 62, 63, 64, 65, 66, 67, 68, 69, 70, 71, 72, 73, 74, 75, 76, 77, 78, 79, 80, 81, 82, 83, 84, 85, 86, 87, 88, 89, 90, 91, 92, 93, 94, 95, 96, 97, 98, 99, 100, 101, 102, 103, 104, 105, 106, 107, 108, 109, 110, 111, 112, 113, 114, 115, 116, 117, 118, 119, 120, 121, 122, 123, 124, 125, 126, 127, 128]
00c92bba					PS2: [0, 52, 128]					MC: [0, 51, 52, 53, 126, 127, 128]
00c99d29					PS2: [0, 10, 21, 29, 36, 47, 54, 60, 63, 69, 79, 95, 103, 115, 124, 128]					MC: [0, 1, 2, 3, 4, 5, 6, 7, 8, 9, 10, 11, 12, 13, 14, 15, 16, 17, 18, 21, 22, 23, 24, 25, 26, 28, 29, 30, 31, 32, 34, 35, 36, 37, 38, 39, 40, 41, 43, 44, 48, 49, 50, 52, 53, 54, 55, 56, 58, 59, 61, 62, 63, 64, 65, 69, 71, 73, 74, 75, 77, 78, 79, 80, 81, 82, 83, 84, 86, 87, 88, 89, 90, 91, 92, 93, 94, 95, 97, 99, 100, 101, 102, 103, 104, 106, 107, 108, 109, 110, 111, 112, 113, 114, 115, 116, 117, 118, 119, 120, 121, 122, 123, 124, 125, 126, 127]
00c99d2d					PS2: [0, 24, 39, 48, 55, 59, 60, 62, 63, 75, 87, 93, 95, 110, 119, 128]					MC: [0, 1, 2, 3, 4, 5, 6, 7, 8, 9, 10, 11, 12, 13, 15, 16, 17, 20, 22, 23, 24, 28, 29, 30, 31, 32, 33, 34, 36, 37, 39, 40, 45, 50, 51, 52, 54, 58, 59, 60, 64, 65, 68, 69, 75, 76, 77, 78, 79, 81, 82, 83, 85, 87, 88, 96, 97, 99, 100, 101, 108, 109, 110, 112, 113, 114, 116, 117, 118, 119, 122, 123, 124, 125, 126, 127]
00c99d31					PS2: [0, 18, 24, 33, 39, 48, 53, 59, 63, 72, 75, 88, 95, 105, 118, 128]					MC: [0, 1, 2, 3, 4, 5, 6, 7, 8, 9, 10, 11, 12, 13, 14, 15, 16, 17, 18, 19, 20, 22, 23, 24, 25, 26, 27, 28, 29, 30, 31, 32, 33, 34, 35, 36, 37, 38, 39, 40, 41, 42, 43, 44, 45, 46, 47, 48, 49, 52, 53, 54, 55, 56, 57, 58, 59, 60, 61, 62, 63, 64, 65, 66, 67, 68, 70, 71, 74, 75, 76, 78, 79, 80, 81, 83, 84, 85, 87, 88, 89, 90, 91, 92, 93, 94, 95, 96, 97, 98, 99, 100, 101, 102, 103, 104, 105, 107, 108, 109, 110, 111, 112, 113, 114, 115, 116, 117, 118, 119, 120, 121, 122, 123, 124, 125, 126, 127, 128]
00c99d35					PS2: [0, 12, 29, 34, 45, 55, 61, 63, 68, 80, 89, 95, 106, 114, 120, 127]					MC: [0, 1, 2, 3, 4, 5, 6, 7, 8, 9, 10, 11, 12, 13, 14, 15, 16, 17, 20, 21, 22, 23, 25, 26, 27, 28, 29, 30, 31, 32, 33, 34, 35, 36, 37, 38, 39, 40, 41, 42, 43, 44, 45, 46, 47, 48, 51, 53, 55, 56, 57, 58, 59, 60, 61, 62, 63, 64, 66, 67, 69, 70, 71, 73, 74, 75, 76, 77, 78, 80, 81, 82, 83, 84, 85, 86, 87, 88, 89, 90, 91, 93, 94, 95, 96, 97, 98, 99, 100, 101, 103, 104, 105, 106, 107, 108, 109, 110, 111, 112, 113, 114, 115, 116, 117, 118, 119, 120, 121, 122, 123, 124, 125, 126, 127, 128]
00c99d39					PS2: [0, 10, 17, 29, 48, 54, 59, 63, 70, 79, 87, 95, 104, 111, 120, 128]					MC: [0, 1, 2, 3, 4, 5, 6, 7, 8, 9, 10, 11, 12, 13, 15, 16, 17, 18, 19, 20, 21, 22, 24, 25, 27, 29, 30, 31, 32, 33, 34, 36, 37, 38, 40, 41, 42, 43, 48, 49, 52, 53, 54, 55, 57, 58, 59, 60, 62, 63, 64, 66, 67, 68, 69, 70, 71, 75, 76, 80, 81, 82, 83, 86, 87, 88, 89, 90, 92, 93, 94, 95, 96, 98, 99, 100, 101, 102, 104, 105, 106, 107, 108, 109, 110, 111, 112, 113, 114, 115, 116, 117, 118, 119, 120, 121, 122, 123, 124, 125, 126, 127, 128]
00c99d3d					PS2: [0, 17, 29, 44, 48, 54, 59, 63, 71, 77, 95, 102, 111, 116, 124, 128]					MC: [0, 1, 2, 3, 4, 5, 6, 7, 8, 9, 10, 11, 12, 13, 14, 15, 16, 17, 18, 19, 20, 21, 22, 23, 24, 25, 26, 27, 28, 29, 30, 31, 32, 33, 34, 35, 36, 37, 38, 39, 40, 41, 44, 46, 47, 48, 49, 50, 51, 52, 53, 54, 55, 56, 58, 59, 60, 61, 62, 63, 64, 65, 66, 67, 68, 69, 70, 71, 72, 73, 74, 76, 79, 80, 81, 82, 83, 84, 85, 86, 87, 88, 89, 90, 91, 92, 93, 94, 95, 96, 98, 99, 100, 101, 103, 104, 105, 106, 107, 108, 109, 110, 111, 112, 113, 114, 115, 116, 117, 118, 119, 120, 121, 122, 123, 124, 125, 126, 127]
00c99d41					PS2: [0, 14, 24, 36, 48, 59, 62, 63, 67, 77, 85, 97, 105, 111, 118, 126]					MC: [0, 1, 2, 3, 4, 5, 6, 7, 8, 9, 10, 11, 12, 13, 14, 15, 16, 18, 19, 20, 21, 22, 23, 24, 25, 26, 27, 28, 29, 30, 31, 32, 33, 35, 36, 37, 38, 39, 40, 41, 42, 44, 45, 48, 49, 51, 53, 54, 55, 56, 57, 58, 59, 61, 62, 64, 65, 66, 67, 68, 70, 71, 73, 75, 76, 77, 78, 80, 81, 82, 83, 84, 85, 86, 87, 88, 91, 92, 93, 94, 95, 96, 98, 100, 101, 102, 103, 104, 105, 106, 107, 108, 109, 110, 111, 112, 113, 114, 115, 116, 117, 118, 119, 120, 121, 122, 123, 124, 125, 126, 127, 128]
00c99d4d					PS2: [0, 15, 28, 34, 45, 53, 59, 64, 72, 81, 87, 94, 101, 114, 122, 128]					MC: [0, 1, 2, 3, 4, 5, 6, 7, 8, 9, 10, 11, 12, 13, 14, 15, 16, 17, 18, 19, 20, 21, 23, 24, 25, 26, 27, 28, 29, 31, 32, 33, 34, 35, 36, 37, 38, 39, 40, 41, 42, 46, 47, 48, 50, 51, 52, 53, 54, 55, 57, 59, 60, 61, 63, 64, 65, 66, 67, 68, 69, 70, 72, 73, 74, 76, 77, 78, 79, 80, 81, 82, 83, 84, 85, 86, 87, 88, 89, 90, 91, 92, 93, 95, 96, 97, 98, 100, 101, 102, 103, 104, 105, 106, 108, 109, 110, 111, 112, 113, 114, 115, 116, 117, 118, 119, 120, 121, 122, 123, 124, 125, 126, 127, 128]
00c99ded					PS2: [0, 15, 24, 29, 35, 44, 59, 63, 68, 77, 83, 92, 101, 109, 121, 128]					MC: [0, 1, 2, 3, 4, 5, 6, 7, 8, 9, 10, 11, 12, 13, 14, 15, 16, 18, 19, 20, 21, 22, 23, 24, 25, 26, 27, 28, 31, 33, 34, 35, 36, 37, 38, 39, 40, 41, 42, 43, 49, 52, 56, 57, 58, 61, 62, 63, 64, 65, 66, 67, 68, 69, 71, 73, 74, 76, 78, 79, 80, 81, 82, 83, 84, 85, 86, 87, 88, 92, 93, 94, 97, 98, 99, 100, 101, 103, 104, 105, 106, 107, 108, 110, 111, 112, 113, 114, 115, 116, 117, 118, 119, 120, 121, 122, 123, 124, 125, 126, 127]
00c99df5					PS2: [0, 18, 24, 31, 48, 57, 61, 63, 69, 78, 81, 85, 95, 109, 115, 126]					MC: [0, 1, 2, 3, 4, 5, 6, 7, 8, 9, 10, 11, 12, 13, 14, 16, 17, 18, 19, 20, 21, 22, 23, 24, 25, 27, 28, 29, 30, 33, 34, 36, 37, 38, 39, 40, 41, 42, 43, 45, 46, 47, 48, 50, 52, 55, 59, 60, 61, 62, 63, 64, 66, 67, 68, 69, 71, 72, 73, 74, 75, 76, 77, 78, 80, 81, 82, 85, 86, 87, 88, 89, 90, 91, 92, 93, 94, 95, 97, 99, 101, 103, 104, 105, 106, 107, 109, 110, 111, 112, 113, 114, 115, 116, 117, 118, 119, 120, 121, 122, 123, 124, 125, 126]
00c99dfd					PS2: [0, 18, 24, 29, 36, 48, 56, 63, 71, 76, 88, 95, 105, 111, 119, 127]					MC: [0, 1, 2, 3, 4, 5, 6, 7, 8, 9, 10, 11, 12, 13, 14, 15, 17, 18, 19, 21, 22, 23, 25, 26, 27, 28, 29, 30, 31, 32, 33, 34, 35, 36, 37, 38, 39, 40, 42, 43, 44, 48, 50, 53, 56, 57, 58, 59, 60, 61, 62, 63, 64, 65, 66, 67, 68, 69, 70, 71, 75, 76, 79, 81, 83, 84, 85, 86, 87, 88, 91, 93, 94, 95, 97, 99, 101, 102, 103, 104, 105, 106, 107, 109, 110, 112, 113, 114, 115, 116, 117, 118, 119, 120, 121, 122, 123, 124, 125, 126, 127, 128]
00c99e05					PS2: [0, 10, 29, 39, 48, 62, 63, 69, 75, 79, 95, 102, 112, 120, 124, 128]					MC: [0, 1, 2, 3, 4, 5, 6, 7, 8, 9, 10, 11, 12, 13, 14, 15, 16, 18, 19, 20, 21, 23, 24, 25, 27, 28, 29, 31, 32, 33, 34, 35, 36, 37, 38, 39, 40, 41, 42, 43, 44, 45, 46, 47, 49, 50, 53, 54, 56, 57, 58, 60, 61, 62, 63, 67, 68, 69, 70, 72, 74, 75, 76, 77, 78, 79, 80, 81, 82, 83, 84, 85, 86, 87, 88, 89, 90, 91, 92, 93, 95, 96, 97, 98, 99, 100, 102, 103, 104, 105, 107, 109, 110, 111, 112, 113, 114, 115, 116, 117, 118, 119, 120, 121, 122, 123, 124, 125, 126, 127, 128]
00c99e0d					PS2: [0, 29, 63, 75, 79, 112, 128]					MC: [0, 1, 2, 3, 4, 5, 7, 8, 10, 14, 15, 17, 19, 21, 22, 31, 37, 38, 41, 45, 55, 58, 59, 62, 69, 76, 83, 92, 93, 98, 99, 100, 111, 112, 119, 120, 121]
00c99e15					PS2: [0, 21, 29, 48, 56, 61, 63, 67, 68, 77, 79, 95, 105, 115, 124, 128]					MC: [0, 1, 2, 3, 4, 5, 6, 7, 8, 9, 10, 11, 12, 13, 14, 15, 16, 17, 18, 19, 20, 21, 22, 26, 27, 28, 29, 30, 31, 32, 33, 34, 35, 36, 37, 38, 39, 40, 41, 44, 45, 47, 49, 50, 52, 53, 54, 55, 56, 58, 59, 61, 62, 66, 67, 68, 69, 70, 72, 74, 76, 78, 79, 80, 82, 83, 85, 86, 87, 88, 89, 91, 92, 93, 95, 96, 97, 98, 99, 100, 101, 102, 103, 104, 105, 107, 108, 110, 111, 112, 113, 114, 115, 116, 117, 118, 119, 120, 121, 122, 123, 124, 125, 126, 127, 128]
00c99e19					PS2: [0, 48, 59, 60, 93, 110, 111]					MC: [0, 1, 2, 3, 4, 5, 7, 8, 10, 15, 19, 21, 22, 31, 38, 41, 55, 59, 69, 83, 92, 99, 100, 111, 120, 121]
00c99e21					PS2: [0, 24, 29, 47, 51, 63, 67, 71, 75, 79, 90, 95, 99, 103, 124, 128]					MC: [0, 1, 2, 3, 4, 5, 6, 7, 8, 9, 10, 11, 13, 14, 15, 17, 18, 19, 21, 22, 23, 25, 26, 29, 30, 31, 32, 33, 34, 35, 37, 38, 39, 40, 41, 43, 44, 46, 48, 49, 53, 54, 55, 58, 59, 60, 63, 64, 66, 69, 70, 71, 72, 73, 75, 80, 82, 83, 84, 85, 86, 87, 88, 89, 90, 91, 92, 95, 96, 97, 98, 99, 100, 104, 105, 106, 107, 108, 109, 110, 111, 112, 113, 114, 115, 117, 118, 119, 120, 121, 122, 123, 124, 125, 126, 127]
00c99e29					PS2: [0, 5, 15, 18, 32, 59, 63, 67, 75, 80, 95, 111, 115, 119, 123, 128]					MC: [0, 1, 2, 3, 4, 5, 6, 7, 8, 9, 10, 11, 12, 13, 14, 15, 16, 17, 18, 19, 20, 21, 22, 23, 24, 25, 26, 27, 28, 29, 30, 31, 32, 33, 35, 37, 38, 40, 41, 43, 44, 46, 47, 49, 50, 51, 52, 53, 55, 56, 57, 58, 60, 62, 63, 64, 67, 68, 69, 70, 71, 72, 75, 81, 83, 84, 85, 86, 87, 88, 89, 90, 91, 92, 94, 95, 97, 98, 101, 102, 103, 104, 105, 106, 107, 108, 109, 110, 111, 112, 113, 114, 115, 116, 117, 118, 119, 120, 121, 122, 123, 124, 125, 126, 127]
00c99e31					PS2: [0, 10, 24, 29, 44, 62, 63, 67, 75, 79, 91, 115, 120, 128]					MC: [0, 1, 2, 3, 4, 5, 6, 7, 8, 9, 10, 13, 14, 15, 17, 20, 21, 22, 24, 26, 28, 29, 30, 32, 33, 37, 38, 39, 40, 43, 44, 46, 47, 57, 58, 61, 63, 68, 69, 70, 71, 73, 75, 79, 82, 83, 84, 85, 86, 88, 91, 92, 94, 95, 98, 100, 105, 106, 107, 109, 111, 112, 113, 115, 116, 118, 119, 120, 121, 122, 123, 124, 125, 126, 127]
00c99e35					PS2: [0, 11, 18, 24, 30, 44, 59, 61, 64, 75, 79, 91, 102, 110, 120, 126]					MC: [0, 1, 2, 3, 4, 5, 6, 7, 8, 9, 10, 11, 12, 14, 15, 16, 17, 18, 19, 20, 21, 22, 23, 24, 25, 26, 27, 28, 30, 31, 32, 33, 35, 36, 37, 38, 39, 40, 41, 42, 43, 47, 49, 50, 52, 56, 57, 58, 59, 61, 62, 63, 64, 67, 70, 71, 72, 73, 74, 75, 78, 79, 82, 83, 84, 85, 86, 87, 88, 91, 92, 93, 94, 95, 96, 97, 98, 99, 100, 101, 102, 103, 104, 105, 106, 107, 108, 109, 110, 111, 112, 113, 114, 115, 116, 117, 118, 119, 120, 121, 122, 123, 124, 125, 126, 127]
00c99e39					PS2: [0, 10, 17, 29, 35, 44, 62, 63, 67, 71, 79, 83, 91, 120, 128]					MC: [0, 1, 2, 3, 4, 5, 6, 7, 8, 9, 10, 11, 12, 13, 14, 15, 17, 18, 19, 20, 22, 23, 26, 27, 28, 29, 31, 32, 33, 34, 37, 38, 39, 42, 43, 44, 46, 47, 49, 51, 52, 57, 63, 64, 65, 66, 67, 68, 69, 71, 72, 73, 80, 82, 83, 84, 85, 86, 87, 90, 91, 92, 93, 94, 97, 98, 99, 100, 101, 102, 105, 106, 107, 110, 112, 113, 117, 118, 119, 120, 121, 122, 123, 124, 125, 126, 127, 128]
00c99e3d					PS2: [0, 10, 18, 24, 29, 48, 59, 63, 67, 71, 75, 80, 95, 108, 123, 128]					MC: [0, 1, 2, 3, 5, 6, 7, 8, 9, 10, 13, 19, 20, 21, 22, 23, 27, 28, 29, 30, 31, 32, 33, 34, 36, 37, 38, 39, 40, 41, 44, 48, 49, 51, 54, 55, 58, 59, 60, 61, 62, 63, 64, 66, 68, 69, 70, 71, 73, 74, 75, 76, 77, 80, 81, 82, 83, 84, 85, 86, 87, 88, 89, 90, 91, 92, 96, 98, 99, 100, 102, 103, 105, 106, 107, 108, 109, 110, 111, 113, 114, 115, 116, 117, 118, 119, 120, 121, 122, 123, 124, 125, 126, 127, 128]
00c99e45					PS2: [0, 10, 22, 29, 37, 46, 55, 62, 69, 77, 85, 96, 107, 111, 114, 126]					MC: [0, 1, 2, 3, 4, 5, 6, 7, 8, 9, 10, 11, 12, 13, 14, 15, 16, 17, 18, 19, 20, 21, 22, 23, 24, 25, 26, 27, 28, 29, 30, 31, 32, 34, 35, 36, 37, 38, 39, 40, 43, 44, 45, 47, 48, 49, 50, 52, 53, 54, 56, 57, 59, 60, 61, 62, 63, 65, 66, 67, 68, 70, 71, 72, 73, 75, 76, 77, 78, 79, 81, 82, 83, 84, 85, 86, 87, 88, 89, 90, 91, 92, 93, 95, 96, 97, 98, 99, 100, 101, 102, 104, 105, 106, 107, 108, 109, 110, 111, 112, 113, 114, 115, 116, 117, 118, 119, 120, 121, 122, 123, 124, 125, 126, 127, 128]
00ca8477					PS2: [0, 12, 31, 57, 92, 100, 106, 128]					MC: [0, 8, 16, 24, 32, 40, 48, 56, 64, 72, 80, 88, 96, 104, 112, 120, 128]
00caaff4					PS2: [0, 66, 102, 128]					MC: [0, 64, 65, 66, 101, 102, 126, 127, 128]
00cabedc					PS2: [0, 21, 35, 54, 69, 80, 94, 102, 105, 107, 108, 114, 118, 122, 125, 128]					MC: [0, 1, 2, 3, 4, 5, 6, 7, 8, 9, 10, 11, 12, 13, 14, 15, 16, 17, 18, 19, 20, 21, 22, 23, 24, 25, 26, 27, 28, 29, 30, 31, 32, 33, 34, 35, 36, 37, 38, 39, 40, 41, 42, 43, 44, 45, 46, 47, 48, 49, 50, 51, 52, 53, 54, 55, 56, 57, 58, 59, 60, 61, 62, 63, 64, 65, 66, 67, 68, 69, 70, 71, 72, 73, 74, 75, 76, 77, 78, 79, 80, 81, 82, 83, 84, 85, 86, 87, 88, 89, 90, 91, 92, 93, 94, 95, 96, 97, 98, 99, 100, 101, 102, 103, 104, 105, 106, 107, 108, 109, 110, 111, 112, 113, 114, 115, 116, 117, 118, 119, 120, 121, 122, 123, 124, 125, 126, 127, 128, 129, 130]
00cb96f1					PS2: [0, 9, 18, 25, 35, 36, 46, 86, 92, 104, 118, 128]					MC: [0, 3, 5, 6, 9, 12, 18, 21, 22, 27, 30, 32, 37, 45, 48, 49, 50, 58, 59, 65, 70, 76, 78, 80, 89, 92, 102, 105, 106, 109, 113, 118, 119, 124, 125, 127, 128, 129, 130]
00cbaff4					PS2: [0, 65, 66, 103, 128]					MC: [0, 64, 65, 66, 102, 103, 126, 127, 128]
00cbee11					PS2: [0, 1, 2, 3, 4, 5, 6, 8, 10, 11, 18, 19, 21, 22, 25, 26, 32, 33, 40, 41, 48, 49, 55, 56, 59, 63, 65, 66, 71, 76, 77, 79, 87, 88, 95, 96, 97, 101, 102, 103, 108, 109, 111, 112, 113, 115, 119, 120, 121, 128]					MC: [0, 1, 2, 3, 4, 5, 6, 7, 8, 9, 10, 11, 12, 13, 14, 15, 16, 17, 18, 19, 20, 21, 22, 23, 24, 25, 26, 27, 28, 29, 30, 31, 32, 33, 34, 35, 36, 38, 39, 40, 41, 44, 45, 46, 47, 48, 49, 50, 51, 52, 53, 54, 55, 56, 57, 58, 59, 61, 62, 63, 64, 65, 66, 67, 69, 70, 71, 72, 73, 74, 75, 76, 77, 78, 79, 80, 81, 82, 83, 84, 85, 87, 88, 89, 90, 91, 92, 94, 95, 96, 97, 98, 99, 100, 102, 103, 106, 107, 108, 109, 111, 113, 115, 116, 117, 118, 119, 120, 121, 122, 123, 124, 125, 126, 127, 128, 129, 130]
00cbee11_27d296ce65414177044e0f3611c12911					PS2: [0, 14, 27, 33, 39, 45, 55, 64, 76, 85, 93, 101, 107, 116, 123, 128]					MC: [0, 8, 9, 10, 14, 15, 19, 20, 21, 23, 24, 25, 26, 27, 31, 32, 33, 34, 35, 38, 39, 40, 41, 42, 44, 46, 47, 51, 54, 55, 56, 59, 62, 63, 64, 69, 70, 71, 72, 73, 74, 79, 80, 81, 87, 88, 89, 90, 91, 96, 97, 98, 99, 104, 106, 107, 108, 110, 114, 115, 116, 118, 121, 123, 125, 126, 127, 128, 129, 130, 131]
00cbee11_58c763b0683aea3090309f6381b73880					PS2: [0, 10, 25, 34, 38, 45, 55, 65, 77, 86, 94, 101, 108, 117, 123, 128]					MC: [0, 7, 8, 9, 10, 13, 14, 15, 16, 19, 20, 21, 23, 24, 25, 26, 27, 28, 31, 32, 33, 34, 35, 38, 39, 40, 41, 42, 45, 46, 47, 48, 53, 54, 55, 56, 57, 62, 63, 64, 65, 69, 70, 71, 72, 73, 74, 78, 79, 80, 81, 87, 88, 89, 90, 91, 92, 95, 96, 97, 98, 99, 100, 101, 105, 106, 107, 108, 109, 110, 117, 118, 124, 125, 126, 127, 128, 129, 130]
00cc6191					PS2: [0, 13, 19, 28, 36, 45, 53, 59, 66, 76, 85, 94, 102, 110, 118, 128]					MC: [0, 8, 9, 14, 15, 19, 20, 25, 26, 30, 31, 32, 33, 37, 38, 39, 40, 44, 45, 46, 47, 49, 50, 51, 52, 55, 56, 57, 58, 59, 63, 64, 66, 67, 68, 70, 71, 72, 74, 75, 76, 77, 78, 79, 80, 81, 82, 83, 84, 85, 86, 87, 88, 89, 90, 91, 92, 94, 95, 96, 97, 98, 99, 100, 101, 102, 103, 104, 105, 106, 107, 108, 109, 110, 111, 112, 113, 114, 115, 116, 117, 118, 119, 120, 121, 122, 123, 124, 125, 126, 127, 128]
00ccc2b8					PS2: [0, 9, 18, 26, 33, 45, 54, 63, 73, 81, 88, 94, 101, 109, 119, 128]					MC: [0, 9, 10, 14, 15, 20, 21, 27, 28, 35, 36, 42, 43, 51, 52, 58, 59, 67, 68, 76, 77, 86, 87, 96, 97, 106, 107, 116, 117, 127, 128]
00cd4028					PS2: [0, 103, 128]					MC: [0, 102, 103, 126, 127]
00ce2c52					PS2: [0, 20, 31, 44, 66, 79, 93, 101, 107, 108, 111, 116, 118, 122, 125, 128]					MC: [0, 1, 2, 3, 4, 5, 6, 7, 8, 9, 10, 11, 12, 13, 14, 15, 16, 17, 18, 19, 20, 21, 22, 23, 24, 25, 26, 27, 28, 29, 30, 31, 32, 33, 34, 35, 36, 37, 38, 39, 40, 41, 42, 43, 44, 45, 46, 47, 48, 49, 50, 51, 52, 53, 54, 55, 56, 57, 58, 59, 60, 61, 62, 63, 64, 65, 66, 67, 68, 69, 70, 71, 72, 73, 74, 75, 76, 77, 78, 79, 80, 81, 82, 83, 84, 85, 86, 87, 88, 89, 90, 91, 92, 93, 94, 95, 96, 97, 98, 99, 100, 101, 102, 103, 104, 105, 106, 107, 108, 109, 110, 111, 112, 113, 114, 115, 116, 117, 118, 119, 120, 121, 122, 123, 124, 125, 126, 127]
00ce72ae					PS2: [0, 4, 12, 23, 31, 38, 45, 57, 68, 78, 89, 97, 104, 113, 121, 128]					MC: [0, 1, 2, 3, 4, 5, 9, 10, 11, 12, 13, 18, 19, 20, 22, 23, 24, 25, 26, 27, 28, 30, 31, 32, 34, 35, 36, 37, 38, 39, 41, 42, 43, 44, 45, 46, 47, 48, 49, 50, 55, 56, 57, 58, 65, 66, 67, 68, 69, 76, 77, 78, 79, 88, 89, 90, 91, 92, 96, 97, 98, 100, 101, 102, 103, 104, 105, 112, 113, 114, 115, 116, 119, 120, 121, 122, 126, 127, 128, 129, 130]
00ce72af					PS2: [0, 8, 15, 24, 33, 40, 46, 55, 64, 70, 80, 93, 104, 114, 120, 128]					MC: [0, 7, 8, 9, 14, 15, 16, 23, 24, 25, 32, 33, 34, 39, 40, 41, 45, 46, 47, 54, 55, 56, 63, 64, 65, 69, 70, 71, 79, 80, 81, 92, 93, 94, 103, 104, 105, 113, 114, 115, 119, 120, 121, 127, 128, 129]
00ce72b2					PS2: [0, 4, 10, 17, 23, 29, 36, 46, 55, 67, 80, 90, 99, 110, 120, 128]					MC: [0, 3, 4, 5, 9, 10, 11, 16, 17, 18, 22, 23, 24, 28, 29, 30, 35, 36, 37, 45, 46, 47, 54, 55, 56, 66, 67, 68, 79, 80, 81, 89, 90, 91, 98, 99, 100, 109, 110, 111, 119, 120, 121, 127, 128, 129]
00cf72ae					PS2: [0, 6, 12, 21, 30, 39, 48, 57, 68, 77, 85, 95, 105, 114, 122, 128]					MC: [0, 4, 5, 6, 7, 11, 12, 13, 20, 21, 22, 29, 30, 31, 38, 39, 40, 47, 48, 49, 55, 56, 57, 58, 67, 68, 69, 73, 76, 77, 78, 84, 85, 86, 90, 94, 95, 96, 100, 104, 105, 106, 113, 114, 115, 116, 121, 122, 123, 127, 128, 129]
00cf72af					PS2: [0, 6, 11, 20, 29, 38, 45, 54, 66, 74, 81, 89, 96, 104, 115, 128]					MC: [0, 1, 2, 3, 4, 5, 6, 7, 8, 10, 11, 12, 13, 14, 15, 16, 17, 18, 19, 20, 21, 22, 23, 24, 25, 26, 27, 28, 29, 30, 31, 32, 33, 34, 35, 36, 37, 38, 39, 40, 41, 42, 43, 44, 45, 46, 47, 48, 49, 51, 52, 53, 54, 55, 56, 57, 58, 59, 60, 61, 65, 66, 67, 68, 69, 70, 72, 73, 74, 75, 76, 77, 78, 79, 80, 81, 82, 83, 84, 85, 86, 87, 88, 89, 90, 91, 92, 93, 94, 95, 96, 97, 98, 99, 100, 101, 102, 103, 104, 105, 106, 107, 108, 109, 110, 111, 112, 113, 114, 115, 116, 117, 118, 119, 120, 121, 122, 123, 124, 125, 126, 127, 128, 129, 130, 131]
00cf72b2					PS2: [0, 4, 11, 16, 24, 31, 39, 50, 58, 70, 80, 90, 101, 109, 117, 128]					MC: [0, 1, 2, 3, 4, 5, 6, 7, 8, 10, 11, 12, 13, 14, 15, 16, 17, 18, 19, 20, 21, 22, 23, 24, 25, 26, 27, 28, 29, 30, 31, 32, 33, 34, 35, 36, 37, 38, 39, 40, 41, 42, 43, 44, 46, 47, 48, 49, 50, 51, 52, 53, 54, 56, 57, 58, 59, 60, 62, 63, 66, 67, 68, 69, 70, 71, 73, 74, 75, 76, 77, 78, 79, 80, 81, 82, 83, 84, 85, 86, 88, 89, 90, 91, 92, 93, 94, 95, 96, 97, 98, 100, 101, 102, 103, 104, 105, 106, 107, 108, 109, 110, 111, 112, 113, 114, 115, 116, 117, 118, 119, 120, 121, 122, 123, 124, 125, 126, 127, 128, 129, 130]
00d072ae					PS2: [0, 7, 16, 22, 30, 37, 44, 51, 58, 68, 80, 92, 102, 114, 122, 128]					MC: [0, 2, 3, 4, 5, 6, 7, 8, 10, 12, 13, 14, 15, 16, 17, 18, 19, 21, 22, 23, 24, 25, 26, 29, 30, 31, 32, 33, 34, 36, 37, 38, 39, 40, 42, 43, 44, 45, 46, 47, 48, 49, 50, 51, 52, 56, 57, 58, 59, 60, 62, 66, 67, 68, 69, 70, 71, 73, 74, 75, 76, 77, 78, 79, 80, 81, 82, 83, 84, 85, 90, 91, 92, 93, 94, 95, 96, 97, 99, 100, 101, 102, 103, 104, 105, 106, 107, 108, 110, 111, 112, 113, 114, 115, 117, 118, 119, 120, 121, 122, 123, 124, 125, 126, 127, 128, 129]
00d072af					PS2: [0, 3, 12, 22, 32, 40, 49, 59, 69, 79, 88, 96, 103, 110, 119, 128]					MC: [0, 2, 3, 4, 11, 12, 13, 21, 22, 23, 31, 32, 33, 39, 40, 41, 48, 49, 50, 58, 59, 60, 68, 69, 70, 78, 79, 80, 87, 88, 89, 95, 96, 97, 102, 103, 104, 109, 110, 111, 118, 119, 120, 127, 128, 129]
00d072b2					PS2: [0, 6, 15, 24, 33, 44, 51, 58, 64, 70, 77, 84, 93, 103, 115, 128]					MC: [0, 4, 5, 6, 7, 14, 15, 16, 23, 24, 25, 32, 33, 34, 43, 44, 45, 50, 51, 52, 57, 58, 59, 63, 64, 65, 69, 70, 71, 76, 77, 78, 83, 84, 85, 92, 93, 94, 102, 103, 104, 114, 115, 116, 127, 128, 129]
00d13ca9					PS2: [0, 4, 19, 20, 34, 41, 48, 60, 67, 80, 93, 101, 107, 124, 127]					MC: [0, 9, 17, 26, 34, 43, 51, 60, 68, 77, 85, 94, 102, 111, 119, 128]
00d172ae					PS2: [0, 4, 12, 22, 34, 42, 49, 58, 66, 75, 85, 92, 100, 112, 122, 128]					MC: [0, 3, 4, 5, 11, 12, 13, 21, 22, 23, 33, 34, 35, 41, 42, 43, 48, 49, 50, 57, 58, 59, 65, 66, 67, 74, 75, 76, 84, 85, 86, 91, 92, 93, 99, 100, 101, 111, 112, 113, 121, 122, 123, 127, 128, 129]
00d172af					PS2: [0, 4, 12, 18, 26, 34, 43, 53, 64, 74, 82, 89, 98, 108, 119, 128]					MC: [0, 3, 4, 5, 11, 12, 13, 17, 18, 19, 25, 26, 27, 33, 34, 35, 42, 43, 44, 52, 53, 54, 63, 64, 65, 73, 74, 75, 81, 82, 83, 88, 89, 90, 97, 98, 99, 107, 108, 109, 118, 119, 120, 127, 128, 129]
00d172b2					PS2: [0, 8, 14, 23, 33, 42, 50, 56, 63, 70, 78, 90, 101, 110, 119, 128]					MC: [0, 7, 8, 9, 13, 14, 15, 22, 23, 24, 32, 33, 34, 41, 42, 43, 49, 50, 51, 55, 56, 57, 62, 63, 64, 69, 70, 71, 77, 78, 79, 89, 90, 91, 100, 101, 102, 109, 110, 111, 118, 119, 120, 127, 128, 129]
00d2e245					PS2: [0, 15, 30, 43, 56, 75, 93, 107, 119, 126, 127, 128]					MC: [0, 8, 16, 25, 33, 41, 49, 58, 65, 73, 82, 90, 98, 106, 115, 123, 131]
00d44f16					PS2: [0, 12, 19, 27, 34, 35, 42, 43, 50, 51, 59, 67, 75, 76, 84, 92, 93, 101, 110, 118, 119, 128]					MC: [0, 1, 2, 3, 4, 5, 6, 7, 8, 9, 10, 11, 12, 13, 14, 15, 16, 17, 18, 19, 20, 21, 22, 23, 24, 25, 26, 27, 28, 29, 30, 31, 32, 33, 34, 35, 36, 37, 38, 39, 40, 41, 42, 43, 44, 45, 46, 47, 48, 49, 50, 51, 52, 53, 54, 55, 56, 57, 58, 59, 60, 61, 62, 63, 64, 65, 66, 67, 68, 69, 70, 71, 72, 73, 74, 75, 76, 77, 78, 79, 80, 81, 82, 83, 84, 85, 86, 87, 88, 89, 90, 91, 92, 93, 94, 95, 96, 97, 98, 99, 100, 101, 102, 103, 104, 105, 106, 107, 108, 109, 110, 111, 112, 113, 114, 115, 116, 117, 118, 119, 120, 121, 122, 123, 124, 125, 126, 127, 128]
00d46476					PS2: [0, 7, 16, 27, 40, 49, 58, 67, 78, 88, 97, 104, 110, 117, 122, 128]					MC: [0, 9, 10, 14, 15, 20, 21, 27, 28, 35, 36, 42, 43, 51, 52, 58, 59, 67, 68, 76, 77, 86, 87, 96, 97, 106, 107, 116, 117, 127, 128]
00d54e27					PS2: [0, 3, 11, 19, 26, 35, 45, 56, 64, 72, 83, 95, 103, 111, 119, 126]					MC: [0, 9, 17, 26, 34, 43, 51, 60, 68, 77, 85, 94, 102, 111, 119, 128]
00d54e2b					PS2: [0, 3, 11, 19, 26, 35, 45, 56, 64, 72, 83, 95, 103, 111, 119, 126]					MC: [0, 9, 17, 26, 34, 43, 51, 60, 68, 77, 85, 94, 102, 111, 119, 128]
00d54e2e					PS2: [0, 4, 12, 21, 29, 36, 43, 52, 62, 72, 79, 89, 98, 107, 115, 124]					MC: [0, 9, 17, 26, 34, 43, 51, 60, 68, 77, 85, 94, 102, 111, 119, 128]
00d54e2f					PS2: [0, 7, 13, 19, 26, 33, 42, 53, 64, 73, 79, 87, 95, 107, 115, 125]					MC: [0, 9, 17, 26, 34, 43, 51, 60, 68, 77, 85, 94, 102, 111, 119, 128]
00d54e32					PS2: [0, 5, 15, 23, 29, 36, 46, 57, 67, 73, 82, 91, 99, 109, 118, 126]					MC: [0, 9, 17, 26, 34, 43, 51, 60, 68, 77, 85, 94, 102, 111, 119, 128]
00d54f16					PS2: [0, 12, 19, 27, 34, 35, 42, 43, 50, 51, 59, 67, 75, 76, 84, 92, 93, 101, 110, 118, 119, 128]					MC: [0, 1, 2, 3, 4, 5, 6, 7, 8, 9, 10, 11, 12, 13, 14, 15, 16, 17, 18, 19, 20, 21, 22, 23, 24, 25, 26, 27, 28, 29, 30, 31, 32, 33, 34, 35, 36, 37, 38, 39, 40, 41, 42, 43, 44, 45, 46, 47, 48, 49, 50, 51, 52, 53, 54, 55, 56, 57, 58, 59, 60, 61, 62, 63, 64, 65, 66, 67, 68, 69, 70, 71, 72, 73, 74, 75, 76, 77, 78, 79, 80, 81, 82, 83, 84, 85, 86, 87, 88, 89, 90, 91, 92, 93, 94, 95, 96, 97, 98, 99, 100, 101, 102, 103, 104, 105, 106, 107, 108, 109, 110, 111, 112, 113, 114, 115, 116, 117, 118, 119, 120, 121, 122, 123, 124, 125, 126, 127, 128]
00d64f16					PS2: [0, 12, 19, 27, 34, 35, 42, 43, 50, 51, 59, 67, 75, 76, 84, 92, 93, 101, 110, 118, 119, 128]					MC: [0, 1, 2, 3, 4, 5, 6, 7, 8, 9, 10, 11, 12, 13, 14, 15, 16, 17, 18, 19, 20, 21, 22, 23, 24, 25, 26, 27, 28, 29, 30, 31, 32, 33, 34, 35, 36, 37, 38, 39, 40, 41, 42, 43, 44, 45, 46, 47, 48, 49, 50, 51, 52, 53, 54, 55, 56, 57, 58, 59, 60, 61, 62, 63, 64, 65, 66, 67, 68, 69, 70, 71, 72, 73, 74, 75, 76, 77, 78, 79, 80, 81, 82, 83, 84, 85, 86, 87, 88, 89, 90, 91, 92, 93, 94, 95, 96, 97, 98, 99, 100, 101, 102, 103, 104, 105, 106, 107, 108, 109, 110, 111, 112, 113, 114, 115, 116, 117, 118, 119, 120, 121, 122, 123, 124, 125, 126, 127, 128]
00d6e19b					PS2: [0, 15, 30, 43, 57, 83, 96, 107, 120, 126, 127, 128]					MC: [0, 9, 17, 26, 34, 43, 51, 60, 68, 77, 85, 94, 102, 111, 119, 128]
00d74f16					PS2: [0, 12, 19, 27, 34, 35, 42, 43, 50, 51, 52, 58, 59, 67, 75, 76, 84, 92, 93, 101, 110, 118, 119, 128]					MC: [0, 1, 2, 3, 4, 5, 6, 7, 8, 9, 10, 11, 12, 13, 14, 15, 16, 17, 18, 19, 20, 21, 22, 23, 24, 25, 26, 27, 28, 29, 30, 31, 32, 33, 34, 35, 36, 37, 38, 39, 40, 41, 42, 43, 44, 45, 46, 47, 48, 49, 50, 51, 52, 53, 54, 55, 56, 57, 58, 59, 60, 61, 62, 63, 64, 65, 66, 67, 68, 69, 70, 71, 72, 73, 74, 75, 76, 77, 78, 79, 80, 81, 82, 83, 84, 85, 86, 87, 88, 89, 90, 91, 92, 93, 94, 95, 96, 97, 98, 99, 100, 101, 102, 103, 104, 105, 106, 107, 108, 109, 110, 111, 112, 113, 114, 115, 116, 117, 118, 119, 120, 121, 122, 123, 124, 125, 126, 127, 128]
00d7c479					PS2: [0, 4, 17, 25, 34, 42, 51, 59, 68, 76, 85, 93, 102, 110, 119, 128]					MC: [0, 9, 17, 26, 34, 43, 51, 60, 68, 77, 85, 94, 102, 111, 119, 128]
00d7e6cc					PS2: [0, 18, 25, 33, 45, 55, 63, 71, 78, 86, 94, 95, 103, 111, 119, 128]					MC: [0, 9, 17, 26, 34, 43, 51, 60, 68, 77, 85, 94, 102, 111, 119, 128]
00d7fd75					PS2: [0, 5, 15, 26, 37, 47, 58, 68, 76, 82, 91, 101, 108, 117, 122, 127]					MC: [0, 1, 2, 3, 4, 5, 6, 7, 8, 9, 10, 11, 12, 13, 14, 15, 16, 17, 18, 19, 20, 21, 22, 23, 24, 25, 26, 27, 28, 29, 30, 31, 32, 33, 34, 35, 36, 37, 38, 39, 40, 41, 42, 43, 44, 45, 46, 47, 48, 49, 50, 51, 52, 53, 54, 55, 56, 57, 58, 59, 60, 61, 62, 63, 64, 65, 66, 67, 68, 69, 70, 71, 72, 73, 74, 75, 76, 77, 78, 79, 80, 81, 82, 83, 84, 85, 86, 87, 88, 89, 90, 91, 92, 93, 94, 95, 96, 97, 98, 99, 100, 101, 102, 103, 104, 105, 106, 107, 108, 109, 110, 111, 112, 113, 114, 115, 116, 117, 118, 119, 120, 121, 122, 123, 124, 125, 126, 127, 128, 129, 130, 131]
00d84f16					PS2: [0, 12, 19, 27, 34, 35, 42, 43, 50, 51, 59, 67, 75, 76, 84, 92, 93, 101, 110, 118, 119, 128]					MC: [0, 1, 2, 3, 4, 5, 6, 7, 8, 9, 10, 11, 12, 13, 14, 15, 16, 17, 18, 19, 20, 21, 22, 23, 24, 25, 26, 27, 28, 29, 30, 31, 32, 33, 34, 35, 36, 37, 38, 39, 40, 41, 42, 43, 44, 45, 46, 47, 48, 49, 50, 51, 52, 53, 54, 55, 56, 57, 58, 59, 60, 61, 62, 63, 64, 65, 66, 67, 68, 69, 70, 71, 72, 73, 74, 75, 76, 77, 78, 79, 80, 81, 82, 83, 84, 85, 86, 87, 88, 89, 90, 91, 92, 93, 94, 95, 96, 97, 98, 99, 100, 101, 102, 103, 104, 105, 106, 107, 108, 109, 110, 111, 112, 113, 114, 115, 116, 117, 118, 119, 120, 121, 122, 123, 124, 125, 126, 127, 128]
00d8a8b0					PS2: [0, 4, 6, 22, 34, 46, 63, 85, 98, 111, 123, 125, 127, 128]					MC: [0, 1, 5, 12, 29, 44, 46, 59, 65, 71, 76, 92, 104, 105, 113, 116, 120, 122, 123, 126, 128]
00d94f16					PS2: [0, 12, 19, 27, 34, 35, 42, 43, 50, 51, 52, 59, 67, 75, 76, 84, 92, 93, 101, 110, 118, 119, 128]					MC: [0, 1, 2, 3, 4, 5, 6, 7, 8, 9, 10, 11, 12, 13, 14, 15, 16, 17, 18, 19, 20, 21, 22, 23, 24, 25, 26, 27, 28, 29, 30, 31, 32, 33, 34, 35, 36, 37, 38, 39, 40, 41, 42, 43, 44, 45, 46, 47, 48, 49, 50, 51, 52, 53, 54, 55, 56, 57, 58, 59, 60, 61, 62, 63, 64, 65, 66, 67, 68, 69, 70, 71, 72, 73, 74, 75, 76, 77, 78, 79, 80, 81, 82, 83, 84, 85, 86, 87, 88, 89, 90, 91, 92, 93, 94, 95, 96, 97, 98, 99, 100, 101, 102, 103, 104, 105, 106, 107, 108, 109, 110, 111, 112, 113, 114, 115, 116, 117, 118, 119, 120, 121, 122, 123, 124, 125, 126, 127, 128]
00da4f16					PS2: [0, 12, 19, 27, 34, 35, 42, 43, 50, 51, 59, 67, 75, 76, 84, 92, 93, 101, 110, 118, 119, 128]					MC: [0, 1, 2, 3, 4, 5, 6, 7, 8, 9, 10, 11, 12, 13, 14, 15, 16, 17, 18, 19, 20, 21, 22, 23, 24, 25, 26, 27, 28, 29, 30, 31, 32, 33, 34, 35, 36, 37, 38, 39, 40, 41, 42, 43, 44, 45, 46, 47, 48, 49, 50, 51, 52, 53, 54, 55, 56, 57, 58, 59, 60, 61, 62, 63, 64, 65, 66, 67, 68, 69, 70, 71, 72, 73, 74, 75, 76, 77, 78, 79, 80, 81, 82, 83, 84, 85, 86, 87, 88, 89, 90, 91, 92, 93, 94, 95, 96, 97, 98, 99, 100, 101, 102, 103, 104, 105, 106, 107, 108, 109, 110, 111, 112, 113, 114, 115, 116, 117, 118, 119, 120, 121, 122, 123, 124, 125, 126, 127, 128]
00da570c					PS2: [0, 45, 71, 92, 106, 118, 124, 127, 128]					MC: [0, 92, 93, 109, 110, 127, 128]
00db463c					PS2: [0, 8, 16, 25, 33, 43, 51, 59, 65, 76, 90, 99, 107, 116, 122, 128]					MC: [0, 9, 10, 14, 15, 20, 21, 27, 28, 35, 36, 42, 43, 51, 52, 58, 59, 67, 68, 76, 77, 86, 87, 96, 97, 106, 107, 116, 117, 127, 128]
00db4f16					PS2: [0, 12, 19, 27, 34, 35, 39, 40, 42, 43, 50, 51, 52, 59, 67, 75, 76, 84, 92, 93, 101, 110, 118, 119, 128]					MC: [0, 1, 2, 3, 4, 5, 6, 7, 8, 9, 10, 11, 12, 13, 14, 15, 16, 17, 18, 19, 20, 21, 22, 23, 24, 25, 26, 27, 28, 29, 30, 31, 32, 33, 34, 35, 36, 37, 38, 39, 40, 41, 42, 43, 44, 45, 46, 47, 48, 49, 50, 51, 52, 53, 54, 55, 56, 57, 58, 59, 60, 61, 62, 63, 64, 65, 66, 67, 68, 69, 70, 71, 72, 73, 74, 75, 76, 77, 78, 79, 80, 81, 82, 83, 84, 85, 86, 87, 88, 89, 90, 91, 92, 93, 94, 95, 96, 97, 98, 99, 100, 101, 102, 103, 104, 105, 106, 107, 108, 109, 110, 111, 112, 113, 114, 115, 116, 117, 118, 119, 120, 121, 122, 123, 124, 125, 126, 127, 128]
00dbc0b4					PS2: [0, 5, 10, 16, 25, 35, 44, 55, 56, 70, 87, 100, 111, 118, 124, 128]					MC: [0]
00dc4f16					PS2: [0, 12, 19, 27, 34, 35, 42, 43, 50, 51, 59, 67, 75, 76, 84, 92, 93, 101, 110, 118, 119, 128]					MC: [0, 1, 2, 3, 4, 5, 6, 7, 8, 9, 10, 11, 12, 13, 14, 15, 16, 17, 18, 19, 20, 21, 22, 23, 24, 25, 26, 27, 28, 29, 30, 31, 32, 33, 34, 35, 36, 37, 38, 39, 40, 41, 42, 43, 44, 45, 46, 47, 48, 49, 50, 51, 52, 53, 54, 55, 56, 57, 58, 59, 60, 61, 62, 63, 64, 65, 66, 67, 68, 69, 70, 71, 72, 73, 74, 75, 76, 77, 78, 79, 80, 81, 82, 83, 84, 85, 86, 87, 88, 89, 90, 91, 92, 93, 94, 95, 96, 97, 98, 99, 100, 101, 102, 103, 104, 105, 106, 107, 108, 109, 110, 111, 112, 113, 114, 115, 116, 117, 118, 119, 120, 121, 122, 123, 124, 125, 126, 127, 128]
00dd22e1					PS2: [0, 12, 20, 29, 37, 46, 54, 63, 72, 81, 90, 99, 109, 118, 128]					MC: [0, 1, 2, 3, 4, 5, 6, 7, 8, 9, 10, 11, 12, 13, 14, 15, 16, 17, 18, 19, 20, 21, 22, 23, 24, 25, 26, 27, 28, 29, 30, 31, 32, 33, 34, 35, 36, 37, 38, 39, 40, 42, 43, 44, 45, 46, 48, 49, 50, 52, 55, 56, 57, 58, 59, 60, 61, 62, 63, 64, 65, 66, 67, 68, 69, 70, 71, 72, 73, 74, 75, 76, 77, 78, 79, 80, 81, 82, 83, 84, 85, 86, 87, 91, 93, 94, 95, 96, 98, 99, 100, 101, 102, 103, 104, 105, 106, 107, 108, 109, 110, 111, 112, 113, 114, 115, 116, 117, 118, 119, 120, 121, 122, 123, 124, 125, 126, 127, 128]
00ddb5f6					PS2: [0, 10, 23, 34, 44, 55, 63, 71, 78, 84, 92, 99, 102, 110, 117, 126]					MC: [0, 1, 2, 3, 4, 5, 6, 7, 8, 9, 10, 11, 12, 13, 14, 15, 16, 17, 18, 19, 20, 21, 22, 23, 24, 25, 26, 27, 28, 29, 30, 31, 32, 33, 34, 35, 36, 37, 38, 39, 40, 41, 42, 43, 44, 45, 46, 47, 48, 49, 50, 51, 52, 53, 54, 55, 56, 57, 58, 59, 60, 61, 62, 63, 64, 65, 66, 67, 68, 69, 70, 71, 72, 73, 74, 75, 76, 77, 78, 79, 80, 81, 82, 83, 84, 85, 86, 87, 88, 89, 90, 91, 92, 93, 94, 95, 96, 97, 98, 99, 100, 101, 102, 103, 104, 105, 106, 107, 108, 109, 110, 111, 112, 113, 114, 115, 116, 117, 118, 119, 120, 121, 122, 123, 124, 125, 126, 127, 128]
00ddd547					PS2: [0, 20, 24, 31, 38, 46, 57, 72, 80, 95, 97, 104, 107, 115, 123, 128]					MC: [0, 1, 2, 3, 4, 5, 6, 7, 8, 9, 10, 11, 12, 13, 14, 15, 16, 17, 18, 19, 20, 21, 22, 23, 24, 25, 26, 27, 28, 29, 30, 31, 32, 33, 34, 35, 36, 37, 38, 39, 40, 41, 42, 43, 44, 45, 46, 47, 48, 49, 51, 52, 54, 55, 56, 57, 58, 59, 60, 61, 63, 64, 65, 66, 67, 68, 69, 70, 71, 72, 73, 74, 75, 78, 79, 80, 83, 84, 86, 87, 88, 89, 90, 91, 93, 94, 96, 97, 98, 99, 100, 101, 102, 103, 104, 105, 106, 107, 108, 109, 110, 111, 112, 113, 114, 115, 116, 117, 118, 119, 120, 121, 122, 123, 124, 125, 126, 127, 128]
00ddf41c					PS2: [0, 65, 66, 67, 102, 103, 128]					MC: [0, 1, 3, 4, 5, 6, 7, 8, 9, 11, 12, 13, 14, 15, 16, 17, 18, 20, 21, 24, 25, 28, 31, 32, 33, 34, 36, 37, 39, 40, 42, 43, 44, 45, 47, 49, 51, 52, 53, 55, 56, 61, 62, 64, 65, 68, 69, 70, 72, 73, 75, 76, 77, 78, 79, 80, 83, 84, 86, 88, 89, 90, 91, 92, 94, 96, 98, 99, 100, 101, 104, 105, 106, 110, 111, 128, 129]
00de666c					PS2: [0, 6, 15, 22, 29, 37, 43, 48, 55, 64, 72, 81, 89, 96, 109, 125]					MC: [0, 1, 2, 3, 4, 5, 6, 7, 8, 9, 10, 11, 12, 13, 14, 15, 16, 17, 18, 19, 20, 21, 22, 23, 24, 25, 26, 27, 28, 29, 30, 31, 32, 33, 34, 35, 36, 37, 38, 39, 40, 41, 42, 43, 44, 45, 46, 47, 48, 49, 50, 51, 52, 53, 54, 55, 56, 57, 58, 59, 60, 61, 62, 63, 64, 65, 66, 67, 68, 69, 70, 71, 72, 73, 74, 75, 76, 77, 78, 79, 80, 81, 82, 83, 84, 85, 86, 87, 88, 89, 90, 91, 92, 93, 94, 95, 96, 97, 98, 99, 100, 101, 102, 103, 104, 105, 106, 107, 108, 109, 110, 111, 112, 113, 114, 115, 116, 117, 118, 119, 120, 121, 122, 123, 124, 125, 126, 127, 128]
00dea8b0					PS2: [0, 4, 6, 22, 34, 46, 63, 85, 98, 111, 123, 125, 127, 128]					MC: [0, 1, 2, 4, 5, 7, 11, 14, 16, 19, 20, 22, 29, 36, 40, 42, 50, 56, 61, 69, 74, 78, 79, 81, 87, 94, 99, 101, 107, 109, 111, 117, 118, 119, 121, 122, 123, 124, 126, 128]
00dfeefb					PS2: [0, 23, 36, 57, 58, 72, 92, 93, 108, 118, 119, 128]					MC: [0, 8, 9, 14, 15, 19, 20, 26, 27, 32, 33, 39, 40, 47, 48, 55, 56, 63, 64, 72, 73, 80, 81, 89, 90, 99, 100, 108, 109, 119, 120, 128, 129]
00e0f3fa					PS2: [0, 7, 13, 26, 37, 43, 51, 66, 76, 85, 90, 99, 106, 114, 120, 126]					MC: [0, 1, 2, 3, 4, 5, 6, 7, 8, 9, 10, 11, 12, 14, 15, 16, 18, 19, 21, 22, 23, 24, 25, 26, 27, 28, 29, 30, 31, 32, 33, 35, 36, 38, 41, 42, 48, 51, 52, 54, 55, 56, 57, 58, 59, 60, 66, 67, 70, 71, 74, 75, 76, 78, 79, 80, 87, 88, 89, 90, 91, 92, 93, 94, 95, 106, 107, 109, 110, 111, 113, 114, 115, 116, 117, 118, 119, 123, 124, 125, 126, 127, 128]
00e1435d					PS2: [0, 20, 42, 57, 76, 94, 108, 119, 127, 128]					MC: [0, 9, 17, 26, 34, 43, 51, 60, 68, 77, 85, 94, 102, 111, 119, 128]
00e14361					PS2: [0, 13, 29, 45, 63, 76, 95, 108, 113, 126, 128]					MC: [0, 9, 17, 26, 34, 43, 51, 60, 68, 77, 85, 94, 102, 111, 119, 128]
00e14365					PS2: [0, 19, 32, 47, 63, 82, 97, 110, 113, 125, 127, 128]					MC: [0, 9, 17, 26, 34, 43, 51, 60, 68, 77, 85, 94, 102, 111, 119, 128]
00e14369					PS2: [0, 12, 30, 46, 63, 77, 94, 107, 112, 125, 126, 127, 128]					MC: [0, 9, 17, 26, 34, 43, 51, 60, 68, 77, 85, 94, 102, 111, 119, 128]
00e357db					PS2: [0, 4, 9, 17, 25, 33, 47, 59, 68, 76, 85, 93, 102, 110, 119, 128]					MC: [0, 9, 17, 26, 34, 43, 51, 60, 68, 77, 85, 94, 102, 111, 119, 127, 128, 129, 130]
00e48ebe					PS2: [0, 16, 37, 55, 66, 80, 96, 108, 120, 125, 127, 128]					MC: [0, 8, 9, 17, 25, 26, 34, 42, 43, 51, 59, 60, 68, 76, 77, 85, 93, 94, 102, 110, 111, 119, 127, 128]
00e6766a					PS2: [0, 3, 9, 16, 21, 29, 38, 43, 52, 62, 76, 85, 93, 104, 117, 126]					MC: [0, 1, 2, 3, 4, 5, 6, 7, 8, 9, 10, 11, 12, 13, 14, 15, 16, 17, 18, 19, 20, 21, 22, 23, 24, 25, 26, 27, 28, 29, 30, 31, 32, 33, 34, 35, 36, 37, 38, 39, 40, 41, 42, 43, 44, 45, 46, 47, 48, 49, 50, 51, 52, 53, 54, 55, 56, 57, 58, 59, 60, 61, 62, 63, 64, 65, 68, 69, 72, 73, 74, 75, 78, 80, 98, 100, 101, 102, 103, 104, 105, 106, 107, 108, 109, 110, 111, 112, 113, 114, 115, 116, 117, 118, 119, 120, 121, 122, 123, 125, 126]
00e6c056					PS2: [0, 4, 8, 17, 25, 34, 48, 59, 68, 76, 85, 93, 102, 110, 119, 128]					MC: [0, 9, 17, 26, 34, 43, 51, 60, 68, 77, 85, 94, 102, 111, 119, 127, 128, 129]
00e70eb8					PS2: [0, 16, 31, 46, 59, 77, 91, 92, 119, 123, 124, 126, 127, 128]					MC: [0, 1, 2, 3, 4, 5, 6, 7, 8, 9, 10, 11, 12, 13, 14, 15, 16, 17, 18, 19, 20, 21, 22, 23, 24, 25, 26, 27, 28, 29, 30, 31, 32, 33, 34, 35, 36, 37, 38, 39, 40, 41, 42, 43, 44, 45, 46, 47, 48, 49, 50, 52, 53, 54, 55, 56, 57, 58, 59, 60, 62, 63, 64, 65, 66, 67, 68, 69, 70, 71, 72, 73, 74, 75, 76, 77, 78, 80, 81, 82, 83, 84, 85, 86, 87, 88, 89, 90, 91, 92, 93, 94, 95, 96, 97, 98, 100, 101, 102, 103, 104, 105, 106, 107, 108, 109, 110, 111, 112, 113, 114, 115, 116, 117, 118, 119, 120, 121, 122, 123, 124, 125, 128]
00e718ff					PS2: [0, 1, 23, 36, 57, 58, 71, 72, 92, 93, 107, 108, 119, 128]					MC: [0, 8, 9, 14, 15, 19, 20, 25, 26, 30, 31, 32, 33, 37, 38, 39, 40, 44, 45, 46, 47, 49, 50, 51, 52, 55, 56, 57, 58, 59, 63, 64, 66, 67, 68, 70, 71, 72, 74, 75, 76, 77, 78, 79, 80, 81, 82, 83, 84, 85, 86, 87, 88, 89, 90, 91, 92, 94, 95, 96, 97, 98, 99, 100, 101, 102, 103, 104, 105, 106, 107, 108, 109, 110, 111, 112, 113, 115, 116, 117, 118, 119, 120, 121, 122, 123, 124, 125, 126, 127, 128]
00e88014					PS2: [0, 65, 66, 102, 103, 128]					MC: [0, 10, 19, 20, 24, 26, 27, 28, 30, 31, 33, 35, 36, 37, 39, 40, 43, 44, 47, 48, 51, 52, 56, 59, 60, 64, 65, 66, 67, 68, 80, 83, 84, 91, 92, 98, 100, 102, 104, 127, 128]
00e93f19					PS2: [0, 12, 19, 27, 34, 35, 42, 43, 50, 51, 59, 67, 75, 76, 84, 92, 93, 101, 110, 118, 119, 128]					MC: [0, 9, 10, 14, 15, 20, 21, 27, 28, 35, 36, 42, 43, 51, 52, 58, 59, 67, 68, 76, 77, 86, 87, 96, 97, 106, 107, 116, 117, 127, 128]
00e992b7					PS2: [0, 8, 16, 24, 32, 40, 48, 56, 64, 77, 88, 96, 104, 112, 120, 128]					MC: [0, 9, 17, 26, 34, 43, 51, 60, 68, 77, 85, 94, 102, 111, 119, 128]
00e9d866					PS2: [0, 24, 32, 38, 47, 59, 72, 76, 80, 81, 94, 95, 106, 115, 122, 128]					MC: [0, 1, 3, 4, 19, 20, 30, 32, 33, 34, 47, 48, 49, 50, 51, 66, 71, 76, 77, 80, 81, 87, 89, 94, 103, 104, 110, 111, 112, 113, 119, 124, 126, 127, 128]
00ea3f19					PS2: [0, 12, 19, 27, 34, 35, 42, 43, 50, 51, 59, 67, 75, 76, 84, 92, 93, 101, 110, 118, 119, 128]					MC: [0, 9, 10, 14, 15, 20, 21, 27, 28, 35, 36, 42, 43, 51, 52, 58, 59, 67, 68, 76, 77, 86, 87, 96, 97, 106, 107, 116, 117, 127, 128]
00eab4a9					PS2: [0, 65, 66, 101, 102, 103, 128]					MC: [0, 1, 2, 3, 4, 5, 6, 7, 8, 9, 10, 11, 12, 13, 14, 15, 16, 17, 18, 20, 21, 22, 26, 31, 32, 38, 39, 44, 45, 48, 50, 51, 52, 53, 54, 56, 57, 59, 60, 61, 63, 64, 66, 67, 70, 73, 74, 76, 77, 79, 80, 81, 82, 83, 84, 85, 86, 88, 89, 91, 92, 96, 98, 99, 101, 102, 127, 128]
00eb1ec3					PS2: [0, 1, 2, 3, 4, 5, 6, 7, 8, 9, 10, 11, 12, 13, 14, 15, 16, 17, 18, 19, 20, 21, 22, 23, 24, 25, 26, 27, 28, 29, 30, 31, 32, 33, 34, 35, 37, 38, 39, 40, 41, 42, 43, 44, 45, 46, 47, 48, 49, 50, 51, 52, 53, 54, 55, 56, 57, 58, 59, 60, 62, 63, 64, 65, 67, 68, 69, 70, 71, 72, 76, 77, 78, 79, 81, 82, 85, 86, 87, 91, 92, 93, 94, 97, 98, 100, 101, 102, 103, 104, 105, 106, 107, 108, 109, 110, 111, 112, 113, 114, 115, 116, 117, 118, 119, 120, 121, 122, 123, 124, 125, 126, 127, 128]					MC: [0, 1, 2, 3, 4, 5, 6, 7, 8, 9, 10, 11, 12, 13, 14, 16, 17, 18, 19, 20, 21, 22, 23, 24, 26, 27, 28, 29, 30, 31, 32, 33, 34, 35, 36, 37, 38, 39, 40, 41, 42, 43, 44, 46, 47, 48, 49, 50, 51, 52, 53, 54, 55, 56, 57, 58, 61, 64, 65, 66, 67, 68, 69, 70, 72, 73, 74, 75, 76, 77, 78, 79, 80, 81, 82, 83, 86, 89, 90, 91, 94, 95, 96, 97, 98, 99, 100, 101, 102, 103, 104, 105, 106, 107, 108, 109, 110, 111, 112, 113, 115, 116, 117, 118, 119, 120, 121, 122, 123, 124, 125, 127, 128, 129]
00eb3f19					PS2: [0, 12, 19, 27, 34, 35, 42, 43, 50, 51, 59, 67, 75, 76, 84, 92, 93, 101, 110, 118, 119, 128]					MC: [0, 9, 10, 14, 15, 20, 21, 27, 28, 35, 36, 42, 43, 51, 52, 58, 59, 67, 68, 76, 77, 86, 87, 96, 97, 106, 107, 116, 117, 127, 128]
00eb7ff2					PS2: [0, 4, 8, 26, 37, 50, 67, 77, 85, 90, 98, 105, 113, 120, 124, 127]					MC: [0, 1, 2, 3, 4, 5, 6, 7, 8, 9, 10, 11, 12, 13, 15, 16, 17, 18, 19, 20, 21, 22, 23, 24, 25, 26, 27, 28, 29, 30, 31, 32, 33, 34, 35, 36, 37, 38, 39, 40, 41, 42, 44, 48, 49, 54, 55, 56, 57, 58, 59, 60, 64, 65, 66, 67, 69, 70, 71, 72, 73, 74, 75, 76, 77, 78, 79, 80, 85, 86, 87, 88, 90, 91, 92, 93, 94, 95, 96, 98, 99, 100, 103, 105, 106, 107, 108, 109, 110, 111, 112, 113, 114, 115, 116, 117, 118, 119, 120, 121, 122, 123, 124, 125, 126, 127, 128]
00ebe19b					PS2: [0, 16, 32, 45, 56, 67, 84, 96, 110, 125, 126, 127, 128]					MC: [0, 9, 17, 26, 34, 43, 51, 60, 68, 77, 85, 94, 102, 111, 119, 128]
00ec3f19					PS2: [0, 12, 19, 27, 34, 35, 42, 43, 50, 51, 59, 67, 75, 76, 84, 92, 93, 101, 110, 118, 119, 128]					MC: [0, 8, 9, 14, 15, 19, 20, 25, 26, 32, 33, 39, 40, 46, 47, 54, 55, 63, 64, 71, 72, 79, 80, 89, 90, 98, 99, 107, 108, 118, 127, 128]
00ed3f19					PS2: [0, 12, 19, 27, 34, 35, 42, 43, 50, 51, 59, 67, 75, 76, 84, 92, 93, 101, 110, 118, 119, 128]					MC: [0, 9, 10, 14, 15, 20, 21, 27, 28, 35, 36, 42, 43, 51, 52, 58, 59, 67, 68, 76, 77, 86, 87, 96, 97, 106, 107, 116, 117, 127, 128]
00ede1ab					PS2: [0, 7, 15, 24, 35, 44, 55, 67, 76, 84, 90, 97, 105, 111, 121, 128]					MC: [0, 1, 2, 3, 4, 5, 6, 7, 8, 9, 10, 11, 12, 13, 14, 15, 16, 17, 18, 19, 20, 21, 22, 23, 24, 25, 26, 27, 28, 29, 30, 31, 32, 33, 34, 35, 36, 38, 39, 40, 41, 42, 43, 44, 45, 46, 47, 49, 50, 51, 52, 53, 54, 56, 57, 58, 60, 61, 62, 63, 64, 65, 66, 67, 68, 69, 70, 71, 73, 74, 75, 76, 77, 78, 79, 80, 81, 82, 83, 84, 85, 86, 87, 88, 89, 90, 91, 92, 93, 94, 95, 96, 97, 98, 99, 100, 101, 102, 103, 104, 105, 106, 107, 108, 109, 110, 111, 112, 113, 114, 115, 116, 117, 118, 119, 120, 121, 122, 123, 124, 125, 126, 127]
00edf1ab					PS2: [0, 9, 15, 24, 36, 44, 51, 63, 74, 83, 92, 99, 107, 116, 122, 128]					MC: [0, 1, 2, 3, 4, 5, 6, 7, 8, 9, 10, 11, 12, 13, 14, 15, 16, 17, 18, 19, 20, 21, 22, 23, 24, 25, 26, 27, 28, 29, 30, 31, 32, 33, 34, 35, 36, 38, 39, 40, 41, 42, 43, 44, 45, 46, 47, 49, 50, 51, 52, 53, 54, 56, 57, 58, 60, 61, 62, 63, 64, 65, 66, 67, 68, 69, 70, 71, 73, 74, 75, 76, 77, 78, 79, 80, 81, 82, 83, 84, 85, 86, 87, 88, 89, 90, 91, 92, 93, 94, 95, 96, 97, 98, 99, 100, 101, 102, 103, 104, 105, 106, 107, 108, 109, 110, 111, 112, 113, 114, 115, 116, 117, 118, 119, 120, 121, 122, 123, 124, 125, 126, 127]
00ee01ab					PS2: [0, 7, 16, 24, 35, 43, 51, 59, 68, 76, 87, 98, 106, 113, 122, 128]					MC: [0, 1, 2, 3, 4, 5, 6, 7, 8, 9, 10, 11, 12, 13, 14, 15, 16, 17, 18, 19, 20, 21, 22, 23, 24, 25, 26, 27, 28, 29, 30, 31, 32, 33, 34, 35, 36, 38, 39, 40, 41, 42, 43, 44, 45, 46, 47, 49, 50, 51, 52, 53, 54, 56, 57, 58, 60, 61, 62, 63, 64, 65, 66, 67, 68, 69, 70, 71, 73, 74, 75, 76, 77, 78, 79, 80, 81, 82, 83, 84, 85, 86, 87, 88, 89, 90, 91, 92, 93, 94, 95, 96, 97, 98, 99, 100, 101, 102, 103, 104, 105, 106, 107, 108, 109, 110, 111, 112, 113, 114, 115, 116, 117, 118, 119, 120, 121, 122, 123, 124, 125, 126, 127]
00ee3f19					PS2: [0, 12, 19, 27, 34, 35, 42, 43, 50, 51, 59, 67, 75, 76, 84, 92, 93, 101, 110, 118, 119, 128]					MC: [0, 9, 10, 14, 15, 20, 21, 27, 28, 35, 36, 42, 43, 51, 52, 58, 59, 67, 68, 76, 77, 86, 87, 96, 97, 106, 107, 116, 117, 127, 128]
00ee6ec5					PS2: [0, 2, 6, 10, 14, 20, 28, 36, 47, 58, 64, 71, 80, 91, 99, 104]					MC: [0, 2, 3, 5, 7, 9, 10, 11, 12, 14, 15, 16, 17, 18, 19, 20, 21, 22, 23, 24, 25, 26, 27, 28, 29, 30, 31, 32, 33, 34, 35, 36, 37, 38, 39, 40, 41, 42, 43, 44, 45, 46, 47, 48, 49, 50, 51, 52, 53, 54, 55, 56, 57, 58, 59, 60, 61, 62, 63, 64, 65, 66, 67, 68, 69, 70, 71, 72, 73, 74, 75, 76, 77, 78, 79, 80, 81, 82, 83, 84, 85, 86, 87, 88, 89, 90, 91, 92, 93, 94, 95, 96, 97, 98, 99, 100, 101, 102, 103, 104, 105, 106, 107, 108, 109, 110, 111, 112, 113, 114, 115, 116, 117, 118]
00ee72ae					PS2: [0, 3, 11, 19, 26, 35, 42, 48, 57, 67, 77, 90, 102, 114, 121, 128]					MC: [0, 2, 3, 4, 10, 11, 12, 18, 19, 20, 25, 26, 27, 34, 35, 36, 41, 42, 43, 47, 48, 49, 56, 57, 58, 66, 67, 68, 76, 77, 78, 89, 90, 91, 101, 102, 103, 113, 114, 115, 120, 121, 122, 127, 128, 129]
00ee72b2					PS2: [0, 7, 18, 25, 33, 42, 54, 65, 73, 84, 94, 103, 111, 116, 121, 128]					MC: [0, 1, 2, 3, 4, 5, 6, 7, 8, 9, 10, 11, 12, 13, 14, 15, 16, 17, 18, 19, 21, 22, 23, 24, 25, 26, 27, 28, 30, 31, 32, 33, 34, 35, 37, 38, 39, 40, 41, 42, 43, 46, 48, 49, 50, 51, 52, 53, 54, 55, 61, 62, 63, 64, 65, 66, 68, 69, 72, 73, 74, 75, 76, 82, 83, 84, 85, 86, 87, 88, 89, 90, 91, 93, 94, 95, 96, 97, 98, 99, 100, 101, 102, 103, 104, 105, 106, 107, 108, 109, 110, 111, 112, 113, 114, 115, 116, 117, 118, 119, 120, 121, 122, 123, 124, 125, 126, 127, 128, 129]
00ef3f19					PS2: [0, 12, 19, 27, 34, 35, 42, 43, 50, 51, 59, 67, 75, 76, 84, 92, 93, 101, 110, 118, 119, 128]					MC: [0, 9, 10, 14, 15, 20, 21, 27, 28, 35, 36, 42, 43, 51, 52, 58, 59, 67, 68, 76, 77, 86, 87, 96, 97, 106, 107, 116, 117, 127, 128]
00ef72ae					PS2: [0, 3, 12, 23, 30, 38, 48, 55, 62, 71, 80, 92, 100, 108, 117, 128]					MC: [0, 2, 3, 4, 11, 12, 13, 22, 23, 24, 29, 30, 31, 37, 38, 39, 47, 48, 49, 54, 55, 56, 61, 62, 63, 70, 71, 72, 79, 80, 81, 91, 92, 93, 99, 100, 101, 107, 108, 109, 116, 117, 118, 127, 128, 129]
00efa302					PS2: [0, 4, 13, 20, 29, 36, 44, 55, 64, 76, 88, 96, 102, 109, 117, 126]					MC: [0, 9, 10, 14, 15, 20, 21, 27, 28, 35, 36, 42, 43, 51, 52, 58, 59, 67, 68, 76, 77, 86, 87, 96, 97, 106, 107, 116, 117, 127, 128]
00f03f19					PS2: [0, 12, 19, 27, 34, 35, 42, 43, 50, 51, 59, 67, 75, 76, 84, 92, 93, 101, 110, 118, 119, 128]					MC: [0, 9, 10, 14, 15, 20, 21, 27, 28, 35, 36, 42, 43, 51, 52, 58, 59, 67, 68, 76, 77, 86, 87, 96, 97, 106, 107, 116, 117, 127, 128]
00f072ae					PS2: [0, 3, 8, 15, 22, 31, 40, 50, 60, 70, 79, 91, 102, 113, 122, 128]					MC: [0, 1, 2, 3, 4, 5, 6, 7, 8, 9, 10, 11, 12, 13, 14, 15, 16, 17, 19, 21, 22, 23, 24, 25, 26, 27, 28, 29, 30, 31, 32, 33, 34, 35, 36, 37, 38, 39, 40, 41, 42, 43, 44, 45, 46, 47, 48, 49, 50, 51, 52, 53, 54, 55, 57, 58, 59, 60, 61, 62, 63, 64, 65, 66, 67, 68, 69, 70, 71, 72, 73, 74, 75, 76, 77, 78, 79, 80, 81, 82, 83, 84, 85, 86, 87, 88, 89, 90, 91, 92, 93, 94, 95, 96, 97, 98, 99, 100, 101, 102, 103, 104, 105, 106, 107, 108, 109, 110, 111, 112, 113, 114, 115, 116, 117, 118, 119, 120, 121, 122, 123, 124, 125, 126, 127, 128, 129]
00f072b2					PS2: [0, 3, 9, 16, 24, 32, 39, 50, 63, 76, 87, 99, 107, 116, 121, 127]					MC: [0, 1, 2, 3, 4, 5, 6, 7, 8, 9, 10, 11, 12, 13, 14, 15, 16, 17, 18, 19, 20, 21, 22, 23, 24, 25, 26, 27, 28, 29, 30, 31, 32, 33, 34, 35, 36, 37, 38, 39, 40, 41, 42, 43, 44, 45, 46, 47, 48, 49, 50, 51, 52, 53, 54, 55, 56, 57, 58, 59, 60, 61, 62, 63, 64, 65, 66, 67, 68, 69, 70, 71, 72, 73, 74, 75, 76, 77, 78, 79, 80, 81, 82, 83, 84, 85, 86, 87, 88, 89, 90, 91, 92, 93, 94, 95, 96, 97, 98, 99, 100, 101, 102, 103, 104, 105, 106, 107, 108, 109, 110, 111, 112, 113, 114, 115, 116, 117, 118, 119, 120, 121, 122, 123, 124, 125, 126, 127, 128]
00f08e96					PS2: [0, 3, 4, 11, 12, 18, 22, 23, 27, 32, 33, 38, 39, 49, 60, 80, 81, 88, 89, 103, 104, 108, 113, 118, 125]					MC: [0, 1, 2, 3, 4, 5, 8, 10, 11, 12, 13, 17, 18, 19, 21, 22, 23, 26, 27, 28, 29, 31, 32, 33, 34, 35, 36, 37, 38, 39, 48, 49, 50, 54, 55, 56, 57, 59, 60, 61, 78, 79, 80, 81, 88, 89, 90, 100, 101, 102, 103, 104, 105, 107, 108, 109, 113, 114, 115, 116, 117, 118, 124, 125, 126, 127, 128, 129]
00f13f19					PS2: [0, 12, 19, 27, 34, 35, 42, 43, 50, 51, 59, 67, 75, 76, 84, 92, 93, 101, 110, 118, 119, 128]					MC: [0, 9, 10, 14, 15, 20, 21, 27, 28, 35, 36, 42, 43, 51, 52, 58, 59, 67, 68, 76, 77, 86, 87, 96, 97, 106, 107, 116, 117, 127, 128]
00f141ca					PS2: [0, 15, 30, 43, 56, 74, 95, 107, 120, 125, 126, 127, 128]					MC: [0, 9, 17, 26, 34, 43, 51, 60, 68, 77, 85, 94, 102, 111, 119, 128]
00f15ea5					PS2: [0, 19, 28, 36, 45, 52, 53, 59, 66, 68, 76, 85, 94, 102, 103, 110, 111, 118, 119, 124, 128]					MC: [0, 1, 2, 3, 4, 5, 6, 7, 8, 9, 10, 11, 12, 13, 14, 15, 16, 17, 18, 19, 20, 21, 22, 23, 24, 25, 26, 27, 28, 29, 30, 31, 32, 33, 34, 35, 36, 37, 38, 40, 41, 42, 43, 44, 45, 46, 47, 48, 49, 50, 51, 52, 53, 54, 55, 56, 57, 58, 60, 61, 62, 63, 65, 66, 67, 68, 69, 70, 71, 72, 73, 74, 75, 76, 77, 78, 79, 80, 81, 82, 83, 84, 85, 86, 87, 88, 89, 90, 91, 92, 93, 94, 95, 96, 97, 98, 99, 100, 101, 102, 103, 104, 105, 106, 107, 108, 109, 110, 111, 112, 113, 114, 115, 116, 117, 118, 119, 120, 121, 122, 123, 124, 125, 126, 127, 128, 129, 130, 131, 132, 133, 134, 135, 136, 137, 138, 139, 140]
00f172b2					PS2: [0, 8, 18, 29, 38, 46, 54, 61, 67, 74, 82, 94, 104, 111, 120, 128]					MC: [0, 1, 2, 3, 4, 5, 6, 7, 8, 9, 10, 11, 12, 13, 14, 15, 16, 17, 18, 19, 20, 21, 22, 23, 24, 25, 26, 27, 28, 29, 30, 31, 32, 33, 34, 35, 36, 37, 38, 39, 40, 41, 42, 43, 44, 45, 46, 47, 48, 49, 50, 51, 52, 53, 54, 55, 56, 57, 58, 59, 60, 61, 62, 63, 64, 65, 66, 67, 68, 69, 70, 71, 72, 73, 74, 75, 76, 77, 78, 79, 80, 81, 82, 83, 84, 85, 86, 87, 88, 89, 90, 91, 92, 93, 94, 95, 96, 97, 98, 99, 100, 101, 102, 103, 104, 105, 106, 107, 108, 109, 110, 111, 112, 113, 114, 115, 116, 117, 118, 119, 120, 121, 122, 123, 124, 125, 126, 127, 128, 129]
00f1e626					PS2: [0, 3, 10, 20, 27, 33, 42, 51, 61, 68, 80, 86, 97, 107, 119, 128]					MC: [0, 9, 10, 14, 15, 20, 21, 27, 28, 35, 36, 42, 43, 51, 52, 59, 60, 68, 69, 77, 78, 87, 88, 97, 98, 107, 108, 118, 128, 129]
00f3777d					PS2: [0, 4, 14, 21, 29, 41, 53, 61, 69, 75, 84, 94, 103, 112, 121, 128]					MC: [0, 9, 10, 14, 15, 20, 21, 27, 28, 35, 36, 42, 43, 51, 52, 58, 59, 67, 68, 76, 77, 86, 87, 96, 97, 106, 107, 116, 117, 127, 128]
00f39b44					PS2: [0, 10, 19, 28, 37, 45, 54, 63, 72, 81, 90, 99, 108, 117, 125, 126]					MC: [0, 9, 17, 26, 34, 43, 51, 60, 68, 77, 85, 94, 102, 111, 119, 128]
00f43b63					PS2: [0, 10, 19, 28, 37, 45, 54, 63, 72, 81, 90, 99, 108, 117, 125, 126]					MC: [0, 9, 17, 26, 34, 43, 51, 60, 68, 77, 85, 94, 102, 111, 119, 128]
00f54e26					PS2: [0, 7, 13, 19, 27, 35, 45, 55, 62, 69, 78, 89, 98, 105, 113, 123]					MC: [0, 9, 10, 14, 15, 20, 21, 27, 28, 35, 36, 42, 43, 51, 52, 59, 60, 68, 69, 77, 78, 87, 88, 97, 98, 107, 108, 117, 118, 128, 129]
00f54e2a					PS2: [0, 7, 12, 20, 28, 35, 44, 52, 59, 68, 76, 86, 98, 110, 119, 125]					MC: [0, 9, 10, 14, 15, 20, 21, 27, 28, 35, 36, 42, 43, 51, 52, 59, 60, 68, 69, 77, 78, 87, 88, 97, 98, 107, 108, 117, 118, 128, 129]
00f54e32					PS2: [0, 4, 11, 17, 25, 33, 42, 51, 60, 72, 84, 93, 100, 109, 120, 127]					MC: [0, 9, 10, 14, 15, 20, 21, 27, 28, 35, 36, 42, 43, 51, 52, 59, 60, 68, 69, 77, 78, 87, 88, 97, 98, 107, 108, 117, 118, 128, 129]
00f5d027					PS2: [0, 46, 64, 65, 66, 85, 102, 103, 115, 128]					MC: [0, 1, 2, 3, 4, 5, 6, 7, 8, 9, 10, 11, 12, 13, 14, 15, 16, 17, 18, 19, 20, 21, 22, 23, 24, 25, 26, 27, 28, 29, 30, 31, 32, 33, 34, 35, 37, 38, 39, 40, 41, 42, 43, 45, 46, 47, 48, 49, 50, 51, 52, 53, 54, 55, 56, 57, 58, 59, 60, 61, 62, 63, 64, 65, 66, 67, 68, 69, 70, 71, 72, 73, 74, 75, 76, 77, 78, 79, 80, 81, 82, 83, 84, 85, 86, 87, 88, 89, 90, 91, 92, 93, 94, 95, 96, 97, 98, 99, 100, 101, 102, 103, 104, 105, 106, 107, 108, 109, 110, 111, 112, 113, 114, 115, 116, 117, 118, 119, 120, 121, 122, 123, 124, 125, 126, 127, 128, 129, 130, 131, 132, 133, 136]
00f5d860					PS2: [0, 4, 10, 17, 25, 36, 48, 58, 66, 78, 87, 95, 105, 113, 121, 127]					MC: [0, 3, 4, 5, 6, 7, 8, 9, 10, 11, 12, 13, 14, 15, 16, 17, 18, 19, 20, 21, 22, 23, 24, 25, 26, 27, 28, 29, 30, 31, 32, 33, 34, 35, 36, 37, 38, 39, 40, 41, 42, 43, 44, 45, 46, 47, 48, 49, 50, 51, 52, 53, 54, 55, 56, 57, 58, 59, 60, 61, 62, 63, 64, 65, 66, 67, 68, 69, 70, 71, 72, 73, 74, 75, 76, 77, 78, 79, 80, 81, 82, 83, 84, 85, 86, 87, 88, 89, 90, 91, 92, 93, 94, 95, 96, 97, 98, 99, 100, 101, 102, 103, 104, 105, 106, 107, 108, 109, 110, 111, 112, 113, 114, 115, 116, 117, 118, 119, 120, 121, 122, 123, 124, 125, 126, 127, 128, 129, 130, 131, 132, 133, 134, 135, 136, 137, 138, 139, 140, 141, 142, 143, 144, 145, 146, 147, 148, 149, 150, 151, 152]
00f658a8					PS2: [0, 27, 46, 71, 90, 106, 123, 125, 126, 127, 128]					MC: [0, 8, 16, 24, 32, 40, 48, 56, 64, 72, 80, 88, 96, 104, 112, 120, 128]
00f658a8_2910886775c958a63522f74392665f55					PS2: [0, 25, 40, 52, 64, 77, 91, 106, 118, 128]					MC: [0, 8, 9, 14, 15, 19, 20, 25, 26, 32, 33, 39, 40, 46, 47, 55, 56, 63, 64, 71, 72, 79, 80, 89, 90, 98, 99, 107, 108, 117, 118, 127, 128]
00f658a8_ccf2ecc57c27e55e6b678c289169d4a4					PS2: [0, 25, 40, 52, 64, 77, 91, 106, 118, 128]					MC: [0, 8, 9, 14, 15, 19, 20, 25, 26, 32, 33, 39, 40, 46, 47, 55, 56, 63, 64, 71, 72, 79, 80, 89, 90, 98, 99, 107, 108, 118, 127, 128]
00f70816					PS2: [0, 8, 15, 22, 32, 46, 58, 65, 72, 84, 95, 104, 111, 119, 128]					MC: [0, 9, 10, 14, 15, 20, 21, 27, 28, 35, 36, 42, 43, 51, 52, 58, 59, 67, 68, 76, 77, 86, 87, 96, 97, 106, 107, 116, 117, 127, 128]
00f82f4e					PS2: [0, 65, 66, 67, 102, 103, 128]					MC: [0, 17, 18, 19, 20, 21, 24, 25, 26, 27, 28, 29, 30, 31, 32, 33, 34, 36, 37, 38, 39, 40, 41, 42, 43, 44, 45, 46, 47, 48, 51, 53, 54, 55, 56, 57, 58, 59, 60, 61, 62, 63, 64, 65, 66, 67, 68, 69, 70, 71, 72, 74, 75, 76, 77, 78, 79, 80, 81, 82, 83, 84, 85, 86, 87, 88, 89, 90, 91, 92, 93, 94, 95, 96, 97, 98, 99, 100, 101, 102, 103, 104, 105, 106, 107, 108, 109, 110, 111, 112, 113, 114, 115, 116, 117, 118, 119, 120, 121, 122, 123, 124, 125, 126, 127, 128, 129, 130, 131, 132]
00f98ebe					PS2: [0, 15, 30, 43, 56, 67, 81, 96, 107, 120, 125, 127, 128]					MC: [0, 9, 17, 26, 34, 43, 51, 60, 68, 77, 85, 94, 102, 111, 119, 128]
00f9d9e2					PS2: [0, 8, 16, 23, 31, 38, 45, 52, 61, 70, 78, 88, 102, 112, 122, 128]					MC: [0, 9, 10, 14, 15, 20, 21, 27, 28, 35, 36, 42, 43, 51, 52, 58, 59, 67, 68, 76, 77, 86, 87, 96, 97, 106, 107, 116, 117, 127, 128]
00fa7bc2					PS2: [0, 7, 20, 27, 37, 53, 66, 76, 85, 90, 98, 105, 114, 120, 124, 127]					MC: [0, 1, 2, 3, 4, 5, 6, 7, 8, 9, 10, 11, 12, 16, 17, 18, 19, 21, 23, 24, 25, 26, 27, 28, 29, 30, 32, 33, 34, 35, 36, 38, 39, 40, 41, 42, 48, 49, 50, 51, 54, 55, 56, 57, 58, 59, 60, 63, 65, 66, 67, 68, 70, 71, 74, 75, 76, 77, 78, 79, 80, 87, 89, 90, 91, 92, 93, 94, 95, 100, 103, 105, 106, 107, 108, 109, 110, 111, 113, 114, 115, 116, 117, 118, 119, 121, 122, 123, 124, 125, 126, 127, 128]
00fa7d0a					PS2: [0, 1, 10, 19, 28, 37, 45, 54, 63, 73, 81, 90, 99, 108, 117, 126]					MC: [0, 9, 17, 26, 34, 43, 51, 60, 68, 77, 85, 94, 102, 111, 119, 128]
00fb98ac					PS2: [0, 9, 16, 25, 34, 42, 53, 60, 67, 75, 83, 92, 100, 112, 122, 128]					MC: [0, 1, 2, 3, 4, 5, 6, 7, 8, 9, 10, 11, 12, 13, 14, 15, 16, 17, 18, 19, 20, 21, 22, 23, 24, 25, 26, 27, 28, 29, 30, 31, 32, 33, 34, 35, 36, 38, 39, 40, 41, 42, 43, 44, 45, 46, 47, 49, 50, 51, 52, 53, 54, 56, 57, 58, 60, 61, 62, 63, 64, 65, 66, 67, 68, 69, 70, 71, 73, 74, 75, 76, 77, 78, 79, 80, 81, 82, 83, 84, 85, 86, 87, 88, 89, 90, 91, 92, 93, 94, 95, 96, 97, 98, 99, 100, 101, 102, 103, 104, 105, 106, 107, 108, 109, 110, 111, 112, 113, 114, 115, 116, 117, 118, 119, 120, 121, 122, 123, 124, 125, 126, 127]
00fba8ac					PS2: [0, 9, 18, 29, 37, 44, 51, 58, 67, 76, 83, 91, 100, 108, 123, 128]					MC: [0, 1, 2, 3, 4, 5, 6, 7, 8, 9, 10, 11, 12, 13, 14, 15, 16, 17, 18, 19, 20, 21, 22, 23, 24, 25, 26, 27, 28, 29, 30, 31, 32, 33, 34, 35, 36, 38, 39, 40, 41, 42, 43, 44, 45, 46, 47, 49, 50, 51, 52, 53, 54, 56, 57, 58, 60, 61, 62, 63, 64, 65, 66, 67, 68, 69, 70, 71, 73, 74, 75, 76, 77, 78, 79, 80, 81, 82, 83, 84, 85, 86, 87, 88, 89, 90, 91, 92, 93, 94, 95, 96, 97, 98, 99, 100, 101, 102, 103, 104, 105, 106, 107, 108, 109, 110, 111, 112, 113, 114, 115, 116, 117, 118, 119, 120, 121, 122, 123, 124, 125, 126, 127]
00fbb8ac					PS2: [0, 11, 20, 27, 34, 42, 50, 58, 68, 76, 83, 90, 98, 108, 123, 128]					MC: [0, 1, 2, 3, 4, 5, 6, 7, 8, 9, 10, 11, 12, 13, 14, 15, 16, 17, 18, 19, 20, 21, 22, 23, 24, 25, 26, 27, 28, 29, 30, 31, 32, 33, 34, 35, 36, 38, 39, 40, 41, 42, 43, 44, 45, 46, 47, 49, 50, 51, 52, 53, 54, 56, 57, 58, 60, 61, 62, 63, 64, 65, 66, 67, 68, 69, 70, 71, 73, 74, 75, 76, 77, 78, 79, 80, 81, 82, 83, 84, 85, 86, 87, 88, 89, 90, 91, 92, 93, 94, 95, 96, 97, 98, 99, 100, 101, 102, 103, 104, 105, 106, 107, 108, 109, 110, 111, 112, 113, 114, 115, 116, 117, 118, 119, 120, 121, 122, 123, 124, 125, 126, 127]
00fc60e2					PS2: [0, 9, 17, 24, 30, 38, 44, 51, 58, 66, 74, 79, 88, 95, 102, 106]					MC: [0, 1, 2, 3, 4, 5, 6, 7, 8, 9, 10, 11, 12, 13, 14, 15, 16, 17, 18, 19, 20, 21, 22, 23, 24, 25, 26, 27, 28, 29, 30, 31, 32, 33, 34, 35, 36, 37, 38, 39, 40, 41, 42, 43, 44, 45, 46, 47, 48, 49, 50, 51, 52, 53, 54, 55, 56, 57, 58, 59, 60, 61, 62, 63, 64, 65, 66, 67, 68, 69, 70, 71, 72, 73, 74, 75, 76, 77, 78, 79, 80, 81, 82, 83, 84, 85, 86, 87, 88, 89, 90, 91, 92, 93, 94, 95, 96, 97, 98, 99, 100, 101, 102, 103, 104, 105, 106, 107, 108, 109, 110, 111, 112, 113, 114, 115, 116, 117, 118, 119, 120, 121, 122, 123, 124, 125, 126, 127, 128, 129, 130, 132, 133, 134, 135, 137, 138, 139, 140, 141, 144, 145, 146, 149, 150, 153, 154, 156, 158, 159, 160]
00fc7aa4					PS2: [0, 65, 102, 128]					MC: [0, 8, 16, 24, 32, 40, 48, 56, 64, 72, 80, 88, 96, 104, 112, 120, 128]
00fc990c					PS2: [0, 4, 8, 17, 25, 34, 42, 51, 59, 68, 80, 93, 102, 110, 119, 128]					MC: [0, 9, 17, 26, 34, 43, 51, 60, 68, 77, 85, 94, 102, 111, 119, 128]
00fcb0f2					PS2: [0, 6, 14, 18, 25, 28, 32, 41, 46, 51, 55, 60, 66, 76, 86]					MC: [0, 1, 2, 3, 4, 5, 6, 7, 8, 9, 10, 11, 12, 13, 14, 15, 16, 17, 18, 19, 20, 21, 22, 23, 24, 25, 26, 27, 28, 29, 30, 31, 32, 33, 34, 35, 36, 37, 38, 39, 40, 41, 42, 43, 44, 45, 46, 47, 48, 49, 50, 51, 52, 53, 54, 55, 56, 57, 58, 59, 60, 61, 62, 63, 64, 65, 66, 67, 68, 69, 70, 71, 72, 73, 74, 75, 76, 77, 78, 79, 80, 81, 82, 83, 84, 85, 86, 87, 88, 89, 90, 91, 92, 93, 94, 95, 96, 97, 98, 99, 100, 101, 102, 103, 104, 105, 106, 107, 108, 109, 110, 111, 112, 113, 114, 115, 116, 117, 118, 119, 120, 121, 122, 123, 124, 125, 126, 127, 128, 129, 130, 131, 132, 133, 134, 135, 136, 137, 138, 139, 140, 141, 142, 143, 144, 145, 146, 147, 148, 149, 150, 151, 152, 153, 154, 155, 156, 157, 158, 159, 160, 161, 162, 163, 164, 165]
00ff5a67					PS2: [0, 18, 25, 33, 45, 56, 63, 71, 78, 86, 94, 95, 103, 111, 119, 128]					MC: [0, 9, 17, 26, 34, 43, 51, 60, 68, 77, 85, 94, 102, 111, 119, 128]
00ff887f					PS2: [0, 4, 12, 18, 27, 38, 47, 54, 62, 73, 81, 89, 98, 109, 120, 128]					MC: [0, 9, 10, 14, 15, 20, 21, 27, 28, 35, 36, 42, 43, 51, 52, 58, 59, 67, 68, 76, 77, 86, 87, 96, 97, 106, 107, 116, 117, 126, 127, 128, 129]
00ff94d4					PS2: [0, 1, 64, 115, 128]					MC: [0, 1, 2, 127, 128, 129]
ast_hair_ovl_alp.bmp					PS2: [0, 1, 2, 4, 5, 9, 10, 11, 12, 13, 15, 16, 17, 20, 21, 22, 23, 25, 26, 27, 29, 32, 33, 34, 35, 37, 38, 39, 40, 42, 43, 45, 48, 49, 50, 52, 55, 56, 58, 59, 60, 61, 62, 65, 66, 67, 68, 69, 71, 72, 74, 75, 77, 78, 79, 80, 81, 82, 83, 85, 86, 87, 88, 90, 93, 94, 95, 96, 97, 98, 100, 101, 102, 103, 104, 105, 108, 109, 110, 111, 112, 113, 114, 115, 116, 118, 119, 120, 121, 122, 123, 124, 125, 126, 127]					MC: [0, 1, 2, 3, 4, 5, 6, 7, 8, 9, 10, 11, 12, 13, 14, 15, 16, 17, 18, 19, 20, 21, 22, 23, 24, 25, 26, 27, 28, 29, 30, 31, 32, 33, 34, 35, 36, 37, 38, 39, 40, 41, 42, 43, 44, 45, 46, 47, 48, 49, 50, 51, 52, 53, 54, 55, 56, 57, 58, 59, 60, 61, 62, 63, 64, 65, 66, 67, 68, 69, 70, 71, 72, 73, 74, 75, 76, 77, 78, 79, 80, 81, 82, 83, 84, 85, 86, 87, 88, 89, 90, 91, 92, 93, 94, 95, 96, 97, 98, 99, 100, 101, 102, 103, 104, 105, 106, 107, 108, 109, 110, 111, 112, 113, 114, 115, 116, 117, 118, 119, 120, 121, 122, 123, 124, 125, 126, 127, 128, 129, 130, 131, 132, 133]
bos_mant_sub_ovl_alp.bmp					PS2: [0, 1, 2, 3, 4, 5, 6, 7, 8, 9, 10, 11, 12, 13, 14, 15, 16, 17, 18, 19, 20, 21, 22, 23, 24, 25, 26, 27, 28, 29, 30, 31, 32, 33, 34, 35, 36, 37, 38, 39, 40, 41, 42, 43, 44, 45, 46, 47, 48, 49, 50, 51, 52, 53, 54, 55, 56, 57, 58, 59, 60, 61, 62, 63, 64, 65, 66, 67, 68, 69, 70, 71, 72, 73, 74, 75, 76, 77, 78, 79, 80, 81, 82, 83, 84, 85, 86, 87, 88, 89, 90, 91, 92, 93, 94, 95, 96, 97, 98, 99, 100, 101, 102, 103, 104, 105, 106, 107, 108, 109, 110, 111, 112, 113, 114, 115, 116, 117, 118, 119, 120, 121, 122, 123, 124, 125, 126, 127, 128]					MC: [0, 1, 2, 3, 4, 5, 6, 7, 8, 9, 10, 11, 12, 13, 14, 15, 16, 17, 18, 19, 20, 21, 22, 23, 24, 25, 26, 27, 28, 29, 30, 31, 32, 33, 34, 35, 36, 37, 38, 39, 40, 41, 42, 43, 44, 45, 46, 47, 48, 49, 50, 51, 52, 53, 54, 55, 56, 57, 58, 59, 60, 61, 62, 63, 64, 65, 66, 67, 68, 69, 70, 71, 72, 73, 74, 75, 76, 77, 78, 79, 80, 81, 82, 83, 84, 85, 86, 87, 88, 89, 90, 91, 92, 93, 94, 95, 96, 97, 98, 99, 100, 101, 102, 103, 104, 105, 106, 107, 108, 109, 110, 111, 112, 113, 114, 115, 116, 117, 118, 119, 120, 121, 122, 123, 124, 125, 126, 127, 128, 129, 130, 131, 132, 133, 134, 135, 136, 137, 138, 139, 140, 142, 143, 144]
bos_ss_arm_ovl_add_alp.bmp					PS2: [0, 2, 4, 7, 9, 10, 12, 14, 15, 17, 19, 20, 21, 23, 24, 25, 27, 28, 29, 30, 31, 33, 34, 35, 36, 37, 38, 39, 40, 41, 42, 43, 44, 45, 46, 47, 48, 49, 50, 51, 52, 53, 54, 55, 56, 57, 58, 59, 60, 61, 62, 63, 64, 65, 66, 67, 68, 69, 70, 71, 72, 73, 74, 75, 76, 77, 78, 79, 80, 81, 82, 83, 84, 85, 86, 87, 88, 89, 90, 91, 92, 93, 95, 96, 97, 98, 99, 100, 101, 102, 103, 104, 105, 106, 107, 108, 109, 110, 111, 112, 113, 114, 115, 116, 118, 119, 120, 121, 122, 123, 124, 126, 128]					MC: [0, 1, 2, 3, 4, 5, 6, 7, 8, 9, 10, 11, 12, 13, 14, 15, 16, 17, 18, 19, 20, 21, 22, 23, 24, 25, 26, 27, 28, 29, 30, 31, 32, 33, 34, 35, 36, 37, 38, 39, 40, 41, 42, 43, 44, 45, 46, 47, 48, 49, 50, 51, 52, 53, 54, 55, 56, 57, 58, 59, 60, 61, 62, 63, 64, 65, 66, 67, 68, 69, 70, 71, 72, 73, 74, 75, 76, 77, 78, 79, 80, 81, 82, 83, 84, 85, 86, 87, 88, 89, 90, 91, 92, 93, 94, 95, 96, 97, 98, 99, 100, 101, 102, 103, 104, 105, 106, 107, 108, 109, 110, 111, 112, 113, 114, 115, 116, 117, 118, 119, 120, 121, 122, 123, 124, 125, 126, 127, 128, 129, 130, 131, 132, 133, 134, 135, 136, 137, 138, 139, 140, 141, 142, 143, 144, 145, 146, 147, 148, 149, 150, 154, 155]
bos_ss_leg_ibl_ovl_add_alp.bmp					PS2: [0, 1, 2, 3, 4, 5, 6, 7, 8, 9, 10, 11, 12, 13, 14, 15, 16, 17, 18, 19, 20, 21, 22, 23, 24, 25, 26, 27, 28, 29, 30, 31, 32, 33, 34, 35, 36, 37, 38, 39, 40, 41, 42, 43, 44, 45, 46, 47, 48, 49, 50, 51, 52, 53, 54, 55, 56, 57, 58, 59, 60, 61, 62, 63, 64, 65, 66, 67, 68, 69, 70, 71, 72, 73, 74, 75, 76, 77, 78, 79, 80, 81, 82, 83, 84, 85, 86, 87, 88, 89, 90, 91, 92, 93, 94, 95, 96, 97, 98, 99, 100, 101, 102, 103, 104, 105, 106, 107, 108, 109, 110, 111, 112, 113, 114, 115, 116, 117, 118, 119, 120, 121, 122, 123, 124, 125, 126, 128]					MC: [0, 1, 2, 3, 4, 5, 6, 7, 8, 9, 10, 11, 12, 13, 14, 15, 16, 17, 18, 19, 20, 21, 22, 23, 24, 25, 26, 27, 28, 29, 30, 31, 32, 33, 34, 35, 36, 37, 38, 39, 40, 41, 42, 43, 44, 45, 46, 47, 48, 49, 50, 51, 52, 53, 54, 55, 56, 57, 58, 59, 60, 61, 62, 63, 64, 65, 66, 67, 68, 69, 70, 71, 72, 73, 74, 75, 76, 77, 78, 79, 80, 81, 82, 83, 84, 85, 86, 87, 88, 89, 90, 91, 92, 93, 94, 95, 96, 97, 98, 99, 100, 101, 102, 103, 104, 105, 106, 107, 108, 109, 110, 111, 112, 113, 114, 115, 116, 117, 118, 119, 120, 121, 122, 123, 124, 125, 126, 127, 128, 129, 130, 131, 132, 133, 134, 135, 136, 137, 138, 139, 140, 141, 142, 143, 144, 145, 146, 147, 148, 149, 150, 151, 152, 153, 154, 155]
bos_ss_side_belt_ovl_add_alp.bmp					PS2: [0, 1, 2, 3, 4, 5, 6, 7, 8, 9, 10, 11, 12, 13, 14, 15, 16, 17, 18, 19, 20, 21, 22, 23, 24, 25, 26, 27, 28, 29, 30, 31, 32, 33, 34, 35, 36, 37, 38, 39, 40, 41, 42, 43, 44, 45, 46, 47, 48, 49, 50, 51, 52, 53, 54, 55, 56, 57, 58, 59, 60, 61, 62, 63, 64, 65, 66, 67, 68, 69, 70, 71, 72, 73, 74, 75, 76, 77, 78, 79, 80, 81, 82, 83, 84, 85, 86, 87, 88, 89, 90, 91, 92, 93, 94, 95, 96, 97, 98, 99, 100, 101, 102, 104, 105, 106, 107, 108, 109, 110, 111, 112, 113, 114, 115, 116, 117, 118, 119, 120, 121, 122, 123, 124, 125, 126, 127, 128]					MC: [0, 1, 2, 3, 4, 5, 6, 7, 8, 9, 10, 11, 12, 13, 14, 15, 16, 17, 18, 19, 20, 21, 22, 23, 24, 25, 26, 27, 28, 29, 30, 31, 32, 33, 34, 35, 36, 37, 38, 39, 40, 41, 42, 43, 44, 45, 46, 47, 48, 49, 50, 51, 52, 53, 54, 55, 56, 57, 58, 59, 60, 61, 62, 63, 64, 65, 66, 67, 68, 69, 70, 71, 72, 73, 74, 75, 76, 77, 78, 79, 80, 81, 82, 83, 84, 85, 86, 87, 88, 89, 90, 91, 92, 93, 94, 95, 96, 97, 98, 99, 100, 101, 102, 103, 104, 105, 106, 107, 108, 109, 110, 111, 112, 113, 114, 115, 116, 117, 118, 119, 120, 121, 122, 123, 124, 125, 126, 127, 128, 129, 130, 131, 132, 133, 134, 135, 136, 137, 138, 139, 140, 141, 142, 143, 144, 145, 146, 147, 148, 149, 150, 151, 152, 153, 154, 155, 156, 157, 158, 159, 160, 161, 162, 163, 164, 165, 166, 167, 168, 169, 170, 171, 172, 173, 174, 176, 177]
bos_vr_hair_back_ovl_alp.bmp					PS2: [0, 1, 2, 3, 4, 5, 6, 7, 8, 9, 10, 11, 12, 13, 14, 19, 20, 22, 23, 24, 26, 27, 28, 33, 35, 36, 37, 39, 40, 41, 42, 43, 45, 46, 48, 49, 50, 51, 52, 54, 56, 57, 58, 59, 60, 62, 63, 67, 70, 71, 72, 73, 74, 75, 76, 80, 81, 82, 83, 84, 86, 87, 88, 90, 91, 92, 94, 95, 96, 97, 98, 100, 101, 103, 104, 105, 106, 107, 109, 110, 112, 113, 114, 115, 116, 117, 119, 120, 121, 122, 123, 124, 125, 126, 127]					MC: [0, 1, 2, 3, 4, 5, 6, 7, 8, 9, 10, 11, 12, 13, 14, 15, 16, 17, 18, 19, 20, 21, 22, 23, 24, 25, 26, 27, 28, 29, 30, 31, 32, 33, 34, 35, 36, 37, 38, 39, 40, 41, 42, 43, 44, 45, 46, 47, 48, 49, 50, 51, 52, 53, 54, 55, 56, 57, 58, 59, 60, 61, 62, 63, 64, 65, 66, 67, 68, 69, 70, 71, 72, 73, 74, 75, 76, 77, 78, 79, 80, 81, 82, 83, 84, 85, 86, 87, 88, 89, 90, 91, 92, 93, 94, 95, 96, 97, 98, 99, 100, 101, 102, 103, 104, 105, 106, 107, 108, 109, 110, 111, 112, 113, 114, 115, 116, 117, 118, 119, 120, 121, 122, 123, 124, 125, 126, 127, 128, 129, 130, 131, 132, 133, 134, 135, 136, 137, 138, 139, 140, 141, 142, 143, 144, 145, 146, 147]
bos_vr_hair_long_ovl_alp.bmp					PS2: [0, 1, 2, 3, 4, 5, 6, 7, 8, 9, 10, 11, 12, 14, 15, 16, 17, 18, 19, 20, 23, 24, 25, 26, 27, 28, 29, 30, 31, 32, 33, 34, 35, 36, 39, 40, 41, 42, 44, 45, 47, 48, 49, 50, 52, 53, 54, 56, 57, 59, 60, 61, 63, 64, 65, 66, 67, 69, 72, 73, 74, 76, 78, 80, 82, 84, 85, 87, 88, 89, 90, 91, 93, 94, 97, 98, 99, 100, 103, 105, 106, 107, 108, 109, 110, 111, 113, 114, 115, 116, 117, 118, 119, 120, 121, 122, 123, 126, 127, 128]					MC: [0, 1, 2, 3, 4, 5, 6, 7, 8, 9, 10, 11, 12, 13, 14, 15, 16, 17, 18, 19, 20, 21, 22, 23, 24, 25, 26, 27, 28, 29, 30, 31, 32, 33, 34, 35, 36, 37, 38, 39, 40, 41, 42, 43, 44, 45, 46, 47, 48, 49, 50, 51, 52, 53, 54, 55, 56, 57, 58, 59, 60, 61, 62, 63, 64, 65, 66, 67, 68, 69, 70, 71, 72, 73, 74, 75, 76, 77, 78, 79, 80, 81, 82, 83, 84, 85, 86, 87, 88, 89, 90, 91, 92, 93, 94, 95, 96, 97, 98, 99, 100, 101, 102, 103, 104, 105, 106, 107, 108, 109, 110, 111, 112, 113, 114, 115, 116, 117, 118, 119, 120, 121, 122, 123, 124, 125, 126, 127, 128, 129, 130, 131, 132, 133, 134, 135, 136, 137]
bp_x_and_a_buttons					PS2: [0, 12, 17, 26, 33, 38, 51, 58, 72, 80, 94, 101, 106, 114, 122, 128]					MC: [0, 1, 2, 3, 4, 5, 6, 7, 8, 9, 10, 11, 12, 13, 14, 15, 16, 17, 18, 19, 20, 21, 22, 23, 24, 25, 26, 27, 28, 29, 30, 31, 32, 33, 34, 35, 36, 37, 38, 39, 40, 41, 42, 43, 44, 45, 46, 47, 48, 49, 50, 51, 52, 54, 55, 56, 57, 58, 59, 60, 61, 63, 64, 65, 66, 67, 68, 69, 70, 71, 72, 73, 74, 75, 76, 77, 78, 79, 80, 81, 82, 83, 84, 85, 86, 87, 88, 89, 90, 91, 92, 93, 94, 95, 96, 97, 98, 99, 100, 101, 102, 103, 104, 105, 106, 107, 108, 109, 110, 111, 112, 113, 114, 115, 116, 117, 118, 119, 120, 121, 122, 123, 124, 125, 126, 127, 128]
cia_face_ovl_sub_alp.bmp					PS2: [0, 1, 3, 5, 7, 9, 10, 11, 13, 14, 15, 16, 18, 21, 22, 25]					MC: [0, 1, 2, 3, 4, 5, 6, 7, 8, 9, 10, 11, 12, 13, 14, 15, 16, 17, 18, 19, 20, 21, 22, 23, 24, 25, 26, 27, 28, 29, 30, 31, 32, 33, 34, 35, 36, 37, 38, 40]
cia_hair_ovl_alp.bmp					PS2: [0, 1, 2, 3, 4, 5, 6, 7, 8, 9, 10, 11, 12, 13, 14, 15, 16, 17, 18, 19, 20, 21, 23, 24, 25, 26, 27, 28, 29, 30, 31, 32, 33, 34, 35, 36, 37, 38, 39, 40, 43, 44, 45, 46, 47, 48, 49, 50, 51, 52, 53, 54, 55, 56, 58, 59, 60, 62, 63, 66, 67, 68, 69, 70, 71, 72, 73, 74, 75, 76, 78, 79, 80, 82, 83, 84, 86, 87, 88, 89, 90, 91, 92, 93, 94, 95, 96, 97, 98, 99, 100, 102, 103, 104, 105, 106, 107, 108, 109, 110, 111, 112, 113, 114, 115, 116, 117, 118, 119, 120, 121, 122, 124, 125, 126]					MC: [0, 1, 2, 3, 4, 5, 6, 7, 8, 9, 10, 11, 12, 13, 14, 15, 16, 17, 18, 19, 20, 21, 22, 23, 24, 25, 26, 27, 28, 29, 30, 31, 32, 33, 34, 35, 36, 37, 38, 39, 40, 41, 42, 43, 44, 45, 46, 47, 48, 49, 50, 51, 52, 53, 54, 55, 56, 57, 58, 59, 60, 61, 62, 63, 64, 65, 66, 67, 68, 69, 70, 71, 72, 73, 74, 75, 76, 77, 78, 79, 80, 81, 82, 83, 84, 85, 86, 87, 88, 89, 90, 91, 92, 93, 94, 95, 96, 97, 98, 99, 100, 101, 102, 103, 104, 105, 106, 107, 108, 109, 110, 111, 112, 113, 114, 115, 116, 117, 118, 119, 120, 121, 122, 123, 124, 125, 126, 127, 128, 129]
cord_ovl_alp.bmp					PS2: [0, 10, 25, 39, 54, 62, 63, 69, 70, 80, 81, 89, 90, 101, 102, 107, 108, 112, 116, 122, 125, 128]					MC: [0, 1, 2, 3, 4, 5, 6, 7, 8, 9, 10, 11, 12, 13, 14, 15, 16, 17, 18, 19, 20, 21, 22, 23, 24, 25, 26, 27, 28, 29, 30, 31, 32, 33, 35, 36, 37, 38, 39, 40, 41, 42, 43, 44, 45, 46, 47, 48, 49, 50, 51, 52, 53, 54, 55, 56, 57, 58, 59, 60, 61, 62, 63, 64, 65, 66, 67, 68, 69, 70, 71, 72, 73, 74, 75, 76, 77, 78, 79, 80, 81, 82, 83, 84, 85, 86, 87, 88, 89, 90, 91, 92, 93, 94, 95, 96, 97, 98, 99, 100, 101, 102, 103, 104, 105, 106, 107, 108, 109, 110, 111, 112, 113, 114, 115, 116, 117, 118, 119, 120, 121, 122, 123, 124, 125, 126, 127, 128, 129, 130, 131, 132, 133, 134, 135, 136, 137, 138, 139, 140, 141, 142, 143, 144, 146, 149, 153]
dmo_gave_slide_sub_alp_ovl.bmp					PS2: [0, 1, 2, 3, 4, 5, 6, 7, 8, 9, 10, 11, 12, 13, 14, 15, 16, 17, 18, 19, 20, 21, 22, 23, 24, 25, 26, 27, 28, 29, 30, 31, 32, 34, 35, 36, 37, 38, 39, 40, 41, 42, 43, 44, 45, 46, 48, 49, 50, 51, 52, 53, 54, 55, 56, 57, 58, 60, 62, 63, 64, 66, 67, 68, 69, 70, 71, 73, 75, 76, 77, 78, 80, 82, 84, 86, 88, 89, 91, 93, 95, 97]					MC: [0, 1, 2, 3, 4, 5, 6, 7, 8, 9, 10, 11, 12, 13, 14, 15, 16, 17, 18, 19, 20, 21, 22, 23, 24, 25, 26, 27, 28, 29, 30, 31, 32, 33, 34, 35, 36, 37, 38, 39, 40, 41, 42, 43, 44, 45, 46, 47, 48, 49, 50, 51, 52, 53, 54, 55, 56, 57, 58, 59, 60, 61, 62, 63, 64, 65, 66, 67, 68, 69, 70, 71, 72, 73, 74, 75, 76, 77, 78, 79, 80, 81, 82, 83, 84, 85, 86, 87, 88, 89, 90, 91, 92, 93, 94, 95, 96, 97, 98, 99]
e00_gaju_alp_ovl.bmp					PS2: [0, 23, 25, 56, 62, 67, 77, 113, 115, 116, 119, 121, 123]					MC: [0, 3, 9, 13, 19, 25, 29, 33, 39, 43, 49, 53, 59, 63, 69, 73, 79, 83, 89, 95, 101, 107, 113, 119, 125, 128, 131, 137, 141, 147, 153, 159, 165, 171, 177, 183, 190, 196, 202, 210, 212, 220, 226, 232, 238, 248, 254]
e_tentobelto_alp_ovl.bmp					PS2: [0, 1, 126, 127, 128]					MC: [0, 4, 48, 68, 80, 108, 120, 125, 126, 127, 128, 129, 130]
end_ela01_alp_ovl.bmp					PS2: [0, 1, 6, 11, 16, 22, 26, 30, 35, 39, 40, 44, 49, 50, 57, 64, 69, 74, 75, 82, 83]					MC: [0, 1, 2, 3, 4, 5, 6, 7, 8, 9, 10, 11, 12, 13, 14, 15, 16, 17, 18, 19, 20, 21, 22, 23, 24, 25, 26, 27, 28, 29, 30, 31, 32, 33, 34, 35, 36, 37, 38, 39, 40, 41, 42, 43, 44, 45, 46, 47, 48, 49, 50, 51, 52, 53, 54, 55, 56, 57, 58, 59, 60, 61, 62, 63, 64, 65, 66, 67, 68, 69, 70, 71, 72, 73, 74, 75, 76, 77, 78, 79, 80, 81, 82, 83, 84, 85, 86, 87, 88, 89, 90, 91, 92, 93, 94, 95, 96, 97, 98]
end_gr_ovl_alp.bmp					PS2: [0, 1, 5, 7, 9, 12, 16, 19, 21, 22, 24, 27, 28, 31, 32, 36, 37, 39, 40, 41, 42, 43, 45, 47, 48, 50, 53, 55, 56, 61, 62, 64, 65, 68, 69, 71, 72, 73, 74, 76, 77, 80, 81, 82, 84, 85, 86, 87, 89, 90, 93, 98, 99, 100, 102, 103, 104, 105, 106, 107, 108, 109, 110, 111, 112, 113, 114, 115, 116, 118, 119, 120, 121, 123, 126, 127, 128]					MC: [0, 1, 2, 3, 4, 5, 6, 7, 8, 9, 10, 11, 12, 13, 14, 15, 16, 17, 18, 19, 20, 22, 24, 25, 26, 27, 28, 29, 30, 31, 32, 33, 34, 35, 38, 39, 40, 41, 42, 43, 44, 45, 46, 47, 48, 50, 51, 53, 54, 55, 56, 57, 58, 59, 60, 61, 62, 63, 65, 66, 67, 68, 69, 70, 71, 72, 73, 74, 75, 76, 77, 78, 81, 83, 84, 85, 86, 87, 88, 89, 90, 91, 92, 93, 94, 95, 96, 97, 100, 101, 102, 103, 104, 105, 107, 108, 109, 110, 111, 112, 113, 114, 115, 116, 117, 118, 119, 120, 121, 122, 123, 124, 125, 126, 127, 128, 129, 130, 131, 132, 133, 134, 135, 136, 137, 138, 139, 140, 141, 142, 143, 144, 145, 146, 147, 148, 149, 150, 151, 154, 158, 159]
end_item_case_def_sub_ovl_alp.bmp					PS2: [0, 1, 2, 3, 4, 5, 6, 7, 8, 9, 10, 11, 12, 13, 14, 15, 16, 17, 18, 19, 20, 21, 22, 23, 24, 25, 26, 27, 28, 29, 30, 31, 32, 33, 34, 35, 36, 37, 38, 39, 40, 41, 42, 43, 44, 46, 47, 49, 50, 51, 52, 53, 54, 55, 58, 67, 95]					MC: [0, 1, 2, 3, 4, 5, 6, 7, 8, 9, 10, 11, 12, 13, 14, 15, 16, 17, 18, 19, 20, 21, 22, 23, 24, 25, 26, 27, 28, 29, 30, 31, 32, 33, 34, 35, 36, 37, 38, 39, 40, 41, 42, 43, 44, 45, 46, 47, 48, 49, 50, 51, 52, 53, 54, 55, 56, 57, 58, 59, 60, 61, 62, 63, 64, 65, 66, 67, 68, 69, 70, 71, 72, 73, 74, 75, 76, 77, 78, 79, 81, 87, 90, 92, 93, 107, 118, 128]
end_item_hp_def_sub_ovl_alp.bmp					PS2: [0, 1, 2, 3, 4, 5, 6, 7, 8, 9, 10, 11, 12, 13, 14, 15, 16, 17, 18, 19, 20, 21, 22, 23, 24, 25, 26, 27, 28, 29, 30, 31, 32, 33, 34, 35, 36, 37, 38, 39, 40, 41, 42, 43, 44, 45, 46, 47, 48, 49, 50, 53, 54, 55, 56]					MC: [0, 1, 2, 3, 4, 5, 6, 7, 8, 9, 10, 11, 12, 13, 14, 15, 16, 17, 18, 19, 20, 21, 22, 23, 24, 25, 26, 27, 28, 29, 30, 31, 32, 33, 34, 35, 36, 37, 38, 39, 40, 41, 42, 43, 44, 45, 46, 47, 48, 49, 50, 51, 52, 53, 54, 55, 56, 57, 58, 59, 60]
end_item_hp_mc_sub_ovl_alp.bmp					PS2: [0, 1, 2, 3, 4, 5, 6, 7, 8, 9, 10, 11, 12, 13, 14, 15, 16, 17, 18, 19, 20, 21, 22, 23, 24, 25, 26, 27, 28, 29, 30, 52, 53]					MC: [0, 1, 2, 3, 4, 5, 6, 7, 8, 9, 10, 11, 12, 13, 14, 15, 16, 17, 18, 19, 20, 21, 22, 23, 24, 25, 26, 27, 28, 29, 30, 31, 32, 41, 45, 46, 47, 49, 50, 52, 53, 54, 55, 56, 57, 58, 59, 60, 61, 62, 63, 65, 67, 73]
end_mgs3_body_gr_ovl_alp.bmp					PS2: [0, 3, 8, 13, 14, 18, 27, 31, 34, 35, 42, 46, 50, 52, 56, 70, 72, 73, 74, 85, 92, 96, 100, 101, 103, 104, 113, 115, 116, 117, 126, 127, 128]					MC: [0, 1, 2, 3, 4, 5, 6, 7, 8, 9, 10, 11, 12, 13, 14, 15, 16, 17, 18, 19, 20, 21, 22, 23, 24, 25, 26, 27, 28, 29, 30, 31, 32, 33, 34, 35, 36, 37, 38, 40, 41, 43, 44, 46, 47, 48, 49, 50, 51, 52, 53, 54, 55, 56, 57, 58, 59, 60, 61, 62, 63, 64, 65, 66, 67, 68, 69, 71, 72, 73, 74, 75, 76, 77, 79, 80, 81, 82, 83, 84, 87, 88, 89, 90, 91, 92, 93, 94, 95, 96, 97, 99, 100, 102, 103, 104, 105, 106, 107, 108, 109, 110, 111, 112, 113, 114, 115, 116, 117, 118, 119, 120, 121, 122, 123, 124, 125, 126, 127, 128]
end_mgs3_body_red_ovl_alp.bmp					PS2: [0, 4, 8, 13, 14, 17, 26, 30, 31, 39, 42, 46, 52, 56, 59, 68, 70, 72, 78, 86, 90, 91, 92, 98, 101, 102, 104, 108, 109, 114, 115, 116, 117, 118, 121, 128]					MC: [0, 1, 2, 3, 4, 5, 6, 7, 8, 9, 10, 11, 12, 13, 14, 15, 16, 17, 18, 19, 20, 21, 22, 23, 24, 25, 26, 27, 28, 29, 30, 31, 32, 33, 34, 35, 36, 37, 38, 39, 40, 41, 43, 44, 45, 46, 47, 48, 49, 50, 51, 52, 53, 54, 55, 56, 57, 58, 59, 60, 61, 62, 63, 64, 65, 66, 67, 68, 69, 70, 71, 72, 73, 74, 75, 76, 79, 80, 81, 82, 83, 84, 85, 86, 87, 88, 89, 90, 91, 92, 93, 94, 95, 96, 97, 98, 99, 100, 101, 102, 104, 105, 106, 107, 108, 109, 110, 111, 112, 113, 114, 115, 116, 117, 118, 119, 120, 121, 122, 123, 124, 125, 126, 127, 128, 129, 130, 131, 132, 133, 134, 135, 136, 137, 138, 139, 140, 141, 142, 143, 144, 145, 146, 147, 148, 149, 150, 151, 152, 153, 154, 155, 156, 157, 158, 159, 160, 163, 169]
end_mgs3_face_def_sub_ovl_alp.bmp					PS2: [0, 1, 2, 3, 4, 5, 6, 7, 8, 9, 10, 11, 12, 13, 14, 15, 16, 17, 18, 19, 20, 21, 22, 23, 24, 25, 26, 27, 28, 29, 30, 31, 32, 33, 34, 35, 36, 37, 38, 39, 40, 41, 42, 43, 44, 45, 46, 47, 48, 49, 50, 51, 52, 53, 54, 55, 56, 57, 58, 59, 60, 61]					MC: [0, 1, 2, 3, 4, 5, 6, 7, 8, 9, 10, 11, 12, 13, 14, 15, 16, 17, 18, 19, 20, 21, 22, 23, 24, 25, 26, 27, 28, 29, 30, 31, 32, 33, 34, 35, 36, 37, 38, 39, 40, 41, 42, 43, 44, 45, 46, 47, 48, 49, 50, 51, 52, 53, 54, 55, 56, 57, 58, 59, 60, 61, 62, 63, 64, 65, 66, 67, 69, 71, 72, 73]
end_mgs3_hair_f_ovl_alp.bmp					PS2: [0, 1, 2, 3, 4, 5, 6, 7, 8, 9, 10, 12, 13, 15, 16, 17, 19, 20, 21, 22, 23, 24, 25, 27, 28, 29, 30, 32, 34, 35, 36, 37, 39, 40, 41, 42, 43, 45, 47, 49, 50, 51, 53, 54, 55, 56, 61, 62, 63, 64, 65, 67, 68, 70, 72, 73, 75, 76, 77, 78, 79, 80, 83, 84, 85, 86, 87, 88, 90, 91, 93, 94, 95, 96, 99, 100, 101, 103, 104, 105, 106, 107, 108, 110, 112, 113, 114, 115, 116, 118, 125, 126, 127, 128]					MC: [0, 1, 2, 3, 4, 5, 6, 7, 8, 9, 10, 11, 12, 13, 14, 15, 16, 17, 18, 19, 20, 21, 22, 23, 24, 25, 26, 27, 28, 29, 30, 31, 32, 33, 34, 35, 36, 37, 38, 39, 40, 41, 42, 43, 44, 45, 46, 47, 48, 49, 50, 51, 52, 53, 54, 55, 56, 57, 58, 59, 60, 61, 62, 63, 64, 65, 66, 67, 68, 69, 70, 71, 72, 73, 74, 75, 76, 77, 78, 79, 80, 81, 82, 83, 84, 85, 86, 87, 88, 89, 90, 91, 92, 93, 94, 95, 96, 97, 98, 99, 100, 101, 102, 103, 104, 105, 106, 107, 108, 109, 110, 111, 112, 113, 114, 115, 116, 117, 118, 119, 120, 121, 122, 123, 124, 125, 126, 127, 128, 129, 130, 131, 132]
ene_spe_boots1_ovl_sub_alp.bmp					PS2: [0, 2, 5, 6, 7, 8, 9, 10, 11, 12, 13, 14, 15, 16, 17, 18, 19, 20, 21, 22, 23, 24, 25, 26, 27, 28, 29, 30, 31, 32, 33, 34, 35, 36, 37, 38, 39, 40, 41, 42, 43, 44, 45, 47, 49, 50, 54, 57, 58, 59, 61, 72]					MC: [0, 1, 2, 3, 4, 5, 6, 7, 8, 9, 10, 11, 12, 13, 14, 15, 16, 17, 18, 19, 20, 21, 22, 23, 24, 25, 26, 27, 28, 29, 30, 31, 32, 33, 34, 35, 36, 37, 38, 39, 40, 41, 42, 43, 44, 45, 46, 47, 48, 49, 50, 51, 52, 53, 54, 55, 56, 57, 58, 59, 60, 61, 62, 63, 64, 65, 66, 70, 86]
ene_spe_boots2_ovl_sub_alp.bmp					PS2: [0, 1, 3, 7, 8, 10, 11, 12, 13, 14, 16, 17, 18, 19, 21, 23, 24, 25, 26, 28, 29, 30, 32, 33, 34, 36, 37, 38, 39, 41, 44, 47]					MC: [0, 1, 2, 3, 4, 5, 6, 7, 8, 9, 10, 11, 12, 13, 14, 15, 16, 17, 18, 19, 20, 21, 22, 23, 24, 25, 26, 27, 28, 29, 30, 31, 32, 33, 34, 35, 36, 37, 38, 39, 40, 41, 42, 43, 44, 45, 46, 47, 48, 49, 50, 51, 52, 53, 54, 55, 56, 57, 58, 61, 63]
ene_spe_boots3_ovl_sub_alp.bmp					PS2: [0, 5, 8, 10, 12, 14, 15, 17, 19, 21, 23, 25, 27, 29, 31, 33, 35, 37, 39, 41, 43, 45, 47, 49, 51, 53, 55, 59]					MC: [0, 1, 2, 3, 4, 5, 6, 7, 8, 9, 10, 11, 12, 13, 14, 15, 16, 17, 18, 19, 20, 21, 22, 23, 24, 25, 26, 27, 28, 29, 30, 31, 32, 33, 34, 35, 36, 37, 38, 39, 40, 41, 42, 43, 44, 45, 46, 47, 48, 49, 50, 51, 52, 53, 54, 55, 56, 57, 58, 59, 60, 61, 62, 63, 64, 65, 66, 67, 68, 71, 72, 73]
fea_face_ovl_sub_alp.bmp					PS2: [0, 1, 2, 3, 4, 5, 6, 7, 8, 9, 10, 11, 12, 13, 14, 15, 16, 17, 18, 19, 20, 21, 22, 23, 24, 25, 26, 27, 28, 29, 30, 31, 32, 33, 34, 35, 36, 37, 38, 39, 40, 41, 42, 43, 44, 45, 46, 47, 48, 49, 50, 51, 52, 53, 54, 55, 56, 57, 58, 59, 60, 61, 62, 63, 64, 65, 66, 67, 68, 69, 70, 71, 72, 73, 74, 75, 76, 77, 78, 79, 80, 81, 82, 83, 84, 85, 86, 87, 88, 89, 90]					MC: [0, 1, 2, 3, 4, 5, 6, 7, 8, 9, 10, 11, 12, 13, 14, 15, 16, 17, 18, 19, 20, 21, 22, 23, 24, 25, 26, 27, 28, 29, 30, 31, 32, 33, 34, 35, 36, 37, 38, 39, 40, 41, 42, 43, 44, 45, 46, 47, 48, 49, 50, 51, 52, 53, 54, 55, 56, 57, 58, 59, 60, 61, 62, 63, 64, 65, 66, 67, 68, 69, 70, 71, 72, 73, 74, 75, 76, 77, 78, 79, 80, 81, 82, 83, 84, 85, 86, 87, 88, 89, 90, 91, 92, 93, 94, 95, 96, 97, 99, 100, 103, 104, 105, 106, 108, 109, 110, 113, 115, 116, 117, 119, 123, 125]
fea_hair_top_ovl_alp.bmp					PS2: [0, 8, 17, 25, 34, 42, 51, 59, 68, 76, 85, 93, 102, 110, 119, 128]					MC: [0, 1, 2, 3, 4, 5, 6, 7, 8, 9, 10, 11, 12, 13, 14, 15, 16, 17, 18, 19, 20, 21, 22, 23, 24, 25, 26, 27, 28, 29, 30, 31, 32, 33, 34, 35, 36, 37, 38, 39, 40, 41, 42, 43, 44, 45, 46, 47, 48, 49, 50, 51, 52, 53, 54, 55, 56, 57, 58, 59, 60, 61, 62, 63, 64, 65, 66, 67, 68, 69, 70, 71, 72, 73, 74, 75, 76, 77, 78, 79, 80, 81, 82, 83, 84, 85, 86, 87, 88, 89, 90, 91, 92, 93, 94, 95, 96, 97, 98, 99, 100, 101, 102, 103, 104, 105, 106, 107, 108, 109, 110, 111, 112, 113, 114, 115, 116, 117, 118, 119, 120, 121, 122, 123, 124, 125, 126, 127, 128, 129, 130, 131, 132, 133, 134, 135, 136, 137, 138, 139, 140, 141, 143, 144, 145, 146, 147, 148, 149, 150, 151, 153, 154, 155, 156, 158, 159, 160, 161, 164]
fea_hair_top_white_ovl_alp.bmp					PS2: [0, 8, 17, 25, 34, 42, 51, 59, 68, 76, 85, 93, 102, 110, 119, 128]					MC: [0, 1, 2, 3, 4, 5, 6, 7, 8, 9, 10, 11, 12, 13, 14, 15, 16, 17, 18, 19, 20, 21, 22, 23, 24, 25, 26, 27, 28, 29, 30, 31, 32, 33, 34, 35, 36, 37, 38, 39, 40, 41, 42, 43, 44, 45, 46, 47, 48, 49, 50, 51, 52, 53, 54, 55, 56, 57, 58, 59, 60, 61, 62, 63, 64, 65, 66, 67, 68, 69, 70, 71, 72, 73, 74, 75, 76, 77, 78, 79, 80, 81, 82, 83, 84, 85, 86, 87, 88, 89, 90, 91, 92, 93, 94, 95, 96, 97, 98, 99, 100, 101, 102, 103, 104, 105, 106, 107, 108, 109, 110, 111, 112, 113, 114, 115, 116, 117, 118, 119, 120, 121, 122, 123, 124, 125, 126, 127, 128, 129, 130, 131, 132, 133, 134, 135, 136, 137, 138, 139, 140, 141, 142, 143, 144, 145, 146, 147, 148, 149, 150, 151, 152, 153, 154, 155, 156, 157, 159, 160]
fea_tongue_ovl_sub_alp.bmp					PS2: [0, 2, 3, 5, 8, 9, 10, 11, 12, 13, 14, 15, 16, 17, 18, 19, 20, 21, 22, 23, 24, 25, 26, 27, 28, 29, 30, 31, 32, 33, 34, 35, 36, 37, 38, 39, 40, 41, 42, 43, 44, 45, 46, 47, 48, 49, 50, 51, 52, 53, 54, 55, 56, 57, 58, 59, 60, 61, 62, 63, 64, 65, 66, 67, 68, 69, 70, 71, 72, 73, 74, 75, 76, 77, 78, 79, 80, 81, 82, 83, 84, 85, 86, 87, 88, 89, 90, 91, 92, 93, 94, 95, 96, 97, 98, 99, 100, 101, 102, 103, 104, 105, 106, 107, 108, 109, 110, 112, 113, 114, 115, 116, 117, 118, 119, 120, 121, 122, 123, 124, 125, 126, 127]					MC: [0, 1, 2, 3, 4, 5, 6, 7, 8, 9, 10, 11, 12, 13, 14, 15, 16, 17, 18, 19, 20, 21, 22, 23, 24, 25, 26, 27, 28, 29, 30, 31, 32, 33, 34, 35, 36, 37, 38, 39, 40, 41, 42, 43, 44, 45, 46, 47, 48, 49, 50, 51, 52, 53, 54, 55, 56, 57, 58, 59, 60, 61, 62, 63, 64, 65, 66, 67, 68, 69, 70, 71, 72, 73, 74, 75, 76, 77, 78, 79, 80, 81, 82, 83, 84, 85, 86, 87, 88, 89, 90, 91, 92, 93, 94, 95, 96, 97, 98, 99, 100, 101, 102, 103, 104, 105, 106, 107, 108, 109, 110, 111, 112, 113, 114, 115, 116, 117, 118, 119, 120, 121, 122, 123, 124, 125, 126, 127, 128, 129, 130, 131, 132, 133, 134, 135, 136, 137, 138, 139, 140, 141, 142, 144]
firewood_box_ovl_alp.bmp					PS2: [0, 3, 7, 15, 16, 25, 33, 34, 44, 61, 62, 79, 90, 98, 99, 104, 105, 112, 113, 119, 120, 122, 123, 126]					MC: [0, 1, 2, 3, 4, 5, 6, 7, 8, 9, 10, 11, 12, 13, 14, 15, 16, 17, 18, 19, 20, 21, 22, 23, 24, 25, 26, 27, 28, 29, 30, 31, 32, 33, 34, 35, 36, 37, 38, 39, 40, 41, 42, 43, 44, 45, 46, 47, 48, 49, 50, 51, 52, 53, 54, 55, 56, 57, 58, 59, 60, 61, 62, 63, 64, 65, 66, 67, 68, 69, 70, 71, 72, 73, 74, 75, 76, 77, 78, 79, 80, 81, 82, 83, 84, 85, 86, 87, 88, 89, 90, 91, 92, 93, 94, 95, 96, 97, 98, 99, 100, 101, 102, 103, 104, 105, 106, 107, 108, 109, 110, 111, 112, 113, 114, 115, 116, 117, 118, 119, 120, 121, 122, 123, 124, 125, 126, 127, 128]
gra_dead_botan2_ovl_alp.bmp					PS2: [0, 1, 3, 4, 5, 6, 15, 25, 26, 27, 28, 29, 30, 31, 32, 33, 40, 55, 59, 60, 64, 65, 69, 71, 72, 73, 74, 75, 76, 98, 99, 100, 105, 110, 111, 112, 116, 117, 118, 119, 128]					MC: [0, 1, 2, 3, 4, 5, 6, 7, 8, 9, 10, 11, 13, 14, 15, 16, 18, 19, 20, 21, 22, 23, 24, 26, 28, 29, 30, 31, 32, 33, 34, 35, 36, 37, 40, 41, 42, 45, 46, 47, 48, 49, 50, 52, 53, 54, 58, 59, 60, 61, 63, 64, 65, 66, 67, 68, 69, 70, 71, 72, 73, 75, 76, 77, 78, 81, 82, 83, 84, 85, 86, 87, 89, 91, 92, 93, 94, 95, 96, 97, 98, 99, 100, 101, 102, 103, 104, 105, 106, 107, 108, 109, 110, 111, 112, 113, 114, 115, 116, 117, 118, 119, 120, 121, 122, 123, 124, 125, 126, 127, 128, 129, 130, 131, 132, 133, 134, 135, 136, 137, 138, 139, 140, 141, 142, 143, 144, 145, 147, 148, 149]
gra_dead_botan_ovl_alp.bmp					PS2: [0, 1, 3, 4, 5, 6, 15, 25, 27, 28, 29, 30, 31, 32, 33, 39, 40, 55, 59, 60, 64, 65, 69, 71, 72, 73, 74, 75, 76, 98, 99, 100, 103, 105, 110, 111, 112, 116, 117, 118, 119, 127, 128]					MC: [0, 1, 2, 3, 4, 5, 6, 7, 8, 9, 10, 11, 12, 13, 14, 15, 16, 17, 18, 20, 21, 22, 23, 29, 30, 31, 32, 33, 36, 37, 38, 39, 41, 42, 43, 44, 45, 46, 47, 48, 49, 50, 54, 55, 56, 57, 58, 59, 60, 61, 62, 64, 65, 69, 70, 72, 73, 74, 75, 78, 79, 80, 82, 83, 84, 86, 88, 89, 90, 91, 92, 93, 94, 95, 97, 99, 100, 101, 102, 104, 105, 106, 107, 108, 109, 110, 111, 112, 113, 114, 115, 116, 117, 118, 119, 120, 121, 122, 123, 124, 125, 126, 127, 128, 129, 130, 131, 132, 133, 134, 135, 136, 137, 139, 140, 141, 142, 143, 144, 145, 146, 147, 148, 149, 150, 151, 152, 153, 154, 155, 157]
gra_dead_matuge_alp_ovl.bmp					PS2: [0, 1, 2, 3, 4, 5, 6, 7, 8, 9, 10, 11, 12, 13, 14, 15, 16, 17, 18, 19, 20, 21, 22, 23, 24, 25, 26, 27, 28, 29, 30, 31, 32, 33, 34, 35, 36, 37, 38, 39, 40, 41, 42, 43, 44, 45, 46, 47, 48, 49, 50, 51, 52, 53, 54, 55, 56, 57, 58, 59, 60, 61, 62, 63, 64, 65, 66, 67, 68, 69, 70, 71, 72, 73, 74, 75, 76, 77, 78, 79, 80, 81, 82, 83, 84, 85, 86, 87, 88, 89, 90, 91, 92, 93, 94, 95, 96, 97, 98, 99, 100, 101, 102, 103, 104, 105, 106, 107, 108, 109, 111, 112, 115]					MC: [0, 1, 2, 3, 4, 5, 6, 7, 8, 9, 10, 11, 12, 13, 14, 15, 16, 17, 18, 19, 20, 21, 22, 23, 24, 25, 26, 27, 28, 29, 30, 31, 32, 33, 34, 35, 36, 37, 38, 39, 40, 41, 42, 43, 44, 45, 46, 47, 48, 49, 50, 51, 52, 53, 54, 55, 56, 57, 58, 59, 60, 61, 62, 63, 64, 65, 66, 67, 68, 69, 70, 71, 72, 73, 74, 75, 76, 77, 78, 79, 80, 81, 82, 83, 84, 85, 86, 87, 88, 89, 90, 91, 92, 93, 94, 95, 96, 97, 98, 99, 100, 101, 102, 103, 104, 105, 106, 107, 108, 109, 110, 111, 112, 113, 114, 115, 116, 117, 118, 119]
gra_def_botan2_ovl_alp.bmp					PS2: [0, 1, 3, 4, 5, 6, 14, 15, 25, 26, 27, 28, 29, 30, 31, 32, 33, 34, 39, 40, 55, 59, 60, 64, 65, 69, 71, 72, 73, 74, 75, 76, 98, 99, 100, 103, 105, 110, 111, 112, 116, 117, 118, 119, 127, 128]					MC: [0, 1, 2, 3, 4, 5, 6, 7, 8, 9, 10, 11, 12, 13, 14, 15, 16, 17, 18, 19, 20, 21, 22, 23, 24, 26, 27, 28, 30, 31, 32, 33, 34, 35, 36, 37, 38, 39, 40, 43, 44, 46, 47, 48, 49, 50, 51, 52, 53, 56, 57, 58, 60, 61, 62, 63, 64, 65, 66, 67, 69, 70, 71, 72, 73, 74, 75, 77, 78, 80, 81, 82, 83, 85, 86, 87, 88, 89, 91, 92, 93, 94, 95, 97, 98, 99, 100, 101, 102, 103, 104, 106, 107, 108, 109, 110, 111, 112, 114, 115, 116, 117, 118, 119, 120, 121, 122, 123, 124, 125, 126, 127, 128, 129, 130, 131, 132, 133, 134, 135, 136, 137, 138, 139, 140, 141, 142, 143, 144, 145, 146, 147, 148, 149, 150]
gra_def_botan_ovl_alp.bmp					PS2: [0, 1, 3, 4, 5, 6, 14, 15, 25, 26, 27, 28, 29, 30, 31, 32, 33, 34, 39, 40, 55, 59, 60, 64, 65, 69, 71, 72, 73, 74, 75, 76, 98, 99, 100, 103, 105, 110, 111, 112, 116, 117, 118, 119, 127, 128]					MC: [0, 1, 2, 3, 4, 5, 6, 7, 8, 9, 10, 11, 12, 13, 14, 15, 16, 17, 20, 21, 28, 30, 31, 32, 33, 36, 37, 39, 41, 43, 44, 46, 48, 50, 54, 57, 58, 59, 60, 61, 62, 64, 65, 70, 71, 72, 77, 78, 82, 83, 86, 87, 88, 90, 91, 92, 93, 94, 99, 101, 103, 104, 108, 109, 111, 112, 113, 114, 115, 116, 117, 118, 119, 120, 121, 122, 123, 124, 125, 126, 127, 128, 129, 130, 131, 132, 133, 134, 135, 136, 138, 139, 140, 141, 142, 143, 144, 145, 146, 147, 148, 149, 151, 152, 155, 157]
gra_def_liquor_ovl_alp.bmp					PS2: [0, 2, 7, 10, 14, 18, 22, 27, 32, 37, 43, 48, 54, 61, 68, 79]					MC: [0, 1, 2, 3, 4, 5, 6, 7, 8, 9, 10, 11, 12, 13, 14, 15, 16, 17, 18, 19, 20, 21, 22, 23, 24, 25, 26, 27, 28, 29, 30, 31, 32, 33, 34, 35, 36, 37, 38, 39, 40, 41, 42, 43, 44, 45, 46, 47, 48, 49, 50, 51, 52, 53, 54, 55, 56, 57, 58, 59, 60, 61, 62, 63, 64, 65, 66, 67, 68, 69, 70, 71, 72, 73, 74, 75, 76, 77, 78, 79, 80, 81, 82, 83, 84, 85, 86]
guns_roter02_alp.trans.bmp					PS2: [0, 8, 17, 25, 34, 42, 51, 59, 68, 76, 85]					MC: [0, 1, 2, 3, 4, 5, 6, 7, 8, 9, 10, 11, 12, 13, 14, 15, 16, 17, 18, 19, 20, 21, 22, 23, 24, 25, 26, 27, 28, 29, 30, 31, 32, 33, 34, 35, 36, 37, 38, 39, 40, 41, 42, 43, 44, 45, 46, 47, 48, 49, 50, 51, 52, 53, 54, 55, 56, 57, 58, 59, 60, 61, 62, 63, 64, 65, 66, 67, 68, 69, 70, 71, 72, 73, 74, 75, 76, 77, 78, 79, 80, 81, 82, 83, 84, 85, 86, 87, 88, 89, 90]
jngl_eda1_alp_ovl_mip16000.bmp					PS2: [0, 17, 43, 54, 71, 81, 90, 95, 109, 122, 124, 125, 126]					MC: [0, 1, 2, 3, 4, 5, 6, 7, 8, 9, 10, 11, 12, 13, 14, 15, 16, 17, 18, 19, 20, 21, 22, 23, 24, 25, 26, 27, 28, 29, 30, 31, 32, 33, 34, 35, 36, 37, 38, 39, 40, 41, 42, 43, 44, 45, 46, 47, 48, 49, 50, 51, 52, 53, 54, 55, 56, 57, 58, 59, 60, 61, 62, 63, 64, 65, 66, 67, 68, 69, 70, 71, 72, 73, 74, 75, 76, 77, 78, 79, 80, 81, 82, 83, 84, 85, 86, 87, 88, 89, 90, 91, 92, 93, 94, 95, 96, 97, 98, 99, 100, 101, 102, 103, 104, 105, 106, 107, 108, 109, 110, 111, 112, 113, 114, 115, 116, 117, 118, 119, 120, 121, 122, 123, 124, 125, 126, 127, 128]
jngl_eda2_alp_ovl_mip8000.bmp					PS2: [0, 29, 56, 70, 83, 117, 118, 119, 120, 123, 125]					MC: [0, 1, 2, 3, 4, 5, 6, 7, 8, 9, 10, 11, 12, 13, 14, 15, 16, 17, 18, 19, 20, 21, 22, 23, 24, 25, 26, 27, 28, 29, 30, 31, 32, 33, 34, 36, 37, 38, 39, 40, 41, 42, 43, 45, 46, 47, 49, 50, 51, 52, 53, 54, 55, 56, 57, 60, 61, 62, 63, 64, 65, 66, 67, 69, 70, 71, 72, 73, 74, 75, 76, 77, 78, 79, 80, 81, 82, 83, 84, 85, 86, 87, 88, 89, 91, 92, 93, 94, 95, 96, 97, 98, 99, 100, 101, 102, 103, 104, 105, 106, 107, 108, 109, 110, 111, 112, 113, 114, 115, 116, 117, 118, 119, 120, 121, 122, 123, 124, 125, 126, 127, 128]
jngl_happa04_alp_ovl_mip16000.bmp					PS2: [0, 19, 57, 61, 63, 75, 106, 122, 125, 126]					MC: [0, 1, 2, 3, 4, 5, 6, 7, 8, 9, 10, 11, 16, 17, 18, 19, 20, 21, 22, 23, 26, 27, 28, 30, 35, 36, 43, 46, 47, 53, 54, 55, 56, 57, 58, 59, 64, 89, 90, 91, 92, 93, 94, 95, 109, 110, 112, 115, 117, 122, 123, 124, 125, 126, 127, 128, 129]
jngl_happa04_alp_ovl_mip8000.bmp					PS2: [0, 19, 57, 61, 63, 75, 106, 122, 125, 126]					MC: [0, 1, 2, 3, 4, 5, 6, 7, 8, 9, 10, 11, 16, 17, 18, 19, 20, 21, 22, 23, 26, 27, 28, 30, 35, 36, 43, 46, 47, 53, 54, 55, 56, 57, 58, 59, 64, 89, 90, 91, 92, 93, 94, 95, 109, 110, 112, 115, 117, 122, 123, 124, 125, 126, 127, 128, 129]
jngl_taki_eda_12_alp_ovl_mip8000.bmp					PS2: [0, 15, 40, 62, 80, 88, 96, 105, 124, 125, 126, 128]					MC: [0, 1, 2, 3, 4, 5, 6, 7, 8, 9, 10, 11, 12, 13, 14, 15, 16, 17, 18, 19, 20, 21, 22, 23, 24, 25, 26, 27, 28, 29, 30, 31, 32, 33, 34, 35, 36, 37, 38, 39, 40, 42, 43, 44, 45, 46, 47, 48, 49, 50, 51, 52, 53, 54, 55, 56, 57, 58, 59, 60, 61, 62, 63, 64, 65, 66, 67, 68, 69, 70, 71, 72, 73, 74, 75, 76, 77, 78, 79, 80, 81, 82, 83, 84, 85, 86, 87, 88, 89, 90, 91, 92, 93, 94, 95, 96, 97, 98, 99, 100, 101, 102, 103, 104, 105, 106, 107, 108, 109, 110, 111, 112, 113, 114, 115, 116, 117, 118, 119, 120, 121, 122, 123, 124, 125, 126, 127, 128, 129, 130, 131]
jngl_taki_eda_17_alp_ovl_mip4000.bmp					PS2: [0, 17, 46, 74, 96, 98, 106, 125, 126, 127, 128]					MC: [2, 5, 6, 7, 8, 9, 10, 11, 12, 14, 16, 17, 20, 22, 23, 24, 25, 26, 30, 31, 36, 40, 41, 42, 43, 45, 47, 57, 58, 59, 60, 66, 67, 68, 72, 73, 74, 75, 76, 79, 80, 81, 82, 85, 86, 89, 90, 91, 92, 93, 95, 97, 99, 102, 103, 106, 107, 108, 109, 110, 111, 112, 113, 115, 116, 117, 119, 121, 122, 123, 124, 125, 126, 127, 128, 129]
jngl_tree13_mid_ne_alp_ovl.bmp					PS2: [0, 1, 2, 3, 5, 6, 7, 11, 12, 13, 15, 16, 17, 18, 20, 23, 24, 25, 26, 29, 30, 31, 33, 36, 37, 38, 39, 40, 42, 48, 49, 50, 51, 52, 55, 56, 57, 58, 60, 61, 62, 63, 65, 70, 71, 72, 75, 76, 77, 78, 81, 82, 83, 84, 85, 87, 88, 89, 90, 91, 92, 96, 97, 99, 100, 101, 102, 103, 105, 106, 107, 108, 109, 110, 112, 116, 119, 120, 121, 124, 125, 126, 127, 128]					MC: [0, 1, 2, 3, 4, 5, 6, 7, 8, 9, 10, 11, 12, 13, 14, 15, 16, 17, 18, 19, 20, 21, 22, 23, 24, 25, 26, 27, 28, 29, 30, 31, 32, 33, 34, 35, 36, 37, 38, 39, 40, 41, 42, 43, 44, 45, 46, 47, 48, 49, 50, 51, 52, 53, 54, 55, 56, 57, 58, 59, 60, 61, 62, 63, 64, 65, 66, 67, 68, 69, 70, 71, 72, 73, 74, 75, 76, 77, 78, 79, 80, 81, 82, 83, 84, 85, 86, 87, 88, 89, 90, 91, 92, 93, 94, 95, 96, 97, 98, 99, 100, 101, 102, 103, 104, 105, 106, 107, 108, 109, 110, 111, 112, 113, 114, 115, 116, 117, 118, 119, 120, 121, 122, 123, 124, 125, 126, 127, 128, 129, 130, 131, 132, 133, 135, 136]
jngl_tsuta1_alp_ovl.bmp					PS2: [0, 9, 19, 34, 47, 58, 68, 78, 87, 95, 105, 108, 115, 122, 124]					MC: [0, 1, 2, 3, 4, 5, 6, 7, 8, 9, 10, 11, 12, 13, 14, 15, 16, 17, 18, 19, 20, 21, 22, 23, 24, 25, 26, 27, 28, 29, 30, 31, 32, 33, 34, 35, 36, 37, 38, 39, 40, 41, 42, 43, 44, 45, 46, 47, 48, 49, 50, 52, 53, 54, 55, 56, 57, 58, 59, 60, 61, 62, 63, 64, 65, 66, 67, 68, 69, 70, 71, 72, 73, 74, 75, 76, 77, 78, 79, 80, 81, 82, 83, 84, 85, 86, 87, 88, 89, 90, 91, 92, 93, 94, 95, 96, 97, 98, 99, 100, 101, 102, 103, 104, 105, 106, 107, 108, 109, 110, 111, 112, 113, 114, 115, 116, 117, 118, 119, 120, 121, 122, 123, 124, 125, 126, 127, 128, 129, 130, 131, 132, 133, 134, 135, 136, 137, 138, 139, 140, 141, 142, 143, 144, 145, 146, 147, 148, 149, 150, 151, 152, 153, 154, 155, 156, 157, 159, 160, 161, 162, 163, 164, 165, 166, 167, 168, 169, 170, 171, 172, 173, 174, 175, 176, 177, 178, 179, 180, 181, 182, 183, 184, 185, 186, 187, 188, 189, 190, 191, 192]
med_boots_himo_ovl_alp.bmp					PS2: [0, 1, 2, 4, 5, 6, 8, 10, 11, 13, 14, 15, 16, 18, 19, 21, 22, 23, 25, 26, 27, 29, 31, 32, 33, 34, 35, 36, 38, 39, 40, 42, 43, 44, 46, 47, 49, 50, 51, 52, 53, 54, 55, 56, 57, 58, 59, 60, 62, 63, 64, 66, 67, 68, 69, 70, 71, 72, 73, 74, 75, 77, 80, 81, 83, 84, 85, 86, 87, 89, 90, 91, 92, 93, 95, 96, 97, 98, 99, 100, 101, 102, 103, 105, 107, 108, 109, 110, 111, 112, 113, 114, 115, 116, 117, 118, 119, 120, 121, 122, 123, 124, 125, 126, 127, 128]					MC: [0, 127, 128]
med_bottun_suits_ovl_alp.bmp					PS2: [0, 1, 11, 12, 13, 18, 19, 20, 21, 37, 40, 53, 54, 62, 70, 99, 101, 108, 109, 117, 119, 122, 123, 127, 128]					MC: [0, 1, 2, 4, 5, 6, 7, 8, 9, 10, 11, 13, 14, 15, 16, 17, 18, 20, 21, 22, 23, 28, 29, 30, 31, 32, 33, 34, 35, 37, 38, 40, 41, 42, 43, 44, 47, 48, 49, 50, 51, 52, 54, 55, 57, 58, 62, 66, 68, 69, 70, 71, 86, 87, 90, 91, 95, 96, 97, 98, 99, 100, 101, 103, 107, 108, 109, 110, 111, 116, 117, 118, 119, 120, 121, 122, 123, 124, 125, 126, 127, 128, 129, 130, 131, 132, 133, 134, 135]
med_midle_hair_cal_ovl_alp.bmp					PS2: [0, 3, 4, 5, 7, 9, 13, 14, 15, 18, 19, 22, 23, 24, 27, 28, 29, 31, 33, 34, 38, 39, 42, 43, 44, 45, 48, 49, 50, 51, 52, 53, 54, 55, 58, 59, 60, 61, 62, 63, 66, 67, 68, 69, 70, 71, 72, 73, 74, 75, 77, 78, 79, 81, 83, 84, 87, 88, 89, 90, 91, 93, 94, 95, 96, 97, 98, 99, 100, 101, 102, 103, 104, 105, 106, 107, 109, 110, 111, 112, 113, 114, 115, 116, 117, 118, 119, 120, 122, 123, 124, 125, 126, 127]					MC: [0, 1, 2, 3, 4, 5, 6, 7, 8, 9, 10, 11, 12, 13, 14, 15, 16, 17, 18, 19, 20, 21, 22, 23, 24, 25, 26, 27, 28, 29, 30, 31, 32, 33, 34, 35, 36, 37, 38, 39, 40, 41, 42, 43, 44, 45, 46, 47, 48, 49, 50, 51, 52, 53, 54, 55, 56, 57, 58, 59, 60, 61, 62, 63, 64, 65, 66, 67, 68, 69, 70, 71, 72, 73, 74, 75, 76, 77, 78, 79, 80, 81, 82, 83, 84, 85, 86, 87, 88, 89, 90, 91, 92, 93, 94, 95, 96, 97, 98, 99, 100, 101, 102, 103, 104, 105, 106, 107, 108, 109, 110, 111, 112, 113, 114, 115, 116, 117, 118, 119, 120, 121, 122, 123, 124, 125, 126, 127, 128]
oum_wing_out_alp_ovl_col.bmp					PS2: [0, 1, 2, 3, 4, 7, 8, 9, 10, 13, 15, 16, 18, 19, 21, 23, 25, 27, 28, 29, 30, 31, 32, 35, 36, 37, 38, 39, 44, 45, 46, 48, 49, 51, 53, 56, 57, 59, 61, 62, 63, 69, 70, 72, 73, 77, 79, 83, 84, 85, 88, 89, 91, 92, 93, 95, 97, 98, 100, 101, 103, 104, 105, 106, 107, 108, 110, 111, 112, 113, 114, 115, 116, 118, 120, 121, 122, 125]					MC: [0, 1, 2, 3, 4, 5, 6, 7, 8, 9, 10, 11, 12, 13, 14, 15, 16, 17, 18, 19, 20, 21, 22, 23, 24, 25, 26, 27, 28, 29, 30, 31, 32, 33, 34, 35, 36, 37, 38, 39, 40, 41, 42, 43, 44, 45, 46, 47, 48, 49, 50, 51, 52, 53, 54, 55, 56, 57, 58, 59, 60, 61, 62, 63, 64, 65, 66, 67, 68, 69, 70, 71, 72, 73, 74, 75, 76, 77, 78, 79, 80, 81, 82, 83, 84, 85, 86, 87, 88, 89, 90, 91, 92, 93, 94, 95, 96, 97, 98, 99, 100, 101, 102, 103, 104, 105, 106, 107, 108, 109, 110, 111, 112, 113, 114, 115, 116, 117, 118, 119, 120, 121, 122, 123, 124, 125, 126, 127, 128, 129, 130, 131, 132, 133, 134, 135, 136, 137, 138, 139, 140, 141, 142, 143, 144, 145, 146, 147, 148, 149, 150, 151, 152, 153, 154, 155, 156, 157, 158, 159, 160, 161, 162, 163, 164, 165, 166, 167, 168, 169, 172, 173, 174, 175, 177, 179, 189]
picturem00_alp_ovl.bmp					PS2: [0, 72, 91, 128]					MC: [0, 1, 2, 3, 5, 6, 7, 8, 9, 10, 13, 69, 76, 77, 78, 79, 80, 81, 82, 83, 84, 85, 86, 87, 88, 89, 90, 91, 92, 93, 94, 96, 97, 98, 99, 100, 102, 104, 113, 117, 120, 121, 125, 126, 127, 128, 129, 130, 131, 132, 133, 134, 135, 136, 137, 139, 140, 142, 144, 145, 153, 154, 155, 156, 157, 158, 159, 160, 161, 162, 170]
pre_bottun_suits_ovl_alp.bmp					PS2: [0, 11, 13, 18, 19, 37, 53, 54, 62, 70, 99, 101, 108, 109, 117, 119, 122, 123, 128]					MC: [0, 1, 2, 3, 4, 5, 6, 7, 8, 9, 10, 11, 12, 13, 14, 15, 16, 17, 18, 20, 21, 22, 23, 25, 26, 27, 28, 29, 30, 32, 33, 36, 40, 42, 45, 46, 47, 48, 53, 55, 58, 59, 60, 61, 62, 63, 65, 66, 69, 70, 72, 73, 74, 76, 77, 78, 79, 80, 81, 82, 83, 85, 88, 90, 92, 93, 94, 95, 97, 98, 99, 100, 102, 103, 104, 105, 106, 108, 109, 111, 112, 113, 114, 115, 116, 117, 118, 119, 120, 121, 122, 123, 124, 126, 127, 128]
radio_mark_ovl_alp.bmp					PS2: [0, 3, 8, 9, 14, 16, 17, 22, 25, 29, 34, 35, 42, 45, 51, 54, 59, 68, 80, 81, 93, 102, 110, 119, 128]					MC: [0, 1, 2, 3, 4, 5, 6, 7, 8, 9, 10, 11, 12, 13, 14, 15, 16, 17, 18, 19, 20, 21, 22, 23, 24, 25, 26, 27, 28, 29, 30, 31, 32, 33, 34, 35, 36, 37, 38, 39, 40, 41, 42, 43, 44, 45, 46, 47, 48, 49, 50, 52, 53, 54, 55, 56, 57, 58, 61, 62, 63, 64, 65, 67, 68, 69, 70, 72, 74, 76, 77, 78, 79, 80, 81, 83, 87, 88, 91, 92, 94, 97, 98, 100, 101, 104, 107, 110, 113, 116, 119, 122, 123, 124, 126, 128, 130, 132, 135, 138, 141, 143, 147, 149, 150, 151, 152, 155, 157, 160, 163, 166, 168, 171, 173, 176, 179, 181, 182, 183, 185, 187, 190, 192, 195, 197, 200, 203, 205, 207, 210, 211, 212, 213, 214, 215, 216, 217, 218, 219, 220, 221, 222, 223, 224, 225, 226, 227, 228, 229, 232, 235, 237, 239, 241, 243, 246, 247, 248, 249, 250, 251, 252, 253, 254]
s001a_wall_edge01_alp_ovl_rep.bmp					PS2: [0, 5, 14, 25, 44, 61, 78, 97, 113, 128]					MC: [0, 1, 2, 3, 4, 5, 6, 7, 8, 9, 10, 11, 12, 13, 14, 15, 16, 17, 18, 19, 20, 21, 22, 23, 24, 25, 26, 27, 28, 29, 30, 31, 32, 33, 34, 35, 36, 37, 38, 39, 40, 41, 42, 43, 44, 45, 46, 47, 48, 49, 50, 51, 52, 53, 54, 55, 56, 57, 58, 59, 60, 61, 62, 63, 64, 65, 66, 67, 68, 69, 70, 71, 72, 73, 74, 75, 76, 77, 78, 79, 80, 81, 82, 83, 84, 85, 86, 87, 88, 89, 90, 91, 92, 93, 94, 95, 96, 97, 98, 99, 100, 101, 102, 103, 104, 105, 106, 107, 108, 109, 110, 111, 112, 113, 114, 115, 116, 117, 118, 119, 120, 121, 122, 123, 124, 125, 126, 127, 128, 129, 130, 131, 132, 133, 134, 135, 136, 137, 138, 139, 140, 141, 142, 143, 144, 145, 146, 147, 148, 149, 150, 151, 152, 153, 154, 155, 156, 157, 158, 159, 160, 161, 162, 163, 164, 165, 166, 167, 168, 169, 170, 171, 172, 173, 174, 175, 176, 177, 178, 179, 180, 181, 182, 183, 184, 185, 186, 187, 188, 189, 190, 191, 192, 193, 194, 195, 196, 197, 198, 199, 200, 201, 202, 203, 204, 205, 206, 207, 208, 209, 210, 211, 212, 213, 214, 215, 216, 217, 218, 219, 220, 221, 222, 223, 224, 225, 226, 227, 228, 229, 230, 231, 232, 233, 234, 235, 236, 237, 238, 239, 240, 241, 242, 243, 244, 245, 246, 247, 248, 249, 250, 251, 252, 253, 254]
s002a_wall_edge01_alp_ovl_rep.bmp					PS2: [0, 13, 32, 54, 78, 92, 100, 127, 128]					MC: [0, 1, 2, 3, 4, 5, 6, 7, 8, 9, 10, 11, 12, 13, 14, 15, 16, 17, 18, 19, 20, 21, 22, 23, 24, 25, 26, 27, 28, 29, 30, 31, 32, 33, 34, 35, 36, 37, 38, 39, 40, 41, 42, 43, 44, 45, 46, 47, 48, 49, 50, 51, 52, 53, 54, 55, 56, 57, 58, 59, 60, 61, 62, 63, 64, 65, 66, 67, 68, 69, 70, 71, 72, 73, 74, 75, 76, 77, 78, 79, 80, 81, 82, 83, 84, 85, 86, 87, 88, 89, 90, 91, 92, 93, 94, 95, 96, 97, 98, 99, 100, 101, 102, 103, 104, 105, 106, 107, 108, 109, 110, 111, 112, 113, 114, 115, 116, 117, 118, 119, 120, 121, 122, 123, 124, 125, 126, 127, 128, 129, 130, 131, 132, 133, 134, 135, 136, 137, 138, 139, 140, 141, 142, 143, 144, 145, 146, 147, 148, 149, 150, 151, 152, 153, 154, 155, 156, 157, 158, 160, 161, 162, 167, 168, 169, 170]
s003a_flr_swamp_edge01_alp_ovl.bmp					PS2: [0, 11, 31, 50, 51, 66, 83, 88, 89]					MC: [0, 1, 2, 3, 4, 5, 6, 7, 8, 9, 10, 11, 12, 13, 14, 15, 16, 17, 18, 19, 20, 21, 22, 23, 24, 25, 26, 27, 28, 29, 30, 31, 32, 33, 34, 35, 36, 37, 38, 39, 40, 41, 42, 43, 44, 45, 46, 47, 48, 49, 50, 51, 52, 53, 54, 55, 56, 57, 58, 59, 60, 61, 62, 63, 64, 65, 66, 67, 68, 69, 70, 71, 72, 73, 74, 75, 76, 77, 78, 79, 80, 81, 82, 83, 84, 85, 86, 87, 88, 89, 90, 91, 92, 93, 94, 95, 96, 97, 98, 99, 100, 101, 102, 103, 104, 105, 106, 107, 108, 109, 110, 111, 112, 113, 115, 116, 117, 119, 120, 123, 124, 130, 133, 134, 156]
s003a_rock_alp_ovl.bmp					PS2: [0, 18, 45, 79, 88, 124, 126, 127]					MC: [0, 1, 2, 3, 4, 5, 6, 7, 8, 9, 10, 11, 12, 13, 14, 15, 16, 17, 18, 19, 20, 21, 22, 23, 24, 25, 26, 27, 28, 29, 30, 31, 32, 33, 34, 35, 36, 37, 38, 39, 40, 41, 42, 43, 44, 45, 46, 47, 48, 49, 50, 51, 52, 53, 54, 55, 56, 57, 58, 59, 60, 61, 62, 63, 64, 65, 66, 67, 68, 69, 70, 71, 72, 73, 74, 75, 76, 77, 78, 79, 80, 81, 82, 83, 84, 85, 86, 87, 88, 89, 90, 91, 92, 93, 94, 95, 96, 97, 98, 99, 100, 101, 102, 103, 104, 105, 106, 107, 108, 109, 110, 111, 112, 113, 114, 115, 116, 117, 118, 119, 120, 121, 122, 123, 124, 125, 126, 127, 128, 129, 130, 131, 132, 133, 134, 135, 136, 137, 138, 139, 140, 141, 142, 143, 144, 145, 146, 147, 148, 149, 150, 151, 152, 153, 154, 155, 156, 157, 158, 159, 160, 161, 162, 163, 164, 165, 168, 169, 170, 172, 175, 184]
s003a_wall01_alp_ovl.bmp					PS2: [0, 10, 30, 56, 63, 88, 89]					MC: [0, 1, 2, 3, 4, 5, 6, 7, 8, 9, 10, 11, 12, 13, 14, 15, 16, 17, 18, 19, 20, 21, 22, 23, 24, 25, 26, 27, 28, 29, 30, 31, 32, 33, 34, 35, 36, 37, 38, 39, 40, 41, 42, 43, 44, 45, 46, 47, 48, 49, 50, 51, 52, 53, 54, 55, 56, 57, 58, 59, 60, 61, 62, 63, 64, 65, 66, 67, 68, 69, 70, 71, 72, 73, 74, 75, 76, 77, 78, 79, 80, 81, 82, 83, 84, 85, 86, 87, 88, 89, 90, 91, 92, 93, 94, 95, 96, 97, 98, 99, 100, 101, 102, 103, 104, 105, 106, 107, 108, 109, 110, 111, 112, 113, 114, 115, 116, 117, 120, 122, 123]
s004a_flor_noise04_alp_ovl_rep.bmp					PS2: [0, 18, 37, 56, 74, 86, 90, 108, 109, 127]					MC: [0, 2, 4, 6, 7, 9, 11, 13, 14, 16, 18, 20, 21, 23, 25, 27, 28, 30, 32, 34, 35, 37, 39, 41, 42, 44, 46, 48, 49, 51, 53, 55, 56, 58, 60, 62, 63, 65, 67, 69, 70, 72, 74, 76, 77, 79, 81, 83, 84, 86, 88, 89, 91, 93, 95, 96, 98, 100, 102, 103, 105, 107, 109, 110, 112, 114, 116, 117, 119, 121, 123, 124, 126, 128, 130, 131, 133, 135, 137, 138, 140, 142, 144, 145, 147, 149, 151, 152, 154, 156, 158, 159, 165]
s006a_dust1_alp_ovl.bmp					PS2: [0, 13, 28, 47, 63, 71, 97, 101, 126, 127, 128]					MC: [0, 1, 2, 3, 4, 5, 6, 7, 8, 9, 10, 11, 12, 13, 14, 15, 16, 17, 18, 19, 20, 21, 22, 23, 24, 25, 26, 27, 28, 29, 30, 31, 32, 33, 34, 35, 36, 37, 38, 39, 40, 41, 42, 43, 44, 45, 46, 47, 48, 49, 50, 51, 52, 53, 54, 55, 56, 57, 58, 59, 60, 61, 62, 63, 64, 65, 66, 67, 68, 69, 70, 71, 72, 73, 74, 75, 76, 77, 78, 79, 80, 81, 82, 83, 84, 85, 86, 87, 88, 89, 90, 91, 92, 93, 94, 95, 96, 97, 98, 99, 100, 101, 102, 103, 104, 105, 106, 107, 108, 109, 110, 111, 112, 113, 114, 115, 116, 117, 118, 119, 120, 121, 122, 123, 124, 125, 126, 127, 128, 129, 130, 131, 132, 133, 135, 136, 139, 144, 150, 152]
s006a_happa05_alp_ovl_mip8000.bmp					PS2: [0, 35, 53, 70, 87, 118, 122, 124, 125, 126, 127]					MC: [0, 1, 2, 3, 4, 5, 6, 7, 8, 9, 10, 11, 12, 13, 14, 15, 16, 17, 18, 19, 20, 21, 22, 23, 24, 25, 26, 27, 28, 29, 30, 31, 32, 33, 34, 35, 36, 37, 38, 39, 40, 41, 42, 43, 44, 45, 46, 47, 48, 49, 50, 51, 52, 53, 54, 55, 56, 57, 58, 59, 60, 61, 62, 63, 64, 65, 66, 67, 68, 69, 70, 71, 72, 73, 74, 75, 76, 77, 78, 79, 80, 81, 82, 83, 84, 85, 86, 87, 88, 89, 90, 91, 92, 93, 94, 95, 96, 97, 98, 99, 100, 101, 102, 103, 104, 105, 106, 107, 108, 109, 110, 111, 112, 113, 114, 115, 116, 117, 118, 119, 120, 121, 122, 123, 124, 125, 126, 127, 128]
s021a_bbwire_rep_alp_ovl.bmp					PS2: [0, 11, 28, 47, 55, 78, 103, 115, 118, 120, 123, 124, 125]					MC: [0, 1, 2, 3, 4, 5, 6, 7, 8, 9, 10, 11, 12, 13, 14, 15, 16, 17, 18, 19, 20, 21, 22, 23, 24, 25, 26, 27, 28, 29, 30, 31, 32, 33, 34, 35, 36, 37, 38, 39, 40, 41, 42, 43, 44, 45, 46, 47, 48, 49, 50, 51, 52, 53, 54, 55, 56, 57, 58, 59, 60, 61, 62, 63, 64, 65, 66, 67, 68, 69, 70, 71, 72, 73, 74, 75, 76, 77, 78, 79, 80, 81, 82, 83, 84, 85, 86, 87, 88, 89, 90, 91, 92, 93, 94, 95, 96, 97, 98, 99, 100, 101, 102, 103, 104, 105, 106, 107, 108, 109, 110, 111, 112, 113, 114, 115, 116, 117, 118, 119, 120, 121, 122, 123, 124, 125, 126, 127, 128, 129, 130, 131, 132, 133, 134, 135, 136, 137, 138, 139, 140, 141, 142, 143, 144, 145, 146, 147, 148, 149, 150, 151, 152, 153, 154, 155, 156, 157, 158, 159, 160, 161, 162, 163, 164, 165, 166, 167, 168, 169, 170, 171, 172, 174, 177, 189]
s021a_wf_battery_cable_alp_ovl.bmp					PS2: [0, 25, 51, 66, 72, 89, 92, 93, 106, 116, 123, 124, 125, 126, 127, 128]					MC: [0, 1, 2, 3, 4, 5, 6, 7, 8, 9, 10, 11, 12, 13, 14, 15, 16, 17, 18, 19, 20, 21, 22, 23, 24, 25, 26, 27, 28, 29, 30, 31, 32, 33, 34, 35, 36, 37, 38, 39, 40, 41, 42, 43, 44, 45, 46, 47, 48, 49, 50, 51, 52, 53, 54, 55, 56, 57, 58, 59, 60, 61, 62, 63, 64, 65, 66, 67, 68, 69, 70, 71, 72, 73, 74, 75, 76, 77, 78, 79, 80, 81, 82, 83, 84, 85, 86, 87, 88, 89, 90, 91, 92, 93, 94, 95, 96, 97, 98, 99, 100, 101, 102, 103, 104, 105, 106, 107, 108, 109, 110, 111, 112, 113, 114, 115, 116, 117, 118, 119, 120, 121]
s033a_koke_03_alp_ovl_rep.bmp					PS2: [0, 15, 33, 46, 54, 78, 92, 98, 113, 120, 122, 123, 125]					MC: [0, 1, 2, 3, 4, 5, 6, 7, 8, 9, 10, 11, 12, 13, 14, 15, 16, 17, 18, 19, 20, 21, 22, 23, 24, 25, 26, 27, 28, 29, 30, 31, 32, 33, 34, 35, 36, 37, 38, 39, 40, 41, 42, 43, 44, 45, 46, 47, 48, 49, 50, 51, 52, 53, 54, 55, 56, 57, 58, 59, 60, 61, 62, 63, 64, 65, 66, 67, 68, 69, 70, 71, 72, 73, 74, 75, 76, 77, 78, 79, 80, 81, 82, 83, 84, 85, 86, 87, 88, 89, 90, 91, 92, 93, 94, 95, 96, 97, 98, 99, 100, 101, 102, 103, 104, 105, 106, 107, 108, 109, 110, 111, 112, 113, 114, 115, 116, 117, 118, 119, 120, 121, 122, 123, 124, 125, 126, 127, 128, 129]
s042a_rubble00_alp_ovl.bmp					PS2: [0, 1, 15, 35, 50, 56, 78, 99, 104, 127, 128]					MC: [0, 1, 2, 3, 4, 5, 6, 7, 8, 9, 10, 11, 12, 13, 14, 15, 16, 17, 18, 19, 20, 21, 22, 23, 24, 25, 26, 27, 28, 29, 30, 31, 32, 33, 34, 35, 37, 38, 39, 40, 42, 44, 45, 46, 47, 49, 50, 52, 53, 54, 55, 57, 58, 60, 61, 63, 64, 66, 67, 69, 70, 72, 73, 75, 76, 78, 79, 81, 82, 85, 86, 88, 89, 91, 93, 95, 96, 98, 100, 102, 103, 106, 107, 109, 111, 113, 114, 117, 118, 121, 123, 125, 127, 129, 131, 133, 135, 137, 139, 141, 144, 145, 148, 149, 152, 154, 157, 158, 161, 162, 165, 167, 170, 171, 175, 176, 179, 181, 184, 185, 189, 190, 193, 200, 215]
s044a_fl05_alp_ovl.bmp					PS2: [0, 1, 2, 3, 4, 5, 6, 7, 8, 9, 11, 12, 13, 16, 17, 18, 19, 21, 22, 23, 24, 25, 26, 27, 28, 29, 30, 31, 32, 33, 36, 37, 38, 40, 41, 42, 43, 45, 46, 47, 49, 50, 51, 52, 54, 56, 57, 58, 59, 61, 63, 65, 67, 68, 71, 72, 74, 75, 78, 80, 81, 84, 85, 87, 88, 91, 92, 93, 94, 95, 96, 98, 99, 100, 101, 102, 103, 106, 107, 108, 110, 111, 112, 113, 116, 118, 120, 121, 123, 124, 125, 128]					MC: [0, 1, 2, 3, 4, 5, 6, 7, 8, 9, 10, 11, 12, 13, 14, 15, 16, 17, 18, 19, 20, 21, 22, 23, 24, 25, 26, 27, 28, 29, 30, 31, 32, 33, 34, 35, 36, 37, 38, 39, 40, 41, 42, 43, 44, 45, 46, 47, 48, 49, 50, 51, 52, 53, 54, 55, 56, 57, 58, 59, 60, 61, 62, 63, 64, 65, 66, 67, 68, 69, 70, 71, 72, 73, 74, 75, 76, 77, 78, 79, 80, 81, 82, 83, 84, 85, 86, 87, 88, 89, 90, 91, 92, 93, 94, 95, 96, 97, 98, 99, 100, 101, 102, 103, 104, 105, 106, 107, 108, 109, 110, 111, 112, 113, 114, 115, 116, 117, 118, 119, 120, 121, 122, 123, 124, 125, 126, 127, 128, 129, 130, 131, 132, 133, 134, 135, 136, 137, 138, 139, 140, 142, 143, 144]
s044a_flrusty01_alp_ovl.bmp					PS2: [0, 2, 3, 4, 5, 6, 7, 8, 9, 10, 11, 12, 13, 14, 16, 17, 18, 19, 20, 21, 22, 23, 24, 25, 26, 28, 29, 30, 31, 32, 34, 35, 36, 37, 39, 40, 42, 43, 44, 45, 46, 47, 49, 51, 52, 54, 55, 57, 58, 59, 60, 61, 62, 63, 64, 65, 67, 68, 70, 71, 73, 74, 75, 76, 78, 79, 80, 82, 84, 86, 87, 88, 90, 91, 92, 93, 94, 95, 96, 98, 99, 100, 101, 102, 104, 106, 107, 108, 110, 111, 112, 113, 114, 116, 117, 119, 120, 121, 122, 123, 124, 125, 126, 127, 128]					MC: [0, 1, 2, 3, 4, 5, 6, 7, 8, 9, 10, 11, 12, 13, 14, 15, 16, 17, 18, 19, 20, 21, 22, 23, 24, 25, 26, 27, 28, 29, 30, 31, 32, 33, 34, 35, 36, 37, 38, 39, 40, 41, 42, 43, 44, 45, 46, 47, 48, 49, 50, 51, 52, 53, 54, 55, 56, 57, 58, 59, 60, 61, 62, 63, 64, 65, 66, 67, 68, 69, 70, 71, 72, 73, 74, 75, 76, 77, 78, 79, 80, 81, 82, 83, 84, 85, 86, 87, 88, 89, 90, 91, 92, 93, 94, 95, 96, 97, 98, 99, 100, 101, 102, 103, 104, 105, 106, 107, 108, 109, 110, 111, 112, 113, 114, 115, 116, 117, 118, 119, 120, 121, 122, 123, 124, 125, 126, 127, 128, 129, 130, 131, 132, 133, 134]
s044a_wallobj00_alp_ovl.bmp					PS2: [0, 8, 9, 14, 34, 61, 83, 92, 126, 128]					MC: [0, 1, 2, 3, 4, 5, 6, 7, 8, 9, 10, 11, 12, 13, 14, 15, 16, 17, 18, 19, 20, 21, 22, 23, 24, 25, 26, 27, 28, 29, 30, 31, 32, 33, 34, 35, 36, 37, 38, 39, 40, 41, 42, 43, 44, 45, 46, 47, 48, 49, 50, 51, 52, 53, 54, 55, 56, 57, 58, 59, 60, 61, 62, 63, 64, 65, 66, 67, 68, 69, 70, 71, 72, 73, 74, 75, 76, 77, 78, 79, 80, 81, 82, 83, 84, 85, 86, 87, 88, 89, 90, 91, 92, 93, 94, 95, 96, 97, 98, 99, 100, 101, 102, 103, 104, 105, 106, 107, 108, 109, 110, 111, 112, 113, 114, 115, 116, 117, 118, 119, 120, 121, 122, 123, 124, 125, 126, 127, 128, 129, 130, 131, 132, 133, 134, 135, 136, 137, 138, 139, 140]
s044a_wallrusty01_alp_ovl.bmp					PS2: [0, 2, 3, 4, 5, 6, 7, 8, 9, 10, 11, 12, 13, 14, 16, 17, 18, 20, 21, 22, 23, 24, 26, 27, 28, 29, 31, 32, 33, 34, 35, 36, 38, 39, 40, 42, 44, 45, 46, 50, 51, 52, 55, 56, 57, 59, 62, 63, 64, 65, 66, 67, 68, 69, 72, 73, 75, 76, 77, 79, 80, 81, 83, 84, 86, 87, 88, 89, 91, 92, 94, 95, 97, 98, 99, 100, 101, 102, 103, 104, 106, 107, 108, 109, 111, 113, 116, 117, 118, 121, 122, 124, 125, 128]					MC: [0, 1, 2, 3, 4, 5, 6, 7, 8, 9, 10, 11, 12, 13, 14, 15, 16, 17, 18, 19, 20, 21, 22, 23, 24, 25, 26, 27, 28, 29, 30, 31, 32, 33, 34, 35, 36, 37, 38, 39, 40, 41, 42, 43, 44, 45, 46, 47, 48, 49, 50, 51, 52, 53, 54, 55, 56, 57, 58, 59, 60, 61, 62, 63, 64, 65, 66, 67, 68, 69, 70, 71, 72, 73, 74, 75, 76, 77, 78, 79, 80, 81, 82, 83, 84, 85, 86, 87, 88, 89, 90, 91, 92, 93, 94, 95, 96, 97, 98, 99, 100, 101, 102, 103, 104, 105, 106, 107, 108, 109, 110, 111, 112, 113, 114, 115, 116, 117, 118, 119, 120, 121, 122, 123, 124, 125, 126, 127, 128, 129, 130, 131, 132, 133, 134, 135, 136, 137, 138, 139, 140]
s052a_ent_deco_01_alp_ovl.bmp					PS2: [0, 12, 37, 38, 128]					MC: [0, 1, 9, 12, 13, 14, 15, 17, 18, 19, 21, 22, 23, 24, 26, 27, 99, 104, 105]
s052a_ent_mat_01_alp_ovl.bmp					PS2: [0, 27, 52, 128]					MC: [0, 1, 2, 3, 4, 5, 6, 7, 8, 9, 10, 14, 15, 16, 17, 18, 19, 20, 21, 22, 23, 24, 25, 26, 30, 31, 32, 33, 34, 35, 36, 37, 38, 39, 40, 41, 42, 43, 44, 45, 46, 47, 48, 49, 50, 51, 52, 53, 54, 55, 56, 57, 58, 59, 60, 61, 62, 63, 64, 65, 66, 67, 68, 69, 105, 107, 121, 122, 123, 124, 125, 126, 127, 128, 129, 130, 131, 132, 133, 134, 135, 136, 137]
s052a_ent_mat_02_alp_ovl.bmp					PS2: [0, 27, 52, 128]					MC: [0, 1, 2, 3, 4, 5, 6, 7, 8, 9, 10, 11, 12, 14, 15, 16, 17, 19, 21, 23, 24, 25, 26, 27, 28, 29, 30, 31, 32, 33, 34, 35, 36, 37, 38, 39, 40, 41, 42, 43, 44, 46, 47, 48, 49, 50, 51, 52, 53, 54, 55, 59, 60, 61, 62, 63, 64, 69, 70, 72, 74, 76, 77, 78, 80, 81, 82, 83, 84, 91, 99, 101, 102, 107, 108, 109, 110, 111, 112, 113, 124, 125, 126, 127, 128, 129, 130, 131, 132, 133, 134, 136, 137]
s052a_gate_door_04mk_alp_ovl.bmp					PS2: [0, 25, 128]					MC: [0, 1, 2, 3, 4, 5, 6, 7, 8, 9, 10, 11, 12, 13, 14, 16, 17, 18, 19, 20, 21, 22, 23, 24, 26, 27, 28, 29, 30, 31, 32, 33, 34, 40, 42, 43, 44, 45, 46, 47, 48, 49, 50, 52, 56, 58, 63, 64, 65, 66, 67, 68, 73, 81, 88, 89, 90, 91, 92, 93, 94, 96, 97, 102, 104, 105, 107, 109, 122, 123, 124, 126, 127, 128, 129, 130, 131, 132, 133, 134, 135, 136, 137, 138, 139, 144]
s052a_noon_ent_kage_02_alp_ovl.bmp					PS2: [0, 1, 3, 8, 9, 14, 16, 25, 47, 48, 49, 55, 56, 58, 62, 64]					MC: [0, 1, 2, 3, 4, 5, 6, 7, 8, 9, 10, 11, 12, 13, 14, 15, 16, 17, 18, 19, 20, 21, 22, 23, 24, 25, 26, 27, 28, 29, 30, 31, 32, 33, 34, 35, 36, 37, 38, 39, 40, 41, 42, 43, 44, 45, 46, 47, 48, 49, 50, 51, 52, 53, 54, 55, 56, 57, 58, 59, 60, 61, 62, 63, 64, 65]
s062a_wodbrk01_alp_ovl.bmp					PS2: [0, 7, 15, 25, 39, 53, 74, 81, 95, 112, 124, 128]					MC: [0, 1, 2, 3, 4, 5, 6, 7, 8, 9, 10, 11, 12, 13, 14, 15, 16, 17, 18, 19, 20, 21, 22, 23, 24, 25, 26, 27, 28, 29, 30, 31, 32, 33, 34, 35, 36, 37, 38, 39, 40, 41, 42, 43, 44, 45, 46, 47, 48, 49, 50, 51, 52, 53, 54, 55, 56, 57, 58, 60, 61, 62, 63, 64, 65, 66, 67, 68, 69, 70, 71, 72, 73, 74, 75, 76, 77, 78, 79, 80, 81, 82, 83, 84, 85, 86, 87, 88, 89, 90, 91, 92, 93, 95, 96, 97, 98, 99, 100, 101, 102, 103, 104, 105, 106, 107, 108, 109, 110, 111, 112, 113, 114, 115, 116, 117, 118, 119, 120, 121, 122, 123, 124, 125, 126, 127, 128, 129, 130, 131, 132, 133, 134, 135, 136, 137, 138, 139, 140, 141, 142, 143, 144, 145, 146, 147, 148, 149, 150, 151, 152, 153, 154, 155, 156]
s062a_wodbrk04_alp_ovl.bmp					PS2: [0, 6, 19, 33, 96, 110, 128]					MC: [0, 1, 2, 3, 4, 5, 6, 7, 8, 9, 10, 11, 12, 13, 14, 15, 16, 17, 18, 19, 20, 21, 22, 23, 24, 25, 26, 27, 28, 29, 30, 31, 32, 33, 34, 35, 36, 37, 38, 39, 40, 41, 42, 43, 44, 45, 46, 49, 51, 52, 53, 54, 55, 56, 57, 58, 59, 60, 61, 62, 63, 64, 65, 66, 67, 68, 69, 70, 71, 72, 73, 74, 75, 76, 77, 78, 79, 80, 81, 82, 84, 85, 86, 87, 88, 90, 91, 92, 93, 94, 95, 96, 97, 98, 99, 100, 101, 102, 103, 104, 105, 106, 107, 108, 109, 110, 111, 112, 113, 114, 115, 116, 117, 118, 119, 120, 121, 122, 123, 124, 125, 126, 127, 128, 129, 130, 131, 132, 133, 134, 135]
s063a_thin_leaf1_alp_ovl_mip8000.bmp					PS2: [0, 12, 28, 56, 57, 82, 88, 91, 101, 117, 120, 121, 122, 123, 124]					MC: [7, 8, 9, 10, 11, 12, 13, 14, 15, 16, 17, 18, 19, 20, 21, 22, 23, 24, 25, 26, 27, 28, 29, 30, 31, 33, 34, 35, 36, 37, 38, 40, 41, 42, 43, 44, 45, 46, 47, 49, 50, 51, 53, 54, 56, 57, 59, 60, 62, 63, 64, 65, 67, 68, 71, 72, 73, 75, 76, 77, 78, 79, 80, 81, 82, 85, 86, 87, 88, 89, 90, 91, 92, 93, 94, 95, 97, 98, 99, 100, 101, 102, 103, 104, 105, 107, 108, 109, 110, 111, 112, 113, 114, 115, 116, 117, 118, 119, 120, 121, 122, 123, 124, 125, 126, 127, 128]
s064a_deadtree2_root_alp_ovl_rep.bmp					PS2: [0, 1, 2, 3, 5, 6, 18, 20, 21, 22, 23, 24, 27, 29, 31, 32, 33, 34, 35, 37, 40, 41, 42, 43, 44, 46, 47, 49, 51, 52, 53, 54, 55, 57, 58, 60, 61, 62, 63, 64, 65, 67, 68, 70, 72, 73, 74, 77, 78, 80, 81, 86, 87, 88, 89, 90, 91, 92, 93, 94, 96, 97, 98, 99, 100, 102, 104, 105, 106, 107, 108, 109, 110, 111, 114, 115, 116, 120, 124, 125, 126, 127, 128]					MC: [0, 1, 2, 3, 4, 5, 6, 7, 8, 9, 10, 11, 12, 13, 14, 15, 16, 17, 18, 19, 20, 21, 22, 23, 24, 25, 26, 27, 28, 29, 30, 31, 32, 33, 34, 35, 36, 37, 38, 39, 40, 41, 42, 43, 44, 45, 46, 47, 48, 49, 50, 51, 52, 53, 54, 55, 56, 57, 58, 59, 60, 61, 62, 63, 64, 65, 66, 67, 68, 69, 70, 71, 72, 73, 74, 75, 76, 77, 78, 79, 80, 81, 82, 83, 84, 85, 86, 87, 88, 89, 90, 91, 92, 93, 94, 95, 96, 97, 98, 99, 100, 101, 102, 103, 104, 105, 106, 107, 108, 109, 110, 111, 112, 113, 114, 115, 116, 117, 118, 119, 120, 121, 122, 123, 124, 125, 126, 127, 128, 129, 130, 131]
s071a_snow_06_alp_ovl_rep.bmp					PS2: [0, 12, 18, 21, 40, 67, 75, 128]					MC: [0, 1, 2, 3, 4, 5, 6, 7, 8, 9, 10, 11, 12, 13, 14, 15, 16, 17, 18, 19, 20, 21, 22, 23, 24, 25, 26, 27, 28, 29, 30, 31, 32, 33, 34, 35, 36, 37, 38, 39, 40, 41, 42, 43, 44, 45, 46, 47, 48, 49, 50, 51, 52, 53, 54, 55, 56, 57, 58, 59, 60, 61, 62, 63, 64, 65, 66, 67, 68, 69, 70, 71, 72, 73, 74, 75, 76, 77, 78, 79, 80, 81, 82, 83, 84, 85, 86, 87, 88, 89, 90, 91, 92, 93, 94, 95, 96, 97, 98, 99, 100, 101, 102, 103, 104, 105, 106, 107, 108, 109, 110, 111, 112, 113, 114, 115, 116, 117, 118, 119, 120, 121, 122, 123, 124, 125, 126, 127, 128, 129, 130, 131, 132, 133, 134, 135, 136, 137, 138, 139, 140, 141, 144]
s091a_hange_alp_ovl.bmp					PS2: [0, 64, 128]					MC: [0, 1, 2, 3, 7, 8, 11, 12, 13, 15, 16, 17, 19, 29, 30, 32, 33, 34, 37, 118, 120, 121, 122, 124, 125, 126, 127, 128]
s091a_jimenk02_alp_ovl.bmp					PS2: [0, 3, 6, 10, 18, 28, 37, 44, 51, 57, 63, 68, 72, 80, 85]					MC: [0, 1, 2, 3, 4, 5, 6, 7, 8, 9, 10, 11, 12, 13, 14, 15, 16, 17, 18, 19, 20, 21, 22, 23, 24, 25, 26, 27, 28, 29, 30, 31, 32, 33, 34, 35, 36, 37, 38, 39, 40, 41, 42, 43, 44, 45, 46, 47, 48, 49, 50, 51, 52, 53, 54, 55, 56, 57, 58, 59, 60, 61, 62, 63, 64, 65, 66, 67, 68, 69, 70, 71, 72, 73, 74, 75, 76, 77, 78, 79, 80, 81, 82, 83, 84, 85, 86, 87, 88, 89, 90, 91, 92, 93, 94, 95, 96, 97, 98, 99, 100, 101, 102, 103, 104, 105, 106, 107, 108, 109, 111, 112, 113, 114, 115, 116, 117, 119, 120, 121, 122, 123, 124, 126, 128]
s091a_platea_alp_ovl.bmp					PS2: [0, 64, 128]					MC: [0, 1, 2, 5, 6, 7, 8, 9, 11, 22, 23, 24, 27, 28, 30, 32, 33, 77, 79, 81, 84, 85, 86, 87, 88, 89, 90, 91, 92, 93, 98, 99, 104, 114, 115, 116, 123, 124, 125, 126, 127, 128]
s094a_wall00_alp_ovl.bmp					PS2: [0, 24, 39, 74, 83, 127, 128]					MC: [0, 1, 2, 3, 4, 5, 6, 7, 8, 9, 10, 11, 12, 13, 14, 15, 16, 17, 18, 19, 20, 21, 22, 23, 24, 25, 26, 27, 28, 29, 30, 31, 32, 33, 34, 35, 36, 37, 38, 39, 40, 41, 42, 43, 44, 45, 46, 47, 48, 49, 50, 51, 52, 53, 54, 55, 56, 57, 58, 59, 60, 61, 62, 63, 64, 65, 66, 67, 68, 69, 70, 71, 72, 73, 74, 75, 76, 77, 78, 79, 80, 81, 82, 83, 84, 85, 86, 87, 88, 89, 90, 91, 92, 93, 94, 95, 96, 97, 98, 99, 100, 101, 102, 103, 104, 105, 106, 107, 108, 109, 110, 111, 112, 113, 114, 115, 116, 117, 118, 119, 120, 121, 122, 123, 124, 125, 126, 127, 128, 129, 130, 131, 132, 133, 134, 135, 136, 137, 138, 139, 140, 141, 142, 143, 144, 145, 146, 147, 148, 149, 150, 151, 152, 153, 154, 155, 156, 157, 158, 159, 160, 161, 162, 163, 164, 165, 166, 167, 168, 169, 170, 171, 172, 173, 174, 175, 176, 178, 180, 181, 182, 183]
s101a_comp01_alp_ovl.bmp					PS2: [0, 19, 64, 128]					MC: [0, 1, 2, 3, 4, 6, 8, 9, 11, 12, 13, 16, 17, 18, 19, 21, 23, 24, 25, 28, 33, 38, 40, 41, 43, 49, 51, 52, 63, 66, 68, 69, 70, 73, 75, 83, 87, 96, 97, 99, 103, 108, 109, 110, 114, 115, 116, 118, 120, 122, 123, 124, 125, 126, 127, 128, 129, 130, 131, 132, 133, 134, 135, 136, 137, 138]
s101a_floor04_alp_ovl.bmp					PS2: [0, 16, 48, 49, 128]					MC: [0, 1, 2, 3, 4, 5, 6, 7, 8, 9, 10, 11, 12, 13, 15, 16, 17, 18, 19, 20, 22, 23, 24, 25, 26, 27, 28, 29, 30, 31, 32, 33, 34, 45, 46, 48, 49, 80, 81, 82, 84, 85, 87, 88, 89, 90, 91, 92, 93, 94, 95, 96, 97, 98, 99, 100, 101, 102, 104, 105, 106, 119, 120, 121, 122, 123, 124, 125, 126, 127, 128, 129, 130, 131, 132, 133, 134, 135, 137, 138]
s101a_plant00_alp_ovl.bmp					PS2: [0, 18, 21, 31, 40, 48, 65, 103, 118, 124, 125, 126, 127]					MC: [0, 1, 2, 3, 4, 5, 6, 7, 8, 9, 10, 11, 12, 13, 14, 15, 16, 17, 18, 19, 20, 21, 22, 23, 24, 25, 26, 27, 28, 29, 30, 31, 32, 33, 34, 35, 36, 37, 38, 39, 40, 41, 42, 43, 44, 45, 46, 47, 48, 49, 50, 51, 52, 53, 54, 55, 56, 57, 58, 59, 60, 61, 62, 63, 64, 65, 66, 67, 68, 69, 70, 71, 72, 73, 75, 76, 77, 78, 79, 80, 81, 82, 83, 84, 85, 86, 87, 88, 89, 90, 91, 92, 93, 94, 95, 96, 97, 98, 99, 100, 101, 102, 103, 104, 105, 106, 107, 108, 109, 110, 111, 112, 113, 114, 115, 116, 117, 118, 119, 120, 121, 122, 123, 124, 125, 126, 127, 128, 129, 130, 131, 132, 133, 134, 135, 136, 137, 138, 139, 140, 141, 142, 143, 144, 145, 146, 147, 148, 149, 150, 151, 152, 153, 154, 155, 157, 158, 159, 160, 165]
s101a_plantb00_alp_ovl.bmp					PS2: [0, 14, 30, 44, 61, 63, 81, 98, 102, 115, 126, 127, 128]					MC: [0, 1, 2, 3, 4, 5, 6, 7, 8, 9, 10, 11, 12, 13, 14, 15, 16, 17, 18, 19, 20, 21, 22, 23, 24, 25, 26, 27, 28, 29, 30, 32, 33, 35, 36, 37, 38, 39, 40, 41, 43, 45, 46, 47, 48, 49, 50, 51, 52, 53, 54, 55, 56, 57, 58, 59, 60, 61, 62, 64, 65, 66, 67, 68, 69, 70, 71, 72, 73, 74, 75, 76, 78, 79, 80, 82, 83, 84, 85, 86, 87, 88, 89, 90, 91, 92, 93, 94, 95, 96, 97, 98, 99, 101, 102, 103, 104, 105, 106, 107, 108, 109, 110, 111, 112, 113, 114, 115, 116, 117, 118, 119, 120, 121, 122, 123, 124, 125, 126, 127]
s113a_pipepbj01a_alp_ovl.bmp					PS2: [0, 1, 22, 29, 39, 60, 65, 82, 101, 108, 128]					MC: [0, 1, 2, 3, 4, 5, 6, 7, 8, 9, 10, 11, 12, 13, 14, 15, 16, 17, 18, 19, 20, 21, 22, 23, 24, 25, 26, 27, 28, 29, 30, 31, 32, 33, 34, 35, 36, 37, 38, 39, 40, 41, 42, 43, 44, 45, 46, 47, 48, 49, 50, 51, 52, 53, 54, 55, 56, 57, 58, 59, 60, 61, 62, 63, 64, 65, 66, 67, 68, 69, 70, 71, 72, 73, 74, 75, 76, 77, 78, 79, 80, 81, 82, 83, 84, 85, 86, 87, 88, 89, 90, 91, 92, 93, 94, 95, 96, 97, 98, 99, 100, 101, 102, 103, 104, 105, 106, 107, 108, 109, 110, 111, 112, 113, 114, 115, 116, 117, 118, 119, 120, 121, 122, 123, 124, 125, 126, 127, 128]
s131a_mo_pipe_alp_ovl_06.bmp					PS2: [0, 20, 48, 77, 82, 93, 107, 126, 128]					MC: [0, 1, 2, 3, 4, 5, 6, 7, 8, 9, 10, 11, 12, 13, 14, 15, 16, 17, 18, 19, 20, 21, 22, 23, 24, 25, 26, 27, 28, 29, 30, 31, 32, 33, 34, 35, 36, 37, 38, 39, 40, 41, 42, 43, 44, 45, 46, 47, 48, 49, 50, 51, 52, 53, 54, 55, 56, 57, 58, 59, 60, 61, 62, 63, 64, 65, 66, 67, 68, 69, 70, 71, 72, 73, 74, 75, 76, 77, 78, 79, 80, 81, 82, 83, 84, 85, 86, 87, 88, 89, 90, 91, 92, 93, 94, 95, 96, 97, 98, 99, 100, 101, 102, 103, 104, 105, 106, 107, 108, 109, 110, 111, 112, 113, 114, 115, 116, 117, 118, 119, 120, 121, 122, 123, 124, 125, 126, 127, 128, 129, 130, 131, 132, 133, 134, 135, 136, 137, 138, 139, 140]
s131a_mog_wall_alp_ovl_rep02.bmp					PS2: [0, 3, 8, 12, 17, 20, 24, 28, 32, 37, 42, 47, 52, 57, 63, 70]					MC: [11, 12, 13, 14, 15, 16, 17, 18, 19, 20, 21, 22, 23, 24, 25, 26, 27, 28, 29, 30, 31, 32, 33, 34, 35, 36, 37, 38, 39, 40, 41, 42, 43, 44, 45, 46, 47, 48, 49, 50, 51, 52, 53, 54, 55, 56, 57, 58, 59, 60, 61, 62, 63, 64, 65, 66, 67, 68, 69, 70, 71, 72, 73, 74, 75, 76, 77, 78, 79, 80, 81, 82, 83, 84, 85, 86, 87, 88, 89, 90, 91, 92, 93, 94, 95, 96, 97, 98, 99, 100, 101, 102, 103, 104, 105, 106, 107, 108, 109, 110, 111, 112, 113, 114, 115, 116, 117, 118, 119, 120, 121, 123, 125, 126, 129, 130, 133, 134, 135]
s171a_mo_cloth_alp_ovl_rep_01.bmp					PS2: [0, 29, 46, 128]					MC: [0, 1, 2, 3, 20, 21, 22, 23, 24, 25, 28, 29, 30, 31, 32, 33, 34, 36, 37, 38, 39, 40, 41, 42, 43, 44, 45, 46, 47, 48, 124, 125, 126, 127, 128]
s171a_mo_grd_rep_alp_ovl_02.bmp					PS2: [0, 13, 55, 70, 122, 126]					MC: [0, 1, 2, 3, 4, 5, 6, 7, 8, 9, 10, 11, 12, 13, 14, 15, 16, 17, 18, 19, 20, 21, 22, 23, 24, 25, 26, 27, 28, 29, 30, 31, 32, 33, 34, 35, 36, 37, 38, 39, 40, 41, 42, 43, 44, 45, 46, 47, 48, 49, 50, 51, 52, 53, 54, 55, 56, 57, 58, 59, 60, 61, 62, 63, 64, 65, 66, 67, 68, 69, 70, 71, 72, 73, 74, 75, 76, 77, 78, 79, 80, 81, 82, 83, 84, 85, 86, 87, 88, 89, 90, 91, 92, 93, 94, 95, 96, 97, 98, 99, 100, 101, 102, 103, 104, 105, 106, 107, 108, 109, 110, 111, 112, 113, 114, 115, 116, 117, 118, 119, 120, 121, 122, 123, 124, 125, 126, 127, 128]
s181a_grass_alp_ovl01.bmp					PS2: [0, 63, 128]					MC: [0, 2, 9, 11, 13, 15, 17, 21, 24, 26, 27, 29, 32, 33, 34, 37, 40, 41, 42, 44, 46, 49, 51, 52, 53, 55, 57, 58, 59, 60, 62, 63, 65, 66, 67, 68, 70, 73, 74, 75, 76, 77, 79, 81, 82, 83, 84, 85, 87, 88, 89, 90, 91, 93, 94, 95, 96, 97, 98, 100, 101, 102, 103, 104, 105, 107, 108, 109, 110, 111, 112, 114, 115, 116, 117, 118, 120, 121, 122]
s191a_forest_alp_ovl01.bmp					PS2: [0, 15, 25, 36, 50, 61, 68, 76, 85, 93, 95, 107, 116, 128]					MC: [0, 1, 2, 3, 4, 5, 6, 7, 8, 9, 10, 11, 12, 13, 14, 15, 16, 17, 18, 19, 20, 21, 22, 23, 24, 25, 26, 27, 28, 29, 30, 31, 32, 33, 34, 35, 36, 37, 38, 39, 40, 41, 42, 43, 44, 45, 46, 47, 48, 49, 50, 51, 52, 53, 54, 55, 56, 57, 58, 59, 60, 61, 62, 63, 64, 65, 66, 67, 68, 69, 70, 71, 72, 73, 74, 75, 76, 77, 78, 79, 80, 81, 82, 83, 84, 85, 86, 87, 88, 89, 90, 91, 92, 93, 94, 95, 96, 97, 98, 99, 100, 101, 102, 103, 104, 105, 106, 107, 108, 109, 110, 111, 112, 113, 114, 115, 116, 117, 118, 119, 120, 121, 122, 123, 124, 125, 126, 127, 128]
s201a_amana_mass1_alp_ovl.bmp					PS2: [0, 17, 55, 81, 97, 113, 117, 118, 123, 124, 126, 127, 128]					MC: [0, 1, 2, 3, 4, 5, 6, 7, 8, 9, 10, 11, 12, 13, 14, 15, 16, 17, 18, 19, 20, 21, 22, 23, 24, 25, 26, 27, 28, 29, 30, 31, 32, 33, 34, 35, 36, 37, 38, 39, 40, 41, 42, 43, 44, 45, 46, 47, 48, 49, 50, 51, 52, 53, 54, 55, 56, 57, 58, 59, 60, 61, 62, 63, 64, 65, 66, 67, 68, 69, 70, 71, 72, 73, 74, 75, 76, 77, 78, 79, 80, 81, 82, 83, 84, 85, 86, 87, 88, 89, 90, 91, 92, 93, 94, 95, 96, 97, 98, 99, 100, 101, 102, 103, 104]
s221a_fireplace_a00_alp_ovl.bmp					PS2: [0, 12, 20, 33, 48, 66, 78, 87, 95, 104, 115, 116, 121, 125, 126]					MC: [0, 1, 2, 3, 4, 5, 6, 7, 8, 9, 10, 11, 12, 13, 14, 15, 16, 17, 18, 19, 20, 21, 22, 23, 24, 25, 27, 28, 29, 30, 31, 32, 33, 38, 39, 40, 41, 42, 43, 44, 45, 46, 50, 51, 52, 53, 54, 55, 56, 57, 58, 60, 62, 64, 65, 66, 67, 68, 69, 70, 71, 72, 73, 75, 76, 78, 79, 80, 82, 83, 84, 85, 86, 87, 88, 89, 90, 91, 92, 93, 94, 95, 96, 97, 98, 99, 100, 101, 102, 103, 104, 105]
s222a_door_nob00_alp_ovl.bmp					PS2: [0, 7, 12, 13, 110]					MC: [0, 1, 2, 3, 4, 5, 6, 7, 8, 9, 10, 11, 12, 13, 14, 15, 16, 17, 18, 19, 20, 21, 22, 25, 26, 27, 28, 29, 30, 31, 32, 33, 34, 35, 37, 38, 39, 40, 41, 42, 43, 44, 45, 46, 47, 48, 49, 50, 52, 53, 54, 55, 56, 57, 58, 59, 60, 61, 62, 63, 65, 66, 67, 68, 69, 70, 71, 72, 73, 74, 75, 76, 77, 78, 79, 80, 81, 82, 83, 84, 85, 86, 87, 88, 89, 90, 91, 92, 93, 94, 95, 96, 97, 99, 100, 101, 102, 103, 104, 105, 106, 107, 108, 109]
s22a_mog_window_alp_ovl_ara.bmp					PS2: [0, 15, 35, 56, 77, 128]					MC: [0, 1, 2, 3, 4, 5, 6, 7, 8, 9, 10, 11, 12, 13, 14, 15, 16, 17, 18, 19, 20, 21, 22, 23, 24, 25, 26, 27, 28, 29, 30, 31, 32, 33, 34, 35, 36, 37, 38, 39, 40, 41, 42, 43, 44, 45, 46, 47, 48, 49, 50, 51, 52, 53, 54, 55, 56, 57, 58, 59, 60, 61, 62, 63, 64, 65, 66, 67, 68, 69, 70, 71, 72, 73, 74, 75, 76, 77, 78, 79, 80, 81, 82, 83, 84, 85, 86, 87, 88, 89, 90, 91, 92, 93, 94, 95, 96, 97, 98, 99, 100, 101, 102, 103, 104, 105, 106, 107, 108, 109, 110, 111, 112, 113, 114, 115, 116, 117, 118, 119, 120, 121, 122, 123, 124, 125, 126, 127, 128, 129, 130, 131, 132, 133, 134, 135, 136, 137, 138, 139, 140, 141, 142, 143, 144, 145, 146, 147, 148, 149, 150, 151, 152, 153, 154, 155, 156, 157, 158, 159, 160, 161, 162, 163, 164, 165, 166, 167, 168, 169, 170, 171, 172, 173, 174, 175, 176, 177, 178, 179, 180, 181, 182, 183, 184, 185, 186, 187, 188, 189, 190, 191, 192, 193, 194, 195, 196, 197, 198, 199, 200, 201, 202, 203, 204, 205, 206, 207, 208, 209, 210, 211, 212, 213, 214, 215, 216, 217, 218, 219, 220, 221, 222, 223, 224, 225, 226, 227, 228, 229, 230, 232, 233, 235, 236, 237, 239, 240, 241, 242]
sec_bottun_suits_ovl_alp.bmp					PS2: [0, 11, 13, 18, 19, 37, 53, 54, 62, 70, 99, 101, 108, 109, 117, 119, 122, 123, 127, 128]					MC: [0, 1, 2, 3, 4, 5, 6, 7, 8, 9, 10, 11, 12, 13, 14, 15, 16, 17, 18, 20, 21, 22, 23, 25, 26, 27, 28, 29, 30, 32, 33, 36, 40, 42, 45, 46, 47, 48, 53, 55, 58, 59, 60, 61, 62, 63, 65, 66, 69, 70, 72, 73, 74, 76, 77, 78, 79, 80, 81, 82, 83, 85, 88, 90, 92, 93, 94, 95, 97, 98, 99, 100, 102, 103, 104, 105, 106, 108, 109, 111, 112, 113, 114, 115, 116, 117, 118, 119, 120, 121, 122, 123, 124, 126, 127, 128]
ship_marking01_ovl_alp.bmp					PS2: [0, 4, 17, 30, 41, 66, 78, 88, 95]					MC: [0, 1, 2, 3, 4, 5, 6, 7, 8, 9, 10, 11, 12, 13, 14, 15, 16, 17, 18, 19, 20, 21, 22, 23, 24, 25, 26, 27, 28, 29, 30, 31, 32, 33, 34, 35, 36, 37, 38, 39, 40, 41, 42, 43, 44, 45, 46, 47, 48, 49, 50, 51, 52, 53, 54, 55, 56, 57, 58, 59, 60, 61, 62, 63, 64, 65, 66, 67, 68, 69, 70, 71, 72, 73, 74, 75, 76, 77, 78, 79, 80, 81, 82, 83, 84, 85, 86, 87, 88, 89, 90, 91, 92, 93, 94, 95, 96, 97, 98, 99, 100, 101, 102, 103, 104, 105, 106, 107, 108, 109, 110, 111, 112, 113, 114, 115, 116, 117, 118, 119, 120, 121, 122]
sign_a00_alp_ovl.bmp					PS2: [0, 56, 128]					MC: [0, 1, 2, 3, 4, 5, 6, 7, 9, 11, 12, 13, 14, 15, 16, 17, 18, 19, 20, 88, 89, 92, 93, 96, 97, 99, 123, 124, 125, 126, 127, 128, 129, 130, 131, 132, 133, 134, 135, 136, 137, 138, 139, 140, 141, 142, 143, 145]
sign_labo_01_alp_ovl.bmp					PS2: [0, 64, 128]					MC: [0, 1, 2, 3, 4, 5, 6, 8, 9, 10, 11, 12, 13, 14, 15, 22, 23, 24, 34, 37, 38, 39, 40, 41, 49, 50, 55, 56, 64, 68, 69, 77, 79, 81, 82, 83, 84, 85, 86, 87, 88, 92, 93, 94, 95, 96, 97, 99, 100, 101, 102, 103, 104, 105, 106, 107, 109, 110, 112, 113, 114, 116, 117, 118, 119, 120, 121, 122, 123, 124, 125, 126, 127, 128]
sky_d1_hem64_alp_ovl_rep.bmp					PS2: [0, 1, 2, 3, 4, 5, 6, 7, 14, 15, 16, 17, 20, 21, 22, 23, 24, 25, 28, 29, 30, 32, 33, 34, 35, 36, 37, 41, 46, 47, 48, 49, 50, 52, 53, 55, 57, 58, 60, 61, 63, 65, 67, 69, 70, 72, 75, 76, 77, 78, 79, 81, 82, 83, 89, 91, 92, 94, 96, 97, 98, 99, 100, 102, 103, 105, 106, 107, 108, 112, 115, 126, 127, 128]					MC: [0, 1, 2, 3, 4, 5, 6, 7, 8, 9, 10, 11, 12, 13, 14, 15, 16, 17, 18, 19, 20, 21, 22, 23, 24, 25, 26, 27, 28, 29, 30, 31, 32, 33, 34, 35, 36, 37, 38, 39, 40, 41, 42, 43, 44, 45, 46, 47, 48, 49, 50, 51, 52, 53, 54, 55, 56, 57, 58, 59, 60, 61, 62, 63, 64, 65, 66, 67, 68, 69, 70, 71, 72, 73, 74, 75, 76, 77, 78, 79, 80, 81, 82, 83, 84, 85, 86, 87, 88, 89, 90, 91, 92, 93, 94, 95, 96, 97, 98, 99, 100, 101, 102, 103, 104, 105, 106, 107, 108, 109, 110, 111, 112, 113, 114, 115, 116, 117, 118, 119, 120, 121, 122, 123, 124, 125, 126, 127, 128, 129, 130, 131, 132, 133]
sna_hair_front_ovl_alp.bmp					PS2: [0, 1, 4, 7, 8, 9, 10, 12, 13, 15, 16, 17, 18, 19, 20, 22, 24, 25, 27, 31, 35, 36, 39, 40, 41, 42, 46, 48, 49, 52, 54, 55, 58, 59, 63, 64, 66, 69, 70, 72, 73, 75, 76, 77, 79, 82, 83, 84, 85, 86, 88, 89, 91, 92, 93, 94, 95, 96, 98, 99, 101, 102, 103, 104, 105, 106, 107, 108, 109, 110, 111, 112, 113, 114, 115, 116, 117, 118, 120, 121, 122, 123, 124, 125, 126, 128]					MC: [0, 1, 2, 3, 4, 5, 6, 7, 8, 9, 10, 11, 12, 13, 14, 15, 16, 17, 18, 19, 20, 21, 22, 23, 24, 25, 26, 27, 28, 29, 30, 31, 32, 33, 34, 35, 36, 37, 38, 39, 40, 41, 42, 43, 44, 45, 46, 47, 48, 49, 50, 51, 52, 53, 54, 55, 56, 57, 58, 59, 60, 61, 62, 63, 64, 65, 66, 67, 68, 69, 70, 71, 72, 73, 74, 75, 76, 77, 78, 79, 80, 81, 82, 83, 84, 85, 86, 87, 88, 89, 90, 91, 92, 93, 94, 95, 96, 97, 98, 99, 100, 101, 102, 103, 104, 105, 106, 107, 108, 109, 110, 111, 112, 113, 114, 115, 116, 117, 118, 119, 120, 121, 122, 123, 124, 125, 126, 127, 128, 129, 130, 131, 132, 133, 134, 135, 136, 137]
sna_hair_layer_ovl_alp.bmp					PS2: [0, 1, 4, 7, 8, 9, 10, 12, 13, 15, 16, 17, 18, 19, 20, 21, 22, 24, 25, 27, 31, 35, 36, 39, 40, 41, 42, 45, 46, 48, 49, 52, 54, 55, 58, 59, 60, 62, 63, 64, 66, 69, 70, 72, 73, 74, 75, 76, 77, 78, 79, 82, 83, 84, 85, 86, 88, 89, 91, 92, 93, 94, 95, 96, 98, 99, 101, 102, 103, 104, 105, 106, 107, 108, 109, 110, 112, 113, 114, 115, 116, 117, 118, 120, 121, 122, 124, 125, 126, 128]					MC: [0, 1, 2, 3, 4, 5, 6, 7, 8, 9, 10, 11, 12, 13, 14, 15, 16, 17, 18, 19, 20, 21, 22, 23, 24, 25, 26, 27, 28, 29, 30, 31, 32, 33, 34, 35, 36, 37, 38, 39, 40, 41, 42, 43, 44, 45, 46, 47, 48, 49, 50, 51, 52, 53, 54, 55, 56, 57, 58, 59, 60, 61, 62, 63, 64, 65, 66, 67, 68, 69, 70, 71, 72, 73, 74, 75, 76, 77, 78, 79, 80, 81, 82, 83, 84, 85, 86, 87, 88, 89, 90, 91, 92, 93, 94, 95, 96, 97, 98, 99, 100, 101, 102, 103, 104, 105, 106, 107, 108, 109, 110, 111, 112, 113, 114, 115, 116, 117, 118, 119, 120, 121, 122, 123, 124, 125, 126, 127, 128, 129, 130, 131, 132, 133, 134, 135, 136, 137, 138, 139]
sna_mtg_ovl_alp.bmp					PS2: [0, 1, 2, 3, 4, 5, 6, 7, 8, 9, 10, 11, 12, 13, 14, 15, 16, 17, 18, 19, 20, 21, 22, 23, 24, 25, 26, 27, 28, 29, 30, 31, 32, 33, 34, 35, 36, 37, 38, 39, 40, 41, 42, 43, 44, 45, 46, 47, 48, 49, 50, 51, 52, 53, 54, 55, 56, 57, 58, 59, 60, 61, 62, 63, 64, 65, 66, 67, 68, 69, 70, 71, 72, 73, 74, 75, 76, 77, 78, 79, 80, 81, 82, 83, 84, 85, 86, 87, 88, 89, 90, 91, 92]					MC: [0, 1, 2, 3, 4, 5, 6, 7, 8, 9, 10, 11, 12, 13, 14, 15, 16, 17, 18, 19, 20, 21, 22, 23, 24, 25, 26, 27, 28, 29, 30, 31, 32, 33, 34, 35, 36, 37, 38, 39, 40, 41, 42, 43, 44, 45, 46, 47, 48, 49, 50, 51, 52, 53, 54, 55, 56, 57, 58, 59, 60, 61, 62, 63, 64, 65, 66, 67, 68, 69, 70, 71, 72, 73, 74, 75, 76, 77, 78, 79, 80, 81, 82, 83, 84, 85, 86, 87, 88, 89, 90, 91, 92, 93, 94, 95, 96, 97, 98]
sok_coat_boots1_ovl_sub_alp.bmp					PS2: [0, 5, 8, 10, 12, 14, 16, 18, 19, 22, 25, 28, 30, 33, 43, 58]					MC: [0, 1, 2, 3, 4, 5, 6, 7, 8, 9, 10, 11, 12, 13, 14, 15, 16, 17, 18, 19, 20, 21, 22, 23, 24, 25, 26, 27, 28, 29, 30, 31, 32, 33, 34, 35, 36, 38, 39, 40, 42, 44, 45, 47, 48, 49, 50, 51, 54, 55, 59, 60, 62]
sok_coat_boots2_ovl_sub_alp.bmp					PS2: [0, 2, 6, 9, 11, 13, 14, 16, 18, 20, 21, 24, 27, 29, 32, 39]					MC: [0, 1, 2, 3, 4, 5, 6, 7, 8, 9, 10, 11, 12, 13, 14, 15, 16, 17, 18, 19, 20, 21, 22, 23, 24, 25, 26, 27, 28, 29, 30, 31, 32, 33, 34, 35, 36, 37, 38, 39, 40, 42, 46, 52, 53, 54, 55, 56, 57, 58, 59, 60, 61, 62, 63, 64, 65]
sok_coat_coat_ovl_sub_alp.bmp					PS2: [0, 7, 11, 13, 16, 19, 23, 27, 31, 36, 43, 48, 52, 57, 63, 70]					MC: [0, 1, 2, 3, 4, 5, 6, 7, 8, 9, 10, 11, 12, 13, 14, 15, 16, 17, 18, 19, 20, 21, 22, 23, 24, 25, 26, 27, 28, 29, 30, 31, 32, 33, 34, 35, 36, 37, 38, 39, 40, 41, 42, 43, 44, 45, 46, 47, 48, 49, 50, 51, 52, 53, 54, 55, 56, 57, 58, 59, 60, 61, 62, 63, 64, 65, 66, 67, 68, 69, 70, 71, 72, 73, 74, 75, 76, 77, 78, 79, 80, 81, 82, 83, 84, 85, 86, 87, 88, 89, 90, 91, 92, 93, 94, 95, 96, 97, 98, 99, 100, 101, 102, 103, 104, 105, 106, 107, 108, 109, 110, 111, 112, 113, 114, 115, 116, 117, 118, 119, 120, 121, 122, 123, 124, 125, 126, 127, 128, 129, 130, 131, 132, 133, 134, 135, 136, 137, 138, 139, 140, 141, 142, 143, 144, 145, 146, 147, 148, 149, 150, 151, 152, 153, 154, 155, 158, 159]
sok_coat_eye_hi_ovl_sub_alp.bmp					PS2: [0, 4, 8, 13, 16, 20, 22, 25, 31, 40, 49, 55, 62, 73, 91, 102]					MC: [0, 1, 2, 3, 4, 5, 6, 7, 8, 9, 10, 11, 12, 13, 14, 15, 16, 17, 18, 19, 20, 21, 22, 23, 24, 25, 26, 27, 28, 29, 30, 31, 32, 33, 34, 35, 36, 37, 38, 39, 40, 41, 42, 43, 44, 45, 46, 47, 48, 49, 50, 51, 52, 53, 54, 55, 56, 57, 58, 59, 60, 61, 62, 63, 64, 65, 66, 67, 68, 69, 70, 71, 72, 74, 75, 77, 78, 79, 80, 81, 82, 83, 84, 85, 86, 87, 88, 89, 90, 91, 92, 93, 94, 95, 96, 97, 98, 99, 100, 101, 102, 103, 104]
sok_coat_face_ovl_sub_alp.bmp					PS2: [0, 2, 3, 5, 7, 8, 10, 11, 13, 14, 16, 18, 20, 21, 23, 25]					MC: [0, 1, 2, 3, 4, 5, 6, 7, 8, 9, 10, 11, 12, 13, 14, 15, 16, 17, 18, 19, 20, 21, 22, 23, 24, 25, 26, 27, 28]
sok_coat_hair_alp_ovl.bmp					PS2: [0, 1, 2, 3, 4, 5, 6, 7, 9, 10, 12, 13, 14, 15, 16, 17, 18, 19, 20, 21, 22, 23, 24, 25, 27, 30, 31, 32, 33, 34, 35, 36, 37, 38, 39, 40, 41, 42, 44, 45, 46, 48, 49, 50, 51, 52, 54, 55, 56, 57, 58, 59, 60, 61, 62, 63, 64, 65, 66, 68, 69, 70, 71, 72, 73, 74, 75, 77, 78, 79, 80, 81, 83, 84, 85, 86, 87, 89, 90, 91, 92, 93, 94, 95, 96, 97, 98, 100, 101, 102, 103, 104, 105, 106, 107, 108, 109, 111, 112, 113, 114, 115, 116, 117, 118, 119, 120, 122, 123, 124, 125, 126, 127]					MC: [0, 1, 2, 3, 4, 5, 6, 7, 8, 9, 10, 11, 12, 13, 14, 15, 16, 17, 18, 19, 20, 21, 22, 23, 24, 25, 26, 27, 28, 29, 30, 31, 32, 33, 34, 35, 36, 37, 38, 39, 40, 41, 42, 43, 44, 45, 46, 47, 48, 49, 50, 51, 52, 53, 54, 55, 56, 57, 58, 59, 60, 61, 62, 63, 64, 65, 66, 67, 68, 69, 70, 71, 72, 73, 74, 75, 76, 77, 78, 79, 80, 81, 82, 83, 84, 85, 86, 87, 88, 89, 90, 91, 92, 93, 94, 95, 96, 97, 98, 99, 100, 101, 102, 103, 104, 105, 106, 107, 108, 109, 110, 111, 112, 113, 114, 115, 116, 117, 118, 119, 122, 123, 125, 126, 127, 129, 132]
sok_coat_lupe2_ovl_alp.bmp					PS2: [0, 1, 11, 41, 69, 78, 107, 125, 126, 128]					MC: [0, 1, 2, 3, 4, 5, 6, 7, 8, 9, 10, 11, 12, 13, 14, 15, 16, 17, 18, 19, 20, 21, 22, 23, 24, 25, 26, 27, 28, 29, 31, 32, 33, 34, 35, 36, 37, 38, 39, 40, 41, 42, 43, 44, 46, 47, 48, 50, 51, 52, 53, 54, 55, 58, 59, 60, 61, 62, 63, 64, 65, 66, 67, 68, 69, 70, 71, 72, 73, 74, 77, 78, 79, 80, 81, 82, 84, 85, 86, 87, 88, 89, 90, 91, 92, 93, 94, 95, 96, 97, 98, 99, 100, 101, 103, 104, 105, 106, 107, 110, 111, 112, 113, 115, 116, 117, 118, 119, 120, 121, 122, 123, 124, 125, 126, 127, 128, 129, 130, 131, 132, 133, 134, 135, 136, 137, 138, 139, 140, 141, 142, 143, 144, 145, 147]
sok_coat_matuge_alp_ovl.bmp					PS2: [0, 1, 2, 3, 4, 5, 6, 7, 8, 9, 10, 11, 12, 13, 14, 15, 16, 17, 18, 19, 20, 21, 22, 23, 24, 25, 26, 27, 28, 29, 30, 31, 32, 33, 34, 35, 36, 37, 38, 39, 40, 41, 42, 43, 44, 45, 46, 47, 48, 49, 50, 51, 52, 53, 54, 55, 56, 57, 58, 59, 60, 61, 62, 63, 64, 65, 66, 67, 68, 69, 70, 71, 72, 73, 74, 75, 76, 77, 78, 79, 80, 81, 82, 83, 84, 85, 86, 87, 88, 89, 90, 91, 92, 93, 94, 95, 96, 97, 98, 99, 100, 101, 102, 103, 104, 105, 106, 107, 108, 110, 113, 114, 117]					MC: [0, 1, 2, 3, 4, 5, 6, 7, 8, 9, 10, 11, 12, 13, 14, 15, 16, 17, 18, 19, 20, 21, 22, 23, 24, 25, 26, 27, 28, 29, 30, 31, 32, 33, 34, 35, 36, 37, 38, 39, 40, 41, 42, 43, 44, 45, 46, 47, 48, 49, 50, 51, 52, 53, 54, 55, 56, 57, 58, 59, 60, 61, 62, 63, 64, 65, 66, 67, 68, 69, 70, 71, 72, 73, 74, 75, 76, 77, 78, 79, 80, 81, 82, 83, 84, 85, 86, 87, 88, 89, 90, 91, 92, 93, 94, 95, 96, 97, 98, 99, 100, 101, 102, 103, 104, 105, 106, 107, 108, 109, 110, 111, 112, 113, 114, 115, 116, 117, 118, 119, 120, 121, 122, 123]
sok_white_botan_ovl_alp.bmp					PS2: [0, 20, 64, 81, 103, 122, 125, 127, 128]					MC: [0, 1, 2, 3, 4, 5, 6, 7, 8, 9, 10, 11, 12, 13, 14, 15, 16, 17, 18, 19, 20, 21, 22, 23, 24, 26, 27, 28, 29, 30, 31, 33, 34, 35, 36, 37, 38, 39, 40, 41, 42, 43, 44, 45, 46, 47, 48, 49, 50, 51, 52, 53, 54, 55, 56, 57, 58, 59, 60, 62, 64, 65, 66, 67, 68, 70, 71, 72, 73, 74, 75, 76, 77, 79, 80, 81, 82, 83, 84, 85, 86, 87, 88, 89, 90, 91, 92, 93, 94, 95, 96, 97, 98, 99, 100, 101, 102, 103, 105, 106, 107, 108, 109, 110, 111, 112, 113, 115, 116, 117, 118, 119, 120, 121, 122, 123, 124, 125, 126, 127, 128, 129, 130, 131, 132, 133, 134, 135, 136, 137, 138, 139, 140, 141, 142, 143, 144, 145, 146, 148, 149]
sok_white_damknee_ovl_alp.bmp					PS2: [0, 1, 2, 3, 4, 5, 6, 7, 8, 9, 10, 11, 12, 13, 15, 16, 17, 18, 19, 20, 21, 23, 24, 25, 26, 27, 28, 29, 30, 31, 32, 33, 34, 35, 36, 37, 38, 39, 40, 41, 42, 43, 44, 45, 47, 48, 49, 50, 51, 52, 55, 56, 57, 58, 59, 61, 62, 63, 64, 66, 67, 70, 71, 72, 73, 75, 76, 78, 80, 81, 82, 84, 86, 88, 89, 91, 92, 93, 95, 96, 97, 98, 99, 101, 102, 103, 105, 107, 110, 111, 114, 115, 118, 119]					MC: [0, 1, 2, 3, 4, 5, 6, 7, 8, 9, 10, 11, 12, 13, 14, 15, 16, 17, 18, 19, 20, 21, 22, 23, 24, 25, 26, 27, 28, 29, 30, 31, 32, 33, 34, 35, 36, 37, 38, 39, 40, 41, 42, 43, 44, 45, 46, 47, 48, 49, 50, 51, 52, 53, 54, 55, 56, 57, 58, 59, 60, 61, 62, 63, 64, 65, 66, 67, 68, 69, 70, 71, 72, 73, 74, 75, 76, 77, 78, 79, 80, 81, 82, 83, 84, 85, 86, 87, 88, 89, 90, 91, 92, 93, 94, 95, 96, 97, 98, 99, 100, 101, 102, 103, 104, 105, 106, 107, 108, 109, 110, 111, 112, 113, 114, 115, 116, 117, 118, 119, 120, 121, 122, 123, 124, 125, 126, 127, 128, 129, 130, 131, 132, 133, 134, 135, 136, 137, 138, 139, 140, 141, 142, 143]
solidago1_alp_ovl.bmp					PS2: [0, 12, 23, 36, 52, 62, 77, 91, 96, 108, 111, 124, 125]					MC: [0, 1, 2, 3, 4, 5, 6, 7, 8, 9, 10, 11, 12, 13, 14, 15, 16, 17, 18, 19, 20, 21, 22, 23, 24, 25, 26, 27, 28, 29, 30, 31, 32, 33, 34, 35, 36, 37, 38, 39, 40, 41, 42, 43, 44, 45, 46, 47, 48, 49, 50, 51, 52, 53, 54, 55, 56, 57, 58, 59, 60, 61, 62, 63, 64, 65, 66, 67, 68, 69, 70, 71, 72, 73, 74, 75, 76, 77, 78, 79, 80, 81, 82, 83, 84, 85, 86, 87, 88, 89, 90, 91, 92, 93, 94, 95, 96, 97, 98, 99, 100, 101, 102, 103, 104, 105, 106, 107, 108, 109, 110, 111, 112, 113, 114, 115, 116, 117, 118, 119, 120, 121, 122, 123, 124, 125, 126, 127, 128, 129, 130, 131, 132, 133, 134, 135, 136, 137, 138, 139, 140, 141, 142, 143, 144, 145, 146, 147, 148, 149, 150, 151, 152, 153, 154, 155, 156, 157, 158, 159, 160, 161, 162, 163, 164, 165, 166, 167, 168, 169, 170, 171, 172, 173, 174, 175, 176, 178, 179, 180, 182, 187, 189, 190, 191, 193, 200]
sor_blood_tears_left_ovl_alp.bmp					PS2: [0, 1, 2, 3, 4, 5, 6, 8, 9, 10, 12, 13, 14, 15, 17, 18, 20, 21, 22, 23, 24, 25, 26, 27, 28, 30, 31, 32, 34, 35, 36, 37, 38, 41, 42, 43, 45, 46, 47, 48, 50, 51, 55, 56, 57, 58, 59, 61, 62, 63, 64, 65, 66, 67, 69, 70, 71, 73, 74, 75, 78, 80, 81, 82, 84, 85, 86, 88, 89, 91, 92, 93, 94, 95, 96, 97, 98, 101, 105, 106, 108, 110, 111, 112, 113, 114, 115, 116, 117, 118, 119, 120, 121, 122, 123, 124, 125, 126, 127, 128]					MC: [0, 2, 3, 4, 5, 6, 7, 8, 9, 10, 11, 12, 13, 14, 15, 16, 17, 18, 19, 20, 21, 22, 23, 24, 25, 26, 27, 28, 29, 30, 31, 32, 33, 34, 35, 36, 37, 38, 39, 40, 41, 42, 43, 44, 45, 46, 47, 48, 49, 50, 51, 52, 53, 54, 55, 56, 57, 58, 59, 60, 61, 62, 63, 64, 65, 66, 67, 68, 69, 70, 71, 72, 73, 74, 75, 76, 77, 78, 79, 80, 81, 82, 83, 84, 85, 86, 87, 88, 89, 90, 91, 92, 93, 94, 95, 96, 97, 98, 99, 100, 101, 102, 103, 104, 105, 106, 107, 108, 109, 110, 111, 112, 113, 114, 115, 116, 117, 118, 119, 120, 121, 122, 123, 124, 125, 126]
sor_hair_back_ovl_alp.bmp					PS2: [0, 1, 2, 3, 5, 6, 7, 8, 9, 11, 12, 13, 14, 15, 16, 17, 18, 19, 20, 21, 23, 24, 25, 26, 28, 29, 30, 31, 33, 34, 35, 36, 37, 38, 39, 40, 41, 44, 45, 46, 49, 50, 51, 52, 53, 54, 55, 56, 57, 58, 60, 61, 62, 63, 64, 65, 66, 67, 68, 69, 70, 71, 73, 74, 75, 76, 77, 78, 79, 80, 82, 83, 84, 86, 87, 89, 90, 91, 92, 93, 94, 95, 96, 97, 98, 99, 100, 101, 103, 104, 105, 106, 107, 108, 109, 110, 111, 112, 113, 114, 115, 116, 117, 118, 119, 120, 121, 122, 123, 124, 125, 126]					MC: [0, 1, 2, 3, 4, 5, 6, 7, 8, 9, 10, 11, 12, 13, 14, 15, 16, 17, 18, 19, 20, 21, 22, 23, 24, 25, 26, 27, 28, 29, 30, 31, 32, 33, 34, 35, 36, 37, 38, 39, 40, 41, 42, 43, 44, 45, 46, 47, 48, 49, 50, 51, 52, 53, 54, 55, 56, 57, 58, 59, 60, 61, 62, 63, 64, 65, 66, 67, 68, 69, 70, 71, 72, 73, 74, 75, 76, 77, 78, 79, 80, 81, 82, 83, 84, 85, 86, 87, 88, 89, 90, 91, 92, 93, 94, 95, 96, 97, 98, 99, 100, 101, 102, 103, 104, 105, 106, 107, 108, 109, 110, 111, 112, 113, 114, 115, 116, 117, 118, 119, 120, 121, 122, 123, 124, 125, 126, 127, 128, 129, 130, 131, 133, 135, 136, 139, 140, 141, 142]
taki_eda_12_alp_ovl.bmp					PS2: [0, 14, 26, 37, 47, 57, 70, 82, 89, 95, 103, 110, 116, 122, 125, 128]					MC: [0, 1, 2, 3, 4, 6, 7, 8, 9, 10, 11, 12, 13, 14, 15, 16, 17, 18, 19, 20, 21, 22, 23, 24, 25, 28, 29, 32, 33, 35, 36, 38, 39, 42, 43, 46, 47, 51, 52, 55, 56, 63, 64, 66, 67, 71, 72, 75, 76, 79, 80, 83, 84, 87, 88, 93, 94, 96, 97, 100, 101, 102, 103, 106, 107, 108, 109, 111, 112, 114, 115, 116, 117, 119, 120, 121, 122, 123, 124, 125, 126, 127, 128]
taki_eda_12_alp_ovl.bmp_9d79dcb7c6e2d7a01f869a18e42c730b					PS2: [0, 19, 40, 63, 74, 89, 98, 108, 125, 126, 127]					MC: [0, 1, 2, 3, 4, 6, 7, 8, 9, 10, 11, 12, 13, 14, 15, 16, 17, 18, 19, 20, 21, 22, 23, 24, 25, 28, 29, 32, 33, 35, 36, 38, 39, 42, 43, 46, 47, 51, 52, 55, 56, 63, 64, 66, 67, 71, 72, 75, 76, 79, 80, 83, 84, 87, 88, 93, 94, 96, 97, 100, 101, 102, 103, 106, 107, 108, 109, 111, 112, 114, 115, 116, 117, 119, 120, 121, 122, 123, 124, 125, 126, 127, 128]
taki_sida_a02_alp_ovl.bmp					PS2: [0, 8, 19, 33, 44, 55, 65, 72, 83, 93, 101, 108, 114, 117, 121, 126]					MC: [0, 1, 2, 3, 4, 5, 6, 7, 8, 9, 10, 11, 12, 13, 14, 15, 16, 17, 18, 19, 20, 21, 22, 23, 24, 25, 26, 27, 28, 29, 30, 31, 32, 33, 34, 35, 36, 37, 38, 39, 40, 41, 42, 43, 44, 45, 46, 47, 48, 49, 50, 51, 52, 53, 54, 55, 56, 57, 58, 59, 60, 61, 62, 63, 64, 65, 66, 67, 68, 69, 70, 71, 72, 73, 74, 75, 76, 77, 78, 79, 80, 81, 82, 83, 84, 85, 86, 87, 88, 89, 90, 91, 92, 93, 94, 95, 96, 97, 98, 99, 100, 101, 102, 103, 104, 105, 106, 107, 108, 109, 110, 111, 112, 113, 114, 115, 116, 117, 118, 119, 120, 121, 122, 123, 124, 125, 126, 127, 128, 129, 130, 131, 132, 133, 134, 135, 136, 137, 138, 139, 140, 141, 142, 143, 144, 145, 146, 147, 148, 149, 150, 151, 152, 153, 155, 158, 159, 161, 171]
taki_tree_b09_alp_ovl.bmp					PS2: [0, 18, 28, 39, 48, 55, 64, 73, 81, 88, 98, 109, 120, 128]					MC: [0, 1, 2, 13, 14, 15, 16, 17, 18, 19, 20, 21, 22, 23, 24, 25, 26, 27, 28, 29, 30, 31, 32, 33, 35, 36, 37, 38, 39, 40, 41, 42, 43, 44, 45, 46, 47, 48, 49, 50, 51, 52, 53, 54, 55, 56, 57, 58, 59, 60, 61, 62, 63, 64, 65, 66, 67, 68, 69, 70, 71, 72, 73, 74, 75, 76, 77, 78, 79, 80, 81, 82, 83, 84, 85, 86, 87, 88, 89, 90, 91, 92, 93, 94, 95, 96, 97, 98, 99, 100, 101, 102, 103, 104, 105, 106, 107, 108, 109, 110, 111, 112, 113, 114, 115, 116, 117, 118, 119, 120, 121, 122, 123, 124, 125, 126, 127, 128]
taki_tree_b10_alp_ovl.bmp					PS2: [0, 15, 26, 39, 52, 61, 70, 81, 91, 100, 111, 120, 128]					MC: [0, 1, 2, 3, 4, 5, 6, 7, 8, 9, 10, 11, 12, 13, 14, 15, 16, 17, 18, 19, 20, 21, 22, 23, 24, 25, 26, 27, 28, 29, 30, 31, 32, 33, 34, 35, 36, 37, 38, 39, 40, 41, 42, 43, 44, 45, 46, 47, 48, 49, 50, 51, 52, 53, 54, 55, 56, 57, 58, 59, 60, 61, 62, 63, 64, 65, 66, 67, 68, 69, 70, 71, 72, 73, 74, 75, 76, 77, 78, 79, 80, 81, 82, 83, 84, 85, 86, 87, 88, 89, 90, 91, 92, 93, 94, 95, 96, 97, 98, 99, 100, 101, 102, 103, 104, 105, 106, 107, 108, 109, 110, 111, 112, 113, 114, 115, 116, 117, 118, 119, 120, 121, 122, 123, 124, 125, 126, 127, 128, 129, 130, 131]
taki_tuta_a02_alp_ovl.bmp					PS2: [0, 12, 19, 29, 42, 52, 63, 74, 83, 91, 101, 108, 114, 119, 123, 128]					MC: [0, 1, 2, 3, 4, 5, 6, 7, 8, 9, 10, 11, 12, 13, 14, 15, 16, 17, 18, 19, 20, 21, 22, 23, 24, 25, 26, 27, 28, 29, 30, 31, 32, 33, 34, 35, 36, 37, 38, 39, 40, 41, 42, 43, 44, 45, 46, 47, 48, 49, 50, 51, 52, 53, 54, 55, 56, 57, 58, 59, 60, 61, 62, 63, 64, 65, 66, 67, 68, 69, 70, 71, 72, 73, 74, 75, 76, 77, 78, 79, 80, 81, 82, 83, 84, 85, 86, 87, 88, 89, 90, 91, 92, 93, 94, 95, 96, 97, 98, 99, 100, 101, 102, 103, 104, 105, 106, 107, 108, 109, 110, 111, 112, 113, 114, 115, 116, 117, 118, 119, 120, 121, 122, 123, 124, 125, 126, 127, 128]
thu_belt_ovl_alp.bmp					PS2: [0, 1, 86, 87, 96, 102, 120, 124, 125, 126, 128]					MC: [0, 127, 128]
thu_mgs3_pin_ovl_alp.bmp					PS2: [0, 27, 28, 66, 67, 87, 115, 117, 123, 125, 128]					MC: [0, 1, 2, 3, 5, 6, 7, 24, 25, 26, 28, 59, 60, 61, 64, 78, 79, 89, 104, 111, 116, 117, 119, 121, 122, 123, 124, 125, 126, 127, 128, 129, 131, 132, 133]
thu_pal_ovl_alp.bmp					PS2: [0, 2, 3, 5, 9, 12, 16, 20, 23, 28, 32, 35, 39, 41, 42, 44, 45, 49, 51, 53, 54, 55, 57, 58, 60, 62, 63, 65, 69, 71, 72, 73, 75, 76, 79, 81, 83, 84, 85, 88, 90, 91, 93, 94, 96, 97, 98, 100, 101, 102, 103, 106, 110, 111, 112, 113, 116, 117, 118, 119, 122, 124, 128]					MC: [0, 1, 2, 3, 4, 5, 6, 7, 8, 9, 10, 11, 12, 13, 14, 15, 16, 17, 18, 19, 20, 21, 22, 23, 24, 25, 26, 27, 28, 29, 30, 31, 32, 33, 34, 35, 36, 37, 38, 39, 40, 41, 42, 43, 44, 45, 46, 47, 48, 49, 50, 51, 52, 53, 54, 55, 56, 57, 58, 59, 60, 61, 62, 63, 64, 65, 66, 67, 68, 69, 70, 71, 72, 73, 74, 75, 76, 77, 78, 79, 80, 81, 82, 83, 84, 85, 86, 87, 88, 89, 90, 91, 92, 93, 94, 95, 96, 97, 98, 99, 100, 101, 102, 103, 104, 105, 106, 107, 108, 109, 110, 111, 112, 113, 114, 115, 116, 117, 118, 119, 120, 121, 122, 123, 124, 125, 126, 127, 128, 129, 130, 131, 132, 133, 134, 135, 136, 137]
tiger_a03_alp_ovl.bmp					PS2: [0, 1, 2, 4, 5, 7, 8, 9, 10, 12, 13, 14, 15, 16, 17, 18, 19, 20, 21, 22, 23, 24, 25, 26, 27, 29, 30, 31, 33, 34, 35, 37, 39, 40, 41, 42, 43, 44, 45, 46, 47, 49, 51, 52, 53, 56, 57, 59, 62, 63, 67, 68, 69, 71, 72, 74, 75, 76, 77, 78, 79, 80, 81, 82, 83, 84, 85, 86, 87, 89, 90, 92, 93, 94, 95, 97, 98, 99, 100, 101, 102, 103, 105, 106, 107, 108, 109, 110, 112, 113, 114, 115, 116, 117, 118, 119, 120, 121, 122, 123, 124, 125, 127, 128]					MC: [0, 1, 2, 3, 4, 5, 6, 7, 8, 9, 10, 11, 12, 13, 14, 15, 16, 17, 18, 19, 20, 21, 22, 23, 24, 25, 26, 27, 28, 29, 30, 31, 32, 33, 34, 35, 36, 37, 38, 39, 40, 41, 42, 43, 44, 45, 46, 47, 48, 49, 50, 51, 52, 53, 54, 55, 56, 57, 58, 59, 60, 61, 62, 63, 64, 65, 66, 67, 68, 69, 70, 71, 72, 73, 74, 75, 76, 77, 78, 79, 80, 81, 82, 83, 84, 85, 86, 87, 88, 89, 90, 91, 92, 93, 94, 95, 96, 97, 98, 99, 100, 101, 102, 103, 104, 105, 106, 107, 108, 109, 110, 111, 112, 113, 114, 115, 116, 117, 118, 119, 120, 121, 122, 123, 124, 125, 126, 127, 128, 129, 130, 131, 132, 133, 134, 135, 136, 137, 138, 139, 140, 141, 142, 143, 144, 145, 147, 148, 149, 150, 151, 152, 153, 154, 155, 156, 158, 160, 161]
v004a_leaf2_alp_ovl_rep_256.bmp					PS2: [0, 1, 3, 6, 9, 10, 13, 16, 19, 20, 21, 24, 25, 28, 29, 31, 33, 34, 37, 39, 41, 42, 45, 46, 47, 48, 51, 52, 53, 54, 55, 57, 58, 59, 60, 62, 63, 64, 66, 67, 68, 69, 70, 71, 72, 73, 75, 76, 77, 78, 79, 80, 81, 82, 83, 85, 86, 87, 88, 89, 90, 91, 92, 95, 96, 97, 98, 99, 100, 101, 102, 103, 104, 105, 106, 107, 108, 109, 110, 111, 112, 113, 114, 115, 117, 118, 119, 120, 121, 123, 124, 125, 126, 127, 128]					MC: [0, 1, 2, 3, 4, 5, 6, 7, 8, 9, 10, 11, 12, 13, 14, 15, 16, 17, 18, 19, 20, 21, 22, 23, 24, 25, 26, 27, 28, 29, 30, 31, 32, 33, 34, 35, 36, 37, 38, 39, 40, 41, 42, 43, 44, 45, 46, 47, 48, 49, 50, 51, 52, 53, 54, 55, 56, 57, 58, 59, 60, 61, 62, 63, 64, 65, 66, 67, 68, 69, 70, 71, 72, 73, 74, 75, 76, 77, 78, 79, 80, 81, 82, 83, 84, 85, 86, 87, 88, 89, 90, 91, 92, 93, 94, 95, 96, 97, 98, 99, 100, 101, 102, 103, 104, 105, 106, 107, 108, 109, 110, 111, 112, 113, 114, 115, 116, 117, 118, 119, 120, 121, 122, 123, 124, 125, 126, 127, 128, 129, 130, 131, 132, 133, 134, 135, 136, 137]
v006a_eda3_alp_ovl_mip8000.bmp					PS2: [0, 16, 39, 62, 85, 87, 100, 101, 110, 113, 123, 125, 126]					MC: [0, 1, 2, 3, 4, 5, 6, 7, 8, 9, 10, 11, 13, 14, 15, 17, 18, 19, 20, 22, 23, 25, 26, 27, 28, 29, 30, 32, 33, 34, 37, 38, 40, 41, 42, 43, 44, 45, 46, 47, 48, 49, 51, 52, 54, 55, 56, 57, 59, 60, 63, 64, 66, 67, 68, 69, 70, 71, 72, 73, 74, 75, 77, 78, 79, 80, 82, 83, 84, 85, 86, 87, 88, 90, 91, 92, 93, 94, 95, 96, 97, 98, 99, 100, 101, 102, 103, 105, 106, 107, 108, 109, 110, 111, 112, 113, 114, 115, 116, 117, 118, 119, 120, 121, 122]
002e72af					PS2: [1, 7, 15, 26, 34, 41, 48, 54, 60, 69, 78, 90, 103, 115, 123, 128]					MC: [0, 1, 2, 3, 4, 5, 6, 7, 8, 9, 10, 11, 12, 13, 14, 15, 16, 17, 18, 19, 20, 21, 22, 23, 24, 25, 26, 27, 28, 29, 30, 31, 32, 33, 34, 35, 36, 37, 38, 39, 40, 41, 42, 43, 44, 45, 46, 47, 48, 49, 50, 51, 52, 53, 54, 55, 56, 57, 58, 59, 60, 61, 62, 63, 64, 65, 66, 67, 68, 69, 70, 71, 72, 73, 74, 75, 76, 77, 78, 79, 80, 81, 82, 83, 84, 85, 86, 87, 88, 89, 90, 91, 92, 93, 94, 95, 96, 97, 98, 99, 100, 101, 102, 103, 104, 105, 106, 107, 108, 109, 110, 111, 112, 113, 114, 115, 116, 117, 118, 119, 120, 121, 122, 123, 124, 125, 126, 127, 128, 129, 130]
002f72af					PS2: [1, 9, 15, 23, 30, 37, 45, 56, 67, 75, 86, 95, 104, 114, 121, 128]					MC: [0, 1, 2, 3, 4, 5, 6, 7, 8, 9, 10, 11, 12, 13, 14, 15, 16, 17, 18, 19, 20, 21, 22, 23, 24, 25, 26, 27, 28, 29, 30, 31, 32, 33, 34, 35, 36, 37, 38, 39, 40, 41, 42, 43, 44, 45, 46, 47, 48, 49, 50, 51, 52, 53, 54, 55, 56, 57, 58, 59, 60, 61, 62, 63, 64, 65, 66, 67, 68, 69, 70, 71, 72, 73, 74, 75, 76, 77, 78, 79, 80, 81, 82, 83, 84, 85, 86, 87, 88, 89, 90, 91, 92, 93, 94, 95, 96, 97, 98, 99, 100, 101, 102, 103, 104, 105, 106, 107, 108, 109, 110, 111, 112, 113, 114, 115, 116, 117, 118, 119, 120, 121, 122, 123, 124, 125, 126, 127, 128, 129]
004d847b					PS2: [1, 6, 10, 15, 21, 27, 32, 38, 44, 50, 56, 61, 68, 78, 90, 104]					MC: [0, 1, 2, 3, 4, 5, 6, 7, 8, 9, 10, 11, 12, 13, 14, 15, 16, 17, 18, 19, 20, 21, 22, 23, 24, 25, 26, 27, 28, 29, 30, 31, 32, 33, 34, 35, 36, 37, 38, 39, 40, 41, 42, 43, 44, 45, 46, 47, 48, 49, 50, 51, 52, 53, 54, 55, 56, 57, 58, 59, 60, 61, 62, 63, 64, 65, 66, 67, 68, 69, 70, 71, 72, 73, 74, 75, 76, 77, 78, 79, 80, 81, 82, 83, 84, 85, 86, 87, 88, 89, 90, 91, 92, 93, 94, 95, 96, 97, 98, 99, 100, 101, 102, 103, 104]
007695e3					PS2: [1, 11, 19, 24, 29, 36, 43, 50, 57, 66, 74, 80, 88, 97, 109, 123]					MC: [0, 2, 3, 4, 5, 7, 8, 9, 10, 11, 12, 14, 15, 16, 17, 18, 19, 20, 21, 22, 23, 24, 25, 26, 27, 28, 29, 30, 31, 32, 33, 34, 35, 36, 37, 38, 39, 40, 41, 42, 43, 44, 45, 46, 47, 48, 49, 50, 51, 52, 53, 54, 55, 56, 57, 58, 59, 60, 61, 62, 63, 64, 65, 66, 67, 68, 69, 70, 71, 72, 73, 74, 75, 76, 77, 78, 79, 80, 81, 82, 83, 84, 85, 86, 87, 88, 89, 90, 91, 92, 93, 94, 95, 96, 97, 98, 99, 100, 101, 102, 103, 104, 105, 106, 107, 108, 109, 110, 111, 112, 113, 114, 115, 116, 117, 118, 119, 120, 121, 122, 123, 124, 125]
00883597					PS2: [1, 2, 3, 4, 5, 6, 7, 8, 9, 10, 11, 15, 16, 17, 18, 19, 20, 22, 24, 25, 26, 27, 28, 29, 30, 31, 32, 33, 34, 35, 36, 37, 38, 40, 41, 42, 43, 45, 46, 47, 48, 50, 51, 52, 55, 56, 57, 58, 59, 61, 63, 66, 69, 70, 71, 73, 74, 76, 77, 78, 79, 80, 81, 82, 83, 84, 86, 90, 91, 92, 94, 95, 96, 97, 98, 99, 100, 101, 102, 103, 104, 105, 106, 109, 110, 111, 112, 113, 114, 115, 116, 117, 118, 119, 120, 121, 122, 123, 124, 125, 126, 128]					MC: [0, 2, 3, 4, 5, 7, 8, 9, 10, 11, 12, 14, 15, 16, 17, 18, 19, 20, 21, 22, 23, 24, 25, 26, 27, 28, 29, 30, 31, 32, 33, 34, 35, 36, 37, 38, 39, 40, 41, 42, 43, 44, 45, 46, 47, 48, 49, 50, 51, 52, 53, 54, 55, 56, 57, 58, 59, 60, 61, 62, 63, 64, 65, 66, 67, 68, 69, 70, 71, 72, 73, 74, 75, 76, 77, 78, 79, 80, 81, 82, 83, 84, 85, 86, 87, 88, 89, 90, 91, 92, 93, 94, 95, 96, 97, 98, 99, 100, 101, 102, 103, 104, 105, 106, 107, 108, 109, 110, 111, 112, 113, 114, 115, 116, 117, 118, 119, 120, 121, 122, 123, 124, 125, 126, 127, 128, 129, 130, 131, 132, 133, 134, 135, 136, 137, 138, 139, 140, 141, 142, 143, 144, 145, 146, 147, 148, 149, 150, 151, 152, 153, 154, 155, 156, 157, 160, 161, 162, 163, 164, 166, 167, 171]
00a7dd24					PS2: [1, 22, 38, 51, 60, 70, 78, 87, 96, 108, 125, 128]					MC: [0, 1, 2, 3, 4, 5, 6, 7, 8, 9, 10, 11, 12, 13, 14, 15, 16, 17, 18, 19, 20, 21, 22, 23, 24, 25, 26, 27, 28, 29, 30, 31, 32, 33, 34, 35, 36, 37, 38, 39, 40, 41, 42, 43, 44, 45, 46, 47, 48, 49, 50, 51, 52, 53, 54, 55, 56, 57, 58, 59, 60, 61, 62, 63, 64, 65, 66, 67, 68, 69, 70, 71, 72, 73, 74, 75, 76, 77, 78, 79, 80, 81, 82, 83, 84, 85, 86, 87, 88, 89, 90, 91, 92, 93, 94, 95, 96, 97, 98, 99, 100, 101, 102, 103, 104, 105, 106, 107, 108, 109, 110, 111, 112, 113, 114, 115, 116, 117, 118, 119, 120, 121, 122, 123, 124, 125, 126, 127, 128, 129, 130, 131, 132, 133, 134, 135, 136, 137, 138, 139, 140, 141, 142, 143, 144, 145, 146, 147, 148, 149, 150, 151, 152, 153, 154, 155, 156, 157, 158, 159, 160, 161, 162, 163, 164, 165, 166, 167, 168, 169, 170, 171, 172, 173, 174, 175, 176, 177, 178, 179, 180, 181, 182, 183, 184, 185, 186, 187, 188, 189, 190, 192, 193, 194, 196]
00e11a3e					PS2: [1, 40, 62, 80, 126, 128]					MC: [0, 1, 2, 3, 4, 5, 6, 7, 8, 9, 10, 11, 12, 13, 14, 15, 16, 17, 18, 19, 20, 21, 22, 23, 24, 25, 26, 27, 28, 29, 30, 31, 32, 33, 34, 35, 36, 37, 38, 39, 40, 41, 42, 43, 44, 45, 46, 47, 48, 49, 50, 51, 52, 53, 54, 55, 56, 57, 58, 59, 60, 61, 62, 63, 64, 65, 66, 67, 68, 69, 70, 71, 72, 73, 74, 75, 76, 77, 78, 79, 80, 81, 82, 83, 84, 85, 86, 87, 88, 89, 90, 91, 92, 93, 94, 95, 96, 97, 98, 99, 100, 101, 102, 103, 104, 105, 106, 107, 108, 109, 110, 111, 112, 113, 114, 115, 116, 117, 118, 119, 120, 121, 122, 123, 124, 125, 126, 127, 128, 129, 130, 131, 132, 133, 134, 135, 136, 137, 138, 139, 140, 141, 142, 143, 144, 145, 146, 147, 148, 149, 150, 151, 152, 153, 154, 155, 156, 157, 158, 159, 160, 161, 162, 163, 164, 165, 166, 167, 168, 169, 170, 171, 172, 174, 178, 180, 182, 183]
00f172ae					PS2: [1, 8, 17, 23, 30, 37, 44, 51, 59, 65, 76, 89, 99, 107, 116, 128]					MC: [0, 1, 2, 3, 4, 6, 7, 8, 9, 10, 11, 13, 14, 15, 16, 17, 18, 19, 20, 21, 22, 23, 24, 25, 26, 27, 28, 29, 30, 31, 32, 33, 34, 35, 36, 37, 38, 39, 40, 41, 42, 43, 44, 45, 46, 47, 48, 49, 50, 51, 52, 53, 54, 55, 56, 57, 58, 59, 60, 61, 62, 63, 64, 65, 66, 67, 68, 69, 70, 71, 72, 73, 74, 75, 76, 77, 78, 79, 80, 81, 82, 83, 84, 85, 86, 87, 88, 89, 90, 91, 92, 93, 94, 95, 96, 97, 98, 99, 100, 101, 102, 103, 104, 105, 106, 107, 108, 109, 110, 111, 112, 113, 114, 115, 116, 117, 118, 119, 120, 121, 122, 123, 124, 125, 126, 127, 128, 129, 130, 131, 132, 134, 135]
pai_def_face_ovl_sub_alp.bmp					PS2: [1, 5, 10, 15, 22, 29, 34, 40, 47, 55, 62, 70, 77, 84, 93, 105]					MC: [0, 1, 2, 3, 4, 5, 6, 7, 8, 9, 10, 11, 12, 13, 14, 15, 16, 17, 18, 19, 20, 21, 22, 23, 24, 25, 26, 27, 28, 29, 30, 31, 32, 33, 34, 35, 36, 37, 38, 39, 40, 41, 42, 43, 44, 45, 46, 47, 48, 49, 50, 51, 52, 53, 54, 55, 56, 57, 58, 59, 60, 61, 62, 63, 64, 65, 66, 67, 68, 69, 70, 71, 72, 73, 74, 75, 76, 77, 78, 79, 80, 81, 82, 83, 84, 85, 86, 87, 88, 89, 90, 91, 92, 93, 94, 95, 96, 97, 98, 99, 100, 101, 102, 103, 104, 105, 106, 107, 108, 109, 110, 111, 112, 113, 114, 115, 116, 117, 118, 119, 120, 121, 122, 123, 124, 125, 126, 127, 128, 129, 130, 131, 132, 133, 134, 135, 136, 137, 138, 139, 140, 141, 142, 143, 145, 146, 149, 150, 156, 157, 158]
s002a_rock_alp_ovl.bmp					PS2: [1, 36, 65, 81, 124, 125, 126, 127, 128]					MC: [0, 1, 2, 3, 4, 5, 6, 7, 8, 9, 10, 11, 12, 13, 14, 15, 16, 17, 18, 19, 20, 21, 22, 23, 24, 25, 26, 27, 28, 29, 30, 31, 32, 33, 34, 35, 36, 37, 38, 39, 40, 41, 42, 43, 44, 45, 46, 47, 48, 49, 50, 51, 52, 53, 54, 55, 56, 57, 58, 59, 60, 61, 62, 63, 64, 65, 66, 67, 68, 69, 70, 71, 72, 73, 74, 75, 76, 77, 78, 79, 80, 81, 82, 83, 84, 85, 86, 87, 88, 89, 90, 91, 92, 93, 94, 95, 96, 97, 98, 99, 100, 101, 102, 103, 104, 105, 106, 107, 108, 109, 110, 111, 112, 113, 114, 115, 116, 117, 118, 119, 120, 121, 122, 123, 124, 125, 126, 127, 128, 129, 130, 131, 132, 133, 134, 135, 136, 137, 138, 139, 140, 141, 142, 143, 144, 145, 146, 147, 148, 149, 150, 151, 152, 153, 154, 155, 156, 157, 158, 159, 160, 161, 162, 163, 164, 165, 168, 169, 170, 172, 175, 184]
s003a_flr_soil03_alp_ovl.bmp					PS2: [1, 4, 13, 19, 28, 36, 51, 56, 66, 82, 94, 101, 123, 124]					MC: [0, 1, 2, 3, 4, 5, 6, 7, 8, 9, 10, 11, 12, 13, 14, 15, 16, 17, 18, 19, 20, 21, 22, 23, 24, 25, 26, 27, 28, 29, 30, 31, 32, 33, 34, 35, 36, 37, 38, 39, 40, 41, 42, 43, 44, 45, 46, 47, 48, 49, 50, 51, 52, 53, 54, 55, 56, 57, 58, 59, 60, 61, 62, 63, 64, 65, 66, 67, 68, 69, 70, 71, 72, 73, 74, 75, 76, 77, 78, 79, 80, 81, 82, 83, 84, 85, 86, 87, 88, 89, 90, 91, 92, 93, 94, 95, 96, 97, 98, 99, 100, 101, 102, 103, 104, 105, 106, 107, 108, 109, 110, 111, 112, 113, 114, 115, 116, 117, 118, 119, 120, 121, 122, 123, 124, 125, 126, 127, 128, 129, 130, 131, 132, 133, 134, 135, 136, 137, 138, 139, 140, 141, 142, 143, 144, 145, 146, 147, 148, 149, 150, 151, 152, 153, 154, 155, 156, 157, 158, 159, 160, 161, 162, 163, 164, 165, 166, 167, 168, 169, 170, 171, 172, 173, 174, 175, 176, 177, 178, 180, 184, 186]
s131a_mog_stain_alp_ovl_02.bmp					PS2: [1, 3, 6, 10, 14, 27, 31, 47, 49, 50, 59, 65, 67, 74]					MC: [0, 1, 2, 3, 4, 5, 6, 7, 8, 9, 10, 11, 12, 13, 14, 15, 16, 17, 18, 19, 20, 21, 22, 23, 24, 25, 26, 27, 28, 29, 30, 31, 32, 33, 34, 35, 36, 37, 38, 39, 40, 41, 42, 43, 44, 45, 46, 47, 48, 49, 50, 51, 52, 53, 54, 55, 56, 57, 58, 59, 60, 61, 62, 63, 64, 65, 66, 67, 68, 69, 70, 71, 72, 73, 74, 75, 76, 77, 78, 79, 80, 81, 83]
s223a_plant_d00_alp_ovl.bmp					PS2: [1, 13, 25, 35, 48, 59, 70, 82, 93, 103, 110, 115, 121, 124, 127]					MC: [0, 1, 2, 3, 4, 5, 6, 7, 8, 9, 10, 11, 12, 13, 14, 15, 16, 17, 18, 19, 20, 21, 22, 23, 24, 25, 26, 27, 28, 29, 30, 31, 32, 33, 34, 35, 36, 37, 38, 39, 40, 41, 42, 43, 44, 45, 46, 47, 48, 49, 50, 51, 52, 53, 54, 55, 56, 57, 58, 59, 60, 61, 62, 63, 64, 65, 66, 67, 68, 69, 70, 71, 72, 73, 74, 75, 76, 77, 78, 79, 80, 81, 82, 83, 84, 85, 86, 87, 88, 89, 90, 91, 92, 93, 94, 95, 96, 97, 98, 99, 100, 101, 102, 103, 104, 105, 106, 107, 108, 109, 110, 111, 112, 113, 114, 115, 116, 117, 118, 119, 120, 121, 122, 123, 124, 125, 126, 127, 128]
00070eff					PS2: [2, 11, 16, 17, 23, 24, 32, 33, 39, 40, 46, 52, 63, 72, 73, 83, 90, 91, 103, 113, 114, 122, 123, 126, 127]					MC: [0, 1, 2, 3, 4, 5, 6, 7, 8, 9, 10, 11, 12, 13, 14, 15, 16, 17, 18, 19, 20, 21, 22, 23, 24, 25, 26, 27, 28, 29, 30, 31, 32, 33, 34, 35, 36, 37, 38, 39, 40, 41, 42, 43, 44, 45, 46, 47, 48, 49, 50, 51, 52, 53, 54, 55, 56, 57, 58, 59, 60, 61, 62, 63, 64, 65, 66, 67, 68, 69, 70, 71, 72, 73, 74, 75, 76, 77, 78, 79, 80, 82, 83, 84, 85, 86, 87, 88, 89, 90, 91, 92, 93, 94, 95, 96, 98, 101, 102, 103, 104, 107, 108, 109, 110, 111, 112, 113, 114, 115, 116, 117, 118, 119, 120, 121, 122, 123, 124, 125, 126, 127, 128, 129, 130, 131, 132, 133, 134, 135, 136, 137, 138, 139, 140, 141, 142, 143, 144, 145, 146, 147, 149, 150, 151]
e00c_flr_moss02_alp_ovl.bmp					PS2: [2, 14, 16, 30, 40, 47, 56, 61, 75, 91, 93, 95, 96, 98]					MC: [0, 1, 2, 3, 4, 5, 6, 7, 8, 9, 10, 11, 12, 13, 14, 15, 16, 17, 18, 19, 20, 21, 22, 23, 24, 25, 26, 27, 28, 29, 30, 31, 32, 33, 34, 35, 36, 37, 38, 39, 40, 41, 42, 43, 44, 45, 46, 47, 48, 49, 50, 51, 52, 53, 54, 55, 56, 57, 58, 59, 60, 61, 62, 63, 64, 65, 66, 67, 68, 69, 70, 71, 72, 73, 74, 75, 76, 77, 78, 79, 80, 81, 82, 83, 84, 85, 86, 87, 88, 89, 90, 91, 92, 93, 94, 95, 96, 97, 98, 99, 100, 101, 102, 103, 104, 105, 106, 107, 108, 109, 110, 111, 112, 113, 114, 115, 116, 117, 118, 119, 120, 121, 122, 124, 126, 128]
e02b_fl04_alp_ovl.bmp					PS2: [2, 3, 23, 25, 32, 40, 41, 57, 59, 71, 77, 78, 86, 88]					MC: [0, 1, 2, 3, 4, 5, 6, 7, 8, 9, 10, 11, 12, 13, 14, 15, 16, 17, 18, 19, 20, 21, 22, 23, 24, 25, 26, 27, 28, 29, 30, 31, 32, 33, 34, 35, 36, 37, 38, 39, 40, 41, 42, 43, 44, 45, 46, 47, 48, 49, 50, 51, 52, 53, 54, 55, 56, 57, 58, 59, 60, 61, 62, 63, 64, 65, 66, 67, 68, 69, 70, 71, 72, 73, 74, 75, 76, 77, 78, 79, 80, 81, 82, 83, 84, 85, 86, 87, 88, 89, 90, 91, 92, 93, 94, 95, 96, 97, 98, 99, 100, 101, 102, 103, 105, 106, 107, 108, 113]
s063a_armory_moss_alp_ovl_rep.bmp					PS2: [2, 20, 31, 42, 43, 58, 63, 76, 77, 91, 107, 108, 117, 125]					MC: [0, 1, 2, 3, 4, 5, 6, 7, 8, 9, 10, 11, 12, 13, 14, 15, 16, 17, 18, 19, 20, 21, 22, 23, 24, 25, 26, 27, 28, 29, 30, 31, 32, 33, 34, 35, 36, 37, 38, 39, 40, 41, 42, 43, 44, 45, 46, 47, 48, 49, 50, 51, 52, 53, 54, 55, 56, 57, 58, 59, 60, 61, 62, 63, 64, 65, 66, 67, 68, 69, 70, 71, 72, 73, 74, 75, 76, 77, 78, 79, 80, 81, 82, 83, 84, 85, 86, 87, 88, 89, 90, 91, 92, 93, 94, 95, 96, 97, 98, 99, 100, 101, 102, 103, 104, 105, 106, 107, 108, 109, 110, 111, 112, 113, 114, 115, 116, 117, 118, 119, 120, 121, 122, 123, 124, 125, 126, 127, 128]
s131a_mog_stain_alp_ovl_04.bmp					PS2: [2, 16, 28, 34, 38, 46, 53, 59, 62, 68, 76, 82, 88, 94, 98, 109]					MC: [0, 1, 2, 3, 4, 5, 6, 7, 8, 9, 10, 11, 12, 13, 14, 15, 16, 17, 18, 19, 20, 21, 22, 23, 24, 25, 26, 27, 28, 29, 30, 31, 32, 33, 34, 35, 36, 37, 38, 39, 40, 41, 42, 43, 44, 45, 46, 47, 48, 49, 50, 51, 52, 53, 54, 55, 56, 57, 58, 59, 60, 61, 62, 63, 64, 65, 66, 67, 68, 69, 70, 71, 72, 73, 74, 75, 76, 77, 78, 79, 80, 81, 82, 83, 84, 85, 86, 87, 88, 89, 90, 91, 92, 93, 94, 95, 96, 97, 98, 99, 100, 101, 102, 103, 104, 105, 106, 107, 108, 109, 110, 111, 112, 113]
007eb2ca					PS2: [3, 17, 26, 34, 42, 48, 56, 64, 70, 76, 81, 88, 94, 102, 112, 124]					MC: [0, 2, 3, 4, 5, 7, 8, 9, 10, 14, 15, 16, 17, 18, 19, 20, 21, 22, 23, 24, 25, 26, 27, 28, 29, 30, 31, 32, 33, 34, 35, 36, 37, 38, 39, 40, 41, 42, 43, 44, 45, 46, 47, 48, 49, 50, 51, 52, 53, 54, 55, 56, 57, 58, 59, 60, 61, 62, 63, 64, 65, 66, 67, 68, 69, 70, 71, 72, 73, 74, 75, 76, 77, 78, 79, 80, 81, 82, 83, 84, 85, 86, 87, 88, 89, 90, 91, 92, 93, 94, 95, 96, 97, 98, 99, 100, 101, 102, 103, 104, 105, 106, 107, 108, 109, 110, 111, 112, 113, 114, 115, 116, 117, 118, 119, 120, 121, 122, 123, 124, 125, 126, 127]
med_bottun_ovl_alp.bmp					PS2: [3, 4, 8, 10, 11, 12, 13, 14, 16, 17, 20, 22, 24, 27, 28, 29, 31, 34, 35, 39, 40, 51, 57, 58, 59, 61, 64, 65, 66, 69, 81, 86, 88, 89, 90, 92, 94, 98, 99, 100, 101, 104, 107, 112, 114, 116, 117, 119, 120, 122, 123, 124, 125]					MC: [0, 1, 2, 3, 4, 5, 6, 7, 8, 9, 10, 11, 12, 13, 14, 16, 17, 18, 19, 20, 21, 22, 23, 24, 26, 27, 28, 29, 30, 31, 32, 33, 34, 36, 38, 39, 40, 41, 42, 43, 44, 46, 47, 48, 49, 50, 52, 53, 55, 56, 57, 58, 59, 60, 61, 65, 66, 67, 68, 74, 76, 78, 79, 80, 81, 82, 86, 87, 88, 89, 90, 92, 93, 94, 95, 100, 101, 102, 103, 105, 106, 107, 108, 109, 110, 111, 112, 113, 114, 115, 116, 117, 118, 119, 120, 121, 122, 123, 124, 125, 126, 127, 128, 129, 130, 131, 132]
s101a_designpic01_alp_ovl.bmp					PS2: [3, 20, 21, 128]					MC: [1, 2, 3, 4, 5, 6, 7, 8, 9, 10, 11, 12, 13, 14, 15, 16, 17, 18, 19, 20, 21, 27, 28, 29, 30, 33, 36, 37, 115, 116, 117, 127, 128, 129, 130, 131, 132, 133, 134, 135, 136, 137, 138, 139, 140, 141, 144, 145, 149, 150, 151, 153, 154, 158, 162, 166, 168, 170]
00f98f14					PS2: [4, 5, 6, 7, 8, 9, 10, 11, 12, 13, 14, 15, 16, 17, 18, 19, 20, 21, 22, 23, 24, 25, 26, 27, 28, 29, 30, 31, 32, 33, 34, 35, 36, 37, 38, 39, 40, 41, 42, 43, 44, 45, 46, 47, 48, 49, 50, 51, 52, 53, 54, 55, 56, 57, 58, 59, 60, 61, 62, 63, 64, 65, 66, 67, 68, 69, 70, 71, 72, 73, 74, 75, 76, 77, 78]					MC: [3, 4, 5, 6, 7, 8, 9, 10, 11, 12, 13, 14, 15, 16, 17, 18, 19, 20, 21, 22, 23, 24, 25, 26, 27, 28, 29, 30, 31, 32, 33, 34, 35, 36, 37, 38, 39, 40, 41, 42, 43, 44, 45, 46, 47, 48, 49, 50, 51, 52, 53, 54, 55, 56, 57, 58, 59, 60, 61, 62, 63, 64, 65, 66, 67, 68, 69, 70, 71, 72, 73, 74, 75, 76, 77]
bos_vr_arm_ovl_sub_alp.bmp					PS2: [4, 5, 6, 7, 8, 9, 10, 11, 12, 13, 14, 15, 16, 17, 18, 19, 20, 21, 22, 23, 24, 25, 26, 27, 28, 29, 30, 31, 32, 33, 34, 35, 36, 37, 38, 39]					MC: [5, 6, 7, 8, 9, 10, 11, 12, 13, 14, 15, 16, 17, 18, 19, 20, 21, 22, 23, 24, 25, 26, 27, 28, 29, 30, 31, 32, 33, 34, 35, 36, 37, 38, 39, 40, 41, 43]
dmit_newkey_a00_alp_ovl.bmp					PS2: [4, 83, 128]					MC: [0, 1, 2, 3, 4, 5, 6, 7, 8, 11, 12, 13, 14, 15, 16, 19, 20, 22, 23, 24, 25, 28, 29, 32, 38, 40, 49, 51, 64, 65, 76, 78, 81, 102, 105, 120, 121, 122, 123, 124, 125, 126, 127, 128]
pai_bridge_face_ovl_sub_alp.bmp					PS2: [4, 9, 15, 20, 24, 29, 34, 39, 45, 50, 56, 63, 70, 78, 84, 95]					MC: [0, 1, 2, 3, 4, 5, 6, 7, 8, 9, 10, 11, 12, 13, 14, 15, 16, 17, 18, 19, 20, 21, 22, 23, 24, 25, 26, 27, 28, 29, 30, 31, 32, 33, 34, 35, 36, 37, 38, 39, 40, 41, 42, 43, 44, 45, 46, 47, 48, 49, 50, 51, 52, 53, 54, 55, 56, 57, 58, 59, 60, 61, 62, 63, 64, 65, 66, 67, 68, 69, 70, 71, 72, 73, 74, 75, 76, 77, 78, 79, 80, 81, 82, 83, 84, 85, 86, 87, 88, 89, 90, 91, 92, 93, 94, 95, 96, 97, 98, 99, 100, 101, 102, 103, 104, 105, 106, 107, 108, 109, 111, 112, 113, 114, 116, 118, 119]
s003a_pond_fader2_alp_ovl.bmp					PS2: [4, 19, 39, 55, 61, 85, 87, 106, 122, 125, 126]					MC: [2, 3, 4, 5, 6, 7, 8, 9, 10, 11, 12, 13, 14, 15, 16, 17, 18, 19, 20, 21, 22, 23, 24, 25, 26, 27, 28, 29, 30, 31, 32, 33, 34, 35, 36, 37, 38, 39, 40, 41, 42, 43, 44, 45, 46, 47, 48, 49, 50, 51, 52, 53, 54, 55, 56, 57, 58, 59, 60, 61, 62, 63, 64, 65, 66, 67, 68, 69, 70, 71, 72, 73, 74, 75, 76, 77, 78, 79, 80, 81, 82, 83, 84, 85, 86, 87, 88, 89, 90, 91, 92, 93, 94, 95, 96, 97, 98, 99, 100, 101, 102, 103, 104, 105, 106, 107, 108, 109, 110, 111, 112, 113, 114, 115, 116, 117, 118, 119, 120, 121, 122, 123, 124, 125, 126, 127, 128, 129, 131]
end_item_hp_me_sub_ovl_alp.bmp					PS2: [5, 6, 7, 8, 9, 10, 11, 12, 13, 14, 15, 16, 17, 18, 19, 20, 21, 22, 23, 24, 25, 26, 27, 28, 29, 30, 31, 32, 33, 34, 35, 36, 38, 39, 41, 42, 43, 44, 45, 48, 49, 51, 52, 53]					MC: [4, 5, 6, 7, 8, 9, 10, 11, 12, 13, 14, 15, 16, 17, 18, 19, 20, 21, 22, 23, 24, 25, 26, 27, 28, 29, 30, 31, 32, 33, 34, 35, 36, 37, 38, 39, 40, 41, 42, 43, 44, 45, 46, 47, 48, 49, 50, 51, 52, 53]
00fac680					PS2: [6, 7, 8, 9, 10, 11, 12, 13, 14, 15, 16, 17, 18, 19, 20, 21, 22, 23, 24, 25, 26, 27, 28, 29, 30, 31, 32, 33, 34, 35, 36, 37, 38, 39, 40, 41, 42, 43, 44, 45, 46, 47, 48, 49, 50, 51, 52, 53, 54, 55, 56, 57, 58, 59, 60, 61, 62, 64, 65, 66, 67, 69, 71, 73, 76, 78, 80, 83, 85, 87, 88, 90, 92, 94, 97, 101]					MC: [0, 5, 9, 10, 11, 12, 15, 16, 17, 18, 19, 20, 21, 22, 23, 24, 25, 26, 27, 28, 29, 30, 31, 32, 33, 34, 35, 36, 37, 38, 39, 40, 41, 42, 43, 44, 45, 46, 47, 48, 49, 50, 51, 52, 53, 54, 55, 56, 57, 58, 59, 60, 61, 62, 63, 64, 65, 66, 67, 68, 69, 70, 71, 72, 73, 74, 75, 76, 77, 78, 79, 80, 81, 82, 83, 84, 85, 86, 87, 88, 89, 90, 91, 92, 93, 94, 95, 96, 97, 98, 99, 100, 101, 102, 103, 104, 105, 106, 107, 108, 109, 110, 111, 113, 114, 116]
jngl_thintree01_ne_alp_ovl.bmp					PS2: [7, 33, 46, 62, 72, 94, 103, 121, 124, 125, 126, 127]					MC: [2, 3, 4, 5, 6, 7, 8, 9, 10, 13, 15, 16, 17, 21, 24, 25, 26, 27, 28, 29, 30, 31, 32, 33, 34, 35, 36, 37, 38, 39, 40, 41, 42, 43, 44, 45, 46, 47, 48, 49, 50, 51, 52, 53, 54, 55, 56, 57, 58, 59, 60, 61, 62, 63, 64, 65, 66, 67, 68, 69, 70, 71, 72, 73, 74, 75, 76, 77, 78, 79, 80, 81, 82, 83, 84, 85, 86, 87, 88, 89, 90, 91, 92, 93, 94, 95, 96, 97, 98, 99, 100, 101, 102, 103, 104, 105, 106, 107, 108, 109, 110, 111, 112, 113, 114, 115, 116, 117, 118, 119, 120, 121, 122, 123, 124, 125, 126, 127, 128, 129, 130, 131, 132, 133, 134, 135, 136, 137, 138, 139, 140, 141, 142, 144, 147, 148]
s005a_flr_soil07_alp_ovl_rep.bmp					PS2: [8, 11, 13, 18, 128]					MC: [0, 1, 2, 3, 4, 5, 6, 7, 8, 9, 10, 11, 12, 13, 14, 15, 16, 17, 18, 19, 20, 21, 22, 23, 24, 25, 26, 27, 28, 29, 30, 31, 32, 33, 34, 35, 36, 37, 38, 39, 40, 41, 42, 43, 44, 45, 46, 47, 48, 49, 50, 51, 52, 53, 54, 55, 56, 57, 58, 59, 60, 61, 62, 63, 64, 65, 66, 67, 68, 69, 70, 71, 72, 73, 74, 75, 76, 77, 78, 79, 80, 81, 82, 83, 84, 85, 86, 87, 88, 89, 90, 91, 92, 93, 94, 95, 96, 97, 98, 99, 100, 101, 102, 103, 104, 105, 106, 107, 108, 109, 110, 111, 112, 113, 114, 115, 116, 117, 118, 119, 120, 121, 122, 123, 124, 125, 126, 127, 128, 129, 130, 131, 132, 133, 134, 135, 136, 137, 138, 139, 140, 141, 142, 143, 144, 145, 146, 147, 148, 149, 150, 151, 152, 153, 154, 155, 156, 157, 159, 160, 164]
thu_mgs3_face_def_ovl_add_alp.bmp					PS2: [9, 10, 11, 12, 13, 14, 15, 16, 17, 18, 19, 20, 21, 22, 23, 24, 25, 26, 27, 28, 29, 30, 31, 32, 33, 34, 35, 36, 37, 38, 39, 40, 41, 42, 43, 44, 45, 46, 47, 48, 49, 50, 51, 52, 53, 54, 55, 56, 57, 58, 59, 60, 61, 62, 63, 64, 65, 66, 67, 68, 69, 70, 71, 72, 73, 74, 75, 76, 77, 78, 79, 80, 81, 82]					MC: [0, 1, 2, 3, 4, 5, 6, 7, 8, 9, 10, 11, 12, 13, 14, 15, 16, 17, 18, 19, 20, 21, 22, 23, 24, 25, 26, 27, 28, 29, 30, 31, 32, 33, 34, 35, 36, 37, 38, 39, 40, 41, 42, 43, 44, 45, 46, 47, 48, 49, 50, 51, 52, 53, 54, 55, 56, 57, 58, 59, 60, 61, 62, 63, 64, 65, 66, 67, 68, 69, 70, 71, 72, 73, 74, 76, 77, 79, 80, 82, 83]
thu_mgs3_face_after_ovl_add_alp.bmp					PS2: [13, 14, 15, 16, 17, 18, 19, 20, 21, 22, 23, 24, 25, 26, 27, 28, 29, 30, 31, 32, 33, 34, 35, 36, 37, 38, 39, 40, 41, 42, 43, 44, 45, 46, 47, 48, 49, 50, 51, 52, 53, 54, 55, 56, 57, 58, 59, 60, 61, 62, 63, 64, 65, 66, 67, 68, 69, 70, 71, 72, 73, 74, 75, 76, 77, 78, 79, 80, 81, 82, 83, 84, 85, 86]					MC: [11, 12, 13, 14, 15, 16, 17, 18, 19, 20, 21, 22, 23, 24, 25, 26, 27, 28, 29, 30, 31, 32, 33, 34, 35, 36, 37, 38, 39, 40, 41, 42, 43, 44, 45, 46, 47, 48, 49, 50, 51, 52, 53, 54, 55, 56, 57, 58, 59, 60, 61, 62, 63, 64, 65, 66, 67, 68, 69, 70, 71, 72, 73, 74, 75, 76, 77, 78, 79, 80, 81, 82, 83, 84, 86]
end_item_hp_coad_sub_ovl_alp.bmp					PS2: [22, 23, 24, 26, 28, 29, 30, 31, 33, 35, 36, 37, 38, 39, 41, 44, 45, 46, 48, 51, 52, 53, 56, 57, 60, 61, 62]					MC: [20, 21, 22, 23, 24, 25, 26, 27, 28, 29, 30, 31, 32, 33, 34, 35, 36, 37, 38, 39, 40, 41, 42, 43, 44, 45, 46, 47, 48, 49, 50, 51, 52, 53, 54, 55, 56, 57, 58, 59, 60, 61, 62, 63]
s112a_cor_window_01_alp_ovl.bmp					PS2: [33, 41, 46, 51, 57, 63, 69, 73, 77, 83, 92, 128]					MC: [21, 22, 23, 24, 25, 26, 27, 28, 29, 30, 31, 32, 33, 34, 35, 36, 37, 38, 39, 40, 41, 42, 43, 44, 45, 46, 47, 48, 49, 50, 51, 52, 53, 54, 55, 56, 57, 58, 59, 60, 61, 62, 63, 64, 65, 66, 67, 68, 69, 70, 71, 72, 73, 74, 75, 76, 77, 78, 79, 80, 81, 82, 83, 84, 85, 86, 87, 88, 89, 90, 91, 92, 93, 94, 95, 96, 97, 98, 99, 100, 101, 102, 103, 104, 105, 106, 107, 108, 109, 110, 111, 112, 113, 114, 115, 116, 117, 118, 119, 120, 121, 122, 123, 124, 125, 126, 127, 128]
dmo_gave_safety_sub_alp_ovl.bmp					PS2: [34, 35, 36, 37, 38, 39, 40, 41, 42, 43, 44, 45, 46, 47, 48, 49, 50, 51, 52, 53, 54, 55, 56, 57, 58, 59, 60, 61, 62, 63, 64, 65, 66, 67, 68, 69, 70, 71, 72, 73, 74, 75, 76, 77, 78, 79, 80, 81, 82, 83, 84, 85, 86, 87, 88, 90, 92, 93, 94, 95, 96, 97, 98, 99, 102, 110, 112]					MC: [38, 40, 41, 43, 44, 45, 46, 47, 48, 50, 51, 52, 53, 54, 55, 56, 57, 58, 59, 60, 61, 62, 63, 64, 65, 66, 67, 68, 69, 70, 71, 72, 73, 74, 75, 76, 77, 78, 79, 80, 81, 82, 83, 84, 85, 86, 87, 88, 89, 90, 91, 92, 93, 94, 95, 96, 98]
mog_box_11_alp_ovl.bmp					PS2: [54, 60, 66, 73, 78, 83, 88, 92, 95, 98, 100, 102, 105, 109, 114, 118]					MC: [50, 51, 52, 53, 54, 55, 56, 57, 58, 59, 60, 61, 62, 63, 64, 65, 66, 67, 68, 69, 70, 71, 72, 73, 74, 75, 76, 77, 78, 79, 80, 81, 82, 83, 84, 85, 86, 87, 88, 89, 90, 91, 92, 93, 94, 95, 96, 97, 98, 99, 100, 101, 102, 103, 104, 105, 106, 107, 108, 109, 110, 111, 112, 113, 114, 115, 116, 117, 118, 119, 120, 121, 122, 123, 125]
book_casewin00_alp_ovl.bmp_d1e9ec7a5d157953cccc67a54295be46					PS2: [66, 68, 69, 70, 72, 73, 74, 75, 77, 78, 79]					MC: [66, 67, 68, 69, 70, 71, 72, 73, 74, 75, 76, 77, 78, 79, 80]
s003a_swamp_hl_alp_ovl_rep.bmp					PS2: [73, 75, 76, 77, 78, 79, 80, 82, 83, 85, 86, 87, 88, 89, 90, 91, 92, 93, 94, 95, 96, 97, 98, 99, 101, 104, 105, 106, 107, 108, 110, 112, 114, 115, 117, 119, 121, 122, 123, 126, 128]					MC: [51, 55, 57, 58, 59, 60, 61, 62, 63, 64, 65, 66, 67, 68, 69, 70, 71, 72, 73, 74, 75, 76, 77, 78, 79, 80, 81, 82, 83, 84, 85, 86, 87, 88, 89, 90, 91, 92, 93, 94, 95, 96, 97, 98, 99, 100, 101, 102, 103, 104, 105, 106, 107, 108, 109, 110, 111, 112, 113, 114, 115, 116, 117, 118, 119, 120, 121, 122, 123, 124, 125, 126, 127, 128]
s152a_wall_01_02_alp_ovl.bmp					PS2: [101, 104, 105, 107, 108, 109, 110, 111, 112, 113, 114, 115, 116, 117, 118, 119, 120, 121, 123, 124, 125, 127, 128]					MC: [94, 95, 96, 97, 98, 99, 100, 101, 102, 103, 104, 105, 106, 107, 108, 109, 110, 111, 112, 113, 114, 115, 116, 117, 118, 119, 120, 121, 122, 123, 124, 125, 126, 127, 128, 129, 130, 131, 132, 133, 134, 135, 137]
s112a_cell_floor_01_alp_ovl.bmp					PS2: [111, 112, 113, 114, 115, 116, 117, 118, 119, 120, 121, 122, 123, 124, 125, 126, 127, 128]					MC: [128]
s152a_wall_01_02_v2_alp_ovl.bmp					PS2: [113, 117, 120, 127, 128]					MC: [107, 108, 109, 110, 111, 112, 113, 114, 115, 116, 117, 118, 119, 120, 121, 122, 123, 124, 125, 126, 127, 128, 129, 130, 131, 132, 133, 134, 135, 136]

###############################################################
########################  OG PS2 FILES  (Total: 975)  #########################
###############################################################

===== GROUP 1 - Single Alpha Value (MC Exceeds) (Count: 0) =====
None

===== GROUP 1 - Single Alpha Value (MC Below) (Count: 5) =====
s091a_endoor00.bmp					PS2: 128					MC: [124, 125, 126, 127, 128, 129, 130, 131, 132]
s091a_watchtower03.bmp					PS2: 128					MC: [124, 125, 126, 127, 128, 129, 130, 131, 132]
sna_item_saru.bmp					PS2: 128					MC: [0]
sna_item_saru_himo.bmp					PS2: 128					MC: [0]
wigbody01.bmp					PS2: 128					MC: [124, 125, 126, 127, 128, 129, 130, 131, 132]

===== GROUP 2 - Two Alpha Values (Mismatch) (Count: 152) =====
00007c5c					PS2: [0, 128]					MC: [0, 11, 12, 13, 14, 17, 20, 23, 27, 41, 49, 54, 55, 57, 61, 101, 106, 127, 128, 129, 130, 131, 132, 133, 140, 141, 142, 143, 149, 150, 153]
0000bdd3					PS2: [0, 128]					MC: [0, 11, 12, 13, 14, 17, 20, 23, 27, 41, 49, 54, 55, 57, 61, 101, 106, 127, 128, 129, 130, 131, 132, 133, 140, 141, 142, 143, 149, 150, 153]
000304be					PS2: [0, 128]					MC: [0, 11, 12, 13, 14, 17, 20, 23, 27, 41, 49, 54, 55, 57, 61, 101, 106, 127, 128, 129, 130, 131, 132, 133, 140, 141, 142, 143, 149, 150, 153]
0003247e					PS2: [0, 127]					MC: [0, 1, 4, 6, 8, 9, 10, 11, 12, 13, 15, 20, 21, 22, 23, 24, 25, 26, 27, 28, 29, 38, 39, 46, 47, 49, 51, 60, 61, 62, 133, 135, 137, 141, 142, 143, 144, 145, 146, 147, 152, 153, 154, 156, 157, 158, 159, 160, 161, 162, 165, 166, 168, 169, 171, 173]
00048d5b					PS2: [0, 128]					MC: [0, 11, 12, 13, 14, 17, 20, 23, 27, 41, 49, 54, 55, 57, 61, 101, 106, 127, 128, 129, 130, 131, 132, 133, 140, 141, 142, 143, 149, 150, 153]
000896f0					PS2: [0, 128]					MC: [0, 11, 12, 13, 14, 17, 20, 23, 27, 41, 49, 54, 55, 57, 61, 101, 106, 127, 128, 129, 130, 131, 132, 133, 140, 141, 142, 143, 149, 150, 153]
000adf24					PS2: [0, 128]					MC: [0, 11, 12, 13, 14, 17, 20, 23, 27, 41, 49, 54, 55, 57, 61, 101, 106, 127, 128, 129, 130, 131, 132, 133, 140, 141, 142, 143, 149, 150, 153]
0010d484					PS2: [0, 128]					MC: [0, 11, 12, 13, 14, 17, 20, 23, 27, 41, 49, 54, 55, 57, 61, 101, 106, 127, 128, 129, 130, 131, 132, 133, 140, 141, 142, 143, 149, 150, 153]
001beddd					PS2: [0, 128]					MC: [0, 11, 12, 13, 14, 17, 20, 23, 27, 41, 49, 54, 55, 57, 61, 101, 106, 127, 128, 129, 130, 131, 132, 133, 140, 141, 142, 143, 149, 150, 153]
001d9f6f					PS2: [0, 128]					MC: [0, 11, 12, 13, 14, 17, 20, 23, 27, 41, 49, 54, 55, 57, 61, 101, 106, 127, 128, 129, 130, 131, 132, 133, 140, 141, 142, 143, 149, 150, 153]
00847ff1					PS2: [0, 128]					MC: [0, 1, 2, 3, 4, 5, 6, 7, 8, 9, 10, 11, 12, 13, 14, 15, 16, 17, 18, 19, 20, 21, 22, 23, 24, 25, 26, 27, 28, 29, 30, 31, 32, 33, 34, 35, 36, 37, 38, 39, 40, 41, 42, 43, 44, 45, 46, 47, 48, 49, 50, 51, 52, 53, 54, 55, 56, 57, 58, 59, 60, 61, 62, 63, 64, 65, 66, 67, 68, 69, 70, 71, 72, 73, 74, 75, 76, 77, 78, 79, 80, 81, 82, 83, 84, 85, 86, 87, 88, 89, 90, 91, 92, 93, 94, 95, 96, 97, 98, 99, 100, 101, 102, 103, 104, 105, 106, 107, 108, 109, 110, 111, 112, 113, 114, 115, 116, 117, 118, 119, 120, 121, 122, 123, 124, 125, 126, 127, 128, 129, 130, 131, 132, 133, 134, 135, 136, 137, 138, 139, 140, 141, 142, 143, 144, 145, 146, 147, 148, 149, 150, 151, 152, 153, 154, 156, 157, 158, 159, 160, 161, 162, 163, 164]
00de5fb7					PS2: [0, 128]					MC: [0, 1, 2, 3, 4, 5, 6, 7, 8, 9, 10, 11, 12, 13, 14, 15, 16, 17, 18, 19, 20, 21, 22, 23, 24, 25, 26, 27, 28, 29, 30, 31, 32, 33, 34, 35, 36, 37, 38, 39, 40, 41, 42, 43, 44, 45, 46, 47, 48, 49, 50, 51, 52, 53, 54, 55, 56, 57, 58, 59, 60, 61, 62, 63, 64, 65, 66, 67, 68, 69, 70, 71, 72, 73, 74, 75, 76, 77, 78, 79, 80, 81, 82, 83, 84, 85, 86, 87, 88, 89, 90, 91, 92, 93, 94, 95, 96, 97, 98, 99, 100, 101, 102, 103, 104, 105, 106, 107, 108, 109, 110, 111, 112, 113, 114, 115, 116, 117, 118, 119, 120, 121, 122, 123, 124, 125, 126, 127, 128, 129, 130, 131, 132, 133, 134, 135, 136, 137, 138, 139, 140, 141, 142, 143, 144, 145, 146, 147, 148, 149, 150, 151, 152, 153, 154, 155, 156, 157, 158, 159, 160, 162]
armory_paper00_alp_ovl.bmp					PS2: [0, 128]					MC: [0, 8, 128]
armory_paper00_alp_ovl.bmp_3de9cd3e5a27240fd1744bc8205c3a91					PS2: [0, 128]					MC: [0, 2, 3, 4, 5, 6, 7, 8, 9, 11, 12, 13, 14, 16, 17, 18, 19, 20, 21, 22, 23, 24, 25, 27, 29, 61, 77, 78, 79, 87, 88, 93, 98, 100, 106, 107, 109, 114, 115, 119, 125, 126, 127, 128, 129, 130, 131, 132, 133, 134, 135, 136, 137, 138, 139, 142, 143, 144, 145, 148, 149]
blind_a00_alp_ovl.bmp					PS2: [0, 128]					MC: [0, 1, 2, 3, 4, 5, 6, 7, 8, 9, 10, 11, 12, 13, 14, 15, 16, 17, 18, 19, 20, 21, 22, 23, 24, 25, 26, 27, 28, 32, 33, 34, 35, 36, 38, 39, 40, 41, 43, 44, 45, 46, 47, 49, 50, 51, 52, 53, 55, 56, 57, 60, 61, 62, 64, 65, 66, 67, 68, 69, 70, 71, 74, 75, 77, 80, 81, 82, 83, 85, 86, 89, 91, 93, 94, 95, 96, 98, 99, 101, 103, 104, 105, 107, 109, 110, 112, 113, 115, 117, 118, 120, 121, 122, 124, 125, 126, 128, 129, 130, 131, 132, 133, 134, 135, 136, 137, 138, 139, 141, 142, 143, 144, 145, 146, 147, 148, 149, 150, 151, 152, 153]
comp_btn_00_alp_ovl.bmp					PS2: [0, 128]					MC: [0, 1, 2, 3, 4, 5, 6, 7, 8, 9, 10, 11, 12, 13, 14, 15, 16, 17, 18, 19, 20, 21, 22, 23, 24, 25, 26, 27, 28, 29, 30, 32, 33, 34, 35, 36, 37, 38, 39, 40, 41, 42, 43, 44, 46, 47, 48, 49, 50, 51, 52, 53, 54, 56, 58, 61, 62, 63, 64, 65, 67, 69, 70, 72, 73, 74, 75, 76, 78, 79, 80, 81, 82, 85, 86, 87, 89, 90, 91, 92, 94, 95, 96, 97, 98, 101, 102, 103, 105, 107, 108, 109, 111, 112, 114, 115, 117, 124, 128, 129, 131, 132, 133, 134, 139, 140, 142, 144, 145, 146, 148, 153, 164, 168, 176]
comp_btn_00_alp_ovl.bmp_ea088a2fc38ae58c06ab7851c32e8c32					PS2: [0, 128]					MC: [0, 1, 2, 3, 4, 5, 6, 7, 8, 9, 10, 11, 12, 13, 14, 15, 16, 17, 18, 19, 20, 21, 22, 23, 24, 25, 26, 27, 28, 29, 30, 32, 33, 34, 35, 36, 37, 38, 39, 40, 41, 42, 43, 44, 46, 47, 48, 49, 50, 51, 52, 53, 54, 56, 58, 61, 62, 63, 64, 65, 67, 69, 70, 72, 73, 74, 75, 76, 78, 79, 80, 81, 82, 85, 86, 87, 89, 90, 91, 92, 94, 95, 96, 97, 98, 101, 102, 103, 105, 107, 108, 109, 111, 112, 114, 115, 117, 124, 128, 129, 131, 132, 133, 134, 139, 140, 142, 144, 145, 146, 148, 153, 164, 168, 176]
comp_pane_00_alp_ovl.bmp					PS2: [0, 128]					MC: [0, 1, 2, 3, 5, 6, 7, 8, 9, 11, 12, 13, 15, 16, 19, 20, 21, 22, 23, 24, 25, 26, 28, 31, 34, 36, 37, 39, 53, 54, 55, 58, 59, 61, 64, 67, 68, 69, 70, 71, 75, 77, 78, 80, 82, 85, 86, 88, 95, 96, 97, 100, 101, 103, 106, 109, 117, 121, 122, 124, 125, 127, 128, 129, 130, 131, 132, 133, 134, 135, 136, 137, 138, 139, 140, 141, 142, 143, 144, 146, 148, 149, 152, 154, 157]
comp_pipe_k00_alp_ovl.bmp					PS2: [0, 128]					MC: [0, 1, 2, 3, 5, 7, 8, 9, 10, 11, 12, 13, 14, 15, 16, 17, 18, 19, 20, 23, 24, 25, 26, 27, 28, 29, 30, 32, 40, 46, 48, 50, 51, 54, 55, 57, 61, 67, 72, 73, 74, 75, 79, 81, 83, 87, 94, 100, 102, 104, 105, 107, 109, 111, 114, 115, 116, 117, 122, 123, 124, 126, 127, 128, 129, 130, 131, 132, 133, 134, 135, 137, 138, 139, 140, 141, 142, 143, 144, 146, 147, 150, 151, 152, 153, 155, 156, 157, 160]
drone_light_a_alpx2_add_ovl.bmp					PS2: [0, 128]					MC: [0, 217]
e_rigbelt_alp_ovl.bmp					PS2: [0, 128]					MC: [0, 11, 14, 16, 18, 41, 44, 52, 53, 54, 60, 65, 70, 75, 76, 78, 79, 90, 122, 124, 127, 128, 129, 130, 131, 132, 133, 134, 135, 136, 137]
ene_flame_belt_alp_ovl.bmp					PS2: [0, 128]					MC: [0, 1, 2, 4, 5, 6, 7, 9, 10, 12, 15, 16, 17, 18, 19, 20, 21, 22, 23, 24, 25, 26, 27, 28, 29, 32, 34, 36, 39, 42, 46, 48, 49, 50, 52, 53, 54, 55, 56, 57, 60, 64, 65, 66, 68, 69, 73, 74, 75, 76, 77, 79, 80, 81, 82, 83, 84, 85, 86, 87, 88, 89, 91, 92, 94, 97, 99, 100, 101, 102, 105, 106, 107, 108, 109, 111, 112, 113, 114, 115, 116, 117, 118, 120, 121, 122, 127, 128, 129, 130, 131, 132, 133, 134, 135, 136, 137, 138, 139, 140, 141, 142, 143, 144, 145, 147, 151, 155]
ene_ind_body_belt_alp_ovl.bmp					PS2: [0, 128]					MC: [0, 1, 2, 3, 4, 5, 6, 7, 8, 9, 11, 12, 13, 14, 15, 16, 17, 18, 19, 20, 21, 22, 23, 24, 25, 26, 27, 28, 29, 30, 31, 33, 34, 35, 36, 37, 38, 42, 44, 50, 51, 52, 53, 54, 55, 56, 59, 62, 64, 66, 68, 71, 72, 73, 74, 75, 76, 77, 78, 79, 80, 85, 88, 89, 92, 94, 97, 99, 105, 107, 108, 111, 112, 113, 114, 118, 122, 123, 124, 125, 126, 127, 128, 129, 130, 131, 132, 133, 134, 135, 136, 137, 138, 139, 140, 141, 142, 143, 144, 145, 146, 147, 150, 151, 152]
fur_jet_rock_ovl_alp.bmp					PS2: [0, 128]					MC: [0, 22, 108, 121, 123, 129, 132, 133]
gav_sebire_ovl_alp.bmp					PS2: [0, 128]					MC: [0, 1, 2, 3, 4, 5, 6, 7, 8, 9, 10, 11, 12, 13, 14, 15, 16, 17, 18, 19, 20, 21, 22, 23, 24, 25, 26, 27, 28, 29, 30, 31, 32, 33, 34, 35, 36, 37, 38, 39, 40, 41, 42, 43, 44, 45, 46, 47, 48, 49, 50, 51, 52, 53, 54, 55, 56, 57, 58, 59, 60, 61, 62, 63, 64, 65, 66, 67, 68, 69, 70, 71, 72, 73, 74, 75, 76, 77, 78, 79, 80, 81, 82, 83, 84, 85, 86, 87, 88, 89, 90, 91, 92, 93, 94, 95, 96, 97, 98, 99, 100, 101, 102, 103, 104, 105, 106, 107, 108, 109, 111, 113, 114, 115, 116, 117, 118, 119, 120, 121, 122, 123, 124, 125, 126, 127, 128, 129, 130, 131, 132, 133, 134, 135, 136, 137, 138, 139, 140, 141, 142, 143, 144, 145, 146, 147, 148, 149, 150, 151, 152, 153, 154, 155, 156, 157, 158, 159, 160, 163, 166]
hangar_01_alp_ovl.bmp					PS2: [0, 128]					MC: [0, 1, 2, 3, 4, 5, 6, 7, 8, 9, 10, 11, 12, 13, 14, 15, 16, 17, 18, 19, 20, 21, 22, 23, 24, 25, 26, 27, 28, 29, 30, 31, 32, 33, 34, 35, 36, 37, 38, 39, 40, 41, 42, 43, 44, 45, 46, 47, 48, 49, 50, 51, 52, 53, 54, 55, 56, 57, 58, 59, 60, 61, 62, 63, 64, 65, 66, 67, 68, 69, 70, 71, 72, 73, 74, 75, 76, 77, 78, 79, 80, 81, 82, 83, 84, 85, 86, 87, 88, 89, 90, 91, 92, 93, 94, 95, 96, 97, 98, 99, 100, 101, 102, 103, 104, 105, 106, 107, 108, 109, 110, 111, 112, 113, 114, 115, 116, 117, 118, 119, 120, 121, 122, 123, 124, 125, 126, 127, 128, 129, 130, 131, 132, 133, 134, 135, 136, 137, 138, 139, 140, 141, 142, 143, 144, 145, 146, 147, 148, 149, 150, 151, 152, 153, 154, 155, 156, 157, 158, 159, 161]
hangar_11_alp_ovl.bmp					PS2: [0, 128]					MC: [0, 1, 2, 3, 4, 5, 6, 9, 13, 14, 16, 18, 20, 22, 24, 25, 27, 28, 59, 79, 81, 87, 88, 90, 91, 98, 100, 105, 113, 126, 127, 128, 129, 130, 131, 132, 133, 134, 135, 136, 137, 138, 142, 143, 144, 145, 148, 149]
hangar_11_alp_ovl.bmp_ac78870f5f54690e3545d687e8624a81					PS2: [0, 128]					MC: [0, 1, 2, 3, 4, 5, 6, 7, 8, 14, 16, 18, 19, 20, 23, 24, 28, 34, 35, 40, 41, 44, 46, 59, 77, 78, 79, 86, 87, 92, 98, 100, 105, 112, 113, 126, 127, 128, 129, 130, 131, 132, 133, 134, 135, 137, 138, 139, 142, 143, 145]
hangar_11_alp_ovl.bmp_d6929f48bfb42343d0f6b7a1cd82dd11					PS2: [0, 128]					MC: [0, 1, 2, 3, 4, 5, 6, 7, 8, 14, 16, 18, 19, 20, 23, 24, 28, 34, 35, 40, 41, 44, 46, 59, 77, 78, 79, 86, 87, 92, 98, 100, 105, 112, 113, 126, 127, 128, 129, 130, 131, 132, 133, 134, 135, 137, 138, 139, 142, 143, 145]
iiz_n033a_papara_alp_ovl.bmp					PS2: [0, 128]					MC: [0, 2, 4, 128]
iiz_n033a_paparb_alp_ovl.bmp					PS2: [0, 128]					MC: [0, 1, 2, 128]
ivn_belt_shl_ovl_alp.bmp					PS2: [0, 128]					MC: [0, 2, 4, 5, 6, 7, 8, 9, 10, 11, 12, 13, 14, 15, 16, 17, 18, 19, 20, 21, 22, 23, 24, 25, 26, 27, 28, 30, 31, 32, 33, 34, 52, 55, 58, 63, 66, 68, 72, 73, 74, 78, 79, 80, 83, 85, 87, 89, 94, 95, 96, 99, 100, 101, 102, 103, 104, 106, 108, 111, 113, 114, 115, 117, 119, 121, 123, 124, 125, 126, 127, 128, 129, 130, 131, 132, 133, 134, 135, 136, 137, 138, 139, 140, 141, 142, 143, 144, 145, 146, 149]
ivn_body_suit_bh_ovl_alp.bmp					PS2: [0, 128]					MC: [0, 1, 7, 8, 10, 11, 12, 13, 14, 15, 16, 17, 18, 19, 20, 21, 22, 23, 25, 27, 28, 31, 32, 33, 34, 39, 44, 50, 53, 54, 55, 57, 63, 65, 67, 68, 69, 71, 74, 80, 81, 85, 96, 129, 130, 131, 132, 134, 135, 136, 137, 138, 139, 140, 141, 142, 143, 144, 146, 149, 153, 157]
misile_paper00_alp_ovl.bmp					PS2: [0, 128]					MC: [0, 1, 3, 5, 10, 12, 14, 17, 18, 21, 22, 23, 26, 27, 34, 35, 36, 42, 43, 45, 54, 73, 74, 76, 80, 81, 85, 98, 100, 102, 107, 110, 112, 113, 115, 118, 125, 127, 128, 129, 130, 131, 132, 133, 134, 135, 137, 138, 139, 146, 152]
mog_floor_alp_ovl_06.bmp					PS2: [0, 128]					MC: [0, 4, 8, 9, 24, 26, 79, 80, 90, 92, 100, 105, 106, 108, 110, 127, 128, 129, 130, 131, 132, 133, 134, 135]
mog_floor_alp_ovl_20.bmp					PS2: [0, 128]					MC: [0, 1, 3, 4, 5, 6, 7, 9, 11, 12, 14, 15, 17, 19, 20, 21, 23, 24, 25, 26, 28, 40, 43, 44, 47, 48, 50, 51, 53, 54, 59, 61, 62, 72, 73, 77, 78, 79, 81, 84, 91, 94, 95, 98, 99, 100, 102, 103, 105, 110, 114, 118, 127, 128, 129, 130, 131, 132, 133, 134, 135, 136, 137, 138, 139, 141, 142, 143, 144, 147, 148, 150, 151, 156]
mog_floor_alp_ovl_21.bmp					PS2: [0, 128]					MC: [1, 10, 13, 14, 15, 16, 22, 24, 117, 124, 127, 128, 129, 130, 131, 132, 139, 149]
mog_step_alp_ovl_03.bmp					PS2: [0, 128]					MC: [0, 1, 2, 6, 10, 11, 14, 15, 16, 19, 20, 22, 24, 25, 26, 27, 63, 76, 77, 80, 81, 83, 93, 95, 98, 99, 100, 101, 102, 103, 105, 108, 111, 112, 115, 116, 121, 126, 127, 128, 129, 130, 131, 132, 133, 134, 135, 136, 137]
mog_step_alp_ovl_04.bmp					PS2: [0, 128]					MC: [0, 1, 2, 3, 4, 5, 6, 7, 8, 9, 10, 11, 12, 13, 14, 15, 16, 17, 18, 19, 20, 21, 23, 24, 25, 26, 27, 28, 29, 30, 31, 32, 33, 34, 35, 36, 37, 38, 39, 40, 41, 42, 43, 44, 45, 46, 47, 48, 49, 50, 51, 52, 53, 54, 56, 58, 59, 60, 61, 62, 63, 64, 65, 66, 67, 68, 69, 70, 71, 72, 73, 74, 75, 76, 77, 78, 79, 80, 81, 82, 83, 84, 85, 86, 87, 88, 89, 90, 91, 92, 93, 94, 95, 96, 97, 98, 99, 100, 101, 102, 103, 104, 105, 106, 107, 108, 109, 110, 111, 112, 114, 115, 116, 117, 118, 119, 120, 121, 122, 123, 124, 125, 126, 127, 128, 129, 130, 131, 132, 133, 134, 135, 136, 137, 138, 139, 140, 141, 142, 143, 144, 145, 146, 147, 148, 149, 150, 151, 152, 153, 154, 155, 156, 157, 160, 162, 163, 164, 165, 166, 167, 168, 170, 172]
oce_body_belt_alp_ovl.bmp					PS2: [0, 128]					MC: [0, 1, 2, 3, 4, 5, 6, 7, 8, 9, 11, 12, 13, 14, 15, 16, 17, 18, 19, 20, 21, 22, 23, 24, 25, 26, 27, 28, 29, 30, 31, 33, 34, 35, 36, 37, 38, 42, 44, 50, 51, 52, 53, 54, 55, 56, 59, 62, 64, 66, 68, 71, 72, 73, 74, 75, 76, 77, 78, 79, 80, 85, 88, 89, 92, 94, 97, 99, 105, 107, 108, 111, 112, 113, 114, 118, 122, 123, 124, 125, 126, 127, 128, 129, 130, 131, 132, 133, 134, 135, 136, 137, 138, 139, 140, 141, 142, 143, 144, 145, 146, 147, 150, 151, 152]
oce_def_boots5_2_alp_ovl.bmp					PS2: [0, 128]					MC: [0, 12, 16, 20, 24, 28, 36, 40, 56, 60, 68, 76, 80, 84, 100, 104, 128]
paper00_alp_ovl.bmp					PS2: [0, 102]					MC: [2, 3, 5, 11, 13, 15, 16, 19, 20, 22, 23, 24, 25, 26, 27, 28, 32, 33, 35, 36, 49, 62, 64, 68, 69, 71, 74, 79, 81, 85, 87, 91, 100, 101, 102, 103, 104, 105, 106, 108, 109, 110, 111, 114, 115, 116, 117, 118, 119, 120, 121, 122, 126, 127, 128, 130, 133]
paper_a00_alp_ovl.bmp					PS2: [0, 111]					MC: [0, 2, 3, 4, 7, 10, 13, 14, 18, 19, 22, 23, 24, 25, 26, 32, 34, 41, 47, 49, 50, 54, 56, 60, 61, 63, 68, 83, 86, 88, 89, 91, 110, 111, 112, 113, 114, 116, 117, 119, 120, 121, 122, 123, 124, 125, 126, 127, 129, 130, 131, 134, 136, 139, 141]
pca_def_body_ovl_alp.bmp					PS2: [0, 128]					MC: [0, 1, 2, 3, 5, 6, 7, 8, 9, 10, 11, 12, 13, 14, 16, 17, 18, 20, 26, 27, 36, 37, 39, 40, 42, 44, 45, 46, 49, 50, 51, 52, 56, 65, 66, 67, 69, 74, 76, 78, 82, 83, 85, 87, 88, 92, 95, 99, 101, 102, 103, 104, 105, 106, 107, 108, 111, 112, 113, 120, 124, 125, 126, 127, 128, 129, 130, 131, 132, 133, 134, 135, 136, 138, 139, 140, 141, 142, 143, 144, 145, 146, 147, 149, 154, 156]
pca_def_wing_ovl_alp.bmp					PS2: [0, 128]					MC: [0, 1, 2, 3, 4, 5, 6, 7, 8, 9, 10, 11, 12, 13, 14, 15, 16, 17, 18, 19, 20, 21, 22, 23, 24, 25, 26, 27, 28, 29, 30, 31, 32, 33, 34, 35, 36, 37, 38, 39, 40, 41, 42, 43, 44, 45, 46, 47, 48, 49, 50, 51, 52, 53, 54, 55, 56, 57, 58, 59, 60, 61, 62, 63, 64, 65, 66, 67, 68, 69, 70, 71, 72, 73, 74, 75, 76, 77, 78, 79, 80, 81, 82, 83, 84, 85, 86, 87, 88, 89, 90, 91, 92, 93, 94, 95, 96, 97, 98, 99, 100, 101, 102, 103, 104, 105, 106, 107, 108, 109, 111, 113, 114, 115, 116, 117, 118, 119, 120, 121, 122, 123, 124, 125, 126, 127, 128, 129, 130, 131, 132, 133, 134, 135, 136, 137, 138, 139, 140, 141, 142, 143, 144, 145, 146, 147, 148, 149, 150, 151, 152, 154, 155, 156, 158, 159, 160]
pictures00_alp_ovl.bmp					PS2: [0, 128]					MC: [0, 1, 2, 3, 4, 5, 7, 8, 15, 16, 18, 19, 20, 23, 24, 34, 35, 41, 44, 46, 59, 77, 78, 79, 86, 87, 88, 92, 98, 100, 105, 112, 114, 127, 128, 129, 130, 131, 132, 133, 134, 137, 141, 142, 143, 145, 146]
poster_omake01_alp_ovl.bmp					PS2: [0, 103]					MC: [0, 1, 103]
raiden_01_alp_ovl.bmp					PS2: [0, 128]					MC: [0, 1, 2, 5, 8, 13, 14, 17, 19, 21, 24, 25, 26, 27, 54, 62, 63, 65, 71, 74, 75, 77, 78, 86, 109, 110, 111, 115, 127, 128, 129, 130, 131, 132, 133, 134, 135, 136, 137, 138, 139, 144, 149, 153]
s006a_iron_pillar1_side_alp_ovl.bmp					PS2: [0, 128]					MC: [0, 1, 2, 3, 4, 5, 7, 8, 11, 12, 22, 25, 27, 37, 38, 42, 44, 45, 47, 48, 56, 59, 61, 65, 67, 68, 71, 72, 80, 83, 84, 86, 93, 94, 96, 97, 99, 107, 108, 111, 114, 117, 118, 120, 121, 124, 125, 126, 127, 128, 129, 130, 131, 132, 133, 134, 135, 136, 137, 138, 139, 140, 141]
s053a_light_a01_alp_ovl.bmp_8994a105daad707f9a830e4883514463					PS2: [0, 128]					MC: [0, 1, 6, 10, 16, 26, 27, 34, 36, 39, 40, 42, 45, 46, 47, 125, 127, 128, 129, 130, 131, 132, 133, 134, 135, 137]
s053a_light_a03_alp_ovl.bmp					PS2: [0, 128]					MC: [0, 2, 3, 4, 6, 13, 16, 20, 21, 28, 36, 57, 58, 61, 63, 64, 66, 68, 69, 70, 71, 74, 76, 77, 78, 127, 128, 129, 130, 132, 134, 136, 138, 139, 140, 141, 143, 146, 147, 149, 153]
s053a_locker01_alp_tr.trans.bmp					PS2: [0, 128]					MC: [0, 4, 5, 6, 11, 15, 16, 17, 18, 19, 20, 21, 22, 23, 24, 25, 26, 28, 113, 114, 123, 124, 125, 126, 127, 128, 129, 130, 131, 132, 133, 134, 137, 138, 139, 142, 143, 144, 145, 146, 147, 152, 153, 161, 166, 167]
s053a_sign_01_alp_ovl.bmp					PS2: [0, 128]					MC: [0, 1, 2, 3, 4, 8, 9, 10, 13, 15, 16, 18, 19, 20, 21, 22, 23, 24, 25, 26, 35, 49, 50, 52, 53, 56, 61, 62, 63, 70, 71, 82, 87, 88, 92, 95, 97, 116, 117, 118, 119, 126, 127, 128, 129, 130, 131, 132, 134, 135, 136, 137, 138, 140, 142, 147, 149, 152, 153]
s054a_paper_a01_alp_ovl.bmp					PS2: [0, 128]					MC: [0, 1, 2, 3, 5, 6, 8, 11, 17, 18, 21, 22, 26, 28, 34, 39, 40, 43, 50, 53, 66, 72, 75, 79, 80, 84, 86, 87, 88, 94, 98, 100, 102, 103, 107, 108, 115, 127, 128, 129, 130, 131, 132, 133, 134, 136, 137, 138, 139, 143, 151, 156]
s054a_paper_a01_alp_ovl.bmp_2d1efa3e73f2af37ce2643c28a223850					PS2: [0, 128]					MC: [0, 1, 2, 3, 5, 6, 8, 11, 17, 18, 21, 22, 26, 28, 34, 39, 40, 43, 50, 53, 66, 72, 75, 79, 80, 84, 86, 87, 88, 94, 98, 100, 102, 103, 107, 108, 115, 127, 128, 129, 130, 131, 132, 133, 134, 136, 137, 138, 139, 143, 151, 156]
s054a_paperb_alp_ovl.bmp					PS2: [0, 128]					MC: [0, 1, 2, 3, 5, 6, 8, 11, 17, 18, 21, 22, 26, 28, 34, 39, 40, 43, 50, 53, 66, 72, 75, 79, 80, 84, 86, 87, 88, 94, 98, 100, 102, 103, 107, 108, 115, 127, 128, 129, 130, 131, 132, 133, 134, 136, 137, 138, 139, 143, 151, 156]
s054a_paperc_alp_ovl.bmp					PS2: [0, 128]					MC: [0, 1, 2, 3, 5, 6, 8, 11, 17, 18, 21, 22, 26, 28, 34, 39, 40, 43, 50, 53, 66, 72, 75, 79, 80, 84, 86, 87, 88, 94, 98, 100, 102, 103, 107, 108, 115, 127, 128, 129, 130, 131, 132, 133, 134, 136, 137, 138, 139, 143, 151, 156]
s054a_papere_alp_ovl.bmp					PS2: [0, 128]					MC: [0, 1, 2, 3, 5, 6, 8, 11, 17, 18, 21, 22, 26, 28, 34, 39, 40, 43, 50, 53, 66, 72, 75, 79, 80, 84, 86, 87, 88, 94, 98, 100, 102, 103, 107, 108, 115, 127, 128, 129, 130, 131, 132, 133, 134, 136, 137, 138, 139, 143, 151, 156]
s062a_pictur_alp_ovl01.bmp					PS2: [0, 128]					MC: [0, 2, 3, 4, 6, 9, 13, 14, 16, 18, 20, 21, 23, 24, 25, 27, 61, 79, 81, 87, 88, 90, 91, 98, 100, 105, 113, 114, 126, 127, 128, 129, 130, 131, 132, 133, 134, 136, 137, 138, 142, 143, 144, 145, 148, 149]
s062a_pictur_alp_ovl02.bmp					PS2: [0, 128]					MC: [0, 1, 2, 3, 4, 5, 6, 9, 13, 14, 16, 18, 20, 22, 24, 25, 27, 28, 59, 79, 81, 87, 88, 90, 91, 98, 100, 105, 113, 126, 127, 128, 129, 130, 131, 132, 133, 134, 135, 136, 137, 138, 142, 143, 144, 145, 148, 149]
s062a_pictur_alp_ovl04.bmp					PS2: [0, 128]					MC: [0, 1, 2, 3, 4, 5, 6, 9, 13, 14, 16, 18, 20, 22, 24, 25, 27, 28, 59, 79, 81, 87, 88, 90, 91, 98, 100, 105, 113, 126, 127, 128, 129, 130, 131, 132, 133, 134, 135, 136, 137, 138, 142, 143, 144, 145, 148, 149]
s062a_pictur_alp_ovl05.bmp					PS2: [0, 128]					MC: [0, 1, 2, 3, 4, 5, 6, 9, 13, 14, 16, 18, 20, 22, 24, 25, 27, 28, 59, 79, 81, 87, 88, 90, 91, 98, 100, 105, 113, 126, 127, 128, 129, 130, 131, 132, 133, 134, 135, 136, 137, 138, 142, 143, 144, 145, 148, 149]
s062a_pictur_alp_ovl06.bmp					PS2: [0, 128]					MC: [0, 1, 2, 3, 4, 5, 6, 9, 13, 14, 16, 18, 20, 22, 24, 25, 27, 28, 59, 79, 81, 87, 88, 90, 91, 98, 100, 105, 113, 126, 127, 128, 129, 130, 131, 132, 133, 134, 135, 136, 137, 138, 142, 143, 144, 145, 148, 149]
s062a_wodbrk02_alp_ovl.bmp					PS2: [0, 128]					MC: [0, 4, 128]
s081a_mogi_obj_alp_ovl_10.bmp					PS2: [0, 128]					MC: [0, 1, 2, 3, 4, 5, 10, 11, 12, 15, 17, 18, 19, 20, 21, 22, 23, 27, 31, 35, 36, 40, 41, 42, 47, 48, 49, 50, 52, 53, 54, 55, 56, 57, 61, 62, 66, 67, 69, 71, 83, 84, 85, 86, 94, 102, 104, 105, 108, 116, 118, 120, 121, 123, 124, 125, 126, 127, 128, 129, 130, 131, 132, 133, 134, 135, 136, 137, 138, 139, 140, 141, 144, 146, 147]
s091a_bgwall00_alp_ovl.bmp					PS2: [0, 128]					MC: [0, 1, 6, 7, 8, 10, 11, 14, 40, 52, 54, 55, 64, 68, 70, 77, 78, 79, 87, 92, 94, 95, 111, 112, 121, 122, 124, 125, 126, 127, 128, 129, 130, 131, 132, 133, 134, 136, 138, 139, 140, 141, 144, 145, 146]
s091a_bwlightd_alp_ovl.bmp					PS2: [0, 128]					MC: [0, 1, 4, 5, 6, 9, 13, 14, 18, 19, 20, 24, 27, 52, 62, 63, 64, 72, 73, 84, 86, 87, 99, 100, 113, 116, 118, 123, 129, 130, 131, 133, 134, 135, 136, 140, 142, 144, 158]
s091a_cautiona_alp_ovl.bmp					PS2: [0, 128]					MC: [0, 2, 3, 4, 5, 6, 9, 13, 14, 16, 17, 18, 20, 22, 23, 24, 25, 57, 75, 77, 78, 80, 83, 87, 90, 98, 126, 127, 128, 129, 130, 131, 132, 133, 134, 136, 138, 142, 143, 144, 148, 149, 161]
s091a_fencedoor00_alp_ovl.bmp					PS2: [0, 128]					MC: [0, 1, 2, 3, 4, 5, 6, 7, 8, 9, 10, 11, 12, 13, 14, 15, 16, 17, 18, 19, 20, 21, 22, 23, 24, 25, 26, 27, 28, 29, 30, 31, 32, 33, 34, 35, 36, 37, 38, 39, 40, 41, 42, 43, 44, 45, 46, 47, 48, 49, 50, 51, 52, 53, 54, 55, 56, 57, 58, 59, 60, 61, 62, 63, 64, 65, 66, 67, 68, 69, 70, 71, 72, 73, 74, 75, 76, 77, 78, 79, 80, 81, 82, 83, 84, 85, 86, 87, 88, 89, 90, 91, 92, 93, 94, 95, 96, 97, 98, 99, 100, 101, 102, 103, 104, 105, 106, 107, 108, 109, 110, 111, 112, 113, 114, 115, 116, 117, 118, 119, 120, 121, 122, 123, 124, 125, 126, 127, 128, 129, 130, 131, 132, 133, 134, 135, 136, 137, 138, 139, 140, 141, 142, 143, 144, 145, 146, 147, 148, 149, 150, 151, 152, 153, 154, 155, 156, 157, 158, 159, 160, 161, 162, 163, 164, 165, 166, 167, 168, 169, 170, 171, 172, 173, 174, 175, 176, 177]
s091a_fl05b3_alp_ovl.bmp					PS2: [0, 128]					MC: [0, 2, 3, 4, 5, 6, 7, 8, 14, 16, 19, 20, 23, 24, 27, 34, 35, 40, 41, 44, 46, 61, 77, 78, 79, 86, 87, 93, 98, 100, 106, 109, 114, 126, 127, 128, 129, 130, 131, 132, 133, 134, 137, 139, 143, 144, 145]
s091a_framea_alp_ovl.bmp					PS2: [0, 128]					MC: [0, 1, 2, 3, 4, 5, 6, 7, 8, 9, 10, 11, 12, 13, 14, 15, 16, 17, 18, 19, 20, 21, 22, 23, 24, 25, 26, 27, 28, 29, 30, 31, 32, 33, 34, 36, 37, 38, 39, 40, 41, 42, 43, 44, 45, 46, 47, 48, 49, 50, 51, 52, 53, 54, 55, 56, 57, 58, 59, 60, 61, 62, 63, 64, 65, 66, 67, 68, 69, 70, 71, 72, 73, 74, 75, 76, 77, 78, 79, 80, 81, 82, 83, 84, 85, 86, 87, 88, 89, 91, 92, 93, 94, 95, 96, 97, 98, 99, 100, 101, 102, 103, 104, 105, 107, 109, 110, 111, 112, 113, 114, 115, 116, 118, 119, 120, 121, 122, 123, 124, 125, 126, 127, 128, 129, 130, 131, 132, 133, 134, 135, 136, 137, 138, 139, 140, 141, 142, 143, 144, 145, 146, 147, 148, 149, 150, 151, 153, 154, 155, 157]
s091a_frameb_alp_ovl.bmp					PS2: [0, 128]					MC: [0, 1, 2, 3, 4, 5, 6, 7, 8, 9, 10, 11, 12, 13, 14, 15, 16, 17, 18, 19, 20, 21, 22, 23, 24, 25, 26, 27, 28, 30, 31, 32, 33, 34, 35, 36, 37, 38, 39, 40, 41, 42, 43, 44, 45, 46, 47, 48, 49, 50, 51, 52, 53, 54, 55, 56, 57, 58, 59, 60, 61, 62, 63, 64, 65, 66, 67, 68, 69, 70, 71, 72, 73, 74, 75, 76, 77, 78, 79, 80, 81, 82, 83, 84, 85, 86, 87, 88, 89, 90, 91, 92, 93, 94, 95, 96, 97, 98, 100, 101, 102, 103, 104, 105, 106, 107, 108, 109, 110, 111, 112, 113, 114, 115, 116, 117, 118, 119, 120, 121, 122, 123, 125, 126, 127, 128, 129, 130, 131, 132, 133, 134, 135, 136, 137, 138, 139, 140, 141, 142, 143, 144, 145, 146, 147, 148, 149, 150, 151, 152, 153, 154, 155, 156, 157, 158]
s091a_pnl01_alp_ovl.bmp					PS2: [0, 128]					MC: [0, 1, 2, 3, 4, 5, 6, 9, 13, 14, 16, 18, 20, 22, 24, 25, 27, 28, 59, 79, 81, 87, 88, 90, 91, 98, 100, 105, 113, 126, 127, 128, 129, 130, 131, 132, 133, 134, 135, 136, 137, 138, 142, 143, 144, 145, 148, 149]
s091a_pnl03_alp_ovl.bmp					PS2: [0, 128]					MC: [0, 1, 2, 3, 4, 5, 6, 9, 13, 14, 16, 18, 20, 22, 24, 25, 27, 28, 59, 79, 81, 87, 88, 90, 91, 98, 100, 105, 113, 126, 127, 128, 129, 130, 131, 132, 133, 134, 135, 136, 137, 138, 142, 143, 144, 145, 148, 149]
s091a_pnl04_alp_ovl.bmp					PS2: [0, 128]					MC: [0, 1, 2, 3, 4, 5, 6, 9, 13, 14, 16, 18, 19, 20, 22, 23, 24, 25, 28, 59, 77, 78, 79, 87, 90, 92, 98, 100, 105, 112, 113, 126, 127, 128, 129, 130, 131, 132, 133, 134, 136, 137, 138, 142, 143, 144, 145, 148, 149, 161]
s091a_pnl07_alp_ovl.bmp					PS2: [0, 128]					MC: [0, 2, 3, 4, 6, 9, 13, 14, 16, 18, 20, 21, 23, 24, 25, 27, 61, 79, 81, 87, 88, 90, 91, 98, 100, 105, 113, 114, 126, 127, 128, 129, 130, 131, 132, 133, 134, 136, 137, 138, 142, 143, 144, 145, 148, 149]
s091a_sewerfl00c2_alp_ovl.bmp					PS2: [0, 128]					MC: [0, 1, 2, 3, 4, 5, 6, 7, 8, 9, 10, 11, 12, 13, 14, 15, 16, 17, 18, 19, 20, 21, 22, 23, 24, 25, 26, 27, 28, 29, 30, 31, 32, 33, 34, 35, 36, 37, 38, 39, 40, 41, 42, 43, 44, 45, 46, 47, 48, 49, 50, 51, 52, 53, 54, 55, 56, 57, 58, 59, 60, 61, 62, 63, 64, 65, 66, 67, 68, 69, 70, 71, 72, 73, 74, 75, 76, 77, 78, 79, 80, 81, 82, 83, 84, 85, 86, 87, 88, 89, 90, 91, 92, 93, 94, 95, 96, 97, 98, 99, 100, 101, 102, 103, 104, 105, 106, 107, 108, 109, 110, 111, 112, 113, 114, 115, 116, 117, 118, 119, 120, 121, 122, 123, 124, 125, 126, 127, 128, 129, 130, 131, 132, 133, 134, 135, 136, 137, 138, 139, 140, 141, 142, 143, 144, 145, 146, 147, 148, 149, 150, 151, 152, 153, 154, 155, 156, 157, 158, 159, 160, 161, 162, 163, 164, 165, 166, 167, 168, 169, 170, 171, 172, 173, 174, 175, 177]
s091a_sewerfl00c_alp_ovl.bmp					PS2: [0, 128]					MC: [0, 1, 2, 3, 4, 5, 6, 7, 8, 9, 10, 11, 12, 13, 14, 15, 16, 17, 18, 19, 20, 21, 22, 23, 24, 25, 26, 27, 28, 29, 30, 31, 32, 33, 34, 35, 36, 37, 38, 39, 40, 41, 42, 43, 44, 45, 46, 47, 48, 49, 50, 51, 52, 53, 54, 55, 56, 57, 58, 59, 60, 61, 62, 63, 64, 65, 66, 67, 68, 69, 70, 71, 72, 73, 74, 75, 76, 77, 78, 79, 80, 81, 82, 83, 84, 85, 86, 87, 88, 89, 90, 91, 92, 93, 94, 95, 96, 97, 98, 99, 100, 101, 102, 103, 104, 105, 106, 107, 108, 109, 110, 111, 112, 113, 114, 115, 116, 117, 118, 119, 120, 121, 122, 123, 124, 125, 126, 127, 128, 129, 130, 131, 132, 133, 134, 135, 136, 137, 138, 139, 140, 141, 142, 143, 144, 145, 146, 147, 148, 149, 150, 151, 152, 153, 154, 155, 156]
s091a_spotlightd_alp_ovl.bmp					PS2: [0, 128]					MC: [0, 1, 2, 3, 4, 5, 6, 7, 9, 13, 15, 17, 18, 19, 20, 21, 22, 24, 25, 28, 29, 33, 34, 39, 42, 45, 46, 53, 54, 57, 61, 70, 71, 72, 73, 75, 77, 78, 79, 80, 81, 85, 89, 91, 92, 97, 112, 114, 115, 120, 127, 128, 129, 130, 131, 132, 133, 134, 135, 136, 137, 138, 139, 140, 141, 142, 143, 144, 146, 149, 150, 154, 162]
s091a_spotlightd_alp_ovl.bmp_37447e79299273078de344ee3a264963					PS2: [0, 128]					MC: [0, 1, 2, 3, 4, 5, 6, 7, 9, 13, 15, 17, 18, 19, 20, 21, 22, 24, 25, 28, 29, 33, 34, 39, 42, 45, 46, 53, 54, 57, 61, 70, 71, 72, 73, 75, 77, 78, 79, 80, 81, 85, 89, 91, 92, 97, 112, 114, 115, 120, 127, 128, 129, 130, 131, 132, 133, 134, 135, 136, 137, 138, 139, 140, 141, 142, 143, 144, 146, 149, 150, 154, 162]
s091a_sysd_add_alp_ovl.bmp					PS2: [0, 64]					MC: [0, 1, 2, 3, 4, 6, 8, 9, 11, 14, 16, 23, 25, 44, 48]
s091a_tanka_alp_ovl.bmp					PS2: [0, 128]					MC: [0, 1, 2, 3, 4, 5, 6, 7, 8, 10, 11, 12, 13, 15, 16, 17, 18, 19, 20, 22, 23, 24, 25, 26, 27, 28, 29, 33, 37, 40, 41, 42, 43, 44, 45, 47, 48, 49, 54, 55, 56, 58, 60, 61, 62, 63, 64, 65, 66, 70, 71, 72, 73, 74, 75, 77, 78, 79, 80, 81, 84, 85, 88, 89, 91, 92, 93, 95, 100, 101, 103, 104, 105, 107, 108, 110, 111, 112, 114, 116, 118, 119, 122, 125, 126, 127, 128, 129, 130, 131, 132, 133, 134, 135, 136, 137, 138, 139, 140, 141, 142, 143, 144, 145, 146, 147, 148, 149, 151, 152, 156, 157, 160, 162, 163, 165, 166, 177, 178]
s091a_watchtower05_alp_ovl.bmp					PS2: [0, 128]					MC: [1, 2, 3, 4, 8, 9, 10, 12, 13, 14, 15, 16, 22, 23, 24, 28, 47, 65, 77, 78, 79, 84, 85, 90, 91, 119, 125, 126, 127, 128, 129, 130, 131, 132, 134, 135, 136, 137, 139, 141, 142, 143, 144, 157]
s091a_win00_alp_ovl.bmp					PS2: [0, 128]					MC: [1, 2, 3, 4, 8, 9, 10, 12, 13, 14, 15, 16, 22, 23, 24, 28, 47, 65, 77, 78, 79, 84, 85, 90, 91, 119, 125, 126, 127, 128, 129, 130, 131, 132, 134, 135, 136, 137, 139, 141, 142, 143, 144, 157]
s092a_s111lighta_alp_ovl.bmp					PS2: [0, 128]					MC: [0, 1, 2, 3, 4, 5, 6, 10, 14, 15, 19, 20, 21, 24, 26, 32, 39, 50, 51, 53, 55, 56, 63, 64, 67, 68, 72, 85, 86, 88, 90, 92, 94, 100, 129, 130, 131, 132, 133, 135, 138, 139, 142, 144, 145, 148, 151, 158]
s093a_wallpnl00_alp_ovl.bmp					PS2: [0, 128]					MC: [0, 1, 6, 7, 8, 11, 12, 14, 41, 52, 53, 54, 55, 58, 62, 68, 70, 77, 78, 79, 87, 94, 96, 99, 116, 120, 121, 122, 124, 125, 126, 127, 128, 129, 130, 131, 132, 133, 134, 135, 136, 138, 139, 140, 143, 146, 149]
s094a_wallobj00_alp_ovl.bmp					PS2: [0, 128]					MC: [0, 1, 23, 28, 37, 45, 46, 47, 48, 49, 54, 55, 57, 58, 61, 67, 68, 76, 78, 80, 82, 83, 84, 86, 87, 90, 91, 100, 105, 126, 127, 128, 131, 132, 133, 134, 135, 136, 137, 139, 140, 141, 143, 145]
s101a_vent_b00_alp_ovl.bmp					PS2: [0, 128]					MC: [0, 2, 3, 4, 5, 6, 9, 13, 14, 16, 19, 20, 23, 24, 27, 61, 77, 78, 79, 87, 88, 93, 98, 100, 106, 109, 114, 126, 127, 128, 129, 130, 131, 132, 133, 134, 136, 137, 138, 143, 144, 145, 148, 149]
s111a_cor_light_04_alp_ovl.bmp					PS2: [0, 128]					MC: [0, 1, 2, 3, 4, 5, 6, 7, 8, 9, 10, 11, 12, 13, 14, 15, 16, 17, 18, 19, 20, 21, 22, 23, 24, 25, 26, 27, 28, 29, 30, 31, 32, 33, 34, 35, 36, 37, 39, 40, 41, 42, 43, 44, 45, 46, 49, 50, 51, 52, 53, 56, 57, 58, 59, 60, 61, 62, 63, 64, 65, 66, 67, 68, 69, 70, 71, 72, 73, 74, 75, 76, 77, 78, 79, 80, 81, 82, 83, 84, 85, 86, 87, 88, 89, 90, 91, 92, 93, 94, 95, 96, 97, 98, 99, 101, 102, 103, 104, 105, 106, 107, 108, 109, 110, 111, 112, 113, 114, 115, 116, 117, 118, 119, 120, 121, 122, 123, 124, 125, 126, 127, 128, 129, 130, 131, 132, 133, 134, 135, 136, 137, 138, 139, 140, 141, 142, 143, 144, 145, 146, 147, 148, 149, 150, 151, 152, 153, 154, 155, 156, 157, 158]
s111a_cor_light_04_alp_ovl.bmp_021b07b7df51f8f503e8c66c8b8686b1					PS2: [0, 128]					MC: [0, 2, 4, 38, 40, 82, 84, 118, 120, 128]
s111a_room_light_02_alp_ovl.bmp					PS2: [0, 128]					MC: [0, 1, 2, 4, 5, 6, 14, 15, 17, 18, 19, 20, 21, 22, 23, 26, 28, 31, 32, 38, 39, 40, 41, 47, 48, 53, 56, 57, 60, 62, 63, 64, 65, 66, 68, 70, 71, 72, 73, 74, 75, 76, 77, 78, 79, 80, 81, 82, 86, 90, 92, 94, 97, 99, 100, 101, 102, 104, 105, 106, 107, 110, 112, 114, 115, 116, 117, 118, 120, 121, 122, 129, 131, 132, 133, 134, 135, 136, 137, 138, 139, 140, 141, 142, 145, 146, 157, 168]
s111a_s091a_holea_alp_ovl.bmp					PS2: [0, 128]					MC: [0, 1, 2, 3, 4, 5, 6, 9, 13, 14, 16, 18, 20, 22, 24, 25, 27, 28, 59, 79, 81, 87, 88, 90, 91, 98, 100, 105, 113, 126, 127, 128, 129, 130, 131, 132, 133, 134, 135, 136, 137, 138, 142, 143, 144, 145, 148, 149]
s111a_zumen_01_alp_ovl.bmp					PS2: [0, 102]					MC: [2, 3, 5, 12, 13, 15, 16, 19, 20, 23, 24, 26, 27, 28, 32, 33, 35, 36, 48, 62, 65, 70, 71, 73, 79, 81, 83, 89, 101, 102, 103, 104, 105, 107, 108, 109, 110, 112, 115, 117, 118, 119, 120, 121, 124, 127, 128, 130, 131, 133]
s112a_ne_pos01_alp_ovl.bmp					PS2: [0, 128]					MC: [0, 1, 2, 4, 6, 10, 11, 12, 13, 14, 16, 20, 21, 22, 23, 24, 32, 37, 41, 42, 46, 48, 51, 53, 67, 68, 69, 71, 74, 76, 77, 78, 79, 82, 88, 89, 94, 95, 105, 106, 117, 119, 120, 122, 124, 125, 126, 127, 128, 129, 130, 131, 132, 133, 134, 135, 136, 137, 138, 139, 142, 143, 144]
s112a_ne_pos02_alp_ovl.bmp					PS2: [0, 128]					MC: [0, 1, 2, 5, 8, 9, 10, 11, 12, 13, 14, 16, 17, 21, 22, 26, 27, 61, 92, 94, 95, 98, 99, 100, 101, 107, 114, 118, 121, 122, 123, 126, 127, 128, 129, 130, 131, 132, 133, 134, 137, 138, 139, 144]
s112a_toilet_haisui_01_alp_ovl.bmp					PS2: [0, 128]					MC: [0, 1, 2, 3, 4, 5, 6, 7, 8, 9, 10, 11, 12, 13, 14, 15, 16, 17, 18, 19, 20, 21, 22, 23, 24, 25, 26, 29, 34, 36, 37, 40, 43, 44, 46, 48, 54, 56, 57, 64, 70, 71, 72, 75, 76, 77, 79, 82, 83, 85, 87, 89, 91, 93, 94, 95, 96, 105, 107, 112, 116, 119, 121, 122, 123, 125, 126, 127, 128, 129, 130, 131, 132, 133, 134, 135, 136, 137, 138, 139, 140, 141, 142, 144, 147, 149, 150, 151, 160, 161]
s121a_mog_light_alp_ovl_01.bmp					PS2: [0, 128]					MC: [0, 1, 2, 3, 4, 5, 6, 7, 8, 9, 10, 11, 12, 13, 16, 17, 18, 19, 20, 21, 22, 23, 24, 25, 26, 27, 28, 32, 33, 34, 35, 36, 37, 38, 40, 41, 45, 47, 48, 49, 50, 51, 52, 54, 55, 56, 57, 59, 60, 62, 64, 65, 66, 67, 68, 69, 70, 71, 72, 74, 76, 77, 78, 79, 80, 82, 83, 84, 86, 88, 89, 90, 91, 92, 93, 94, 95, 96, 97, 98, 100, 101, 102, 103, 105, 106, 107, 108, 110, 111, 112, 113, 114, 115, 116, 117, 119, 120, 121, 122, 123, 124, 125, 126, 127, 128, 129, 130, 131, 132, 133, 134, 135, 136, 137, 138, 140, 141, 143, 144, 145, 146, 147, 148, 149, 150, 151, 152, 153, 154, 155, 158, 159, 161, 162, 163, 164, 169, 171]
s121a_mogi_fueltank_alp_ovl_03.bmp					PS2: [0, 128]					MC: [0, 1, 2, 3, 4, 5, 6, 7, 8, 9, 10, 11, 12, 13, 14, 15, 16, 17, 18, 19, 20, 21, 22, 23, 28, 29, 30, 31, 32, 33, 34, 35, 36, 37, 38, 39, 40, 41, 42, 43, 44, 45, 46, 47, 48, 49, 50, 51, 52, 53, 54, 55, 56, 57, 58, 59, 60, 61, 62, 63, 64, 65, 66, 67, 68, 69, 70, 71, 72, 73, 74, 75, 76, 77, 78, 79, 80, 81, 82, 83, 84, 85, 86, 87, 88, 89, 90, 91, 92, 93, 94, 95, 96, 97, 98, 99, 100, 101, 102, 103, 104, 105, 106, 107, 108, 109, 110, 111, 112, 113, 114, 115, 116, 117, 118, 119, 120, 121, 122, 123, 124, 125, 126, 127, 128, 129, 130, 131, 132, 133, 134, 135, 136, 137, 138, 139, 140, 141, 142, 143, 144, 145, 146, 147, 148, 149, 150, 151, 152, 153, 154, 155, 156, 157, 158, 159, 160, 161, 162, 163, 164, 166, 168]
s121a_mogi_fueltank_alp_ovl_08.bmp					PS2: [0, 128]					MC: [0, 1, 2, 3, 4, 5, 6, 9, 12, 14, 15, 16, 18, 20, 22, 23, 24, 25, 26, 27, 54, 77, 78, 80, 81, 89, 90, 91, 96, 102, 103, 122, 125, 126, 127, 128, 129, 130, 131, 132, 133, 134, 136, 137, 141, 142, 143, 144, 147, 149, 150]
s122a_fence_alp_ovl_02.bmp					PS2: [0, 128]					MC: [0, 1, 2, 3, 4, 5, 6, 7, 8, 9, 10, 11, 12, 13, 14, 15, 16, 17, 18, 19, 20, 21, 22, 23, 24, 25, 26, 27, 28, 29, 30, 31, 32, 33, 34, 35, 36, 37, 38, 39, 40, 41, 42, 43, 45, 46, 47, 48, 49, 50, 51, 52, 53, 54, 55, 56, 57, 58, 59, 60, 61, 62, 63, 64, 65, 66, 67, 68, 69, 70, 71, 72, 73, 74, 75, 76, 77, 78, 79, 80, 81, 82, 83, 84, 85, 86, 87, 88, 89, 90, 91, 92, 93, 94, 95, 96, 97, 98, 99, 100, 101, 102, 103, 104, 105, 106, 107, 108, 109, 110, 111, 112, 113, 114, 115, 116, 117, 118, 119, 120, 121, 122, 123, 124, 125, 126, 127, 128, 129, 130, 131, 132, 133, 134, 135, 136, 137, 138, 139, 140, 141, 142, 143, 144, 145, 146, 147, 148, 149, 150, 151, 152, 153, 154, 155, 156, 157, 158, 159, 160, 161, 162, 163, 164, 166]
s123_mog_floor_alp_ovl_03.bmp					PS2: [0, 128]					MC: [0, 2, 4, 5, 11, 14, 15, 18, 20, 22, 24, 25, 27, 28, 34, 39, 42, 49, 52, 56, 58, 59, 60, 65, 66, 67, 68, 71, 72, 78, 83, 98, 103, 105, 107, 108, 110, 115, 119, 121, 123, 124, 125, 127, 128, 129, 130, 131, 132, 133, 134, 135, 137, 138, 141]
s161ap0_s121a_kaidana_alp_ovl.bmp					PS2: [0, 128]					MC: [0, 3, 6, 8, 10, 11, 17, 28, 36, 37, 42, 43, 44, 46, 47, 48, 49, 50, 51, 52, 53, 54, 55, 58, 59, 60, 61, 62, 63, 64, 65, 66, 67, 68, 70, 72, 80, 81, 83, 84, 85, 86, 87, 88, 89, 90, 91, 92, 93, 94, 95, 96, 97, 98, 99, 100, 101, 102, 103, 104, 105, 106, 107, 108, 109, 110, 111, 112, 113, 114, 115, 116, 117, 118, 119, 120, 121, 122, 123, 124, 125, 126, 127, 128, 129, 130, 131, 132, 133, 134, 135, 136, 137, 138, 139, 140, 141, 145, 147, 148, 150, 151, 154, 155]
s161ap0_s121a_tankb_alp_ovl.bmp					PS2: [0, 128]					MC: [2, 5, 8, 10, 12, 13, 15, 16, 17, 18, 23, 24, 25, 26, 57, 64, 74, 79, 82, 88, 90, 91, 92, 93, 95, 96, 97, 101, 105, 106, 108, 121, 122, 123, 127, 128, 129, 130, 131, 132, 134, 135, 136, 137, 142, 143, 146]
s162a_deco_number_02_alp_ovl.bmp					PS2: [0, 128]					MC: [0, 1, 2, 3, 4, 5, 6, 7, 8, 9, 10, 11, 12, 13, 14, 15, 16, 17, 18, 19, 20, 21, 22, 23, 24, 25, 26, 27, 28, 29, 30, 31, 32, 34, 35, 36, 38, 39, 41, 42, 44, 45, 46, 47, 48, 50, 51, 52, 53, 54, 55, 56, 57, 60, 62, 63, 65, 66, 67, 68, 69, 71, 72, 73, 74, 75, 76, 77, 78, 79, 80, 81, 82, 83, 84, 86, 87, 88, 90, 91, 92, 93, 94, 95, 96, 98, 99, 100, 101, 102, 105, 106, 107, 108, 109, 110, 111, 112, 113, 114, 116, 117, 118, 121, 122, 123, 125, 126, 127, 128, 129, 130, 131, 132, 133, 134, 135, 136, 137, 138, 139, 140, 141, 142, 143, 145, 146, 147, 148, 149, 150, 151, 153, 154, 155, 156, 157, 159, 161, 163, 164, 165, 167, 168, 169, 170, 171, 173]
s162a_light_02_alp_ovl.bmp					PS2: [0, 128]					MC: [0, 1, 2, 3, 4, 5, 6, 7, 8, 9, 10, 11, 12, 13, 14, 15, 16, 17, 18, 19, 20, 21, 22, 23, 24, 25, 26, 27, 28, 29, 30, 31, 32, 33, 34, 35, 36, 38, 39, 40, 41, 42, 43, 44, 45, 46, 47, 48, 49, 50, 51, 52, 53, 54, 55, 56, 57, 58, 59, 60, 61, 63, 64, 65, 66, 67, 68, 69, 70, 71, 72, 73, 74, 75, 76, 77, 78, 79, 80, 81, 82, 83, 84, 86, 88, 89, 90, 91, 93, 94, 95, 96, 100, 101, 102, 104, 106, 107, 109, 110, 111, 112, 113, 114, 115, 116, 119, 120, 121, 122, 123, 124, 126, 127, 128, 129, 130, 131, 132, 133, 134, 135, 136, 137, 138, 139, 140, 141, 142, 143, 144, 145, 146, 147, 148, 149, 150, 151, 152, 153, 154, 155]
s164a_gate_fence_01_alp_ovl.bmp					PS2: [0, 128]					MC: [0, 1, 2, 3, 4, 5, 6, 7, 8, 9, 10, 11, 12, 13, 14, 15, 16, 17, 18, 19, 20, 21, 22, 23, 24, 25, 26, 27, 28, 29, 30, 31, 32, 33, 34, 35, 36, 37, 38, 39, 40, 41, 42, 43, 44, 45, 46, 47, 48, 49, 50, 51, 52, 53, 54, 55, 56, 57, 58, 59, 60, 61, 62, 63, 64, 65, 66, 67, 68, 69, 70, 71, 72, 73, 74, 75, 76, 77, 78, 79, 80, 81, 82, 83, 84, 85, 86, 87, 88, 89, 90, 91, 92, 93, 94, 95, 96, 97, 98, 99, 100, 101, 102, 103, 104, 105, 106, 107, 108, 109, 110, 111, 112, 113, 114, 115, 116, 117, 118, 119, 120, 121, 122, 123, 124, 125, 126, 127, 128, 129, 130, 131, 132, 133, 134, 135, 136, 137, 138, 139, 140, 141, 142, 143, 144, 145, 146, 147, 148, 149, 150, 151, 152, 153, 154, 155, 156, 157, 158, 159, 160, 161, 162, 163, 164, 165, 166, 167, 168]
s164a_gate_house_05_alp_ovl.bmp					PS2: [0, 128]					MC: [0, 1, 2, 3, 4, 5, 6, 7, 8, 14, 16, 18, 19, 20, 23, 24, 28, 34, 35, 40, 41, 44, 46, 59, 77, 78, 79, 86, 87, 92, 98, 100, 105, 112, 113, 126, 127, 128, 129, 130, 131, 132, 133, 134, 135, 137, 138, 139, 142, 143, 145]
s171a_mo_floor_alp_ovl_03.bmp					PS2: [0, 128]					MC: [0, 1, 2, 3, 4, 5, 6, 7, 8, 9, 10, 11, 12, 13, 14, 15, 16, 17, 18, 19, 20, 21, 22, 23, 24, 25, 26, 27, 28, 29, 30, 31, 32, 33, 34, 35, 36, 37, 38, 39, 40, 41, 42, 43, 44, 45, 46, 47, 48, 49, 50, 51, 52, 53, 54, 55, 56, 57, 58, 59, 60, 61, 62, 63, 64, 65, 66, 67, 68, 69, 70, 71, 72, 73, 74, 75, 76, 77, 78, 79, 80, 81, 82, 83, 84, 85, 86, 87, 88, 89, 90, 91, 92, 93, 94, 95, 96, 97, 98, 99, 100, 101, 102, 103, 104, 105, 106, 107, 108, 109, 110, 111, 112, 113, 114, 115, 116, 117, 118, 119, 120, 121, 122, 123, 124, 125, 126, 127, 128, 129, 130, 131, 132, 133, 134, 135, 136, 137, 138, 139, 140, 141, 142, 143, 144, 145, 146, 147, 148, 149, 150, 151, 152, 153, 154, 155, 156, 159, 160, 162]
s171a_mo_wire_alp_ovl_01.bmp					PS2: [0, 128]					MC: [0, 1, 2, 4, 6, 8, 9, 10, 12, 13, 14, 15, 16, 17, 18, 19, 20, 21, 22, 23, 24, 34, 36, 59, 60, 75, 76, 86, 90, 91, 92, 96, 107, 108, 109, 121, 122, 123, 124, 125, 126, 127, 128, 129, 130, 131, 132, 133, 135, 136, 137, 138, 139, 140, 142, 143, 145, 148, 149, 152, 153]
s221a_photo00_alp_ovl.bmp					PS2: [0, 128]					MC: [0, 1, 4, 7, 12, 13, 15, 16, 17, 18, 19, 20, 21, 22, 25, 26, 27, 44, 56, 65, 69, 70, 76, 78, 90, 91, 93, 98, 99, 101, 102, 106, 114, 126, 127, 128, 129, 130, 131, 132, 133, 134, 135, 136, 137, 138, 141, 142, 144, 146, 147, 150, 153, 157]
s222a_room_hondana_05_alp_ovl.bmp					PS2: [0, 128]					MC: [0, 1, 2, 3, 4, 6, 7, 8, 9, 13, 16, 17, 18, 21, 22, 23, 24, 25, 28, 51, 77, 78, 81, 85, 92, 93, 106, 110, 111, 112, 118, 120, 123, 124, 125, 126, 127, 128, 129, 130, 131, 132, 133, 134, 137, 138, 141, 143, 144, 145, 146, 150, 151, 160]
s222a_shelves_alp_ovl.bmp					PS2: [0, 128]					MC: [0, 1, 2, 3, 4, 6, 7, 8, 9, 10, 11, 12, 13, 14, 15, 16, 17, 18, 19, 20, 22, 23, 24, 26, 27, 28, 29, 30, 31, 32, 33, 34, 36, 38, 39, 40, 41, 42, 43, 44, 45, 46, 48, 49, 50, 51, 52, 53, 54, 55, 56, 57, 58, 59, 60, 61, 64, 66, 67, 70, 71, 72, 73, 74, 75, 76, 77, 78, 79, 80, 81, 82, 83, 84, 85, 86, 87, 88, 89, 90, 91, 92, 93, 95, 96, 98, 99, 100, 101, 102, 103, 104, 105, 106, 107, 109, 110, 111, 112, 113, 114, 115, 116, 118, 119, 121, 122, 124, 125, 126, 127, 128, 129, 130, 131, 132, 133, 134, 135, 136, 137, 138, 139, 140, 141, 142, 143, 144, 145, 146, 147, 148, 149, 150, 151, 152, 153, 154, 155, 156, 158, 159, 160, 161]
s22a_mog_desk_alp_ovl_08.bmp					PS2: [0, 128]					MC: [0, 1, 3, 4, 5, 6, 7, 11, 13, 14, 15, 17, 18, 19, 20, 21, 23, 24, 25, 26, 27, 52, 62, 64, 68, 69, 72, 73, 76, 77, 78, 79, 81, 82, 85, 86, 90, 93, 94, 95, 97, 99, 101, 106, 109, 112, 113, 114, 115, 116, 118, 121, 129, 132, 134, 135, 136, 138, 141, 142, 144, 146, 150, 159, 160]
s22a_mog_obj_alp_ovl_26.bmp					PS2: [0, 128]					MC: [0, 1, 2, 3, 4, 5, 7, 8, 15, 16, 18, 19, 20, 23, 24, 34, 35, 41, 44, 46, 59, 77, 78, 79, 86, 87, 88, 92, 98, 100, 105, 112, 114, 127, 128, 129, 130, 131, 132, 133, 134, 137, 141, 142, 143, 145, 146]
s22a_mog_obj_alp_ovl_28.bmp					PS2: [0, 128]					MC: [0, 4, 6, 7, 8, 10, 11, 13, 14, 16, 25, 28, 38, 40, 44, 47, 48, 49, 50, 51, 52, 54, 55, 57, 59, 65, 70, 74, 76, 78, 79, 87, 98, 114, 117, 118, 121, 122, 125, 126, 127, 128, 129, 130, 131, 132, 134, 135, 136, 137, 138, 139, 140, 142, 146, 147]
s22a_mog_obj_alp_ovl_29.bmp					PS2: [0, 128]					MC: [0, 1, 2, 3, 4, 5, 7, 8, 15, 16, 18, 19, 20, 23, 24, 34, 35, 41, 44, 46, 59, 77, 78, 79, 86, 87, 88, 92, 98, 100, 105, 112, 114, 127, 128, 129, 130, 131, 132, 133, 134, 137, 141, 142, 143, 145, 146]
s22a_mog_wall_alp_ovl_03.bmp					PS2: [0, 61]					MC: [10, 42, 61, 62, 71]
sna_item_para_belt_ovl_alp.bmp					PS2: [0, 128]					MC: [0, 3, 18, 21, 25, 27, 28, 39, 75, 83, 90, 112, 119, 127, 128, 129, 130, 131, 132, 134, 135, 137, 138, 141, 142, 152, 159]
sna_mgs3_bandana_def_ovl_alp.bmp					PS2: [0, 128]					MC: [0, 1, 2, 3, 4, 5, 6, 7, 8, 9, 10, 11, 12, 13, 14, 15, 16, 17, 18, 19, 20, 21, 23, 24, 25, 26, 27, 28, 29, 30, 31, 32, 33, 34, 35, 36, 37, 38, 39, 40, 41, 42, 44, 45, 47, 48, 52, 53, 55, 56, 57, 58, 59, 60, 61, 62, 63, 64, 66, 67, 68, 69, 70, 71, 72, 73, 74, 76, 77, 78, 80, 81, 82, 85, 86, 87, 88, 89, 91, 92, 93, 94, 95, 97, 98, 100, 101, 102, 104, 105, 106, 108, 109, 110, 111, 112, 113, 114, 117, 118, 119, 120, 122, 123, 124, 126, 127, 128, 129, 130, 131, 132, 133, 134, 135, 136, 137, 138, 139, 140, 141, 142, 143, 144, 145, 146, 147, 148, 149, 150, 151, 153, 162, 164, 168]
sna_mgs3_halo_belt_ch_ovl_alp.bmp					PS2: [0, 128]					MC: [0, 1, 2, 3, 4, 5, 6, 7, 8, 9, 10, 11, 12, 13, 14, 15, 16, 17, 19, 20, 21, 22, 23, 24, 25, 26, 27, 29, 30, 32, 35, 36, 44, 50, 52, 59, 60, 64, 67, 70, 73, 75, 76, 77, 78, 79, 81, 84, 88, 92, 93, 94, 103, 104, 107, 108, 109, 112, 113, 114, 115, 116, 118, 119, 120, 123, 124, 125, 126, 127, 128, 129, 130, 131, 132, 133, 134, 135, 136, 137, 138, 139, 140, 141, 142, 143, 145, 146, 149, 152]
storehouse_paper00_alp_ovl.bmp					PS2: [0, 128]					MC: [0, 2, 3, 4, 5, 6, 7, 8, 9, 11, 12, 13, 14, 16, 17, 18, 19, 20, 21, 22, 23, 24, 25, 27, 29, 61, 77, 78, 79, 87, 88, 93, 98, 100, 106, 107, 109, 114, 115, 119, 125, 126, 127, 128, 129, 130, 131, 132, 133, 134, 135, 136, 137, 138, 139, 142, 143, 144, 145, 148, 149]
storehouse_paper00_alp_ovl.bmp_fca5cbc5860927391f4e56fb5dfce648					PS2: [0, 128]					MC: [0, 2, 3, 4, 5, 6, 7, 8, 9, 11, 12, 13, 14, 16, 17, 18, 19, 20, 21, 22, 23, 24, 25, 27, 29, 61, 77, 78, 79, 87, 88, 93, 98, 100, 106, 107, 109, 114, 115, 119, 125, 126, 127, 128, 129, 130, 131, 132, 133, 134, 135, 136, 137, 138, 139, 142, 143, 144, 145, 148, 149]
vva_first_aid_kit_alp_ovl.bmp					PS2: [0, 128]					MC: [0, 1, 3, 5, 6, 8, 13, 17, 18, 19, 20, 21, 23, 24, 25, 26, 27, 28, 29, 34, 35, 49, 68, 69, 70, 75, 77, 78, 98, 99, 100, 101, 102, 109, 112, 125, 126, 127, 128, 129, 130, 131, 132, 133, 134, 135, 137, 138, 139, 140, 144, 146, 148, 149, 154]
w121a_mecha_alp_ovl_03.bmp					PS2: [0, 128]					MC: [2, 4, 6, 8, 13, 14, 15, 16, 22, 23, 24, 48, 65, 73, 77, 78, 79, 81, 84, 85, 90, 91, 124, 125, 126, 127, 128, 129, 130, 131, 132, 134, 135, 136, 139, 142, 143, 144]
w122a_floor_alp_ovl_01.bmp					PS2: [0, 128]					MC: [0, 1, 2, 3, 4, 5, 6, 7, 8, 9, 10, 11, 12, 13, 14, 15, 16, 17, 18, 19, 20, 21, 22, 23, 24, 25, 26, 27, 28, 29, 30, 31, 32, 33, 34, 35, 36, 37, 38, 39, 40, 41, 42, 43, 44, 45, 46, 47, 48, 49, 50, 51, 52, 53, 54, 55, 56, 57, 58, 59, 60, 61, 62, 63, 64, 65, 66, 67, 68, 69, 70, 71, 72, 73, 74, 75, 76, 77, 78, 79, 80, 81, 82, 83, 84, 85, 86, 87, 88, 89, 90, 91, 92, 93, 94, 95, 96, 97, 98, 99, 100, 101, 102, 103, 104, 105, 106, 107, 108, 109, 110, 111, 112, 113, 114, 115, 116, 117, 118, 119, 120, 121, 122, 123, 124, 125, 126, 127, 128, 129, 130, 131, 132, 133, 134, 135, 136, 137, 138, 139, 140, 141, 142, 143, 144, 145, 146, 147, 148, 149, 150, 151, 152, 153, 154, 155, 156, 157, 158, 159, 160, 161, 162, 163, 164, 165, 166, 167, 168, 169, 170, 171, 172, 173, 174]
w122a_floor_alp_ovl_04.bmp					PS2: [0, 128]					MC: [0, 2, 3, 4, 5, 6, 7, 8, 14, 16, 19, 20, 23, 24, 27, 34, 35, 40, 41, 44, 46, 61, 77, 78, 79, 86, 87, 93, 98, 100, 106, 109, 114, 126, 127, 128, 129, 130, 131, 132, 133, 134, 137, 139, 143, 144, 145]
w122a_floor_alp_ovl_06.bmp					PS2: [0, 128]					MC: [0, 1, 6, 12, 16, 20, 21, 22, 38, 39, 40, 43, 44, 45, 127, 128, 129, 130, 132, 133, 134, 135, 137, 138, 139, 141, 146, 147, 151, 153]
walllighta01_alp_ovl.bmp					PS2: [0, 128]					MC: [0, 1, 2, 3, 4, 5, 6, 7, 8, 9, 10, 11, 12, 13, 14, 15, 16, 17, 18, 19, 20, 21, 22, 23, 24, 25, 26, 27, 28, 29, 30, 31, 32, 33, 34, 35, 36, 37, 38, 39, 40, 41, 42, 43, 44, 45, 46, 47, 48, 49, 50, 51, 52, 53, 54, 55, 56, 57, 58, 59, 60, 61, 62, 63, 64, 65, 66, 67, 68, 69, 70, 71, 72, 73, 74, 75, 76, 77, 78, 79, 80, 81, 82, 83, 84, 85, 86, 87, 88, 89, 90, 91, 92, 93, 94, 95, 96, 97, 98, 99, 100, 102, 103, 104, 105, 106, 107, 108, 109, 110, 112, 114, 115, 116, 117, 118, 119, 120, 121, 122, 123, 124, 126, 127, 129, 130, 131, 132, 133, 134, 135, 136, 137, 138, 139, 140, 141, 142, 143, 144, 145, 146, 147, 148, 149, 150, 151, 152, 153, 154, 155, 158, 159, 160, 161, 162, 163, 165, 166, 169]
walllighta01_alp_ovl.bmp_3b5912247c27301fda9b2211292cfe27					PS2: [0, 128]					MC: [0, 1, 2, 3, 4, 5, 6, 7, 8, 9, 10, 11, 12, 13, 14, 15, 16, 17, 18, 19, 20, 21, 22, 23, 24, 25, 26, 27, 28, 29, 30, 31, 32, 33, 34, 35, 36, 37, 38, 39, 40, 41, 42, 43, 44, 45, 46, 47, 48, 49, 50, 51, 52, 53, 54, 55, 56, 57, 58, 59, 60, 61, 62, 63, 64, 65, 66, 67, 68, 69, 70, 71, 72, 73, 74, 75, 76, 77, 78, 79, 80, 81, 82, 83, 84, 85, 86, 87, 88, 89, 90, 91, 92, 93, 94, 95, 96, 97, 98, 99, 100, 102, 103, 104, 105, 106, 107, 108, 109, 110, 112, 114, 115, 116, 117, 118, 119, 120, 121, 122, 123, 124, 126, 127, 129, 130, 131, 132, 133, 134, 135, 136, 137, 138, 139, 140, 141, 142, 143, 144, 145, 146, 147, 148, 149, 150, 151, 152, 153, 154, 155, 158, 159, 160, 161, 162, 163, 165, 166, 169]
red_def_ovl_alp.bmp					PS2: [1, 126]					MC: [0, 1, 2, 3, 4, 5, 6, 7, 8, 9, 11, 12, 16, 17, 20, 21, 22, 24, 26, 27, 28, 29, 31, 33, 34, 35, 38, 42, 45, 48, 51, 52, 53, 54, 55, 56, 57, 59, 60, 61, 62, 64, 65, 68, 70, 71, 73, 76, 78, 79, 80, 81, 83, 84, 87, 91, 92, 93, 94, 96, 97, 98, 104, 108, 111, 117, 118, 119, 123, 124, 125, 126, 127, 128, 129, 130, 131, 132, 133, 134, 135, 136, 137, 138, 139, 140, 141, 143, 145, 146, 147, 150, 153]
poster_omake00_alp_ovl.bmp					PS2: [4, 103]					MC: [4, 5, 103]
a_micr_top_sub_ovl_alp.bmp					PS2: [9, 27]					MC: [13, 14, 15, 16, 17, 18, 19, 20, 21, 22, 23, 24]
s111a_zumen_02_alp_ovl.bmp					PS2: [16, 88]					MC: [9, 10, 12, 13, 14, 16, 17, 18, 19, 23, 24, 25, 27, 32, 34, 36, 47, 48, 51, 52, 53, 56, 59, 60, 64, 65, 71, 73, 76, 79, 82, 87, 88, 89, 91, 93, 94, 95, 97, 98, 99, 101, 102, 103, 104, 105, 106, 109, 113]
s111a_zumen_03_alp_ovl.bmp					PS2: [16, 88]					MC: [10, 11, 12, 13, 14, 15, 17, 18, 19, 22, 25, 26, 27, 28, 32, 35, 36, 37, 38, 49, 60, 61, 65, 66, 67, 71, 75, 79, 80, 87, 88, 89, 90, 91, 92, 93, 94, 95, 98, 99, 100, 101, 102, 105, 106, 107, 108, 109]
s111a_zumen_06_alp_ovl.bmp					PS2: [16, 88]					MC: [10, 11, 12, 13, 14, 15, 17, 18, 19, 22, 25, 26, 27, 28, 32, 35, 36, 37, 38, 49, 60, 61, 65, 66, 67, 71, 75, 79, 80, 87, 88, 89, 90, 91, 92, 93, 94, 95, 98, 99, 100, 101, 102, 105, 106, 107, 108, 109]
s091a_bwwindowa_alp_ovl.bmp					PS2: [22, 128]					MC: [2, 3, 11, 12, 13, 14, 15, 21, 22, 23, 35, 37, 47, 51, 52, 53, 54, 58, 63, 64, 73, 75, 83, 84, 85, 86, 87, 97, 98, 110, 116, 127, 128, 129, 130, 131, 132, 133, 134, 135, 136, 139, 140]
poster_omake00_alp_ovl.bmp_a3cc619ac656df83092e6eb5e5fc2a7a					PS2: [30, 112]					MC: [30, 31, 112]
s161a_house_08_alp_ovl.bmp					PS2: [32, 128]					MC: [7, 14, 19, 21, 22, 23, 24, 25, 27, 28, 30, 76, 88, 89, 90, 91, 93, 97, 100, 106, 128, 129, 130, 131, 132, 135, 137, 138, 139]
s161a_house_08_alp_ovl.bmp_b49dfb8fab108f50fe08e264f21f9a12					PS2: [32, 128]					MC: [7, 14, 19, 21, 22, 23, 24, 25, 27, 28, 30, 76, 88, 89, 90, 91, 93, 97, 100, 106, 128, 129, 130, 131, 132, 135, 137, 138, 139]
s111a_corridor_poster_01_alp_ovl.bmp					PS2: [37, 128]					MC: [17, 18, 24, 30, 31, 32, 33, 34, 35, 37, 39, 41, 55, 57, 61, 62, 63, 65, 81, 92, 94, 98, 100, 101, 104, 107, 108, 112, 115, 117, 127, 128, 129, 130, 131, 132, 133, 134, 135, 138, 139, 140, 142, 144]
bee_cmd_ovl_alp.bmp					PS2: [50, 128]					MC: [28, 36, 37, 38, 39, 40, 42, 44, 45, 50, 52, 114, 117, 123, 124, 127, 128, 129, 130, 131, 132]
s111a_zumen_04_alp_ovl.bmp					PS2: [50, 88]					MC: [41, 42, 43, 44, 46, 47, 48, 49, 50, 51, 58, 59, 60, 61, 67, 73, 74, 75, 76, 78, 80, 83, 84, 88, 89, 90, 91, 92, 93, 94, 95, 96, 98, 99]
s162_control_tower_01_alp_ovl.bmp					PS2: [50, 128]					MC: [3, 9, 10, 11, 12, 13, 14, 15, 16, 17, 18, 19, 20, 21, 22, 23, 24, 25, 26, 27, 28, 29, 30, 31, 32, 33, 34, 35, 36, 37, 38, 39, 40, 41, 42, 43, 44, 45, 46, 47, 48, 49, 50, 51, 52, 53, 54, 55, 56, 57, 58, 59, 60, 61, 62, 63, 64, 65, 66, 67, 68, 70, 71, 72, 73, 74, 75, 76, 77, 78, 79, 80, 81, 82, 83, 84, 85, 87, 88, 89, 90, 91, 92, 93, 94, 95, 96, 97, 98, 99, 100, 101, 102, 103, 104, 105, 106, 107, 108, 109, 110, 111, 112, 113, 114, 115, 116, 118, 119, 120, 121, 122, 123, 124, 125, 126, 127, 128, 129, 130, 131, 132, 133, 134, 135, 136, 137, 138, 139, 140, 142, 143, 144, 145, 147, 149]
s101a_light_labo00_alp_ovl.bmp					PS2: [66, 128]					MC: [55, 56, 57, 60, 61, 64, 66, 98, 99, 101, 102, 107, 111, 113, 114, 115, 116, 127, 128, 129, 130, 131, 132, 135, 136]
s053a_tablelight_a00_alp_ovl.bmp					PS2: [74, 114]					MC: [67, 68, 69, 70, 71, 72, 73, 74, 80, 87, 89, 90, 92, 95, 116, 117, 118, 119, 124]
s053a_tablelight_brk_alp_ovl.bmp					PS2: [74, 114]					MC: [67, 68, 69, 70, 71, 72, 73, 74, 80, 87, 89, 90, 92, 95, 116, 117, 118, 119, 124]
yf_nozzle_a_ovl_alpx2.bmp					PS2: [80, 128]					MC: [80, 148, 164, 173, 174, 177, 182, 192, 195, 200, 201, 203, 205, 208]
s091a_112awindow02_alp_ovl.bmp					PS2: [95, 128]					MC: [83, 84, 85, 86, 87, 88, 89, 90, 91, 92, 93, 94, 95, 96, 97, 98, 99, 100, 101, 102, 103, 104, 105, 106, 107, 108, 109, 110, 111, 112, 113, 114, 115, 116, 117, 118, 119, 120, 121, 122, 123, 124, 125, 126, 127, 128, 129, 130, 131, 132, 133, 134, 135, 136]
light_roof_add_alp_ovl.bmp					PS2: [107, 124]					MC: [104, 105, 106, 107, 108, 109, 111, 115, 116, 118, 119, 121, 122, 123, 124, 125, 126, 127, 128]
s111a_floor_01_alp_ovl.bmp					PS2: [112, 128]					MC: [107, 108, 109, 110, 111, 112, 113, 114, 116, 117, 118, 120, 122, 123, 126, 127, 128, 129, 130, 131]
s111a_floor_02_alp_ovl.bmp					PS2: [112, 128]					MC: [107, 108, 109, 110, 111, 112, 113, 114, 117, 118, 119, 120, 123, 125, 126, 128, 129, 130, 132]
s111a_floor_03_alp_ovl.bmp					PS2: [112, 128]					MC: [107, 108, 109, 110, 111, 112, 113, 115, 116, 117, 118, 119, 120, 121, 122, 123, 124, 125, 126, 127, 128, 129, 130, 131, 132]

===== GROUP 3 - Complex Alpha Lists (Mismatch) (Count: 818) =====
0002b182					PS2: [0, 1, 10, 19, 28, 37, 45, 54, 63, 72, 81, 90, 99, 108, 117, 126]					MC: [0, 1, 2, 3, 4, 5, 6, 7, 8, 9, 10, 11, 12, 13, 14, 15, 16, 17, 18, 19, 20, 21, 22, 23, 24, 25, 26, 27, 28, 29, 30, 31, 32, 33, 34, 35, 36, 37, 38, 39, 40, 41, 42, 43, 44, 45, 46, 47, 48, 49, 50, 51, 52, 53, 54, 55, 56, 57, 58, 59, 60, 61, 62, 63, 64, 65, 66, 67, 68, 69, 70, 71, 72, 73, 74, 75, 76, 77, 78, 79, 80, 81, 82, 83, 84, 85, 86, 87, 88, 89, 90, 91, 92, 93, 94, 95, 96, 97, 98, 99, 100, 101, 102, 103, 104, 105, 106, 107, 108, 109, 110, 111, 112, 113, 114, 115, 116, 117, 118, 119, 120, 121, 122, 123, 124, 125, 126, 127, 128, 129, 130, 131, 132, 133, 134, 135, 136, 137, 138, 139, 140, 141, 142, 143, 144, 145, 146, 147, 148, 149, 150, 151, 152, 153, 154, 155, 156, 157, 158, 159, 160, 161, 162, 163, 164, 165, 166, 167, 168, 169, 170, 171, 172, 174, 175]
000cd008					PS2: [0, 76, 128]					MC: [0, 1, 2, 4, 5, 9, 11, 13, 14, 15, 16, 19, 20, 21, 22, 23, 102, 106, 111, 114, 117, 118, 119, 120, 122, 123, 125, 126, 128, 129, 130, 131, 133]
000cd008_13565e4a4f19bb786921d49144460da5					PS2: [0, 52, 128]					MC: [0, 1, 2, 3, 5, 7, 13, 19, 22, 24, 26, 27, 28, 63, 71, 91, 92, 93, 95, 97, 100, 102, 104, 108, 111, 120, 127, 128, 129, 130, 131, 132, 133, 135, 137, 138, 140, 146, 148, 149, 158]
001703cb					PS2: [0, 5, 15, 22, 31, 43, 51, 60, 69, 76, 82, 91, 99, 111, 121, 128]					MC: [0, 1, 2, 3, 4, 5, 6, 7, 8, 9, 10, 11, 12, 13, 14, 15, 16, 17, 18, 19, 20, 21, 22, 23, 24, 25, 26, 27, 28, 29, 30, 31, 32, 33, 34, 35, 36, 37, 38, 39, 40, 41, 42, 43, 44, 45, 46, 47, 48, 49, 50, 51, 52, 53, 54, 56, 57, 58, 60, 61, 62, 63, 64, 65, 66, 67, 68, 69, 70, 71, 72, 73, 74, 75, 76, 77, 78, 79, 80, 81, 82, 83, 84, 85, 86, 87, 88, 89, 90, 91, 92, 93, 94, 95, 96, 97, 98, 99, 100, 101, 102, 103, 104, 105, 106, 107, 108, 109, 110, 111, 112, 113, 114, 115, 116, 117, 118, 119, 120, 121, 122, 123, 124, 125, 126, 127, 128, 129, 130, 131, 132, 133, 134, 135, 136, 137, 138, 139]
00220e30					PS2: [0, 19, 28, 36, 45, 52, 53, 59, 66, 68, 76, 85, 94, 102, 103, 110, 111, 118, 119, 124, 128]					MC: [0, 1, 2, 3, 4, 5, 6, 7, 8, 9, 10, 11, 12, 13, 14, 15, 16, 17, 18, 19, 20, 21, 22, 23, 24, 25, 26, 27, 28, 29, 30, 31, 32, 33, 34, 35, 36, 37, 38, 39, 40, 41, 42, 43, 44, 45, 46, 47, 48, 49, 50, 51, 52, 53, 54, 55, 56, 57, 59, 60, 61, 62, 63, 64, 65, 66, 67, 68, 69, 70, 71, 72, 73, 74, 75, 76, 77, 78, 79, 80, 81, 82, 83, 84, 85, 86, 87, 88, 89, 90, 91, 92, 93]
00225e9c					PS2: [0, 19, 28, 36, 45, 53, 59, 66, 76, 85, 94, 102, 110, 118, 128]					MC: [0, 1, 3, 4, 5, 6, 9, 12, 14, 15, 16, 18, 20, 22, 24, 29, 31, 32, 33, 34, 36, 41, 42, 43, 44, 47, 48, 50, 51, 52, 53, 56, 57, 59, 63, 64, 67, 68, 69, 70, 73, 74, 79, 80, 81, 84, 85, 87, 88, 91, 92, 93, 94, 96, 97, 98, 101, 103, 104, 105, 106, 107, 108, 109, 110, 111, 113, 114, 116, 118, 119, 120, 121, 122, 123, 125, 126, 128]
0022b2d3					PS2: [0, 8, 16, 24, 32, 40, 51, 63, 71, 79, 87, 95, 103, 111, 119, 128]					MC: [0, 1, 2, 3, 4, 5, 6, 7, 8, 9, 10, 11, 12, 13, 14, 15, 16, 17, 18, 19, 20, 21, 22, 23, 24, 25, 26, 27, 28, 29, 30, 31, 32, 33, 34, 35, 36, 37, 38, 39, 40, 41, 42, 43, 44, 45, 46, 47, 48, 49, 50, 51, 52, 53, 54, 55, 56, 57, 58, 59, 60, 61, 62, 63, 64, 65, 66, 67, 68, 69, 70, 71, 72, 73, 74, 75, 76, 77, 78, 79, 80, 81, 82, 83, 84, 85, 86, 87, 88, 89, 90, 91, 92, 93, 94, 95, 96, 97, 98, 99, 100, 101, 102, 103, 104, 105, 106, 107, 108, 109, 110, 111, 112, 113, 114, 115, 116, 117, 118, 119, 120, 121, 122, 123, 124, 125, 126, 127, 128]
0022d5cf					PS2: [0, 46, 48, 50, 51, 53, 54, 55, 56]					MC: [0, 1, 3, 5, 7, 8, 9, 10, 14, 15, 16, 18, 20, 21, 22, 24, 27, 32, 33, 34, 35, 36, 37, 38, 44, 45, 46, 47, 48, 50, 51, 53, 54, 55, 56, 57, 58, 59, 60, 62, 63, 66, 67, 68, 69, 70, 71, 73, 75, 76]
0022d5d0					PS2: [0, 44, 45, 46, 47, 48, 49, 51, 52, 53, 54, 55, 56]					MC: [0, 1, 2, 3, 5, 6, 7, 12, 17, 18, 19, 20, 22, 34, 35, 36, 37, 38, 39, 40, 41, 43, 45, 48, 51, 52, 53, 54, 55, 56, 57, 58, 59, 60, 61, 63, 64, 65, 66, 67, 68, 69, 70, 73, 74, 75]
0022d5d1					PS2: [0, 45, 47, 48, 49, 51, 52, 53, 54, 55, 56]					MC: [0, 1, 7, 10, 15, 17, 18, 19, 20, 22, 23, 24, 25, 27, 32, 33, 34, 36, 37, 38, 40, 53, 54, 55, 56, 57, 58, 59, 60, 61, 62, 63, 64, 65, 66, 67, 68, 69, 70, 71, 72, 73, 74, 76, 78, 80]
0022d5d2					PS2: [0, 46, 47, 48, 49, 50, 51, 54, 55, 56, 57]					MC: [0, 1, 2, 5, 8, 10, 11, 12, 16, 19, 20, 21, 23, 31, 32, 34, 35, 36, 39, 40, 42, 53, 54, 55, 56, 57, 58, 59, 60, 61, 62, 63, 64, 65, 66, 67, 68, 69, 70, 71, 75, 78, 79, 81]
0022d5d3					PS2: [0, 48, 50, 51, 52, 54, 55, 56]					MC: [0, 1, 5, 7, 10, 11, 12, 13, 20, 21, 22, 23, 32, 33, 34, 35, 36, 37, 38, 41, 44, 53, 54, 55, 56, 57, 58, 59, 60, 61, 65, 66, 67, 68, 69, 70, 76, 78, 79, 80]
0022d5d4					PS2: [0, 45, 46, 47, 48, 49, 50, 51, 52, 53, 54, 55, 56]					MC: [0, 1, 5, 8, 10, 11, 13, 15, 18, 19, 20, 21, 23, 24, 27, 28, 32, 33, 34, 35, 36, 52, 53, 54, 55, 56, 57, 58, 59, 60, 62, 63, 66, 68, 69, 70, 71, 72, 74, 75, 77]
0022d5d5					PS2: [0, 48, 49, 50, 54, 55, 56]					MC: [0, 1, 3, 4, 5, 6, 7, 10, 15, 17, 19, 20, 21, 22, 24, 25, 32, 33, 34, 35, 39, 46, 47, 48, 49, 50, 53, 54, 55, 56, 57, 58, 60, 61, 62, 64, 65, 66, 67, 68, 69, 70, 71, 73, 75, 77, 78, 81]
0022d5d6					PS2: [0, 48, 49, 52, 53, 54, 55, 56]					MC: [0, 1, 9, 10, 11, 12, 19, 20, 21, 22, 24, 25, 26, 32, 34, 35, 36, 39, 41, 53, 54, 55, 56, 57, 58, 59, 60, 61, 63, 64, 66, 67, 68, 69, 70, 71, 73, 75, 77, 81, 83]
00280305					PS2: [0, 5, 11, 19, 29, 42, 53, 65, 74, 84, 93, 102, 111, 116, 122, 128]					MC: [0, 1, 2, 3, 4, 5, 6, 7, 8, 9, 10, 11, 12, 13, 14, 15, 16, 17, 18, 19, 20, 21, 22, 23, 24, 25, 26, 27, 28, 29, 30, 31, 32, 33, 34, 35, 36, 37, 38, 39, 40, 41, 42, 43, 44, 45, 46, 47, 48, 49, 50, 51, 52, 53, 54, 55, 56, 57, 58, 59, 60, 61, 62, 63, 64, 65, 66, 67, 68, 69, 70, 72, 73, 74, 75, 76, 77, 78, 79, 80, 81, 82, 83, 84, 86, 87, 88, 89, 90, 91, 92, 93, 94, 95, 96, 97, 98, 99, 100, 101, 102, 103, 104, 105, 106, 107, 108, 109, 110, 111, 112, 113, 114, 115, 116, 117, 118, 119, 120, 121, 122, 123, 124, 125, 126, 127, 128, 129, 130, 131, 132, 133, 134, 135, 136, 137, 138, 139, 140, 141, 142, 143, 144, 145, 146, 147, 148, 149, 150, 151, 152, 153, 154, 155, 156, 157, 158, 159, 162, 164, 165, 167, 168, 169, 178]
002a0983					PS2: [0, 24, 29, 48, 53, 65, 77, 83, 95, 101, 113, 125, 128]					MC: [0, 1, 2, 3, 4, 5, 6, 7, 8, 9, 10, 11, 12, 13, 14, 15, 16, 17, 18, 19, 20, 21, 22, 23, 24, 25, 26, 27, 28, 29, 30, 31, 32, 33, 34, 35, 36, 37, 38, 39, 40, 41, 42, 43, 44, 45, 46, 47, 48, 49, 50, 51, 52, 53, 54, 55, 56, 57, 58, 59, 60, 61, 62, 63, 64, 65, 66, 67, 68, 69, 70, 71, 72, 73, 74, 75, 76, 77, 78, 79, 80, 81, 82, 83, 84, 85, 86, 87, 88, 89, 90, 91, 92, 93, 94, 95, 96, 97, 98, 99, 100, 101, 102, 103, 104, 105, 106, 107, 108, 109, 110, 111, 112, 113, 114, 115, 116, 117, 118, 119, 120, 121, 123, 124, 125, 126, 127, 128, 129, 130, 131, 132, 133, 134, 135, 136, 137, 138, 139, 140, 141, 142, 143, 144, 147, 149, 152, 156, 157, 158, 159, 160, 161]
002b0983					PS2: [0, 15, 16, 17, 18, 19, 20, 21, 22, 23, 24, 25, 27, 41, 42, 43, 45, 46, 48, 49, 50, 52, 54, 55, 56, 57, 58, 59, 60, 61, 62, 64, 65, 66, 67, 68, 69, 70, 71, 72, 73, 74, 75, 76, 77, 78, 79, 80, 81, 82, 83, 84, 85, 86, 87, 88, 89, 90, 91, 92, 93, 94, 95, 96, 97, 98, 99, 100, 101, 102, 103, 104, 105, 106, 107, 108, 109, 110, 111, 113, 114, 115, 117, 118, 119, 120, 121, 122, 123, 124, 125, 126, 128]					MC: [0, 1, 2, 3, 4, 5, 6, 7, 8, 9, 10, 11, 12, 13, 14, 15, 16, 17, 18, 19, 20, 21, 22, 23, 24, 25, 26, 27, 28, 29, 30, 31, 32, 33, 34, 35, 36, 37, 38, 39, 40, 41, 42, 43, 44, 45, 46, 47, 48, 49, 50, 51, 52, 53, 54, 55, 56, 57, 58, 59, 60, 61, 62, 63, 64, 65, 66, 67, 68, 69, 70, 71, 72, 73, 74, 75, 76, 77, 78, 79, 80, 81, 82, 83, 84, 85, 86, 87, 88, 89, 90, 91, 92, 93, 94, 95, 96, 97, 98, 99, 100, 101, 102, 103, 104, 105, 106, 107, 108, 109, 110, 111, 112, 113, 114, 115, 116, 117, 118, 119, 120, 121, 122, 123, 124, 125, 126, 127, 128, 129, 130, 131, 132, 133, 134, 135, 136, 137, 138, 139, 140, 141, 142, 143, 144, 145, 146, 147, 148, 149, 150, 151, 152, 153, 154, 155, 157, 158, 159, 160, 162]
0037b2cc					PS2: [0, 8, 16, 24, 32, 40, 48, 56, 63, 71, 79, 87, 95, 108, 119, 128]					MC: [0, 1, 2, 3, 4, 5, 6, 7, 8, 9, 10, 11, 12, 13, 14, 15, 16, 17, 18, 19, 20, 21, 22, 23, 24, 25, 26, 27, 28, 29, 30, 31, 32, 33, 34, 35, 36, 37, 38, 39, 40, 41, 42, 43, 44, 45, 46, 47, 48, 49, 50, 51, 52, 53, 54, 55, 56, 57, 58, 59, 60, 61, 62, 63, 64, 65, 66, 67, 68, 69, 70, 71, 72, 73, 74, 75, 76, 77, 78, 79, 80, 81, 82, 83, 84, 85, 86, 87, 88, 89, 90, 91, 92, 93, 94, 95, 96, 97, 98, 99, 100, 101, 102, 103, 104, 105, 106, 107, 108, 109, 110, 111, 112, 113, 114, 115, 116, 117, 118, 119, 120, 121, 122, 123, 124, 125, 126, 127, 128]
00496387					PS2: [0, 1, 2, 3, 4, 5, 6, 7, 8, 9, 10, 11, 12, 13, 14, 15, 16, 17, 18, 19, 20, 21, 22, 23, 24, 25, 26, 27, 28, 29, 30, 31, 32, 33, 34, 35, 36, 37, 38, 39, 40, 41, 42, 43, 44, 45, 46, 47, 48, 49, 50, 51, 52, 53, 54, 55, 56, 57, 58, 59, 60, 61, 62, 63, 64]					MC: [0, 1, 2, 3, 4, 5, 6, 7, 8, 9, 10, 11, 12, 13, 14, 15, 16, 17, 18, 19, 20, 21, 22, 23, 24, 25, 26, 27, 28, 29, 30, 31, 32, 33, 34, 35, 36, 37, 38, 39, 40, 41, 42, 43, 44, 45, 46, 47, 48, 49, 50, 51, 52, 53, 54, 55, 56, 57, 58, 59, 60, 61, 62, 63, 64, 65, 66, 67, 68, 69, 70, 71, 72, 73, 74, 75, 76, 77, 78, 79, 80, 81, 82, 83, 84, 85, 86]
0055cb2e					PS2: [0, 5, 18, 27, 33, 42, 53, 61, 66, 76, 83, 91, 100, 109, 123]					MC: [0, 1, 2, 3, 4, 5, 6, 7, 8, 9, 10, 11, 12, 13, 14, 15, 16, 17, 18, 19, 20, 21, 22, 23, 24, 25, 26, 27, 28, 29, 30, 31, 32, 33, 34, 35, 36, 37, 38, 39, 40, 41, 42, 43, 44, 45, 46, 47, 48, 49, 50, 51, 52, 53, 54, 55, 56, 57, 58, 59, 60, 61, 62, 63, 64, 65, 66, 67, 68, 69, 70, 71, 72, 73, 74, 75, 76, 77, 78, 79, 80, 81, 82, 83, 84, 85, 86, 87, 88, 89, 90, 91, 92, 93, 94, 95, 96, 97, 98, 99, 100, 101, 102, 103, 104, 105, 106, 107, 108, 110, 111, 112, 113, 114, 115, 116, 117, 118, 119, 120, 121, 122, 123, 125, 126, 127, 128, 129, 130, 133, 134, 135, 136, 137, 138, 139, 143, 144, 145, 146, 147, 148, 153, 156, 158, 159]
005aba45					PS2: [0, 46, 48, 49, 50, 51, 52, 53, 54, 55]					MC: [0, 1, 2, 3, 4, 5, 7, 8, 9, 10, 13, 14, 15, 16, 17, 18, 19, 20, 21, 22, 23, 24, 26, 27, 28, 29, 30, 31, 32, 33, 34, 35, 36, 37, 38, 40, 44, 45, 46, 47, 48, 50, 51, 52, 53, 54, 55, 56, 57, 58, 59, 60, 61, 62, 63, 64, 65, 66, 67, 68, 69, 70, 71, 72, 73, 74, 75, 76]
005abb25					PS2: [0, 47, 48, 49, 51, 52, 53, 54, 55, 56]					MC: [0, 1, 3, 5, 10, 11, 12, 13, 16, 17, 18, 19, 20, 21, 22, 23, 24, 25, 26, 27, 28, 29, 30, 31, 32, 34, 35, 36, 39, 41, 45, 46, 47, 48, 52, 53, 54, 55, 56, 57, 58, 59, 60, 61, 62, 63, 64, 65, 66, 67, 68, 69, 70, 71, 72, 73, 77, 80, 81, 83, 85]
005abb26					PS2: [0, 47, 48, 50, 51, 52, 53, 54, 55, 56]					MC: [0, 1, 5, 9, 10, 11, 12, 13, 16, 17, 18, 19, 20, 21, 22, 24, 25, 26, 27, 28, 29, 30, 31, 32, 33, 34, 35, 36, 39, 40, 41, 42, 53, 54, 55, 56, 57, 58, 59, 60, 61, 62, 63, 64, 65, 66, 67, 68, 69, 70, 71, 73, 77, 78, 80, 81, 83, 85]
005abb27					PS2: [0, 47, 48, 50, 51, 52, 53, 54, 55, 56]					MC: [0, 1, 3, 4, 5, 6, 7, 8, 10, 11, 12, 13, 16, 17, 18, 19, 20, 21, 22, 24, 25, 26, 27, 28, 29, 30, 31, 32, 33, 34, 35, 36, 39, 41, 52, 53, 54, 55, 56, 57, 58, 59, 60, 61, 62, 63, 64, 65, 66, 67, 68, 69, 70, 71, 72, 73, 77, 78, 80, 81, 83, 85]
0060bac8					PS2: [0, 1, 10, 11, 37, 38, 39, 47, 80, 95, 99, 101, 127, 128]					MC: [0, 1, 2, 3, 4, 5, 6, 7, 8, 9, 10, 11, 12, 13, 14, 15, 16, 17, 18, 19, 20, 22, 23, 25, 27, 28, 29, 31, 32, 37, 40, 41, 43, 45, 46, 48, 49, 50, 51, 52, 53, 55, 56, 57, 59, 60, 61, 62, 63, 64, 65, 66, 67, 69, 70, 71, 72, 73, 74, 75, 77, 78, 79, 81, 83, 84, 85, 87, 88, 91, 93, 95, 98, 101, 102, 104, 105, 110, 111, 112, 113, 114, 115, 116, 117, 118, 119, 121, 123, 124, 125, 126, 128, 129, 130, 131, 132, 133, 134, 135, 136, 137, 138, 139, 140, 141, 142, 143, 144, 145, 146, 147, 148, 149, 150, 151, 152, 153, 154, 158]
00660dfc					PS2: [0, 19, 28, 33, 36, 45, 52, 53, 59, 61, 66, 68, 76, 85, 94, 102, 103, 110, 111, 118, 119, 124, 128]					MC: [0, 1, 2, 3, 4, 5, 6, 7, 8, 9, 10, 11, 12, 13, 14, 15, 16, 17, 18, 19, 20, 21, 22, 23, 24, 25, 26, 27, 28, 29, 30, 31, 32, 33, 34, 35, 36, 37, 38, 40, 41, 43, 44, 45, 47, 48, 49, 50, 51, 52, 53, 54, 55, 56, 57, 58, 59, 60, 61, 62, 63, 64, 65, 66, 67, 68, 69, 70, 71, 72, 73, 74, 75, 76, 77, 78, 79, 80, 81, 82, 83, 84, 85, 86, 87, 88, 89, 90, 91, 92, 93]
00689115					PS2: [0, 4, 12, 20, 33, 41, 49, 57, 66, 78, 86, 94, 103, 119, 128]					MC: [0, 1, 2, 3, 4, 5, 6, 7, 8, 9, 10, 11, 12, 13, 14, 15, 16, 17, 18, 19, 20, 21, 22, 23, 24, 25, 26, 27, 28, 29, 30, 31, 32, 33, 34, 35, 36, 37, 38, 39, 40, 41, 42, 43, 44, 45, 46, 47, 48, 49, 50, 51, 52, 53, 54, 55, 56, 57, 58, 59, 60, 61, 62, 63, 64, 65, 66, 67, 68, 69, 70, 71, 72, 73, 74, 75, 76, 77, 78, 79, 80, 81, 82, 83, 84, 85, 86, 87, 88, 89, 90, 91, 92, 93, 94, 95, 96, 97, 98, 99, 100, 101, 102, 103, 104, 105, 106, 107, 108, 109, 110, 111, 112, 113, 114, 115, 116, 117, 118, 119, 120, 121, 122, 123, 124, 125, 126, 127, 128, 129, 130, 131, 132, 133, 134, 135, 136, 137, 138, 139, 140, 141, 142, 143, 144, 145, 146, 147, 148, 149, 150, 151, 152, 153, 154, 155, 156, 157, 158, 159, 160, 161, 162, 163, 164, 165, 166, 167, 168, 169, 170, 171, 172, 173, 174, 175, 176, 177, 180]
00703c5d					PS2: [0, 1, 2, 3, 4, 5, 6, 7, 8, 9, 10, 11, 12, 13, 14, 15, 16, 17, 18, 19, 20, 21, 22, 23, 24, 25, 26, 27, 28, 29, 30, 31, 32, 33, 34, 35, 36, 37, 38, 39, 40, 41, 42, 43, 44, 45, 46, 47, 48, 49, 50, 51, 52, 53, 54, 55, 56, 57, 58, 59, 60, 61, 62, 63, 64]					MC: [0, 1, 2, 3, 4, 5, 6, 7, 8, 9, 10, 11, 12, 13, 14, 15, 16, 17, 18, 19, 20, 21, 22, 23, 24, 25, 26, 27, 28, 29, 30, 31, 32, 33, 34, 35, 36, 37, 38, 39, 40, 41, 42, 43, 44, 45, 46, 47, 48, 49, 50, 51, 52, 53, 54, 55, 56, 57, 58, 59, 60, 61, 62, 63, 64, 65, 66, 67, 68, 69, 70, 71, 72, 73, 74, 75, 76, 77, 78, 79, 80, 81, 82, 84]
0070462c					PS2: [0, 8, 14, 24, 33, 42, 49, 57, 66, 78, 86, 95, 103, 111, 119, 127]					MC: [0, 1, 2, 3, 4, 5, 6, 7, 8, 9, 10, 11, 12, 13, 14, 15, 16, 17, 18, 19, 20, 21, 22, 23, 24, 25, 26, 27, 28, 29, 30, 31, 32, 33, 34, 35, 36, 37, 38, 39, 40, 41, 42, 43, 44, 45, 46, 47, 48, 49, 50, 51, 52, 53, 54, 55, 56, 57, 58, 59, 60, 61, 62, 63, 64, 65, 66, 67, 68, 69, 70, 71, 72, 73, 74, 75, 76, 77, 78, 79, 80, 81, 82, 83, 84, 85, 86, 87, 88, 89, 90, 91, 92, 93, 94, 95, 96, 97, 98, 99, 100, 101, 102, 103, 104, 105, 106, 107, 108, 109, 110, 111, 112, 113, 114, 115, 116, 117, 118, 119, 120, 121, 122, 123, 124, 125, 126, 127, 128, 129, 130, 131, 132, 133, 134, 135, 136, 137, 138, 139, 140, 141, 142, 143, 144, 145, 146, 147, 148, 149, 150, 151, 152, 153, 154, 155, 156, 157, 158, 159, 160, 161, 162, 163, 164, 165, 166, 167, 168, 169, 170, 171, 172, 173, 174, 176, 177, 178, 180]
0075eac4					PS2: [0, 10, 17, 24, 31, 40, 49, 58, 64, 72, 81, 89, 96, 104, 113, 124]					MC: [0, 1, 2, 3, 4, 5, 6, 7, 8, 9, 10, 11, 12, 13, 14, 15, 16, 17, 18, 19, 20, 21, 22, 23, 24, 25, 26, 27, 28, 29, 30, 31, 32, 33, 34, 35, 36, 37, 38, 39, 40, 41, 42, 43, 44, 45, 46, 47, 48, 49, 50, 51, 52, 53, 54, 55, 56, 57, 58, 59, 60, 61, 62, 63, 64, 65, 66, 67, 68, 69, 70, 71, 72, 73, 74, 75, 76, 77, 78, 79, 80, 81, 82, 83, 84, 85, 86, 87, 88, 89, 90, 91, 92, 93, 94, 95, 96, 97, 98, 99, 100, 101, 102, 103, 104, 105, 106, 107, 108, 109, 110, 111, 112, 113, 114, 115, 116, 117, 118, 119, 120, 121, 122, 123, 124, 125, 126, 127, 128, 129, 130, 131, 132, 133, 134, 135, 136, 137, 138, 139, 140, 141, 142, 143, 144, 145, 146, 147, 148, 149, 150, 151, 152, 153, 154, 155, 156, 157, 158, 159, 160, 161, 162, 163, 164, 165, 166, 167, 168, 169, 170, 171, 172, 175, 178]
007a4cea					PS2: [0, 4, 10, 18, 29, 41, 50, 63, 74, 83, 93, 104, 114, 120, 125, 128]					MC: [0, 1, 2, 3, 4, 5, 6, 7, 8, 9, 10, 11, 12, 13, 14, 15, 16, 17, 18, 19, 20, 21, 22, 23, 24, 25, 26, 27, 28, 29, 30, 31, 32, 33, 34, 35, 36, 37, 38, 39, 40, 41, 42, 43, 44, 45, 46, 47, 48, 49, 50, 51, 52, 53, 54, 55, 56, 57, 58, 59, 60, 61, 62, 63, 64, 65, 66, 67, 68, 69, 70, 71, 72, 73, 74, 75, 76, 77, 78, 79, 80, 81, 82, 83, 84, 85, 86, 87, 88, 89, 90, 91, 92, 93, 94, 95, 96, 97, 98, 99, 100, 101, 102, 103, 104, 105, 106, 107, 108, 109, 110, 111, 112, 113, 114, 115, 116, 117, 118, 119, 120, 121, 122, 123, 124, 125, 126, 127, 128, 129, 130, 131, 132, 133, 134, 135, 136, 137, 138, 139, 140, 141, 142, 143, 144, 145, 146, 147, 148, 149, 150, 151, 152, 153, 154, 155, 156, 157, 158, 159, 160, 161, 163, 164, 165, 166, 167, 168, 170, 172, 173]
008d3d20					PS2: [0, 3, 8, 12, 15, 18, 19, 20, 21, 22, 23, 24, 25, 26, 27, 28, 29, 30, 31]					MC: [0, 1, 2, 3, 4, 5, 6, 7, 8, 9, 10, 11, 12, 13, 14, 15, 16, 17, 18, 19, 20, 21, 22, 23, 24, 25, 26, 27, 28, 29, 30, 31, 32, 33, 34, 35, 36, 37, 38, 39, 40, 41, 42, 43, 44, 45, 46, 47, 48, 49, 50, 51]
008dfe98					PS2: [0, 13, 24, 28, 33, 38, 42, 45, 49, 53, 58, 63, 67, 75, 82, 93]					MC: [5, 9, 10, 11, 12, 13, 14, 15, 16, 17, 18, 19, 20, 21, 22, 23, 24, 25, 26, 27, 28, 29, 30, 31, 32, 33, 34, 35, 36, 37, 38, 39, 40, 41, 42, 43, 44, 45, 46, 47, 48, 49, 50, 51, 52, 53, 54, 55, 56, 57, 58, 59, 60, 61, 62, 63, 64, 65, 66, 67, 68, 69, 70, 71, 72, 73, 74, 75, 76, 77, 78, 79, 80, 81, 82, 83, 84, 85, 86, 87, 88, 89, 90, 91, 92, 93, 94, 95, 96, 97, 98, 99, 100, 101, 102, 103, 104, 105, 106, 107, 108, 109, 110, 111, 112, 113, 114, 119, 126]
00943b29					PS2: [0, 31, 45, 52, 75, 89, 128]					MC: [0, 74, 75, 76, 127, 128]
009b787e					PS2: [0, 7, 15, 20, 28, 34, 45, 51, 59, 70, 81, 95, 108, 116, 123, 128]					MC: [0, 1, 2, 3, 4, 5, 6, 7, 8, 9, 10, 11, 12, 13, 14, 15, 16, 17, 18, 19, 20, 21, 22, 23, 24, 25, 26, 27, 28, 29, 30, 31, 32, 33, 34, 35, 36, 37, 38, 39, 40, 41, 42, 43, 44, 45, 46, 47, 48, 49, 50, 51, 52, 53, 54, 55, 56, 57, 58, 59, 60, 61, 62, 63, 64, 65, 66, 67, 68, 69, 70, 71, 72, 73, 74, 75, 76, 77, 78, 79, 80, 81, 82, 83, 84, 85, 86, 87, 88, 89, 90, 91, 92, 93, 94, 95, 96, 98, 99, 100, 101, 102, 103, 104, 105, 106, 107, 108, 109, 110, 111, 112, 113, 114, 115, 116, 117, 118, 119, 120, 121, 122, 123, 124, 125, 126, 127, 128, 129, 130, 131, 132, 133, 134, 135, 136, 137, 138, 139, 140, 141]
009b8c64					PS2: [0, 6, 15, 24, 33, 41, 49, 56, 66, 76, 84, 91, 101, 111, 119, 126]					MC: [0, 1, 2, 3, 4, 5, 6, 7, 8, 9, 10, 11, 12, 13, 14, 15, 16, 17, 18, 19, 20, 21, 22, 23, 24, 25, 26, 27, 28, 29, 30, 31, 32, 33, 34, 35, 36, 37, 38, 39, 40, 41, 42, 43, 44, 45, 46, 47, 48, 49, 50, 51, 52, 53, 54, 55, 56, 57, 58, 59, 60, 61, 62, 63, 64, 65, 66, 67, 68, 69, 70, 71, 72, 73, 74, 75, 76, 77, 78, 79, 80, 81, 82, 83, 84, 85, 86, 87, 88, 89, 90, 91, 92, 93, 94, 95, 96, 97, 98, 99, 100, 101, 102, 103, 104, 105, 106, 107, 108, 109, 110, 111, 112, 113, 114, 115, 116, 117, 118, 119, 120, 121, 122, 123, 124, 125, 126, 127, 128, 129, 130, 131, 132, 133, 134, 135, 136, 137, 138, 139, 140, 141, 142, 143, 144, 145, 146, 147, 148, 149, 150, 151, 152, 153, 154, 155, 156, 157, 158, 159, 160, 161, 162, 163, 164, 165, 166]
00a129a2					PS2: [0, 3, 7, 11, 15, 21, 27, 32, 38, 44, 49, 56, 65, 73, 80]					MC: [0, 1, 2, 3, 4, 5, 6, 7, 8, 9, 10, 11, 12, 13, 14, 15, 16, 17, 18, 19, 20, 21, 22, 23, 24, 25, 26, 27, 28, 29, 30, 31, 32, 33, 34, 35, 36, 37, 38, 39, 40, 41, 42, 43, 44, 45, 46, 47, 48, 49, 50, 51, 52, 53, 54, 55, 56, 57, 58, 59, 60, 61, 62, 63, 64, 65, 66, 67, 68, 69, 70, 71, 72, 73, 74, 75, 76, 77, 78, 79, 80, 81, 82, 83, 84, 85, 86]
00a18c64					PS2: [0, 6, 15, 24, 33, 41, 49, 56, 65, 75, 84, 92, 101, 111, 119, 126]					MC: [0, 1, 2, 3, 4, 5, 6, 7, 8, 9, 10, 11, 12, 13, 14, 15, 16, 17, 18, 19, 20, 21, 22, 23, 24, 25, 26, 27, 28, 29, 30, 31, 32, 33, 34, 35, 36, 37, 38, 39, 40, 41, 42, 43, 44, 45, 46, 47, 48, 49, 50, 51, 52, 53, 54, 55, 56, 57, 58, 59, 60, 61, 62, 63, 64, 65, 66, 67, 68, 69, 70, 71, 72, 73, 74, 75, 76, 77, 78, 79, 80, 81, 82, 83, 84, 85, 86, 87, 88, 89, 90, 91, 92, 93, 94, 95, 96, 97, 98, 99, 100, 101, 102, 103, 104, 105, 106, 107, 108, 109, 110, 111, 112, 113, 114, 115, 116, 117, 118, 119, 120, 121, 122, 123, 124, 125, 126, 127, 128, 129, 130, 131, 132, 133, 134, 135, 136, 137, 138, 139, 140, 141, 142, 143, 144, 145, 146, 147, 148, 149, 150, 151, 152, 153, 154, 155, 156, 157, 158, 159, 160, 161, 162, 163, 164, 165, 166]
00b114a0					PS2: [0, 1, 2, 3, 4, 5, 6, 7, 8, 9, 10, 11, 12, 13, 15, 16, 17, 18, 19, 20, 21, 22, 23, 24, 25, 27, 28, 29, 30, 31, 33, 35, 36, 38, 40, 41, 43, 44, 45, 47, 48, 49, 51, 52, 53, 54, 55, 57, 59, 60, 62, 63, 64, 65, 66, 67, 68, 69, 70, 71, 72, 73, 74, 75, 76, 77, 78, 79, 81, 82, 83, 84, 85, 86, 87, 88, 89, 90, 91, 92, 93, 94, 95, 96, 97, 98, 99, 100, 101, 102, 103, 104, 105, 106, 107, 108, 109, 110, 111, 112, 113, 114, 115, 116, 117, 118, 119, 120, 121, 122, 123, 124, 125, 126, 127, 128]					MC: [0, 1, 2, 3, 4, 5, 6, 7, 8, 9, 10, 11, 12, 13, 14, 15, 16, 17, 18, 19, 20, 21, 22, 23, 24, 25, 26, 27, 28, 29, 30, 31, 32, 33, 34, 35, 36, 37, 38, 39, 40, 41, 42, 43, 44, 45, 46, 47, 48, 49, 50, 51, 52, 53, 54, 55, 56, 57, 58, 59, 60, 61, 62, 63, 64, 65, 66, 67, 68, 69, 70, 71, 72, 73, 74, 75, 76, 77, 78, 79, 80, 81, 82, 83, 84, 85, 86, 87, 88, 89, 90, 91, 92, 93, 94, 95, 96, 97, 98, 99, 100, 101, 102, 103, 104, 105, 106, 107, 108, 109, 110, 111, 112, 113, 114, 115, 116, 117, 118, 119, 120, 121, 122, 123, 124, 125, 126, 127, 128, 129, 130, 131, 132, 133, 134, 135, 136, 137]
00b5b2d0					PS2: [0, 8, 16, 24, 32, 40, 51, 63, 71, 79, 87, 95, 103, 111, 119, 128]					MC: [0, 1, 2, 3, 4, 5, 6, 7, 8, 9, 10, 11, 12, 13, 14, 15, 16, 17, 18, 19, 20, 21, 22, 23, 24, 25, 26, 27, 28, 29, 30, 31, 32, 33, 34, 35, 36, 37, 38, 39, 40, 41, 42, 43, 44, 45, 46, 47, 48, 49, 50, 51, 52, 53, 54, 55, 56, 57, 58, 59, 60, 61, 62, 63, 64, 65, 66, 67, 68, 69, 70, 71, 72, 73, 74, 75, 76, 77, 78, 79, 80, 81, 82, 83, 84, 85, 86, 87, 88, 89, 90, 91, 92, 93, 94, 95, 96, 97, 98, 99, 100, 101, 102, 103, 104, 105, 106, 107, 108, 109, 110, 111, 112, 113, 114, 115, 116, 117, 118, 119, 120, 121, 122, 123, 124, 125, 126, 127, 128]
00b72ecd					PS2: [0, 1, 10, 11, 37, 38, 39, 47, 80, 95, 99, 101, 127, 128]					MC: [0, 1, 2, 3, 4, 5, 6, 7, 8, 9, 10, 11, 12, 13, 14, 15, 16, 17, 18, 19, 20, 22, 23, 25, 27, 28, 29, 31, 32, 37, 40, 41, 43, 45, 46, 48, 49, 50, 51, 52, 53, 55, 56, 57, 59, 60, 61, 62, 63, 64, 65, 66, 67, 69, 70, 71, 72, 73, 74, 75, 77, 78, 79, 81, 83, 84, 85, 87, 88, 91, 93, 95, 98, 101, 102, 104, 105, 110, 111, 112, 113, 114, 115, 116, 117, 118, 119, 121, 123, 124, 125, 126, 128, 129, 130, 131, 132, 133, 134, 135, 136, 137, 138, 139, 140, 141, 142, 143, 144, 145, 146, 147, 148, 149, 150, 151, 152, 153, 154, 158]
00b7a65b					PS2: [0, 19, 28, 36, 45, 52, 59, 68, 76, 85, 94, 103, 111, 119, 124, 128]					MC: [0, 1, 2, 3, 4, 5, 6, 7, 8, 9, 10, 11, 12, 13, 14, 15, 16, 17, 18, 19, 20, 21, 22, 23, 24, 25, 26, 27, 28, 29, 30, 31, 32, 33, 34, 35, 36, 37, 38, 39, 40, 41, 42, 43, 44, 45, 46, 47, 48, 49, 50, 51, 52, 53, 54, 55, 56, 57, 58, 59, 60, 61, 62, 63, 64, 65, 66, 67, 68, 69, 70, 71, 72, 73, 74, 75, 76, 77, 78, 79, 80, 81, 82, 83, 84, 85, 86, 87, 88, 89, 90, 91, 92, 93, 94, 95, 96, 97, 98, 99, 100, 101, 102, 103, 104, 105, 106, 107, 108, 109, 110, 111, 112, 113, 114, 115, 116, 117, 118, 119, 120, 121, 122, 123, 124, 125, 126, 127, 128, 129, 130, 131, 132, 133, 134, 135, 136, 137, 138, 139, 140, 141, 142, 143, 144, 145, 146, 147, 148, 149, 150, 151, 152, 153, 154, 155, 156, 157, 158, 159, 160, 165]
00b9ed1b					PS2: [0, 19, 28, 36, 45, 52, 59, 68, 76, 85, 94, 103, 111, 119, 124, 128]					MC: [0, 1, 2, 3, 4, 5, 6, 7, 8, 9, 10, 11, 12, 13, 14, 15, 16, 17, 18, 19, 20, 21, 22, 23, 24, 25, 26, 27, 28, 29, 31, 32, 33, 35, 36, 37, 38, 40, 41, 42, 43, 44, 45, 46, 47, 48, 49, 50, 51, 52, 54, 55, 56, 57, 58, 59, 60, 61, 62, 64, 65, 66, 67, 68, 69, 70, 71, 72, 73, 75, 78, 80, 81, 83, 84, 85, 87, 88, 89, 90, 93, 94, 95, 96, 97, 98, 99, 100, 101, 102, 103, 104, 105, 106, 107, 108, 109, 110, 111, 112, 113, 114, 115, 116, 117, 118, 120, 121, 122, 123, 124, 125, 126, 127, 128, 129, 130, 131, 132, 133, 134, 135, 136, 137, 138, 139, 140, 141, 142, 143, 145, 146, 147, 148, 149, 150, 151, 152, 153, 156, 158, 159, 160, 162, 163]
00c1e104					PS2: [0, 7, 15, 19, 32, 39, 48, 53, 61, 66, 75, 79, 88, 94, 108, 118]					MC: [0, 2, 3, 5, 7, 8, 11, 12, 14, 15, 16, 17, 18, 19, 20, 21, 22, 23, 24, 25, 26, 27, 28, 29, 30, 31, 32, 33, 35, 36, 38, 39, 40, 41, 42, 43, 44, 45, 46, 47, 48, 49, 50, 51, 52, 54, 55, 56, 57, 58, 59, 60, 61, 62, 63, 64, 65, 66, 68, 69, 70, 71, 72, 73, 74, 75, 76, 78, 79, 80, 81, 82, 83, 84, 85, 86, 87, 88, 89, 92, 93, 94, 95, 96, 97, 100, 101, 102, 103, 104, 105, 106, 107, 111, 112]
00c615d8					PS2: [0, 1, 2, 3, 4, 5, 6, 7, 8, 9, 10, 11, 12, 13, 14, 17, 18, 19, 20, 21, 22, 23, 24, 25, 26, 27, 28, 29, 30, 31, 32, 34, 35, 36, 37, 38, 39, 40, 41, 42, 43, 44, 45, 46, 47, 48, 49, 50, 51, 52, 53]					MC: [0, 1, 2, 3, 4, 5, 6, 7, 8, 9, 10, 11, 12, 13, 14, 15, 16, 17, 18, 19, 20, 21, 22, 23, 24, 25, 26, 27, 28, 29, 30, 31, 32, 33, 34, 35, 36, 37, 38, 39, 40, 41, 42, 43, 44, 45, 49, 51]
00d2be51					PS2: [0, 1, 3, 4, 5, 7, 8, 9, 10, 11, 12, 13, 14, 15, 16, 17, 18, 19, 20, 21, 22, 23, 24, 25, 26, 27, 28, 29, 30, 31, 32, 33, 34, 35, 36, 37, 38, 39, 40, 41, 42, 43, 45, 46, 47, 50, 59]					MC: [0, 1, 2, 3, 4, 5, 6, 7, 8, 9, 10, 11, 12, 13, 14, 15, 16, 17, 18, 19, 20, 21, 22, 23, 24, 25, 26, 27, 28, 29, 30, 31, 32, 33, 34, 35, 36, 37, 38, 39, 40, 41, 42, 43, 44, 45, 46, 47, 48, 49, 50, 51, 52, 53, 54, 55, 62, 65, 76]
00d30dfe					PS2: [0, 1, 2, 3, 4, 19, 28, 36, 45, 52, 53, 56, 59, 66, 68, 76, 85, 94, 102, 103, 110, 111, 118, 119, 124, 128]					MC: [0, 1, 2, 3, 4, 5, 6, 7, 8, 9, 10, 11, 12, 13, 14, 15, 16, 17, 18, 19, 20, 21, 22, 23, 24, 25, 26, 27, 28, 29, 30, 31, 32, 33, 34, 35, 36, 37, 38, 39, 40, 41, 42, 43, 44, 45, 46, 47, 48, 49, 50, 53, 55, 56, 57, 58, 59, 60, 61, 62, 64, 65, 66, 67, 68, 69, 70, 71, 72, 73, 74, 75, 76, 77, 78, 79, 80, 81, 82, 83, 84, 85, 86, 87, 88, 89, 90, 91, 92, 93]
00ea43a7					PS2: [0, 9, 15, 21, 30, 40, 48, 58, 65, 72, 82, 95, 106, 113, 122, 128]					MC: [0, 1, 2, 3, 4, 5, 6, 7, 8, 9, 10, 11, 12, 13, 14, 15, 16, 17, 18, 19, 20, 21, 22, 23, 24, 25, 26, 27, 28, 29, 30, 31, 32, 33, 34, 35, 36, 37, 38, 39, 40, 41, 42, 43, 44, 45, 46, 47, 48, 49, 50, 51, 52, 53, 54, 55, 56, 57, 58, 59, 60, 61, 62, 63, 64, 65, 66, 67, 68, 69, 70, 71, 72, 73, 74, 75, 76, 77, 78, 79, 80, 81, 82, 83, 84, 85, 86, 87, 88, 89, 90, 91, 92, 93, 94, 95, 96, 97, 98, 99, 100, 101, 102, 103, 104, 105, 106, 107, 108, 109, 110, 111, 112, 113, 114, 115, 116, 117, 118, 119, 120, 121, 122, 123, 124, 125, 126, 127, 128, 129, 130, 131, 132, 133, 134, 135, 136, 137, 138, 139, 140, 142]
00f16ec8					PS2: [0, 19, 28, 36, 45, 52, 59, 68, 76, 85, 94, 103, 111, 119, 124, 128]					MC: [0, 1, 2, 3, 4, 5, 6, 7, 8, 9, 10, 11, 12, 13, 14, 15, 16, 17, 18, 19, 20, 21, 22, 23, 24, 25, 26, 27, 28, 30, 31, 32, 33, 34, 35, 36, 37, 38, 39, 40, 41, 42, 43, 44, 46, 47, 48, 49, 50, 51, 52, 53, 54, 55, 56, 57, 59, 60, 61, 62, 63, 64, 65, 66, 67, 69, 70, 71, 72, 73, 74, 75, 76, 77, 78, 79, 80, 81, 82, 83, 84, 85, 86, 87, 89, 90, 91, 92, 93, 95, 96, 97, 98, 99, 100, 101, 102, 103, 104, 105, 106, 107, 108, 109, 110, 111, 113, 114, 115, 116, 117, 119, 120, 121, 122, 123, 125, 126, 127, 128, 129, 130, 131, 132, 133, 134, 135, 136, 137, 138, 139, 140, 141, 142, 143, 144, 145, 146, 147, 148, 149, 150, 151, 153, 154, 155, 156, 157, 168, 169, 176]
00f1b2dc					PS2: [0, 8, 16, 24, 32, 45, 56, 63, 71, 79, 87, 95, 103, 111, 119, 128]					MC: [0, 1, 2, 3, 4, 5, 6, 7, 8, 9, 10, 11, 12, 13, 14, 15, 16, 17, 18, 19, 20, 21, 22, 23, 24, 25, 26, 27, 28, 29, 30, 31, 32, 33, 34, 35, 36, 37, 38, 39, 40, 41, 42, 43, 44, 45, 46, 47, 48, 49, 50, 51, 52, 53, 54, 55, 56, 57, 58, 59, 60, 61, 62, 63, 64, 65, 66, 67, 68, 69, 70, 71, 72, 73, 74, 75, 76, 77, 78, 79, 80, 81, 82, 83, 84, 85, 86, 87, 88, 89, 90, 91, 92, 93, 94, 95, 96, 97, 98, 99, 100, 101, 102, 103, 104, 105, 106, 107, 108, 109, 110, 111, 112, 113, 114, 115, 116, 117, 118, 119, 120, 121, 122, 123, 124, 125, 126, 127, 128]
00fc64f3					PS2: [0, 19, 28, 33, 36, 45, 52, 59, 61, 68, 76, 85, 94, 103, 111, 119, 124, 128]					MC: [0, 1, 2, 3, 4, 5, 6, 7, 8, 9, 10, 11, 12, 13, 14, 15, 16, 17, 18, 19, 20, 21, 22, 23, 24, 26, 27, 28, 29, 30, 31, 32, 33, 34, 35, 36, 37, 38, 39, 40, 41, 42, 43, 44, 45, 46, 47, 48, 49, 50, 51, 52, 53, 54, 55, 56, 57, 58, 59, 60, 61, 62, 64, 65, 66, 67, 69, 70, 71, 73, 74, 75, 76, 77, 78, 79, 80, 81, 82, 83, 84, 85, 86, 87, 88, 89, 90, 91, 92, 93]
00fcd394					PS2: [0, 8, 17, 25, 34, 42, 51, 59, 68, 76, 85, 93, 102, 110, 119, 128]					MC: [0, 1, 2, 3, 4, 5, 6, 7, 8, 9, 10, 11, 12, 13, 14, 15, 16, 17, 18, 19, 20, 21, 22, 23, 24, 25, 26, 27, 28, 29, 30, 31, 32, 33, 34, 35, 36, 37, 38, 39, 40, 41, 42, 43, 44, 45, 46, 47, 48, 49, 50, 51, 52, 53, 54, 55, 56, 57, 58, 59, 60, 61, 62, 63, 64, 65, 66, 67, 68, 69, 70, 71, 72, 73, 74, 75, 76, 77, 78, 79, 80, 81, 82, 83, 84, 85, 86, 87, 88, 89, 90, 91, 92, 93, 94, 95, 96, 97, 98, 99, 100, 101, 102, 103, 104, 105, 106, 107, 108, 109, 110, 111, 112, 113, 114, 115, 116, 117, 118, 119, 120, 121, 122, 123, 124, 125, 126, 127, 128, 129, 130, 131, 132, 133, 134, 135, 136, 137, 138, 139, 140, 141, 142, 143, 144, 145, 146, 147, 148, 149, 150, 151, 152, 153, 154, 155, 156, 157, 158, 160, 161, 162, 163, 164, 165]
00fdd394					PS2: [0, 8, 17, 25, 34, 42, 51, 59, 68, 76, 85, 93, 102, 110, 119, 128]					MC: [0, 1, 2, 3, 4, 5, 6, 7, 8, 9, 10, 11, 12, 13, 14, 15, 16, 17, 18, 19, 20, 21, 22, 23, 24, 25, 26, 27, 28, 29, 30, 31, 32, 33, 34, 35, 36, 37, 38, 39, 40, 41, 42, 43, 44, 45, 46, 47, 48, 49, 50, 51, 52, 53, 54, 55, 56, 57, 58, 59, 60, 61, 62, 63, 64, 65, 66, 67, 68, 69, 70, 71, 72, 73, 74, 75, 76, 77, 78, 79, 80, 81, 82, 83, 84, 85, 86, 87, 88, 89, 90, 91, 92, 93, 94, 95, 96, 97, 98, 99, 100, 101, 102, 103, 104, 105, 106, 107, 108, 109, 110, 111, 112, 113, 114, 115, 116, 117, 118, 119, 120, 121, 122, 123, 124, 125, 126, 127, 128, 129, 130, 131, 132, 133, 134, 135, 136, 137, 138, 139, 140, 141, 142, 143, 144, 145, 146, 147, 148, 149, 150, 151, 152, 153, 154, 155, 156, 157, 158, 159, 160, 162, 163, 164, 165, 166]
a_craft_struc_sub_alp_ovl.bmp					PS2: [0, 4, 9, 13, 18, 22, 25, 30, 35, 42, 50, 57, 62, 67, 81, 114]					MC: [0, 1, 2, 3, 4, 5, 6, 7, 8, 9, 10, 11, 12, 13, 14, 15, 16, 17, 18, 19, 20, 21, 22, 23, 24, 25, 26, 27, 28, 29, 30, 31, 32, 33, 34, 35, 36, 37, 38, 39, 40, 41, 42, 43, 44, 45, 46, 47, 48, 49, 50, 51, 52, 53, 54, 55, 56, 57, 58, 59, 60, 61, 62, 63, 64, 65, 66, 67, 68, 69, 70, 71, 72, 73, 74, 75, 76, 77, 78, 79, 80, 82, 84, 85, 86, 87, 88, 89, 90, 91, 92, 93, 94, 95, 97, 98, 99, 102, 104, 105, 108, 110, 122, 125, 131]
abreak_ovl_sub_alp.bmp					PS2: [0, 3, 4, 8, 12, 13, 16, 20, 23, 27, 28, 30, 33, 36, 38, 41, 42, 48]					MC: [0, 1, 2, 3, 4, 5, 6, 7, 8, 9, 10, 11, 12, 13, 14, 15, 16, 17, 18, 19, 20, 21, 22, 23, 24, 25, 26, 27, 28, 29, 30, 31, 32, 33, 34, 35, 36, 37, 38, 39, 40, 41, 42, 43, 44, 45, 46, 47, 48, 49, 50, 51, 52, 53, 54, 55, 56, 57, 58, 59]
abreak_ovl_sub_alp.bmp_52c97f0acc706212d7c15ffc02f7d45f					PS2: [0, 3, 4, 8, 12, 13, 16, 20, 23, 27, 28, 30, 33, 36, 38, 41, 42, 48]					MC: [0, 1, 2, 3, 4, 5, 6, 7, 8, 9, 10, 11, 12, 13, 14, 15, 16, 17, 18, 19, 20, 21, 22, 23, 24, 25, 26, 27, 28, 29, 30, 31, 32, 33, 34, 35, 36, 37, 38, 39, 40, 41, 42, 43, 44, 45, 46, 47, 48, 49, 50, 51, 52, 53, 54, 55, 56, 57, 58, 59]
abreakset_ovl_sub_alp.bmp					PS2: [0, 8, 9, 17, 24, 25, 32, 33, 39, 40, 49, 50, 57, 64, 65]					MC: [0, 1, 2, 3, 4, 5, 6, 7, 8, 9, 10, 11, 12, 13, 14, 15, 16, 17, 18, 19, 20, 21, 22, 23, 24, 25, 26, 27, 28, 29, 30, 31, 32, 33, 34, 35, 36, 37, 38, 39, 40, 41, 42, 43, 44, 45, 46, 47, 48, 49, 50, 51, 52, 53, 54, 55, 56, 57, 58, 59, 60, 61, 62, 63, 64, 65, 66, 67, 68, 69, 70, 71, 72, 73, 74, 75, 76, 77, 78, 79, 80, 81, 82, 83, 84, 85, 86]
abreakset_ovl_sub_alp.bmp_cf2b5c487b827941ff303f500e265ea9					PS2: [0, 8, 9, 17, 24, 25, 32, 33, 39, 40, 49, 50, 57, 64, 65]					MC: [0, 1, 2, 3, 4, 5, 6, 7, 8, 9, 10, 11, 12, 13, 14, 15, 16, 17, 18, 19, 20, 21, 22, 23, 24, 25, 26, 27, 28, 29, 30, 31, 32, 33, 34, 35, 36, 37, 38, 39, 40, 41, 42, 43, 44, 45, 46, 47, 48, 49, 50, 51, 52, 53, 54, 55, 56, 57, 58, 59, 60, 61, 62, 63, 64, 65, 66, 67, 68, 69, 70, 71, 72, 73, 74, 75, 76, 77, 78]
abs_def_hair_ovl_alp.bmp					PS2: [0, 1, 2, 4, 5, 6, 7, 8, 9, 11, 12, 13, 15, 16, 17, 19, 20, 21, 22, 24, 25, 27, 28, 30, 31, 32, 34, 36, 38, 40, 42, 44, 46, 47, 49, 50, 51, 53, 54, 55, 57, 58, 60, 62, 63, 66, 67, 68, 69, 70, 71, 73, 74, 75, 76, 77, 78, 79, 80, 81, 82, 83, 84, 85, 86, 87, 88, 89, 90, 92, 93, 94, 95, 96, 97, 98, 99, 100, 101, 102, 103, 104, 105, 106, 107, 108, 109, 110, 111, 112, 113, 114, 115, 116, 117, 118, 119, 120, 121, 122, 123, 124, 125, 126, 127, 128]					MC: [0, 1, 2, 3, 4, 5, 6, 7, 8, 9, 10, 11, 12, 13, 14, 15, 16, 17, 18, 19, 20, 21, 22, 23, 24, 25, 26, 27, 28, 29, 30, 31, 32, 33, 34, 35, 36, 37, 38, 39, 40, 41, 42, 43, 44, 45, 46, 47, 48, 49, 50, 51, 52, 53, 54, 55, 56, 57, 58, 59, 60, 61, 62, 63, 64, 65, 66, 67, 68, 69, 70, 71, 72, 73, 74, 75, 76, 77, 78, 79, 80, 81, 82, 83, 84, 85, 86, 87, 88, 89, 90, 91, 92, 93, 94, 95, 96, 97, 98, 99, 100, 101, 102, 103, 104, 105, 106, 107, 108, 109, 110, 111, 112, 113, 114, 115, 116, 117, 118, 119, 120, 121, 122, 123, 124, 125, 126, 127, 128, 129, 130, 131, 132, 133, 134, 135, 136, 137]
ahandlebase_ovl_sub_alp.bmp					PS2: [0, 4, 10, 14, 15, 17, 19, 20, 21, 23, 26, 29, 33, 34, 39, 40, 43, 44, 48, 49]					MC: [0, 1, 2, 3, 4, 5, 6, 7, 8, 9, 10, 11, 12, 13, 14, 15, 16, 17, 18, 19, 20, 21, 22, 23, 24, 25, 26, 27, 28, 29, 30, 31, 32, 33, 34, 35, 36, 37, 38, 39, 40, 41, 42, 43, 44, 45, 46, 47, 48, 49, 50, 51, 52]
ahandlebase_ovl_sub_alp.bmp_2976c7da232bddbd422ac917c77dac32					PS2: [0, 4, 10, 14, 15, 17, 19, 20, 21, 23, 26, 29, 33, 34, 39, 40, 43, 44, 48, 49]					MC: [0, 1, 2, 3, 4, 5, 6, 7, 8, 9, 10, 11, 12, 13, 14, 15, 16, 17, 18, 19, 20, 21, 22, 23, 24, 25, 26, 27, 28, 29, 30, 31, 32, 33, 34, 35, 36, 37, 38, 39, 40, 41, 42, 43, 44, 45, 46, 47, 48, 49, 50, 51, 52, 53, 54]
ahandlegrip_ovl_sub_alp.bmp					PS2: [0, 22, 29, 34, 43, 47, 51, 52, 54, 57, 59, 63, 66]					MC: [0, 1, 2, 3, 4, 7, 8, 11, 13, 17, 18, 19, 20, 21, 22, 23, 24, 25, 27, 28, 29, 30, 31, 32, 33, 34, 35, 36, 37, 38, 39, 40, 41, 42, 43, 44, 45, 46, 47, 48, 49, 50, 51, 52, 53, 54, 55, 56, 57, 58, 59, 60, 61, 62, 63, 64, 65, 66, 67, 68, 69, 70, 71, 73, 75, 76]
aheadlight02_ovl_sub_alp.bmp					PS2: [0, 12, 13, 18, 19, 20, 21, 27, 28, 36, 37, 42]					MC: [0, 1, 2, 3, 4, 5, 6, 7, 8, 9, 10, 11, 12, 13, 14, 15, 16, 17, 18, 19, 20, 21, 22, 23, 24, 25, 26, 27, 28, 33, 34, 35, 36, 37, 38, 39, 40, 41, 42, 43, 44, 45, 46, 48]
aheadlight02_ovl_sub_alp.bmp_3414dbb22647ed42a0334ef25b1dc287					PS2: [0, 13, 18, 19, 20, 21, 27, 28, 36, 37, 42]					MC: [1, 2, 4, 6, 7, 8, 10, 11, 12, 13, 14, 15, 16, 17, 18, 19, 20, 21, 22, 23, 24, 25, 26, 27, 30, 34, 35, 36, 37, 38, 39, 40, 41, 42, 43, 44, 45, 46, 47]
aheadlight04_ovl_sub_alp.bmp					PS2: [0, 1, 28, 37, 45, 53, 54, 59, 60, 63, 66, 70, 74, 75, 79, 86, 87, 96, 97]					MC: [0, 1, 2, 3, 4, 5, 6, 7, 8, 9, 10, 11, 12, 13, 14, 15, 16, 17, 18, 19, 20, 21, 22, 23, 24, 25, 26, 27, 28, 29, 30, 31, 32, 33, 34, 35, 36, 37, 38, 39, 40, 41, 42, 43, 44, 45, 46, 47, 48, 49, 50, 51, 52, 53, 54, 55, 56, 57, 58, 59, 60, 61, 62, 63, 64, 65, 66, 67, 68, 69, 70, 71, 72, 73, 74, 75, 76, 77, 78, 79, 80, 81, 82, 83, 84, 85, 86, 87, 88, 89, 90, 91, 92, 93, 94, 95, 96, 97, 98, 99, 100, 101, 102, 103, 104, 105, 106, 107, 108, 109, 110, 111, 112, 113, 114, 115, 116, 117, 118, 119, 120, 121, 124, 126, 127, 128, 129, 130, 132, 134, 135, 136, 139, 140, 141, 143, 145, 147]
ahojyohandle_ovl_sub_alp.bmp					PS2: [0, 45, 46, 48, 49, 50, 52, 53, 54, 58, 63]					MC: [0, 10, 11, 12, 43, 46, 47, 48, 49, 50, 51, 52, 53, 54, 55, 56, 57, 58, 59, 60, 62, 64, 65, 66, 70]
alarm_02_sdw_alp_ovl.bmp_e367385f189659cd279d49fd74fb1588					PS2: [0, 14, 20, 22, 33, 34, 35, 36, 53, 54, 55]					MC: [0, 1, 2, 3, 4, 5, 6, 8, 11, 13, 16, 17, 18, 19, 20, 21, 22, 23, 24, 25, 26, 27, 28, 30, 34, 35, 36, 38, 40, 45, 52, 53, 54, 55, 56, 57, 58, 59, 60, 61, 62, 63, 64, 65, 66, 68, 69]
amafuler01_ovl_sub_alp.bmp					PS2: [0, 22, 23, 28, 31, 32, 34, 35, 37, 39, 40, 41, 42, 44, 45, 47, 48, 50, 51, 53, 54, 57, 63]					MC: [9, 11, 12, 14, 15, 17, 18, 19, 20, 21, 22, 23, 24, 25, 26, 27, 28, 29, 30, 31, 32, 33, 34, 35, 36, 37, 38, 39, 40, 41, 42, 43, 44, 45, 46, 47, 48, 49, 50, 51, 52, 53, 54, 55, 56, 57, 58, 59, 60, 61, 62, 63, 64, 65, 66]
amafuler01_ovl_sub_alp.bmp_9438472174c3057f767e739061012554					PS2: [0, 22, 23, 28, 31, 32, 34, 35, 37, 39, 40, 41, 42, 44, 45, 47, 48, 50, 51, 53, 54, 57, 63]					MC: [12, 17, 18, 21, 22, 23, 24, 25, 26, 27, 28, 29, 30, 31, 32, 33, 34, 35, 36, 37, 38, 39, 40, 41, 42, 43, 44, 45, 46, 47, 48, 49, 50, 51, 52, 53, 54, 55, 56, 57, 58, 59, 60, 61, 62, 64, 65, 66]
anidai01_ovl_sub_alp.bmp					PS2: [0, 19, 20, 23, 25, 27, 28, 35, 39, 40, 43, 44, 46, 49, 52, 53, 57, 60, 61, 65, 66]					MC: [0, 1, 2, 6, 7, 8, 9, 10, 11, 12, 13, 14, 15, 16, 17, 18, 19, 20, 21, 22, 23, 24, 25, 26, 27, 28, 29, 30, 31, 32, 33, 34, 35, 36, 37, 38, 39, 40, 41, 42, 43, 44, 45, 46, 47, 48, 49, 50, 51, 52, 53, 54, 55, 56, 57, 58, 59, 60, 61, 62, 63, 64, 65, 66, 67, 68, 69, 70, 71, 72]
anidai01_ovl_sub_alp.bmp_783518a7d055cae93b19f830e6594a1e					PS2: [0, 20, 23, 25, 27, 28, 35, 39, 40, 43, 44, 46, 49, 52, 53, 57, 60, 61, 65, 66]					MC: [0, 1, 2, 5, 6, 7, 8, 9, 10, 12, 13, 14, 15, 17, 18, 19, 20, 22, 23, 24, 25, 26, 27, 28, 31, 32, 33, 34, 35, 36, 37, 38, 39, 40, 41, 42, 43, 44, 45, 46, 47, 48, 49, 50, 51, 52, 53, 54, 55, 56, 57, 58, 59, 60, 61, 62, 63, 64, 65, 66, 67, 68, 69, 70, 71]
armory_brkpaper00_alp_ovl.bmp					PS2: [0, 25, 33, 58, 61, 79, 80, 106, 120, 125, 126]					MC: [0, 1, 2, 3, 4, 5, 6, 7, 8, 9, 10, 11, 12, 13, 14, 15, 16, 17, 18, 19, 20, 21, 22, 23, 24, 25, 26, 27, 28, 29, 30, 31, 32, 33, 34, 35, 36, 37, 38, 39, 40, 41, 42, 43, 44, 45, 46, 47, 48, 49, 50, 51, 52, 53, 54, 55, 56, 57, 58, 59, 60, 61, 62, 63, 64, 65, 66, 67, 68, 69, 70, 71, 72, 73, 74, 75, 76, 77, 78, 79, 80, 81, 82, 83, 84, 85, 86, 87, 88, 89, 90, 91, 93, 94, 95, 96, 97, 98, 99, 100, 101, 102, 103, 104, 105, 106, 107, 108, 109, 110, 111, 112, 113, 114, 115, 116, 117, 118, 119, 120, 121, 122, 123, 124, 125, 126, 127, 128, 129, 130, 131, 132, 133, 134, 135, 136, 137, 138, 139, 140, 141, 142, 143, 144, 145, 146, 147, 148, 149, 150, 151, 160]
armory_light02_alp_ovl.bmp					PS2: [0, 20, 128]					MC: [0, 6, 12, 16, 17, 26, 31, 61, 86, 88, 89, 94, 98, 101, 118, 119, 120, 127, 128, 129, 130, 131, 132, 133, 134, 135, 137, 140, 141]
armory_light02_alp_ovl.bmp_0638277d8bb16e69c32fca0ef443bc4a					PS2: [0, 20, 128]					MC: [0, 6, 12, 16, 17, 26, 31, 61, 86, 88, 89, 94, 98, 101, 118, 119, 120, 127, 128, 129, 130, 131, 132, 133, 134, 135, 137, 140, 141]
armory_light02_alp_ovl.bmp_ace6c2f60fa75ba68aca013c8e0906b7					PS2: [0, 20, 128]					MC: [0, 6, 12, 16, 17, 26, 31, 61, 86, 88, 89, 94, 98, 101, 118, 119, 120, 127, 128, 129, 130, 131, 132, 133, 134, 135, 137, 140, 141]
armory_sdw02_alp_ovl.bmp					PS2: [0, 4, 9, 15, 22, 27, 32, 40, 51, 59, 65, 70, 74, 80]					MC: [0, 1, 2, 3, 4, 5, 6, 7, 8, 9, 10, 11, 12, 13, 14, 15, 16, 17, 18, 19, 20, 21, 22, 23, 24, 25, 26, 27, 28, 29, 30, 31, 32, 33, 34, 35, 36, 37, 38, 39, 40, 41, 42, 43, 44, 45, 46, 47, 48, 49, 50, 51, 52, 53, 54, 55, 56, 57, 58, 59, 60, 61, 62, 63, 64, 65, 66, 67, 68, 69, 70, 71, 72, 73, 74, 75, 76, 77, 78, 79, 80, 81, 82, 83, 84, 85, 86, 89, 90, 92, 93, 95, 96]
armory_sign_alp_ovl_03.bmp					PS2: [0, 4, 11, 16, 23, 30, 37, 45, 49, 52, 55, 58, 62, 66, 69, 75]					MC: [0, 1, 2, 3, 4, 5, 6, 7, 8, 9, 10, 11, 12, 13, 14, 15, 16, 17, 18, 19, 20, 21, 22, 23, 24, 25, 26, 27, 28, 29, 30, 31, 32, 33, 34, 35, 36, 37, 38, 39, 40, 41, 42, 43, 44, 45, 46, 47, 48, 49, 50, 51, 52, 53, 54, 55, 56, 57, 58, 59, 60, 61, 62, 63, 64, 65, 66, 67, 68, 69, 70, 71, 72, 73, 74, 75, 76, 77, 78, 79, 80, 81, 82, 83, 84, 85, 86, 87, 88, 89, 90, 91, 92, 93, 94, 95, 96, 97, 98, 99, 100, 101, 102, 103, 104, 105, 106, 107, 108, 109, 111, 113, 114]
ashirindahead_ovl_sub_alp.bmp					PS2: [0, 14, 15, 20, 26, 31, 32, 36, 37, 42, 47, 48, 52, 53, 57, 58, 62, 63, 67, 68, 72, 73, 77, 78]					MC: [1, 2, 3, 4, 5, 6, 7, 8, 9, 10, 11, 12, 13, 14, 15, 16, 17, 18, 19, 20, 21, 22, 23, 24, 25, 26, 27, 28, 29, 30, 31, 32, 33, 34, 35, 36, 37, 38, 39, 40, 41, 42, 43, 44, 45, 46, 47, 48, 49, 50, 51, 52, 53, 54, 55, 56, 57, 58, 59, 60, 61, 62, 63, 64, 65, 66, 67, 68, 69, 70, 71, 72, 73, 74, 75, 76, 77, 78, 79, 80, 81, 82, 83, 84, 85, 86, 87, 88, 89, 90, 92]
ashirindahead_ovl_sub_alp.bmp_112e708131775183b190e919d5290f90					PS2: [0, 14, 15, 20, 26, 31, 32, 36, 37, 42, 47, 48, 52, 53, 57, 58, 62, 63, 67, 68, 72, 73, 77, 78]					MC: [0, 2, 3, 4, 6, 7, 9, 10, 11, 12, 13, 14, 15, 16, 17, 18, 19, 20, 21, 22, 23, 24, 25, 26, 27, 28, 29, 30, 31, 32, 33, 34, 35, 36, 37, 38, 39, 40, 41, 42, 43, 44, 45, 46, 47, 48, 49, 50, 51, 52, 53, 54, 55, 56, 57, 58, 59, 60, 61, 62, 63, 64, 65, 66, 67, 68, 69, 70, 71, 72, 73, 74, 75, 76, 77, 78, 79, 80, 81, 82, 83, 84, 85, 86, 87]
ataiya_ovl_sub_alp.bmp					PS2: [0, 24, 25, 30, 31, 33, 34, 35, 38, 39, 41, 42, 43, 44, 49, 55, 61, 64, 65, 70]					MC: [0, 1, 2, 4, 5, 6, 7, 8, 9, 10, 11, 12, 17, 18, 19, 20, 21, 22, 23, 24, 25, 26, 27, 28, 29, 30, 31, 32, 33, 34, 35, 36, 37, 38, 39, 40, 41, 42, 43, 44, 45, 46, 47, 48, 49, 50, 51, 52, 53, 54, 55, 56, 57, 58, 59, 60, 61, 62, 63, 64, 65, 66, 67, 68, 69, 70, 71, 72, 73, 74, 75, 76, 77, 78, 79, 80, 81, 82, 83, 84, 85, 86]
ataiya_ovl_sub_alp.bmp_70b0ef6e0148fe4ecdf1d050443e70c4					PS2: [0, 24, 25, 30, 31, 33, 34, 35, 38, 39, 41, 42, 43, 44, 49, 55, 61, 64, 65, 70]					MC: [0, 1, 3, 4, 5, 6, 18, 19, 20, 21, 22, 23, 24, 25, 26, 27, 28, 29, 30, 31, 32, 33, 34, 35, 36, 37, 38, 39, 40, 41, 42, 43, 44, 45, 46, 47, 48, 49, 50, 51, 52, 53, 54, 55, 56, 57, 58, 59, 60, 61, 62, 63, 64, 65, 66, 67, 68, 69, 70, 71, 72, 73, 74, 75, 76, 77, 78, 79, 80, 81, 82, 83, 84, 85]
atank_ovl_sub_alp.bmp					PS2: [0, 1, 2, 3, 4, 5, 6, 7, 8, 9, 10, 11, 12, 13, 14, 15, 16, 17, 18, 19, 20, 21, 22, 23, 24, 25, 26, 27, 28, 29, 30, 31, 32, 33, 34, 35, 36, 37, 38, 39, 40, 41, 42, 43, 44, 45, 46, 47, 48, 49, 50, 51, 52, 53, 54, 55, 56, 57, 58, 59, 60, 61, 62, 63, 64, 65, 67, 70]					MC: [0, 1, 2, 3, 4, 5, 6, 7, 8, 9, 10, 11, 12, 13, 14, 15, 16, 17, 18, 19, 20, 21, 22, 23, 24, 25, 26, 27, 28, 29, 30, 31, 32, 33, 34, 35, 36, 37, 38, 39, 40, 41, 42, 43, 44, 45, 46, 47, 48, 49, 50, 51, 52, 53, 54, 55, 56, 57, 58, 59, 60, 61, 62, 63, 64, 65, 66, 67, 68, 69, 70, 71, 72, 73, 74, 75, 79]
atank_ovl_sub_alp.bmp_ea31fbeefc636adacf0fc3ea3a39bbe6					PS2: [0, 1, 2, 5, 6, 7, 8, 9, 10, 11, 12, 13, 14, 15, 16, 17, 18, 19, 20, 21, 22, 23, 24, 25, 26, 27, 28, 29, 30, 31, 32, 33, 34, 35, 36, 37, 38, 40, 41, 42, 43, 44, 45, 46, 47, 48, 49, 50, 51, 52, 53, 54, 55, 56, 59, 60, 63, 64]					MC: [0, 1, 2, 3, 4, 5, 6, 7, 8, 9, 10, 11, 12, 13, 14, 15, 16, 17, 18, 19, 20, 21, 22, 23, 24, 25, 26, 27, 28, 29, 30, 31, 32, 33, 34, 35, 36, 37, 38, 39, 40, 41, 42, 43, 44, 45, 46, 47, 48, 49, 50, 51, 52, 53, 54, 55, 56, 57, 58, 59, 60, 61, 62, 63, 64, 65, 66, 67, 68, 69, 70]
award_cup03_alp_ovl.bmp					PS2: [0, 1, 16, 31, 56, 70, 85, 89, 117, 119, 121, 123, 125, 127]					MC: [0, 1, 2, 3, 4, 5, 6, 7, 8, 9, 10, 11, 12, 13, 14, 15, 16, 17, 18, 19, 20, 21, 22, 23, 24, 25, 26, 27, 28, 30, 31, 32, 33, 35, 36, 37, 38, 39, 40, 43, 44, 45, 47, 48, 49, 52, 53, 54, 55, 56, 57, 58, 59, 60, 61, 62, 63, 64, 65, 66, 68, 69, 72, 73, 74, 75, 76, 77, 78, 79, 80, 81, 82, 83, 84, 85, 86, 87, 88, 89, 90, 91, 92, 93, 94, 95, 96, 97, 98, 99, 100, 101, 103, 104, 106, 107, 109, 110, 111, 112, 113, 114, 115, 116, 117, 118, 119, 120, 121, 122, 123, 124, 125, 126, 127, 128, 129, 130, 131, 132, 133, 134, 135, 136, 137, 138, 139, 140, 141, 142, 143, 144, 145, 146, 147, 148, 149, 150, 151, 152, 153, 154, 155, 158, 160, 161, 162, 164]
bee_suana_alp_ovl.bmp					PS2: [0, 8, 12, 16, 21, 29, 40, 45, 53, 57, 66, 70, 82, 88, 97, 103]					MC: [0, 1, 2, 3, 5, 6, 7, 8, 9, 10, 11, 12, 13, 14, 15, 16, 17, 18, 19, 20, 21, 22, 23, 24, 25, 27, 28, 30, 31, 32, 38, 39, 41, 43, 44, 45, 46, 48, 49, 50, 51, 52, 53, 54, 55, 57, 58, 63, 65, 68, 69, 70, 73, 74, 75, 77, 78, 79, 80, 81, 82, 83, 84, 85, 86, 88, 91, 93, 94, 95, 98, 99, 100, 101, 102, 103, 108, 110, 112, 115, 117, 119, 120, 121]
bonn_battery_sub_ovl_alp.bmp					PS2: [0, 1, 2, 3, 4, 5, 6, 7, 8, 9, 10, 11, 12, 13, 14, 15, 16, 17, 18, 19, 20, 21, 22, 23, 24, 25, 26, 27, 28, 29, 30, 31, 32, 33, 34, 35, 36, 37, 38, 39, 40, 41, 42, 43, 44, 47, 48, 49, 50, 51, 52, 53, 54, 57]					MC: [0, 1, 2, 3, 4, 5, 6, 7, 8, 9, 10, 11, 12, 13, 14, 15, 16, 17, 18, 19, 20, 21, 22, 23, 24, 25, 26, 27, 28, 29, 30, 31, 32, 33, 34, 35, 36, 37, 38, 39, 40, 41, 42, 43, 44, 45, 46, 47, 48, 49, 50, 51, 52, 53, 54, 55, 56, 58, 59, 60, 61, 71, 74]
bonn_drumbra_center_sub_ovl_alp.bmp					PS2: [0, 1, 2, 3, 4, 5, 6, 7, 8, 9, 10, 11, 12, 13, 14, 15, 16, 17, 18, 19, 20, 21, 22, 23, 24, 25, 26, 27, 28, 29, 30, 31, 32, 33, 34, 35, 36, 37, 38, 39, 41, 42, 43, 45, 47, 51]					MC: [0, 1, 2, 3, 4, 5, 6, 7, 8, 9, 10, 11, 12, 13, 14, 15, 16, 17, 18, 19, 20, 21, 22, 23, 24, 25, 26, 27, 28, 29, 30, 31, 32, 33, 34, 35, 36, 37, 38, 39, 40, 41, 42, 43, 44, 45, 46, 47, 48, 49, 50, 51, 53]
bonn_drumbra_in_sub_ovl_alp.bmp					PS2: [0, 1, 2, 3, 4, 5, 6, 7, 8, 9, 10, 11, 12, 13, 14, 15, 16, 17, 18, 19, 20, 21, 22, 23, 24, 25, 26, 27, 28, 29, 30, 31, 32, 33, 34, 35, 36, 37, 38, 39, 40, 41, 43, 44, 45, 46, 47, 48, 49, 50, 51, 52, 53, 54, 55, 56, 57, 58, 59]					MC: [0, 1, 2, 3, 4, 5, 6, 7, 8, 9, 10, 11, 12, 13, 14, 15, 16, 17, 18, 19, 20, 21, 22, 23, 24, 25, 26, 27, 28, 29, 30, 31, 32, 33, 34, 35, 36, 37, 38, 39, 40, 41, 42, 43, 44, 45, 46, 47, 48, 49, 50, 51, 52, 54, 55, 56, 57]
bonn_headlight_sub_ovl_alp.bmp					PS2: [0, 1, 2, 3, 4, 5, 6, 7, 8, 9, 10, 11, 12, 13, 14, 15, 16, 17, 18, 19, 20, 21, 22, 23, 24, 25, 26, 27, 28, 29, 30, 31, 32, 33, 34, 35, 36, 37, 38, 39, 40, 41, 42, 43, 44, 45, 46, 47, 48, 49, 50, 51, 52, 53, 54, 55, 56, 57, 58, 59, 60, 61, 62, 63, 64, 65, 66, 67, 68, 69, 70, 71, 72, 73, 74, 75, 76, 77, 78, 79]					MC: [0, 1, 2, 3, 4, 5, 6, 7, 8, 9, 10, 11, 12, 13, 14, 15, 16, 17, 18, 19, 20, 21, 22, 23, 24, 25, 26, 27, 28, 29, 30, 31, 32, 33, 34, 35, 36, 37, 38, 39, 40, 41, 42, 43, 44, 45, 46, 47, 48, 49, 50, 51, 52, 53, 54, 55, 56, 57, 58, 59, 60, 61, 62, 63, 64, 65, 66, 67, 68, 69, 70, 71, 72, 73, 74, 75, 76, 77, 78, 79, 80, 81, 82, 83, 84, 85, 88, 90, 93, 95, 100, 106]
bonn_sus_dw_sub_ovl_alp.bmp					PS2: [0, 1, 2, 3, 4, 5, 6, 7, 8, 9, 10, 11, 12, 13, 14, 15, 16, 17, 18, 19, 20, 21, 22, 23, 24, 25, 26, 27, 28, 29, 30, 31, 32, 33, 34, 35, 36, 37, 38, 39, 40, 41, 42, 43, 44, 45, 46, 47, 48, 49, 50, 51, 52, 53, 54, 55, 56, 57, 58, 59, 60, 61, 62, 64, 65, 66, 67, 68, 69, 70, 71, 73, 75, 76, 78, 79, 80, 82]					MC: [0, 1, 2, 3, 4, 5, 6, 7, 8, 9, 10, 11, 12, 13, 14, 15, 16, 17, 18, 19, 20, 21, 22, 23, 24, 25, 26, 27, 28, 29, 30, 31, 32, 33, 34, 35, 36, 37, 38, 39, 40, 41, 42, 43, 44, 45, 46, 47, 48, 49, 50, 51, 52, 53, 54, 55, 56, 57, 58, 59, 60, 61, 62, 63, 64, 65, 66, 67, 68, 69, 70, 71, 72, 73, 74, 75, 76, 77, 78, 79, 80, 81, 82, 83, 88, 90, 92, 94]
bonn_sus_up_sub_ovl_alp.bmp					PS2: [0, 1, 2, 3, 4, 5, 6, 7, 8, 9, 10, 11, 12, 13, 14, 15, 16, 17, 18, 19, 20, 21, 22, 23, 24, 25, 26, 27, 28, 29, 30, 31, 32, 33, 34, 35, 36, 37, 38, 39, 40, 41, 42, 43, 44, 45, 46, 47, 48, 49, 50, 51, 52, 53, 55, 56, 58, 59, 60, 64, 65, 67, 68, 69, 71, 72, 73, 74, 75, 77, 78, 80, 81, 83, 86, 87, 90]					MC: [0, 1, 2, 3, 4, 5, 6, 7, 8, 9, 10, 11, 12, 13, 14, 15, 16, 17, 18, 19, 20, 21, 22, 23, 24, 25, 26, 27, 28, 29, 30, 31, 32, 33, 34, 35, 36, 37, 38, 39, 40, 41, 42, 43, 44, 45, 46, 47, 48, 49, 50, 51, 52, 53, 54, 55, 56, 57, 58, 59, 60, 61, 62, 63, 64, 65, 66, 67, 70, 71, 73, 75, 76, 77, 78, 79, 80, 81, 83, 86, 87, 89, 92, 95, 99, 102, 103, 104, 105]
bos_ss_side_ovl_add_alp.bmp					PS2: [0, 1, 2, 3, 4, 5, 6, 7, 8, 9, 10, 11, 12, 13, 14, 15, 16, 17, 18, 19, 20, 22, 23, 24, 25, 26, 27, 28, 29, 30, 31, 32, 33, 34, 35, 36, 37, 38, 39, 40, 41, 42, 43, 44, 45, 46, 47, 48, 50, 51, 52, 53, 54, 55, 56, 57, 58, 59, 60, 61, 62, 63, 64, 65, 66, 67, 68, 69, 70, 71, 72, 73, 74, 75, 76, 77, 79, 80, 82, 83, 84, 86, 87, 88, 89, 90, 91, 92, 93, 94, 96, 97, 98, 99, 100, 101, 102, 103, 104, 107, 108, 109, 110, 111, 112, 113, 115, 116, 117, 118, 119, 120, 121, 122, 123, 124, 125, 126, 128]					MC: [0, 1, 2, 3, 4, 5, 6, 7, 8, 9, 10, 11, 12, 13, 14, 15, 16, 17, 18, 19, 20, 21, 22, 23, 24, 25, 26, 27, 28, 29, 30, 31, 32, 33, 34, 35, 36, 37, 38, 39, 40, 41, 42, 43, 44, 45, 46, 47, 48, 49, 50, 51, 52, 53, 54, 55, 56, 57, 58, 59, 60, 61, 62, 63, 64, 65, 66, 67, 68, 69, 70, 71, 72, 73, 74, 75, 76, 77, 78, 79, 80, 81, 82, 83, 84, 85, 86, 87, 88, 89, 90, 91, 92, 93, 94, 95, 96, 97, 98, 99, 100, 101, 102, 103, 104, 105, 106, 107, 108, 109, 110, 111, 112, 113, 114, 115, 116, 117, 118, 119, 120, 121, 122, 123, 124, 125, 126, 127, 128, 129, 130, 131, 132, 133, 134, 135, 136, 137, 138, 139, 140, 141, 142, 143, 144, 145, 146, 147, 148, 149, 151, 152, 153, 156, 157, 158, 159, 160, 162, 163, 164, 165, 172]
bull_saa_ovl_sub_alp.bmp					PS2: [0, 2, 3, 4, 6, 8, 9, 10, 11, 12, 13, 14, 15, 16, 17, 18, 19, 21, 22, 23, 24, 25, 26, 27, 28, 29, 30, 31, 32, 33, 34, 35, 36, 40, 43, 44, 46, 47, 48, 50, 51, 53, 58, 59, 64, 83]					MC: [3, 5, 6, 7, 8, 9, 10, 11, 12, 13, 14, 15, 16, 17, 18, 19, 20, 21, 22, 23, 24, 25, 26, 27, 28, 29, 30, 31, 32, 33, 34, 35, 36, 37, 38, 39, 40, 41, 42, 43, 45, 46, 47, 48, 49, 51, 52, 53, 54, 55, 56, 57, 59, 62, 63, 74]
casecover_up_kankyo_sub_alp_ovl.bmp					PS2: [0, 1, 3, 4, 5, 6, 7, 8, 9, 10, 11, 12, 13, 14, 15, 16, 17, 18, 19, 20, 21, 22, 23, 24, 25, 26, 27, 28, 29, 30, 31, 32, 33, 34, 35, 36, 37, 38, 39, 40, 41, 42, 43, 44, 45, 46, 47, 48, 49, 50, 52, 53, 54, 56, 57, 59, 61, 63, 64, 65]					MC: [0, 1, 2, 3, 4, 5, 6, 7, 8, 9, 10, 11, 12, 13, 14, 15, 16, 17, 18, 19, 20, 21, 22, 23, 24, 25, 26, 27, 28, 29, 30, 31, 32, 33, 34, 35, 36, 37, 38, 39, 40, 41, 42, 43, 44, 45, 46, 47, 48, 49, 50, 51, 52, 53, 54, 55, 56, 58, 59, 60, 61, 62, 63, 64, 66, 67]
chaf_label_alp_ovl.bmp					PS2: [0, 5, 6, 9, 10, 12, 13, 14, 15, 19, 22, 26, 30, 32, 33, 37, 38, 39, 40, 45, 46, 51]					MC: [0, 1, 2, 3, 4, 5, 6, 7, 8, 9, 10, 11, 12, 13, 14, 15, 16, 17, 18, 19, 20, 21, 22, 23, 24, 25, 26, 27, 28, 29, 30, 31, 32, 33, 34, 35, 36, 37, 38, 39, 40, 41, 42, 43, 44, 45, 46, 47, 48, 49, 50, 51, 52, 53, 54, 55, 56, 57, 58, 59, 60, 61, 62, 63, 64, 65, 66, 67, 68, 69, 70, 71]
chairb_02_alp_ovl.bmp					PS2: [0, 7, 128]					MC: [0, 1, 2, 3, 4, 5, 6, 7, 8, 9, 10, 11, 12, 13, 14, 15, 16, 17, 18, 19, 20, 21, 22, 23, 24, 25, 26, 27, 28, 29, 30, 31, 32, 33, 34, 35, 36, 37, 38, 40, 41, 42, 43, 44, 45, 46, 49, 50, 51, 52, 53, 55, 56, 57, 58, 59, 60, 61, 62, 63, 64, 65, 66, 67, 70, 72, 74, 75, 76, 77, 78, 81, 82, 83, 84, 86, 87, 88, 89, 90, 91, 92, 93, 94, 95, 97, 98, 99, 100, 101, 102, 103, 104, 105, 106, 107, 108, 109, 110, 111, 112, 114, 115, 116, 117, 118, 119, 120, 121, 123, 124, 125, 126, 127, 128, 129, 130, 131, 132, 133, 134, 135, 136, 137, 138, 139, 140, 141, 142, 143, 144, 145, 146, 147, 148, 150, 151, 152, 153, 155, 158, 160, 166]
cover_under_kankyo_sub_alp_ovl.bmp					PS2: [0, 2, 3, 4, 6, 7, 8, 9, 10, 11, 12, 13, 14, 15, 16, 17, 18, 19, 20, 21, 22, 23, 24, 25, 26, 27, 28, 29, 30, 31, 32, 33, 34, 35, 36, 37, 38, 39, 40, 41, 42, 43, 44, 45, 46, 47, 48, 49, 50, 51, 52, 53, 54, 55, 56, 57, 58, 59, 60, 61, 62, 63, 64, 65, 66, 67, 68, 69, 70]					MC: [2, 3, 4, 5, 6, 7, 8, 9, 10, 11, 12, 13, 14, 15, 16, 17, 18, 19, 20, 21, 22, 23, 24, 25, 26, 27, 28, 29, 30, 31, 32, 33, 34, 35, 36, 37, 38, 39, 40, 41, 42, 43, 44, 45, 46, 47, 48, 49, 50, 51, 52, 53, 54, 55, 56, 57, 58, 59, 60, 61, 62, 63, 64, 65, 66, 67, 68, 69, 70, 71, 72, 73, 74, 75]
davy_case_marking_alp_ovl.bmp					PS2: [0, 6, 14, 21, 27, 35, 43, 48, 56, 63, 72, 78, 85, 100, 106, 116]					MC: [0, 1, 2, 3, 4, 5, 6, 7, 8, 9, 10, 11, 12, 13, 14, 15, 16, 17, 18, 19, 20, 21, 22, 23, 24, 25, 26, 27, 28, 29, 30, 31, 32, 33, 34, 35, 36, 37, 38, 39, 40, 41, 42, 43, 44, 45, 46, 47, 48, 49, 50, 51, 52, 53, 54, 55, 56, 57, 58, 59, 60, 61, 62, 63, 64, 65, 66, 67, 69, 70, 71, 72, 73, 74, 75, 76, 77, 78, 79, 80, 82, 84, 85, 87, 88, 89, 91, 92, 93, 95, 96, 97, 99, 100, 101, 102, 103, 104, 105, 106, 107, 108, 109, 113, 114, 116]
davy_case_ste02_alp_ovl.bmp					PS2: [0, 10, 19, 28, 36, 49, 62, 79, 91, 99, 101, 106, 111, 115, 123, 128]					MC: [0, 1, 2, 3, 4, 5, 6, 7, 8, 9, 10, 11, 12, 14, 15, 16, 17, 18, 19, 21, 22, 23, 24, 25, 26, 27, 28, 29, 30, 32, 34, 35, 36, 37, 38, 39, 40, 41, 42, 43, 44, 46, 47, 48, 49, 50, 51, 52, 54, 55, 56, 57, 58, 59, 61, 64, 66, 67, 68, 69, 70, 71, 72, 73, 74, 75, 76, 77, 78, 79, 80, 81, 82, 83, 84, 85, 86, 87, 88, 89, 90, 91, 92, 93, 94, 95, 96, 97, 98, 99, 100, 101, 102, 103, 104, 105, 106, 107, 108, 109, 110, 111, 112, 113, 114, 115, 116, 118, 119, 120, 121, 122, 123, 124, 125, 126, 127, 128, 129, 130, 131, 132, 133, 134, 135, 136, 137, 138, 139, 140, 141, 142, 143, 144, 146, 147, 148, 149, 150, 151, 152, 153, 154, 155]
dmit_cardkey_a01_alp_ovl.bmp					PS2: [0, 1, 125, 128]					MC: [0, 1, 2, 3, 4, 6, 7, 8, 9, 10, 11, 12, 13, 14, 15, 16, 17, 18, 19, 20, 21, 22, 23, 24, 25, 26, 27, 28, 29, 30, 31, 32, 33, 35, 36, 37, 38, 39, 40, 41, 42, 44, 45, 47, 48, 49, 50, 51, 53, 54, 55, 56, 58, 59, 60, 61, 62, 64, 65, 66, 67, 68, 69, 70, 71, 73, 74, 75, 77, 78, 79, 80, 81, 82, 83, 85, 88, 89, 90, 93, 94, 95, 96, 97, 98, 99, 100, 101, 102, 103, 104, 105, 106, 107, 108, 109, 110, 111, 112, 113, 114, 115, 116, 117, 118, 119, 121, 122, 123, 124, 125, 126, 127, 128, 129, 130, 131, 132, 133, 134, 135, 136, 137, 138, 139, 140, 141, 142, 143, 144, 145, 146, 151, 154, 157, 158, 160, 161]
drone_b_ovl_sub_alp.bmp					PS2: [0, 3, 4, 5, 8, 9, 10, 11, 12, 13, 14, 15, 16, 17, 18, 19, 20, 21, 22, 23, 24, 25, 26, 27, 28, 29, 30, 31, 32, 33, 34, 35, 36, 37, 38, 39, 40, 41, 42, 43, 44]					MC: [0, 1, 2, 3, 4, 5, 6, 7, 8, 9, 10, 11, 12, 13, 14, 15, 16, 17, 18, 19, 20, 21, 22, 23, 24, 25, 26, 27, 28, 29, 30, 31, 32, 33, 34, 35, 36, 37, 38, 39, 40, 41, 42, 43, 44, 45, 46, 47, 48, 49, 50, 51, 52, 53]
drone_shadow_a_alpx2_add_ovl.bmp					PS2: [0, 9, 18, 22, 30, 37, 44, 53, 61, 68, 80, 87, 95, 106, 114]					MC: [0, 1, 2, 3, 4, 5, 6, 7, 8, 9, 10, 11, 12, 13, 14, 15, 16, 17, 18, 19, 20, 21, 22, 23, 24, 25, 26, 27, 28, 29, 30, 31, 32, 33, 34, 35, 36, 37, 38, 39, 40, 41, 42, 43, 44, 45, 46, 47, 48, 49, 50, 51, 52, 53, 54, 55, 57, 58, 59, 60, 61, 62, 63, 64, 65, 66, 67, 68, 69, 70, 71, 72, 73, 74, 75, 76, 77, 78, 79, 80, 81, 82, 83, 84, 85, 86, 87, 88, 89, 90, 91, 92, 93, 94, 95, 96, 97, 98, 99, 100, 101, 102, 103, 104, 105, 106, 107, 108, 109, 110, 111, 112, 113, 114, 115, 116, 117, 118, 119, 120, 121, 122, 123, 124, 125, 126, 130, 133, 134, 135, 141, 142, 143, 144, 145]
dryleaves_00_alp_ovl.bmp					PS2: [0, 12, 30, 58, 91, 94, 124, 125, 126]					MC: [0, 1, 2, 3, 4, 5, 6, 7, 8, 9, 10, 11, 12, 13, 14, 15, 16, 17, 18, 19, 20, 21, 22, 23, 24, 25, 26, 27, 28, 29, 30, 31, 32, 33, 34, 35, 36, 37, 38, 39, 40, 41, 42, 43, 44, 45, 46, 47, 48, 49, 50, 51, 52, 53, 54, 55, 56, 57, 58, 59, 60, 61, 62, 63, 64, 65, 66, 67, 68, 69, 70, 71, 72, 73, 74, 75, 76, 77, 78, 79, 80, 81, 82, 83, 84, 85, 86, 87, 88, 89, 90, 91, 92, 93, 94, 95, 96, 97, 98, 99, 100, 101, 102, 103, 104, 105, 106, 107, 108, 109, 110, 111, 112, 113, 114, 115, 116, 117, 118, 119, 120, 121, 122, 123, 124, 125, 126, 127, 128, 129, 130, 131, 132, 133, 134, 135, 136, 137, 138, 139, 140, 141, 142, 143, 144, 145, 146, 147, 148, 149, 150, 151, 152, 153, 154, 155, 156, 157, 158, 159, 160, 161, 162, 163, 164, 165, 166, 167, 172, 174]
e02a_leave01_alp_ovl.bmp					PS2: [0, 37, 41, 118, 123, 125, 126, 127, 128]					MC: [0, 1, 2, 3, 4, 5, 6, 7, 8, 9, 10, 11, 12, 13, 14, 15, 16, 17, 18, 19, 20, 21, 22, 23, 24, 25, 26, 27, 28, 29, 30, 31, 32, 33, 34, 35, 36, 37, 38, 39, 40, 41, 42, 43, 44, 45, 46, 47, 48, 49, 50, 51, 52, 53, 54, 55, 56, 57, 58, 59, 60, 61, 62, 63, 64, 65, 66, 67, 68, 69, 70, 71, 72, 73, 74, 75, 76, 77, 78, 79, 80, 81, 82, 83, 84, 85, 86, 87, 88, 89, 90, 91, 92, 93, 94, 95, 96, 97, 98, 99, 100, 101, 102, 103, 104, 105, 106, 107, 108, 109, 110, 111, 112, 113, 114, 115, 116, 117, 118, 119, 120, 121, 122, 123, 124, 125, 126, 127, 128, 129, 130, 131, 132, 133, 134, 135, 136, 137, 138, 139, 140, 141, 142, 143, 144, 145, 146, 147, 148, 149, 150, 151, 152, 153, 154, 155, 156, 157, 158, 159, 160, 161, 162, 164, 165, 166, 168, 169, 170]
e02a_leave03_alp_ovl.bmp					PS2: [0, 46, 58, 84, 111, 115, 120, 123, 125, 126, 127, 128]					MC: [0, 1, 2, 3, 4, 5, 6, 7, 8, 9, 10, 11, 12, 13, 14, 15, 16, 17, 18, 19, 20, 21, 22, 23, 24, 25, 26, 27, 28, 29, 30, 31, 32, 33, 34, 35, 36, 37, 38, 39, 40, 41, 42, 43, 44, 45, 46, 47, 48, 49, 50, 51, 52, 53, 54, 55, 56, 57, 58, 59, 60, 61, 62, 63, 64, 65, 66, 67, 68, 69, 70, 71, 72, 73, 74, 75, 76, 77, 78, 79, 80, 81, 82, 83, 84, 85, 86, 87, 88, 89, 90, 91, 92, 93, 94, 95, 96, 97, 98, 99, 100, 101, 102, 103, 104, 105, 106, 107, 108, 109, 110, 111, 112, 113, 114, 115, 116, 117, 118, 119, 120, 121, 122, 123, 124, 125, 126, 127, 128, 129, 130, 131, 132, 133, 134, 135, 136, 137, 138, 139, 140, 141, 142, 143, 144, 145, 146, 147, 148, 149, 150, 151, 152, 153, 154, 156, 157, 158, 159, 160, 161, 162, 163, 165, 166, 168, 169, 171, 179]
e02b_ana_01_alp_ovl.bmp					PS2: [0, 1, 3, 12, 34, 36, 58, 63, 69, 77, 87, 96, 98, 99, 101]					MC: [0, 1, 2, 3, 4, 5, 6, 7, 8, 9, 10, 11, 12, 13, 14, 15, 16, 17, 18, 19, 20, 21, 22, 23, 24, 25, 26, 27, 28, 29, 30, 31, 32, 33, 34, 35, 36, 37, 38, 39, 40, 41, 42, 43, 44, 45, 46, 47, 48, 49, 50, 51, 52, 53, 54, 55, 56, 57, 58, 59, 60, 61, 62, 63, 64, 65, 66, 67, 68, 69, 70, 71, 72, 73, 74, 75, 76, 77, 78, 79, 80, 81, 82, 83, 84, 85, 86, 87, 88, 89, 90, 91, 92, 93, 94, 95, 96, 97, 98, 99, 100, 101, 102, 103, 104, 105, 106, 107, 108, 109, 110, 111, 112, 113, 114, 115, 116, 117, 118, 120, 121, 122, 123, 124, 126, 129, 131]
e02b_fl04a_alp_ovl.bmp					PS2: [0, 1, 4, 7, 10, 11, 14, 25, 26, 29, 37, 46, 48, 57, 86]					MC: [0, 1, 2, 3, 4, 5, 6, 7, 8, 9, 10, 11, 12, 13, 14, 15, 16, 17, 18, 19, 20, 21, 22, 23, 24, 25, 26, 27, 28, 29, 30, 31, 32, 33, 34, 35, 36, 37, 38, 39, 40, 41, 42, 43, 44, 45, 46, 47, 48, 49, 50, 51, 52, 53, 54, 55, 56, 57, 58, 59, 60, 61, 62, 63, 64, 65, 66, 67, 68, 69, 70, 71, 72, 74, 75, 76, 77, 78, 79, 80, 81, 82, 83, 84, 85, 86, 87, 88, 89, 90, 91, 92, 93, 94, 95, 96, 97, 98, 100]
e02b_flsdw00_alp_ovl.bmp					PS2: [0, 3, 7, 11, 17, 22, 27, 33, 40, 48, 56, 64, 70, 76, 83, 88]					MC: [0, 1, 2, 3, 4, 5, 6, 7, 8, 9, 10, 11, 12, 13, 14, 15, 16, 17, 18, 19, 20, 21, 22, 23, 24, 25, 26, 27, 28, 29, 30, 31, 32, 33, 34, 35, 36, 37, 38, 39, 40, 41, 42, 43, 44, 45, 46, 47, 48, 49, 50, 51, 52, 53, 54, 55, 56, 57, 58, 59, 60, 61, 62, 63, 64, 65, 66, 67, 68, 69, 70, 71, 72, 73, 74, 75, 76, 77, 78, 79, 80, 81, 82, 83, 84, 85, 86, 87, 88, 89, 90, 91, 92, 93, 94, 96, 97, 99, 100, 101, 102, 104]
e02b_lit07_alp_add_ovl.bmp					PS2: [0, 2, 6, 10, 15, 20, 26, 31, 35, 40, 45, 51, 58, 65, 73, 92]					MC: [0, 1, 2, 3, 4, 5, 6, 7, 8, 9, 10, 11, 12, 13, 14, 15, 16, 17, 18, 19, 20, 21, 22, 23, 24, 25, 26, 27, 28, 29, 30, 31, 32, 33, 34, 35, 36, 37, 38, 39, 40, 41, 42, 43, 44, 45, 46, 47, 48, 49, 50, 51, 52, 53, 54, 55, 56, 57, 59, 60, 61, 62, 63, 64, 65, 66, 67, 68, 69, 70, 75, 76, 77, 78, 79, 80, 81, 82, 84, 85, 89, 95, 96, 97, 98, 99, 100, 101, 102, 103, 106, 107, 108, 109]
e02b_pipe02_alp_ovl.bmp					PS2: [0, 2, 3, 14, 18, 28, 34, 52, 54, 69, 74, 89, 90, 109, 122]					MC: [0, 1, 2, 3, 4, 5, 6, 7, 8, 9, 10, 11, 12, 13, 14, 15, 16, 17, 18, 19, 20, 21, 22, 23, 24, 25, 26, 27, 28, 29, 30, 31, 32, 33, 34, 35, 36, 37, 38, 39, 40, 41, 42, 43, 44, 45, 46, 47, 48, 49, 50, 51, 52, 53, 54, 55, 56, 57, 58, 59, 60, 61, 62, 63, 64, 65, 66, 67, 68, 69, 70, 71, 72, 73, 74, 75, 76, 77, 78, 79, 80, 81, 82, 83, 84, 85, 86, 87, 88, 89, 90, 91, 92, 93, 94, 95, 96, 97, 98, 99, 100, 101, 102, 103, 104, 105, 106, 107, 108, 109, 110, 111, 112, 113, 114, 115, 116, 117, 118, 119, 120, 121, 122, 123, 124, 125, 126, 127, 128, 129, 130, 131, 132, 133, 134, 135, 136, 137, 138, 142]
e02b_pipe02_alp_ovl.bmp_22641bb2574c2cf15f9c2be14fb73a06					PS2: [0, 1, 8, 11, 19, 25, 42, 43, 54, 56, 57, 61, 62]					MC: [0, 1, 2, 3, 4, 5, 6, 7, 8, 9, 10, 11, 12, 13, 14, 15, 16, 17, 18, 19, 20, 21, 22, 23, 24, 25, 26, 27, 28, 29, 30, 31, 32, 33, 34, 35, 36, 37, 38, 39, 40, 41, 42, 43, 44, 45, 46, 47, 48, 49, 50, 51, 52, 53, 54, 55, 56, 57, 58, 59, 60, 61, 62]
e02b_sk02_alp_ovl.bmp					PS2: [0, 1, 4, 12, 16, 30, 31, 47, 57, 61, 63, 78, 86]					MC: [0, 1, 2, 3, 4, 5, 6, 7, 8, 9, 10, 11, 12, 13, 14, 15, 16, 17, 18, 19, 20, 21, 22, 23, 24, 25, 26, 27, 28, 29, 30, 31, 32, 33, 34, 35, 36, 37, 38, 39, 40, 41, 42, 43, 44, 45, 46, 47, 48, 49, 50, 51, 52, 53, 54, 55, 56, 57, 58, 59, 60, 61, 62, 63, 64, 65, 66, 67, 68, 69, 70, 71, 72, 73, 74, 75, 76, 77, 78, 79, 80, 81, 82, 83, 84, 85, 86, 87, 88, 89, 90, 91, 92, 93, 94, 95, 97, 98, 100]
e02b_wall01a3_alp_ovl.bmp					PS2: [0, 56, 76, 93, 126, 127, 128]					MC: [0, 1, 2, 3, 4, 5, 6, 7, 8, 9, 10, 11, 12, 13, 14, 15, 16, 17, 19, 20, 21, 22, 23, 24, 25, 26, 27, 28, 29, 30, 32, 33, 34, 35, 36, 37, 39, 40, 42, 43, 46, 47, 48, 49, 50, 51, 53, 55, 56, 57, 58, 59, 61, 62, 64, 66, 67, 68, 69, 70, 72, 74, 75, 77, 78, 79, 80, 81, 83, 84, 86, 87, 88, 89, 91, 93, 96, 99, 101, 103, 104, 105, 106, 107, 109, 111, 112, 113, 114, 115, 117, 118, 119, 121, 122, 123, 124, 125, 126, 127, 128, 129, 130, 131, 132, 133, 134, 135, 136, 137, 138, 139, 140, 141, 142, 143, 144, 145, 147, 148, 149, 150, 152, 153, 154, 156, 168]
e02b_wall01e2_alp_ovl.bmp					PS2: [0, 36, 38, 56, 76, 82, 83, 121, 124, 125, 126, 127]					MC: [0, 1, 2, 3, 4, 5, 6, 7, 8, 9, 10, 11, 12, 13, 14, 15, 16, 17, 18, 19, 20, 21, 22, 23, 24, 25, 26, 27, 28, 29, 30, 31, 32, 33, 34, 35, 36, 37, 38, 39, 40, 41, 42, 43, 44, 45, 46, 47, 48, 49, 50, 51, 52, 53, 54, 55, 56, 57, 58, 59, 60, 61, 62, 63, 64, 65, 66, 67, 68, 69, 70, 71, 72, 73, 74, 75, 76, 77, 78, 79, 80, 81, 82, 83, 84, 85, 86, 87, 88, 89, 90, 91, 92, 93, 94, 95, 96, 97, 98, 99, 100, 101, 102, 103, 104, 105, 106, 107, 108, 109, 110, 111, 112, 113, 114, 115, 116, 117, 118, 119, 120, 121, 122, 123, 124, 125, 126, 127, 128, 129, 130, 131, 132, 133, 134, 135, 136, 137, 138, 139, 140, 141, 142, 143, 144, 145, 146, 147, 148, 149, 151]
e02b_wlsdw00_alp_ovl.bmp					PS2: [0, 2, 5, 9, 12, 15, 18, 22, 27, 31, 36, 41, 45, 50, 56, 63]					MC: [0, 1, 2, 3, 4, 5, 6, 7, 8, 9, 10, 11, 12, 13, 14, 15, 16, 17, 18, 19, 20, 21, 22, 23, 24, 25, 26, 27, 28, 29, 30, 31, 32, 33, 34, 35, 36, 37, 38, 39, 40, 41, 42, 43, 44, 45, 46, 47, 48, 49, 50, 51, 52, 53, 54, 55, 56, 57, 58, 59, 60, 61, 62, 63, 64, 65, 66, 67, 68, 69, 75]
ene_flame_lends_ovl_add_alp.bmp					PS2: [0, 1, 2, 3, 4, 5, 6, 7, 8, 9, 10, 11, 12, 13, 14, 15, 16, 17, 18, 19, 20, 21, 22, 23, 24, 25, 26, 27, 28, 29, 30, 31, 32, 33, 34, 35, 36, 37, 38, 39, 40, 41, 42, 43, 44, 45, 46, 47, 48, 49, 50, 51, 52, 53, 54, 55, 56, 57, 58, 59, 60, 61, 62, 63, 64, 65, 66, 67, 68, 69, 70, 71, 72, 73]					MC: [0, 1, 2, 3, 4, 5, 6, 7, 8, 9, 10, 11, 12, 13, 14, 15, 16, 17, 18, 19, 20, 21, 22, 23, 24, 25, 26, 27, 28, 29, 30, 31, 32, 33, 34, 35, 36, 37, 38, 39, 40, 41, 42, 43, 44, 45, 46, 47, 48, 49, 50, 51, 52, 53, 54, 55, 56, 57, 58, 59, 60, 61, 62, 63, 64, 65, 66, 67, 68, 69, 70, 71, 72, 73, 74]
ene_ind_boots3_ovl_sub_alp.bmp					PS2: [0, 1, 2, 5, 6, 7, 8, 9, 10, 11, 12, 13, 14, 15, 16, 17, 18, 19, 20, 21, 22, 23, 24, 25, 26, 27, 28, 29, 30, 31, 32, 33, 34, 35, 36, 37, 38, 39, 40, 41, 42, 43, 44, 45, 47, 48, 49, 50, 51, 53, 55, 59]					MC: [0, 1, 2, 3, 4, 5, 6, 7, 8, 9, 10, 11, 12, 13, 14, 15, 16, 17, 18, 19, 20, 21, 22, 23, 24, 25, 26, 27, 28, 29, 30, 31, 32, 33, 34, 35, 36, 37, 38, 39, 40, 41, 42, 43, 44, 45, 46, 47, 48, 49, 50, 51, 52, 53, 54, 55, 56, 57, 59, 61, 62, 63, 64, 65, 66, 67, 68, 70]
ene_jonny_ovl_alp.bmp					PS2: [0, 3, 16, 35, 53, 63, 71, 83, 91, 97, 100, 104, 108, 112, 117, 125]					MC: [0, 1, 2, 3, 4, 5, 6, 7, 8, 9, 10, 11, 12, 13, 14, 15, 16, 17, 18, 19, 20, 21, 22, 23, 24, 25, 26, 27, 30, 34, 35, 36, 39, 40, 41, 42, 43, 44, 46, 47, 48, 49, 50, 52, 53, 56, 59, 60, 64, 75, 76, 77, 79, 80, 81, 82, 83, 84, 86, 87, 89, 90, 91, 92, 93, 94, 95, 96, 97, 98, 99, 100, 101, 102, 103, 104, 105, 106, 107, 108, 109, 110, 111, 112, 113, 114, 115, 116, 117, 118, 119, 120, 121, 122, 123, 124, 125, 126, 127, 128, 129, 130, 131, 132, 133, 134, 135, 136, 137, 138, 139, 140, 141, 142, 145, 146, 147, 148, 149, 151, 155]
ene_kgb_boots1_ovl_sub_alp.bmp					PS2: [0, 1, 2, 3, 4, 5, 6, 7, 8, 9, 10, 11, 12, 13, 14, 15, 16, 17, 18, 19, 20, 21, 22, 23, 24, 25, 26, 27, 28, 29, 30, 31, 32, 33, 34, 35, 36, 37, 38, 39, 41, 42, 43, 44, 45, 46, 47, 48, 49, 50, 51, 53, 54, 55, 59, 60]					MC: [0, 1, 2, 3, 4, 5, 6, 7, 8, 9, 10, 11, 12, 13, 14, 15, 16, 17, 18, 19, 20, 21, 22, 23, 24, 25, 26, 27, 28, 29, 30, 31, 32, 33, 34, 35, 36, 37, 38, 39, 40, 41, 42, 43, 44, 45, 46, 47, 48, 49, 50, 51, 52, 53, 54, 55, 56, 57, 58, 59, 60, 63, 69]
ene_kgb_dam_ovl_alp.bmp					PS2: [0, 1, 2, 3, 5, 6, 7, 8, 9, 10, 11, 12, 13, 14, 15, 16, 17, 18, 19, 20, 21, 22, 23, 24, 25, 26, 27, 28, 29, 30, 31, 32, 33, 34, 35, 36, 37, 38, 39, 40, 41, 42, 43, 44, 45, 46, 47, 48, 49, 51, 53, 54, 55, 56, 57, 59, 60, 61, 62, 63, 64, 65, 66, 68, 69, 70, 71, 73, 75, 76, 77, 78, 79, 80, 81, 83, 84, 85, 86, 87, 88, 89, 90, 91, 93, 95, 96, 97, 99, 100, 102, 103, 104, 105, 107, 108, 109, 110, 111, 112, 113, 115, 116, 117, 119, 121, 122, 126]					MC: [0, 1, 2, 3, 4, 5, 6, 7, 8, 9, 10, 11, 12, 13, 14, 15, 16, 17, 18, 19, 20, 21, 22, 23, 24, 25, 26, 27, 28, 29, 30, 31, 32, 33, 34, 35, 36, 37, 38, 39, 40, 41, 42, 43, 44, 45, 46, 47, 48, 49, 50, 51, 52, 53, 54, 55, 56, 57, 58, 59, 60, 61, 62, 63, 64, 65, 66, 67, 68, 69, 70, 71, 72, 73, 74, 75, 76, 77, 78, 79, 80, 81, 82, 83, 84, 85, 86, 87, 88, 89, 90, 91, 92, 93, 94, 95, 96, 97, 98, 99, 100, 101, 102, 103, 104, 105, 106, 107, 108, 109, 110, 111, 112, 113, 114, 115, 116, 117, 118, 119, 120, 121, 122, 123, 124, 125, 126, 127, 128, 129, 130, 131, 132, 133, 134, 135, 136, 137, 138]
ene_rider_arm_ovl_sub_alp.bmp					PS2: [0, 1, 2, 3, 4, 5, 6, 7, 8, 9, 10, 11, 12, 13, 14, 15, 16, 17, 18, 19, 20, 21, 22, 23, 24, 25, 26, 27, 28, 29, 30, 31, 32, 33, 34, 35, 36, 37, 38, 39, 40, 41, 42, 43, 44, 45, 46, 47, 48, 49, 50, 51, 53, 55, 58, 59]					MC: [0, 1, 2, 3, 4, 5, 6, 7, 8, 9, 10, 11, 12, 13, 14, 15, 16, 17, 18, 19, 20, 21, 22, 23, 24, 25, 26, 27, 28, 29, 30, 31, 32, 33, 34, 35, 36, 37, 38, 39, 40, 41, 42, 43, 44, 45, 46, 47, 48, 49, 50, 51, 52, 53, 54, 55, 56, 57, 58, 59, 60, 61, 62, 63, 65, 66, 67, 69]
ene_rider_body4_ovl_sub_alp.bmp					PS2: [0, 1, 2, 3, 5, 6, 7, 8, 9, 10, 11, 12, 13, 14, 15, 16, 17, 18, 19, 20, 21, 22, 23, 24, 25, 26, 27, 28, 29, 30, 31, 32, 33, 34, 35, 36, 37, 38, 39, 40, 41, 42, 43, 44, 45, 46, 47, 48, 49, 50, 51, 52, 53, 54, 55, 58, 59, 60, 61, 62, 63, 64, 65, 67, 68, 69, 70, 71, 73, 75, 76, 77, 79, 81, 86, 89, 91, 92, 97, 103, 105, 106]					MC: [0, 1, 2, 3, 4, 5, 6, 7, 8, 9, 10, 11, 12, 13, 14, 15, 16, 17, 18, 19, 20, 21, 22, 23, 24, 25, 26, 27, 28, 29, 30, 31, 32, 33, 34, 35, 36, 37, 38, 39, 40, 41, 42, 43, 44, 45, 46, 47, 48, 49, 50, 51, 52, 53, 54, 55, 56, 57, 58, 59, 60, 61, 62, 63, 64, 65, 66, 67, 68, 69, 70, 71, 72, 73, 74, 75, 76, 77, 80, 82, 83, 84, 85, 86, 88, 89, 90, 91, 95, 96, 97, 99, 101, 103, 105, 106, 109, 112, 113, 114, 116, 117, 123, 129, 132, 138]
ene_rider_boots1_ovl_sub_alp.bmp					PS2: [0, 1, 2, 3, 4, 5, 6, 7, 8, 9, 10, 11, 12, 13, 14, 15, 16, 17, 18, 19, 20, 21, 22, 23, 24, 25, 26, 27, 28, 29, 30, 31, 32, 33, 34, 35, 36, 37, 38, 39, 41, 42, 43, 44, 45, 49, 51, 53]					MC: [0, 1, 2, 3, 4, 5, 6, 7, 8, 9, 10, 11, 12, 13, 14, 15, 16, 17, 18, 19, 20, 21, 22, 23, 24, 25, 26, 27, 28, 29, 30, 31, 32, 33, 34, 35, 36, 37, 38, 39, 40, 41, 42, 43, 44, 45, 46, 47, 48, 49, 50, 52, 53, 54, 55, 56, 57, 59, 60]
ene_rider_boots2_ovl_sub_alp.bmp					PS2: [0, 1, 4, 5, 6, 7, 8, 9, 10, 11, 12, 13, 14, 16, 17, 18, 19, 20, 22, 23, 24, 25, 26, 27, 28, 29, 30, 31, 32, 33, 34, 35, 36, 37, 39, 40, 41, 42, 43, 45, 46, 47, 49, 51, 53, 58]					MC: [0, 1, 2, 3, 4, 5, 6, 7, 8, 9, 10, 11, 12, 13, 14, 15, 16, 17, 18, 19, 20, 21, 22, 23, 24, 25, 26, 27, 28, 29, 30, 31, 32, 33, 34, 35, 36, 37, 38, 39, 40, 41, 42, 43, 44, 45, 46, 47, 48, 49, 50, 51, 52, 53, 54, 55, 56, 57, 58, 59, 60, 61, 64, 66, 68, 69, 70, 73]
ene_rider_boots3_ovl_sub_alp.bmp					PS2: [0, 2, 5, 6, 7, 8, 9, 10, 11, 12, 13, 14, 15, 16, 17, 18, 19, 20, 21, 22, 24, 25, 26, 27, 28, 29, 30, 31, 32, 33, 35, 36, 38, 39, 40, 41, 42, 45]					MC: [0, 1, 2, 3, 4, 5, 6, 7, 8, 9, 10, 11, 12, 13, 14, 15, 16, 17, 18, 19, 20, 21, 22, 23, 24, 25, 26, 27, 28, 30, 31, 32, 33, 34, 36, 38, 39, 40, 41, 42, 43, 44, 45, 46, 48, 53, 54]
ene_rider_helmet_ovl_sub_alp.bmp					PS2: [0, 5, 7, 8, 9, 11, 12, 13, 14, 15, 16, 17, 18, 19, 20, 21, 22, 23, 24, 25, 26, 27, 28, 29, 30, 31, 32, 33, 34, 35, 36, 46, 50]					MC: [0, 1, 2, 3, 4, 5, 6, 7, 8, 9, 10, 11, 12, 13, 14, 15, 16, 17, 18, 19, 20, 21, 22, 23, 24, 25, 26, 27, 28, 29, 30, 31, 32, 33, 34, 35, 36, 37, 38, 42, 43, 44, 46, 47]
ene_rider_neck_op_ovl_sub_alp.bmp					PS2: [0, 1, 3, 4, 5, 6, 7, 8, 9, 10, 11, 12, 13, 14, 15, 16, 17, 18, 19, 20, 21, 22, 23, 24, 25, 26, 27, 28, 29, 30, 31, 32, 33, 34, 35, 36, 37, 38, 60, 75, 85, 86, 93]					MC: [3, 4, 5, 6, 7, 8, 9, 10, 11, 12, 13, 14, 15, 16, 17, 18, 19, 20, 21, 22, 23, 24, 25, 26, 27, 28, 29, 30, 31, 32, 33, 34, 35, 36, 37, 38, 39, 40, 41, 42, 43, 50, 51, 54, 55, 56, 58, 59, 62, 76, 89, 102, 114, 117, 125]
eve_cov_blood_ovl_alp.bmp					PS2: [0, 8, 17, 25, 34, 42, 51, 59, 68, 76, 85, 93, 102, 110, 119]					MC: [0, 1, 2, 3, 4, 5, 6, 7, 8, 9, 10, 11, 12, 13, 14, 15, 16, 17, 18, 19, 20, 21, 22, 23, 24, 25, 26, 27, 28, 30, 31, 32, 33, 34, 35, 36, 37, 38, 39, 40, 41, 42, 43, 44, 45, 46, 47, 48, 49, 50, 51, 52, 53, 54, 55, 56, 57, 58, 59, 60, 61, 62, 63, 64, 65, 66, 67, 68, 69, 70, 71, 72, 73, 74, 75, 76, 77, 78, 79, 80, 81, 82, 83, 84, 86, 88, 89, 90, 91, 92, 95, 96, 97, 100, 102, 106, 107, 108, 110, 111, 112, 115, 116, 117, 119, 121, 122, 124, 125, 129, 132, 137, 140, 143, 144, 146, 157]
eve_cov_burn_ovl_alp.bmp					PS2: [0, 1, 2, 3, 5, 6, 7, 8, 9, 10, 12, 13, 14, 16, 17, 18, 19, 20, 21, 22, 23, 24, 26, 27, 28, 29, 30, 31, 32, 33, 34, 35, 36, 37, 38, 39, 40, 41, 42, 43, 44, 45, 46, 47, 49, 51, 52, 54, 55, 56, 57, 59, 60, 61, 62, 63, 64, 65, 66, 67, 68, 69, 70, 71, 72, 73, 74, 75, 76, 78, 79, 80, 83, 86, 87, 90, 92, 93, 95, 96, 97, 99, 100, 102, 103, 104, 105, 106, 107, 109, 111, 112, 114, 116, 119, 120, 123, 124, 125]					MC: [0, 1, 2, 3, 4, 5, 6, 7, 8, 9, 10, 11, 12, 13, 14, 15, 16, 17, 18, 19, 20, 21, 22, 23, 24, 25, 26, 27, 28, 29, 30, 31, 32, 33, 34, 35, 36, 37, 38, 39, 40, 41, 42, 43, 44, 45, 46, 47, 48, 49, 50, 51, 52, 53, 54, 55, 56, 57, 58, 59, 60, 61, 62, 63, 64, 65, 66, 67, 68, 69, 70, 71, 72, 73, 74, 75, 76, 77, 78, 79, 80, 81, 82, 83, 84, 85, 86, 87, 88, 89, 90, 91, 92, 93, 94, 95, 96, 97, 98, 99, 100, 101, 102, 103, 104, 105, 106, 107, 108, 109, 110, 111, 112, 113, 114, 115, 116, 117, 118, 119, 120, 121, 122, 123, 124, 125, 126, 127, 128, 129, 130, 132, 134]
eve_def_boot_crack_ovl_alp.bmp					PS2: [0, 1, 2, 3, 4, 5, 6, 7, 8, 9, 10, 11, 12, 13, 14, 15, 17, 18, 19, 20, 21, 22, 23, 24, 26, 27, 28, 29, 30, 31, 32, 33, 34, 35, 36, 37, 38, 39, 40, 41, 42, 43, 45, 46, 47, 49, 50, 51, 52, 53, 55, 56, 57, 58, 60, 61, 62, 63, 64, 65, 66, 67, 68, 71, 72, 73, 74, 75, 76, 77, 79, 80, 82, 83, 84, 86, 87, 88, 89, 91, 92, 93, 94, 97, 99, 102, 104, 105, 107, 110, 111, 112, 114, 117, 118, 120, 121, 122, 123, 126, 128]					MC: [0, 1, 2, 3, 4, 5, 6, 7, 8, 9, 10, 11, 12, 13, 14, 15, 16, 17, 18, 19, 20, 21, 22, 23, 24, 25, 26, 27, 28, 29, 30, 31, 32, 33, 34, 35, 36, 37, 38, 39, 40, 41, 42, 43, 44, 45, 46, 47, 48, 49, 50, 51, 52, 53, 54, 55, 56, 57, 58, 59, 60, 61, 62, 63, 64, 65, 66, 67, 68, 69, 70, 71, 72, 73, 74, 75, 76, 77, 78, 79, 80, 81, 82, 83, 84, 85, 86, 87, 88, 89, 90, 91, 92, 93, 94, 95, 96, 97, 98, 99, 100, 101, 102, 103, 104, 105, 106, 107, 108, 109, 110, 111, 112, 113, 114, 115, 116, 117, 118, 119, 120, 121, 122, 123, 124, 125, 126, 127, 128, 129, 131, 132, 133, 134, 135, 136, 138, 139, 141, 142]
eve_def_watch_sub_ovl_alp.bmp					PS2: [0, 11, 12, 14, 15, 16, 17, 18, 19, 20, 21, 22, 23, 24, 25, 26, 27, 30, 34, 36, 37, 39, 42, 43, 46, 50, 55, 56, 57, 60, 62, 65, 66, 69, 70, 71, 76, 78, 81, 83, 84, 85, 87, 89, 90, 92, 95, 96, 99, 100, 103]					MC: [0, 1, 2, 3, 4, 5, 6, 7, 8, 9, 10, 11, 12, 13, 14, 15, 16, 17, 18, 19, 20, 21, 22, 23, 24, 25, 26, 27, 28, 31, 32, 34, 36, 37, 38, 41, 42, 44, 46, 47, 48, 49, 50, 51, 52, 53, 54, 57, 58, 60, 62, 63, 64, 66, 68, 70, 72, 73, 74, 75, 76, 77, 80, 81, 82, 83, 84, 85, 86, 90, 91, 92, 94, 95, 96, 97, 98, 100, 101, 102, 103, 104, 105, 106, 107, 108, 109, 110, 111, 112, 113, 114, 115, 116, 117, 118, 119, 120, 121, 122, 123, 124, 125, 126, 127, 128, 129, 130]
eve_item_glasses_ovl_alp.bmp					PS2: [0, 1, 2, 3, 5, 7, 8, 9, 11, 12, 13, 14, 15, 16, 17, 18, 19, 20, 21, 22, 24, 25, 27, 29, 30, 32, 33, 34, 35, 37, 39, 40, 41, 42, 43, 45, 46, 47, 48, 49, 50, 52, 53, 54, 55, 56, 57, 58, 59, 60, 61, 62, 63, 65, 66, 67, 68, 69, 70, 71, 72, 73, 74, 75, 76, 77]					MC: [0, 1, 2, 3, 4, 5, 6, 7, 8, 9, 10, 11, 12, 13, 14, 15, 16, 17, 18, 19, 20, 21, 22, 23, 24, 25, 26, 27, 28, 29, 30, 31, 32, 33, 34, 35, 36, 37, 38, 39, 40, 41, 42, 43, 44, 45, 47, 48, 49, 50, 51, 52, 53, 54, 55, 56, 57, 58, 59, 60, 61, 62, 63, 64, 65, 66, 67, 68, 69, 70, 71, 72, 73, 74, 75, 76, 77, 78, 79]
eve_nhair_top_ovl_alp.bmp					PS2: [0, 1, 2, 3, 4, 6, 7, 8, 9, 11, 12, 13, 15, 16, 17, 18, 20, 21, 24, 26, 27, 28, 30, 31, 32, 33, 36, 37, 38, 39, 41, 43, 44, 45, 46, 47, 49, 52, 54, 55, 56, 59, 60, 61, 62, 63, 64, 65, 68, 70, 71, 75, 76, 77, 78, 79, 80, 83, 84, 85, 86, 87, 88, 90, 91, 92, 93, 94, 95, 96, 98, 99, 100, 101, 102, 103, 105, 106, 107, 109, 110, 111, 112, 113, 114, 115, 118, 119, 121, 122, 123, 124, 127, 128]					MC: [0, 1, 2, 3, 4, 5, 6, 7, 8, 9, 10, 11, 12, 13, 14, 15, 16, 17, 18, 19, 20, 21, 22, 23, 24, 25, 26, 27, 28, 29, 30, 31, 32, 33, 34, 35, 36, 37, 38, 39, 40, 41, 42, 43, 44, 45, 46, 47, 48, 49, 50, 51, 52, 53, 54, 55, 56, 57, 58, 59, 60, 61, 62, 63, 64, 65, 66, 67, 68, 69, 70, 71, 72, 73, 74, 75, 76, 77, 78, 79, 80, 81, 82, 83, 84, 85, 86, 87, 88, 89, 90, 91, 92, 93, 94, 95, 96, 97, 98, 99, 100, 101, 102, 103, 104, 105, 106, 107, 108, 109, 110, 111, 112, 113, 114, 115, 116, 117, 118, 119, 120, 121, 122, 123, 124, 125, 126, 127, 128, 129, 130, 131, 132, 133, 134, 135, 136, 137, 138, 140, 141, 142, 144, 145]
eve_riders_button_ovl_alp.bmp					PS2: [0, 49, 56, 118, 126, 127, 128]					MC: [0, 1, 2, 3, 5, 6, 7, 8, 10, 11, 13, 14, 15, 16, 17, 18, 19, 21, 22, 23, 24, 25, 26, 27, 28, 29, 30, 33, 35, 36, 42, 43, 44, 45, 55, 65, 74, 75, 79, 82, 84, 86, 87, 88, 89, 90, 91, 94, 95, 96, 97, 98, 105, 106, 107, 110, 111, 113, 114, 115, 116, 118, 119, 120, 121, 122, 123, 124, 125, 126, 127, 128, 129, 130, 131, 132, 133, 134, 135, 136, 137, 138, 139, 140, 142, 144, 146, 147, 148, 149, 150, 153]
eve_tac_arm_m390_sub_ovl_alp.bmp					PS2: [0, 1, 2, 3, 4, 5, 6, 7, 8, 9, 10, 11, 12, 13, 14, 15, 16, 17, 18, 19, 20, 21, 22, 23, 24, 25, 26, 27, 28, 29, 30, 31, 32, 33, 34, 35, 36, 37, 38, 39, 40, 41, 42, 43, 44, 45, 46, 47, 48, 49, 50, 51, 52, 53, 54, 56, 57, 58, 59, 60, 61, 62, 63, 64, 65, 66, 67, 68, 70, 71, 72, 73, 74, 76, 77, 78, 79, 80, 81, 82, 83, 84, 85, 86, 88, 89, 90, 92, 93, 94, 96, 97, 99, 100, 102, 103, 107, 108, 109, 111, 112, 113, 114, 115, 116, 117, 119, 120, 121, 122, 123, 124, 128]					MC: [0, 1, 2, 3, 4, 5, 6, 7, 8, 9, 10, 11, 12, 13, 14, 15, 16, 17, 18, 19, 20, 21, 22, 23, 24, 25, 26, 27, 28, 29, 30, 31, 32, 33, 34, 35, 36, 37, 38, 39, 40, 41, 42, 43, 44, 45, 46, 47, 48, 49, 50, 51, 52, 53, 54, 55, 56, 57, 58, 59, 60, 61, 62, 63, 64, 65, 66, 67, 68, 69, 70, 71, 72, 73, 74, 75, 76, 77, 78, 79, 80, 81, 82, 83, 84, 85, 86, 87, 88, 89, 90, 91, 92, 93, 94, 95, 96, 97, 98, 99, 100, 101, 102, 103, 104, 105, 106, 107, 108, 109, 110, 111, 112, 113, 114, 115, 116, 117, 118, 119, 120, 121, 122, 123, 124, 125, 126, 127, 128, 129, 130, 131, 132, 133, 134, 135, 136, 137, 138, 139, 140, 141, 142, 144, 145, 146, 147, 148, 149]
eve_tac_body_m390_sub_ovl_alp.bmp					PS2: [0, 1, 2, 7, 9, 11, 12, 13, 14, 16, 17, 18, 19, 20, 21, 22, 23, 24, 25, 26, 27, 28, 29, 30, 31, 32, 33, 34, 35, 36, 37, 38, 39, 40, 41, 42, 43, 44, 45, 46, 47, 48, 49, 50, 51, 52, 53, 54, 55, 56, 57, 58, 59, 60, 61, 62, 63, 64, 65, 66, 67, 68, 69, 70, 71, 72, 73, 74, 75, 76, 77, 78, 79, 80, 81, 82, 83, 84, 85, 86, 87, 88, 89, 90, 91, 92, 93, 94, 95, 96, 97, 98, 99, 100, 101, 102, 103, 104, 105, 106, 108, 111, 112, 113, 114, 115, 116, 117, 118, 119, 120, 121, 122, 123, 124, 125, 126, 127, 128]					MC: [0, 1, 2, 3, 4, 5, 6, 7, 8, 9, 10, 11, 12, 13, 14, 15, 16, 17, 18, 19, 20, 21, 22, 23, 24, 25, 26, 27, 28, 29, 30, 31, 32, 33, 34, 35, 36, 37, 38, 39, 40, 41, 42, 43, 44, 45, 46, 47, 48, 49, 50, 51, 52, 53, 54, 55, 56, 57, 58, 59, 60, 61, 62, 63, 64, 65, 66, 67, 68, 69, 70, 71, 72, 73, 74, 75, 76, 77, 78, 79, 80, 81, 82, 83, 84, 85, 86, 87, 88, 89, 90, 91, 92, 93, 94, 95, 96, 97, 98, 99, 100, 101, 102, 103, 104, 105, 106, 107, 108, 109, 110, 111, 112, 113, 114, 115, 116, 117, 118, 119, 120, 121, 122, 123, 124, 125, 126, 127, 128, 129, 130, 131, 132, 133, 134, 135, 136, 137, 138, 139, 140, 141, 142, 143, 144, 145, 146, 147, 148, 149, 150, 151, 152, 153, 154, 155, 156]
eve_tac_hair_back_all_ovl_alp.bmp					PS2: [0, 1, 4, 10, 13, 18, 21, 22, 24, 26, 27, 33, 34, 35, 37, 39, 45, 49, 52, 54, 55, 56, 60, 62, 63, 68, 72, 73, 75, 76, 77, 79, 80, 82, 84, 87, 88, 90, 92, 93, 94, 97, 100, 103, 105, 106, 107, 109, 110, 111, 113, 114, 115, 117, 118, 122, 124, 125, 126, 127, 128]					MC: [0, 1, 2, 3, 4, 5, 6, 7, 8, 9, 10, 11, 12, 13, 14, 15, 16, 17, 18, 19, 20, 21, 22, 23, 24, 25, 26, 27, 28, 29, 30, 31, 32, 33, 34, 35, 36, 37, 38, 39, 40, 41, 42, 43, 44, 45, 46, 47, 48, 49, 50, 51, 52, 53, 54, 55, 56, 57, 58, 59, 60, 61, 62, 63, 64, 65, 66, 67, 68, 69, 70, 71, 72, 73, 74, 75, 76, 77, 78, 79, 80, 81, 82, 83, 84, 85, 86, 87, 88, 89, 90, 91, 92, 93, 94, 95, 96, 97, 98, 99, 100, 101, 102, 103, 104, 105, 106, 107, 108, 109, 110, 111, 112, 113, 114, 115, 116, 117, 118, 119, 120, 121, 122, 123, 124, 125, 126, 127, 128, 129, 130, 131, 132, 133, 134, 135, 136, 137, 138, 139, 140, 141, 142, 143, 144, 145, 146, 147, 148, 149, 150, 151, 152, 153, 154, 155, 156, 157, 158, 159, 160, 161, 163, 164]
eve_tac_hair_fro_ovl_alp.bmp					PS2: [0, 8, 17, 25, 34, 42, 51, 59, 68, 76, 85, 93, 102, 110, 119, 128]					MC: [0, 1, 2, 3, 4, 5, 6, 7, 8, 9, 10, 11, 12, 13, 14, 15, 16, 17, 18, 19, 20, 21, 22, 23, 24, 25, 26, 27, 28, 29, 30, 31, 32, 33, 34, 35, 36, 37, 38, 39, 40, 41, 42, 43, 44, 45, 46, 47, 48, 49, 50, 51, 52, 53, 54, 55, 56, 57, 58, 59, 60, 61, 62, 63, 64, 65, 66, 67, 68, 69, 70, 71, 72, 73, 74, 75, 76, 77, 78, 79, 80, 81, 82, 83, 84, 85, 86, 87, 88, 89, 90, 91, 92, 93, 94, 95, 96, 97, 98, 99, 100, 101, 102, 103, 104, 105, 106, 107, 108, 109, 110, 111, 112, 113, 114, 115, 116, 117, 118, 119, 120, 121, 122, 123, 124, 125, 126, 127, 128, 129, 130, 131, 132, 133, 134, 135, 136, 137, 138, 139, 140, 141, 142, 143, 144, 145, 146, 147, 148, 149, 150, 151, 152, 153, 156]
eve_tac_star_ovl_alp.bmp					PS2: [0, 1, 2, 3, 4, 5, 7, 8, 9, 10, 11, 12, 14, 15, 16, 17, 19, 20, 23, 24, 25, 26, 27, 29, 30, 34, 38, 41, 42, 43, 46, 47, 54, 55, 56, 58, 60, 64, 66, 70, 71, 73, 75, 76, 77, 78, 83, 84, 85, 86, 87, 88, 90, 91, 93, 96, 97, 98, 101, 102, 107, 108, 110, 111, 112, 116, 117, 118, 119, 120, 122, 123, 124, 125, 126, 127, 128]					MC: [0, 1, 2, 3, 4, 5, 7, 8, 9, 11, 12, 13, 14, 15, 16, 17, 18, 20, 21, 22, 23, 24, 25, 27, 28, 30, 31, 34, 35, 36, 37, 38, 39, 42, 45, 47, 49, 58, 61, 63, 64, 65, 67, 71, 74, 76, 79, 82, 85, 87, 90, 91, 93, 94, 95, 97, 100, 101, 102, 106, 108, 112, 113, 124, 126, 127, 128, 129, 130, 131, 132, 133, 134, 135, 136, 137, 138, 139, 140, 141, 143, 145, 147, 149, 150, 151, 153, 154, 156, 157, 158, 165, 169]
fea_face_ovl_sub_alp.bmp_2e26a714816fa118cc2280e6861df0a0					PS2: [0, 1, 2, 3, 4, 5, 7, 8, 9, 10, 11, 12, 13, 14, 15, 16, 17, 18, 19, 20, 21, 22, 23, 24, 25, 26, 27, 28, 29, 30, 31, 32, 33, 34, 35, 36, 37, 38, 39, 40, 41, 42, 43, 44, 45, 46, 47, 48, 49, 50, 51, 52, 53, 54, 55, 56, 57, 58, 59, 60, 61, 62, 63, 64, 65, 66, 67, 68, 69, 70, 71, 72, 73, 74, 76, 77, 78, 79, 80, 81, 82, 84, 85, 86, 87, 88, 90]					MC: [0, 1, 2, 3, 4, 5, 6, 7, 8, 9, 10, 11, 12, 13, 14, 15, 16, 17, 18, 19, 20, 21, 22, 23, 24, 25, 26, 27, 28, 29, 30, 31, 32, 33, 34, 35, 36, 37, 38, 39, 40, 41, 42, 43, 44, 45, 46, 47, 48, 49, 50, 51, 52, 53, 54, 55, 56, 57, 58, 59, 60, 61, 62, 63, 64, 65, 66, 67, 68, 69, 70, 71, 72, 73, 74, 75, 76, 77, 78, 79, 80, 81, 82, 83, 84, 85, 86, 87, 88, 89, 90]
feather_par_def_ovl_alp.bmp					PS2: [0, 1, 4, 11, 18, 26, 36, 45, 54, 62, 72, 81, 93, 109, 125]					MC: [0, 1, 2, 3, 4, 5, 6, 7, 8, 9, 10, 11, 12, 13, 14, 15, 16, 17, 18, 19, 20, 21, 22, 23, 24, 25, 26, 27, 28, 29, 30, 31, 32, 33, 34, 35, 36, 37, 38, 39, 40, 41, 42, 43, 44, 45, 46, 47, 48, 49, 50, 51, 52, 53, 54, 55, 56, 57, 58, 59, 60, 61, 62, 63, 64, 65, 66, 67, 69, 70, 71, 72, 73, 74, 75, 76, 77, 78, 79, 80, 81, 82, 83, 84, 85, 86, 87, 88, 89, 90, 91, 92, 93, 94, 95, 97, 98, 99, 100, 101, 102, 103, 104, 105, 106, 107, 108, 109, 110, 111, 112, 113, 114, 115, 116, 117, 118, 119, 120, 121, 122, 123, 124, 125, 126, 127, 128, 129, 130, 131, 132, 133, 134, 135, 136, 137, 138, 139, 140, 141, 142, 143, 144, 145, 146, 147, 148, 149, 150, 153, 154, 156]
feather_red_def_ovl_alp.bmp					PS2: [0, 1, 4, 11, 18, 26, 36, 45, 54, 62, 72, 81, 93, 109, 125]					MC: [0, 1, 2, 3, 4, 5, 6, 7, 8, 9, 10, 11, 12, 13, 14, 15, 16, 17, 18, 19, 20, 21, 22, 23, 24, 25, 26, 27, 28, 29, 30, 31, 32, 33, 34, 35, 36, 37, 38, 39, 40, 41, 42, 43, 44, 45, 46, 47, 48, 49, 50, 51, 52, 53, 54, 55, 56, 57, 58, 59, 60, 61, 62, 63, 64, 65, 66, 67, 69, 70, 71, 72, 73, 74, 75, 76, 77, 78, 79, 80, 81, 82, 83, 84, 85, 86, 87, 88, 89, 90, 91, 92, 93, 94, 95, 97, 98, 99, 100, 101, 102, 103, 104, 105, 106, 107, 108, 109, 110, 111, 112, 113, 114, 115, 116, 117, 118, 119, 120, 121, 122, 123, 124, 125, 126, 127, 128, 129, 130, 131, 132, 133, 134, 135, 136, 137, 138, 139, 140, 141, 142, 143, 144, 145, 146, 147, 148, 149, 150, 153, 154, 156]
feather_rpv_def_ovl_alp.bmp					PS2: [0, 1, 4, 11, 18, 26, 36, 45, 54, 62, 72, 81, 93, 109, 125]					MC: [0, 1, 2, 3, 4, 5, 6, 7, 8, 9, 10, 11, 12, 13, 14, 15, 16, 17, 18, 19, 20, 21, 22, 23, 24, 25, 26, 27, 28, 29, 30, 31, 32, 33, 34, 35, 36, 37, 38, 39, 40, 41, 42, 43, 44, 45, 46, 47, 48, 49, 50, 51, 52, 53, 54, 55, 56, 57, 58, 59, 60, 61, 62, 63, 64, 65, 66, 67, 69, 70, 71, 72, 73, 74, 75, 76, 77, 78, 79, 80, 81, 82, 83, 84, 85, 86, 87, 88, 89, 90, 91, 92, 93, 94, 95, 97, 98, 99, 100, 101, 102, 103, 104, 105, 106, 107, 108, 109, 110, 111, 112, 113, 114, 115, 116, 117, 118, 119, 120, 121, 122, 123, 124, 125, 126, 127, 128, 129, 130, 131, 132, 133, 134, 135, 136, 137, 138, 139, 140, 141, 142, 143, 144, 145, 146, 147, 148, 149, 150, 153, 154, 156]
feather_sdl_def_ovl_alp.bmp					PS2: [0, 1, 4, 11, 18, 26, 36, 45, 54, 62, 72, 81, 93, 109, 125]					MC: [0, 1, 2, 3, 4, 5, 6, 7, 8, 9, 10, 11, 12, 13, 14, 15, 16, 17, 18, 19, 20, 21, 22, 23, 24, 25, 26, 27, 28, 29, 30, 31, 32, 33, 34, 35, 36, 37, 38, 39, 40, 41, 42, 43, 44, 45, 46, 47, 48, 49, 50, 51, 52, 53, 54, 55, 56, 57, 58, 59, 60, 61, 62, 63, 64, 65, 66, 67, 69, 70, 71, 72, 73, 74, 75, 76, 77, 78, 79, 80, 81, 82, 83, 84, 85, 86, 87, 88, 89, 90, 91, 92, 93, 94, 95, 97, 98, 99, 100, 101, 102, 103, 104, 105, 106, 107, 108, 109, 110, 111, 112, 113, 114, 115, 116, 117, 118, 119, 120, 121, 122, 123, 124, 125, 126, 127, 128, 129, 130, 131, 132, 133, 134, 135, 136, 137, 138, 139, 140, 141, 142, 143, 144, 145, 146, 147, 148, 149, 150, 153, 154, 155]
fsh_mid_hi_ovl_sub_alp.bmp					PS2: [0, 1, 2, 3, 4, 5, 6, 7, 8, 9, 10, 11, 12, 13, 14, 15, 16, 17, 18, 19, 20, 21, 22, 23, 24, 25, 26, 27, 28, 29, 30, 31, 32, 33, 34, 35, 36, 37, 38, 39, 40, 41, 42, 43, 44, 45, 46, 47, 48, 49, 50, 51, 52, 53, 54, 55, 56, 57, 58, 59, 60, 61, 62, 63, 64, 65, 66, 67, 68, 71, 79, 86, 91, 101]					MC: [0, 1, 2, 3, 4, 5, 6, 7, 8, 9, 10, 11, 12, 13, 14, 15, 16, 17, 18, 19, 20, 21, 22, 23, 24, 25, 26, 27, 28, 29, 30, 31, 32, 33, 34, 35, 36, 37, 38, 39, 40, 41, 42, 43, 44, 45, 46, 47, 48, 49, 50, 51, 52, 53, 54, 55, 56, 57, 58, 59, 60, 61, 62, 63, 64, 65, 66, 67, 68, 69, 70, 71, 72, 73, 74, 75, 76, 77, 78, 80, 81, 83, 84, 87, 90, 131, 148]
fsh_mid_kizu_ovl_sub_alp.bmp					PS2: [0, 8, 14, 19, 26, 30, 36, 42, 47, 54, 63, 75, 90, 103, 113, 124]					MC: [0, 1, 2, 3, 4, 5, 6, 7, 8, 9, 10, 11, 12, 13, 14, 15, 16, 17, 18, 19, 20, 21, 22, 23, 24, 25, 26, 27, 28, 29, 30, 31, 32, 33, 34, 35, 36, 37, 38, 39, 40, 41, 42, 43, 44, 45, 46, 47, 48, 49, 50, 51, 52, 53, 54, 55, 56, 57, 58, 59, 60, 61, 62, 63, 64, 65, 66, 67, 68, 69, 70, 71, 72, 73, 74, 75, 76, 77, 78, 79, 80, 81, 82, 83, 84, 85, 86, 87, 88, 89, 90, 91, 92, 93, 94, 95, 96, 97, 98, 99, 100, 101, 102, 103, 104, 105, 106, 107, 108, 109, 110, 111, 112, 113, 114, 115, 116, 117, 118, 119, 120, 121, 122, 123, 124, 125, 126, 127, 128, 129, 130, 131, 132, 133, 134, 135, 136, 137, 138, 139, 140, 141, 142, 143, 144, 145, 146, 148, 150, 168]
fur_arm_belt_ovl_alp.bmp					PS2: [0, 31, 38, 52, 75, 89, 96, 115, 128]					MC: [0, 1, 2, 3, 4, 5, 6, 7, 9, 10, 12, 14, 15, 16, 18, 19, 20, 21, 22, 23, 25, 27, 28, 30, 31, 32, 35, 38, 39, 40, 41, 43, 46, 48, 53, 54, 57, 59, 60, 62, 63, 67, 68, 69, 71, 74, 77, 78, 80, 82, 83, 86, 89, 94, 98, 99, 100, 101, 102, 103, 105, 106, 107, 108, 110, 111, 112, 113, 114, 116, 117, 118, 119, 123, 124, 126, 127, 128, 129, 130, 131, 132, 133, 134, 135, 136, 137, 139, 141, 142, 143, 144, 145, 146, 147, 150, 154, 155]
fur_comp_pipe_ovl_alp.bmp					PS2: [0, 1, 11, 21, 28, 42, 54, 70, 91, 102, 111, 117, 122, 126, 128]					MC: [0, 1, 2, 3, 4, 5, 6, 7, 8, 9, 10, 11, 12, 13, 14, 15, 16, 17, 18, 19, 20, 21, 22, 23, 24, 25, 26, 27, 28, 30, 32, 33, 34, 37, 38, 39, 40, 41, 42, 44, 45, 46, 48, 49, 50, 51, 52, 53, 54, 55, 58, 60, 61, 62, 63, 64, 66, 67, 69, 70, 71, 74, 75, 76, 77, 78, 80, 81, 83, 84, 85, 87, 88, 91, 92, 93, 94, 95, 96, 97, 98, 99, 100, 102, 103, 104, 105, 108, 109, 110, 111, 112, 114, 115, 116, 117, 118, 119, 120, 121, 122, 123, 124, 125, 126, 127, 128, 129, 130, 131, 132, 133, 134, 135, 136, 137, 138, 139, 140, 141, 142, 143, 144, 145, 146, 147, 148, 149, 150, 151, 153, 154]
fur_damage_met_display_ovl_alp.bmp					PS2: [0, 8, 26, 27, 31, 33, 36, 37, 40, 41, 42, 43, 44, 45, 46, 47, 52, 53, 54, 56, 57, 58, 62, 63, 67, 68, 69, 73, 74, 75, 78, 79, 80, 81, 82, 83, 84, 85, 86, 87, 88, 89, 90, 91, 92, 93]					MC: [0, 1, 2, 3, 4, 5, 6, 7, 8, 9, 10, 11, 12, 13, 14, 15, 16, 17, 18, 19, 20, 21, 22, 23, 24, 25, 26, 27, 28, 29, 30, 31, 32, 33, 34, 35, 36, 37, 38, 39, 40, 41, 42, 43, 44, 45, 46, 47, 48, 49, 50, 51, 52, 53, 54, 55, 56, 57, 58, 59, 60, 61, 62, 63, 64, 65, 66, 67, 68, 69, 70, 71, 72, 73, 74, 75, 76, 77, 78, 79, 80, 81, 82, 83, 84, 85, 86, 87, 88, 89, 90, 91, 92, 93, 94, 95, 96, 97, 98, 99, 100, 101, 102, 103, 104, 105, 106, 107, 108, 109, 110, 111, 112, 113, 114, 115, 116, 117, 118, 119, 120, 121, 122, 123, 124, 125, 126, 127, 128, 129, 130, 131, 132, 133, 135, 136, 137, 138, 140, 141, 145]
fur_damage_met_koge_sub_ovl_alp.bmp					PS2: [0, 1, 2, 3, 4, 5, 6, 7, 8, 9, 10, 11, 12, 13, 14, 15, 16, 17, 18, 19, 20, 21, 22, 23, 24, 25, 26, 27, 28, 29, 30, 31, 32, 33, 34, 35, 36, 37, 38, 39, 40, 41, 42, 43, 44, 45, 46, 47, 48, 49, 50, 51, 52, 53, 54, 55, 56, 57, 58, 59, 60, 61, 62, 63, 64, 65, 66, 67]					MC: [0, 1, 2, 3, 4, 5, 6, 7, 8, 9, 10, 11, 12, 13, 14, 15, 16, 17, 18, 19, 20, 21, 22, 23, 24, 25, 26, 27, 28, 29, 30, 31, 32, 33, 34, 35, 36, 37, 38, 39, 40, 41, 42, 43, 44, 45, 46, 47, 48, 49, 50, 51, 52, 53, 54, 55, 56, 57, 58, 59, 60, 61, 62, 63, 64, 65, 66, 67, 68, 69, 70, 71, 72, 73, 74, 75, 76, 77, 78, 79, 80, 81, 82, 83, 85, 88, 93, 95]
fur_damage_met_metal_ovl_sub_alp.bmp					PS2: [0, 3, 4, 5, 6, 7, 8, 9, 10, 11, 12, 13, 14, 15, 16, 17, 18, 19, 20, 21, 22, 23, 24, 25, 26, 27, 28, 29, 30, 31, 32, 33, 34, 35, 36, 37, 38, 39, 40, 41, 42, 43, 44, 45, 46, 47, 48, 49, 50, 51, 52, 53, 54, 55]					MC: [0, 1, 2, 3, 4, 5, 6, 7, 8, 9, 10, 11, 12, 13, 14, 15, 16, 17, 18, 19, 20, 21, 22, 23, 24, 25, 26, 27, 28, 29, 30, 31, 32, 33, 34, 35, 36, 37, 38, 39, 40, 41, 42, 43, 44, 45, 46, 47, 48, 49, 50, 51, 52, 53, 54, 55, 56, 57, 58, 59, 60, 61, 62, 63, 64, 65, 66, 67, 68, 69, 70, 71]
fur_def_met_display_ovl_alp.bmp					PS2: [0, 1, 8, 17, 20, 22, 24, 26, 27, 29, 31, 33, 34, 36, 37, 40, 41, 42, 43, 44, 45, 46, 47, 48, 49, 50, 51, 52, 53, 54, 56, 57, 58, 60, 62, 63, 65, 67, 68, 69, 70, 71, 73, 74, 75, 76, 77, 78, 79, 80, 81, 82, 83, 84, 85, 86, 87, 88, 89, 90, 91, 92, 93]					MC: [0, 1, 2, 3, 4, 5, 6, 7, 8, 9, 10, 11, 12, 13, 14, 15, 16, 17, 18, 19, 20, 21, 22, 23, 24, 25, 26, 27, 28, 29, 30, 31, 32, 33, 34, 35, 36, 37, 38, 39, 40, 41, 42, 43, 44, 45, 46, 47, 48, 49, 50, 51, 52, 53, 54, 55, 56, 57, 58, 59, 60, 61, 62, 63, 64, 65, 66, 67, 68, 69, 70, 71, 72, 73, 74, 75, 76, 77, 78, 79, 80, 81, 82, 83, 84, 85, 86, 87, 88, 89, 90, 91, 92, 93, 94, 95, 96, 97, 98, 99, 100, 101, 102, 103, 104, 105, 106, 107, 108, 109, 110, 111, 112, 113, 114, 115, 117]
fur_def_met_display_ovl_alp.bmp_d26cd6082b60e4c7e4fdfa55632ea7cb					PS2: [0, 33, 34, 35, 36, 37, 38, 39, 40, 41, 42, 43, 53, 54, 55, 56, 57, 58, 59, 61, 63, 68, 71, 73, 74, 77, 78, 79, 80, 81, 82, 83, 84, 85]					MC: [0, 1, 2, 3, 4, 5, 6, 7, 8, 9, 10, 11, 12, 13, 14, 15, 16, 17, 18, 19, 20, 21, 22, 23, 24, 25, 26, 27, 28, 29, 30, 31, 32, 33, 34, 35, 36, 37, 38, 39, 40, 41, 42, 43, 44, 45, 46, 47, 48, 49, 50, 51, 52, 53, 54, 55, 56, 57, 58, 59, 60, 61, 62, 63, 64, 65, 66, 67, 68, 69, 70, 71, 72, 73, 74, 75, 76, 77, 78, 79, 80, 81, 82, 83, 84, 85, 86, 87, 88, 89, 90, 91, 92, 93, 94, 95, 96, 97, 98, 99, 100, 101, 102, 103, 104, 105, 106, 107, 108, 109, 110, 111, 112, 113, 114, 115, 116, 119, 120, 124]
fur_def_met_displayside_ovl_alp.bmp					PS2: [0, 32, 47, 73]					MC: [0, 1, 2, 3, 4, 5, 6, 7, 8, 9, 10, 11, 12, 13, 14, 15, 16, 17, 18, 19, 20, 21, 22, 23, 24, 25, 26, 27, 28, 30, 32, 33, 35, 36, 37, 38, 39, 40, 41, 42, 43, 44, 45, 46, 47, 49, 50, 52, 53, 54, 55, 56, 57, 58, 59, 60, 61, 62, 64, 65, 66, 67, 68, 69, 70, 71, 72, 73, 75, 76, 79, 82]
fur_def_tank_display_ovl_alp.bmp					PS2: [0, 47, 62, 85]					MC: [0, 1, 2, 3, 4, 5, 6, 7, 8, 9, 10, 11, 12, 13, 15, 16, 18, 19, 20, 21, 22, 23, 24, 25, 26, 27, 28, 29, 30, 31, 32, 33, 34, 35, 36, 37, 38, 39, 40, 41, 42, 43, 44, 45, 46, 47, 48, 49, 50, 51, 52, 53, 54, 55, 56, 57, 58, 59, 60, 61, 62, 63, 64, 65, 66, 67, 68, 69, 70, 71, 72, 73, 74, 76, 77, 78, 79, 81, 83, 84]
fur_foot_marking_ovl_alp.bmp					PS2: [0, 38, 39, 88, 89]					MC: [0, 1, 2, 3, 4, 5, 6, 7, 8, 9, 10, 11, 12, 13, 14, 15, 16, 17, 18, 19, 20, 21, 22, 23, 24, 25, 26, 27, 28, 30, 31, 32, 33, 34, 35, 36, 37, 38, 40, 41, 43, 44, 45, 46, 47, 48, 49, 50, 51, 52, 53, 54, 55, 56, 57, 58, 59, 60, 61, 62, 63, 64, 65, 66, 67, 68, 69, 70, 71, 72, 73, 74, 75, 76, 77, 78, 79, 80, 81, 82, 83, 84, 85, 86, 87, 88, 89, 90, 91, 92, 93, 94, 95, 96, 97, 98, 99, 100, 101, 102, 103, 104, 105, 106, 107, 109, 110, 111, 113, 115, 116, 119, 120, 123, 125, 126, 127, 134, 142]
fur_nosle_ovl_sub_alp.bmp					PS2: [0, 1, 2, 4, 5, 6, 8, 10, 11, 13, 14, 15, 16, 17, 18, 19, 20, 21, 22, 23, 24, 25, 26, 27, 28, 29, 30, 31, 32, 33, 34, 35, 36, 37, 38, 39, 40, 41, 42, 43, 44, 45, 46, 47, 48, 49, 51, 52, 53, 54, 55]					MC: [0, 1, 2, 3, 4, 5, 6, 7, 8, 9, 10, 11, 12, 13, 14, 15, 16, 17, 18, 19, 20, 21, 22, 23, 24, 25, 26, 27, 28, 29, 30, 31, 32, 33, 34, 35, 36, 37, 38, 39, 40, 41, 42, 43, 44, 45, 46, 47, 48, 49, 50, 51, 52, 53, 54, 55, 56, 57, 58, 59, 60, 61, 62, 63, 65, 67]
gave_cus_marker_ovl_alpx2.trans.bmp					PS2: [0, 78, 128]					MC: [0, 78, 128, 194]
gavial_cap_ovl_sub_alp.bmp					PS2: [0, 1, 2, 3, 4, 5, 8, 9, 10, 11, 12, 13, 14, 15, 16, 17, 18, 19, 20, 21, 22, 23, 24, 25, 26, 27, 28, 29, 30, 31, 32, 33, 34, 35, 36, 37, 39, 40, 41, 42, 43, 44, 45, 46, 47, 48, 49, 50, 51, 52, 53, 54, 55, 56, 57, 58, 59, 60, 61, 62, 63, 64, 65, 66, 67, 68, 69, 70, 71, 72, 73, 74, 75, 76, 77, 78, 79, 80, 81, 82, 84, 85]					MC: [0, 1, 2, 3, 4, 5, 6, 7, 8, 9, 10, 11, 12, 13, 14, 15, 16, 17, 18, 19, 20, 21, 22, 23, 24, 25, 26, 27, 28, 29, 30, 31, 32, 33, 34, 35, 36, 37, 38, 39, 40, 41, 42, 43, 44, 45, 46, 47, 48, 49, 50, 51, 52, 53, 54, 55, 56, 57, 58, 59, 60, 61, 62, 63, 64, 65, 66, 67, 68, 69, 70, 71, 72, 73, 74, 75, 76, 77, 78, 79, 80, 81, 82, 83, 84, 85, 86, 87, 88, 89, 90, 91, 92, 93, 94, 95, 96, 97, 98, 99, 100, 101, 102, 103, 104, 106, 107, 108, 109, 110, 111, 112, 113, 114, 115, 116]
gg_s111a_cor_light_04_alp_ovl.bmp					PS2: [0, 31, 67, 70, 71, 72, 105, 106, 107]					MC: [0, 1, 2, 3, 4, 5, 6, 7, 8, 9, 10, 11, 12, 13, 14, 15, 16, 17, 18, 19, 20, 21, 22, 23, 24, 25, 26, 27, 28, 29, 30, 31, 32, 33, 34, 35, 36, 37, 38, 39, 40, 41, 42, 43, 44, 45, 46, 47, 48, 49, 50, 51, 52, 53, 54, 55, 56, 57, 58, 59, 60, 61, 62, 63, 64, 65, 66, 67, 68, 69, 70, 71, 72, 73, 74, 75, 76, 77, 78, 79, 80, 81, 82, 83, 84, 85, 86, 87, 88, 89, 90, 91, 92, 93, 94, 95, 96, 97, 98, 99, 100, 101, 102, 103, 104, 105, 106, 107, 108, 109, 110, 111, 112, 113, 114, 115, 116, 117, 118, 119, 120, 121, 122, 123, 124, 125, 126, 127, 128, 129, 130, 131, 132, 133, 134, 135, 136, 137, 138, 139, 140, 141, 142, 143]
gpi_hpline_ovl__alp.bmp					PS2: [0, 3, 4, 6, 7, 8, 9, 10, 11, 31, 32, 35, 36, 38, 39, 57, 59, 60, 63, 64, 65, 67, 68, 88, 89, 92, 95, 96, 112, 116, 117, 118, 119, 120, 121, 124, 126, 127, 128]					MC: [0, 1, 2, 3, 4, 6, 7, 8, 9, 10, 11, 12, 13, 15, 16, 17, 18, 19, 20, 21, 22, 23, 24, 25, 26, 27, 28, 29, 30, 32, 36, 37, 39, 40, 41, 42, 43, 45, 46, 47, 49, 50, 51, 52, 53, 54, 56, 57, 58, 59, 60, 62, 63, 65, 67, 68, 69, 70, 71, 72, 73, 77, 79, 80, 82, 83, 84, 87, 90, 92, 97, 100, 101, 104, 105, 106, 107, 108, 110, 111, 112, 114, 115, 116, 117, 121, 123, 124, 125, 126, 127, 128, 129, 130, 131, 132, 133, 134, 135, 136, 137, 138, 139, 140, 141, 142, 143, 144, 145, 146, 147, 148, 149, 150, 152, 153, 154]
gra_dead_face_sub_ovl_alp.bmp					PS2: [0, 2, 3, 5, 7, 9, 11, 12, 14, 15, 17, 20, 23, 26, 30, 36]					MC: [0, 1, 2, 3, 4, 5, 6, 7, 8, 9, 10, 11, 12, 13, 14, 15, 16, 17, 18, 19, 20, 21, 22, 23, 24, 25, 26, 27, 28, 29, 30, 31, 32, 33, 34, 35, 36]
gra_dead_hair_ovl_alp.bmp					PS2: [0, 1, 4, 6, 8, 9, 10, 11, 12, 14, 15, 16, 17, 18, 19, 20, 21, 23, 25, 26, 29, 30, 31, 32, 33, 34, 35, 36, 37, 38, 39, 40, 41, 43, 44, 45, 46, 47, 48, 49, 50, 52, 53, 55, 56, 57, 58, 59, 61, 62, 63, 66, 67, 68, 69, 70, 71, 73, 74, 75, 76, 77, 78, 79, 80, 81, 83, 85, 86, 88, 89, 90, 91, 92, 93, 94, 95, 96, 97, 98, 99, 100, 101, 102, 103, 104, 105, 106, 108, 109, 110, 111, 112, 113, 114, 115, 116, 118, 119, 120, 121, 122]					MC: [0, 1, 2, 3, 4, 5, 6, 7, 8, 9, 10, 11, 12, 13, 14, 15, 16, 17, 18, 19, 20, 21, 22, 23, 24, 25, 26, 27, 28, 29, 30, 31, 32, 33, 34, 35, 36, 37, 38, 39, 40, 41, 42, 43, 44, 45, 46, 47, 48, 49, 50, 51, 52, 53, 54, 55, 56, 57, 58, 59, 60, 61, 62, 63, 64, 65, 66, 67, 68, 69, 70, 71, 72, 73, 74, 75, 76, 77, 78, 79, 80, 81, 82, 83, 84, 85, 86, 87, 88, 89, 90, 91, 92, 93, 94, 95, 96, 97, 98, 99, 100, 101, 102, 103, 104, 105, 106, 107, 108, 109, 110, 111, 112, 113, 114, 115, 116, 117, 118, 119, 120, 121, 122, 123, 124, 125, 126, 127, 128, 129, 130]
gra_dead_hasshinki_sub_ovl_alp.bmp					PS2: [0, 5, 8, 10, 11, 12, 13, 14, 16, 18, 20, 24, 27, 30, 34, 45]					MC: [0, 1, 2, 3, 4, 5, 6, 7, 8, 9, 10, 11, 12, 13, 14, 15, 16, 17, 18, 19, 20, 21, 22, 23, 24, 25, 26, 27, 28, 32, 33, 34, 35, 36, 37, 38, 39, 40, 41, 42, 43, 44, 45, 46, 49, 50, 52, 54]
gra_dead_medal_rening_ovl_sub_alp.bmp					PS2: [0, 6, 10, 13, 17, 20, 25, 31, 35, 40, 46, 51, 55, 62, 69, 78]					MC: [0, 1, 2, 3, 4, 5, 6, 7, 8, 9, 10, 11, 12, 13, 14, 15, 16, 17, 18, 19, 20, 21, 22, 23, 24, 25, 26, 27, 28, 29, 30, 31, 32, 33, 34, 35, 36, 37, 38, 39, 40, 41, 42, 43, 44, 45, 46, 47, 48, 49, 50, 51, 52, 53, 54, 55, 56, 57, 58, 59, 60, 61, 62, 63, 64, 65, 66, 67, 68, 69, 70, 71, 72, 73, 74, 75, 76, 77, 78, 79, 80, 81, 82, 83, 84, 85, 86, 87, 88, 89, 90, 92, 93, 94, 95, 96, 97, 98, 100, 102, 105]
gra_def_face_sub_ovl_alp.bmp					PS2: [0, 2, 3, 5, 7, 9, 10, 11, 12, 13, 14, 15, 17, 19, 21, 24]					MC: [0, 1, 2, 3, 4, 5, 6, 7, 8, 9, 10, 11, 12, 13, 14, 15, 16, 17, 18, 19, 20, 21, 22, 23, 24]
gra_def_foot_s_ovl_sub_alp.bmp					PS2: [0, 3, 7, 9, 11, 14, 17, 21, 23, 25, 28, 31, 36, 42, 49, 61]					MC: [0, 1, 2, 3, 4, 5, 6, 7, 8, 9, 10, 11, 12, 13, 14, 15, 16, 17, 18, 19, 20, 21, 22, 23, 24, 25, 26, 27, 28, 29, 30, 31, 32, 33, 34, 35, 36, 37, 38, 39, 40, 41, 42, 43, 44, 45, 46, 47, 48, 49, 50, 51, 52, 53, 55, 56, 57, 58, 59, 60, 61, 62, 63, 64, 65, 66, 68, 70, 73, 75]
gra_def_liquor_sub_ovl_alp.bmp					PS2: [0, 2, 7, 10, 14, 18, 22, 27, 32, 37, 43, 48, 54, 61, 68, 79]					MC: [0, 1, 2, 3, 4, 5, 6, 7, 8, 9, 10, 11, 12, 13, 14, 15, 16, 17, 18, 19, 20, 21, 22, 23, 24, 25, 26, 27, 28, 29, 30, 31, 32, 33, 34, 35, 36, 37, 38, 39, 40, 41, 42, 43, 44, 45, 46, 47, 48, 49, 50, 51, 52, 53, 54, 55, 56, 57, 58, 59, 60, 61, 62, 63, 64, 65, 66, 67, 68, 69, 70, 71, 72, 73, 74, 75, 76, 77, 78, 79, 80, 81, 82, 83, 84, 85, 86, 87, 88, 89, 90, 91, 92, 93, 95, 99, 100]
gra_def_medal_rening_ovl_sub_alp.bmp					PS2: [0, 3, 9, 15, 19, 22, 25, 29, 36, 42, 49, 54, 61, 69, 78, 86]					MC: [0, 1, 2, 3, 4, 5, 6, 7, 8, 9, 10, 11, 12, 13, 14, 15, 16, 17, 18, 19, 20, 21, 22, 23, 24, 25, 26, 27, 28, 29, 30, 31, 32, 33, 34, 35, 36, 37, 38, 39, 40, 41, 42, 43, 44, 45, 46, 47, 48, 49, 50, 51, 52, 53, 54, 55, 56, 57, 58, 59, 60, 61, 62, 63, 64, 65, 66, 67, 68, 69, 70, 71, 72, 73, 74, 75, 76, 77, 78, 79, 80, 81, 82, 83, 84, 85, 86, 87, 88, 89, 90, 91, 92, 93, 94, 95, 96, 97, 98, 99, 100, 101, 102, 103, 104, 105, 107, 108, 110, 112, 113, 117, 118, 119, 124]
hangar_01_alp_ovl.bmp_78b704351e0734badfe71b7a7ee5fb0e					PS2: [0, 13, 14, 36, 62, 68, 100, 122, 123, 126, 127]					MC: [0, 1, 2, 3, 4, 5, 6, 7, 8, 9, 10, 11, 12, 13, 14, 15, 16, 17, 18, 19, 20, 21, 22, 23, 24, 25, 26, 27, 28, 29, 30, 31, 32, 33, 34, 35, 36, 37, 38, 39, 40, 41, 42, 43, 44, 45, 46, 47, 48, 49, 50, 51, 52, 53, 54, 55, 56, 57, 58, 59, 60, 61, 62, 63, 64, 65, 66, 67, 68, 69, 70, 71, 72, 73, 74, 75, 76, 77, 78, 79, 80, 81, 82, 83, 84, 85, 86, 87, 88, 89, 90, 91, 92, 93, 94, 95, 96, 97, 98, 99, 100, 101, 102, 103, 104, 105, 106, 107, 108, 109, 110, 111, 112, 113, 114, 115, 116, 117, 118, 119, 120, 121, 122, 123, 124, 125, 126, 127, 128, 129, 130, 131, 132, 133, 134, 135, 136, 137, 138, 139, 140, 141, 142, 143, 144, 145, 146, 147, 148, 149, 150, 151, 152, 153, 154, 155, 156, 157, 158, 159, 160, 161, 162, 165, 166, 168, 169, 170, 172, 173, 175, 176, 177]
hind_02_num_b_alp_ovl.bmp					PS2: [0, 2, 4, 8, 11, 15, 17, 20, 22, 25, 31, 35, 37, 40, 41, 43]					MC: [0, 1, 2, 3, 4, 5, 6, 7, 8, 9, 10, 11, 12, 13, 14, 16, 17, 18, 19, 20, 21, 22, 23, 24, 25, 26, 27, 28, 32, 33, 34, 35, 36, 37, 38, 39, 40, 42, 43, 44, 45, 46, 47, 48, 49, 50, 51, 52, 53, 54]
hind_cargo_shadow_alp_ovl.bmp					PS2: [0, 8, 16, 23, 29, 34, 40, 46, 52, 60, 71, 79, 89, 100, 112, 125]					MC: [0, 1, 2, 3, 4, 5, 6, 7, 8, 9, 10, 11, 12, 13, 14, 15, 16, 17, 18, 19, 20, 21, 22, 23, 24, 25, 26, 27, 28, 29, 30, 31, 32, 33, 34, 35, 36, 37, 38, 39, 40, 41, 42, 43, 44, 45, 46, 47, 48, 49, 50, 51, 52, 53, 54, 55, 56, 57, 58, 59, 60, 61, 62, 63, 64, 65, 66, 67, 68, 69, 70, 71, 72, 73, 74, 75, 76, 77, 78, 79, 80, 81, 82, 83, 84, 85, 86, 87, 88, 89, 90, 91, 92, 93, 94, 95, 96, 97, 98, 99, 100, 101, 102, 103, 104, 105, 106, 107, 108, 109, 110, 111, 112, 113, 114, 115, 116, 117, 118, 119, 120, 121, 122, 123, 124, 125, 126, 127, 128, 129, 130, 131, 132, 133, 134, 135, 136]
hind_roter02_alp.trans.bmp					PS2: [0, 1, 2, 4, 6, 9, 12, 16, 19, 22, 25, 27, 30, 33, 38, 41, 46, 52, 59, 68, 74, 80, 83, 87]					MC: [0, 1, 2, 3, 4, 5, 6, 7, 8, 9, 10, 11, 12, 13, 14, 15, 16, 17, 18, 19, 20, 21, 22, 23, 24, 25, 26, 27, 28, 29, 30, 31, 32, 33, 34, 35, 36, 37, 38, 39, 40, 41, 42, 43, 44, 45, 46, 47, 48, 49, 50, 51, 52, 53, 54, 55, 56, 57, 58, 59, 60, 61, 62, 63, 64, 65, 66, 67, 68, 69, 70, 71, 72, 73, 74, 75, 76, 77, 78, 79, 80, 81, 82, 83, 84, 85, 86, 87, 88, 89, 90, 91, 92, 93, 94, 95, 96, 97, 98, 99, 100, 102, 104, 105, 106, 107, 108, 112]
hind_roter02_ria_alp.trans.bmp					PS2: [0, 8, 17, 25, 34, 42, 51, 59, 68, 76, 85]					MC: [0, 1, 2, 3, 4, 5, 6, 7, 8, 9, 10, 11, 12, 13, 14, 15, 16, 17, 18, 19, 20, 21, 22, 23, 24, 25, 26, 27, 28, 29, 30, 31, 32, 33, 34, 35, 36, 37, 38, 39, 40, 41, 42, 43, 44, 45, 46, 47, 48, 49, 50, 51, 52, 53, 54, 55, 56, 57, 58, 59, 60, 61, 62, 63, 64, 65, 66, 67, 68, 69, 70, 71, 72, 73, 74, 75, 76, 77, 78, 79, 80, 81, 82, 83, 84, 85, 86, 87, 88, 89, 90, 91, 92, 93, 98, 101, 103]
ivn_belt_sub_ovl_alp.bmp					PS2: [0, 6, 10, 13, 15, 18, 21, 29, 35, 46, 57, 69, 77, 86, 95, 111]					MC: [0, 1, 2, 3, 4, 5, 6, 7, 8, 9, 10, 11, 12, 13, 14, 15, 16, 17, 18, 19, 20, 21, 22, 23, 24, 25, 26, 27, 28, 31, 32, 33, 34, 35, 36, 37, 38, 39, 40, 41, 43, 44, 45, 46, 47, 49, 51, 52, 53, 58, 69, 72, 73, 75, 77, 81, 83, 88, 89, 90, 91, 92, 93, 94, 95, 96, 97, 98, 99, 100, 101, 103, 104, 105, 106, 107, 108, 111, 112, 113, 115, 117, 118, 120, 121, 125]
ivn_briefs_sub_ovl_alp.bmp					PS2: [0, 1, 2, 3, 4, 5, 6, 7, 8, 9, 10, 11, 12, 13, 14, 15, 16, 17, 18, 19, 20, 21, 22, 23, 24, 25, 26, 27, 28, 29, 30, 31, 32, 33, 34, 35, 36, 37, 38, 39, 40, 41, 42, 43, 44, 45, 46, 47, 48, 49, 50, 51, 52, 53, 54, 55, 56, 57, 58, 59, 60, 61, 62, 66, 70]					MC: [0, 1, 2, 3, 4, 5, 6, 7, 8, 9, 10, 11, 12, 13, 14, 15, 16, 17, 18, 19, 20, 21, 22, 23, 24, 25, 26, 27, 28, 29, 30, 31, 32, 33, 34, 35, 36, 37, 38, 39, 40, 41, 42, 43, 44, 45, 46, 47, 48, 49, 50, 51, 52, 53, 54, 55, 56, 57, 58, 59, 60, 61, 62, 63, 64, 65, 66, 67, 68, 69, 70, 71, 73, 75, 78, 83, 84]
ivn_face_def_sub_ovl_alp.bmp					PS2: [0, 4, 8, 12, 15, 17, 20, 22, 24, 28, 31, 33, 36, 40, 43, 49]					MC: [0, 1, 2, 3, 4, 5, 6, 7, 8, 9, 10, 11, 12, 13, 14, 15, 16, 17, 18, 19, 20, 21, 22, 23, 24, 25, 26, 27, 28, 29, 30, 31, 32, 33, 34, 35, 36, 37, 38, 39, 40, 41, 42, 43, 44, 45, 46, 47, 49]
jngl_eda1_alp_ovl.bmp					PS2: [0, 12, 22, 31, 39, 46, 55, 65, 77, 84, 90, 98, 107, 115, 122]					MC: [0, 1, 2, 3, 4, 5, 6, 7, 8, 9, 10, 11, 12, 13, 14, 15, 16, 17, 18, 19, 20, 21, 22, 23, 24, 25, 26, 27, 28, 29, 30, 31, 32, 33, 34, 35, 36, 37, 38, 39, 40, 41, 42, 43, 44, 45, 46, 47, 48, 49, 50, 51, 52, 53, 54, 55, 56, 57, 58, 59, 60, 61, 62, 63, 64, 65, 66, 67, 68, 69, 70, 71, 72, 73, 74, 75, 76, 77, 78, 79, 80, 81, 82, 83, 84, 85, 86, 87, 88, 89, 90, 91, 92, 93, 94, 95, 96, 97, 98, 99, 100, 101, 102, 103, 104, 105, 106, 107, 108, 109, 110, 111, 112, 113, 114, 115, 116, 117, 118, 119, 120, 121, 122, 123, 124, 125, 126, 127, 128, 129, 130, 131, 132, 133, 134, 135, 136, 137, 138, 139, 140, 141, 142, 143, 144, 145, 146, 147, 148, 149, 150, 151, 152, 153, 154, 155, 156, 157, 158, 160, 162, 163, 165, 170, 171]
jngl_happa04_alp_ovl.bmp					PS2: [0, 5, 21, 41, 42, 65, 77, 79, 92, 96, 104, 120, 121, 122, 124]					MC: [0, 1, 2, 3, 4, 5, 6, 7, 8, 9, 14, 15, 16, 17, 18, 19, 20, 21, 22, 23, 24, 25, 26, 27, 33, 34, 35, 36, 37, 38, 39, 40, 41, 42, 43, 44, 45, 46, 48, 49, 50, 58, 59, 60, 61, 62, 63, 64, 65, 66, 67, 68, 69, 70, 71, 72, 73, 74, 75, 76, 77, 78, 79, 80, 81, 82, 83, 84, 85, 86, 87, 88, 89, 90, 91, 92, 93, 94, 95, 96, 97, 98, 99, 100, 101, 102, 103, 104, 105, 106, 107, 108, 112, 113, 114, 115, 116, 117, 118, 119, 120, 121, 122, 123, 124, 125, 126]
jngl_happa04_alp_ovl_mip16000.bmp_c82c791b86086ed52d483520273e9b5b					PS2: [0, 19, 57, 61, 63, 75, 106, 122, 125, 126]					MC: [0, 1, 2, 3, 4, 5, 6, 7, 8, 9, 10, 11, 12, 13, 14, 15, 16, 17, 18, 19, 20, 21, 22, 23, 24, 25, 26, 27, 28, 29, 30, 31, 32, 33, 34, 35, 36, 37, 38, 39, 40, 41, 42, 43, 44, 45, 46, 47, 48, 49, 50, 51, 52, 53, 54, 55, 56, 57, 58, 59, 60, 61, 62, 63, 64, 65, 66, 67, 68, 69, 70, 71, 72, 73, 74, 75, 76, 77, 78, 79, 80, 81, 82, 83, 84, 85, 86, 87, 88, 89, 90, 91, 92, 93, 94, 95, 96, 97, 98, 99, 100, 101, 102, 103, 104, 105, 106, 107, 108, 109, 110, 111, 112, 113, 114, 115, 116, 117, 118, 119, 120, 121, 122, 123, 124, 125, 126, 127, 128, 129, 130, 131, 132, 133, 134, 135, 136, 137, 138, 139, 140, 141, 142, 143, 144, 145, 146, 147, 148, 149, 150, 151, 152, 153, 154, 155, 156, 157, 158, 159, 160, 161, 162, 163, 164, 165, 166, 167, 168, 169, 170, 171, 172, 174, 181]
jngl_happa05_alp_ovl_mip4000.bmp					PS2: [0, 17, 43, 45, 72, 75, 82, 102, 103, 124, 125, 126, 127]					MC: [0, 1, 2, 3, 4, 5, 13, 14, 15, 16, 17, 18, 19, 20, 21, 22, 35, 36, 37, 38, 39, 40, 41, 42, 43, 44, 45, 46, 47, 51, 52, 53, 54, 69, 70, 71, 72, 73, 74, 75, 76, 77, 78, 79, 80, 82, 83, 85, 86, 87, 88, 89, 90, 101, 102, 103, 104, 105, 106, 107, 108, 109, 110, 119, 120, 121, 122, 123, 124, 125, 126, 127, 128, 129, 130]
katu_door_light_blue_alp_add_tr.trans.bmp					PS2: [0, 1, 5, 12, 21, 31, 42, 52, 65, 81, 95, 104, 105, 115]					MC: [0, 1, 2, 3, 4, 5, 6, 7, 8, 9, 10, 11, 12, 13, 14, 15, 16, 17, 18, 19, 20, 21, 22, 23, 24, 25, 26, 27, 28, 29, 30, 31, 32, 33, 34, 35, 36, 37, 38, 39, 40, 41, 42, 43, 44, 45, 46, 47, 48, 49, 50, 51, 52, 53, 54, 55, 56, 57, 58, 59, 60, 61, 62, 63, 64, 65, 66, 67, 68, 69, 70, 71, 72, 73, 74, 75, 76, 77, 78, 79, 80, 81, 82, 83, 84, 85, 86, 87, 88, 89, 90, 91, 92, 93, 94, 95, 96, 97, 98, 99, 100, 101, 102, 103, 104, 105, 106, 107, 108, 109, 110, 111, 112, 113, 114, 115, 116, 117, 118, 119, 120, 121, 122, 123, 124, 125, 126, 127, 128, 131, 133]
katu_door_light_red_alp_add_tr.trans.bmp					PS2: [0, 1, 5, 12, 21, 31, 42, 52, 65, 81, 95, 104, 105, 115]					MC: [0, 1, 2, 3, 4, 5, 6, 7, 8, 9, 10, 11, 12, 13, 14, 15, 16, 17, 18, 19, 20, 21, 22, 23, 24, 25, 26, 27, 28, 29, 30, 31, 32, 33, 34, 35, 36, 37, 38, 39, 40, 41, 42, 43, 44, 45, 46, 47, 48, 49, 50, 51, 52, 53, 54, 55, 56, 57, 58, 59, 60, 61, 62, 63, 64, 65, 66, 67, 68, 69, 70, 71, 72, 73, 74, 75, 76, 77, 78, 79, 80, 81, 82, 83, 84, 85, 86, 87, 88, 89, 90, 91, 92, 93, 94, 95, 96, 97, 98, 99, 100, 101, 102, 103, 104, 105, 106, 107, 108, 109, 110, 111, 112, 113, 114, 115, 116, 117, 118, 119, 120, 121, 122, 123, 124, 125, 126, 127, 128, 131, 133]
katu_door_light_yellow_alp_add_ovl.bmp					PS2: [0, 1, 2, 3, 4, 5, 6, 8, 9, 10, 11, 12, 14, 16, 17, 18, 19, 21, 22, 23, 24, 25, 26, 27, 28, 29, 30, 31, 32, 33, 34, 36, 38, 41, 42, 43, 44, 45, 47, 48, 52, 53, 54, 55, 56, 58, 59, 61, 62, 63, 65, 68, 69, 71, 73, 76, 77, 78, 79, 81, 82, 83, 86, 87, 88, 89]					MC: [0, 1, 2, 3, 4, 5, 6, 7, 8, 9, 10, 11, 12, 13, 14, 15, 16, 17, 18, 19, 20, 21, 22, 23, 24, 25, 26, 27, 28, 29, 30, 31, 32, 33, 34, 35, 36, 37, 38, 39, 40, 41, 42, 43, 44, 45, 46, 47, 48, 49, 50, 51, 52, 53, 54, 55, 56, 57, 58, 59, 60, 61, 62, 63, 64, 65, 66, 67, 68, 69, 70, 71, 72, 73, 74, 75, 76, 77, 78, 79, 80, 81, 82, 83, 84, 85, 86, 87, 88, 89, 90, 91, 92, 93, 94, 95, 96, 97, 98, 99]
label_amo_ak47_alp_ovl.bmp					PS2: [0, 4, 13, 20, 30, 33, 38, 44, 46, 49, 55, 59, 61, 67, 69, 72]					MC: [0, 1, 2, 3, 4, 5, 6, 7, 8, 9, 10, 11, 12, 13, 14, 15, 16, 17, 18, 19, 20, 21, 22, 23, 24, 25, 26, 27, 28, 29, 30, 31, 32, 33, 34, 35, 36, 37, 38, 39, 40, 41, 42, 43, 44, 45, 46, 47, 48, 49, 50, 51, 52, 53, 54, 55, 56, 57, 58, 59, 60, 61, 62, 63, 64, 65, 66, 67, 68, 69, 70, 71, 72, 73, 74, 75, 76, 77, 78, 79, 80, 81, 82, 83, 84, 85, 86, 87, 88, 89, 90, 91, 92, 93, 94, 95, 96, 97, 98, 99, 100, 101, 102, 103, 104, 105, 108, 109, 110, 117, 118]
label_amo_cig_alp_ovl.bmp					PS2: [0, 5, 6, 15, 23, 28, 29, 34, 41, 47, 48, 51, 52, 59, 60, 64, 65, 69, 72, 73, 74]					MC: [0, 1, 2, 3, 4, 5, 6, 7, 8, 9, 10, 11, 12, 13, 14, 15, 16, 17, 18, 19, 20, 21, 22, 23, 24, 25, 26, 27, 28, 29, 30, 31, 32, 33, 34, 35, 36, 37, 38, 39, 40, 41, 42, 43, 44, 45, 46, 47, 48, 49, 50, 51, 52, 53, 54, 55, 56, 57, 58, 59, 60, 61, 62, 63, 64, 65, 66, 67, 68, 69, 70, 71, 72, 73, 74, 75, 76, 77, 78, 79, 80, 81, 82, 83, 84, 85, 86, 87, 88, 89, 90, 91, 92, 93, 94, 95, 96, 97, 98, 99, 100, 101, 102, 103, 104, 105, 106, 107, 109, 110, 111, 113, 115, 117, 118, 119]
label_amo_hand_alp_ovl.bmp					PS2: [0, 4, 5, 9, 10, 18, 25, 26, 31, 32, 37, 44, 47, 48, 51, 54, 55, 62, 68, 72, 73, 75, 76]					MC: [0, 1, 2, 3, 4, 5, 6, 7, 8, 9, 10, 11, 12, 13, 14, 15, 16, 17, 18, 19, 20, 21, 22, 23, 24, 25, 26, 27, 28, 29, 30, 31, 32, 33, 34, 35, 36, 37, 38, 39, 40, 41, 42, 43, 44, 45, 46, 47, 48, 49, 50, 51, 52, 53, 54, 55, 56, 57, 58, 59, 60, 61, 62, 63, 64, 65, 66, 67, 68, 69, 70, 71, 72, 73, 74, 75, 76, 77, 78, 79, 80, 81, 82, 83, 84, 85, 86, 87, 88, 89, 90, 91, 92, 93, 94, 95, 96, 97, 98, 99, 100, 101, 102, 103, 104, 105, 106, 107, 108, 109, 110, 114, 115]
label_amo_m1911_alp_ovl.bmp					PS2: [0, 7, 15, 21, 26, 33, 40, 44, 52, 57, 62, 65]					MC: [0, 1, 2, 3, 4, 5, 6, 7, 8, 9, 10, 11, 12, 13, 14, 15, 16, 17, 18, 19, 20, 21, 22, 23, 24, 25, 26, 27, 28, 29, 30, 31, 32, 33, 34, 35, 36, 37, 38, 39, 40, 41, 42, 43, 44, 45, 46, 47, 48, 49, 50, 51, 52, 53, 54, 55, 56, 57, 58, 59, 60, 61, 62, 63, 64, 65, 66, 67, 68, 69, 70, 71, 72, 73, 74, 75, 76, 77, 78, 79, 80, 81, 82, 83, 84, 85, 86, 87, 88, 89, 90, 91, 92, 93, 94, 95, 96, 97, 98, 99, 100, 101, 102, 105, 107, 110]
label_amo_m37_alp_ovl.bmp					PS2: [0, 2, 6, 10, 16, 30, 43, 53, 62, 74, 85, 91, 104, 113, 121, 127]					MC: [0, 1, 2, 3, 4, 5, 6, 7, 8, 9, 10, 11, 12, 13, 14, 15, 16, 17, 18, 19, 20, 21, 22, 23, 24, 25, 26, 27, 28, 29, 30, 31, 32, 33, 34, 35, 36, 37, 38, 39, 40, 41, 42, 43, 44, 45, 46, 47, 48, 49, 50, 51, 53, 54, 55, 56, 57, 58, 59, 60, 61, 62, 63, 64, 65, 66, 67, 68, 69, 70, 71, 72, 73, 74, 75, 76, 77, 78, 79, 80, 81, 82, 83, 84, 85, 86, 87, 88, 89, 90, 91, 92, 93, 94, 95, 96, 97, 98, 99, 100, 101, 102, 103, 104, 105, 106, 107, 108, 109, 110, 112, 113, 115, 116, 117, 119, 120, 121, 123, 124, 125, 126, 127, 128, 129, 130, 131, 132, 133, 134, 135, 136, 137, 139, 140, 142, 143, 144, 145, 146, 147, 148, 150, 151, 152, 153, 157, 159, 161, 162, 163, 165, 166, 167, 173]
label_amo_m63_alp_ovl.bmp					PS2: [0, 7, 14, 20, 26, 33, 40, 43, 51, 57, 61, 65]					MC: [0, 1, 2, 3, 4, 5, 6, 7, 8, 9, 10, 11, 12, 13, 14, 15, 16, 17, 18, 19, 20, 21, 22, 23, 24, 25, 26, 27, 28, 29, 30, 31, 32, 33, 34, 35, 36, 37, 38, 39, 40, 41, 42, 43, 44, 45, 46, 47, 48, 49, 50, 51, 52, 53, 54, 55, 56, 57, 58, 59, 60, 61, 62, 63, 64, 65, 66, 67, 68, 69, 70, 71, 73, 74, 75, 76, 77, 78, 79, 80, 81, 82, 83, 84, 86, 87, 88, 89, 90, 91, 93]
label_amo_mk22_alp_ovl.bmp					PS2: [0, 8, 16, 22, 27, 34, 41, 45, 52, 58, 62, 66]					MC: [0, 1, 2, 3, 4, 5, 6, 7, 8, 9, 10, 11, 12, 13, 14, 15, 16, 17, 18, 19, 20, 21, 22, 23, 24, 25, 26, 27, 28, 30, 31, 32, 33, 35, 36, 37, 38, 39, 40, 41, 42, 43, 44, 45, 46, 47, 48, 49, 50, 51, 52, 53, 54, 55, 56, 57, 58, 59, 60, 61, 62, 63, 64, 65, 66, 67, 68, 69, 71, 72, 73, 74, 75, 76, 77, 78, 79, 80, 81, 83, 84, 85, 86, 87, 88, 89, 90, 91, 92, 93, 94, 95, 96]
label_amo_msn_alp_ovl.bmp					PS2: [0, 2, 5, 8, 17, 24, 30, 36, 43, 48, 50, 53, 61, 67, 71, 75]					MC: [0, 1, 2, 3, 4, 5, 6, 7, 8, 9, 10, 11, 12, 13, 14, 15, 16, 17, 18, 19, 20, 21, 22, 23, 24, 25, 26, 27, 28, 29, 30, 31, 32, 33, 34, 35, 36, 37, 38, 39, 40, 41, 42, 43, 44, 45, 46, 47, 48, 49, 50, 51, 52, 53, 54, 55, 56, 57, 58, 59, 60, 61, 62, 63, 64, 65, 66, 67, 68, 69, 70, 71, 72, 73, 74, 75, 76, 77, 78, 79, 80, 81, 82, 83, 84, 85, 86, 87, 88, 89, 90, 91, 92, 93, 94, 95, 96, 97, 98, 99, 100, 101, 102, 103, 104, 105, 106, 107, 108, 110, 113, 115, 117, 118, 119]
label_amo_rpg_alp_ovl.bmp					PS2: [0, 5, 13, 19, 24, 31, 38, 42, 50, 55, 60, 63]					MC: [0, 1, 2, 3, 4, 5, 6, 7, 8, 9, 10, 11, 12, 13, 14, 15, 16, 17, 18, 19, 20, 21, 22, 23, 24, 25, 26, 27, 28, 29, 30, 31, 32, 33, 34, 35, 36, 37, 38, 39, 40, 41, 42, 43, 44, 45, 46, 47, 48, 49, 50, 51, 52, 53, 54, 55, 56, 57, 59, 60, 61, 62, 63, 64, 65, 66, 67, 68, 69, 70, 71, 72, 73, 74, 75, 76, 77, 78, 79, 80, 81, 82, 83, 84, 85, 86, 87, 88, 89, 90, 91, 92, 93, 94, 96, 99, 100, 104, 105, 108]
label_amo_saa_alp_ovl.bmp					PS2: [0, 6, 14, 20, 25, 32, 39, 43, 50, 56, 60, 64]					MC: [0, 1, 2, 3, 4, 5, 6, 7, 8, 9, 10, 11, 12, 13, 14, 15, 16, 17, 18, 19, 20, 21, 22, 23, 24, 25, 26, 27, 28, 30, 31, 32, 33, 34, 35, 36, 37, 38, 39, 40, 41, 42, 43, 44, 45, 46, 47, 48, 49, 50, 51, 52, 53, 54, 55, 56, 57, 58, 59, 60, 61, 62, 63, 64, 65, 66, 67, 68, 69, 70, 71, 72, 73, 74, 75, 76, 77, 78, 79, 80, 82, 83, 84, 86, 88, 89, 90, 91, 92]
label_amo_svd_alp_ovl.bmp					PS2: [0, 7, 15, 21, 27, 34, 40, 44, 52, 57, 62, 65]					MC: [0, 1, 2, 3, 4, 5, 6, 7, 8, 9, 10, 11, 12, 13, 14, 15, 16, 17, 18, 19, 20, 21, 22, 23, 24, 25, 26, 27, 28, 29, 30, 31, 32, 33, 34, 35, 36, 37, 38, 39, 40, 41, 42, 43, 44, 45, 46, 47, 48, 49, 50, 51, 52, 53, 54, 55, 56, 57, 58, 59, 60, 61, 62, 63, 64, 65, 66, 67, 68, 69, 70, 71, 72, 73, 74, 75, 76, 77, 78, 79, 80, 81, 83, 84, 85, 86, 87, 88, 89, 91, 93, 94, 96, 98]
label_amo_vz61_alp_ovl.bmp					PS2: [0, 7, 15, 21, 26, 33, 40, 44, 52, 57, 62, 65]					MC: [0, 1, 2, 3, 4, 5, 6, 7, 8, 9, 10, 11, 12, 13, 14, 15, 16, 17, 18, 19, 20, 21, 22, 23, 24, 25, 26, 27, 28, 30, 31, 32, 33, 34, 35, 36, 37, 38, 39, 40, 41, 42, 43, 44, 45, 46, 47, 48, 49, 50, 51, 52, 53, 54, 55, 56, 57, 58, 60, 61, 62, 63, 64, 65, 66, 67, 68, 69, 70, 71, 72, 73, 74, 75, 76, 77, 78, 79, 80, 81, 82, 83, 84, 85, 86, 87, 88, 89, 90]
label_amo_xm16_alp_ovl.bmp					PS2: [0, 5, 13, 22, 31, 39, 40, 44, 45, 46, 56, 62, 68, 69, 73]					MC: [0, 1, 2, 3, 4, 5, 6, 7, 8, 9, 10, 11, 12, 13, 14, 15, 16, 17, 18, 19, 20, 21, 22, 23, 24, 25, 26, 27, 28, 29, 30, 31, 32, 33, 34, 35, 36, 37, 38, 39, 40, 41, 42, 43, 44, 45, 46, 47, 48, 49, 50, 51, 52, 53, 54, 55, 56, 57, 58, 59, 60, 61, 62, 63, 64, 65, 66, 67, 68, 69, 70, 72, 73, 74, 75, 76, 77, 78, 79, 80, 81, 82, 83, 84, 85, 86, 87, 88, 89, 90, 91, 92, 93, 94, 95, 96, 97, 98, 99, 100, 101, 102, 103, 104, 105, 106, 107, 108, 109, 110, 111, 112, 114, 118, 122]
label_bdu_animals_alp_ovl.bmp					PS2: [0, 8, 12, 13, 18, 24, 38, 51, 61, 69, 70, 80, 89, 90, 97, 108, 115, 121, 122, 126, 127]					MC: [0, 1, 2, 3, 4, 5, 6, 7, 8, 9, 10, 11, 12, 13, 14, 15, 16, 17, 18, 19, 20, 21, 22, 23, 24, 25, 26, 27, 28, 29, 30, 31, 32, 33, 34, 35, 36, 37, 38, 40, 41, 42, 44, 45, 46, 47, 48, 49, 50, 51, 52, 53, 54, 55, 56, 57, 58, 59, 60, 61, 62, 63, 64, 65, 66, 67, 68, 69, 70, 71, 72, 73, 74, 76, 77, 78, 79, 80, 81, 82, 84, 85, 86, 87, 88, 89, 90, 91, 92, 93, 94, 95, 96, 97, 98, 99, 100, 101, 102, 103, 104, 105, 106, 107, 108, 109, 110, 111, 112, 113, 115, 116, 117, 118, 119, 120, 121, 122, 123, 124, 125, 126, 127, 128, 129, 130, 131, 132, 133, 134, 135, 136, 137, 138, 139, 140, 141, 142, 143, 144, 145, 146, 147, 148, 149, 150, 151, 152, 153, 155, 156, 157, 158, 159, 169]
label_bdu_choco_alp_ovl.bmp					PS2: [0, 2, 6, 10, 16, 30, 43, 53, 62, 74, 85, 91, 104, 113, 121, 127]					MC: [0, 1, 2, 3, 4, 5, 6, 7, 8, 9, 10, 11, 12, 13, 14, 15, 16, 17, 18, 19, 20, 21, 22, 23, 24, 25, 26, 27, 28, 29, 30, 31, 32, 33, 34, 35, 36, 37, 38, 39, 40, 41, 42, 43, 44, 45, 46, 47, 48, 49, 50, 51, 52, 53, 54, 55, 56, 57, 58, 59, 60, 61, 63, 64, 65, 67, 68, 69, 70, 71, 72, 73, 75, 76, 77, 79, 80, 81, 82, 83, 86, 87, 88, 89, 90, 91, 92, 93, 94, 95, 96, 97, 98, 99, 100, 101, 102, 103, 104, 105, 106, 107, 108, 109, 110, 111, 112, 113, 114, 115, 116, 117, 118, 119, 120, 121, 122, 123, 124, 125, 126, 127, 128, 129, 130, 131, 132, 133, 134, 135, 136, 137, 138, 139, 140, 141, 142, 143, 144, 145, 146, 147, 148, 149, 150, 151, 152, 153, 154, 155, 156, 157, 158, 159, 160, 161, 162, 163, 165, 166, 168]
label_bdu_cold_alp_ovl.bmp					PS2: [0, 2, 6, 10, 16, 30, 43, 53, 62, 74, 85, 91, 104, 113, 121, 127]					MC: [0, 1, 2, 3, 4, 5, 6, 7, 8, 9, 10, 11, 12, 13, 14, 15, 16, 17, 18, 19, 20, 21, 22, 23, 24, 25, 26, 27, 28, 29, 30, 31, 32, 34, 36, 37, 38, 39, 40, 41, 42, 43, 44, 45, 46, 47, 48, 49, 50, 51, 52, 53, 54, 55, 56, 57, 58, 59, 60, 62, 63, 64, 65, 66, 67, 68, 69, 70, 71, 72, 73, 74, 75, 76, 78, 79, 80, 81, 82, 83, 84, 85, 86, 87, 88, 89, 90, 91, 92, 93, 94, 95, 96, 97, 98, 99, 100, 101, 102, 103, 104, 105, 106, 107, 108, 109, 110, 111, 112, 113, 114, 115, 116, 117, 118, 119, 120, 121, 122, 123, 124, 125, 126, 127, 128, 129, 130, 131, 132, 133, 134, 135, 136, 137, 138, 139, 140, 141, 142, 143, 144, 145, 146, 147, 148, 149, 150, 151, 152, 153, 154, 155, 156, 157, 158, 159, 160, 161, 162, 163, 164, 165, 166, 167, 169, 173]
label_bdu_crcdl_alp_ovl.bmp					PS2: [0, 2, 6, 10, 16, 30, 43, 53, 62, 74, 85, 91, 104, 113, 121, 127]					MC: [0, 1, 2, 3, 4, 5, 6, 7, 8, 9, 10, 11, 12, 13, 14, 15, 16, 17, 18, 19, 20, 21, 22, 23, 24, 25, 26, 27, 28, 29, 30, 31, 32, 33, 34, 35, 36, 37, 38, 39, 40, 41, 42, 43, 44, 45, 46, 47, 48, 49, 50, 51, 52, 53, 54, 55, 56, 57, 58, 59, 60, 61, 62, 63, 64, 65, 66, 67, 68, 69, 70, 71, 72, 73, 74, 75, 76, 77, 78, 79, 80, 81, 82, 83, 84, 85, 86, 87, 88, 89, 90, 91, 92, 93, 94, 95, 96, 97, 98, 99, 100, 101, 102, 103, 104, 105, 106, 107, 108, 109, 110, 111, 112, 113, 114, 115, 116, 117, 118, 119, 120, 121, 122, 123, 124, 125, 126, 127, 128, 129, 130, 131, 132, 133, 134, 135, 136, 137, 138, 139, 140, 141, 142, 143, 144, 145, 146, 147, 148, 149, 150, 151, 152, 153, 154, 155, 156, 157, 158, 159, 160, 166]
label_bdu_fire_alp_ovl.bmp					PS2: [0, 2, 6, 10, 16, 30, 43, 53, 62, 74, 85, 91, 104, 113, 121, 127]					MC: [0, 1, 2, 3, 4, 5, 6, 7, 8, 9, 10, 11, 12, 13, 14, 15, 16, 17, 18, 19, 20, 21, 22, 23, 24, 25, 26, 27, 28, 29, 30, 31, 32, 33, 35, 36, 37, 38, 39, 40, 41, 42, 43, 44, 45, 46, 47, 48, 49, 50, 51, 52, 53, 54, 55, 56, 57, 58, 59, 60, 61, 62, 64, 65, 66, 67, 68, 69, 70, 71, 72, 73, 74, 75, 76, 77, 78, 79, 80, 81, 82, 83, 84, 85, 87, 90, 91, 92, 93, 94, 95, 96, 97, 99, 101, 103, 104, 106, 107, 108, 109, 110, 111, 112, 113, 114, 116, 117, 118, 119, 120, 121, 122, 123, 124, 125, 126, 129, 130, 131, 132, 133, 134, 135, 136, 137, 138, 139, 140, 141, 142, 143, 144, 145, 146, 147, 148, 149, 150, 151, 153, 154, 156, 157, 158, 161, 162, 166]
label_bdu_fly_alp_ovl.bmp					PS2: [0, 5, 6, 7, 8, 10, 13, 14, 15, 16, 18, 24, 30, 33, 36, 38, 40, 42, 45, 51, 56, 61, 67, 68, 69, 70, 74, 79, 80, 81, 85, 89, 90, 92, 96, 99, 103, 104, 105, 108, 115, 117, 119, 120, 121, 122, 123, 124, 126, 127, 128]					MC: [0, 1, 2, 3, 4, 5, 6, 7, 8, 9, 10, 11, 12, 13, 14, 15, 16, 17, 18, 19, 20, 21, 22, 23, 24, 25, 26, 27, 28, 29, 31, 32, 33, 34, 35, 37, 38, 40, 41, 42, 43, 45, 46, 47, 48, 49, 50, 51, 52, 53, 54, 55, 56, 57, 58, 59, 60, 61, 62, 63, 64, 65, 66, 68, 69, 72, 73, 74, 75, 76, 77, 78, 79, 80, 81, 83, 84, 85, 87, 88, 89, 91, 92, 93, 94, 95, 97, 98, 100, 104, 105, 107, 109, 110, 112, 113, 114, 115, 116, 118, 119, 120, 121, 122, 123, 124, 125, 126, 127, 128, 129, 130, 131, 132, 133, 134, 135, 136, 137, 138, 139, 140, 141, 142, 143, 144, 145, 146, 147, 149, 150, 151, 152, 153, 154, 155, 156, 157, 158, 159]
label_bdu_gako_alp_ovl.bmp					PS2: [0, 2, 6, 10, 16, 30, 43, 53, 62, 74, 85, 91, 104, 113, 121, 127]					MC: [0, 1, 2, 3, 4, 5, 6, 7, 8, 9, 10, 11, 12, 13, 14, 15, 16, 17, 18, 19, 20, 21, 22, 23, 24, 25, 26, 27, 28, 29, 30, 31, 32, 33, 34, 35, 36, 37, 38, 39, 40, 41, 42, 43, 44, 45, 46, 47, 48, 49, 50, 51, 52, 53, 54, 55, 56, 57, 58, 59, 60, 61, 62, 63, 64, 65, 66, 67, 68, 69, 70, 71, 72, 73, 74, 75, 76, 77, 78, 79, 80, 81, 82, 83, 85, 86, 87, 88, 89, 90, 91, 92, 93, 94, 95, 96, 97, 98, 99, 101, 102, 103, 104, 105, 106, 107, 108, 109, 110, 111, 112, 113, 114, 115, 116, 118, 119, 120, 121, 122, 123, 124, 125, 126, 127, 128, 129, 130, 131, 132, 133, 134, 135, 136, 137, 138, 139, 140, 141, 142, 143, 144, 145, 146, 147, 148, 149, 150, 151, 152, 153, 154, 155, 157, 158, 161, 165]
label_bdu_hornet_alp_ovl.bmp					PS2: [0, 2, 6, 10, 16, 30, 43, 53, 62, 74, 85, 91, 104, 113, 121, 127]					MC: [0, 1, 2, 3, 4, 5, 6, 7, 8, 9, 10, 11, 12, 13, 14, 15, 16, 17, 18, 19, 20, 21, 22, 23, 24, 25, 26, 27, 28, 29, 30, 31, 32, 33, 34, 35, 36, 37, 38, 39, 40, 41, 42, 43, 44, 45, 46, 47, 48, 49, 50, 51, 52, 53, 54, 55, 56, 57, 58, 59, 60, 61, 62, 63, 64, 65, 66, 67, 68, 69, 70, 71, 72, 73, 74, 75, 76, 77, 78, 79, 80, 81, 82, 83, 84, 85, 86, 87, 88, 89, 90, 91, 92, 93, 94, 95, 96, 97, 98, 99, 100, 101, 102, 103, 104, 105, 106, 107, 108, 109, 110, 111, 112, 113, 114, 115, 116, 117, 118, 119, 120, 121, 122, 123, 124, 125, 126, 127, 128, 129, 130, 131, 132, 133, 134, 135, 136, 137, 138, 139, 140, 141, 142, 143, 144, 145, 146, 147, 148, 149, 150, 151, 152, 153, 154, 155, 156, 157, 159, 160]
label_bdu_mnt_alp_ovl.bmp					PS2: [0, 2, 6, 10, 16, 30, 43, 53, 62, 74, 85, 91, 104, 113, 121, 127]					MC: [0, 1, 2, 3, 4, 5, 6, 7, 8, 9, 10, 11, 12, 13, 14, 15, 16, 17, 18, 19, 20, 21, 22, 23, 24, 25, 26, 27, 28, 29, 30, 31, 32, 33, 34, 35, 36, 37, 38, 39, 40, 41, 42, 44, 45, 46, 47, 48, 49, 50, 51, 52, 53, 54, 55, 56, 57, 58, 59, 60, 61, 62, 63, 64, 65, 66, 68, 69, 71, 72, 73, 75, 76, 77, 78, 79, 80, 81, 82, 83, 84, 85, 86, 87, 88, 89, 90, 91, 92, 93, 94, 95, 96, 97, 98, 99, 100, 101, 103, 104, 105, 106, 107, 108, 109, 110, 111, 113, 114, 115, 116, 117, 118, 119, 120, 121, 122, 123, 124, 125, 126, 127, 128, 129, 130, 131, 132, 133, 134, 135, 136, 137, 138, 139, 140, 141, 142, 143, 144, 145, 146, 147, 148, 149, 150, 151, 152, 153, 154, 155, 156, 157, 158, 159, 160, 161, 162, 163, 164, 165, 169, 171, 172]
label_bdu_moss_alp_ovl.bmp					PS2: [0, 2, 6, 10, 16, 30, 43, 53, 62, 74, 85, 91, 104, 113, 121, 127]					MC: [0, 1, 2, 3, 4, 5, 6, 7, 8, 9, 10, 11, 12, 13, 14, 15, 16, 17, 18, 19, 20, 21, 22, 23, 24, 25, 26, 27, 28, 29, 30, 31, 32, 33, 35, 36, 37, 38, 39, 40, 41, 42, 43, 44, 45, 46, 47, 49, 52, 53, 54, 55, 56, 57, 58, 59, 60, 61, 62, 63, 64, 65, 66, 67, 68, 69, 70, 71, 72, 73, 74, 75, 76, 77, 78, 80, 82, 83, 84, 85, 86, 87, 88, 89, 91, 92, 93, 94, 96, 97, 98, 99, 100, 101, 102, 103, 104, 105, 107, 109, 110, 111, 112, 113, 114, 115, 116, 117, 118, 119, 120, 121, 122, 123, 124, 125, 126, 127, 128, 129, 130, 131, 132, 133, 134, 135, 136, 137, 138, 139, 140, 141, 142, 143, 144, 145, 146, 147, 148, 149, 150, 151, 152, 155, 158]
label_bdu_rain_alp_ovl.bmp					PS2: [0, 2, 6, 10, 16, 30, 43, 53, 62, 74, 85, 91, 104, 113, 121, 127]					MC: [0, 1, 2, 3, 4, 5, 6, 7, 8, 9, 10, 11, 12, 13, 14, 15, 16, 17, 18, 19, 20, 21, 22, 23, 24, 25, 26, 27, 28, 29, 30, 31, 32, 33, 34, 36, 37, 38, 39, 40, 41, 42, 43, 44, 45, 46, 47, 48, 49, 50, 51, 52, 53, 54, 57, 59, 60, 61, 62, 63, 64, 65, 66, 67, 68, 69, 70, 71, 72, 73, 74, 75, 76, 77, 78, 79, 80, 81, 82, 83, 84, 85, 86, 87, 88, 89, 90, 91, 92, 93, 94, 95, 96, 97, 98, 99, 100, 101, 102, 103, 104, 105, 106, 107, 108, 109, 110, 111, 112, 113, 114, 115, 116, 117, 118, 119, 120, 121, 122, 123, 124, 125, 126, 127, 128, 129, 130, 131, 132, 133, 134, 135, 136, 137, 138, 139, 140, 141, 142, 143, 144, 145, 146, 147, 148, 149, 150, 151, 152, 153, 154, 155, 156, 157, 159, 162, 163, 164, 166, 167, 176]
label_bdu_snake_alp_ovl.bmp					PS2: [0, 2, 6, 10, 16, 30, 43, 53, 62, 74, 85, 91, 104, 113, 121, 127]					MC: [0, 1, 2, 3, 4, 5, 6, 7, 8, 9, 10, 11, 12, 13, 14, 15, 16, 17, 18, 19, 20, 21, 22, 23, 24, 25, 26, 27, 28, 29, 30, 32, 33, 34, 35, 36, 37, 38, 39, 40, 41, 42, 43, 44, 45, 46, 47, 48, 49, 50, 51, 52, 53, 54, 55, 56, 57, 58, 59, 60, 61, 62, 63, 64, 65, 66, 67, 68, 69, 70, 71, 72, 73, 74, 75, 76, 77, 78, 79, 80, 81, 82, 83, 84, 85, 86, 87, 88, 89, 90, 91, 92, 93, 94, 95, 96, 97, 98, 99, 100, 101, 102, 103, 104, 105, 107, 108, 109, 110, 111, 112, 113, 114, 115, 116, 117, 118, 119, 120, 121, 122, 123, 124, 125, 126, 127, 128, 129, 130, 131, 132, 133, 134, 135, 136, 137, 138, 139, 140, 141, 142, 143, 144, 145, 146, 147, 148, 149, 150, 151, 152, 153, 154, 155, 156, 157]
label_bdu_snk_alp_ovl.bmp					PS2: [0, 2, 6, 10, 16, 30, 43, 53, 62, 74, 85, 91, 104, 113, 121, 127]					MC: [0, 1, 2, 3, 4, 5, 6, 7, 8, 9, 10, 11, 12, 13, 14, 15, 16, 17, 18, 19, 20, 21, 22, 23, 24, 25, 26, 27, 28, 29, 30, 31, 32, 33, 34, 35, 37, 38, 39, 40, 41, 42, 43, 44, 45, 46, 47, 48, 49, 50, 51, 52, 53, 54, 55, 56, 57, 58, 59, 60, 61, 62, 63, 64, 65, 66, 67, 68, 70, 71, 72, 73, 74, 75, 76, 77, 78, 79, 80, 81, 82, 83, 84, 85, 86, 87, 88, 89, 90, 91, 92, 93, 94, 95, 96, 97, 98, 100, 101, 102, 103, 104, 105, 106, 107, 108, 109, 110, 111, 112, 113, 114, 115, 116, 118, 119, 120, 121, 122, 123, 124, 125, 127, 128, 129, 130, 131, 132, 133, 134, 135, 136, 137, 138, 139, 140, 141, 142, 143, 144, 145, 146, 147, 148, 149, 150, 151, 152, 153, 154, 155, 156, 157, 158, 159, 160, 161, 162, 163, 164, 165, 168, 169, 170]
label_bdu_snow_alp_ovl.bmp					PS2: [0, 2, 6, 10, 16, 30, 43, 53, 62, 74, 85, 91, 104, 113, 121, 127]					MC: [0, 1, 2, 3, 4, 5, 6, 7, 8, 9, 10, 11, 12, 13, 14, 15, 16, 17, 18, 19, 20, 21, 22, 23, 24, 25, 26, 27, 28, 29, 30, 31, 32, 33, 34, 35, 36, 37, 38, 39, 40, 41, 42, 43, 44, 45, 46, 47, 48, 49, 50, 51, 52, 53, 54, 55, 56, 57, 58, 59, 61, 63, 64, 65, 66, 67, 68, 69, 70, 71, 72, 73, 74, 75, 76, 77, 78, 79, 80, 81, 82, 83, 84, 85, 86, 87, 88, 89, 90, 91, 92, 93, 94, 95, 96, 97, 98, 99, 100, 101, 102, 104, 105, 106, 107, 108, 109, 110, 111, 112, 113, 114, 115, 116, 117, 118, 119, 120, 121, 122, 123, 124, 125, 126, 127, 128, 129, 130, 131, 132, 133, 134, 135, 136, 137, 138, 139, 140, 141, 142, 143, 144, 145, 146, 147, 148, 149, 150, 151, 152, 153, 154, 156, 157, 162]
label_bdu_spider_alp_ovl.bmp					PS2: [0, 2, 6, 10, 16, 30, 43, 53, 62, 74, 85, 91, 104, 113, 121, 127]					MC: [0, 1, 2, 3, 4, 5, 6, 7, 8, 9, 10, 11, 12, 13, 14, 15, 16, 17, 18, 19, 20, 21, 22, 23, 24, 25, 26, 27, 28, 29, 30, 31, 32, 33, 34, 35, 36, 37, 38, 39, 40, 41, 42, 43, 44, 45, 46, 47, 48, 49, 50, 51, 52, 53, 54, 55, 56, 57, 58, 59, 60, 61, 62, 63, 64, 65, 66, 67, 68, 69, 70, 71, 72, 73, 74, 75, 76, 77, 78, 79, 80, 81, 82, 83, 84, 85, 86, 87, 88, 89, 90, 91, 92, 93, 94, 95, 96, 97, 98, 99, 100, 101, 102, 103, 104, 106, 107, 108, 109, 111, 112, 113, 114, 115, 116, 117, 119, 120, 121, 122, 123, 124, 125, 126, 127, 128, 129, 130, 131, 132, 133, 134, 135, 136, 137, 138, 139, 140, 141, 142, 143, 144, 145, 146, 147, 148, 149, 150, 151, 152, 153, 154, 156, 160, 161]
label_bdu_splitt_alp_ovl.bmp					PS2: [0, 2, 6, 10, 16, 30, 43, 53, 62, 74, 85, 91, 104, 113, 121, 127]					MC: [0, 1, 2, 3, 4, 5, 6, 7, 8, 9, 10, 11, 12, 13, 14, 15, 16, 17, 18, 19, 20, 21, 22, 23, 24, 25, 26, 27, 28, 29, 30, 31, 32, 33, 35, 36, 37, 38, 39, 40, 41, 42, 43, 44, 45, 47, 48, 49, 50, 51, 52, 53, 54, 55, 56, 57, 59, 60, 61, 62, 63, 64, 65, 66, 68, 69, 70, 72, 73, 74, 75, 76, 77, 78, 79, 80, 81, 82, 83, 84, 85, 86, 87, 88, 89, 90, 91, 92, 93, 94, 95, 96, 97, 99, 100, 101, 102, 103, 104, 105, 106, 107, 108, 109, 110, 111, 112, 113, 114, 115, 116, 117, 118, 119, 120, 121, 122, 123, 124, 125, 126, 127, 128, 129, 130, 131, 132, 133, 134, 135, 136, 137, 138, 139, 140, 141, 142, 143, 144, 145, 146, 147, 148, 149, 150, 151, 152, 153, 154, 155, 156, 157, 158, 159, 160, 164]
label_bdu_water_alp_ovl.bmp					PS2: [0, 2, 6, 10, 16, 30, 43, 53, 62, 74, 85, 91, 104, 113, 121, 127]					MC: [0, 1, 2, 3, 4, 5, 6, 7, 8, 9, 10, 11, 12, 13, 14, 15, 16, 17, 18, 19, 20, 21, 22, 23, 24, 25, 26, 27, 28, 29, 30, 31, 32, 33, 34, 35, 36, 37, 38, 39, 40, 41, 42, 43, 44, 45, 46, 47, 48, 49, 50, 51, 52, 53, 54, 55, 57, 58, 59, 60, 61, 62, 63, 64, 65, 66, 67, 68, 69, 70, 71, 72, 73, 74, 76, 77, 78, 79, 80, 81, 82, 83, 84, 85, 86, 87, 89, 90, 91, 92, 94, 95, 97, 98, 99, 100, 101, 102, 103, 104, 105, 106, 107, 108, 109, 110, 111, 112, 113, 114, 115, 116, 117, 118, 119, 120, 121, 122, 123, 124, 125, 126, 127, 128, 129, 130, 131, 132, 133, 134, 135, 136, 137, 138, 139, 140, 141, 142, 143, 144, 145, 146, 147, 148, 149, 150, 151, 152, 153, 154, 157]
label_cbox_a_alp_ovl.bmp					PS2: [0, 8, 13, 18, 24, 38, 51, 61, 70, 80, 89, 97, 108, 115, 122, 127]					MC: [0, 1, 2, 3, 4, 5, 6, 7, 8, 9, 10, 11, 12, 13, 14, 15, 16, 17, 18, 19, 20, 21, 22, 23, 24, 25, 26, 27, 28, 29, 30, 32, 33, 34, 35, 36, 37, 38, 39, 40, 41, 42, 43, 44, 45, 46, 47, 48, 49, 50, 51, 52, 54, 57, 58, 59, 60, 61, 63, 64, 66, 67, 69, 71, 72, 73, 74, 75, 76, 77, 78, 79, 80, 81, 82, 83, 84, 85, 86, 87, 88, 89, 90, 91, 92, 93, 94, 95, 96, 97, 98, 99, 100, 101, 102, 103, 104, 105, 106, 107, 108, 109, 110, 111, 112, 113, 114, 115, 116, 117, 118, 119, 120, 121, 122, 123, 124, 125, 126, 127, 128, 129, 130, 131, 132, 133, 134, 135, 136, 137, 138, 139, 140, 141, 142, 143, 144, 145, 146, 147, 148, 149, 150, 151, 152, 153, 154, 155, 156, 157, 158, 159, 161, 162, 163, 165, 166, 167]
label_cbox_b_alp_ovl.bmp					PS2: [0, 8, 13, 18, 24, 38, 51, 61, 70, 80, 89, 97, 108, 115, 122, 127]					MC: [0, 1, 2, 3, 4, 5, 6, 7, 8, 9, 10, 11, 12, 13, 14, 15, 16, 17, 18, 19, 20, 21, 22, 23, 24, 25, 26, 27, 28, 29, 30, 32, 33, 34, 35, 36, 38, 39, 40, 41, 42, 43, 44, 45, 46, 47, 48, 49, 50, 51, 52, 54, 57, 58, 59, 60, 61, 63, 64, 66, 67, 68, 69, 70, 72, 73, 74, 75, 76, 77, 78, 79, 80, 81, 82, 83, 84, 85, 86, 87, 88, 89, 90, 91, 92, 93, 94, 95, 96, 97, 98, 99, 100, 101, 102, 103, 104, 105, 106, 107, 108, 109, 110, 111, 112, 113, 114, 115, 116, 117, 118, 119, 120, 121, 122, 123, 124, 125, 126, 127, 128, 129, 130, 131, 132, 133, 134, 135, 136, 137, 138, 139, 140, 141, 142, 143, 144, 145, 146, 147, 148, 149, 150, 151, 152, 153, 154, 155, 156, 157, 158, 159, 161, 162, 163, 165, 166, 167]
label_cbox_c_alp_ovl.bmp					PS2: [0, 8, 13, 18, 24, 38, 51, 61, 70, 80, 89, 97, 108, 115, 122, 127]					MC: [0, 1, 2, 3, 4, 5, 6, 7, 8, 9, 10, 11, 12, 13, 14, 15, 16, 17, 18, 19, 20, 21, 22, 23, 24, 25, 26, 27, 28, 29, 30, 32, 33, 34, 35, 36, 38, 39, 40, 41, 42, 43, 44, 45, 46, 47, 48, 49, 50, 51, 52, 53, 54, 55, 57, 58, 59, 60, 61, 63, 64, 66, 67, 69, 71, 72, 73, 74, 75, 76, 77, 78, 79, 80, 81, 82, 83, 84, 85, 86, 87, 88, 89, 90, 91, 92, 93, 94, 95, 96, 97, 98, 99, 100, 102, 103, 104, 105, 106, 107, 108, 109, 110, 111, 112, 113, 114, 115, 116, 117, 118, 119, 120, 121, 122, 123, 124, 125, 126, 127, 128, 129, 130, 131, 132, 133, 134, 135, 136, 137, 138, 139, 140, 141, 142, 143, 144, 145, 146, 147, 148, 149, 150, 151, 152, 153, 154, 155, 156, 157, 158, 159, 161, 162, 163, 165, 166, 167]
label_face_desert_alp_ovl.bmp					PS2: [0, 2, 6, 10, 16, 30, 43, 53, 62, 74, 85, 91, 104, 113, 121, 127]					MC: [0, 1, 2, 3, 4, 5, 6, 7, 8, 9, 10, 11, 12, 13, 14, 15, 16, 17, 18, 19, 20, 21, 22, 23, 24, 25, 26, 27, 28, 29, 30, 31, 32, 33, 34, 35, 36, 37, 38, 39, 40, 41, 43, 44, 45, 46, 47, 48, 49, 50, 51, 52, 54, 55, 56, 57, 58, 59, 60, 61, 62, 63, 64, 65, 66, 67, 68, 69, 70, 71, 72, 73, 74, 75, 76, 77, 78, 79, 80, 81, 82, 83, 84, 85, 86, 87, 88, 89, 90, 91, 92, 93, 94, 95, 96, 97, 98, 99, 102, 103, 104, 105, 106, 107, 108, 109, 110, 111, 112, 113, 114, 115, 116, 117, 118, 119, 120, 121, 122, 123, 124, 125, 126, 127, 128, 129, 130, 131, 132, 133, 134, 135, 136, 137, 138, 139, 140, 141, 142, 143, 144, 145, 146, 147, 148, 149, 150, 151, 152, 153, 154, 155, 156, 157, 159]
label_face_kabuki_alp_ovl.bmp					PS2: [0, 2, 6, 10, 16, 30, 43, 53, 62, 74, 85, 91, 104, 113, 121, 127]					MC: [0, 1, 2, 3, 4, 5, 6, 7, 8, 9, 10, 11, 12, 13, 14, 15, 16, 17, 18, 19, 20, 21, 22, 23, 24, 25, 26, 27, 28, 29, 30, 31, 32, 33, 34, 35, 36, 37, 38, 39, 40, 41, 42, 43, 44, 45, 46, 47, 49, 50, 51, 52, 53, 54, 55, 57, 58, 59, 60, 61, 62, 63, 64, 65, 67, 68, 69, 70, 71, 73, 74, 75, 76, 78, 79, 80, 82, 83, 84, 85, 86, 87, 88, 89, 90, 91, 92, 93, 94, 95, 96, 97, 98, 99, 100, 101, 102, 103, 104, 105, 106, 107, 110, 111, 112, 113, 114, 115, 116, 117, 118, 119, 120, 121, 122, 123, 124, 125, 126, 127, 128, 129, 130, 131, 132, 133, 134, 135, 136, 137, 138, 139, 140, 141, 142, 143, 144, 145, 146, 147, 148, 149, 150, 151, 152, 153, 154, 155, 156, 158, 160, 161, 162, 163, 166]
label_face_oyama_alp_ovl.bmp					PS2: [0, 2, 6, 10, 16, 30, 43, 53, 62, 74, 85, 91, 104, 113, 121, 127]					MC: [0, 1, 2, 3, 4, 5, 6, 7, 8, 9, 10, 11, 12, 13, 14, 15, 16, 17, 18, 19, 20, 21, 22, 23, 24, 25, 26, 27, 28, 29, 30, 31, 32, 33, 35, 36, 38, 39, 40, 41, 42, 44, 45, 46, 47, 49, 50, 51, 52, 53, 54, 55, 56, 57, 58, 59, 60, 61, 62, 63, 64, 65, 66, 67, 68, 69, 70, 71, 72, 73, 74, 76, 77, 78, 79, 81, 82, 83, 84, 85, 86, 87, 88, 89, 90, 91, 92, 93, 94, 95, 96, 97, 98, 99, 100, 101, 102, 103, 104, 105, 106, 107, 108, 109, 111, 112, 113, 114, 115, 116, 117, 118, 119, 120, 121, 122, 123, 124, 125, 126, 127, 128, 129, 130, 131, 132, 133, 134, 135, 136, 137, 138, 139, 140, 141, 142, 143, 144, 145, 146, 147, 148, 149, 150, 151, 152, 153, 154, 155, 156, 157, 158, 160, 161, 162, 164, 165]
label_face_snow_alp_ovl.bmp					PS2: [0, 2, 6, 10, 16, 30, 43, 53, 62, 74, 85, 91, 104, 113, 121, 127]					MC: [0, 1, 2, 3, 4, 5, 6, 7, 8, 9, 10, 11, 12, 13, 14, 15, 16, 17, 18, 19, 20, 21, 22, 23, 24, 25, 26, 27, 28, 29, 30, 31, 32, 33, 34, 35, 36, 37, 38, 39, 40, 41, 42, 43, 44, 45, 46, 47, 48, 49, 50, 51, 52, 53, 54, 55, 56, 57, 58, 59, 61, 63, 64, 65, 66, 67, 68, 69, 70, 71, 72, 73, 74, 75, 76, 77, 78, 79, 80, 81, 82, 83, 84, 85, 86, 87, 88, 89, 90, 91, 92, 93, 94, 95, 96, 97, 98, 99, 100, 101, 102, 104, 105, 106, 107, 108, 109, 110, 111, 112, 113, 114, 115, 116, 117, 118, 119, 120, 121, 122, 123, 124, 125, 126, 127, 128, 129, 130, 131, 132, 133, 134, 135, 136, 137, 138, 139, 140, 141, 142, 143, 144, 145, 146, 147, 148, 149, 150, 151, 152, 153, 154, 156, 157, 162]
label_face_water_alp_ovl.bmp					PS2: [0, 2, 6, 10, 16, 30, 43, 53, 62, 74, 85, 91, 104, 113, 121, 127]					MC: [0, 1, 2, 3, 4, 5, 6, 7, 8, 9, 10, 11, 12, 13, 14, 15, 16, 17, 18, 19, 20, 21, 22, 23, 24, 25, 26, 27, 28, 29, 30, 31, 32, 33, 34, 35, 36, 37, 38, 39, 40, 41, 42, 43, 44, 45, 46, 47, 48, 49, 50, 51, 52, 53, 54, 55, 57, 58, 59, 60, 61, 62, 63, 64, 65, 66, 67, 68, 69, 70, 71, 72, 73, 74, 76, 77, 78, 79, 80, 81, 82, 83, 84, 85, 86, 87, 89, 90, 91, 92, 94, 95, 97, 98, 99, 100, 101, 102, 103, 104, 105, 106, 107, 108, 109, 110, 111, 112, 113, 114, 115, 116, 117, 118, 119, 120, 121, 122, 123, 124, 125, 126, 127, 128, 129, 130, 131, 132, 133, 134, 135, 136, 137, 138, 139, 140, 141, 142, 143, 144, 145, 146, 147, 148, 149, 150, 151, 152, 153, 154, 157]
label_face_zombie_alp_ovl.bmp					PS2: [0, 2, 6, 10, 16, 30, 43, 53, 62, 74, 85, 91, 104, 113, 121, 127]					MC: [0, 1, 2, 3, 4, 5, 6, 7, 8, 9, 10, 11, 12, 13, 14, 15, 16, 17, 18, 19, 20, 21, 22, 23, 24, 25, 26, 27, 28, 29, 30, 31, 32, 33, 34, 35, 36, 37, 38, 41, 42, 43, 44, 45, 46, 47, 48, 49, 50, 51, 52, 53, 54, 55, 56, 57, 58, 59, 60, 61, 62, 63, 64, 65, 66, 67, 68, 69, 70, 71, 72, 73, 74, 75, 76, 78, 79, 80, 81, 82, 83, 84, 85, 86, 87, 88, 89, 90, 91, 92, 93, 94, 95, 96, 97, 98, 99, 101, 102, 103, 104, 105, 106, 107, 108, 109, 110, 111, 112, 113, 114, 115, 116, 117, 118, 119, 120, 121, 122, 123, 124, 125, 126, 127, 128, 129, 130, 131, 132, 133, 134, 135, 136, 137, 138, 139, 140, 141, 142, 143, 144, 145, 146, 147, 148, 149, 150, 151, 152, 153, 154, 155, 156, 157, 159, 160, 164, 166, 167]
label_grd_chf_alp_ovl.bmp					PS2: [0, 5, 13, 19, 24, 31, 38, 42, 50, 55, 60, 63]					MC: [0, 1, 2, 3, 4, 5, 6, 7, 8, 9, 10, 11, 12, 13, 14, 15, 16, 17, 18, 19, 20, 21, 22, 23, 24, 25, 26, 27, 28, 30, 31, 32, 33, 34, 35, 36, 37, 38, 39, 40, 41, 42, 43, 44, 45, 46, 47, 48, 49, 50, 51, 52, 53, 54, 55, 56, 57, 58, 59, 60, 61, 62, 63, 64, 65, 66, 67, 68, 69, 70, 71, 72, 73, 74, 75, 76, 77, 78, 79, 80, 81, 82, 83, 84, 85, 86, 87, 88, 89, 90, 91, 92, 94]
label_grd_clay_alp_ovl.bmp					PS2: [0, 5, 13, 19, 24, 31, 38, 42, 50, 55, 60, 63]					MC: [0, 1, 2, 3, 4, 5, 6, 7, 8, 9, 10, 11, 12, 13, 14, 15, 16, 17, 18, 19, 20, 21, 22, 23, 24, 25, 26, 27, 28, 29, 30, 31, 32, 33, 34, 35, 36, 37, 38, 39, 40, 41, 42, 43, 44, 45, 46, 47, 48, 49, 50, 51, 52, 53, 54, 55, 56, 57, 58, 59, 60, 61, 62, 63, 64, 65, 66, 67, 68, 69, 70, 71, 72, 73, 74, 75, 76, 77, 78, 79, 80, 81, 82, 83, 84, 85, 86, 87, 88]
label_grd_grd_alp_ovl.bmp					PS2: [0, 5, 13, 19, 24, 31, 38, 42, 50, 55, 60, 63]					MC: [0, 1, 2, 3, 4, 5, 6, 7, 8, 9, 10, 11, 12, 13, 14, 15, 16, 17, 18, 19, 20, 21, 22, 23, 24, 25, 26, 27, 28, 29, 30, 31, 32, 33, 34, 35, 36, 37, 38, 39, 40, 41, 42, 43, 44, 45, 46, 47, 48, 49, 50, 51, 52, 53, 54, 55, 56, 57, 58, 59, 60, 61, 62, 63, 64, 65, 66, 67, 68, 69, 70, 71, 72, 73, 74, 75, 76, 77, 78, 79, 80, 81, 82, 83, 84, 85, 86, 87, 88, 89, 92]
label_grd_mag_alp_ovl.bmp					PS2: [0, 11, 19, 26, 34, 35, 42, 43, 49, 58, 59, 64, 70, 74, 75]					MC: [0, 1, 2, 3, 4, 5, 6, 7, 8, 9, 10, 11, 12, 13, 14, 15, 16, 17, 18, 19, 20, 21, 22, 23, 24, 25, 26, 27, 28, 29, 30, 31, 32, 33, 34, 35, 36, 37, 38, 39, 40, 41, 42, 43, 44, 45, 46, 47, 48, 49, 50, 51, 52, 53, 54, 55, 56, 57, 58, 59, 60, 61, 62, 63, 64, 65, 66, 67, 68, 69, 70, 71, 72, 73, 74, 75, 76, 77, 78, 79, 80, 81, 82, 83, 84, 85, 86, 87, 88, 89, 90, 91, 92, 93, 94, 95, 96, 97, 98, 99, 100, 101, 103, 104]
label_grd_smk_alp_ovl.bmp					PS2: [0, 5, 13, 19, 24, 31, 38, 42, 50, 55, 60, 63]					MC: [0, 1, 2, 3, 4, 5, 6, 7, 8, 9, 10, 11, 12, 13, 14, 15, 16, 17, 18, 19, 20, 21, 22, 23, 24, 25, 26, 27, 28, 29, 30, 31, 32, 33, 34, 35, 36, 37, 38, 39, 40, 41, 42, 43, 44, 45, 46, 47, 48, 49, 50, 51, 52, 53, 54, 55, 56, 57, 59, 60, 61, 62, 63, 64, 65, 66, 67, 68, 69, 70, 71, 72, 73, 74, 75, 76, 77, 78, 79, 80, 81, 82, 83, 84, 85, 86, 87, 88, 89, 94]
label_grd_stn_alp_ovl.bmp					PS2: [0, 5, 13, 19, 24, 31, 38, 42, 50, 55, 60, 63]					MC: [0, 1, 2, 3, 4, 5, 6, 7, 8, 9, 10, 11, 12, 13, 14, 15, 16, 17, 18, 19, 20, 21, 22, 23, 24, 25, 26, 27, 28, 30, 31, 32, 33, 34, 35, 36, 37, 38, 39, 40, 41, 42, 43, 44, 45, 46, 47, 48, 49, 50, 51, 52, 53, 54, 55, 56, 58, 59, 60, 61, 62, 63, 64, 65, 66, 67, 68, 69, 70, 71, 72, 73, 74, 75, 76, 77, 78, 79, 80, 81, 82, 83, 84, 85, 86, 87, 88, 89, 94, 96]
label_grd_tnt_alp_ovl.bmp					PS2: [0, 5, 13, 19, 24, 38, 42, 50, 55, 60, 63]					MC: [0, 1, 2, 3, 4, 5, 7, 8, 9, 10, 11, 12, 13, 14, 15, 16, 17, 18, 19, 21, 22, 24, 26, 27, 28, 29, 30, 31, 33, 34, 35, 36, 37, 38, 39, 40, 41, 42, 43, 44, 45, 47, 48, 49, 50, 51, 52, 53, 54, 55, 56, 57, 58, 59, 60, 61, 62, 63, 65, 66, 67, 68, 69, 70, 71, 72, 73, 74, 75, 76, 77, 78, 79, 80, 81, 82, 83, 84, 85, 87, 88, 92, 94]
label_grd_wp_alp_ovl.bmp					PS2: [0, 5, 13, 19, 24, 31, 38, 42, 50, 55, 60, 63]					MC: [0, 1, 2, 3, 4, 5, 6, 7, 8, 9, 10, 11, 12, 13, 14, 15, 16, 17, 18, 19, 20, 21, 22, 23, 24, 25, 26, 27, 28, 29, 30, 31, 32, 33, 34, 35, 36, 37, 38, 39, 40, 41, 42, 43, 44, 45, 46, 47, 48, 49, 50, 51, 52, 53, 54, 55, 56, 57, 58, 59, 60, 61, 62, 63, 64, 65, 66, 67, 68, 69, 70, 71, 72, 73, 74, 75, 76, 77, 78, 79, 80, 81, 82, 83, 84, 85, 86, 87, 89, 91, 98]
label_item_bat_alp_ovl.bmp					PS2: [0, 1, 3, 7, 15, 23, 29, 35, 42, 48, 52, 60, 65, 70, 73]					MC: [0, 1, 2, 3, 4, 5, 6, 7, 8, 9, 10, 11, 12, 13, 14, 15, 16, 17, 18, 19, 20, 21, 22, 23, 24, 25, 26, 27, 28, 29, 30, 31, 32, 33, 34, 35, 36, 37, 38, 39, 40, 41, 42, 43, 44, 45, 46, 47, 48, 49, 50, 51, 52, 53, 54, 55, 56, 57, 58, 59, 60, 61, 62, 63, 64, 65, 66, 67, 68, 69, 70, 71, 72, 73, 74, 75, 76, 77, 78, 79, 80, 81, 82, 83, 84, 85, 86, 87, 88, 89, 90, 91, 92, 93, 94, 95, 96, 97, 98, 99, 100, 101, 102, 103, 107, 108]
label_item_camera_alp_ovl.bmp					PS2: [0, 2, 6, 14, 22, 28, 34, 41, 47, 51, 59, 64, 69, 72]					MC: [0, 1, 2, 3, 4, 5, 6, 7, 8, 9, 10, 11, 12, 13, 14, 15, 16, 17, 18, 19, 20, 21, 22, 23, 24, 25, 26, 27, 28, 30, 31, 32, 33, 34, 35, 36, 37, 38, 39, 40, 41, 42, 43, 44, 45, 46, 47, 48, 49, 50, 51, 52, 53, 54, 55, 57, 58, 59, 60, 61, 63, 64, 65, 66, 67, 68, 69, 70, 71, 72, 73, 74, 75, 76, 77, 78, 79, 80, 81, 82, 83, 84, 85, 86, 87, 88, 89, 90, 91, 92, 93, 94, 95, 96, 97, 98, 99, 100, 101, 102, 108, 109]
label_item_mic_alp_ovl.bmp					PS2: [0, 2, 10, 18, 24, 30, 37, 43, 47, 55, 60, 65, 68]					MC: [0, 1, 2, 3, 4, 5, 6, 7, 8, 9, 10, 11, 12, 13, 14, 15, 16, 17, 18, 19, 20, 21, 22, 23, 24, 25, 26, 27, 28, 29, 30, 33, 34, 35, 36, 37, 38, 40, 41, 42, 43, 44, 45, 46, 47, 48, 49, 50, 51, 52, 53, 54, 55, 57, 58, 59, 60, 61, 62, 63, 64, 65, 66, 67, 68, 69, 70, 71, 72, 73, 74, 75, 76, 77, 78, 79, 80, 81, 82, 83, 84, 85, 86, 87, 88, 89, 90, 91, 92, 93, 94, 95, 96, 97, 101]
label_item_mine_alp_ovl.bmp					PS2: [0, 2, 10, 18, 24, 30, 37, 43, 47, 55, 60, 65, 69]					MC: [0, 1, 2, 3, 4, 5, 6, 7, 8, 9, 10, 11, 12, 13, 14, 15, 16, 17, 18, 19, 20, 21, 22, 23, 24, 25, 26, 27, 28, 29, 30, 31, 32, 33, 34, 35, 36, 37, 38, 39, 40, 41, 42, 43, 44, 45, 46, 47, 48, 49, 50, 51, 52, 53, 54, 55, 56, 57, 58, 59, 60, 61, 62, 63, 64, 65, 66, 67, 68, 69, 70, 71, 72, 73, 74, 75, 76, 77, 78, 79, 80, 81, 82, 83, 84, 85, 86, 87, 88, 89, 90, 91, 92, 93, 94, 95, 96, 97, 98, 102]
label_item_nvg_alp_ovl.bmp					PS2: [0, 3, 6, 15, 22, 28, 34, 41, 48, 51, 59, 65, 69, 73]					MC: [0, 1, 2, 3, 4, 5, 6, 7, 8, 9, 10, 11, 12, 13, 14, 15, 16, 17, 18, 19, 20, 21, 22, 23, 24, 25, 26, 27, 28, 29, 31, 32, 33, 34, 35, 36, 38, 39, 40, 41, 42, 43, 44, 45, 46, 47, 48, 49, 50, 51, 52, 53, 54, 55, 57, 58, 59, 60, 61, 62, 63, 64, 65, 66, 67, 68, 69, 70, 71, 72, 73, 74, 75, 76, 77, 78, 79, 80, 81, 82, 83, 84, 85, 86, 87, 88, 89, 90, 91, 92, 93, 94, 95, 96, 97, 98, 99, 100, 101, 102, 103]
label_item_thrm_alp_ovl.bmp					PS2: [0, 2, 11, 18, 24, 30, 37, 44, 47, 55, 61, 65, 69]					MC: [0, 1, 2, 3, 4, 5, 6, 7, 8, 9, 10, 11, 12, 13, 14, 15, 16, 17, 18, 19, 20, 21, 22, 23, 24, 25, 26, 27, 28, 30, 31, 32, 33, 34, 35, 36, 37, 38, 39, 40, 41, 42, 43, 44, 45, 46, 47, 48, 49, 50, 51, 52, 53, 54, 55, 56, 57, 58, 59, 60, 61, 62, 63, 64, 65, 66, 67, 68, 69, 70, 71, 72, 73, 74, 75, 76, 77, 78, 79, 80, 81, 82, 83, 84, 85, 86, 87, 88, 89, 90, 91, 92, 93, 96, 97, 101, 104]
label_item_torch_alp_ovl.bmp					PS2: [0, 5, 13, 19, 24, 31, 38, 42, 50, 55, 60, 63]					MC: [0, 1, 2, 3, 4, 5, 6, 7, 8, 9, 10, 11, 12, 13, 14, 15, 16, 17, 18, 19, 20, 21, 22, 23, 24, 25, 26, 27, 28, 29, 30, 31, 33, 34, 35, 36, 37, 38, 39, 40, 41, 42, 43, 44, 45, 46, 47, 48, 49, 50, 51, 52, 53, 54, 55, 56, 57, 58, 59, 60, 61, 62, 63, 64, 65, 66, 67, 68, 69, 70, 71, 72, 73, 74, 75, 76, 77, 78, 79, 80, 81, 82, 83, 84, 85, 86, 87, 88, 91, 92, 93, 97]
label_sp_m1911_alp_ovl.bmp					PS2: [0, 5, 13, 19, 24, 31, 38, 42, 50, 55, 60, 63]					MC: [0, 1, 2, 3, 4, 5, 6, 7, 8, 9, 10, 11, 12, 13, 14, 15, 16, 17, 18, 19, 20, 21, 22, 23, 24, 25, 26, 27, 28, 29, 30, 31, 32, 33, 34, 35, 36, 37, 38, 39, 40, 41, 42, 43, 44, 45, 46, 47, 48, 49, 50, 51, 52, 53, 54, 55, 56, 57, 58, 59, 60, 61, 62, 63, 64, 65, 66, 67, 68, 69, 70, 71, 72, 73, 74, 75, 76, 77, 78, 79, 80, 81, 82, 83, 84, 85, 86, 87, 90]
label_sp_mk22_alp_ovl.bmp					PS2: [0, 5, 13, 19, 24, 31, 38, 42, 50, 55, 60, 63]					MC: [0, 1, 2, 3, 4, 5, 6, 7, 8, 9, 10, 11, 12, 13, 14, 15, 16, 17, 18, 19, 20, 21, 22, 23, 24, 25, 26, 27, 28, 29, 30, 31, 33, 34, 35, 36, 37, 38, 39, 40, 41, 42, 43, 44, 45, 46, 47, 48, 49, 50, 51, 52, 53, 54, 55, 56, 57, 58, 59, 60, 61, 62, 63, 64, 65, 66, 67, 68, 69, 70, 71, 72, 73, 74, 75, 76, 77, 78, 79, 80, 81, 82, 83, 84, 85, 86, 87, 88, 89, 90]
label_sp_rat_alp_ovl.bmp					PS2: [0, 2, 5, 12, 19, 24, 31, 37, 42, 47, 50, 55, 60, 63, 65, 69]					MC: [0, 1, 2, 3, 4, 5, 6, 7, 8, 9, 10, 11, 12, 13, 14, 15, 16, 17, 18, 19, 20, 21, 22, 23, 24, 25, 26, 27, 28, 29, 30, 31, 32, 33, 34, 35, 36, 37, 38, 39, 40, 41, 42, 43, 44, 45, 46, 47, 48, 49, 50, 51, 52, 53, 54, 55, 56, 57, 58, 59, 60, 61, 62, 63, 64, 65, 66, 67, 68, 69, 70, 71, 72, 73, 74, 75, 76, 77, 78, 79, 80, 81, 82, 83, 84, 85, 86, 87, 88, 89, 90, 91, 92, 93]
label_sp_xm16_alp_ovl.bmp					PS2: [0, 8, 15, 23, 31, 37, 46, 51, 52, 56, 57, 60, 61]					MC: [0, 1, 2, 3, 4, 5, 6, 7, 8, 9, 10, 11, 12, 13, 14, 15, 16, 17, 18, 19, 20, 21, 22, 23, 24, 25, 26, 27, 28, 29, 30, 31, 32, 33, 34, 35, 36, 37, 38, 39, 40, 41, 42, 43, 44, 45, 46, 47, 48, 49, 50, 51, 52, 53, 54, 55, 56, 57, 58, 59, 60, 61, 62, 63, 64, 65, 66, 67, 68, 69, 70, 71, 72, 73, 74, 75, 76, 77, 78, 79, 80, 81, 83, 84, 88]
label_weap_ak47_alp_ovl.bmp					PS2: [0, 4, 5, 14, 20, 21, 31, 39, 46, 47, 55, 56, 61, 62, 68, 69, 72, 73]					MC: [0, 1, 2, 3, 4, 5, 6, 7, 8, 9, 10, 11, 12, 13, 14, 15, 16, 17, 18, 19, 20, 21, 22, 23, 24, 25, 26, 27, 28, 30, 31, 32, 33, 34, 35, 36, 37, 38, 39, 40, 41, 42, 43, 44, 45, 46, 47, 48, 49, 50, 51, 52, 53, 54, 55, 56, 57, 58, 59, 60, 61, 62, 63, 64, 65, 66, 68, 69, 70, 71, 72, 73, 74, 75, 76, 77, 78, 79, 80, 81, 82, 83, 84, 85, 86, 87, 88, 89, 90, 91, 92, 93, 94, 95, 96, 97, 98, 99, 100, 103, 107]
label_weap_cig_alp_ovl.bmp					PS2: [0, 3, 6, 15, 23, 29, 34, 41, 48, 52, 59, 65, 69, 73]					MC: [0, 1, 2, 3, 4, 5, 6, 7, 8, 9, 10, 11, 12, 13, 14, 15, 16, 17, 18, 19, 20, 21, 22, 23, 24, 25, 26, 27, 28, 29, 30, 31, 32, 33, 34, 35, 36, 38, 39, 40, 41, 42, 43, 44, 45, 46, 47, 48, 49, 50, 51, 52, 53, 54, 55, 56, 57, 58, 59, 60, 61, 62, 63, 64, 65, 66, 67, 68, 69, 70, 71, 72, 73, 74, 75, 76, 77, 78, 79, 80, 81, 82, 83, 84, 85, 86, 87, 88, 89, 90, 91, 92, 93, 94, 95, 96, 97, 98, 99, 101, 104, 105, 107]
label_weap_hand_alp_ovl.bmp					PS2: [0, 1, 3, 6, 9, 18, 25, 31, 37, 44, 51, 54, 62, 68, 72, 76]					MC: [0, 1, 2, 3, 4, 5, 6, 7, 8, 9, 10, 11, 12, 13, 14, 15, 16, 17, 18, 19, 20, 21, 22, 23, 24, 25, 26, 27, 28, 29, 30, 31, 32, 33, 34, 35, 36, 37, 38, 39, 40, 41, 42, 43, 44, 45, 46, 47, 48, 49, 50, 51, 52, 53, 54, 55, 56, 57, 58, 59, 60, 61, 62, 63, 64, 65, 66, 67, 68, 69, 70, 71, 72, 73, 74, 75, 76, 77, 78, 79, 80, 81, 82, 83, 84, 85, 86, 87, 88, 89, 90, 91, 92, 93, 94, 95, 96, 97, 98, 99, 100, 101, 102, 104, 105, 107, 108, 111]
label_weap_m63_alp_ovl.bmp					PS2: [0, 5, 13, 19, 24, 31, 38, 42, 50, 55, 60, 63]					MC: [0, 1, 2, 3, 4, 5, 6, 7, 8, 9, 10, 11, 12, 13, 14, 15, 16, 17, 18, 19, 20, 21, 22, 23, 24, 25, 26, 27, 28, 29, 30, 32, 33, 34, 35, 36, 37, 39, 40, 41, 42, 43, 44, 45, 46, 47, 48, 49, 50, 51, 52, 53, 54, 55, 56, 57, 58, 59, 60, 61, 62, 63, 64, 65, 66, 67, 68, 69, 70, 71, 72, 73, 74, 75, 76, 77, 78, 79, 80, 81, 82, 83, 84, 86, 87]
label_weap_msn_alp_ovl.bmp					PS2: [0, 2, 5, 8, 17, 24, 30, 36, 43, 50, 53, 61, 67, 71, 75]					MC: [0, 1, 2, 3, 4, 5, 6, 7, 8, 9, 10, 11, 12, 13, 14, 15, 16, 17, 18, 19, 20, 21, 22, 23, 24, 25, 26, 27, 28, 29, 30, 31, 32, 33, 34, 35, 36, 37, 38, 39, 40, 41, 42, 43, 44, 45, 46, 47, 48, 49, 50, 51, 52, 53, 54, 55, 56, 57, 58, 59, 60, 61, 62, 63, 64, 65, 66, 67, 68, 69, 70, 71, 72, 73, 74, 75, 76, 77, 78, 79, 80, 81, 82, 83, 84, 85, 86, 87, 88, 89, 90, 91, 92, 93, 94, 95, 96, 97, 98, 99, 100, 101, 102, 103, 104, 105]
label_weap_pato_alp_ovl.bmp					PS2: [0, 10, 11, 18, 19, 25, 26, 34, 42, 49, 58, 63, 64, 69, 70, 74]					MC: [0, 1, 2, 3, 4, 5, 6, 7, 8, 9, 10, 11, 12, 13, 14, 15, 16, 17, 18, 19, 20, 21, 22, 23, 24, 25, 26, 27, 28, 29, 30, 31, 32, 33, 34, 35, 36, 37, 38, 39, 40, 41, 42, 43, 44, 45, 46, 47, 48, 49, 50, 51, 52, 53, 54, 55, 56, 57, 58, 59, 60, 61, 62, 63, 64, 65, 66, 67, 68, 69, 70, 71, 72, 73, 74, 75, 76, 77, 78, 79, 80, 81, 82, 83, 84, 85, 86, 87, 88, 89, 90, 91, 92, 93, 94, 95, 96, 97, 98, 99, 100, 101, 102, 103, 104, 105, 107, 108, 111, 113, 114]
label_weap_rpg_alp_ovl.bmp					PS2: [0, 7, 15, 21, 27, 34, 40, 44, 52, 57, 62, 66]					MC: [0, 1, 2, 3, 4, 5, 6, 7, 8, 9, 10, 11, 12, 13, 14, 15, 16, 17, 18, 19, 20, 21, 22, 23, 24, 25, 26, 27, 28, 29, 30, 32, 33, 34, 35, 36, 37, 38, 39, 40, 41, 42, 43, 44, 45, 46, 47, 48, 49, 50, 51, 52, 53, 54, 55, 56, 57, 58, 59, 60, 61, 62, 63, 64, 65, 66, 67, 68, 69, 70, 71, 72, 73, 74, 75, 76, 77, 78, 79, 80, 81, 82, 83, 84, 85, 86, 87, 88, 89, 90, 91, 92, 95, 97, 100]
label_weap_saa_alp_ovl.bmp					PS2: [0, 1, 4, 13, 21, 27, 32, 39, 46, 50, 57, 63, 67, 71]					MC: [0, 1, 2, 3, 4, 5, 6, 7, 8, 9, 10, 11, 12, 13, 14, 15, 16, 17, 18, 19, 20, 21, 22, 23, 24, 25, 26, 27, 28, 29, 31, 32, 34, 36, 37, 39, 40, 41, 42, 43, 44, 46, 47, 49, 50, 51, 52, 53, 54, 55, 58, 60, 61, 62, 63, 64, 65, 66, 68, 69, 70, 71, 72, 73, 74, 75, 76, 77, 78, 79, 80, 81, 82, 83, 84, 85, 86, 87, 88, 89, 90, 91, 92, 93, 94, 95, 97, 98, 102, 103]
label_weap_svd_alp_ovl.bmp					PS2: [0, 2, 5, 14, 21, 27, 33, 40, 47, 50, 58, 64, 68, 72]					MC: [0, 1, 2, 3, 4, 5, 6, 7, 8, 9, 10, 11, 12, 13, 14, 15, 16, 17, 18, 19, 20, 21, 22, 23, 24, 25, 26, 27, 28, 30, 31, 32, 33, 34, 35, 37, 38, 39, 40, 41, 42, 44, 45, 46, 47, 48, 49, 50, 51, 52, 53, 54, 55, 56, 57, 58, 59, 60, 61, 62, 64, 65, 66, 67, 68, 69, 70, 71, 72, 73, 74, 75, 76, 78, 79, 80, 81, 82, 83, 84, 85, 86, 87, 88, 89, 90, 91, 92, 93, 94, 95, 96, 97, 98, 99]
label_weap_vz61_alp_ovl.bmp					PS2: [0, 2, 6, 14, 22, 28, 33, 40, 47, 51, 59, 64, 69, 72]					MC: [0, 1, 2, 3, 4, 5, 6, 7, 8, 9, 10, 11, 12, 13, 14, 15, 16, 17, 18, 19, 20, 21, 22, 23, 24, 25, 26, 27, 28, 29, 30, 31, 32, 33, 34, 35, 36, 37, 38, 39, 40, 41, 42, 43, 44, 45, 46, 47, 48, 49, 50, 51, 52, 53, 54, 55, 57, 59, 60, 61, 62, 63, 65, 66, 67, 68, 69, 71, 72, 73, 74, 75, 76, 77, 78, 79, 80, 81, 82, 83, 84, 85, 86, 87, 88, 89, 90, 91, 92, 93, 94, 95, 96, 97, 99, 102]
label_weap_xm16_alp_ovl.bmp					PS2: [0, 5, 6, 14, 15, 23, 32, 33, 40, 41, 47, 48, 56, 57, 63, 69, 70, 74, 75]					MC: [0, 1, 2, 3, 4, 5, 6, 7, 8, 9, 10, 11, 12, 13, 14, 15, 16, 17, 18, 19, 20, 21, 22, 23, 24, 25, 26, 27, 28, 29, 30, 31, 32, 34, 35, 36, 37, 38, 39, 40, 41, 42, 43, 44, 45, 46, 47, 48, 49, 50, 51, 52, 53, 54, 55, 56, 57, 58, 59, 60, 61, 62, 63, 64, 65, 66, 69, 70, 71, 72, 73, 74, 75, 76, 77, 78, 79, 80, 81, 82, 83, 84, 85, 86, 87, 88, 89, 90, 91, 92, 93, 94, 95, 96, 97, 98, 99, 100, 101, 102, 104, 105, 106, 107, 109]
lighte_alp_ovl.bmp					PS2: [0, 46, 47, 64, 85, 112, 128]					MC: [0, 2, 5, 7, 8, 10, 12, 14, 46, 47, 56, 57, 58, 61, 62, 64, 76, 84, 90, 93, 95, 96, 112, 114, 115, 128]
lms_foot_vr_sub_ovl_alp.bmp					PS2: [0, 2, 3, 6, 8, 10, 12, 14, 16, 18, 20, 23, 27, 33, 44, 62]					MC: [0, 1, 2, 3, 4, 5, 6, 7, 8, 9, 10, 11, 12, 13, 14, 15, 16, 17, 18, 19, 20, 21, 22, 23, 24, 25, 26, 27, 28, 30, 32, 33, 34, 35, 36, 37, 38, 39, 40, 41, 42, 43, 44, 45, 46, 47, 49, 51, 54, 55, 64, 69, 76]
lms_helr_ovl_sub_alp.bmp					PS2: [0, 6, 12, 14, 17, 20, 23, 27, 31, 33, 35, 39, 45, 50, 55, 63]					MC: [0, 1, 2, 3, 4, 5, 6, 7, 8, 9, 10, 11, 12, 13, 14, 15, 16, 17, 18, 19, 20, 21, 22, 23, 24, 25, 26, 27, 28, 29, 30, 31, 32, 33, 34, 35, 36, 37, 38, 39, 40, 41, 42, 43, 44, 45, 46, 47, 48, 49, 50, 51, 52, 53, 54, 55, 56, 57, 58, 59, 60, 61, 62, 63, 64, 65, 66, 67, 68, 69, 70, 71, 74, 75, 76, 77]
mark_fur_weara_ovl_alp.bmp					PS2: [0, 1, 4, 5, 6, 7, 8, 9, 10, 11, 12, 15, 16, 17, 18, 19, 20, 22, 23, 25, 27, 28, 29, 31, 33, 34, 35, 37, 38, 40, 41, 43, 44, 45, 46, 49, 50, 51, 52, 54, 55, 56, 57, 59, 60, 61, 63, 64, 65, 67, 68, 69, 70, 71, 72, 74, 75, 76, 77, 78, 79, 80, 81, 82, 83, 84, 86, 87, 88, 89, 90, 91, 92, 93, 94, 95, 96, 97, 98, 99, 100, 101, 104, 105, 106, 108, 109, 110, 111, 112, 113, 114, 116, 117, 118, 119, 120, 121, 123, 124, 125, 126, 127]					MC: [0, 1, 2, 3, 4, 5, 6, 7, 8, 9, 10, 11, 12, 13, 14, 15, 16, 17, 18, 19, 20, 21, 22, 23, 24, 25, 26, 27, 28, 29, 30, 31, 32, 33, 34, 35, 36, 37, 38, 39, 40, 41, 42, 43, 44, 45, 46, 47, 48, 49, 50, 51, 52, 53, 54, 55, 56, 57, 58, 59, 60, 61, 62, 63, 64, 65, 66, 67, 68, 69, 70, 71, 72, 73, 74, 75, 76, 77, 78, 79, 80, 81, 82, 83, 84, 85, 86, 87, 88, 89, 90, 91, 92, 93, 94, 95, 96, 97, 98, 99, 100, 101, 102, 103, 104, 105, 106, 107, 108, 109, 110, 111, 112, 113, 114, 115, 116, 117, 118, 119, 120, 121, 122, 123, 124, 125, 126, 127, 128, 129, 130, 131, 132, 133, 134, 135, 136, 137, 138, 139, 140, 141, 142, 145, 146, 147]
mauser_label_a_alp_ovl.bmp					PS2: [0, 1, 3, 5, 15, 18, 21, 24, 27, 30, 35, 40, 45, 48, 50, 56]					MC: [0, 1, 2, 3, 4, 5, 6, 7, 8, 9, 10, 11, 12, 13, 14, 15, 16, 17, 18, 19, 20, 21, 22, 23, 24, 25, 26, 27, 28, 29, 30, 31, 32, 33, 34, 35, 36, 37, 38, 39, 40, 41, 42, 43, 44, 45, 46, 47, 48, 49, 50, 51, 52, 53, 54, 55, 56, 57, 58, 59, 60, 61, 62, 63, 64, 65, 66, 68]
mauser_label_b_alp_ovl.bmp					PS2: [0, 1, 3, 6, 8, 12, 23, 26, 29, 33, 48, 53, 56, 59, 63, 67]					MC: [0, 1, 2, 3, 4, 5, 6, 7, 8, 9, 10, 11, 12, 13, 14, 15, 16, 17, 18, 19, 20, 21, 22, 23, 24, 25, 26, 27, 28, 29, 30, 31, 32, 33, 34, 35, 36, 37, 38, 39, 40, 41, 42, 43, 44, 45, 46, 47, 48, 49, 50, 51, 52, 53, 54, 55, 56, 57, 58, 59, 60, 61, 62, 63, 64, 65, 66, 67, 68, 69, 70, 71, 72, 73, 74, 75, 76, 77, 78, 79, 80, 81, 82, 85]
med_eye_brow_ovl_alp.bmp					PS2: [0, 1, 2, 4, 5, 6, 8, 10, 11, 13, 14, 15, 16, 17, 18, 19, 20, 21, 22, 23, 24, 25, 26, 27, 28, 29, 30, 31, 32, 33, 34, 35, 36, 37, 38, 39, 40, 41, 42, 43, 44, 45, 46, 47, 48, 49, 50, 51, 52, 53, 54, 55, 56, 57, 58, 59, 60, 61, 62, 63, 64, 65, 66, 67, 68, 69, 70, 71, 72, 73, 74, 75, 76, 77, 78, 79, 80, 81, 82, 83, 84, 85, 86, 87, 88, 89, 90, 91, 92, 93, 94, 95, 96, 97, 98, 99, 100, 101, 102, 103, 104, 105, 106, 107, 108, 109, 110, 111, 112, 113, 114, 115, 116, 117, 118, 119]					MC: [0, 1, 2, 3, 4, 5, 6, 7, 8, 9, 10, 11, 12, 13, 14, 15, 16, 17, 18, 19, 20, 21, 22, 23, 24, 25, 26, 27, 28, 29, 30, 31, 32, 33, 34, 35, 36, 37, 38, 39, 40, 41, 42, 43, 44, 45, 46, 47, 48, 49, 50, 51, 52, 53, 54, 55, 56, 57, 58, 59, 60, 61, 62, 63, 64, 65, 66, 67, 68, 69, 70, 71, 72, 73, 74, 75, 76, 77, 78, 79, 80, 81, 82, 83, 84, 85, 86, 87, 88, 89, 90, 91, 92, 93, 94, 95, 96, 97, 98, 99, 100, 101, 102, 103, 104, 105, 106, 107, 108, 109, 110, 111, 112, 113, 114, 115, 116, 117, 118, 119, 120, 121, 122, 123, 124, 125, 126, 127, 128, 129, 130, 131, 132, 133, 134, 135, 136, 137, 138, 139, 140, 143, 144]
mig_hel_ovl_sub_alp.bmp					PS2: [0, 10, 18, 25, 31, 38, 43, 49, 55, 59, 65, 73, 80, 92, 104, 122]					MC: [0, 1, 2, 3, 4, 5, 6, 7, 8, 9, 10, 11, 12, 13, 14, 15, 16, 17, 18, 19, 20, 21, 22, 23, 24, 25, 26, 27, 28, 29, 30, 31, 32, 33, 34, 35, 36, 37, 38, 39, 40, 41, 42, 43, 44, 45, 46, 47, 48, 49, 50, 51, 52, 53, 54, 55, 56, 57, 58, 59, 60, 61, 62, 63, 64, 65, 66, 67, 68, 69, 70, 71, 72, 73, 74, 75, 76, 77, 78, 79, 80, 81, 82, 83, 84, 85, 86, 87, 88, 89, 90, 91, 92, 93, 94, 95, 96, 97, 98, 99, 100, 101, 102, 103, 104, 105, 106, 112, 120, 121, 122]
mog_box_alp_ovl_10.bmp					PS2: [0, 1, 9, 12, 33, 36, 44, 49, 55, 59, 61]					MC: [0, 1, 2, 3, 4, 5, 6, 7, 8, 9, 10, 11, 12, 13, 14, 15, 16, 17, 18, 19, 20, 21, 22, 23, 24, 25, 26, 27, 28, 29, 30, 31, 32, 33, 34, 35, 36, 37, 38, 39, 40, 41, 42, 43, 44, 45, 46, 47, 48, 49, 50, 51, 52, 53, 54, 55, 56, 57, 58, 59, 60, 61, 62, 63, 64, 65, 66, 67, 68, 69, 70, 71, 72, 73, 74, 75, 77, 78, 79, 81, 83]
mog_box_decal_add_alp_ovl_04.bmp					PS2: [0, 21, 36, 63, 64, 66, 83, 108, 109, 110]					MC: [0, 1, 2, 3, 4, 5, 6, 7, 8, 9, 10, 11, 12, 13, 14, 15, 16, 17, 19, 21, 22, 23, 24, 25, 27, 28, 29, 30, 31, 34, 35, 36, 39, 40, 42, 43, 45, 46, 47, 48, 49, 51, 52, 53, 54, 56, 58, 59, 60, 61, 62, 63, 64, 65, 66, 68, 69, 72, 73, 74, 77, 78, 80, 82, 83, 84, 85, 86, 87, 88, 89, 90, 92, 93, 96, 99, 101, 106, 108, 110, 111, 112, 113, 114, 115, 117, 118, 119, 120, 125, 128, 132, 134, 135, 141, 142, 144, 150, 154, 161, 163, 164]
mog_box_decal_add_alp_ovl_05.bmp					PS2: [0, 3, 15, 16, 23, 26, 31, 33, 37, 53, 62, 71, 91, 92]					MC: [0, 1, 2, 3, 4, 5, 6, 7, 8, 9, 10, 11, 12, 13, 14, 15, 16, 17, 18, 19, 20, 21, 22, 23, 24, 25, 26, 27, 28, 34, 35, 36, 38, 39, 40, 41, 42, 43, 44, 45, 46, 47, 48, 49, 50, 51, 52, 53, 54, 55, 56, 57, 58, 59, 60, 61, 62, 63, 64, 65, 66, 69, 72, 73, 74, 75, 77, 79, 82, 87, 99, 101]
mog_crane_alp_ovl03.bmp					PS2: [0, 12, 21, 35, 43, 51, 59, 63, 67, 76, 84, 93, 101, 110, 118, 128]					MC: [0, 1, 2, 3, 4, 5, 6, 7, 8, 9, 10, 11, 12, 13, 14, 15, 16, 17, 18, 19, 20, 21, 22, 23, 24, 25, 26, 27, 28, 29, 30, 31, 32, 33, 34, 35, 36, 37, 38, 39, 40, 41, 42, 43, 44, 45, 46, 47, 48, 49, 50, 51, 52, 53, 54, 55, 56, 57, 58, 59, 60, 61, 62, 63, 64, 65, 66, 67, 68, 69, 70, 71, 72, 73, 74, 75, 76, 77, 78, 79, 80, 81, 82, 83, 84, 85, 86, 87, 88, 89, 90, 91, 92, 93, 94, 95, 96, 97, 98, 99, 100, 101, 102, 103, 104, 105, 106, 107, 108, 109, 110, 111, 112, 113, 114, 115, 116, 117, 118, 119, 120, 121, 122, 123, 124, 125, 126, 127, 128, 129, 130, 131, 132, 133, 134, 135, 136, 137, 138, 139, 140, 141, 142, 143, 144, 145, 146, 147, 148, 149, 150, 151, 152, 153, 154, 155, 156, 157, 158, 159, 160, 161, 162, 163, 164, 165, 166, 167, 168, 169, 170, 171, 172, 173, 174, 175, 176]
mog_deco_alp_ovl_01.bmp					PS2: [0, 2, 6, 11, 15, 19, 23, 28, 32, 36, 40, 45]					MC: [0, 1, 2, 3, 4, 5, 6, 7, 8, 9, 10, 11, 12, 13, 14, 15, 16, 17, 18, 19, 20, 21, 22, 23, 24, 25, 26, 27, 28, 30, 31, 32, 33, 34, 35, 36, 37, 38, 39, 40, 41, 42, 43, 44, 45, 46, 47, 48, 49, 50, 51, 52, 53, 54, 55, 56, 57, 58, 59, 60, 61, 62, 63, 64, 65, 66, 67, 68, 69, 72, 73]
mog_font_alp_ovl_01.bmp					PS2: [0, 8, 17, 25, 34, 51, 59, 68, 76, 93, 102, 110, 119, 128]					MC: [0, 1, 2, 3, 4, 5, 6, 7, 8, 9, 10, 11, 12, 13, 14, 15, 16, 17, 18, 19, 20, 21, 22, 23, 24, 25, 26, 27, 28, 29, 30, 31, 32, 33, 34, 35, 36, 37, 38, 39, 40, 41, 42, 43, 44, 45, 46, 47, 48, 49, 50, 51, 52, 53, 54, 56, 57, 58, 59, 60, 61, 62, 63, 64, 65, 66, 67, 68, 69, 70, 71, 72, 73, 74, 75, 76, 77, 78, 79, 80, 81, 82, 83, 84, 85, 86, 87, 88, 89, 90, 91, 93, 94, 95, 96, 97, 98, 99, 100, 101, 102, 103, 104, 105, 106, 107, 108, 109, 110, 111, 112, 113, 115, 116, 117, 118, 119, 120, 121, 122, 123, 124, 125, 126, 127, 128, 129, 130, 131, 132, 133, 134, 135, 136, 137, 138, 139, 140, 141, 142, 143, 144, 145, 146, 147, 148, 149, 150, 151, 152, 153, 154, 155, 156, 159, 166]
mog_light_decal_add_alp_ovl_06.bmp					PS2: [0, 3, 14, 26, 37, 47, 58, 85, 112, 119, 128]					MC: [0, 1, 2, 3, 4, 5, 6, 7, 8, 9, 10, 11, 12, 13, 14, 15, 16, 17, 18, 19, 20, 21, 22, 23, 24, 25, 26, 27, 28, 29, 30, 31, 32, 33, 34, 35, 36, 37, 38, 39, 40, 41, 42, 43, 44, 45, 46, 47, 48, 49, 51, 57, 59, 60, 62, 64, 66, 67, 68, 69, 70, 71, 76, 77, 78, 81, 82, 84, 86, 88, 91, 92, 95, 96, 98, 99, 101, 105, 106, 107, 109, 110, 112, 114, 115, 116, 117, 118, 119, 121, 122, 123, 124, 125, 126, 127, 128, 129, 130, 131, 132, 133, 134, 135, 136, 137, 138, 139, 140, 142, 143, 144, 148]
mog_light_decal_add_alp_ovl_08.bmp					PS2: [0, 3, 8, 13, 18, 24, 29, 36, 42, 47, 57, 63, 69, 86, 95]					MC: [0, 1, 2, 3, 4, 5, 6, 7, 8, 9, 10, 11, 12, 13, 14, 15, 16, 17, 18, 19, 20, 21, 22, 23, 24, 25, 26, 27, 28, 29, 30, 31, 32, 33, 34, 35, 36, 37, 38, 39, 40, 41, 42, 43, 44, 45, 46, 47, 48, 49, 50, 51, 52, 53, 54, 55, 56, 57, 58, 59, 60, 61, 62, 63, 64, 65, 66, 67, 68, 69, 70, 71, 72, 73, 74, 75, 76, 77, 78, 79, 80, 81, 82, 83, 84, 85, 86, 87, 88, 89, 90, 91, 92, 93, 94, 95, 96, 97, 98, 99, 100, 101, 102, 103, 104, 105, 106, 107, 108, 109, 110, 111, 112, 113, 114, 115, 116, 117]
mog_light_decal_add_alp_ovl_12.bmp					PS2: [0, 1, 2, 3, 4, 5, 6, 7, 8, 9, 10, 11, 12, 13, 14, 15, 16, 17, 18, 19, 20, 21, 22, 23, 24, 25, 26, 27, 28, 30, 31, 32, 33, 34, 35, 36, 38, 39]					MC: [0, 1, 2, 3, 4, 5, 6, 7, 8, 9, 10, 11, 12, 13, 14, 15, 16, 17, 18, 19, 20, 21, 22, 23, 24, 25, 26, 27, 28, 29, 30, 31, 32, 33, 34, 35, 36, 37, 38, 39, 40, 41, 43, 44, 45, 47, 48, 49]
mog_lightl_add_alp_ovl_06.bmp					PS2: [0, 1, 4, 14, 41, 49, 60, 86, 92, 105, 109, 113]					MC: [0, 1, 2, 3, 4, 5, 6, 7, 9, 10, 13, 18, 19, 20, 21, 28, 30, 31, 37, 38, 41, 42, 43, 46, 47, 48, 50, 51, 58, 62, 66, 70, 72, 77, 78, 82, 83, 85, 92, 94, 96, 98, 105, 107, 109, 111, 112, 113, 114, 115, 116, 117, 118, 120, 121, 122, 123]
mog_lightl_decal_add_alp_04.trans.bmp					PS2: [0, 2, 7, 12, 16, 22, 27, 32, 38, 43, 49, 55, 62, 118, 128]					MC: [0, 1, 2, 3, 4, 5, 6, 7, 8, 9, 10, 11, 12, 13, 14, 15, 16, 17, 18, 19, 20, 21, 22, 23, 24, 25, 26, 27, 28, 29, 30, 31, 32, 33, 34, 35, 36, 37, 38, 39, 40, 41, 42, 43, 44, 45, 46, 47, 48, 49, 50, 51, 52, 53, 54, 55, 56, 57, 58, 59, 60, 61, 62, 63, 64, 65, 66, 67, 69, 74, 75, 76, 77, 78, 79, 80, 81, 82, 83, 84, 85, 86, 87, 116, 123, 127, 128, 129, 130, 132, 133, 134, 139, 141, 142]
mog_lightl_decal_add_alp_ovl_09.bmp					PS2: [0, 3, 6, 8, 10, 12, 14, 16, 18, 20, 21, 23, 24, 26, 28, 30]					MC: [0, 1, 2, 3, 4, 5, 6, 7, 8, 9, 10, 11, 12, 13, 14, 15, 16, 17, 18, 19, 20, 21, 22, 23, 24, 25, 26, 27, 28, 29, 30, 31, 32]
mog_sdw_alp_ovl_07.bmp					PS2: [0, 1, 3, 4, 5, 7, 8, 9, 11, 12, 13, 15, 16, 17, 18, 19, 20, 21, 22, 23, 24, 26, 28, 30, 31, 32, 33, 34, 35, 36, 38, 40, 41, 42, 43, 45, 47, 50, 52, 54, 55, 56, 57, 58, 60, 62, 64, 66, 67, 68, 70, 71, 72, 73, 74, 75, 76, 77, 78, 79, 80, 81, 83, 86, 89, 91, 93, 95, 97, 100, 102, 104, 106, 108, 110, 111, 113, 115, 116, 118, 119, 121, 122, 123, 125]					MC: [0, 1, 2, 3, 4, 5, 6, 7, 8, 9, 10, 11, 12, 13, 14, 15, 16, 17, 18, 19, 20, 21, 22, 23, 24, 25, 26, 27, 28, 29, 30, 31, 32, 33, 34, 35, 36, 37, 39, 40, 42, 43, 44, 45, 46, 47, 48, 49, 50, 51, 52, 53, 55, 56, 57, 58, 59, 60, 61, 62, 63, 64, 65, 66, 67, 68, 69, 70, 71, 72, 73, 74, 75, 77, 78, 79, 80, 81, 82, 83, 84, 85, 86, 87, 88, 89, 90, 91, 92, 93, 94, 95, 96, 97, 98, 99, 100, 101, 102, 103, 104, 105, 106, 107, 108, 109, 110, 111, 112, 113, 115, 116, 117, 118, 119, 120, 121, 122, 123, 124, 125, 126, 127, 128, 129, 130, 131]
mog_sdw_alp_ovl_07.bmp_77d049969cfa5773411d22bc42892033					PS2: [0, 6, 12, 17, 26, 35, 44, 54, 62, 71, 81, 91, 99, 106, 113, 121]					MC: [0, 1, 2, 3, 4, 5, 6, 7, 8, 9, 10, 11, 12, 13, 14, 15, 16, 17, 18, 19, 21, 22, 23, 24, 25, 26, 27, 28, 29, 30, 33, 34, 35, 36, 38, 40, 42, 43, 44, 45, 46, 47, 48, 49, 50, 51, 53, 54, 55, 56, 57, 59, 60, 61, 62, 63, 64, 66, 68, 69, 70, 71, 72, 73, 74, 75, 76, 77, 79, 80, 81, 82, 83, 84, 85, 86, 87, 89, 90, 91, 92, 93, 94, 95, 96, 98, 99, 100, 101, 102, 103, 104, 105, 106, 109, 110, 111, 112, 113, 114, 116, 117, 118, 119, 120, 121, 122, 124, 125, 127, 129, 130]
mog_sdw_alp_ovl_17.bmp					PS2: [0, 54, 56, 57, 64, 67, 71, 72]					MC: [0, 1, 2, 3, 4, 5, 6, 8, 9, 14, 18, 19, 20, 21, 22, 23, 24, 25, 26, 27, 49, 50, 52, 53, 55, 58, 59, 60, 61, 62, 64, 66, 67, 68, 69, 70, 71, 72, 73, 74, 75, 76, 77, 78, 86]
mog_stain_alp_ovl_03.bmp					PS2: [0, 1, 3, 5, 7, 9, 11, 13, 17, 20, 24, 27, 30, 33, 36]					MC: [0, 1, 2, 3, 4, 5, 6, 7, 8, 9, 10, 11, 12, 13, 14, 15, 16, 17, 18, 19, 20, 21, 22, 23, 24, 25, 26, 27, 28, 29, 30, 31, 32, 33, 34, 35, 36, 37, 38, 39, 40, 41, 42]
moon_s002a_alp_ovl.bmp					PS2: [0, 1, 3, 4, 6, 8, 10, 11, 12, 14, 15, 20, 21, 23, 24, 25, 28, 29, 30, 31, 32, 34, 35, 36, 37, 38, 40, 43, 44, 46, 48, 49, 51, 53, 54, 55, 56, 57, 58, 59, 61, 62, 63, 65, 66, 67, 68, 69, 70, 71, 72, 74, 76, 77, 79, 80, 81, 83, 85, 86, 88, 90, 91, 92, 94, 95, 96, 98, 99, 101, 102, 103, 104, 105, 106, 107, 108, 109, 110, 111, 112, 113, 114, 116, 118, 119, 120, 121, 123, 124, 126, 127, 128]					MC: [0, 1, 2, 3, 4, 5, 6, 7, 8, 9, 10, 11, 12, 13, 14, 15, 16, 17, 18, 19, 20, 21, 22, 23, 24, 25, 26, 27, 28, 29, 30, 31, 32, 33, 34, 35, 36, 37, 38, 39, 40, 41, 42, 43, 44, 45, 46, 47, 48, 49, 50, 51, 52, 53, 54, 55, 56, 57, 58, 59, 60, 61, 62, 63, 64, 65, 66, 67, 68, 69, 70, 71, 72, 73, 74, 75, 76, 77, 78, 79, 80, 81, 82, 83, 84, 85, 86, 87, 88, 89, 90, 91, 92, 93, 94, 95, 96, 97, 98, 99, 100, 101, 102, 103, 104, 105, 106, 107, 108, 109, 110, 111, 112, 113, 114, 115, 116, 117, 118, 119, 120, 121, 122, 123, 124, 125, 126, 127, 128, 129, 130, 131, 132, 133, 134, 135, 136, 137, 138, 139, 140, 141, 142, 143, 145, 146, 147, 148, 150, 151, 152, 153]
mr_light_a00_alp_ovl.bmp					PS2: [0, 2, 6, 9, 12, 16, 19, 23, 27, 33, 40, 48, 55, 62, 69, 77]					MC: [0, 1, 2, 3, 4, 5, 6, 7, 8, 9, 10, 11, 12, 13, 14, 15, 16, 17, 18, 19, 20, 21, 22, 23, 24, 25, 26, 27, 28, 29, 30, 31, 32, 33, 34, 35, 36, 37, 38, 39, 40, 41, 42, 43, 44, 45, 46, 47, 48, 49, 50, 51, 52, 53, 54, 55, 56, 57, 58, 59, 60, 61, 62, 63, 64, 65, 66, 67, 68, 69, 70, 71, 72, 73, 74, 75, 76, 77, 78, 79, 80, 81, 82, 83, 84, 85, 86, 87]
n033a_poster_alp_ovl.bmp					PS2: [0, 12, 18, 25, 34, 41, 46, 53, 58, 60, 61]					MC: [0, 1, 2, 3, 4, 5, 6, 7, 9, 10, 11, 12, 13, 14, 15, 16, 17, 18, 19, 20, 21, 22, 23, 24, 25, 26, 27, 28, 29, 30, 31, 32, 33, 34, 35, 36, 37, 38, 39, 40, 41, 42, 43, 44, 45, 46, 47, 48, 49, 50, 51, 52, 53, 54, 55, 56, 57, 58, 59, 60, 61]
n033a_wall_sdw_alp_ovl.bmp					PS2: [0, 8, 13, 18, 25, 30, 35, 41, 45, 48, 51, 55, 61, 66, 71, 75]					MC: [0, 1, 2, 4, 5, 6, 7, 8, 10, 11, 12, 13, 14, 15, 16, 17, 18, 19, 20, 21, 22, 25, 26, 27, 28, 29, 30, 31, 33, 34, 35, 36, 37, 38, 39, 40, 41, 42, 43, 44, 45, 46, 47, 48, 49, 50, 51, 52, 53, 54, 55, 56, 57, 58, 59, 60, 61, 62, 63, 64, 65, 66, 67, 68, 69, 70, 71, 72, 73, 74, 75]
number_a_ovl_alp.bmp					PS2: [0, 2, 6, 13, 18, 22, 30, 37, 44, 50, 55, 60, 64, 70, 74, 76]					MC: [0, 1, 2, 3, 4, 5, 6, 7, 8, 9, 10, 11, 12, 13, 14, 15, 16, 17, 18, 19, 20, 21, 22, 23, 24, 25, 26, 27, 28, 29, 30, 31, 32, 33, 34, 35, 36, 37, 38, 39, 40, 41, 42, 43, 44, 45, 46, 47, 48, 49, 50, 51, 52, 53, 54, 55, 56, 57, 58, 59, 60, 61, 62, 63, 64, 65, 66, 67, 68, 69, 70, 71, 72, 73, 74, 75, 76, 77, 78, 79, 80, 81, 82, 83, 84, 85, 86, 87, 88, 89, 90, 91, 92, 93, 94, 95, 96, 97, 98, 99, 100, 101, 102, 103, 104, 105, 106, 107, 108, 109, 110, 111, 112, 113, 114, 115, 116, 117, 118, 119, 120, 121, 123, 124]
number_b_ovl_alp.bmp					PS2: [0, 2, 6, 13, 18, 22, 30, 37, 44, 50, 55, 60, 64, 71, 74, 77]					MC: [0, 1, 2, 3, 4, 5, 6, 7, 8, 9, 10, 11, 12, 13, 14, 15, 16, 17, 18, 19, 20, 21, 22, 23, 24, 25, 26, 27, 28, 29, 30, 31, 32, 33, 34, 35, 36, 37, 38, 39, 40, 41, 42, 43, 44, 45, 46, 47, 48, 49, 50, 51, 52, 53, 54, 55, 56, 57, 58, 59, 60, 61, 62, 63, 64, 65, 66, 67, 68, 69, 70, 71, 72, 73, 74, 75, 76, 77, 78, 79, 80, 81, 82, 83, 84, 85, 86, 87, 88, 89, 90, 91, 92, 93, 94, 95, 96, 97, 98, 99, 100, 101, 102, 103, 104, 105, 106, 107, 108, 109, 110, 111, 112, 113, 114, 115, 116, 117, 118, 119, 121, 124, 125, 129, 132]
number_ovl_alp.bmp					PS2: [0, 1, 2, 3, 6, 7, 13, 14, 18, 19, 23, 24, 27, 28, 32, 33, 37, 41, 42, 46, 47, 51, 55, 56, 60, 65, 69, 70, 73, 74]					MC: [0, 1, 2, 3, 4, 5, 6, 7, 8, 9, 10, 11, 12, 13, 14, 15, 16, 17, 18, 19, 20, 21, 22, 23, 24, 25, 26, 27, 28, 29, 30, 31, 32, 33, 34, 35, 36, 37, 38, 39, 40, 41, 42, 43, 44, 45, 46, 47, 48, 49, 50, 51, 52, 53, 54, 55, 56, 57, 58, 59, 60, 61, 62, 63, 64, 65, 66, 67, 68, 69, 70, 71, 72, 73, 74, 75, 76, 77, 78, 79, 80, 81, 82, 83, 84, 85, 86, 87, 88, 89, 90, 91, 92, 93, 94, 95, 96, 97, 98, 99, 100, 101, 102, 103, 104, 105, 106, 107, 108, 109, 110, 111, 112, 114, 115, 117, 121, 122, 127]
oce_def_boots1_ovl_sub_alp.bmp					PS2: [0, 1, 7, 10, 13, 15, 18, 21, 24, 27, 33, 38, 45, 53, 61, 70]					MC: [0, 1, 2, 3, 4, 5, 6, 7, 8, 9, 10, 11, 12, 13, 14, 15, 16, 17, 18, 19, 20, 21, 22, 23, 24, 25, 26, 27, 28, 29, 30, 31, 32, 33, 34, 35, 36, 37, 38, 39, 40, 41, 42, 43, 44, 45, 47, 48, 49, 51, 52, 53, 56, 58, 59, 60, 62, 69, 70]
oce_def_boots2_ovl_sub_alp.bmp					PS2: [0, 3, 7, 10, 12, 14, 16, 17, 19, 21, 23, 25, 27, 31, 36, 47]					MC: [0, 1, 2, 3, 4, 5, 6, 7, 8, 9, 10, 11, 12, 13, 14, 15, 16, 17, 18, 19, 20, 21, 22, 23, 24, 25, 26, 27, 28, 29, 30, 31, 32, 33, 35, 36, 38, 39, 43, 44, 46, 47]
oce_def_boots3_ovl_sub_alp.bmp					PS2: [0, 5, 11, 14, 15, 18, 21, 25, 30, 34, 38, 44, 51, 59, 75, 88]					MC: [0, 1, 2, 3, 4, 5, 6, 7, 8, 9, 10, 11, 12, 13, 14, 15, 16, 17, 18, 19, 20, 21, 22, 23, 24, 25, 26, 27, 28, 29, 30, 31, 32, 33, 34, 35, 36, 37, 38, 39, 40, 41, 42, 43, 44, 45, 46, 47, 48, 49, 50, 51, 52, 53, 54, 56, 57, 58, 59, 72, 73, 75, 76, 84, 86, 88]
oce_def_face_ovl_sub_alp.bmp					PS2: [0, 1, 2, 3, 5, 7, 8, 10, 11, 13, 14, 16, 18, 21, 24, 34]					MC: [0, 1, 2, 3, 4, 5, 6, 7, 8, 9, 10, 11, 12, 13, 14, 15, 16, 17, 18, 19, 20, 21, 22, 23, 24, 26, 29, 30, 31, 33, 34]
oce_def_matuge_alp_ovl.bmp					PS2: [0, 5, 10, 18, 27, 35, 44, 52, 61, 70, 79, 86, 95, 104, 113, 123]					MC: [0, 1, 2, 3, 4, 5, 6, 7, 8, 9, 10, 11, 12, 13, 14, 15, 16, 17, 18, 19, 20, 21, 22, 23, 24, 25, 26, 27, 28, 29, 30, 31, 32, 33, 34, 35, 36, 37, 38, 39, 40, 41, 42, 43, 44, 45, 46, 47, 48, 49, 50, 51, 52, 53, 54, 55, 56, 57, 58, 59, 60, 61, 62, 63, 64, 65, 66, 67, 68, 69, 70, 71, 72, 73, 75, 76, 77, 78, 79, 80, 81, 82, 83, 84, 85, 86, 87, 88, 89, 90, 91, 92, 93, 94, 95, 96, 97, 98, 100, 101, 102, 103, 104, 105, 107, 109, 110, 111, 112, 113, 114, 115, 117, 118, 119, 120, 121, 122, 123]
oce_def_pin_alp_ovl.bmp					PS2: [0, 1, 2, 5, 7, 8, 10, 11, 12, 13, 16, 20, 23, 26, 30, 31, 34, 37, 39, 41, 46, 49, 52, 53, 54, 57, 59, 61, 62, 65, 68, 69, 70, 71, 72, 74, 75, 76, 77, 78, 80, 82, 83, 84, 85, 86, 87, 89, 93, 94, 95, 98, 100, 101, 102, 106, 107, 108, 109, 114, 115, 116, 117, 118, 119, 120, 121, 123, 124, 125, 126, 127, 128]					MC: [0, 1, 2, 3, 4, 5, 6, 7, 8, 9, 10, 11, 12, 13, 14, 15, 17, 18, 19, 20, 21, 22, 23, 24, 25, 26, 27, 28, 30, 31, 32, 33, 34, 35, 36, 37, 38, 39, 41, 42, 43, 44, 45, 46, 48, 49, 50, 51, 52, 53, 54, 55, 56, 57, 58, 60, 61, 62, 63, 64, 68, 69, 71, 73, 74, 75, 76, 78, 79, 80, 81, 82, 83, 84, 85, 86, 87, 88, 90, 91, 92, 94, 95, 97, 98, 99, 100, 101, 102, 103, 104, 105, 106, 107, 108, 109, 110, 111, 112, 113, 114, 116, 117, 118, 119, 120, 121, 122, 123, 124, 125, 126, 127, 128, 129, 130, 131, 132, 133, 134, 135, 136, 137, 138, 139, 140, 141, 142, 143, 144, 145, 146, 147, 148, 149, 150, 152, 155, 164, 165]
oce_def_tire_ovl_alp.bmp					PS2: [0, 1, 8, 10, 15, 16, 25, 27, 34, 42, 43, 52, 62]					MC: [0, 1, 2, 3, 4, 5, 6, 7, 8, 9, 10, 11, 12, 13, 14, 15, 16, 17, 18, 19, 20, 21, 22, 23, 24, 25, 26, 27, 28, 29, 30, 31, 32, 33, 34, 35, 36, 37, 38, 39, 40, 41, 42, 43, 44, 45, 46, 47, 48, 49, 50, 52, 53, 54, 55, 56, 57, 58, 59, 60, 62]
operation_room_ms_alp_ovl.bmp					PS2: [0, 2, 5, 6, 10, 14, 20, 24, 30, 35, 39, 44, 49, 57, 61, 63]					MC: [0, 1, 2, 3, 4, 5, 6, 7, 8, 9, 10, 11, 12, 13, 14, 15, 16, 17, 18, 19, 20, 21, 22, 23, 24, 25, 26, 27, 28, 29, 30, 31, 32, 33, 34, 35, 36, 37, 38, 39, 40, 41, 42, 43, 44, 45, 46, 47, 48, 49, 50, 51, 52, 53, 54, 55, 56, 57, 58, 59, 60, 61, 62, 63, 64, 65]
oum_tail_col_alp_ovl.bmp					PS2: [0, 4, 9, 11, 17, 18, 20, 24, 30, 35, 37, 44, 48, 52, 61, 62, 64, 68, 74, 75, 78, 80, 81, 88, 89, 91, 95, 99, 100, 101, 110, 111, 112, 113, 116, 118, 119, 120, 126, 128]					MC: [0, 1, 2, 3, 4, 5, 6, 7, 9, 10, 12, 13, 15, 16, 17, 19, 21, 23, 24, 25, 27, 28, 29, 30, 32, 33, 36, 38, 42, 46, 48, 51, 52, 53, 54, 56, 58, 61, 64, 65, 70, 71, 75, 76, 80, 82, 83, 85, 91, 95, 96, 98, 103, 106, 107, 108, 110, 111, 112, 113, 115, 116, 117, 118, 119, 120, 121, 122, 123, 124, 125, 126, 127, 128, 129, 130, 131, 132, 133, 134, 135, 136, 137, 138, 139, 140, 145, 149, 150, 151, 154, 155]
oum_wing_in_alp_ovl_col.bmp					PS2: [0, 1, 3, 4, 6, 7, 8, 9, 10, 12, 13, 14, 15, 17, 18, 20, 22, 24, 26, 28, 29, 32, 33, 34, 35, 36, 38, 40, 43, 45, 47, 50, 53, 55, 56, 60, 61, 63, 64, 66, 69, 70, 71, 75, 77, 79, 80, 81, 84, 88, 89, 90, 91, 92, 93, 95, 97, 101, 103, 105, 106, 107, 109, 110, 111, 112, 113, 115, 117, 118, 121, 122, 124, 125, 126, 127, 128]					MC: [0, 1, 2, 3, 4, 5, 6, 7, 8, 9, 10, 11, 12, 13, 14, 15, 16, 17, 18, 19, 20, 21, 22, 23, 24, 25, 26, 27, 28, 29, 30, 32, 33, 35, 36, 39, 40, 41, 42, 44, 45, 46, 47, 48, 49, 50, 51, 52, 53, 54, 55, 57, 60, 61, 62, 63, 64, 65, 68, 69, 70, 71, 74, 75, 76, 78, 79, 81, 82, 83, 84, 85, 87, 88, 89, 90, 93, 94, 95, 96, 97, 98, 99, 100, 103, 104, 105, 106, 107, 108, 109, 110, 111, 112, 113, 114, 115, 116, 118, 119, 121, 122, 123, 124, 125, 126, 127, 128, 129, 130, 131, 132, 133, 134, 135, 136, 137, 138, 139, 140, 141, 142, 143, 144, 145, 146, 147, 148, 149, 150, 151, 152, 153, 154, 155]
pai_def_body_ovl_sub_alp.bmp					PS2: [0, 2, 5, 7, 10, 14, 18, 22, 24, 28, 34, 41, 52, 65, 78, 101]					MC: [0, 1, 2, 3, 4, 5, 6, 7, 8, 9, 10, 11, 12, 13, 14, 15, 16, 17, 18, 19, 20, 21, 22, 23, 24, 25, 26, 27, 28, 29, 30, 31, 32, 33, 34, 35, 36, 37, 38, 39, 40, 41, 42, 43, 44, 45, 46, 47, 48, 49, 50, 51, 52, 53, 54, 55, 56, 57, 58, 59, 60, 61, 62, 63, 64, 65, 66, 67, 68, 69, 70, 71, 72, 73, 74, 75, 76, 77, 78, 79, 80, 81, 82, 83, 84, 85, 86, 87, 88, 90, 91, 92, 93, 94, 95, 96, 97, 98, 99, 100, 101, 102, 103, 104, 105, 106, 107, 108, 109, 111, 112, 113, 114, 117, 118, 120, 121, 122, 123, 124, 126, 127]
pai_def_boots_ovl_sub_alp.bmp					PS2: [0, 6, 10, 13, 16, 19, 24, 30, 37, 45, 54, 59, 67, 83, 103, 128]					MC: [0, 1, 2, 3, 4, 5, 6, 7, 8, 9, 10, 11, 12, 13, 14, 15, 16, 17, 18, 19, 20, 21, 22, 23, 24, 25, 26, 27, 28, 29, 30, 31, 32, 33, 34, 35, 36, 37, 38, 39, 40, 41, 42, 43, 44, 45, 46, 47, 48, 49, 50, 51, 52, 53, 54, 55, 56, 57, 58, 59, 60, 61, 62, 63, 64, 65, 66, 67, 68, 69, 70, 71, 72, 73, 74, 75, 76, 77, 78, 79, 80, 81, 82, 83, 84, 85, 86, 87, 88, 89, 90, 91, 92, 93, 94, 96, 97, 98, 99, 100, 101, 102, 103, 104, 105, 106, 107, 108, 109, 110, 111, 112, 113, 114, 115, 116, 117, 118, 119, 120, 121, 122, 124, 125, 127, 128, 129, 130, 132, 133, 134, 135, 136, 137, 138, 139, 140, 141, 142, 143, 145, 148, 151, 152, 153, 155, 156, 158, 160]
pai_def_hand_hi_ovl_sub_alp.bmp					PS2: [0, 6, 8, 11, 14, 15, 18, 19, 21, 24, 28, 32, 36, 40, 49, 62]					MC: [0, 1, 2, 3, 4, 5, 6, 7, 8, 9, 10, 11, 12, 13, 14, 15, 16, 17, 18, 19, 20, 21, 22, 23, 24, 25, 26, 27, 28, 29, 30, 31, 32, 33, 34, 35, 36, 37, 38, 39, 40, 41, 42, 43, 44, 45, 46, 47, 48, 49, 50, 51, 52, 53, 54, 55, 56, 57, 58, 59, 60, 61, 62, 63, 64, 65, 67, 69, 73, 74, 76, 77, 79, 80, 82, 85]
pai_def_mask_h_ovl_alp.bmp					PS2: [0, 10, 11, 12, 30, 31, 32, 33, 34, 35, 36, 49, 51, 53, 56, 76, 79, 80, 81, 82, 83, 84, 89, 90, 91, 92, 104, 105, 106, 121, 122, 123, 128]					MC: [0, 1, 2, 3, 5, 6, 7, 8, 9, 10, 11, 12, 13, 15, 16, 17, 18, 19, 20, 21, 22, 23, 24, 27, 28, 29, 32, 34, 35, 39, 40, 42, 43, 45, 46, 48, 49, 50, 54, 56, 59, 60, 61, 62, 75, 76, 77, 78, 79, 80, 81, 83, 84, 94, 95, 99, 102, 103, 104, 105, 107, 108, 109, 110, 111, 112, 113, 119, 120, 121, 122, 123, 126, 127, 128, 129, 130, 131, 132, 133, 134, 135, 136, 137, 138, 139, 140, 141, 142, 143, 144, 145, 146, 147, 148, 149]
pai_def_mask_ovl_sub_alp.bmp					PS2: [0, 2, 6, 10, 12, 15, 18, 20, 21, 23, 26, 28, 31, 36, 42, 60]					MC: [0, 1, 2, 3, 4, 5, 6, 7, 8, 9, 10, 11, 12, 13, 14, 15, 16, 17, 18, 19, 20, 21, 22, 23, 24, 25, 26, 27, 28, 31, 32, 33, 34, 35, 36, 37, 38, 39, 40, 41, 42, 43, 44, 45, 46, 47, 48, 49, 50, 51, 52, 53, 54, 55, 57, 58, 68, 70, 74, 76, 78]
pai_def_matuge_alp_ovl.bmp					PS2: [0, 1, 2, 3, 4, 5, 6, 7, 8, 9, 10, 11, 12, 13, 14, 15, 16, 17, 18, 19, 20, 21, 22, 23, 24, 25, 26, 27, 28, 29, 30, 31, 32, 33, 34, 35, 36, 37, 38, 39, 40, 41, 42, 43, 44, 45, 46, 47, 48, 49, 50, 51, 52, 53, 54, 55, 56, 57, 58, 59, 60, 61, 62, 63, 64, 65, 66, 67, 68, 69, 70, 71, 72, 73, 74, 75, 76, 77, 78, 79, 80, 81, 82, 83, 84, 85, 86, 87, 88, 89, 90, 91, 92, 93, 94, 95, 96, 97, 98, 99, 100, 101, 102, 103, 104, 105, 106, 107, 108, 109, 110, 111, 112, 113, 114, 115, 116, 117, 118, 119, 120, 121, 122, 123, 124, 125, 126, 127, 128]					MC: [0, 1, 2, 3, 4, 5, 6, 7, 8, 9, 10, 11, 12, 13, 14, 15, 16, 17, 18, 19, 20, 21, 22, 23, 24, 25, 26, 27, 28, 29, 30, 31, 32, 33, 34, 35, 36, 37, 38, 39, 40, 41, 42, 43, 44, 45, 46, 47, 48, 49, 50, 51, 52, 53, 54, 55, 56, 57, 58, 59, 60, 61, 62, 63, 64, 65, 66, 67, 68, 69, 70, 71, 72, 73, 74, 75, 76, 77, 78, 79, 80, 81, 82, 83, 84, 85, 86, 87, 88, 89, 90, 91, 92, 93, 94, 95, 96, 97, 98, 99, 100, 101, 102, 103, 104, 105, 106, 107, 108, 109, 110, 111, 112, 113, 114, 115, 116, 117, 118, 119, 120, 121, 122, 123, 124, 125, 126, 127, 128, 129, 130, 131, 132, 133]
paper_tracks_00_alp_ovl.bmp					PS2: [0, 13, 17, 20, 25, 27, 36, 38, 47, 54, 66, 84, 107]					MC: [0, 1, 2, 3, 4, 5, 6, 7, 8, 9, 10, 11, 12, 13, 14, 15, 16, 17, 18, 19, 20, 21, 22, 23, 24, 25, 26, 27, 28, 29, 30, 31, 32, 33, 34, 35, 36, 37, 38, 39, 40, 41, 42, 43, 44, 45, 46, 47, 48, 49, 50, 51, 52, 53, 54, 55, 56, 57, 58, 59, 60, 61, 62, 63, 64, 65, 66, 67, 68, 69, 70, 71, 72, 73, 74, 75, 76, 77, 78, 79, 80, 81, 82, 83, 84, 85, 86, 87, 88, 89, 90, 91, 92, 93, 94, 95, 96, 97, 98, 99, 100, 101, 102, 103, 104, 105, 106, 107, 108, 109, 110, 111, 112, 113, 114, 115, 116, 117, 118, 119, 120, 121, 122, 123, 124, 125, 127, 128, 129, 130, 131, 132, 133, 134, 135, 136, 137, 138, 139, 140, 141, 144, 145, 146, 149, 150, 154, 157, 160]
par_def_wing_alp_ovl_col.bmp					PS2: [0, 1, 2, 3, 5, 6, 7, 8, 9, 10, 11, 12, 14, 16, 17, 18, 19, 24, 25, 27, 28, 29, 30, 31, 33, 35, 36, 38, 40, 42, 44, 46, 49, 51, 52, 54, 55, 56, 57, 58, 59, 60, 61, 64, 68, 70, 72, 75, 77, 82, 86, 87, 88, 90, 91, 94, 95, 96, 97, 98, 100, 101, 104, 106, 108, 109, 110, 111, 112, 113, 114, 115, 116, 117, 118, 119, 120, 121, 122, 123, 124, 125, 126, 127, 128]					MC: [0, 1, 2, 3, 4, 6, 7, 8, 10, 11, 13, 14, 15, 16, 17, 18, 19, 20, 21, 22, 23, 24, 26, 27, 28, 29, 32, 33, 34, 35, 36, 39, 47, 50, 51, 52, 54, 55, 57, 60, 63, 64, 65, 67, 68, 69, 72, 73, 75, 76, 78, 79, 81, 82, 83, 85, 86, 88, 89, 90, 92, 95, 99, 100, 102, 104, 105, 107, 109, 110, 111, 112, 115, 116, 117, 118, 119, 120, 121, 122, 123, 124, 125, 126, 127, 128, 129, 130, 131, 132, 133, 134, 135, 136, 137, 138, 139, 140, 141, 142, 143, 147, 149, 150, 151, 152, 154]
par_def_wing_out_alp_ovl_col.bmp					PS2: [0, 2, 3, 4, 5, 9, 10, 14, 15, 16, 17, 19, 23, 26, 27, 28, 31, 34, 35, 36, 37, 38, 40, 43, 45, 46, 47, 51, 53, 55, 57, 58, 59, 61, 62, 63, 65, 67, 69, 74, 76, 82, 85, 86, 87, 88, 93, 94, 95, 96, 98, 101, 103, 104, 106, 108, 110, 111, 112, 113, 114, 115, 116, 117, 118, 119, 120, 121, 124, 125, 126, 127, 128]					MC: [0, 1, 2, 3, 4, 5, 6, 7, 8, 9, 10, 11, 12, 13, 14, 15, 16, 17, 18, 19, 20, 21, 22, 23, 24, 25, 26, 27, 28, 29, 30, 31, 32, 33, 34, 35, 36, 37, 38, 39, 40, 41, 42, 43, 44, 45, 46, 47, 48, 49, 50, 51, 52, 53, 54, 55, 56, 57, 58, 59, 60, 62, 63, 64, 65, 66, 67, 68, 69, 70, 71, 72, 73, 74, 75, 76, 78, 79, 80, 81, 82, 83, 84, 85, 86, 87, 88, 89, 90, 91, 92, 93, 94, 95, 96, 97, 98, 99, 100, 101, 102, 103, 104, 105, 106, 107, 108, 109, 110, 111, 112, 113, 114, 115, 116, 117, 118, 119, 120, 121, 122, 123, 124, 125, 126, 127, 128, 129, 130, 131, 132, 133, 134, 135, 136, 137, 138, 139, 140, 141, 142, 143, 144, 145, 146, 147, 148, 149, 150, 152, 153]
paralittle_ovl_alp.bmp					PS2: [0, 2, 9, 21, 36, 54, 76, 79, 100, 128]					MC: [0, 1, 2, 3, 4, 5, 6, 7, 8, 10, 11, 12, 13, 15, 17, 18, 20, 22, 24, 25, 26, 27, 28, 29, 30, 32, 33, 37, 38, 39, 40, 46, 47, 63, 64, 65, 73, 75, 78, 79, 82, 83, 84, 85, 86, 87, 90, 95, 97, 101, 103, 105, 106, 107, 110, 111, 112, 113, 115, 116, 119, 121, 123, 124, 126, 127, 128, 129, 130, 131, 132, 133, 134, 135, 136, 138, 140, 142, 143, 146, 147, 150, 151, 156]
pictures00_alp_ovl.bmp_535d92ef8777ab15139d3b7fcd87b17f					PS2: [0, 25, 52, 89]					MC: [0, 1, 2, 3, 4, 5, 6, 8, 9, 11, 12, 13, 14, 15, 16, 17, 18, 19, 20, 21, 22, 23, 24, 25, 26, 27, 28, 29, 31, 34, 35, 38, 39, 42, 49, 50, 53, 54, 55, 56, 57, 59, 60, 61, 63, 64, 66, 68, 69, 70, 71, 72, 73, 74, 75, 76, 78, 79, 81, 82, 85, 86, 87, 88, 89, 90, 91, 92, 93, 94, 95, 96, 97, 98, 99, 100, 101, 102, 103, 104, 105, 106, 107, 108, 109, 110, 111, 112, 113, 115, 117]
pipe_bara03_alp_ovl.bmp					PS2: [0, 25, 128]					MC: [0, 1, 2, 3, 7, 8, 10, 12, 13, 16, 17, 18, 19, 20, 21, 22, 23, 24, 25, 26, 32, 36, 42, 45, 60, 64, 65, 66, 68, 70, 73, 113, 122, 123, 127, 128, 129, 130, 131, 132, 133, 134, 135, 137, 138, 145, 146, 147, 148, 152, 154, 155, 161]
pipe_sdw_00_alp_ovl.bmp					PS2: [0, 2, 6, 9, 14, 18, 23, 31, 40, 45, 49, 51, 55, 59, 69, 93]					MC: [0, 1, 2, 3, 4, 5, 6, 7, 8, 9, 10, 11, 12, 13, 14, 15, 16, 17, 18, 19, 20, 21, 22, 23, 24, 25, 26, 27, 28, 29, 30, 33, 34, 35, 36, 37, 38, 39, 40, 41, 42, 43, 44, 45, 46, 47, 48, 49, 50, 51, 52, 53, 54, 55, 56, 57, 58, 59, 60, 61, 62, 63, 64, 65, 66, 67, 68, 69, 70, 71, 72, 73, 74, 75, 76, 77, 78, 79, 80, 81, 82, 83, 84, 85, 86, 88, 94, 96, 97, 99, 101, 106, 118, 126, 128, 129, 135, 137, 142]
planta00_alp_ovl.bmp_531eec38a029046f9cfaf71dbb726ab8					PS2: [0, 28, 79, 128]					MC: [0, 1, 2, 3, 4, 5, 6, 7, 8, 9, 10, 11, 12, 13, 14, 15, 16, 17, 18, 19, 20, 21, 22, 23, 24, 25, 26, 27, 28, 29, 30, 31, 32, 33, 34, 35, 36, 37, 38, 39, 40, 41, 42, 43, 44, 45, 46, 47, 48, 49, 50, 51, 52, 53, 54, 55, 56, 57, 58, 59, 60, 61, 62, 63, 64, 65, 66, 67, 68, 69, 70, 71, 72, 73, 74, 75, 76, 77, 78, 79, 80, 81, 82, 83, 84, 85, 86, 87, 88, 89, 90, 91, 92, 93, 94, 95, 96, 97, 98, 99, 100, 101, 102, 103, 104, 105, 106, 107, 108, 109, 110, 111, 112, 113, 114, 115, 116, 117, 118, 119, 120, 121, 122, 123, 124, 125, 126, 127, 128, 129, 130, 131, 132, 133, 134, 135, 136, 137, 138, 139, 140, 141, 142, 143, 144, 145, 146, 147, 148, 149, 150, 151, 152, 153, 154, 155, 156, 157, 158, 159, 160, 161, 162, 163, 164, 165, 166, 167, 168, 169, 170, 171, 172, 173, 174, 175, 176, 177]
planta00_alp_ovl.bmp_6ed3f79e7c8195ee5b862429b653710c					PS2: [0, 28, 78, 79, 128]					MC: [0, 1, 2, 3, 4, 5, 6, 7, 8, 9, 10, 11, 12, 13, 14, 15, 16, 17, 18, 19, 20, 21, 22, 23, 24, 25, 26, 27, 28, 29, 30, 31, 32, 33, 34, 35, 36, 37, 38, 39, 40, 41, 42, 43, 44, 45, 46, 47, 48, 49, 50, 51, 52, 53, 54, 55, 56, 57, 58, 59, 60, 61, 62, 63, 64, 65, 66, 67, 68, 69, 70, 71, 72, 73, 74, 75, 76, 77, 78, 79, 80, 81, 82, 83, 84, 85, 86, 87, 88, 89, 90, 91, 92, 93, 94, 95, 96, 97, 98, 99, 100, 101, 102, 103, 104, 105, 106, 107, 108, 109, 110, 111, 112, 113, 114, 115, 116, 117, 118, 119, 120, 121, 122, 123, 124, 125, 126, 127, 128, 129, 130, 131, 132, 133, 134, 135, 136, 137, 138, 139, 140, 141, 142, 143, 144, 145, 146, 147, 148, 149, 150, 151, 152, 153, 154, 155, 156, 157, 158, 159, 160, 161, 162, 163, 164, 165, 166, 167, 168, 169, 170, 171, 172, 174, 175, 176, 177]
poster_m00_alp_ovl.bmp					PS2: [0, 92, 93]					MC: [0, 1, 92, 93]
poster_ru00_alp_ovl.bmp					PS2: [0, 55, 100, 126, 128]					MC: [0, 1, 2, 3, 15, 38, 52, 55, 56, 57, 58, 59, 60, 76, 79, 93, 100, 101, 102, 108, 117, 120, 126, 127, 128]
poster_tirn00_alp_ovl.bmp					PS2: [0, 2, 12, 13, 14, 16, 22, 23, 25, 26, 28, 31, 32, 33, 34, 36, 38, 39, 40, 42, 43, 44, 45, 46, 47, 49, 50, 52, 53, 57, 58, 59, 60, 61, 62, 64, 65, 66, 68, 69, 70, 71, 72, 73, 74, 75, 76, 77, 78, 79, 80, 81, 82, 83, 84, 85, 86, 87, 88, 89, 90, 91, 92, 93, 94, 95, 96, 97, 98, 99, 100]					MC: [0, 1, 2, 3, 4, 5, 6, 12, 13, 14, 15, 16, 17, 19, 21, 22, 23, 24, 25, 26, 27, 28, 30, 31, 32, 33, 34, 35, 36, 38, 39, 40, 41, 42, 43, 44, 45, 46, 47, 48, 49, 50, 51, 52, 53, 54, 55, 56, 57, 58, 59, 60, 61, 62, 63, 64, 65, 66, 67, 68, 69, 70, 71, 72, 73, 74, 75, 76, 77, 78, 79, 80, 81, 82, 83, 84, 85, 86, 87, 88, 89, 90, 91, 92, 93, 94, 95, 96, 97, 98, 99, 100]
pre_suits_add_ovl_alp.bmp					PS2: [0, 1, 2, 4, 5, 6, 8, 9, 11, 13, 14, 15, 17, 19, 23]					MC: [0, 1, 2, 3, 4, 5, 6, 7, 8, 9, 10, 11, 12, 13, 14, 15, 16, 17, 18, 19, 20, 21, 22, 23, 24, 25]
raiden_01_mod0001_alpx2_ovl.bmp					PS2: [0, 4, 5, 6, 7, 8, 9, 10, 11, 12, 13, 14, 15, 16, 17, 18, 19, 20, 21, 22, 23, 24, 25, 26, 27, 28, 29, 30, 31, 32, 33, 34, 35, 36, 37, 38, 39, 40, 41, 42, 43, 44, 45, 46, 47, 48, 49, 50, 51, 52, 53, 54, 55, 56, 57, 58, 59, 60, 61, 62, 63, 64, 65, 66, 67, 68, 69, 70, 71, 72, 73, 74, 75, 76, 77, 78, 79, 80, 81, 82, 83, 84, 85, 86, 87, 88, 89, 90, 91, 92, 93, 94, 95, 96, 97, 98, 99, 100, 101, 102, 103, 104, 105, 106, 107, 108, 109, 110, 111, 112, 113, 114, 115, 116, 117, 118, 119, 120, 121, 122, 123, 124, 125, 126, 127, 128, 129, 130, 131, 132, 133, 134, 135, 136, 137, 138, 139, 140, 141, 142, 143, 144, 145, 146, 147, 148, 149, 150, 151, 152, 153, 154, 155, 156, 157, 158, 159, 160, 161, 162, 163, 164, 165, 166, 167, 168, 169, 170, 171, 172, 173, 174, 175, 176, 177, 178, 179, 180, 181, 182, 183, 184, 185, 186, 187, 188, 189, 190, 191, 192, 193, 194, 195, 196, 197, 198, 199, 200, 201, 202, 203, 204, 205, 206, 207, 208, 209, 210, 211, 212, 213, 214, 215, 216, 217, 218, 220, 221, 222, 224, 225, 226, 227, 228, 229, 230, 231, 232, 233, 234, 235, 236, 237, 238, 239, 240, 241, 242, 244, 246, 247, 248, 249, 250, 251, 253]					MC: [0, 1, 2, 3, 4, 5, 6, 7, 8, 9, 10, 11, 12, 13, 14, 15, 16, 17, 18, 19, 20, 21, 22, 23, 24, 25, 26, 27, 28, 29, 30, 31, 32, 33, 34, 35, 36, 37, 38, 39, 40, 41, 42, 43, 44, 45, 46, 47, 48, 49, 50, 51, 52, 53, 54, 55, 56, 57, 58, 59, 60, 61, 62, 63, 64, 65, 66, 67, 68, 69, 70, 71, 72, 73, 74, 75, 76, 77, 78, 79, 80, 81, 82, 83, 84, 85, 86, 87, 88, 89, 90, 91, 92, 93, 94, 95, 96, 97, 98, 99, 100, 101, 102, 103, 104, 105, 106, 107, 108, 109, 110, 111, 112, 113, 114, 115, 116, 117, 118, 119, 120, 121, 122, 123, 124, 125, 126, 127, 128, 129, 130, 131, 132, 133, 134, 135, 136, 137, 138, 139, 140, 141, 142, 143, 144, 145, 146, 147, 148, 149, 150, 151, 152, 153, 154, 155, 156, 157, 158, 159, 160, 161, 162, 163, 164, 165, 166, 167, 168, 169, 170, 171, 172, 173, 174, 175, 176, 177, 178, 179, 180, 181, 182, 183, 184, 185, 186, 187, 188, 189, 190, 191, 192, 193, 194, 195, 196, 197, 198, 199, 200, 201, 202, 203, 204, 205, 206, 207, 208, 209, 210, 211, 212, 213, 214, 215, 216, 217, 218, 219, 220, 221, 222, 223, 224, 225, 226, 227, 228, 229, 230, 231, 232, 233, 234, 235, 236, 237, 238, 239, 240, 241, 242, 243, 244, 245, 246, 247, 248, 249, 250, 251, 252, 253, 254]
ray_marines_alp_ovl.bmp					PS2: [0, 2, 7, 13, 23, 30, 35, 40, 46, 53, 60, 72, 82, 89, 97, 126]					MC: [0, 1, 2, 3, 4, 5, 6, 7, 8, 9, 10, 11, 12, 13, 14, 15, 16, 17, 18, 19, 20, 21, 22, 23, 24, 25, 26, 27, 28, 29, 30, 31, 32, 33, 34, 35, 36, 37, 39, 40, 41, 42, 43, 44, 45, 46, 47, 48, 49, 50, 51, 52, 53, 54, 55, 56, 57, 58, 59, 60, 61, 62, 63, 64, 65, 66, 67, 68, 69, 70, 71, 72, 73, 74, 75, 76, 77, 78, 79, 80, 82, 84, 86, 87, 88, 89, 90, 91, 92, 93, 94, 95, 96, 97, 98, 99, 104, 105, 107, 112, 114, 118]
rex_eyes_alp_ovl.bmp					PS2: [0, 31, 63, 90, 95, 125, 127, 128]					MC: [0, 1, 2, 3, 4, 5, 6, 7, 9, 10, 11, 12, 13, 14, 15, 16, 17, 18, 19, 20, 21, 22, 23, 24, 26, 27, 31, 32, 33, 34, 35, 36, 37, 38, 39, 40, 41, 42, 43, 45, 47, 48, 49, 51, 53, 54, 55, 56, 57, 58, 59, 60, 61, 62, 63, 65, 66, 67, 69, 70, 71, 72, 73, 74, 75, 77, 78, 80, 81, 82, 83, 84, 86, 87, 89, 91, 92, 93, 95, 96, 97, 98, 99, 100, 101, 102, 103, 104, 106, 107, 110, 112, 113, 114, 115, 116, 117, 118, 119, 120, 121, 122, 123, 124, 125, 126, 127, 128, 129, 130, 131, 132, 133, 134, 135, 136, 137, 138, 139, 140, 141, 142, 143, 144, 145, 146, 147, 148, 149, 150, 151, 152, 153, 154, 156, 158]
rex_finger_s_alp_ovl.bmp					PS2: [0, 32, 64, 128]					MC: [0, 1, 2, 3, 4, 5, 6, 7, 8, 9, 10, 11, 12, 13, 14, 15, 16, 17, 18, 19, 20, 21, 22, 23, 24, 25, 26, 27, 28, 30, 31, 32, 33, 34, 35, 36, 37, 38, 39, 42, 45, 46, 47, 50, 51, 54, 56, 57, 61, 62, 64, 65, 66, 73, 75, 76, 80, 84, 85, 86, 87, 89, 90, 91, 93, 94, 95, 96, 97, 98, 99, 100, 101, 102, 103, 107, 110, 112, 113, 116, 117, 120, 121, 122, 123, 124, 125, 126, 127, 128, 129, 130, 131, 132, 133, 134, 135, 136, 137, 138, 139, 140, 142, 143, 144, 146, 147, 151]
rex_railgun_ts_alp_ovl.bmp					PS2: [0, 64, 128]					MC: [0, 1, 2, 3, 6, 8, 11, 15, 19, 22, 23, 24, 26, 27, 28, 34, 35, 36, 46, 49, 57, 68, 81, 87, 88, 90, 91, 92, 93, 94, 95, 98, 99, 100, 104, 105, 106, 107, 109, 112, 113, 115, 116, 117, 120, 126, 127, 128, 129, 130, 131, 132, 133, 134, 135, 136, 137, 139, 141, 143, 145, 146]
rex_waist_plate_alp_ovl.bmp					PS2: [0, 63, 128]					MC: [0, 1, 2, 3, 4, 5, 6, 7, 8, 9, 11, 12, 13, 14, 15, 16, 17, 18, 20, 21, 22, 23, 24, 26, 32, 34, 35, 48, 49, 53, 54, 57, 58, 61, 64, 65, 67, 68, 69, 71, 72, 73, 74, 75, 76, 77, 78, 79, 80, 81, 82, 83, 85, 86, 87, 88, 93, 95, 96, 97, 99, 100, 101, 102, 103, 104, 105, 106, 107, 108, 109, 110, 111, 112, 113, 114, 115, 116, 117, 118, 120, 121, 124, 125, 126, 127, 128, 129, 130, 131, 132, 133, 134, 135, 136, 137, 138, 139, 140, 141, 142, 143, 144, 145, 147]
rogo_alp_ovl.bmp					PS2: [0, 8, 16, 31, 39, 47, 55, 63, 71, 79, 87, 95, 103, 111, 119]					MC: [0, 1, 2, 3, 4, 5, 6, 7, 8, 9, 10, 11, 12, 13, 14, 15, 16, 17, 18, 19, 20, 21, 22, 23, 24, 25, 26, 27, 28, 29, 30, 32, 33, 34, 35, 37, 40, 41, 43, 44, 45, 46, 47, 50, 51, 52, 53, 54, 56, 58, 59, 60, 61, 62, 63, 64, 65, 67, 68, 69, 70, 71, 72, 74, 75, 76, 77, 78, 79, 80, 81, 82, 83, 84, 85, 86, 87, 88, 89, 90, 91, 92, 93, 94, 95, 96, 97, 98, 99, 100, 101, 103, 104, 105, 106, 107, 108, 109, 110, 111, 112, 113, 114, 115, 116, 117, 118, 119, 120, 121, 122, 123, 124, 125, 126, 127, 128, 129, 130, 131, 133, 134, 135, 137, 139, 140, 142, 154]
rpv_def_wing_ovl_alp.bmp					PS2: [0, 1, 3, 5, 7, 10, 12, 14, 16, 18, 22, 26, 29, 32, 37, 40, 43, 46, 49, 52, 55, 57, 59, 62, 65, 68, 69, 71, 73, 75, 77, 80, 81, 84, 85, 88, 89, 93, 95, 96, 97, 99, 100, 101, 104, 105, 106, 108, 109, 110, 112, 113, 114, 115, 118, 119, 121, 122, 123, 124, 125, 128]					MC: [0, 1, 2, 3, 4, 5, 6, 7, 8, 9, 10, 11, 12, 13, 14, 15, 16, 17, 18, 19, 20, 21, 22, 23, 24, 25, 26, 27, 28, 29, 30, 31, 32, 33, 34, 35, 36, 37, 38, 39, 40, 41, 42, 43, 44, 45, 46, 47, 48, 49, 50, 51, 52, 53, 54, 55, 56, 57, 58, 59, 60, 61, 62, 63, 64, 65, 66, 67, 68, 69, 70, 71, 72, 73, 74, 75, 76, 77, 78, 79, 80, 81, 82, 83, 84, 85, 86, 87, 88, 89, 90, 91, 92, 93, 94, 95, 96, 97, 98, 99, 100, 101, 102, 103, 104, 105, 106, 107, 108, 109, 110, 111, 112, 113, 114, 115, 116, 117, 118, 119, 120, 121, 122, 123, 124, 125, 126, 127, 128, 129, 130, 131, 132, 133, 134, 135, 136, 137, 138, 139, 140, 141, 142, 143, 144, 145, 146, 147, 148, 149, 150, 151, 152, 153, 154, 155, 156, 157, 158, 159, 160, 161, 162, 164, 165, 166]
s001a_happa05_alp_ovl_mip8000.bmp					PS2: [0, 27, 49, 67, 79, 122, 123, 124, 125, 126]					MC: [0, 1, 2, 3, 4, 5, 6, 7, 8, 19, 20, 21, 22, 23, 24, 25, 26, 27, 28, 29, 32, 33, 34, 35, 36, 45, 46, 47, 48, 49, 50, 51, 52, 53, 54, 55, 56, 57, 65, 66, 67, 68, 69, 70, 71, 72, 73, 74, 75, 76, 78, 79, 80, 81, 82, 83, 84, 85, 86, 87, 88, 115, 116, 117, 118, 119, 120, 121, 122, 123, 124, 125, 126, 127, 128, 129, 130]
s001a_tree_komorebi_alpx2_mod1001_ovl_rep.bmp					PS2: [0, 4, 13, 29, 42, 53, 66, 75, 84, 100, 119, 128]					MC: [0, 4, 13, 29, 42, 53, 66, 75, 84, 100, 119, 138, 157, 175, 191, 219]
s002a_komorebi2_alpx2_ovl_rep_mod1001.bmp					PS2: [0, 5, 15, 26, 35, 46, 58, 68, 81, 98, 116, 128]					MC: [0, 5, 15, 26, 35, 46, 58, 68, 81, 98, 116, 129, 143, 159, 174, 188]
s002a_tree_komorebi3_alpx2_ovl_rep_mod1001.bmp					PS2: [0, 9, 22, 33, 41, 49, 61, 78, 92, 101, 113, 128]					MC: [0, 9, 22, 33, 41, 49, 61, 78, 92, 101, 113, 131, 148, 161, 174, 188]
s006a_2f_rail_shd1_alp_ovl.bmp					PS2: [0, 3, 5, 13, 19, 25, 30, 40, 48, 53, 58, 64, 69, 74, 80, 84]					MC: [0, 1, 2, 3, 4, 5, 6, 7, 8, 9, 10, 11, 12, 13, 14, 15, 16, 17, 18, 19, 20, 21, 22, 23, 24, 25, 26, 27, 28, 29, 30, 31, 32, 34, 35, 36, 37, 38, 39, 40, 41, 42, 43, 44, 45, 46, 48, 49, 50, 51, 52, 54, 55, 56, 57, 58, 59, 60, 61, 62, 63, 64, 65, 66, 68, 69, 70, 71, 72, 73, 74, 75, 76, 77, 78, 79, 80, 81, 82, 83, 84, 85, 86, 87, 88, 89, 90, 91, 92, 93, 94, 95, 96, 97, 98, 99, 100, 101, 102, 103, 104, 105, 106, 107, 108, 109, 110, 111, 112, 113, 114, 115, 116, 117, 118, 119, 120, 122, 123, 126, 127]
s006a_2f_rail_shd2_alp_ovl.bmp					PS2: [0, 3, 9, 15, 20, 28, 36, 44, 48, 52, 59, 68, 72, 74, 76, 78]					MC: [0, 1, 2, 3, 4, 5, 6, 7, 8, 9, 10, 11, 12, 13, 14, 15, 16, 17, 18, 19, 20, 21, 22, 23, 24, 25, 26, 27, 28, 29, 30, 31, 32, 33, 34, 35, 36, 37, 38, 39, 40, 41, 42, 43, 44, 45, 46, 47, 48, 49, 50, 51, 52, 53, 54, 55, 56, 57, 58, 59, 60, 61, 62, 63, 64, 65, 66, 67, 68, 69, 70, 71, 72, 73, 74, 75, 76, 77, 78, 79, 80, 81, 82, 83, 84, 85, 86, 87, 88, 89, 90, 91, 92, 93, 94, 95, 96, 97, 98, 99, 100, 101, 102, 103, 104, 105, 106, 110, 113]
s006a_cable1_alp_ovl.bmp					PS2: [0, 4, 21, 47, 69, 71, 73, 99, 120, 125, 126, 127, 128]					MC: [0, 1, 2, 3, 4, 5, 6, 7, 8, 9, 10, 11, 12, 13, 14, 15, 16, 17, 18, 19, 20, 21, 22, 23, 24, 25, 26, 27, 28, 29, 30, 31, 32, 33, 34, 35, 36, 37, 38, 39, 40, 41, 42, 43, 44, 45, 46, 47, 48, 49, 51, 52, 53, 54, 55, 56, 57, 58, 59, 60, 61, 62, 63, 64, 65, 66, 67, 68, 69, 70, 71, 72, 73, 74, 75, 76, 77, 78, 79, 80, 81, 82, 83, 84, 85, 86, 87, 88, 89, 90, 91, 92, 93, 94, 95, 96, 97, 98, 100, 101, 102, 103, 104, 105, 106, 107, 108, 109, 110, 111, 112, 113, 114, 115, 116, 117, 118, 119, 120, 121, 122, 123, 124, 125, 126, 127, 128, 129, 130, 131, 132, 133, 134, 135, 136, 137, 138, 139, 140, 141, 142, 143, 144, 145, 146, 147, 148, 149, 150, 151, 152, 153, 154, 155, 156, 157, 158, 159, 161, 163, 164, 165, 166, 167, 177]
s006a_m2f_rail_shd1_alp_ovl.bmp					PS2: [0, 3, 5, 12, 18, 28, 32, 40, 48, 56, 64, 69, 74, 80, 81, 84]					MC: [0, 1, 2, 3, 4, 5, 6, 7, 8, 9, 10, 11, 12, 13, 15, 16, 17, 18, 19, 20, 21, 22, 23, 24, 25, 26, 27, 28, 29, 30, 31, 32, 33, 35, 37, 38, 39, 40, 41, 42, 43, 44, 45, 46, 47, 48, 49, 50, 51, 52, 53, 54, 55, 56, 57, 58, 60, 62, 63, 64, 65, 66, 67, 68, 69, 70, 71, 72, 73, 74, 75, 76, 77, 79, 80, 81, 82, 83, 84, 85, 86, 87, 88, 89, 90, 91, 92, 93, 94, 95, 96, 97, 98, 99, 100, 101, 102, 103, 104, 105, 106, 107, 108, 109, 110, 111, 113, 116, 117, 121, 122]
s033a_common_shadow_alp_ovl.bmp					PS2: [0, 5, 16, 22, 28, 39, 47, 69, 78, 88, 90, 99, 104, 113, 124, 128]					MC: [0, 1, 2, 3, 6, 7, 8, 9, 10, 17, 19, 20, 23, 24, 25, 26, 27, 28, 33, 38, 41, 42, 43, 47, 48, 51, 52, 53, 57, 71, 72, 75, 78, 82, 86, 92, 93, 94, 95, 97, 99, 106, 107, 113, 115, 116, 117, 118, 124, 125, 128]
s043a_fl01a_alp_ovl.bmp					PS2: [0, 7, 19, 36, 50, 65, 71, 88, 89]					MC: [0, 1, 2, 3, 4, 5, 6, 7, 8, 9, 10, 11, 12, 13, 14, 15, 16, 17, 18, 19, 20, 21, 22, 23, 24, 25, 26, 27, 28, 29, 30, 31, 32, 33, 34, 35, 36, 37, 38, 39, 40, 41, 42, 43, 44, 45, 46, 47, 48, 49, 50, 51, 52, 53, 54, 55, 56, 57, 58, 59, 60, 61, 62, 63, 64, 65, 66, 67, 68, 69, 70, 71, 72, 73, 74, 75, 76, 77, 78, 79, 80, 81, 82, 83, 84, 85, 86, 87, 88, 89, 90, 91, 92, 93, 94, 95, 96, 97, 98, 99, 100, 101, 102, 103, 104, 105, 106, 107, 108, 109, 110, 111, 112, 113, 114, 115, 116, 118, 119, 122, 123, 124, 126]
s043a_fl02a_alp_ovl.bmp					PS2: [0, 1, 6, 7, 22, 40, 67, 70, 84, 94, 95, 112, 126, 127]					MC: [0, 1, 2, 3, 4, 5, 6, 7, 8, 9, 10, 11, 12, 13, 14, 15, 16, 17, 18, 19, 20, 21, 22, 23, 24, 25, 26, 27, 28, 29, 30, 31, 32, 33, 34, 35, 36, 37, 38, 39, 40, 41, 42, 43, 44, 45, 46, 47, 48, 49, 50, 51, 52, 53, 54, 55, 56, 57, 58, 59, 60, 61, 62, 63, 64, 65, 66, 67, 68, 69, 70, 71, 72, 73, 74, 75, 76, 77, 78, 79, 80, 81, 82, 83, 84, 85, 86, 87, 88, 89, 90, 91, 92, 93, 94, 95, 96, 97, 98, 99, 100, 101, 102, 103, 104, 105, 106, 107, 108, 109, 110, 111, 112, 113, 114, 115, 116, 117, 118, 119, 120, 121, 122, 123, 124, 125, 126, 127, 128, 129, 130, 131, 132, 133, 134, 135, 136, 137, 138, 139, 140, 141, 142, 143, 144, 145, 146, 147, 148, 149, 150, 151, 152, 153, 154, 155, 157, 158, 159, 160, 161, 164, 165, 166, 169]
s043a_wall01a1_alp_ovl.bmp					PS2: [0, 16, 44, 71, 103, 127, 128]					MC: [0, 1, 2, 3, 4, 5, 6, 7, 8, 9, 10, 11, 12, 13, 14, 15, 16, 17, 18, 19, 20, 21, 22, 23, 24, 25, 26, 27, 28, 30, 31, 32, 33, 34, 35, 37, 38, 39, 40, 41, 42, 44, 45, 46, 47, 48, 50, 51, 52, 53, 54, 57, 58, 59, 60, 62, 64, 65, 66, 70, 73, 75, 78, 80, 81, 82, 84, 86, 88, 89, 91, 92, 93, 94, 96, 98, 99, 100, 101, 102, 104, 105, 106, 108, 109, 110, 111, 112, 113, 115, 116, 117, 118, 119, 122, 123, 124, 125, 126, 127, 128, 129, 130, 131, 132, 133, 134, 135, 136, 137, 138, 139, 140, 141, 142, 143, 144, 145, 146, 147, 148, 149, 150, 151, 152, 156, 160, 163]
s043a_wall01a2_alp_ovl.bmp					PS2: [0, 18, 53, 81, 104, 126, 127, 128]					MC: [0, 1, 2, 3, 4, 5, 6, 7, 8, 9, 10, 11, 12, 13, 14, 15, 16, 17, 18, 19, 20, 21, 22, 23, 24, 25, 26, 27, 28, 29, 30, 31, 32, 33, 34, 35, 36, 37, 38, 39, 40, 41, 42, 43, 44, 45, 47, 48, 49, 50, 51, 52, 53, 54, 55, 56, 57, 58, 59, 60, 61, 62, 63, 64, 65, 66, 67, 68, 69, 71, 72, 73, 74, 76, 77, 78, 79, 80, 81, 82, 83, 84, 85, 86, 87, 90, 91, 92, 93, 94, 95, 96, 97, 98, 99, 100, 101, 102, 103, 104, 105, 106, 107, 108, 109, 110, 111, 112, 113, 114, 115, 117, 118, 119, 120, 121, 122, 123, 124, 125, 126, 127, 128, 129, 130, 131, 132, 133, 134, 135, 136, 137, 138, 139, 140, 141, 142, 143, 144, 145, 146, 147, 148, 149, 150, 151, 152, 153, 154, 155, 156, 158, 159, 161, 165]
s043a_wallbrk01_alp_ovl.bmp					PS2: [0, 9, 18, 29, 40, 52, 64, 76, 89, 103, 116, 128]					MC: [0, 1, 2, 3, 4, 5, 6, 7, 8, 9, 10, 11, 12, 13, 14, 15, 16, 17, 18, 19, 20, 21, 22, 23, 24, 25, 26, 27, 28, 29, 30, 31, 32, 33, 34, 35, 36, 37, 38, 39, 40, 41, 42, 43, 44, 45, 46, 47, 48, 49, 50, 51, 52, 53, 54, 55, 56, 57, 58, 59, 60, 61, 62, 63, 64, 65, 66, 67, 68, 69, 70, 71, 72, 73, 74, 75, 76, 77, 78, 79, 80, 81, 82, 83, 84, 85, 86, 87, 88, 89, 90, 91, 92, 93, 94, 95, 96, 97, 98, 99, 100, 101, 102, 103, 104, 105, 106, 107, 108, 109, 110, 111, 112, 113, 114, 115, 116, 117, 118, 119, 120, 121, 122, 123, 124, 125, 126, 127, 128, 129, 130, 131, 132, 133, 134, 135, 136, 137, 138, 139, 140, 141, 142, 143, 144, 145, 146, 147, 148, 149, 150, 151, 152, 153, 154, 155, 156, 157, 158, 159, 160, 161, 162, 163, 165, 168, 172]
s043a_wallpnl00_alp_ovl.bmp					PS2: [0, 76, 128]					MC: [0, 1, 2, 14, 16, 17, 18, 19, 21, 23, 25, 27, 29, 33, 38, 41, 42, 44, 47, 52, 54, 70, 71, 127, 128, 129, 130, 131, 132, 134, 135, 136, 140, 141, 144, 146, 147, 148, 150, 151, 154, 157, 158, 161, 167]
s044a_fl01c_alp_ovl.bmp					PS2: [0, 1, 12, 24, 34, 45, 57, 70, 79, 87, 101, 112, 120, 126]					MC: [0, 1, 2, 3, 4, 5, 6, 7, 8, 9, 10, 11, 12, 13, 14, 15, 16, 17, 18, 19, 20, 21, 22, 23, 24, 25, 26, 27, 28, 29, 30, 31, 32, 33, 34, 35, 36, 37, 38, 39, 40, 41, 42, 43, 44, 45, 46, 47, 48, 49, 50, 51, 52, 53, 54, 55, 56, 57, 58, 59, 60, 61, 62, 63, 64, 65, 66, 67, 68, 69, 70, 71, 72, 73, 74, 75, 76, 77, 78, 79, 80, 81, 82, 83, 84, 85, 86, 87, 88, 89, 90, 91, 92, 93, 94, 95, 96, 97, 98, 99, 100, 101, 102, 103, 104, 105, 106, 107, 108, 109, 110, 111, 112, 113, 114, 115, 116, 117, 118, 119, 120, 121, 122, 123, 124, 125, 126, 127, 128, 129, 130, 131, 132, 133, 134, 135, 136, 137, 138, 139, 140, 141, 142, 143, 144, 145, 146, 147, 148, 149, 150, 151, 153, 154, 155, 156]
s044a_flpnl00_alp_ovl.bmp					PS2: [0, 76, 128]					MC: [0, 1, 4, 6, 14, 15, 16, 17, 18, 19, 20, 21, 23, 26, 27, 33, 40, 41, 71, 72, 76, 78, 98, 101, 121, 123, 127, 128, 129, 130, 131, 132, 133, 134, 135, 137, 143, 146, 147, 148, 149, 154, 156, 166]
s044a_litboxsdw00_alp_ovl.bmp					PS2: [0, 6, 15, 23, 31, 40, 45, 54, 62, 70, 77, 84, 94, 109, 119, 128]					MC: [0, 1, 2, 3, 4, 5, 6, 7, 8, 9, 10, 11, 12, 13, 14, 15, 16, 17, 18, 19, 20, 21, 22, 23, 24, 25, 26, 27, 28, 29, 31, 32, 33, 34, 35, 36, 37, 38, 39, 40, 41, 42, 43, 44, 45, 46, 47, 48, 49, 51, 52, 53, 54, 56, 57, 59, 60, 61, 62, 63, 64, 65, 66, 67, 68, 69, 70, 71, 72, 73, 74, 75, 76, 77, 78, 79, 80, 81, 82, 83, 84, 85, 86, 87, 88, 90, 91, 92, 93, 94, 95, 96, 97, 98, 99, 100, 101, 102, 103, 104, 105, 107, 108, 110, 111, 112, 113, 114, 115, 116, 118, 119, 120, 121, 122, 123, 124, 125, 126, 127, 128, 129, 130, 131, 132, 133, 134, 135, 136, 137, 138, 139, 140, 141, 142, 143, 144, 145, 147, 148, 151, 154, 155, 157]
s044a_pnl02_alp_ovl.bmp					PS2: [0, 65, 67, 78, 82, 87, 90, 93, 94, 99, 108]					MC: [0, 1, 2, 3, 4, 5, 6, 7, 8, 11, 12, 13, 16, 17, 18, 19, 20, 21, 22, 23, 24, 38, 41, 42, 44, 45, 57, 58, 60, 61, 62, 63, 64, 65, 66, 67, 68, 69, 70, 71, 72, 73, 74, 75, 76, 77, 78, 80, 81, 82, 83, 84, 85, 86, 87, 88, 89, 90, 91, 92, 93, 94, 95, 96, 97, 98, 99, 100, 101, 102, 103, 104, 105, 106, 107, 108, 109, 110, 111, 112, 113, 114, 115, 116, 117, 121, 122]
s044a_pnl02a_alp_ovl.bmp					PS2: [0, 39, 42, 55, 61, 67, 73, 82, 86, 95, 96, 105]					MC: [0, 1, 2, 3, 4, 5, 6, 7, 8, 9, 10, 11, 12, 13, 14, 15, 16, 17, 18, 19, 20, 21, 22, 23, 24, 25, 26, 27, 28, 29, 30, 31, 32, 33, 34, 35, 36, 37, 38, 39, 40, 41, 42, 43, 44, 45, 46, 47, 48, 49, 50, 51, 52, 53, 54, 55, 56, 57, 58, 59, 60, 61, 62, 63, 64, 65, 66, 67, 68, 69, 70, 71, 72, 73, 74, 75, 76, 77, 78, 79, 80, 81, 82, 83, 84, 85, 86, 87, 88, 89, 90, 91, 92, 93, 94, 95, 96, 97, 98, 99, 100, 101, 102, 103, 104, 105, 106, 107, 108, 109, 110, 111, 112, 113, 114, 115, 116, 117, 118, 119, 120, 121, 122, 123, 124, 125, 126, 127, 128, 129, 130, 131, 132, 135, 136, 137, 140, 141, 142, 144, 145, 146, 149, 158]
s044a_wallfont00_alp_ovl.bmp					PS2: [0, 13, 17, 21, 25, 27, 29, 32, 33, 35, 38, 41, 44, 46, 52, 56]					MC: [0, 1, 2, 3, 4, 5, 6, 7, 8, 9, 10, 11, 12, 13, 14, 15, 16, 17, 18, 19, 20, 21, 22, 23, 24, 25, 26, 27, 28, 36, 38, 40, 41, 42, 43, 44, 45, 46, 47, 48, 49, 50, 51, 52, 53, 58, 62, 66, 74]
s044a_wallfont01_alp_ovl.bmp					PS2: [0, 15, 20, 24, 25, 27, 31, 33, 35, 39, 41, 43, 45, 46, 50, 53]					MC: [0, 1, 2, 3, 4, 5, 6, 7, 8, 9, 10, 11, 12, 13, 14, 15, 16, 17, 18, 19, 20, 21, 22, 23, 24, 25, 26, 27, 28, 35, 37, 38, 39, 40, 41, 42, 43, 44, 45, 46, 47, 48, 49, 53, 54, 56, 57, 58, 59, 60, 61, 63]
s044a_wallrusty02_alp_ovl.bmp					PS2: [0, 11, 24, 32, 41, 49, 58, 65, 73, 83, 93, 100, 106, 112, 118, 124]					MC: [0, 1, 2, 3, 4, 5, 6, 7, 8, 9, 10, 11, 12, 13, 14, 15, 16, 17, 18, 19, 20, 21, 22, 23, 24, 25, 26, 27, 28, 29, 30, 31, 32, 33, 34, 35, 36, 37, 38, 39, 40, 41, 42, 43, 44, 45, 46, 47, 48, 49, 50, 51, 52, 53, 54, 55, 56, 57, 58, 59, 60, 61, 62, 63, 64, 65, 66, 67, 68, 69, 70, 71, 72, 73, 74, 75, 76, 77, 78, 79, 80, 81, 82, 83, 84, 85, 86, 87, 88, 89, 90, 91, 92, 93, 94, 95, 96, 97, 98, 99, 100, 101, 102, 103, 104, 105, 106, 107, 108, 109, 110, 111, 112, 113, 114, 115, 116, 117, 118, 119, 120, 121, 122, 123, 124, 125, 126, 127, 128, 129, 130, 131, 132, 133, 134, 135, 136, 137, 138, 139, 140, 141, 142, 143, 144, 145]
s044a_wallrusty03_alp_ovl.bmp					PS2: [0, 1, 37, 47, 83, 127, 128]					MC: [0, 1, 2, 3, 4, 5, 6, 7, 8, 9, 10, 11, 12, 13, 14, 15, 16, 17, 18, 19, 20, 21, 22, 23, 24, 25, 26, 27, 28, 29, 30, 31, 32, 33, 34, 35, 36, 37, 38, 39, 40, 41, 42, 43, 44, 45, 46, 47, 48, 49, 50, 51, 52, 53, 54, 55, 56, 57, 58, 59, 60, 61, 62, 63, 64, 65, 66, 67, 68, 69, 70, 71, 72, 73, 74, 75, 76, 77, 78, 79, 80, 81, 82, 83, 85, 86, 87, 88, 89, 90, 91, 92, 93, 94, 95, 96, 97, 98, 99, 100, 101, 102, 103, 104, 105, 106, 107, 108, 109, 110, 111, 112, 113, 114, 115, 116, 117, 118, 119, 120, 121, 122, 123, 124, 125, 126, 127, 128, 129, 130, 131, 132, 133, 134, 135, 136, 137, 138, 139, 140, 141, 142, 143, 144, 145, 146, 147, 148, 149, 150, 151, 152, 153, 154, 155, 157, 158, 159, 160, 161, 163, 165, 170]
s044a_wlpnl00a_alp_ovl.bmp					PS2: [0, 5, 12, 20, 29, 37, 48, 57, 63, 70, 78, 86, 92, 102, 113, 124]					MC: [0, 1, 2, 3, 4, 5, 6, 7, 8, 9, 10, 11, 12, 13, 14, 15, 16, 17, 18, 19, 20, 21, 22, 23, 24, 25, 26, 27, 28, 29, 30, 31, 32, 33, 34, 35, 36, 37, 38, 39, 40, 41, 42, 43, 44, 45, 46, 47, 48, 49, 50, 51, 52, 53, 54, 55, 56, 57, 58, 59, 60, 61, 62, 63, 64, 65, 66, 67, 68, 69, 70, 71, 72, 73, 74, 75, 76, 77, 78, 79, 80, 81, 82, 83, 84, 85, 86, 87, 88, 89, 90, 91, 92, 93, 94, 95, 96, 97, 98, 99, 100, 101, 102, 103, 104, 105, 106, 107, 108, 109, 110, 111, 112, 113, 114, 115, 116, 117, 118, 119, 120, 121, 122, 123, 124, 125, 126, 127, 128, 129, 130, 131, 132, 133, 134, 135, 137, 138, 146]
s052a_ent_03_kage_01_alp_ovl.bmp					PS2: [0, 3, 6, 9, 12, 15, 18, 23, 27, 30, 33, 36, 40, 44, 48, 51]					MC: [0, 1, 2, 3, 4, 5, 6, 7, 8, 9, 10, 11, 12, 13, 14, 15, 16, 17, 18, 19, 20, 21, 22, 23, 24, 25, 26, 27, 28, 29, 30, 31, 32, 33, 34, 35, 36, 37, 38, 39, 40, 41, 42, 43, 44, 45, 46, 47, 48, 49, 50, 51, 52, 53, 54, 55, 57]
s052a_ent_kage_05_alp_ovl.bmp					PS2: [0, 3, 6, 10, 15, 21, 26, 31, 37, 44, 50, 55, 61, 70, 73, 76]					MC: [0, 1, 2, 3, 4, 5, 6, 7, 8, 9, 10, 11, 12, 13, 14, 15, 16, 17, 18, 19, 20, 21, 23, 24, 25, 26, 27, 28, 29, 30, 31, 32, 33, 34, 35, 36, 37, 38, 39, 40, 41, 42, 43, 45, 46, 47, 48, 49, 50, 51, 52, 53, 54, 55, 56, 57, 58, 59, 60, 61, 62, 63, 65, 69, 70, 71, 72, 73, 74, 75, 76, 77, 78, 79, 80, 81, 82, 83, 84, 85]
s052a_noon_ent_kage_01_alp_ovl.bmp					PS2: [0, 3, 11, 14, 18, 21, 24, 33, 39, 42, 45, 50, 53, 56, 61, 64]					MC: [0, 1, 2, 3, 4, 5, 6, 7, 8, 9, 10, 11, 12, 13, 14, 15, 16, 17, 18, 19, 20, 21, 22, 23, 24, 25, 26, 27, 28, 29, 30, 31, 32, 33, 34, 35, 36, 37, 38, 39, 40, 41, 42, 43, 44, 45, 46, 47, 48, 49, 50, 51, 52, 53, 54, 55, 56, 57, 58, 59, 60, 61, 62, 63, 64, 65, 66, 67, 68, 69, 70, 71, 72, 73, 74, 75, 76, 77, 78]
s052a_noon_ent_kage_05_alp_ovl.bmp					PS2: [0, 3, 6, 17, 29, 39, 45, 49, 53, 58, 62, 65, 69, 74, 76, 77]					MC: [0, 1, 2, 3, 4, 5, 6, 7, 8, 9, 10, 11, 12, 13, 14, 15, 16, 17, 18, 19, 20, 21, 22, 23, 24, 25, 26, 27, 28, 29, 30, 31, 32, 33, 34, 35, 36, 37, 38, 39, 40, 41, 42, 43, 44, 45, 46, 47, 48, 49, 50, 51, 52, 53, 54, 55, 56, 57, 58, 59, 60, 61, 62, 63, 64, 65, 66, 67, 68, 69, 70, 71, 72, 73, 74, 75, 76, 77, 78, 79, 80, 81, 82, 83, 84, 85, 86, 87, 88, 89, 90, 91, 92, 93, 94, 95, 96, 97, 98, 99, 100, 101, 102, 103, 104, 105, 106, 107, 108, 109, 110, 111, 112, 113, 114, 115, 117]
s052a_noon_ent_kage_06_alp_ovl.bmp					PS2: [0, 76, 77]					MC: [0, 1, 2, 3, 4, 8, 11, 13, 14, 15, 16, 17, 18, 19, 20, 21, 22, 23, 24, 25, 26, 27, 28, 29, 30, 31, 32, 33, 34, 35, 36, 37, 38, 39, 40, 41, 43, 44, 45, 46, 47, 48, 49, 50, 51, 52, 53, 56, 57, 60, 69, 74, 75, 76, 77, 78, 79, 80, 81, 82, 83, 84, 85, 86, 87, 88, 89, 90, 91, 92, 93, 94, 95, 96]
s052a_noon_ent_kage_11_alp_ovl.bmp					PS2: [0, 1, 2, 3, 62, 64]					MC: [0, 1, 2, 3, 4, 5, 6, 7, 8, 9, 10, 11, 12, 13, 14, 15, 16, 17, 18, 19, 20, 21, 22, 23, 24, 25, 26, 27, 28, 29, 30, 31, 32, 33, 34, 35, 36, 37, 38, 39, 40, 41, 42, 44, 45, 46, 47, 48, 49, 50, 51, 52, 53, 54, 55, 56, 57, 58, 59, 60, 61, 62, 63, 64, 65, 66, 67, 68, 69, 70, 71, 72, 73, 74, 75, 76, 77, 78, 79, 80, 81, 82, 83, 84, 85, 86, 87, 88, 89, 90, 91, 92, 94]
s052a_noon_stlight_kage_01_alp_ovl.bmp					PS2: [0, 3, 10, 14, 18, 21, 31, 36, 39, 42, 45, 50, 54, 58, 61, 63]					MC: [0, 1, 2, 3, 4, 5, 6, 7, 8, 9, 10, 11, 13, 14, 15, 16, 17, 18, 19, 20, 21, 22, 23, 24, 25, 26, 27, 28, 29, 30, 31, 32, 34, 35, 36, 37, 38, 40, 41, 42, 43, 44, 45, 46, 47, 48, 50, 52, 53, 54, 56, 58, 59, 60, 61, 62, 63, 64, 65, 66, 67, 68, 69, 70, 71, 72, 73, 74, 75, 76, 77, 78, 79, 80, 81]
s052a_noon_stlight_kage_02_alp_ovl.bmp					PS2: [0, 1, 7, 9, 14, 24, 35, 41, 47, 48, 49, 53, 55, 56, 59, 62]					MC: [0, 1, 2, 3, 4, 5, 6, 7, 8, 9, 10, 11, 12, 13, 14, 15, 16, 17, 18, 19, 20, 21, 22, 23, 24, 25, 26, 31, 33, 34, 35, 38, 39, 41, 42, 43, 44, 45, 46, 48, 50, 51, 52, 54, 57, 58, 59, 60, 61, 62, 63, 64, 65, 67, 68, 69, 70, 71, 72, 73, 74, 75, 76, 77, 78, 79, 81, 82, 83, 84, 85, 86, 87, 90]
s052a_win_kage_03_alp_ovl.bmp					PS2: [0, 19, 35, 53, 56, 60, 63, 66, 70, 74, 76, 79, 82, 85, 90, 96]					MC: [0, 1, 2, 3, 4, 5, 6, 7, 8, 9, 10, 11, 12, 13, 14, 15, 16, 17, 18, 19, 20, 21, 22, 23, 24, 25, 26, 27, 28, 29, 30, 31, 32, 33, 34, 35, 36, 37, 38, 39, 40, 41, 42, 43, 44, 45, 46, 47, 48, 49, 50, 51, 52, 53, 54, 55, 56, 57, 58, 59, 60, 61, 62, 63, 64, 65, 66, 67, 68, 69, 70, 71, 72, 73, 74, 75, 76, 77, 78, 79, 80, 81, 82, 83, 84, 85, 86, 87, 88, 89, 90, 91, 92, 93, 94, 95, 96, 97, 98, 99, 100, 101, 102, 103, 104, 105, 106, 107, 108, 109, 110, 111, 112, 113, 114, 115, 116, 117, 118, 119, 120, 121, 122]
s053a_handrail_01_alp_ovl.bmp					PS2: [0, 16, 30, 46, 60, 75, 84, 96, 106, 114, 126, 128]					MC: [0, 1, 2, 3, 4, 5, 6, 7, 8, 11, 12, 13, 14, 15, 16, 17, 18, 19, 20, 21, 22, 23, 24, 25, 26, 27, 28, 29, 30, 31, 32, 33, 34, 35, 38, 39, 40, 42, 43, 44, 45, 46, 47, 48, 49, 50, 51, 52, 53, 54, 55, 56, 57, 58, 59, 60, 61, 62, 63, 64, 65, 66, 67, 68, 69, 70, 71, 72, 73, 74, 75, 76, 77, 78, 79, 80, 81, 82, 83, 84, 85, 86, 87, 88, 89, 90, 91, 92, 93, 94, 95, 96, 97, 99, 100, 102, 103, 104, 105, 106, 108, 109, 112, 113, 114, 115, 117, 118, 119, 120, 121, 122, 123, 124, 125, 126, 127, 128, 129, 130, 131, 132, 133, 134, 135, 136, 137, 138, 139, 140, 141, 142, 143, 144, 145, 146, 147, 148, 149, 150, 151, 152, 153, 154, 155, 156, 157, 158]
s053a_light_a00_add_alp_ovl.bmp					PS2: [0, 4, 7, 10, 20, 33, 35, 42, 45, 48, 63, 84, 117]					MC: [0, 1, 2, 3, 4, 5, 6, 7, 8, 9, 11, 12, 14, 17, 19, 21, 22, 25, 26, 27, 28, 29, 30, 31, 32, 33, 34, 35, 36, 37, 38, 39, 40, 41, 42, 44, 45, 47, 48, 50, 51, 53, 54, 56, 57, 58, 59, 60, 61, 62, 63, 64, 65, 66, 67, 69, 70, 71, 72, 73, 74, 75, 76, 77, 78, 79, 80, 81, 82, 83, 85, 86, 87, 88, 89, 90, 93, 95, 96, 99, 106, 115, 117, 119, 121, 124, 125, 126, 127, 128, 129, 130, 131, 132, 133, 135, 136, 137, 139, 140]
s053a_plant_a00_alp_ovl.bmp					PS2: [0, 3, 5, 12, 21, 22, 32, 42, 49, 58, 70, 80, 90, 103, 115, 122]					MC: [0, 1, 2, 3, 4, 5, 6, 7, 8, 9, 10, 11, 12, 13, 14, 15, 16, 17, 18, 19, 20, 21, 22, 23, 24, 25, 26, 27, 28, 29, 30, 31, 32, 33, 34, 35, 36, 37, 38, 39, 40, 41, 42, 43, 44, 45, 46, 47, 48, 49, 50, 51, 52, 53, 54, 55, 56, 57, 58, 59, 60, 61, 62, 63, 64, 65, 66, 67, 68, 69, 70, 71, 72, 73, 74, 75, 76, 77, 78, 79, 80, 81, 82, 83, 84, 85, 86, 87, 88, 89, 90, 91, 92, 93, 94, 95, 96, 97, 98, 99, 100, 101, 102, 103, 104, 105, 106, 107, 108, 109, 110, 111, 112, 113, 114, 115, 116, 117, 118, 119, 120, 121, 122, 123, 124, 125, 126, 127, 128, 129, 130, 131, 132, 133, 134, 135, 136, 137, 138, 139, 140, 141, 142, 143, 144, 145, 146, 147, 148, 149, 150, 151, 152, 153, 154, 155, 156, 157, 158, 159, 160, 162, 163, 164, 166, 169]
s053a_sdw02_alp_ovl.bmp					PS2: [0, 16, 21, 27, 28, 46, 54, 59, 62, 69, 70, 71, 73]					MC: [0, 1, 2, 3, 4, 5, 6, 7, 8, 9, 10, 11, 13, 14, 15, 17, 19, 21, 23, 24, 25, 27, 28, 29, 31, 33, 34, 36, 37, 38, 41, 45, 46, 48, 54, 55, 56, 57, 58, 59, 67, 69, 70, 71, 72, 73, 74, 75, 76, 77, 79, 80, 81, 82]
s053a_sdw_desk00_alp_ovl.bmp					PS2: [0, 8, 13, 18, 25, 32, 35, 39, 40, 43, 47, 51, 58, 65, 69, 71]					MC: [0, 1, 2, 3, 4, 5, 6, 7, 8, 9, 10, 11, 12, 13, 14, 15, 16, 17, 18, 19, 20, 21, 22, 23, 24, 25, 26, 27, 28, 29, 30, 31, 32, 33, 34, 35, 36, 37, 38, 39, 40, 41, 42, 43, 44, 45, 46, 47, 48, 49, 50, 51, 52, 53, 54, 55, 56, 57, 58, 59, 60, 61, 62, 63, 64, 65, 66, 67, 68, 69, 70, 71, 72, 73, 74, 75, 76, 77]
s053a_sdw_ltc00_alp_ovl.bmp					PS2: [0, 7, 20, 32, 46, 55, 60, 66, 73, 79, 87, 94, 100, 109, 121, 128]					MC: [0, 1, 2, 3, 4, 5, 6, 7, 8, 9, 10, 11, 12, 13, 14, 15, 16, 17, 18, 19, 20, 21, 22, 23, 24, 25, 26, 27, 28, 29, 30, 31, 32, 33, 34, 35, 36, 37, 38, 39, 40, 42, 43, 44, 47, 48, 49, 50, 51, 53, 54, 55, 58, 60, 62, 63, 64, 65, 66, 67, 68, 69, 70, 71, 73, 74, 75, 76, 77, 78, 79, 80, 81, 82, 83, 84, 85, 86, 87, 88, 89, 90, 91, 92, 93, 94, 95, 96, 97, 98, 99, 100, 101, 102, 103, 104, 105, 106, 107, 108, 109, 110, 111, 112, 114, 115, 117, 118, 119, 121, 122, 123, 124, 125, 126, 127, 128, 129, 130, 131, 132, 133, 134, 135, 136, 137, 138, 139, 140, 141, 142, 143, 144, 145, 146, 148, 150, 151, 152, 153, 154]
s053a_sdw_ltc01_alp_ovl.bmp					PS2: [0, 1, 2, 3, 4, 5, 6, 7, 8, 9, 11, 12, 16, 17, 18, 19, 20, 29, 32, 38, 43, 44, 46, 47, 49, 50, 51, 58, 65, 66, 67, 69, 70, 72, 74, 75, 76, 77, 78, 80, 81, 86, 87, 88, 90, 93, 95, 96, 97, 98, 100, 102, 104, 105, 106, 107, 108, 109, 110, 111, 112, 113, 114, 115, 116, 117, 118, 119, 120, 121, 123, 126, 128]					MC: [0, 1, 2, 3, 4, 5, 6, 7, 8, 9, 10, 11, 12, 13, 14, 15, 16, 17, 18, 19, 21, 22, 23, 24, 26, 28, 29, 31, 32, 34, 39, 40, 43, 44, 45, 48, 49, 50, 51, 53, 54, 55, 56, 58, 59, 61, 62, 64, 65, 66, 67, 68, 69, 70, 71, 72, 73, 74, 75, 76, 77, 78, 79, 80, 81, 82, 83, 85, 86, 88, 90, 92, 93, 94, 95, 97, 99, 100, 101, 104, 105, 106, 108, 109, 110, 111, 112, 113, 114, 115, 116, 117, 118, 119, 120, 121, 122, 123, 124, 125, 126, 127, 128, 129, 130, 131, 132, 133, 134, 136, 137, 140, 144]
s053a_sdw_ltc_fl00_add_alp_ovl.bmp					PS2: [0, 4, 6, 10, 16, 18, 19, 22, 24, 26, 28, 31, 35, 40, 45]					MC: [0, 1, 2, 3, 4, 5, 6, 7, 8, 9, 10, 11, 12, 13, 14, 15, 16, 17, 18, 19, 20, 21, 22, 23, 24, 25, 26, 27, 28, 29, 30, 31, 32, 33, 34, 35, 36, 37, 38, 39, 40, 41, 42, 43, 44, 45, 46, 47, 48, 49, 50, 51, 52, 53, 54, 55, 56, 57, 58, 59, 60, 61, 63]
s053a_sdw_pillar00_alp_ovl.bmp					PS2: [0, 2, 5, 8, 10, 13, 15, 18, 21, 26, 31, 39, 48, 62, 77, 112]					MC: [0, 1, 2, 3, 4, 5, 6, 7, 8, 9, 10, 11, 12, 13, 14, 15, 16, 17, 18, 19, 20, 21, 22, 23, 24, 25, 26, 27, 28, 29, 30, 31, 32, 33, 34, 35, 36, 37, 38, 39, 40, 41, 42, 43, 44, 45, 46, 47, 48, 49, 50, 51, 52, 53, 54, 55, 56, 57, 58, 59, 60, 61, 62, 63, 64, 65, 66, 67, 68, 69, 70, 71, 72, 73, 74, 75, 76, 77, 78, 79, 80, 81, 82, 83, 84, 85, 86, 87, 88, 90, 91, 92, 93, 94, 96, 97, 98, 101, 104, 105, 110, 111, 112, 113, 114, 115, 116, 117, 118, 120, 121, 123, 124, 125, 126, 127, 129, 130, 132, 136, 139]
s053a_sdw_sofab_alp_ovl.bmp					PS2: [0, 4, 7, 12, 15, 17, 21, 25, 32, 36, 38, 40, 43, 45, 49, 51]					MC: [0, 1, 2, 3, 4, 5, 6, 7, 8, 9, 10, 11, 12, 13, 14, 15, 16, 17, 18, 19, 20, 21, 22, 23, 24, 25, 26, 27, 28, 29, 30, 31, 32, 33, 34, 35, 36, 37, 38, 39, 40, 41, 42, 43, 44, 45, 46, 47, 48, 49, 50, 51, 52, 53, 54, 55, 56, 57, 58, 61]
s053a_sdw_square01_alp_ovl.bmp					PS2: [0, 19, 20, 26, 27, 33, 34, 36, 40, 43, 49, 58, 65]					MC: [0, 1, 2, 3, 4, 5, 6, 7, 8, 9, 10, 11, 12, 13, 14, 15, 16, 17, 18, 19, 20, 21, 22, 23, 24, 25, 26, 27, 28, 29, 30, 31, 32, 33, 34, 35, 36, 37, 38, 39, 40, 41, 42, 43, 44, 45, 46, 47, 48, 49, 50, 51, 52, 53, 54, 55, 56, 57, 58, 59, 60, 61, 62, 63, 64, 65, 66, 67, 68, 69, 70, 71, 72, 73, 74, 75]
s053a_walllightb00_add_alp_ovl.bmp					PS2: [0, 6, 9, 12, 15, 20, 28, 36, 45, 55, 67, 77, 87, 102, 117, 127]					MC: [0, 1, 2, 3, 4, 5, 6, 7, 8, 9, 10, 11, 12, 13, 14, 15, 16, 17, 18, 19, 20, 21, 22, 23, 24, 25, 26, 27, 28, 29, 30, 31, 32, 33, 34, 35, 36, 37, 38, 39, 40, 41, 42, 43, 44, 45, 46, 47, 48, 49, 50, 51, 52, 53, 54, 55, 56, 57, 58, 59, 60, 61, 62, 63, 64, 65, 66, 67, 68, 69, 70, 71, 72, 73, 74, 75, 76, 77, 78, 79, 80, 81, 82, 83, 84, 85, 86, 87, 88, 89, 90, 91, 92, 93, 94, 95, 96, 97, 98, 99, 100, 101, 102, 103, 104, 105, 106, 107, 108, 109, 110, 111, 112, 113, 114, 115, 116, 117, 118, 119, 120, 121, 122, 123, 124, 125, 126, 127, 128, 129, 130, 131, 132, 133, 134, 135, 136, 137, 138, 140, 141, 142]
s053a_walllightb00_add_alp_ovl.bmp_10b47a5cf59f073759bb9287a032d6ea					PS2: [0, 6, 9, 12, 15, 20, 29, 36, 45, 55, 66, 75, 85, 96, 113, 127]					MC: [0, 1, 2, 3, 4, 5, 6, 7, 8, 9, 10, 11, 12, 13, 14, 15, 16, 17, 18, 19, 20, 21, 22, 23, 24, 25, 26, 27, 28, 29, 30, 31, 32, 33, 34, 35, 36, 37, 38, 39, 40, 41, 42, 43, 44, 45, 46, 47, 48, 49, 50, 51, 52, 53, 54, 55, 56, 57, 58, 59, 60, 61, 62, 63, 64, 65, 66, 67, 68, 69, 70, 71, 72, 73, 74, 75, 76, 77, 78, 79, 80, 81, 82, 83, 84, 85, 86, 87, 88, 89, 90, 91, 92, 93, 94, 95, 96, 97, 98, 99, 100, 101, 102, 103, 104, 105, 106, 107, 108, 109, 110, 111, 112, 113, 114, 115, 116, 117, 118, 119, 120, 121, 122, 123, 124, 125, 126, 127, 128, 129, 130, 131, 132, 133, 134, 135, 136, 137, 139, 141, 142, 143]
s053a_walllightb02_alp_ovl.bmp					PS2: [0, 26, 31, 38, 44, 57, 70, 82, 103, 119, 128]					MC: [0, 1, 2, 3, 4, 5, 6, 7, 8, 9, 10, 11, 12, 13, 14, 15, 16, 17, 18, 19, 20, 21, 22, 23, 24, 25, 26, 27, 28, 30, 31, 35, 36, 38, 39, 40, 41, 42, 44, 45, 46, 47, 48, 49, 50, 51, 53, 55, 57, 58, 59, 60, 61, 62, 63, 64, 65, 66, 67, 68, 69, 70, 71, 72, 73, 74, 75, 76, 77, 78, 79, 80, 81, 82, 83, 84, 85, 86, 87, 89, 90, 91, 92, 93, 94, 96, 97, 98, 99, 100, 101, 102, 103, 104, 107, 109, 111, 112, 113, 114, 115, 116, 117, 118, 119, 120, 121, 122, 123, 124, 125, 126, 127, 128, 129, 130, 131, 132, 133, 134, 135, 136, 137, 138, 139, 140, 141, 142, 143, 144, 146, 147, 148, 149, 150, 151, 152, 153, 154, 155, 156, 157, 158, 159, 160, 163]
s054_shadow02_alp_ovl.bmp					PS2: [0, 5, 6, 12, 13, 17, 18, 20, 21, 23, 25, 26, 28, 29, 32, 37, 42, 43, 48, 49, 54, 55, 60, 61, 68, 69, 74, 75]					MC: [0, 1, 2, 3, 4, 5, 6, 7, 8, 9, 10, 11, 12, 13, 14, 15, 16, 17, 18, 19, 20, 21, 22, 23, 24, 25, 26, 27, 28, 29, 30, 31, 32, 33, 34, 35, 36, 37, 38, 39, 40, 41, 42, 43, 44, 45, 46, 47, 48, 49, 50, 51, 52, 53, 54, 55, 56, 57, 58, 59, 60, 61, 62, 63, 64, 65, 66, 67, 68, 69, 70, 71, 72, 73, 74, 75, 76, 77, 78, 79, 80, 81, 82, 83, 84, 85, 86, 87, 88, 90, 92, 93]
s054_shadow_alp_ovl.bmp					PS2: [0, 4, 10, 11, 13, 14, 18, 19, 23, 28, 33, 34, 37, 41, 42, 46, 47, 51, 55, 61, 69, 77]					MC: [0, 1, 2, 3, 4, 5, 6, 7, 8, 9, 10, 11, 12, 13, 14, 15, 16, 17, 18, 19, 20, 21, 22, 23, 24, 25, 26, 27, 28, 29, 30, 31, 32, 33, 34, 35, 36, 37, 38, 39, 40, 41, 42, 43, 44, 45, 46, 47, 48, 49, 50, 51, 52, 53, 54, 55, 56, 57, 58, 59, 60, 61, 62, 63, 64, 65, 66, 67, 68, 69, 70, 71, 72, 73, 74, 75, 76, 77, 78, 79, 80, 81, 82, 83, 84, 87]
s054a_light00_add_alp_ovl.bmp					PS2: [0, 2, 3, 4, 5, 6, 7, 8, 9, 10, 11, 12, 13, 14, 15, 16, 17, 18, 19, 20, 21, 22, 23, 24, 25, 26, 27, 28, 29, 30, 31, 32, 33, 34, 35, 36, 37, 38, 39, 40, 41, 42, 43, 44, 45, 46, 47, 48, 49, 50, 51, 52, 53, 54, 55, 56, 57, 58, 59, 60, 61, 62, 63, 64, 65]					MC: [0, 1, 2, 3, 4, 5, 6, 7, 8, 9, 10, 11, 12, 13, 14, 15, 16, 17, 18, 19, 20, 21, 22, 23, 24, 25, 26, 27, 28, 29, 30, 31, 32, 33, 34, 35, 36, 37, 38, 39, 40, 41, 42, 43, 44, 45, 46, 47, 48, 49, 50, 51, 52, 53, 54, 55, 56, 57, 58, 59, 60, 61, 62, 63, 64, 65, 66, 67]
s054a_sdw_floor_l0_alp_ovl.bmp					PS2: [0, 10, 17, 24, 30, 36, 44, 53, 60, 68, 73, 80, 92, 98, 102, 107]					MC: [0, 1, 2, 3, 4, 5, 6, 7, 8, 9, 10, 11, 12, 13, 14, 15, 16, 17, 18, 19, 20, 21, 22, 23, 24, 25, 26, 27, 28, 29, 30, 31, 32, 33, 34, 35, 36, 37, 38, 39, 40, 41, 42, 43, 44, 45, 46, 47, 48, 49, 50, 51, 52, 53, 54, 55, 56, 57, 58, 59, 60, 61, 62, 63, 64, 65, 66, 67, 68, 69, 70, 71, 72, 73, 74, 75, 76, 77, 78, 79, 80, 81, 82, 83, 84, 85, 86, 87, 88, 89, 90, 91, 92, 93, 94, 95, 96, 97, 98, 99, 100, 101, 102, 103, 104, 105, 106, 107, 108, 109, 110, 111, 112, 113, 114, 115, 116, 117, 118, 119, 120, 121, 122, 123, 124, 125, 126, 127, 128, 129, 130, 132, 133, 134, 135, 136, 137, 143, 147]
s054a_sdw_floor_s0_alp_ovl.bmp					PS2: [0, 6, 13, 21, 30, 40, 50, 63, 74, 84, 91, 97, 103, 109, 113, 116]					MC: [0, 1, 2, 3, 4, 5, 6, 7, 8, 9, 10, 11, 12, 13, 14, 15, 16, 17, 18, 19, 20, 21, 22, 23, 24, 25, 26, 27, 28, 29, 30, 31, 32, 33, 34, 35, 36, 37, 38, 39, 40, 41, 42, 43, 44, 45, 46, 47, 48, 49, 50, 51, 52, 53, 54, 55, 56, 57, 58, 59, 60, 61, 62, 63, 64, 65, 66, 67, 68, 69, 70, 71, 72, 73, 74, 75, 76, 77, 78, 79, 80, 81, 82, 83, 84, 85, 86, 87, 88, 89, 90, 91, 92, 93, 94, 95, 96, 97, 98, 99, 100, 101, 102, 103, 104, 105, 106, 107, 108, 109, 110, 111, 112, 113, 114, 115, 116, 117, 118, 119, 120, 121, 122, 123, 124, 125, 126, 127, 128, 129, 130, 131, 132, 133, 134, 135, 136, 137, 138, 139, 140, 141, 142, 143, 144, 147, 148, 162]
s055a_pos_woman00_alp_ovl.bmp					PS2: [0, 7, 8, 18, 22, 34, 37, 56, 57, 68, 77, 82, 94, 100, 104, 106, 112, 117, 120, 128]					MC: [0, 1, 2, 3, 4, 5, 6, 7, 8, 9, 10, 13, 15, 16, 19, 21, 22, 23, 26, 30, 31, 33, 35, 36, 37, 38, 45, 46, 47, 48, 51, 52, 56, 57, 58, 63, 67, 68, 69, 73, 74, 76, 77, 78, 80, 82, 87, 89, 90, 91, 92, 93, 94, 97, 98, 99, 100, 102, 103, 104, 106, 107, 108, 109, 110, 112, 113, 114, 115, 116, 117, 118, 119, 120, 121, 122, 123, 124, 125, 126, 127, 128]
s055a_sdw01_alp_ovl.bmp					PS2: [0, 3, 7, 12, 18, 25, 33, 38, 44, 53, 57, 63, 67, 72, 74, 77]					MC: [0, 1, 2, 3, 4, 5, 6, 7, 8, 9, 10, 11, 12, 13, 14, 15, 16, 17, 18, 19, 20, 21, 22, 23, 24, 25, 26, 27, 28, 29, 30, 31, 32, 33, 34, 35, 36, 37, 38, 39, 40, 41, 42, 43, 44, 45, 46, 47, 48, 49, 50, 51, 52, 53, 54, 55, 56, 57, 58, 59, 60, 61, 62, 63, 64, 65, 66, 67, 68, 69, 70, 71, 72, 73, 74, 75, 76, 77, 78, 79, 80, 81, 82, 83, 84, 85, 86, 87, 88, 89, 90, 91, 92, 93, 94, 95, 96, 97, 98, 99, 100, 101, 102, 103, 104, 105, 106, 107, 108, 109, 110, 111, 112, 113, 114, 116, 119]
s055a_sdw_wall00_alp_ovl.bmp					PS2: [0, 6, 13, 19, 25, 30, 37, 48, 57, 66, 74, 81, 90, 102, 112, 128]					MC: [0, 1, 2, 3, 4, 5, 6, 7, 8, 9, 10, 11, 12, 13, 14, 15, 16, 17, 18, 19, 20, 21, 22, 23, 24, 25, 26, 27, 28, 29, 30, 31, 32, 33, 34, 35, 36, 37, 38, 39, 40, 41, 42, 43, 44, 45, 46, 47, 48, 49, 50, 51, 52, 53, 54, 55, 56, 57, 58, 59, 60, 61, 62, 63, 64, 65, 66, 67, 68, 69, 70, 71, 72, 73, 74, 75, 76, 77, 78, 79, 80, 81, 82, 83, 84, 85, 86, 87, 88, 89, 90, 91, 92, 93, 94, 95, 96, 97, 98, 99, 100, 101, 102, 103, 104, 105, 106, 107, 108, 109, 110, 111, 112, 113, 114, 115, 116, 117, 118, 119, 120, 121, 122, 123, 124, 125, 126, 127, 128, 129, 130, 131, 132, 133, 134, 135, 136, 137, 139, 141, 143, 144]
s055a_wall00_alp_ovl.bmp					PS2: [0, 28, 29, 77, 116, 117, 124]					MC: [0, 1, 2, 3, 4, 5, 6, 7, 8, 9, 10, 11, 12, 13, 14, 15, 16, 17, 18, 19, 20, 21, 22, 23, 24, 25, 26, 27, 28, 29, 30, 31, 32, 33, 34, 35, 36, 37, 38, 39, 40, 41, 42, 43, 44, 45, 46, 47, 48, 49, 50, 51, 52, 53, 54, 55, 56, 57, 58, 59, 60, 61, 62, 63, 64, 65, 66, 67, 68, 69, 70, 71, 72, 73, 74, 75, 76, 77, 78, 79, 80, 81, 82, 83, 84, 85, 86, 87, 88, 89, 90, 91, 92, 93, 94, 95, 96, 97, 98, 99, 100, 101, 102, 103, 104, 105, 106, 107, 108, 109, 110, 111, 112, 113, 114, 115, 116, 117, 118, 120, 121, 122, 123, 124, 125, 126, 127, 128, 129, 130, 131, 132, 133, 134, 135, 136, 137, 138, 139, 140, 141, 142, 143, 144, 145, 146, 147, 148, 149, 150, 151, 152, 153, 154, 155, 156, 157, 158, 159, 161]
s056a_compdesk_sdw00_alp_ovl.bmp					PS2: [0, 1, 2, 12, 19, 23, 30, 40, 44, 51, 58, 65, 72, 73]					MC: [0, 1, 2, 3, 5, 6, 7, 8, 9, 10, 11, 12, 13, 14, 15, 16, 17, 18, 19, 20, 21, 22, 23, 24, 25, 26, 27, 28, 29, 30, 31, 32, 33, 34, 35, 36, 37, 38, 39, 40, 41, 42, 43, 44, 45, 46, 47, 48, 49, 50, 51, 52, 53, 54, 55, 57, 58, 59, 60, 61, 62, 63, 64, 65, 66, 67, 68, 69, 70, 71, 72, 73, 74, 75, 76, 77, 78, 79, 80, 81, 82, 83, 84, 85, 87, 88, 89, 91, 93]
s056a_sdw_labo00_alp_ovl.bmp					PS2: [0, 4, 9, 15, 22, 31, 38, 46, 57, 68, 79, 88, 93, 98, 103, 127]					MC: [0, 1, 2, 3, 4, 5, 6, 7, 8, 9, 10, 11, 12, 13, 14, 15, 16, 17, 18, 19, 20, 21, 22, 23, 24, 25, 26, 27, 28, 29, 30, 31, 32, 33, 34, 35, 36, 37, 38, 39, 40, 41, 42, 43, 44, 45, 46, 47, 48, 49, 50, 51, 52, 53, 54, 55, 56, 57, 58, 59, 60, 61, 62, 63, 64, 65, 66, 67, 68, 69, 70, 71, 72, 73, 74, 75, 76, 77, 78, 79, 80, 81, 82, 83, 84, 85, 86, 87, 88, 89, 90, 91, 92, 93, 94, 95, 96, 97, 98, 99, 100, 101, 102, 103, 104, 105, 106, 107, 108, 109, 110, 111, 112, 113, 114, 115, 116, 117, 118, 119, 120, 121, 122, 123, 124, 125, 126, 127, 128, 129, 130, 131, 132, 133, 134, 135, 137, 138]
s056a_sdw_tvroom00_alp_ovl.bmp					PS2: [0, 4, 11, 26, 32, 37, 42, 48, 55, 64, 72, 84, 87, 90, 92, 95]					MC: [0, 1, 2, 3, 4, 5, 6, 7, 8, 9, 10, 11, 12, 13, 14, 15, 16, 17, 18, 19, 20, 21, 22, 23, 24, 25, 26, 27, 28, 29, 30, 31, 32, 33, 34, 35, 36, 37, 38, 39, 40, 41, 42, 43, 44, 45, 46, 47, 48, 49, 50, 51, 52, 53, 54, 55, 56, 57, 58, 59, 60, 61, 62, 63, 64, 65, 66, 67, 68, 69, 70, 71, 72, 73, 74, 75, 76, 77, 78, 79, 80, 81, 82, 83, 84, 85, 86, 87, 88, 89, 90, 91, 92, 93, 94, 95, 96, 97, 98, 99, 100, 101, 102, 103, 104, 105, 106, 107, 108, 109, 110, 111, 112, 113, 114, 116, 118, 119, 120]
s056a_sdw_wall00_alp_ovl.bmp					PS2: [0, 50, 55, 58, 62, 65, 67, 69, 71, 73, 76, 80, 84, 89, 91, 92]					MC: [0, 1, 2, 3, 4, 5, 6, 7, 8, 9, 10, 11, 12, 13, 14, 15, 16, 17, 18, 19, 20, 21, 22, 23, 24, 25, 26, 27, 28, 29, 30, 31, 32, 33, 34, 35, 36, 37, 38, 39, 40, 41, 42, 43, 44, 45, 46, 47, 48, 49, 50, 51, 52, 53, 54, 55, 56, 57, 58, 59, 60, 61, 62, 63, 64, 65, 66, 67, 68, 69, 70, 71, 72, 73, 74, 75, 76, 77, 78, 79, 80, 81, 82, 83, 84, 85, 86, 87, 88, 89, 90, 91, 92, 93, 94, 95, 96, 97, 98, 99, 100, 101, 102, 103, 104, 105, 106, 107, 108, 109, 110]
s056a_sdw_wall01_alp_ovl.bmp					PS2: [0, 9, 16, 23, 34, 38, 44, 47, 53, 63, 72, 82, 88, 93, 101, 108]					MC: [0, 1, 2, 3, 4, 5, 6, 7, 8, 9, 10, 11, 12, 13, 14, 15, 16, 17, 18, 19, 20, 21, 22, 23, 24, 25, 26, 27, 28, 29, 30, 31, 32, 33, 34, 35, 36, 37, 38, 39, 40, 41, 42, 43, 44, 45, 46, 47, 48, 49, 50, 51, 52, 53, 54, 55, 56, 57, 58, 59, 60, 61, 62, 63, 64, 65, 66, 67, 68, 69, 70, 71, 72, 73, 74, 75, 76, 77, 78, 79, 80, 81, 82, 83, 84, 85, 86, 87, 88, 89, 90, 91, 92, 93, 94, 95, 96, 97, 98, 99, 100, 101, 102, 103, 104, 105, 106, 107, 108, 109, 110, 111, 112, 113, 114, 115, 116, 117, 118, 119, 120, 121, 122, 123, 124, 125, 126, 127, 128, 129, 130, 131, 134, 136, 137, 138, 139, 140, 141, 142]
s056a_sdw_wall02_alp_ovl.bmp					PS2: [0, 6, 12, 24, 29, 33, 43, 51, 57, 72, 76, 81, 87, 92, 96, 101]					MC: [0, 1, 2, 3, 4, 5, 6, 7, 8, 9, 10, 11, 12, 13, 14, 15, 16, 17, 18, 19, 20, 21, 22, 23, 24, 25, 26, 27, 28, 29, 30, 31, 32, 33, 34, 35, 36, 37, 38, 39, 40, 41, 42, 43, 44, 45, 46, 47, 48, 49, 50, 51, 52, 53, 54, 55, 56, 57, 58, 59, 60, 61, 62, 63, 64, 65, 66, 67, 68, 69, 70, 71, 72, 73, 74, 75, 76, 77, 78, 79, 80, 81, 82, 83, 84, 85, 86, 87, 88, 89, 90, 91, 92, 93, 94, 95, 96, 97, 98, 99, 100, 101, 102, 103, 104, 105, 106, 107, 108, 109, 110, 111, 112, 113, 114, 115, 116, 117, 118, 119, 120, 121, 122, 123, 124, 125, 126, 127, 128, 131, 132, 139, 146]
s056a_text_00_alp_ovl.bmp					PS2: [0, 5, 11, 17, 29, 39, 45, 52, 61, 65, 78, 86, 93, 98, 101]					MC: [0, 1, 2, 3, 4, 5, 6, 7, 8, 9, 10, 11, 12, 13, 14, 15, 16, 17, 18, 19, 20, 21, 22, 23, 24, 25, 26, 27, 28, 29, 30, 31, 32, 33, 34, 35, 36, 37, 38, 39, 40, 41, 42, 43, 44, 45, 46, 47, 48, 49, 50, 51, 52, 53, 54, 55, 56, 57, 58, 59, 60, 61, 62, 63, 64, 65, 66, 67, 68, 69, 70, 71, 72, 73, 74, 75, 76, 77, 78, 79, 80, 81, 82, 83, 84, 85, 86, 87, 88, 89, 90, 91, 92, 93, 94, 95, 96, 97, 98, 99, 100, 101, 102, 103, 104, 105, 106, 107, 108, 109, 110, 111, 112, 113, 114, 115, 116, 117, 118, 119, 120, 121, 122, 123, 124, 125, 126, 127, 128, 129, 130, 131, 132, 133, 134, 135, 136, 137, 138, 139, 140, 141, 142, 143, 144, 145, 146, 147, 148, 149, 150, 151, 152, 154, 155, 156, 157, 169]
s056a_tv_07_alp_ovl.bmp					PS2: [0, 1, 2, 3, 4, 6, 7, 8, 11, 12, 15, 16, 17, 18, 19, 20, 21, 24, 25, 31, 40, 44, 47, 48, 49, 52, 53, 56, 58, 61, 62, 66, 69, 70, 71, 75, 76, 80, 81, 86, 92, 93, 95, 98, 99, 100, 101, 104, 105, 106, 108, 111, 112, 115, 116, 118, 119, 120, 121, 122, 123, 124, 125, 126, 127, 128]					MC: [0, 1, 2, 3, 4, 5, 6, 7, 8, 9, 10, 11, 12, 13, 14, 15, 16, 17, 18, 19, 21, 22, 23, 24, 25, 26, 27, 28, 29, 31, 32, 34, 38, 39, 40, 41, 45, 46, 50, 52, 53, 57, 58, 59, 60, 62, 63, 67, 68, 69, 70, 72, 73, 74, 77, 78, 83, 84, 85, 89, 90, 93, 94, 96, 97, 98, 99, 100, 101, 102, 105, 106, 108, 112, 113, 114, 115, 116, 117, 118, 119, 120, 121, 122, 123, 124, 125, 126, 127, 128, 129, 130, 131, 132, 133, 134, 135, 136, 137, 138, 139, 140, 142, 143, 144, 145, 146, 147, 148, 149, 150, 152, 154]
s061a_komorebi2_alpx2_ovl_rep_mod1001.bmp					PS2: [0, 6, 15, 30, 46, 57, 67, 84, 102, 117, 128]					MC: [0, 6, 15, 30, 46, 57, 67, 84, 102, 117, 129, 146, 167, 190, 218, 248]
s061a_tree_lit2_alpx2_ovl_rep_mod1001.bmp					PS2: [0, 10, 22, 37, 51, 67, 89, 113, 128]					MC: [0, 10, 22, 37, 51, 67, 89, 113, 137, 153, 168, 190, 204, 219, 232, 253]
s062a_mog_sdw_alp_ovl_05.bmp					PS2: [0, 8, 18, 27, 35, 39, 51]					MC: [0, 1, 2, 3, 4, 5, 6, 7, 8, 9, 10, 11, 12, 13, 14, 15, 16, 17, 18, 19, 20, 21, 22, 23, 24, 25, 26, 27, 28, 29, 30, 31, 32, 33, 34, 35, 36, 37, 38, 42, 44, 45, 46, 47, 48, 49, 50, 51, 52, 53, 54, 55, 56, 57, 58, 59, 60, 61, 62, 63, 64, 65, 66, 67, 68, 69, 70, 71, 73]
s062a_mog_sdw_alp_ovl_add_03.bmp					PS2: [0, 4, 13, 19, 25, 32, 39, 45, 49, 54, 60, 64, 69, 73, 80, 85]					MC: [0, 1, 2, 3, 4, 5, 6, 7, 8, 9, 10, 11, 12, 13, 14, 15, 16, 17, 18, 19, 20, 21, 22, 23, 24, 25, 26, 27, 28, 29, 30, 31, 32, 33, 34, 35, 36, 37, 38, 39, 40, 41, 42, 43, 44, 45, 46, 47, 48, 49, 50, 51, 52, 53, 54, 55, 56, 57, 58, 59, 60, 61, 62, 63, 64, 65, 66, 67, 68, 69, 70, 71, 72, 73, 74, 75, 76, 77, 78, 79, 80, 81, 82, 83, 84, 85, 86, 87, 88, 89, 90, 91, 92, 93, 94, 95, 96, 97, 98, 99, 100, 101, 102, 105]
s062a_mog_sdw_alp_ovl_add_04.bmp					PS2: [0, 1, 3, 7, 8, 13, 14]					MC: [0, 1, 2, 3, 4, 5, 6, 7, 8, 9, 11, 12, 13, 14, 15]
s063a_komorebi3_alpx2_ovl_rep_mod1001.bmp					PS2: [0, 7, 21, 31, 40, 53, 65, 80, 99, 117, 128]					MC: [0, 7, 21, 31, 40, 53, 65, 80, 99, 117, 135, 148, 168, 201, 233, 253]
s066a_pipe00_alp_ovl.bmp					PS2: [0, 25, 51, 128]					MC: [0, 1, 2, 3, 4, 5, 6, 7, 8, 9, 10, 11, 12, 13, 14, 16, 17, 18, 19, 20, 22, 23, 24, 25, 26, 28, 29, 36, 43, 45, 46, 48, 49, 51, 52, 54, 55, 56, 57, 62, 67, 68, 69, 70, 71, 72, 73, 74, 75, 76, 80, 81, 83, 84, 85, 90, 91, 92, 93, 101, 102, 104, 108, 109, 111, 112, 113, 114, 116, 117, 119, 120, 121, 122, 123, 124, 125, 126, 127, 129, 130, 131, 132, 133, 134, 135, 136, 137, 138, 139, 140, 142, 143, 148, 152, 153, 154, 160, 161]
s066a_pipe01_alp_ovl.bmp					PS2: [0, 25, 51, 128]					MC: [0, 1, 2, 3, 4, 6, 7, 8, 9, 10, 11, 18, 20, 23, 25, 26, 29, 30, 31, 32, 33, 34, 40, 41, 42, 45, 48, 58, 62, 69, 70, 71, 72, 74, 75, 79, 86, 87, 88, 91, 93, 95, 102, 108, 111, 115, 116, 117, 118, 121, 122, 125, 127, 128, 129, 130, 131, 132, 133, 134, 135, 136, 137, 138, 140, 141, 142, 143, 144, 148, 149, 153, 154, 163]
s072a_door_mark01_alp_ovl.bmp					PS2: [0, 5, 11, 21, 26, 29, 36, 40, 43, 51, 59, 64, 69]					MC: [0, 1, 2, 3, 4, 5, 6, 7, 8, 9, 10, 11, 12, 13, 14, 15, 16, 17, 18, 19, 20, 21, 22, 23, 24, 25, 26, 27, 28, 29, 30, 31, 32, 33, 34, 35, 36, 37, 38, 39, 40, 41, 42, 43, 44, 45, 46, 47, 48, 49, 50, 51, 52, 53, 54, 55, 56, 57, 58, 59, 60, 61, 62, 63, 64, 65, 66, 67, 68, 69, 70, 71, 72, 73, 74, 75, 76, 77, 78, 79, 80, 81, 82, 83, 84, 85, 86, 87, 88, 89, 90, 91, 92, 93, 94, 95, 96, 97, 98, 99, 100, 101, 102, 103, 104, 105, 107, 108, 111]
s073a_door_mark01_alp_ovl.bmp					PS2: [0, 5, 11, 16, 23, 30, 37, 45, 49, 52, 55, 58, 62, 66, 69, 75]					MC: [0, 1, 2, 3, 4, 5, 6, 7, 8, 9, 10, 11, 12, 13, 14, 15, 16, 17, 18, 19, 20, 21, 22, 23, 24, 25, 26, 27, 28, 29, 30, 31, 32, 33, 34, 35, 36, 37, 38, 39, 40, 41, 42, 43, 44, 45, 46, 47, 48, 49, 50, 51, 52, 53, 54, 55, 56, 57, 58, 59, 60, 61, 62, 63, 64, 65, 66, 67, 68, 69, 70, 71, 72, 73, 74, 75, 76, 77, 78, 79, 80, 81, 82, 83, 84, 85, 86, 87, 88, 89, 90, 91, 92, 93, 94, 95, 96, 97, 98, 99, 100, 101, 102, 103, 104, 105, 107, 108, 109, 113, 116]
s074a_light01_alp_add.trans.bmp					PS2: [0, 6, 11, 16, 21, 26, 30, 35, 40, 44, 48, 54, 62, 69]					MC: [0, 1, 2, 3, 4, 5, 6, 7, 8, 9, 10, 11, 12, 13, 14, 15, 16, 17, 18, 19, 20, 21, 22, 23, 24, 25, 26, 27, 28, 29, 30, 31, 32, 33, 34, 35, 36, 37, 38, 39, 40, 41, 42, 43, 44, 45, 46, 47, 48, 49, 50, 51, 52, 53, 54, 55, 56, 57, 58, 59, 60, 61, 62, 63, 64, 65, 66, 67, 68, 69, 70, 71, 72, 73, 74]
s074a_light01_alp_add_ovl.bmp					PS2: [0, 4, 5, 9, 10, 11, 19, 20, 21, 23, 24, 25, 26, 29, 36]					MC: [0, 1, 2, 3, 4, 5, 6, 7, 8, 9, 10, 11, 12, 13, 14, 15, 16, 17, 18, 19, 20, 21, 22, 25, 28, 32, 33, 34, 35, 36, 37, 38, 39, 40, 41, 42, 43, 44, 45, 46, 47, 48, 49, 50, 52, 54]
s074a_sdw_floor01_alp_ovl.bmp					PS2: [0, 8, 15, 26, 34, 40, 47, 54, 62, 72, 80, 90, 96, 101, 103, 104]					MC: [0, 1, 2, 3, 4, 5, 6, 7, 8, 9, 10, 11, 12, 13, 14, 15, 16, 17, 18, 19, 20, 21, 22, 23, 24, 25, 26, 27, 28, 29, 30, 31, 32, 33, 34, 35, 36, 37, 38, 39, 40, 41, 42, 43, 44, 45, 46, 47, 48, 49, 50, 51, 52, 53, 54, 55, 56, 58, 59, 60, 61, 62, 63, 64, 65, 66, 67, 68, 69, 70, 71, 72, 73, 74, 75, 76, 77, 78, 79, 80, 81, 82, 83, 84, 85, 86, 87, 88, 89, 90, 91, 92, 93, 94, 95, 96, 97, 98, 99, 100, 101, 102, 103, 104, 105, 106, 107, 108, 109, 110, 111, 112, 113, 114, 115, 116, 117, 118, 119, 120, 121, 122, 123, 124, 125, 126, 127, 128, 129, 130, 131, 132, 133, 134, 135, 136, 137, 138, 139, 140, 144, 146]
s074a_sdw_floor02_alp_ovl.bmp					PS2: [0, 4, 9, 13, 18, 25, 35, 44, 57, 65, 71, 76, 80, 85, 89, 93]					MC: [0, 1, 2, 3, 4, 5, 6, 7, 8, 9, 10, 11, 12, 13, 14, 15, 16, 17, 18, 19, 20, 21, 22, 23, 24, 25, 26, 27, 28, 29, 30, 31, 32, 33, 34, 35, 36, 37, 38, 39, 40, 41, 42, 43, 44, 45, 46, 47, 48, 49, 50, 51, 52, 53, 54, 55, 56, 57, 58, 59, 60, 61, 62, 63, 64, 65, 66, 67, 68, 69, 70, 71, 72, 73, 74, 75, 76, 77, 78, 79, 80, 81, 82, 83, 84, 85, 86, 87, 88, 89, 90, 91, 92, 93, 94, 95, 96, 97, 98, 99, 100, 101, 102, 103, 104, 105, 106, 107, 108, 109, 110, 111, 112, 113, 114, 115, 116, 117, 119, 123]
s074a_sdw_wall02_alp_ovl.bmp					PS2: [0, 14, 23, 27, 36, 46, 55, 60, 65, 71, 75, 79, 89, 96, 101]					MC: [0, 1, 2, 3, 4, 5, 6, 7, 8, 9, 10, 11, 12, 13, 14, 15, 16, 17, 18, 19, 20, 21, 22, 23, 24, 25, 26, 27, 28, 29, 30, 31, 32, 33, 34, 35, 36, 37, 38, 39, 40, 41, 42, 43, 44, 45, 46, 47, 48, 49, 50, 51, 52, 53, 54, 55, 56, 57, 58, 59, 60, 61, 62, 63, 64, 65, 66, 67, 68, 69, 70, 71, 72, 73, 74, 75, 76, 77, 78, 79, 80, 81, 82, 83, 84, 85, 86, 87, 88, 89, 90, 91, 92, 93, 94, 95, 96, 97, 98, 99, 100, 101, 102, 103, 104, 105, 106, 107, 108, 109, 110, 111, 112, 113, 114, 115, 116, 117, 119, 120]
s074a_sdwbed_alp_ovl.bmp					PS2: [0, 2, 9, 15, 22, 30, 35, 42, 49, 60, 69, 75, 86, 96, 106, 113]					MC: [0, 1, 2, 3, 4, 5, 6, 7, 8, 9, 10, 11, 12, 13, 14, 15, 16, 17, 18, 19, 20, 21, 22, 23, 24, 25, 26, 27, 28, 29, 30, 31, 32, 33, 34, 35, 36, 37, 38, 39, 40, 41, 42, 43, 44, 45, 46, 47, 48, 49, 50, 51, 52, 53, 54, 55, 56, 57, 58, 59, 60, 61, 62, 63, 64, 65, 66, 67, 68, 69, 70, 71, 72, 73, 74, 75, 76, 77, 78, 79, 80, 81, 82, 83, 84, 85, 86, 87, 88, 89, 90, 91, 92, 93, 94, 95, 96, 97, 98, 99, 100, 101, 102, 103, 104, 105, 106, 107, 108, 109, 110, 111, 112, 113, 114, 115, 116, 117, 118, 119, 120, 121, 122, 123, 124, 125, 126, 127, 128, 129]
s075a_163a02_alp_ovl.bmp					PS2: [0, 8, 22, 35, 49, 56, 68, 83, 104, 117, 118, 128]					MC: [0, 1, 2, 3, 4, 5, 6, 7, 8, 9, 10, 11, 12, 13, 14, 15, 16, 17, 18, 19, 20, 21, 22, 23, 24, 25, 26, 27, 28, 29, 30, 31, 32, 33, 34, 35, 36, 37, 38, 39, 40, 41, 42, 43, 44, 45, 46, 47, 48, 49, 50, 51, 52, 53, 54, 55, 56, 57, 58, 59, 60, 61, 62, 63, 64, 65, 66, 67, 68, 69, 70, 71, 72, 73, 74, 75, 76, 77, 78, 79, 80, 81, 82, 83, 84, 85, 86, 87, 88, 89, 90, 91, 92, 93, 94, 95, 96, 98, 99, 100, 101, 102, 103, 104, 105, 106, 107, 108, 109, 110, 111, 112, 113, 114, 115, 116, 117, 118, 119, 120, 121, 122, 123, 124, 125, 126, 127, 128, 129, 130, 131, 132, 133, 134, 135, 136, 137, 138, 139, 140, 142, 143, 146]
s075a_gg_sdw02_alp_ovl.bmp					PS2: [0, 2, 4, 6, 9, 24, 29, 52, 56, 60, 86, 111, 115, 118, 121, 128]					MC: [0, 1, 2, 3, 4, 5, 6, 7, 8, 9, 10, 11, 12, 13, 14, 15, 16, 17, 18, 19, 20, 21, 22, 23, 24, 25, 26, 28, 29, 30, 33, 36, 37, 38, 44, 45, 46, 47, 49, 51, 52, 53, 54, 58, 60, 62, 68, 73, 76, 82, 83, 84, 85, 87, 90, 91, 92, 93, 97, 100, 101, 102, 103, 105, 106, 107, 108, 110, 111, 112, 113, 114, 115, 116, 117, 118, 119, 120, 121, 122, 125, 127, 128, 129, 130, 131, 132, 133, 134, 135, 136, 137, 138, 139, 140, 141, 142, 143, 144, 147, 149, 150, 153, 154]
s075a_gg_sdw03_alp_ovl.bmp					PS2: [0, 9, 15, 21, 27, 36, 49, 61, 70, 80, 87, 101, 109, 116, 125, 128]					MC: [0, 1, 2, 3, 4, 5, 6, 7, 8, 9, 10, 11, 12, 13, 14, 15, 16, 17, 18, 19, 20, 21, 22, 23, 24, 25, 26, 27, 28, 29, 30, 32, 33, 35, 36, 37, 38, 40, 41, 43, 46, 47, 48, 49, 51, 52, 53, 54, 56, 57, 59, 60, 61, 62, 63, 64, 65, 74, 75, 79, 82, 85, 87, 93, 97, 100, 101, 104, 106, 109, 110, 112, 113, 114, 116, 117, 119, 120, 121, 125, 126, 127, 128, 129, 130, 131, 132, 133, 134, 135, 136, 137, 138, 139, 140, 141, 142, 144, 145, 146, 147, 148, 149, 151, 152]
s075a_mog_ground_alp_ovl_03.bmp					PS2: [0, 11, 19, 27, 38, 45, 53, 110]					MC: [0, 1, 2, 3, 4, 5, 6, 7, 8, 9, 10, 11, 12, 13, 14, 15, 16, 17, 18, 19, 20, 21, 22, 23, 24, 25, 26, 27, 28, 29, 30, 31, 32, 33, 34, 35, 36, 37, 38, 39, 40, 41, 42, 43, 44, 45, 46, 47, 48, 49, 50, 51, 52, 53, 55, 56, 57, 58, 59, 60, 62, 63, 64, 65, 66, 67, 68, 69, 70, 71, 72, 74, 75, 76, 79, 80, 81, 82, 85, 87, 88, 89, 90, 91, 92, 94, 96, 97, 98, 99, 100, 101, 102, 103, 106, 108, 109, 110, 111, 112, 113, 114, 115, 116, 117, 118, 119, 120, 121, 122, 123, 124, 125, 126, 127, 128, 129, 130, 131, 132, 133, 134, 135, 136, 137, 138, 139, 140, 142, 143, 147, 148, 150, 151, 155, 158, 159]
s075a_mog_ground_alp_ovl_04.bmp					PS2: [0, 6, 13, 19, 26, 35, 43, 50, 108]					MC: [0, 1, 2, 3, 4, 5, 6, 7, 8, 9, 10, 11, 12, 13, 14, 15, 16, 17, 18, 19, 20, 21, 22, 23, 24, 25, 26, 27, 28, 29, 30, 31, 32, 33, 34, 35, 36, 37, 38, 39, 40, 41, 42, 43, 44, 45, 46, 47, 48, 49, 50, 51, 52, 53, 54, 55, 57, 58, 60, 61, 62, 63, 65, 67, 68, 69, 70, 72, 74, 75, 77, 78, 79, 80, 81, 82, 84, 85, 86, 87, 88, 89, 90, 91, 92, 93, 94, 95, 96, 97, 98, 101, 102, 103, 104, 105, 106, 107, 108, 109, 110, 111, 112, 113, 114, 115, 116, 117, 118, 119, 120, 121, 122, 123, 124, 125, 126, 127, 128, 130, 131, 132, 133, 134, 135, 136, 139, 140, 141, 142, 143, 145, 148, 151, 152, 155, 165]
s075a_mog_ground_alp_ovl_05.bmp					PS2: [0, 23, 40, 60, 117]					MC: [0, 1, 2, 3, 4, 5, 6, 7, 8, 9, 10, 11, 12, 13, 14, 15, 16, 17, 18, 19, 20, 21, 22, 23, 24, 25, 26, 27, 28, 29, 30, 31, 32, 33, 34, 35, 36, 37, 38, 39, 40, 41, 42, 43, 44, 45, 46, 47, 48, 49, 50, 51, 52, 53, 54, 55, 56, 57, 58, 59, 60, 61, 62, 63, 64, 65, 66, 67, 68, 69, 70, 71, 72, 73, 74, 75, 76, 77, 78, 79, 80, 81, 82, 83, 84, 85, 86, 87, 88, 89, 90, 91, 92, 93, 94, 95, 96, 97, 98, 99, 100, 101, 102, 103, 104, 105, 106, 107, 108, 109, 110, 111, 112, 113, 114, 115, 116, 117, 118, 119, 120, 121, 122, 123, 124, 125, 126, 127, 128, 129, 130, 131, 132, 133, 134, 135, 136, 137, 138, 139, 140, 141, 142, 143, 144, 145, 146, 147, 148, 149, 150, 151, 152, 153, 154, 155, 156, 157, 158, 161, 162, 163]
s075a_mog_sdw_alp_ovl_03.bmp					PS2: [0, 4, 47]					MC: [0, 3, 5, 6, 13, 18, 19, 21, 22, 25, 42, 43, 45, 46, 47, 48, 50, 51, 52, 53, 54, 55, 56, 58, 59]
s075a_mog_sdw_alp_ovl_05.bmp					PS2: [0, 46, 58]					MC: [0, 1, 2, 3, 5, 6, 7, 8, 9, 10, 11, 21, 22, 24, 25, 26, 27, 29, 30, 34, 35, 38, 39, 40, 41, 43, 45, 46, 47, 51, 53, 55, 57, 58, 59, 60, 61, 62, 64, 65, 66]
s075a_mog_sdw_alp_ovl_06.bmp					PS2: [0, 2, 6, 8, 11, 13, 16, 19, 25, 30, 34, 35, 39, 43, 47, 70]					MC: [0, 1, 2, 3, 4, 5, 6, 7, 8, 9, 10, 11, 12, 13, 14, 15, 16, 17, 18, 19, 20, 21, 22, 23, 24, 25, 26, 27, 28, 29, 30, 31, 32, 33, 34, 35, 36, 37, 38, 39, 40, 41, 42, 43, 44, 45, 46, 47, 48, 49, 50, 52, 53, 58, 59, 60, 61, 64, 66, 67, 68, 69, 70, 71, 72, 74, 75, 76, 77, 79, 84]
s075a_s163a_yagura_alp_ovl.bmp					PS2: [0, 8, 15, 25, 33, 45, 54, 64, 72, 80, 90, 97, 106, 116, 121, 128]					MC: [0, 1, 2, 3, 4, 5, 6, 7, 8, 9, 10, 11, 12, 13, 14, 15, 16, 17, 18, 19, 20, 21, 22, 23, 24, 25, 26, 27, 28, 29, 30, 31, 32, 33, 34, 35, 36, 37, 38, 39, 40, 41, 42, 43, 44, 45, 46, 47, 48, 49, 50, 51, 52, 53, 54, 55, 56, 57, 58, 59, 60, 61, 62, 63, 64, 65, 66, 67, 68, 69, 70, 71, 72, 73, 74, 75, 76, 77, 78, 79, 80, 81, 82, 83, 84, 85, 86, 87, 88, 89, 90, 91, 92, 93, 94, 95, 96, 97, 98, 99, 100, 101, 102, 103, 104, 105, 106, 107, 108, 109, 110, 111, 112, 113, 114, 115, 116, 117, 118, 119, 120, 121, 122, 123, 124, 125, 126, 127, 128, 129, 130, 131, 132, 133, 134, 135, 136, 137, 138, 139, 140, 141, 142, 143, 144, 145, 146, 147, 148, 149, 150, 151, 152, 153, 155, 156, 159, 160, 161, 162, 164, 165, 169]
s081a_lit00h_add_alp_ovl.bmp					PS2: [0, 3, 7, 11, 16, 22, 27, 31, 39, 45, 50, 59, 66, 76, 85]					MC: [0, 1, 2, 3, 4, 5, 6, 7, 8, 9, 10, 11, 12, 13, 14, 15, 16, 17, 18, 19, 20, 21, 22, 23, 24, 25, 26, 27, 28, 29, 30, 31, 32, 33, 34, 35, 36, 37, 38, 39, 40, 41, 42, 43, 44, 45, 46, 47, 48, 49, 50, 51, 52, 53, 54, 55, 56, 57, 60, 61, 62, 63, 64, 65, 66, 67, 68, 69, 70, 71, 75, 76, 78, 79, 80, 81, 82, 83, 84, 85, 86, 87, 89, 90, 94, 95, 96]
s081a_mogi_sdw_alp_ovl_02.bmp					PS2: [0, 3, 10, 18, 24, 30, 37, 46, 52, 58, 66, 76, 86, 95, 105, 115]					MC: [0, 1, 2, 3, 4, 5, 6, 7, 8, 9, 10, 11, 12, 13, 14, 15, 16, 17, 18, 19, 20, 21, 22, 23, 24, 25, 26, 27, 28, 29, 30, 31, 32, 33, 34, 35, 36, 37, 38, 39, 40, 41, 42, 43, 44, 45, 46, 47, 48, 49, 50, 51, 52, 53, 54, 55, 56, 57, 58, 59, 60, 61, 62, 63, 64, 65, 66, 67, 68, 69, 70, 71, 72, 73, 74, 75, 76, 77, 78, 79, 80, 81, 82, 83, 84, 85, 86, 87, 88, 89, 90, 91, 92, 93, 94, 95, 96, 97, 98, 99, 100, 101, 102, 103, 104, 105, 106, 107, 108, 109, 110, 111, 112, 113, 114, 115, 116, 117, 118, 119, 120, 121, 122, 123, 124, 125, 126, 127, 128, 129, 130, 131, 133, 135, 136, 138, 140, 145]
s081a_mogi_sdw_alp_ovl_13.bmp					PS2: [0, 5, 11, 17, 24, 29, 35, 42, 47, 53, 59, 64, 68, 71, 76, 80]					MC: [0, 1, 2, 3, 4, 5, 6, 7, 8, 9, 10, 11, 12, 13, 14, 15, 16, 17, 18, 19, 20, 21, 22, 23, 24, 25, 26, 27, 28, 29, 30, 31, 32, 33, 34, 35, 36, 37, 38, 39, 40, 41, 42, 43, 44, 45, 46, 47, 48, 49, 50, 51, 52, 53, 54, 55, 56, 57, 58, 59, 60, 61, 62, 63, 64, 65, 66, 67, 68, 69, 70, 71, 72, 73, 74, 75, 76, 77, 78, 79, 80, 81, 82, 83]
s081a_mogi_sdw_alp_ovl_14.bmp					PS2: [0, 2, 6, 12, 17, 22, 28, 33, 35, 38, 40, 42, 45, 47, 49, 52]					MC: [0, 1, 2, 3, 4, 5, 6, 7, 8, 9, 10, 11, 12, 13, 14, 15, 16, 17, 18, 19, 20, 21, 22, 23, 24, 25, 26, 27, 28, 31, 32, 33, 35, 36, 37, 38, 39, 40, 41, 42, 43, 44, 45, 46, 47, 48, 49, 50, 51, 52, 53, 54, 55, 56, 57, 58, 59, 60, 61, 62, 63, 64]
s081a_mogi_stain_alp_ovl_06.bmp					PS2: [0, 12, 18, 23, 27, 32, 42, 46, 53, 64, 76, 83]					MC: [0, 1, 2, 3, 4, 5, 6, 7, 8, 9, 10, 11, 12, 13, 14, 15, 16, 17, 18, 19, 20, 21, 22, 23, 24, 25, 26, 27, 28, 29, 30, 31, 32, 33, 34, 35, 36, 37, 38, 39, 40, 41, 42, 43, 44, 45, 46, 47, 48, 49, 50, 51, 52, 53, 54, 55, 56, 57, 58, 59, 60, 61, 62, 63, 64, 65, 66, 67, 68, 69, 70, 71, 72, 73, 74, 75, 76, 77, 78, 79, 80, 81, 82, 83, 84, 85, 86, 87, 88, 89, 90, 91, 92, 93, 94, 95, 96, 97, 98, 99, 100, 101, 102, 106, 108, 110]
s081a_mogi_stain_alp_ovl_09.bmp					PS2: [0, 3, 6, 9, 10, 11, 12, 13, 17, 20, 21, 23, 25]					MC: [0, 1, 2, 3, 4, 5, 6, 7, 8, 9, 10, 11, 12, 13, 14, 15, 16, 17, 18, 19, 20, 21, 22, 23, 24, 25, 26, 27]
s081a_sdw00_alp_ovl.bmp					PS2: [0, 2, 8, 14, 20, 24, 28, 32, 36, 40, 44, 47, 51, 55, 58, 61]					MC: [0, 1, 2, 3, 4, 5, 6, 7, 8, 9, 10, 11, 12, 13, 14, 15, 16, 17, 18, 19, 20, 21, 22, 23, 24, 25, 26, 27, 28, 29, 30, 31, 32, 33, 34, 35, 36, 37, 38, 39, 40, 41, 42, 43, 44, 45, 46, 47, 48, 49, 50, 51, 52, 53, 54, 55, 56, 57, 58, 59, 60, 61, 62, 63, 64, 65, 66, 67, 68, 69, 70, 71, 72, 73, 75]
s091a_bwlightb_add_alp_ovl.bmp					PS2: [0, 4, 6, 9, 12, 15, 20, 39, 47, 55, 62, 64]					MC: [0, 1, 2, 3, 4, 5, 6, 7, 8, 9, 10, 11, 12, 13, 14, 16, 17, 18, 19, 20, 21, 22, 23, 24, 25, 26, 27, 28, 38, 41, 43, 46, 47, 51, 53, 57, 58, 60, 61, 62, 63, 68, 72, 77, 78, 79, 80]
s091a_entsdw00_alp_ovl.bmp					PS2: [0, 1, 2, 4, 22, 27, 29, 30, 38, 44, 45, 58, 59, 62]					MC: [0, 1, 2, 3, 4, 5, 7, 8, 9, 11, 12, 13, 14, 15, 17, 18, 24, 26, 27, 28, 32, 33, 34, 36, 37, 39, 40, 42, 44, 45, 46, 47, 48, 52, 57, 58, 59, 61, 62, 63, 64, 65, 66, 67, 68, 69, 70, 71, 72, 73, 74, 75, 76, 77, 78, 79, 80, 81, 82, 83, 84, 86, 87, 88]
s091a_entsdw01_alp_ovl.bmp					PS2: [0, 2, 3, 7, 10, 14, 18, 26, 34, 39, 42, 46, 51, 57, 60, 62]					MC: [0, 1, 2, 3, 4, 5, 6, 7, 8, 9, 10, 11, 12, 13, 14, 15, 16, 17, 18, 20, 22, 23, 24, 25, 26, 27, 28, 30, 32, 33, 35, 36, 37, 38, 39, 41, 42, 45, 46, 47, 48, 49, 51, 52, 54, 55, 56, 58, 59, 60, 61, 62, 63, 64, 65, 66, 67, 68, 69, 70, 71, 72, 73, 74, 75, 76, 77, 78]
s091a_flpnl03_alp_ovl.bmp					PS2: [0, 3, 8, 14, 21, 30, 43, 128]					MC: [0, 1, 2, 3, 4, 5, 6, 7, 8, 9, 10, 11, 12, 13, 14, 15, 16, 17, 18, 19, 20, 21, 22, 23, 24, 25, 26, 27, 28, 32, 33, 35, 36, 37, 38, 39, 40, 42, 43, 44, 45, 46, 47, 48, 49, 50, 51, 53, 54, 55, 56, 57, 58, 59, 60, 61, 62, 63, 64, 65, 66, 67, 68, 69, 70, 71, 72, 73, 74, 75, 76, 77, 78, 79, 80, 81, 82, 83, 84, 85, 86, 87, 88, 89, 90, 91, 92, 93, 94, 95, 96, 97, 98, 99, 100, 101, 102, 103, 104, 105, 106, 107, 108, 109, 110, 111, 112, 113, 114, 115, 116, 117, 118, 119, 120, 121, 122, 123, 124, 125, 126, 127, 128, 129, 130, 131, 132, 133, 134, 135, 136, 137, 138, 139, 140, 141, 142, 143, 146]
s091a_flpnl03_alp_ovl.bmp_94bdc7117b3a57423026f1c0e32084c8					PS2: [0, 3, 8, 14, 21, 30, 43, 128]					MC: [0, 1, 2, 3, 4, 5, 6, 7, 8, 9, 10, 11, 12, 13, 14, 15, 16, 17, 18, 19, 20, 21, 22, 23, 24, 25, 26, 27, 28, 32, 33, 35, 36, 37, 38, 39, 40, 42, 43, 44, 45, 46, 47, 48, 49, 50, 51, 53, 54, 55, 56, 57, 58, 59, 60, 61, 62, 63, 64, 65, 66, 67, 68, 69, 70, 71, 72, 73, 74, 75, 76, 77, 78, 79, 80, 81, 82, 83, 84, 85, 86, 87, 88, 89, 90, 91, 92, 93, 94, 95, 96, 97, 98, 99, 100, 101, 102, 103, 104, 105, 106, 107, 108, 109, 110, 111, 112, 113, 114, 115, 116, 117, 118, 119, 120, 121, 122, 123, 124, 125, 126, 127, 128, 129, 130, 131, 132, 133, 134, 135, 136, 137, 138, 139, 140, 141, 142, 143, 146]
s091a_flrusty00_alp_ovl.bmp					PS2: [0, 2, 4, 9, 20, 21, 33, 50, 128]					MC: [0, 1, 2, 3, 4, 5, 6, 7, 8, 9, 10, 11, 12, 13, 14, 15, 16, 17, 18, 19, 20, 21, 22, 23, 24, 25, 26, 27, 28, 29, 30, 31, 32, 33, 34, 35, 36, 37, 38, 39, 40, 41, 42, 43, 44, 45, 47, 48, 49, 50, 51, 52, 53, 54, 55, 56, 57, 58, 59, 60, 61, 62, 63, 64, 65, 66, 67, 68, 69, 70, 71, 72, 73, 74, 75, 76, 77, 78, 79, 80, 81, 82, 83, 84, 85, 86, 87, 88, 89, 90, 91, 92, 93, 94, 95, 96, 97, 98, 99, 100, 101, 102, 103, 104, 105, 106, 107, 108, 109, 110, 111, 112, 113, 114, 116, 117, 118, 121, 122, 131, 132, 133, 134, 135, 136, 137, 138, 139, 140, 141, 142, 143, 144, 145, 146, 147, 150, 151, 152]
s091a_fwinlighta_decal_add_alp_ovl.bmp					PS2: [0, 10, 20, 22, 29, 37, 47, 52, 54, 56, 57, 63, 73, 75, 82, 90]					MC: [0, 1, 2, 3, 4, 5, 6, 7, 8, 9, 10, 11, 12, 13, 14, 15, 16, 17, 18, 19, 20, 21, 22, 23, 24, 25, 26, 27, 28, 29, 30, 31, 32, 33, 34, 35, 36, 37, 38, 39, 40, 41, 42, 43, 44, 45, 46, 47, 48, 49, 50, 51, 52, 53, 54, 55, 56, 57, 58, 59, 60, 61, 62, 63, 64, 65, 66, 67, 68, 69, 70, 71, 72, 73, 74, 75, 76, 77, 78, 79, 80, 81, 82, 83, 84, 85, 86, 87, 88, 89, 90, 91, 92, 93, 94, 96, 98, 100, 102, 104, 105, 106, 107, 111, 112, 114]
s091a_ironparts00a_alp_ovl.bmp					PS2: [0, 38, 128]					MC: [0, 1, 2, 3, 4, 5, 6, 7, 8, 10, 12, 13, 15, 16, 17, 20, 21, 22, 23, 24, 25, 27, 40, 41, 42, 46, 47, 69, 79, 81, 88, 90, 93, 105, 106, 107, 108, 109, 111, 117, 118, 120, 121, 127, 128, 129, 130, 131, 132, 133, 135, 136, 137, 140, 142, 143, 146, 148]
s091a_line02_alp_ovl.bmp					PS2: [0, 16, 23, 30, 34, 38, 41, 44, 47, 48, 50, 52, 56, 58, 61, 62]					MC: [0, 1, 2, 3, 4, 6, 7, 8, 9, 10, 11, 12, 13, 14, 15, 16, 17, 18, 19, 20, 21, 22, 23, 24, 25, 26, 27, 28, 29, 30, 31, 32, 33, 34, 35, 36, 37, 38, 39, 40, 41, 42, 43, 44, 45, 46, 47, 48, 49, 50, 51, 52, 53, 54, 55, 56, 57, 58, 59, 60, 61, 62, 63, 64, 65, 66, 67, 68, 69, 70, 71, 72, 73, 74, 75, 76, 77, 78, 79, 80, 82, 87, 95]
s091a_mark00_alp_ovl.bmp					PS2: [0, 19, 21, 26, 31, 36, 40, 41, 50]					MC: [0, 1, 2, 3, 4, 5, 6, 7, 8, 9, 10, 11, 12, 13, 14, 15, 16, 17, 18, 19, 20, 21, 22, 23, 24, 25, 26, 27, 28, 31, 32, 33, 34, 35, 36, 37, 38, 39, 40, 41, 42, 43, 44, 45, 46, 47, 48, 49, 50, 51, 52, 53, 54, 55, 56, 57, 58, 59, 60, 61, 62, 63, 64, 65, 66, 67, 68, 69, 70, 71, 72, 73, 74, 75, 76, 77, 78]
s091a_pnl02_alp_ovl.bmp					PS2: [0, 66, 74, 77, 78, 87, 91, 92, 97]					MC: [0, 1, 2, 3, 4, 5, 6, 8, 12, 13, 16, 17, 18, 19, 20, 21, 22, 23, 24, 25, 27, 28, 43, 55, 56, 58, 60, 61, 62, 63, 64, 65, 67, 68, 69, 70, 71, 73, 74, 75, 76, 77, 78, 79, 80, 81, 82, 83, 84, 85, 86, 87, 88, 89, 90, 91, 92, 93, 94, 95, 96, 97, 98, 99, 100, 101, 102, 103, 104, 105, 106, 107, 108, 109, 110, 111, 112, 113, 115, 116, 117, 119, 124]
s091a_pnl02a_alp_ovl.bmp					PS2: [0, 30, 33, 36, 45, 48, 56, 60, 61, 65]					MC: [0, 1, 2, 3, 4, 5, 6, 7, 8, 9, 10, 11, 12, 13, 14, 15, 16, 17, 18, 19, 20, 21, 22, 23, 24, 25, 26, 27, 28, 29, 30, 31, 32, 33, 34, 35, 36, 37, 38, 39, 40, 41, 42, 43, 44, 45, 46, 47, 48, 49, 50, 51, 52, 53, 54, 55, 56, 57, 58, 59, 60, 61, 62, 63, 64, 65, 66, 67, 68, 69, 70, 71, 72, 73, 74, 75, 76, 77, 78, 79, 80, 81, 82, 83, 84, 85, 86, 87, 88, 89, 90, 91, 92, 97, 98]
s091a_stop_alp_ovl.bmp					PS2: [0, 7, 11, 14, 17, 19, 21, 23, 26, 28, 30, 33, 35, 36, 37, 38]					MC: [0, 1, 2, 3, 4, 5, 6, 7, 8, 9, 10, 11, 12, 13, 14, 15, 16, 17, 18, 19, 20, 21, 22, 23, 24, 25, 26, 27, 28, 29, 30, 31, 32, 33, 34, 35, 36, 37, 38, 39, 40, 41, 42, 43, 44, 45, 46, 47, 48, 49, 50, 51, 52, 53]
s091a_stop_alp_ovl.bmp_827d3be968f9398ef8247003fd46bd04					PS2: [0, 5, 13, 17, 21, 23, 25, 28, 29, 31, 32, 35, 36, 38]					MC: [0, 1, 2, 3, 4, 5, 6, 7, 8, 9, 10, 11, 12, 13, 14, 15, 16, 17, 18, 19, 20, 21, 22, 23, 24, 25, 26, 27, 28, 29, 30, 31, 32, 33, 34, 35, 36, 37, 38, 39, 40, 41, 42, 43, 44, 45, 46, 47, 48, 49, 50, 51, 52, 53, 54]
s091a_stop_alp_ovl.bmp_88c7cb04139bacb1ceb2bf227c9b95af					PS2: [0, 7, 11, 14, 17, 19, 21, 23, 26, 28, 30, 33, 35, 36, 37, 38]					MC: [0, 1, 2, 3, 4, 5, 6, 7, 8, 9, 10, 11, 12, 13, 14, 15, 16, 17, 18, 19, 20, 21, 22, 23, 24, 25, 26, 27, 28, 29, 30, 31, 32, 33, 34, 35, 36, 37, 38, 39, 40, 41, 42, 43, 44, 45, 46, 47, 48, 49, 50, 51, 52]
s091a_taiyakonb_alp_ovl.bmp					PS2: [0, 7, 12, 16, 20, 23, 26, 29, 32, 35, 38, 41, 46, 53, 60]					MC: [0, 1, 2, 3, 4, 5, 6, 7, 8, 9, 10, 11, 12, 13, 14, 15, 16, 17, 18, 19, 20, 21, 22, 23, 24, 25, 26, 27, 28, 29, 30, 31, 32, 33, 34, 35, 36, 37, 38, 39, 40, 41, 42, 43, 44, 45, 46, 47, 48, 49, 50, 51, 52, 53, 54, 55, 56, 57, 58, 59, 60, 61, 62, 63, 64, 65, 66, 67, 68, 69, 70, 71, 72, 73, 74, 75, 76, 77, 78, 79, 80, 81, 82, 83, 85]
s091a_wallparts00_alp_ovl.bmp					PS2: [0, 76, 128]					MC: [0, 1, 2, 14, 16, 17, 18, 19, 21, 23, 25, 27, 29, 33, 38, 41, 42, 44, 47, 52, 54, 70, 71, 127, 128, 129, 130, 131, 132, 134, 135, 136, 140, 141, 144, 146, 147, 148, 150, 151, 154, 157, 158, 161, 167]
s091a_wallpipe00_alp_ovl.bmp					PS2: [0, 16, 31, 47, 63, 66, 71, 85, 127, 128]					MC: [0, 1, 2, 3, 4, 5, 6, 7, 8, 9, 10, 11, 12, 13, 14, 15, 17, 18, 19, 21, 22, 23, 24, 25, 26, 27, 28, 29, 32, 33, 34, 36, 37, 38, 39, 40, 41, 42, 43, 44, 45, 46, 47, 48, 49, 51, 52, 53, 54, 55, 56, 57, 58, 60, 61, 62, 63, 64, 65, 66, 67, 68, 69, 70, 71, 72, 73, 74, 76, 77, 78, 79, 80, 81, 82, 84, 85, 89, 93, 95, 97, 100, 101, 107, 108, 111, 113, 115, 116, 117, 119, 123, 124, 125, 126, 127, 128, 129, 130, 131, 132, 133, 134, 135, 136, 137, 138, 139, 140, 141, 142, 143, 144, 145, 146, 147, 148, 149, 150, 151, 153, 166]
s091a_wallpipe02_alp_ovl.bmp					PS2: [0, 16, 31, 47, 56, 66, 71, 85, 127, 128]					MC: [0, 1, 2, 3, 4, 5, 6, 7, 8, 9, 10, 11, 12, 13, 14, 15, 18, 19, 21, 22, 26, 27, 28, 29, 32, 33, 34, 35, 36, 37, 38, 39, 40, 41, 42, 43, 44, 45, 46, 47, 48, 49, 50, 51, 52, 53, 54, 57, 58, 59, 60, 61, 62, 63, 64, 65, 66, 67, 68, 69, 70, 71, 72, 73, 74, 75, 76, 77, 78, 79, 80, 81, 82, 83, 84, 88, 93, 96, 97, 100, 104, 107, 108, 110, 112, 113, 114, 116, 118, 119, 123, 124, 125, 126, 127, 128, 129, 130, 131, 132, 133, 134, 135, 136, 137, 138, 140, 141, 142, 145, 146, 147, 148, 149, 150, 151, 154, 166]
s091a_wtsdwa_alp_ovl.bmp					PS2: [0, 27, 62]					MC: [0, 1, 13, 38, 62, 63, 64, 65]
s092a_s111signb_alp_ovl.bmp					PS2: [0, 27, 36, 55, 63, 72, 73]					MC: [0, 1, 2, 3, 4, 5, 6, 7, 8, 9, 10, 11, 12, 13, 14, 15, 16, 17, 18, 19, 20, 21, 22, 23, 24, 25, 26, 27, 28, 31, 32, 33, 34, 35, 36, 38, 39, 40, 41, 42, 43, 44, 46, 48, 49, 50, 51, 52, 53, 54, 55, 57, 58, 59, 60, 61, 62, 63, 64, 65, 66, 67, 68, 69, 70, 71, 72, 73, 74, 75, 76, 77, 78, 79, 80, 81, 82, 83, 84, 85, 87, 88, 92, 93, 94, 97, 98, 99, 100, 101, 102, 106, 107]
s093a_wallfont00_alp_ovl.bmp					PS2: [0, 13, 17, 21, 25, 27, 29, 32, 33, 35, 38, 41, 44, 46, 52, 56]					MC: [0, 1, 2, 3, 4, 5, 6, 7, 8, 9, 10, 11, 12, 13, 14, 15, 16, 17, 18, 19, 20, 21, 22, 23, 24, 25, 26, 27, 28, 36, 38, 39, 40, 41, 42, 43, 44, 45, 46, 47, 48, 49, 50, 52, 53, 58, 62, 68, 74]
s094a_flpnl00_alp_ovl.bmp					PS2: [0, 76, 128]					MC: [0, 1, 4, 6, 14, 15, 16, 17, 18, 19, 20, 21, 23, 26, 27, 33, 40, 41, 71, 72, 76, 78, 98, 101, 121, 123, 127, 128, 129, 130, 131, 132, 133, 134, 135, 137, 143, 146, 147, 148, 149, 154, 156, 166]
s094a_mark00_alp_ovl.bmp					PS2: [0, 1, 17, 24, 25, 32, 37, 48, 50]					MC: [0, 1, 2, 3, 4, 5, 6, 7, 8, 9, 10, 11, 12, 13, 14, 15, 16, 17, 18, 19, 20, 21, 22, 23, 24, 25, 26, 27, 28, 30, 31, 32, 33, 34, 35, 36, 37, 38, 39, 40, 41, 42, 43, 44, 45, 46, 47, 48, 49, 50, 51, 52, 53, 54, 55, 56, 57, 58, 59, 60, 61, 62, 63, 64, 65, 66, 67, 68, 69, 70, 71, 72, 73, 74, 75, 76, 77, 82]
s094a_n_sdw00_alp_ovl.bmp					PS2: [0, 6, 12, 18, 25, 32, 40, 47, 58, 69, 79, 88, 99, 109, 118, 125]					MC: [0, 1, 2, 3, 4, 5, 6, 7, 8, 9, 10, 11, 12, 13, 14, 15, 16, 17, 18, 19, 20, 21, 22, 23, 24, 25, 26, 27, 28, 29, 30, 31, 32, 33, 34, 35, 36, 37, 38, 39, 40, 41, 42, 43, 44, 45, 46, 47, 48, 49, 50, 51, 52, 53, 54, 55, 56, 57, 58, 59, 60, 61, 62, 63, 64, 65, 66, 67, 68, 69, 70, 71, 72, 73, 74, 75, 76, 77, 78, 79, 80, 81, 82, 83, 84, 85, 86, 87, 88, 89, 90, 91, 92, 93, 94, 95, 96, 97, 98, 99, 100, 101, 102, 103, 104, 105, 106, 107, 108, 109, 110, 111, 112, 113, 114, 115, 116, 117, 118, 119, 120, 121, 122, 123, 124, 125, 126, 127, 128, 129, 130, 131, 132, 133, 135, 136, 137, 138, 139, 140, 141, 142, 143, 144, 145, 146, 147, 149, 150, 151, 155, 156, 158, 163, 164, 168, 171]
s094a_wallfont00_alp_ovl.bmp					PS2: [0, 12, 15, 19, 23, 28, 30, 32, 35, 36, 39, 41, 45, 48, 51, 55]					MC: [0, 1, 2, 3, 4, 5, 6, 7, 8, 9, 10, 11, 12, 13, 14, 15, 16, 17, 18, 19, 20, 21, 22, 23, 24, 25, 26, 27, 28, 35, 37, 39, 40, 41, 43, 44, 47, 50, 51, 53, 55, 57, 59, 60, 62, 63]
s101a_comp08_alp_ovl.bmp					PS2: [0, 6, 12, 18, 27, 38, 41, 45, 48, 52, 55, 62, 68, 85, 88, 91]					MC: [0, 1, 2, 3, 4, 5, 6, 7, 8, 9, 10, 11, 12, 13, 14, 15, 17, 18, 19, 20, 21, 22, 23, 24, 25, 26, 27, 28, 29, 30, 31, 32, 33, 34, 35, 36, 37, 38, 39, 40, 41, 42, 43, 44, 45, 46, 47, 48, 49, 50, 51, 52, 53, 54, 55, 56, 57, 58, 59, 60, 61, 62, 63, 64, 65, 66, 67, 68, 69, 70, 71, 72, 73, 74, 75, 76, 77, 78, 79, 80, 82, 83, 84, 85, 86, 87, 88, 89, 90, 91, 92, 93, 94, 95, 96, 97, 98, 99, 100, 101, 102, 103, 104, 105, 106, 112, 117]
s101a_plantc00_alp_ovl.bmp					PS2: [0, 2, 4, 14, 40, 55, 77, 92, 121, 123, 124, 125]					MC: [0, 1, 2, 3, 4, 5, 6, 7, 8, 9, 10, 11, 12, 13, 14, 15, 16, 17, 18, 19, 20, 21, 22, 23, 24, 25, 26, 27, 28, 29, 30, 31, 32, 33, 34, 35, 37, 38, 39, 40, 41, 42, 43, 44, 45, 46, 48, 49, 50, 51, 52, 53, 54, 55, 56, 57, 58, 59, 60, 61, 62, 64, 65, 66, 67, 68, 69, 70, 71, 72, 73, 74, 75, 76, 77, 78, 79, 80, 81, 82, 83, 84, 85, 86, 87, 88, 89, 90, 91, 92, 93, 94, 96, 97, 98, 99, 100, 101, 102, 103, 105, 106, 107, 108, 109, 110, 111, 112, 113, 114, 115, 116, 117, 118, 119, 120, 121, 122, 123, 124, 125, 126, 127, 128, 129, 130, 131, 132, 133, 134, 135, 136, 137, 138, 139, 140, 141, 142, 143, 144, 145, 146, 147, 148, 149, 150, 151, 152, 153, 154, 158, 159, 160, 162, 167, 168, 169]
s101a_roof_mein00_alp_ovl.bmp					PS2: [0, 14, 17, 34, 42, 54, 69, 83, 96, 103, 109, 120, 121, 127, 128]					MC: [0, 1, 2, 3, 4, 5, 6, 7, 8, 9, 10, 11, 12, 13, 14, 15, 16, 17, 18, 19, 20, 21, 22, 23, 24, 25, 26, 27, 28, 29, 30, 31, 32, 33, 34, 35, 36, 37, 38, 39, 40, 41, 42, 43, 44, 45, 46, 47, 48, 49, 50, 51, 52, 53, 54, 55, 56, 57, 58, 59, 60, 61, 62, 63, 64, 65, 66, 67, 68, 69, 70, 71, 72, 73, 74, 75, 76, 77, 78, 79, 80, 81, 82, 83, 84, 85, 86, 87, 88, 89, 90, 91, 92, 93, 94, 95, 96, 97, 98, 99, 100, 101, 102, 103, 104, 105, 106, 107, 108, 109, 110, 111, 112, 113, 114, 115, 116, 117, 118, 119, 120, 121, 122, 123, 124, 125, 126, 127, 128, 129, 130, 131, 132, 133, 134, 135, 136, 137, 138, 139, 140, 141, 142, 143, 144, 145, 146, 147, 148, 149, 150, 151, 152, 153, 154, 155, 156, 157, 158, 159, 160, 161]
s101a_sdw02_alp_ovl.bmp					PS2: [0, 16, 21, 27, 28, 46, 54, 59, 62, 69, 70, 71, 73]					MC: [0, 1, 2, 3, 4, 5, 6, 7, 8, 9, 10, 11, 13, 14, 15, 17, 19, 21, 23, 24, 25, 27, 28, 29, 31, 33, 34, 36, 37, 38, 41, 45, 46, 48, 54, 55, 56, 57, 58, 59, 67, 69, 70, 71, 72, 73, 74, 75, 76, 77, 79, 80, 81, 82]
s101a_sdw03_alp_ovl.bmp					PS2: [0, 14, 19, 22, 27, 31, 36, 39, 44, 50, 57, 61, 64, 67]					MC: [0, 1, 2, 3, 4, 5, 6, 7, 8, 9, 10, 11, 12, 13, 14, 15, 16, 17, 18, 19, 20, 21, 22, 23, 24, 25, 26, 27, 28, 29, 30, 31, 32, 33, 34, 35, 36, 37, 38, 39, 40, 41, 42, 43, 44, 45, 46, 47, 48, 49, 50, 51, 52, 53, 54, 55, 56, 57, 58, 59, 60, 61, 62, 63, 64, 65, 66, 67, 68, 69, 70]
s101a_sdw_bkbord00_alp_ovl.bmp					PS2: [0, 7, 12, 16, 20, 25, 30, 35, 40, 46, 50, 55, 59, 64, 68, 71]					MC: [0, 1, 2, 3, 4, 5, 6, 7, 8, 9, 10, 11, 12, 13, 14, 15, 16, 17, 18, 19, 20, 21, 22, 23, 24, 25, 26, 27, 28, 29, 30, 31, 32, 33, 34, 35, 36, 37, 38, 39, 40, 41, 42, 43, 44, 45, 46, 47, 48, 49, 50, 51, 52, 53, 54, 55, 56, 57, 58, 59, 60, 61, 62, 63, 64, 65, 66, 67, 68, 69, 70, 71, 72, 73, 74, 75, 76, 77, 79, 80, 81, 83, 84, 85, 86]
s101a_sdw_d01_alp_ovl.bmp					PS2: [0, 2, 10, 19, 30, 37, 44, 51, 57, 65, 70, 75, 82, 88, 98, 114]					MC: [0, 1, 2, 3, 4, 5, 6, 7, 8, 9, 10, 11, 12, 13, 14, 15, 16, 17, 18, 19, 20, 21, 22, 23, 24, 25, 26, 27, 28, 29, 30, 31, 32, 33, 34, 35, 36, 37, 38, 39, 40, 41, 42, 43, 44, 45, 46, 47, 48, 49, 50, 51, 52, 53, 54, 55, 56, 57, 58, 59, 60, 61, 62, 63, 64, 65, 66, 67, 68, 69, 70, 71, 72, 73, 74, 75, 76, 77, 78, 79, 80, 81, 82, 83, 84, 85, 86, 87, 88, 89, 90, 91, 92, 93, 94, 95, 96, 97, 98, 99, 100, 101, 102, 103, 104, 105, 106, 107, 108, 109, 110, 111, 112, 113, 114, 115, 116, 117, 118, 119, 120, 121, 122, 124, 128]
s101a_sdw_dtable00_alp_ovl.bmp					PS2: [0, 5, 15, 22, 28, 33, 36, 40, 45, 48, 51, 55, 59, 63, 69, 76]					MC: [0, 1, 2, 3, 4, 5, 6, 7, 8, 9, 10, 11, 12, 13, 14, 15, 16, 17, 18, 19, 20, 21, 22, 23, 24, 25, 26, 27, 28, 29, 30, 31, 32, 33, 34, 35, 36, 37, 38, 39, 40, 41, 42, 43, 44, 45, 46, 47, 48, 49, 50, 51, 52, 53, 54, 55, 56, 57, 58, 59, 60, 61, 62, 63, 64, 65, 66, 67, 68, 69, 70, 71, 72, 73, 74, 75, 76, 77, 78, 79, 80, 81, 82, 83, 84, 85, 89]
s101a_sdw_grtable00_alp_ovl.bmp					PS2: [0, 5, 9, 15, 18, 26, 33, 39, 44, 49, 55, 58, 61, 64, 67, 71]					MC: [0, 1, 2, 3, 4, 5, 6, 7, 8, 9, 10, 11, 12, 13, 14, 15, 16, 17, 18, 19, 20, 21, 22, 23, 24, 25, 26, 27, 28, 29, 30, 31, 32, 33, 34, 35, 36, 37, 38, 39, 40, 41, 42, 43, 44, 45, 46, 47, 48, 49, 50, 51, 52, 53, 54, 55, 56, 57, 58, 59, 60, 61, 62, 63, 64, 65, 66, 67, 68, 69, 70, 71, 72, 73, 74, 75, 76, 77, 78, 85, 90, 94]
s101a_sdw_pillar_00_alp_ovl.bmp					PS2: [0, 6, 16, 22, 25, 30, 32, 36, 40, 42, 47, 50, 53, 58, 60, 62]					MC: [0, 1, 2, 3, 5, 6, 7, 8, 9, 10, 12, 13, 14, 15, 16, 17, 18, 19, 21, 22, 23, 24, 25, 26, 27, 30, 31, 32, 33, 34, 35, 37, 38, 39, 40, 41, 42, 43, 44, 45, 46, 47, 48, 49, 50, 51, 52, 53, 55, 56, 58, 59, 60, 61, 62, 63, 64, 65, 66, 67, 68, 70, 71, 74]
s101a_sdw_sofa00_alp_ovl.bmp					PS2: [0, 1, 10, 14, 26, 31, 37, 39, 44, 51, 59, 63, 67, 74, 82, 93]					MC: [0, 1, 2, 3, 4, 5, 6, 7, 8, 9, 10, 11, 12, 13, 14, 15, 16, 17, 18, 19, 20, 21, 23, 24, 25, 26, 27, 28, 29, 30, 31, 32, 33, 34, 35, 36, 37, 38, 39, 40, 41, 42, 43, 44, 45, 46, 47, 48, 49, 50, 51, 52, 53, 54, 55, 56, 57, 58, 59, 60, 61, 62, 63, 64, 65, 66, 67, 68, 69, 70, 71, 72, 73, 74, 75, 76, 77, 78, 79, 80, 81, 82, 83, 84, 85, 86, 89, 90, 91, 92, 93, 94, 95, 96, 97, 98, 99, 100, 102, 103]
s101a_sdw_square01_alp_ovl.bmp					PS2: [0, 6, 14, 19, 22, 25, 27, 30, 33, 37, 40, 43, 52, 57, 65]					MC: [0, 1, 2, 3, 4, 5, 6, 7, 8, 9, 10, 11, 12, 13, 14, 15, 16, 17, 18, 19, 20, 21, 22, 23, 24, 25, 26, 27, 28, 29, 30, 31, 32, 33, 34, 35, 36, 37, 38, 39, 40, 41, 42, 43, 44, 45, 46, 47, 49, 50, 51, 52, 53, 54, 55, 56, 57, 58, 59, 60, 61, 62, 63, 65, 66, 67, 68, 69, 70, 71, 72, 73, 74, 75, 79]
s101a_sdw_study_00_alp_ovl.bmp					PS2: [0, 8, 18, 25, 30, 36, 42, 48, 53, 58, 64, 73, 83, 90, 96, 107]					MC: [0, 1, 2, 3, 4, 5, 6, 7, 8, 9, 10, 11, 12, 13, 14, 15, 16, 17, 18, 19, 20, 21, 22, 23, 24, 25, 26, 27, 28, 29, 30, 31, 32, 33, 34, 35, 36, 37, 38, 39, 40, 41, 42, 43, 44, 45, 46, 47, 48, 49, 50, 51, 52, 53, 54, 55, 56, 57, 58, 59, 60, 61, 62, 63, 64, 65, 66, 67, 68, 69, 70, 71, 72, 73, 74, 75, 76, 77, 78, 79, 80, 81, 82, 83, 84, 85, 86, 87, 88, 89, 90, 91, 92, 93, 94, 95, 96, 97, 98, 99, 100, 101, 102, 103, 104, 105, 106, 107, 108, 109, 110, 111, 112, 113, 114, 115, 116, 117, 118, 119, 120, 121, 122, 123, 125, 126, 127, 128, 130, 131, 132, 133, 134, 135, 137, 138, 140, 141, 143, 154]
s101a_sdw_study_01_alp_ovl.bmp					PS2: [0, 4, 10, 17, 23, 31, 39, 46, 56, 60, 65, 75, 83, 94, 97, 101]					MC: [0, 1, 2, 3, 4, 5, 6, 7, 8, 9, 10, 11, 12, 13, 14, 15, 16, 17, 18, 19, 20, 21, 22, 23, 24, 25, 26, 27, 28, 29, 30, 31, 32, 33, 34, 35, 36, 37, 38, 39, 40, 41, 42, 43, 44, 45, 46, 47, 48, 49, 50, 51, 52, 53, 54, 55, 56, 57, 58, 59, 60, 61, 62, 63, 64, 65, 66, 67, 68, 69, 70, 71, 72, 73, 74, 75, 76, 77, 78, 79, 80, 81, 82, 83, 84, 85, 86, 87, 88, 89, 90, 91, 92, 93, 94, 95, 96, 97, 98, 99, 100, 101, 102, 103, 104, 105, 106, 107, 108, 109, 110, 111, 112, 113, 114, 115, 116, 117, 118, 120, 121, 123]
s101a_sdw_study_02_alp_ovl.bmp					PS2: [0, 6, 9, 14, 22, 28, 35, 43, 50, 57, 73, 88, 94, 105, 111, 115]					MC: [0, 1, 2, 3, 4, 5, 6, 7, 8, 9, 10, 11, 12, 13, 14, 15, 16, 17, 18, 19, 20, 21, 22, 23, 24, 25, 26, 27, 28, 29, 30, 31, 32, 33, 34, 35, 36, 37, 38, 39, 40, 41, 42, 43, 44, 45, 46, 47, 48, 49, 50, 51, 52, 53, 54, 55, 56, 57, 58, 59, 60, 61, 62, 63, 64, 65, 66, 67, 68, 69, 70, 71, 72, 73, 74, 75, 76, 77, 78, 79, 80, 81, 82, 83, 84, 85, 86, 87, 88, 89, 90, 91, 92, 93, 94, 95, 96, 97, 98, 99, 100, 101, 102, 103, 104, 105, 106, 107, 108, 109, 110, 111, 112, 113, 114, 115, 116, 117, 118, 119, 120, 121, 122, 123, 124, 125, 126, 127, 128, 129, 130, 131, 132, 133, 134, 135, 136, 137, 138, 139, 140, 141, 142, 150]
s101a_sdw_study_03_alp_ovl.bmp					PS2: [0, 6, 12, 23, 36, 46, 51, 55, 60, 65, 71, 76, 84, 91, 94, 97]					MC: [0, 1, 2, 3, 4, 5, 6, 7, 8, 9, 10, 11, 12, 13, 14, 15, 16, 17, 18, 19, 20, 21, 22, 23, 24, 25, 26, 27, 28, 29, 30, 31, 32, 33, 34, 35, 36, 37, 38, 39, 40, 41, 42, 43, 44, 45, 46, 47, 48, 49, 50, 51, 52, 53, 54, 55, 56, 57, 58, 59, 60, 61, 62, 63, 64, 65, 66, 67, 68, 69, 70, 71, 72, 73, 74, 75, 76, 77, 78, 79, 80, 81, 82, 83, 84, 85, 86, 87, 88, 89, 90, 91, 92, 93, 94, 95, 96, 97, 98, 99, 100, 101, 102, 103, 104, 105, 106, 107, 108, 109, 110, 111, 112, 113, 114, 115, 117, 120, 121]
s101a_sdw_triangle_alp_ovl.bmp					PS2: [0, 5, 11, 15, 18, 21, 27, 33, 39, 45, 51, 56, 63, 69, 76, 81]					MC: [0, 1, 2, 3, 4, 5, 6, 7, 8, 9, 10, 11, 12, 13, 14, 15, 16, 17, 18, 19, 20, 21, 22, 23, 24, 25, 26, 27, 28, 29, 31, 32, 33, 34, 35, 36, 37, 38, 39, 40, 41, 42, 43, 44, 45, 46, 47, 48, 49, 50, 51, 52, 53, 54, 55, 56, 57, 58, 59, 60, 61, 62, 63, 64, 65, 66, 67, 68, 69, 70, 71, 72, 73, 74, 75, 76, 77, 78, 79, 80, 81, 82, 83, 84, 85, 86, 87, 88, 90, 91, 92, 93, 94, 95, 96, 97, 100, 101, 102, 109]
s101a_sdwa00_alp_ovl.bmp					PS2: [0, 10, 15, 18, 21, 26, 31, 36, 41, 47, 53, 60, 66, 74, 81, 89]					MC: [0, 1, 2, 3, 4, 5, 6, 7, 8, 9, 10, 11, 12, 13, 14, 15, 16, 17, 18, 19, 20, 21, 22, 23, 24, 25, 26, 27, 28, 29, 30, 31, 32, 33, 34, 35, 36, 37, 38, 39, 40, 41, 42, 43, 44, 45, 46, 47, 48, 49, 50, 51, 52, 53, 54, 55, 56, 57, 58, 59, 60, 61, 62, 63, 64, 65, 66, 67, 68, 69, 70, 71, 72, 73, 74, 75, 76, 77, 78, 79, 80, 81, 82, 83, 84, 85, 86, 87, 88, 89, 90, 91, 92, 93, 94, 95, 96, 97, 98, 99, 110, 112, 113]
s101a_text00_alp_ovl.bmp					PS2: [0, 10, 14, 23, 25, 33, 40, 41, 49, 55, 64, 66, 75, 76, 91]					MC: [0, 1, 2, 3, 4, 5, 6, 7, 8, 9, 10, 11, 12, 13, 14, 15, 16, 17, 18, 19, 20, 21, 22, 23, 24, 25, 26, 27, 28, 29, 30, 31, 32, 33, 34, 35, 36, 37, 38, 39, 40, 41, 42, 43, 44, 45, 46, 47, 48, 49, 50, 51, 52, 53, 54, 55, 56, 57, 58, 59, 60, 61, 62, 63, 64, 65, 66, 67, 68, 69, 70, 71, 72, 73, 74, 75, 76, 77, 78, 79, 80, 81, 82, 83, 84, 85, 86, 87, 88, 89, 90, 91, 92, 93, 94, 95, 96, 97, 98, 99, 100, 101, 102, 103, 104, 105, 106, 107, 108, 109, 110, 111, 112, 113, 114, 115, 116, 117, 118, 119, 120, 121, 122, 123, 124, 125, 126, 127, 128, 129, 130, 131, 132, 133, 134, 135, 136, 137, 138, 139, 140, 141, 142, 143, 144, 145, 147, 148, 150, 151]
s101a_text01_alp_ovl.bmp					PS2: [0, 1, 8, 9, 15, 19, 22, 26, 30, 33, 34, 37, 41, 45, 48, 49]					MC: [0, 1, 2, 3, 4, 5, 6, 7, 8, 9, 10, 11, 12, 13, 14, 15, 16, 17, 18, 19, 20, 21, 22, 23, 24, 25, 26, 27, 28, 29, 30, 31, 32, 33, 34, 35, 36, 37, 38, 39, 40, 41, 42, 43, 44, 45, 46, 47, 48, 49, 50, 51, 52, 53, 54, 55, 56, 57, 58, 59, 60, 61, 62, 63, 64, 65, 66, 67, 68, 69, 70, 71, 72, 73]
s101a_toilet_sdw00_alp_ovl.bmp					PS2: [0, 4, 9, 13, 19, 27, 33, 37, 41, 44, 46, 48, 52, 56, 60, 69]					MC: [0, 1, 2, 3, 4, 5, 6, 7, 8, 9, 10, 11, 12, 13, 14, 15, 16, 17, 18, 19, 20, 21, 22, 23, 24, 25, 26, 27, 28, 30, 31, 32, 33, 34, 35, 36, 37, 38, 39, 40, 41, 42, 43, 44, 45, 46, 47, 48, 49, 50, 51, 52, 53, 54, 55, 56, 57, 58, 59, 60, 61, 62, 63, 64, 65, 66, 67, 68, 69, 70, 71, 72, 73, 74, 75, 76, 77, 78, 79, 80, 81, 82, 84, 86, 92]
s101a_toilet_sdw01_alp_ovl.bmp					PS2: [0, 4, 9, 15, 23, 30, 34, 37, 40, 44, 49, 53, 59, 64, 72, 77]					MC: [0, 1, 2, 3, 4, 5, 6, 7, 8, 9, 10, 11, 12, 13, 14, 15, 16, 17, 18, 19, 20, 21, 22, 23, 24, 25, 26, 27, 28, 29, 30, 31, 32, 33, 34, 35, 36, 37, 38, 39, 40, 41, 42, 43, 44, 45, 46, 47, 48, 49, 50, 51, 52, 53, 54, 55, 56, 57, 58, 59, 60, 61, 62, 63, 64, 65, 66, 67, 68, 69, 70, 71, 72, 73, 74, 75, 76, 77, 78, 79, 80, 81, 82, 83, 84, 85, 86, 87, 89, 90, 91, 93, 94, 96]
s101a_toilet_sdw02_alp_ovl.bmp					PS2: [0, 3, 9, 18, 28, 45, 54, 60, 64, 73, 79, 86, 90, 93, 97, 101]					MC: [0, 1, 2, 3, 4, 5, 6, 7, 8, 9, 10, 11, 12, 13, 14, 16, 17, 18, 19, 20, 21, 22, 23, 24, 25, 26, 27, 28, 29, 31, 32, 33, 37, 38, 39, 40, 41, 42, 46, 47, 48, 50, 51, 52, 53, 54, 55, 56, 57, 59, 60, 62, 63, 64, 65, 66, 67, 68, 69, 70, 71, 72, 74, 75, 76, 77, 78, 79, 80, 81, 82, 83, 84, 85, 86, 87, 88, 89, 90, 91, 92, 93, 94, 95, 96, 97, 98, 99, 100, 101, 102, 103, 104, 105, 106, 107, 108, 109, 110, 111, 112, 113, 114, 115, 116, 117, 118, 119, 120, 121, 122, 123, 124, 126, 127, 131]
s111a_desk_04_decal_alp_ovl.bmp					PS2: [0, 3, 7, 10, 13, 16, 18, 20, 22, 25, 28, 32, 38, 50, 55, 68]					MC: [0, 1, 2, 3, 4, 5, 6, 7, 8, 9, 10, 11, 12, 13, 14, 15, 16, 17, 18, 19, 20, 21, 22, 23, 24, 25, 26, 27, 28, 29, 30, 31, 32, 33, 34, 35, 36, 37, 38, 39, 40, 41, 42, 43, 44, 45, 46, 47, 48, 50, 51, 52, 53, 54, 55, 56, 57, 58, 60, 62, 67, 72]
s111a_room_deco_moji_01_alp_ovl.bmp					PS2: [0, 19, 28, 38, 43, 46, 48, 51, 53, 55, 57, 59, 61, 62, 63, 64]					MC: [0, 1, 2, 3, 4, 5, 6, 7, 8, 9, 10, 11, 12, 13, 14, 17, 18, 19, 22, 23, 24, 25, 26, 27, 28, 29, 30, 31, 32, 33, 34, 35, 36, 37, 38, 39, 40, 41, 42, 43, 44, 45, 46, 48, 49, 50, 51, 52, 53, 54, 55, 56, 57, 58, 59, 60, 61, 62, 63, 64, 65, 66, 67, 68, 69, 70, 71, 72, 73, 74, 75, 76, 77, 78, 79, 80, 81, 82, 83]
s111a_room_meca_03_decal_alp_add_ovl.bmp					PS2: [0, 3, 15, 16, 23, 24, 26, 27, 31, 33, 37, 53, 62, 71, 91, 92]					MC: [0, 1, 2, 3, 4, 5, 6, 7, 8, 9, 10, 11, 12, 13, 14, 15, 16, 17, 18, 19, 20, 21, 22, 23, 24, 25, 26, 27, 28, 31, 33, 34, 35, 36, 37, 38, 39, 40, 41, 42, 43, 44, 45, 46, 47, 48, 49, 50, 51, 52, 53, 54, 55, 56, 57, 58, 59, 61, 62, 63, 64, 65, 66, 68, 70, 72, 73, 75, 76, 78, 79, 83, 86, 106]
s111a_s091a_flpnl03_alp_ovl.bmp					PS2: [0, 9, 20, 30, 123]					MC: [0, 1, 2, 3, 4, 5, 6, 7, 8, 9, 10, 11, 12, 13, 14, 15, 16, 17, 18, 19, 20, 21, 22, 23, 25, 26, 27, 29, 30, 31, 32, 33, 35, 36, 38, 39, 40, 41, 42, 44, 46, 47, 49, 50, 51, 52, 53, 54, 55, 56, 57, 58, 59, 60, 61, 62, 63, 64, 65, 66, 67, 68, 69, 70, 71, 72, 73, 74, 75, 76, 77, 78, 80, 81, 82, 83, 84, 85, 87, 88, 89, 90, 91, 92, 93, 94, 95, 96, 97, 98, 99, 100, 101, 102, 103, 104, 105, 106, 107, 108, 110, 114, 126, 129, 130, 131, 132, 133, 134, 135, 136, 137, 138, 139, 140, 141, 142, 143, 144, 145, 146, 147, 148, 149, 150, 151, 152, 153, 154, 155, 156, 157]
s111a_s091a_wall00_alp_ovl.bmp					PS2: [0, 31, 63, 95, 128]					MC: [0, 1, 2, 3, 4, 5, 6, 7, 8, 9, 10, 11, 12, 13, 14, 15, 16, 17, 18, 19, 20, 21, 22, 23, 24, 25, 26, 27, 28, 29, 31, 32, 33, 34, 35, 37, 38, 41, 42, 43, 44, 45, 46, 47, 48, 50, 52, 53, 54, 56, 57, 58, 59, 60, 61, 62, 63, 66, 67, 68, 69, 70, 71, 72, 73, 75, 76, 77, 78, 79, 80, 81, 83, 84, 85, 86, 88, 89, 90, 91, 92, 93, 94, 96, 97, 98, 101, 102, 103, 104, 105, 107, 109, 111, 112, 114, 115, 116, 117, 118, 119, 121, 122, 123, 124, 125, 127, 128, 129, 130, 131, 132, 133, 134, 135, 136, 137, 138, 139, 140, 141, 142, 143, 144, 145, 146, 147, 148, 149, 150, 151, 154, 159, 160, 169]
s111a_s091a_wallparts00_alp_ovl.bmp					PS2: [0, 76, 128]					MC: [0, 1, 3, 4, 5, 6, 7, 8, 9, 10, 11, 12, 20, 21, 22, 23, 26, 30, 36, 39, 41, 45, 47, 49, 52, 57, 96, 97, 102, 104, 107, 109, 110, 112, 113, 115, 118, 123, 126, 127, 128, 129, 130, 131, 132, 133, 134, 135, 136, 137, 138, 139, 141, 142, 158]
s111a_txt_00_alp_ovl.bmp					PS2: [0, 11, 18, 24, 29, 34, 43, 50, 56, 63, 69, 77, 85, 92, 99, 106]					MC: [0, 1, 2, 3, 4, 5, 6, 7, 8, 9, 10, 11, 12, 13, 14, 15, 16, 17, 18, 19, 20, 21, 22, 23, 24, 25, 26, 27, 28, 29, 30, 31, 32, 33, 34, 35, 36, 37, 38, 39, 40, 41, 42, 43, 44, 45, 46, 47, 48, 49, 50, 51, 52, 53, 54, 55, 56, 57, 58, 59, 60, 61, 62, 63, 64, 65, 66, 67, 68, 69, 70, 71, 72, 73, 74, 75, 76, 77, 78, 79, 80, 81, 82, 83, 84, 85, 86, 87, 88, 89, 90, 91, 92, 93, 94, 95, 96, 97, 98, 99, 100, 101, 102, 103, 104, 105, 106, 107, 108, 109, 110, 111, 112, 113, 114, 115, 116, 117, 118, 119, 120, 121, 122, 123, 124, 125, 126, 127, 128, 129, 130, 131, 132, 133, 134, 135, 136, 137, 138, 139, 140, 141, 142, 143, 144, 145, 146, 147, 148, 149, 150, 151, 152, 153, 154, 155, 156, 159, 161, 162]
s112a_bedroom_kage_02_alp_ovl.bmp					PS2: [0, 12, 17, 22, 26, 29, 35, 41, 45, 47, 52, 57, 60, 65, 68, 72]					MC: [0, 1, 2, 3, 4, 5, 6, 7, 8, 9, 10, 11, 12, 13, 14, 15, 16, 17, 18, 19, 20, 21, 22, 23, 24, 25, 26, 27, 28, 29, 30, 31, 32, 33, 34, 35, 36, 37, 38, 39, 40, 41, 42, 43, 44, 45, 46, 47, 48, 49, 50, 51, 52, 53, 54, 55, 56, 57, 58, 59, 60, 61, 62, 63, 64, 65, 66, 67, 68, 69, 70, 71, 72, 73, 74, 75, 76, 77, 78, 79, 80, 82, 83, 84]
s112a_blood_01_alp_ovl.bmp					PS2: [0, 1, 2, 3, 4, 5, 6, 7, 8, 9, 10, 11, 12, 13, 14, 15, 16, 17, 18, 19, 20, 21, 22, 23, 24, 25, 26, 27, 28, 29, 30, 31, 32, 33, 34, 35, 36, 37, 38, 39, 40, 41, 42, 43, 44, 45, 46, 47, 48, 49, 50, 51, 52, 53, 54, 55, 56, 57, 58, 59, 60, 61, 62, 63, 64, 65, 66, 67, 68, 69, 70, 71, 72, 73, 74, 75, 76, 77, 78, 79, 80, 81, 82, 83, 84, 85, 86, 87, 88, 89, 90, 91, 92, 93, 94, 95, 96, 97, 98, 99, 100, 101, 102, 103, 104, 105, 106, 107, 108, 109, 110, 111, 112, 113, 114]					MC: [0, 1, 2, 3, 4, 5, 6, 7, 8, 9, 10, 11, 12, 13, 14, 15, 16, 17, 18, 19, 20, 21, 22, 23, 24, 25, 26, 27, 28, 29, 30, 31, 32, 33, 34, 35, 36, 37, 38, 39, 40, 41, 42, 43, 44, 45, 46, 47, 48, 49, 50, 51, 52, 53, 54, 55, 56, 57, 58, 59, 60, 61, 62, 63, 64, 65, 66, 67, 68, 69, 70, 71, 72, 73, 74, 75, 76, 77, 78, 79, 80, 81, 82, 83, 84, 85, 86, 87, 88, 89, 90, 91, 92, 93, 94, 95, 96, 97, 98, 99, 100, 101, 102, 103, 104, 105, 106, 107, 108, 109, 110, 111, 112, 113, 114, 115, 116, 117, 118, 119, 120, 121, 122, 123, 124, 125, 126, 127, 128, 129, 130, 131, 132, 133, 134, 135, 136, 137, 138, 139, 140, 141, 142, 143, 144, 145, 146, 147, 148, 149, 150, 151, 152, 153, 154, 155, 156, 157, 158, 159, 160, 165, 167, 169, 170, 171, 173, 175, 187]
s112a_blood_04_alp_ovl.bmp					PS2: [0, 1, 2, 3, 4, 5, 6, 7, 8, 9, 10, 11, 12, 13, 14, 15, 16, 17, 18, 19, 20, 21, 22, 23, 24, 25, 26, 27, 28, 29, 30, 31, 32, 33, 34, 35, 36, 37, 38, 39, 40, 41, 42, 43, 44, 45, 46, 47, 48, 49, 50, 51, 52, 53, 54, 55, 56, 57, 58, 59, 60, 61, 62, 63, 64, 65, 66, 67, 68, 69, 70, 71, 72, 73, 74, 75, 76, 77, 78, 79, 80, 81, 82, 83, 84, 85, 86, 87, 88, 89, 90, 91, 92, 93, 94, 95, 96, 97, 98, 99, 100, 101, 102, 103, 104, 105, 106, 107, 108, 109, 110, 111, 112, 113, 114, 115, 116, 117, 118, 119, 120, 121, 122, 123, 124, 125, 126, 127, 128]					MC: [0, 1, 2, 3, 4, 5, 6, 7, 8, 9, 10, 11, 12, 13, 14, 15, 16, 17, 18, 19, 20, 21, 22, 23, 24, 25, 26, 27, 28, 29, 30, 31, 32, 33, 34, 35, 36, 37, 38, 39, 40, 41, 42, 43, 44, 45, 46, 47, 48, 49, 50, 51, 52, 53, 54, 55, 56, 57, 58, 59, 60, 61, 62, 63, 64, 65, 66, 67, 68, 69, 70, 71, 72, 73, 74, 75, 76, 77, 78, 79, 80, 81, 82, 83, 84, 85, 86, 87, 88, 89, 90, 91, 92, 93, 94, 95, 96, 97, 98, 99, 100, 101, 102, 103, 104, 105, 106, 107, 108, 109, 110, 111, 112, 113, 114, 115, 116, 117, 118, 119, 120, 121, 122, 123, 124, 125, 126, 127, 128, 129, 130, 131, 132, 133, 134, 135, 136, 137, 138, 139, 140, 141, 142, 143, 144, 145, 146, 147, 148, 149, 150, 151, 152, 153, 154, 155, 156, 157, 158, 159, 160, 161, 162, 163, 164, 165, 166, 167, 168, 169, 170, 171, 173, 174, 175, 176]
s112a_blood_05_alp_ovl.bmp					PS2: [0, 1, 2, 3, 4, 5, 6, 7, 8, 9, 10, 11, 12, 13, 14, 15, 16, 17, 18, 19, 20, 21, 22, 23, 24, 25, 26, 27, 28, 29, 30, 31, 32, 33, 34, 35, 36, 37, 38, 39, 40, 41, 42, 43, 44, 45, 46, 47, 48, 49, 50, 51, 52, 53, 54, 55, 56, 57, 58, 59, 60, 61, 62, 63, 64, 65, 66, 67, 68, 69, 70, 71, 72, 73, 74, 75, 76, 77, 78, 79, 80, 81, 82, 83, 84, 85, 86, 87, 88, 89, 90, 91, 92, 93, 94, 95, 96, 97, 98, 99, 100, 101, 103, 105]					MC: [0, 1, 2, 3, 4, 5, 6, 7, 8, 9, 10, 11, 12, 13, 14, 15, 16, 17, 18, 19, 20, 21, 22, 23, 24, 25, 26, 27, 28, 29, 30, 31, 32, 33, 34, 35, 36, 37, 38, 39, 40, 41, 42, 43, 44, 45, 46, 47, 48, 49, 50, 51, 52, 53, 54, 55, 56, 57, 58, 59, 60, 61, 62, 63, 64, 65, 66, 67, 68, 69, 70, 71, 72, 73, 74, 75, 76, 77, 78, 79, 80, 81, 82, 83, 84, 85, 86, 87, 88, 89, 90, 91, 92, 93, 94, 95, 96, 97, 98, 99, 100, 101, 102, 103, 104, 105, 106, 107, 108, 109, 110, 111, 112, 113, 114, 115, 116, 117, 118, 119, 120, 121, 122, 123, 124, 125, 126, 127, 128, 129, 131, 132]
s112a_cor_deco_01_alp_ovl.bmp					PS2: [0, 38, 39]					MC: [0, 1, 2, 3, 4, 5, 6, 7, 8, 9, 10, 11, 12, 13, 14, 15, 16, 17, 18, 19, 20, 21, 22, 23, 24, 25, 26, 27, 28, 31, 33, 34, 35, 36, 37, 38, 39, 40, 41, 42, 43, 44, 45, 46, 47, 48, 49, 50, 51, 52, 53, 55, 61]
s112a_deco_num_alp_ovl.bmp					PS2: [0, 3, 7, 10, 13, 17, 20, 24, 27, 30, 34, 37, 41, 44, 47, 51]					MC: [0, 1, 2, 3, 4, 5, 6, 7, 8, 9, 10, 11, 12, 13, 14, 15, 16, 17, 18, 19, 20, 21, 22, 23, 24, 25, 26, 27, 28, 29, 30, 31, 32, 33, 34, 35, 36, 37, 38, 39, 40, 41, 42, 43, 44, 45, 46, 47, 48, 49, 50, 51, 52, 53, 54, 55, 56, 57, 58, 59, 60, 61, 62, 63, 64, 65, 66, 67, 68, 69, 70, 71, 72, 73, 74, 75, 76, 77, 78, 79, 80, 81, 82, 83, 84, 85]
s112a_deco_num_brk_alp_ovl.bmp					PS2: [0, 3, 7, 10, 13, 17, 20, 24, 27, 30, 34, 37, 41, 44, 47, 51]					MC: [0, 1, 2, 3, 4, 5, 6, 7, 8, 9, 10, 11, 12, 13, 14, 15, 16, 17, 18, 19, 20, 21, 22, 23, 24, 25, 26, 27, 28, 29, 30, 31, 32, 33, 34, 35, 36, 37, 38, 39, 40, 41, 42, 43, 44, 45, 46, 47, 48, 49, 50, 51, 52, 53, 54, 55, 56, 57, 58, 59, 60, 61, 62, 63, 64, 65, 66, 67, 68, 69, 70, 71, 72, 73, 74, 75, 76, 77, 78, 79, 80, 81, 82, 83, 84, 85]
s113a_ladsdw00_alp_ovl.bmp					PS2: [0, 4, 24, 41, 51, 55, 60, 72, 81, 86, 100, 107, 118, 120, 123, 128]					MC: [0, 1, 2, 3, 4, 5, 6, 7, 8, 9, 10, 11, 12, 13, 14, 15, 16, 17, 18, 19, 20, 21, 22, 23, 24, 25, 26, 27, 28, 29, 30, 31, 32, 33, 34, 35, 36, 37, 38, 39, 40, 41, 42, 43, 44, 45, 46, 47, 48, 52, 53, 54, 55, 56, 57, 58, 59, 60, 61, 62, 63, 66, 67, 68, 69, 70, 71, 72, 73, 74, 75, 76, 77, 78, 79, 80, 81, 82, 83, 84, 85, 86, 87, 88, 89, 90, 91, 92, 93, 94, 95, 96, 97, 98, 99, 100, 101, 102, 103, 104, 105, 106, 107, 108, 109, 110, 111, 112, 113, 114, 115, 116, 117, 118, 119, 120, 121, 122, 123, 124, 125, 126, 127, 128, 129, 130, 131, 132, 133, 134, 135, 136, 137, 138, 139, 140, 141, 142, 143, 144, 145, 146, 147, 148, 149, 150, 151, 152]
s113a_pnl02_alp_ovl.bmp					PS2: [0, 65, 67, 77, 81, 83, 87, 92, 93, 95, 100]					MC: [0, 2, 3, 4, 5, 6, 7, 8, 11, 12, 13, 16, 17, 18, 19, 20, 21, 22, 23, 24, 28, 38, 42, 43, 44, 56, 59, 60, 61, 62, 63, 64, 65, 66, 67, 68, 69, 70, 71, 72, 73, 75, 76, 77, 78, 79, 80, 81, 82, 83, 84, 85, 86, 87, 88, 89, 90, 91, 92, 93, 94, 95, 96, 97, 98, 99, 100, 101, 102, 103, 104, 105, 106, 107, 108, 109, 110, 111, 112, 113, 114, 115, 121, 122]
s113a_sdw02_alp_ovl.bmp					PS2: [0, 7, 18, 27, 38, 46, 55, 61, 70, 78, 93, 102, 108, 116, 120, 128]					MC: [0, 1, 2, 3, 4, 5, 6, 7, 8, 9, 10, 11, 12, 13, 14, 15, 16, 17, 18, 19, 20, 21, 22, 23, 24, 25, 26, 27, 28, 30, 31, 32, 34, 35, 36, 37, 38, 39, 40, 41, 42, 43, 46, 47, 49, 50, 51, 52, 53, 54, 55, 56, 57, 58, 59, 60, 61, 62, 63, 64, 65, 66, 67, 68, 69, 70, 71, 72, 73, 74, 75, 76, 78, 79, 81, 82, 83, 84, 85, 86, 87, 88, 89, 90, 91, 92, 93, 94, 95, 96, 97, 98, 99, 100, 101, 102, 103, 104, 105, 106, 107, 108, 110, 111, 112, 113, 114, 115, 116, 118, 119, 120, 122, 123, 124, 125, 126, 127, 128, 129, 130, 131, 132, 133, 134, 135, 136, 137, 138, 139, 140, 141, 142, 143, 144, 145, 146, 147, 148, 149, 150, 151, 152, 153, 160]
s113a_stepsdw00b_alp_ovl.bmp					PS2: [0, 4, 14, 22, 29, 41, 50, 56, 62, 72, 86, 96, 103, 113, 118, 128]					MC: [0, 1, 2, 3, 4, 5, 6, 7, 8, 9, 10, 11, 12, 13, 14, 15, 16, 17, 18, 19, 20, 21, 22, 23, 24, 25, 26, 27, 28, 29, 30, 31, 32, 33, 34, 35, 36, 37, 38, 39, 40, 41, 42, 43, 45, 46, 47, 48, 49, 50, 51, 52, 53, 54, 55, 56, 57, 58, 59, 60, 61, 62, 63, 64, 65, 66, 67, 68, 69, 70, 71, 72, 73, 74, 75, 77, 78, 79, 80, 81, 82, 83, 84, 85, 86, 87, 88, 89, 90, 91, 92, 93, 94, 95, 96, 97, 98, 99, 100, 101, 102, 103, 104, 105, 106, 107, 108, 109, 110, 111, 112, 113, 114, 115, 116, 117, 118, 119, 120, 121, 122, 123, 124, 125, 126, 127, 128, 129, 130, 131, 132, 133, 134, 135, 136, 137, 138, 139, 140, 141, 142, 143, 144, 145, 146, 147, 148, 149, 150, 151, 152, 156, 160, 166]
s113a_stepsdw00c_alp_ovl.bmp					PS2: [0, 2, 10, 15, 28, 38, 53, 66, 76, 84, 90, 101, 108, 115, 123, 128]					MC: [0, 1, 2, 3, 4, 5, 6, 7, 8, 9, 10, 11, 12, 13, 14, 15, 16, 17, 18, 19, 20, 21, 22, 23, 24, 25, 26, 27, 28, 30, 31, 32, 34, 37, 38, 42, 43, 44, 47, 48, 49, 51, 52, 53, 54, 56, 58, 59, 60, 61, 62, 63, 65, 66, 67, 68, 70, 71, 74, 75, 77, 78, 80, 81, 86, 87, 89, 91, 94, 95, 99, 100, 101, 102, 104, 106, 107, 108, 109, 110, 112, 115, 117, 119, 120, 121, 122, 124, 125, 126, 127, 128, 129, 130, 131, 132, 133, 134, 135, 136, 137, 138, 139, 140, 141, 142, 143, 144, 145, 146, 147, 148, 149, 150, 151, 152, 153, 154, 156]
s113a_stepsdw00f_alp_ovl.bmp					PS2: [0, 4, 15, 28, 38, 51, 56, 60, 68, 83, 88, 102, 114, 118, 124, 128]					MC: [0, 1, 2, 3, 4, 5, 6, 7, 8, 9, 10, 12, 13, 14, 15, 16, 17, 18, 19, 20, 21, 22, 23, 24, 25, 26, 27, 28, 29, 31, 32, 33, 34, 35, 36, 39, 41, 42, 43, 44, 45, 46, 47, 48, 49, 50, 52, 53, 55, 59, 61, 62, 65, 66, 67, 68, 69, 70, 71, 72, 73, 74, 75, 76, 77, 78, 80, 82, 84, 85, 86, 90, 91, 93, 94, 95, 97, 101, 104, 106, 107, 108, 111, 112, 114, 115, 116, 117, 118, 119, 120, 121, 122, 124, 127, 128, 129, 130, 131, 132, 133, 134, 135, 136, 137, 138, 139, 140, 141, 143, 144, 145, 146, 147, 149, 152, 154, 164]
s113a_wallfont00_alp_ovl.bmp					PS2: [0, 21, 23, 26, 29, 31, 34, 36, 40, 42, 45, 47, 50, 53, 55, 57]					MC: [0, 1, 2, 3, 4, 5, 6, 7, 8, 9, 10, 11, 12, 13, 14, 15, 16, 17, 18, 19, 20, 21, 22, 23, 24, 25, 26, 27, 28, 34, 35, 36, 37, 38, 39, 40, 41, 42, 43, 44, 45, 46, 47, 48, 49, 50, 52, 54, 55, 56, 57, 58, 61, 62, 64, 66, 70, 71, 74]
s113a_wallfont01_alp_ovl.bmp					PS2: [0, 11, 18, 24, 28, 29, 32, 34, 36, 38, 40, 42, 44, 48, 50, 53]					MC: [0, 1, 2, 3, 4, 5, 6, 7, 8, 9, 10, 11, 12, 13, 14, 15, 16, 17, 18, 19, 20, 21, 22, 23, 24, 25, 26, 27, 28, 35, 36, 37, 39, 40, 41, 42, 43, 45, 46, 47, 48, 49, 50, 51, 52, 53, 54, 56, 62]
s113a_wallrusty01_alp_ovl.bmp					PS2: [0, 13, 23, 35, 46, 54, 61, 68, 76, 84, 91, 98, 103, 108, 117, 124]					MC: [0, 1, 2, 3, 4, 5, 6, 7, 8, 9, 10, 11, 12, 13, 14, 15, 16, 17, 18, 19, 20, 21, 22, 23, 24, 25, 26, 27, 28, 29, 30, 31, 32, 33, 34, 35, 36, 37, 38, 39, 40, 41, 42, 43, 44, 45, 46, 47, 48, 49, 50, 51, 52, 53, 54, 55, 56, 57, 58, 59, 60, 61, 62, 63, 64, 65, 66, 67, 68, 69, 70, 71, 72, 73, 74, 75, 76, 77, 78, 79, 80, 81, 82, 83, 84, 85, 86, 87, 88, 89, 90, 91, 92, 93, 94, 95, 96, 97, 98, 99, 100, 101, 102, 103, 104, 105, 106, 107, 108, 109, 110, 111, 112, 113, 114, 115, 116, 117, 118, 119, 120, 121, 122, 123, 124, 125, 126, 127, 128, 129, 130, 131, 132, 133, 134, 135, 136, 137, 138, 139, 140]
s113a_wallrusty01a_alp_ovl.bmp					PS2: [0, 7, 14, 22, 32, 43, 53, 62, 70, 78, 89, 100, 105, 110, 118, 125]					MC: [0, 1, 2, 3, 4, 5, 6, 7, 8, 9, 10, 11, 12, 13, 14, 15, 16, 17, 18, 19, 20, 21, 22, 23, 24, 25, 26, 27, 28, 29, 30, 31, 32, 33, 34, 35, 36, 37, 38, 39, 40, 41, 42, 43, 44, 45, 46, 47, 48, 49, 50, 51, 52, 53, 54, 55, 56, 57, 58, 59, 60, 61, 62, 63, 64, 65, 66, 67, 68, 69, 70, 71, 72, 73, 74, 75, 76, 77, 78, 79, 80, 81, 82, 83, 84, 85, 86, 87, 88, 89, 90, 91, 92, 93, 94, 95, 96, 97, 98, 99, 100, 101, 102, 103, 104, 105, 106, 107, 108, 109, 110, 111, 112, 113, 114, 115, 116, 117, 118, 119, 120, 121, 122, 123, 124, 125]
s121a_alarm_02_sdw_alp_ovl.bmp					PS2: [0, 7, 14, 20, 22, 33, 34, 35, 36, 53, 54, 55]					MC: [0, 1, 2, 3, 4, 5, 6, 7, 8, 9, 10, 11, 15, 16, 17, 19, 22, 23, 25, 26, 27, 28, 29, 30, 31, 32, 33, 34, 35, 36, 37, 50, 51, 52, 53, 54, 55, 56, 57, 58, 59, 60, 61, 62, 63, 64, 66, 68]
s121a_mog_deco_alp_ovl_01.bmp					PS2: [0, 16, 41, 128]					MC: [0, 1, 2, 3, 4, 5, 6, 7, 8, 9, 15, 16, 17, 18, 19, 21, 23, 24, 27, 39, 44, 56, 61, 62, 63, 64, 75, 77, 78, 79, 80, 92, 93, 94, 95, 98, 100, 101, 105, 106, 107, 109, 113, 127, 128, 129, 130, 131, 133, 134, 135, 136, 137, 140, 143, 144, 145]
s121a_mog_haikei_decal_alp_ovl_01.bmp					PS2: [0, 1, 2, 3, 4, 5, 6, 7, 8, 9, 10, 11, 12, 13, 14, 15, 16, 17, 18, 19, 20, 21, 22, 23, 24, 25, 26, 27, 28, 29, 30, 31, 32, 34, 35, 36, 37, 38, 39, 40, 41, 42, 44, 45, 47, 49, 50, 51, 52, 54, 56, 57, 58, 59, 61, 63, 65, 66, 67, 68, 69, 70, 71, 72, 74, 76, 77, 78, 79, 80, 81, 83, 84, 85, 86, 88, 90, 92, 93, 94, 95, 96, 97, 98, 99, 100, 101, 102, 103, 104, 105, 106, 107, 108, 110, 111, 112, 113, 114, 115, 116, 117, 118, 119, 120, 121, 122, 123, 124]					MC: [0, 1, 2, 3, 4, 5, 6, 7, 8, 9, 10, 11, 12, 13, 14, 15, 16, 17, 18, 19, 20, 21, 22, 23, 24, 25, 26, 27, 28, 29, 30, 31, 32, 33, 34, 35, 36, 37, 38, 39, 40, 41, 42, 43, 44, 45, 46, 47, 48, 49, 50, 51, 52, 53, 54, 55, 56, 57, 58, 59, 60, 61, 63, 64, 65, 66, 67, 68, 69, 70, 71, 72, 73, 74, 75, 76, 77, 78, 79, 80, 81, 82, 83, 84, 85, 86, 87, 88, 89, 90, 91, 92, 93, 94, 95, 96, 97, 98, 99, 100, 101, 102, 103, 104, 105, 106, 107, 108, 109, 110, 111, 112, 113, 114, 115, 116, 117, 118, 119, 120, 121, 122, 123, 124, 125]
s122a_mogi_stain_alp_ovl_07.bmp					PS2: [0, 1, 2, 3, 20, 28, 47, 63, 68, 99, 122, 127, 128]					MC: [0, 1, 2, 3, 4, 5, 6, 7, 8, 9, 10, 11, 12, 13, 14, 15, 16, 17, 18, 19, 20, 21, 22, 23, 24, 25, 26, 27, 28, 29, 30, 31, 32, 33, 34, 35, 36, 37, 38, 39, 40, 41, 42, 43, 44, 45, 46, 47, 48, 49, 50, 51, 52, 53, 54, 55, 56, 57, 58, 59, 60, 61, 62, 63, 64, 65, 66, 67, 68, 69, 70, 71, 72, 73, 74, 75, 76, 77, 78, 79, 80, 81, 82, 83, 84, 85, 86, 87, 88, 89, 91, 92, 93, 94, 95, 96, 98, 99, 100, 101, 102, 103, 104, 105, 106, 107, 108, 109, 110, 111, 112, 113, 114, 115, 116, 117, 118, 119, 120, 121, 122, 123, 124, 125, 126, 127, 128, 129, 130, 131, 132, 133, 134, 135, 136, 137, 138, 139, 140, 141, 142, 143, 144, 145, 146, 147, 148, 149, 152, 153, 155]
s123_mog_fire_alp_ovl_decal_01.bmp					PS2: [0, 5, 12, 19, 27, 36, 44, 50, 58, 66, 74, 80, 87, 95, 107]					MC: [0, 1, 2, 3, 4, 5, 6, 7, 8, 9, 10, 11, 12, 13, 14, 15, 16, 17, 18, 19, 20, 21, 22, 23, 24, 25, 26, 27, 28, 30, 32, 33, 36, 37, 38, 39, 40, 41, 42, 43, 44, 45, 46, 47, 48, 49, 50, 51, 52, 53, 54, 55, 56, 57, 58, 59, 60, 61, 62, 63, 64, 65, 66, 67, 68, 69, 70, 72, 73, 74, 75, 76, 77, 78, 79, 80, 81, 82, 83, 84, 85, 86, 87, 88, 89, 90, 91, 92, 93, 94, 95, 96, 97, 98, 99, 100, 101, 102, 103, 104, 105, 106, 107, 108, 109, 110, 111, 112, 113, 115, 117, 119, 120, 121, 124, 125, 128, 131, 136]
s123_mog_frame_alp_ovl_03.bmp					PS2: [0, 3, 10, 16, 24, 33, 44, 51, 59, 68, 77, 83, 96, 105, 112, 126]					MC: [0, 1, 2, 3, 4, 5, 6, 7, 8, 9, 10, 11, 12, 13, 14, 15, 16, 17, 18, 19, 20, 21, 22, 23, 24, 25, 26, 27, 28, 29, 30, 31, 32, 33, 34, 35, 36, 37, 38, 39, 40, 41, 42, 43, 44, 45, 46, 47, 48, 49, 50, 51, 52, 53, 54, 55, 56, 57, 58, 59, 60, 61, 62, 63, 64, 65, 66, 67, 68, 69, 70, 71, 72, 73, 74, 75, 76, 77, 78, 79, 80, 81, 82, 83, 84, 85, 86, 87, 88, 89, 90, 91, 92, 93, 94, 95, 96, 97, 98, 99, 100, 101, 102, 103, 104, 105, 106, 107, 108, 109, 110, 111, 112, 113, 114, 115, 116, 117, 118, 119, 120, 121, 122, 123, 124, 125, 126, 127, 128, 129, 130, 131, 132, 133, 134, 135, 136, 137, 138, 139, 140, 141, 142, 143, 144, 145, 146, 147, 148, 149, 150, 151, 152, 153, 154, 155, 156, 157, 158, 159, 160, 161, 162, 164, 165, 166, 167, 168, 173, 178]
s123_mog_sdw_alp_ovl_01.bmp					PS2: [0, 1, 10, 14, 19, 24, 29, 32, 36, 41, 47, 53, 58, 65, 69, 75, 80]					MC: [0, 1, 2, 3, 4, 5, 6, 7, 8, 9, 10, 11, 12, 13, 14, 15, 16, 17, 18, 19, 20, 21, 22, 23, 24, 25, 26, 27, 28, 29, 30, 31, 32, 33, 34, 35, 36, 37, 38, 39, 40, 41, 42, 43, 44, 45, 46, 47, 48, 49, 50, 51, 52, 53, 54, 55, 56, 57, 58, 59, 60, 61, 62, 63, 64, 65, 66, 67, 68, 69, 70, 71, 72, 73, 74, 75, 76, 77, 78, 79, 80, 81, 82, 83, 84, 85, 86]
s123a_mog_haikei_alp_ovl_01.bmp					PS2: [0, 21, 29, 33, 39, 42, 46, 51, 57, 61, 67, 75, 82, 89, 91, 94]					MC: [0, 1, 2, 3, 4, 5, 6, 7, 8, 9, 10, 11, 12, 13, 14, 15, 16, 17, 18, 19, 20, 21, 22, 23, 24, 25, 26, 27, 28, 29, 30, 31, 32, 33, 34, 35, 36, 37, 38, 39, 40, 41, 42, 43, 44, 45, 46, 47, 48, 49, 50, 51, 52, 53, 54, 55, 56, 57, 58, 59, 60, 61, 62, 63, 64, 65, 66, 67, 68, 69, 70, 71, 72, 73, 74, 75, 76, 77, 78, 79, 80, 81, 82, 83, 84, 85, 86, 87, 88, 89, 90, 91, 92, 93, 94, 95, 96, 97, 98]
s131a_mog_light_decal_add_alp_ovl_06.bmp					PS2: [0, 6, 14, 16, 23, 28, 37, 43, 50, 55, 59, 63]					MC: [0, 1, 2, 3, 4, 5, 6, 7, 8, 9, 10, 11, 12, 13, 14, 15, 16, 17, 18, 19, 20, 21, 22, 23, 24, 25, 26, 27, 28, 29, 30, 31, 32, 33, 34, 35, 36, 37, 38, 39, 40, 41, 42, 43, 44, 45, 46, 47, 48, 49, 50, 51, 52, 53, 54, 55, 56, 57, 58, 59, 60, 61, 62, 63, 64, 65]
s131a_mog_sdw_alp_ovl_02.bmp					PS2: [0, 12, 27, 36, 43, 55, 66, 74, 85, 92, 98, 104, 111, 116, 123, 128]					MC: [0, 1, 2, 3, 4, 5, 6, 7, 9, 10, 11, 12, 13, 14, 15, 16, 17, 18, 19, 20, 21, 22, 23, 24, 25, 26, 27, 28, 29, 30, 31, 32, 33, 34, 36, 37, 38, 39, 40, 42, 43, 44, 46, 47, 48, 49, 50, 51, 52, 53, 55, 57, 59, 60, 61, 62, 63, 64, 65, 66, 67, 68, 69, 70, 71, 72, 73, 74, 75, 77, 78, 79, 81, 82, 83, 84, 85, 86, 87, 88, 89, 90, 91, 92, 93, 94, 95, 96, 97, 98, 99, 100, 101, 102, 103, 104, 105, 106, 107, 108, 109, 110, 111, 112, 113, 114, 115, 116, 117, 118, 119, 120, 121, 122, 123, 124, 125, 126, 127, 128, 129, 130, 131, 132, 133, 134, 135, 136, 137, 138, 139, 140, 141, 142, 143, 144, 145, 146]
s131a_mog_sdw_alp_ovl_05.bmp					PS2: [0, 2, 4, 8, 11, 14, 18, 21, 25, 29, 34, 39, 45, 49, 55]					MC: [0, 1, 2, 3, 4, 5, 6, 7, 8, 9, 10, 11, 12, 13, 14, 15, 16, 17, 18, 19, 20, 21, 22, 23, 24, 25, 26, 27, 28, 29, 30, 31, 32, 33, 34, 35, 36, 37, 38, 39, 40, 41, 42, 43, 44, 45, 46, 47, 48, 49, 50, 51, 52, 53, 54, 55, 56, 57, 58, 59, 60, 61, 63, 64]
s131a_mog_stain_alp_ovl_05.bmp					PS2: [0, 26, 27, 43, 44, 60, 63, 76, 128]					MC: [0, 1, 2, 3, 4, 5, 6, 7, 8, 9, 10, 12, 13, 14, 15, 16, 17, 19, 20, 22, 23, 24, 25, 26, 27, 28, 29, 30, 31, 32, 33, 34, 35, 36, 37, 38, 39, 40, 42, 43, 44, 45, 46, 47, 48, 49, 50, 51, 52, 53, 54, 55, 56, 57, 58, 59, 60, 61, 62, 63, 64, 65, 66, 67, 68, 69, 70, 71, 72, 73, 74, 75, 76, 77, 78, 79, 80, 81, 82, 83, 84, 86, 88, 92, 94, 95, 96, 99, 110, 112, 113, 115, 118, 120, 128, 129, 130, 131, 132, 133, 134, 135, 136, 137, 139, 141, 142, 145]
s152a_deco_number_01_alp_ovl.bmp					PS2: [0, 3, 7, 11, 16, 19, 25, 28, 31, 35, 38, 41, 46, 50, 53, 56]					MC: [0, 1, 2, 3, 4, 5, 6, 7, 8, 9, 10, 11, 12, 13, 14, 15, 16, 17, 18, 19, 20, 21, 22, 23, 24, 25, 26, 27, 28, 29, 30, 31, 32, 33, 34, 35, 36, 37, 38, 39, 40, 41, 42, 43, 44, 45, 46, 47, 48, 49, 50, 51, 52, 53, 54, 55, 56, 57, 58, 59, 60, 61, 62, 63, 64, 65, 66, 67, 68, 69, 70, 71, 72, 73, 74, 75, 76, 77, 78, 79, 80, 81, 83, 84, 85]
s152a_light_kage_02_alp_ovl.bmp					PS2: [0, 3, 7, 11, 16, 21, 26, 30, 35, 40, 44, 48, 53, 57, 63, 68]					MC: [0, 1, 2, 3, 4, 5, 6, 7, 8, 9, 10, 11, 12, 13, 14, 15, 16, 17, 18, 19, 20, 21, 22, 23, 24, 25, 26, 27, 28, 29, 30, 31, 32, 33, 34, 35, 36, 37, 38, 39, 40, 41, 42, 43, 44, 45, 46, 47, 48, 49, 50, 51, 52, 53, 54, 55, 56, 57, 58, 59, 60, 61, 62, 63, 64, 65, 66, 67, 68, 69, 70, 71, 72, 73, 74, 75, 76, 77, 78, 79, 80, 81, 82, 83, 84, 85, 86, 87, 88, 89, 90, 91, 92, 93, 95, 97, 98]
s152a_light_kage_04_alp_ovl.bmp					PS2: [0, 2, 5, 8, 11, 14, 16, 19, 22, 25, 27, 29, 31, 33, 35, 38]					MC: [0, 1, 2, 3, 4, 5, 6, 7, 8, 9, 10, 11, 12, 13, 14, 15, 16, 17, 18, 19, 20, 21, 22, 23, 24, 25, 26, 27, 28, 29, 30, 31, 32, 33, 34, 35, 36, 37, 38, 39, 40, 41, 42, 43, 44, 45, 46, 47, 48, 49, 50]
s152a_light_kage_06_alp_ovl.bmp					PS2: [0, 2, 7, 13, 17, 20, 23, 28, 33, 38, 43, 47, 50, 57, 62, 64]					MC: [0, 1, 2, 3, 4, 5, 6, 7, 8, 9, 10, 11, 12, 13, 14, 15, 16, 18, 19, 20, 21, 22, 23, 24, 25, 26, 27, 28, 30, 31, 32, 33, 34, 35, 36, 37, 38, 39, 40, 41, 42, 43, 44, 45, 46, 47, 48, 49, 50, 51, 52, 53, 54, 55, 56, 57, 58, 59, 60, 61, 62, 63, 64, 65, 66, 67, 68, 69, 70, 71, 72, 75, 77, 78]
s152a_room_deco_02_alp_ovl.bmp					PS2: [0, 19, 26, 41, 46, 51, 57, 58, 59, 61, 63, 64]					MC: [0, 1, 2, 3, 4, 5, 6, 7, 9, 10, 11, 12, 13, 14, 15, 16, 17, 18, 19, 20, 21, 23, 24, 25, 26, 27, 28, 29, 30, 31, 32, 33, 34, 35, 36, 37, 38, 39, 40, 41, 42, 43, 44, 45, 46, 47, 48, 49, 50, 51, 52, 53, 54, 55, 57, 58, 59, 60, 62, 63, 64, 65, 66, 67, 68, 69, 70, 71, 72, 73, 74, 75, 76, 77, 78, 79, 80, 81, 82, 83, 84, 85, 86, 87, 90, 91]
s161a_deco_num_01_alp_ovl.bmp					PS2: [0, 4, 8, 12, 16, 20, 24, 32, 36, 40, 44, 48, 52, 56, 60, 64]					MC: [0, 1, 2, 3, 4, 5, 6, 7, 8, 9, 10, 11, 12, 13, 14, 15, 16, 17, 18, 19, 20, 21, 22, 23, 24, 25, 26, 27, 28, 29, 30, 31, 32, 33, 34, 35, 36, 37, 38, 39, 40, 41, 42, 43, 44, 45, 46, 47, 48, 49, 50, 51, 52, 53, 54, 55, 56, 57, 58, 59, 60, 61, 62, 63, 64, 65, 66, 67, 68, 69, 70, 71, 72, 73, 74, 75, 76, 77, 78, 79, 80, 81, 82, 83, 84, 85, 86, 87, 88, 89, 90, 91, 92, 93, 94, 95, 96, 97, 98, 99, 101, 103, 106]
s161a_deco_num_01_alp_ovl.bmp_603002bcc788caac6843d20a2e449d00					PS2: [0, 3, 8, 13, 17, 25, 31, 35, 41, 45, 49, 52, 57, 62, 66, 70]					MC: [0, 1, 2, 3, 4, 5, 6, 7, 8, 9, 10, 11, 12, 13, 14, 15, 16, 17, 18, 19, 20, 21, 22, 23, 24, 25, 26, 27, 28, 30, 31, 32, 33, 34, 35, 36, 37, 38, 39, 40, 41, 42, 43, 44, 45, 46, 47, 48, 49, 50, 51, 52, 53, 54, 55, 56, 57, 58, 59, 60, 61, 62, 63, 64, 65, 66, 67, 68, 69, 70, 71, 72, 73, 74, 75, 76, 77, 78, 79, 80, 81, 82, 83, 84, 85, 86, 87, 88, 90, 91, 95]
s161a_deco_num_01_alp_ovl.bmp_c143fd6d078b082d2985ddb94f9cb08e					PS2: [0, 4, 8, 13, 17, 21, 25, 30, 34, 38, 42, 47, 51, 55, 59, 64]					MC: [0, 1, 2, 3, 4, 5, 6, 7, 8, 9, 10, 11, 12, 13, 14, 15, 16, 17, 18, 19, 20, 21, 22, 23, 24, 25, 26, 27, 28, 29, 30, 31, 32, 33, 34, 35, 36, 37, 38, 39, 40, 41, 42, 43, 44, 45, 46, 47, 48, 49, 50, 51, 52, 53, 54, 55, 56, 57, 58, 59, 60, 61, 62, 63, 64, 65, 66, 67, 69, 70, 71, 72, 73, 74, 75, 76, 77, 78, 79, 80, 81, 82, 83, 84, 85, 86, 87, 88, 89, 90, 91, 92, 93, 94, 95, 96, 97, 98, 99, 100, 101, 102, 103, 104, 107]
s161ap0_s121a_lightd_add_alp_ovl.bmp					PS2: [0, 1, 2, 4, 6, 9, 11, 13, 15, 17, 20, 24, 29, 33]					MC: [0, 1, 2, 3, 4, 5, 6, 7, 8, 9, 10, 11, 12, 13, 14, 15, 16, 17, 18, 19, 20, 21, 22, 23, 24, 25, 26, 27, 28, 32, 33, 34, 35, 37, 38, 40, 41]
s161ap0_s121a_lighte_add_alp_ovl.bmp					PS2: [0, 1, 4, 5, 14, 41, 49, 60, 86, 92, 113, 116, 128]					MC: [0, 1, 2, 3, 4, 5, 6, 7, 9, 10, 13, 18, 19, 20, 21, 28, 30, 31, 35, 37, 41, 42, 44, 46, 50, 51, 56, 58, 59, 60, 65, 66, 70, 71, 75, 77, 78, 79, 81, 85, 90, 93, 96, 97, 102, 111, 113, 115, 122, 123, 128, 129, 130, 132]
s161ap0_s121a_tankg_alp_ovl.bmp					PS2: [0, 3, 7, 8, 12, 20, 25, 31, 37, 44, 59, 60]					MC: [0, 1, 2, 3, 4, 5, 6, 7, 8, 9, 10, 11, 12, 13, 14, 15, 16, 17, 18, 19, 20, 21, 22, 23, 24, 25, 26, 27, 28, 29, 30, 31, 32, 33, 34, 35, 36, 37, 38, 39, 40, 41, 42, 43, 44, 45, 46, 47, 48, 49, 50, 51, 52, 53, 54, 55, 56, 58, 59, 60, 62, 63, 64, 65, 66, 67, 68, 70, 71, 72, 74, 75, 76, 77, 83]
s161ap1_brkwina_alp_ovl.bmp					PS2: [0, 43, 71, 128]					MC: [0, 1, 2, 3, 4, 5, 6, 7, 8, 9, 10, 11, 12, 13, 14, 15, 16, 17, 18, 19, 20, 21, 22, 23, 24, 25, 26, 27, 28, 29, 30, 31, 32, 33, 34, 35, 36, 37, 38, 39, 40, 41, 42, 43, 44, 45, 46, 47, 48, 49, 50, 51, 52, 53, 54, 55, 56, 57, 58, 59, 61, 62, 63, 64, 65, 66, 68, 69, 70, 71, 72, 73, 74, 75, 76, 77, 78, 79, 80, 81, 82, 83, 84, 85, 86, 87, 88, 89, 90, 91, 92, 93, 94, 95, 96, 97, 98, 99, 100, 101, 102, 104, 105, 106, 107, 108, 109, 110, 111, 112, 113, 114, 115, 116, 117, 118, 119, 120, 121, 122, 123, 124, 127, 128, 129, 130, 131, 132, 133, 134, 135, 136, 137, 138, 139, 140, 141, 142, 144, 148]
s162a_house_kage_alp_ovl.bmp					PS2: [0, 1, 9, 11, 16, 19, 27, 42, 50, 56, 58, 65, 67, 73, 75, 76]					MC: [0, 1, 2, 3, 4, 5, 6, 7, 8, 9, 10, 11, 12, 13, 14, 15, 16, 17, 18, 19, 20, 21, 22, 23, 24, 25, 26, 27, 28, 29, 30, 31, 32, 33, 34, 35, 36, 37, 38, 39, 40, 41, 42, 43, 44, 45, 46, 47, 48, 49, 50, 51, 52, 53, 54, 55, 57, 58, 59, 60, 61, 62, 63, 64, 65, 66, 67, 68, 69, 70, 71, 72, 73, 74, 75, 76, 77, 78, 79, 80, 81, 82, 83, 84, 85, 86, 87, 88, 89, 90, 91, 92, 93, 94, 95, 96, 97, 98, 99, 100, 101, 105, 110]
s162ap1_framea_alp_ovl.bmp					PS2: [0, 7, 37, 64, 90, 121, 122, 126, 128]					MC: [0, 1, 2, 3, 4, 5, 6, 7, 8, 9, 10, 11, 12, 13, 14, 15, 16, 17, 18, 19, 20, 21, 22, 23, 24, 25, 26, 27, 28, 30, 32, 33, 34, 35, 36, 37, 38, 39, 40, 41, 42, 43, 44, 45, 46, 48, 49, 50, 51, 52, 53, 54, 55, 56, 57, 58, 59, 60, 61, 62, 63, 64, 65, 66, 67, 68, 70, 71, 72, 73, 74, 75, 76, 77, 78, 79, 80, 81, 82, 83, 84, 86, 88, 89, 90, 91, 92, 93, 95, 96, 97, 99, 102, 103, 104, 105, 106, 108, 109, 110, 111, 112, 113, 114, 115, 116, 117, 118, 119, 120, 121, 122, 123, 124, 125, 126, 127, 128, 129, 130, 131, 132, 133, 134, 135, 136, 137, 138, 139, 140, 141, 142, 143, 144, 145, 146, 147, 148, 149, 150, 151, 152, 153, 154, 155, 156, 157, 159]
s162ap1_wall00_alp_ovl.bmp					PS2: [0, 1, 18, 41, 73, 101, 127, 128]					MC: [0, 1, 2, 3, 4, 5, 6, 7, 8, 9, 10, 11, 12, 13, 14, 15, 16, 17, 18, 19, 20, 21, 22, 23, 24, 25, 26, 27, 28, 30, 31, 33, 34, 35, 36, 38, 39, 40, 41, 42, 43, 44, 45, 47, 50, 51, 52, 53, 56, 57, 58, 59, 60, 61, 62, 63, 64, 65, 66, 67, 68, 70, 71, 74, 78, 79, 81, 82, 83, 84, 85, 87, 89, 90, 91, 92, 93, 95, 96, 100, 102, 103, 105, 106, 107, 108, 111, 112, 113, 119, 120, 121, 122, 123, 124, 125, 126, 127, 128, 129, 130, 131, 132, 133, 134, 135, 136, 137, 138, 139, 140, 141, 142, 143, 144, 145, 146, 147, 149, 150, 151, 152, 153, 156, 157, 159]
s162ap2_frameb_alp_ovl.bmp					PS2: [0, 7, 31, 39, 65, 88, 96, 121, 122, 124, 128]					MC: [0, 1, 2, 3, 4, 5, 6, 7, 8, 9, 10, 11, 12, 13, 14, 15, 16, 17, 18, 19, 20, 21, 22, 23, 24, 25, 27, 28, 29, 30, 31, 32, 33, 34, 35, 36, 37, 38, 39, 40, 41, 42, 43, 44, 45, 46, 47, 48, 49, 50, 51, 52, 53, 54, 55, 56, 57, 58, 59, 60, 61, 62, 63, 64, 65, 66, 67, 68, 69, 70, 71, 72, 73, 74, 75, 76, 77, 78, 79, 81, 82, 83, 85, 86, 87, 88, 90, 91, 92, 93, 94, 96, 97, 98, 99, 101, 102, 103, 104, 105, 106, 107, 108, 109, 110, 112, 113, 115, 117, 119, 120, 121, 122, 123, 124, 125, 126, 127, 128, 129, 130, 131, 132, 133, 134, 135, 136, 137, 138, 139, 140, 141, 142, 143, 144, 145, 146, 147, 148, 149, 150, 151, 152, 153, 154, 155, 156, 157, 158, 159, 160]
s164a_kage_box_01_alp_ovl.bmp					PS2: [0, 1, 9, 11, 17, 19, 28, 49, 56, 58, 59, 65, 67, 68, 75, 76]					MC: [0, 1, 2, 3, 4, 5, 6, 7, 8, 9, 10, 11, 13, 16, 17, 18, 19, 20, 21, 22, 23, 24, 25, 26, 27, 28, 29, 30, 31, 32, 33, 34, 35, 36, 37, 38, 39, 40, 41, 42, 43, 44, 45, 46, 47, 48, 49, 50, 51, 52, 53, 54, 55, 56, 57, 59, 60, 61, 62, 63, 64, 65, 66, 67, 68, 69, 70, 71, 72, 73, 74, 75, 76, 77, 78, 79, 80, 81, 82, 83, 84, 85, 86, 87, 88, 89, 90, 91, 92, 93, 94, 95, 96, 97, 99, 103]
s164a_kage_fence_01_alp_ovl.bmp					PS2: [0, 12, 18, 22, 27, 32, 38, 44, 50, 55, 59, 63, 67, 70, 72, 76]					MC: [0, 1, 2, 3, 4, 5, 6, 7, 8, 9, 10, 11, 12, 13, 14, 15, 16, 17, 18, 19, 20, 21, 22, 23, 24, 25, 26, 27, 28, 29, 30, 31, 32, 33, 34, 35, 36, 37, 38, 39, 40, 41, 42, 43, 44, 45, 46, 47, 48, 49, 50, 51, 52, 53, 54, 55, 56, 57, 58, 59, 60, 61, 62, 63, 64, 65, 66, 67, 68, 69, 70, 71, 72, 73, 74, 75, 76, 77, 78, 79, 80, 81, 82, 83, 84, 85, 86, 87, 88, 89, 90, 91, 92, 93, 94, 95, 96, 97, 98, 99, 100, 101, 102, 103, 104, 105, 106, 107, 108, 109, 110, 111, 112, 113, 114, 115, 116, 117]
s164a_kage_fence_02_alp_ovl.bmp					PS2: [0, 10, 16, 21, 27, 33, 40, 44, 47, 50, 55, 60, 63, 68, 73, 76]					MC: [0, 1, 2, 3, 4, 5, 6, 7, 8, 9, 10, 11, 12, 13, 14, 15, 16, 17, 18, 19, 20, 21, 22, 23, 24, 25, 26, 27, 28, 29, 30, 31, 32, 33, 34, 35, 36, 37, 38, 39, 40, 41, 42, 43, 44, 45, 46, 47, 48, 49, 50, 51, 52, 53, 54, 55, 56, 57, 58, 59, 60, 61, 62, 63, 64, 65, 66, 67, 68, 69, 70, 71, 72, 73, 74, 75, 76, 77, 78, 79, 80, 81, 82, 83, 84, 85, 86, 87, 88, 89, 90, 91, 92, 93, 94, 95, 96, 98, 102]
s164a_kage_fence_03_alp_ovl.bmp					PS2: [0, 9, 11, 17, 20, 27, 34, 41, 46, 50, 57, 60, 64, 67, 74, 76]					MC: [0, 1, 2, 3, 4, 5, 6, 7, 8, 9, 10, 11, 12, 13, 14, 15, 16, 17, 18, 19, 20, 21, 22, 23, 24, 25, 26, 27, 28, 29, 30, 31, 32, 33, 34, 35, 36, 37, 38, 39, 40, 41, 42, 43, 44, 45, 46, 47, 48, 49, 50, 51, 52, 53, 54, 55, 56, 57, 58, 59, 60, 61, 62, 63, 64, 65, 66, 67, 68, 69, 70, 71, 72, 73, 74, 75, 76, 77, 78, 79, 80, 81, 82, 83, 84, 85, 86, 87, 88, 89, 90, 91, 92, 93, 94, 95, 96, 97, 98, 99, 100, 101, 102, 103, 107, 112]
s164a_kage_gatehouse_01_alp_ovl.bmp					PS2: [0, 1, 9, 11, 17, 18, 28, 49, 58, 59, 65, 67, 68, 73, 75, 76]					MC: [0, 1, 2, 3, 4, 5, 6, 7, 8, 9, 10, 11, 12, 13, 14, 15, 16, 17, 18, 19, 20, 21, 22, 23, 24, 25, 26, 27, 28, 29, 30, 31, 32, 33, 34, 35, 36, 37, 38, 39, 40, 41, 42, 43, 44, 45, 46, 47, 48, 49, 50, 51, 52, 53, 54, 55, 56, 57, 58, 59, 60, 61, 62, 63, 64, 65, 66, 67, 68, 69, 70, 71, 72, 73, 74, 75, 76, 77, 78, 79, 80, 81, 82, 83, 84, 85, 86, 87, 88, 89, 90, 91, 92, 93, 94, 95, 96, 97, 99, 101]
s164a_kage_gatehouse_03_alp_ovl.bmp					PS2: [0, 13, 48, 58, 64, 68, 72, 76, 80, 84, 88, 91, 94, 97, 100, 104]					MC: [0, 1, 2, 3, 9, 10, 11, 13, 15, 16, 19, 21, 24, 26, 27, 28, 42, 44, 49, 51, 52, 53, 54, 55, 56, 57, 58, 59, 60, 61, 62, 63, 64, 65, 66, 67, 68, 69, 70, 71, 72, 73, 74, 75, 76, 77, 78, 79, 80, 81, 82, 83, 84, 85, 86, 87, 88, 89, 90, 91, 92, 93, 94, 95, 96, 97, 98, 99, 100, 101, 102, 103, 104, 105, 107]
s164a_kage_kanban_02_alp_ovl.bmp					PS2: [0, 3, 12, 16, 22, 27, 37, 43, 47, 50, 55, 60, 63, 69, 73, 76]					MC: [0, 1, 2, 3, 4, 5, 6, 7, 8, 10, 11, 12, 13, 14, 15, 17, 18, 19, 20, 21, 22, 23, 24, 26, 27, 28, 29, 31, 32, 33, 34, 35, 36, 37, 40, 41, 42, 43, 46, 47, 48, 49, 50, 52, 53, 54, 55, 56, 57, 58, 59, 60, 62, 63, 64, 65, 66, 67, 68, 69, 70, 71, 72, 73, 74, 75, 76, 77, 78, 79, 80, 81, 82, 83, 84, 85, 86, 87, 88, 89, 90, 91, 94, 95, 96, 97]
s164a_kage_yatura_02_alp_ovl.bmp					PS2: [0, 1, 2, 3, 4, 5, 6, 7, 8, 9, 10, 11, 12, 13, 14, 15, 16, 17, 18, 19, 20, 21, 22, 24, 25, 26, 27, 28, 29, 31, 32, 33, 35, 36, 37, 38, 39, 40, 43, 44, 45, 47, 48, 50, 51, 52, 54, 55, 56, 57, 58, 59, 60, 61, 62, 64, 65, 66, 67, 68, 69, 72, 73, 74, 75, 76, 77]					MC: [0, 1, 2, 3, 4, 5, 6, 7, 8, 9, 10, 11, 12, 13, 14, 15, 16, 17, 18, 19, 20, 21, 22, 23, 24, 25, 26, 27, 28, 29, 30, 31, 32, 33, 34, 35, 36, 37, 38, 39, 40, 41, 42, 43, 44, 45, 46, 47, 48, 49, 50, 51, 52, 53, 54, 55, 56, 57, 58, 59, 60, 61, 62, 63, 64, 65, 66, 67, 68, 69, 70, 71, 72, 73, 74, 75, 76, 77, 78, 79, 80, 81, 82, 83, 84, 85, 86, 87, 88, 89, 90, 91, 92, 93, 94, 95, 96, 97, 98, 99, 100, 101, 102, 103]
s171a_mo_river_alp_ovl_06.bmp					PS2: [0, 8, 13, 17, 22, 26, 33, 39, 45, 52, 60, 66, 78, 93, 111, 128]					MC: [0, 1, 2, 3, 4, 5, 6, 7, 8, 9, 10, 11, 12, 13, 14, 15, 16, 17, 18, 19, 20, 21, 22, 23, 24, 25, 26, 27, 28, 29, 30, 31, 32, 33, 34, 35, 36, 37, 38, 39, 40, 41, 42, 43, 44, 45, 46, 47, 48, 49, 50, 51, 52, 53, 54, 55, 56, 57, 58, 59, 60, 61, 62, 63, 64, 65, 66, 67, 68, 69, 70, 71, 72, 73, 74, 75, 76, 77, 78, 79, 80, 82, 83, 84, 85, 86, 87, 88, 89, 90, 91, 92, 93, 94, 95, 96, 97, 98, 99, 100, 101, 102, 103, 104, 105, 107, 109, 110, 113, 114, 117, 119, 120, 121, 123, 124, 125, 126, 127, 128, 129, 131, 133, 134, 135, 139, 141, 149, 150, 152, 155, 157, 158, 165, 169]
s171a_mo_river_alp_ovl_07.bmp					PS2: [0, 4, 12, 19, 29, 40, 48, 61, 70, 78, 92, 111, 125, 128]					MC: [0, 1, 2, 3, 4, 5, 6, 7, 8, 9, 10, 11, 12, 13, 14, 15, 16, 17, 18, 19, 20, 21, 22, 23, 24, 25, 26, 27, 28, 29, 30, 31, 32, 33, 34, 35, 36, 37, 38, 39, 40, 41, 42, 43, 44, 45, 46, 47, 48, 49, 50, 51, 52, 53, 54, 55, 56, 57, 58, 59, 60, 61, 62, 63, 64, 65, 66, 67, 68, 69, 70, 71, 72, 73, 74, 75, 76, 77, 78, 79, 80, 81, 82, 83, 84, 85, 86, 88, 89, 90, 91, 92, 93, 94, 95, 96, 97, 98, 99, 100, 101, 102, 103, 104, 105, 106, 107, 108, 109, 110, 111, 112, 113, 114, 115, 116, 117, 118, 119, 120, 121, 122, 123, 124, 125, 126, 127, 128, 129, 130, 131, 132, 133, 134, 135, 136, 137, 138, 139, 140, 142, 143, 144, 145, 146, 148, 149, 150, 152]
s171a_mo_sdw_alp_ovl_02.bmp					PS2: [0, 4, 10, 20, 32, 45, 57, 64, 70, 73, 79, 85, 91, 97, 106, 116]					MC: [0, 1, 2, 3, 4, 5, 6, 7, 8, 9, 10, 11, 12, 13, 14, 15, 16, 17, 18, 19, 20, 21, 22, 23, 24, 25, 26, 27, 28, 29, 30, 31, 32, 33, 34, 35, 36, 37, 38, 39, 40, 41, 42, 43, 44, 45, 46, 47, 48, 49, 50, 51, 52, 53, 54, 55, 56, 57, 58, 59, 60, 61, 62, 63, 64, 65, 66, 67, 68, 69, 70, 71, 72, 73, 74, 75, 76, 77, 78, 79, 80, 81, 82, 83, 84, 85, 86, 87, 88, 89, 90, 91, 92, 93, 94, 95, 96, 97, 98, 99, 100, 101, 102, 103, 104, 105, 106, 107, 108, 109, 110, 111, 112, 113, 114, 115, 116, 117, 118, 119, 120, 121, 122, 123, 124, 125, 126, 127, 128, 129, 130, 131, 132, 133, 134, 135, 136, 137, 138, 139, 140, 141, 142, 143, 144, 145, 146, 147, 148, 149, 150, 151, 152, 153, 154, 155, 156, 158, 159, 160, 162, 163, 164]
s171a_mo_sdw_alp_ovl_03.bmp					PS2: [0, 5, 10, 15, 21, 26, 31, 34, 38, 42, 47, 54, 60, 67, 78, 103]					MC: [0, 1, 2, 3, 4, 5, 6, 7, 8, 9, 10, 11, 12, 13, 14, 15, 16, 17, 18, 19, 20, 21, 22, 23, 24, 25, 26, 27, 28, 29, 30, 31, 32, 33, 34, 35, 36, 37, 38, 39, 40, 41, 42, 43, 44, 45, 46, 47, 48, 49, 50, 51, 52, 53, 54, 55, 56, 57, 58, 59, 60, 61, 62, 63, 64, 65, 66, 67, 68, 69, 70, 71, 72, 73, 74, 75, 76, 77, 78, 79, 80, 81, 82, 83, 84, 85, 86, 87, 88, 89, 90, 91, 92, 93, 94, 95, 96, 100, 101, 102, 103, 104, 106, 107, 108, 109, 113, 114, 115, 116, 117, 120, 122, 124, 125, 130, 131]
s171a_mo_sdw_alp_ovl_12.bmp					PS2: [0, 5, 14, 22, 30, 36, 44, 52, 58, 65, 72, 79, 87, 95, 101, 108]					MC: [0, 1, 2, 3, 4, 5, 6, 7, 8, 9, 10, 11, 12, 13, 14, 15, 16, 17, 18, 19, 20, 21, 22, 23, 24, 26, 27, 28, 29, 30, 31, 32, 33, 34, 35, 36, 37, 38, 39, 40, 41, 42, 43, 44, 45, 46, 47, 48, 49, 50, 51, 52, 53, 54, 55, 56, 57, 58, 59, 60, 61, 62, 63, 64, 65, 66, 67, 68, 69, 70, 71, 72, 73, 74, 75, 76, 77, 78, 79, 80, 81, 82, 83, 84, 85, 86, 87, 88, 89, 90, 91, 92, 93, 94, 95, 96, 97, 98, 99, 100, 101, 102, 103, 104, 105, 106, 107, 108, 109, 110, 111, 112, 113, 114, 116, 117, 118, 119, 121, 124]
s171a_mo_wire_alp_01.trans.bmp					PS2: [0, 120, 128]					MC: [0, 19, 20, 21, 22, 23, 24, 25, 26, 27, 28, 101, 106, 108, 110, 112, 113, 115, 116, 118, 119, 120, 121, 123, 124, 125, 126, 131, 135, 137, 138, 139, 144, 147, 148, 149]
s181a_btrt_sdw00_alp_ovl.bmp					PS2: [0, 3, 13, 25, 31, 42, 51, 57, 65, 73, 83, 94, 106, 113, 121, 128]					MC: [0, 1, 2, 3, 4, 5, 6, 7, 8, 9, 11, 12, 13, 14, 15, 16, 17, 19, 20, 21, 22, 23, 24, 25, 26, 27, 28, 30, 31, 32, 36, 37, 38, 39, 41, 42, 43, 44, 45, 46, 47, 48, 49, 50, 51, 55, 57, 58, 59, 60, 61, 62, 63, 64, 65, 66, 68, 69, 70, 71, 72, 73, 74, 77, 78, 81, 83, 84, 85, 86, 87, 88, 89, 90, 91, 92, 93, 95, 96, 97, 98, 99, 100, 102, 103, 104, 105, 106, 107, 109, 110, 111, 112, 115, 116, 119, 122, 123, 124, 125, 126, 127, 128, 129, 130, 131, 132, 133, 134, 135, 136, 137, 138, 139, 140, 141, 142, 143, 144, 145, 146, 147, 148, 149, 150, 151, 152, 153, 154]
s221a_carpet_01_alp_ovl.bmp					PS2: [0, 1, 3, 5, 9, 10, 15, 18, 20, 21, 23, 24, 26, 27, 31, 33, 34, 36, 37, 40, 42, 45, 48, 51, 53, 54, 55, 60, 63, 65, 69, 70, 71, 74, 76, 78, 79, 80, 83, 84, 86, 89, 91, 93, 94, 95, 96, 97, 98, 101, 102, 103, 104, 105, 108, 109, 110, 111, 114, 117, 119, 120, 122, 123, 124, 125, 128]					MC: [0, 1, 2, 3, 4, 5, 6, 7, 8, 9, 10, 11, 12, 13, 14, 15, 16, 17, 18, 19, 20, 21, 22, 23, 24, 25, 26, 27, 28, 29, 30, 31, 32, 33, 34, 35, 36, 37, 38, 39, 40, 41, 42, 43, 44, 45, 46, 47, 48, 49, 50, 51, 52, 53, 54, 55, 56, 57, 58, 59, 60, 61, 62, 63, 64, 65, 66, 67, 68, 69, 70, 71, 72, 73, 74, 75, 76, 77, 78, 79, 80, 81, 82, 83, 84, 85, 86, 87, 88, 89, 90, 91, 92, 93, 94, 95, 96, 97, 98, 99, 100, 101, 102, 103, 104, 105, 106, 107, 108, 109, 110, 111, 112, 113, 114, 115, 116, 117, 118, 119, 120, 121, 122, 123, 124, 125, 126, 127, 128, 129, 130, 131, 132, 133, 134, 135, 136, 137, 138, 139, 140, 141, 142, 143, 144, 145, 146, 147, 148, 149, 150, 151, 152, 153, 154]
s221a_flower_a00_alp_ovl.bmp					PS2: [0, 30, 31, 58, 87, 89, 93, 119, 120, 126, 127, 128]					MC: [0, 1, 2, 3, 4, 5, 6, 7, 8, 9, 10, 11, 12, 13, 14, 15, 16, 17, 18, 19, 20, 21, 22, 23, 24, 25, 26, 27, 28, 29, 30, 31, 32, 33, 34, 35, 36, 37, 38, 39, 40, 41, 42, 43, 44, 45, 46, 47, 48, 49, 50, 51, 52, 53, 54, 55, 56, 57, 58, 59, 60, 61, 62, 63, 64, 65, 66, 67, 68, 69, 70, 71, 72, 74, 75, 76, 77, 78, 79, 80, 81, 82, 83, 84, 85, 86, 87, 88, 89, 90, 91, 92, 93, 94, 95, 96, 97, 98, 99, 100, 101, 102, 103, 104, 105, 106, 107, 108, 109, 110, 111, 112, 113, 114, 115, 116, 117, 118, 119, 120, 121, 122, 123, 124, 125, 126, 127, 128, 129, 130, 131, 132, 133, 134, 135, 136, 137, 138, 139, 140, 141, 142, 143, 144, 145, 146, 147, 148, 149, 150, 151, 152, 153, 154, 155, 157, 158, 159, 160, 161, 164, 165, 166, 167, 168, 169, 170, 171, 172, 173, 174, 176, 177]
s221a_flower_a01_alp_ovl.bmp					PS2: [0, 13, 19, 35, 44, 68, 75, 77, 99, 104, 121, 125, 126, 128]					MC: [0, 1, 2, 3, 4, 5, 6, 7, 8, 9, 10, 11, 12, 13, 14, 15, 16, 17, 18, 19, 20, 21, 22, 23, 24, 25, 26, 27, 28, 29, 30, 31, 32, 33, 34, 35, 36, 37, 38, 39, 40, 41, 42, 43, 44, 45, 46, 47, 48, 49, 50, 51, 52, 53, 54, 55, 56, 57, 58, 59, 60, 61, 62, 63, 64, 65, 66, 67, 68, 69, 70, 71, 72, 73, 74, 75, 76, 77, 78, 79, 80, 81, 82, 83, 84, 85, 86, 87, 88, 89, 90, 91, 92, 93, 94, 95, 96, 97, 98, 99, 100, 101, 102, 103, 104, 105, 106, 107, 108, 109, 110, 111, 112, 113, 114, 115, 116, 117, 118, 119, 120, 121, 122, 123, 124, 125, 126, 127, 128, 129, 130, 131, 132, 133, 134, 135, 136, 137, 138, 139, 140, 141, 142, 143, 144, 145, 146, 147, 148, 149, 150, 151, 152, 153, 154, 155, 156, 157, 158, 159, 160, 161, 162, 163, 164, 165, 166, 169, 171, 172]
s221a_flower_b00_alp_ovl.bmp					PS2: [0, 19, 42, 47, 65, 67, 85, 89, 109, 118, 123, 124, 125, 126]					MC: [0, 1, 2, 3, 4, 5, 6, 7, 8, 9, 10, 11, 12, 13, 14, 15, 16, 17, 18, 19, 20, 21, 22, 23, 24, 25, 26, 27, 28, 29, 30, 31, 32, 33, 34, 35, 36, 37, 38, 39, 40, 41, 42, 43, 44, 45, 46, 47, 48, 49, 50, 51, 52, 53, 54, 55, 56, 57, 58, 59, 60, 61, 62, 63, 64, 65, 66, 67, 68, 69, 70, 71, 72, 73, 74, 75, 76, 77, 78, 79, 80, 81, 82, 83, 84, 85, 86, 87, 88, 89, 90, 91, 92, 93, 94, 95, 96, 97, 98, 99, 100, 101, 102, 103, 104, 105, 106, 107, 108, 109, 110, 111, 112, 113, 114, 115, 116, 117, 118, 119, 120, 121, 122, 123, 124, 125, 126, 127, 128, 129, 130, 131, 132, 133, 134, 135, 136, 137, 138, 139, 140, 141, 142, 143, 144, 145, 146, 147, 148, 149, 150, 151, 152, 153, 154, 155, 156, 157, 158, 159, 160, 161, 162, 163, 164, 165, 167, 168, 169, 176, 177, 178, 179]
s221a_light_a00_alp_ovl.bmp					PS2: [0, 1, 13, 16, 29, 49, 51, 69, 88, 101, 115, 128]					MC: [0, 1, 2, 3, 4, 5, 6, 7, 8, 9, 10, 11, 12, 13, 14, 15, 16, 17, 18, 19, 20, 21, 22, 23, 24, 25, 26, 27, 28, 29, 30, 31, 32, 33, 34, 35, 36, 37, 39, 40, 41, 42, 43, 44, 45, 46, 47, 48, 50, 51, 52, 54, 55, 56, 57, 58, 60, 61, 62, 63, 64, 65, 66, 67, 68, 71, 72, 73, 74, 75, 76, 77, 78, 79, 80, 81, 82, 84, 85, 86, 88, 89, 92, 93, 94, 95, 96, 97, 98, 99, 100, 101, 102, 103, 104, 105, 106, 107, 108, 109, 110, 111, 113, 114, 115, 116, 117, 118, 119, 120, 121, 122, 123, 124, 125, 126, 127, 128, 129, 130, 131, 132, 133, 134, 135, 136, 137, 138, 139, 140, 141, 142, 143, 144, 145, 146, 147, 148, 149, 150, 151, 152, 153, 155, 156, 157, 158, 159, 160]
s221a_sdw_00_alp_ovl.bmp					PS2: [0, 3, 9, 14, 21, 27, 32, 36, 41, 47, 52, 57, 61]					MC: [0, 1, 2, 3, 4, 5, 6, 7, 8, 9, 10, 11, 12, 13, 14, 15, 16, 17, 18, 19, 20, 21, 22, 23, 24, 25, 26, 27, 28, 29, 30, 31, 32, 33, 34, 35, 36, 37, 38, 39, 40, 41, 42, 43, 44, 45, 46, 47, 48, 49, 50, 51, 52, 53, 54, 55, 56, 57, 58, 59, 60, 61, 62, 63, 64, 65, 66, 67, 68, 69, 70, 71, 72, 73, 74, 75, 76, 77, 78, 79, 80, 81, 82, 83, 84, 85, 86, 87, 88]
s221a_sdw_a00_alp_ovl.bmp					PS2: [0, 1, 3, 7, 10, 13, 28, 37, 40, 60, 80, 87, 106, 114, 125, 128]					MC: [0, 1, 2, 3, 4, 5, 6, 7, 8, 9, 10, 11, 12, 13, 14, 15, 16, 17, 19, 20, 21, 23, 24, 25, 38, 42, 43, 44, 45, 46, 49, 50, 52, 54, 55, 57, 60, 61, 62, 63, 64, 69, 72, 73, 87, 90, 92, 95, 98, 99, 100, 101, 103, 105, 111, 116, 117, 118, 120, 121, 122, 123, 124, 125, 126, 127, 128, 129, 130, 131, 132, 133]
s221a_vista_a00_alp_ovl.bmp					PS2: [0, 1, 3, 4, 5, 7, 8, 9, 10, 12, 13, 14, 15, 16, 18, 19, 20, 21, 23, 24, 25, 26, 28, 29, 30, 32, 33, 34, 35, 37, 38, 39, 40, 42, 43, 44, 46, 47, 48, 49, 50, 51, 52, 53, 55, 58, 59, 61, 62, 63, 64, 65, 67, 69, 70, 71, 72, 74, 75, 76, 77, 78, 80, 81, 84, 85, 86, 89, 90, 91, 93, 94, 95, 97, 98, 99, 100, 101, 102, 104, 105, 106, 107, 108, 109, 110, 111, 112, 113, 114, 115, 116, 117, 118, 119, 120, 121, 122, 123, 124, 125, 127, 128]					MC: [0, 1, 2, 3, 4, 5, 6, 7, 8, 9, 10, 11, 12, 13, 14, 15, 16, 17, 18, 19, 20, 21, 22, 23, 24, 25, 26, 27, 28, 29, 30, 31, 32, 33, 34, 35, 36, 37, 38, 39, 40, 41, 42, 43, 44, 45, 46, 47, 48, 49, 50, 51, 52, 53, 54, 55, 56, 57, 58, 59, 60, 61, 62, 63, 64, 65, 66, 67, 68, 69, 70, 71, 72, 73, 74, 75, 76, 77, 78, 79, 80, 81, 82, 83, 84, 85, 86, 87, 88, 89, 90, 91, 92, 93, 94, 95, 96, 97, 98, 99, 100, 101, 102, 103, 104, 105, 106, 107, 108, 109, 110, 111, 112, 113, 114, 115, 116, 117, 118, 119, 120, 121, 122, 123, 124, 125, 126, 127, 128, 129, 130, 131, 132, 133, 134, 135, 136, 137, 138, 139, 140, 141, 142, 143, 144, 145, 146, 147, 148, 149, 150, 151, 152, 153, 154, 155, 156, 157, 158, 160, 161, 163, 169, 173, 176]
s222a_room_desk_komono_01_alp_ovl.bmp					PS2: [0, 37, 48, 53, 128]					MC: [0, 1, 3, 8, 11, 12, 13, 17, 19, 20, 22, 24, 25, 30, 31, 32, 33, 34, 36, 37, 39, 41, 43, 47, 54, 57, 58, 59, 65, 66, 70, 80, 81, 87, 89, 92, 94, 100, 102, 107, 108, 110, 111, 114, 117, 118, 127, 128, 129, 130, 131, 132, 133, 136, 138, 140, 143, 146, 147, 148]
s223a_chain02_alp_ovl.bmp					PS2: [0, 16, 41, 64, 89, 115, 128]					MC: [0, 1, 2, 3, 4, 5, 6, 7, 8, 9, 10, 11, 12, 13, 14, 15, 16, 17, 18, 19, 20, 21, 22, 23, 24, 25, 26, 27, 28, 29, 32, 33, 35, 37, 38, 41, 42, 43, 44, 45, 46, 47, 48, 49, 50, 51, 52, 54, 55, 56, 57, 58, 59, 60, 61, 62, 63, 64, 67, 68, 69, 71, 72, 73, 74, 75, 76, 80, 81, 82, 83, 84, 85, 86, 89, 90, 92, 93, 94, 95, 96, 98, 99, 100, 101, 102, 103, 104, 105, 106, 107, 108, 109, 110, 111, 112, 113, 114, 115, 117, 118, 119, 120, 121, 122, 124, 125, 126, 127, 128, 129, 130, 131, 132, 133, 134, 135, 136, 137, 138, 139, 140, 141, 142, 143, 144, 145, 146, 147, 148, 149, 150, 151, 152, 153, 159]
s223a_plant_a00_alp_ovl.bmp					PS2: [0, 1, 4, 5, 7, 8, 10, 13, 14, 16, 17, 19, 22, 23, 24, 25, 26, 28, 33, 34, 36, 38, 41, 43, 44, 46, 48, 49, 50, 51, 54, 55, 56, 57, 58, 60, 63, 64, 65, 66, 67, 72, 73, 74, 75, 78, 79, 82, 84, 85, 86, 87, 88, 89, 91, 93, 94, 95, 96, 98, 99, 100, 101, 102, 103, 105, 106, 107, 108, 109, 110, 111, 112, 114, 115, 116, 117, 118, 120, 121, 122, 125, 126, 127, 128]					MC: [0, 1, 2, 3, 4, 5, 6, 7, 8, 9, 10, 11, 12, 13, 14, 15, 16, 17, 18, 19, 20, 21, 22, 23, 24, 25, 26, 27, 28, 29, 30, 31, 32, 33, 34, 35, 36, 37, 38, 39, 40, 41, 42, 43, 44, 45, 46, 47, 48, 49, 50, 51, 52, 53, 54, 55, 56, 57, 58, 59, 60, 61, 62, 63, 64, 65, 66, 67, 68, 69, 70, 71, 72, 73, 74, 75, 76, 77, 78, 79, 80, 81, 82, 83, 84, 85, 86, 87, 88, 89, 90, 91, 92, 93, 94, 95, 96, 97, 98, 99, 100, 101, 102, 103, 104, 105, 106, 107, 108, 109, 110, 111, 112, 113, 114, 115, 116, 117, 118, 119, 120, 121, 122, 123, 124, 125, 126, 127, 128, 129, 130, 131, 132, 133, 134, 135, 136, 137, 138, 139, 140, 141, 142, 143, 144, 145, 146, 147, 149, 150, 151, 152, 153, 154, 157, 158, 163, 167, 174]
s223a_plant_a01_alp_ovl.bmp					PS2: [0, 1, 2, 3, 4, 5, 7, 8, 10, 11, 12, 13, 14, 16, 17, 18, 19, 21, 24, 25, 26, 27, 29, 30, 31, 32, 33, 34, 35, 36, 37, 38, 39, 41, 42, 44, 45, 46, 47, 48, 49, 50, 51, 52, 53, 55, 56, 57, 58, 59, 60, 61, 62, 63, 64, 65, 66, 67, 68, 70, 71, 72, 73, 74, 75, 76, 77, 78, 79, 82, 83, 84, 85, 86, 87, 88, 90, 91, 92, 94, 95, 97, 98, 99, 100, 101, 102, 103, 104, 106, 107, 108, 110, 111, 112, 113, 114, 116, 117, 118, 119, 120, 121, 124, 125, 126, 127, 128]					MC: [0, 1, 2, 3, 4, 5, 6, 7, 8, 9, 10, 11, 12, 13, 14, 15, 16, 17, 18, 19, 20, 21, 22, 23, 24, 25, 26, 27, 28, 29, 30, 31, 32, 33, 34, 35, 36, 37, 38, 39, 40, 41, 42, 43, 44, 45, 46, 47, 48, 49, 50, 51, 52, 53, 54, 55, 56, 57, 58, 59, 60, 61, 62, 63, 64, 65, 66, 67, 68, 69, 70, 71, 72, 73, 74, 75, 76, 77, 78, 79, 80, 81, 82, 83, 84, 85, 86, 87, 88, 89, 90, 91, 92, 93, 94, 95, 96, 97, 98, 99, 100, 101, 102, 103, 104, 105, 106, 107, 108, 109, 110, 111, 112, 113, 114, 115, 116, 117, 118, 119, 120, 121, 122, 123, 124, 125, 126, 127, 128, 129, 130, 131, 132, 133, 134, 135, 136, 137, 138, 139, 140, 141, 142, 143, 144, 145, 146, 147, 148, 149, 150, 151, 152, 153, 154, 155, 156, 157, 158, 159, 160, 161, 162, 163, 164, 165, 166, 167, 168, 169, 170, 171, 172, 175, 177, 179]
s223a_rendermap_usuda00_alp_ovl.bmp					PS2: [0, 3, 7, 11, 16, 22, 27, 32, 39, 45, 52, 57, 62, 67, 75, 86]					MC: [0, 1, 2, 3, 4, 5, 6, 7, 8, 9, 10, 11, 12, 13, 14, 15, 16, 17, 18, 19, 20, 21, 22, 23, 24, 25, 26, 27, 28, 29, 30, 31, 32, 33, 34, 35, 36, 37, 38, 39, 40, 41, 42, 43, 44, 45, 46, 47, 48, 49, 50, 51, 52, 53, 54, 55, 56, 57, 58, 59, 60, 61, 62, 63, 64, 65, 66, 67, 68, 69, 70, 71, 72, 73, 74, 75, 76, 77, 78, 79, 80, 81, 82, 83, 84, 85, 86, 87, 88, 89, 90, 91, 92, 93, 94, 95, 96, 97, 98, 99, 100, 101, 103, 104, 105, 106, 107, 108, 109, 110, 111, 112, 113, 115, 116, 118, 126]
s22a_mog_desk_alp_ovl_06.bmp					PS2: [0, 8, 16, 24, 32, 41, 48, 56, 64, 72, 79, 87, 94]					MC: [0, 1, 2, 3, 4, 5, 6, 7, 8, 9, 10, 11, 12, 13, 14, 15, 16, 17, 18, 19, 21, 22, 23, 24, 25, 26, 27, 28, 30, 31, 32, 34, 36, 38, 39, 40, 42, 43, 44, 45, 46, 47, 48, 49, 50, 51, 52, 53, 54, 55, 56, 57, 58, 59, 60, 64, 65, 67, 68, 69, 70, 74, 75, 76, 78, 81, 84, 88, 89, 92, 103]
s22a_mog_light_alp_ovl_add_02.bmp					PS2: [0, 5, 6, 7, 39]					MC: [0, 1, 2, 3, 4, 5, 6, 9, 11, 12, 13, 18, 19, 20, 21, 22, 39, 42, 43, 44, 45, 46, 47, 48]
s22a_mog_obj_alp_ovl_17.bmp					PS2: [0, 21, 35, 50, 128]					MC: [0, 1, 2, 3, 4, 5, 6, 7, 8, 11, 12, 13, 14, 15, 16, 17, 18, 20, 22, 23, 24, 25, 32, 33, 34, 35, 39, 42, 54, 59, 71, 73, 74, 76, 81, 82, 87, 91, 98, 100, 108, 114, 118, 126, 127, 128, 129, 130, 131, 132, 133, 134, 135, 136, 137, 139, 145, 150]
s22a_mog_obj_alp_ovl_33.bmp					PS2: [0, 9, 27, 46, 128]					MC: [0, 1, 2, 3, 4, 5, 6, 7, 8, 9, 10, 11, 12, 13, 14, 15, 16, 17, 18, 19, 20, 21, 22, 23, 24, 25, 26, 27, 28, 29, 30, 31, 32, 33, 36, 39, 42, 50, 57, 58, 59, 62, 66, 67, 68, 69, 70, 75, 76, 82, 87, 94, 96, 99, 101, 102, 108, 114, 117, 118, 119, 120, 121, 123, 125, 126, 127, 128, 129, 130, 131, 132, 133, 134, 135, 136, 137, 138, 139, 140, 142]
s22a_mog_obj_alp_ovl_add_ara1.bmp					PS2: [0, 29, 30, 31, 33, 119, 124]					MC: [0, 1, 2, 3, 4, 5, 6, 7, 8, 9, 10, 11, 12, 13, 14, 16, 17, 18, 19, 22, 24, 27, 31, 32, 35, 40, 42, 43, 44, 45, 51, 52, 60, 65, 66, 68, 73, 85, 87, 90, 93, 99, 100, 101, 109, 110, 112, 115, 116, 118, 125, 131, 140, 156, 164, 178]
s22a_mog_pipe_ovl_alp_01.bmp					PS2: [0, 2, 5, 8, 33, 50, 51, 77, 128]					MC: [0, 1, 2, 3, 4, 5, 6, 7, 8, 9, 10, 11, 12, 14, 15, 18, 19, 20, 22, 23, 24, 33, 37, 38, 41, 45, 47, 49, 50, 52, 54, 56, 69, 73, 82, 86, 87, 88, 89, 92, 99, 100, 101, 108, 112, 114, 124, 125, 127, 129, 130, 131, 132, 133, 134, 135, 137, 138, 139, 142, 145]
s22a_mog_sdw_alp_ovl_03.bmp					PS2: [0, 6, 10, 14, 19, 22, 26, 28, 29, 31, 34, 36, 39, 40]					MC: [0, 1, 2, 3, 4, 5, 6, 7, 8, 9, 10, 11, 12, 13, 14, 15, 16, 17, 18, 19, 20, 21, 22, 23, 24, 25, 26, 27, 28, 29, 30, 31, 32, 33, 34, 35, 36, 37, 38, 39, 40, 41, 42, 43, 44, 45, 46, 47, 48, 49, 50, 51, 52, 53, 54, 57]
s22a_mog_sdw_alp_ovl_07.bmp					PS2: [0, 2, 4, 6, 8, 10, 13, 15, 18, 20, 23, 25, 29, 33, 42]					MC: [0, 1, 2, 3, 4, 5, 6, 7, 8, 9, 10, 11, 12, 13, 14, 15, 16, 17, 18, 19, 20, 21, 22, 23, 24, 25, 26, 27, 28, 29, 30, 31, 32, 33, 34, 35, 36, 37, 38, 39, 40, 41, 42, 44, 45, 46, 47, 48, 49, 50, 51, 52, 53, 54, 55, 56, 57, 58, 59, 60, 61, 63]
s22a_mog_stain_alp_ovl_02.bmp					PS2: [0, 1, 2, 4, 5, 7, 11, 13, 15, 17, 20, 25, 30, 35, 38, 41]					MC: [0, 1, 2, 3, 4, 5, 6, 7, 8, 9, 10, 11, 12, 13, 14, 15, 16, 17, 18, 19, 20, 21, 22, 23, 24, 25, 26, 27, 28, 31, 32, 36, 37, 38, 39, 40, 41, 42, 43, 44, 45, 46, 47, 48]
saa_engrave_ovl_sub_alp.bmp					PS2: [0, 1, 2, 3, 4, 5, 6, 7, 8, 9, 10, 11, 12, 13, 14, 15, 16, 17, 18, 19, 20, 21, 22, 23, 24, 25, 26, 27, 28, 29, 30, 31, 32, 33, 34, 35, 36, 37, 38, 39, 40, 41, 42, 43, 44, 45, 46, 47, 48, 49, 50, 51, 52, 53, 54, 55, 56, 57, 58, 59, 60, 61, 62, 63, 64, 65, 66, 67, 68, 69, 70, 71, 72, 73, 74, 75, 76, 77, 78, 79, 80, 81, 82, 83, 84, 88, 93, 94, 95, 96, 98, 99, 100, 108, 113]					MC: [0, 1, 2, 3, 4, 5, 6, 7, 8, 9, 10, 11, 12, 13, 14, 15, 16, 17, 18, 19, 20, 21, 22, 23, 24, 25, 26, 27, 28, 29, 30, 31, 32, 33, 34, 35, 36, 37, 38, 39, 40, 41, 42, 43, 44, 45, 46, 47, 48, 49, 50, 51, 52, 53, 54, 55, 56, 57, 58, 59, 60, 61, 62, 63, 64, 65, 66, 67, 68, 69, 70, 71, 72, 73, 74, 75, 76, 77, 78, 79, 80, 81, 82, 83, 84, 85, 86, 87, 88, 89, 90, 91, 92, 93, 94, 95, 96, 97, 98, 99, 100, 102, 103, 104, 105, 106, 107, 108, 109, 111, 112, 113, 114, 115, 116, 117, 119, 120, 121, 124, 125, 126, 128, 130, 131, 137]
saa_stock_side_ovl_sub_alp.bmp					PS2: [0, 2, 6, 11, 15, 19, 22, 27, 30, 35, 40, 45, 48, 51, 60, 72]					MC: [0, 1, 2, 3, 4, 5, 6, 7, 8, 9, 10, 11, 12, 13, 14, 15, 16, 17, 18, 19, 20, 21, 22, 23, 24, 25, 26, 27, 28, 29, 30, 31, 32, 33, 34, 35, 36, 38, 39, 40, 41, 42, 43, 44, 45, 46, 47, 48, 49, 50, 51, 52, 53, 54, 55, 56, 57, 58, 59, 61, 62, 63, 64, 66, 67, 68, 70, 71, 72, 73, 75, 76, 77, 78, 79, 81]
sdl_body_new_ovl_alp.bmp					PS2: [0, 1, 2, 4, 7, 10, 12, 15, 19, 21, 26, 30, 32, 34, 36, 38, 41, 43, 45, 48, 52, 56, 58, 61, 64, 67, 69, 70, 72, 75, 78, 81, 82, 83, 85, 86, 88, 89, 91, 93, 94, 95, 96, 98, 100, 101, 103, 106, 107, 108, 110, 111, 114, 115, 117, 119, 121, 122, 123, 125, 126, 128]					MC: [0, 1, 2, 3, 4, 5, 6, 7, 8, 9, 10, 11, 12, 13, 14, 15, 16, 17, 18, 19, 20, 21, 22, 23, 24, 25, 26, 27, 28, 29, 30, 31, 33, 34, 35, 36, 37, 38, 39, 41, 42, 43, 44, 45, 46, 47, 48, 49, 50, 51, 52, 53, 54, 55, 56, 57, 58, 59, 60, 61, 62, 63, 64, 65, 66, 67, 68, 69, 70, 71, 72, 73, 74, 75, 76, 77, 78, 79, 80, 81, 82, 83, 84, 85, 86, 87, 88, 89, 90, 91, 92, 93, 94, 95, 96, 97, 98, 99, 100, 101, 102, 103, 104, 105, 106, 107, 108, 109, 110, 111, 112, 113, 114, 115, 116, 117, 118, 119, 120, 121, 122, 123, 124, 125, 126, 127, 128, 129, 130, 131, 132, 133, 134, 135, 136, 137, 138, 139, 140, 141, 142, 143, 144, 145, 146, 147, 148, 149, 150, 151, 152, 155, 158, 159, 160, 166]
sec_face_sub_ovl_alp.bmp					PS2: [0, 2, 4, 6, 8, 10, 12, 15, 17, 20, 22, 24, 26, 29, 33, 39]					MC: [0, 1, 2, 3, 4, 5, 6, 7, 8, 9, 10, 11, 12, 13, 14, 15, 16, 17, 18, 19, 20, 21, 22, 23, 24, 25, 26, 27, 28, 29, 30, 31, 32, 33, 34, 35, 36, 37, 39]
sec_suits_add_ovl_alp.bmp					PS2: [0, 3, 4, 5, 7, 8, 9, 10, 11, 12, 13, 15, 17, 21, 25]					MC: [0, 1, 2, 3, 4, 5, 6, 7, 8, 9, 10, 11, 12, 13, 14, 15, 16, 17, 18, 19, 20, 21, 22, 23, 24, 25, 26, 27]
shago_marking02_alp_ovl.bmp					PS2: [0, 1, 2, 3, 4, 5, 6, 7, 8, 9, 10, 11, 12, 13, 14, 15, 16, 17, 18, 19, 20, 21, 22, 23, 24, 25, 26, 27, 28, 29, 30, 31, 32, 33, 34, 35, 36, 37, 38, 39, 40, 41, 42, 43, 44, 45, 46, 47, 48, 49, 50, 51, 52, 53, 54, 55, 56, 57, 58, 59, 60, 61, 62, 63, 64, 65, 66, 67, 68, 69, 70, 71, 72, 73, 74, 75, 76]					MC: [0, 1, 2, 3, 4, 5, 6, 7, 8, 9, 10, 11, 12, 13, 14, 15, 16, 17, 18, 19, 20, 21, 22, 23, 24, 25, 26, 27, 28, 29, 30, 31, 32, 33, 34, 35, 36, 37, 38, 39, 40, 41, 42, 43, 44, 45, 46, 47, 48, 49, 50, 51, 52, 53, 54, 55, 56, 57, 58, 59, 60, 61, 62, 63, 64, 65, 66, 67, 68, 69, 70, 71, 72, 73, 74, 75, 76, 77, 78, 79, 80, 81, 82, 83, 84, 85, 86, 87, 88, 89, 90, 91, 92, 93, 94, 95, 96, 97, 98, 99, 100, 101, 102, 103, 104, 105, 106, 107, 109, 111, 112, 113, 115, 117]
shago_marking_alp_ovl.bmp					PS2: [0, 16, 35, 53]					MC: [0, 1, 2, 3, 4, 5, 6, 7, 8, 9, 10, 11, 12, 13, 14, 15, 16, 17, 18, 19, 20, 21, 22, 23, 24, 25, 26, 27, 28, 29, 30, 31, 32, 33, 34, 35, 36, 37, 38, 39, 40, 41, 42, 43, 44, 45, 46, 47, 48, 49, 50, 51, 52, 53, 54, 55, 56, 57, 58, 59, 60, 61, 62, 63, 64, 65, 66, 67, 68, 69, 70, 71, 72, 73, 74, 75, 76, 77, 83]
shago_missile_sub_alp_ovl.bmp					PS2: [0, 8, 9, 10, 11, 12, 13, 14, 15, 16, 17, 18, 19, 20, 23]					MC: [0, 1, 2, 3, 4, 5, 6, 7, 8, 9, 10, 11, 12, 13, 14, 15, 16, 17, 18, 19, 20, 21, 22, 23, 24, 25, 26]
ship_marking02_ovl_alp.bmp					PS2: [0, 1, 6, 11, 16, 20, 25, 30, 35, 40, 44, 49, 54, 59, 63]					MC: [0, 1, 2, 3, 4, 5, 6, 7, 8, 9, 10, 11, 12, 13, 14, 15, 16, 17, 18, 19, 20, 21, 22, 23, 24, 25, 26, 27, 28, 29, 30, 31, 32, 33, 34, 35, 36, 37, 38, 39, 40, 41, 42, 43, 44, 45, 46, 47, 48, 49, 50, 51, 52, 53, 54, 55, 56, 57, 58, 59, 60, 61, 62, 63, 64, 65, 66, 67, 68, 69, 70, 71, 72, 73, 74, 75, 76, 77, 78, 79, 80, 81, 82, 83, 84, 86, 87, 89, 90, 91, 92, 95]
ship_marking04_ovl_alp.bmp					PS2: [0, 9, 20, 25, 32]					MC: [0, 1, 2, 3, 4, 5, 6, 7, 8, 9, 10, 11, 12, 13, 14, 15, 16, 17, 18, 19, 20, 21, 22, 23, 24, 25, 26, 27, 28, 30, 31, 32, 33, 34, 35, 36, 37, 38, 39, 40, 41, 42, 43, 44, 45, 47, 48]
side_table_sdw_alp_ovl.bmp					PS2: [0, 3, 8, 14, 25, 34, 38, 40, 42, 46, 57, 64, 70, 79, 82, 84]					MC: [0, 1, 2, 3, 4, 5, 6, 7, 8, 9, 10, 11, 12, 13, 14, 15, 16, 17, 18, 19, 20, 21, 22, 23, 24, 25, 26, 27, 28, 29, 30, 31, 32, 33, 34, 35, 36, 37, 38, 39, 40, 41, 42, 43, 44, 45, 46, 47, 48, 49, 50, 51, 52, 53, 54, 55, 56, 57, 58, 59, 60, 61, 62, 63, 64, 65, 66, 67, 68, 69, 70, 71, 72, 74, 75, 76, 77, 78, 79, 80, 81, 82, 83, 84, 85, 86, 87, 88, 89, 90, 91, 92, 93, 94, 95, 96, 97, 98, 99, 100, 101, 102, 103, 104, 105]
sig_cap_logo_ovl_alp.bmp					PS2: [0, 25, 26, 35, 36, 45, 53, 54, 61, 68, 69, 76, 83, 90, 96, 102, 103, 109, 115, 116, 121, 122, 128]					MC: [0, 1, 2, 3, 4, 5, 6, 7, 8, 9, 10, 11, 12, 13, 14, 15, 16, 17, 18, 19, 20, 21, 22, 23, 24, 25, 26, 27, 28, 29, 30, 31, 32, 33, 34, 36, 37, 38, 39, 40, 41, 44, 45, 46, 47, 48, 49, 50, 51, 53, 54, 56, 57, 58, 59, 60, 61, 62, 63, 64, 65, 66, 67, 68, 69, 70, 71, 72, 73, 74, 75, 76, 77, 78, 79, 80, 81, 82, 83, 84, 85, 86, 87, 88, 89, 90, 91, 92, 93, 94, 95, 96, 97, 98, 99, 100, 101, 103, 104, 105, 106, 107, 108, 109, 110, 111, 112, 113, 114, 115, 116, 117, 118, 119, 120, 121, 122, 123, 124, 125, 126, 127, 128, 129, 130, 131, 132, 133, 134, 135, 136, 137, 138, 139, 140, 141, 142, 143, 144, 145, 146, 147, 148, 149, 150, 151, 152, 153, 155, 156, 157, 158, 159, 160, 161, 162, 163, 164]
sig_face_ovl_sub_alp.bmp					PS2: [0, 7, 9, 12, 14, 16, 18, 20, 21, 24, 26, 29, 32, 34, 37, 41]					MC: [0, 1, 2, 3, 4, 5, 6, 7, 8, 9, 10, 11, 12, 13, 14, 15, 16, 17, 18, 19, 20, 21, 22, 23, 24, 25, 26, 27, 28, 29, 30, 31, 32, 33, 34, 35, 36, 37, 38, 39, 40, 41]
sign_labo_00_alp_ovl.bmp					PS2: [0, 64, 128]					MC: [0, 1, 2, 3, 4, 5, 6, 7, 10, 12, 14, 16, 17, 19, 20, 22, 23, 24, 26, 27, 31, 32, 34, 35, 36, 38, 47, 68, 70, 73, 78, 79, 80, 81, 87, 88, 89, 90, 92, 98, 100, 101, 103, 108, 111, 121, 125, 126, 127, 128, 129, 130, 131, 132, 133, 134, 135, 136, 140, 141, 142, 143, 146, 150, 151, 153]
slight_ray01_alp_ovl.bmp					PS2: [0, 42, 67, 88, 107, 128]					MC: [0, 1, 3, 4, 5, 6, 7, 8, 9, 12, 13, 14, 15, 16, 17, 19, 21, 22, 23, 24, 25, 26, 27, 28, 30, 31, 32, 33, 34, 37, 39, 41, 45, 46, 47, 50, 53, 55, 56, 57, 58, 59, 62, 64, 65, 68, 69, 71, 73, 74, 77, 81, 82, 83, 85, 86, 87, 89, 91, 95, 97, 98, 99, 100, 101, 102, 103, 105, 109, 110, 111, 113, 115, 116, 117, 119, 120, 125, 126, 127, 128, 129, 130, 131, 132, 133, 134, 135, 136, 137, 138, 139, 140, 141, 142, 144, 145, 146, 148, 150, 152, 153, 155, 160]
sna_after_body_flirt_sub_ovl_alp.bmp					PS2: [0, 1, 2, 3, 4, 5, 6, 7, 8, 9, 10, 11, 12, 13, 14, 15, 16, 17, 18, 19, 20, 21, 22, 23, 24, 25, 26, 27, 28, 30, 32, 33, 34, 35, 36, 38]					MC: [0, 1, 2, 3, 4, 5, 6, 7, 8, 9, 10, 11, 12, 13, 14, 15, 16, 17, 18, 19, 20, 21, 22, 23, 24, 25, 26, 27, 28, 32, 33, 36]
sna_arrow_dam_ovl_alp.bmp					PS2: [0, 1, 2, 3, 6, 7, 8, 9, 10, 11, 12, 13, 14, 15, 16, 17, 18, 19, 20, 21, 23, 24, 25, 26, 27, 28, 30, 31, 32, 33, 34, 35, 36, 37, 39, 40, 41, 42, 43, 45, 46, 47, 48, 49, 51, 52, 53, 55, 56, 57, 59, 60, 61, 62, 63, 64, 65, 66, 67, 69, 70, 71, 73, 74, 75, 76, 78, 79, 80, 82, 84, 86, 87, 88, 89, 90, 91, 92, 93, 94, 95, 96, 97, 98, 99, 100, 101, 102, 103, 105, 106, 107, 108, 109, 110, 111, 112, 113, 114, 115, 117, 118, 120, 121, 122, 123, 124, 125, 128]					MC: [0, 1, 2, 3, 4, 5, 6, 7, 8, 9, 10, 11, 12, 13, 14, 15, 16, 17, 18, 19, 20, 21, 22, 23, 24, 25, 26, 27, 28, 29, 30, 31, 32, 33, 34, 35, 36, 37, 38, 39, 40, 41, 42, 43, 44, 45, 46, 47, 48, 49, 50, 51, 52, 53, 54, 55, 56, 57, 58, 59, 60, 61, 62, 63, 64, 65, 66, 67, 68, 69, 70, 71, 72, 73, 74, 75, 76, 77, 78, 79, 80, 81, 82, 83, 84, 85, 86, 87, 88, 89, 90, 91, 92, 93, 94, 95, 96, 97, 98, 99, 100, 101, 102, 103, 104, 105, 106, 107, 108, 109, 110, 111, 112, 113, 114, 115, 116, 117, 118, 119, 120, 121, 122, 123, 124, 125, 126, 127, 128, 129, 130, 131, 132, 133, 134, 135, 136]
sna_bandana_def_sub_ovl_alp.bmp					PS2: [0, 1, 3, 5, 8, 9, 10, 12, 14, 15, 16, 17, 18, 19, 20, 22]					MC: [0, 1, 2, 3, 4, 5, 6, 7, 8, 9, 10, 11, 12, 13, 14, 15, 16, 17, 18, 19, 20, 21, 22, 23]
sna_cell_wound_ovl_alp.bmp					PS2: [0, 1, 3, 4, 6, 7, 8, 9, 11, 12, 13, 15, 16, 17, 18, 19, 20, 21, 22, 23, 24, 25, 26, 27, 28, 29, 30, 31, 32, 33, 34, 35, 37, 38, 39, 40, 42, 43, 44, 45, 46, 47, 48, 49, 50, 51, 52, 53, 54, 55, 56, 57, 58, 59, 60, 61, 62, 63, 64, 65, 66, 67, 68, 69, 70, 73, 74, 75, 76, 77, 78, 79, 80, 81, 82, 83, 84, 85, 86, 87, 88, 89, 90, 91, 92, 93, 94, 95, 96, 97, 98, 99, 100, 101, 102, 105, 106, 107, 109, 110, 112, 116, 118, 119]					MC: [0, 1, 2, 3, 4, 5, 6, 7, 8, 9, 10, 11, 12, 13, 14, 15, 16, 17, 18, 19, 20, 21, 22, 23, 24, 25, 26, 27, 28, 29, 30, 31, 32, 33, 34, 35, 36, 37, 38, 39, 40, 41, 42, 43, 44, 45, 46, 47, 48, 49, 50, 51, 52, 53, 54, 55, 56, 57, 58, 59, 60, 61, 62, 63, 64, 65, 66, 67, 68, 69, 70, 71, 72, 73, 74, 75, 76, 77, 78, 79, 80, 81, 82, 83, 84, 85, 86, 87, 88, 89, 90, 91, 92, 93, 94, 95, 96, 97, 98, 99, 100, 101, 102, 103, 104, 105, 106, 107, 108, 109, 110, 111, 112, 113, 114, 115, 116, 117, 118, 119, 120, 121, 122, 123, 124, 125, 126, 127, 129]
sna_face_dam_eye_ovl_alp.bmp					PS2: [0, 1, 2, 3, 4, 5, 6, 7, 8, 10, 11, 12, 13, 15, 16, 17, 18, 19, 20, 21, 22, 23, 26, 28, 29, 31, 32, 34, 37, 38, 39, 40, 41, 42, 43, 54, 56, 57, 58, 59, 61, 74, 76, 77, 78, 79, 86, 87, 88, 89, 90, 91, 92, 97, 99, 101, 102, 103, 104, 105, 106, 128]					MC: [0, 1, 2, 3, 4, 5, 6, 7, 8, 9, 10, 11, 12, 13, 14, 15, 16, 17, 18, 19, 20, 21, 22, 23, 24, 25, 26, 27, 28, 29, 30, 31, 32, 33, 34, 35, 36, 37, 38, 39, 40, 41, 42, 43, 44, 45, 46, 47, 48, 49, 50, 51, 52, 53, 54, 56, 57, 58, 59, 61, 64, 65, 66, 67, 68, 69, 70, 72, 73, 74, 75, 76, 77, 78, 79, 80, 82, 83, 84, 86, 87, 88, 89, 90, 91, 92, 93, 94, 95, 96, 97, 98, 99, 100, 101, 102, 103, 105, 106, 107, 110, 111, 112, 113, 114, 115, 116, 117, 118, 119, 120, 121, 122, 123, 124, 128]
sna_face_dam_hard_sub_ovl_alp.bmp					PS2: [0, 2, 5, 8, 11, 15, 18, 21, 25, 31, 39, 46, 54, 64, 72, 80]					MC: [0, 1, 2, 3, 4, 5, 6, 7, 8, 9, 10, 11, 12, 13, 14, 15, 16, 17, 18, 19, 20, 21, 22, 23, 24, 25, 26, 27, 28, 29, 30, 31, 32, 33, 34, 35, 36, 37, 38, 39, 40, 41, 42, 43, 44, 45, 46, 47, 48, 49, 50, 51, 52, 53, 54, 55, 56, 57, 58, 59, 60, 61, 62, 63, 64, 65, 66, 67, 68, 69, 70, 71, 72, 73, 74, 75, 76, 77, 78, 79, 80]
sna_face_def_sub_ovl_alp.bmp					PS2: [0, 2, 5, 8, 11, 14, 17, 18, 21, 24, 27, 29, 33, 36, 39]					MC: [0, 1, 2, 3, 4, 5, 6, 7, 8, 9, 10, 11, 12, 13, 14, 15, 16, 17, 18, 19, 20, 21, 22, 23, 24, 25, 26, 27, 28, 29, 30, 31, 32, 33, 34, 35, 36, 37, 38, 39]
sna_face_vr_def_sub_ovl_alp.bmp					PS2: [0, 3, 6, 10, 12, 15, 17, 19, 21, 24, 27, 30, 32, 35, 39]					MC: [0, 1, 2, 3, 4, 5, 6, 7, 8, 9, 10, 11, 12, 13, 14, 15, 16, 17, 18, 19, 20, 21, 22, 23, 24, 25, 26, 27, 28, 29, 30, 31, 32, 33, 34, 35, 36, 37, 38, 39]
sna_face_vr_sta_ovl_alp.bmp					PS2: [0, 1, 3, 4, 5, 6, 7, 8, 9, 10, 11, 12, 13, 14, 15, 16, 17, 18, 19, 20, 21, 22, 23, 24, 25, 26, 27, 28, 29, 30, 31, 32, 33, 35, 36, 37, 38, 39, 40, 41, 42, 43, 44, 45, 46, 47, 48, 49, 50, 51, 52, 53, 55, 56, 57, 58, 59, 60, 61, 62, 63, 65, 66, 67, 68, 69, 71, 72, 74, 76, 77, 79, 80, 81, 82, 83, 85, 86, 87, 90, 91, 93, 95, 96, 98, 99, 100, 102, 103, 104, 105, 107, 108, 109, 111, 112, 114, 115, 116]					MC: [0, 1, 2, 3, 4, 5, 6, 7, 8, 9, 10, 11, 12, 13, 14, 15, 16, 17, 18, 19, 20, 21, 22, 23, 24, 25, 26, 27, 28, 29, 30, 31, 32, 33, 34, 35, 36, 37, 38, 39, 40, 41, 42, 43, 44, 45, 46, 47, 48, 49, 50, 51, 52, 53, 54, 55, 56, 57, 58, 59, 60, 61, 62, 63, 64, 65, 66, 67, 68, 69, 70, 71, 72, 73, 74, 75, 76, 77, 78, 79, 80, 81, 82, 83, 84, 85, 86, 87, 88, 89, 90, 91, 92, 93, 94, 95, 96, 97, 98, 99, 100, 101, 102, 103, 104, 105, 106, 107, 108, 109, 110, 111, 112, 113, 114, 115, 116]
sna_flirt_wound_ovl_alp.bmp					PS2: [0, 1, 2, 3, 4, 5, 6, 7, 8, 9, 10, 11, 12, 13, 14, 15, 16, 17, 18, 19, 20, 21, 22, 23, 24, 25, 26, 27, 28, 29, 30, 31, 32, 33, 34, 35, 37, 39, 40, 41, 42, 43, 44, 45, 46, 47, 50, 52, 53, 54, 56, 58, 59, 61, 62, 65, 69, 70, 75]					MC: [0, 1, 2, 3, 4, 5, 6, 7, 8, 9, 10, 11, 12, 13, 14, 15, 16, 17, 18, 19, 20, 21, 22, 23, 24, 25, 26, 27, 28, 29, 30, 31, 32, 33, 34, 35, 36, 37, 38, 39, 40, 41, 42, 43, 44, 45, 46, 47, 48, 49, 50, 51, 52, 53, 54, 55, 56, 58, 59, 60, 61, 69, 70]
sna_foot_vr_sub_ovl_alp.bmp					PS2: [0, 3, 4, 6, 8, 9, 10, 12, 14, 15, 17, 19, 23, 27, 33, 45]					MC: [0, 1, 2, 3, 4, 5, 6, 7, 8, 9, 10, 11, 12, 13, 14, 15, 16, 17, 18, 19, 20, 21, 22, 23, 24, 25, 26, 27, 28, 33, 35, 36, 37, 38, 39, 40, 41, 42, 43, 44, 45, 46, 47, 52, 54]
sna_hair_back_ovl_alp.bmp					PS2: [0, 1, 3, 4, 5, 7, 9, 10, 12, 13, 15, 16, 18, 20, 21, 23, 24, 25, 27, 28, 29, 31, 33, 35, 36, 38, 41, 44, 46, 48, 49, 51, 52, 54, 55, 56, 58, 59, 60, 61, 63, 64, 65, 67, 69, 70, 71, 72, 73, 75, 76, 77, 78, 79, 80, 82, 83, 84, 85, 86, 87, 88, 89, 91, 92, 93, 94, 95, 96, 97, 98, 99, 100, 101, 102, 103, 104, 105, 106, 107, 108, 109, 110, 111, 113, 114, 115, 116, 117, 118, 119, 120, 121, 122, 123, 124, 125, 126, 127, 128]					MC: [0, 1, 2, 3, 4, 5, 6, 7, 8, 9, 10, 11, 12, 13, 14, 15, 16, 17, 18, 19, 20, 21, 22, 23, 24, 25, 26, 27, 28, 29, 30, 31, 32, 33, 34, 35, 36, 37, 38, 39, 40, 41, 42, 43, 44, 45, 46, 47, 48, 49, 50, 51, 52, 53, 54, 55, 56, 57, 58, 59, 60, 61, 62, 63, 64, 65, 66, 67, 68, 69, 70, 71, 72, 73, 74, 75, 76, 77, 78, 79, 80, 81, 82, 83, 84, 85, 86, 87, 88, 89, 90, 91, 92, 93, 94, 95, 96, 97, 98, 99, 100, 101, 102, 103, 104, 105, 106, 107, 108, 109, 110, 111, 112, 113, 114, 115, 116, 117, 118, 119, 120, 121, 122, 123, 124, 125, 126, 127, 128, 129, 130, 131, 132, 133, 134, 135, 136, 137, 138, 139, 140, 141, 142, 143, 144, 145, 146, 147, 148, 152]
sna_item_roastviper_dmo_niku_ovl_alp.bmp					PS2: [0, 1, 2, 4, 5, 6, 7, 9, 10, 11, 12, 14, 16, 17, 19, 20, 22, 24, 25, 26, 27, 29, 30, 31, 33, 35, 37, 38, 39, 40, 41, 42, 43, 44, 45, 46, 47, 48, 49, 50, 52, 53, 54, 55, 56, 58, 59, 60, 61, 62, 63, 64, 65, 66, 67, 68, 69, 70, 71, 72, 73, 74, 75, 76, 77, 79, 82, 83, 84, 85, 86, 87, 88, 89, 90, 91, 93, 94, 95, 96, 97, 98, 99, 100, 101, 102, 104, 105, 106, 107, 108, 109, 110, 111, 112, 113, 114, 115, 116, 117, 118, 119, 120, 121, 122, 123, 124, 125, 126]					MC: [0, 1, 2, 3, 4, 5, 6, 7, 8, 9, 10, 11, 12, 13, 14, 15, 16, 17, 18, 19, 20, 21, 22, 23, 24, 25, 26, 27, 28, 30, 31, 32, 34, 35, 36, 37, 38, 39, 40, 41, 42, 43, 44, 45, 46, 47, 48, 49, 50, 51, 52, 53, 54, 55, 56, 57, 58, 59, 60, 61, 62, 63, 64, 65, 66, 67, 68, 69, 70, 71, 72, 73, 74, 75, 76, 77, 78, 79, 80, 81, 82, 83, 84, 85, 86, 87, 88, 89, 90, 91, 92, 93, 94, 95, 96, 97, 98, 99, 100, 101, 102, 103, 104, 105, 106, 107, 108, 109, 110, 111, 112, 113, 114, 115, 116, 117, 118, 119, 120, 121, 122, 123, 124, 125, 126, 127, 128, 129, 130, 133, 134, 137]
sna_mgs3_belt_ovl_sub_alp.bmp					PS2: [0, 4, 8, 10, 12, 14, 17, 19, 21, 23, 25, 28, 30, 34, 40, 50]					MC: [0, 1, 2, 3, 4, 5, 6, 7, 8, 9, 10, 11, 12, 13, 14, 15, 16, 17, 18, 19, 20, 21, 22, 23, 24, 25, 26, 27, 28, 32, 33, 34, 35, 36, 37, 38, 39, 40, 41, 42, 44, 45, 46, 47, 48, 49, 52, 53, 54, 55, 57]
sna_mgs3_body_ovl_alp.bmp					PS2: [0, 33, 34, 42, 43, 48, 55, 58, 60, 61, 77, 80, 82, 89, 90, 94, 128]					MC: [0, 1, 2, 3, 4, 6, 7, 8, 9, 10, 11, 12, 13, 14, 15, 17, 18, 19, 21, 23, 25, 26, 27, 29, 31, 34, 41, 43, 47, 55, 68, 69, 74, 78, 80, 83, 85, 90, 100, 113, 115, 122, 124, 127, 128, 129, 130, 131, 132, 133, 134, 135, 136, 138, 139, 141, 142, 143, 147, 150, 151]
sna_mgs3_foot_ed_sub_ovl_alp.bmp					PS2: [0, 4, 7, 10, 13, 16, 18, 21, 27, 32, 36, 41, 49, 59, 70, 94]					MC: [0, 1, 2, 3, 4, 5, 6, 7, 8, 9, 10, 11, 12, 13, 14, 15, 16, 17, 18, 19, 20, 21, 22, 23, 24, 25, 26, 27, 28, 29, 30, 31, 32, 33, 34, 35, 36, 37, 38, 39, 40, 41, 42, 43, 44, 45, 46, 47, 48, 49, 50, 51, 52, 53, 54, 55, 56, 57, 58, 59, 60, 61, 62, 63, 64, 65, 66, 67, 68, 69, 70, 71, 73, 74, 75, 76, 77, 78, 79, 80, 81, 82, 83, 84, 85, 87, 89, 92, 93, 96, 97, 98, 100, 110, 133, 145]
sna_mgs3_foot_ed_sub_ovl_alp.bmp_5ac67550c4a45cccc2805dfcb28f5a63					PS2: [0, 1, 2, 3, 4, 5, 6, 7, 8, 9, 10, 11, 12, 13, 14, 15, 16, 17, 18, 19, 20, 21, 22, 23, 24, 25, 26, 27, 28, 29, 30, 31, 32, 33, 34, 35, 36, 37, 38, 39, 40, 41, 42, 43, 44, 45, 46, 47, 48, 49, 50, 51, 52, 53, 54, 55, 56, 57, 58, 59, 60, 61, 62, 63, 64, 65, 66, 67, 68, 69, 70, 72, 75, 76, 77, 79, 85, 87, 88, 89, 91, 92, 93, 96, 104, 115, 128]					MC: [0, 1, 2, 3, 4, 5, 6, 7, 8, 9, 10, 11, 12, 13, 14, 15, 16, 17, 18, 19, 20, 21, 22, 23, 24, 25, 26, 27, 28, 29, 30, 31, 32, 33, 34, 35, 36, 37, 38, 39, 40, 41, 42, 43, 44, 45, 46, 47, 48, 49, 50, 51, 52, 53, 54, 55, 56, 57, 58, 59, 60, 61, 62, 63, 64, 65, 66, 67, 68, 69, 70, 72, 73, 74, 75, 76, 77, 78, 79, 80, 81, 82, 83, 84, 85, 91, 96, 98, 99, 101, 111, 112, 113, 119, 143]
sna_mgs3_naked_belt_ovl_sub_alp.bmp					PS2: [0, 2, 3, 5, 6, 8, 9, 11, 13, 15, 18, 23, 33, 40, 49, 60]					MC: [0, 1, 2, 3, 4, 5, 6, 7, 8, 9, 10, 11, 12, 13, 14, 15, 16, 17, 18, 19, 20, 21, 24, 25, 27, 28, 32, 33, 34, 39, 41, 42, 44, 45, 48, 49, 51, 52, 53, 54, 55, 56, 57, 58, 59, 60, 61, 62, 64, 65, 66, 67, 68, 70, 71, 73, 74, 75, 85, 87]
sna_mnt_boots_sub_ovl_alp.bmp					PS2: [0, 1, 2, 3, 4, 5, 6, 7, 8, 9, 10, 11, 12, 13, 14, 15, 16, 17, 18, 19, 20, 21, 22, 23, 24, 25, 26, 27, 28, 29, 30, 31, 32, 33, 34, 35, 36, 38, 39, 41, 44, 45, 48, 49, 54]					MC: [0, 1, 2, 3, 4, 5, 6, 7, 8, 9, 10, 11, 12, 13, 14, 15, 16, 17, 18, 19, 20, 21, 22, 23, 24, 25, 26, 27, 28, 34, 35, 36, 37, 38, 39, 40, 41, 42, 43, 44, 46, 47, 49, 50, 51, 52, 61]
sna_mnt_rogo_ovl_alp.bmp					PS2: [0, 1, 4, 6, 8, 10, 12, 14, 15, 17, 18, 19, 21, 23, 24, 25, 26, 28, 29, 31, 32, 34, 35, 36, 37, 38, 39, 40, 41, 42, 43, 44, 45, 46, 47, 48, 49, 50, 51, 53, 54, 55, 56, 57, 58, 59, 61, 62, 63, 64, 65, 66, 67, 68, 69, 70, 71, 72, 73, 74, 75, 77, 78, 79, 80, 81, 82, 83, 84, 85, 86, 87, 88, 89, 90, 91, 92, 93, 94, 95, 96, 97, 98, 99, 100, 101, 102, 103, 104, 105, 106, 107, 108, 109, 110, 111, 112, 113, 114, 115, 116, 117, 118, 119, 120, 121, 122, 123, 124, 125, 126, 127, 128]					MC: [0, 1, 2, 3, 4, 5, 6, 7, 8, 9, 10, 11, 12, 13, 14, 15, 16, 17, 18, 19, 20, 21, 22, 23, 24, 25, 26, 27, 28, 29, 30, 31, 32, 33, 34, 35, 36, 37, 38, 39, 40, 41, 42, 43, 44, 45, 46, 47, 48, 49, 50, 51, 52, 53, 54, 55, 56, 57, 58, 59, 60, 61, 62, 63, 64, 65, 66, 67, 68, 69, 70, 71, 72, 73, 74, 75, 76, 77, 78, 79, 80, 81, 82, 83, 84, 85, 86, 87, 88, 89, 90, 91, 92, 93, 94, 95, 96, 97, 98, 99, 100, 101, 102, 103, 104, 105, 106, 107, 108, 109, 110, 111, 112, 113, 114, 115, 116, 117, 118, 119, 120, 121, 122, 123, 124, 125, 126, 127, 128, 129, 130, 131, 132, 133, 134, 135, 136, 137, 138, 139, 140, 141, 142, 143, 144, 145, 146, 147, 148, 149, 150, 151, 152, 153, 154, 155, 156, 157, 158, 159, 160, 161, 164, 171]
sna_naked_belt_ovl_sub_alp.bmp					PS2: [0, 5, 8, 11, 13, 15, 17, 19, 21, 23, 24, 26, 30, 36, 41, 50]					MC: [0, 1, 2, 3, 4, 5, 6, 7, 8, 9, 10, 11, 12, 13, 14, 15, 16, 17, 18, 19, 20, 21, 22, 23, 24, 25, 26, 27, 28, 30, 31, 32, 33, 34, 35, 36, 37, 38, 39, 40, 41, 42, 43, 44, 45, 46, 47, 48, 49, 50, 52, 54, 55]
sna_naked_body_sta_ovl_alp.bmp					PS2: [0, 1, 2, 4, 6, 7, 8, 9, 10, 11, 12, 13, 14, 15, 16, 17, 18, 19, 20, 21, 22, 23, 24, 25, 26, 27, 28, 29, 30, 31, 32, 33, 34, 35, 36, 37, 38, 39, 40, 41, 42, 43, 44, 45, 46, 47, 48, 49, 50, 51, 52, 53, 54, 55, 56, 57, 58, 59, 61, 62, 63, 64, 65, 67, 68, 70, 71, 72, 73, 74, 75, 76, 77, 78, 79, 80, 81, 82, 83, 84, 85, 86, 87, 88, 89, 91, 92, 93, 94, 95, 96, 97, 98, 99, 100, 101, 103, 104, 106, 107, 109]					MC: [0, 1, 2, 3, 4, 5, 6, 7, 8, 9, 10, 11, 12, 13, 14, 15, 16, 17, 18, 19, 20, 21, 22, 23, 24, 25, 26, 27, 28, 29, 30, 31, 32, 33, 34, 35, 36, 37, 38, 39, 40, 41, 42, 43, 44, 45, 46, 47, 48, 49, 50, 51, 52, 53, 54, 55, 56, 57, 58, 59, 60, 61, 62, 63, 64, 65, 66, 67, 68, 69, 70, 71, 72, 73, 74, 75, 76, 77, 78, 79, 80, 81, 82, 83, 84, 85, 86, 87, 88, 89, 90, 91, 92, 93, 94, 95, 96, 97, 98, 99, 100, 101, 102, 103, 104, 105, 106, 107, 108, 109, 110, 111, 112, 113, 114, 115, 116, 117, 118, 119, 120, 121, 122, 123, 124, 125, 126, 127, 129, 130, 131, 132, 133, 134, 137, 138, 139, 140, 142, 143, 144, 145]
sna_para_main_ovl_alp.bmp					PS2: [0, 3, 7, 9, 12, 15, 19, 34, 39, 42, 47, 50, 54, 55, 63, 65, 67, 71, 76, 77, 84, 88, 92, 93, 100, 102, 106, 112, 113, 116, 117, 119, 120, 128]					MC: [0, 1, 2, 3, 4, 5, 6, 8, 10, 11, 12, 13, 15, 16, 17, 18, 19, 20, 22, 23, 24, 25, 27, 28, 30, 31, 32, 33, 39, 40, 44, 45, 47, 48, 50, 51, 53, 57, 62, 68, 72, 73, 74, 76, 80, 81, 84, 86, 89, 90, 92, 95, 96, 97, 100, 103, 111, 114, 116, 117, 122, 125, 127, 128, 129, 130, 131, 132, 133, 134, 135, 136, 137, 138, 139, 140, 142, 144, 145, 146, 148, 149]
sna_rai_face_def_sub_ovl_alp.bmp					PS2: [0, 8, 11, 13, 15, 17, 18, 20, 22, 24, 26, 27, 29, 32, 34, 37]					MC: [0, 1, 2, 3, 4, 5, 6, 7, 8, 9, 10, 11, 12, 13, 14, 15, 16, 17, 18, 19, 20, 21, 22, 23, 24, 25, 26, 27, 28, 29, 30, 31, 32, 33, 34, 35, 36, 37]
sna_ss_text_ovl_alp.bmp					PS2: [0, 8, 17, 34, 59, 93, 102, 119, 128]					MC: [0, 1, 2, 3, 4, 5, 6, 7, 8, 9, 10, 11, 12, 13, 14, 15, 16, 17, 18, 19, 20, 21, 22, 23, 24, 25, 26, 27, 28, 29, 34, 35, 38, 40, 41, 42, 43, 44, 45, 47, 48, 49, 50, 51, 53, 54, 55, 57, 58, 59, 60, 61, 62, 63, 64, 66, 68, 69, 70, 71, 72, 73, 74, 75, 76, 77, 78, 79, 80, 83, 84, 87, 88, 91, 92, 95, 97, 98, 99, 101, 102, 103, 104, 105, 106, 107, 109, 112, 113, 114, 116, 118, 119, 120, 121, 123, 124, 125, 128, 131, 132, 133, 134, 137, 138, 139, 140, 142, 143, 145, 146, 148, 149, 150, 153, 154, 155, 156, 159, 163, 167, 169, 173]
sna_ss_thigh_ovl_add_alp.bmp					PS2: [0, 1, 2, 3, 4, 5, 6, 7, 8, 9, 10, 11, 12, 13, 14, 15, 16, 17, 18, 19, 20, 21, 22, 23, 24, 25, 26, 27, 28, 29, 30, 31, 32, 33, 34, 35, 36, 37, 38, 39, 40, 41, 42, 43, 45, 46, 47, 48, 49, 50, 51, 52, 53, 54, 55, 56, 57, 58, 59, 60]					MC: [0, 1, 2, 3, 4, 5, 6, 7, 8, 9, 10, 11, 12, 13, 14, 15, 16, 17, 18, 19, 20, 21, 22, 23, 24, 25, 26, 27, 28, 29, 30, 31, 32, 33, 34, 35, 36, 37, 38, 39, 40, 41, 42, 43, 44, 45, 46, 47, 48, 49, 50, 51, 52, 53, 54, 55, 56, 57, 58, 59, 60, 61, 62, 63, 64, 65, 66, 67, 68, 69, 70, 71, 72, 73, 74, 75, 76, 77, 78, 79, 80, 81, 82, 83, 84, 85, 88, 92]
sna_suit_fox_ovl_alp.bmp					PS2: [0, 1, 2, 4, 5, 8, 10, 12, 13, 14, 16, 18, 20, 22, 26, 27, 28, 29, 30, 31, 32, 35, 37, 38, 41, 43, 45, 47, 49, 50, 51, 52, 53, 55, 60, 61, 64, 65, 66, 67, 68, 71, 77, 78, 81, 86, 87, 88, 91, 94, 95, 97, 100, 101, 102, 103, 104, 105, 106, 107, 109, 111, 112, 113, 116, 117, 119, 120, 122, 123, 124, 125, 127, 128]					MC: [0, 1, 2, 3, 4, 5, 6, 7, 8, 9, 10, 11, 12, 13, 14, 15, 16, 18, 19, 21, 22, 23, 24, 25, 26, 27, 28, 30, 31, 32, 35, 37, 39, 40, 41, 42, 43, 44, 45, 47, 48, 49, 50, 51, 52, 54, 56, 57, 58, 59, 62, 64, 66, 67, 69, 70, 72, 74, 75, 77, 78, 80, 83, 85, 86, 90, 94, 96, 97, 98, 100, 101, 102, 104, 106, 107, 108, 110, 111, 112, 114, 116, 118, 119, 120, 121, 122, 123, 124, 126, 127, 128, 129, 130, 131, 132, 133, 134, 135, 136, 137, 138, 139, 140, 141, 143, 144, 146, 148, 149, 150, 151, 152, 153, 154]
sna_vr_hair_back_ovl_alp.bmp					PS2: [0, 1, 3, 4, 5, 6, 8, 9, 10, 11, 12, 13, 14, 15, 16, 17, 18, 20, 21, 22, 23, 24, 26, 27, 28, 30, 31, 32, 33, 34, 36, 38, 40, 41, 42, 45, 46, 48, 49, 52, 53, 54, 55, 56, 57, 58, 59, 60, 62, 63, 64, 65, 66, 67, 69, 70, 71, 72, 73, 74, 75, 76, 79, 80, 81, 84, 85, 86, 88, 89, 90, 91, 92, 93, 94, 95, 96, 98, 99, 100, 101, 103, 104, 105, 106, 107, 108, 109, 110, 111, 112, 113, 114, 115, 117, 118, 119, 120, 121, 122, 123, 124, 125, 126, 127, 128]					MC: [0, 1, 2, 3, 4, 5, 6, 7, 8, 9, 10, 11, 12, 13, 14, 15, 16, 17, 18, 19, 20, 21, 22, 23, 24, 25, 26, 27, 28, 29, 30, 31, 32, 33, 34, 35, 36, 37, 38, 39, 40, 41, 42, 43, 44, 45, 46, 47, 48, 49, 50, 51, 52, 53, 54, 55, 56, 57, 58, 59, 60, 61, 62, 63, 64, 65, 66, 67, 68, 69, 70, 71, 72, 73, 74, 75, 76, 77, 78, 79, 80, 81, 82, 83, 84, 85, 86, 87, 88, 89, 90, 91, 92, 93, 94, 95, 96, 97, 98, 99, 100, 101, 102, 103, 104, 105, 106, 107, 108, 109, 110, 111, 112, 113, 114, 115, 116, 117, 118, 119, 120, 121, 122, 123, 124, 125, 126, 127, 128, 129, 130, 131, 132, 133, 134, 135, 136, 137, 138, 139, 140, 141, 142, 143, 144, 145, 146, 147, 148, 150, 151, 155, 157]
sna_wor_def_boots1_ovl_sub_alp.bmp					PS2: [0, 5, 8, 10, 12, 14, 16, 18, 19, 22, 25, 28, 30, 33, 43, 58]					MC: [0, 1, 2, 3, 4, 5, 6, 7, 8, 9, 10, 11, 12, 13, 14, 15, 16, 17, 18, 19, 20, 21, 22, 23, 24, 25, 26, 27, 28, 29, 30, 31, 32, 35, 38, 39, 40, 41, 42, 43, 48, 54, 62, 69]
sna_wor_def_boots2_ovl_sub_alp.bmp					PS2: [0, 2, 6, 9, 11, 12, 14, 16, 18, 20, 22, 24, 28, 32, 39]					MC: [0, 1, 2, 3, 4, 5, 6, 7, 8, 9, 10, 11, 12, 13, 14, 15, 16, 17, 18, 19, 20, 21, 22, 23, 24, 25, 26, 27, 28, 30, 31, 32, 33, 34, 35, 38, 39, 40, 41, 42, 43, 44, 45, 46]
sna_wor_def_shatu_sub_ovl_alp.bmp					PS2: [0, 4, 7, 10, 13, 16, 18, 21, 22, 25, 28, 33, 37, 42, 47, 56]					MC: [0, 1, 2, 3, 4, 5, 6, 7, 8, 9, 10, 11, 12, 13, 14, 15, 16, 17, 18, 19, 20, 21, 22, 23, 24, 25, 26, 27, 28, 29, 30, 31, 32, 33, 34, 35, 36, 37, 38, 39, 40, 41, 42, 43, 44, 45, 46, 47, 48, 49, 50, 51, 52, 53, 54, 55, 56, 57, 58, 59, 60, 61, 62, 64, 65, 66, 67, 68]
sna_wor_white_armband_alp_ovl.bmp					PS2: [0, 8, 15, 26, 40, 52, 60, 68, 76, 87, 96]					MC: [0, 1, 2, 3, 4, 5, 6, 7, 8, 9, 10, 11, 12, 13, 14, 15, 16, 17, 18, 19, 20, 21, 22, 23, 24, 25, 26, 27, 28, 29, 30, 31, 32, 33, 34, 36, 37, 38, 39, 40, 41, 42, 43, 44, 45, 46, 47, 48, 49, 50, 51, 52, 53, 54, 55, 56, 57, 58, 59, 60, 62, 63, 64, 65, 66, 67, 68, 69, 70, 71, 72, 73, 74, 75, 76, 77, 78, 79, 80, 81, 82, 83, 84, 85, 86, 87, 88, 89, 90, 91, 92, 93, 94, 95, 96, 97, 98, 99, 100, 101, 102, 103, 104, 105, 106, 107, 108, 109, 110, 111, 112, 113, 114, 115, 116, 117, 118, 119, 120, 121, 122, 123, 124, 125, 126, 127, 128, 129, 130, 131, 133, 136, 137]
snok_label_alp_ovl.bmp					PS2: [0, 5, 6, 8, 9, 11, 12, 13, 14, 15, 19, 22, 26, 30, 32, 33, 37, 38, 39, 45, 46, 51]					MC: [0, 1, 2, 3, 4, 5, 6, 7, 8, 9, 10, 11, 12, 13, 14, 15, 16, 17, 18, 19, 20, 21, 22, 23, 24, 25, 26, 27, 28, 29, 30, 31, 32, 33, 34, 35, 36, 37, 38, 39, 40, 41, 42, 43, 44, 45, 46, 47, 48, 49, 50, 51, 52, 53, 54, 55, 56, 57, 58, 59, 60, 61, 62, 63, 64, 65, 66, 69, 70]
stone_boss_text00_alp_ovl.bmp					PS2: [0, 5, 10, 15, 20, 25, 30, 37, 44, 51, 55, 59, 65, 72, 77, 82]					MC: [0, 1, 2, 3, 4, 5, 6, 7, 8, 9, 10, 11, 12, 13, 14, 15, 16, 17, 18, 19, 20, 21, 22, 23, 24, 25, 26, 27, 28, 29, 30, 31, 32, 33, 34, 35, 36, 37, 38, 39, 40, 41, 42, 43, 44, 45, 46, 47, 48, 49, 50, 51, 52, 53, 54, 55, 56, 57, 58, 59, 60, 61, 62, 63, 64, 65, 66, 67, 68, 69, 70, 71, 72, 73, 74, 75, 76, 77, 78, 79, 80, 81, 82, 83, 84, 85, 86, 87, 88, 89, 90, 91, 92, 93, 94, 95, 96, 97, 98, 99, 100, 101, 102, 103, 104, 105, 106, 107, 108, 109, 110, 111, 112, 113, 114, 115, 116, 117, 118, 119, 120, 121, 122, 123, 124, 125, 126, 127, 128, 129, 130, 131, 133, 134]
stone_boss_text01_alp_ovl.bmp					PS2: [0, 5, 10, 15, 23, 30, 37, 44, 53, 62, 74, 82, 94, 101, 112, 126]					MC: [0, 1, 2, 3, 4, 5, 6, 7, 8, 9, 10, 11, 12, 13, 14, 15, 16, 17, 18, 19, 20, 21, 22, 23, 24, 25, 26, 27, 28, 29, 30, 31, 32, 33, 34, 35, 36, 37, 38, 39, 40, 41, 42, 43, 44, 45, 46, 47, 48, 49, 50, 51, 52, 53, 54, 55, 56, 57, 58, 59, 60, 61, 62, 63, 64, 65, 66, 67, 68, 69, 70, 71, 72, 73, 74, 75, 76, 77, 78, 79, 80, 81, 82, 83, 84, 85, 86, 87, 88, 89, 90, 91, 92, 93, 94, 95, 96, 97, 98, 99, 100, 101, 102, 103, 104, 105, 106, 107, 108, 109, 110, 111, 112, 113, 114, 115, 116, 117, 118, 119, 120, 121, 122, 123, 124, 125, 126, 127, 128, 129, 130, 131, 132, 133, 134, 135, 136, 137, 138, 139, 140, 141, 142, 143, 144, 145, 146, 147, 148, 149, 150, 151, 152, 153, 154, 155, 156, 157, 158, 159, 160, 161, 162, 163, 164, 165, 166, 167, 168, 169, 170, 171, 172, 174, 177, 179]
storehouse_brkpaper00_alp_ovl.bmp					PS2: [0, 22, 41, 60, 80, 106, 126]					MC: [0, 1, 2, 3, 4, 5, 6, 7, 8, 9, 10, 11, 12, 13, 14, 15, 16, 17, 18, 19, 20, 21, 22, 23, 24, 25, 26, 27, 28, 29, 30, 31, 32, 33, 34, 35, 36, 37, 38, 39, 40, 41, 42, 43, 44, 45, 46, 47, 48, 49, 50, 51, 52, 53, 54, 55, 56, 57, 58, 59, 60, 61, 62, 63, 64, 65, 66, 67, 68, 69, 70, 71, 72, 73, 74, 75, 76, 77, 78, 79, 80, 81, 82, 83, 84, 85, 86, 87, 88, 89, 90, 91, 92, 93, 94, 95, 96, 97, 98, 99, 100, 101, 102, 103, 104, 105, 106, 107, 108, 109, 110, 111, 112, 113, 114, 115, 116, 117, 118, 119, 120, 121, 122, 123, 124, 125, 126, 127, 128, 129, 130, 131, 132, 133, 134, 135, 136, 137, 138, 139, 140, 141, 142, 143, 144, 145, 146, 147, 148, 149, 150, 151, 152, 154, 155]
storehouse_mark00_alp_ovl.bmp					PS2: [0, 5, 11, 21, 27, 29, 36, 40, 43, 51, 59, 64, 69]					MC: [0, 1, 2, 3, 4, 5, 6, 7, 8, 9, 10, 11, 12, 13, 14, 15, 16, 17, 18, 19, 20, 21, 22, 23, 24, 25, 26, 27, 28, 29, 30, 31, 32, 33, 34, 35, 36, 37, 38, 39, 40, 41, 42, 43, 44, 45, 46, 47, 48, 49, 50, 51, 52, 53, 54, 55, 56, 57, 58, 59, 60, 61, 62, 63, 64, 65, 66, 67, 68, 69, 70, 71, 72, 73, 74, 75, 76, 77, 78, 79, 80, 81, 82, 83, 84, 85, 86, 87, 88, 89, 90, 91, 92, 93, 94, 95, 96, 97, 98, 99, 100, 101, 102, 103, 104, 105, 106, 107, 108, 109, 111]
storehouse_mark00_alp_ovl.bmp_51cc6e37cbeb7c61ba2a78e75ea736be					PS2: [0, 5, 11, 18, 24, 26, 29, 36, 40, 43, 51, 59, 64, 69]					MC: [0, 1, 2, 3, 4, 5, 6, 7, 8, 9, 10, 11, 12, 13, 14, 15, 16, 17, 18, 19, 20, 21, 22, 23, 24, 25, 26, 27, 28, 29, 30, 31, 32, 33, 34, 35, 36, 37, 38, 39, 40, 41, 42, 43, 44, 45, 46, 47, 48, 49, 50, 51, 52, 53, 54, 55, 56, 57, 58, 59, 60, 61, 62, 63, 64, 65, 66, 67, 68, 69, 70, 71, 72, 73, 74, 75, 76, 77, 78, 79, 80, 81, 82, 83, 84, 85, 86, 87, 88, 89, 90, 91, 92, 93, 94, 95, 96, 97, 98, 99, 100, 101, 102, 103, 104, 105, 106, 107, 108, 112, 116]
storehouse_mark00_alp_ovl.bmp_552ab5134217f9add4668bc3dabd5e7f					PS2: [0, 5, 11, 21, 26, 29, 36, 40, 43, 51, 58, 64, 69]					MC: [0, 1, 2, 3, 4, 5, 6, 7, 8, 9, 10, 11, 12, 13, 14, 15, 16, 17, 18, 19, 20, 21, 22, 23, 24, 25, 26, 27, 28, 29, 30, 31, 32, 33, 34, 35, 36, 37, 38, 39, 40, 41, 42, 43, 44, 45, 46, 47, 48, 49, 50, 51, 52, 53, 54, 55, 56, 57, 58, 59, 60, 61, 62, 63, 64, 65, 66, 67, 68, 69, 70, 71, 72, 73, 74, 75, 76, 77, 78, 79, 80, 81, 82, 83, 84, 85, 86, 87, 88, 89, 90, 91, 92, 93, 94, 95, 96, 97, 98, 99, 100, 101, 102, 103, 104, 105, 106, 108, 109, 111]
storehouse_sdwbrk01_alp_ovl.bmp					PS2: [0, 4, 9, 15, 22, 27, 32, 40, 51, 59, 65, 70, 74, 80]					MC: [0, 1, 2, 3, 4, 5, 6, 7, 8, 9, 10, 11, 12, 13, 14, 15, 16, 17, 18, 19, 20, 21, 22, 23, 24, 25, 26, 27, 28, 29, 30, 31, 32, 33, 34, 35, 36, 37, 38, 39, 40, 41, 42, 43, 44, 45, 46, 47, 48, 49, 50, 51, 52, 53, 54, 55, 56, 57, 58, 59, 60, 61, 62, 63, 64, 65, 66, 67, 68, 69, 70, 71, 72, 73, 74, 75, 76, 77, 78, 79, 80, 81, 82, 83, 84, 85, 86, 89, 90, 92, 93, 95, 96]
stun_label_alp_ovl.bmp					PS2: [0, 5, 6, 8, 9, 10, 11, 12, 13, 14, 15, 19, 22, 25, 26, 30, 32, 33, 37, 38, 39, 45, 46, 51]					MC: [0, 1, 2, 3, 4, 5, 6, 7, 8, 9, 10, 11, 12, 13, 14, 15, 16, 17, 18, 19, 20, 21, 22, 23, 24, 25, 26, 27, 28, 29, 30, 31, 32, 33, 34, 35, 36, 37, 38, 39, 40, 41, 42, 43, 44, 45, 46, 47, 48, 49, 50, 51, 52, 53, 54, 55, 56, 57, 58, 59, 60, 61, 62, 63, 65, 66, 69, 70]
t20d_shitakusa_ik_alp_ovl.bmp					PS2: [0, 8, 17, 25, 34, 42, 51, 59, 68, 76, 85, 93, 102, 110, 119, 128]					MC: [0, 1, 2, 3, 4, 5, 6, 7, 8, 9, 10, 11, 12, 13, 14, 15, 16, 17, 18, 19, 20, 21, 22, 23, 24, 25, 26, 27, 28, 29, 30, 31, 32, 33, 34, 35, 36, 37, 39, 40, 41, 42, 43, 44, 45, 46, 47, 48, 49, 50, 52, 53, 54, 55, 56, 57, 58, 59, 60, 61, 62, 63, 65, 66, 67, 68, 69, 71, 73, 74, 76, 77, 78, 79, 82, 83, 84, 85, 86, 87, 88, 90, 91, 92, 93, 94, 95, 96, 97, 99, 101, 102, 103, 105, 107, 108, 109, 110, 111, 112, 113, 115, 116, 117, 118, 119, 120, 121, 122, 123, 124, 125, 126, 127, 128, 129, 130, 131, 132, 133, 134, 135, 136, 137, 138, 139, 140, 141, 142, 143, 144, 145, 146, 147, 148, 149, 150, 151, 152, 154, 163]
taiya_sub_ovl_alp.bmp					PS2: [0, 9, 10, 13, 14, 15, 16, 17, 18, 19, 20, 21, 22, 23, 24, 25, 26, 27, 28, 29, 30, 31, 32, 33, 34, 35, 36, 37, 38, 39, 40, 41, 42, 43, 44, 45, 46, 47, 48, 49, 50, 51, 52, 53, 54, 55, 56, 57, 58, 59, 60, 61, 62, 63, 64]					MC: [0, 1, 4, 5, 8, 9, 10, 11, 12, 13, 14, 15, 16, 17, 18, 19, 20, 21, 22, 23, 24, 25, 26, 27, 28, 29, 30, 31, 32, 33, 34, 35, 36, 37, 38, 39, 40, 41, 42, 43, 44, 45, 46, 47, 48, 49, 50, 51, 52, 53, 54, 55, 56, 57, 58, 59, 60, 61, 62, 63, 64, 65, 66, 67, 68, 69, 70, 71, 72, 73, 74, 75, 76, 77, 78, 79]
tape_alp_ovl.bmp					PS2: [0, 33, 79, 80]					MC: [0, 1, 2, 3, 4, 6, 8, 9, 10, 11, 12, 13, 14, 15, 18, 19, 21, 22, 23, 24, 25, 26, 27, 28, 29, 30, 33, 35, 36, 37, 43, 44, 47, 48, 51, 53, 56, 58, 60, 61, 62, 63, 64, 65, 67, 68, 69, 70, 71, 72, 74, 75, 76, 77, 78, 79, 80, 81, 82, 83, 85, 86, 87, 88, 89, 90, 91, 92, 93, 94, 96]
teallamp_radiation_ovl_alp.bmp					PS2: [0, 8, 19, 28, 35, 41, 43, 47, 53, 60, 68, 77, 84, 89]					MC: [0, 1, 2, 3, 4, 8, 9, 10, 11, 12, 13, 14, 15, 16, 17, 18, 19, 20, 21, 22, 23, 24, 25, 26, 27, 28, 29, 30, 31, 32, 33, 34, 35, 36, 37, 38, 39, 40, 41, 42, 43, 44, 45, 46, 47, 48, 49, 50, 51, 52, 53, 54, 55, 56, 57, 58, 59, 60, 61, 62, 63, 64, 65, 66, 67, 68, 69, 70, 71, 72, 73, 74, 75, 76, 77, 78, 79, 80, 81, 82, 83, 84, 85, 86, 87, 88, 89, 90, 91, 92]
text_red00_alp_ovl.bmp					PS2: [0, 3, 8, 9, 11, 15, 20, 26, 32, 38, 44, 50, 56, 62, 68, 69]					MC: [0, 1, 2, 3, 4, 5, 6, 7, 8, 9, 10, 11, 12, 13, 14, 15, 16, 17, 18, 19, 20, 21, 22, 23, 24, 25, 26, 27, 28, 29, 30, 31, 32, 33, 34, 35, 36, 37, 38, 39, 40, 41, 42, 43, 44, 45, 46, 47, 48, 49, 50, 51, 52, 53, 54, 55, 56, 57, 58, 59, 60, 61, 62, 63, 64, 65, 66, 67, 68, 69, 70, 71, 72, 73, 74, 75, 76, 77, 78, 79, 80, 81, 82, 83, 84, 85, 86, 87, 88, 89, 90, 91, 92, 93, 94, 95, 96, 97, 98, 99, 100, 101, 102, 103, 104, 105, 106, 107, 108, 109, 110, 111, 112, 113, 114, 115, 116, 118]
thu_body_def_sub_ovl_alp.bmp					PS2: [0, 1, 2, 3, 4, 5, 6, 7, 8, 9, 10, 11, 12, 13, 14, 15, 16, 17, 18, 19, 20, 21, 22, 23, 24, 25, 26, 27, 28, 29, 30, 31, 32, 33, 34, 35, 36, 37, 38, 39, 40, 41, 42, 43, 44, 45, 46, 47, 48, 49, 50, 51, 52, 53, 54, 55, 56, 57, 58, 59, 60, 61, 62, 63, 64, 65, 66, 67, 68, 69, 70, 71, 72, 73, 74, 75, 76, 77, 78, 80, 81, 82]					MC: [0, 1, 2, 3, 4, 5, 6, 7, 8, 9, 10, 11, 12, 13, 14, 15, 16, 17, 18, 19, 20, 21, 22, 23, 24, 25, 26, 27, 28, 29, 30, 31, 32, 33, 34, 35, 36, 37, 38, 39, 40, 41, 42, 43, 44, 45, 46, 47, 48, 49, 50, 51, 52, 53, 54, 55, 56, 57, 58, 59, 60, 61, 62, 63, 64, 65, 66, 67, 68, 69, 70, 71, 72, 73, 74, 75, 76, 77, 78, 79, 80, 81, 82, 83, 84, 85, 86, 87, 88, 89, 90, 91, 94]
thu_mgs3_body_rog_ovl_alp.bmp					PS2: [0, 1, 2, 3, 5, 6, 7, 8, 9, 10, 11, 12, 13, 14, 15, 16, 17, 18, 19, 20, 29, 30, 32, 33, 34, 35, 36, 37, 38, 39, 40, 41, 42, 43, 44, 45, 46, 47, 48, 49, 50, 51, 52, 53, 54, 55, 56, 57, 58, 59, 60, 61, 62, 63, 64, 65, 66, 67, 68, 69, 70, 71, 72, 73, 74, 75, 76, 77, 78, 79, 80, 81, 83, 84, 85, 86, 87, 88, 89, 90, 92, 95, 97, 98, 99, 100, 102, 103, 104, 106, 109, 110, 111, 112, 113, 114, 115, 116, 117, 118, 119, 120, 121, 122, 123, 124, 125, 126]					MC: [0, 1, 2, 3, 4, 5, 6, 7, 8, 9, 10, 11, 12, 13, 14, 15, 16, 17, 18, 19, 20, 21, 22, 23, 24, 25, 26, 27, 28, 29, 30, 31, 32, 33, 34, 35, 36, 37, 38, 40, 41, 42, 43, 44, 45, 46, 47, 48, 49, 50, 51, 52, 53, 54, 55, 56, 57, 58, 59, 60, 61, 62, 63, 64, 65, 66, 67, 68, 69, 70, 71, 72, 73, 74, 75, 76, 77, 79, 80, 81, 82, 83, 84, 85, 86, 87, 88, 89, 90, 91, 93, 94, 95, 96, 97, 98, 99, 100, 101, 102, 103, 104, 105, 106, 107, 108, 111, 113, 114, 115, 118, 119, 122, 123, 124, 126, 129, 130, 131, 132, 133, 134, 135, 136, 137, 138, 139, 140, 141, 142, 143, 144, 146, 147, 149, 150, 151, 152, 153, 154, 155, 157, 158, 159, 160, 161, 162, 163, 165, 166, 169, 176, 179]
thu_mgs3_face_hard_sub_ovl_alpx2.bmp					PS2: [0, 6, 16, 27, 39, 53, 67]					MC: [0, 2, 3, 5, 6, 7, 8, 15, 16, 17, 18, 25, 26, 27, 28, 37, 38, 39, 50, 51, 52, 53, 63, 64, 65, 66, 67]
thu_mtg_alp_ovl.bmp					PS2: [0, 1, 2, 3, 4, 5, 6, 7, 8, 9, 10, 11, 12, 13, 14, 15, 16, 17, 18, 19, 20, 21, 22, 23, 24, 25, 26, 27, 28, 29, 30, 31, 32, 33, 34, 35, 36, 37, 38, 39, 40, 41, 42, 43, 44, 45, 46, 47, 48, 49, 50, 51, 52, 53, 54, 55, 56, 57, 58, 59, 60, 61, 62, 63, 64, 65, 66, 67, 68, 69, 70, 71, 72, 73, 74, 75, 76, 78, 79, 80, 81, 82, 83, 85, 87, 89, 90]					MC: [0, 1, 2, 3, 4, 5, 6, 7, 8, 9, 10, 11, 12, 13, 14, 15, 16, 17, 18, 19, 20, 21, 22, 23, 24, 25, 26, 27, 28, 29, 30, 31, 32, 33, 34, 35, 36, 37, 38, 39, 40, 41, 42, 43, 44, 45, 46, 47, 48, 49, 50, 51, 52, 53, 54, 55, 56, 57, 58, 59, 60, 61, 62, 63, 64, 65, 66, 67, 68, 69, 70, 71, 72, 73, 74, 75, 76, 77, 78, 79, 80, 81, 82, 83, 84, 85, 86, 87, 88, 89, 90, 91, 93, 94, 95, 96, 98]
tr_kage01_alp_ovl.bmp					PS2: [0, 1, 2, 3, 4, 5, 6, 7, 8, 10, 11, 12, 14, 15, 16, 17, 18, 19, 20, 21, 22, 23, 24, 25, 26, 27, 28, 29, 30, 31, 32, 33, 34, 35, 36, 37, 38, 39, 40, 41, 42, 43, 45, 46, 47, 48, 49, 50, 51, 52, 53, 54, 55, 56, 57, 58, 59, 60, 61, 62, 63, 64, 65, 66, 67, 68, 69, 70, 71, 72, 73, 74, 75, 76, 77, 78, 79, 80, 81, 82, 83, 84, 85, 86, 87, 88, 89, 90, 91, 92, 93, 94, 95, 96, 97, 98, 99, 100, 101, 102, 103, 104, 105, 106, 107, 108]					MC: [0, 1, 2, 3, 4, 5, 6, 7, 8, 9, 10, 11, 12, 13, 14, 15, 16, 17, 18, 19, 20, 21, 22, 23, 24, 25, 26, 27, 28, 29, 30, 31, 32, 33, 34, 35, 36, 37, 38, 39, 40, 41, 42, 43, 44, 45, 46, 47, 48, 49, 50, 51, 52, 53, 54, 55, 56, 57, 58, 59, 60, 61, 62, 63, 64, 65, 66, 67, 68, 69, 70, 71, 72, 73, 74, 75, 76, 77, 78, 79, 80, 81, 82, 83, 84, 85, 86, 87, 88, 89, 90, 91, 92, 93, 94, 95, 96, 97, 98, 99, 100, 101, 102, 103, 104, 105, 106, 107, 108, 109, 110]
tr_kage01_alp_ovl.bmp_24edcc8d309aca356af26bbd0f032127					PS2: [0, 1, 2, 5, 8, 13, 19, 27, 35, 48, 60, 72, 81, 90, 97, 100, 101, 103, 106, 107, 108, 110, 113]					MC: [0, 1, 2, 3, 4, 5, 6, 7, 8, 9, 10, 11, 12, 13, 14, 15, 16, 17, 18, 19, 20, 21, 22, 23, 24, 25, 26, 27, 28, 29, 30, 31, 32, 33, 34, 35, 36, 37, 38, 39, 40, 41, 42, 43, 44, 45, 46, 47, 48, 49, 50, 51, 52, 53, 54, 55, 56, 57, 58, 59, 60, 61, 62, 63, 64, 65, 66, 67, 68, 69, 70, 71, 72, 73, 74, 75, 76, 77, 78, 79, 80, 81, 82, 83, 84, 85, 86, 87, 88, 89, 90, 91, 92, 93, 94, 95, 96, 97, 98, 99, 100, 101, 102, 103, 104, 105, 106, 107, 108, 109, 110, 111, 112, 113, 114, 115]
tr_kage01_alp_ovl.bmp_8de73370a77ed88daf066e07b3d305c5					PS2: [0, 1, 2, 3, 4, 5, 6, 7, 8, 9, 10, 11, 12, 13, 14, 15, 16, 17, 18, 19, 22, 23, 24, 26, 27, 28, 29, 30, 31, 32, 33, 34, 35, 39, 40, 41, 42, 44, 45, 48, 49, 50, 51, 52, 53, 54, 55, 57, 58, 60, 62, 63, 64, 65, 66, 67, 68, 69, 70, 72, 73, 74, 75, 76, 77, 78, 79, 80, 81, 83, 85, 86, 87, 88, 89, 90, 91, 92, 93, 94, 95, 96, 97, 98, 99, 100, 101, 102, 103, 104, 105, 106, 107, 108]					MC: [0, 1, 2, 3, 4, 5, 6, 7, 8, 9, 10, 11, 12, 13, 14, 15, 16, 17, 18, 19, 20, 21, 22, 23, 24, 25, 26, 27, 28, 29, 30, 31, 32, 33, 34, 35, 36, 37, 39, 40, 41, 42, 43, 44, 45, 46, 47, 48, 49, 51, 52, 53, 54, 55, 56, 57, 58, 59, 60, 61, 62, 63, 64, 65, 66, 67, 68, 69, 70, 71, 72, 73, 74, 75, 76, 77, 78, 79, 80, 81, 82, 83, 84, 85, 86, 87, 88, 89, 90, 91, 92, 93, 94, 95, 96, 97, 98, 99, 100, 101, 102, 103, 104, 105, 106, 107, 108, 109, 110, 111, 113]
tr_kage02_alp_ovl.bmp					PS2: [0, 1, 2, 3, 4, 5, 6, 7, 8, 9, 10, 11, 12, 13, 14, 15, 16, 17, 18, 19, 20, 21, 23, 24, 25, 26, 27, 28, 29, 30, 31, 32, 33, 34, 35, 36, 37, 38, 39, 40, 41, 42, 43, 44, 45, 46, 47, 48, 49, 50, 51, 52, 53, 54, 55, 56, 57, 58, 59, 60, 61, 62, 63, 64, 65, 66, 67, 68, 69, 70, 71, 72, 73, 74, 75, 76, 77, 78, 79, 80, 81, 82, 83, 84, 85, 86, 87, 88, 89, 90, 91, 92, 93, 94, 95, 96, 97, 98, 99, 100, 101, 102, 103, 104, 105, 106, 107, 108, 109, 110]					MC: [0, 1, 2, 3, 4, 5, 6, 7, 8, 9, 10, 11, 12, 13, 14, 15, 16, 17, 18, 19, 20, 21, 22, 23, 24, 25, 26, 27, 28, 29, 30, 31, 32, 33, 34, 35, 36, 37, 38, 39, 40, 41, 42, 43, 44, 45, 46, 47, 48, 49, 50, 51, 52, 53, 54, 55, 56, 57, 58, 59, 60, 61, 62, 63, 64, 65, 66, 67, 68, 69, 70, 71, 72, 73, 74, 75, 76, 77, 78, 79, 80, 81, 82, 83, 84, 85, 86, 87, 88, 89, 90, 91, 92, 93, 94, 95, 96, 97, 98, 99, 100, 101, 102, 103, 104, 105, 106, 107, 108, 109, 110, 111, 112]
tr_kage02_alp_ovl.bmp_122b310f446da5513b21d5bb172366d9					PS2: [0, 1, 2, 4, 6, 9, 15, 23, 36, 47, 59, 69, 78, 83, 90, 95, 99, 101, 103, 106, 107, 108, 110]					MC: [0, 1, 2, 3, 4, 5, 6, 7, 8, 9, 10, 11, 12, 13, 14, 15, 16, 17, 18, 19, 20, 21, 22, 23, 24, 25, 26, 27, 28, 29, 30, 31, 32, 33, 34, 35, 36, 37, 38, 39, 40, 41, 42, 43, 44, 45, 46, 47, 48, 49, 50, 51, 52, 53, 54, 55, 56, 57, 58, 59, 60, 61, 62, 63, 64, 65, 66, 67, 68, 69, 70, 71, 72, 73, 74, 75, 76, 77, 78, 79, 80, 81, 82, 83, 84, 85, 86, 87, 88, 89, 90, 91, 92, 93, 94, 95, 96, 97, 98, 99, 100, 101, 102, 103, 104, 105, 106, 107, 108, 109, 110, 111, 112, 113, 114, 115]
tr_kage02_alp_ovl.bmp_50a362d4da41361aaef78b9a805082a4					PS2: [0, 1, 2, 3, 4, 5, 6, 7, 8, 9, 10, 11, 12, 13, 14, 15, 16, 17, 18, 20, 21, 22, 23, 24, 25, 26, 27, 28, 29, 30, 31, 32, 33, 34, 35, 36, 37, 38, 39, 40, 41, 44, 45, 46, 47, 48, 49, 51, 52, 53, 55, 56, 57, 59, 60, 61, 62, 66, 67, 68, 69, 70, 71, 72, 73, 74, 75, 76, 77, 78, 79, 80, 81, 82, 83, 84, 86, 87, 88, 89, 90, 91, 92, 93, 94, 95, 96, 97, 98, 99, 100, 101, 102, 103, 104, 105, 106, 107, 108, 109, 110, 111]					MC: [0, 1, 2, 3, 4, 5, 6, 7, 8, 9, 10, 11, 12, 13, 14, 15, 16, 17, 18, 19, 20, 21, 22, 23, 24, 25, 26, 27, 28, 29, 30, 31, 32, 33, 34, 35, 36, 37, 38, 39, 40, 41, 42, 43, 44, 45, 46, 47, 48, 49, 50, 51, 52, 53, 54, 55, 56, 57, 58, 59, 60, 61, 62, 63, 64, 65, 66, 67, 68, 70, 71, 72, 73, 74, 75, 76, 77, 78, 79, 80, 81, 82, 83, 84, 85, 86, 87, 88, 89, 90, 91, 92, 93, 94, 95, 96, 97, 98, 99, 100, 101, 102, 103, 104, 105, 106, 107, 108, 109, 110, 111, 112]
tr_kage03_alp_ovl.bmp					PS2: [0, 1, 2, 3, 4, 5, 6, 7, 8, 9, 10, 11, 12, 13, 14, 15, 16, 17, 19, 21, 22, 23, 24, 26, 27, 28, 29, 30, 34, 35, 36, 37, 38, 39, 40, 41, 42, 43, 44, 45, 46, 48, 49, 50, 52, 53, 56, 57, 60, 61, 62, 63, 65, 66, 70, 71, 72, 73, 74, 75, 76, 77, 80, 81, 82, 83, 84, 86, 87, 89, 90, 91, 92, 93, 95, 96, 97, 98, 99, 100, 101, 102, 103, 104, 105, 106, 107, 108, 109, 110, 111]					MC: [0, 1, 2, 3, 4, 5, 6, 7, 8, 9, 10, 11, 12, 13, 14, 15, 16, 17, 18, 19, 20, 21, 22, 23, 24, 25, 26, 27, 28, 29, 30, 31, 32, 33, 34, 35, 36, 37, 38, 39, 40, 41, 42, 43, 44, 45, 46, 47, 48, 49, 50, 51, 52, 53, 54, 55, 56, 57, 58, 59, 62, 63, 64, 65, 66, 67, 68, 69, 70, 71, 72, 73, 74, 75, 76, 77, 78, 79, 80, 81, 82, 83, 84, 85, 86, 87, 88, 89, 90, 91, 92, 93, 94, 95, 96, 97, 98, 99, 100, 101, 102, 103, 104, 105, 106, 107, 108, 109, 110, 111, 112, 113]
tr_kage04_alp_ovl.bmp					PS2: [0, 1, 2, 3, 4, 5, 6, 7, 9, 11, 12, 13, 14, 16, 19, 20, 22, 24, 26, 28, 29, 31, 32, 33, 34, 36, 37, 38, 40, 41, 42, 43, 44, 45, 46, 47, 48, 49, 50, 51, 52, 53, 54, 55, 56, 57, 58, 59, 60, 61, 62, 63, 64]					MC: [0, 1, 2, 3, 4, 5, 6, 7, 8, 9, 10, 11, 13, 14, 15, 16, 17, 18, 19, 20, 21, 22, 23, 24, 25, 26, 27, 28, 30, 31, 32, 33, 34, 35, 36, 37, 38, 39, 40, 41, 42, 43, 44, 45, 46, 47, 48, 49, 50, 51, 52, 53, 54, 55, 56, 57, 58, 59, 60, 61, 62, 63, 64, 65]
tsu_def_body_ovl_sub_alp.bmp					PS2: [0, 4, 6, 8, 10, 11, 13, 15, 17, 20, 24, 28, 32, 36, 47, 128]					MC: [0, 1, 2, 3, 4, 5, 6, 7, 8, 9, 10, 11, 12, 13, 14, 15, 16, 17, 18, 19, 20, 21, 22, 23, 24, 25, 26, 27, 28, 29, 30, 31, 32, 33, 34, 35, 36, 37, 38, 39, 40, 41, 42, 43, 44, 45, 46, 47, 48, 49, 50, 51, 52, 53, 54, 55, 56, 57, 58, 60, 106, 141]
usu_tree_branch00_alp_ovl.bmp					PS2: [0, 26, 61, 92, 126, 128]					MC: [0, 1, 2, 3, 4, 5, 6, 7, 8, 9, 10, 11, 12, 13, 14, 15, 16, 17, 18, 19, 20, 21, 22, 23, 24, 25, 26, 27, 28, 29, 30, 31, 32, 33, 34, 35, 36, 37, 38, 39, 40, 41, 42, 43, 44, 45, 46, 47, 48, 49, 50, 51, 52, 53, 54, 55, 56, 57, 58, 59, 60, 61, 62, 63, 64, 65, 66, 67, 68, 69, 70, 71, 72, 73, 74, 75, 76, 77, 78, 79, 80, 81, 82, 83, 84, 85, 86, 87, 88, 89, 90, 91, 92, 93, 94, 95, 96, 97, 98, 99, 100, 101, 102, 103, 104, 105, 106, 107, 108, 109, 110, 111, 112, 113, 114, 115, 116, 117, 118, 119, 120, 121, 122, 123, 124, 125, 126, 127, 128, 129, 130, 131, 132, 133, 134, 135, 136, 137, 138, 139, 140, 141, 142, 143, 144, 145, 146, 147, 148, 149, 150, 151, 152, 153, 154, 155, 156, 157, 158, 159, 160, 161, 162, 163, 164, 165, 166, 167, 168, 169, 170, 171, 172, 173, 174, 175, 176, 177, 178, 179, 182]
usu_tree_branch01_alp_ovl.bmp					PS2: [0, 3, 5, 8, 11, 14, 19, 24, 28, 31, 32, 34, 36, 38, 40, 41, 43, 44, 47, 48, 50, 51, 53, 54, 55, 57, 59, 62, 63, 64, 67, 68, 69, 70, 71, 72, 73, 76, 77, 79, 80, 81, 82, 83, 84, 85, 86, 87, 89, 90, 92, 93, 94, 95, 96, 97, 98, 99, 100, 101, 103, 104, 105, 106, 107, 108, 109, 110, 111, 112, 113, 114, 115, 116, 117, 118, 119, 120, 123, 124, 125, 126, 127, 128]					MC: [0, 1, 2, 3, 4, 5, 6, 7, 8, 9, 10, 11, 12, 13, 14, 15, 16, 17, 18, 19, 20, 21, 22, 23, 24, 25, 26, 27, 28, 29, 30, 31, 32, 33, 34, 35, 36, 37, 38, 39, 40, 41, 42, 43, 44, 45, 46, 47, 48, 49, 50, 51, 52, 53, 54, 55, 56, 57, 58, 59, 60, 61, 62, 63, 64, 65, 66, 67, 68, 69, 70, 71, 72, 73, 74, 75, 76, 77, 78, 79, 80, 81, 82, 83, 84, 85, 86, 87, 88, 89, 90, 91, 92, 93, 94, 95, 96, 97, 98, 99, 100, 101, 102, 103, 104, 105, 106, 107, 108, 109, 110, 111, 112, 113, 114, 115, 116, 117, 118, 119, 120, 121, 122, 123, 124, 125, 126, 127, 128, 129, 130, 131, 132, 133, 134, 135, 136, 137, 138, 139, 140, 141, 142, 143, 144, 145, 146, 147, 148, 149, 150, 151, 152, 153, 154, 155, 156, 157, 158, 159, 160, 161, 162, 163, 164, 165, 166, 167, 168, 170, 171]
v000a_kinokatamari_a01_alp_ovl_rep.bmp_86187137555744c273e17dd4a431d1a2					PS2: [0, 53, 75, 96, 113, 116, 123, 124, 125, 126]					MC: [0, 1, 2, 3, 4, 5, 6, 7, 8, 46, 47, 48, 49, 50, 51, 52, 53, 54, 55, 56, 57, 67, 68, 69, 70, 71, 72, 73, 74, 75, 76, 77, 78, 79, 80, 81, 82, 83, 88, 89, 90, 91, 92, 93, 94, 95, 96, 97, 98, 99, 100, 101, 102, 103, 104, 105, 106, 107, 108, 109, 110, 111, 112, 113, 114, 115, 116, 117, 118, 119, 120, 121, 122, 123, 124, 125, 126, 127, 128, 129, 130, 131, 132]
v000a_kinokatamari_a03_alp_ovl_rep.bmp					PS2: [0, 4, 45, 89, 90, 128]					MC: [0, 1, 2, 3, 4, 5, 6, 7, 8, 9, 36, 37, 38, 39, 40, 41, 42, 43, 44, 45, 46, 47, 48, 49, 50, 52, 53, 54, 82, 83, 84, 85, 86, 87, 88, 89, 90, 91, 92, 93, 94, 123, 124, 125, 126, 127, 128, 129, 130, 131, 132, 134]
v000a_kinokatamari_a03_alp_ovl_rep.bmp_d9ec09aa2448dfac3e0b72eca57e0034					PS2: [0, 16, 35, 54, 77, 99, 101, 116, 127, 128]					MC: [0, 1, 2, 3, 4, 11, 13, 14, 15, 16, 17, 18, 19, 20, 21, 28, 29, 30, 32, 33, 34, 35, 36, 37, 38, 39, 42, 47, 48, 49, 50, 51, 52, 53, 54, 55, 56, 57, 58, 59, 69, 70, 71, 72, 73, 74, 75, 76, 77, 78, 79, 80, 81, 82, 83, 84, 85, 92, 93, 95, 96, 97, 98, 99, 100, 101, 102, 103, 104, 105, 106, 107, 108, 109, 110, 111, 112, 113, 114, 115, 116, 117, 118, 119, 120, 121, 122, 123, 124, 125, 126, 127, 128, 129, 130, 131]
vip_def_ovl_sub_alp_ovl.bmp					PS2: [0, 4, 8, 11, 14, 18, 23, 28, 34, 41, 48, 55, 62, 70, 78, 90]					MC: [0, 1, 2, 3, 4, 5, 6, 7, 8, 9, 10, 11, 12, 13, 14, 15, 16, 17, 18, 19, 20, 21, 22, 23, 24, 25, 26, 27, 28, 29, 30, 31, 32, 33, 34, 35, 36, 37, 38, 39, 40, 41, 42, 43, 44, 45, 46, 47, 48, 49, 50, 51, 52, 53, 54, 55, 56, 57, 58, 59, 60, 61, 62, 63, 64, 65, 66, 67, 68, 69, 70, 71, 72, 73, 74, 75, 76, 77, 78, 79, 80, 81, 82, 83, 84, 85, 86, 87, 88, 89, 90, 91, 92, 93, 94, 95, 96, 97, 98, 99, 100, 101, 102, 103, 104, 105, 106, 108, 109, 110, 111, 112, 113, 115, 117, 131]
vva_break_enjin_a_alp_ovl.bmp_3c979f2fb85143b69118752a5d02b578					PS2: [0, 13, 24, 35, 44, 55, 64, 71, 80, 88, 94, 101, 111, 118, 123, 128]					MC: [0, 1, 2, 3, 4, 5, 6, 7, 8, 9, 10, 11, 12, 13, 14, 15, 16, 17, 18, 19, 20, 21, 22, 23, 24, 25, 26, 27, 28, 29, 30, 31, 32, 33, 34, 35, 36, 37, 38, 39, 40, 41, 42, 43, 44, 45, 46, 47, 48, 49, 50, 51, 52, 53, 54, 55, 56, 57, 58, 59, 60, 61, 62, 63, 64, 65, 66, 67, 68, 69, 70, 71, 72, 73, 74, 75, 76, 77, 78, 79, 80, 81, 82, 83, 84, 85, 86, 87, 88, 89, 90, 91, 92, 93, 94, 95, 96, 97, 98, 99, 100, 101, 102, 103, 104, 105, 106, 107, 108, 109, 110, 111, 112, 113, 114, 115, 116, 117, 118, 119, 120, 121, 122, 123, 124, 125, 126, 127, 128, 129, 130, 131, 132, 133, 134, 135, 136, 137, 138, 139, 140, 141, 142, 143, 144, 145, 146, 147, 148, 149, 150, 151, 153, 155]
vva_shadow_f_alp_add_ovl.bmp					PS2: [0, 7, 12, 15, 20, 23, 27, 30, 34, 37, 42, 45, 50, 52]					MC: [0, 1, 2, 3, 4, 5, 6, 7, 8, 9, 10, 11, 12, 13, 14, 15, 16, 17, 18, 19, 20, 21, 22, 23, 24, 25, 26, 27, 28, 29, 30, 31, 32, 33, 34, 35, 36, 37, 38, 39, 40, 41, 42, 43, 44, 45, 46, 47, 48, 49, 50, 51, 52, 53, 54, 55, 56, 57]
w122a_font_alp_ovl_01.bmp					PS2: [0, 12, 18, 24, 37, 45, 53, 62, 71, 76, 81, 87, 94, 100, 102, 108]					MC: [0, 1, 2, 3, 4, 5, 6, 7, 8, 9, 10, 11, 12, 13, 14, 15, 16, 17, 18, 19, 20, 21, 22, 23, 24, 25, 26, 27, 28, 29, 30, 31, 32, 33, 34, 35, 36, 37, 38, 39, 40, 41, 42, 43, 44, 45, 46, 47, 48, 49, 50, 51, 52, 53, 54, 55, 56, 57, 58, 59, 60, 61, 62, 63, 64, 65, 66, 67, 68, 69, 70, 71, 72, 73, 74, 75, 76, 77, 78, 79, 80, 81, 82, 83, 84, 85, 86, 87, 88, 89, 90, 91, 92, 93, 94, 95, 96, 97, 98, 99, 100, 101, 102, 103, 104, 105, 106, 107, 108, 109, 110, 111, 112, 113, 114, 115, 116, 117, 118, 119, 120, 121, 122, 123, 124, 125, 126, 127, 128, 129, 130, 131, 132, 133, 134, 135, 136, 137, 138, 139, 140, 141, 142, 143, 144, 145, 146, 147, 148, 149, 150, 151, 152, 153, 154, 155, 156, 157, 158, 159, 160, 161, 162, 165, 168, 169, 179]
w122a_mecha_alp_ovl_11.bmp					PS2: [0, 77, 128]					MC: [1, 3, 4, 5, 7, 9, 10, 13, 15, 16, 18, 21, 22, 23, 29, 31, 33, 39, 40, 44, 66, 68, 72, 77, 82, 88, 89, 93, 94, 97, 98, 99, 106, 108, 121, 123, 126, 127, 129, 130, 131, 132, 134, 136, 139, 140, 141, 144, 151, 157]
w122a_mecha_alp_ovl_12.bmp					PS2: [0, 8, 16, 23, 29, 33, 39, 47, 56, 66, 74, 80, 86, 94, 107, 121]					MC: [0, 1, 2, 3, 4, 5, 6, 7, 8, 9, 10, 11, 12, 13, 14, 15, 16, 17, 18, 19, 20, 21, 22, 23, 24, 25, 26, 27, 28, 29, 30, 31, 32, 33, 34, 35, 36, 37, 38, 39, 40, 41, 42, 43, 44, 45, 46, 47, 48, 49, 50, 51, 52, 53, 54, 55, 56, 57, 58, 59, 60, 61, 62, 63, 64, 65, 66, 67, 68, 69, 70, 71, 72, 73, 74, 75, 76, 77, 78, 79, 80, 81, 82, 83, 84, 85, 86, 87, 88, 89, 90, 91, 92, 93, 94, 95, 96, 97, 98, 99, 100, 101, 102, 103, 104, 105, 106, 107, 108, 109, 110, 111, 112, 113, 114, 115, 116, 117, 118, 119, 120, 121, 122, 123, 124, 125, 126, 127, 128, 129, 130, 131, 132, 133, 134, 135, 136, 137, 138, 139, 140, 141, 142, 143, 144, 145, 146, 147, 148, 149, 150, 151, 153, 154, 155, 156, 157, 158, 159, 160, 161, 162, 164, 166, 167, 172]
w122a_mecha_alp_ovl_12.bmp_4e315f4933f3cbf837797ef3d74a056f					PS2: [0, 8, 16, 23, 29, 33, 39, 47, 56, 66, 74, 80, 86, 94, 107, 121]					MC: [0, 1, 2, 3, 4, 5, 6, 7, 8, 9, 10, 11, 12, 13, 14, 15, 16, 17, 18, 19, 20, 21, 22, 23, 24, 25, 26, 27, 28, 29, 30, 31, 32, 33, 34, 35, 36, 37, 38, 39, 40, 41, 42, 43, 44, 45, 46, 47, 48, 49, 50, 51, 52, 53, 54, 55, 56, 57, 58, 59, 60, 61, 62, 63, 64, 65, 66, 67, 68, 69, 70, 71, 72, 73, 74, 75, 76, 77, 78, 79, 80, 81, 82, 83, 84, 85, 86, 87, 88, 89, 90, 91, 92, 93, 94, 95, 96, 97, 98, 99, 100, 101, 102, 103, 104, 105, 106, 107, 108, 109, 110, 111, 112, 113, 114, 115, 116, 117, 118, 119, 120, 121, 122, 123, 124, 125, 126, 127, 128, 129, 130, 131, 132, 133, 134, 135, 136, 137, 138, 139, 140, 141, 142, 143, 144, 145, 146, 147, 148, 149, 150, 151, 153, 154, 155, 156, 157, 158, 159, 160, 161, 162, 164, 166, 167, 172]
w122a_mecha_alp_ovl_13.bmp					PS2: [0, 24, 41, 58, 79, 100, 123, 128]					MC: [0, 1, 2, 3, 4, 5, 6, 7, 8, 9, 10, 11, 12, 13, 14, 15, 16, 17, 18, 19, 20, 21, 22, 23, 24, 25, 26, 27, 28, 29, 30, 31, 32, 33, 34, 35, 36, 37, 38, 39, 40, 41, 42, 43, 44, 45, 46, 47, 48, 49, 50, 51, 52, 53, 54, 55, 56, 57, 58, 59, 60, 61, 62, 63, 64, 65, 66, 67, 68, 69, 70, 71, 72, 73, 74, 75, 76, 77, 78, 79, 80, 81, 82, 83, 84, 85, 86, 87, 88, 89, 90, 91, 92, 93, 94, 95, 96, 97, 98, 99, 100, 101, 102, 103, 104, 105, 106, 107, 108, 109, 110, 111, 112, 113, 114, 115, 116, 117, 118, 119, 120, 121, 122, 123, 124, 125, 126, 127, 128, 129, 130, 131, 132, 133, 134, 135, 136, 137, 138, 139, 140, 141, 142, 143, 144, 145, 146, 147, 148, 149, 150, 151, 152, 153, 154, 155, 156, 157, 158, 159, 160, 161, 162, 163, 164, 165, 166, 167, 168, 169, 170, 171, 173, 174, 175, 176, 179]
w122a_mecha_alp_ovl_19.bmp					PS2: [0, 11, 18, 25, 33, 46, 55, 63, 74, 79, 87, 95, 104, 111, 120, 128]					MC: [0, 1, 2, 3, 4, 5, 6, 7, 8, 9, 10, 11, 12, 13, 14, 15, 16, 17, 18, 19, 20, 21, 22, 23, 24, 25, 26, 27, 28, 30, 31, 32, 33, 34, 35, 36, 37, 38, 39, 40, 41, 42, 43, 44, 45, 46, 47, 48, 49, 50, 51, 52, 53, 54, 55, 56, 57, 58, 59, 60, 61, 62, 63, 64, 65, 66, 67, 68, 69, 70, 71, 72, 73, 74, 75, 76, 77, 78, 79, 80, 81, 82, 85, 86, 87, 88, 89, 90, 91, 92, 93, 94, 95, 96, 97, 98, 99, 100, 101, 102, 103, 104, 105, 106, 107, 108, 109, 110, 111, 112, 113, 114, 115, 116, 117, 118, 119, 120, 121, 122, 123, 124, 125, 126, 127, 128, 129, 130, 131, 132, 133, 134, 135, 136, 137, 138, 139, 140, 141, 142, 143, 144, 145, 146, 147, 148, 149, 150, 151, 152, 153, 154, 155, 156, 157, 158, 159, 160, 161, 162, 164, 165, 175]
w122a_sdw_alp_ovl_02.bmp					PS2: [0, 3, 8, 10, 22, 43, 58, 65, 66]					MC: [0, 1, 3, 4, 5, 6, 7, 8, 9, 10, 11, 12, 13, 14, 15, 16, 17, 18, 19, 20, 21, 23, 24, 25, 26, 28, 29, 30, 31, 32, 33, 34, 35, 37, 38, 40, 41, 42, 44, 45, 46, 48, 49, 50, 51, 52, 54, 55, 56, 57, 58, 59, 61, 62, 63, 64, 65, 66, 67, 68, 69, 70]
w122a_sdw_alp_ovl_05.bmp					PS2: [0, 1, 2, 3, 4, 5, 6, 7, 8, 9, 10, 11, 12, 13, 14, 15, 16, 17, 18, 19, 20, 21, 22, 23, 24, 25, 26, 27, 28, 29, 30, 31, 32, 33, 34, 35, 36, 37, 38, 39, 40, 41, 42, 43, 44, 45, 46, 47, 48, 49, 50, 51, 52, 53, 54, 55, 56, 57, 58, 59, 60, 61, 62, 63, 64, 65, 66, 67, 68, 69, 70, 71, 72, 73, 74, 75, 76, 77, 78, 79, 80, 81, 82, 83, 84, 85, 86, 87, 89, 90, 91, 92, 93, 94, 95, 96, 97, 98, 99, 101, 102, 104, 105, 106]					MC: [0, 1, 2, 3, 4, 5, 6, 7, 8, 9, 10, 11, 12, 13, 14, 15, 16, 17, 18, 19, 20, 21, 22, 23, 24, 25, 26, 27, 28, 29, 30, 31, 32, 33, 34, 35, 36, 37, 38, 39, 40, 41, 42, 43, 44, 45, 46, 47, 48, 49, 50, 51, 52, 53, 54, 55, 56, 57, 58, 59, 60, 61, 62, 63, 64, 65, 66, 67, 68, 69, 70, 71, 72, 73, 74, 75, 76, 77, 78, 79, 80, 81, 82, 83, 84, 85, 86, 87, 88, 89, 90, 91, 92, 93, 94, 95, 96, 97, 98, 99, 100, 101, 102, 103, 104, 105, 106, 107, 108]
walllighta_sdw0_alp_ovl.bmp					PS2: [0, 4, 6, 12, 16, 20, 26, 34, 39, 46, 51, 61, 64, 66, 76, 77]					MC: [0, 1, 2, 3, 4, 5, 6, 7, 8, 9, 10, 11, 12, 14, 15, 16, 17, 20, 21, 23, 24, 25, 26, 27, 28, 29, 30, 31, 32, 33, 34, 35, 36, 37, 39, 42, 43, 44, 45, 47, 48, 49, 50, 51, 52, 53, 54, 55, 56, 58, 59, 60, 61, 62, 63, 64, 65, 66, 67, 68, 69, 70, 72, 74, 75, 76, 77, 78, 79, 80, 81, 82, 83, 85]
wor_def_boots1_ovl_sub_alp.bmp					PS2: [0, 1, 2, 4, 5, 6, 7, 8, 9, 10, 11, 12, 13, 14, 15, 16, 17, 18, 19, 20, 21, 22, 23, 24, 25, 26, 27, 28, 29, 30, 31, 32, 33, 40, 45, 58]					MC: [0, 1, 2, 3, 4, 5, 6, 7, 8, 9, 10, 11, 12, 13, 14, 15, 16, 17, 18, 19, 20, 21, 22, 23, 24, 25, 26, 27, 28, 29, 30, 31, 32, 33, 38, 39, 40, 41, 42, 43, 44, 48, 50, 64, 67]
wor_def_boots2_ovl_sub_alp.bmp					PS2: [0, 1, 2, 3, 4, 5, 6, 7, 8, 9, 10, 11, 12, 13, 14, 15, 16, 17, 18, 19, 20, 21, 22, 23, 24, 25, 26, 27, 28, 29, 30, 31, 32, 33, 35, 36, 39, 40, 41]					MC: [0, 1, 2, 3, 4, 5, 6, 7, 8, 9, 10, 11, 12, 13, 14, 15, 16, 17, 18, 19, 20, 21, 22, 23, 24, 25, 26, 27, 28, 30, 31, 32, 38, 39, 40, 41, 42, 43, 44, 45, 46]
wor_pendulum_facedam_ovl_alp.bmp					PS2: [0, 2, 3, 4, 5, 6, 7, 8, 9, 10, 11, 12, 13, 14, 15, 16, 17, 18, 19, 20, 21, 22, 23, 24, 25, 26, 27, 28, 29, 30, 31, 32, 33, 34, 35, 36, 37, 38, 39, 40, 41, 42, 43, 44, 45, 46, 47, 48, 49, 50, 52, 54, 55, 56, 57, 58, 59, 60, 61, 62, 63, 64, 67, 70, 74, 78, 79, 80, 81, 82, 85, 87, 89, 92, 93, 95, 97, 100, 101, 102, 103, 104, 105, 110, 112, 113, 115, 117, 118, 120, 123, 124, 125, 126, 128]					MC: [0, 1, 2, 3, 4, 5, 6, 7, 8, 9, 10, 11, 12, 13, 14, 15, 16, 17, 18, 19, 20, 21, 22, 23, 24, 25, 26, 27, 28, 29, 30, 31, 32, 33, 34, 35, 36, 37, 38, 39, 40, 41, 42, 43, 44, 45, 46, 47, 48, 49, 50, 51, 52, 53, 54, 55, 56, 57, 58, 59, 60, 61, 62, 63, 64, 65, 66, 67, 68, 69, 70, 71, 72, 73, 74, 75, 76, 77, 78, 79, 80, 81, 82, 83, 84, 85, 87, 88, 89, 90, 91, 92, 93, 94, 95, 96, 97, 98, 99, 100, 102, 103, 104, 105, 106, 107, 108, 109, 110, 111, 112, 113, 115, 116, 117, 118, 119, 120, 122, 123, 124, 125, 126, 127, 128, 129, 130, 131, 132, 133, 134, 135, 136, 137, 139, 142, 146, 147, 151, 152]
wor_suspend_facedam_ovl_alp.bmp					PS2: [0, 1, 2, 3, 4, 5, 6, 7, 8, 9, 10, 11, 12, 13, 14, 15, 16, 17, 18, 19, 20, 21, 22, 23, 24, 25, 26, 27, 28, 29, 30, 31, 32, 33, 34, 35, 36, 37, 38, 39, 40, 41, 42, 43, 44, 45, 46, 47, 48, 49, 50, 51, 52, 53, 54, 55, 56, 57, 58, 59, 60, 61, 62, 64, 65, 67, 68, 69, 70, 71, 75, 80, 89]					MC: [0, 1, 2, 3, 4, 5, 6, 7, 8, 9, 10, 11, 12, 13, 14, 15, 16, 17, 18, 19, 20, 21, 22, 23, 24, 25, 26, 27, 28, 29, 30, 31, 32, 33, 34, 35, 36, 37, 38, 39, 40, 41, 42, 43, 44, 45, 46, 47, 48, 49, 50, 51, 52, 53, 54, 55, 56, 57, 58, 59, 60, 61, 62, 63, 64, 65, 66, 67, 68, 69, 70, 71, 72, 73, 74, 75, 76, 77, 79, 80, 81, 83, 86, 91, 94, 98, 99, 104]
wor_white_armband_alp_ovl.bmp					PS2: [0, 8, 15, 26, 40, 52, 60, 68, 76, 87, 96]					MC: [0, 1, 2, 3, 4, 5, 6, 7, 8, 9, 10, 11, 12, 13, 14, 15, 16, 17, 18, 19, 20, 21, 22, 23, 24, 25, 26, 27, 28, 29, 30, 31, 32, 33, 34, 35, 36, 37, 38, 39, 40, 41, 42, 43, 44, 45, 46, 47, 48, 49, 50, 51, 52, 53, 54, 55, 56, 57, 58, 59, 60, 61, 62, 63, 64, 65, 66, 67, 68, 69, 70, 71, 72, 73, 74, 75, 76, 77, 78, 79, 80, 81, 82, 84, 85, 87, 88, 89, 90, 91, 92, 93, 94, 95, 96, 97, 98, 99, 100, 101, 102, 103, 104, 105, 106, 107, 108, 109, 110, 111, 112, 113, 114, 115, 116, 117, 118, 119, 120, 121, 122, 123, 124, 125, 126, 127, 128, 129, 130, 131, 132, 133, 136, 137, 139, 141]
wor_white_botan_ovl_alp.bmp					PS2: [0, 14, 19, 22, 24, 27, 40, 42, 64, 77, 81, 89, 91, 92, 102, 106, 110, 112, 115, 117, 120, 122, 123, 125, 126, 127, 128]					MC: [0, 1, 2, 3, 6, 7, 8, 9, 10, 11, 12, 13, 14, 15, 17, 18, 19, 21, 22, 23, 24, 25, 26, 27, 28, 30, 34, 36, 40, 41, 43, 45, 55, 57, 58, 64, 66, 67, 69, 71, 73, 74, 75, 80, 81, 82, 89, 91, 94, 98, 99, 100, 104, 107, 109, 111, 112, 114, 115, 116, 120, 122, 125, 126, 127, 128, 129, 130, 131, 132, 133, 134, 135, 136, 137, 138, 139, 140, 141, 143, 145, 146, 147, 148, 154]
wp_label_alp_ovl.bmp					PS2: [0, 5, 6, 12, 13, 17, 19, 23, 26, 30, 32, 38, 39, 40, 42, 44, 45, 47, 51]					MC: [0, 1, 2, 3, 4, 5, 6, 7, 8, 9, 10, 11, 12, 13, 14, 15, 16, 17, 18, 19, 20, 21, 22, 23, 24, 25, 26, 27, 28, 29, 30, 31, 32, 33, 34, 35, 36, 37, 38, 39, 40, 41, 42, 43, 44, 45, 46, 47, 48, 49, 50, 51, 52, 53, 54, 56, 57, 58, 59, 61, 64, 65, 67, 73, 74, 77]
xry_bust_ovl_alp.bmp					PS2: [0, 7, 11, 12, 18, 20, 22, 25, 26, 28, 34, 35, 36, 39, 40, 42, 45, 46, 47, 48, 50, 51, 52, 53, 54, 55, 56, 57, 58, 59, 60, 61, 62, 63, 64, 65, 66, 67, 68, 69, 70, 71, 72, 73, 74, 75, 76, 77, 78, 79, 80, 81, 82, 83, 84, 85, 86, 87, 88, 89, 90, 91, 92, 93, 94, 95, 96, 97, 98, 99, 100, 101, 102, 103, 104, 105, 106, 107, 108, 109, 110, 113, 114, 116, 117, 119, 120, 121, 122, 123, 124, 125, 126, 127]					MC: [0, 1, 5, 8, 9, 10, 11, 13, 14, 15, 16, 18, 19, 20, 21, 23, 24, 25, 26, 27, 28, 29, 33, 34, 37, 38, 41, 42, 45, 46, 47, 48, 49, 50, 52, 53, 54, 55, 57, 58, 59, 60, 61, 62, 63, 64, 65, 66, 67, 68, 69, 70, 71, 72, 73, 74, 75, 76, 77, 78, 79, 80, 81, 82, 83, 84, 85, 86, 87, 88, 89, 90, 91, 92, 93, 94, 95, 96, 97, 98, 99, 100, 101, 102, 103, 104, 105, 106, 107, 108, 109, 110, 111, 112, 113, 114, 115, 116, 117, 119, 120, 122, 123, 124, 125, 126, 127, 128, 129, 130, 131, 132, 133, 134, 135, 136, 137, 138, 139, 143, 151, 166]
yf_label_b_alp_ovl.bmp					PS2: [0, 8, 12, 16, 21, 25, 29, 33, 37, 42, 46, 50, 54, 59, 64, 68]					MC: [0, 1, 2, 3, 4, 5, 6, 7, 8, 9, 10, 11, 12, 13, 14, 15, 16, 17, 18, 19, 20, 21, 22, 24, 25, 26, 27, 29, 30, 31, 32, 33, 34, 35, 36, 39, 41, 42, 43, 44, 46, 47, 48, 49, 50, 51, 52, 53, 54, 55, 56, 57, 58, 59, 61, 62, 64, 65, 66, 68]
yf_mark_a_alp_ovl.bmp					PS2: [0, 1, 15, 21, 31, 39, 42]					MC: [0, 1, 2, 3, 4, 5, 6, 7, 8, 12, 13, 15, 17, 18, 19, 20, 21, 22, 23, 24, 25, 31, 32, 33, 34, 35, 36, 37, 39, 40, 41, 42]
zro_def_hair_fro_ovl_alp.bmp					PS2: [0, 8, 17, 25, 34, 42, 51, 59, 68, 76, 85, 93, 102, 110, 119, 128]					MC: [0, 1, 2, 3, 4, 5, 6, 7, 8, 9, 10, 11, 12, 13, 14, 15, 16, 17, 18, 19, 20, 21, 22, 23, 24, 25, 26, 27, 28, 29, 30, 31, 32, 33, 34, 35, 36, 37, 38, 39, 40, 41, 42, 43, 44, 45, 46, 47, 48, 49, 50, 51, 52, 53, 54, 55, 56, 57, 58, 59, 60, 61, 62, 63, 64, 65, 66, 67, 68, 69, 70, 71, 72, 73, 74, 75, 76, 77, 78, 79, 80, 81, 82, 83, 84, 85, 86, 87, 88, 89, 90, 91, 92, 93, 94, 95, 96, 97, 98, 99, 100, 101, 102, 103, 104, 105, 106, 107, 108, 109, 110, 111, 112, 113, 114, 115, 116, 117, 118, 119, 120, 121, 122, 123, 124, 125, 126, 127, 128, 129, 130, 131, 132, 133, 134, 135, 136, 137, 138, 139, 140, 141, 142, 143, 144, 145, 146, 147, 148, 149, 150, 151, 152, 153, 156]
zro_suit_dmo_suits_ovl_alp_add.bmp					PS2: [0, 5, 7, 9, 11, 13, 15, 17, 18, 20, 21, 22, 24, 27, 31, 55]					MC: [0, 1, 2, 3, 4, 5, 6, 7, 8, 9, 10, 11, 12, 13, 14, 15, 16, 17, 18, 19, 20, 21, 22, 23, 24, 25, 26, 27, 28, 29, 30, 31, 32, 33, 34, 35, 36, 37, 38, 39, 40, 42, 43, 45, 47, 49, 51, 54, 55, 57, 58, 61, 63, 64, 66, 72, 73, 75, 78]
break_right_sub_alp_ovl.bmp					PS2: [1, 5, 8, 9, 12, 14, 16, 19, 22, 25, 27, 29, 30, 32, 34]					MC: [0, 1, 2, 3, 4, 5, 6, 7, 8, 9, 10, 11, 12, 13, 14, 15, 16, 17, 18, 19, 20, 21, 22, 23, 24, 25, 26, 27, 28, 29, 30, 31, 32, 33, 34, 35, 36, 38, 39, 40, 42]
e02a_treebg_00_alp_ovl.bmp					PS2: [1, 25, 119, 123, 124, 125, 126, 127, 128]					MC: [0, 1, 2, 3, 4, 5, 6, 7, 8, 9, 10, 11, 12, 13, 14, 15, 16, 17, 18, 19, 20, 21, 22, 23, 24, 25, 26, 27, 28, 29, 30, 31, 32, 33, 34, 35, 36, 37, 38, 39, 40, 41, 42, 43, 44, 45, 46, 47, 48, 49, 50, 51, 52, 53, 54, 55, 56, 57, 58, 59, 60, 61, 62, 63, 64, 65, 66, 67, 68, 69, 70, 71, 72, 73, 74, 75, 76, 77, 78, 79, 80, 81, 82, 83, 84, 85, 86, 87, 88, 89, 90, 91, 92, 93, 94, 95, 96, 97, 98, 99, 100, 101, 102, 103, 104, 105, 106, 107, 108, 109, 110, 111, 112, 113, 114, 115, 116, 117, 118, 119, 120, 121, 122, 123, 124, 125, 126, 127, 128, 129, 130, 131, 132, 133, 134, 135, 136, 137, 138, 139, 140, 141, 142, 143, 144, 145, 146, 147, 148, 149, 150, 151, 152, 153, 154, 155, 156, 157, 158, 161, 163, 164]
e02b_fl02b_alp_ovl.bmp					PS2: [1, 3, 5, 17, 27, 28, 37, 54, 58, 76, 81, 97, 113, 123, 126]					MC: [0, 1, 2, 3, 4, 5, 6, 7, 8, 9, 10, 11, 12, 13, 14, 15, 16, 17, 18, 19, 20, 21, 22, 23, 24, 25, 26, 27, 28, 29, 30, 31, 32, 33, 34, 35, 36, 37, 38, 39, 40, 41, 42, 43, 44, 45, 46, 47, 48, 49, 50, 51, 52, 53, 54, 55, 56, 57, 58, 59, 60, 61, 62, 63, 64, 65, 66, 67, 68, 69, 70, 71, 72, 73, 74, 75, 76, 77, 78, 79, 80, 81, 82, 83, 84, 85, 86, 87, 88, 89, 90, 91, 92, 93, 94, 95, 96, 97, 98, 99, 100, 101, 102, 103, 104, 105, 106, 107, 108, 109, 110, 111, 112, 113, 114, 115, 116, 117, 118, 119, 120, 121, 122, 123, 124, 125, 126, 127, 128, 129, 130, 131, 132, 133, 134, 135, 136, 137, 138, 139, 140, 141, 142, 143, 144, 145, 146, 147, 148, 149, 150, 151, 152, 153, 155, 157, 159, 164]
feather_pca_def_ovl_alp.bmp					PS2: [1, 4, 10, 17, 23, 32, 43, 55, 68, 89, 108, 118, 124, 127]					MC: [0, 1, 2, 3, 4, 5, 6, 7, 8, 9, 10, 11, 12, 13, 14, 15, 16, 17, 18, 19, 20, 21, 22, 23, 24, 25, 26, 27, 28, 29, 30, 31, 32, 33, 34, 35, 36, 37, 38, 39, 40, 41, 42, 43, 44, 45, 46, 47, 48, 49, 50, 51, 52, 53, 54, 55, 56, 57, 58, 59, 60, 61, 62, 63, 64, 65, 66, 67, 68, 69, 70, 71, 72, 73, 74, 75, 76, 77, 78, 79, 80, 81, 82, 83, 84, 85, 86, 87, 88, 89, 90, 91, 92, 93, 94, 95, 96, 97, 98, 99, 100, 101, 103, 104, 106, 107, 108, 109, 110, 111, 112, 113, 114, 115, 116, 117, 118, 119, 120, 121, 122, 123, 124, 125, 126, 127, 128, 129, 130, 131, 132, 133, 134, 135, 136, 137, 138, 139, 140, 141, 142, 143, 144, 145, 146, 147, 148, 149, 150, 151, 152, 153, 154, 155, 157]
mog_lightl_add_alp_05.trans.bmp					PS2: [1, 7, 12, 16, 19, 23, 28, 31, 35, 38, 42, 46, 50, 55, 60, 62]					MC: [0, 1, 2, 3, 4, 5, 6, 7, 8, 9, 10, 11, 12, 13, 14, 15, 16, 17, 18, 19, 20, 21, 22, 23, 24, 25, 26, 27, 28, 29, 30, 31, 32, 33, 34, 35, 36, 37, 38, 39, 40, 41, 42, 43, 44, 45, 46, 47, 48, 49, 50, 51, 52, 53, 54, 55, 56, 57, 58, 59, 60, 61, 62, 63, 64, 65]
red_def_wing_ovl_alp.bmp					PS2: [1, 126, 127]					MC: [0, 1, 2, 3, 4, 5, 6, 7, 8, 9, 10, 11, 12, 13, 14, 15, 16, 17, 18, 19, 20, 21, 22, 23, 24, 25, 26, 27, 28, 29, 30, 31, 32, 33, 34, 35, 36, 37, 38, 39, 40, 41, 42, 43, 44, 45, 46, 47, 48, 49, 50, 51, 52, 53, 54, 55, 57, 58, 60, 61, 62, 63, 64, 65, 66, 67, 68, 69, 70, 71, 72, 73, 74, 75, 76, 77, 78, 79, 80, 81, 82, 83, 84, 85, 86, 87, 88, 89, 90, 91, 92, 93, 94, 95, 96, 97, 98, 99, 100, 101, 102, 103, 104, 105, 106, 107, 108, 109, 110, 111, 112, 113, 114, 115, 116, 117, 118, 119, 120, 121, 122, 123, 124, 125, 126, 127, 128, 129, 130, 131, 132, 133, 134, 135, 136, 137, 138, 139, 140, 141, 142, 143, 144, 145, 146, 147, 148, 149, 150, 151, 152, 153, 154, 155, 156, 157, 158, 160, 161, 162, 166]
s001a_komorebi3_alpx2_ovl_rep_mod1001.bmp					PS2: [1, 8, 19, 32, 50, 71, 89, 105, 121, 128]					MC: [1, 8, 19, 32, 50, 71, 89, 105, 121, 142, 167, 183, 200, 220, 238, 252]
s066a_laddersdw00a_alp_ovl.bmp					PS2: [1, 3, 11, 14, 20, 26, 33, 42, 48, 50, 54, 60, 61, 83, 99, 112]					MC: [0, 1, 2, 3, 4, 5, 6, 7, 8, 9, 10, 11, 12, 13, 14, 15, 16, 17, 18, 19, 20, 21, 22, 23, 24, 25, 26, 27, 28, 31, 32, 33, 34, 35, 36, 37, 38, 39, 40, 41, 42, 43, 44, 45, 46, 47, 48, 49, 50, 51, 52, 53, 54, 55, 56, 57, 58, 59, 60, 61, 62, 63, 64, 65, 66, 67, 68, 69, 70, 71, 72, 73, 74, 75, 76, 78, 80, 81, 82, 83, 85, 86, 87, 88, 89, 90, 91, 94, 95, 96, 97, 98, 99, 100, 101, 103, 105, 110, 112, 116, 117, 118, 120, 122, 127, 128, 132, 141, 157]
s074a_kusa2_alp_ovl.bmp					PS2: [1, 20, 73, 121, 122, 128]					MC: [0, 1, 2, 3, 4, 5, 6, 7, 8, 9, 10, 11, 12, 13, 14, 15, 16, 17, 18, 19, 20, 21, 22, 23, 24, 25, 26, 27, 28, 29, 30, 31, 32, 33, 34, 35, 36, 37, 38, 39, 40, 41, 42, 43, 44, 45, 46, 47, 48, 49, 50, 51, 52, 53, 54, 55, 56, 57, 58, 59, 60, 61, 62, 63, 64, 65, 66, 67, 68, 69, 70, 71, 72, 73, 74, 75, 76, 77, 78, 79, 80, 81, 82, 83, 84, 85, 86, 87, 88, 89, 90, 91, 92, 93, 94, 95, 96, 97, 98, 99, 100, 101, 102, 103, 104, 105, 106, 107, 108, 109, 110, 111, 112, 113, 114, 115, 116, 117, 118, 119, 120, 121, 122, 123, 124, 125, 126, 127, 128, 129, 130, 131, 132, 133, 134, 135, 136, 137, 138, 139, 140, 141, 142, 143, 144, 145, 146, 147, 148, 149, 150, 151, 152, 153, 154, 155, 156, 157, 158, 159, 160, 161, 162, 163, 164, 165, 166, 168, 170, 171, 172, 175, 176, 177, 178]
s074a_kusa3_alp_ovl.bmp					PS2: [1, 25, 26, 89, 90, 126, 128]					MC: [0, 1, 2, 3, 4, 5, 6, 7, 8, 9, 10, 11, 12, 13, 14, 15, 16, 17, 18, 19, 20, 21, 22, 23, 24, 25, 26, 27, 28, 29, 30, 31, 32, 33, 34, 35, 36, 37, 38, 39, 40, 41, 42, 43, 44, 45, 46, 47, 48, 49, 50, 51, 52, 53, 54, 55, 56, 57, 58, 59, 60, 61, 62, 63, 64, 65, 66, 67, 68, 69, 70, 71, 72, 73, 74, 75, 76, 77, 78, 79, 80, 81, 82, 83, 84, 85, 86, 87, 88, 89, 90, 91, 92, 93, 94, 95, 96, 97, 98, 99, 100, 101, 102, 103, 104, 105, 106, 107, 108, 109, 110, 111, 112, 113, 114, 115, 116, 117, 118, 119, 120, 121, 122, 123, 124, 125, 126, 127, 128, 129, 130, 131, 132, 133, 134, 135, 136, 137, 138, 139, 140, 141, 142, 143, 144, 145, 146, 147, 148, 149, 150, 151, 152, 153, 154, 155, 156, 157, 158, 159, 160, 161, 162, 163, 164, 166, 169, 170, 171, 173]
s074a_sdw00_alp_ovl.bmp					PS2: [1, 13, 17, 21, 26, 31, 35, 44, 53, 60, 66, 72, 78, 84, 90, 97]					MC: [0, 1, 2, 3, 4, 5, 6, 7, 8, 9, 10, 11, 12, 13, 14, 15, 16, 17, 18, 19, 20, 21, 22, 23, 24, 25, 26, 27, 28, 29, 30, 31, 32, 33, 34, 35, 36, 37, 38, 39, 40, 41, 42, 43, 44, 45, 46, 47, 48, 49, 50, 51, 52, 53, 54, 55, 56, 57, 58, 59, 60, 61, 62, 63, 64, 65, 66, 67, 68, 69, 70, 71, 72, 73, 74, 75, 76, 77, 78, 79, 80, 81, 82, 83, 84, 85, 86, 87, 88, 89, 90, 91, 92, 93, 94, 95, 96, 97, 98, 99, 100, 101, 102, 103, 104, 105, 107, 108, 109, 110, 111, 112, 113, 114, 115, 116, 117, 118, 120, 125]
s081a_mogi_deco_alp_ovl_01.bmp					PS2: [1, 8, 16, 22, 26, 31, 38, 47, 56, 62, 70, 77, 83, 91, 100, 108]					MC: [0, 1, 2, 3, 4, 5, 6, 7, 8, 9, 10, 11, 12, 13, 14, 15, 16, 17, 18, 19, 20, 21, 22, 23, 24, 25, 26, 27, 28, 29, 31, 32, 33, 34, 35, 36, 37, 38, 39, 40, 41, 42, 43, 44, 45, 46, 47, 48, 49, 50, 51, 52, 53, 54, 55, 56, 57, 58, 59, 60, 61, 62, 63, 64, 65, 66, 67, 68, 69, 70, 71, 72, 73, 74, 75, 76, 77, 78, 79, 80, 81, 82, 83, 84, 85, 86, 87, 88, 89, 90, 91, 92, 93, 94, 95, 96, 97, 98, 99, 100, 101, 102, 103, 104, 105, 106, 107, 108, 109, 110, 111, 112, 113, 114, 115, 116, 117, 118, 119, 121, 123, 124, 125, 126, 127, 129, 130, 131, 132, 133, 134, 135, 136, 138, 141, 142, 143, 144, 147, 151, 153]
s081a_mogi_sdw_alp_ovl_12.bmp					PS2: [1, 13, 21, 26, 33, 42, 49, 57, 66, 77, 87, 94, 102, 111, 122, 128]					MC: [0, 1, 2, 3, 4, 5, 6, 7, 8, 9, 10, 11, 12, 13, 14, 15, 16, 17, 18, 19, 20, 21, 22, 23, 24, 25, 26, 27, 28, 29, 30, 31, 32, 33, 34, 35, 36, 37, 38, 39, 40, 41, 42, 43, 44, 45, 46, 47, 48, 49, 50, 51, 52, 53, 54, 55, 56, 57, 58, 59, 60, 61, 62, 63, 64, 65, 66, 67, 68, 69, 70, 71, 72, 73, 74, 75, 76, 77, 78, 79, 80, 81, 82, 83, 84, 85, 86, 87, 88, 89, 90, 91, 92, 93, 94, 95, 96, 97, 98, 99, 100, 101, 102, 103, 104, 105, 106, 107, 108, 110, 111, 112, 113, 114, 115, 116, 117, 118, 119, 120, 121, 122, 123, 124, 125, 126, 127, 128, 129, 130, 131, 132, 133, 134, 135, 136, 137, 138, 139]
s091a_flpnl00_alp_ovl.bmp					PS2: [1, 2, 7, 10, 13, 15, 21, 31, 34, 128]					MC: [0, 1, 2, 3, 4, 5, 6, 7, 8, 9, 10, 11, 12, 13, 14, 15, 16, 17, 18, 19, 20, 21, 22, 23, 24, 25, 26, 27, 28, 30, 32, 34, 35, 36, 37, 38, 39, 40, 41, 42, 43, 44, 45, 46, 47, 48, 49, 50, 51, 52, 53, 54, 55, 56, 57, 58, 59, 60, 61, 62, 63, 64, 65, 66, 67, 68, 69, 70, 71, 72, 73, 74, 75, 77, 78, 79, 80, 81, 82, 83, 84, 85, 86, 87, 88, 89, 90, 91, 92, 93, 94, 95, 96, 97, 98, 99, 100, 101, 102, 104, 105, 106, 107, 108, 109, 110, 111, 112, 113, 114, 115, 117, 126, 127, 128, 129, 130, 131, 132, 133, 134, 135, 136, 137, 138, 139, 140, 141, 142, 143, 144, 145, 147, 148, 150, 151, 152, 153, 154, 155, 156]
s101a_sdw_entrance00_alp_ovl.bmp					PS2: [1, 9, 14, 18, 24, 29, 36, 40, 49, 57, 67, 73, 82, 92, 104, 116]					MC: [0, 1, 2, 3, 4, 5, 6, 7, 8, 9, 10, 11, 12, 13, 14, 15, 16, 17, 18, 19, 20, 21, 22, 23, 24, 25, 26, 27, 28, 29, 30, 31, 32, 33, 34, 35, 36, 37, 38, 39, 40, 41, 42, 43, 44, 45, 46, 47, 48, 49, 50, 51, 52, 53, 54, 55, 56, 57, 58, 59, 60, 61, 62, 63, 64, 65, 66, 67, 68, 69, 70, 71, 72, 73, 74, 75, 76, 77, 78, 79, 80, 81, 82, 83, 84, 85, 86, 87, 88, 89, 90, 91, 92, 93, 94, 95, 96, 97, 98, 99, 100, 101, 102, 103, 104, 105, 106, 107, 108, 109, 110, 111, 112, 113, 114, 115, 116, 117, 118, 119, 120, 121, 122, 123, 124, 125, 126, 127, 128, 129, 130, 131, 132, 133, 134, 135, 136, 137, 138, 139, 140, 141, 142, 143, 144, 145, 146, 147, 148, 149, 152]
s112a_blood_03_alp_ovl.bmp					PS2: [1, 2, 3, 4, 5, 6, 7, 8, 9, 10, 11, 12, 13, 14, 15, 16, 17, 18, 19, 20, 21, 22, 23, 24, 25, 26, 27, 28, 29, 30, 31, 32, 33, 34, 35, 36, 37, 38, 39, 40, 41, 42, 43, 44, 45, 46, 47, 48, 49, 50, 51, 52, 53, 54, 55, 56, 57, 58, 59, 60, 61, 62, 63, 64, 65, 66, 67, 68, 69, 70, 71, 72, 73, 74, 75, 76, 77, 78, 79, 80, 81, 82, 83, 84, 85, 86, 87, 88, 89, 90, 91, 92, 93, 94, 95, 96, 97, 98, 99, 100, 101, 102, 103, 104, 105, 106, 107, 108, 109, 110, 111, 112, 114, 115, 116, 117, 118, 119, 120]					MC: [0, 1, 2, 3, 4, 5, 6, 7, 8, 9, 10, 11, 12, 13, 14, 15, 16, 17, 18, 19, 20, 21, 22, 23, 24, 25, 26, 27, 28, 29, 30, 31, 32, 33, 34, 35, 36, 37, 38, 39, 40, 41, 42, 43, 44, 45, 46, 47, 48, 49, 50, 51, 52, 53, 54, 55, 56, 57, 58, 59, 60, 61, 62, 63, 64, 65, 66, 67, 68, 69, 70, 71, 72, 73, 74, 75, 76, 77, 78, 79, 80, 81, 82, 83, 84, 85, 86, 87, 88, 89, 90, 91, 92, 93, 94, 95, 96, 97, 98, 99, 100, 101, 102, 103, 104, 105, 106, 107, 108, 109, 110, 111, 112, 113, 114, 115, 116, 117, 118, 119, 120, 121, 122, 123, 124, 125, 126, 127, 128, 129, 130, 131, 132, 133, 134, 135, 136, 137, 140, 142, 144, 145, 147, 150, 152, 155]
s112a_cell_floor_kage_01_alp_ovl.bmp					PS2: [1, 5, 7, 9, 11, 13, 14, 16, 18, 19, 21, 23, 25, 27, 30, 32]					MC: [0, 1, 2, 3, 4, 5, 6, 7, 8, 9, 10, 11, 12, 13, 14, 15, 16, 17, 18, 19, 20, 21, 22, 23, 24, 25, 26, 27, 28, 29, 30, 31, 32, 33, 34, 35, 36, 37, 38, 39, 40]
s112a_cor_wall_kage_01_alp_ovl.bmp					PS2: [1, 7, 13, 17, 20, 24, 27, 30, 32, 39, 50, 57, 65, 72, 81, 88]					MC: [0, 1, 2, 3, 4, 5, 6, 7, 8, 9, 10, 11, 12, 13, 14, 15, 16, 17, 18, 19, 20, 21, 22, 23, 24, 25, 26, 27, 28, 29, 30, 31, 32, 33, 34, 35, 36, 37, 38, 39, 41, 42, 43, 44, 45, 46, 47, 48, 49, 50, 51, 52, 53, 54, 55, 56, 57, 58, 59, 60, 61, 62, 65, 66, 67, 68, 69, 70, 71, 72, 73, 74, 75, 76, 77, 78, 81, 82, 83, 85, 86, 87, 88, 89, 90, 91, 92, 93, 94, 95, 96, 98]
s112a_ne_wc01_alp_ovl.bmp					PS2: [1, 2, 3, 17, 19, 23, 37, 44, 57, 72, 80, 96, 120, 123]					MC: [0, 1, 2, 3, 4, 5, 6, 7, 8, 9, 10, 11, 12, 13, 14, 15, 16, 17, 18, 19, 20, 21, 22, 23, 24, 25, 26, 27, 28, 29, 30, 31, 32, 33, 34, 35, 36, 37, 38, 39, 40, 41, 42, 43, 44, 45, 46, 47, 48, 49, 50, 51, 52, 53, 54, 55, 56, 57, 58, 59, 60, 61, 62, 63, 64, 65, 66, 67, 68, 69, 70, 71, 72, 73, 74, 75, 76, 77, 78, 79, 80, 81, 82, 83, 84, 85, 86, 87, 88, 89, 90, 91, 92, 93, 94, 95, 96, 97, 98, 99, 100, 101, 102, 103, 104, 105, 106, 107, 108, 109, 110, 111, 112, 113, 114, 115, 116, 117, 118, 119, 120, 121, 122, 123, 124, 125, 126, 127, 128, 129, 130, 131, 132, 133, 134, 135, 136, 137, 138, 139, 140, 141, 142, 143, 144, 145, 146, 147, 148, 149, 150, 151, 152, 153, 154, 155, 156, 157, 158, 159, 160, 161, 162, 163, 164, 165, 166, 167, 168, 169, 170, 171, 172, 173, 176, 181, 183, 186, 188]
s152a_light_kage_03_alp_ovl.bmp					PS2: [1, 8, 14, 20, 25, 31, 38, 42, 45, 48, 51, 54, 57, 60, 62, 64]					MC: [0, 1, 2, 3, 4, 5, 6, 7, 8, 9, 10, 11, 12, 13, 14, 15, 16, 17, 18, 19, 20, 21, 22, 23, 24, 25, 26, 27, 28, 29, 30, 31, 32, 33, 34, 35, 36, 37, 38, 39, 40, 41, 42, 43, 44, 45, 46, 47, 48, 49, 50, 51, 52, 53, 54, 55, 56, 57, 58, 59, 60, 61, 62, 63, 64, 65, 66, 67, 68, 69, 70, 71, 72, 73, 74, 75, 76, 77, 78, 79, 80, 81]
s152a_room_kage_02_alp_ovl.bmp					PS2: [1, 8, 13, 17, 21, 24, 27, 31, 33, 36, 40, 45, 54, 59, 65, 70]					MC: [0, 1, 2, 3, 4, 5, 6, 7, 8, 9, 10, 11, 12, 13, 14, 15, 16, 17, 18, 19, 20, 21, 22, 23, 24, 25, 26, 27, 28, 29, 30, 31, 32, 33, 34, 35, 36, 37, 38, 39, 40, 41, 42, 43, 44, 45, 46, 47, 48, 49, 50, 51, 52, 53, 54, 55, 56, 57, 58, 59, 60, 61, 62, 63, 64, 65, 66, 67, 68, 69, 70, 71, 72, 73, 74, 75, 76, 77, 78, 79, 80, 81, 82, 83, 84, 85, 86, 87, 88, 89, 90, 91, 92, 93, 94, 95, 96, 98, 99]
s222a_room_kage_13kabe_alp_ovl.bmp					PS2: [1, 8, 15, 21, 27, 34, 41, 47, 52, 56, 62, 69, 75, 81, 87, 91]					MC: [0, 1, 2, 3, 4, 5, 6, 7, 8, 9, 10, 11, 12, 13, 14, 15, 16, 17, 18, 19, 20, 21, 22, 23, 24, 25, 26, 27, 28, 29, 30, 31, 32, 33, 34, 35, 36, 37, 38, 39, 40, 41, 42, 43, 44, 45, 46, 47, 48, 49, 50, 51, 52, 53, 54, 55, 56, 57, 58, 59, 60, 61, 62, 63, 64, 65, 66, 67, 68, 69, 70, 71, 72, 73, 74, 75, 76, 77, 78, 79, 80, 81, 82, 83, 84, 85, 86, 87, 88, 89, 90, 91, 92, 93, 94, 95, 96]
shida2_alp_ovl.bmp					PS2: [1, 31, 61, 75, 92, 95, 124, 125, 126, 127]					MC: [0, 1, 2, 3, 4, 5, 6, 7, 8, 9, 10, 11, 12, 13, 14, 15, 16, 17, 18, 19, 20, 21, 22, 23, 24, 25, 26, 27, 28, 29, 30, 31, 32, 33, 34, 35, 36, 37, 38, 39, 40, 41, 42, 43, 44, 45, 46, 47, 48, 49, 50, 51, 52, 53, 54, 55, 56, 57, 58, 59, 60, 61, 62, 63, 64, 65, 66, 67, 68, 69, 70, 71, 72, 73, 74, 75, 76, 77, 78, 79, 80, 81, 82, 83, 84, 85, 86, 87, 88, 89, 90, 91, 92, 93, 94, 95, 96, 97, 98, 99, 100, 101, 102, 103, 104, 105, 106, 107, 108, 109, 110, 111, 112, 113, 114, 115, 116, 117, 118, 119, 120, 121, 122, 123, 124, 125, 126, 127, 128, 129, 130, 131, 132, 133, 134, 135, 136, 137, 138, 139, 140, 141, 142, 143, 144, 145, 146, 147, 148, 149, 150, 151, 152, 153, 154, 155, 156, 157, 158, 159, 160, 161, 162, 164, 165, 166, 167, 168, 169, 170, 172, 173, 177]
sna_def_hair_front_ovl_alp.bmp					PS2: [1, 4, 7, 8, 9, 10, 12, 13, 15, 16, 17, 18, 19, 20, 22, 24, 25, 27, 31, 35, 36, 39, 40, 41, 42, 46, 48, 49, 52, 55, 58, 59, 60, 62, 63, 64, 66, 69, 70, 72, 73, 75, 76, 77, 79, 82, 83, 84, 85, 86, 88, 89, 91, 92, 93, 94, 95, 96, 98, 99, 101, 102, 103, 104, 105, 106, 107, 108, 109, 110, 111, 112, 113, 114, 115, 116, 117, 118, 120, 121, 122, 123, 124, 125, 126, 128]					MC: [0, 1, 2, 3, 4, 5, 6, 7, 8, 9, 10, 11, 12, 13, 14, 15, 16, 17, 18, 19, 20, 21, 22, 23, 24, 25, 26, 27, 28, 29, 30, 31, 32, 33, 34, 35, 36, 37, 38, 39, 40, 41, 42, 43, 44, 45, 46, 47, 48, 49, 50, 51, 52, 53, 54, 55, 56, 57, 58, 59, 60, 61, 62, 63, 64, 65, 66, 67, 68, 69, 70, 71, 72, 73, 74, 75, 76, 77, 78, 79, 80, 81, 82, 83, 84, 85, 86, 87, 88, 89, 90, 91, 92, 93, 94, 95, 96, 97, 98, 99, 100, 101, 102, 103, 104, 105, 106, 107, 108, 109, 110, 111, 112, 113, 114, 115, 116, 117, 118, 119, 120, 121, 122, 123, 124, 125, 126, 127, 128, 129, 130, 131, 132, 133, 134, 135, 136, 137, 139, 140, 141]
tank_break_left_alp_ovl.bmp					PS2: [1, 5, 8, 12, 14, 16, 19, 22, 25, 27, 29, 30, 32, 34, 37]					MC: [0, 1, 2, 3, 4, 5, 6, 7, 8, 9, 10, 11, 12, 13, 14, 15, 16, 17, 18, 19, 20, 21, 22, 23, 24, 25, 26, 27, 28, 29, 30, 31, 32, 33, 34, 35, 36, 37, 38, 39, 40, 41, 42]
w122a_font_alp_ovl_02.bmp					PS2: [1, 10, 17, 21, 26, 31, 42, 45, 51, 55, 57, 60, 65, 70, 73, 75]					MC: [0, 1, 2, 3, 4, 5, 6, 7, 8, 9, 10, 11, 12, 13, 14, 15, 16, 17, 18, 19, 20, 21, 22, 23, 24, 25, 26, 27, 28, 32, 33, 34, 35, 36, 37, 38, 39, 40, 41, 42, 43, 44, 45, 46, 47, 48, 49, 50, 51, 52, 53, 54, 55, 56, 57, 58, 59, 60, 61, 62, 63, 64, 65, 66, 67, 68, 70, 72, 73, 74, 85, 88, 93, 95, 98, 99, 101, 109]
armory_brkdty00a_alp_ovl.bmp					PS2: [2, 6, 10, 14, 18, 20, 23, 26, 30, 33, 37, 42, 47, 52]					MC: [1, 2, 3, 4, 5, 6, 7, 8, 9, 10, 11, 12, 13, 14, 15, 16, 17, 18, 19, 20, 21, 22, 23, 24, 25, 26, 27, 28, 29, 30, 31, 32, 33, 34, 35, 36, 37, 38, 39, 40, 41, 42, 43, 44, 45, 46, 47, 48, 49, 50, 51, 52, 53, 54, 55, 56, 57, 58, 59, 60]
e02b_lit08_alp_add_ovl.bmp					PS2: [2, 4, 7, 9, 11, 13, 15, 17, 20, 23, 26, 30, 32, 35, 37, 40]					MC: [1, 2, 3, 4, 5, 6, 7, 8, 9, 10, 11, 12, 13, 14, 15, 16, 17, 18, 19, 20, 21, 22, 23, 24, 25, 26, 27, 28, 29, 30, 31, 32, 33, 34, 35, 36, 37, 38, 39, 40, 41, 42, 43, 44, 45, 47]
e02b_pipe03_alp_ovl.bmp					PS2: [2, 17, 34, 45, 51, 66, 67, 83, 84, 98, 101, 107, 114, 123]					MC: [0, 1, 2, 3, 4, 5, 6, 7, 8, 9, 10, 11, 12, 13, 14, 15, 16, 17, 18, 19, 20, 21, 22, 23, 24, 25, 26, 27, 28, 29, 30, 31, 32, 33, 34, 35, 36, 37, 38, 39, 40, 41, 42, 43, 44, 45, 46, 47, 48, 49, 50, 51, 52, 53, 54, 55, 56, 57, 58, 59, 60, 61, 62, 63, 64, 65, 66, 67, 68, 69, 70, 71, 72, 73, 74, 75, 76, 77, 78, 79, 80, 81, 82, 83, 84, 85, 86, 87, 88, 89, 90, 91, 92, 93, 94, 95, 96, 97, 98, 99, 100, 101, 102, 103, 104, 105, 106, 107, 108, 109, 110, 111, 112, 113, 114, 115, 116, 117, 118, 119, 120, 121, 122, 123, 124, 125, 126, 127, 128, 129, 130, 131, 132, 134, 135, 136, 138, 139, 143, 144]
mog_sdw_alp_ovl_14.bmp					PS2: [2, 10, 15, 19, 23, 27, 31, 35, 38, 42, 46, 53, 59, 66, 74, 87]					MC: [0, 1, 2, 3, 4, 5, 6, 7, 8, 9, 10, 11, 12, 13, 14, 15, 16, 17, 18, 19, 20, 21, 22, 23, 24, 25, 26, 27, 28, 29, 30, 31, 32, 33, 34, 35, 36, 37, 38, 39, 40, 41, 42, 43, 44, 45, 46, 47, 48, 49, 50, 51, 52, 53, 54, 55, 56, 57, 58, 59, 60, 61, 62, 63, 64, 65, 66, 67, 68, 69, 70, 71, 72, 73, 74, 75, 76, 77, 78, 79, 80, 81, 82, 83, 84, 86, 87, 88, 89, 90, 91, 92, 93, 94, 95, 96, 97, 98, 99, 100, 101, 102, 103, 104]
oce_def_bull_cap_ovl_sub_alp.bmp					PS2: [2, 3, 4, 5, 6, 7, 8, 9, 10, 11, 12, 13, 14, 15, 16, 18, 19, 20, 21, 22, 23, 24, 25, 26, 27, 28, 29, 30, 31, 32, 33, 34, 35, 36, 37, 38, 40, 41, 42, 45, 46, 47, 48, 50, 51, 52]					MC: [2, 3, 4, 5, 6, 7, 8, 9, 10, 11, 12, 13, 14, 15, 16, 17, 18, 19, 20, 21, 22, 23, 24, 25, 26, 27, 28, 29, 30, 31, 32, 33, 34, 35, 36, 37, 38, 39, 40, 41, 42, 44, 45, 46, 48, 49, 50, 51]
plant_a00_alp_ovl.bmp					PS2: [2, 5, 8, 11, 14, 17, 18, 21, 23, 27, 29, 32, 33, 34, 35, 36, 38, 39, 40, 41, 44, 45, 46, 47, 48, 50, 51, 52, 53, 54, 55, 56, 57, 59, 61, 62, 63, 64, 65, 66, 67, 68, 69, 70, 72, 73, 75, 76, 77, 79, 80, 81, 82, 83, 84, 85, 86, 87, 88, 89, 90, 91, 92, 93, 94, 95, 96, 97, 98, 99, 100, 101, 102, 103, 104, 105]					MC: [0, 1, 2, 3, 4, 5, 6, 7, 8, 9, 10, 11, 12, 13, 14, 15, 16, 17, 18, 19, 20, 21, 22, 23, 24, 25, 26, 27, 28, 29, 30, 31, 32, 33, 34, 35, 36, 37, 38, 39, 40, 41, 42, 43, 44, 45, 46, 47, 48, 49, 50, 51, 52, 53, 54, 55, 56, 57, 58, 59, 60, 61, 62, 63, 64, 65, 66, 67, 68, 69, 70, 71, 72, 73, 74, 75, 76, 77, 78, 79, 80, 81, 82, 83, 84, 85, 86, 87, 88, 89, 90, 91, 92, 93, 94, 95, 96, 97, 98, 99, 100, 101, 102, 103, 104, 105, 106, 107, 108, 109, 110, 111, 112, 113, 114, 115, 116, 117, 118, 119, 120, 121, 122, 123, 124, 125, 126, 127, 128, 129, 130, 131, 132, 133, 134, 135, 136, 137, 138, 139, 140, 141, 142, 143, 144, 145, 146, 147, 148, 149, 150, 152, 153, 154, 155, 158, 159, 163, 168, 169, 173]
s054a_light00_add_alp_ovl.bmp_8bc0d76bef0252789376f3fc9fffd717					PS2: [2, 3, 4, 5, 6, 7, 8, 9, 10, 11, 12, 13, 14, 15, 16, 17, 18, 19, 20, 21, 22, 23, 24, 25, 26]					MC: [1, 2, 3, 4, 5, 6, 7, 8, 9, 10, 11, 12, 13, 14, 15, 16, 17, 18, 19, 20, 21, 22, 23, 24, 25, 26, 27]
s062a_mog_sdw_alp_add_03.trans.bmp					PS2: [2, 7, 19, 25, 32, 38, 47, 55, 63, 72, 81, 82, 90, 91, 100, 109, 118, 128]					MC: [2, 4, 10, 19, 24, 29, 32, 39, 45, 49, 57, 62, 72, 77, 84, 91, 98, 105, 112, 120, 126, 128, 129]
s091a_flpnl01_alp_ovl.bmp					PS2: [2, 3, 10, 17, 21, 28, 38, 42, 128]					MC: [0, 1, 2, 3, 4, 5, 6, 7, 8, 9, 10, 11, 12, 13, 14, 15, 16, 17, 18, 19, 20, 21, 22, 23, 24, 25, 26, 27, 28, 30, 31, 32, 33, 34, 35, 36, 37, 38, 40, 41, 42, 43, 44, 46, 47, 48, 50, 51, 52, 53, 54, 55, 56, 57, 58, 59, 60, 61, 62, 63, 64, 65, 66, 68, 69, 70, 71, 72, 73, 74, 75, 77, 78, 81, 82, 83, 84, 85, 86, 88, 89, 90, 91, 92, 93, 94, 95, 96, 97, 98, 100, 102, 103, 104, 105, 107, 108, 109, 110, 111, 112, 113, 114, 115, 117, 127, 128, 129, 130, 131, 132, 133, 134, 135, 136, 137, 138, 139]
s111a_s091a_flpnl01_alp_ovl.bmp					PS2: [2, 26, 128]					MC: [0, 1, 2, 3, 4, 5, 6, 7, 8, 10, 11, 13, 14, 20, 21, 22, 23, 24, 25, 26, 28, 29, 30, 31, 33, 34, 36, 40, 41, 56, 60, 67, 70, 71, 72, 73, 75, 76, 77, 78, 81, 84, 90, 91, 93, 95, 96, 98, 99, 100, 101, 102, 103, 104, 107, 109, 110, 121, 122, 126, 127, 128, 129, 130, 131, 132, 133, 134, 135, 136, 137, 138, 139, 141, 142, 148, 149, 157]
s111a_s091a_taiyakonb_alp_ovl.bmp					PS2: [2, 8, 12, 16, 19, 22, 25, 28, 32, 35, 38, 42, 47, 52, 61]					MC: [1, 2, 3, 4, 5, 6, 7, 8, 9, 10, 11, 12, 13, 14, 15, 16, 17, 18, 19, 20, 21, 22, 23, 24, 25, 26, 27, 28, 29, 30, 31, 32, 33, 34, 35, 36, 37, 38, 39, 40, 41, 42, 43, 44, 45, 46, 47, 48, 49, 50, 51, 52, 53, 54, 55, 56, 57, 58, 59, 60, 61, 62, 63, 64, 65, 66, 67, 68, 69, 70, 71, 72, 73, 74, 75, 76, 77, 78, 79, 80, 81]
s112a_toilet_kage_01_alp_ovl.bmp					PS2: [2, 12, 18, 23, 27, 33, 37, 41, 47, 52, 58, 62, 66, 74, 82, 90]					MC: [0, 1, 2, 3, 4, 5, 6, 7, 8, 9, 10, 11, 12, 13, 14, 15, 16, 17, 18, 19, 20, 21, 22, 23, 24, 25, 26, 27, 28, 29, 30, 31, 32, 33, 34, 35, 36, 37, 38, 39, 40, 41, 42, 43, 44, 45, 46, 47, 48, 49, 50, 51, 52, 53, 54, 55, 56, 57, 58, 59, 60, 61, 62, 63, 64, 65, 66, 67, 68, 69, 70, 71, 72, 73, 74, 75, 76, 77, 78, 79, 80, 81, 82, 83, 84, 85, 86, 87, 88, 89, 90, 91, 92, 93, 94, 95]
s131a_mog_sdw_alp_ovl_01.bmp					PS2: [2, 7, 9, 10, 12, 14, 15, 16, 18, 19, 22, 24, 28, 45, 98]					MC: [1, 2, 3, 4, 5, 6, 7, 8, 9, 10, 11, 12, 13, 14, 15, 16, 17, 18, 19, 20, 21, 22, 23, 24, 25, 26, 27, 31, 32, 33, 34, 35, 36, 37, 38, 46, 48, 53, 55, 64, 65, 73, 74, 75, 76, 79, 85, 86, 90, 101, 102, 103, 105, 106, 107, 108, 109, 114, 115, 116, 118, 123, 124, 127]
s041a_treebg_00_alp_ovl.bmp					PS2: [3, 114, 120, 124, 125, 126, 128]					MC: [0, 1, 2, 3, 4, 5, 6, 7, 8, 9, 10, 11, 12, 13, 14, 15, 16, 17, 18, 19, 20, 21, 22, 23, 24, 25, 26, 27, 28, 29, 30, 31, 32, 33, 34, 35, 36, 37, 38, 39, 40, 41, 42, 43, 44, 45, 46, 47, 48, 49, 50, 51, 52, 53, 54, 55, 56, 57, 58, 59, 60, 61, 62, 63, 64, 65, 66, 67, 68, 69, 70, 71, 72, 73, 74, 75, 76, 77, 78, 79, 80, 81, 82, 83, 84, 85, 86, 87, 88, 89, 90, 91, 92, 93, 94, 95, 96, 97, 98, 99, 100, 101, 102, 103, 104, 105, 106, 107, 108, 109, 110, 111, 112, 113, 114, 115, 116, 117, 118, 119, 120, 121, 122, 123, 124, 125, 126, 127, 128, 129, 130, 131, 132, 133, 134, 135, 136, 137, 138, 139, 140, 141, 142, 143, 144, 145, 146, 147, 148, 149, 150, 151, 152, 153, 154, 155, 156, 158, 160, 161, 162, 163, 164, 171, 173]
s101a_sdw_d00_alp_ovl.bmp					PS2: [3, 8, 11, 16, 21, 26, 31, 36, 42, 52, 61, 64, 67, 71, 76, 81]					MC: [1, 2, 3, 4, 5, 6, 7, 8, 9, 10, 11, 12, 13, 14, 15, 16, 17, 18, 19, 20, 21, 22, 23, 24, 25, 26, 27, 28, 29, 30, 31, 32, 33, 34, 35, 36, 37, 38, 39, 40, 41, 42, 43, 44, 45, 46, 47, 48, 49, 50, 51, 52, 53, 54, 55, 56, 57, 58, 59, 60, 61, 62, 63, 64, 65, 66, 67, 68, 69, 70, 71, 72, 73, 74, 75, 76, 77, 78, 79, 80, 81, 82, 83, 84, 85, 86, 87, 88, 89, 90, 91, 92, 93, 94, 95, 96, 97, 98, 101]
s101a_sdw_tesuri_alp_ovl.bmp					PS2: [3, 5, 8, 11, 15, 19, 21, 24, 32, 36, 40, 63, 78, 94, 126]					MC: [1, 2, 3, 4, 5, 6, 7, 8, 9, 10, 11, 12, 13, 14, 15, 16, 17, 18, 19, 20, 21, 22, 23, 24, 25, 26, 27, 28, 29, 30, 31, 32, 33, 34, 35, 36, 37, 38, 39, 40, 41, 42, 43, 44, 45, 46, 47, 48, 49, 50, 51, 52, 53, 54, 55, 56, 57, 58, 59, 62, 63, 64, 65, 68, 69, 70, 71, 72, 73, 77, 78, 79, 80, 81, 82, 83, 84, 85, 88, 89, 90, 91, 92, 93, 94, 96, 97, 100, 104, 106, 107, 109, 111, 112, 114, 116, 120, 121, 122, 124, 126, 127, 131, 132, 136, 139, 141, 143, 147, 159, 161]
s112a_goumon_kage_01_alp_ovl.bmp					PS2: [3, 15, 26, 33, 39, 45, 53, 60, 64, 68, 73, 79, 83, 87, 92, 98]					MC: [0, 1, 2, 3, 4, 5, 6, 7, 8, 9, 10, 11, 12, 13, 14, 15, 16, 17, 18, 19, 20, 21, 22, 23, 24, 25, 26, 27, 28, 29, 30, 31, 32, 33, 34, 35, 36, 37, 38, 39, 40, 41, 42, 43, 44, 45, 46, 47, 48, 49, 50, 51, 52, 53, 54, 55, 56, 57, 58, 59, 60, 61, 62, 63, 64, 65, 66, 67, 68, 69, 70, 71, 72, 73, 74, 75, 76, 77, 78, 79, 80, 81, 82, 83, 84, 85, 86, 87, 88, 89, 90, 91, 92, 93, 94, 95, 96, 97, 98, 99, 100, 101, 102, 103, 104, 105]
s113a_roof_bar04_alp_ovl.bmp					PS2: [3, 4, 5, 6, 7, 17, 18, 24, 26, 38, 45, 52, 128]					MC: [0, 1, 2, 3, 4, 5, 6, 7, 8, 9, 10, 11, 12, 13, 14, 15, 16, 17, 18, 19, 20, 21, 22, 23, 24, 25, 26, 27, 28, 29, 30, 31, 32, 33, 34, 35, 36, 37, 38, 39, 40, 41, 42, 43, 44, 45, 46, 47, 48, 49, 50, 51, 52, 53, 54, 55, 56, 57, 58, 59, 60, 62, 63, 64, 65, 67, 70, 75, 87, 90, 91, 92, 93, 94, 95, 96, 98, 99, 100, 101, 103, 105, 106, 107, 109, 110, 111, 112, 113, 114, 115, 116, 117, 119, 121, 122, 123, 124, 125, 126, 127, 128, 129, 130, 131, 132, 133, 134, 135, 136, 137, 138, 139, 140, 141, 145, 146, 147, 148, 149, 152, 157, 158]
s222a_room_hikari_01_alp_ovl.bmp					PS2: [3, 6, 8, 10, 12, 13, 15, 17, 18, 20, 21, 23, 24, 26, 28, 30]					MC: [1, 2, 3, 4, 5, 6, 7, 8, 9, 10, 11, 12, 13, 14, 15, 16, 17, 18, 19, 20, 21, 22, 23, 24, 25, 26, 27, 28, 29, 30, 31, 32, 33]
winef00_add_alp.trans.bmp					PS2: [3, 9, 13, 18, 21, 25, 29, 34, 38, 43, 47, 51, 56, 61]					MC: [2, 3, 4, 5, 6, 7, 8, 9, 10, 11, 12, 13, 14, 15, 16, 17, 18, 19, 20, 21, 22, 23, 24, 25, 26, 27, 28, 29, 30, 31, 32, 33, 34, 35, 36, 37, 38, 39, 40, 41, 42, 43, 44, 45, 46, 47, 48, 49, 50, 51, 52, 53, 54, 55, 56, 57, 58, 59, 60, 61, 62, 63, 64, 65]
armory_brkdty00_alp_ovl.bmp					PS2: [4, 15, 24, 32, 41, 48, 54, 62, 70, 77, 87, 99, 111, 122]					MC: [1, 2, 3, 4, 5, 6, 7, 8, 9, 10, 11, 12, 13, 14, 15, 16, 17, 18, 19, 20, 21, 22, 23, 24, 25, 26, 27, 28, 29, 30, 31, 32, 33, 34, 35, 36, 37, 38, 39, 40, 41, 42, 43, 44, 45, 46, 47, 48, 49, 50, 51, 52, 53, 54, 55, 56, 57, 58, 59, 60, 61, 62, 63, 64, 65, 66, 67, 68, 69, 70, 71, 72, 73, 74, 75, 76, 77, 78, 79, 80, 81, 82, 83, 84, 85, 86, 87, 88, 89, 90, 91, 92, 93, 94, 95, 96, 97, 98, 99, 100, 101, 102, 103, 104, 105, 106, 107, 108, 109, 110, 111, 112, 113, 114, 115, 116, 117, 118, 119, 120, 121, 122, 123, 124, 125, 126, 127, 128, 129, 130, 131, 132, 133, 135, 136]
armory_brkdty00_alp_ovl.bmp_60a7da6c823ac3bdd7ca733a24a4129c					PS2: [4, 9, 16, 24, 32, 40, 46, 53, 62, 69, 74, 81, 87, 98, 111, 122]					MC: [2, 3, 4, 5, 6, 7, 8, 9, 10, 11, 12, 13, 14, 15, 16, 17, 18, 19, 20, 21, 22, 23, 24, 25, 26, 27, 28, 29, 30, 31, 32, 33, 34, 35, 36, 37, 38, 39, 40, 41, 42, 43, 44, 45, 46, 47, 48, 49, 50, 51, 52, 53, 54, 55, 56, 57, 58, 59, 60, 61, 62, 63, 64, 65, 66, 67, 68, 69, 70, 71, 72, 73, 74, 75, 76, 77, 78, 79, 80, 81, 82, 83, 84, 85, 86, 87, 88, 89, 90, 91, 92, 93, 94, 95, 96, 97, 98, 99, 100, 101, 102, 103, 104, 105, 106, 107, 108, 109, 110, 111, 112, 113, 114, 115, 116, 117, 118, 119, 120, 121, 122, 123, 124, 125, 126, 127, 128, 129, 130, 131, 132, 133, 134, 136, 137]
fury_def_gun_ovl_sub_alp.bmp					PS2: [4, 5, 6, 8, 10, 11, 13, 14, 15, 16, 17, 18, 19, 20, 21, 22, 23, 24, 25, 26, 27, 28, 29, 30, 31, 32, 33, 34, 35, 36, 37, 38, 39, 42, 43, 44, 46, 48, 49]					MC: [0, 1, 2, 3, 4, 5, 6, 7, 8, 9, 10, 11, 12, 13, 14, 15, 16, 17, 18, 19, 20, 21, 22, 23, 24, 25, 26, 27, 28, 29, 30, 31, 32, 33, 34, 35, 36, 37, 38, 39, 40, 41, 42, 43, 44, 45, 46, 47, 48, 49, 50, 51, 52, 53, 54, 55, 56]
mog_lightl_decal_add_alp_ovl_07.bmp					PS2: [4, 5, 6, 7, 8, 9, 10, 11, 12, 13, 14, 15, 16, 17, 18, 19, 20, 21, 22, 23, 24, 25, 26, 27, 28, 29, 30, 31, 32, 33, 34]					MC: [4, 5, 6, 7, 8, 9, 10, 11, 12, 13, 14, 15, 16, 17, 18, 19, 20, 21, 22, 23, 24, 25, 26, 27, 28, 29, 30, 31, 32, 33, 34, 35, 36]
pai_def_hand_low_ovl_sub_alp.bmp					PS2: [4, 8, 11, 13, 14, 16, 18, 20, 21, 23, 26, 32, 36, 40, 46, 62]					MC: [3, 4, 5, 6, 7, 8, 9, 10, 11, 12, 13, 14, 15, 16, 17, 18, 19, 20, 21, 22, 23, 24, 25, 26, 27, 28, 29, 30, 31, 32, 33, 34, 35, 36, 37, 38, 39, 40, 41, 42, 43, 44, 45, 46, 47, 48, 49, 50, 51, 52, 53, 54, 55, 56, 58, 60, 61, 63, 65, 66, 67, 71, 72, 73, 74, 76, 80, 82, 83, 84]
s052a_ent_kage_04_alp_ovl.bmp					PS2: [4, 11, 20, 24, 28, 32, 36, 39, 43, 47, 50, 54, 58, 63, 68, 74]					MC: [2, 3, 4, 5, 6, 7, 8, 9, 10, 11, 12, 13, 14, 15, 16, 17, 18, 19, 20, 21, 22, 23, 24, 25, 26, 27, 28, 29, 30, 31, 32, 33, 34, 35, 36, 37, 38, 39, 40, 41, 42, 43, 44, 45, 46, 47, 48, 49, 50, 51, 52, 53, 54, 55, 56, 57, 58, 59, 60, 61, 62, 63, 64, 65, 66, 67, 68, 69, 70, 71, 72, 73, 74, 75, 76, 77, 78, 79, 80]
s091a_flpnl01_alp_ovl.bmp_34fe3d49df8e7d0f082189def61b07ee					PS2: [4, 5, 8, 9, 11, 34, 36, 128]					MC: [0, 1, 2, 3, 4, 5, 6, 7, 8, 9, 10, 11, 12, 13, 14, 15, 16, 17, 18, 19, 20, 21, 22, 23, 24, 25, 26, 27, 28, 29, 31, 32, 35, 40, 41, 44, 46, 47, 48, 50, 51, 52, 53, 54, 55, 56, 57, 59, 60, 61, 62, 63, 64, 65, 66, 67, 68, 69, 70, 71, 73, 75, 76, 77, 78, 79, 80, 81, 82, 83, 84, 85, 86, 87, 88, 89, 90, 91, 93, 96, 98, 101, 102, 104, 105, 106, 107, 108, 109, 110, 111, 113, 116, 118, 127, 128, 129, 130, 131, 132, 133, 134, 135, 136, 137, 138, 139]
s123a_mog_haikei_decal_alp_ovl_03.bmp					PS2: [4, 11, 19, 29, 40, 52, 66, 76, 87, 93, 98, 107, 116, 121, 122, 123]					MC: [3, 4, 5, 6, 7, 8, 9, 10, 11, 12, 13, 14, 17, 18, 19, 20, 21, 22, 23, 24, 25, 26, 27, 28, 29, 30, 31, 32, 33, 34, 35, 36, 37, 38, 39, 40, 41, 42, 43, 44, 45, 46, 47, 48, 49, 50, 51, 52, 53, 54, 55, 56, 57, 58, 62, 63, 64, 65, 66, 67, 68, 69, 70, 71, 72, 73, 74, 75, 76, 77, 78, 79, 80, 81, 82, 83, 84, 85, 86, 87, 88, 89, 90, 91, 92, 93, 94, 95, 96, 97, 98, 99, 100, 101, 102, 103, 104, 105, 106, 107, 108, 109, 110, 111, 112, 113, 114, 115, 116, 117, 118, 119, 120, 121, 122, 123, 124, 125, 126]
s091a_taiyakona_alp_ovl.bmp					PS2: [5, 10, 14, 17, 20, 23, 26, 29, 33, 37, 41, 46, 50, 54, 59]					MC: [4, 5, 6, 8, 9, 10, 11, 12, 13, 14, 15, 16, 17, 18, 19, 20, 21, 22, 23, 24, 25, 26, 27, 28, 29, 30, 31, 32, 33, 34, 35, 36, 37, 38, 39, 40, 41, 42, 43, 44, 45, 46, 47, 48, 49, 50, 51, 52, 53, 54, 55, 56, 57, 58, 59, 60, 61, 62, 63, 64, 65, 66, 68]
s111a_s091a_taiyakona_alp_ovl.bmp					PS2: [5, 7, 12, 18, 25, 31, 34, 37, 39, 42, 45, 47, 50, 53, 56]					MC: [4, 5, 6, 7, 8, 9, 10, 11, 12, 13, 14, 15, 16, 17, 18, 19, 20, 21, 22, 23, 24, 25, 26, 27, 28, 29, 30, 31, 32, 33, 34, 35, 36, 37, 38, 39, 40, 41, 42, 43, 44, 45, 46, 47, 48, 49, 50, 51, 52, 53, 54, 55, 56, 57, 58, 59, 60, 61, 62, 63, 65]
v000a_kinokatamari_a01_alp_ovl_rep.bmp					PS2: [5, 6, 7, 45, 89, 90, 128]					MC: [1, 2, 3, 4, 5, 6, 7, 8, 9, 10, 11, 38, 39, 40, 41, 42, 43, 44, 45, 89, 90, 91, 92, 93, 94, 123, 124, 125, 126, 127, 128, 129, 130, 131, 132]
s091a_lit1_add_alp_ovl.bmp					PS2: [6, 37, 50, 53, 65, 68, 109, 114]					MC: [7, 8, 9, 12, 13, 14, 15, 16, 17, 18, 19, 20, 21, 22, 23, 25, 28, 29, 30, 34, 35, 36, 37, 38, 40, 41, 42, 44, 45, 46, 47, 48, 49, 50, 51, 52, 53, 54, 55, 56, 57, 58, 59, 60, 61, 62, 63, 65, 68, 70, 71, 74, 76, 77, 78, 79, 81, 82, 83, 84, 85, 86, 87, 88, 89, 90, 91, 92, 93, 94, 95, 96, 97, 98, 99, 100, 101, 102, 103, 104, 105, 108, 109, 110, 111, 112, 113, 114, 115, 116, 117, 118, 119, 120, 121, 122, 123, 124, 125, 126, 127, 128, 129, 130, 131, 132, 133, 134, 135, 136, 137, 138, 139, 141, 143, 144, 145]
storehouse_sdwbrk02_alp_ovl.bmp					PS2: [6, 14, 27, 45, 70, 88]					MC: [5, 6, 7, 8, 9, 10, 11, 12, 13, 14, 15, 16, 17, 18, 19, 20, 21, 22, 23, 24, 25, 26, 27, 28, 29, 30, 31, 32, 33, 34, 35, 36, 37, 38, 39, 40, 41, 42, 43, 44, 45, 46, 47, 48, 49, 50, 51, 52, 53, 54, 55, 56, 57, 58, 59, 60, 61, 62, 63, 64, 65, 66, 67, 68, 69, 70, 71, 72, 73, 74, 75, 76, 77, 78, 79, 80, 81, 82, 83, 84, 85, 86, 87, 88, 89, 90, 91, 92, 93, 94, 95, 96, 97, 98, 99, 101, 104, 105]
test2_add_alp.trans.bmp					PS2: [6, 37, 50, 53, 65, 68, 109, 114]					MC: [7, 8, 9, 12, 13, 14, 15, 16, 17, 18, 19, 20, 21, 22, 23, 25, 28, 29, 30, 34, 35, 36, 37, 38, 40, 41, 42, 44, 45, 46, 47, 48, 49, 50, 51, 52, 53, 54, 55, 56, 57, 58, 59, 60, 61, 62, 63, 65, 68, 70, 71, 74, 76, 77, 78, 79, 81, 82, 83, 84, 85, 86, 87, 88, 89, 90, 91, 92, 93, 94, 95, 96, 97, 98, 99, 100, 101, 102, 103, 104, 105, 108, 109, 110, 111, 112, 113, 114, 115, 116, 117, 118, 119, 120, 121, 122, 123, 124, 125, 126, 127, 128, 129, 130, 131, 132, 133, 134, 135, 136, 137, 138, 139, 141, 143, 144, 145]
alarm_02_sdw_alp_ovl.bmp					PS2: [7, 14, 20, 22, 33, 34, 35, 36, 53, 54, 55]					MC: [5, 6, 7, 8, 9, 10, 11, 15, 16, 17, 18, 19, 20, 21, 22, 23, 24, 25, 26, 27, 28, 29, 30, 31, 32, 33, 34, 37, 38, 50, 51, 52, 53, 54, 55, 56, 57, 58, 59, 60, 61, 62, 63, 64, 68]
ahandleber_ovl_sub_alp.bmp					PS2: [8, 9, 14, 18, 21, 23, 24, 26, 28, 29, 30, 31, 33, 35, 36, 38, 39, 42, 46]					MC: [7, 8, 9, 10, 11, 12, 13, 14, 15, 16, 17, 18, 19, 20, 21, 22, 23, 24, 25, 26, 27, 28, 29, 30, 31, 32, 33, 34, 35, 36, 37, 38, 39, 40, 41, 42, 43, 44, 45, 46, 47, 48, 49, 50, 51]
ahandleber_ovl_sub_alp.bmp_194d8fb1651b709d6895f4ec73c927be					PS2: [8, 9, 14, 18, 21, 23, 24, 26, 28, 29, 30, 31, 33, 35, 36, 38, 39, 42, 46]					MC: [8, 9, 10, 11, 12, 13, 14, 15, 16, 17, 18, 19, 20, 21, 22, 23, 24, 25, 26, 27, 28, 29, 30, 31, 32, 33, 34, 35, 36, 37, 38, 39, 40, 41, 42, 43, 44, 45, 46, 47, 48]
ataiyabase_ovl_sub_alp.bmp					PS2: [8, 15, 16, 21, 24, 27, 29, 32, 35, 39, 42, 45, 48, 54]					MC: [7, 8, 9, 10, 11, 13, 14, 15, 16, 17, 18, 19, 20, 21, 22, 23, 24, 25, 26, 27, 28, 29, 30, 31, 32, 33, 34, 35, 36, 37, 38, 39, 40, 41, 42, 43, 44, 45, 46, 47, 48, 49, 50, 51, 52, 53, 54, 55, 56, 57, 58, 59]
ataiyabase_ovl_sub_alp.bmp_369e6b99fc38083c1787314a7fdc765c					PS2: [8, 15, 16, 21, 24, 27, 29, 32, 35, 39, 42, 45, 48]					MC: [8, 9, 10, 12, 13, 14, 15, 17, 18, 19, 20, 21, 22, 23, 24, 25, 26, 27, 28, 29, 30, 32, 33, 34, 35, 36, 37, 38, 39, 40, 41, 42, 43, 44, 45, 46, 47, 48, 49]
s053a_sdw_tablewood00_alp_ovl.bmp					PS2: [8, 12, 17, 23, 30, 33, 35, 38, 42, 44, 48, 54, 58, 60, 69, 74]					MC: [5, 6, 7, 8, 9, 10, 11, 12, 13, 14, 15, 16, 17, 18, 19, 20, 21, 22, 23, 24, 25, 26, 27, 28, 29, 30, 31, 32, 33, 34, 35, 36, 37, 38, 39, 40, 41, 42, 43, 44, 45, 46, 47, 48, 49, 50, 51, 52, 53, 55, 56, 58, 59, 60, 61, 62, 63, 64, 65, 66, 67, 68, 69, 70, 71, 72, 73, 74, 75, 76, 77, 78, 79, 80, 81, 82, 83, 84, 85, 86, 87, 88, 89, 90, 91, 92, 93, 94]
s053a_sdwa00_alp_ovl.bmp					PS2: [8, 11, 15, 18, 21, 26, 31, 36, 41, 46, 53, 60, 67, 74, 80, 89]					MC: [6, 7, 8, 9, 10, 11, 12, 13, 14, 15, 16, 17, 18, 19, 20, 21, 22, 23, 24, 25, 26, 27, 28, 29, 30, 31, 32, 33, 34, 35, 36, 37, 38, 39, 40, 41, 42, 43, 44, 45, 46, 47, 48, 49, 50, 51, 52, 53, 54, 55, 56, 57, 58, 59, 60, 61, 62, 63, 64, 65, 66, 67, 68, 69, 70, 71, 72, 73, 74, 75, 76, 77, 78, 79, 80, 81, 82, 83, 84, 85, 86, 87, 89, 90, 91, 92, 93, 94, 95, 96, 97, 98, 99, 111, 114, 117]
s053a_sdwa00_alp_ovl.bmp_48cb97b621dabb7c29d26755d7d97bf1					PS2: [8, 11, 15, 18, 21, 26, 31, 36, 41, 47, 53, 60, 66, 74, 81, 89]					MC: [6, 7, 8, 9, 10, 11, 12, 13, 14, 15, 16, 17, 18, 19, 20, 21, 22, 23, 24, 25, 26, 27, 28, 29, 30, 31, 32, 33, 34, 35, 36, 37, 38, 39, 40, 41, 42, 43, 44, 45, 46, 47, 48, 49, 50, 51, 52, 53, 54, 55, 56, 57, 58, 59, 60, 61, 62, 63, 64, 65, 66, 67, 68, 69, 70, 71, 72, 73, 74, 75, 76, 77, 78, 79, 80, 81, 82, 83, 84, 85, 86, 87, 88, 89, 90, 91, 92, 93, 94, 95, 96, 97, 98, 99, 109, 110, 112, 115]
s091a_holea_alp_ovl.bmp					PS2: [8, 34, 128]					MC: [0, 1, 2, 3, 4, 5, 6, 7, 8, 9, 10, 11, 12, 13, 14, 15, 16, 17, 18, 19, 20, 21, 22, 23, 24, 25, 26, 27, 28, 35, 36, 40, 44, 45, 46, 47, 48, 49, 51, 55, 57, 59, 60, 61, 62, 63, 64, 65, 67, 73, 74, 75, 76, 77, 78, 79, 80, 81, 82, 83, 84, 85, 86, 87, 89, 90, 91, 92, 93, 95, 96, 97, 98, 99, 100, 101, 102, 103, 104, 105, 107, 109, 110, 112, 126, 127, 128, 129, 130, 131, 132, 133, 134, 135, 136, 137, 138, 139, 142]
s111a_s091a_flrusty00_alp_ovl.bmp					PS2: [8, 42, 70, 82, 128]					MC: [3, 4, 5, 6, 7, 8, 9, 10, 11, 12, 13, 14, 15, 16, 17, 18, 19, 20, 21, 22, 23, 24, 25, 26, 27, 28, 29, 30, 31, 32, 33, 34, 35, 36, 37, 38, 39, 40, 41, 42, 43, 44, 45, 46, 47, 48, 49, 50, 51, 52, 53, 54, 55, 56, 57, 58, 59, 60, 61, 62, 63, 64, 65, 66, 67, 68, 69, 70, 71, 72, 73, 74, 75, 76, 77, 78, 79, 80, 83, 84, 86, 88, 119, 124, 127, 129, 135, 140, 141, 142, 143, 144, 145, 146, 147, 148, 149, 150, 151, 152, 153, 154, 155, 156, 157, 158, 160, 162, 164, 165]
sna_mgs3_arm_ovl_sub_alp.bmp					PS2: [8, 12, 14, 17, 18, 20, 21, 23, 25, 27, 29, 31, 33, 37, 44]					MC: [7, 8, 9, 10, 11, 12, 13, 14, 15, 16, 17, 18, 19, 20, 21, 22, 23, 24, 25, 26, 27, 28, 29, 30, 31, 32, 33, 34, 35, 36, 37, 38, 39, 40, 41, 42, 43, 45, 46, 47, 48, 49]
label_weap_m37_alp_ovl.bmp					PS2: [9, 10, 11, 18, 19, 27, 28, 36, 37, 41, 51, 52, 59, 60, 65, 69, 70]					MC: [4, 6, 7, 8, 9, 10, 11, 12, 13, 14, 15, 16, 17, 18, 19, 20, 21, 22, 23, 24, 25, 26, 27, 28, 29, 30, 31, 32, 33, 34, 35, 36, 37, 38, 39, 40, 41, 42, 43, 44, 45, 46, 47, 48, 49, 50, 51, 52, 53, 54, 55, 56, 57, 58, 59, 60, 61, 62, 63, 64, 65, 66, 67, 68, 69, 70, 71, 72, 73, 74, 75, 76, 77, 78, 79, 80, 81, 82, 83, 84, 85, 86, 87, 88, 91, 94, 95]
s074a_sdw_window0_alp_ovl.bmp					PS2: [9, 12, 15, 22, 29, 36, 47, 51, 59, 67, 69, 73, 77, 79, 81, 84]					MC: [1, 4, 5, 6, 7, 8, 9, 10, 11, 12, 13, 14, 15, 16, 17, 18, 19, 20, 21, 22, 23, 24, 25, 26, 27, 28, 29, 30, 31, 32, 33, 34, 35, 36, 37, 38, 39, 40, 41, 42, 43, 44, 45, 46, 47, 48, 49, 50, 51, 52, 53, 54, 55, 56, 57, 58, 59, 60, 61, 62, 63, 64, 65, 66, 67, 68, 69, 70, 71, 72, 73, 74, 75, 76, 77, 78, 79, 80, 81, 82, 83, 84, 85, 86, 87, 88, 89, 90, 91, 92, 93, 94, 95, 96, 97, 98, 99, 100, 101, 102, 103, 104, 105, 106, 107, 108, 109, 111, 112, 113, 114, 115, 116, 117, 118]
shago_picture_alp_ovl.bmp					PS2: [9, 32, 35, 128]					MC: [9, 11, 12, 13, 14, 15, 16, 19, 20, 21, 22, 23, 24, 25, 26, 27, 28, 29, 31, 33, 34, 65, 69, 70, 77, 78, 79, 83, 84, 85, 87, 88, 95, 96, 100, 102, 110, 111, 114, 115, 117, 118, 119, 125, 127, 128, 129, 130, 131, 132, 133, 135, 136, 137, 138, 139, 140, 142, 143, 151]
s053a_light_a00_alp_ovl.bmp					PS2: [10, 14, 17, 20, 24, 30, 35, 43, 52, 55, 58, 73, 85, 90, 94, 128]					MC: [10, 11, 12, 13, 14, 15, 16, 17, 18, 19, 20, 21, 22, 23, 24, 25, 26, 27, 28, 29, 30, 31, 33, 35, 37, 39, 41, 42, 43, 44, 45, 46, 47, 48, 49, 50, 51, 53, 55, 56, 58, 59, 60, 61, 62, 63, 64, 65, 66, 69, 71, 72, 73, 74, 76, 78, 80, 81, 82, 83, 84, 85, 86, 87, 88, 89, 90, 91, 92, 109, 113, 114, 117, 118, 119, 120, 121, 122, 123, 124, 125, 126, 127, 128, 129, 130, 131, 132, 133, 134, 135, 136, 137, 138, 139, 143, 144, 145, 146, 147, 148, 155]
s054a_floor_b00_alp_ovl.bmp					PS2: [10, 15, 20, 26, 32, 39, 45, 50, 52, 59, 64, 69, 77, 85, 92, 102]					MC: [8, 9, 10, 11, 12, 13, 14, 15, 16, 17, 18, 19, 20, 21, 22, 23, 24, 25, 26, 27, 28, 29, 30, 31, 32, 33, 34, 35, 36, 37, 38, 39, 40, 41, 42, 43, 44, 45, 46, 47, 48, 49, 50, 51, 52, 53, 54, 55, 56, 57, 58, 59, 60, 61, 62, 63, 64, 65, 66, 67, 68, 69, 70, 71, 72, 73, 74, 75, 76, 77, 78, 79, 80, 81, 82, 83, 84, 85, 86, 87, 88, 89, 90, 91, 92, 93, 94, 95, 96, 97, 98, 99, 100, 101, 102, 103, 104, 105, 106, 107, 108, 109, 110, 111, 112]
s161ap0_s121a_lightc_add_alp_ovl.bmp					PS2: [10, 14, 17, 20, 23, 26, 29, 31]					MC: [9, 10, 11, 12, 13, 14, 15, 16, 17, 18, 19, 20, 21, 22, 23, 24, 25, 26, 27, 28, 29, 30, 31, 32, 33]
gra_dead_foot_s_ovl_sub_alp.bmp					PS2: [11, 13, 14, 15, 17, 18, 19, 21, 24, 25, 27, 30, 35, 44, 53, 63]					MC: [9, 10, 11, 12, 13, 14, 15, 16, 17, 18, 19, 20, 21, 22, 23, 24, 25, 26, 27, 28, 29, 30, 31, 32, 33, 34, 35, 36, 37, 38, 39, 40, 41, 42, 43, 44, 45, 46, 47, 48, 50, 51, 52, 54, 55, 56, 57, 58, 59, 60, 61, 62, 64, 65, 66, 67, 70, 71, 74, 75, 78]
misile_grass_00_alp_ovl.bmp					PS2: [12, 13, 14, 15, 16, 17, 18, 19, 20, 21, 22, 23, 24, 25, 26, 27, 28, 29, 30, 31, 32, 33, 34, 35, 36, 37, 38, 39, 40, 41, 42, 43, 44, 45, 46, 47, 48, 49, 50, 51, 52, 53, 54, 55, 56, 57, 58, 59, 60, 61, 62, 63, 64, 65, 66, 67, 68, 69, 70, 71, 72, 73, 74, 75, 76, 77, 78, 79, 80, 81, 82, 83, 84, 85, 86, 87, 88]					MC: [12, 13, 14, 15, 16, 17, 18, 19, 20, 21, 22, 23, 24, 25, 26, 27, 28, 29, 30, 31, 32, 33, 34, 35, 36, 37, 38, 39, 40, 41, 42, 43, 44, 45, 46, 47, 48, 49, 50, 51, 52, 53, 54, 55, 56, 57, 58, 59, 60, 61, 62, 63, 64, 65, 66, 67, 68, 69, 70, 71, 72, 73, 74, 75, 76, 77, 78, 79, 80, 81, 82, 83, 84, 85, 86, 87, 88, 89, 90, 91]
af_forkumt_ovl_sub_alp.bmp					PS2: [13, 17, 18, 20, 22, 23, 24, 25, 26, 27, 28, 29, 30, 31, 32, 33, 34, 36, 37, 41]					MC: [13, 14, 15, 16, 17, 18, 19, 20, 21, 22, 23, 24, 25, 26, 27, 28, 29, 30, 31, 32, 33, 34, 35, 36, 37, 38, 39, 40, 41, 42, 43, 44, 46]
dirty_00_alp_ovl.bmp					PS2: [13, 20, 24, 28, 34, 39, 43, 48, 53, 58, 63, 71, 81, 90, 99, 113]					MC: [8, 10, 11, 12, 13, 14, 15, 16, 17, 18, 19, 20, 21, 22, 23, 24, 25, 26, 27, 28, 29, 30, 31, 32, 33, 34, 35, 36, 37, 38, 39, 40, 41, 42, 43, 44, 45, 46, 47, 48, 49, 50, 51, 52, 53, 54, 55, 56, 57, 58, 59, 60, 61, 62, 63, 64, 65, 66, 67, 68, 69, 70, 71, 72, 73, 74, 75, 76, 77, 78, 79, 80, 81, 82, 83, 84, 85, 86, 87, 88, 89, 90, 91, 92, 93, 94, 95, 96, 97, 98, 99, 100, 101, 102, 103, 104, 105, 106, 107, 108, 109, 110, 111, 112, 113, 114, 115, 116, 117, 118, 119, 120, 121, 122, 123, 124, 125, 126, 127, 128, 129, 130, 135]
adriveshaft_ovl_sub_alp.bmp					PS2: [14, 15, 17, 18, 20, 22, 23, 24, 25, 26, 27, 28, 30, 33, 36, 40, 41, 44, 45, 49, 50]					MC: [13, 14, 15, 16, 17, 18, 19, 20, 21, 22, 23, 24, 25, 26, 27, 28, 29, 30, 31, 32, 33, 34, 35, 36, 37, 38, 39, 40, 41, 42, 43, 44, 45, 46, 47, 48, 49, 50, 51, 52, 53, 54, 55, 56, 57, 58, 59]
yf_nozzle_b_ovl_alpx2.bmp					PS2: [14, 28, 44, 71, 91, 114, 128]					MC: [14, 28, 44, 71, 91, 114, 135, 157, 178, 199]
aspook_ovl_sub_alp.bmp					PS2: [15, 16, 18, 21, 22, 25, 26, 29, 32, 35, 37, 39, 40, 41, 42, 43, 44, 45, 49]					MC: [15, 16, 17, 18, 19, 20, 21, 22, 23, 24, 25, 26, 27, 28, 29, 30, 31, 32, 33, 34, 35, 36, 37, 38, 39, 40, 41, 42, 43, 44, 45, 46, 47, 51]
blen_napalm_sub_ovl_alp.bmp					PS2: [16, 26, 29, 33, 38, 42, 45, 48, 49, 51, 53, 56, 72]					MC: [19, 20, 21, 22, 23, 24, 25, 26, 27, 28, 29, 30, 31, 32, 33, 34, 35, 36, 37, 38, 39, 40, 41, 42, 43, 44, 45, 46, 47, 48, 49, 50, 51, 52, 53, 54, 55, 56, 57, 58, 59, 60, 61, 62, 63, 64, 65, 66, 67, 68, 70, 71, 73]
thu_coat_toe_ovl_add_alp.bmp					PS2: [16, 19, 23, 25, 27, 29, 31, 32, 35, 37, 40, 42, 44, 45, 46, 48]					MC: [13, 14, 15, 16, 17, 18, 19, 20, 21, 22, 23, 24, 25, 26, 27, 28, 29, 30, 31, 32, 33, 34, 35, 36, 37, 38, 39, 40, 41, 42, 43, 44, 45, 46, 47, 48, 49, 50, 51, 52, 53]
awaiyer_ovl_sub_alp.bmp					PS2: [17, 23, 24, 29, 30, 34, 35, 40, 45, 49, 55, 56, 61, 63, 64, 67, 68, 69, 70]					MC: [17, 18, 19, 20, 21, 22, 23, 24, 25, 26, 27, 28, 29, 30, 31, 32, 33, 34, 35, 36, 37, 38, 39, 40, 41, 42, 43, 44, 45, 46, 47, 48, 49, 50, 51, 52, 53, 54, 55, 56, 57, 58, 59, 60, 61, 62, 63, 64, 65, 66, 67, 68, 69, 70, 71, 72]
awinke_ovl_sub_alp.bmp					PS2: [17, 21, 22, 24, 32, 33, 39, 47, 48]					MC: [19, 20, 22, 23, 24, 25, 26, 27, 28, 29, 30, 31, 32, 33, 34, 35, 36, 37, 38, 39, 40, 41, 42, 43, 44, 45, 46, 47, 48, 49, 50, 51]
bonn_drumbra_left_sub_ovl_alp.bmp					PS2: [17, 18, 19, 20, 21, 22, 23, 24, 25, 26, 27, 28, 29, 30, 31, 32, 33, 34, 35, 36, 37, 38, 39, 40, 41, 42, 43, 44, 45, 46, 47, 48, 49, 50, 51, 52, 53, 54, 55, 56, 57, 58, 59, 60, 61, 62, 63, 64, 65, 66, 67, 68, 69, 70, 71, 72, 73, 74, 75, 76, 77, 78, 79, 80, 81, 83, 84, 85, 86, 88, 89, 90, 91, 92, 93, 94, 95, 96, 97, 98, 99, 100, 101, 103, 104, 105, 106, 107, 108, 109, 110, 111, 113, 115, 117]					MC: [14, 15, 16, 17, 18, 19, 20, 21, 22, 23, 24, 25, 26, 27, 28, 29, 30, 31, 32, 33, 34, 35, 36, 37, 38, 39, 40, 41, 42, 43, 44, 45, 46, 47, 48, 49, 50, 51, 52, 53, 54, 55, 56, 57, 58, 59, 60, 61, 62, 63, 64, 65, 66, 67, 68, 69, 70, 71, 72, 73, 74, 75, 76, 77, 78, 79, 80, 81, 82, 83, 84, 85, 86, 87, 88, 89, 90, 91, 92, 93, 94, 95, 96, 97, 98, 99, 100, 101, 102, 103, 104, 105, 106, 107, 108, 109, 110, 111, 112, 113, 114, 115, 116, 117, 118, 119, 120, 121, 122]
bonn_drumbra_right_sub_ovl_alp.bmp					PS2: [17, 18, 20, 21, 22, 24, 25, 26, 27, 28, 29, 30, 31, 32, 33, 34, 35, 36, 37, 38, 39, 40, 41, 42, 43, 44, 45, 46, 47, 48, 49, 50, 51, 52, 53, 54, 55, 56, 57, 58, 59, 60, 61, 62, 63, 64, 65, 66, 67, 68, 69, 70, 72, 73, 74, 75, 76, 77, 78, 79, 80, 82, 83, 84, 87, 88, 89, 90, 91, 92, 95, 96, 97, 98, 100, 101, 103, 104, 106, 107, 108, 109, 111, 114, 116]					MC: [15, 16, 17, 18, 19, 20, 21, 22, 23, 24, 25, 26, 27, 28, 29, 30, 31, 32, 33, 34, 35, 36, 37, 38, 39, 40, 41, 42, 43, 44, 45, 46, 47, 48, 49, 50, 51, 52, 53, 54, 55, 56, 57, 58, 59, 60, 61, 62, 63, 64, 65, 66, 67, 68, 69, 70, 71, 72, 73, 74, 75, 76, 77, 78, 79, 80, 81, 82, 83, 84, 85, 86, 87, 88, 89, 90, 91, 92, 93, 94, 95, 96, 97, 98, 99, 100, 101, 102, 103, 104, 105, 106, 107, 108, 109, 110, 111, 112, 113, 114, 115, 116, 117, 118, 119, 120, 121, 122, 123, 126, 134]
sna_mgs3_txd_collar_ovl_sub_alp.bmp					PS2: [17, 18, 19, 20, 21, 22, 23, 24, 25, 27, 30, 32, 35, 37, 40, 42, 45, 47, 50, 52, 55, 57, 60]					MC: [17, 18, 19, 20, 21, 22, 23, 24, 25, 26, 27, 28, 29, 32, 34, 36, 40, 42, 46, 48, 49, 50, 51, 54, 58, 60, 62, 64, 67]
af_forkudw_ovl_sub_alp.bmp					PS2: [18, 21, 23, 24, 25, 27, 29, 31, 32, 33, 34, 35, 37, 38, 40, 43, 46]					MC: [17, 18, 19, 20, 21, 22, 23, 24, 25, 26, 27, 28, 29, 30, 31, 32, 33, 34, 35, 36, 37, 38, 39, 40, 41, 42, 43, 44, 45, 46, 47, 48, 49, 50, 51]
af_forkudw_ovl_sub_alp.bmp_0f06d346a5c1ab19180eb69dc7f82135					PS2: [18, 21, 23, 24, 25, 27, 29, 31, 32, 33, 34, 35, 37, 38, 40, 43, 46]					MC: [17, 18, 19, 20, 21, 22, 23, 24, 25, 26, 27, 28, 29, 30, 31, 32, 33, 34, 35, 36, 37, 38, 39, 40, 41, 42, 43, 44, 45, 46, 47, 48]
aspook_ovl_sub_alp.bmp_312c358450a2a50a8319a8a7dd498479					PS2: [18, 21, 22, 25, 29, 32, 35, 37, 39, 41, 42, 43]					MC: [18, 20, 21, 22, 24, 25, 26, 27, 28, 29, 30, 31, 32, 33, 35, 36, 37, 38, 39, 40, 41, 42, 43]
thu_coat_foot_sole_ovl_add_alp.bmp					PS2: [18, 21, 23, 24, 26, 28, 29, 31, 32, 33, 35, 36, 38, 40, 43, 47]					MC: [14, 15, 16, 17, 18, 19, 20, 21, 22, 23, 24, 25, 26, 27, 28, 29, 30, 31, 32, 33, 34, 35, 36, 37, 38, 39, 40, 41, 42, 43, 44, 45, 46, 47, 48, 49, 50, 51, 56]
amafuler03_ovl_sub_alp.bmp					PS2: [19, 20, 23, 24, 25, 26, 28, 30, 33, 34, 37, 38, 41, 42, 45, 46, 49, 50, 53, 58, 59]					MC: [18, 19, 20, 21, 22, 23, 24, 25, 26, 27, 28, 29, 30, 31, 32, 33, 34, 35, 36, 37, 38, 39, 40, 41, 42, 43, 44, 45, 46, 47, 48, 49, 50, 51, 52, 53, 54, 55, 56, 57, 58, 59, 60, 61, 62, 63, 66, 69, 70]
amafuler03_ovl_sub_alp.bmp_e05ef15e103a561c9395998cb559dc84					PS2: [19, 20, 23, 24, 25, 26, 28, 30, 33, 34, 37, 38, 41, 42, 45, 49, 50, 53, 58, 59]					MC: [19, 20, 21, 22, 23, 24, 25, 26, 27, 28, 29, 30, 31, 32, 33, 34, 35, 36, 37, 38, 39, 40, 41, 42, 43, 44, 45, 46, 47, 48, 49, 50, 51, 52, 53, 54, 55, 56, 57, 59, 60, 61, 63, 67, 68]
s075a_mog_roof_alp_ovl_01.bmp					PS2: [19, 20, 23, 24, 29, 32, 35, 37, 38, 42, 48, 57]					MC: [18, 19, 20, 21, 22, 23, 24, 25, 26, 27, 28, 29, 30, 31, 32, 33, 34, 35, 36, 37, 38, 39, 40, 41, 42, 43, 44, 45, 46, 47, 48, 49, 50, 51, 52, 53, 54, 55, 56, 57, 58, 59, 60, 61, 62, 63]
s101a_picture00_alp_ovl.bmp					PS2: [19, 67, 128]					MC: [0, 2, 9, 10, 11, 12, 13, 15, 22, 24, 51, 54, 56, 62, 63, 64, 67, 68, 69, 71, 73, 74, 77, 83, 86, 88, 90, 92, 97, 99, 103, 104, 109, 111, 115, 127, 128, 129, 130, 131, 132, 133, 134, 135, 137, 141, 142, 145]
adriveshaft_ovl_sub_alp.bmp_268c4f1f336ccb6c7157ae2a8986888f					PS2: [20, 22, 23, 24, 25, 26, 27, 28, 30, 33, 36, 40, 41, 44, 45, 49, 50]					MC: [20, 21, 22, 23, 24, 25, 26, 27, 28, 29, 30, 31, 32, 33, 34, 35, 36, 37, 38, 39, 40, 41, 42, 43, 44, 45, 46, 47, 48, 49, 50, 51, 52, 53, 54, 55]
af_forkumt_ovl_sub_alp.bmp_50ece628e7bcb6072e937dd6a0a7658a					PS2: [20, 22, 23, 24, 25, 26, 27, 28, 29, 30, 31, 32, 33, 34, 36, 37, 41]					MC: [21, 22, 23, 24, 25, 26, 27, 28, 29, 30, 31, 32, 33, 34, 35, 36, 37, 38, 39, 40, 41, 42, 43, 44, 46]
ar_forkumt_ovl_sub_alp.bmp					PS2: [20, 24, 25, 26, 27, 28, 29, 30, 32, 33, 35, 36, 37, 40, 41, 43, 44, 49, 52, 54, 55, 64, 65]					MC: [23, 25, 26, 27, 28, 29, 30, 31, 32, 33, 34, 35, 36, 37, 38, 39, 41, 42, 43, 44, 45, 46, 47, 48, 50, 51, 52, 53, 58, 62, 63, 64, 67, 69, 85]
ar_forkumt_ovl_sub_alp.bmp_1291a2edb844a3bbb93e16f4727bfea2					PS2: [20, 24, 25, 26, 27, 29, 30, 32, 33, 35, 36, 44, 49, 52, 54, 55, 64, 65]					MC: [26, 27, 28, 29, 30, 31, 32, 33, 34, 38, 40, 42, 44, 45, 47, 48, 49, 50, 51, 52, 70]
ateallamp_ovl_sub_alp.bmp					PS2: [20, 21, 24, 25, 28, 29, 32, 36, 37, 46, 54, 59, 62, 64, 65]					MC: [14, 15, 16, 17, 18, 19, 20, 21, 22, 23, 24, 25, 26, 27, 28, 29, 30, 31, 32, 33, 34, 35, 36, 37, 38, 39, 40, 41, 42, 43, 44, 45, 46, 47, 48, 49, 50, 51, 52, 53, 54, 55, 56, 57, 58, 59, 60, 61, 62, 63, 64, 65, 66, 67, 68, 69, 70, 71, 72, 73]
bonn_handle_metal_sub_ovl_alp.bmp					PS2: [20, 21, 22, 23, 24, 25, 26, 27, 28, 29, 30, 31, 32, 33, 34, 35, 36, 37, 38, 39, 40, 41, 42, 43, 44, 45, 46, 47, 48, 49, 50, 51, 52, 53, 54, 55, 56, 57, 58, 59, 60, 61, 62, 63, 64, 65, 66, 67, 68, 69, 70, 71, 72, 73, 74, 75, 76, 77, 78, 79, 80, 81, 83, 84, 85, 86, 88, 89, 90, 91, 92, 94, 95, 96, 97, 98, 99, 100, 102, 103, 104, 105, 106, 107, 108, 109, 110, 111, 112, 113, 114, 115, 117, 118, 119, 120, 121, 122, 126, 128]					MC: [19, 20, 21, 22, 23, 24, 25, 26, 27, 28, 29, 30, 31, 32, 33, 34, 35, 36, 37, 38, 39, 40, 41, 42, 43, 44, 45, 46, 47, 48, 49, 50, 51, 52, 53, 54, 55, 56, 57, 58, 59, 60, 61, 62, 63, 64, 65, 66, 67, 68, 69, 70, 71, 72, 73, 74, 75, 76, 77, 78, 79, 80, 81, 82, 83, 84, 85, 86, 87, 88, 89, 90, 91, 92, 93, 94, 95, 96, 97, 98, 99, 100, 101, 102, 103, 104, 105, 106, 107, 108, 109, 110, 111, 112, 113, 114, 115, 116, 117, 118, 119, 120, 121, 122, 123, 124, 125, 126, 127, 128, 129, 130, 131, 132, 133, 134, 135, 136, 137, 138, 139, 140, 141, 142, 145, 147, 150, 151]
ivn_head_mark_sub_ovl_alp.bmp					PS2: [20, 24, 29, 32, 35, 40, 44, 48, 52, 56, 59, 65, 72, 78, 84, 96]					MC: [16, 17, 18, 19, 20, 21, 22, 23, 24, 25, 26, 27, 28, 29, 30, 31, 32, 33, 34, 35, 36, 37, 38, 39, 40, 41, 42, 43, 44, 45, 46, 47, 48, 49, 50, 51, 52, 53, 54, 55, 56, 57, 58, 59, 60, 61, 62, 63, 64, 65, 66, 67, 68, 69, 70, 71, 72, 73, 74, 75, 76, 77, 78, 79, 80, 81, 82, 83, 84, 85, 86, 87, 88, 89, 90, 91, 92, 93, 94, 95, 96, 97, 98, 99, 100, 101, 102, 103, 104, 105, 106, 107, 108, 109, 111, 112, 113, 116, 118]
ar_forkudw_ovl_sub_alp.bmp					PS2: [21, 25, 26, 29, 30, 33, 35, 36, 38, 41, 43, 44, 45, 46, 47, 48, 51, 55, 60]					MC: [20, 21, 22, 23, 24, 25, 26, 27, 28, 29, 30, 31, 32, 33, 34, 35, 36, 37, 38, 39, 40, 41, 42, 43, 44, 45, 46, 47, 48, 49, 50, 51, 52, 53, 54, 55, 56, 57, 58, 59, 60, 61, 62, 63, 64, 65]
ar_forkudw_ovl_sub_alp.bmp_adf2c6858167aa7c3c5b3b7f6e95eceb					PS2: [21, 25, 26, 29, 30, 33, 35, 36, 38, 41, 43, 44, 45, 46, 47, 48, 51, 55, 60]					MC: [21, 22, 23, 24, 25, 26, 27, 28, 29, 30, 31, 32, 33, 34, 35, 36, 37, 38, 39, 40, 41, 42, 43, 44, 45, 46, 47, 48, 49, 50, 51, 52, 53, 54, 55, 56, 57, 58, 60, 61, 62]
s101a_win00_alp_ovl.bmp					PS2: [21, 23, 25, 27, 28, 30, 32, 34, 35, 37, 39, 41, 43, 45, 49, 53]					MC: [21, 22, 23, 24, 25, 26, 27, 28, 29, 30, 31, 32, 33, 34, 35, 36, 37, 38, 39, 40, 41, 42, 43, 44, 45, 46, 47, 48, 49, 50, 51, 52, 53, 54, 55]
bonn_muffler_sub_ovl_alp.bmp					PS2: [22, 23, 25, 26, 27, 28, 29, 30, 31, 32, 33, 34, 35, 36, 37, 38, 39, 41, 42, 44, 45, 46, 47, 48, 49, 50, 51, 52, 53, 54, 56, 57, 58, 59, 60, 61, 62, 63, 64, 66, 67, 69, 70, 71, 72, 73, 74, 75, 76, 77, 79, 80, 81, 82, 83, 84, 86, 88, 89, 90, 91, 92, 93, 95, 96, 97, 99, 100, 102, 103, 104, 105]					MC: [20, 21, 22, 23, 24, 25, 26, 27, 28, 29, 30, 31, 32, 33, 34, 35, 36, 37, 38, 39, 40, 41, 42, 43, 44, 45, 46, 47, 48, 49, 50, 51, 52, 53, 54, 55, 56, 57, 58, 59, 60, 61, 62, 63, 64, 65, 66, 67, 68, 69, 70, 71, 72, 73, 74, 75, 76, 77, 78, 79, 80, 81, 82, 83, 84, 85, 86, 87, 88, 89, 90, 92, 93, 95, 96, 97, 99, 100, 101, 102, 103, 104, 105, 107, 111, 112, 115, 118, 119, 120, 123, 124]
buren_a_sub_alp_ovl.bmp					PS2: [22, 23, 24, 25, 26, 27, 28, 29, 30, 31, 33, 35]					MC: [21, 22, 23, 24, 25, 26, 27, 28, 29, 30, 31, 32, 33, 34, 35, 36, 37, 38, 39, 40, 41]
s056a_tv_05_alp_ovl.bmp					PS2: [22, 23, 24, 25, 26, 27, 28, 29, 30, 31, 32, 33, 34, 35, 36, 37, 38, 39, 40, 41, 42, 43, 44, 45, 46, 47, 48, 49, 50, 51]					MC: [22, 23, 24, 25, 26, 27, 28, 29, 30, 31, 32, 33, 34, 35, 36, 37, 38, 39, 40, 41, 42, 43, 44, 45, 46, 47, 48, 49, 50, 51, 52, 53]
amafuler02_ovl_sub_alp.bmp					PS2: [23, 24, 26, 28, 29, 32, 34, 35, 37, 40, 43, 44, 46, 47, 49, 50, 54, 55, 58, 59, 63, 64]					MC: [20, 21, 22, 23, 24, 25, 26, 27, 28, 29, 30, 31, 32, 33, 34, 35, 36, 37, 38, 39, 40, 41, 42, 43, 44, 45, 46, 47, 48, 49, 50, 51, 52, 53, 54, 55, 56, 57, 58, 59, 60, 61, 62, 63, 64, 65, 66, 67]
amafuler02_ovl_sub_alp.bmp_ee5a079c14c5c576078003930c3e99f7					PS2: [23, 24, 26, 28, 29, 32, 34, 35, 37, 40, 43, 44, 46, 47, 50, 54, 55, 58, 59, 63, 64]					MC: [21, 22, 23, 24, 25, 26, 27, 28, 29, 30, 31, 32, 33, 34, 35, 36, 37, 38, 39, 40, 41, 42, 43, 44, 45, 46, 47, 48, 49, 50, 51, 52, 53, 54, 55, 56, 57, 58, 59, 60, 61, 62, 63, 64, 65, 66]
anidai02_ovl_sub_alp.bmp					PS2: [23, 26, 27, 29, 30, 31, 32, 34, 37, 40, 43, 46, 47, 50, 53, 58, 62, 63]					MC: [22, 23, 24, 25, 26, 27, 28, 29, 30, 31, 32, 33, 34, 35, 36, 37, 38, 39, 40, 41, 42, 43, 44, 45, 46, 47, 48, 49, 50, 51, 52, 53, 54, 55, 56, 57, 58, 59, 60, 61, 62, 63, 64, 65, 66, 67, 68]
anidai02_ovl_sub_alp.bmp_8f35c346b2732101f2ea2b831221b4f8					PS2: [23, 26, 27, 29, 30, 31, 32, 34, 37, 40, 43, 46, 50, 53]					MC: [22, 23, 24, 25, 26, 27, 28, 29, 30, 31, 32, 33, 34, 35, 36, 37, 38, 39, 40, 41, 42, 43, 44, 45, 46, 47, 48, 49, 50, 51, 52, 53, 54, 55]
bonn_engine_sub_ovl_alp.bmp					PS2: [23, 24, 25, 26, 27, 28, 29, 30, 31, 32, 33, 34, 35, 36, 37, 38, 39, 40, 41, 42, 43, 44, 45, 46, 47, 48, 49, 50, 51, 52, 53, 54, 55, 56, 58, 59, 60, 61, 62, 63, 64, 65, 66, 67, 68, 69, 71, 72, 74, 76, 77, 78, 79, 81, 82, 83, 84, 86, 87, 88, 89, 90, 91, 93, 94, 95, 96, 98, 99, 101, 102, 103, 104, 107, 108, 109, 112, 116, 118]					MC: [11, 12, 13, 14, 15, 16, 17, 18, 19, 20, 21, 22, 23, 24, 25, 26, 27, 28, 29, 30, 31, 32, 33, 34, 35, 36, 37, 38, 39, 40, 41, 42, 43, 44, 45, 46, 47, 48, 49, 50, 51, 52, 53, 54, 55, 56, 57, 58, 59, 60, 61, 62, 63, 64, 65, 66, 67, 68, 69, 70, 71, 72, 73, 74, 75, 76, 77, 78, 79, 80, 81, 82, 83, 84, 85, 86, 87, 88, 89, 90, 91, 92, 93, 94, 95, 96, 97, 98, 99, 100, 101, 102, 103, 104, 105, 106, 107, 108, 109, 110, 111, 112, 113, 114, 115, 116, 117, 118, 119, 120, 121, 122, 123, 125, 126, 128, 129, 134, 135, 136, 137, 138]
davy_case_ste01_alp_ovl.bmp					PS2: [23, 36, 46, 49, 61, 94, 96, 99, 101, 104, 108, 112, 115, 124, 128]					MC: [6, 7, 11, 16, 21, 30, 32, 33, 35, 36, 37, 38, 39, 40, 41, 43, 44, 49, 50, 51, 52, 54, 56, 57, 58, 59, 60, 61, 62, 63, 64, 65, 66, 67, 68, 69, 70, 71, 72, 73, 74, 75, 76, 77, 78, 79, 80, 81, 82, 83, 84, 85, 86, 87, 88, 89, 90, 91, 92, 93, 94, 95, 96, 97, 98, 99, 100, 101, 102, 103, 104, 105, 106, 107, 108, 109, 110, 111, 112, 113, 114, 115, 116, 117, 118, 119, 120, 121, 123, 124, 125, 126, 127, 128, 129, 130, 131, 132, 133, 134, 135, 136, 137]
sir_def_body_ovl_sub_alp.bmp					PS2: [23, 26, 29, 30, 32, 35, 36, 41, 44, 47, 48, 50, 55, 59, 61, 72]					MC: [19, 20, 21, 22, 23, 24, 25, 26, 27, 28, 29, 30, 31, 32, 33, 34, 35, 36, 37, 38, 39, 40, 41, 42, 43, 44, 45, 46, 47, 48, 49, 50, 51, 52, 53, 54, 55, 56, 57, 58, 59, 60, 61, 62, 63, 64, 65, 66, 67, 68, 69, 70, 71, 72, 73, 74, 75, 76, 77, 78]
awaiyer_ovl_sub_alp.bmp_77400dbc8e958689ae031e109a2e6bfd					PS2: [24, 29, 30, 34, 40, 45, 49, 55, 56, 61, 63, 64, 67, 68, 69]					MC: [24, 26, 29, 30, 32, 34, 39, 40, 41, 44, 45, 49, 50, 52, 55, 56, 58, 59, 60, 61, 62, 63, 64, 65, 66, 67, 68, 69]
poster_woman_mod0001_alpx2_ovl.bmp					PS2: [25, 41, 52, 64, 75, 91, 105, 114, 122, 127, 128]					MC: [25, 26, 27, 28, 29, 30, 31, 32, 33, 34, 35, 36, 37, 38, 39, 40, 41, 42, 43, 44, 45, 46, 47, 48, 49, 50, 51, 52, 53, 54, 55, 56, 57, 58, 59, 60, 61, 62, 63, 64, 65, 66, 67, 68, 69, 70, 71, 72, 73, 74, 75, 76, 77, 78, 79, 80, 81, 82, 83, 84, 85, 86, 87, 88, 89, 90, 91, 92, 93, 94, 95, 96, 97, 98, 99, 100, 101, 102, 103, 104, 105, 106, 107, 108, 109, 110, 111, 112, 113, 114, 115, 116, 117, 118, 119, 120, 121, 122, 123, 124, 125, 126, 127, 128, 129, 130, 131, 132, 133, 134, 135, 136, 137, 138, 139, 140, 141, 142, 143, 144, 145, 146, 147, 148, 149, 150, 151, 152, 153, 154, 155, 156, 157, 158, 159, 160, 161, 162, 163, 164, 165, 166, 167, 168, 169, 170, 171, 172, 173, 174, 175, 176, 177, 178, 179, 180, 181, 182, 184, 185, 186, 188, 189, 190, 191, 193, 194, 195, 196, 197, 198, 199, 200, 201, 202, 203, 204, 205, 206]
s161a_house_05_alp_ovl.bmp					PS2: [25, 77, 128]					MC: [4, 9, 12, 13, 14, 15, 17, 18, 19, 20, 21, 22, 24, 25, 26, 27, 29, 30, 32, 33, 35, 39, 61, 74, 80, 81, 82, 86, 88, 90, 93, 94, 95, 99, 105, 107, 109, 113, 116, 121, 123, 127, 128, 129, 130, 131, 132, 133, 134, 135, 137, 138, 141, 142]
ameater_ovl_sub_alp.bmp					PS2: [27, 28, 33, 38, 39, 43, 44, 47, 48, 51, 54, 55, 57, 59, 60, 62, 63, 66, 71]					MC: [22, 24, 25, 26, 27, 28, 29, 30, 31, 32, 33, 34, 35, 36, 37, 38, 39, 40, 41, 42, 43, 44, 45, 46, 47, 48, 49, 50, 51, 52, 53, 54, 55, 56, 57, 58, 59, 60, 61, 62, 63, 64, 65, 66, 67, 68, 69, 70, 71, 72, 76, 77, 78]
amirrar_ovl_sub_alp.bmp					PS2: [28, 29, 33, 34, 40, 41, 46, 52, 57, 61, 62, 65, 66, 69, 70, 73, 75, 76, 77, 78, 80]					MC: [17, 18, 19, 20, 21, 22, 23, 24, 25, 26, 27, 28, 29, 30, 31, 32, 33, 34, 35, 36, 37, 38, 39, 40, 41, 42, 43, 44, 45, 46, 47, 48, 49, 50, 51, 52, 53, 54, 55, 56, 57, 58, 59, 60, 61, 62, 63, 64, 65, 66, 67, 68, 69, 70, 71, 72, 73, 74, 75, 76, 77, 78, 79, 80, 81, 82, 83]
amirrar_ovl_sub_alp.bmp_99a78534fd01e0160bbde2932e12a4c7					PS2: [28, 33, 34, 40, 41, 46, 52, 57, 61, 62, 65, 66, 69, 70, 73, 75, 76, 77, 78, 80]					MC: [23, 26, 27, 28, 31, 32, 33, 34, 38, 39, 40, 41, 42, 43, 44, 45, 46, 47, 48, 49, 50, 51, 52, 53, 54, 55, 56, 57, 58, 59, 60, 61, 62, 63, 64, 65, 66, 67, 68, 69, 70, 71, 72, 73, 74, 75, 76, 77, 78, 79, 80, 81]
lch_def_base_ovl_sub_alp.bmp					PS2: [29, 30, 31, 32, 33, 34, 35, 36, 37, 38, 39, 40, 41, 42, 43, 44, 45, 46, 47, 48, 49, 50, 51, 52, 53, 54, 55, 56, 57, 58, 59, 60, 61, 62, 63, 64, 65, 66, 67, 68, 69, 70, 71, 72, 73, 74, 75, 76, 77, 78, 79, 80, 81, 82, 83, 84, 85, 86, 87, 88, 89, 90, 91, 92, 93, 94, 95, 96, 97, 98, 99, 100, 101, 102, 103, 104, 105, 106, 107, 108, 109, 110, 111, 112, 113]					MC: [21, 22, 23, 24, 25, 26, 27, 28, 29, 30, 31, 32, 33, 34, 35, 36, 37, 38, 39, 40, 41, 42, 43, 44, 45, 46, 47, 48, 49, 50, 51, 52, 53, 54, 55, 56, 57, 58, 59, 60, 61, 62, 63, 64, 65, 66, 67, 68, 69, 70, 71, 72, 73, 74, 75, 76, 77, 78, 79, 80, 81, 82, 83, 84, 85, 86, 87, 88, 89, 90, 91, 92, 93, 94, 95, 96, 97, 98, 99, 100, 101, 102, 103, 104, 105, 106, 107, 108, 109, 110, 111, 112, 113, 114, 115, 116, 117, 118, 119, 120, 123, 124, 127]
s053a_floor_mr_alp_ovl.bmp					PS2: [29, 40, 48, 56, 59, 64, 74, 80, 87, 93, 99, 105, 111, 120, 123, 128]					MC: [12, 13, 16, 18, 19, 20, 21, 22, 23, 24, 25, 26, 27, 28, 29, 30, 31, 32, 33, 34, 35, 36, 37, 38, 39, 40, 41, 42, 43, 44, 45, 46, 47, 48, 49, 50, 51, 52, 53, 54, 55, 56, 57, 58, 59, 60, 61, 62, 63, 64, 65, 66, 67, 68, 69, 70, 71, 72, 73, 74, 75, 76, 77, 78, 79, 80, 81, 82, 83, 84, 85, 86, 87, 88, 89, 90, 91, 92, 93, 94, 95, 96, 97, 98, 99, 100, 101, 102, 103, 104, 105, 106, 107, 108, 109, 110, 111, 112, 113, 114, 115, 116, 117, 118, 119, 120, 121, 122, 123, 124, 125, 126, 127, 128, 129, 130, 131, 132, 133, 134, 135, 136, 137, 138, 139, 140, 141, 142, 143, 145]
hy_liguid_ovl_alp.bmp					PS2: [31, 38, 40, 45, 46, 47, 48, 49, 50, 51, 52, 54, 56, 60]					MC: [22, 23, 24, 25, 26, 27, 28, 29, 30, 31, 32, 33, 34, 35, 36, 37, 38, 39, 40, 41, 42, 43, 44, 45, 46, 47, 48, 49, 50, 51, 52, 53, 54, 55, 56, 57, 58, 59, 60, 61, 62, 63, 64, 65, 66, 67, 68, 69]
ateallamp_ovl_sub_alp.bmp_c97c0848a1700c59f14e833e062087e8					PS2: [32, 46, 54, 59, 62, 64, 65]					MC: [27, 28, 29, 30, 31, 32, 33, 35, 36, 37, 47, 51, 54, 60, 63, 64, 67, 68, 69]
ameater_ovl_sub_alp.bmp_2af0b8c71eebf09fc325bdf6412854c3					PS2: [33, 38, 39, 44, 47, 48, 51, 54, 55, 57, 60, 62, 63, 66]					MC: [38, 39, 41, 42, 43, 44, 45, 46, 47, 48, 49, 50, 51, 52, 53, 54, 55, 56, 57, 58, 59, 60, 61, 62, 63, 64, 65, 66, 67]
s053a_window00_alp_hlf.trans.bmp					PS2: [33, 36, 37, 39, 42, 47, 48, 54, 56]					MC: [29, 30, 31, 32, 33, 34, 35, 36, 37, 38, 39, 40, 41, 42, 43, 44, 45, 46, 47, 48, 49, 50, 51, 52, 53, 54, 55, 56, 57, 58, 59, 60, 61]
s053a_wall_tile00_mod0001_alpx2_ovl.bmp					PS2: [34, 61, 84, 96, 107, 113, 117, 122, 125, 128]					MC: [0, 1, 2, 3, 4, 5, 6, 7, 8, 9, 10, 11, 12, 15, 16, 17, 18, 19, 20, 21, 22, 23, 24, 25, 26, 27, 28, 29, 30, 31, 32, 33, 34, 35, 36, 37, 38, 39, 40, 41, 42, 43, 44, 45, 46, 47, 48, 49, 50, 51, 52, 53, 54, 55, 56, 57, 58, 59, 60, 61, 62, 63, 64, 65, 66, 67, 68, 69, 70, 71, 72, 73, 74, 75, 76, 77, 78, 79, 80, 81, 82, 83, 84, 85, 86, 87, 88, 89, 90, 91, 92, 93, 94, 95, 96, 97, 98, 99, 100, 101, 102, 103, 104, 105, 106, 107, 108, 109, 110, 111, 112, 113, 114, 115, 116, 117, 118, 119, 120, 121, 122, 123, 124, 125, 126, 127, 128, 129, 130, 131, 132, 133, 134, 135, 136, 137, 138, 139, 140, 141, 142, 143, 144, 145, 146, 147, 148, 149, 150, 151, 152, 153, 154, 155, 156, 157, 158, 159, 160, 161, 162, 163, 164, 165, 166, 167, 168, 169, 170, 171, 172, 173, 174, 175, 176, 177, 178, 179, 180, 181, 182, 183, 184, 185, 186, 187, 188, 190, 191, 192, 193, 194, 195, 196, 198, 199, 200, 201, 202, 208]
s091a_watchtower00_alp_ovl.bmp					PS2: [40, 43, 44, 49, 52, 55, 67, 128]					MC: [17, 18, 19, 20, 21, 22, 23, 24, 26, 27, 28, 29, 30, 31, 32, 33, 34, 35, 36, 37, 38, 39, 40, 41, 42, 43, 44, 45, 46, 47, 48, 49, 50, 51, 52, 53, 54, 55, 56, 57, 58, 59, 60, 61, 62, 63, 64, 65, 67, 68, 69, 70, 71, 72, 73, 74, 75, 76, 77, 78, 80, 81, 82, 83, 84, 85, 86, 87, 88, 89, 90, 91, 92, 93, 94, 95, 96, 97, 98, 99, 100, 101, 102, 103, 104, 105, 106, 107, 108, 109, 110, 111, 112, 113, 114, 116, 117, 118, 119, 121, 127, 128, 129, 130, 131, 132, 133, 135, 142]
s053a_light_a01_alp_ovl.bmp					PS2: [41, 57, 58]					MC: [33, 34, 35, 36, 37, 38, 39, 40, 41, 42, 43, 44, 45, 46, 47, 48, 49, 51, 56, 57, 58, 59, 60, 61, 62]
s053a_window00_alp_ovl.bmp					PS2: [42, 43, 49, 51, 57, 58, 60, 63, 64, 66, 67, 68, 69, 70]					MC: [35, 37, 38, 39, 40, 41, 42, 43, 44, 45, 46, 47, 48, 49, 50, 51, 52, 53, 54, 55, 56, 57, 58, 59, 60, 61, 62, 63, 64, 65, 66, 67, 68, 69, 70, 71, 72, 73]
s101a_picture02_alp_ovl.bmp					PS2: [42, 58, 128]					MC: [24, 25, 31, 33, 34, 35, 36, 37, 38, 40, 42, 44, 45, 47, 52, 61, 62, 64, 65, 67, 71, 80, 92, 93, 94, 95, 99, 100, 101, 108, 110, 113, 114, 116, 117, 118, 119, 124, 127, 128, 129, 130, 131, 132, 134, 135, 136, 137, 139, 141, 147]
s053a_pos_woman00_mod0001_alpx2_ovl.bmp					PS2: [46, 64, 79, 89, 102, 113, 120, 125, 128]					MC: [0, 1, 2, 3, 4, 5, 6, 7, 8, 9, 10, 11, 12, 13, 14, 15, 16, 17, 18, 19, 20, 21, 22, 23, 24, 25, 26, 27, 28, 29, 30, 31, 32, 33, 34, 35, 36, 37, 38, 39, 40, 41, 42, 43, 44, 45, 46, 47, 48, 49, 50, 51, 52, 53, 54, 55, 56, 57, 58, 59, 60, 61, 62, 63, 64, 65, 66, 67, 68, 69, 70, 71, 72, 73, 74, 75, 76, 77, 78, 79, 80, 81, 82, 83, 84, 85, 86, 87, 88, 89, 90, 91, 92, 93, 94, 95, 96, 97, 98, 99, 100, 101, 102, 103, 104, 105, 106, 107, 108, 109, 110, 111, 112, 113, 114, 115, 116, 117, 118, 119, 120, 121, 122, 123, 124, 125, 126, 127, 128, 129, 130, 131, 132, 133, 134, 135, 136, 137, 138, 139, 140, 141, 142, 143, 144, 145, 146, 147, 148, 149, 150, 151, 152, 153, 154, 155, 156, 157, 158, 159, 160, 161, 162, 163, 164, 165, 166, 167, 168, 169, 170, 171, 172, 173, 174, 175, 176, 177, 178, 179, 180, 181, 182, 183, 184, 185, 186, 187, 188, 189, 190, 191, 192, 193, 194, 195, 196, 197, 198, 199, 200, 201, 202, 203, 204, 205, 206, 207, 208, 209, 210, 211, 212, 214, 215]
s111a_zumen_05_alp_ovl.bmp					PS2: [46, 47, 88]					MC: [36, 38, 40, 41, 42, 43, 44, 45, 46, 49, 56, 57, 58, 59, 65, 72, 73, 74, 76, 79, 81, 82, 88, 89, 90, 91, 92, 93, 94, 95, 96, 97, 98, 99, 102]
s121a_mog_haikei_decal_alp_ovl_02.bmp					PS2: [46, 51, 64, 74, 77, 81, 87, 93, 97, 103, 105, 108, 114, 119, 123, 128]					MC: [45, 46, 53, 65, 72, 77, 78, 80, 84, 90, 94, 99, 101, 105, 106, 107, 113, 118, 120, 123, 128, 129]
s053a_window00_alp_hlf.trans.bmp_16325fb790fbe143db7bed558819befa					PS2: [47, 51, 55, 58, 62, 66, 67, 68, 70, 73, 76, 79, 80, 85, 97]					MC: [44, 45, 46, 47, 48, 49, 50, 51, 52, 53, 54, 55, 56, 57, 58, 59, 60, 61, 62, 63, 64, 65, 66, 67, 68, 69, 70, 71, 72, 73, 74, 75, 76, 77, 78, 79, 80, 81, 82, 83, 84, 85, 86, 87, 88, 89, 90, 91, 92, 93, 94, 95, 96, 97, 98, 99, 100, 101]
s052a_noon_doorlight_01_alp_ovl.bmp					PS2: [48, 49, 50, 84, 98, 124, 126, 128]					MC: [7, 14, 18, 20, 21, 22, 23, 24, 25, 26, 27, 28, 29, 30, 31, 32, 33, 34, 35, 36, 37, 38, 39, 40, 41, 42, 43, 44, 45, 46, 47, 48, 49, 50, 51, 52, 53, 54, 55, 56, 57, 58, 59, 60, 61, 63, 64, 66, 67, 68, 69, 70, 71, 73, 74, 75, 76, 77, 78, 79, 80, 81, 82, 83, 84, 85, 86, 88, 89, 90, 91, 92, 93, 94, 95, 96, 97, 98, 99, 101, 102, 103, 104, 105, 106, 107, 108, 109, 110, 111, 112, 113, 114, 115, 116, 117, 118, 120, 121, 122, 123, 124, 125, 126, 127, 128, 129, 130, 131, 132, 133, 134, 135, 136, 137, 138, 139, 140, 141, 142, 143, 144, 145, 146]
poster_omake02_alp_mod0001_alpx2_ovl.bmp					PS2: [51, 74, 86, 95, 104, 111, 118, 124, 128]					MC: [51, 74, 86, 95, 104, 111, 118, 124, 129, 134, 142, 150, 161, 176, 190, 217]
s053a_noon_window00_alp_ovl.bmp					PS2: [53, 56, 60, 63, 64, 67, 68, 71, 73, 74, 77, 79, 81, 83]					MC: [47, 48, 49, 50, 51, 52, 53, 54, 55, 56, 57, 58, 59, 60, 61, 62, 63, 64, 65, 66, 67, 68, 69, 70, 71, 72, 73, 74, 75, 76, 77, 78, 79, 80, 81, 82, 83, 84, 85, 86, 87, 88, 89, 90]
s053a_window00_alp_add_ovl.bmp					PS2: [53, 56, 61, 64, 66, 69, 71, 72, 73, 74, 77, 79, 81, 83]					MC: [47, 48, 49, 50, 51, 52, 53, 54, 55, 56, 57, 58, 59, 60, 61, 62, 63, 64, 65, 66, 67, 68, 69, 70, 71, 72, 73, 74, 75, 76, 77, 78, 79, 80, 81, 82, 83, 84, 85, 86, 87, 88, 89, 91]
tr_head04_alp_ovl.bmp					PS2: [58, 75, 76, 91, 92, 106, 117, 118]					MC: [42, 43, 44, 45, 46, 47, 48, 49, 50, 51, 52, 53, 54, 55, 56, 57, 58, 59, 60, 61, 62, 63, 64, 65, 66, 67, 69, 70, 71, 72, 73, 74, 75, 76, 77, 79, 80, 81, 82, 83, 84, 86, 87, 89, 91, 92, 93, 94, 96, 97, 98, 99, 100, 101, 102, 103, 104, 105, 106, 107, 108, 109, 110, 111, 113, 114, 115, 116, 117, 118, 119, 120, 121, 122, 123, 124, 125, 126, 127, 128, 129, 130, 131, 132, 133]
008e01a0					PS2: [59, 63, 67, 70, 73, 77, 81, 85, 90, 95, 99, 104, 109, 117, 126, 128]					MC: [45, 46, 47, 48, 49, 50, 51, 52, 53, 54, 55, 56, 57, 58, 59, 60, 61, 62, 63, 64, 65, 66, 67, 68, 69, 70, 71, 72, 73, 74, 75, 76, 77, 78, 79, 80, 81, 82, 83, 84, 85, 86, 87, 88, 89, 90, 91, 92, 93, 94, 95, 96, 97, 98, 99, 100, 101, 102, 103, 104, 105, 106, 107, 108, 109, 110, 111, 112, 113, 114, 115, 116, 117, 118, 119, 120, 121, 122, 123, 124, 125, 126, 127, 128, 129, 130, 131, 132, 133, 134, 135, 136, 137, 139, 140, 142, 144, 145]
book_casewin00_alp_ovl.bmp					PS2: [59, 60, 61, 63, 64, 65, 67, 68, 69, 70, 71, 72]					MC: [58, 59, 60, 61, 62, 63, 64, 65, 66, 67, 68, 69, 70, 71, 72, 73, 74]
s054a_casewin00_alp_ovl.bmp					PS2: [61, 62, 63, 65, 67, 68, 70, 71, 72, 73, 74, 75, 76, 77, 78, 79, 80, 81, 82, 83, 85, 86, 87, 88, 89, 91, 92, 94, 95, 96, 97]					MC: [58, 59, 60, 61, 62, 63, 64, 65, 66, 67, 68, 69, 70, 71, 72, 73, 74, 75, 76, 77, 78, 79, 80, 81, 82, 83, 84, 85, 86, 87, 88, 89, 90, 91, 92, 93, 94, 95, 96, 97, 98]
s053a_window01_alp_hlf.trans.bmp					PS2: [63, 64, 65, 66, 67, 68, 69, 70, 71, 72, 73, 74, 75, 76, 77, 78, 79, 80, 81, 82, 83]					MC: [62, 63, 64, 65, 66, 67, 68, 69, 70, 71, 72, 73, 74, 75, 76, 77, 78, 79, 80, 81, 82, 83, 84]
003e0206					PS2: [73, 74, 75, 76, 77, 79, 80, 83, 84, 86, 89, 92, 94, 95, 97, 104]					MC: [68, 69, 70, 71, 72, 73, 74, 75, 76, 77, 78, 79, 80, 81, 82, 83, 84, 85, 86, 87, 88, 89, 90, 91, 92, 93, 94, 95, 96, 97, 98, 99, 100, 101, 104, 105, 106, 107, 108]
w122a_sdw_alp_ovl_06.bmp					PS2: [76, 79, 81, 82, 85, 86, 87, 90, 92, 95, 98, 100, 101, 103, 105, 107]					MC: [62, 63, 64, 66, 67, 68, 69, 70, 71, 72, 73, 74, 75, 76, 77, 78, 79, 80, 81, 82, 83, 84, 85, 86, 87, 88, 89, 90, 91, 92, 93, 94, 95, 96, 97, 98, 99, 100, 101, 102, 103, 104, 105, 106, 107, 108, 109, 110, 111, 112, 113, 114, 115, 116, 117, 118]
s221a_light_a01_alp_ovl.bmp					PS2: [85, 100, 128]					MC: [72, 74, 75, 76, 77, 78, 79, 80, 82, 83, 84, 85, 92, 93, 94, 95, 97, 98, 102, 103, 106, 107, 108, 111, 113, 114, 115, 118, 120, 127, 128, 129, 130, 131, 133, 134, 135, 136, 138]
s052a_door_light_01_alp_ovl.bmp					PS2: [87, 88, 89, 106, 108, 127]					MC: [70, 71, 72, 74, 75, 76, 77, 78, 79, 80, 81, 82, 83, 84, 85, 86, 87, 88, 89, 90, 91, 92, 93, 94, 95, 96, 97, 98, 99, 100, 101, 102, 103, 104, 105, 106, 107, 108, 109, 110, 111, 112, 113, 114, 115, 116, 117, 118, 119, 120, 121, 122, 123, 124, 125, 126, 127, 128, 129, 130, 131, 132, 133, 134, 135, 136, 137, 138, 141]
s111a_room_light_01_02_decal_alp_ovl.bmp					PS2: [87, 102, 128]					MC: [78, 79, 81, 82, 83, 85, 86, 87, 88, 89, 90, 91, 93, 95, 96, 97, 101, 103, 104, 105, 106, 108, 109, 110, 111, 113, 114, 115, 122, 124, 127, 128, 129, 130, 131, 132, 133, 134, 136]
s111a_room_light_01_decal_alp_ovl.bmp					PS2: [87, 102, 128]					MC: [78, 79, 81, 82, 83, 85, 86, 87, 88, 89, 90, 91, 93, 95, 96, 97, 101, 103, 104, 105, 106, 108, 109, 110, 111, 113, 114, 115, 122, 124, 127, 128, 129, 130, 131, 132, 133, 134, 136]
s091a_bwswitcha_alp_ovl.bmp					PS2: [90, 126, 128]					MC: [80, 81, 83, 84, 86, 87, 88, 89, 90, 91, 92, 94, 107, 108, 111, 114, 115, 116, 117, 118, 119, 120, 122, 123, 125, 126, 127, 128, 129, 130, 131, 132, 133, 135, 136]
fur_damage_met_koge_ovl_alp.bmp					PS2: [97, 98, 99, 100, 101, 102, 103, 104, 105, 106, 107, 108, 109, 110, 111, 112, 113, 114, 115, 116, 117, 118, 119, 120, 121, 122, 123, 124, 125, 126, 127, 128]					MC: [89, 90, 91, 92, 93, 94, 95, 96, 97, 98, 99, 100, 101, 102, 103, 104, 105, 106, 107, 108, 109, 110, 111, 112, 113, 114, 115, 116, 117, 118, 119, 120, 121, 122, 123, 124, 125, 126, 127, 128, 129, 130, 131, 132, 133, 134, 135, 136, 137, 138, 139]

###############################################################

###################  NOT IN TRI-DUMPED CSV YET  (Count: 442)  ################

###############################################################
===== BP REMADE (Total: 0) =====

----- NEEDS MIPS STRIPPED - Power of 2 (Count: 0) -----
None

----- NEEDS MIPS STRIPPED - NPOT (Count: 0) -----
None

----- MIPS CORRECT - Power of 2 (LOW PRIORITY) (Count: 0) -----
None

----- MIPS CORRECT - NPOT (NPOT) (Count: 0) -----
None


===== OG PS2 FILES (Total: 442) =====

----- NEEDS MIPS STRIPPED - Power of 2 (Count: 0) -----
None

----- NEEDS MIPS STRIPPED - NPOT (Count: 442) -----
00005011.img
000589dd.img
00064917.img
0007080a.img
00078701.img
000bac79.img
000baecd.img
000ecbfd.img
00104da1.img
0010eab5.img
0013def6.img
0016829d.img
0016ae13.img
0018c9cf.img
0018c9d7.img
0018c9db.img
0018c9df.img
0018c9e3.img
0018c9e7.img
0018c9eb.img
0018c9ef.img
0018c9f3.img
0018ca4f.img
0018ca53.img
0018ca57.img
0018ca63.img
0018ca67.img
0018ca6b.img
0018ca6f.img
0018ca73.img
0018cacf.img
0018cad3.img
001a9cc0.img
001ba28f.img
001c8f27.img
0020e365.img
002b5ada.img
002cb85e.img
00306be9
00306c69
00306ce9
00306d69
00306ee9
00308be9
00308ce9
00309be9
00309c69
00309ce9
0030abe9
0030ac69
0030ace9
0030ad69
0030ade9
0030bbe9
0030bc69
0030bc6d
0030bde9
0030be69
0030cbe9
0030cc69
0030cce9
0030cd69
0030cde9
0030ce69
0030dbe9
0030dc69
0030dce9
0030dd69
0030dde9
0030ebe9
0030fbe9
0030fc69
0030fce9
0030fd69
00316be9
00316c69
00316ce9
00316ee9
00318be9
00318c69
00318ce9
00319be9
00319c69
00319ce9
0031abe9
0031ac69
0031ace9
0031ad69
0031ade9
0031bbe9
0031bc69
0031bc6d
0031bde9
0031be69
0031cbe9
0031cc69
0031cce9
0031cd69
0031ce69
0031dbe9
0031dc69
0031dce9
0031dd69
0031dde9
0031ebe9
0031fbe9
0031fc69
0031fce9
0031fd69
00326be9
00327be9
00327c69
00327ce9
00328be9
00328c69
0032bc69
0032cc69
0032cce9
0032dbe9
0032ebe9
0032ec69
0032ece9
0032fbe9
0032fc69
00330503.img
00336be9
00336be9_8ce84330a816de3c9e9cacf4c2390ef2
00336c69
00336ce9
00336d69
00336ee9
00337be9
00337c69
00337ce9
00338be9
00338be9_40a9962a574ddd022d30a09335d00298
00338c69
00338c69_5a6a61d237167595d31852011eea51ed
00338ce9
00339be9
00339c69
00339ce9
0033abe9
0033ac69
0033ace9
0033ad69
0033ade9
0033bbe9
0033bc69
0033bc69_7884dfdcadec6f2a9cd1b0f042093063
0033bc6d
0033bde9
0033be69
0033cbe9
0033cc69
0033cc69_e0df82ced404d49d1cc10f61f7b78802
0033cce9
0033cce9_9b66e5847270bfba9f040cede1820951
0033cd69
0033cde9
0033ce69
0033dbe9
0033dbe9_e2f15027570cf3cdb8ebc2e7446a231a
0033dc69
0033dce9
0033dd69
0033dde9
0033ebe9
0033ebe9_74455759f8c34556343a33b4c26a1fbb
0033ec69
0033ece9
0033fbe9
0033fbe9_e30818ab79e34d6e32dee54983d1463f
0033fc69
0033fc69_3321c5f2479e09d0a10035b6153ced86
0033fce9
0033fd69
00346be9
00346c69
00346ce9
00346d69
00346de9
00346e69
00346ee9
00347be9
00347c69
00348be9
00348c69
00348ce9
00349be9
00349c69
00349ce9
0034abe9
0034ac69
0034ace9
0034ad69
0034ade9
0034bbe9
0034bc69
0034bc6d
0034bde9
0034be69
0034cbe9
0034cc69
0034cce9
0034cd69
0034cde9
0034ce69
0034dbe9
0034dc69
0034dce9
0034dd69
0034dde9
0034ebe9
0034fbe9
0034fc69
0034fce9
0034fd69
00356be9
00357be9
00357be9_1409304ce76718d9a5126ad56628869a
00357c69
00357ce9
00358be9
00358c69
0035bc69
0035cbe9
0035cc69
0035cce9
0035dbe9
0035ded2.img
0035ebe9
0035ec69
0035ece9
0035fbe9
0035fc69
00366be9
00367be9
00367c69
00367ce9
00368be9
00368c69
0036bbe9
0036bc69
0036cbe9
0036cc69
0036cce9
0036dbe9
0036ebe9
0036ec69
0036ece9
0036fbe9
0036fc69
00377be9
00386be9
00387be9
0038c9cf.img
0038c9d3.img
0038c9d7.img
0038c9db.img
0038c9df.img
0038c9e3.img
0038c9e7.img
0038c9eb.img
0038c9f3.img
0038ca53.img
0038ca57.img
0038ca63.img
0038ca67.img
0038ca6f.img
0038ca73.img
0039c9e3.img
003d6be9.img
003d6c69.img
003d6ce9.img
003d6d69.img
003d6de9.img
003d6e69.img
003d6ee9.img
003d7c69.img
003d8be9.img
003d8c69.img
003d8ce9.img
003d9be9.img
003d9c69.img
003d9ce9.img
003dabe9.img
003dac69.img
003dace9.img
003dad69.img
003dade9.img
003dbbe9.img
003dbc69.img
003dbc6d.img
003dbde9.img
003dbe69.img
003dcbe9.img
003dcc69.img
003dcce9.img
003dcd69.img
003dcde9.img
003dce69.img
003ddbe9.img
003ddc69.img
003ddce9.img
003ddd69.img
003ddde9.img
003debe9.img
003dfbe9.img
003dfc69.img
003dfce9.img
003dfd69.img
003f6be9.img
003f7be9.img
003f7c69.img
003f7ce9.img
003f8be9.img
003f8c69.img
003fbbe9.img
003fbc69.img
003fcbe9.img
003fcc69.img
003fcce9.img
003fdbe9.img
003febe9.img
003fec69.img
003fece9.img
003ffbe9.img
003ffc69.img
00416be9.img
00417be9.img
00461c15.img
00466f52
00466f56
004733d7.img
00476f52
00476f56
0047de97.img
00496f52
00496f56
004a6f52
004a6f56
004cec39.img
004ecb45.img
004faaab.img
00536f52.img
00536f56.img
00583c39.img
0058c9cf.img
0058c9d7.img
0058c9db.img
0058c9df.img
0058c9e7.img
0058c9eb.img
0058c9f3.img
0058ca53.img
0058ca67.img
0058ca6f.img
005d7993.img
005ed1e5.img
005ee3c5.img
005f73b4.img
005fe3c5.img
0060def0.img
0060e3c5.img
0062ded9.img
006377aa.img
0065fadb.img
0076ded2.img
0078c9cf.img
0078c9df.img
0078c9e7.img
0078c9eb.img
0078c9f3.img
007f59aa.img
008287b5.img
008c59bd.img
008e5121.img
008e9d03.img
00944f72.img
0098c9cf.img
0098c9df.img
0098c9e3.img
0098c9e7.img
0098c9eb.img
00999367.img
009b2164.img
00a2aa3e.img
00a3a885.img
00a4aedb.img
00acdea9.img
00b74807.img
00b8c9cf.img
00b8c9e3.img
00b8c9e7.img
00bbb0ad.img
00bd49ca.img
00bd89a1.img
00bfa83f.img
00c0a83f.img
00c0be86.img
00c1a83f.img
00c2a83f.img
00ca1ad1.img
00d2ded2.img
00d31745.img
00d476d8.img
00d5cd7d.img
00d5def0.img
00d6eac6.img
00d89049.img
00d8c9cf.img
00da3e27.img
00df7f97.img
00e338a3.img
00e3e4ba.img
00e69824.img
00e786c5.img
00e84efe.img
00efa8aa.img
00f30f4f.img
00f40f4f.img
00f5bdc3.img
00fa2962.img
mgs3_keycon_arrow_l
mgs3_keycon_arrow_r
mgs3_keycon_check
mgs3_keycon_list_base_00
mgs3_keycon_list_base_01
mgs3_keycon_list_base_03
mgs3_keycon_list_base_04
mgs3_keycon_list_base_05
mgs3_keycon_type_base_00
option_save_frame_cursor
options_frame_back
options_frame_back_small
options_line_00
options_save_frame_black
options_save_icon_mute
options_save_icon_volume
options_save_volume_00
options_save_volume_01

----- MIPS CORRECT - Power of 2 (LOW PRIORITY) (Count: 0) -----
None

----- MIPS CORRECT - NPOT (NPOT) (Count: 0) -----
None


###############################################################
########################  SUMMARY COUNTS FOR REMAINING UNDUMPED #########################
###############################################################

BP REMADE | NEEDS MIPS STRIPPED - POT (NEED TO FIND): 0
BP REMADE | NEEDS MIPS STRIPPED - NPOT (NEED TO FIND): 0
BP REMADE | MIPS CORRECT - POT (LOW PRIORITY): 0
BP REMADE | MIPS CORRECT - NPOT (NEED TO FIND): 0
OG PS2 FILES | NEEDS MIPS STRIPPED - POT (NEED TO FIND): 0
OG PS2 FILES | NEEDS MIPS STRIPPED - NPOT (NEED TO FIND): 442
OG PS2 FILES | MIPS CORRECT - POT (LOW PRIORITY): 0
OG PS2 FILES | MIPS CORRECT - NPOT (NEED TO FIND): 0

TOTAL MIPS CORRECT (POT): 0
ALL OTHER CATEGORIES: 442
COMBINED TOTAL: 442
OG PS2 LEFT TO FIND: 442
