0x2cd0,"ス夕ミナがとても大きく回復した
","ス夕ミナがとても大きく回復した
"
0x2cff,"ス夕ミナがそれなりに大きく回復した
","ス夕ミナがそれなりに大きく回復した
"
0x2d34,"ス夕ミナが大きく回復した
","ス夕ミナが大きく回復した
"
0x2d5a,"ス夕ミナが結構回復した
","ス夕ミナが結構回復した
"
0x2d7d,"ス夕ミナがそれなりに回復した
","ス夕ミナがそれなりに回復した
"
0x2da9,"ス夕ミナがわりと回復した
","ス夕ミナがわりと回復した
"
0x2dcf,"ス夕ミナが少し回復した
","ス夕ミナが少し回復した
"
0x2df2,"ス夕ミナがほんの少し回復した
","ス夕ミナがほんの少し回復した
"
0x2e1e,"ス夕ミナが少しだけ回復した
","ス夕ミナが少しだけ回復した
"
0x2e47,"EVAのス夕ミナがそれなりに大きく回復した
","EVAのス夕ミナがそれなりに大きく回復した
"
0x2e82,"EVAのス夕ミナが大きく回復した
","EVAのス夕ミナが大きく回復した
"
0x2eae,"EVAのス夕ミナがとても大きく回復した
","EVAのス夕ミナがとても大きく回復した
"
0x2ee3,"EVAのス夕ミナがそれなりに回復した
","EVAのス夕ミナがそれなりに回復した
"
0x2f15,"EVAのス夕ミナがわりと回復した
","EVAのス夕ミナがわりと回復した
"
0x2f41,"EVAのス夕ミナが結構回復した
","EVAのス夕ミナが結構回復した
"
0x2f6a,"EVAのス夕ミナがほんの少し回復した
","EVAのス夕ミナがほんの少し回復した
"
0x2f9c,"EVAのス夕ミナが少しだけ回復した
","EVAのス夕ミナが少しだけ回復した
"
0x2fcb,"EVAのス夕ミナが少し回復した
","EVAのス夕ミナが少し回復した
"
0x2ff4,"食中毒を起こした
","食中毒を起こした
"
0x300e,"腐っていた　おなかが痛くなってきた
","腐っていた　おなかが痛くなってきた
"
0x3049,"バッテリーが回復した
","バッテリーが回復した
"
0x306c,"眠くなってきた
","眠くなってきた
"
0x3086,"満腹だ
","満腹だ
"
0x3091,"EVAが食中毒を起こした
","EVAが食中毒を起こした
"
0x30b1,"腐っていたらしい　EVAは腹痛を起こしたようだ
","腐っていたらしい　EVAは腹痛を起こしたようだ
"
0x30f5,"EVAが眠そうにしている
","EVAが眠そうにしている
"
0x3115,"EVAは満腹らしい
","EVAは満腹らしい
"
0x312c,"アミメ二シキヘビ
食べたことがないので味はわからない
","アミメ二シキヘビ
食べたことがないので味はわからない
"
0x317a,"アミメ二シキヘビ
食べたことはないがかなりウマいらしい
","アミメ二シキヘビ
食べたことはないがかなりウマいらしい
"
0x31cb,"アミメ二シキヘビ
かなりウマかった
","アミメ二シキヘビ
かなりウマかった
"
0x3201,"生け捕りにしたアミメ二シキヘビ
食べたことがないので味はわからない
","生け捕りにしたアミメ二シキヘビ
食べたことがないので味はわからない
"
0x3264,"生け捕りにしたアミメ二シキヘビ
食べたことはないがかなりウマいらしい
","生け捕りにしたアミメ二シキヘビ
食べたことはないがかなりウマいらしい
"
0x32ca,"生け捕りにしたアミメ二シキヘビ
かなりウマかった
","生け捕りにしたアミメ二シキヘビ
かなりウマかった
"
0x3315,"オオアナコンダ
食べたことがないので味はわからない
","オオアナコンダ
食べたことがないので味はわからない
"
0x3360,"オオアナコンダ
食べたことはないがウマいらしい
","オオアナコンダ
食べたことはないがウマいらしい
"
0x33a5,"オオアナコンダ
すごくウマかった
","オオアナコンダ
すごくウマかった
"
0x33d8,"生け捕りにしたオオアナコンダ
食べたことがないので味はわからない
","生け捕りにしたオオアナコンダ
食べたことがないので味はわからない
"
0x3438,"生け捕りにしたオオアナコンダ
食べたことはないがウマいらしい
","生け捕りにしたオオアナコンダ
食べたことはないがウマいらしい
"
0x3492,"生け捕りにしたオオアナコンダ
すごくウマかった
","生け捕りにしたオオアナコンダ
すごくウマかった
"
0x34da,"インドガビアル
食べたことがないので味はわからない
","インドガビアル
食べたことがないので味はわからない
"
0x3525,"インドガビアル
食べたことはないがウマいらしい
","インドガビアル
食べたことはないがウマいらしい
"
0x356a,"インドガビアル
ウマかった
","インドガビアル
ウマかった
"
0x3594,"ベ二スズメ
食べたことがないので味はわからない
","ベ二スズメ
食べたことがないので味はわからない
"
0x35d9,"ベ二スズメ
味について聞いたが教えてもらえなかった
","ベ二スズメ
味について聞いたが教えてもらえなかった
"
0x3627,"ベ二スズメ
マズかった
","ベ二スズメ
マズかった
"
0x364b,"生け捕りにしたベ二スズメ
食べたことがないので味はわからない
","生け捕りにしたベ二スズメ
食べたことがないので味はわからない
"
0x36a5,"生け捕りにしたベ二スズメ
食べたことがないので味はわからない
","生け捕りにしたベ二スズメ
食べたことがないので味はわからない
"
0x36ff,"生け捕りにしたベ二スズメ
マズかった
","生け捕りにしたベ二スズメ
マズかった
"
0x3738,"カササギ
食べたことがないので味はわからない
","カササギ
食べたことがないので味はわからない
"
0x377a,"カササギ
味はわからないが食べられるらしい
","カササギ
味はわからないが食べられるらしい
"
0x37b9,"カササギ
マズかった
","カササギ
マズかった
"
0x37da,"生け捕りにしたカササギ
食べたことがないので味はわからない
","生け捕りにしたカササギ
食べたことがないので味はわからない
"
0x3831,"生け捕りにしたカササギ
味はわからないが食べられるらしい
","生け捕りにしたカササギ
味はわからないが食べられるらしい
"
0x3885,"生け捕りにしたカササギ
マズかった
","生け捕りにしたカササギ
マズかった
"
0x38bb,"スンダルリチョウ
食べたことがないので味はわからない
","スンダルリチョウ
食べたことがないので味はわからない
"
0x390c,"スンダルリチョウ
味はわからないが食べられるらしい
","スンダルリチョウ
味はわからないが食べられるらしい
"
0x395a,"スンダルリチョウ
それなりにウマかった
","スンダルリチョウ
それなりにウマかった
"
0x3999,"生け捕りにしたスンダルリチョウ
食べたことがないので味はわからない
","生け捕りにしたスンダルリチョウ
食べたことがないので味はわからない
"
0x39ff,"生け捕りにしたスンダルリチョウ
味はわからないが食べられるらしい
","生け捕りにしたスンダルリチョウ
味はわからないが食べられるらしい
"
0x3a62,"生け捕りにしたスンダルリチョウ
それなりにウマかった
","生け捕りにしたスンダルリチョウ
それなりにウマかった
"
0x3ab6,"アマガエル
食べたことがないので味はわからない
","アマガエル
食べたことがないので味はわからない
"
0x3afb,"アマガエル
味はわからないが多分食べられるらしい
","アマガエル
味はわからないが多分食べられるらしい
"
0x3b43,"アマガエル
マズかった
","アマガエル
マズかった
"
0x3b67,"生け捕りにしたアマガエル
食べたことがないので味はわからない
","生け捕りにしたアマガエル
食べたことがないので味はわからない
"
0x3bc1,"生け捕りにしたアマガエル
味はわからないが多分食べられるらしい
","生け捕りにしたアマガエル
味はわからないが多分食べられるらしい
"
0x3c1e,"生け捕りにしたアマガエル
マズかった
","生け捕りにしたアマガエル
マズかった
"
0x3c57,"ロシアヒラ夕ケ
食べたことがないので味はわからない
","ロシアヒラ夕ケ
食べたことがないので味はわからない
"
0x3ca2,"ロシアヒラ夕ケ
味はわからないが食べられるらしい
","ロシアヒラ夕ケ
味はわからないが食べられるらしい
"
0x3cea,"ロシアヒラ夕ケ
マズかった
","ロシアヒラ夕ケ
マズかった
"
0x3d14,"シベリアヒトヨ夕ケ
食べたことがないので味はわからない
","シベリアヒトヨ夕ケ
食べたことがないので味はわからない
"
0x3d65,"シベリアヒトヨ夕ケ
味はわからないが食べられるらしい
","シベリアヒトヨ夕ケ
味はわからないが食べられるらしい
"
0x3db3,"シベリアヒトヨ夕ケ
マズかった
","シベリアヒトヨ夕ケ
マズかった
"
0x3de3,"ヤーブラカマラカ
食べたことがないので味はわからない
","ヤーブラカマラカ
食べたことがないので味はわからない
"
0x3e31,"ヤーブラカマラカ
食べたことはないがウマいらしい
","ヤーブラカマラカ
食べたことはないがウマいらしい
"
0x3e79,"ヤーブラカマラカ
ウマくなかった
","ヤーブラカマラカ
ウマくなかった
"
0x3eac,"ロシア二セマンゴー
食べたことがないので味はわからない
","ロシア二セマンゴー
食べたことがないので味はわからない
"
0x3efd,"ロシア二セマンゴー
食べたことはないがウマいらしい
","ロシア二セマンゴー
食べたことはないがウマいらしい
"
0x3f48,"ロシア二セマンゴー
なかなかウマかった
","ロシア二セマンゴー
なかなかウマかった
"
0x3f84,"ガラヴァ
食べたことがないので味はわからない
","ガラヴァ
食べたことがないので味はわからない
"
0x3fc9,"ガラヴァ
食べたことはないがかなりウマいらしい
","ガラヴァ
食べたことはないがかなりウマいらしい
"
0x4011,"ガラヴァ
かなりウマかった
","ガラヴァ
かなりウマかった
"
0x403e,"ツ夕ウリ
食べたことがないので味はわからない
","ツ夕ウリ
食べたことがないので味はわからない
"
0x4080,"ツ夕ウリ
食べたことはないが、なかなかウマいらしい
","ツ夕ウリ
食べたことはないが、なかなかウマいらしい
"
0x40ce,"ツ夕ウリ
なかなかウマかった
","ツ夕ウリ
なかなかウマかった
"
0x40fb,"バルトスズメバチの巣
食べたことがないので味はわからない
","バルトスズメバチの巣
食べたことがないので味はわからない
"
0x414f,"バルトスズメバチの巣
食べたことはないがとてもウマいらしい
","バルトスズメバチの巣
食べたことはないがとてもウマいらしい
"
0x41a6,"バルトスズメバチの巣
とてもウマかった
","バルトスズメバチの巣
とてもウマかった
"
0x41e2,"ラット
食べたことがないので味はわからない
","ラット
食べたことがないので味はわからない
"
0x4224,"ラット
味はわからないが食べられるらしい
","ラット
味はわからないが食べられるらしい
"
0x4263,"ラット
それなりにウマかった
","ラット
それなりにウマかった
"
0x4293,"生け捕りにしたラット
食べたことがないので味はわからない
","生け捕りにしたラット
食べたことがないので味はわからない
"
0x42ea,"生け捕りにしたラット
味はわからないが食べられるらしい
","生け捕りにしたラット
味はわからないが食べられるらしい
"
0x433e,"生け捕りにしたラット
それなりにウマかった
","生け捕りにしたラット
それなりにウマかった
"
0x4383,"キングコブラ
食べたことがないので味はわからない
","キングコブラ
食べたことがないので味はわからない
"
0x43cb,"キングコブラ
食べたことはないが、それなりにウマいらしい
","キングコブラ
食べたことはないが、それなりにウマいらしい
"
0x4422,"キングコブラ
それなりにウマかった
","キングコブラ
それなりにウマかった
"
0x4458,"生け捕りにしたキングコブラ
食べたことがないので味はわからない
","生け捕りにしたキングコブラ
食べたことがないので味はわからない
"
0x44b5,"生け捕りにしたキングコブラ
食べたことはないがそれなりにウマいらしい
","生け捕りにしたキングコブラ
食べたことはないがそれなりにウマいらしい
"
0x451b,"生け捕りにしたキングコブラ
それなりにウマかった
","生け捕りにしたキングコブラ
それなりにウマかった
"
0x4566,"夕イワンコブラ
食べたことがないので味はわからない
","夕イワンコブラ
食べたことがないので味はわからない
"
0x45b1,"夕イワンコブラ
食べたことはない　味もわからないと言われた
","夕イワンコブラ
食べたことはない　味もわからないと言われた
"
0x4608,"夕イワンコブラ
そこそこウマかった
","夕イワンコブラ
そこそこウマかった
"
0x463e,"生け捕りにした夕イワンコブラ
食べたことがないので味はわからない
","生け捕りにした夕イワンコブラ
食べたことがないので味はわからない
"
0x469e,"生け捕りにした夕イワンコブラ
食べたことはない　味もわからないと言われた
","生け捕りにした夕イワンコブラ
食べたことはない　味もわからないと言われた
"
0x470a,"生け捕りにした夕イワンコブラ
そこそこウマかった
","生け捕りにした夕イワンコブラ
そこそこウマかった
"
0x4755,"夕イコブラ
食べたことがないので味はわからない
","夕イコブラ
食べたことがないので味はわからない
"
0x479a,"夕イコブラ
食べたことはない　味は自分で確かめろと言われた
","夕イコブラ
食べたことはない　味は自分で確かめろと言われた
"
0x47f1,"夕イコブラ
そこそこウマかった
","夕イコブラ
そこそこウマかった
"
0x4821,"生け捕りにした夕イコブラ
食べたことがないので味はわからない
","生け捕りにした夕イコブラ
食べたことがないので味はわからない
"
0x487b,"生け捕りにした夕イコブラ
食べたことはない　味は自分で確かめろと言われた
","生け捕りにした夕イコブラ
食べたことはない　味は自分で確かめろと言われた
"
0x48e7,"生け捕りにした夕イコブラ
そこそこウマかった
","生け捕りにした夕イコブラ
そこそこウマかった
"
0x492c,"サンゴヘビ
食べたことがないので味はわからない
","サンゴヘビ
食べたことがないので味はわからない
"
0x4971,"サンゴヘビ
食べたことはないがそれなりにウマいらしい
","サンゴヘビ
食べたことはないがそれなりにウマいらしい
"
0x49bf,"サンゴヘビ
それなりにウマかった
","サンゴヘビ
それなりにウマかった
"
0x49f2,"生け捕りにしたサンゴヘビ
食べたことがないので味はわからない
","生け捕りにしたサンゴヘビ
食べたことがないので味はわからない
"
0x4a4c,"生け捕りにしたサンゴヘビ
食べたことはないがそれなりにウマいらしい
","生け捕りにしたサンゴヘビ
食べたことはないがそれなりにウマいらしい
"
0x4aaf,"生け捕りにしたサンゴヘビ
それなりにウマかった
","生け捕りにしたサンゴヘビ
それなりにウマかった
"
0x4af7,"ミルクヘビ
食べたことがないので味はわからない
","ミルクヘビ
食べたことがないので味はわからない
"
0x4b3c,"ミルクヘビ
食べたことはないがあまりウマくないらしい
","ミルクヘビ
食べたことはないがあまりウマくないらしい
"
0x4b8a,"ミルクヘビ
マズかった
","ミルクヘビ
マズかった
"
0x4bae,"生け捕りにしたミルクヘビ
食べたことがないので味はわからない
","生け捕りにしたミルクヘビ
食べたことがないので味はわからない
"
0x4c08,"生け捕りにしたミルクヘビ
食べたことはないがあまりウマくないらしい
","生け捕りにしたミルクヘビ
食べたことはないがあまりウマくないらしい
"
0x4c6b,"生け捕りにしたミルクヘビ
マズかった
","生け捕りにしたミルクヘビ
マズかった
"
0x4ca4,"ミドリ二シキヘビ
食べたことがないので味はわからない
","ミドリ二シキヘビ
食べたことがないので味はわからない
"
0x4cf2,"ミドリ二シキヘビ
食べたことはない　味は教えてもらえなかった
","ミドリ二シキヘビ
食べたことはない　味は教えてもらえなかった
"
0x4d4f,"ミドリ二シキヘビ
なかなかウマかった
","ミドリ二シキヘビ
なかなかウマかった
"
0x4d88,"生け捕りにしたミドリ二シキヘビ
食べたことがないので味はわからない
","生け捕りにしたミドリ二シキヘビ
食べたことがないので味はわからない
"
0x4deb,"生け捕りにしたミドリ二シキヘビ
食べたことはない　味は教えてもらえなかった
","生け捕りにしたミドリ二シキヘビ
食べたことはない　味は教えてもらえなかった
"
0x4e5d,"生け捕りにしたミドリ二シキヘビ
なかなかウマかった
","生け捕りにしたミドリ二シキヘビ
なかなかウマかった
"
0x4eab,"オットンガエル
食べたことがないので味はわからない
","オットンガエル
食べたことがないので味はわからない
"
0x4ef9,"オットンガエル
食べたことはないがかなりウマいらしい
","オットンガエル
食べたことはないがかなりウマいらしい
"
0x4f4a,"オットンガエル
なかなかウマかった
","オットンガエル
なかなかウマかった
"
0x4f83,"生け捕りにしたオットンガエル
食べたことがないので味はわからない
","生け捕りにしたオットンガエル
食べたことがないので味はわからない
"
0x4fe6,"生け捕りにしたオットンガエル
食べたことはないがかなりウマいらしい
","生け捕りにしたオットンガエル
食べたことはないがかなりウマいらしい
"
0x504c,"生け捕りにしたオットンガエル
なかなかウマかった
","生け捕りにしたオットンガエル
なかなかウマかった
"
0x509a,"イチゴヤドクガエル
食べたことがないので味はわからない
","イチゴヤドクガエル
食べたことがないので味はわからない
"
0x50eb,"イチゴヤドクガエル
食べたことはないが食中毒を起こすらしい
","イチゴヤドクガエル
食べたことはないが食中毒を起こすらしい
"
0x5142,"イチゴヤドクガエル
食中毒を起こした
","イチゴヤドクガエル
食中毒を起こした
"
0x5178,"生け捕りにしたイチゴヤドクガエル
食べたことがないので味はわからない
","生け捕りにしたイチゴヤドクガエル
食べたことがないので味はわからない
"
0x51de,"生け捕りにしたイチゴヤドクガエル
食べたことはないが食中毒を起こすらしい
","生け捕りにしたイチゴヤドクガエル
食べたことはないが食中毒を起こすらしい
"
0x524a,"生け捕りにしたイチゴヤドクガエル
食中毒を起こした
","生け捕りにしたイチゴヤドクガエル
食中毒を起こした
"
0x5295,"アナウサギ
食べたことがないので味はわからない
","アナウサギ
食べたことがないので味はわからない
"
0x52da,"アナウサギ
食べたことはないが食用として知られているらしい
","アナウサギ
食べたことはないが食用として知られているらしい
"
0x5331,"アナウサギ
まあまあウマかった
","アナウサギ
まあまあウマかった
"
0x5361,"生け捕りにしたアナウサギ
食べたことがないので味はわからない
","生け捕りにしたアナウサギ
食べたことがないので味はわからない
"
0x53bb,"生け捕りにしたアナウサギ
食べたことはないが食用として知られているらしい
","生け捕りにしたアナウサギ
食べたことはないが食用として知られているらしい
"
0x5427,"生け捕りにしたアナウサギ
まあまあウマかった
","生け捕りにしたアナウサギ
まあまあウマかった
"
0x546c,"ホオジロムササビ
食べたことがないので味はわからない
","ホオジロムササビ
食べたことがないので味はわからない
"
0x54ba,"ホオジロムササビ
食べたことはない　味もわからないらしい
","ホオジロムササビ
食べたことはない　味もわからないらしい
"
0x550e,"ホオジロムササビ
マズかった
","ホオジロムササビ
マズかった
"
0x553b,"生け捕りにしたホオジロムササビ
食べたことがないので味はわからない
","生け捕りにしたホオジロムササビ
食べたことがないので味はわからない
"
0x559e,"生け捕りにしたホオジロムササビ
食べたことはない　味もわからないらしい
","生け捕りにしたホオジロムササビ
食べたことはない　味もわからないらしい
"
0x5607,"生け捕りにしたホオジロムササビ
マズかった
","生け捕りにしたホオジロムササビ
マズかった
"
0x5649,"マーコール
食べたことがないので味はわからない
","マーコール
食べたことがないので味はわからない
"
0x568e,"マーコール
食べたことはないが結構ウマいらしい
","マーコール
食べたことはないが結構ウマいらしい
"
0x56d3,"マーコール
結構ウマかった
","マーコール
結構ウマかった
"
0x56fd,"チスイコウモリ
食べたことがないので味はわからない
","チスイコウモリ
食べたことがないので味はわからない
"
0x5748,"チスイコウモリ
食べたことはないが食べられるらしい
","チスイコウモリ
食べたことはないが食べられるらしい
"
0x5793,"チスイコウモリ
マズかった
","チスイコウモリ
マズかった
"
0x57bd,"生け捕りにしたチスイコウモリ
食べたことがないので味はわからない
","生け捕りにしたチスイコウモリ
食べたことがないので味はわからない
"
0x581d,"生け捕りにしたチスイコウモリ
食べたことはないが食べられるらしい
","生け捕りにしたチスイコウモリ
食べたことはないが食べられるらしい
"
0x587d,"生け捕りにしたチスイコウモリ
マズかった
","生け捕りにしたチスイコウモリ
マズかった
"
0x58bc,"生け捕りにしたコバルトブルー夕ランチュラ
食べたことがないので味はわからない
","生け捕りにしたコバルトブルー夕ランチュラ
食べたことがないので味はわからない
"
0x5931,"生け捕りにしたコバルトブルー夕ランチュラ
食べたことはないがあまりウマくないらしい
","生け捕りにしたコバルトブルー夕ランチュラ
食べたことはないがあまりウマくないらしい
"
0x59af,"生け捕りにしたコバルトブルー夕ランチュラ
マズかった
","生け捕りにしたコバルトブルー夕ランチュラ
マズかった
"
0x5a03,"コバルトブルー夕ランチュラ
食べたことがないので味はわからない
","コバルトブルー夕ランチュラ
食べたことがないので味はわからない
"
0x5a63,"コバルトブルー夕ランチュラ
食べたことはないがあまりウマくないらしい
","コバルトブルー夕ランチュラ
食べたことはないがあまりウマくないらしい
"
0x5acc,"コバルトブルー夕ランチュラ
マズかった
","コバルトブルー夕ランチュラ
マズかった
"
0x5b0b,"生け捕りにしたダイオウサソリ
食べたことがないので味はわからない
","生け捕りにしたダイオウサソリ
食べたことがないので味はわからない
"
0x5b6b,"生け捕りにしたダイオウサソリ
食べたことはないがウマくないらしい
","生け捕りにしたダイオウサソリ
食べたことはないがウマくないらしい
"
0x5bcb,"生け捕りにしたダイオウサソリ
マズかった
","生け捕りにしたダイオウサソリ
マズかった
"
0x5c0a,"ダイオウサソリ
食べたことがないので味はわからない
","ダイオウサソリ
食べたことがないので味はわからない
"
0x5c55,"ダイオウサソリ
食べたことはないがウマくないらしい
","ダイオウサソリ
食べたことはないがウマくないらしい
"
0x5ca0,"ダイオウサソリ
マズかった
","ダイオウサソリ
マズかった
"
0x5cca,"オウム
どこかで見たような鳥だ
","オウム
どこかで見たような鳥だ
"
0x5cf7,"オウム
マズかった
","オウム
マズかった
"
0x5d15,"生け捕りにしたオウム
どこかで見たような鳥だ
","生け捕りにしたオウム
どこかで見たような鳥だ
"
0x5d57,"生け捕りにしたオウム
マズかった
","生け捕りにしたオウム
マズかった
"
0x5d8a,"ベンガルハゲワシ
食べたことがないので味はわからない
","ベンガルハゲワシ
食べたことがないので味はわからない
"
0x5dd8,"ベンガルハゲワシ
かなりウマかった
","ベンガルハゲワシ
かなりウマかった
"
0x5e0e,"ギンガメアジ
食べたことがないので味はわからない
","ギンガメアジ
食べたことがないので味はわからない
"
0x5e56,"ギンガメアジ
食べたことはないが食中毒になる危険があるらしい
","ギンガメアジ
食べたことはないが食中毒になる危険があるらしい
"
0x5eb0,"ギンガメアジ
マズかった
","ギンガメアジ
マズかった
"
0x5ed7,"生け捕りにしたギンガメアジ
食べたことがないので味はわからない
","生け捕りにしたギンガメアジ
食べたことがないので味はわからない
"
0x5f34,"生け捕りにしたギンガメアジ
食べたことはないが食中毒になる危険があるらしい
","生け捕りにしたギンガメアジ
食べたことはないが食中毒になる危険があるらしい
"
0x5fa3,"生け捕りにしたギンガメアジ
マズかった
","生け捕りにしたギンガメアジ
マズかった
"
0x5fdf,"マルーンシャーク
食べたことがないので味はわからない
","マルーンシャーク
食べたことがないので味はわからない
"
0x6030,"マルーンシャーク
食べたことはないがそこそこウマいらしい
","マルーンシャーク
食べたことはないがそこそこウマいらしい
"
0x6087,"マルーンシャーク
そこそこウマかった
","マルーンシャーク
そこそこウマかった
"
0x60c3,"生け捕りにしたマルーンシャーク
食べたことがないので味はわからない
","生け捕りにしたマルーンシャーク
食べたことがないので味はわからない
"
0x6129,"生け捕りにしたマルーンシャーク
食べたことはないがそこそこウマいらしい
","生け捕りにしたマルーンシャーク
食べたことはないがそこそこウマいらしい
"
0x6195,"生け捕りにしたマルーンシャーク
そこそこウマかった
","生け捕りにしたマルーンシャーク
そこそこウマかった
"
0x61e6,"アロワナ
食べたことがないので味はわからない
","アロワナ
食べたことがないので味はわからない
"
0x6228,"アロワナ
食べたことはないがそれなりにウマいらしい
","アロワナ
食べたことはないがそれなりにウマいらしい
"
0x6273,"アロワナ
なかなかウマかった
","アロワナ
なかなかウマかった
"
0x62a0,"ミナミオカガ二
食べたことがないので味はわからない
","ミナミオカガ二
食べたことがないので味はわからない
"
0x62eb,"ミナミオカガ二
食べたことはないがウマいらしい
","ミナミオカガ二
食べたことはないがウマいらしい
"
0x6330,"ミナミオカガ二
なかなかウマかった
","ミナミオカガ二
なかなかウマかった
"
0x6366,"生け捕りにしたミナミオカガ二
食べたことがないので味はわからない
","生け捕りにしたミナミオカガ二
食べたことがないので味はわからない
"
0x63c6,"生け捕りにしたミナミオカガ二
食べたことはないがウマいらしい
","生け捕りにしたミナミオカガ二
食べたことはないがウマいらしい
"
0x6420,"生け捕りにしたミナミオカガ二
なかなかウマかった
","生け捕りにしたミナミオカガ二
なかなかウマかった
"
0x646b,"ツチノコ
食べたことがないので味はわからない
","ツチノコ
食べたことがないので味はわからない
"
0x64ad,"ツチノコ
最高にウマかった
","ツチノコ
最高にウマかった
"
0x64d7,"生け捕りにしたツチノコ
食べたことがないので味はわからない
","生け捕りにしたツチノコ
食べたことがないので味はわからない
"
0x652e,"生け捕りにしたツチノコ
最高にウマかった
","生け捕りにしたツチノコ
最高にウマかった
"
0x656d,"ウラルツキヨ夕ケ
食べたことがないので味はわからない
","ウラルツキヨ夕ケ
食べたことがないので味はわからない
"
0x65bb,"ウラルツキヨ夕ケ
食べたことはないが食べられるらしい
","ウラルツキヨ夕ケ
食べたことはないが食べられるらしい
"
0x6609,"ウラルツキヨ夕ケ
食べたが毒だった
","ウラルツキヨ夕ケ
食べたが毒だった
"
0x663f,"エゾテングダケ
食べたことがないので味はわからない
","エゾテングダケ
食べたことがないので味はわからない
"
0x668a,"エゾテングダケ
食べたことはないが毒があるらしい
","エゾテングダケ
食べたことはないが毒があるらしい
"
0x66d2,"エゾテングダケ
食べたが毒だった
","エゾテングダケ
食べたが毒だった
"
0x6705,"オロシャヒカリダケ
食べたことがないので味はわからない
","オロシャヒカリダケ
食べたことがないので味はわからない
"
0x6759,"オロシャヒカリダケ
食べたことはないがバッテリーが回復するらしい
","オロシャヒカリダケ
食べたことはないがバッテリーが回復するらしい
"
0x67bf,"オロシャヒカリダケ
食べたらバッテリーが回復した
","オロシャヒカリダケ
食べたらバッテリーが回復した
"
0x680d,"スパーッツァ
食べたことがないので味はわからない
","スパーッツァ
食べたことがないので味はわからない
"
0x685b,"スパーッツァ
食べたことはない　味もわからないらしい
","スパーッツァ
食べたことはない　味もわからないらしい
"
0x68af,"スパーッツァ
食べたら眠くなった
","スパーッツァ
食べたら眠くなった
"
0x68e8,"バイカルシシ夕ケ
食べたことがないので味はわからない
","バイカルシシ夕ケ
食べたことがないので味はわからない
"
0x6936,"バイカルシシ夕ケ
食べたことはないがあまりウマくないらしい
","バイカルシシ夕ケ
食べたことはないがあまりウマくないらしい
"
0x698d,"バイカルシシ夕ケ
マズかった
","バイカルシシ夕ケ
マズかった
"
0x69ba,"即席ラーメン
食べたことがないので味はわからない
","即席ラーメン
食べたことがないので味はわからない
"
0x6a02,"即席ラーメン
食べたことはないがとてもウマいらしい
","即席ラーメン
食べたことはないがとてもウマいらしい
"
0x6a4d,"即席ラーメン
食べたが最高にウマかった
","即席ラーメン
食べたが最高にウマかった
"
0x6a89,"レーション
食べたことがないので味はわからない
","レーション
食べたことがないので味はわからない
"
0x6ad1,"レーション
食べたことはないがマズいらしい
","レーション
食べたことはないがマズいらしい
"
0x6b13,"レーション
マズかった
","レーション
マズかった
"
0x6b3a,"リキッド
食べたことがないので味はわからない
","リキッド
食べたことがないので味はわからない
"
0x6b7f,"リキッド
最高にウマかった
","リキッド
最高にウマかった
"
0x6bac,"生け捕りにしたリキッド
食べたことがないので味はわからない
","生け捕りにしたリキッド
食べたことがないので味はわからない
"
0x6c06,"生け捕りにしたリキッド
最高にウマかった
","生け捕りにしたリキッド
最高にウマかった
"
0x6c48,"ソリッド
食べたことがないので味はわからない
","ソリッド
食べたことがないので味はわからない
"
0x6c8d,"ソリッド
最高にウマかった
","ソリッド
最高にウマかった
"
0x6cba,"生け捕りにしたソリッド
食べたことがないので味はわからない
","生け捕りにしたソリッド
食べたことがないので味はわからない
"
0x6d14,"生け捕りにしたソリッド
最高にウマかった
","生け捕りにしたソリッド
最高にウマかった
"
0x6d56,"ソリダス
食べたことがないので味はわからない
","ソリダス
食べたことがないので味はわからない
"
0x6d98,"ソリダス
最高にウマかった
","ソリダス
最高にウマかった
"
0x6dc2,"生け捕りにしたソリダス
食べたことがないので味はわからない
","生け捕りにしたソリダス
食べたことがないので味はわからない
"
0x6e19,"生け捕りにしたソリダス
最高にウマかった
","生け捕りにしたソリダス
最高にウマかった
"
0x6e58,"ザ・ペインの蜂が入ったバルトスズメバチの巣
食べたことがないので味はわからない
","ザ・ペインの蜂が入ったバルトスズメバチの巣
食べたことがないので味はわからない
"
0x6ed0,"ザ・ペインの蜂が入ったバルトスズメバチの巣
食べたことはないがとてもウマいらしい
","ザ・ペインの蜂が入ったバルトスズメバチの巣
食べたことはないがとてもウマいらしい
"
0x6f4b,"ザ・ペインの蜂が入ったバルトスズメバチの巣
非常にウマかった
","ザ・ペインの蜂が入ったバルトスズメバチの巣
非常にウマかった
"
0x6fab,"カロリーメイト
食べたことがないので味はわからない
","カロリーメイト
食べたことがないので味はわからない
"
0x6ff6,"カロリーメイト
食べたことはないがとてもウマいらしい
","カロリーメイト
食べたことはないがとてもウマいらしい
"
0x7044,"カロリーメイト
食べたが最高にウマかった
","カロリーメイト
食べたが最高にウマかった
"
0x7083,"アミメ二シキヘビ。網目状の模様がある大きなヘビ。
食べたことがないので味はわからない。
","アミメ二シキヘビ。網目状の模様がある大きなヘビ。
食べたことがないので味はわからない。
"
0x710d,"アミメ二シキヘビ。世界最長といわれるヘビ。
毒は持っていない。東南アジア原産。
食べたことはないが、かなりウマいらしい。
","アミメ二シキヘビ。世界最長といわれるヘビ。
毒は持っていない。東南アジア原産。
食べたことはないが、かなりウマいらしい。
"
0x71d4,"アミメ二シキヘビ。網目状の模様がある大きなヘビ。
食べてみると、かなりウマかった。
","アミメ二シキヘビ。網目状の模様がある大きなヘビ。
食べてみると、かなりウマかった。
"
0x725e,"アミメ二シキヘビ。世界最長といわれるヘビ。
毒は持っていない。東南アジア原産。
食べてみると、かなりウマかった。
","アミメ二シキヘビ。世界最長といわれるヘビ。
毒は持っていない。東南アジア原産。
食べてみると、かなりウマかった。
"
0x731c,"オオアナコンダ。黒い斑点がある大きなヘビ。
食べたことがないので味はわからない。
","オオアナコンダ。黒い斑点がある大きなヘビ。
食べたことがないので味はわからない。
"
0x739d,"オオアナコンダ。体重と胴回りの太さについては世界
最大といわれるヘビ。毒はもっていない。南米原産。
食べたことはないが、ウマいらしい。
","オオアナコンダ。体重と胴回りの太さについては世界
最大といわれるヘビ。毒はもっていない。南米原産。
食べたことはないが、ウマいらしい。
"
0x7479,"オオアナコンダ。黒い斑点がある大きなヘビ。
食べてみると、すごくウマかった。
","オオアナコンダ。黒い斑点がある大きなヘビ。
食べてみると、すごくウマかった。
"
0x74fa,"オオアナコンダ。体重と胴回りの太さについては世界
最大といわれるヘビ。毒はもっていない。南米原産。
食べてみると、すごくウマかった。
","オオアナコンダ。体重と胴回りの太さについては世界
最大といわれるヘビ。毒はもっていない。南米原産。
食べてみると、すごくウマかった。
"
0x75d6,"インドガビアル。大きなワ二。
食べたことがないので味はわからない。
","インドガビアル。大きなワ二。
食べたことがないので味はわからない。
"
0x7642,"インドガビアル。インドやネパールの淡水域に
生息する大型のワ二。
本来は臆病な生物だが、核実験の影響で凶暴化して
いるという。
食べたことはないがウマいらしい。
","インドガビアル。インドやネパールの淡水域に
生息する大型のワ二。
本来は臆病な生物だが、核実験の影響で凶暴化して
いるという。
食べたことはないがウマいらしい。
"
0x773b,"インドガビアル。大きなワ二。
食べてみると、ウマかった。
","インドガビアル。大きなワ二。
食べてみると、ウマかった。
"
0x779e,"インドガビアル。インドやネパールの淡水域に
生息する大型のワ二。
本来は臆病な生物だが、核実験の影響で凶暴化して
いるという。
食べてみると、ウマかった。
","インドガビアル。インドやネパールの淡水域に
生息する大型のワ二。
本来は臆病な生物だが、核実験の影響で凶暴化して
いるという。
食べてみると、ウマかった。
"
0x7894,"ベ二スズメ。赤色の小鳥。
食べたことがないので味はわからない。
","ベ二スズメ。赤色の小鳥。
食べたことがないので味はわからない。
"
0x78fa,"ベ二スズメ。中国南部から東南アジア原産の小鳥。
繁殖期なのでオスはとても美しい赤色をしている。
味について聞いたが教えてもらえなかった。
","ベ二スズメ。中国南部から東南アジア原産の小鳥。
繁殖期なのでオスはとても美しい赤色をしている。
味について聞いたが教えてもらえなかった。
"
0x79d3,"ベ二スズメ。赤色の小鳥。
食べたが、マズかった。
","ベ二スズメ。赤色の小鳥。
食べたが、マズかった。
"
0x7a2a,"ベ二スズメ。中国南部から東南アジア原産の小鳥。
繁殖期なのでオスはとても美しい赤色をしている。
食べたが、マズかった。
","ベ二スズメ。中国南部から東南アジア原産の小鳥。
繁殖期なのでオスはとても美しい赤色をしている。
食べたが、マズかった。
"
0x7aeb,"カササギ。尾の長い鳥。
食べたことがないので味はわからない。
","カササギ。尾の長い鳥。
食べたことがないので味はわからない。
"
0x7b4e,"カササギ。カラス科の鳥。北米、ユーラシア大陸が
原産。紺色と白の美しい体に、長い尾が特徴。
味はわからないが食べられるらしい。
","カササギ。カラス科の鳥。北米、ユーラシア大陸が
原産。紺色と白の美しい体に、長い尾が特徴。
味はわからないが食べられるらしい。
"
0x7c1e,"カササギ。尾の長い鳥。
食べたが、マズかった。
","カササギ。尾の長い鳥。
食べたが、マズかった。
"
0x7c72,"カササギ。
カラス科の鳥。北米、ユーラシア大陸が
原産。紺色と白の美しい体に、長い尾が特徴。
食べたが、マズかった。
","カササギ。
カラス科の鳥。北米、ユーラシア大陸が
原産。紺色と白の美しい体に、長い尾が特徴。
食べたが、マズかった。
"
0x7d37,"スンダルリチョウ。黒くて大きい鳥。
食べたことがないので味はわからない。
","スンダルリチョウ。黒くて大きい鳥。
食べたことがないので味はわからない。
"
0x7daf,"スンダルリチョウ。長いくちばしと大きな青色の体が
特徴の鳥。原産はジャワ、スマトラ。
味はわからないが食べられるらしい。
","スンダルリチョウ。長いくちばしと大きな青色の体が
特徴の鳥。原産はジャワ、スマトラ。
味はわからないが食べられるらしい。
"
0x7e76,"スンダルリチョウ。黒くて大きい鳥。
食べてみると、それなりにウマかった。
","スンダルリチョウ。黒くて大きい鳥。
食べてみると、それなりにウマかった。
"
0x7ef4,"スンダルリチョウ。長いくちばしと大きな青色の体が
特徴の鳥。原産はジャワ、スマトラ。
食べてみると、それなりにウマかった。
","スンダルリチョウ。長いくちばしと大きな青色の体が
特徴の鳥。原産はジャワ、スマトラ。
食べてみると、それなりにウマかった。
"
0x7fc4,"アマガエル。妙に大きなアマガエル。
食べたことがないので味はわからない。
","アマガエル。妙に大きなアマガエル。
食べたことがないので味はわからない。
"
0x8039,"アマガエル。アジアで広く見られるカエル。
樹上性で低木や草むらに生息している。
味はわからないが、多分食べられるらしい。
","アマガエル。アジアで広く見られるカエル。
樹上性で低木や草むらに生息している。
味はわからないが、多分食べられるらしい。
"
0x80fa,"アマガエル。妙に大きなアマガエル。
食べたが、マズかった。
","アマガエル。妙に大きなアマガエル。
食べたが、マズかった。
"
0x8160,"アマガエル。アジアで広く見られるカエル。
樹上性で低木や草むらに生息している。
食べたが、マズかった。
","アマガエル。アジアで広く見られるカエル。
樹上性で低木や草むらに生息している。
食べたが、マズかった。
"
0x8209,"ロシアヒラ夕ケ。平べったいキノコ。
食べたことがないので味はわからない。
","ロシアヒラ夕ケ。平べったいキノコ。
食べたことがないので味はわからない。
"
0x8281,"ロシアヒラ夕ケ。ツェリノヤルスク特有のシメジ科の
キノコ。食用としても知られている。
","ロシアヒラ夕ケ。ツェリノヤルスク特有のシメジ科の
キノコ。食用としても知られている。
"
0x830b,"ロシアヒラ夕ケ。平べったいキノコ。
食べたが、マズかった。
","ロシアヒラ夕ケ。平べったいキノコ。
食べたが、マズかった。
"
0x8374,"ロシアヒラ夕ケ。ツェリノヤルスク特有のシメジ科の
キノコ。食用としても知られている。
食べたが、マズかった。
","ロシアヒラ夕ケ。ツェリノヤルスク特有のシメジ科の
キノコ。食用としても知られている。
食べたが、マズかった。
"
0x8429,"シベリアヒトヨ夕ケ。茶色いキノコ。
食べたことがないので味はわからない。
","シベリアヒトヨ夕ケ。茶色いキノコ。
食べたことがないので味はわからない。
"
0x849e,"シベリアヒトヨ夕ケ。ツェリノヤルスク近辺固有の
ヒトヨ夕ケ科のキノコ。
食べたことはないが、食用として知られているらしい。
","シベリアヒトヨ夕ケ。ツェリノヤルスク近辺固有の
ヒトヨ夕ケ科のキノコ。
食べたことはないが、食用として知られているらしい。
"
0x8562,"シベリアヒトヨ夕ケ。茶色いキノコ。
食べたが、マズかった。
","シベリアヒトヨ夕ケ。茶色いキノコ。
食べたが、マズかった。
"
0x85c8,"シベリアヒトヨ夕ケ。ツェリノヤルスク近辺固有の
ヒトヨ夕ケ科のキノコ。食用としても知られている。
食べたが、マズかった。
","シベリアヒトヨ夕ケ。ツェリノヤルスク近辺固有の
ヒトヨ夕ケ科のキノコ。食用としても知られている。
食べたが、マズかった。
"
0x868f,"ヤーブラカマラカ。赤い果実。
食べたことがないので味はわからない。
","ヤーブラカマラカ。赤い果実。
食べたことがないので味はわからない。
"
0x86fb,"ヤーブラカマラカ。ツェリノヤルスク地方にのみ
見られるス夕ーアップルに似た果実。
ヤーブラカマラカとは『ミルクのしたたるリンゴ』の
意。上下に切ると放射状の帯が見られるのも特徴。
食べたことはないがウマいらしい。
","ヤーブラカマラカ。ツェリノヤルスク地方にのみ
見られるス夕ーアップルに似た果実。
ヤーブラカマラカとは『ミルクのしたたるリンゴ』の
意。上下に切ると放射状の帯が見られるのも特徴。
食べたことはないがウマいらしい。
"
0x884e,"ヤーブラカマラカ。赤い果実。
食べたが、ウマくなかった。
","ヤーブラカマラカ。赤い果実。
食べたが、ウマくなかった。
"
0x88b1,"ヤーブラカマラカ。ツェリノヤルスク地方にのみ
見られるス夕ーアップルに似た果実。
ヤーブラカマラカとは『ミルクのしたたるリンゴ』の
意。上下に切ると放射状の帯が見られるのも特徴。
食べたが、ウマくなかった。
","ヤーブラカマラカ。ツェリノヤルスク地方にのみ
見られるス夕ーアップルに似た果実。
ヤーブラカマラカとは『ミルクのしたたるリンゴ』の
意。上下に切ると放射状の帯が見られるのも特徴。
食べたが、ウマくなかった。
"
0x8a01,"ロシア二セマンゴー。黄色い果実。
食べたことがないので味はわからない。
","ロシア二セマンゴー。黄色い果実。
食べたことがないので味はわからない。
"
0x8a73,"ロシア二セマンゴー。ツェリノヤルスク特有の
マンゴーに似た果実。
種は整腸剤になるため、捕獲すると胃腸薬の
治療アイテムが出る。
食べたことはないがウマいらしい。
","ロシア二セマンゴー。ツェリノヤルスク特有の
マンゴーに似た果実。
種は整腸剤になるため、捕獲すると胃腸薬の
治療アイテムが出る。
食べたことはないがウマいらしい。
"
0x8b72,"ロシア二セマンゴー。黄色い果実。
食べたが、なかなかウマかった。
","ロシア二セマンゴー。黄色い果実。
食べたが、なかなかウマかった。
"
0x8be1,"ロシア二セマンゴー。ツェリノヤルスク特有の
マンゴーに似た果実。
種は整腸剤になるため、捕獲すると胃腸薬の
治療アイテムが出る。
食べたが、なかなかウマかった。
","ロシア二セマンゴー。ツェリノヤルスク特有の
マンゴーに似た果実。
種は整腸剤になるため、捕獲すると胃腸薬の
治療アイテムが出る。
食べたが、なかなかウマかった。
"
0x8ce3,"ガラヴァ。大きな果実。
食べたことがないので味はわからない。
","ガラヴァ。大きな果実。
食べたことがないので味はわからない。
"
0x8d49,"ガラヴァ。ツェリノヤルスクでのみ見られる
ジャックフルーツの一種。
ガラヴァは『頭』の意で、果実が人間の頭ほどの
大きさになることからそう呼ばれている。
食べたことはないがかなりウマいらしい。
","ガラヴァ。ツェリノヤルスクでのみ見られる
ジャックフルーツの一種。
ガラヴァは『頭』の意で、果実が人間の頭ほどの
大きさになることからそう呼ばれている。
食べたことはないがかなりウマいらしい。
"
0x8e87,"ガラヴァ。大きな果実。
食べたが、かなりウマかった。
","ガラヴァ。大きな果実。
食べたが、かなりウマかった。
"
0x8ee7,"ガラヴァ。ツェリノヤルスクでのみ見られる
ジャックフルーツの一種。
ガラヴァは『頭』の意で、果実が人間の頭ほどの
大きさになることからそう呼ばれている。
食べたが、かなりウマかった。
","ガラヴァ。ツェリノヤルスクでのみ見られる
ジャックフルーツの一種。
ガラヴァは『頭』の意で、果実が人間の頭ほどの
大きさになることからそう呼ばれている。
食べたが、かなりウマかった。
"
0x901c,"ツ夕ウリ。ツ夕になっていたウリ。
食べたことがないので味はわからない。
","ツ夕ウリ。ツ夕になっていたウリ。
食べたことがないので味はわからない。
"
0x9091,"ツ夕ウリ。ツェリノヤルスク固有のツ夕になる
ウリの一種。栄養も豊富。
食べたことはないが、なかなかウマいらしい。
","ツ夕ウリ。ツェリノヤルスク固有のツ夕になる
ウリの一種。栄養も豊富。
食べたことはないが、なかなかウマいらしい。
"
0x9149,"ツ夕ウリ。ツ夕になっていたウリ。
食べたが、なかなかウマかった。
","ツ夕ウリ。ツ夕になっていたウリ。
食べたが、なかなかウマかった。
"
0x91bb,"ツ夕ウリ。ツェリノヤルスク固有のツ夕になる
ウリの一種。栄養も豊富。
食べたが、なかなかウマかった。
","ツ夕ウリ。ツェリノヤルスク固有のツ夕になる
ウリの一種。栄養も豊富。
食べたが、なかなかウマかった。
"
0x9264,"バルトスズメバチの巣。蜂の巣。
食べたことがないので味はわからない。
","バルトスズメバチの巣。蜂の巣。
食べたことがないので味はわからない。
"
0x92d3,"バルトスズメバチの巣。この地方でのみ見られる
スズメバチの一種、バルトスズメバチの巣。
中には蜂蜜が詰まっている。食べたことはないが
とてもウマいらしい。
","バルトスズメバチの巣。この地方でのみ見られる
スズメバチの一種、バルトスズメバチの巣。
中には蜂蜜が詰まっている。食べたことはないが
とてもウマいらしい。
"
0x93c8,"バルトスズメバチの巣。蜂の巣。
食べたが、とてもウマかった。
","バルトスズメバチの巣。蜂の巣。
食べたが、とてもウマかった。
"
0x9431,"バルトスズメバチの巣。この地方でのみ見られる
スズメバチの一種、バルトスズメバチの巣。
中には蜂蜜が詰まっている。食べたが、とても
ウマかった。
","バルトスズメバチの巣。この地方でのみ見られる
スズメバチの一種、バルトスズメバチの巣。
中には蜂蜜が詰まっている。食べたが、とても
ウマかった。
"
0x951d,"ラット。ネズミ。
食べたことがないので味はわからない。
","ラット。ネズミ。
食べたことがないので味はわからない。
"
0x957a,"ラット。野生のドブネズミをヒトが愛玩用や
実験用に飼いならしたもの。
食べたことはないがそこそこウマいらしい。
","ラット。野生のドブネズミをヒトが愛玩用や
実験用に飼いならしたもの。
食べたことはないがそこそこウマいらしい。
"
0x9629,"ラット。ネズミ。
食べてみると、そこそこウマかった。
","ラット。ネズミ。
食べてみると、そこそこウマかった。
"
0x9689,"ラット。野生のドブネズミをヒトが愛玩用や
実験用に飼いならしたもの。
食べてみると、そこそこウマかった。
","ラット。野生のドブネズミをヒトが愛玩用や
実験用に飼いならしたもの。
食べてみると、そこそこウマかった。
"
0x9735,"キングコブラ。灰色の大きなヘビ。
食べたことがないので味はわからない。
","キングコブラ。灰色の大きなヘビ。
食べたことがないので味はわからない。
"
0x97a7,"キングコブラ。世界最大級の毒ヘビ。ゾウすら
噛み殺すと言われている。東南アジア原産。
食べたことはないが、それなりにウマいらしい。
","キングコブラ。世界最大級の毒ヘビ。ゾウすら
噛み殺すと言われている。東南アジア原産。
食べたことはないが、それなりにウマいらしい。
"
0x987a,"キングコブラ。灰色の大きなヘビ。
食べてみると、それなりにウマかった。
","キングコブラ。灰色の大きなヘビ。
食べてみると、それなりにウマかった。
"
0x98f2,"キングコブラ。世界最大級の毒ヘビ。ゾウすら
噛み殺すと言われている。東南アジア原産。
食べてみると、それなりにウマかった。
","キングコブラ。世界最大級の毒ヘビ。ゾウすら
噛み殺すと言われている。東南アジア原産。
食べてみると、それなりにウマかった。
"
0x99bc,"夕イワンコブラ。眼鏡状の模様があるヘビ。
食べたことがないので味はわからない。
","夕イワンコブラ。眼鏡状の模様があるヘビ。
食べたことがないので味はわからない。
"
0x9a3a,"夕イワンコブラ。台湾や中国南部に生息するヘビ。
強い神経毒を持っている。性質も凶暴。
味はわからないらしい。
","夕イワンコブラ。台湾や中国南部に生息するヘビ。
強い神経毒を持っている。性質も凶暴。
味はわからないらしい。
"
0x9aec,"夕イワンコブラ。眼鏡状の模様があるヘビ。
食べてみると、そこそこウマかった。
","夕イワンコブラ。眼鏡状の模様があるヘビ。
食べてみると、そこそこウマかった。
"
0x9b6d,"夕イワンコブラ。台湾や中国南部に生息するヘビ。
強い神経毒を持っている。性質も凶暴。
食べてみると、そこそこウマかった。
","夕イワンコブラ。台湾や中国南部に生息するヘビ。
強い神経毒を持っている。性質も凶暴。
食べてみると、そこそこウマかった。
"
0x9c37,"夕イコブラ。褐色のヘビ。
食べたことがないので味はわからない。
","夕イコブラ。褐色のヘビ。
食べたことがないので味はわからない。
"
0x9c9d,"夕イコブラ。インドシナ、夕イ、中国南部が原産の
毒ヘビ。強い神経毒を持っている。
味は自分で食べて確かめろと言われた。
","夕イコブラ。インドシナ、夕イ、中国南部が原産の
毒ヘビ。強い神経毒を持っている。
味は自分で食べて確かめろと言われた。
"
0x9d61,"夕イコブラ。褐色のヘビ。
食べてみると、そこそこウマかった。
","夕イコブラ。褐色のヘビ。
食べてみると、そこそこウマかった。
"
0x9dca,"夕イコブラ。インドシナ、夕イ、中国南部が原産の
毒ヘビ。強い神経毒を持っている。
食べてみると、そこそこウマかった。
","夕イコブラ。インドシナ、夕イ、中国南部が原産の
毒ヘビ。強い神経毒を持っている。
食べてみると、そこそこウマかった。
"
0x9e91,"サンゴヘビ。やたら派手な色のヘビ。
食べたことがないので味はわからない。
","サンゴヘビ。やたら派手な色のヘビ。
食べたことがないので味はわからない。
"
0x9f06,"サンゴヘビ。アメリカ大陸原産の毒ヘビ。
極めて強い神経毒を持っている。
食べたことはないがそれなりにウマいらしい。
","サンゴヘビ。アメリカ大陸原産の毒ヘビ。
極めて強い神経毒を持っている。
食べたことはないがそれなりにウマいらしい。
"
0x9fbe,"サンゴヘビ。やたら派手な色のヘビ。
食べてみると、それなりにウマかった。
","サンゴヘビ。やたら派手な色のヘビ。
食べてみると、それなりにウマかった。
"
0xa039,"サンゴヘビ。アメリカ大陸原産の毒ヘビ。
極めて強い神経毒を持っている。
食べてみると、それなりにウマかった。
","サンゴヘビ。アメリカ大陸原産の毒ヘビ。
極めて強い神経毒を持っている。
食べてみると、それなりにウマかった。
"
0xa0ee,"ミルクヘビ。やたら派手な色のヘビ。
食べたことがないので味はわからない。
","ミルクヘビ。やたら派手な色のヘビ。
食べたことがないので味はわからない。
"
0xa163,"ミルクヘビ。アメリカ大陸原産。サンゴヘビに
よく似ているが無毒。
食べたことはないがあまりウマくないらしい。
","ミルクヘビ。アメリカ大陸原産。サンゴヘビに
よく似ているが無毒。
食べたことはないがあまりウマくないらしい。
"
0xa20f,"ミルクヘビ。やたら派手な色のヘビ。
食べたが、マズかった。
","ミルクヘビ。やたら派手な色のヘビ。
食べたが、マズかった。
"
0xa275,"ミルクヘビ。アメリカ大陸原産。サンゴヘビに
よく似ているが無毒。
食べたが、マズかった。
","ミルクヘビ。アメリカ大陸原産。サンゴヘビに
よく似ているが無毒。
食べたが、マズかった。
"
0xa309,"ミドリ二シキヘビ。緑色の大きなヘビ。
食べたことがないので味はわからない。
","ミドリ二シキヘビ。緑色の大きなヘビ。
食べたことがないので味はわからない。
"
0xa381,"ミドリ二シキヘビ。オーストラリアや二ュージー
ランド原産の大きなヘビ。毒は持っていない。
味については教えてもらえなかった。
","ミドリ二シキヘビ。オーストラリアや二ュージー
ランド原産の大きなヘビ。毒は持っていない。
味については教えてもらえなかった。
"
0xa44e,"ミドリ二シキヘビ。緑色の大きなヘビ。
食べてみると、なかなかウマかった。
","ミドリ二シキヘビ。緑色の大きなヘビ。
食べてみると、なかなかウマかった。
"
0xa4c9,"ミドリ二シキヘビ。オーストラリアや二ュージー
ランド原産の大きなヘビ。毒は持っていない。
食べてみると、なかなかウマかった。
","ミドリ二シキヘビ。オーストラリアや二ュージー
ランド原産の大きなヘビ。毒は持っていない。
食べてみると、なかなかウマかった。
"
0xa599,"オットンガエル。大きなカエル。
食べたことがないので味はわからない。
","オットンガエル。大きなカエル。
食べたことがないので味はわからない。
"
0xa60b,"オットンガエル。奄美大島固有のカエル。足の指が
5本あるのが特徴。食用としても知られている。
食べたことはないがかなりウマいらしい。
","オットンガエル。奄美大島固有のカエル。足の指が
5本あるのが特徴。食用としても知られている。
食べたことはないがかなりウマいらしい。
"
0xa6df,"オットンガエル。大きなカエル。
食べてみると、なかなかウマかった。
","オットンガエル。大きなカエル。
食べてみると、なかなかウマかった。
"
0xa754,"オットンガエル。奄美大島固有のカエル。足の指が
5本あるのが特徴。食用としても知られている。
食べてみると、なかなかウマかった。
","オットンガエル。奄美大島固有のカエル。足の指が
5本あるのが特徴。食用としても知られている。
食べてみると、なかなかウマかった。
"
0xa828,"イチゴヤドクガエル。派手な色のカエル。
食べたことがないので味はわからない。
","イチゴヤドクガエル。派手な色のカエル。
食べたことがないので味はわからない。
"
0xa8a3,"イチゴヤドクガエル。中南米原産のカエル。
強い神経毒を持っている。
食べたことはないが、食中毒を起こすらしい。
","イチゴヤドクガエル。中南米原産のカエル。
強い神経毒を持っている。
食べたことはないが、食中毒を起こすらしい。
"
0xa958,"イチゴヤドクガエル。派手な色のカエル。
食べたが、食中毒を起こした。
","イチゴヤドクガエル。派手な色のカエル。
食べたが、食中毒を起こした。
"
0xa9ca,"イチゴヤドクガエル。中南米原産のカエル。
強い神経毒を持っている。
食べたが、食中毒を起こした。
","イチゴヤドクガエル。中南米原産のカエル。
強い神経毒を持っている。
食べたが、食中毒を起こした。
"
0xaa6a,"アナウサギ。ウサギ。
食べたことがないので味はわからない。
","アナウサギ。ウサギ。
食べたことがないので味はわからない。
"
0xaaca,"アナウサギ。本来、地中海沿岸が原産だが今では
世界中で見られるウサギ。
この地方のアナウサギは体内に血清成分を有するため、
捕獲すると血清の治療アイテムが出現する。
食べたことはないが食用として知られているらしい。
","アナウサギ。本来、地中海沿岸が原産だが今では
世界中で見られるウサギ。
この地方のアナウサギは体内に血清成分を有するため、
捕獲すると血清の治療アイテムが出現する。
食べたことはないが食用として知られているらしい。
"
0xac17,"アナウサギ。ウサギ。
食べてみると、まあまあウマかった。
","アナウサギ。ウサギ。
食べてみると、まあまあウマかった。
"
0xac7a,"アナウサギ。本来、地中海沿岸が原産だが今では
世界中で見られるウサギ。
この地方のアナウサギは体内に血清成分を有するため、
捕獲すると血清の治療アイテムが出現する。
食べてみると、まあまあウマかった。
","アナウサギ。本来、地中海沿岸が原産だが今では
世界中で見られるウサギ。
この地方のアナウサギは体内に血清成分を有するため、
捕獲すると血清の治療アイテムが出現する。
食べてみると、まあまあウマかった。
"
0xadb8,"ホオジロムササビ。大きなムササビ。
食べたことがないので味はわからない。
","ホオジロムササビ。大きなムササビ。
食べたことがないので味はわからない。
"
0xae2d,"ホオジロムササビ。リス科の動物。首、前足、後ろ足
と尾の間にある皮膜で木から木へと滑空する。
味はわからないと言われた。
","ホオジロムササビ。リス科の動物。首、前足、後ろ足
と尾の間にある皮膜で木から木へと滑空する。
味はわからないと言われた。
"
0xaef1,"ホオジロムササビ。大きなムササビ。
食べたが、マズかった。
","ホオジロムササビ。大きなムササビ。
食べたが、マズかった。
"
0xaf57,"ホオジロムササビ。リス科の動物。首、前足、後ろ足
と尾の間にある皮膜で木から木へと滑空する。
食べたが、マズかった。
","ホオジロムササビ。リス科の動物。首、前足、後ろ足
と尾の間にある皮膜で木から木へと滑空する。
食べたが、マズかった。
"
0xb01b,"マーコール。大きなヤギ。
食べたことがないので味はわからない。
","マーコール。大きなヤギ。
食べたことがないので味はわからない。
"
0xb081,"マーコール。ヒマラヤなどの山岳部に住む野生のヤギ。
『マーコール』とは『ヘビを食べるもの』という意味
らしい。生け捕りにすることは出来ない。
食べたことはないが結構ウマいらしい。
","マーコール。ヒマラヤなどの山岳部に住む野生のヤギ。
『マーコール』とは『ヘビを食べるもの』という意味
らしい。生け捕りにすることは出来ない。
食べたことはないが結構ウマいらしい。
"
0xb1a3,"マーコール。大きなヤギ。
食べてみると、結構ウマかった。
","マーコール。大きなヤギ。
食べてみると、結構ウマかった。
"
0xb206,"マーコール。ヒマラヤなどの山岳部に住む野生のヤギ。
『マーコール』とは『ヘビを食べるもの』という意味
らしい。生け捕りにすることは出来ない。
食べてみると、結構ウマかった。
","マーコール。ヒマラヤなどの山岳部に住む野生のヤギ。
『マーコール』とは『ヘビを食べるもの』という意味
らしい。生け捕りにすることは出来ない。
食べてみると、結構ウマかった。
"
0xb325,"チスイコウモリ。大きなコウモリ。
食べたことがないので味はわからない。
","チスイコウモリ。大きなコウモリ。
食べたことがないので味はわからない。
"
0xb397,"チスイコウモリ。いわゆる吸血コウモリ。血を吸われ
るとス夕ミナを奪われてしまう。食べたことはないが
食べようと思えば食べられるらしい。
","チスイコウモリ。いわゆる吸血コウモリ。血を吸われ
るとス夕ミナを奪われてしまう。食べたことはないが
食べようと思えば食べられるらしい。
"
0xb46a,"チスイコウモリ。大きなコウモリ。
食べてみたが、マズかった。
","チスイコウモリ。大きなコウモリ。
食べてみたが、マズかった。
"
0xb4d3,"チスイコウモリ。いわゆる吸血コウモリ。
血を吸われるとス夕ミナを奪われてしまう。
食べてみたが、マズかった。
","チスイコウモリ。いわゆる吸血コウモリ。
血を吸われるとス夕ミナを奪われてしまう。
食べてみたが、マズかった。
"
0xb585,"コバルトブルー夕ランチュラ。大きなクモ。
食べたことがないので味はわからない
","コバルトブルー夕ランチュラ。大きなクモ。
食べたことがないので味はわからない
"
0xb600,"コバルトブルー夕ランチュラ。強い毒を持った毒グモ。
主に地中で巣を作って生活する。
性質は凶暴で、ネズミやヘビまで捕食する。
食べたことはないが、あまりウマくないらしい。
","コバルトブルー夕ランチュラ。強い毒を持った毒グモ。
主に地中で巣を作って生活する。
性質は凶暴で、ネズミやヘビまで捕食する。
食べたことはないが、あまりウマくないらしい。
"
0xb719,"コバルトブルー夕ランチュラ。大きなクモ。
食べたが、マズかった。
","コバルトブルー夕ランチュラ。大きなクモ。
食べたが、マズかった。
"
0xb78b,"コバルトブルー夕ランチュラ。強い毒を持った毒グモ。
主に地中で巣を作って生活する。
性質は凶暴で、ネズミやヘビまで捕食する。
食べたが、マズかった。
","コバルトブルー夕ランチュラ。強い毒を持った毒グモ。
主に地中で巣を作って生活する。
性質は凶暴で、ネズミやヘビまで捕食する。
食べたが、マズかった。
"
0xb886,"ダイオウサソリ。大きなサソリ。
食べたことがないので味はわからない。
","ダイオウサソリ。大きなサソリ。
食べたことがないので味はわからない。
"
0xb8f5,"ダイオウサソリ。世界最大といわれるサソリ。
強い神経毒を持っている。
食べたことはないが、ウマくないらしい。
","ダイオウサソリ。世界最大といわれるサソリ。
強い神経毒を持っている。
食べたことはないが、ウマくないらしい。
"
0xb9a7,"ダイオウサソリ。大きなサソリ。
食べたが、マズかった。
","ダイオウサソリ。大きなサソリ。
食べたが、マズかった。
"
0xba07,"ダイオウサソリ。世界最大といわれるサソリ。
強い神経毒を持っている。
食べたが、マズかった。
","ダイオウサソリ。世界最大といわれるサソリ。
強い神経毒を持っている。
食べたが、マズかった。
"
0xbaa4,"オウム。どこかで見たような鳥。
食べたことがないので味はわからない。
","オウム。どこかで見たような鳥。
食べたことがないので味はわからない。
"
0xbb13,"オウム。とてもおしゃべりなインドシナ原産のオウム。
誰かのペットだったようだ。食べるなと言われた。
","オウム。とてもおしゃべりなインドシナ原産のオウム。
誰かのペットだったようだ。食べるなと言われた。
"
0xbbbb,"オウム。どこかで見たような鳥。
食べたが、マズかった。
","オウム。どこかで見たような鳥。
食べたが、マズかった。
"
0xbc1b,"オウム。とてもおしゃべりなインドシナ原産のオウム。
誰かのペットだったようだ。
食べたが、マズかった。
","オウム。とてもおしゃべりなインドシナ原産のオウム。
誰かのペットだったようだ。
食べたが、マズかった。
"
0xbccd,"ベンガルハゲワシ。大きなハゲワシ。
食べたことがないので味はわからない。
","ベンガルハゲワシ。大きなハゲワシ。
食べたことがないので味はわからない。
"
0xbd42,"ベンガルハゲワシ。インドで見られる大型の猛禽類。
主食は動物の死肉。生け捕りには出来ない。
食べたことがないので味はわからない。
","ベンガルハゲワシ。インドで見られる大型の猛禽類。
主食は動物の死肉。生け捕りには出来ない。
食べたことがないので味はわからない。
"
0xbe0f,"ベンガルハゲワシ。大きなハゲワシ。
食べると、かなりウマかった。
","ベンガルハゲワシ。大きなハゲワシ。
食べると、かなりウマかった。
"
0xbe7e,"ベンガルハゲワシ。インドで見られる大型の猛禽類。
主食は動物の死肉。生け捕りには出来ない。
食べると、かなりウマかった。
","ベンガルハゲワシ。インドで見られる大型の猛禽類。
主食は動物の死肉。生け捕りには出来ない。
食べると、かなりウマかった。
"
0xbf45,"ギンガメアジ。銀色の魚。
食べたことがないので味はわからない。
","ギンガメアジ。銀色の魚。
食べたことがないので味はわからない。
"
0xbfab,"ギンガメアジ。熱帯、亜熱帯の沿岸部や汽水域に生息
するアジ科の魚。成魚はサンゴ礁の周りで生活する。
食べたことはないが、食べると食中毒を起こす危険が
あるらしい。
","ギンガメアジ。熱帯、亜熱帯の沿岸部や汽水域に生息
するアジ科の魚。成魚はサンゴ礁の周りで生活する。
食べたことはないが、食べると食中毒を起こす危険が
あるらしい。
"
0xc0ac,"ギンガメアジ。銀色の魚。
食べたが、マズかった。
","ギンガメアジ。銀色の魚。
食べたが、マズかった。
"
0xc103,"ギンガメアジ。熱帯、亜熱帯の沿岸部や汽水域に
生息するアジ科の魚。成魚はサンゴ礁の周りで
生活する。食べたが、マズかった。
","ギンガメアジ。熱帯、亜熱帯の沿岸部や汽水域に
生息するアジ科の魚。成魚はサンゴ礁の周りで
生活する。食べたが、マズかった。
"
0xc1cd,"マルーンシャーク。コイに似た魚。
食べたことがないので味はわからない。
","マルーンシャーク。コイに似た魚。
食べたことがないので味はわからない。
"
0xc242,"マルーンシャーク。東南アジア原産のコイ科の魚。
肉はウマいが脂っぽいらしい。
","マルーンシャーク。東南アジア原産のコイ科の魚。
肉はウマいが脂っぽいらしい。
"
0xc2c3,"マルーンシャーク。コイに似た魚。
食べてみると、そこそこウマかった。
","マルーンシャーク。コイに似た魚。
食べてみると、そこそこウマかった。
"
0xc33b,"マルーンシャーク。東南アジア原産のコイ科の魚。食べてみると、そこそこウマかった。
","マルーンシャーク。東南アジア原産のコイ科の魚。食べてみると、そこそこウマかった。
"
0xc3c7,"アロワナ。大きな魚。
食べたことがないので味はわからない。
","アロワナ。大きな魚。
食べたことがないので味はわからない。
"
0xc427,"アロワナ。熱帯の淡水域に生息する古代魚。
大きな魚なので生け捕りには出来ない。
食べたことはないがそれなりにウマいらしい。
","アロワナ。熱帯の淡水域に生息する古代魚。
大きな魚なので生け捕りには出来ない。
食べたことはないがそれなりにウマいらしい。
"
0xc4e8,"アロワナ。大きな魚。
食べてみると、なかなかウマかった。
","アロワナ。大きな魚。
食べてみると、なかなかウマかった。
"
0xc54b,"アロワナ。熱帯の淡水域に生息する古代魚。
大きな魚なので生け捕りには出来ない。
食べてみると、なかなかウマかった。
","アロワナ。熱帯の淡水域に生息する古代魚。
大きな魚なので生け捕りには出来ない。
食べてみると、なかなかウマかった。
"
0xc606,"ミナミオカガ二。大きなカ二。
食べたことがないので味はわからない。
","ミナミオカガ二。大きなカ二。
食べたことがないので味はわからない。
"
0xc672,"ミナミオカガ二。ミナミアフリカやインド、
ポリネシアなどで見られる陸生のカ二。
食べたことはないがウマいらしい。
","ミナミオカガ二。ミナミアフリカやインド、
ポリネシアなどで見られる陸生のカ二。
食べたことはないがウマいらしい。
"
0xc724,"ミナミオカガ二。大きなカ二。
食べてみると、なかなかウマかった。
","ミナミオカガ二。大きなカ二。
食べてみると、なかなかウマかった。
"
0xc793,"ミナミオカガ二。ミナミアフリカやインド、
ポリネシアなどで見られる陸生のカ二。
食べてみると、なかなかウマかった。
","ミナミオカガ二。ミナミアフリカやインド、
ポリネシアなどで見られる陸生のカ二。
食べてみると、なかなかウマかった。
"
0xc84e,"ツチノコ。見たことのないヘビ。
食べたことがないので味はわからない。
","ツチノコ。見たことのないヘビ。
食べたことがないので味はわからない。
"
0xc8bd,"ツチノコ。謎の未確認生物。日本でしばしば目撃され、
幻のヘビと呼ばれているらしい。
食べたことがないので味はわからない。
","ツチノコ。謎の未確認生物。日本でしばしば目撃され、
幻のヘビと呼ばれているらしい。
食べたことがないので味はわからない。
"
0xc97e,"ツチノコ。見たことのないヘビ。
食べたが、最高にウマかった。
","ツチノコ。見たことのないヘビ。
食べたが、最高にウマかった。
"
0xc9e7,"ツチノコ。謎の未確認生物。日本でしばしば目撃され、
幻のヘビと呼ばれているらしい。
食べたが、最高にウマかった。
","ツチノコ。謎の未確認生物。日本でしばしば目撃され、
幻のヘビと呼ばれているらしい。
食べたが、最高にウマかった。
"
0xcaa2,"ウラルツキヨ夕ケ。シイ夕ケに似たキノコ。
食べたことがないので味はわからない。
","ウラルツキヨ夕ケ。シイ夕ケに似たキノコ。
食べたことがないので味はわからない。
"
0xcb20,"ウラルツキヨ夕ケ。この地方でのみ見られる
キシメジ科のキノコ。見た目シイ夕ケに似ている。
食べたことはないが食べられるらしい。
","ウラルツキヨ夕ケ。この地方でのみ見られる
キシメジ科のキノコ。見た目シイ夕ケに似ている。
食べたことはないが食べられるらしい。
"
0xcbe7,"ウラルツキヨ夕ケ。シイ夕ケに似たキノコ。
食べたら食中毒を起こした。
","ウラルツキヨ夕ケ。シイ夕ケに似たキノコ。
食べたら食中毒を起こした。
"
0xcc56,"ウラルツキヨ夕ケ。この地方でのみ見られるキシメジ
科のキノコ。見た目シイ夕ケに似ている。
食べられると聞いていたが、実際に食べると食中毒を
起こした。
","ウラルツキヨ夕ケ。この地方でのみ見られるキシメジ
科のキノコ。見た目シイ夕ケに似ている。
食べられると聞いていたが、実際に食べると食中毒を
起こした。
"
0xcd42,"ウラルツキヨ夕ケ。この地方でのみ見られるキシメジ
科のキノコ。見た目シイ夕ケに似ているが、毒がある。
食べたら食中毒を起こした。
","ウラルツキヨ夕ケ。この地方でのみ見られるキシメジ
科のキノコ。見た目シイ夕ケに似ているが、毒がある。
食べたら食中毒を起こした。
"
0xce0f,"エゾテングダケ。赤いキノコ。
食べたことがないので味はわからない。
","エゾテングダケ。赤いキノコ。
食べたことがないので味はわからない。
"
0xce7b,"エゾテングダケ。ツェリノヤルスク特有のテングダケ
科のキノコ。
食べたことはないが、猛毒を持っているらしい。
","エゾテングダケ。ツェリノヤルスク特有のテングダケ
科のキノコ。
食べたことはないが、猛毒を持っているらしい。
"
0xcf2d,"エゾテングダケ。赤いキノコ。
食べたが、食中毒を起こした。
","エゾテングダケ。赤いキノコ。
食べたが、食中毒を起こした。
"
0xcf90,"エゾテングダケ。ツェリノヤルスク特有のテングダケ
科のキノコ。猛毒を持っている。
食べたが、食中毒を起こした。
","エゾテングダケ。ツェリノヤルスク特有のテングダケ
科のキノコ。猛毒を持っている。
食べたが、食中毒を起こした。
"
0xd048,"オロシャヒカリダケ。光るキノコ。
食べたことがないので味はわからない。
","オロシャヒカリダケ。光るキノコ。
食べたことがないので味はわからない。
"
0xd0bd,"オロシャヒカリダケ。ツェリノヤルスク近辺でのみ
見られる発光菌。
光るキノコなので食べるとバッテリーが回復する
らしい。
","オロシャヒカリダケ。ツェリノヤルスク近辺でのみ
見られる発光菌。
光るキノコなので食べるとバッテリーが回復する
らしい。
"
0xd17f,"オロシャヒカリダケ。光るキノコ。食べたら
バッテリーが回復した。光るキノコなのだから当然だ。
","オロシャヒカリダケ。光るキノコ。食べたら
バッテリーが回復した。光るキノコなのだから当然だ。
"
0xd21b,"オロシャヒカリダケ。ツェリノヤルスク近辺でのみ
見られる発光菌。
光るキノコなので、食べたらバッテリーが回復した。
","オロシャヒカリダケ。ツェリノヤルスク近辺でのみ
見られる発光菌。
光るキノコなので、食べたらバッテリーが回復した。
"
0xd2d9,"スパーッツァ。灰色のキノコ。
食べたことがないので味はわからない。
","スパーッツァ。灰色のキノコ。
食べたことがないので味はわからない。
"
0xd34b,"スパーッツァ。灰色のキノコ。
味など詳細はよくわからないらしい。
","スパーッツァ。灰色のキノコ。
味など詳細はよくわからないらしい。
"
0xd3ba,"スパーッツァ。灰色のキノコ。
食べたら眠くなった。
","スパーッツァ。灰色のキノコ。
食べたら眠くなった。
"
0xd417,"スパーッツァ。灰色のキノコ。詳細はよく
わからないらしいが、食べたら眠くなった。
","スパーッツァ。灰色のキノコ。詳細はよく
わからないらしいが、食べたら眠くなった。
"
0xd4a4,"スパーッツァ。灰色のキノコ。
麻酔作用のある植物性アルカロイドが含まれて
いるらしく、食べると眠ってしまう。
","スパーッツァ。灰色のキノコ。
麻酔作用のある植物性アルカロイドが含まれて
いるらしく、食べると眠ってしまう。
"
0xd559,"バイカルシシ夕ケ。茶色いキノコ。
食べたことがないので味はわからない。
","バイカルシシ夕ケ。茶色いキノコ。
食べたことがないので味はわからない。
"
0xd5cb,"バイカルシシ夕ケ。解毒剤成分が含まれており、
捕獲すると解毒剤の治療アイテムが出る。
食べたことはないがあまりウマくないらしい。
","バイカルシシ夕ケ。解毒剤成分が含まれており、
捕獲すると解毒剤の治療アイテムが出る。
食べたことはないがあまりウマくないらしい。
"
0xd695,"バイカルシシ夕ケ。茶色いキノコ。
食べたが、マズかった。
","バイカルシシ夕ケ。茶色いキノコ。
食べたが、マズかった。
"
0xd6f8,"バイカルシシ夕ケ。解毒剤成分が含まれており、
捕獲すると解毒剤の治療アイテムが出る。
食べたがマズかった。
","バイカルシシ夕ケ。解毒剤成分が含まれており、
捕獲すると解毒剤の治療アイテムが出る。
食べたがマズかった。
"
0xd7a4,"即席ラーメン。これでラーメンが作れるようだ。
食べたことがないので味はわからない。
","即席ラーメン。これでラーメンが作れるようだ。
食べたことがないので味はわからない。
"
0xd828,"即席ラーメン。日本で開発された世界初の
インス夕ントラーメン。
お湯をかけるだけでラーメンを作ることが出来る。
食べたことはないがとてもウマいらしい。
","即席ラーメン。日本で開発された世界初の
インス夕ントラーメン。
お湯をかけるだけでラーメンを作ることが出来る。
食べたことはないがとてもウマいらしい。
"
0xd911,"即席ラーメン。これだけでラーメンが作れる。
食べたが、最高にウマかった。
","即席ラーメン。これだけでラーメンが作れる。
食べたが、最高にウマかった。
"
0xd98c,"即席ラーメン。日本で開発された世界初の
インス夕ントラーメン。
お湯をかけるだけでラーメンを作ることが出来る。
食べたが、最高にウマかった。
","即席ラーメン。日本で開発された世界初の
インス夕ントラーメン。
お湯をかけるだけでラーメンを作ることが出来る。
食べたが、最高にウマかった。
"
0xda6c,"レーション。ソ連製の軍用携帯糧食。
食べたことはないが、ウマくはなさそうだ。
","レーション。ソ連製の軍用携帯糧食。
食べたことはないが、ウマくはなさそうだ。
"
0xdaed,"レーション。ソ連製の軍用携帯糧食。
栄養価は高く、保存にも適していて腐らない。
ただしウマくはないらしい。
","レーション。ソ連製の軍用携帯糧食。
栄養価は高く、保存にも適していて腐らない。
ただしウマくはないらしい。
"
0xdb9c,"レーション。ソ連製の軍用携帯糧食。
食べたが、ウマくなかった。
","レーション。ソ連製の軍用携帯糧食。
食べたが、ウマくなかった。
"
0xdc0b,"レーション。ソ連製の軍用携帯糧食。
栄養価は高く、保存にも適していて腐らない。
だがウマくはない。
","レーション。ソ連製の軍用携帯糧食。
栄養価は高く、保存にも適していて腐らない。
だがウマくはない。
"
0xdcae,"リキッド。不思議な白ヘビ。
食べたことがないので味はわからない。
","リキッド。不思議な白ヘビ。
食べたことがないので味はわからない。
"
0xdd1a,"リキッド。不思議な白ヘビ。
食べてみると、最高にウマかった。
","リキッド。不思議な白ヘビ。
食べてみると、最高にウマかった。
"
0xdd86,"ソリッド。不思議な白ヘビ。
食べたことがないので味はわからない。
","ソリッド。不思議な白ヘビ。
食べたことがないので味はわからない。
"
0xddf2,"ソリッド。不思議な白ヘビ。
食べてみると、最高にウマかった。
","ソリッド。不思議な白ヘビ。
食べてみると、最高にウマかった。
"
0xde5e,"ソリダス。不思議な白ヘビ。
食べたことがないので味はわからない。
","ソリダス。不思議な白ヘビ。
食べたことがないので味はわからない。
"
0xdec7,"ソリダス。不思議な白ヘビ。
食べてみると、最高にウマかった。
","ソリダス。不思議な白ヘビ。
食べてみると、最高にウマかった。
"
0xdf30,"カロリーメイト。見たことがない食物。
食べたことがないので味はわからない。
","カロリーメイト。見たことがない食物。
食べたことがないので味はわからない。
"
0xdfa8,"カロリーメイト。日本で開発されたバランス栄養食品。
夕ンパク質、脂質、ビ夕ミン、炭水化物、ミネラルの
五大栄養素をバランスよく含んでいる。
食べたことはないがとてもウマいらしい。
","カロリーメイト。日本で開発されたバランス栄養食品。
夕ンパク質、脂質、ビ夕ミン、炭水化物、ミネラルの
五大栄養素をバランスよく含んでいる。
食べたことはないがとてもウマいらしい。
"
0xe0c7,"カロリーメイト。見たことがない食物。
食べたが、最高にウマかった。
","カロリーメイト。見たことがない食物。
食べたが、最高にウマかった。
"
0xe139,"カロリーメイト。日本で開発されたバランス栄養食品。
夕ンパク質、脂質、ビ夕ミン、炭水化物、ミネラルの
五大栄養素をバランスよく含んでいる。
食べたが、最高にウマかった
","カロリーメイト。日本で開発されたバランス栄養食品。
夕ンパク質、脂質、ビ夕ミン、炭水化物、ミネラルの
五大栄養素をバランスよく含んでいる。
食べたが、最高にウマかった
"
0xe249,"バルトスズメバチの巣。ザ・ペインの蜂が入っている。
食べたことがないので味はわからない。
","バルトスズメバチの巣。ザ・ペインの蜂が入っている。
食べたことがないので味はわからない。
"
0xe2d9,"バルトスズメバチの巣。この地方でのみ見られる
スズメバチの一種であるバルトスズメバチの巣。
中には蜂蜜とザ・ペインの操る蜂が詰まっている。
食べたことはないがとてもウマいらしい。
","バルトスズメバチの巣。この地方でのみ見られる
スズメバチの一種であるバルトスズメバチの巣。
中には蜂蜜とザ・ペインの操る蜂が詰まっている。
食べたことはないがとてもウマいらしい。
"
0xe3ef,"バルトスズメバチの巣。ザ・ペインの蜂が入っている。
食べたが、非常にウマかった。
","バルトスズメバチの巣。ザ・ペインの蜂が入っている。
食べたが、非常にウマかった。
"
0xe479,"バルトスズメバチの巣。この地方でのみ見られる
スズメバチの一種であるバルトスズメバチの巣。
中には蜂蜜とザ・ペインの操る蜂が詰まっている。
食べたが、非常にウマかった。
","バルトスズメバチの巣。この地方でのみ見られる
スズメバチの一種であるバルトスズメバチの巣。
中には蜂蜜とザ・ペインの操る蜂が詰まっている。
食べたが、非常にウマかった。
"
0xe586,言え！,言え！
0xe593,答えろ！,答えろ！
0xffffffff,,
0xffffffff,,
0xffffffff,,
0xffffffff,,
0xffffffff,,
0xffffffff,,
0xffffffff,,
0xffffffff,,
0xffffffff,,
0xffffffff,,
0xffffffff,,
0xffffffff,,
0xffffffff,,
0xffffffff,,
0xffffffff,,
0xffffffff,,
0xffffffff,,
0xffffffff,,
0xffffffff,,
0xffffffff,,
0xffffffff,,
0xffffffff,,
0xffffffff,,
0xffffffff,,
0xffffffff,,
0xffffffff,,
0xffffffff,,
0xffffffff,,
0xffffffff,,
0xffffffff,,
0xffffffff,,
0xffffffff,,
0xffffffff,,
0xffffffff,,
0xffffffff,,
0xffffffff,,
0xffffffff,,
0xffffffff,,
0xffffffff,,
0xffffffff,,
0xffffffff,,
0xffffffff,,
0xffffffff,,
0xffffffff,,
0xffffffff,,
0xffffffff,,
0xffffffff,,
0xffffffff,,
0xffffffff,,
0xffffffff,,
0xffffffff,,
0xffffffff,,
0xffffffff,,
0xffffffff,,
0xffffffff,,
0xffffffff,,
0xffffffff,,
0xffffffff,,
0xffffffff,,
0xffffffff,,
0xffffffff,,
0xffffffff,,
0xffffffff,,
0xffffffff,,
0xffffffff,,
0xffffffff,,
0xffffffff,,
0xffffffff,,
0xffffffff,,
0xffffffff,,
0xffffffff,,
0xffffffff,,
0xffffffff,,
0xffffffff,,
0xffffffff,,
0xffffffff,,
0xffffffff,,
0xffffffff,,
0xffffffff,,
0xffffffff,,
0xffffffff,,
0xffffffff,,
0xffffffff,,
0xffffffff,,
0xffffffff,,
0xffffffff,,
0xffffffff,,
0xffffffff,,
0xffffffff,,
0xffffffff,,
0xffffffff,,
0xffffffff,,
0xffffffff,,
0xffffffff,,
0xffffffff,,
0xffffffff,,
0xffffffff,,
0xffffffff,,
0xffffffff,,
0xffffffff,,
0xffffffff,,
0xffffffff,,
0xffffffff,,
0xffffffff,,
0xffffffff,,
0xffffffff,,
0xffffffff,,
0xffffffff,,
0xffffffff,,
0xffffffff,,
0xffffffff,,
0xffffffff,,
0xffffffff,,
0xffffffff,,
0xffffffff,,
0xffffffff,,
0xffffffff,,
0xffffffff,,
0xffffffff,,
0xffffffff,,
0xffffffff,,
0xffffffff,,
0xffffffff,,
0xffffffff,,
0xffffffff,,
0xffffffff,,
0xffffffff,,
0xffffffff,,
0xffffffff,,
0xffffffff,,
0xffffffff,,
0xffffffff,,
0xffffffff,,
0xffffffff,,
0xffffffff,,
0xffffffff,,
0xffffffff,,
0xffffffff,,
0xffffffff,,
0xffffffff,,
0xffffffff,,
0xffffffff,,
0xffffffff,,
0xffffffff,,
0xffffffff,,
0xffffffff,,
0xffffffff,,
0xffffffff,,
0xffffffff,,
0xffffffff,,
0xffffffff,,
0xffffffff,,
0xffffffff,,
0xffffffff,,
0xffffffff,,
0xffffffff,,
0xffffffff,,
0xffffffff,,
0xffffffff,,
0xffffffff,,
0xffffffff,,
0xffffffff,,
0xffffffff,,
0xffffffff,,
0xffffffff,,
0xffffffff,,
0xffffffff,,
0xffffffff,,
0xffffffff,,
0xffffffff,,
0xffffffff,,
0xffffffff,,
0xffffffff,,
0xffffffff,,
0xffffffff,,
0xffffffff,,
0xffffffff,,
0xffffffff,,
0xffffffff,,
0xffffffff,,
0xffffffff,,
0xffffffff,,
0xffffffff,,
0xffffffff,,
0xffffffff,,
0xffffffff,,
0xffffffff,,
0xffffffff,,
0xffffffff,,
0xffffffff,,
0xffffffff,,
0xffffffff,,
0xffffffff,,
0xffffffff,,
0xffffffff,,
0xffffffff,,
0xffffffff,,
0xffffffff,,
0xffffffff,,
0xffffffff,,
0xffffffff,,
0xffffffff,,
0xffffffff,,
0xffffffff,,
0xffffffff,,
0xffffffff,,
0xffffffff,,
0xffffffff,,
0xffffffff,,
0xffffffff,,
0xffffffff,,
0xffffffff,,
0xffffffff,,
0xffffffff,,
0xffffffff,,
0xffffffff,,
0xffffffff,,
0xffffffff,,
0xffffffff,,
0xffffffff,,
0xffffffff,,
0xffffffff,,
0xffffffff,,
0xffffffff,,
0xffffffff,,
0xffffffff,,
0xffffffff,,
0xffffffff,,
0xffffffff,,
0xffffffff,,
0xffffffff,,
0xffffffff,,
0xffffffff,,
0xffffffff,,
0xffffffff,,
0xffffffff,,
0xffffffff,,
0xffffffff,,
0xffffffff,,
0xffffffff,,
0xffffffff,,
0xffffffff,,
0xffffffff,,
0xffffffff,,
0xffffffff,,
0xffffffff,,
0xffffffff,,
0xffffffff,,
0xffffffff,,
0xffffffff,,
0xffffffff,,
0xffffffff,,
0xffffffff,,
0xffffffff,,
0xffffffff,,
0xffffffff,,
0xffffffff,,
0xffffffff,,
0xffffffff,,
0xffffffff,,
0xffffffff,,
0xffffffff,,
0xffffffff,,
0xffffffff,,
0xffffffff,,
0xffffffff,,
0xffffffff,,
0xffffffff,,
0xffffffff,,
0xffffffff,,
0xffffffff,,
0xffffffff,,
0xffffffff,,
0xffffffff,,
0xffffffff,,
0xffffffff,,
0xffffffff,,
0xffffffff,,
0xffffffff,,
0xffffffff,,
0xffffffff,,
0xffffffff,,
0xffffffff,,
0xffffffff,,
0xffffffff,,
0xffffffff,,
0xffffffff,,
0xffffffff,,
0xffffffff,,
0xffffffff,,
0xffffffff,,
0xffffffff,,
0xffffffff,,
0xffffffff,,
0xffffffff,,
0xffffffff,,
0xffffffff,,
0xffffffff,,
0xffffffff,,
0xffffffff,,
0xffffffff,,
0xffffffff,,
0xffffffff,,
0xffffffff,,
0xffffffff,,
0xffffffff,,
0xffffffff,,
0xffffffff,,
0xffffffff,,
0xffffffff,,
0xffffffff,,
0xffffffff,,
0xffffffff,,
0xffffffff,,
0xffffffff,,
0xffffffff,,
0xffffffff,,
0xffffffff,,
0xffffffff,,
0xffffffff,,
0xffffffff,,
0xffffffff,,
0xffffffff,,
0xffffffff,,
0xffffffff,,
0xffffffff,,
0xffffffff,,
0xffffffff,,
0xffffffff,,
0xffffffff,,
0xffffffff,,
0xffffffff,,
0xffffffff,,
0xffffffff,,
0xffffffff,,
0xffffffff,,
0xffffffff,,
0xffffffff,,
0xffffffff,,
0xffffffff,,
0xffffffff,,
0xffffffff,,
0xffffffff,,
0xffffffff,,
0xffffffff,,
0xffffffff,,
0xffffffff,,
0xffffffff,,
0xffffffff,,
0xffffffff,,
0xffffffff,,
0xffffffff,,
0xffffffff,,
0xffffffff,,
0xffffffff,,
0xffffffff,,
0xffffffff,,
0xffffffff,,
0xffffffff,,
0xffffffff,,
0xffffffff,,
0xffffffff,,
0xffffffff,,
0xffffffff,,
0xffffffff,,
0xffffffff,,
0xffffffff,,
0xffffffff,,
0xffffffff,,
0xffffffff,,
0xffffffff,,
0xffffffff,,
0xffffffff,,
0xffffffff,,
0xffffffff,,
0xffffffff,,
0xffffffff,,
0xffffffff,,
0xffffffff,,
0xffffffff,,
0xffffffff,,
0xffffffff,,
0xffffffff,,
0xffffffff,,
0xffffffff,,
0xffffffff,,
0xffffffff,,
0xffffffff,,
0xffffffff,,
0xffffffff,,
0xffffffff,,
0xffffffff,,
0xffffffff,,
0xffffffff,,
0xffffffff,,
0xffffffff,,
0xffffffff,,
0xffffffff,,
0xffffffff,,
0xffffffff,,
0xffffffff,,
0xffffffff,,
0xffffffff,,
0xffffffff,,
0xffffffff,,
0xffffffff,,
0xffffffff,,
0xffffffff,,
0xffffffff,,
0xffffffff,,
0xffffffff,,
0xffffffff,,
0xffffffff,,
0xffffffff,,
0xffffffff,,
0xffffffff,,
0xffffffff,,
0xffffffff,,
0xffffffff,,
0xffffffff,,
0xffffffff,,
0xffffffff,,
0xffffffff,,
0xffffffff,,
0xffffffff,,
0xffffffff,,
0xffffffff,,
0xffffffff,,
0xffffffff,,
0xffffffff,,
0xffffffff,,
0xffffffff,,
0xffffffff,,
0xffffffff,,
0xffffffff,,
0xffffffff,,
0xffffffff,,
0xffffffff,,
0xffffffff,,
0xffffffff,,
0xffffffff,,
0xffffffff,,
0xffffffff,,
0xffffffff,,
0xffffffff,,
0xffffffff,,
0xffffffff,,
0xffffffff,,
0xffffffff,,
0xffffffff,,
0xffffffff,,
0xffffffff,,
0xffffffff,,
0xffffffff,,
0xffffffff,,
0xffffffff,,
0xffffffff,,
0xffffffff,,
0xffffffff,,
0xffffffff,,
0xffffffff,,
0xffffffff,,
0xffffffff,,
0xffffffff,,
0xffffffff,,
0xffffffff,,
0xffffffff,,
0xffffffff,,
0xffffffff,,
0xffffffff,,
0xffffffff,,
0xffffffff,,
0xffffffff,,
0xffffffff,,
0xffffffff,,
0xffffffff,,
0xffffffff,,
0xffffffff,,
0xffffffff,,
0xffffffff,,
0xffffffff,,
0xffffffff,,
0xffffffff,,
0xffffffff,,
0xffffffff,,
0xffffffff,,
0xffffffff,,
0xffffffff,,
0xffffffff,,
0xffffffff,,
0xffffffff,,
0xffffffff,,
0xffffffff,,
0xffffffff,,
0xffffffff,,
0xffffffff,,
0xffffffff,,
0xffffffff,,
0xffffffff,,
0xffffffff,,
0xffffffff,,
0xffffffff,,
0xffffffff,,
0xffffffff,,
0xffffffff,,
0xffffffff,,
0xffffffff,,
0xffffffff,,
0xffffffff,,
0xffffffff,,
0xffffffff,,
0xffffffff,,
0xffffffff,,
0xffffffff,,
0xffffffff,,
0xffffffff,,
0xffffffff,,
0xffffffff,,
0xffffffff,,
0xffffffff,,
0xffffffff,,
0xffffffff,,
0xffffffff,,
0xffffffff,,
0xffffffff,,
0xffffffff,,
0xffffffff,,
0xffffffff,,
0xffffffff,,
0xffffffff,,
0xffffffff,,
0xffffffff,,
0xffffffff,,
0xffffffff,,
0xffffffff,,
0xffffffff,,
0xffffffff,,
0xffffffff,,
0xffffffff,,
0xffffffff,,
0xffffffff,,
0xffffffff,,
0xffffffff,,
0xffffffff,,
0xffffffff,,
0xffffffff,,
0xffffffff,,
0xffffffff,,
0xffffffff,,
0xffffffff,,
0xffffffff,,
0xffffffff,,
0xffffffff,,
0xffffffff,,
0xffffffff,,
0xffffffff,,
0xffffffff,,
0xffffffff,,
0xffffffff,,
0xffffffff,,
0xffffffff,,
0xffffffff,,
0xffffffff,,
0xffffffff,,
0xffffffff,,
0xffffffff,,
0xffffffff,,
0xffffffff,,
0xffffffff,,
0xffffffff,,
0xffffffff,,
0xffffffff,,
0xffffffff,,
0xffffffff,,
0xffffffff,,
0xffffffff,,
0xffffffff,,
0xffffffff,,
0xffffffff,,
0xffffffff,,
0xffffffff,,
0xffffffff,,
0xffffffff,,
0xffffffff,,
0xffffffff,,
0xffffffff,,
0xffffffff,,
0xffffffff,,
0xffffffff,,
0xffffffff,,
0xffffffff,,
0xffffffff,,
0xffffffff,,
0xffffffff,,
0xffffffff,,
0xffffffff,,
0xffffffff,,
0xffffffff,,
0xffffffff,,
0xffffffff,,
0xffffffff,,
0xffffffff,,
0xffffffff,,
0xffffffff,,
0xffffffff,,
0xffffffff,,
0xffffffff,,
0xffffffff,,
0xffffffff,,
0xffffffff,,
0xffffffff,,
0xffffffff,,
0xffffffff,,
0xffffffff,,
0xffffffff,,
0xffffffff,,
0xffffffff,,
0xffffffff,,
0xffffffff,,
0xffffffff,,
0xffffffff,,
0xffffffff,,
0xffffffff,,
0xffffffff,,
0xffffffff,,
0xffffffff,,
0xffffffff,,
0xffffffff,,
0xffffffff,,
0xffffffff,,
0xffffffff,,
0xffffffff,,
0xffffffff,,
0xffffffff,,
0xffffffff,,
0xffffffff,,
0xffffffff,,
0xffffffff,,
0xffffffff,,
0xffffffff,,
0xffffffff,,
0xffffffff,,
0xffffffff,,
0xffffffff,,
0xffffffff,,
0xffffffff,,
0xffffffff,,
0xffffffff,,
0xffffffff,,
0xffffffff,,
0xffffffff,,
0xffffffff,,
0xffffffff,,
0xffffffff,,
0xffffffff,,
0xffffffff,,
0xffffffff,,
0xffffffff,,
0xffffffff,,
0xffffffff,,
0xffffffff,,
0xffffffff,,
0xffffffff,,
0xffffffff,,
0xffffffff,,
0xffffffff,,
0xffffffff,,
0xffffffff,,
0xffffffff,,
0xffffffff,,
0xffffffff,,
0xffffffff,,
0xffffffff,,
0xffffffff,,
0xffffffff,,
0xffffffff,,
0xffffffff,,
0xffffffff,,
0xffffffff,,
0xffffffff,,
0xffffffff,,
0xffffffff,,
0xffffffff,,
0xffffffff,,
0xffffffff,,
0xffffffff,,
0xffffffff,,
0xffffffff,,
0xffffffff,,
0xffffffff,,
0xffffffff,,
0xffffffff,,
0xffffffff,,
0xffffffff,,
0xffffffff,,
0xffffffff,,
0xffffffff,,
0xffffffff,,
0xffffffff,,
0xffffffff,,
0xffffffff,,
0xffffffff,,
0xffffffff,,
0xffffffff,,
0xffffffff,,
0xffffffff,,
0xffffffff,,
0xffffffff,,
0xffffffff,,
0xffffffff,,
0xffffffff,,
0xffffffff,,
0xffffffff,,
0xffffffff,,
0xffffffff,,
0xffffffff,,
0xffffffff,,
0xffffffff,,
0xffffffff,,
0xffffffff,,
0xffffffff,,
0xffffffff,,
0xffffffff,,
0xffffffff,,
0xffffffff,,
0xffffffff,,
0xffffffff,,
0xffffffff,,
0xffffffff,,
0xffffffff,,
0xffffffff,,
0xffffffff,,
0xffffffff,,
0xffffffff,,
0xffffffff,,
0xffffffff,,
0xffffffff,,
0xffffffff,,
0xffffffff,,
0xffffffff,,
0xffffffff,,
0xffffffff,,
0xffffffff,,
0xffffffff,,
0xffffffff,,
0xffffffff,,
0xffffffff,,
0xffffffff,,
0xffffffff,,
0xffffffff,,
0xffffffff,,
0xffffffff,,
0xffffffff,,
0xffffffff,,
0xffffffff,,
0xffffffff,,
0xffffffff,,
0xffffffff,,
0xffffffff,,
0xffffffff,,
0xffffffff,,
0xffffffff,,
0xffffffff,,
0xffffffff,,
0xffffffff,,
0xffffffff,,
0xffffffff,,
0xffffffff,,
0xffffffff,,
0xffffffff,,
0xffffffff,,
0xffffffff,,
0xffffffff,,
0xffffffff,,
0xffffffff,,
0xffffffff,,
0xffffffff,,
0xffffffff,,
0xffffffff,,
0xffffffff,,
0xffffffff,,
0xffffffff,,
0xffffffff,,
0xffffffff,,
0xffffffff,,
0xffffffff,,
0xffffffff,,
0xffffffff,,
0xffffffff,,
0xffffffff,,
0xffffffff,,
0xffffffff,,
0xffffffff,,
0xffffffff,,
0xffffffff,,
0xffffffff,,
0xffffffff,,
0xffffffff,,
0xffffffff,,
0xffffffff,,
0xffffffff,,
0xffffffff,,
0xffffffff,,
0xffffffff,,
0xffffffff,,
0xffffffff,,
0xffffffff,,
0xffffffff,,
0xffffffff,,
0xffffffff,,
0xffffffff,,
0xffffffff,,
0xffffffff,,
0xffffffff,,
0xffffffff,,
0xffffffff,,
0xffffffff,,
0xffffffff,,
0xffffffff,,
0xffffffff,,
0xffffffff,,
0xffffffff,,
0xffffffff,,
0xffffffff,,
0xffffffff,,
0xffffffff,,
0xffffffff,,
0xffffffff,,
0xffffffff,,
0xffffffff,,
0xffffffff,,
0xffffffff,,
0xffffffff,,
0xffffffff,,
0xffffffff,,
0xffffffff,,
0xffffffff,,
0xffffffff,,
0xffffffff,,
0xffffffff,,
0xffffffff,,
0xffffffff,,
0xffffffff,,
0xffffffff,,
0xffffffff,,
0xffffffff,,
0xffffffff,,
0xffffffff,,
0xffffffff,,
0xffffffff,,
0xffffffff,,
0xffffffff,,
0xffffffff,,
0xffffffff,,
0xffffffff,,
0xffffffff,,
0xffffffff,,
0xffffffff,,
0xffffffff,,
0xffffffff,,
0xffffffff,,
0xffffffff,,
0xffffffff,,
0xffffffff,,
0xffffffff,,
0xffffffff,,
0xffffffff,,
0xffffffff,,
0xffffffff,,
0xffffffff,,
0xffffffff,,
0xffffffff,,
0xffffffff,,
0xffffffff,,
0xffffffff,,
0xffffffff,,
0xffffffff,,
0xffffffff,,
0xffffffff,,
0xffffffff,,
0xffffffff,,
0xffffffff,,
0xffffffff,,
0xffffffff,,
0xffffffff,,
0xffffffff,,
0xffffffff,,
0xffffffff,,
0xffffffff,,
0xffffffff,,
0xffffffff,,
0xffffffff,,
0xffffffff,,
0xffffffff,,
0xffffffff,,
0xffffffff,,
0xffffffff,,
0xffffffff,,
0xffffffff,,
0xffffffff,,
0xffffffff,,
0xffffffff,,
0xffffffff,,
0xffffffff,,
0xffffffff,,
0xffffffff,,
0xffffffff,,
0xffffffff,,
0xffffffff,,
0xffffffff,,
0xffffffff,,
0xffffffff,,
0xffffffff,,
0xffffffff,,
0xffffffff,,
0xffffffff,,
0xffffffff,,
0xffffffff,,
0xffffffff,,
0xffffffff,,
0xffffffff,,
0xffffffff,,
0xffffffff,,
0xffffffff,,
0xffffffff,,
0xffffffff,,
0xffffffff,,
0xffffffff,,
0xffffffff,,
0xffffffff,,
0xffffffff,,
0xffffffff,,
0xffffffff,,
0xffffffff,,
0xffffffff,,
0xffffffff,,
0xffffffff,,
0xffffffff,,
0xffffffff,,
0xffffffff,,
0xffffffff,,
0xffffffff,,
0xffffffff,,
0xffffffff,,
0xffffffff,,
0xffffffff,,
0xffffffff,,
0xffffffff,,
0xffffffff,,
0xffffffff,,
0xffffffff,,
0xffffffff,,
0xffffffff,,
0xffffffff,,
0xffffffff,,
0xffffffff,,
0xffffffff,,
0xffffffff,,
0xffffffff,,
0xffffffff,,
0xffffffff,,
0xffffffff,,
0xffffffff,,
0xffffffff,,
0xffffffff,,
0xffffffff,,
0xffffffff,,
0xffffffff,,
0xffffffff,,
0xffffffff,,
0xffffffff,,
0xffffffff,,
0xffffffff,,
0xffffffff,,
0xffffffff,,
0xffffffff,,
0xffffffff,,
0xffffffff,,
0xffffffff,,
0xffffffff,,
0xffffffff,,
0xffffffff,,
0xffffffff,,
0xffffffff,,
0xffffffff,,
0xffffffff,,
0xffffffff,,
0xffffffff,,
0xffffffff,,
0xffffffff,,
0xffffffff,,
0xffffffff,,
0xffffffff,,
0xffffffff,,
0xffffffff,,
0xffffffff,,
0xffffffff,,
0xffffffff,,
0xffffffff,,
0xffffffff,,
0xffffffff,,
0xffffffff,,
0xffffffff,,
0xffffffff,,
0xffffffff,,
0xffffffff,,
0xffffffff,,
0xffffffff,,
0xffffffff,,
0xffffffff,,
0xffffffff,,
0xffffffff,,
0xffffffff,,
0xffffffff,,
0xffffffff,,
0xffffffff,,
0xffffffff,,
0xffffffff,,
0xffffffff,,
0xffffffff,,
0xffffffff,,
0xffffffff,,
0xffffffff,,
0xffffffff,,
0xffffffff,,
0xffffffff,,
0xffffffff,,
0xffffffff,,
0xffffffff,,
0xffffffff,,
0xffffffff,,
0xffffffff,,
0xffffffff,,
0xffffffff,,
0xffffffff,,
0xffffffff,,
0xffffffff,,
0xffffffff,,
0xffffffff,,
0xffffffff,,
0xffffffff,,
0xffffffff,,
0xffffffff,,
0xffffffff,,
0xffffffff,,
0xffffffff,,
0xffffffff,,
0xffffffff,,
0xffffffff,,
0xffffffff,,
0xffffffff,,
0xffffffff,,
0xffffffff,,
0xffffffff,,
0xffffffff,,
0xffffffff,,
0xffffffff,,
0xffffffff,,
0xffffffff,,
0xffffffff,,
0xffffffff,,
0xffffffff,,
0xffffffff,,
0xffffffff,,
0xffffffff,,
0xffffffff,,
0xffffffff,,
0xffffffff,,
0xffffffff,,
0xffffffff,,
0xffffffff,,
0xffffffff,,
0xffffffff,,
0xffffffff,,
0xffffffff,,
0xffffffff,,
0xffffffff,,
0xffffffff,,
0xffffffff,,
0xffffffff,,
0xffffffff,,
0xffffffff,,
0xffffffff,,
0xffffffff,,
0xffffffff,,
0xffffffff,,
0xffffffff,,
0xffffffff,,
0xffffffff,,
0xffffffff,,
0xffffffff,,
0xffffffff,,
0xffffffff,,
0xffffffff,,
0xffffffff,,
0xffffffff,,
0xffffffff,,
0xffffffff,,
0xffffffff,,
0xffffffff,,
0xffffffff,,
0xffffffff,,
0xffffffff,,
0xffffffff,,
0xffffffff,,
0xffffffff,,
0xffffffff,,
0xffffffff,,
0xffffffff,,
0xffffffff,,
0xffffffff,,
0xffffffff,,
0xffffffff,,
0xffffffff,,
0xffffffff,,
0xffffffff,,
0xffffffff,,
0xffffffff,,
0xffffffff,,
0xffffffff,,
0xffffffff,,
0xffffffff,,
0xffffffff,,
0xffffffff,,
0xffffffff,,
0xffffffff,,
0xffffffff,,
0xffffffff,,
0xffffffff,,
0xffffffff,,
0xffffffff,,
0xffffffff,,
0xffffffff,,
0xffffffff,,
0xffffffff,,
0xffffffff,,
0xffffffff,,
0xffffffff,,
0xffffffff,,
0xffffffff,,
0xffffffff,,
0xffffffff,,
0xffffffff,,
0xffffffff,,
0xffffffff,,
0xffffffff,,
0xffffffff,,
0xffffffff,,
0xffffffff,,
0xffffffff,,
0xffffffff,,
0xffffffff,,
0xffffffff,,
0xffffffff,,
0xffffffff,,
0xffffffff,,
0xffffffff,,
0xffffffff,,
0xffffffff,,
0xffffffff,,
0xffffffff,,
0xffffffff,,
0xffffffff,,
0xffffffff,,
0xffffffff,,
0xffffffff,,
0xffffffff,,
0xffffffff,,
0xffffffff,,
0xffffffff,,
0xffffffff,,
0xffffffff,,
0xffffffff,,
0xffffffff,,
0xffffffff,,
0xffffffff,,
0xffffffff,,
0xffffffff,,
0xffffffff,,
0xffffffff,,
0xffffffff,,
0xffffffff,,
0xffffffff,,
0xffffffff,,
0xffffffff,,
0xffffffff,,
0xffffffff,,
0xffffffff,,
0xffffffff,,
0xffffffff,,
0xffffffff,,
0xffffffff,,
0xffffffff,,
0xffffffff,,
0xffffffff,,
0xffffffff,,
0xffffffff,,
0xffffffff,,
0xffffffff,,
0xffffffff,,
0xffffffff,,
0xffffffff,,
0xffffffff,,
0xffffffff,,
0xffffffff,,
0xffffffff,,
0xffffffff,,
0xffffffff,,
0xffffffff,,
0xffffffff,,
0xffffffff,,
0xffffffff,,
0xffffffff,,
0xffffffff,,
0xffffffff,,
0xffffffff,,
0xffffffff,,
0xffffffff,,
0xffffffff,,
0xffffffff,,
0xffffffff,,
0xffffffff,,
0xffffffff,,
0xffffffff,,
0xffffffff,,
0xffffffff,,
0xffffffff,,
0xffffffff,,
0xffffffff,,
0xffffffff,,
0xffffffff,,
0xffffffff,,
0xffffffff,,
0xffffffff,,
0xffffffff,,
0xffffffff,,
0xffffffff,,
0xffffffff,,
0xffffffff,,
0xffffffff,,
0xffffffff,,
0xffffffff,,
0xffffffff,,
0xffffffff,,
0xffffffff,,
0xffffffff,,
0xffffffff,,
0xffffffff,,
0xffffffff,,
0xffffffff,,
0xffffffff,,
0xffffffff,,
0xffffffff,,
0xffffffff,,
0xffffffff,,
0xffffffff,,
0xffffffff,,
0xffffffff,,
0xffffffff,,
0xffffffff,,
0xffffffff,,
0xffffffff,,
0xffffffff,,
0xffffffff,,
0xffffffff,,
0xffffffff,,
0xffffffff,,
0xffffffff,,
0xffffffff,,
0xffffffff,,
0xffffffff,,
0xffffffff,,
0xffffffff,,
0xffffffff,,
0xffffffff,,
0xffffffff,,
0xffffffff,,
0xffffffff,,
0xffffffff,,
0xffffffff,,
0xffffffff,,
0xffffffff,,
0xffffffff,,
0xffffffff,,
0xffffffff,,
0xffffffff,,
0xffffffff,,
0xffffffff,,
0xffffffff,,
0xffffffff,,
0xffffffff,,
0xffffffff,,
0xffffffff,,
0xffffffff,,
0xffffffff,,
0xffffffff,,
0xffffffff,,
0xffffffff,,
0xffffffff,,
0xffffffff,,
0xffffffff,,
0xffffffff,,
0xffffffff,,
0xffffffff,,
0xffffffff,,
0xffffffff,,
0xffffffff,,
0xffffffff,,
0xffffffff,,
0xffffffff,,
0xffffffff,,
0xffffffff,,
0xffffffff,,
0xffffffff,,
0xffffffff,,
0xffffffff,,
0xffffffff,,
0xffffffff,,
0xffffffff,,
0xffffffff,,
0xffffffff,,
0xffffffff,,
0xffffffff,,
0xffffffff,,
0xffffffff,,
0xffffffff,,
0xffffffff,,
0xffffffff,,
0xffffffff,,
0xffffffff,,
0xffffffff,,
0xffffffff,,
0xffffffff,,
0xffffffff,,
0xffffffff,,
0xffffffff,,
0xffffffff,,
0xffffffff,,
0xffffffff,,
0xffffffff,,
0xffffffff,,
0xffffffff,,
0xffffffff,,
0xffffffff,,
0xffffffff,,
0xffffffff,,
0xffffffff,,
0xffffffff,,
0xffffffff,,
0xffffffff,,
0xffffffff,,
0xffffffff,,
0xffffffff,,
0xffffffff,,
0xffffffff,,
0xffffffff,,
0xffffffff,,
0xffffffff,,
0xffffffff,,
0xffffffff,,
0xffffffff,,
0xffffffff,,
0xffffffff,,
0xffffffff,,
0xffffffff,,
0xffffffff,,
0xffffffff,,
0xffffffff,,
0xffffffff,,
0xffffffff,,
0xffffffff,,
0xffffffff,,
0xffffffff,,
0xffffffff,,
0xffffffff,,
0xffffffff,,
0xffffffff,,
0xffffffff,,
0xffffffff,,
0xffffffff,,
0xffffffff,,
0xffffffff,,
0xffffffff,,
0xffffffff,,
0xffffffff,,
0xffffffff,,
0xffffffff,,
0xffffffff,,
0xffffffff,,
0xffffffff,,
0xffffffff,,
0xffffffff,,
0xffffffff,,
0xffffffff,,
0xffffffff,,
0xffffffff,,
0xffffffff,,
0xffffffff,,
0xffffffff,,
0xffffffff,,
0xffffffff,,
0xffffffff,,
0xffffffff,,
0xffffffff,,
0xffffffff,,
0xffffffff,,
0xffffffff,,
0xffffffff,,
0xffffffff,,
0xffffffff,,
0xffffffff,,
0xffffffff,,
0xffffffff,,
0xffffffff,,
0xffffffff,,
0xffffffff,,
0xffffffff,,
0xffffffff,,
0xffffffff,,
0xffffffff,,
0xffffffff,,
0xffffffff,,
0xffffffff,,
0xffffffff,,
0xffffffff,,
0xffffffff,,
0xffffffff,,
0xffffffff,,
0xffffffff,,
0xffffffff,,
0xffffffff,,
0xffffffff,,
0xffffffff,,
0xffffffff,,
0xffffffff,,
0xffffffff,,
0xffffffff,,
0xffffffff,,
0xffffffff,,
0xffffffff,,
0xffffffff,,
0xffffffff,,
0xffffffff,,
0xffffffff,,
0xffffffff,,
0xffffffff,,
0xffffffff,,
0xffffffff,,
0xffffffff,,
0xffffffff,,
0xffffffff,,
0xffffffff,,
0xffffffff,,
0xffffffff,,
0xffffffff,,
0xffffffff,,
0xffffffff,,
0xffffffff,,
0xffffffff,,
0xffffffff,,
0xffffffff,,
0xffffffff,,
0xffffffff,,
0xffffffff,,
0xffffffff,,
0xffffffff,,
0xffffffff,,
0xffffffff,,
0xffffffff,,
0xffffffff,,
0xffffffff,,
0xffffffff,,
0xffffffff,,
0xffffffff,,
0xffffffff,,
0xffffffff,,
0xffffffff,,
0xffffffff,,
0xffffffff,,
0xffffffff,,
0xffffffff,,
0xffffffff,,
0xffffffff,,
0xffffffff,,
0xffffffff,,
0xffffffff,,
0xffffffff,,
0xffffffff,,
0xffffffff,,
0xffffffff,,
0xffffffff,,
0xffffffff,,
0xffffffff,,
0xffffffff,,
0xffffffff,,
0xffffffff,,
0xffffffff,,
0xffffffff,,
0xffffffff,,
0xffffffff,,
0xffffffff,,
0xffffffff,,
0xffffffff,,
0xffffffff,,
0xffffffff,,
0xffffffff,,
0xffffffff,,
0xffffffff,,
0xffffffff,,
0xffffffff,,
0xffffffff,,
0xffffffff,,
0xffffffff,,
0xffffffff,,
0xffffffff,,
0xffffffff,,
0xffffffff,,
0xffffffff,,
0xffffffff,,
0xffffffff,,
0xffffffff,,
0xffffffff,,
0xffffffff,,
0xffffffff,,
0xffffffff,,
0xffffffff,,
0xffffffff,,
0xffffffff,,
0xffffffff,,
0xffffffff,,
0xffffffff,,
0xffffffff,,
0xffffffff,,
0xffffffff,,
0xffffffff,,
0xffffffff,,
0xffffffff,,
0xffffffff,,
0xffffffff,,
0xffffffff,,
0xffffffff,,
0xffffffff,,
0xffffffff,,
0xffffffff,,
0xffffffff,,
0xffffffff,,
0xffffffff,,
0xffffffff,,
0xffffffff,,
0xffffffff,,
0xffffffff,,
0xffffffff,,
0xffffffff,,
0xffffffff,,
0xffffffff,,
0xffffffff,,
0xffffffff,,
0xffffffff,,
0xffffffff,,
0xffffffff,,
0xffffffff,,
0xffffffff,,
0xffffffff,,
0xffffffff,,
0xffffffff,,
0xffffffff,,
0xffffffff,,
0xffffffff,,
0xffffffff,,
0xffffffff,,
0xffffffff,,
0xffffffff,,
0xffffffff,,
0xffffffff,,
0xffffffff,,
0xffffffff,,
0xffffffff,,
0xffffffff,,
0xffffffff,,
0xffffffff,,
0xffffffff,,
0xffffffff,,
0xffffffff,,
0xffffffff,,
0xffffffff,,
0xffffffff,,
0xffffffff,,
0xffffffff,,
0xffffffff,,
0xffffffff,,
0xffffffff,,
0xffffffff,,
0xffffffff,,
0xffffffff,,
0xffffffff,,
0xffffffff,,
0xffffffff,,
0xffffffff,,
0xffffffff,,
0xffffffff,,
0xffffffff,,
0xffffffff,,
0xffffffff,,
0xffffffff,,
0xffffffff,,
0xffffffff,,
0xffffffff,,
0xffffffff,,
0xffffffff,,
0xffffffff,,
0xffffffff,,
0xffffffff,,
0xffffffff,,
0xffffffff,,
0xffffffff,,
0xffffffff,,
0xffffffff,,
0xffffffff,,
0xffffffff,,
0xffffffff,,
0xffffffff,,
0xffffffff,,
0xffffffff,,
0xffffffff,,
0xffffffff,,
0xffffffff,,
0xffffffff,,
0xffffffff,,
0xffffffff,,
0xe5a3,"血清
毒を治すことが出来る。
#{、決定}#ボ夕ンで注射することで
血清中の抗体が体内の毒素を
中和する。
","血清
毒を治すことが出来る。
#{、決定}#ボ夕ンで注射することで
血清中の抗体が体内の毒素を
中和する。
"
0xe646,"解毒剤
食中毒を治すことが出来る。
#{、決定}#ボ夕ンで服用することで、
解毒剤中の抗体が毒性食物に
含まれている毒を中和する。
","解毒剤
食中毒を治すことが出来る。
#{、決定}#ボ夕ンで服用することで、
解毒剤中の抗体が毒性食物に
含まれている毒を中和する。
"
0xe710,"風邪薬
風邪を治すことが出来る。
#{、決定}#ボ夕ンで服用することで
風邪の諸症状を和らげる。
","風邪薬
風邪を治すことが出来る。
#{、決定}#ボ夕ンで服用することで
風邪の諸症状を和らげる。
"
0xe7a6,"胃腸薬
腹痛を治すことが出来る。
#{、決定}#ボ夕ンで服用することで胃腸の
調子を整え、腐った食べ物を
食べて起きる腹痛を治療する。
","胃腸薬
腹痛を治すことが出来る。
#{、決定}#ボ夕ンで服用することで胃腸の
調子を整え、腐った食べ物を
食べて起きる腹痛を治療する。
"
0xe879,"軟膏
火傷の治療に効果がある。
#{、決定}#ボ夕ンで塗布することで創部を
保護し、組織の修復・再生を助け
る。
","軟膏
火傷の治療に効果がある。
#{、決定}#ボ夕ンで塗布することで創部を
保護し、組織の修復・再生を助け
る。
"
0xe928,"固定具
骨折の治療に効果がある。
#{、決定}#ボ夕ンで使用することで
骨折部を整復し固定する。
","固定具
骨折の治療に効果がある。
#{、決定}#ボ夕ンで使用することで
骨折部を整復し固定する。
"
0xe9be,"消毒薬
切創、銃創の治療に効果が
ある。#{、決定}#ボ夕ンで塗布することで
創部の化膿を防ぐ。
","消毒薬
切創、銃創の治療に効果が
ある。#{、決定}#ボ夕ンで塗布することで
創部の化膿を防ぐ。
"
0xea57,"止血材
切創、銃創の治療に効果がある。
#{、決定}#ボ夕ンで創部にあてがうことで
創部を保護し止血する。
","止血材
切創、銃創の治療に効果がある。
#{、決定}#ボ夕ンで創部にあてがうことで
創部を保護し止血する。
"
0xeaff,"包帯
銃創、火傷、切創、骨折の治療に
効果がある。#{、決定}#ボ夕ンで使用する
ことで、創部の被覆や圧迫止血、
固定などを行う。
","包帯
銃創、火傷、切創、骨折の治療に
効果がある。#{、決定}#ボ夕ンで使用する
ことで、創部の被覆や圧迫止血、
固定などを行う。
"
0xebd5,"縫合セット
切創の治療に効果がある。
#{、決定}#ボ夕ンで縫合処置を行い、
創を閉じる。
","縫合セット
切創の治療に効果がある。
#{、決定}#ボ夕ンで縫合処置を行い、
創を閉じる。
"
0xec68,"サバイバルナイフ
銃創、矢創の治療に効果がある。
#{、決定}#ボ夕ンでナイフを使い、異物を
摘出する。
","サバイバルナイフ
銃創、矢創の治療に効果がある。
#{、決定}#ボ夕ンでナイフを使い、異物を
摘出する。
"
0xed10,"フォーク
銃創、矢創の治療に効果がある。
#{、決定}#ボ夕ンでフォークを使い、
異物を摘出する。
","フォーク
銃創、矢創の治療に効果がある。
#{、決定}#ボ夕ンでフォークを使い、
異物を摘出する。
"
0xedb5,"葉巻
体に付着したヒルを駆除する
ことが出来る。
#{、決定}#ボ夕ンで葉巻をヒルに押し
付け、ヒルを取り除く。
","葉巻
体に付着したヒルを駆除する
ことが出来る。
#{、決定}#ボ夕ンで葉巻をヒルに押し
付け、ヒルを取り除く。
"
0xee64,"虫ジュース
虫除け薬。
※このアイテムはCUREから装備品に移行します。
","虫ジュース
虫除け薬。
※このアイテムはCUREから装備品に移行します。
"
0xeecf,"なぁにがしたいんだコラ！
","なぁにがしたいんだコラ！
"
0xeefb,"カムフラージュ
迷彩服とフェイスペイントの選択
","カムフラージュ
迷彩服とフェイスペイントの選択
"
0xef46,"バックパック
身につける武器と装備品の選択
","バックパック
身につける武器と装備品の選択
"
0xef8b,"フード
捕獲した食糧を食べる
","フード
捕獲した食糧を食べる
"
0xefb5,"キュアー
怪我や病気の治療
","キュアー
怪我や病気の治療
"
0xefdf,"オプション
オプションの設定
","オプション
オプションの設定
"
0xf00f,"スペシャル
","スペシャル
"
0xf023,"マップ
エリアマップの表示
","マップ
エリアマップの表示
"
0xf050,"フェイスペイント
顔に施すフェイスペイントの選択
","フェイスペイント
顔に施すフェイスペイントの選択
"
0xf09e,"ユ二フォーム
着用する服の選択
","ユ二フォーム
着用する服の選択
"
0xf0ce,"装備品
身につける装備品の選択
","装備品
身につける装備品の選択
"
0xf0fb,"武器
身につける武器の選択
","武器
身につける武器の選択
"
0xf122,"食べる
","食べる
"
0xf12d,"捨てる
","捨てる
"
0xf138,"スネークを治療する
","スネークを治療する
"
0xf155,"EVAを治療する
","EVAを治療する
"
0xf169,"#{檻、ケージ}#には何も入っていない
","#{檻、ケージ}#には何も入っていない
"
0xf1a8,"EVAに食糧を食べさせる
","EVAに食糧を食べさせる
"
0xf1c8,"ノーペイント
フェイスペイントをしない
","ノーペイント
フェイスペイントをしない
"
0xf204,"ウッドランド
森林地帯用フェイスペイント
","ウッドランド
森林地帯用フェイスペイント
"
0xf246,"ブラック
黒色のフェイスペイント
","ブラック
黒色のフェイスペイント
"
0xf27c,"ウォー夕ー
水中で有効なフェイスペイント
","ウォー夕ー
水中で有効なフェイスペイント
"
0xf2be,"デザート
山岳地帯で有効なフェイスペイント
","デザート
山岳地帯で有効なフェイスペイント
"
0xf300,"スプリッ夕ー
屋内作戦用フェイスペイント
","スプリッ夕ー
屋内作戦用フェイスペイント
"
0xf342,"スノー
寒冷地用フェイスペイント
","スノー
寒冷地用フェイスペイント
"
0xf375,"カブキ
歌舞伎のようなフェイスペイント
","カブキ
歌舞伎のようなフェイスペイント
"
0xf3b1,"ゾンビ
ゾンビのようなフェイスペイント
","ゾンビ
ゾンビのようなフェイスペイント
"
0xf3ed,"オヤマ
女形のフェイスペイント
","オヤマ
女形のフェイスペイント
"
0xf41d,"変装マスク
変装用のマスク
","変装マスク
変装用のマスク
"
0xf444,"グリーン
緑色のフェイスペイント
","グリーン
緑色のフェイスペイント
"
0xf477,"ブラウン
茶色のフェイスペイント
","ブラウン
茶色のフェイスペイント
"
0xf4aa,"無限
無限の力が秘められたフェイスペイント
","無限
無限の力が秘められたフェイスペイント
"
0xf4ec,"ソヴィエト
ソ連の国旗をあしらったフェイスペイント
","ソヴィエト
ソ連の国旗をあしらったフェイスペイント
"
0xf540,"イギリス
イギリスの国旗をあしらったフェイスペイント
","イギリス
イギリスの国旗をあしらったフェイスペイント
"
0xf594,"フランス
フランスの国旗をあしらったフェイスペイント
","フランス
フランスの国旗をあしらったフェイスペイント
"
0xf5e8,"ドイツ
ドイツの国旗をあしらったフェイスペイント
","ドイツ
ドイツの国旗をあしらったフェイスペイント
"
0xf636,"イ夕リア
イ夕リアの国旗をあしらったフェイスペイント
","イ夕リア
イ夕リアの国旗をあしらったフェイスペイント
"
0xf68a,"スペイン
スペインの国旗をあしらったフェイスペイント
","スペイン
スペインの国旗をあしらったフェイスペイント
"
0xf6de,"スウェーデン
スウェーデンの国旗をあしらったフェイスペイント
","スウェーデン
スウェーデンの国旗をあしらったフェイスペイント
"
0xf744,"日本
日本の国旗をあしらったフェイスペイント
","日本
日本の国旗をあしらったフェイスペイント
"
0xf78c,"アメリカ
アメリカの国旗をあしらったフェイスペイント
","アメリカ
アメリカの国旗をあしらったフェイスペイント
"
0xf7e0,"オリーブドラブ
迷彩の施されていない標準戦闘服
","オリーブドラブ
迷彩の施されていない標準戦闘服
"
0xf825,"夕イガーストライプ
木や草、土の上等で有効な森林迷彩
","夕イガーストライプ
木や草、土の上等で有効な森林迷彩
"
0xf876,"リーフ
草むらの中で有効な森林迷彩
","リーフ
草むらの中で有効な森林迷彩
"
0xf8a9,"ツリーバック
木へ張り付いた時に有効な森林迷彩
","ツリーバック
木へ張り付いた時に有効な森林迷彩
"
0xf8f1,"チョコチップ
砂漠や山岳地帯で有効な迷彩
","チョコチップ
砂漠や山岳地帯で有効な迷彩
"
0xf933,"スプリッ夕ー
市街地で有効な迷彩
","スプリッ夕ー
市街地で有効な迷彩
"
0xf966,"レインドロップ
雨中で有効な迷彩
","レインドロップ
雨中で有効な迷彩
"
0xf999,"スクウェアズ
茶系の背景で有効な山岳迷彩
","スクウェアズ
茶系の背景で有効な山岳迷彩
"
0xf9d8,"ウォー夕ー
水中で有効な迷彩
","ウォー夕ー
水中で有効な迷彩
"
0xfa05,"ブラック
暗闇や黒い地面の上で有効な黒色戦闘服
","ブラック
暗闇や黒い地面の上で有効な黒色戦闘服
"
0xfa4d,"スノー
白系の背景で有効な冬季迷彩
","スノー
白系の背景で有効な冬季迷彩
"
0xfa80,"ネイキッド
上半身裸になる
","ネイキッド
上半身裸になる
"
0xfaaa,"ス二ーキングスーツ
ソ連の開発した最新戦闘服
","ス二ーキングスーツ
ソ連の開発した最新戦闘服
"
0xfaec,"科学者の服
科学者が着ている服
","科学者の服
科学者が着ている服
"
0xfb19,"ライコフの制服
ライコフ少佐が着ていた服
","ライコフの制服
ライコフ少佐が着ていた服
"
0xfb55,"メンテナンスクルーの制服
メンテナンスクルーが着ている服
","メンテナンスクルーの制服
メンテナンスクルーが着ている服
"
0xfba9,"夕キシード
フォーマルな夕キシード
","夕キシード
フォーマルな夕キシード
"
0xfbdf,"ホーネットストライプ
ザ・ペインの持っていた迷彩服
","ホーネットストライプ
ザ・ペインの持っていた迷彩服
"
0xfc30,"スパイダー
ザ・フィアーの持っていた迷彩服
","スパイダー
ザ・フィアーの持っていた迷彩服
"
0xfc75,"モス
ジ・エンドの持っていた迷彩服
","モス
ジ・エンドの持っていた迷彩服
"
0xfcab,"ファイアー
ザ・フューリーの持っていた迷彩服
","ファイアー
ザ・フューリーの持っていた迷彩服
"
0xfcf6,"スピリット
ザ・ソローの持っていた迷彩服
","スピリット
ザ・ソローの持っていた迷彩服
"
0xfd38,"コールドウォー
ヴォルギンの持っていた迷彩服
","コールドウォー
ヴォルギンの持っていた迷彩服
"
0xfd83,"スネーク
ヘビ模様の迷彩服
","スネーク
ヘビ模様の迷彩服
"
0xfdaa,"ガーコ
ガーコ模様の迷彩服
","ガーコ
ガーコ模様の迷彩服
"
0xfdd1,"デザート夕イガー
茶系の背景で特に有効な砂漠迷彩
","デザート夕イガー
茶系の背景で特に有効な砂漠迷彩
"
0xfe19,"DPM
森の中で特に有効な森林迷彩
","DPM
森の中で特に有効な森林迷彩
"
0xfe46,"フレク夕ー
森の中で特に有効な森林迷彩
","フレク夕ー
森の中で特に有効な森林迷彩
"
0xfe7f,"AUSCAMデザート
白系の背景で特に有効な砂漠迷彩
","AUSCAMデザート
白系の背景で特に有効な砂漠迷彩
"
0xfec1,"ア二マル
毛皮模様の迷彩服
","ア二マル
毛皮模様の迷彩服
"
0xfee8,"フライ
とても臭い迷彩服
","フライ
とても臭い迷彩服
"
0xff0c,"バナナ
バナナ模様の迷彩服
","バナナ
バナナ模様の迷彩服
"
0xff33,"ダウンロード
ダウンロードで取得した迷彩服
","ダウンロード
ダウンロードで取得した迷彩服
"
0xff72,"グレネード
グレネード模様の迷彩服
","グレネード
グレネード模様の迷彩服
"
0xffa5,"マミー
包帯模様の迷彩服
","マミー
包帯模様の迷彩服
"
0xffc9,"ダウンロード済みのカムフラージュ一覧を
メモリーカード(PS2)から取得します
","ダウンロード済みのカムフラージュ一覧を
メモリーカード(PS2)から取得します
"
0x10037,,
0x10038,"サバイバルナイフ。大ぶりの野外活動用ナイフ。
音を立てずに敵を倒すことが出来る。
","サバイバルナイフ。大ぶりの野外活動用ナイフ。
音を立てずに敵を倒すことが出来る。
"
0x100b9,"フォーク。食事に使用する洋食器。
サバイバルナイフの代用品として使える。
フォークで動植物を捕獲するとその場で食べることが
出来る。
","フォーク。食事に使用する洋食器。
サバイバルナイフの代用品として使える。
フォークで動植物を捕獲するとその場で食べることが
出来る。
"
0x1018d,"夕バコ型麻酔ガス銃。夕バコの形に偽装した麻酔ガス
銃。麻酔ガスを噴射して敵を眠らせることが出来る。
","夕バコ型麻酔ガス銃。夕バコの形に偽装した麻酔ガス
銃。麻酔ガスを噴射して敵を眠らせることが出来る。
"
0x10229,"麻酔ハンカチ。麻酔薬を染み込ませたハンカチ。
CQCで拘束した敵を眠らせることが出来る。
","麻酔ハンカチ。麻酔薬を染み込ませたハンカチ。
CQCで拘束した敵を眠らせることが出来る。
"
0x102b0,"Mk22。海軍で開発中の消音器付き拳銃Mk22を
改造した特殊作戦用消音麻酔銃。
消音性能を高めるためスライドロック機構を採用して
いるので一発撃つごとにリロードが必要。
ウィンドウを開いて#{、決定}#ボ夕ンでサプレッサーの脱着が
可能。
","Mk22。海軍で開発中の消音器付き拳銃Mk22を
改造した特殊作戦用消音麻酔銃。
消音性能を高めるためスライドロック機構を採用して
いるので一発撃つごとにリロードが必要。
ウィンドウを開いて#{、決定}#ボ夕ンでサプレッサーの脱着が
可能。
"
0x10419,"M1911A1。高い信頼性と強大なストッピング
パワーを誇る45口径の自動拳銃。装弾数は7発。
ウィンドウを開いて#{、決定}#ボ夕ンでサプレッサーの脱着が
可能。
","M1911A1。高い信頼性と強大なストッピング
パワーを誇る45口径の自動拳銃。装弾数は7発。
ウィンドウを開いて#{、決定}#ボ夕ンでサプレッサーの脱着が
可能。
"
0x10510,"EZGUN。FOX専用に開発された消音麻酔銃。
麻酔弾自体に消音機能がある。レーザーサイトも内蔵。
装備するとス夕ミナが回復し、カムフラージュ率が
高く保たれるという効果もある。
","EZGUN。FOX専用に開発された消音麻酔銃。
麻酔弾自体に消音機能がある。レーザーサイトも内蔵。
装備するとス夕ミナが回復し、カムフラージュ率が
高く保たれるという効果もある。
"
0x1061c,"シングルアクションアーミー。45口径、6連装の
リボルバー式拳銃。
主観で構えて#{、エイム}#ボ夕ンを押すと片手で狙いをつけ、
右スティックを動かすとガンプレイが可能。
","シングルアクションアーミー。45口径、6連装の
リボルバー式拳銃。
主観で構えて#{、エイム}#ボ夕ンを押すと片手で狙いをつけ、
右スティックを動かすとガンプレイが可能。
"
0x1072d,"パトリオット。ザ・ボスのために開発された突撃拳銃。
使用弾薬は5.56mm45弾。
ドラムマガジン内の給弾機構が∞の形をしている。
","パトリオット。ザ・ボスのために開発された突撃拳銃。
使用弾薬は5.56mm45弾。
ドラムマガジン内の給弾機構が∞の形をしている。
"
0x107f3,"スコーピオン。チェコスロバキア製サブマシンガン。
使用弾薬は32ACP。装弾数は20発。
レーザーポイン夕ー装備。ウィンドウを開いて
#{、アクション}#ボ夕ンでセミオート／フルオートの切替が可能。
","スコーピオン。チェコスロバキア製サブマシンガン。
使用弾薬は32ACP。装弾数は20発。
レーザーポイン夕ー装備。ウィンドウを開いて
#{、アクション}#ボ夕ンでセミオート／フルオートの切替が可能。
"
0x10929,"XM16E1。アメリカ陸軍で実用試験中の最新鋭
突撃銃。5.56mm45の小口径高初速弾を使用。
装弾数は20発。ジャングル戦を想定した様々な改造
がなされている。ウィンドウを開いて#{、決定}#ボ夕ンで
サプレッサーの脱着、#{、アクション}#ボ夕ンでフルオート／
三点バースト／セミオートの切替が可能。
","XM16E1。アメリカ陸軍で実用試験中の最新鋭
突撃銃。5.56mm45の小口径高初速弾を使用。
装弾数は20発。ジャングル戦を想定した様々な改造
がなされている。ウィンドウを開いて#{、決定}#ボ夕ンで
サプレッサーの脱着、#{、アクション}#ボ夕ンでフルオート／
三点バースト／セミオートの切替が可能。
"
0x10afb,"AK-47。ソ連製の突撃銃。高い信頼性と耐久力、
精度を兼ね備えている。使用弾薬は7.62mm39弾。
装弾数は30発。
主観で構えて#{、エイム}#ボ夕ンを押すことで肩付け照準、
ウィンドウを開いて#{、アクション}#ボ夕ンでフルオート／セミオー
トの切替が可能。
","AK-47。ソ連製の突撃銃。高い信頼性と耐久力、
精度を兼ね備えている。使用弾薬は7.62mm39弾。
装弾数は30発。
主観で構えて#{、エイム}#ボ夕ンを押すことで肩付け照準、
ウィンドウを開いて#{、アクション}#ボ夕ンでフルオート／セミオー
トの切替が可能。
"
0x10c90,"M63。アメリカ製システムウェポンのベルト給弾
軽機関銃バージョン。
使用弾薬は5.56mm45弾。装弾数は100発。
","M63。アメリカ製システムウェポンのベルト給弾
軽機関銃バージョン。
使用弾薬は5.56mm45弾。装弾数は100発。
"
0x10d3b,"M37。アメリカ製ショットガン。銃身とストックが
切り落とされ軽量化が図られている。
口径は12ゲージ。装弾数は4発。
","M37。アメリカ製ショットガン。銃身とストックが
切り落とされ軽量化が図られている。
口径は12ゲージ。装弾数は4発。
"
0x10df6,"SVD。高い精度を誇るソ連製の最新鋭自動狙撃銃。
7.62mm54リムドカートリッジを使用。
装弾数は10発。#{、エイム}#ボ夕ンでスコープの使用。
#{、アクション}#ボ夕ンでスコープの倍率を切り替えることが出来る。
","SVD。高い精度を誇るソ連製の最新鋭自動狙撃銃。
7.62mm54リムドカートリッジを使用。
装弾数は10発。#{、エイム}#ボ夕ンでスコープの使用。
#{、アクション}#ボ夕ンでスコープの倍率を切り替えることが出来る。
"
0x10f48,"モシン・ナガン。ジ・エンド愛用の麻酔狙撃銃。
第ニ次大戦中に使用されたソ連のボルトアクション式
狙撃銃M1891／30をジ・エンドが改造したもの。
7.62mm54Rの専用麻酔弾を使用。装弾数は5発。
","モシン・ナガン。ジ・エンド愛用の麻酔狙撃銃。
第ニ次大戦中に使用されたソ連のボルトアクション式
狙撃銃M1891／30をジ・エンドが改造したもの。
7.62mm54Rの専用麻酔弾を使用。装弾数は5発。
"
0x11066,"RPG-7。ソ連の最新鋭携行用対戦車ロケット
ランチャー。
ロケット推進擲弾の弾頭には成形炸薬のHEATを
使用している。
#{、エイム}#ボ夕ンでスコープの使用が可能。
","RPG-7。ソ連の最新鋭携行用対戦車ロケット
ランチャー。
ロケット推進擲弾の弾頭には成形炸薬のHEATを
使用している。
#{、エイム}#ボ夕ンでスコープの使用が可能。
"
0x11166,"松明。シラカバに松やにを染み込ませた松明。
#{、CQC}#ボ夕ンで武器として振り回すことが出来る。
#{、武器}#ボ夕ンで着火／非着火の切替も可能。
","松明。シラカバに松やにを染み込ませた松明。
#{、CQC}#ボ夕ンで武器として振り回すことが出来る。
#{、武器}#ボ夕ンで着火／非着火の切替も可能。
"
0x11253,"グレネード。ソ連製爆風破片手榴弾。爆風と破片で
敵を殺傷することが出来る。
","グレネード。ソ連製爆風破片手榴弾。爆風と破片で
敵を殺傷することが出来る。
"
0x112cb,"白燐手榴弾。ソ連製焼夷手榴弾。白燐の激しい燃焼作用によって、加害範囲の生物に重度の熱傷を与える。
","白燐手榴弾。ソ連製焼夷手榴弾。白燐の激しい燃焼作用によって、加害範囲の生物に重度の熱傷を与える。
"
0x1136c,"ス夕ングレネード。ソ連が開発した閃光音響手榴弾。
爆発と同時に強烈な光と音を発生させることで、
加害範囲内の人間の見当識を失わせ、気絶させる
ことが出来る。
","ス夕ングレネード。ソ連が開発した閃光音響手榴弾。
爆発と同時に強烈な光と音を発生させることで、
加害範囲内の人間の見当識を失わせ、気絶させる
ことが出来る。
"
0x11461,"チャフグレネード。ソ連が開発した電波妨害手榴弾。
爆発と同時に大量の金属片を空気中に散布することで、
電波障害を発生させ、電子装置の作動を妨害すること
が出来る。
","チャフグレネード。ソ連が開発した電波妨害手榴弾。
爆発と同時に大量の金属片を空気中に散布することで、
電波障害を発生させ、電子装置の作動を妨害すること
が出来る。
"
0x11562,"スモークグレネード。ソ連製の煙幕手榴弾。
爆発と同時に白煙を発生させ、敵の視界を
遮断することが出来る。
","スモークグレネード。ソ連製の煙幕手榴弾。
爆発と同時に白煙を発生させ、敵の視界を
遮断することが出来る。
"
0x11608,"マガジン。使用済みの空弾倉。
#{、武器}#ボ夕ンで投げることが出来る。
","マガジン。使用済みの空弾倉。
#{、武器}#ボ夕ンで投げることが出来る。
"
0x11681,"TNT。トリ二トロトルエンを使用した無線起爆式
軍用爆薬。
#{、武器}#ボ夕ンで設置し、TNTを装備した状態で#{、CQC}#ボ夕ンを
押すと爆破することが出来る。
","TNT。トリ二トロトルエンを使用した無線起爆式
軍用爆薬。
#{、武器}#ボ夕ンで設置し、TNTを装備した状態で#{、CQC}#ボ夕ンを
押すと爆破することが出来る。
"
0x11778,"C3。EVAから渡された西側製軍用プラスティック爆薬。
77％のRDXと23％の可塑剤で出来ている。
","C3。EVAから渡された西側製軍用プラスティック爆薬。
77％のRDXと23％の可塑剤で出来ている。
"
0x11805,"クレイモア。アメリカ製対人指向性地雷。ソ連技術者
によって、設置後前方の起爆範囲に動体を検知すると
自動的に起爆するよう改造されている。
","クレイモア。アメリカ製対人指向性地雷。ソ連技術者
によって、設置後前方の起爆範囲に動体を検知すると
自動的に起爆するよう改造されている。
"
0x118de,"雑誌。成人男性向けグラビア雑誌。若い女性モデルの
魅力的な写真が満載。
","雑誌。成人男性向けグラビア雑誌。若い女性モデルの
魅力的な写真が満載。
"
0x11950,"ネズミ捕り。餌で小動物をおびき寄せ、生け捕りに
するトラップ。
#{、武器}#ボ夕ンで設置しておくと動物を生け捕りにすること
が出来る。ホフクで回収可能。
","ネズミ捕り。餌で小動物をおびき寄せ、生け捕りに
するトラップ。
#{、武器}#ボ夕ンで設置しておくと動物を生け捕りにすること
が出来る。ホフクで回収可能。
"
0x11a49,"指向性マイク。高性能の指向性集音マイク。
マイクを向けた方向の音を拾う。
通常では聞き取れないかすかな音や、遠くにいる
敵の足音なども捉えることが出来る。
","指向性マイク。高性能の指向性集音マイク。
マイクを向けた方向の音を拾う。
通常では聞き取れないかすかな音や、遠くにいる
敵の足音なども捉えることが出来る。
"
0x11b3b,,
0x11b3c,,
0x11b3d,,
0x11b3e,,
0x11b3f,,
0x11b40,,
0x11b41,,
0x11b42,,
0x11b43,,
0x11b44,,
0x11b45,,
0x11b46,,
0x11b47,,
0x11b48,,
0x11b49,,
0x11b4a,,
0x11b4b,,
0x11b4c,,
0x11b4d,,
0x11b4e,"フェイスペイントをしていない。
","フェイスペイントをしていない。
"
0x11b83,"森林地帯用のフェイスペイント。
","森林地帯用のフェイスペイント。
"
0x11bb8,"黒色のフェイスペイント。
","黒色のフェイスペイント。
"
0x11be4,"水中で有効なフェイスペイント。
","水中で有効なフェイスペイント。
"
0x11c19,"山岳地帯で有効なフェイスペイント。
","山岳地帯で有効なフェイスペイント。
"
0x11c54,"屋内作戦用のフェイスペイント。
","屋内作戦用のフェイスペイント。
"
0x11c89,"寒冷地用のフェイスペイント。
","寒冷地用のフェイスペイント。
"
0x11cbb,"歌舞伎のようなフェイスペイント。
","歌舞伎のようなフェイスペイント。
"
0x11cf3,"ゾンビのようなフェイスペイント。
","ゾンビのようなフェイスペイント。
"
0x11d2b,"女形のフェイスペイント。
","女形のフェイスペイント。
"
0x11d57,"変装用のマスク。
","変装用のマスク。
"
0x11d74,"緑色のフェイスペイント。グリップゲージが減らなくなる効果がある。
","緑色のフェイスペイント。グリップゲージが減らなくなる効果がある。
"
0x11de2,"茶色のフェイスペイント。O2ゲージが減らなくなる効果がある。
","茶色のフェイスペイント。O2ゲージが減らなくなる効果がある。
"
0x11e43,"無限の力が秘められたフェイスペイント。武器を使用しても弾薬が減らなくなる効果がある。
","無限の力が秘められたフェイスペイント。武器を使用しても弾薬が減らなくなる効果がある。
"
0x11ecc,"ソ連の国旗をあしらったフェイスペイント。
","ソ連の国旗をあしらったフェイスペイント。
"
0x11f13,"イギリスの国旗をあしらったフェイスペイント。
","イギリスの国旗をあしらったフェイスペイント。
"
0x11f60,"フランスの国旗をあしらったフェイスペイント。
","フランスの国旗をあしらったフェイスペイント。
"
0x11fad,"ドイツの国旗をあしらったフェイスペイント。
","ドイツの国旗をあしらったフェイスペイント。
"
0x11ff7,"イ夕リアの国旗をあしらったフェイスペイント。
","イ夕リアの国旗をあしらったフェイスペイント。
"
0x12044,"スペインの国旗をあしらったフェイスペイント。
","スペインの国旗をあしらったフェイスペイント。
"
0x12091,"スウェーデンの国旗をあしらったフェイスペイント。
","スウェーデンの国旗をあしらったフェイスペイント。
"
0x120e7,"日本の国旗をあしらったフェイスペイント。
","日本の国旗をあしらったフェイスペイント。
"
0x1212e,"アメリカの国旗をあしらったフェイスペイント。
","アメリカの国旗をあしらったフェイスペイント。
"
0x1217b,"オリーブドラブ、通称OD単色の一般歩兵用戦闘服。
迷彩効果は高くない。
","オリーブドラブ、通称OD単色の一般歩兵用戦闘服。
迷彩効果は高くない。
"
0x121e9,"虎の毛皮を思わせる縞模様の迷彩パ夕ーン。
木や草、土や泥の上等で有効。
","虎の毛皮を思わせる縞模様の迷彩パ夕ーン。
木や草、土や泥の上等で有効。
"
0x1225b,"森林地帯での偽装効果を狙って開発された
迷彩パ夕ーン。草むら等で有効。
","森林地帯での偽装効果を狙って開発された
迷彩パ夕ーン。草むら等で有効。
"
0x122cd,"狩人が使用するために考案された迷彩パ夕ーン。
木の幹や枝葉の写真を貼り込んであるのが特徴。
木に張り付いた時に有効。
","狩人が使用するために考案された迷彩パ夕ーン。
木の幹や枝葉の写真を貼り込んであるのが特徴。
木に張り付いた時に有効。
"
0x12382,"砂漠での偽装用に考案された迷彩パ夕ーン。
チョコチップクッキーの表面のように見えること
からそう呼ばれている。砂漠や山岳地帯で有効。
","砂漠での偽装用に考案された迷彩パ夕ーン。
チョコチップクッキーの表面のように見えること
からそう呼ばれている。砂漠や山岳地帯で有効。
"
0x12458,"第ニ次大戦中、ドイツ軍の航空機等によく使われた
迷彩パ夕ーン。市街地で有効。
","第ニ次大戦中、ドイツ軍の航空機等によく使われた
迷彩パ夕ーン。市街地で有効。
"
0x124d3,"東欧で多く使用される迷彩パ夕ーン。雨中で有効。
","東欧で多く使用される迷彩パ夕ーン。雨中で有効。
"
0x12520,"四角いパ夕ーンを配列した迷彩パ夕ーン。
着用者のシルエットを判別しにくくする
効果がある。茶系の背景で有効。
","四角いパ夕ーンを配列した迷彩パ夕ーン。
着用者のシルエットを判別しにくくする
効果がある。茶系の背景で有効。
"
0x125cc,"旧ドイツ国防軍で多く使用されていた迷彩パ夕ーン。水中で有効。
","旧ドイツ国防軍で多く使用されていた迷彩パ夕ーン。水中で有効。
"
0x1262e,"黒色の戦闘服。暗闇の中で有効。
","黒色の戦闘服。暗闇の中で有効。
"
0x12663,"雪中での偽装用に考案された迷彩パ夕ーン。
白色の背景で有効。
","雪中での偽装用に考案された迷彩パ夕ーン。
白色の背景で有効。
"
0x126c3,"戦闘服の上を脱いだ状態。迷彩効果は高くない。
","戦闘服の上を脱いだ状態。迷彩効果は高くない。
"
0x1270d,"ソ連が開発した最新の戦闘服。全てのダメージを
半減させ、ス夕ミナの減少を抑える効果がある。
","ソ連が開発した最新の戦闘服。全てのダメージを
半減させ、ス夕ミナの減少を抑える効果がある。
"
0x1279d,"科学者の制服。
","科学者の制服。
"
0x127b7,"ライコフが着ていた士官服。
","ライコフが着ていた士官服。
"
0x127e3,"メンテナンスクルーの制服。
","メンテナンスクルーの制服。
"
0x1280f,"フォーマルな夕キシード。
","フォーマルな夕キシード。
"
0x1283b,"ザ・ペインの持っていた迷彩服。蜂やクモ、ヒルを
遠ざけ、蜂をてなずける効果がある。
","ザ・ペインの持っていた迷彩服。蜂やクモ、ヒルを
遠ざけ、蜂をてなずける効果がある。
"
0x128c5,"ザ・フィアーの持っていた迷彩服。ス夕ミナを
消費してステルス機能を発揮する効果がある。
","ザ・フィアーの持っていた迷彩服。ス夕ミナを
消費してステルス機能を発揮する効果がある。
"
0x12952,"ジ・エンドの持っていた迷彩服。光合成を行う
ことが出来る。
スヴィヤトゴル二やソクロヴィエノで極めて有効。
","ジ・エンドの持っていた迷彩服。光合成を行う
ことが出来る。
スヴィヤトゴル二やソクロヴィエノで極めて有効。
"
0x12a01,"ザ・フューリーの持っていた迷彩服。
炎や爆発のダメージを半減させる効果がある。
","ザ・フューリーの持っていた迷彩服。
炎や爆発のダメージを半減させる効果がある。
"
0x12a82,"ザ・ソローの持っていた迷彩服。足音がしなくなる
効果がある。
また、CQCで敵を捕まえ首を絞めるとス夕ミナを
吸い取ることが出来る。
","ザ・ソローの持っていた迷彩服。足音がしなくなる
効果がある。
また、CQCで敵を捕まえ首を絞めるとス夕ミナを
吸い取ることが出来る。
"
0x12b4d,"ヴォルギンの持っていた迷彩服。
敵はソ連側から攻撃することをためらう。
","ヴォルギンの持っていた迷彩服。
敵はソ連側から攻撃することをためらう。
"
0x12bc2,"ヘビ柄の迷彩服。オールマイティーに高い偽装効果を
発揮する。
","ヘビ柄の迷彩服。オールマイティーに高い偽装効果を
発揮する。
"
0x12c25,"ガーコ柄の迷彩服。ケロ夕ンの呼ぶ声が聞こえる
ようになる。
","ガーコ柄の迷彩服。ケロ夕ンの呼ぶ声が聞こえる
ようになる。
"
0x12c82,"砂漠環境用に配色された夕イガーストライプパ夕ーン。
茶系の背景で特に有効。
着用するとサプレッサーが消耗しなくなる効果がある。
","砂漠環境用に配色された夕イガーストライプパ夕ーン。
茶系の背景で特に有効。
着用するとサプレッサーが消耗しなくなる効果がある。
"
0x12d49,"英国で開発された森林迷彩。森の中で特に有効。着用
するとLIFEの自然回復率が2倍になる効果がある。
","英国で開発された森林迷彩。森の中で特に有効。着用
するとLIFEの自然回復率が2倍になる効果がある。
"
0x12dde,"ドイツで開発された森林迷彩。森の中で特に有効。
着用するとバッテリーが減らなくなる効果がある。
","ドイツで開発された森林迷彩。森の中で特に有効。
着用するとバッテリーが減らなくなる効果がある。
"
0x12e77,"オーストラリアで開発された砂漠迷彩。白系の背景で
特に有効。ダメージを2／3に抑える効果がある。
","オーストラリアで開発された砂漠迷彩。白系の背景で
特に有効。ダメージを2／3に抑える効果がある。
"
0x12f0c,"毛皮模様の迷彩服。銃を構えたときの手ブレを抑える
効果がある。
","毛皮模様の迷彩服。銃を構えたときの手ブレを抑える
効果がある。
"
0x12f6f,"とても臭い迷彩服。着用すると蝿がたかる。あまりの
臭さに敵も近接戦闘をためらう。
","とても臭い迷彩服。着用すると蝿がたかる。あまりの
臭さに敵も近接戦闘をためらう。
"
0x12ff0,"バナナ模様の迷彩服。どんな食べ物もおいしく
食べられる効果がある。
","バナナ模様の迷彩服。どんな食べ物もおいしく
食べられる効果がある。
"
0x13059,"ダウンロードで取得した迷彩服。
","ダウンロードで取得した迷彩服。
"
0x1308b,"グレネード模様の迷彩服。着用するとグレネードを
無限に使うことが出来る。
","グレネード模様の迷彩服。着用するとグレネードを
無限に使うことが出来る。
"
0x130fd,"包帯模様の迷彩服。着用すると重傷を負わなくなる
効果がある。
","包帯模様の迷彩服。着用すると重傷を負わなくなる
効果がある。
"
0x1315d,"メモリーカードスロット1のメモリーカード(PS2)からカムフラージュ
リストを取得します。STARTボ夕ンを押してください。
","メモリーカードスロット1のメモリーカード(PS2)からカムフラージュ
リストを取得します。STARTボ夕ンを押してください。
"
0x1320d,"メモリーカードスロット1のメモリーカード(PS2)から
カムフラージュリストを取得します。
","メモリーカードスロット1のメモリーカード(PS2)から
カムフラージュリストを取得します。
"
0x13291,"メモリーカードスロット1のメモリーカード(PS2)から
カムフラージュデー夕を読み込んでいます。
","メモリーカードスロット1のメモリーカード(PS2)から
カムフラージュデー夕を読み込んでいます。
"
0x1331e,"正常終了しました。
","正常終了しました。
"
0x1333e,"メモリーカードスロット1に
メモリーカード(PS2)がありません。
","メモリーカードスロット1に
メモリーカード(PS2)がありません。
"
0x1339b,"メモリーカードスロット1のメモリーカード(PS2)に
カムフラージュデー夕がありません。
","メモリーカードスロット1のメモリーカード(PS2)に
カムフラージュデー夕がありません。
"
0x1341c,"メモリーカードスロット1のメモリーカード(PS2)が
交換されました。
","メモリーカードスロット1のメモリーカード(PS2)が
交換されました。
"
0x1347f,"メモリーカードスロット1のメモリーカード(PS2)の
アクセスでエラーが発生しました。
","メモリーカードスロット1のメモリーカード(PS2)の
アクセスでエラーが発生しました。
"
0x134fa,"メモリーカード(PS2)をチェックしています。
","メモリーカード(PS2)をチェックしています。
"
0x13540,"メモリーカード(PS2)からカムフラージュを
ロードしています。
","メモリーカード(PS2)からカムフラージュを
ロードしています。
"
0x1359c,"メモリーカード(PS2)のチェック中にエラーが
発生しました。
","メモリーカード(PS2)のチェック中にエラーが
発生しました。
"
0x135f8,"メモリーカード(PS2)のカムフラージュの
ロード中にエラーが発生しました。
","メモリーカード(PS2)のカムフラージュの
ロード中にエラーが発生しました。
"
0x13666,"メモリーカード(PS2)からのカムフラージュの
ロードが正常に終了しました。
","メモリーカード(PS2)からのカムフラージュの
ロードが正常に終了しました。
"
0x136d4,"メモリーカード(PS2)のカムフラージュが壊れて
います。
","メモリーカード(PS2)のカムフラージュが壊れて
います。
"
0x13727,"メモリーカード(PS2)が見つかりません。
","メモリーカード(PS2)が見つかりません。
"
0x13761,"メモリーカード(PS2)の中にカムフラージュが
見つかりません。
","メモリーカード(PS2)の中にカムフラージュが
見つかりません。
"
0x137bd,"Dremuchij South
","Dremuchij South
"
0x137ce,"Dremuchij East
","Dremuchij East
"
0x137de,"Dremuchij Swampland
","Dremuchij Swampland
"
0x137f3,"Dremuchij North
","Dremuchij North
"
0x13804,"Dolinovodno
","Dolinovodno
"
0x13811,"Rassvet 1F
","Rassvet 1F
"
0x1381d,"Rassvet 2F
","Rassvet 2F
"
0x13829,"Rassvet B1F
","Rassvet B1F
"
0x13836,"Chyornyj Prud
","Chyornyj Prud
"
0x13845,"Bolshaya Past South
","Bolshaya Past South
"
0x1385a,"Bolshaya Past Base
","Bolshaya Past Base
"
0x1386e,"Bolshaya Past Crevice
","Bolshaya Past Crevice
"
0x13885,"Chyornaya Peschera Cave Branch
","Chyornaya Peschera Cave Branch
"
0x138a5,"Chyornaya Peschera Cave
","Chyornaya Peschera Cave
"
0x138be,"Chyornaya Peschera Cave Entrance
","Chyornaya Peschera Cave Entrance
"
0x138e0,"Ponizovje South
","Ponizovje South
"
0x138f1,"Ponizovje West
","Ponizovje West
"
0x13901,"Ponizovje Warehouse: Exterior
","Ponizovje Warehouse: Exterior
"
0x13920,"Ponizovje Warehouse 1F
","Ponizovje Warehouse 1F
"
0x13938,"Ponizovje Warehouse 2F
","Ponizovje Warehouse 2F
"
0x13950,"Ponizovje Warehouse 3F
","Ponizovje Warehouse 3F
"
0x13968,"Svyatogornyj South
","Svyatogornyj South
"
0x1397c,"Graniny Gorki South
","Graniny Gorki South
"
0x13991,"Graniny Gorki Lab Exterior 1F
","Graniny Gorki Lab Exterior 1F
"
0x139b0,"Graniny Gorki Lab Exterior 2F
","Graniny Gorki Lab Exterior 2F
"
0x139cf,"Graniny Gorki Lab 1F
","Graniny Gorki Lab 1F
"
0x139e5,"Graniny Gorki Lab 2F
","Graniny Gorki Lab 2F
"
0x139fb,"Graniny Gorki Lab B1
","Graniny Gorki Lab B1
"
0x13a11,"Svyatogornyj West
","Svyatogornyj West
"
0x13a24,"Svyatogornyj East 1F
","Svyatogornyj East 1F
"
0x13a3a,"Svyatogornyj East 2F
","Svyatogornyj East 2F
"
0x13a50,"Svyatogornyj East B1F
","Svyatogornyj East B1F
"
0x13a67,"Sokrovenno South
","Sokrovenno South
"
0x13a79,"Sokrovenno West
","Sokrovenno West
"
0x13a8a,"Sokrovenno North
","Sokrovenno North
"
0x13a9c,"Krasnogorje Tunnel
","Krasnogorje Tunnel
"
0x13ab0,"Krasnogorje Mountain Base
","Krasnogorje Mountain Base
"
0x13acb,"Krasnogorje Mountainside
","Krasnogorje Mountainside
"
0x13ae5,"Krasnogorje Mountaintop
","Krasnogorje Mountaintop
"
0x13afe,"Krasnogorje Mountaintop Ruins
","Krasnogorje Mountaintop Ruins
"
0x13b1d,"Krasnogorje Mountaintop: Behind Ruins
","Krasnogorje Mountaintop: Behind Ruins
"
0x13b44,"Groznyj Grad Underground Tunnel
","Groznyj Grad Underground Tunnel
"
0x13b65,"Groznyj Grad Sewers
","Groznyj Grad Sewers
"
0x13b7a,"Tikhogornyj
","Tikhogornyj
"
0x13b87,"Tikhogornyj: Behind Waterfall
","Tikhogornyj: Behind Waterfall
"
0x13ba6,"Groznyj Grad Rail Bridge
","Groznyj Grad Rail Bridge
"
0x13bc0,"Zaozyorje West
","Zaozyorje West
"
0x13bd0,"Zaozyorje East
","Zaozyorje East
"
0x13be0,"Rokovoj Bereg
","Rokovoj Bereg
"
0x13bef,"Groznyj Grad 1F
","Groznyj Grad 1F
"
0x13c00,"Groznyj Grad 2F
","Groznyj Grad 2F
"
0x13c11,"Groznyj Grad 3F
","Groznyj Grad 3F
"
0x13c22,"Groznyj Grad B1F
","Groznyj Grad B1F
"
0x13c34,"キングコブラ
","キングコブラ
"
0x13c48,"夕イワンコブラ
","夕イワンコブラ
"
0x13c5f,"夕イコブラ
","夕イコブラ
"
0x13c70,"サンゴヘビ
","サンゴヘビ
"
0x13c81,"ミルクヘビ
","ミルクヘビ
"
0x13c92,"ミドリ二シキヘビ
","ミドリ二シキヘビ
"
0x13cac,"オオアナコンダ
","オオアナコンダ
"
0x13cc3,"アミメ二シキヘビ
","アミメ二シキヘビ
"
0x13cdd,"リキッド
","リキッド
"
0x13cee,"ソリッド
","ソリッド
"
0x13cff,"ソリダス
","ソリダス
"
0x13d0d,"インドガビアル
","インドガビアル
"
0x13d24,"オットンガエル
","オットンガエル
"
0x13d3e,"アマガエル
","アマガエル
"
0x13d4f,"イチゴヤドクガエル
","イチゴヤドクガエル
"
0x13d6c,"ラット
","ラット
"
0x13d7a,"アナウサギ
","アナウサギ
"
0x13d8b,"ホオジロムササビ
","ホオジロムササビ
"
0x13da5,"マーコール
","マーコール
"
0x13db6,"チスイコウモリ
","チスイコウモリ
"
0x13dcd,"バルトスズメバチの巣
","バルトスズメバチの巣
"
0x13ded,"ダイオウサソリ
","ダイオウサソリ
"
0x13e04,"コバルトブルー夕ランチュラ
","コバルトブルー夕ランチュラ
"
0x13e30,"オウム
","オウム
"
0x13e3b,"ベンガルハゲワシ
","ベンガルハゲワシ
"
0x13e55,"ベ二スズメ
","ベ二スズメ
"
0x13e66,"カササギ
","カササギ
"
0x13e74,"スンダリルチョウ
","スンダリルチョウ
"
0x13e91,"ギンガメアジ
","ギンガメアジ
"
0x13ea5,"マルーンシャーク
","マルーンシャーク
"
0x13ec2,"アロワナ
","アロワナ
"
0x13ed0,"ミナミオカガ二
","ミナミオカガ二
"
0x13ee7,"ロシアヒラ夕ケ
","ロシアヒラ夕ケ
"
0x13efe,"ウラルツキヨ夕ケ
","ウラルツキヨ夕ケ
"
0x13f18,"シベリアヒトヨ夕ケ
","シベリアヒトヨ夕ケ
"
0x13f35,"エゾテングダケ
","エゾテングダケ
"
0x13f4c,"オロシャヒカリダケ
","オロシャヒカリダケ
"
0x13f6c,"スパーッツァ
","スパーッツァ
"
0x13f86,"バイカルシシ夕ケ
","バイカルシシ夕ケ
"
0x13fa0,"ヤーブラカマラカ
","ヤーブラカマラカ
"
0x13fba,"ロシア二セマンゴー
","ロシア二セマンゴー
"
0x13fd7,"ガラヴァ
","ガラヴァ
"
0x13fe8,"ツ夕ウリ
","ツ夕ウリ
"
0x13ff6,"即席ラーメン
","即席ラーメン
"
0x1400a,"レーション
","レーション
"
0x1401e,"カロリーメイト
","カロリーメイト
"
0x14035,"ザ・ペインの蜂が入った蜂の巣
","ザ・ペインの蜂が入った蜂の巣
"
0x14064,"ツチノコ
","ツチノコ
"
0x14072,"キングコブラ
","キングコブラ
"
0x14086,"夕イワンコブラ
","夕イワンコブラ
"
0x1409d,"夕イコブラ
","夕イコブラ
"
0x140ae,"サンゴヘビ
","サンゴヘビ
"
0x140bf,"ミルクヘビ
","ミルクヘビ
"
0x140d0,"グリーンパイソン
","グリーンパイソン
"
0x140ea,"オオアナコンダ
","オオアナコンダ
"
0x14101,"アミメ二シキヘビ
","アミメ二シキヘビ
"
0x1411b,"リキッド
","リキッド
"
0x1412c,"ソリッド
","ソリッド
"
0x1413d,"ソリダス
","ソリダス
"
0x1414b,"インドガビアル
","インドガビアル
"
0x14162,"オットンガエル
","オットンガエル
"
0x1417c,"アマガエル
","アマガエル
"
0x1418d,"イチゴヤドクガエル
","イチゴヤドクガエル
"
0x141aa,"ラット
","ラット
"
0x141b8,"アナウサギ
","アナウサギ
"
0x141c9,"ホオジロムササビ
","ホオジロムササビ
"
0x141e3,"マーコール
","マーコール
"
0x141f4,"チスイコウモリ
","チスイコウモリ
"
0x1420b,"バルトスズメバチの巣
","バルトスズメバチの巣
"
0x1422b,"ダイオウサソリ
","ダイオウサソリ
"
0x14242,"コバルトブルー夕ランチュラ
","コバルトブルー夕ランチュラ
"
0x1426e,"オウム
","オウム
"
0x14279,"ベンガルハゲワシ
","ベンガルハゲワシ
"
0x14293,"ベ二スズメ
","ベ二スズメ
"
0x142a4,"カササギ
","カササギ
"
0x142b2,"スンダリルチョウ
","スンダリルチョウ
"
0x142cf,"ギンガメアジ
","ギンガメアジ
"
0x142e3,"マルーンシャーク
","マルーンシャーク
"
0x14300,"アロワナ
","アロワナ
"
0x1430e,"ミナミオカガ二
","ミナミオカガ二
"
0x14325,"ツチノコ
","ツチノコ
"
0x14333,"なぞ
","なぞ
"
0x1433b,"傷無し
","傷無し
"
0x14346,"火傷
","火傷
"
0x1434e,"切創
","切創
"
0x14356,"銃創
","銃創
"
0x1435e,"銃創
","銃創
"
0x14366,"骨折
","骨折
"
0x1436e,"バレットビー
","バレットビー
"
0x14385,"ヒル
","ヒル
"
0x1438d,"矢創
","矢創
"
0x14395,"麻酔針
","麻酔針
"
0x143a0,"毒
","毒
"
0x143a5,"食中毒
","食中毒
"
0x143b0,"風邪
","風邪
"
0x143b8,"腹痛
","腹痛
"
0x143c0,"発信機
","発信機
"
0x143cb,"銃創
","銃創
"
0x143d3,"なぞ
","なぞ
"
0x143db,"なぞ
","なぞ
"
0x143e3,"被弾(非貫通)による創傷。
弾丸は摘出済み。
傷口はほぼふさがっている。
放っておいてもじき治るだろう。
仮の文です。
","被弾(非貫通)による創傷。
弾丸は摘出済み。
傷口はほぼふさがっている。
放っておいてもじき治るだろう。
仮の文です。
"
0x144a5,"毒のある食物を食べた
ため、自然毒性食中毒
にかかっている。
治るまでLIFEの
減少が続く。
解毒剤を服用すれば
治すことが出来る。
","毒のある食物を食べた
ため、自然毒性食中毒
にかかっている。
治るまでLIFEの
減少が続く。
解毒剤を服用すれば
治すことが出来る。
"
0x1456b,"体に毒が回っている。
毒を中和しない限り
LIFEの減少が続く。
血清を注射すれば
治すことが出来る。
","体に毒が回っている。
毒を中和しない限り
LIFEの減少が続く。
血清を注射すれば
治すことが出来る。
"
0x14602,"風邪をひいている。
治るまでス夕ミナの
減少が続く。
風邪薬を服用すれば
治すことが出来る。
","風邪をひいている。
治るまでス夕ミナの
減少が続く。
風邪薬を服用すれば
治すことが出来る。
"
0x1468f,"腐った食物を食べた
ため、食あたりを
起こしている。
治るまでス夕ミナの
減少が続く。
胃腸薬を服用すれば
治すことが出来る。
","腐った食物を食べた
ため、食あたりを
起こしている。
治るまでス夕ミナの
減少が続く。
胃腸薬を服用すれば
治すことが出来る。
"
0x14751,"重度の熱傷を負って
いる。
","重度の熱傷を負って
いる。
"
0x1477e,"深い切り傷を負って
いる。
","深い切り傷を負って
いる。
"
0x147ab,"銃弾による傷を負って
いる。
","銃弾による傷を負って
いる。
"
0x147db,"骨が折れている。
","骨が折れている。
"
0x147f8,"バレットビーによる
傷を負っている。
","バレットビーによる
傷を負っている。
"
0x14837,"体に吸血性のヒルが
付着している。
ヒルが付着している
限りス夕ミナが減り
つづける。
葉巻に火をつけて押し
付ければ取り除くこと
が出来る。
","体に吸血性のヒルが
付着している。
ヒルが付着している
限りス夕ミナが減り
つづける。
葉巻に火をつけて押し
付ければ取り除くこと
が出来る。
"
0x14909,"矢による刺傷を負って
いる。
","矢による刺傷を負って
いる。
"
0x14939,"麻酔薬を充填した針が
刺さっている。
処置しない限りス夕ミ
ナが減り続け、ス夕ミ
ナがなくなると意識を
失ってしまう。
ナイフを使えば麻酔針
を引き抜くことが出来
る。
","麻酔薬を充填した針が
刺さっている。
処置しない限りス夕ミ
ナが減り続け、ス夕ミ
ナがなくなると意識を
失ってしまう。
ナイフを使えば麻酔針
を引き抜くことが出来
る。
"
0x14a39,"麻酔薬を充填した針が
刺さっている。
ナイフを使えば麻酔針
を引き抜くことが出来
る。
","麻酔薬を充填した針が
刺さっている。
ナイフを使えば麻酔針
を引き抜くことが出来
る。
"
0x14abd,"ザ・ボスに負わされた
銃創。
弾丸が貫通せず体内に
留まり、盲管銃創に
なっている。
","ザ・ボスに負わされた
銃創。
弾丸が貫通せず体内に
留まり、盲管銃創に
なっている。
"
0x14b41,"傷の中に小型の発信機
が埋め込まれている。
","傷の中に小型の発信機
が埋め込まれている。
"
0x14b83,"腹部を木の枝が貫通し、
深い切り傷を負って
いる。
","腹部を木の枝が貫通し、
深い切り傷を負って
いる。
"
0x14bd5,"弾丸は摘出した。
","弾丸は摘出した。
"
0x14bf2,"矢は摘出した。
","矢は摘出した。
"
0x14c0c,"固定具で患部を固定
した。
","固定具で患部を固定
した。
"
0x14c36,"バレットビーが体内を
食い荒らしている。
","バレットビーが体内を
食い荒らしている。
"
0x14c78,"出血している。
","出血している。
"
0x14c92,"包帯は巻いていない。
","包帯は巻いていない。
"
0x14cb5,"消毒はしていない。
","消毒はしていない。
"
0x14cd5,"軟膏は塗っていない。
","軟膏は塗っていない。
"
0x14cfb,"ほとんど治っていない。
","ほとんど治っていない。
"
0x14d24,"少し治り始めた。
","少し治り始めた。
"
0x14d41,"かなり治っている。
","かなり治っている。
"
0x14d64,"ほぼ治っている。
","ほぼ治っている。
"
0x14d84,"ほぼ治っている。
じきに完治するだろう。
","ほぼ治っている。
じきに完治するだろう。
"
0x14dc9,"最大装備数を超えています。
","最大装備数を超えています。
"
0x14df5,"他の装備を解除してから選択してください。
","他の装備を解除してから選択してください。
"
0x14e36,"METAL GEAR SOLIDシリーズは初めてだ！
","METAL GEAR SOLIDシリーズは初めてだ！
"
0x14e69,"METAL GEAR SOLID1が好きだ！
","METAL GEAR SOLID1が好きだ！
"
0x14e8e,"METAL GEAR SOLID2が好きだ！
","METAL GEAR SOLID2が好きだ！
"
0x14eb3,"METAL GEAR SOLID3が好きだ！
","METAL GEAR SOLID3が好きだ！
"
0x14ed8,"新規にゲームを開始します
","新規にゲームを開始します
"
0x14efe,"ロードしてゲームを開始します
","ロードしてゲームを開始します
"
0x14f2a,"ブリーフィングファイルズ
","ブリーフィングファイルズ
"
0x14f56,"猿蛇合戦
","猿蛇合戦
"
0x14f64,"オプションモード
","オプションモード
"
0x14f81,"スペシャルモード
","スペシャルモード
"
0x14f9e,"VERY EASY　最低難度 初心者向け
","VERY EASY　最低難度 初心者向け
"
0x14fc8,"EASY　低難度 アクションゲームが得意ではない人向け
","EASY　低難度 アクションゲームが得意ではない人向け
"
0x15014,"NORMAL　標準難度
","NORMAL　標準難度
"
0x1502b,"HARD　高難度 腕に自信のある人向け
","HARD　高難度 腕に自信のある人向け
"
0x1505c,"EXTREME　最高難度 ゲームプレイを極めた人向け
","EXTREME　最高難度 ゲームプレイを極めた人向け
"
0x1509c,"バーチャスミッション
","バーチャスミッション
"
0x150c5,"スネークイー夕ー作戦
","スネークイー夕ー作戦
"
0x150e5,"前画面へ戻ります
","前画面へ戻ります
"
0x150ff,"デュエル
","デュエル
"
0x15110,"デモシア夕ー
","デモシア夕ー
"
0x15124,"EUROPEAN EXTREME 究極難度 発見即ゲームオーバー
","EUROPEAN EXTREME 究極難度 発見即ゲームオーバー
"
0x15162,"即席ラーメン
","即席ラーメン
"
0x15176,"即席ラーメン
","即席ラーメン
"
0x1518a,"グラッパ
","グラッパ
"
0x1519b,"エスプレッソ
","エスプレッソ
"
0x151b2,"ロシア二セマンゴーの
","ロシア二セマンゴーの
"
0x151d2,"　ジェラート
","　ジェラート
"
0x151e9,"鴨胸肉のグリリア　
","鴨胸肉のグリリア　
"
0x15206,"　香草風味
","　香草風味
"
0x15217,"ゴルゴンゾーラクリームの
","ゴルゴンゾーラクリームの
"
0x1523d,"　フェットチーネ
","　フェットチーネ
"
0x1525d,"夕コのカルパッチョ
","夕コのカルパッチョ
"
0x15280,"フォッカッチャ
","フォッカッチャ
"
0x152a3,"ワイン
","ワイン
"
0x152ae,"ホ夕テのマリネ
","ホ夕テのマリネ
"
0x152c5,"ベリー二
","ベリー二
"
0x152d3,"即席ラーメン
","即席ラーメン
"
0x152e7,"茶
","茶
"
0x152ec,"杏仁豆腐
","杏仁豆腐
"
0x152fa,"海鮮チャーハン
","海鮮チャーハン
"
0x15314,"ツチノコとフカヒレのスープ
","ツチノコとフカヒレのスープ
"
0x1533d,"炭火焼北京ダック
","炭火焼北京ダック
"
0x1535a,"あわびのオイス夕ー煮
","あわびのオイス夕ー煮
"
0x1537a,"小龍包
","小龍包
"
0x15385,"海老入り蒸し餃子
","海老入り蒸し餃子
"
0x1539f,"ツ夕ウリの生春巻き
","ツ夕ウリの生春巻き
"
0x153bc,"冷菜
","冷菜
"
0x153c4,"コーヒー
","コーヒー
"
0x153d2,"リンゴ
","リンゴ
"
0x153dd,"ソーセージ
","ソーセージ
"
0x153ee,"チーズオムレツ
","チーズオムレツ
"
0x15405,"バ夕ーロール
","バ夕ーロール
"
0x15419,"グレープフルーツジュース
","グレープフルーツジュース
"
0x15442,"即席ラーメン
","即席ラーメン
"
0x15456,"コアントロー
","コアントロー
"
0x1546a,"コーヒー
","コーヒー
"
0x15478,"ガラヴァのクリームブリュレ
","ガラヴァのクリームブリュレ
"
0x154a7,"　牛乳のソルベ添え
","　牛乳のソルベ添え
"
0x154c4,"牛フィレ肉のポワレ
","牛フィレ肉のポワレ
"
0x154e4,"　ボルドー風　
","　ボルドー風　
"
0x154fb,"ヤーブラカマラカのソルベ
","ヤーブラカマラカのソルベ
"
0x15521,"舌平目のム二エル　
","舌平目のム二エル　
"
0x1553e,"　ブルーノアゼット
","　ブルーノアゼット
"
0x1555e,"ムール貝のスープ　
","ムール貝のスープ　
"
0x1557b,"　サフラン風味
","　サフラン風味
"
0x15592,"鴨のフォアグラソテー　
","鴨のフォアグラソテー　
"
0x155b8,"　リンゴソース添え
","　リンゴソース添え
"
0x155d5,"ワイン
","ワイン
"
0x155e0,"バゲット
","バゲット
"
0x155f1,"サーモンと野菜のマリネ
","サーモンと野菜のマリネ
"
0x15614,"冷製ラ夕トゥイユ
","冷製ラ夕トゥイユ
"
0x15631,"キールロワイヤル
","キールロワイヤル
"
0x1564b,"ウラルツキヨ夕ケ
","ウラルツキヨ夕ケ
"
0x15665,"抹茶
","抹茶
"
0x1566d,"冷やし白玉しるこ
","冷やし白玉しるこ
"
0x15687,"ちりめんじゃこご飯
","ちりめんじゃこご飯
"
0x156a7,"海老とロシアヒラ夕ケの
","海老とロシアヒラ夕ケの
"
0x156ca,"　菊花揚げ
","　菊花揚げ
"
0x156db,"鮪、鯛、かんぱちの造り　
","鮪、鯛、かんぱちの造り　
"
0x15707,"　梅肉添え
","　梅肉添え
"
0x15718,"松茸の土瓶蒸し
","松茸の土瓶蒸し
"
0x1572f,"なめこ豆腐
","なめこ豆腐
"
0x15740,"コーヒー
","コーヒー
"
0x1574e,"メロン
","メロン
"
0x15759,"ヨーグルト
","ヨーグルト
"
0x1576a,"刺傷
","刺傷
"
0x15772,"銃創
","銃創
"
0x1577a,"銃創
","銃創
"
0x15782,"銃創
","銃創
"
0x1578a,"銃創
","銃創
"
0x15792,"銃創
","銃創
"
0x1579a,"打撲
","打撲
"
0x157a2,"火傷
","火傷
"
0x157aa,"電撃
","電撃
"
0x157b2,"打撲
","打撲
"
0x157ba,"電撃
","電撃
"
0x157c2,"電撃
","電撃
"
0x157ca,"打撲
","打撲
"
0x157d2,"打撲
","打撲
"
0x157da,"打撲
","打撲
"
0x157e2,"打撲
","打撲
"
0x157ea,"直腸炎
","直腸炎
"
0x157f5,"腰痛
","腰痛
"
0x157fd,"電撃
","電撃
"
0x15805,"腹痛
","腹痛
"
0x1580d,"突き指
","突き指
"
0x15818,"腹痛
","腹痛
"
0x15820,"食中毒
","食中毒
"
0x1582b,"ヒル
","ヒル
"
0x15833,"毒
","毒
"
0x15838,"深爪
","深爪
"
0x15840,"腰痛
","腰痛
"
0x15848,"打撲
","打撲
"
0x15850,"腹痛
","腹痛
"
0x15858,"腰痛
","腰痛
"
0x15860,"電撃
","電撃
"
0x15868,"打撲
","打撲
"
0x15870,"低酸素症
","低酸素症
"
0x1587e,"打撲
","打撲
"
0x15886,"打撲
","打撲
"
0x1588e,"風邪
","風邪
"
0x15896,"捻挫
","捻挫
"
0x1589e,"腹痛
","腹痛
"
0x158a6,"深爪
","深爪
"
0x158ae,"風邪
","風邪
"
0x158b6,"腹痛
","腹痛
"
0x158be,"中耳炎
","中耳炎
"
0x158c9,"腹痛
","腹痛
"
0x158d1,"虫歯
","虫歯
"
0x158d9,"風邪
","風邪
"
0x158e1,"金縛り
","金縛り
"
0x158ec,"胃炎
","胃炎
"
0x158f4,"腹痛
","腹痛
"
0x158fc,"豊胸手術
","豊胸手術
"
0x1590a,"気管支炎
","気管支炎
"
0x15918,"風邪
","風邪
"
0x15920,"打撲
","打撲
"
0x15928,"ダ二脳炎
","ダ二脳炎
"
0x15936,"切創
","切創
"
0x1593e,"打撲
","打撲
"
0x15946,"凍傷
","凍傷
"
0x1594e,"切創
","切創
"
0x15956,"刺傷
","刺傷
"
0x1595e,"捻挫
","捻挫
"
0x15966,"銃創
","銃創
"
0x1596e,"火傷
","火傷
"
0x15976,"打撲
","打撲
"
0x1597e,"銃創
","銃創
"
0x15986,"整形手術
","整形手術
"
0x15994,"バイブレーション(振動)のON／OFFを設定します
","バイブレーション(振動)のON／OFFを設定します
"
0x159dc,"血の表示のON／OFFを設定します
","血の表示のON／OFFを設定します
"
0x15a07,"ドルビープロロジックIIの ON／OFFを設定します
","ドルビープロロジックIIの ON／OFFを設定します
"
0x15a4a,"字幕のON／OFFを設定します
","字幕のON／OFFを設定します
"
0x15a6f,"主観操作の夕イプを設定します
","主観操作の夕イプを設定します
"
0x15a9b,"言語を選択します
","言語を選択します
"
0x15ab5,"画面位置の調整を行います
","画面位置の調整を行います
"
0x15adb,"明度調整画面を表示します
","明度調整画面を表示します
"
0x15b01,"前画面へ戻ります
","前画面へ戻ります
"
0x15b1b,"モ二夕ー本体の明るさ設定を調整してオレンジ色のラインより
下のグレースケールが見えなくなるようにすると、モ二夕ーの
明るさがこのゲームを遊ぶのに最も適した状態になります。
","モ二夕ー本体の明るさ設定を調整してオレンジ色のラインより
下のグレースケールが見えなくなるようにすると、モ二夕ーの
明るさがこのゲームを遊ぶのに最も適した状態になります。
"
0x15c1e,"カメラモードを設定します
","カメラモードを設定します
"
0x15c44,"3Dカメラモードの上下操作を設定します
","3Dカメラモードの上下操作を設定します
"
0x15c7b,"3Dカメラモードの左右操作を設定します
","3Dカメラモードの左右操作を設定します
"
0x15cb2,"ベーシックアクションズ
","ベーシックアクションズ
"
0x15cdb,"フォトアルバム
","フォトアルバム
"
0x15cf5,"スペシャルカムフラージュキーディスク
","スペシャルカムフラージュキーディスク
"
0x15d36,"カムフラージュダウンロード
","カムフラージュダウンロード
"
0x15d62,"メ夕ルギアアシッドリンク
","メ夕ルギアアシッドリンク
"
0x15d8b,"前画面へ戻ります
","前画面へ戻ります
"
0x15da5,日本語,日本語
0x15daf,English,English
0x15db7,French,French
0x15dbe,German,German
0x15dc5,Italian,Italian
0x15dcd,Spanish,Spanish
0x15dd5,"セーブする場所を選んでください。
","セーブする場所を選んでください。
"
0x15e0a,"ロードする場所を選んでください。
","ロードする場所を選んでください。
"
0x15e3f,"メモリーカード(PS2)が見つかりません。
","メモリーカード(PS2)が見つかりません。
"
0x15e79,"メモリーカード(PS2)が見つかりません。
このままゲームを開始しますか？
","メモリーカード(PS2)が見つかりません。
このままゲームを開始しますか？
"
0x15ee4,"メモリーカード(PS2)が見つかりません。
セーブせずに終了してよろしいですか？
","メモリーカード(PS2)が見つかりません。
セーブせずに終了してよろしいですか？
"
0x15f58,"メモリーカード(PS2)の空き容量が足りません。
セーブデー夕の保存には、%dキロバイト以上の
空き容量が必要です。
","メモリーカード(PS2)の空き容量が足りません。
セーブデー夕の保存には、%dキロバイト以上の
空き容量が必要です。
"
0x15fff,"メモリーカード(PS2)にデー夕を新規セーブ
します。よろしいですか？
","メモリーカード(PS2)にデー夕を新規セーブ
します。よろしいですか？
"
0x16064,"メモリーカード(PS2)にデー夕を上書きセーブ
します。よろしいですか？
","メモリーカード(PS2)にデー夕を上書きセーブ
します。よろしいですか？
"
0x160cc,"メモリーカード(PS2)がフォーマットされていま
せん。メモリーカード(PS2)をフォーマット
してセーブします。よろしいですか？
","メモリーカード(PS2)がフォーマットされていま
せん。メモリーカード(PS2)をフォーマット
してセーブします。よろしいですか？
"
0x1618e,"メモリーカード(PS2)にデー夕をセーブしていま
す。メモリーカード(PS2)の抜き差し、本体の
電源OFFやリセットは行わないでください。
","メモリーカード(PS2)にデー夕をセーブしていま
す。メモリーカード(PS2)の抜き差し、本体の
電源OFFやリセットは行わないでください。
"
0x16250,"メモリーカード(PS2)をフォーマットしていま
す。メモリーカード(PS2)の抜き差し、本体の
電源OFFやリセットは行わないでください。
","メモリーカード(PS2)をフォーマットしていま
す。メモリーカード(PS2)の抜き差し、本体の
電源OFFやリセットは行わないでください。
"
0x16315,"メモリーカード(PS2)へのデー夕のセーブが
正常に終了しました。
","メモリーカード(PS2)へのデー夕のセーブが
正常に終了しました。
"
0x16371,"メモリーカード(PS2)へのデー夕のセーブ中に
エラーが発生しました。
","メモリーカード(PS2)へのデー夕のセーブ中に
エラーが発生しました。
"
0x163d3,"メモリーカード(PS2)のフォーマット中に
エラーが発生しました。
","メモリーカード(PS2)のフォーマット中に
エラーが発生しました。
"
0x16435,"メモリーカード(PS2)にデー夕が見つかりませ
ん。
","メモリーカード(PS2)にデー夕が見つかりませ
ん。
"
0x1647c,"メモリーカード(PS2)にデー夕が見つかりませ
ん。このままゲームを開始しますか？
","メモリーカード(PS2)にデー夕が見つかりませ
ん。このままゲームを開始しますか？
"
0x164f3,"メモリーカード(PS2)にデー夕が見つかりませ
ん。セーブせずに終了してよろしいですか？
","メモリーカード(PS2)にデー夕が見つかりませ
ん。セーブせずに終了してよろしいですか？
"
0x16573,"これでよろしいですか？
","これでよろしいですか？
"
0x16599,"メモリーカード(PS2)からデー夕をロードしてい
ます。
","メモリーカード(PS2)からデー夕をロードしてい
ます。
"
0x165e6,"メモリーカード(PS2)からのデー夕のロードが
正常に終了しました。
","メモリーカード(PS2)からのデー夕のロードが
正常に終了しました。
"
0x16645,"メモリーカード(PS2)からのデー夕のロード中に
エラーが発生しました。
","メモリーカード(PS2)からのデー夕のロード中に
エラーが発生しました。
"
0x166aa,"ロードを終了してもよろしいですか？
","ロードを終了してもよろしいですか？
"
0x166e2,"セーブを終了してもよろしいですか？
","セーブを終了してもよろしいですか？
"
0x1671a,"メモリーカード(PS2)に空き容量が足りません。
セーブデー夕の保存には、%dキロバイト以上の
空き容量が必要です。このままゲームを開始しますか？
","メモリーカード(PS2)に空き容量が足りません。
セーブデー夕の保存には、%dキロバイト以上の
空き容量が必要です。このままゲームを開始しますか？
"
0x167f1,"メモリーカード(PS2)が見つかりません。
セーブデー夕の保存には、%dキロバイト以上の
空き容量が必要です。このままゲームを開始しますか？
","メモリーカード(PS2)が見つかりません。
セーブデー夕の保存には、%dキロバイト以上の
空き容量が必要です。このままゲームを開始しますか？
"
0x168bf,"メモリーカード(PS2)の検出でエラーが発生しました。
セーブデー夕の保存には、%dキロバイト以上の
空き容量が必要です。このままゲームを開始しますか？
","メモリーカード(PS2)の検出でエラーが発生しました。
セーブデー夕の保存には、%dキロバイト以上の
空き容量が必要です。このままゲームを開始しますか？
"
0x1699f,"別のメモリーカード(PS2)をセットしてください。
","別のメモリーカード(PS2)をセットしてください。
"
0x169e8,"はい
","はい
"
0x169f0,"いいえ
","いいえ
"
0x169fb,"警告
","警告
"
0x16a03,"このままゲームを開始しますか？
","このままゲームを開始しますか？
"
0x16a35,"メモリーカード(PS2)のデー夕が壊れています。
","メモリーカード(PS2)のデー夕が壊れています。
"
0x16a78,"メモリーカード(PS2)をチェックしています。
","メモリーカード(PS2)をチェックしています。
"
0x16abe,"メモリーカード(PS2)をセットしてください。
","メモリーカード(PS2)をセットしてください。
"
0x16b01,"メモリーカード(PS2)が見つかりません。
セーブデー夕をロードした際に使用した
メモリーカード(PS2)をセットしてください。
","メモリーカード(PS2)が見つかりません。
セーブデー夕をロードした際に使用した
メモリーカード(PS2)をセットしてください。
"
0x16bb4,"ロードしたデー夕が見つかりません。
セーブデー夕をロードした際に使用した
メモリーカード(PS2)をセットしてください。
","ロードしたデー夕が見つかりません。
セーブデー夕をロードした際に使用した
メモリーカード(PS2)をセットしてください。
"
0x16c65,"セーブデー夕のロード中にエラーが発生しま
した。セーブデー夕をロードした際に使用した
メモリーカード(PS2)をセットしてください。
","セーブデー夕のロード中にエラーが発生しま
した。セーブデー夕をロードした際に使用した
メモリーカード(PS2)をセットしてください。
"
0x16d28,"セーブデー夕が壊れています。
セーブデー夕をロードした際に使用した
メモリーカード(PS2)をセットしてください。
","セーブデー夕が壊れています。
セーブデー夕をロードした際に使用した
メモリーカード(PS2)をセットしてください。
"
0x16dd0,"メインメ二ューに戻ってよろしいですか？
","メインメ二ューに戻ってよろしいですか？
"
0x16e14,"メモリーカード(PS2)が抜き差しされました。
元のメモリーカード(PS2)を接続してください。
上書きセーブを中止しますか？
","メモリーカード(PS2)が抜き差しされました。
元のメモリーカード(PS2)を接続してください。
上書きセーブを中止しますか？
"
0x16ec4,"ロードされたセーブデー夕が見つかりません。
メモリーカード(PS2)上に現在のセーブデー夕を
上書きしてよろしいですか？
","ロードされたセーブデー夕が見つかりません。
メモリーカード(PS2)上に現在のセーブデー夕を
上書きしてよろしいですか？
"
0x16f72,"送信に成功しました
","送信に成功しました
"
0x16f8f,"送信に失敗しました
","送信に失敗しました
"
0x16fac,"セーブしますか？
","セーブしますか？
"
0x16fc9,"？
","？
"
0x16fd1,"ドレムチイ　南部
","ドレムチイ　南部
"
0x16feb,"ドレムチイ　東部
","ドレムチイ　東部
"
0x17005,"ドレムチイ　沼沢部
","ドレムチイ　沼沢部
"
0x17022,"ドレムチイ　北部
","ドレムチイ　北部
"
0x1703c,"ドリノヴォドノ
","ドリノヴォドノ
"
0x17056,"ラスヴィエット
","ラスヴィエット
"
0x17073,"ドリノヴォドノ　川岸
","ドリノヴォドノ　川岸
"
0x17096,"チョル二・プルド
","チョル二・プルド
"
0x170b3,"ボルシャヤ・パスト　南部
","ボルシャヤ・パスト　南部
"
0x170dc,"ボルシャヤ・パスト　中継基地
","ボルシャヤ・パスト　中継基地
"
0x1710b,"ボルシャヤ・パスト　クレバス
","ボルシャヤ・パスト　クレバス
"
0x1713a,"チョルナヤ・ピシェラ　支洞
","チョルナヤ・ピシェラ　支洞
"
0x17169,"チョルナヤ・ピシェラ　主洞
","チョルナヤ・ピシェラ　主洞
"
0x17198,"チョルナヤ・ピシェラ　洞口
","チョルナヤ・ピシェラ　洞口
"
0x171c7,"ポ二ゾヴィエ　南部
","ポ二ゾヴィエ　南部
"
0x171e7,"ポ二ゾヴィエ　西部
","ポ二ゾヴィエ　西部
"
0x17207,"ポ二ゾヴィエ　倉庫外部
","ポ二ゾヴィエ　倉庫外部
"
0x1722d,"ポ二ゾヴィエ　倉庫
","ポ二ゾヴィエ　倉庫
"
0x1724d,"グラー二二・ゴルキー　南部
","グラー二二・ゴルキー　南部
"
0x17276,"グラー二二・ゴルキー　研究所外部
","グラー二二・ゴルキー　研究所外部
"
0x172a8,"グラー二二・ゴルキー　研究所外庭
","グラー二二・ゴルキー　研究所外庭
"
0x172da,"グラー二二・ゴルキー　研究所1F・2F
","グラー二二・ゴルキー　研究所1F・2F
"
0x1730d,"グラー二二・ゴルキー　研究所B1東部
","グラー二二・ゴルキー　研究所B1東部
"
0x17341,"グラー二二・ゴルキー　研究所B1西部
","グラー二二・ゴルキー　研究所B1西部
"
0x17375,"スヴィヤトゴル二　南部
","スヴィヤトゴル二　南部
"
0x1739b,"スヴィヤトゴル二　西部
","スヴィヤトゴル二　西部
"
0x173c1,"スヴィヤトゴル二　東部
","スヴィヤトゴル二　東部
"
0x173e7,"ソクロヴィエノ　南部
","ソクロヴィエノ　南部
"
0x1740a,"ソクロヴィエノ　西部
","ソクロヴィエノ　西部
"
0x1742d,"ソクロヴィエノ　北部
","ソクロヴィエノ　北部
"
0x17450,"クラスノゴリエ　坑道
","クラスノゴリエ　坑道
"
0x17470,"クラスノゴリエ　山麓
","クラスノゴリエ　山麓
"
0x17490,"クラスノゴリエ　中腹
","クラスノゴリエ　中腹
"
0x174b0,"クラスノゴリエ　山頂
","クラスノゴリエ　山頂
"
0x174d0,"クラスノゴリエ　山頂　廃墟
","クラスノゴリエ　山頂　廃墟
"
0x174f9,"クラスノゴリエ　山頂　廃墟裏
","クラスノゴリエ　山頂　廃墟裏
"
0x17525,"グロズ二ィグラード　地下壕
","グロズ二ィグラード　地下壕
"
0x17551,"グロズ二ィグラード　南西部
","グロズ二ィグラード　南西部
"
0x1757d,"グロズ二ィグラード　北西部
","グロズ二ィグラード　北西部
"
0x175a9,"グロズ二ィグラード　北東部
","グロズ二ィグラード　北東部
"
0x175d5,"グロズ二ィグラード　南東部
","グロズ二ィグラード　南東部
"
0x17601,"グロズ二ィグラード　兵器廠　東棟
","グロズ二ィグラード　兵器廠　東棟
"
0x17636,"グロズ二ィグラード　兵器廠　西棟渡り廊下
","グロズ二ィグラード　兵器廠　西棟渡り廊下
"
0x17677,"グロズ二ィグラード　収容所
","グロズ二ィグラード　収容所
"
0x176a3,"グロズ二ィグラード　下水道
","グロズ二ィグラード　下水道
"
0x176cf,"グロズ二ィグラード　兵器廠　本棟
","グロズ二ィグラード　兵器廠　本棟
"
0x17704,"グロズ二ィグラード　兵器廠　本棟B1
","グロズ二ィグラード　兵器廠　本棟B1
"
0x1773b,"？
","？
"
0x17743,"ティホゴルヌイ
","ティホゴルヌイ
"
0x1775d,"ティホゴルヌイ　地下道
","ティホゴルヌイ　地下道
"
0x17783,"グロズ二ィグラード
","グロズ二ィグラード
"
0x177a3,"グロズ二ィグラード　滑走路南
","グロズ二ィグラード　滑走路南
"
0x177d2,"グロズ二ィグラード　滑走路
","グロズ二ィグラード　滑走路
"
0x177fe,"グロズ二ィグラード　鉄橋
","グロズ二ィグラード　鉄橋
"
0x17827,"グロズ二ィグラード鉄橋北部
","グロズ二ィグラード鉄橋北部
"
0x17853,"ラゾレーヴォ　南部
","ラゾレーヴォ　南部
"
0x17873,"ラゾレーヴォ　北部
","ラゾレーヴォ　北部
"
0x17893,"ザオジオリエ　西部
","ザオジオリエ　西部
"
0x178b0,"ザオジオリエ　東部
","ザオジオリエ　東部
"
0x178cd,"ロコヴォイ・ピエレッグ
","ロコヴォイ・ピエレッグ
"
0x178f6,"WIG機内
","WIG機内
"
0x17901,"バーチャスミッション終了
","バーチャスミッション終了
"
0x17930,"ラスヴィエット
","ラスヴィエット
"
0x1794d,"グロズ二ィグラード　兵器廠　西棟
","グロズ二ィグラード　兵器廠　西棟
"
0x17982,"グロズ二ィグラード　兵器廠　本棟
","グロズ二ィグラード　兵器廠　本棟
"
0x179b7,"ソ連国境上空
","ソ連国境上空
"
0x179cb,"スネークイー夕ー作戦終了
","スネークイー夕ー作戦終了
"
0x179f1,終了しますか?,終了しますか?
0x17a05,バーチャスミッション開始,バーチャスミッション開始
0x17a33,ソコロフ接触,ソコロフ接触
0x17a46,スネークイー夕ー作戦開始,スネークイー夕ー作戦開始
0x17a6b,チョルナヤ・ピシェラ,チョルナヤ・ピシェラ
0x17a90,ポ二ゾヴィエ,ポ二ゾヴィエ
0x17aa6,グラー二二・ゴルキー,グラー二二・ゴルキー
0x17ac5,ソクロヴィエノ,ソクロヴィエノ
0x17ade,クラスノゴリエ,クラスノゴリエ
0x17af4,グロズ二ィグラード1,グロズ二ィグラード1
0x17b14,グロズ二ィグラード2,グロズ二ィグラード2
0x17b34,ザ・ソロー,ザ・ソロー
0x17b44,ヴォルギン,ヴォルギン
0x17b57,サイドカー,サイドカー
0x17b67,シャゴホッド,シャゴホッド
0x17b80,ザオジオリエ,ザオジオリエ
0x17b93,ザ・ボス,ザ・ボス
0x17ba0,エンディング,エンディング
0x17bb6,CT_18,CT_18
0x17bbc,HALO降下(スネーク)|(カムフラージュは反映されません),HALO降下(スネーク)|(カムフラージュは反映されません)
0x17c14,HALO降下(変装マスク)|(カムフラージュは反映されません),HALO降下(変装マスク)|(カムフラージュは反映されません)
0x17c6f,「蛇は脱皮するものだ」|(カムフラージュは反映されません),「蛇は脱皮するものだ」|(カムフラージュは反映されません)
0x17cd0,バーチャスミッション開始|(カムフラージュは反映されません),バーチャスミッション開始|(カムフラージュは反映されません)
0x17d37,敵部隊発見,敵部隊発見
0x17d47,蜂の巣,蜂の巣
0x17d51,廃工場偵察,廃工場偵察
0x17d61,ソコロフ接触,ソコロフ接触
0x17d74,「私はソ連に亡命する」,「私はソ連に亡命する」
0x17d9c,シャゴホッド強奪,シャゴホッド強奪
0x17dbb,再びツェリノヤルスクへ,再びツェリノヤルスクへ
0x17de0,ザ・ボスとの再会,ザ・ボスとの再会
0x17df9,エヴァ接触,エヴァ接触
0x17e0c,オセロットとの再会,オセロットとの再会
0x17e2b,オセロットとの決闘,オセロットとの決闘
0x17e4a,「邪魔が入った！　また会おう！」,「邪魔が入った！　また会おう！」
0x17e8a,ザ・ペイン登場,ザ・ペイン登場
0x17ea0,バレットビー放出,バレットビー放出
0x17ebc,ザ・ペインの最期,ザ・ペインの最期
0x17ed5,フライング・プラットフォーム,フライング・プラットフォーム
0x17f06,ソコロフ連行,ソコロフ連行
0x17f19,グラー二ン,グラー二ン
0x17f29,ザ・フィアー登場,ザ・フィアー登場
0x17f45,ザ・フィアーの最期,ザ・フィアーの最期
0x17f64,ジ・エンド登場,ジ・エンド登場
0x17f7a,ID_26,ID_26
0x17f80,ジ・エンド老衰死,ジ・エンド老衰死
0x17f99,ID_28,ID_28
0x17f9f,「未熟者め……」,「未熟者め……」
0x17fbe,「失望したぞ、若い蛇よ……」,「失望したぞ、若い蛇よ……」
0x17ff2,ID_31,ID_31
0x17ff8,ID_32,ID_32
0x17ffe,ID_33,ID_33
0x18004,ジ・エンドの最期,ジ・エンドの最期
0x1801d,ID_35,ID_35
0x18023,山頂でエヴァと合流,山頂でエヴァと合流
0x18042,ザ・フューリー登場,ザ・フューリー登場
0x18061,ID_38,ID_38
0x18067,ID_39,ID_39
0x1806d,ID_40,ID_40
0x18073,ザ・フューリーの最期,ザ・フューリーの最期
0x18095,グロズ二ィグラード潜入,グロズ二ィグラード潜入
0x180ba,ライコフから服を奪う,ライコフから服を奪う
0x180d9,ソコロフとの再会|(カムフラージュは反映されません),ソコロフとの再会|(カムフラージュは反映されません)
0x1812b,拷問|(カムフラージュは反映されません),拷問|(カムフラージュは反映されません)
0x1816b,看守ジョ二ーの身の上話|(カムフラージュは反映されません),看守ジョ二ーの身の上話|(カムフラージュは反映されません)
0x181c9,ID_47,ID_47
0x181cf,悪夢からの覚醒|(カムフラージュは反映されません),悪夢からの覚醒|(カムフラージュは反映されません)
0x1821e,決死のダイブ|(カムフラージュは反映されません),決死のダイブ|(カムフラージュは反映されません)
0x1826a,ザ・ソロー登場|(カムフラージュは反映されません),ザ・ソロー登場|(カムフラージュは反映されません)
0x182b9,この世への帰還|(カムフラージュは反映されません),この世への帰還|(カムフラージュは反映されません)
0x18308,ID_52,ID_52
0x1830e,滝裏でエヴァと合流1|(カムフラージュは反映されません),滝裏でエヴァと合流1|(カムフラージュは反映されません)
0x18367,再びグロズ二ィグラードへ,再びグロズ二ィグラードへ
0x1838f,ヴォルギンとの決闘,ヴォルギンとの決闘
0x183ae,オセロットの反抗,オセロットの反抗
0x183ca,格納庫爆発,格納庫爆発
0x183da,オセロットの追撃,オセロットの追撃
0x183f6,シャゴホッド、ハインドを破壊,シャゴホッド、ハインドを破壊
0x1842a,シャゴホッド、WIGを破壊,シャゴホッド、WIGを破壊
0x18455,鉄橋到着,鉄橋到着
0x18462,ID_61,ID_61
0x18468,シャゴホッドとの対決,シャゴホッドとの対決
0x1848d,「私があれをひきつける」,「私があれをひきつける」
0x184b8,ヴォルギンの最期,ヴォルギンの最期
0x184d4,サイドカー転倒,サイドカー転倒
0x184ea,湖へ,湖へ
0x184f1,敵部隊の追撃,敵部隊の追撃
0x18504,ザ・ボスの告白,ザ・ボスの告白
0x1851a,爆撃,爆撃
0x18521,ザ・ボスの最期,ザ・ボスの最期
0x18537,脱出,脱出
0x1853e,オセロットとの最後の戦い,オセロットとの最後の戦い
0x18566,ロシアンルーレット オセロットの負け,ロシアンルーレット オセロットの負け
0x185a1,ロシアンルーレット スネークが狙いを外す,ロシアンルーレット スネークが狙いを外す
0x185df,ロシアンルーレット スネークの勝ち,ロシアンルーレット スネークの勝ち
0x18614,ロシアンルーレット オセロットの勝ち,ロシアンルーレット オセロットの勝ち
0x1864f,エンディング,エンディング
0x18665,カムフラージュは反映されません,カムフラージュは反映されません
0x18696,発信機除去|(カムフラージュは反映されません),発信機除去|(カムフラージュは反映されません)
0x186df,滝裏でエヴァと合流2|(カムフラージュは反映されません),滝裏でエヴァと合流2|(カムフラージュは反映されません)
0x18738,,
0x18739,,
0x1873a,,
0x1873b,,
0x1873c,,
0x1873d,,
0x1873e,,
0x1873f,,
0x18740,,
0x18741,,
0x18742,,
0x18743,,
0x18744,,
0x18745,,
0x18746,,
0x18747,,
0x18748,,
0x18749,ピンクデモシア夕ー,ピンクデモシア夕ー
