full_path,relative_path_to_file,filename_with_extension,file_stem,extension,filesize,sha1
fr/codec/_bp/medikkudeforuto_cb_vp_p.sdt,fr/codec/_bp,medikkudeforuto_cb_vp_p.sdt,medikkudeforuto_cb_vp_p,sdt,326376,119e9163edb9351b9feaf4a64505d6677334208e
fr/codec/_bp/nearby_cb_vp_kerotan_vr.sdt,fr/codec/_bp,nearby_cb_vp_kerotan_vr.sdt,nearby_cb_vp_kerotan_vr,sdt,331252,e08cab0657aacee563d71305390c3371ad610b1c
fr/codec/_bp/the_great_escape_tunnel_t_vp_1.sdt,fr/codec/_bp,the_great_escape_tunnel_t_vp_1.sdt,the_great_escape_tunnel_t_vp_1,sdt,10844,ba405bb2efb31fd276c32154edcdb2b264c8e92e
hqtex/flatlist/ovr_stm/ctrltype_kbd/_win/002a4e9e.ctxr,hqtex/flatlist/ovr_stm/ctrltype_kbd/_win,002a4e9e.ctxr,002a4e9e,ctxr,131232,4001b813a553249a97d3f1b0e7af437b6d0e941a
hqtex/flatlist/ovr_stm/ctrltype_kbd/_win/00425555.ctxr,hqtex/flatlist/ovr_stm/ctrltype_kbd/_win,00425555.ctxr,00425555,ctxr,131232,631de545bce6e22dcf3cf8198255fe95dea0fd21
hqtex/flatlist/ovr_stm/ctrltype_nx/_win/002a4e9e.ctxr,hqtex/flatlist/ovr_stm/ctrltype_nx/_win,002a4e9e.ctxr,002a4e9e,ctxr,131232,024348aa764619edcb961943b0751f1dcd0d691c
hqtex/flatlist/ovr_stm/ctrltype_nx/_win/00425555.ctxr,hqtex/flatlist/ovr_stm/ctrltype_nx/_win,00425555.ctxr,00425555,ctxr,131232,610bce92824e106c4a439fd34b77926a15f8be6b
hqtex/flatlist/ovr_stm/ctrltype_ps2/ovr_eu/_win/004a230b.ctxr,hqtex/flatlist/ovr_stm/ctrltype_ps2/ovr_eu/_win,004a230b.ctxr,004a230b,ctxr,9376,1163a28ec55fd5e1c5575df93757b6389e9edfd0
hqtex/flatlist/ovr_stm/ctrltype_ps2/ovr_eu/_win/00ddd547.ctxr,hqtex/flatlist/ovr_stm/ctrltype_ps2/ovr_eu/_win,00ddd547.ctxr,00ddd547,ctxr,6560,b4f5917b21d45bbe2ac299dbecc8e69819997a40
hqtex/flatlist/ovr_stm/ctrltype_ps2/ovr_jp/_win/004a230b.ctxr,hqtex/flatlist/ovr_stm/ctrltype_ps2/ovr_jp/_win,004a230b.ctxr,004a230b,ctxr,9376,1163a28ec55fd5e1c5575df93757b6389e9edfd0
hqtex/flatlist/ovr_stm/ctrltype_ps2/ovr_jp/_win/00ddd547.ctxr,hqtex/flatlist/ovr_stm/ctrltype_ps2/ovr_jp/_win,00ddd547.ctxr,00ddd547,ctxr,6560,97b85b91d1d37bf4dc7754260c6c3d57ce0f6c3d
hqtex/flatlist/ovr_stm/ctrltype_ps2/ovr_us/_win/004a230b.ctxr,hqtex/flatlist/ovr_stm/ctrltype_ps2/ovr_us/_win,004a230b.ctxr,004a230b,ctxr,9376,1163a28ec55fd5e1c5575df93757b6389e9edfd0
hqtex/flatlist/ovr_stm/ctrltype_ps2/ovr_us/_win/00ddd547.ctxr,hqtex/flatlist/ovr_stm/ctrltype_ps2/ovr_us/_win,00ddd547.ctxr,00ddd547,ctxr,6560,b4f5917b21d45bbe2ac299dbecc8e69819997a40
hqtex/flatlist/ovr_stm/ctrltype_ps2/_win/00163d74.ctxr,hqtex/flatlist/ovr_stm/ctrltype_ps2/_win,00163d74.ctxr,00163d74,ctxr,131232,725a406aa06405a96d2a581ef7ba751dbc4fb6d1
hqtex/flatlist/ovr_stm/ctrltype_ps2/_win/001e4234.ctxr,hqtex/flatlist/ovr_stm/ctrltype_ps2/_win,001e4234.ctxr,001e4234,ctxr,76960,16f8f0e3b92e82974e3f9a27b2c2baa62e79c7c5
hqtex/flatlist/ovr_stm/ctrltype_ps2/_win/002a4e9e.ctxr,hqtex/flatlist/ovr_stm/ctrltype_ps2/_win,002a4e9e.ctxr,002a4e9e,ctxr,131232,7d4f460a6b41d07ac1bb29f684964d77b6b4e092
hqtex/flatlist/ovr_stm/ctrltype_ps2/_win/00360eea.ctxr,hqtex/flatlist/ovr_stm/ctrltype_ps2/_win,00360eea.ctxr,00360eea,ctxr,51360,310661fdb4fb99f621bea17afa1a6e464eb16ce7
hqtex/flatlist/ovr_stm/ctrltype_ps2/_win/003d0d74.ctxr,hqtex/flatlist/ovr_stm/ctrltype_ps2/_win,003d0d74.ctxr,003d0d74,ctxr,131232,edbab8bb2d42c0f119cfca315f9b320ffbb78639
hqtex/flatlist/ovr_stm/ctrltype_ps2/_win/00425555.ctxr,hqtex/flatlist/ovr_stm/ctrltype_ps2/_win,00425555.ctxr,00425555,ctxr,131232,2d6a964242efc674d8a7eed4426a29955a600a68
hqtex/flatlist/ovr_stm/ctrltype_ps2/_win/004a230b.ctxr,hqtex/flatlist/ovr_stm/ctrltype_ps2/_win,004a230b.ctxr,004a230b,ctxr,9376,1163a28ec55fd5e1c5575df93757b6389e9edfd0
hqtex/flatlist/ovr_stm/ctrltype_ps2/_win/0051fd77.ctxr,hqtex/flatlist/ovr_stm/ctrltype_ps2/_win,0051fd77.ctxr,0051fd77,ctxr,76960,99b5ea1d4b12d5628b99bd3b0723a59ddf0e1548
hqtex/flatlist/ovr_stm/ctrltype_ps2/_win/0053d847.ctxr,hqtex/flatlist/ovr_stm/ctrltype_ps2/_win,0053d847.ctxr,0053d847,ctxr,6560,d9499f7ac166ecc5ffdb8af6eb717a468f0198c2
hqtex/flatlist/ovr_stm/ctrltype_ps2/_win/007a0eb6.ctxr,hqtex/flatlist/ovr_stm/ctrltype_ps2/_win,007a0eb6.ctxr,007a0eb6,ctxr,65696,d91111dbe5a7d40863db205a0624d1817d72feab
hqtex/flatlist/ovr_stm/ctrltype_ps2/_win/00999367.img.ctxr,hqtex/flatlist/ovr_stm/ctrltype_ps2/_win,00999367.img.ctxr,00999367.img,ctxr,98464,9e8643ef00b4eea7368931954177f0b67199f7a3
hqtex/flatlist/ovr_stm/ctrltype_ps2/_win/00b60ec2.ctxr,hqtex/flatlist/ovr_stm/ctrltype_ps2/_win,00b60ec2.ctxr,00b60ec2,ctxr,65696,6179c739c0e6e5203f073ee0f623e042dfb8545b
hqtex/flatlist/ovr_stm/ctrltype_ps2/_win/00ca8477.ctxr,hqtex/flatlist/ovr_stm/ctrltype_ps2/_win,00ca8477.ctxr,00ca8477,ctxr,51360,74f57812367d09b7717363e02494b0d51042e28c
hqtex/flatlist/ovr_stm/ctrltype_ps2/_win/00d9fd74.ctxr,hqtex/flatlist/ovr_stm/ctrltype_ps2/_win,00d9fd74.ctxr,00d9fd74,ctxr,131232,4de53ee15d2838385314760373fc5ed869e28061
hqtex/flatlist/ovr_stm/ctrltype_ps2/_win/00ddd547.ctxr,hqtex/flatlist/ovr_stm/ctrltype_ps2/_win,00ddd547.ctxr,00ddd547,ctxr,6560,c34f3b93c52a4f7454a1735d40792c7ad7a76b3f
hqtex/flatlist/ovr_stm/ctrltype_ps2/_win/00e70eb8.ctxr,hqtex/flatlist/ovr_stm/ctrltype_ps2/_win,00e70eb8.ctxr,00e70eb8,ctxr,65696,d86da8c253c12e4d8d9aadaf4985cdec3571ba6d
hqtex/flatlist/ovr_stm/ctrltype_ps2/_win/00e786c5.img.ctxr,hqtex/flatlist/ovr_stm/ctrltype_ps2/_win,00e786c5.img.ctxr,00e786c5.img,ctxr,98464,e7b3238cb07376d57e4799367764f876a836bd39
hqtex/flatlist/ovr_stm/ctrltype_ps2/_win/00e9d866.ctxr,hqtex/flatlist/ovr_stm/ctrltype_ps2/_win,00e9d866.ctxr,00e9d866,ctxr,6560,6ce9f4fb8b612a500c0733b75b481e2fc45175b8
hqtex/flatlist/ovr_stm/ctrltype_ps2/_win/bp_x_and_a_buttons.ctxr,hqtex/flatlist/ovr_stm/ctrltype_ps2/_win,bp_x_and_a_buttons.ctxr,bp_x_and_a_buttons,ctxr,6560,cc37bddd9f07f302201c1aadc4e2574dd8a82f69
hqtex/flatlist/ovr_stm/ctrltype_ps4/_win/002a4e9e.ctxr,hqtex/flatlist/ovr_stm/ctrltype_ps4/_win,002a4e9e.ctxr,002a4e9e,ctxr,131232,9ce22bdc54ae1a47e7f38286c17b8991618a8eda
hqtex/flatlist/ovr_stm/ctrltype_ps4/_win/00425555.ctxr,hqtex/flatlist/ovr_stm/ctrltype_ps4/_win,00425555.ctxr,00425555,ctxr,131232,2d6a964242efc674d8a7eed4426a29955a600a68
hqtex/flatlist/ovr_stm/ctrltype_ps5/_win/002a4e9e.ctxr,hqtex/flatlist/ovr_stm/ctrltype_ps5/_win,002a4e9e.ctxr,002a4e9e,ctxr,131232,9ce22bdc54ae1a47e7f38286c17b8991618a8eda
hqtex/flatlist/ovr_stm/ctrltype_ps5/_win/00425555.ctxr,hqtex/flatlist/ovr_stm/ctrltype_ps5/_win,00425555.ctxr,00425555,ctxr,131232,2d6a964242efc674d8a7eed4426a29955a600a68
hqtex/flatlist/ovr_stm/ctrltype_stmd/_win/002a4e9e.ctxr,hqtex/flatlist/ovr_stm/ctrltype_stmd/_win,002a4e9e.ctxr,002a4e9e,ctxr,131232,9ce22bdc54ae1a47e7f38286c17b8991618a8eda
hqtex/flatlist/ovr_stm/ctrltype_stmd/_win/00425555.ctxr,hqtex/flatlist/ovr_stm/ctrltype_stmd/_win,00425555.ctxr,00425555,ctxr,131232,2d6a964242efc674d8a7eed4426a29955a600a68
hqtex/flatlist/ovr_stm/ctrltype_xs/_win/002a4e9e.ctxr,hqtex/flatlist/ovr_stm/ctrltype_xs/_win,002a4e9e.ctxr,002a4e9e,ctxr,131232,ceae0ccbe64adb8de78d2bd9b1a5d37fd5b9fd77
hqtex/flatlist/ovr_stm/ctrltype_xs/_win/00425555.ctxr,hqtex/flatlist/ovr_stm/ctrltype_xs/_win,00425555.ctxr,00425555,ctxr,131232,2115375e7b8b4b84f4ae128e4492669c215a53cd
hqtex/flatlist/ovr_stm/ovr_eu/_win/00040da5.ctxr,hqtex/flatlist/ovr_stm/ovr_eu/_win,00040da5.ctxr,00040da5,ctxr,16544,ff165a5d014cb8a033de1d9fbf6756e3cbcf8171
hqtex/flatlist/ovr_stm/ovr_eu/_win/00393ebb.ctxr,hqtex/flatlist/ovr_stm/ovr_eu/_win,00393ebb.ctxr,00393ebb,ctxr,9437344,d54f19ceed829488edc618d2e057095f9af9b30f
hqtex/flatlist/ovr_stm/ovr_eu/_win/00454202.ctxr,hqtex/flatlist/ovr_stm/ovr_eu/_win,00454202.ctxr,00454202,ctxr,509560,7b2c89b0fc287ea128c986ddb096a05333e74281
hqtex/flatlist/ovr_stm/ovr_eu/_win/004f0fb2.ctxr,hqtex/flatlist/ovr_stm/ovr_eu/_win,004f0fb2.ctxr,004f0fb2,ctxr,8352,2c8cc8578e455e64b80e56ff16697181d2810896
hqtex/flatlist/ovr_stm/ovr_eu/_win/00bd89a1.img.ctxr,hqtex/flatlist/ovr_stm/ovr_eu/_win,00bd89a1.img.ctxr,00bd89a1.img,ctxr,393376,304ba3b90eb3d1efbc8fac4d6e1863f95962c767
hqtex/flatlist/ovr_stm/ovr_eu/_win/00c8c0af.ctxr,hqtex/flatlist/ovr_stm/ovr_eu/_win,00c8c0af.ctxr,00c8c0af,ctxr,37024,b76ea09b5903b2ca23666a0e783aedec3566d218
hqtex/flatlist/ovr_stm/ovr_eu/_win/00e11a3e.ctxr,hqtex/flatlist/ovr_stm/ovr_eu/_win,00e11a3e.ctxr,00e11a3e,ctxr,13233184,a58e7c3f62d2b5a34859ebca0f5bbd9c23070dde
hqtex/flatlist/ovr_stm/ovr_eu/_win/00f1c0b1.ctxr,hqtex/flatlist/ovr_stm/ovr_eu/_win,00f1c0b1.ctxr,00f1c0b1,ctxr,37024,ee3e55ead406bde00c42e6d1b9112192dc678cbe
hqtex/flatlist/ovr_stm/ovr_eu/_win/00fc60e2.ctxr,hqtex/flatlist/ovr_stm/ovr_eu/_win,00fc60e2.ctxr,00fc60e2,ctxr,509560,7b2c89b0fc287ea128c986ddb096a05333e74281
hqtex/flatlist/ovr_stm/ovr_eu/_win/ibox_a.bmp.ctxr,hqtex/flatlist/ovr_stm/ovr_eu/_win,ibox_a.bmp.ctxr,ibox_a.bmp,ctxr,1398528,cf3ba6b253bfecdfcf0dae119fba3ed12ea4dba3
hqtex/flatlist/ovr_stm/ovr_eu/_win/item_a.bmp.ctxr,hqtex/flatlist/ovr_stm/ovr_eu/_win,item_a.bmp.ctxr,item_a.bmp,ctxr,2796672,d3cc4d5d6dea827a141938f78f961a8d5901b0ee
hqtex/flatlist/ovr_stm/ovr_eu/_win/s112a_cell_floor_01_alp_ovl.bmp.ctxr,hqtex/flatlist/ovr_stm/ovr_eu/_win,s112a_cell_floor_01_alp_ovl.bmp.ctxr,s112a_cell_floor_01_alp_ovl.bmp,ctxr,89479008,c14a4d3f851fb594a605505f829db2a2554b87bd
hqtex/flatlist/ovr_stm/ovr_eu/_win/sna_def_olive.bmp_250c64d61d6d43eebe785ba570084310.ctxr,hqtex/flatlist/ovr_stm/ovr_eu/_win,sna_def_olive.bmp_250c64d61d6d43eebe785ba570084310.ctxr,sna_def_olive.bmp_250c64d61d6d43eebe785ba570084310,ctxr,349952,9699568e52e107b7be66df06ab831171d0a5fcdb
hqtex/flatlist/ovr_stm/ovr_eu/_win/sna_face_ed_def.bmp.ctxr,hqtex/flatlist/ovr_stm/ovr_eu/_win,sna_face_ed_def.bmp.ctxr,sna_face_ed_def.bmp,ctxr,44739776,2fbc06b42863ad862e6cd031ab440847ff99469f
hqtex/flatlist/ovr_stm/ovr_eu/_win/sna_flirt_tiger.bmp.ctxr,hqtex/flatlist/ovr_stm/ovr_eu/_win,sna_flirt_tiger.bmp.ctxr,sna_flirt_tiger.bmp,ctxr,22370144,bc1070feb43617074ba1bdf91b731cb0fe94395a
hqtex/flatlist/ovr_stm/ovr_eu/_win/vva_first_aid_kit_alp_ovl.bmp.ctxr,hqtex/flatlist/ovr_stm/ovr_eu/_win,vva_first_aid_kit_alp_ovl.bmp.ctxr,vva_first_aid_kit_alp_ovl.bmp,ctxr,699488,eb1776c3637db600eb4d86d173c0d873f0f6acd7
hqtex/flatlist/ovr_stm/ovr_jp/_win/00040da5.ctxr,hqtex/flatlist/ovr_stm/ovr_jp/_win,00040da5.ctxr,00040da5,ctxr,16544,ff165a5d014cb8a033de1d9fbf6756e3cbcf8171
hqtex/flatlist/ovr_stm/ovr_jp/_win/00393ebb.ctxr,hqtex/flatlist/ovr_stm/ovr_jp/_win,00393ebb.ctxr,00393ebb,ctxr,9437344,d54f19ceed829488edc618d2e057095f9af9b30f
hqtex/flatlist/ovr_stm/ovr_jp/_win/00454202.ctxr,hqtex/flatlist/ovr_stm/ovr_jp/_win,00454202.ctxr,00454202,ctxr,509560,7b2c89b0fc287ea128c986ddb096a05333e74281
hqtex/flatlist/ovr_stm/ovr_jp/_win/004f0fb2.ctxr,hqtex/flatlist/ovr_stm/ovr_jp/_win,004f0fb2.ctxr,004f0fb2,ctxr,8352,2c8cc8578e455e64b80e56ff16697181d2810896
hqtex/flatlist/ovr_stm/ovr_jp/_win/00bd89a1.img.ctxr,hqtex/flatlist/ovr_stm/ovr_jp/_win,00bd89a1.img.ctxr,00bd89a1.img,ctxr,393376,304ba3b90eb3d1efbc8fac4d6e1863f95962c767
hqtex/flatlist/ovr_stm/ovr_jp/_win/00c8c0af.ctxr,hqtex/flatlist/ovr_stm/ovr_jp/_win,00c8c0af.ctxr,00c8c0af,ctxr,37024,b76ea09b5903b2ca23666a0e783aedec3566d218
hqtex/flatlist/ovr_stm/ovr_jp/_win/00e11a3e.ctxr,hqtex/flatlist/ovr_stm/ovr_jp/_win,00e11a3e.ctxr,00e11a3e,ctxr,13233184,a58e7c3f62d2b5a34859ebca0f5bbd9c23070dde
hqtex/flatlist/ovr_stm/ovr_jp/_win/00f1c0b1.ctxr,hqtex/flatlist/ovr_stm/ovr_jp/_win,00f1c0b1.ctxr,00f1c0b1,ctxr,37024,ee3e55ead406bde00c42e6d1b9112192dc678cbe
hqtex/flatlist/ovr_stm/ovr_jp/_win/00fc60e2.ctxr,hqtex/flatlist/ovr_stm/ovr_jp/_win,00fc60e2.ctxr,00fc60e2,ctxr,509560,7b2c89b0fc287ea128c986ddb096a05333e74281
hqtex/flatlist/ovr_stm/ovr_jp/_win/ibox_a.bmp.ctxr,hqtex/flatlist/ovr_stm/ovr_jp/_win,ibox_a.bmp.ctxr,ibox_a.bmp,ctxr,1398528,cf3ba6b253bfecdfcf0dae119fba3ed12ea4dba3
hqtex/flatlist/ovr_stm/ovr_jp/_win/item_a.bmp.ctxr,hqtex/flatlist/ovr_stm/ovr_jp/_win,item_a.bmp.ctxr,item_a.bmp,ctxr,2796672,d3cc4d5d6dea827a141938f78f961a8d5901b0ee
hqtex/flatlist/ovr_stm/ovr_jp/_win/s112a_cell_floor_01_alp_ovl.bmp.ctxr,hqtex/flatlist/ovr_stm/ovr_jp/_win,s112a_cell_floor_01_alp_ovl.bmp.ctxr,s112a_cell_floor_01_alp_ovl.bmp,ctxr,89479008,c14a4d3f851fb594a605505f829db2a2554b87bd
hqtex/flatlist/ovr_stm/ovr_jp/_win/sna_def_olive.bmp_250c64d61d6d43eebe785ba570084310.ctxr,hqtex/flatlist/ovr_stm/ovr_jp/_win,sna_def_olive.bmp_250c64d61d6d43eebe785ba570084310.ctxr,sna_def_olive.bmp_250c64d61d6d43eebe785ba570084310,ctxr,349952,9699568e52e107b7be66df06ab831171d0a5fcdb
hqtex/flatlist/ovr_stm/ovr_jp/_win/sna_face_ed_def.bmp.ctxr,hqtex/flatlist/ovr_stm/ovr_jp/_win,sna_face_ed_def.bmp.ctxr,sna_face_ed_def.bmp,ctxr,44739776,2fbc06b42863ad862e6cd031ab440847ff99469f
hqtex/flatlist/ovr_stm/ovr_jp/_win/sna_flirt_tiger.bmp.ctxr,hqtex/flatlist/ovr_stm/ovr_jp/_win,sna_flirt_tiger.bmp.ctxr,sna_flirt_tiger.bmp,ctxr,22370144,bc1070feb43617074ba1bdf91b731cb0fe94395a
hqtex/flatlist/ovr_stm/ovr_jp/_win/vva_first_aid_kit_alp_ovl.bmp.ctxr,hqtex/flatlist/ovr_stm/ovr_jp/_win,vva_first_aid_kit_alp_ovl.bmp.ctxr,vva_first_aid_kit_alp_ovl.bmp,ctxr,699488,eb1776c3637db600eb4d86d173c0d873f0f6acd7
hqtex/flatlist/ovr_stm/ovr_us/_win/00040da5.ctxr,hqtex/flatlist/ovr_stm/ovr_us/_win,00040da5.ctxr,00040da5,ctxr,16544,ff165a5d014cb8a033de1d9fbf6756e3cbcf8171
hqtex/flatlist/ovr_stm/ovr_us/_win/00393ebb.ctxr,hqtex/flatlist/ovr_stm/ovr_us/_win,00393ebb.ctxr,00393ebb,ctxr,9437344,d54f19ceed829488edc618d2e057095f9af9b30f
hqtex/flatlist/ovr_stm/ovr_us/_win/00454202.ctxr,hqtex/flatlist/ovr_stm/ovr_us/_win,00454202.ctxr,00454202,ctxr,509560,7b2c89b0fc287ea128c986ddb096a05333e74281
hqtex/flatlist/ovr_stm/ovr_us/_win/0049b9cb.ctxr,hqtex/flatlist/ovr_stm/ovr_us/_win,0049b9cb.ctxr,0049b9cb,ctxr,1036956,4a4f72bc3021b0039d6e0727d8201f4883c53bee
hqtex/flatlist/ovr_stm/ovr_us/_win/004f0fb2.ctxr,hqtex/flatlist/ovr_stm/ovr_us/_win,004f0fb2.ctxr,004f0fb2,ctxr,8352,2c8cc8578e455e64b80e56ff16697181d2810896
hqtex/flatlist/ovr_stm/ovr_us/_win/005eb9cb.ctxr,hqtex/flatlist/ovr_stm/ovr_us/_win,005eb9cb.ctxr,005eb9cb,ctxr,1036956,4a55a18204925a0c01872d85f02f4c64c66facb9
hqtex/flatlist/ovr_stm/ovr_us/_win/0060a8e0.ctxr,hqtex/flatlist/ovr_stm/ovr_us/_win,0060a8e0.ctxr,0060a8e0,ctxr,729700,6810f8af796b4fc9664ab883754037962cf17de9
hqtex/flatlist/ovr_stm/ovr_us/_win/0061b17c.ctxr,hqtex/flatlist/ovr_stm/ovr_us/_win,0061b17c.ctxr,0061b17c,ctxr,799180,df988445c97dc47b3076474a90210b42e1e1032d
hqtex/flatlist/ovr_stm/ovr_us/_win/00746cd0.ctxr,hqtex/flatlist/ovr_stm/ovr_us/_win,00746cd0.ctxr,00746cd0,ctxr,799180,b0cb3962aee3dd511fbd6cb92632ff3c8928f398
hqtex/flatlist/ovr_stm/ovr_us/_win/0075a8e0.ctxr,hqtex/flatlist/ovr_stm/ovr_us/_win,0075a8e0.ctxr,0075a8e0,ctxr,729700,bc719694a91d0b2e81fbb8a30ca9360fbcc8c632
hqtex/flatlist/ovr_stm/ovr_us/_win/0076b17c.ctxr,hqtex/flatlist/ovr_stm/ovr_us/_win,0076b17c.ctxr,0076b17c,ctxr,799180,49cbdeba4808a3679ebe1cc91a70c1e0be1d89a6
hqtex/flatlist/ovr_stm/ovr_us/_win/007cab39.ctxr,hqtex/flatlist/ovr_stm/ovr_us/_win,007cab39.ctxr,007cab39,ctxr,760480,a3a3430b9d5bbe7d5cb25e0d6faf74eb5d7eb910
hqtex/flatlist/ovr_stm/ovr_us/_win/00896cd0.ctxr,hqtex/flatlist/ovr_stm/ovr_us/_win,00896cd0.ctxr,00896cd0,ctxr,799180,e7db171193a41e5723084e54596a5652ba1fd6e8
hqtex/flatlist/ovr_stm/ovr_us/_win/0091ab39.ctxr,hqtex/flatlist/ovr_stm/ovr_us/_win,0091ab39.ctxr,0091ab39,ctxr,760480,22124a03086bd714bb8b08169d73d9f3178e1a30
hqtex/flatlist/ovr_stm/ovr_us/_win/00bd89a1.img.ctxr,hqtex/flatlist/ovr_stm/ovr_us/_win,00bd89a1.img.ctxr,00bd89a1.img,ctxr,393376,304ba3b90eb3d1efbc8fac4d6e1863f95962c767
hqtex/flatlist/ovr_stm/ovr_us/_win/00c8c0af.ctxr,hqtex/flatlist/ovr_stm/ovr_us/_win,00c8c0af.ctxr,00c8c0af,ctxr,37024,b76ea09b5903b2ca23666a0e783aedec3566d218
hqtex/flatlist/ovr_stm/ovr_us/_win/00e11a3e.ctxr,hqtex/flatlist/ovr_stm/ovr_us/_win,00e11a3e.ctxr,00e11a3e,ctxr,13233184,a58e7c3f62d2b5a34859ebca0f5bbd9c23070dde
hqtex/flatlist/ovr_stm/ovr_us/_win/00f1c0b1.ctxr,hqtex/flatlist/ovr_stm/ovr_us/_win,00f1c0b1.ctxr,00f1c0b1,ctxr,37024,ee3e55ead406bde00c42e6d1b9112192dc678cbe
hqtex/flatlist/ovr_stm/ovr_us/_win/00fc60e2.ctxr,hqtex/flatlist/ovr_stm/ovr_us/_win,00fc60e2.ctxr,00fc60e2,ctxr,509560,7b2c89b0fc287ea128c986ddb096a05333e74281
hqtex/flatlist/ovr_stm/ovr_us/_win/ibox_a.bmp.ctxr,hqtex/flatlist/ovr_stm/ovr_us/_win,ibox_a.bmp.ctxr,ibox_a.bmp,ctxr,1398528,cf3ba6b253bfecdfcf0dae119fba3ed12ea4dba3
hqtex/flatlist/ovr_stm/ovr_us/_win/item_a.bmp.ctxr,hqtex/flatlist/ovr_stm/ovr_us/_win,item_a.bmp.ctxr,item_a.bmp,ctxr,2796672,d3cc4d5d6dea827a141938f78f961a8d5901b0ee
hqtex/flatlist/ovr_stm/ovr_us/_win/s112a_cell_floor_01_alp_ovl.bmp.ctxr,hqtex/flatlist/ovr_stm/ovr_us/_win,s112a_cell_floor_01_alp_ovl.bmp.ctxr,s112a_cell_floor_01_alp_ovl.bmp,ctxr,89479008,c14a4d3f851fb594a605505f829db2a2554b87bd
hqtex/flatlist/ovr_stm/ovr_us/_win/sna_def_olive.bmp_250c64d61d6d43eebe785ba570084310.ctxr,hqtex/flatlist/ovr_stm/ovr_us/_win,sna_def_olive.bmp_250c64d61d6d43eebe785ba570084310.ctxr,sna_def_olive.bmp_250c64d61d6d43eebe785ba570084310,ctxr,349952,9699568e52e107b7be66df06ab831171d0a5fcdb
hqtex/flatlist/ovr_stm/ovr_us/_win/sna_face_ed_def.bmp.ctxr,hqtex/flatlist/ovr_stm/ovr_us/_win,sna_face_ed_def.bmp.ctxr,sna_face_ed_def.bmp,ctxr,44739776,2fbc06b42863ad862e6cd031ab440847ff99469f
hqtex/flatlist/ovr_stm/ovr_us/_win/sna_flirt_tiger.bmp.ctxr,hqtex/flatlist/ovr_stm/ovr_us/_win,sna_flirt_tiger.bmp.ctxr,sna_flirt_tiger.bmp,ctxr,22370144,bc1070feb43617074ba1bdf91b731cb0fe94395a
hqtex/flatlist/ovr_stm/ovr_us/_win/vva_first_aid_kit_alp_ovl.bmp.ctxr,hqtex/flatlist/ovr_stm/ovr_us/_win,vva_first_aid_kit_alp_ovl.bmp.ctxr,vva_first_aid_kit_alp_ovl.bmp,ctxr,699488,eb1776c3637db600eb4d86d173c0d873f0f6acd7
hqtex/flatlist/_win/00171f0b.ctxr,hqtex/flatlist/_win,00171f0b.ctxr,00171f0b,ctxr,49312,f43f59c0022dcffeadf205fe27bd89e365ea580e
hqtex/flatlist/_win/00171f0c.ctxr,hqtex/flatlist/_win,00171f0c.ctxr,00171f0c,ctxr,49312,b02929d714f43c3cd68b992cf1c345ade5d981c2
hqtex/flatlist/_win/0043fb54.ctxr,hqtex/flatlist/_win,0043fb54.ctxr,0043fb54,ctxr,49312,31a4f7141b312bcfda93dba35b35d1e2f1c88464
hqtex/flatlist/_win/0043fb55.ctxr,hqtex/flatlist/_win,0043fb55.ctxr,0043fb55,ctxr,49312,cd9ce8d465d36322c8f563a1fe00fd9de67fe562
hqtex/flatlist/_win/0043fb56.ctxr,hqtex/flatlist/_win,0043fb56.ctxr,0043fb56,ctxr,49312,44f3ad2ec1bb7a5c292cc888c0a497f35bc3abae
hqtex/flatlist/_win/0043fb58.ctxr,hqtex/flatlist/_win,0043fb58.ctxr,0043fb58,ctxr,49312,2a06f30effbeed623c77e3b814b6d06ebc084ca3
hqtex/flatlist/_win/0053fb54.ctxr,hqtex/flatlist/_win,0053fb54.ctxr,0053fb54,ctxr,49312,3cf9090ae91ead52fed676bef43de354a65607f5
hqtex/flatlist/_win/0053fb55.ctxr,hqtex/flatlist/_win,0053fb55.ctxr,0053fb55,ctxr,49312,6b381af09eb584a399b431cdcce2212160cd51a4
hqtex/flatlist/_win/0053fb56.ctxr,hqtex/flatlist/_win,0053fb56.ctxr,0053fb56,ctxr,49312,c346b71c9a7313ba99b2e6f60216a2d478c0fdc0
hqtex/flatlist/_win/0053fb57.ctxr,hqtex/flatlist/_win,0053fb57.ctxr,0053fb57,ctxr,49312,c70a28a3ce4b1ed3a7d9450010fff231b224f28a
hqtex/flatlist/_win/0053fb58.ctxr,hqtex/flatlist/_win,0053fb58.ctxr,0053fb58,ctxr,49312,edc38bfc21acf77320d72192f7958bda4c71a3b3
hqtex/flatlist/_win/0063fb54.ctxr,hqtex/flatlist/_win,0063fb54.ctxr,0063fb54,ctxr,49312,28b570944157719d0e1a7c4553392a26efa40454
hqtex/flatlist/_win/008d3d20.ctxr,hqtex/flatlist/_win,008d3d20.ctxr,008d3d20,ctxr,161440,003a9821da62f036597588ae40e542450df7f0b0
hqtex/flatlist/_win/00ae2938.ctxr,hqtex/flatlist/_win,00ae2938.ctxr,00ae2938,ctxr,10368,deb6038551dd8de940c528879b636711b1079aab
hqtex/flatlist/_win/00b114a0.ctxr,hqtex/flatlist/_win,00b114a0.ctxr,00b114a0,ctxr,15328,bbd8a66fa583f7504b636aaaa2f43f72f2da63d4
hqtex/flatlist/_win/00c615d8.ctxr,hqtex/flatlist/_win,00c615d8.ctxr,00c615d8,ctxr,161440,1207a13aa21e683eccd1c0e5935fbea697262827
hqtex/flatlist/_win/00d2be51.ctxr,hqtex/flatlist/_win,00d2be51.ctxr,00d2be51,ctxr,161440,fa801076968844f9f66e96d79ed6daa2228e6325
hqtex/flatlist/_win/book_inside00.bmp.ctxr,hqtex/flatlist/_win,book_inside00.bmp.ctxr,book_inside00.bmp,ctxr,52224,8d34a1ed1238103fdbc2b50bb2d463088d12bd62
hqtex/flatlist/_win/book_inside01.bmp.ctxr,hqtex/flatlist/_win,book_inside01.bmp.ctxr,book_inside01.bmp,ctxr,38528,a5867836af262722d232c8d9a4681f57b6e95703
hqtex/flatlist/_win/bos_vr_arm_ovl_sub_alp.bmp.ctxr,hqtex/flatlist/_win,bos_vr_arm_ovl_sub_alp.bmp.ctxr,bos_vr_arm_ovl_sub_alp.bmp,ctxr,65696,94e9d792b1c5cf8231585f577ccfa7b59b9f8250
hqtex/flatlist/_win/bos_vr_dmo_hand_ovl_sub_alp.bmp.ctxr,hqtex/flatlist/_win,bos_vr_dmo_hand_ovl_sub_alp.bmp.ctxr,bos_vr_dmo_hand_ovl_sub_alp.bmp,ctxr,65696,6f9b81f2d4c5b415b16b26980e823c0f6a0ebc23
hqtex/flatlist/_win/drone_light_a_alpx2_add_ovl.bmp.ctxr,hqtex/flatlist/_win,drone_light_a_alpx2_add_ovl.bmp.ctxr,drone_light_a_alpx2_add_ovl.bmp,ctxr,3040,68c523412f219581ca4dda1550a915c4d4352aab
hqtex/flatlist/_win/end_item_case_def_sub_ovl_alp.bmp.ctxr,hqtex/flatlist/_win,end_item_case_def_sub_ovl_alp.bmp.ctxr,end_item_case_def_sub_ovl_alp.bmp,ctxr,131232,a34ed7fc6ffa7d5d7242d2b1124348eb8cb7bfbd
hqtex/flatlist/_win/end_item_hp_coad_sub_ovl_alp.bmp.ctxr,hqtex/flatlist/_win,end_item_hp_coad_sub_ovl_alp.bmp.ctxr,end_item_hp_coad_sub_ovl_alp.bmp,ctxr,4256,b34bf462e992219a2874154e5c5e5e86143e4307
hqtex/flatlist/_win/end_item_hp_def_sub_ovl_alp.bmp.ctxr,hqtex/flatlist/_win,end_item_hp_def_sub_ovl_alp.bmp.ctxr,end_item_hp_def_sub_ovl_alp.bmp,ctxr,65696,4dc00d159c8efd671027b54582372fbd81807add
hqtex/flatlist/_win/end_item_hp_mc_sub_ovl_alp.bmp.ctxr,hqtex/flatlist/_win,end_item_hp_mc_sub_ovl_alp.bmp.ctxr,end_item_hp_mc_sub_ovl_alp.bmp,ctxr,65696,5077eda42015b34b95930dcdc7fb801a314f544f
hqtex/flatlist/_win/end_item_hp_md_sub_ovl_alp.bmp.ctxr,hqtex/flatlist/_win,end_item_hp_md_sub_ovl_alp.bmp.ctxr,end_item_hp_md_sub_ovl_alp.bmp,ctxr,4256,d3664e3842eca27e59b31d969dbff813c3f6afab
hqtex/flatlist/_win/end_item_hp_me_sub_ovl_alp.bmp.ctxr,hqtex/flatlist/_win,end_item_hp_me_sub_ovl_alp.bmp.ctxr,end_item_hp_me_sub_ovl_alp.bmp,ctxr,4256,920a43a5852a95fed3ed8c7f17ce04224f1bfdc0
hqtex/flatlist/_win/end_mgs3_face_def_sub_ovl_alp.bmp.ctxr,hqtex/flatlist/_win,end_mgs3_face_def_sub_ovl_alp.bmp.ctxr,end_mgs3_face_def_sub_ovl_alp.bmp,ctxr,2097312,b43d2635839584f8ec87df032dfcd18753b46146
hqtex/flatlist/_win/eve_cov_blood_ovl_alp.bmp.ctxr,hqtex/flatlist/_win,eve_cov_blood_ovl_alp.bmp.ctxr,eve_cov_blood_ovl_alp.bmp,ctxr,16704,79aac901968a5a2cbce741a42b876350627cc996
hqtex/flatlist/_win/eve_cov_burn_ovl_alp.bmp.ctxr,hqtex/flatlist/_win,eve_cov_burn_ovl_alp.bmp.ctxr,eve_cov_burn_ovl_alp.bmp,ctxr,16704,1a705290efab16c76ca08a927e89c1832dd923e8
hqtex/flatlist/_win/eve_def_watch_sub_ovl_alp.bmp.ctxr,hqtex/flatlist/_win,eve_def_watch_sub_ovl_alp.bmp.ctxr,eve_def_watch_sub_ovl_alp.bmp,ctxr,5280,75e0fd34b5c117914ee3c13403a53aa595400191
hqtex/flatlist/_win/eve_helm_ovl_sub_alp.bmp.ctxr,hqtex/flatlist/_win,eve_helm_ovl_sub_alp.bmp.ctxr,eve_helm_ovl_sub_alp.bmp,ctxr,4256,3966168794fe86120e9500577e0208085a41de35
hqtex/flatlist/_win/eve_item_glasses_ovl_alp.bmp.ctxr,hqtex/flatlist/_win,eve_item_glasses_ovl_alp.bmp.ctxr,eve_item_glasses_ovl_alp.bmp,ctxr,3712,4a566e85ba6a4d8db3d92c9a1f9e320cecd37e03
hqtex/flatlist/_win/eve_item_sunglasses_sub_ovl_alp.bmp.ctxr,hqtex/flatlist/_win,eve_item_sunglasses_sub_ovl_alp.bmp.ctxr,eve_item_sunglasses_sub_ovl_alp.bmp,ctxr,224,3083ec9241d5b3baf39a67402b5a472ae2f0f5f5
hqtex/flatlist/_win/eve_tac_arm_m390.bmp.ctxr,hqtex/flatlist/_win,eve_tac_arm_m390.bmp.ctxr,eve_tac_arm_m390.bmp,ctxr,54976,6e3d81b43b8ad451dfef2c1ba36f9386941bfdde
hqtex/flatlist/_win/eve_tac_arm_m390_sub_ovl_alp.bmp.ctxr,hqtex/flatlist/_win,eve_tac_arm_m390_sub_ovl_alp.bmp.ctxr,eve_tac_arm_m390_sub_ovl_alp.bmp,ctxr,41120,d5592be24e5a61c32abd35852baf90583eb23e62
hqtex/flatlist/_win/eve_tac_body_m390.bmp.ctxr,hqtex/flatlist/_win,eve_tac_body_m390.bmp.ctxr,eve_tac_body_m390.bmp,ctxr,165536,f39d7e60f82e52fdb03576475b32ff1066eb0e1c
hqtex/flatlist/_win/eve_tac_body_m390_sub_ovl_alp.bmp.ctxr,hqtex/flatlist/_win,eve_tac_body_m390_sub_ovl_alp.bmp.ctxr,eve_tac_body_m390_sub_ovl_alp.bmp,ctxr,124064,dc2ff8bd63d68a20cf20016371fb8e5db07bd682
hqtex/flatlist/_win/eve_tac_face_new.bmp.ctxr,hqtex/flatlist/_win,eve_tac_face_new.bmp.ctxr,eve_tac_face_new.bmp,ctxr,437280,b29c4966031533eb12440ac6c4a30ac3bb7c330d
hqtex/flatlist/_win/eve_tac_hand_new.bmp.ctxr,hqtex/flatlist/_win,eve_tac_hand_new.bmp.ctxr,eve_tac_hand_new.bmp,ctxr,34432,b8495d1e77a386fa63b9fa55ca85d0ecc88e13ea
hqtex/flatlist/_win/eve_tac_leg_ovl_alp_mod1120_emap.bmp.ctxr,hqtex/flatlist/_win,eve_tac_leg_ovl_alp_mod1120_emap.bmp.ctxr,eve_tac_leg_ovl_alp_mod1120_emap.bmp,ctxr,2016,008e0cd3230f235e8697fa1bccab9e3f9ec3c54d
hqtex/flatlist/_win/eve_tac_leg_right_m390.bmp.ctxr,hqtex/flatlist/_win,eve_tac_leg_right_m390.bmp.ctxr,eve_tac_leg_right_m390.bmp,ctxr,54976,2a90e8c07eaa66f9fd1e30c7a8773469cc6574f5
hqtex/flatlist/_win/eve_tac_leg_sub_ovl_alp.bmp.ctxr,hqtex/flatlist/_win,eve_tac_leg_sub_ovl_alp.bmp.ctxr,eve_tac_leg_sub_ovl_alp.bmp,ctxr,224,0fa25ccf6c657d8cce7edc0481829f653a18a137
hqtex/flatlist/_win/fea_face_ovl_sub_alp.bmp.ctxr,hqtex/flatlist/_win,fea_face_ovl_sub_alp.bmp.ctxr,fea_face_ovl_sub_alp.bmp,ctxr,1048736,407bae84b6562212c921896d34980b5ffa995778
hqtex/flatlist/_win/fea_face_ovl_sub_alp.bmp_2e26a714816fa118cc2280e6861df0a0.ctxr,hqtex/flatlist/_win,fea_face_ovl_sub_alp.bmp_2e26a714816fa118cc2280e6861df0a0.ctxr,fea_face_ovl_sub_alp.bmp_2e26a714816fa118cc2280e6861df0a0,ctxr,209056,9d0baf9e5006c645d06180c3d6b44080b8708f46
hqtex/flatlist/_win/fea_tongue_ovl_alp_mod1120_emap.bmp.ctxr,hqtex/flatlist/_win,fea_tongue_ovl_alp_mod1120_emap.bmp.ctxr,fea_tongue_ovl_alp_mod1120_emap.bmp,ctxr,2336,f5c9c409ef658e56140e691f90c602570a0c95e3
hqtex/flatlist/_win/fea_tongue_ovl_sub_alp.bmp.ctxr,hqtex/flatlist/_win,fea_tongue_ovl_sub_alp.bmp.ctxr,fea_tongue_ovl_sub_alp.bmp,ctxr,32928,c575a7afaf704c393b7cde9b405229ab520ef78b
hqtex/flatlist/_win/fsh_mid_hi_ovl_sub_alp.bmp.ctxr,hqtex/flatlist/_win,fsh_mid_hi_ovl_sub_alp.bmp.ctxr,fsh_mid_hi_ovl_sub_alp.bmp,ctxr,53408,e26a98e27682c669e140292aadaaac914c9c1782
hqtex/flatlist/_win/fsh_mid_kizu_ovl_sub_alp.bmp.ctxr,hqtex/flatlist/_win,fsh_mid_kizu_ovl_sub_alp.bmp.ctxr,fsh_mid_kizu_ovl_sub_alp.bmp,ctxr,40480,01093ff505a73e2fb27e30ab3575773a5a927e8a
hqtex/flatlist/_win/fury_def_gun_ovl_sub_alp.bmp.ctxr,hqtex/flatlist/_win,fury_def_gun_ovl_sub_alp.bmp.ctxr,fury_def_gun_ovl_sub_alp.bmp,ctxr,41120,d598f6c68080ae8613b2a2cc6cb44e0890b51079
hqtex/flatlist/_win/fur_damage_mask_ovl_sub_alp.bmp.ctxr,hqtex/flatlist/_win,fur_damage_mask_ovl_sub_alp.bmp.ctxr,fur_damage_mask_ovl_sub_alp.bmp,ctxr,65696,c3e5ba299190748f774e972111be2a74184a4236
hqtex/flatlist/_win/fur_damage_met_koge_sub_ovl_alp.bmp.ctxr,hqtex/flatlist/_win,fur_damage_met_koge_sub_ovl_alp.bmp.ctxr,fur_damage_met_koge_sub_ovl_alp.bmp,ctxr,98464,c983cb1d6ea1459356b060c4c9fba798543fa29f
hqtex/flatlist/_win/fur_damage_met_metal_ovl_sub_alp.bmp.ctxr,hqtex/flatlist/_win,fur_damage_met_metal_ovl_sub_alp.bmp.ctxr,fur_damage_met_metal_ovl_sub_alp.bmp,ctxr,25760,007d09c4f96c7c390e0f58ff33fb6856ab2a8972
hqtex/flatlist/_win/fur_def_body_ovl_sub_alp.bmp.ctxr,hqtex/flatlist/_win,fur_def_body_ovl_sub_alp.bmp.ctxr,fur_def_body_ovl_sub_alp.bmp,ctxr,262304,2c8088e05c2448d21ec974f1910cf07b00bbc437
hqtex/flatlist/_win/fur_def_hand_ovl_sub_alp.bmp.ctxr,hqtex/flatlist/_win,fur_def_hand_ovl_sub_alp.bmp.ctxr,fur_def_hand_ovl_sub_alp.bmp,ctxr,65696,d042f6c71a256a798deabdb1f987688ab3881e18
hqtex/flatlist/_win/fur_def_met_ovl_sub_alp.bmp.ctxr,hqtex/flatlist/_win,fur_def_met_ovl_sub_alp.bmp.ctxr,fur_def_met_ovl_sub_alp.bmp,ctxr,131232,12b099df989ded2e044ca27c141d489a39d35563
hqtex/flatlist/_win/fur_grass_ovl_sub_alp.bmp.ctxr,hqtex/flatlist/_win,fur_grass_ovl_sub_alp.bmp.ctxr,fur_grass_ovl_sub_alp.bmp,ctxr,4256,cae352b38a291b498b9d0473f4737bd6d9f5b159
hqtex/flatlist/_win/fur_jet_rock_ovl_alp.bmp.ctxr,hqtex/flatlist/_win,fur_jet_rock_ovl_alp.bmp.ctxr,fur_jet_rock_ovl_alp.bmp,ctxr,2336,cee0627b58a61c069ccad6641ed108102cc163c4
hqtex/flatlist/_win/fur_nosle_ovl_sub_alp.bmp.ctxr,hqtex/flatlist/_win,fur_nosle_ovl_sub_alp.bmp.ctxr,fur_nosle_ovl_sub_alp.bmp,ctxr,22240,309bcf707ecb71c6fe08d9173aa483c9d534fee4
hqtex/flatlist/_win/fur_reduct_body_ovl_sub_alp.bmp.ctxr,hqtex/flatlist/_win,fur_reduct_body_ovl_sub_alp.bmp.ctxr,fur_reduct_body_ovl_sub_alp.bmp,ctxr,262304,de4db151d651b45ea850dded9a0833017416d3a5
hqtex/flatlist/_win/fur_tank_ovl_sub_alp.bmp.ctxr,hqtex/flatlist/_win,fur_tank_ovl_sub_alp.bmp.ctxr,fur_tank_ovl_sub_alp.bmp,ctxr,131232,51b0e89fa90a3ba84a62ddc4e3b414b92b123607
hqtex/flatlist/_win/fur_tank_ovl_sub_alp.bmp_e5ad86817a7f99e1a232b23b41b84303.ctxr,hqtex/flatlist/_win,fur_tank_ovl_sub_alp.bmp_e5ad86817a7f99e1a232b23b41b84303.ctxr,fur_tank_ovl_sub_alp.bmp_e5ad86817a7f99e1a232b23b41b84303,ctxr,131232,48a2550321b2ffa5ba5eb5d57a37a59994669136
hqtex/flatlist/_win/gave_cus_marker_ovl_alpx2.trans.bmp.ctxr,hqtex/flatlist/_win,gave_cus_marker_ovl_alpx2.trans.bmp.ctxr,gave_cus_marker_ovl_alpx2.trans.bmp,ctxr,1632,0611233c98025c0279ab2efa81715c1b6910a65c
hqtex/flatlist/_win/homo_picture_01.bmp.ctxr,hqtex/flatlist/_win,homo_picture_01.bmp.ctxr,homo_picture_01.bmp,ctxr,246112,17f285b762f69867013e796116add0ecbe22b506
hqtex/flatlist/_win/ivn_belt_sub_ovl_alp.bmp.ctxr,hqtex/flatlist/_win,ivn_belt_sub_ovl_alp.bmp.ctxr,ivn_belt_sub_ovl_alp.bmp,ctxr,4000,d27e587b027edd1500d82cb10d3b532e7be8e55d
hqtex/flatlist/_win/ivn_briefs_sub_ovl_alp.bmp.ctxr,hqtex/flatlist/_win,ivn_briefs_sub_ovl_alp.bmp.ctxr,ivn_briefs_sub_ovl_alp.bmp,ctxr,37024,00b4eb0e66176c56eed157b1e482c458f8686637
hqtex/flatlist/_win/ivn_eye_ovl_sub_alp.bmp.ctxr,hqtex/flatlist/_win,ivn_eye_ovl_sub_alp.bmp.ctxr,ivn_eye_ovl_sub_alp.bmp,ctxr,4256,bdf60dd6573b2085943803a322fbe302a8153995
hqtex/flatlist/_win/ivn_face_def_sub_ovl_alp.bmp.ctxr,hqtex/flatlist/_win,ivn_face_def_sub_ovl_alp.bmp.ctxr,ivn_face_def_sub_ovl_alp.bmp,ctxr,198816,0e8c3dab5b7e8e3ad0b8a9afcf4c34971906250e
hqtex/flatlist/_win/ivn_head_belt_sub_ovl_alp.bmp.ctxr,hqtex/flatlist/_win,ivn_head_belt_sub_ovl_alp.bmp.ctxr,ivn_head_belt_sub_ovl_alp.bmp,ctxr,672,3fc4d721cc6ae0a4e6e5119f442f40558178fe60
hqtex/flatlist/_win/ivn_head_front_sub_ovl_alp.bmp.ctxr,hqtex/flatlist/_win,ivn_head_front_sub_ovl_alp.bmp.ctxr,ivn_head_front_sub_ovl_alp.bmp,ctxr,1184,021bbdebb9c63c305d65021abaf877aeb34130c2
hqtex/flatlist/_win/ivn_head_mark_sub_ovl_alp.bmp.ctxr,hqtex/flatlist/_win,ivn_head_mark_sub_ovl_alp.bmp.ctxr,ivn_head_mark_sub_ovl_alp.bmp,ctxr,24736,edc82c71e273a64f6fab71d638cfabfa8655eb88
hqtex/flatlist/_win/j01_1.bmp.ctxr,hqtex/flatlist/_win,j01_1.bmp.ctxr,j01_1.bmp,ctxr,33088,a554251ca743945da71f5ded4c120c4aee74a6b1
hqtex/flatlist/_win/j01_2.bmp.ctxr,hqtex/flatlist/_win,j01_2.bmp.ctxr,j01_2.bmp,ctxr,33088,a5232c00905d402018072da55989700041474efb
hqtex/flatlist/_win/j01_3.bmp.ctxr,hqtex/flatlist/_win,j01_3.bmp.ctxr,j01_3.bmp,ctxr,33088,e841e37e0842a8ff2d636235bce5b6b84b3d6d08
hqtex/flatlist/_win/j01_4.bmp.ctxr,hqtex/flatlist/_win,j01_4.bmp.ctxr,j01_4.bmp,ctxr,33088,587dbe507061473751753888ca6d669c7bd2c3ba
hqtex/flatlist/_win/j02_1.bmp.ctxr,hqtex/flatlist/_win,j02_1.bmp.ctxr,j02_1.bmp,ctxr,33088,f7534d9a8ccb708a3250cf3533965e6581acb066
hqtex/flatlist/_win/j02_2.bmp.ctxr,hqtex/flatlist/_win,j02_2.bmp.ctxr,j02_2.bmp,ctxr,33088,8cb354044b07aca747a265843a53d97ab04f0712
hqtex/flatlist/_win/j02_3.bmp.ctxr,hqtex/flatlist/_win,j02_3.bmp.ctxr,j02_3.bmp,ctxr,33088,4cb012e97a36d3fd2e688f72877166a6636f356e
hqtex/flatlist/_win/j02_4.bmp.ctxr,hqtex/flatlist/_win,j02_4.bmp.ctxr,j02_4.bmp,ctxr,33088,28dcf9ffbb57c5f83bcdafdb512c854934042f61
hqtex/flatlist/_win/j03_1.bmp.ctxr,hqtex/flatlist/_win,j03_1.bmp.ctxr,j03_1.bmp,ctxr,33088,7242bd9ba76e0f731319fad916b82a0394db6148
hqtex/flatlist/_win/j03_2.bmp.ctxr,hqtex/flatlist/_win,j03_2.bmp.ctxr,j03_2.bmp,ctxr,33088,5fc8ad75a7dc1663c34f0c6699e92368c717c4b5
hqtex/flatlist/_win/j03_3.bmp.ctxr,hqtex/flatlist/_win,j03_3.bmp.ctxr,j03_3.bmp,ctxr,33088,5ce77da3282873b0820d43cb800f63be87ca9bca
hqtex/flatlist/_win/j03_4.bmp.ctxr,hqtex/flatlist/_win,j03_4.bmp.ctxr,j03_4.bmp,ctxr,33088,a88c3fa519af0a4128389e562debc87b85e6f74f
hqtex/flatlist/_win/j04_1.bmp.ctxr,hqtex/flatlist/_win,j04_1.bmp.ctxr,j04_1.bmp,ctxr,33088,19d98e556903bcd1bf995a3232fc3811cfc4e4cf
hqtex/flatlist/_win/j04_2.bmp.ctxr,hqtex/flatlist/_win,j04_2.bmp.ctxr,j04_2.bmp,ctxr,33088,c1338bdd2fa416394c852675a149ec5ca015ead4
hqtex/flatlist/_win/j04_3.bmp.ctxr,hqtex/flatlist/_win,j04_3.bmp.ctxr,j04_3.bmp,ctxr,33088,bc20b853a3ae940b1f4068577f2647315325c929
hqtex/flatlist/_win/j04_4.bmp.ctxr,hqtex/flatlist/_win,j04_4.bmp.ctxr,j04_4.bmp,ctxr,33088,c62a70e37772beaf33156f58ad419892456fb28d
hqtex/flatlist/_win/j05_1.bmp.ctxr,hqtex/flatlist/_win,j05_1.bmp.ctxr,j05_1.bmp,ctxr,33088,81790381481aab40b0a16b483272d97123bf470d
hqtex/flatlist/_win/j05_2.bmp.ctxr,hqtex/flatlist/_win,j05_2.bmp.ctxr,j05_2.bmp,ctxr,33088,40c6d15073d48444e320e7b5d9396787f28c144a
hqtex/flatlist/_win/j05_3.bmp.ctxr,hqtex/flatlist/_win,j05_3.bmp.ctxr,j05_3.bmp,ctxr,33088,dae4bf595d2dee469fdc29ebf0ca35b7a857dff8
hqtex/flatlist/_win/j05_4.bmp.ctxr,hqtex/flatlist/_win,j05_4.bmp.ctxr,j05_4.bmp,ctxr,33088,27fdd759d8f02cb926a509b9b9b7fc78e9c709e6
hqtex/flatlist/_win/j06_1.bmp.ctxr,hqtex/flatlist/_win,j06_1.bmp.ctxr,j06_1.bmp,ctxr,33088,71397690dde4c8140f38ad60df28a3788d32dffb
hqtex/flatlist/_win/j06_2.bmp.ctxr,hqtex/flatlist/_win,j06_2.bmp.ctxr,j06_2.bmp,ctxr,33088,a0d6ea1a0f5d1498eca3ba1ba70dcd6cc5e4eee3
hqtex/flatlist/_win/j06_3.bmp.ctxr,hqtex/flatlist/_win,j06_3.bmp.ctxr,j06_3.bmp,ctxr,33088,d93cb3b76b4f3e84e52a6214b8d58a9ce4a8a065
hqtex/flatlist/_win/j06_4.bmp.ctxr,hqtex/flatlist/_win,j06_4.bmp.ctxr,j06_4.bmp,ctxr,33088,5ed4d3039f29f4290ee71da35f428ade187ae38d
hqtex/flatlist/_win/j08s_1.bmp.ctxr,hqtex/flatlist/_win,j08s_1.bmp.ctxr,j08s_1.bmp,ctxr,33088,8f5cfcbc8c456feb449e82ba6e5f77a69f720c82
hqtex/flatlist/_win/j08s_2.bmp.ctxr,hqtex/flatlist/_win,j08s_2.bmp.ctxr,j08s_2.bmp,ctxr,33088,1b7e49daecc1469f1d47770ba2661d62b2fe7ff9
hqtex/flatlist/_win/j08s_3.bmp.ctxr,hqtex/flatlist/_win,j08s_3.bmp.ctxr,j08s_3.bmp,ctxr,33088,66c363facac947ed98f8c7f9e5ef3e010b3e26f1
hqtex/flatlist/_win/j08s_4.bmp.ctxr,hqtex/flatlist/_win,j08s_4.bmp.ctxr,j08s_4.bmp,ctxr,33088,2d76d50f8781bc59716bee4be039e55bdb08eb82
hqtex/flatlist/_win/j09_1.bmp.ctxr,hqtex/flatlist/_win,j09_1.bmp.ctxr,j09_1.bmp,ctxr,33088,014bb42fad3d1a11f3858dd280802cddaf8273ed
hqtex/flatlist/_win/j09_2.bmp.ctxr,hqtex/flatlist/_win,j09_2.bmp.ctxr,j09_2.bmp,ctxr,33088,a7fc314e65d1de3468f8b473e4a1c6f3115e3054
hqtex/flatlist/_win/j09_3.bmp.ctxr,hqtex/flatlist/_win,j09_3.bmp.ctxr,j09_3.bmp,ctxr,33088,f827e1902ae9ed9330a9883aa2d5abb25866511d
hqtex/flatlist/_win/j09_4.bmp.ctxr,hqtex/flatlist/_win,j09_4.bmp.ctxr,j09_4.bmp,ctxr,33088,c225cb99e5b2a37466821cb0f6a4df53daa19456
hqtex/flatlist/_win/j11_1.bmp.ctxr,hqtex/flatlist/_win,j11_1.bmp.ctxr,j11_1.bmp,ctxr,33088,f57d7326a8cced858772662c3082967bba0a48d7
hqtex/flatlist/_win/j11_2.bmp.ctxr,hqtex/flatlist/_win,j11_2.bmp.ctxr,j11_2.bmp,ctxr,33088,72d7327fbc885128060bf84e313069cf8c6b35bf
hqtex/flatlist/_win/j11_3.bmp.ctxr,hqtex/flatlist/_win,j11_3.bmp.ctxr,j11_3.bmp,ctxr,33088,2f1c35736339d537731e0adc3fcc22b0b75e5208
hqtex/flatlist/_win/j11_4.bmp.ctxr,hqtex/flatlist/_win,j11_4.bmp.ctxr,j11_4.bmp,ctxr,33088,c0f00fc5f2ba21cbebdad01e43f183e980408841
hqtex/flatlist/_win/jonny_familiy_01.bmp.ctxr,hqtex/flatlist/_win,jonny_familiy_01.bmp.ctxr,jonny_familiy_01.bmp,ctxr,63136,34d404abb6e7878c07a7e96fa46554474f121e80
hqtex/flatlist/_win/oce_def_bull_cap.bmp.ctxr,hqtex/flatlist/_win,oce_def_bull_cap.bmp.ctxr,oce_def_bull_cap.bmp,ctxr,4032,8e05a20b7286a4b979ad6781ef0cb5d1022361b0
hqtex/flatlist/_win/oce_def_bull_cap_ovl_sub_alp.bmp.ctxr,hqtex/flatlist/_win,oce_def_bull_cap_ovl_sub_alp.bmp.ctxr,oce_def_bull_cap_ovl_sub_alp.bmp,ctxr,2976,e2889226c4e6cb8c139fd9dc4bdbf70dedda5209
hqtex/flatlist/_win/oce_def_eye_ovl_sub_alp.bmp.ctxr,hqtex/flatlist/_win,oce_def_eye_ovl_sub_alp.bmp.ctxr,oce_def_eye_ovl_sub_alp.bmp,ctxr,4256,ccf7d710e9bec23b80f874bea53f86197ed34b05
hqtex/flatlist/_win/oce_def_matuge_alp_ovl.bmp.ctxr,hqtex/flatlist/_win,oce_def_matuge_alp_ovl.bmp.ctxr,oce_def_matuge_alp_ovl.bmp,ctxr,13600,12f46366c56d7c812b899e3608ab91c9b48cb29e
hqtex/flatlist/_win/oce_def_tire_ovl_alp.bmp.ctxr,hqtex/flatlist/_win,oce_def_tire_ovl_alp.bmp.ctxr,oce_def_tire_ovl_alp.bmp,ctxr,24192,a8b9e54dfee3c8963927c58bf3a23b3de1977200
hqtex/flatlist/_win/pai_bridge_face_ovl_sub_alp.bmp.ctxr,hqtex/flatlist/_win,pai_bridge_face_ovl_sub_alp.bmp.ctxr,pai_bridge_face_ovl_sub_alp.bmp,ctxr,131232,da07b19b04e7cd8d0e0ed713e1a4dfe99c54a2a8
hqtex/flatlist/_win/pai_def_body_ovl_sub_alp.bmp.ctxr,hqtex/flatlist/_win,pai_def_body_ovl_sub_alp.bmp.ctxr,pai_def_body_ovl_sub_alp.bmp,ctxr,118944,dc2c4a1a2cbe99a086555b6c91fb3ccf2b3fe86c
hqtex/flatlist/_win/pai_def_boots_ovl_sub_alp.bmp.ctxr,hqtex/flatlist/_win,pai_def_boots_ovl_sub_alp.bmp.ctxr,pai_def_boots_ovl_sub_alp.bmp,ctxr,41120,a138908c9a31fabaec36fbc46fa115faaee0ec6b
hqtex/flatlist/_win/pai_def_bug_ovl_sub_alp.bmp.ctxr,hqtex/flatlist/_win,pai_def_bug_ovl_sub_alp.bmp.ctxr,pai_def_bug_ovl_sub_alp.bmp,ctxr,1184,4df69e4bdde7b153547498e0071d74ab4149314e
hqtex/flatlist/_win/pai_def_face_ovl_sub_alp.bmp.ctxr,hqtex/flatlist/_win,pai_def_face_ovl_sub_alp.bmp.ctxr,pai_def_face_ovl_sub_alp.bmp,ctxr,2097312,65e54d4e2dc48b05339dbac71cc3f462cb84cae7
hqtex/flatlist/_win/pai_def_hand_hi_ovl_sub_alp.bmp.ctxr,hqtex/flatlist/_win,pai_def_hand_hi_ovl_sub_alp.bmp.ctxr,pai_def_hand_hi_ovl_sub_alp.bmp,ctxr,19616,85993c78eebb637b65982fed180501ce8773b803
hqtex/flatlist/_win/pai_def_hand_low_ovl_sub_alp.bmp.ctxr,hqtex/flatlist/_win,pai_def_hand_low_ovl_sub_alp.bmp.ctxr,pai_def_hand_low_ovl_sub_alp.bmp,ctxr,19616,c86e9fe9dc0d516d4e872114375c1bd938215621
hqtex/flatlist/_win/pai_def_mask_ovl_sub_alp.bmp.ctxr,hqtex/flatlist/_win,pai_def_mask_ovl_sub_alp.bmp.ctxr,pai_def_mask_ovl_sub_alp.bmp,ctxr,47776,ba8e6c4af25741051f10b95df65d323eea8f82b5
hqtex/flatlist/_win/photo_gra_ota_0.bmp.ctxr,hqtex/flatlist/_win,photo_gra_ota_0.bmp.ctxr,photo_gra_ota_0.bmp,ctxr,267968,e43c89f5b0038c2bb3b2416545f89f75932993b9
hqtex/flatlist/_win/poster_m00_alp_ovl.bmp.ctxr,hqtex/flatlist/_win,poster_m00_alp_ovl.bmp.ctxr,poster_m00_alp_ovl.bmp,ctxr,45088,b8fc7c453c68ac8e7199aca083773352af3322d5
hqtex/flatlist/_win/poster_omake00_alp_ovl.bmp.ctxr,hqtex/flatlist/_win,poster_omake00_alp_ovl.bmp.ctxr,poster_omake00_alp_ovl.bmp,ctxr,33088,02184b744aac41105c7563cf5598ad69fc4450fb
hqtex/flatlist/_win/poster_omake00_alp_ovl.bmp_a3cc619ac656df83092e6eb5e5fc2a7a.ctxr,hqtex/flatlist/_win,poster_omake00_alp_ovl.bmp_a3cc619ac656df83092e6eb5e5fc2a7a.ctxr,poster_omake00_alp_ovl.bmp_a3cc619ac656df83092e6eb5e5fc2a7a,ctxr,59680,0b5e9e0d6a67c877dd2195b4cafbac03c87b47c6
hqtex/flatlist/_win/poster_omake01_alp_ovl.bmp.ctxr,hqtex/flatlist/_win,poster_omake01_alp_ovl.bmp.ctxr,poster_omake01_alp_ovl.bmp,ctxr,33088,e5106f3d7da4c7e333d296a29cd81cd222dae0f5
hqtex/flatlist/_win/poster_omake02_alp_mod0001_alpx2_ovl.bmp.ctxr,hqtex/flatlist/_win,poster_omake02_alp_mod0001_alpx2_ovl.bmp.ctxr,poster_omake02_alp_mod0001_alpx2_ovl.bmp,ctxr,175168,a25f614dcde595585d89a5d02e3971901550cbd6
hqtex/flatlist/_win/poster_ru00_alp_ovl.bmp.ctxr,hqtex/flatlist/_win,poster_ru00_alp_ovl.bmp.ctxr,poster_ru00_alp_ovl.bmp,ctxr,54976,fd02eaafc58caf6daa1aa112ec950761f1cbe461
hqtex/flatlist/_win/poster_tirn00_alp_ovl.bmp.ctxr,hqtex/flatlist/_win,poster_tirn00_alp_ovl.bmp.ctxr,poster_tirn00_alp_ovl.bmp,ctxr,24896,d502a36749e93b5e09144bf9cae7ff2d62987091
hqtex/flatlist/_win/poster_woman_a01_alp_ovl.bmp.ctxr,hqtex/flatlist/_win,poster_woman_a01_alp_ovl.bmp.ctxr,poster_woman_a01_alp_ovl.bmp,ctxr,16704,82e885ee0fb7234ebb78bf8c469b61e3f82168f0
hqtex/flatlist/_win/poster_woman_mod0001_alpx2_ovl.bmp.ctxr,hqtex/flatlist/_win,poster_woman_mod0001_alpx2_ovl.bmp.ctxr,poster_woman_mod0001_alpx2_ovl.bmp,ctxr,246112,c8010d642d84d6ae9b92438c58f753d0e945b677
hqtex/flatlist/_win/raiden_01_alp_ovl.bmp.ctxr,hqtex/flatlist/_win,raiden_01_alp_ovl.bmp.ctxr,raiden_01_alp_ovl.bmp,ctxr,6432,14c16e7be815da594e6f003bbe324609e011366b
hqtex/flatlist/_win/raiden_01_mod0001_alpx2_ovl.bmp.ctxr,hqtex/flatlist/_win,raiden_01_mod0001_alpx2_ovl.bmp.ctxr,raiden_01_mod0001_alpx2_ovl.bmp,ctxr,98656,567dd2e0aedb16228cfc7b8f82852bf6e6851e3c
hqtex/flatlist/_win/s001a_enkei1_rep.bmp.ctxr,hqtex/flatlist/_win,s001a_enkei1_rep.bmp.ctxr,s001a_enkei1_rep.bmp,ctxr,22370144,d9bba4c7a056173adc1ccba2a2e44e2c0cc8c5f5
hqtex/flatlist/_win/s001a_komorebi3_alpx2_ovl_rep_mod1001.bmp.ctxr,hqtex/flatlist/_win,s001a_komorebi3_alpx2_ovl_rep_mod1001.bmp.ctxr,s001a_komorebi3_alpx2_ovl_rep_mod1001.bmp,ctxr,349920,130ba867564092711f76cc33d0e46290afdadf6a
hqtex/flatlist/_win/s001a_tree_komorebi_alpx2_mod1001_ovl_rep.bmp.ctxr,hqtex/flatlist/_win,s001a_tree_komorebi_alpx2_mod1001_ovl_rep.bmp.ctxr,s001a_tree_komorebi_alpx2_mod1001_ovl_rep.bmp,ctxr,22176,efba5342e9509a15786de4ccde0047e00c6bc356
hqtex/flatlist/_win/s002a_komorebi2_alpx2_ovl_rep_mod1001.bmp.ctxr,hqtex/flatlist/_win,s002a_komorebi2_alpx2_ovl_rep_mod1001.bmp.ctxr,s002a_komorebi2_alpx2_ovl_rep_mod1001.bmp,ctxr,349920,e64d7b599c4d37c7f0c35e8f6abf6690cb8a63a4
hqtex/flatlist/_win/s002a_tree_komorebi3_alpx2_ovl_rep_mod1001.bmp.ctxr,hqtex/flatlist/_win,s002a_tree_komorebi3_alpx2_ovl_rep_mod1001.bmp.ctxr,s002a_tree_komorebi3_alpx2_ovl_rep_mod1001.bmp,ctxr,87744,01d654574a380e6e81d8a2c4d02b11c321048af1
hqtex/flatlist/_win/s044a_wallfont00_alp_ovl.bmp.ctxr,hqtex/flatlist/_win,s044a_wallfont00_alp_ovl.bmp.ctxr,s044a_wallfont00_alp_ovl.bmp,ctxr,4384,69b4c126c04edf572fb963021bf72f741ce35ae3
hqtex/flatlist/_win/s044a_wallfont01_alp_ovl.bmp.ctxr,hqtex/flatlist/_win,s044a_wallfont01_alp_ovl.bmp.ctxr,s044a_wallfont01_alp_ovl.bmp,ctxr,4384,510dee8d8dbee0e2df129e3397e2ec3ec3c4c9cc
hqtex/flatlist/_win/s052a_noon_stlight_kage_01_alp_ovl.bmp.ctxr,hqtex/flatlist/_win,s052a_noon_stlight_kage_01_alp_ovl.bmp.ctxr,s052a_noon_stlight_kage_01_alp_ovl.bmp,ctxr,8512,a8410a4b072b80eecc0e9f9941ba56c51062c792
hqtex/flatlist/_win/s052a_noon_stlight_kage_02_alp_ovl.bmp.ctxr,hqtex/flatlist/_win,s052a_noon_stlight_kage_02_alp_ovl.bmp.ctxr,s052a_noon_stlight_kage_02_alp_ovl.bmp,ctxr,8512,0d4c2e669bc727ebd43be893e754517a2a762e0c
hqtex/flatlist/_win/s053a_pos_woman00_alp_ovl.bmp.ctxr,hqtex/flatlist/_win,s053a_pos_woman00_alp_ovl.bmp.ctxr,s053a_pos_woman00_alp_ovl.bmp,ctxr,16704,b8a6b813ec0a164f66670d29e2068660bf4c5d84
hqtex/flatlist/_win/s055a_pos_woman00_alp_ovl.bmp.ctxr,hqtex/flatlist/_win,s055a_pos_woman00_alp_ovl.bmp.ctxr,s055a_pos_woman00_alp_ovl.bmp,ctxr,251584,0978661f33e6117241a80a0b9b4ef83b62817739
hqtex/flatlist/_win/s061a_komorebi2_alpx2_ovl_rep_mod1001.bmp.ctxr,hqtex/flatlist/_win,s061a_komorebi2_alpx2_ovl_rep_mod1001.bmp.ctxr,s061a_komorebi2_alpx2_ovl_rep_mod1001.bmp,ctxr,349920,3eb9e16afefdfb6ed9cca0712f80de835fc0181d
hqtex/flatlist/_win/s061a_tree_lit2_alpx2_ovl_rep_mod1001.bmp.ctxr,hqtex/flatlist/_win,s061a_tree_lit2_alpx2_ovl_rep_mod1001.bmp.ctxr,s061a_tree_lit2_alpx2_ovl_rep_mod1001.bmp,ctxr,11264,7224ef040831577e4883673333fda14647064017
hqtex/flatlist/_win/s063a_komorebi3_alpx2_ovl_rep_mod1001.bmp.ctxr,hqtex/flatlist/_win,s063a_komorebi3_alpx2_ovl_rep_mod1001.bmp.ctxr,s063a_komorebi3_alpx2_ovl_rep_mod1001.bmp,ctxr,349920,c98bbc37d23ee7d6ee304e4eade4ca6e973d6df9
hqtex/flatlist/_win/s101a_poster00.bmp.ctxr,hqtex/flatlist/_win,s101a_poster00.bmp.ctxr,s101a_poster00.bmp,ctxr,25888,5e0cf5f4144176e8b025933fd0405cde93a5d43a
hqtex/flatlist/_win/s131a_mog_stain_alp_ovl_01.bmp.ctxr,hqtex/flatlist/_win,s131a_mog_stain_alp_ovl_01.bmp.ctxr,s131a_mog_stain_alp_ovl_01.bmp,ctxr,87744,73dd1fad228c5df249afcaa6c46dc23cd518823d
hqtex/flatlist/_win/s221a_photo00_alp_ovl.bmp.ctxr,hqtex/flatlist/_win,s221a_photo00_alp_ovl.bmp.ctxr,s221a_photo00_alp_ovl.bmp,ctxr,93504,d79a5f657887125927885295d87b8b700056c50b
hqtex/flatlist/_win/sna_face_cell_hi_sub_ovl_alp.bmp.ctxr,hqtex/flatlist/_win,sna_face_cell_hi_sub_ovl_alp.bmp.ctxr,sna_face_cell_hi_sub_ovl_alp.bmp,ctxr,262304,2bfd81aefe41b43c407d0eb0ce4a28f516634089
hqtex/flatlist/_win/sna_item_saru.bmp.ctxr,hqtex/flatlist/_win,sna_item_saru.bmp.ctxr,sna_item_saru.bmp,ctxr,5760,7e25d12c83cdd812cbcc05d92eaa6819e561397f
hqtex/flatlist/_win/sna_item_saru_himo.bmp.ctxr,hqtex/flatlist/_win,sna_item_saru_himo.bmp.ctxr,sna_item_saru_himo.bmp,ctxr,576,2ddda0b404f52d207a28c561db54b8db25254c13
hqtex/flatlist/_win/sokorof_family_01.bmp.ctxr,hqtex/flatlist/_win,sokorof_family_01.bmp.ctxr,sokorof_family_01.bmp,ctxr,63136,7a705f0bda1e7d8aa5e16a8cb75730385d27e55c
hqtex/flatlist/_win/sok_coat_boots1_ovl_sub_alp.bmp.ctxr,hqtex/flatlist/_win,sok_coat_boots1_ovl_sub_alp.bmp.ctxr,sok_coat_boots1_ovl_sub_alp.bmp,ctxr,32928,66fc35ec08037da1fe48d0813de1ec12df3217f8
hqtex/flatlist/_win/sok_coat_boots2_ovl_sub_alp.bmp.ctxr,hqtex/flatlist/_win,sok_coat_boots2_ovl_sub_alp.bmp.ctxr,sok_coat_boots2_ovl_sub_alp.bmp,ctxr,65696,423c9d6e40514c6841522a6710278e483b5fa0ff
hqtex/flatlist/_win/sok_coat_eye_hi_ovl_sub_alp.bmp.ctxr,hqtex/flatlist/_win,sok_coat_eye_hi_ovl_sub_alp.bmp.ctxr,sok_coat_eye_hi_ovl_sub_alp.bmp,ctxr,16544,db4973827f95e6cb9adc5cb158e1060c6f4f1b34
hqtex/flatlist/_win/sor_hand_def_sub_ovl_alp.bmp.ctxr,hqtex/flatlist/_win,sor_hand_def_sub_ovl_alp.bmp.ctxr,sor_hand_def_sub_ovl_alp.bmp,ctxr,16544,69c2647cb7167602aaf37464e40af94509b28c3a
hqtex/flatlist/_win/sor_item_glass_def_ovl_sub_alp.bmp.ctxr,hqtex/flatlist/_win,sor_item_glass_def_ovl_sub_alp.bmp.ctxr,sor_item_glass_def_ovl_sub_alp.bmp,ctxr,1184,67b6f1162c3078385f1f7068c665d39592668cc7
hqtex/flatlist/_win/sor_item_glass_jnt_sub_ovl_alp.bmp.ctxr,hqtex/flatlist/_win,sor_item_glass_jnt_sub_ovl_alp.bmp.ctxr,sor_item_glass_jnt_sub_ovl_alp.bmp,ctxr,672,1bbc73659f69e00a71fb2ea8e54c4a6d7f6b2a89
hqtex/flatlist/_win/sor_item_glass_park_sub_ovl_alp.bmp.ctxr,hqtex/flatlist/_win,sor_item_glass_park_sub_ovl_alp.bmp.ctxr,sor_item_glass_park_sub_ovl_alp.bmp,ctxr,416,3313a237afbeb1f796748b953fc77617009cd119
hqtex/flatlist/_win/sor_item_glass_ref_sub_ovl_alp.bmp.ctxr,hqtex/flatlist/_win,sor_item_glass_ref_sub_ovl_alp.bmp.ctxr,sor_item_glass_ref_sub_ovl_alp.bmp,ctxr,1184,2ff65a8b58065abb9b96e1c0d784c6175cd9da41
hqtex/flatlist/_win/sor_mgs3_arm_park_smole_sub_ovl_alp.bmp.ctxr,hqtex/flatlist/_win,sor_mgs3_arm_park_smole_sub_ovl_alp.bmp.ctxr,sor_mgs3_arm_park_smole_sub_ovl_alp.bmp,ctxr,65696,933016f1402aee63f502828768a278fe52c2020e
hqtex/flatlist/_win/sor_mgs3_arm_park_sub_ovl_alp.bmp.ctxr,hqtex/flatlist/_win,sor_mgs3_arm_park_sub_ovl_alp.bmp.ctxr,sor_mgs3_arm_park_sub_ovl_alp.bmp,ctxr,65696,d5fc712f44541d02530020924a4e339083dcff39
hqtex/flatlist/_win/sor_mgs3_body_park_smole_sub_ovl_alp.bmp.ctxr,hqtex/flatlist/_win,sor_mgs3_body_park_smole_sub_ovl_alp.bmp.ctxr,sor_mgs3_body_park_smole_sub_ovl_alp.bmp,ctxr,131232,87e745ef1bfee6d70da6abc9090ab7a02e1f4c1a
hqtex/flatlist/_win/sor_mgs3_body_park_sub_ovl_alp.bmp.ctxr,hqtex/flatlist/_win,sor_mgs3_body_park_sub_ovl_alp.bmp.ctxr,sor_mgs3_body_park_sub_ovl_alp.bmp,ctxr,131232,fd6c9b9c43ffdb539cc81d34a130137e4cd69254
hqtex/flatlist/_win/sor_mgs3_eye_ovl_sub_alp.bmp.ctxr,hqtex/flatlist/_win,sor_mgs3_eye_ovl_sub_alp.bmp.ctxr,sor_mgs3_eye_ovl_sub_alp.bmp,ctxr,4256,7036c77e242f15989217aa42385dd101356445c9
hqtex/flatlist/_win/sor_mgs3_foot_goast_smole.bmp.ctxr,hqtex/flatlist/_win,sor_mgs3_foot_goast_smole.bmp.ctxr,sor_mgs3_foot_goast_smole.bmp,ctxr,175168,9da1cda673370226e940425dacd1fbcc0b64a2a2
hqtex/flatlist/_win/sor_mgs3_gun_belt_fuck_sub_ovl_alp.bmp.ctxr,hqtex/flatlist/_win,sor_mgs3_gun_belt_fuck_sub_ovl_alp.bmp.ctxr,sor_mgs3_gun_belt_fuck_sub_ovl_alp.bmp,ctxr,416,2825d4e8f05f7ab11d9cc9af183905551c084d88
hqtex/flatlist/_win/sor_mgs3_gun_belt_left_deth.bmp.ctxr,hqtex/flatlist/_win,sor_mgs3_gun_belt_left_deth.bmp.ctxr,sor_mgs3_gun_belt_left_deth.bmp,ctxr,44096,b2d4138d3efd235474e48cbba89295e79480ce47
hqtex/flatlist/_win/sor_mgs3_head_park_smole_sub_ovl_alp.bmp.ctxr,hqtex/flatlist/_win,sor_mgs3_head_park_smole_sub_ovl_alp.bmp.ctxr,sor_mgs3_head_park_smole_sub_ovl_alp.bmp,ctxr,32928,26c568334e1333929df57a99df3e0cd0d5d2be29
hqtex/flatlist/_win/sor_mgs3_head_park_sub_ovl_alp.bmp.ctxr,hqtex/flatlist/_win,sor_mgs3_head_park_sub_ovl_alp.bmp.ctxr,sor_mgs3_head_park_sub_ovl_alp.bmp,ctxr,32928,34c9694753857151da98bad7cb451a5576a79adb
hqtex/flatlist/_win/sub_maga.bmp.ctxr,hqtex/flatlist/_win,sub_maga.bmp.ctxr,sub_maga.bmp,ctxr,349920,3d774c03a53700d07cfcec1105c4b2f665886f9f
hqtex/flatlist/_win/sub_maga_item.bmp.ctxr,hqtex/flatlist/_win,sub_maga_item.bmp.ctxr,sub_maga_item.bmp,ctxr,101376,c714ad124944a1f8f027f6f880d34806b1643d70
hqtex/flatlist/_win/thu_body_def_sub_ovl_alp.bmp.ctxr,hqtex/flatlist/_win,thu_body_def_sub_ovl_alp.bmp.ctxr,thu_body_def_sub_ovl_alp.bmp,ctxr,196768,8e26b97f176b8ddf6db584d241d2cad0b212c7d2
hqtex/flatlist/_win/thu_coat_foot_sole_ovl_add_alp.bmp.ctxr,hqtex/flatlist/_win,thu_coat_foot_sole_ovl_add_alp.bmp.ctxr,thu_coat_foot_sole_ovl_add_alp.bmp,ctxr,10432,7560a0e8901866925a48f6c0f7d798dc503f7906
hqtex/flatlist/_win/thu_coat_toe_ovl_add_alp.bmp.ctxr,hqtex/flatlist/_win,thu_coat_toe_ovl_add_alp.bmp.ctxr,thu_coat_toe_ovl_add_alp.bmp,ctxr,7424,88bf2337326b330238ff7994cadf17ab69f30038
hqtex/flatlist/_win/thu_mgs3_arm_cord_sub_ovl_alpx2.bmp.ctxr,hqtex/flatlist/_win,thu_mgs3_arm_cord_sub_ovl_alpx2.bmp.ctxr,thu_mgs3_arm_cord_sub_ovl_alpx2.bmp,ctxr,131232,7dbb42544ce9d967af8b21b75de286c691ebf168
hqtex/flatlist/_win/thu_mgs3_face_hard_sub_ovl_alpx2.bmp.ctxr,hqtex/flatlist/_win,thu_mgs3_face_hard_sub_ovl_alpx2.bmp.ctxr,thu_mgs3_face_hard_sub_ovl_alpx2.bmp,ctxr,393376,91803311e86e9cf8c572ffdf4cb4716bb60a3da8
hqtex/flatlist/_win/yf_nozzle_a_ovl_alpx2.bmp.ctxr,hqtex/flatlist/_win,yf_nozzle_a_ovl_alpx2.bmp.ctxr,yf_nozzle_a_ovl_alpx2.bmp,ctxr,5760,d8386a5b1c47efd2eb716038a6b3a93b1eca6035
hqtex/flatlist/_win/yf_nozzle_b_ovl_alpx2.bmp.ctxr,hqtex/flatlist/_win,yf_nozzle_b_ovl_alpx2.bmp.ctxr,yf_nozzle_b_ovl_alpx2.bmp,ctxr,5760,3b6525347667541a574e6542351adac326bbf5ca
hqtex/flatlist/_win/yk1.bmp.ctxr,hqtex/flatlist/_win,yk1.bmp.ctxr,yk1.bmp,ctxr,502784,3c9e62eeec1e57f90b7231f4fd0566a4ef479142
hqtex/flatlist/_win/yk2.bmp.ctxr,hqtex/flatlist/_win,yk2.bmp.ctxr,yk2.bmp,ctxr,502784,e307d2b496828a5a693d08858041a2e8d8d8c723
logs/MGS3-Community-Bugfix-Compilation_Game.log,logs,MGS3-Community-Bugfix-Compilation_Game.log,MGS3-Community-Bugfix-Compilation_Game,log,14560,eaa7d494f923542e3f2208590381398dd7cda433
logs/MGS3-Community-Bugfix-Compilation_Launcher.log,logs,MGS3-Community-Bugfix-Compilation_Launcher.log,MGS3-Community-Bugfix-Compilation_Launcher,log,14560,eaa7d494f923542e3f2208590381398dd7cda433
logs/MGS3-Community-Bugfix-Compilation_README.md,logs,MGS3-Community-Bugfix-Compilation_README.md,MGS3-Community-Bugfix-Compilation_README,md,14560,eaa7d494f923542e3f2208590381398dd7cda433
plugins/MGS3-Community-Bugfix-Compilation.asi,plugins,MGS3-Community-Bugfix-Compilation.asi,MGS3-Community-Bugfix-Compilation,asi,1017344,3d2c2590c16cc320143173efa981274c4e0013cb
plugins/MGS3-Community-Bugfix-Compilation.ini,plugins,MGS3-Community-Bugfix-Compilation.ini,MGS3-Community-Bugfix-Compilation,ini,345,6412f1ab92f988455564543d315960279aa760cc
plugins/MGS3-Community-Bugfix-Compilation_LICENSE,plugins,MGS3-Community-Bugfix-Compilation_LICENSE,MGS3-Community-Bugfix-Compilation_LICENSE,,1084,54697608fa79f3d7608cd35fc6a7f99ce32d21d9
textures/flatlist/ovr_stm/ctrltype_kbd/_win/00425555.ctxr,textures/flatlist/ovr_stm/ctrltype_kbd/_win,00425555.ctxr,00425555,ctxr,32928,391ce7d72413d752b001c67a60deeeb3bddd1444
textures/flatlist/ovr_stm/ctrltype_nx/_win/00425555.ctxr,textures/flatlist/ovr_stm/ctrltype_nx/_win,00425555.ctxr,00425555,ctxr,32928,53d14f8d5c7034182e9045d2e8c2f8a9a1f4ae53
textures/flatlist/ovr_stm/ctrltype_ps2/ovr_eu/_win/004a230b.ctxr,textures/flatlist/ovr_stm/ctrltype_ps2/ovr_eu/_win,004a230b.ctxr,004a230b,ctxr,9376,1163a28ec55fd5e1c5575df93757b6389e9edfd0
textures/flatlist/ovr_stm/ctrltype_ps2/ovr_eu/_win/00ddd547.ctxr,textures/flatlist/ovr_stm/ctrltype_ps2/ovr_eu/_win,00ddd547.ctxr,00ddd547,ctxr,6560,b4f5917b21d45bbe2ac299dbecc8e69819997a40
textures/flatlist/ovr_stm/ctrltype_ps2/ovr_jp/_win/004a230b.ctxr,textures/flatlist/ovr_stm/ctrltype_ps2/ovr_jp/_win,004a230b.ctxr,004a230b,ctxr,9376,1163a28ec55fd5e1c5575df93757b6389e9edfd0
textures/flatlist/ovr_stm/ctrltype_ps2/ovr_jp/_win/00ddd547.ctxr,textures/flatlist/ovr_stm/ctrltype_ps2/ovr_jp/_win,00ddd547.ctxr,00ddd547,ctxr,6560,97b85b91d1d37bf4dc7754260c6c3d57ce0f6c3d
textures/flatlist/ovr_stm/ctrltype_ps2/ovr_us/_win/004a230b.ctxr,textures/flatlist/ovr_stm/ctrltype_ps2/ovr_us/_win,004a230b.ctxr,004a230b,ctxr,9376,1163a28ec55fd5e1c5575df93757b6389e9edfd0
textures/flatlist/ovr_stm/ctrltype_ps2/ovr_us/_win/00ddd547.ctxr,textures/flatlist/ovr_stm/ctrltype_ps2/ovr_us/_win,00ddd547.ctxr,00ddd547,ctxr,6560,b4f5917b21d45bbe2ac299dbecc8e69819997a40
textures/flatlist/ovr_stm/ctrltype_ps2/_win/00163d74.ctxr,textures/flatlist/ovr_stm/ctrltype_ps2/_win,00163d74.ctxr,00163d74,ctxr,131232,725a406aa06405a96d2a581ef7ba751dbc4fb6d1
textures/flatlist/ovr_stm/ctrltype_ps2/_win/001e4234.ctxr,textures/flatlist/ovr_stm/ctrltype_ps2/_win,001e4234.ctxr,001e4234,ctxr,76960,16f8f0e3b92e82974e3f9a27b2c2baa62e79c7c5
textures/flatlist/ovr_stm/ctrltype_ps2/_win/002a4e9e.ctxr,textures/flatlist/ovr_stm/ctrltype_ps2/_win,002a4e9e.ctxr,002a4e9e,ctxr,32928,719097298f352272423108142b2a22d03ae0fcb8
textures/flatlist/ovr_stm/ctrltype_ps2/_win/00360eea.ctxr,textures/flatlist/ovr_stm/ctrltype_ps2/_win,00360eea.ctxr,00360eea,ctxr,51360,310661fdb4fb99f621bea17afa1a6e464eb16ce7
textures/flatlist/ovr_stm/ctrltype_ps2/_win/003d0d74.ctxr,textures/flatlist/ovr_stm/ctrltype_ps2/_win,003d0d74.ctxr,003d0d74,ctxr,131232,edbab8bb2d42c0f119cfca315f9b320ffbb78639
textures/flatlist/ovr_stm/ctrltype_ps2/_win/00425555.ctxr,textures/flatlist/ovr_stm/ctrltype_ps2/_win,00425555.ctxr,00425555,ctxr,32928,251094d687c1b753550e96b62ab3de1112194a25
textures/flatlist/ovr_stm/ctrltype_ps2/_win/004a230b.ctxr,textures/flatlist/ovr_stm/ctrltype_ps2/_win,004a230b.ctxr,004a230b,ctxr,9376,1163a28ec55fd5e1c5575df93757b6389e9edfd0
textures/flatlist/ovr_stm/ctrltype_ps2/_win/0051fd77.ctxr,textures/flatlist/ovr_stm/ctrltype_ps2/_win,0051fd77.ctxr,0051fd77,ctxr,76960,99b5ea1d4b12d5628b99bd3b0723a59ddf0e1548
textures/flatlist/ovr_stm/ctrltype_ps2/_win/0053d847.ctxr,textures/flatlist/ovr_stm/ctrltype_ps2/_win,0053d847.ctxr,0053d847,ctxr,6560,d9499f7ac166ecc5ffdb8af6eb717a468f0198c2
textures/flatlist/ovr_stm/ctrltype_ps2/_win/007a0eb6.ctxr,textures/flatlist/ovr_stm/ctrltype_ps2/_win,007a0eb6.ctxr,007a0eb6,ctxr,65696,d91111dbe5a7d40863db205a0624d1817d72feab
textures/flatlist/ovr_stm/ctrltype_ps2/_win/00999367.img.ctxr,textures/flatlist/ovr_stm/ctrltype_ps2/_win,00999367.img.ctxr,00999367.img,ctxr,98464,9e8643ef00b4eea7368931954177f0b67199f7a3
textures/flatlist/ovr_stm/ctrltype_ps2/_win/00b60ec2.ctxr,textures/flatlist/ovr_stm/ctrltype_ps2/_win,00b60ec2.ctxr,00b60ec2,ctxr,65696,6179c739c0e6e5203f073ee0f623e042dfb8545b
textures/flatlist/ovr_stm/ctrltype_ps2/_win/00ca8477.ctxr,textures/flatlist/ovr_stm/ctrltype_ps2/_win,00ca8477.ctxr,00ca8477,ctxr,51360,74f57812367d09b7717363e02494b0d51042e28c
textures/flatlist/ovr_stm/ctrltype_ps2/_win/00d9fd74.ctxr,textures/flatlist/ovr_stm/ctrltype_ps2/_win,00d9fd74.ctxr,00d9fd74,ctxr,131232,4de53ee15d2838385314760373fc5ed869e28061
textures/flatlist/ovr_stm/ctrltype_ps2/_win/00ddd547.ctxr,textures/flatlist/ovr_stm/ctrltype_ps2/_win,00ddd547.ctxr,00ddd547,ctxr,6560,c34f3b93c52a4f7454a1735d40792c7ad7a76b3f
textures/flatlist/ovr_stm/ctrltype_ps2/_win/00e70eb8.ctxr,textures/flatlist/ovr_stm/ctrltype_ps2/_win,00e70eb8.ctxr,00e70eb8,ctxr,65696,d86da8c253c12e4d8d9aadaf4985cdec3571ba6d
textures/flatlist/ovr_stm/ctrltype_ps2/_win/00e786c5.img.ctxr,textures/flatlist/ovr_stm/ctrltype_ps2/_win,00e786c5.img.ctxr,00e786c5.img,ctxr,98464,e7b3238cb07376d57e4799367764f876a836bd39
textures/flatlist/ovr_stm/ctrltype_ps2/_win/00e9d866.ctxr,textures/flatlist/ovr_stm/ctrltype_ps2/_win,00e9d866.ctxr,00e9d866,ctxr,6560,6ce9f4fb8b612a500c0733b75b481e2fc45175b8
textures/flatlist/ovr_stm/ctrltype_ps2/_win/bp_x_and_a_buttons.ctxr,textures/flatlist/ovr_stm/ctrltype_ps2/_win,bp_x_and_a_buttons.ctxr,bp_x_and_a_buttons,ctxr,6560,cc37bddd9f07f302201c1aadc4e2574dd8a82f69
textures/flatlist/ovr_stm/ctrltype_ps4/_win/00425555.ctxr,textures/flatlist/ovr_stm/ctrltype_ps4/_win,00425555.ctxr,00425555,ctxr,32928,251094d687c1b753550e96b62ab3de1112194a25
textures/flatlist/ovr_stm/ctrltype_ps5/_win/00425555.ctxr,textures/flatlist/ovr_stm/ctrltype_ps5/_win,00425555.ctxr,00425555,ctxr,32928,251094d687c1b753550e96b62ab3de1112194a25
textures/flatlist/ovr_stm/ctrltype_stmd/_win/00425555.ctxr,textures/flatlist/ovr_stm/ctrltype_stmd/_win,00425555.ctxr,00425555,ctxr,32928,251094d687c1b753550e96b62ab3de1112194a25
textures/flatlist/ovr_stm/ctrltype_xs/_win/00425555.ctxr,textures/flatlist/ovr_stm/ctrltype_xs/_win,00425555.ctxr,00425555,ctxr,32928,93fd9550f0b0d7af9a0cc14433e56c10206aa5cf
textures/flatlist/ovr_stm/ovr_eu/_win/00040da5.ctxr,textures/flatlist/ovr_stm/ovr_eu/_win,00040da5.ctxr,00040da5,ctxr,16544,ff165a5d014cb8a033de1d9fbf6756e3cbcf8171
textures/flatlist/ovr_stm/ovr_eu/_win/00393ebb.ctxr,textures/flatlist/ovr_stm/ovr_eu/_win,00393ebb.ctxr,00393ebb,ctxr,2359456,cd891326c5de5c36bd855e0f084cb1ee6ec7ea98
textures/flatlist/ovr_stm/ovr_eu/_win/00454202.ctxr,textures/flatlist/ovr_stm/ovr_eu/_win,00454202.ctxr,00454202,ctxr,129208,d4b81f2973fe49cb5bb3ba6fd37b7fcb28ae1b06
textures/flatlist/ovr_stm/ovr_eu/_win/004f0fb2.ctxr,textures/flatlist/ovr_stm/ovr_eu/_win,004f0fb2.ctxr,004f0fb2,ctxr,8352,2c8cc8578e455e64b80e56ff16697181d2810896
textures/flatlist/ovr_stm/ovr_eu/_win/004f81ad.ctxr,textures/flatlist/ovr_stm/ovr_eu/_win,004f81ad.ctxr,004f81ad,ctxr,4194464,87930a828cc7c68608f44b4068f8087b0e47858f
textures/flatlist/ovr_stm/ovr_eu/_win/004fa1ad.ctxr,textures/flatlist/ovr_stm/ovr_eu/_win,004fa1ad.ctxr,004fa1ad,ctxr,4194464,b1309607113f97c51516c8cd1cc4b8aa39751570
textures/flatlist/ovr_stm/ovr_eu/_win/0056594d.ctxr,textures/flatlist/ovr_stm/ovr_eu/_win,0056594d.ctxr,0056594d,ctxr,4194464,ad1a2700a3dd04c321f7515aa44bcf156b49e4f9
textures/flatlist/ovr_stm/ovr_eu/_win/0056694d.ctxr,textures/flatlist/ovr_stm/ovr_eu/_win,0056694d.ctxr,0056694d,ctxr,4194464,cc4fe05087352faa01f6673b876d27e7c5ba3b10
textures/flatlist/ovr_stm/ovr_eu/_win/0056794d.ctxr,textures/flatlist/ovr_stm/ovr_eu/_win,0056794d.ctxr,0056794d,ctxr,4194464,a2a0c21b5a803c8eddc67723081cf4c0c281531a
textures/flatlist/ovr_stm/ovr_eu/_win/00581d5d.ctxr,textures/flatlist/ovr_stm/ovr_eu/_win,00581d5d.ctxr,00581d5d,ctxr,4194464,b7fbd93b929c961a441e0644af99bd0aade7d7d9
textures/flatlist/ovr_stm/ovr_eu/_win/00582d5d.ctxr,textures/flatlist/ovr_stm/ovr_eu/_win,00582d5d.ctxr,00582d5d,ctxr,4194464,3ef089aab1a235948017dad51b05f09381f8423b
textures/flatlist/ovr_stm/ovr_eu/_win/00583d5d.ctxr,textures/flatlist/ovr_stm/ovr_eu/_win,00583d5d.ctxr,00583d5d,ctxr,4194464,e810f6d48d6434e1f8e363bec24ea3690f872e6f
textures/flatlist/ovr_stm/ovr_eu/_win/005ce186.ctxr,textures/flatlist/ovr_stm/ovr_eu/_win,005ce186.ctxr,005ce186,ctxr,4194464,2b48a152ddd880634116749b448c2eab1586d5ed
textures/flatlist/ovr_stm/ovr_eu/_win/005cf186.ctxr,textures/flatlist/ovr_stm/ovr_eu/_win,005cf186.ctxr,005cf186,ctxr,4194464,fd7cf3de99329deec13689b5f8388715890e6c4f
textures/flatlist/ovr_stm/ovr_eu/_win/005d0186.ctxr,textures/flatlist/ovr_stm/ovr_eu/_win,005d0186.ctxr,005d0186,ctxr,4194464,e9e76367ff0d8aeb454667cefdba4f94bb3d36b0
textures/flatlist/ovr_stm/ovr_eu/_win/005e568e.ctxr,textures/flatlist/ovr_stm/ovr_eu/_win,005e568e.ctxr,005e568e,ctxr,4194464,3e701f042c20186fd3f7d4a8e43e36203f28348d
textures/flatlist/ovr_stm/ovr_eu/_win/005e668e.ctxr,textures/flatlist/ovr_stm/ovr_eu/_win,005e668e.ctxr,005e668e,ctxr,4194464,66c4bd65cb237d78f679d162e673797432120a5b
textures/flatlist/ovr_stm/ovr_eu/_win/005e768e.ctxr,textures/flatlist/ovr_stm/ovr_eu/_win,005e768e.ctxr,005e768e,ctxr,4194464,19468a0975ae52106cfbb9217f5256020a0ccabc
textures/flatlist/ovr_stm/ovr_eu/_win/0063a8f6.ctxr,textures/flatlist/ovr_stm/ovr_eu/_win,0063a8f6.ctxr,0063a8f6,ctxr,4194464,22ac4e6744de2ec655912d377fdc2c8d2c6286fd
textures/flatlist/ovr_stm/ovr_eu/_win/0063b8f6.ctxr,textures/flatlist/ovr_stm/ovr_eu/_win,0063b8f6.ctxr,0063b8f6,ctxr,4194464,8dc0f64b23cb802857e77b3b6e8bd295a181a567
textures/flatlist/ovr_stm/ovr_eu/_win/006adf8b.ctxr,textures/flatlist/ovr_stm/ovr_eu/_win,006adf8b.ctxr,006adf8b,ctxr,4194464,9ff1c66200ac44dee28665d43b30341ff65ed40b
textures/flatlist/ovr_stm/ovr_eu/_win/006aef8b.ctxr,textures/flatlist/ovr_stm/ovr_eu/_win,006aef8b.ctxr,006aef8b,ctxr,4194464,df2b6d372a0bba061f25976edd88103b55351bc2
textures/flatlist/ovr_stm/ovr_eu/_win/006aff8b.ctxr,textures/flatlist/ovr_stm/ovr_eu/_win,006aff8b.ctxr,006aff8b,ctxr,4194464,e76fc2774e028126478c879919c13c83b4c73a99
textures/flatlist/ovr_stm/ovr_eu/_win/0075dece.ctxr,textures/flatlist/ovr_stm/ovr_eu/_win,0075dece.ctxr,0075dece,ctxr,4194464,99275c4d1244edf3db2e0b62756d9b7e8333f6a6
textures/flatlist/ovr_stm/ovr_eu/_win/0075eece.ctxr,textures/flatlist/ovr_stm/ovr_eu/_win,0075eece.ctxr,0075eece,ctxr,4194464,2c74eb8b3f6fa4ac17818c8d6f8f0b0184cc3d6a
textures/flatlist/ovr_stm/ovr_eu/_win/0075fece.ctxr,textures/flatlist/ovr_stm/ovr_eu/_win,0075fece.ctxr,0075fece,ctxr,4194464,33eddd0c6faac93143bdba88a637abae937b2e65
textures/flatlist/ovr_stm/ovr_eu/_win/007b8516.ctxr,textures/flatlist/ovr_stm/ovr_eu/_win,007b8516.ctxr,007b8516,ctxr,4194464,57494e0767c0bcb61cc01e23fbb2d648f6e2d3b5
textures/flatlist/ovr_stm/ovr_eu/_win/007b9516.ctxr,textures/flatlist/ovr_stm/ovr_eu/_win,007b9516.ctxr,007b9516,ctxr,4194464,5b826f83c1b1624bfa7b8ec07828b3f4f7460716
textures/flatlist/ovr_stm/ovr_eu/_win/007ba516.ctxr,textures/flatlist/ovr_stm/ovr_eu/_win,007ba516.ctxr,007ba516,ctxr,4194464,b07e8dd526e18a556f5bb3a0ec9c988f318d9690
textures/flatlist/ovr_stm/ovr_eu/_win/00812743.ctxr,textures/flatlist/ovr_stm/ovr_eu/_win,00812743.ctxr,00812743,ctxr,4194464,03128fa951e4090907537a4b3e79449f873854de
textures/flatlist/ovr_stm/ovr_eu/_win/00813743.ctxr,textures/flatlist/ovr_stm/ovr_eu/_win,00813743.ctxr,00813743,ctxr,4194464,68f25dd01323fc1feff13369ff2f58c7b4419340
textures/flatlist/ovr_stm/ovr_eu/_win/00814743.ctxr,textures/flatlist/ovr_stm/ovr_eu/_win,00814743.ctxr,00814743,ctxr,4194464,8d84a07053e7529c7931548eb20cc99180f8c133
textures/flatlist/ovr_stm/ovr_eu/_win/008a85bb.ctxr,textures/flatlist/ovr_stm/ovr_eu/_win,008a85bb.ctxr,008a85bb,ctxr,4194464,153d12c71c032d4eeef1c700ec5394ecc25ab9e3
textures/flatlist/ovr_stm/ovr_eu/_win/008aa5bb.ctxr,textures/flatlist/ovr_stm/ovr_eu/_win,008aa5bb.ctxr,008aa5bb,ctxr,4194464,b8b11352c9984af2f84e930317155841b7f937dd
textures/flatlist/ovr_stm/ovr_eu/_win/00bd89a1.img.ctxr,textures/flatlist/ovr_stm/ovr_eu/_win,00bd89a1.img.ctxr,00bd89a1.img,ctxr,393376,6883bfed07925c1f57f42e1bab2be80571340bab
textures/flatlist/ovr_stm/ovr_eu/_win/00c8c0af.ctxr,textures/flatlist/ovr_stm/ovr_eu/_win,00c8c0af.ctxr,00c8c0af,ctxr,37024,b76ea09b5903b2ca23666a0e783aedec3566d218
textures/flatlist/ovr_stm/ovr_eu/_win/00e11a3e.ctxr,textures/flatlist/ovr_stm/ovr_eu/_win,00e11a3e.ctxr,00e11a3e,ctxr,3308416,7813c27116e8b055ad544bee38efb87233e74584
textures/flatlist/ovr_stm/ovr_eu/_win/00ede1ab.ctxr,textures/flatlist/ovr_stm/ovr_eu/_win,00ede1ab.ctxr,00ede1ab,ctxr,4194464,d4a8204dd177eb2428bbb1709a30c7d7e9592b7b
textures/flatlist/ovr_stm/ovr_eu/_win/00edf1ab.ctxr,textures/flatlist/ovr_stm/ovr_eu/_win,00edf1ab.ctxr,00edf1ab,ctxr,4194464,b6b34e9add22c7345ad11412655ea19f0685abe4
textures/flatlist/ovr_stm/ovr_eu/_win/00ee01ab.ctxr,textures/flatlist/ovr_stm/ovr_eu/_win,00ee01ab.ctxr,00ee01ab,ctxr,4194464,a1d1ae28e8f0f1592bd2e5f17b787a88943b3118
textures/flatlist/ovr_stm/ovr_eu/_win/00f1c0b1.ctxr,textures/flatlist/ovr_stm/ovr_eu/_win,00f1c0b1.ctxr,00f1c0b1,ctxr,37024,ee3e55ead406bde00c42e6d1b9112192dc678cbe
textures/flatlist/ovr_stm/ovr_eu/_win/00fb98ac.ctxr,textures/flatlist/ovr_stm/ovr_eu/_win,00fb98ac.ctxr,00fb98ac,ctxr,4194464,43bde229cd331fb36033a2b8165fa1d3b0263954
textures/flatlist/ovr_stm/ovr_eu/_win/00fba8ac.ctxr,textures/flatlist/ovr_stm/ovr_eu/_win,00fba8ac.ctxr,00fba8ac,ctxr,4194464,b4a2e8ed7f605be68e2f4f390c357765c7bf8267
textures/flatlist/ovr_stm/ovr_eu/_win/00fbb8ac.ctxr,textures/flatlist/ovr_stm/ovr_eu/_win,00fbb8ac.ctxr,00fbb8ac,ctxr,4194464,0252c725c429d9edb6806b71715f970dfdd21fb8
textures/flatlist/ovr_stm/ovr_eu/_win/00fc60e2.ctxr,textures/flatlist/ovr_stm/ovr_eu/_win,00fc60e2.ctxr,00fc60e2,ctxr,129208,d4b81f2973fe49cb5bb3ba6fd37b7fcb28ae1b06
textures/flatlist/ovr_stm/ovr_eu/_win/eve_def_face_fix_new.bmp.ctxr,textures/flatlist/ovr_stm/ovr_eu/_win,eve_def_face_fix_new.bmp.ctxr,eve_def_face_fix_new.bmp,ctxr,437280,4e70578397899cda94d69cb8645677a4201d7d60
textures/flatlist/ovr_stm/ovr_eu/_win/eve_naked_face_fix.bmp.ctxr,textures/flatlist/ovr_stm/ovr_eu/_win,eve_naked_face_fix.bmp.ctxr,eve_naked_face_fix.bmp,ctxr,437280,ad5f84295c332d50314703b8d3a7fd6ce2528e50
textures/flatlist/ovr_stm/ovr_eu/_win/eve_tac_face_fix.bmp.ctxr,textures/flatlist/ovr_stm/ovr_eu/_win,eve_tac_face_fix.bmp.ctxr,eve_tac_face_fix.bmp,ctxr,437280,98c6528a708764721da5971df831cd6c1b596394
textures/flatlist/ovr_stm/ovr_eu/_win/eve_tac_face_fix_new.bmp.ctxr,textures/flatlist/ovr_stm/ovr_eu/_win,eve_tac_face_fix_new.bmp.ctxr,eve_tac_face_fix_new.bmp,ctxr,437280,7aad27b20646ef812ba1b652ce49537fa0bca076
textures/flatlist/ovr_stm/ovr_eu/_win/eve_tac_face_new.bmp.ctxr,textures/flatlist/ovr_stm/ovr_eu/_win,eve_tac_face_new.bmp.ctxr,eve_tac_face_new.bmp,ctxr,437280,04a02a6c0f462f0df64bd8c68de4b97dbf483d37
textures/flatlist/ovr_stm/ovr_eu/_win/h_bottle_ovl_alp.bmp.ctxr,textures/flatlist/ovr_stm/ovr_eu/_win,h_bottle_ovl_alp.bmp.ctxr,h_bottle_ovl_alp.bmp,ctxr,87744,18843fb7f6e9f651f0c83a310d1a927fcaa0990c
textures/flatlist/ovr_stm/ovr_eu/_win/s112a_cell_floor_01_alp_ovl.bmp.ctxr,textures/flatlist/ovr_stm/ovr_eu/_win,s112a_cell_floor_01_alp_ovl.bmp.ctxr,s112a_cell_floor_01_alp_ovl.bmp,ctxr,1398528,d44bb70844590019324e7018da8a4e203b6fe2be
textures/flatlist/ovr_stm/ovr_eu/_win/s112a_hibi_01_alp_ovl.bmp.ctxr,textures/flatlist/ovr_stm/ovr_eu/_win,s112a_hibi_01_alp_ovl.bmp.ctxr,s112a_hibi_01_alp_ovl.bmp,ctxr,65920,7a2f3d5b13bbae699c66a6d908d31ea1d9106053
textures/flatlist/ovr_stm/ovr_eu/_win/s122a_fence_alp_ovl_01.bmp.ctxr,textures/flatlist/ovr_stm/ovr_eu/_win,s122a_fence_alp_ovl_01.bmp.ctxr,s122a_fence_alp_ovl_01.bmp,ctxr,175168,d724bce3acfff163890cb136e23e00a2c73e22df
textures/flatlist/ovr_stm/ovr_eu/_win/s171a_mogi_fence_alp_ovl_rep_01.bmp.ctxr,textures/flatlist/ovr_stm/ovr_eu/_win,s171a_mogi_fence_alp_ovl_rep_01.bmp.ctxr,s171a_mogi_fence_alp_ovl_rep_01.bmp,ctxr,175168,083ee1ac0b43c0710a2918d800183b85a6733c93
textures/flatlist/ovr_stm/ovr_eu/_win/s171a_mo_fence_alp_ovl_rep_01.bmp.ctxr,textures/flatlist/ovr_stm/ovr_eu/_win,s171a_mo_fence_alp_ovl_rep_01.bmp.ctxr,s171a_mo_fence_alp_ovl_rep_01.bmp,ctxr,349920,72beefd65fd57862bcb9a181c17ad6553be45484
textures/flatlist/ovr_stm/ovr_eu/_win/sga_cigar01_brake.bmp.ctxr,textures/flatlist/ovr_stm/ovr_eu/_win,sga_cigar01_brake.bmp.ctxr,sga_cigar01_brake.bmp,ctxr,349920,878b1aa627b360f7fcfbad9518dc3c3d4c346fa4
textures/flatlist/ovr_stm/ovr_eu/_win/sga_cigar_origin.bmp.ctxr,textures/flatlist/ovr_stm/ovr_eu/_win,sga_cigar_origin.bmp.ctxr,sga_cigar_origin.bmp,ctxr,349920,ff8965762eae2e9c36f29ad8845d6ad69c22bd68
textures/flatlist/ovr_stm/ovr_eu/_win/sna_def_hair_front_ovl_alp.bmp.ctxr,textures/flatlist/ovr_stm/ovr_eu/_win,sna_def_hair_front_ovl_alp.bmp.ctxr,sna_def_hair_front_ovl_alp.bmp,ctxr,12608,94e428e4d70e90f23eb2d46b547254314d625e21
textures/flatlist/ovr_stm/ovr_eu/_win/sna_def_olive.bmp_250c64d61d6d43eebe785ba570084310.ctxr,textures/flatlist/ovr_stm/ovr_eu/_win,sna_def_olive.bmp_250c64d61d6d43eebe785ba570084310.ctxr,sna_def_olive.bmp_250c64d61d6d43eebe785ba570084310,ctxr,349952,9699568e52e107b7be66df06ab831171d0a5fcdb
textures/flatlist/ovr_stm/ovr_eu/_win/sna_face_cell_hi.bmp.ctxr,textures/flatlist/ovr_stm/ovr_eu/_win,sna_face_cell_hi.bmp.ctxr,sna_face_cell_hi.bmp,ctxr,1398560,261fa7c4725925bc1f69273dcbb67881c0964e95
textures/flatlist/ovr_stm/ovr_eu/_win/sna_face_dam_eye_ovl_alp.bmp.ctxr,textures/flatlist/ovr_stm/ovr_eu/_win,sna_face_dam_eye_ovl_alp.bmp.ctxr,sna_face_dam_eye_ovl_alp.bmp,ctxr,175168,9a639ca2189cae94db8110a53b69ba4add457926
textures/flatlist/ovr_stm/ovr_eu/_win/sna_face_ed_def.bmp.ctxr,textures/flatlist/ovr_stm/ovr_eu/_win,sna_face_ed_def.bmp.ctxr,sna_face_ed_def.bmp,ctxr,2796672,e8dd404431870fa6e13450e48e9d46520697e020
textures/flatlist/ovr_stm/ovr_eu/_win/sna_face_vr_sta_ovl_alp.bmp.ctxr,textures/flatlist/ovr_stm/ovr_eu/_win,sna_face_vr_sta_ovl_alp.bmp.ctxr,sna_face_vr_sta_ovl_alp.bmp,ctxr,699488,85788743cb061b8d053b78c1409190c2fa19f208
textures/flatlist/ovr_stm/ovr_eu/_win/sna_flirt_tiger.bmp.ctxr,textures/flatlist/ovr_stm/ovr_eu/_win,sna_flirt_tiger.bmp.ctxr,sna_flirt_tiger.bmp,ctxr,1398560,6e5a82199ab7981c00e66f00d4a2e24ec004a99c
textures/flatlist/ovr_stm/ovr_eu/_win/sna_foot_naked_flirt.bmp.ctxr,textures/flatlist/ovr_stm/ovr_eu/_win,sna_foot_naked_flirt.bmp.ctxr,sna_foot_naked_flirt.bmp,ctxr,699488,9b197c8ea3dec46047be68d0d4bc68a64ba531ff
textures/flatlist/ovr_stm/ovr_eu/_win/sna_foot_naked_tor.bmp.ctxr,textures/flatlist/ovr_stm/ovr_eu/_win,sna_foot_naked_tor.bmp.ctxr,sna_foot_naked_tor.bmp,ctxr,699488,90d1eb82c0da33ec7ae275e99611b2a94588f211
textures/flatlist/ovr_stm/ovr_eu/_win/sna_foot_naked_tor.bmp_73f755c5eb2ba5efb9fbd155062db075.ctxr,textures/flatlist/ovr_stm/ovr_eu/_win,sna_foot_naked_tor.bmp_73f755c5eb2ba5efb9fbd155062db075.ctxr,sna_foot_naked_tor.bmp_73f755c5eb2ba5efb9fbd155062db075,ctxr,699488,3aadcb7378ac65eb3a513885c2895b74769050cd
textures/flatlist/ovr_stm/ovr_eu/_win/sna_hair_back_ovl_alp.bmp.ctxr,textures/flatlist/ovr_stm/ovr_eu/_win,sna_hair_back_ovl_alp.bmp.ctxr,sna_hair_back_ovl_alp.bmp,ctxr,45376,5a1655296c5bd5a8d1f7b659462e976f35a46173
textures/flatlist/ovr_stm/ovr_eu/_win/sna_suit_tears.bmp.ctxr,textures/flatlist/ovr_stm/ovr_eu/_win,sna_suit_tears.bmp.ctxr,sna_suit_tears.bmp,ctxr,175168,01bb4bec3684b5e2dd60b61bafb6d3680069abc7
textures/flatlist/ovr_stm/ovr_eu/_win/sna_suit_tears_sub_ovl_alp.bmp.ctxr,textures/flatlist/ovr_stm/ovr_eu/_win,sna_suit_tears_sub_ovl_alp.bmp.ctxr,sna_suit_tears_sub_ovl_alp.bmp,ctxr,131232,c8c348249085b70ab864b2f37756ad3bf01fb8ed
textures/flatlist/ovr_stm/ovr_eu/_win/sna_tears_ovl_alp.bmp.ctxr,textures/flatlist/ovr_stm/ovr_eu/_win,sna_tears_ovl_alp.bmp.ctxr,sna_tears_ovl_alp.bmp,ctxr,11264,0952b291f4c58c7e18521fffe9eec184fb8db639
textures/flatlist/ovr_stm/ovr_eu/_win/vva_first_aid_kit_alp_ovl.bmp.ctxr,textures/flatlist/ovr_stm/ovr_eu/_win,vva_first_aid_kit_alp_ovl.bmp.ctxr,vva_first_aid_kit_alp_ovl.bmp,ctxr,7104,12dee33ad9c74041f7add652a47f74f5d720ea31
textures/flatlist/ovr_stm/ovr_jp/_win/00040da5.ctxr,textures/flatlist/ovr_stm/ovr_jp/_win,00040da5.ctxr,00040da5,ctxr,16544,ff165a5d014cb8a033de1d9fbf6756e3cbcf8171
textures/flatlist/ovr_stm/ovr_jp/_win/00393ebb.ctxr,textures/flatlist/ovr_stm/ovr_jp/_win,00393ebb.ctxr,00393ebb,ctxr,2359456,cd891326c5de5c36bd855e0f084cb1ee6ec7ea98
textures/flatlist/ovr_stm/ovr_jp/_win/00454202.ctxr,textures/flatlist/ovr_stm/ovr_jp/_win,00454202.ctxr,00454202,ctxr,129208,d4b81f2973fe49cb5bb3ba6fd37b7fcb28ae1b06
textures/flatlist/ovr_stm/ovr_jp/_win/004f0fb2.ctxr,textures/flatlist/ovr_stm/ovr_jp/_win,004f0fb2.ctxr,004f0fb2,ctxr,8352,2c8cc8578e455e64b80e56ff16697181d2810896
textures/flatlist/ovr_stm/ovr_jp/_win/004f81ad.ctxr,textures/flatlist/ovr_stm/ovr_jp/_win,004f81ad.ctxr,004f81ad,ctxr,4194464,87930a828cc7c68608f44b4068f8087b0e47858f
textures/flatlist/ovr_stm/ovr_jp/_win/004fa1ad.ctxr,textures/flatlist/ovr_stm/ovr_jp/_win,004fa1ad.ctxr,004fa1ad,ctxr,4194464,b1309607113f97c51516c8cd1cc4b8aa39751570
textures/flatlist/ovr_stm/ovr_jp/_win/0056594d.ctxr,textures/flatlist/ovr_stm/ovr_jp/_win,0056594d.ctxr,0056594d,ctxr,4194464,ad1a2700a3dd04c321f7515aa44bcf156b49e4f9
textures/flatlist/ovr_stm/ovr_jp/_win/0056694d.ctxr,textures/flatlist/ovr_stm/ovr_jp/_win,0056694d.ctxr,0056694d,ctxr,4194464,cc4fe05087352faa01f6673b876d27e7c5ba3b10
textures/flatlist/ovr_stm/ovr_jp/_win/0056794d.ctxr,textures/flatlist/ovr_stm/ovr_jp/_win,0056794d.ctxr,0056794d,ctxr,4194464,a2a0c21b5a803c8eddc67723081cf4c0c281531a
textures/flatlist/ovr_stm/ovr_jp/_win/00581d5d.ctxr,textures/flatlist/ovr_stm/ovr_jp/_win,00581d5d.ctxr,00581d5d,ctxr,4194464,b7fbd93b929c961a441e0644af99bd0aade7d7d9
textures/flatlist/ovr_stm/ovr_jp/_win/00582d5d.ctxr,textures/flatlist/ovr_stm/ovr_jp/_win,00582d5d.ctxr,00582d5d,ctxr,4194464,3ef089aab1a235948017dad51b05f09381f8423b
textures/flatlist/ovr_stm/ovr_jp/_win/00583d5d.ctxr,textures/flatlist/ovr_stm/ovr_jp/_win,00583d5d.ctxr,00583d5d,ctxr,4194464,e810f6d48d6434e1f8e363bec24ea3690f872e6f
textures/flatlist/ovr_stm/ovr_jp/_win/005ce186.ctxr,textures/flatlist/ovr_stm/ovr_jp/_win,005ce186.ctxr,005ce186,ctxr,4194464,2b48a152ddd880634116749b448c2eab1586d5ed
textures/flatlist/ovr_stm/ovr_jp/_win/005cf186.ctxr,textures/flatlist/ovr_stm/ovr_jp/_win,005cf186.ctxr,005cf186,ctxr,4194464,fd7cf3de99329deec13689b5f8388715890e6c4f
textures/flatlist/ovr_stm/ovr_jp/_win/005d0186.ctxr,textures/flatlist/ovr_stm/ovr_jp/_win,005d0186.ctxr,005d0186,ctxr,4194464,e9e76367ff0d8aeb454667cefdba4f94bb3d36b0
textures/flatlist/ovr_stm/ovr_jp/_win/005e568e.ctxr,textures/flatlist/ovr_stm/ovr_jp/_win,005e568e.ctxr,005e568e,ctxr,4194464,3e701f042c20186fd3f7d4a8e43e36203f28348d
textures/flatlist/ovr_stm/ovr_jp/_win/005e668e.ctxr,textures/flatlist/ovr_stm/ovr_jp/_win,005e668e.ctxr,005e668e,ctxr,4194464,66c4bd65cb237d78f679d162e673797432120a5b
textures/flatlist/ovr_stm/ovr_jp/_win/005e768e.ctxr,textures/flatlist/ovr_stm/ovr_jp/_win,005e768e.ctxr,005e768e,ctxr,4194464,19468a0975ae52106cfbb9217f5256020a0ccabc
textures/flatlist/ovr_stm/ovr_jp/_win/0063a8f6.ctxr,textures/flatlist/ovr_stm/ovr_jp/_win,0063a8f6.ctxr,0063a8f6,ctxr,4194464,22ac4e6744de2ec655912d377fdc2c8d2c6286fd
textures/flatlist/ovr_stm/ovr_jp/_win/0063b8f6.ctxr,textures/flatlist/ovr_stm/ovr_jp/_win,0063b8f6.ctxr,0063b8f6,ctxr,4194464,8dc0f64b23cb802857e77b3b6e8bd295a181a567
textures/flatlist/ovr_stm/ovr_jp/_win/006adf8b.ctxr,textures/flatlist/ovr_stm/ovr_jp/_win,006adf8b.ctxr,006adf8b,ctxr,4194464,9ff1c66200ac44dee28665d43b30341ff65ed40b
textures/flatlist/ovr_stm/ovr_jp/_win/006aef8b.ctxr,textures/flatlist/ovr_stm/ovr_jp/_win,006aef8b.ctxr,006aef8b,ctxr,4194464,df2b6d372a0bba061f25976edd88103b55351bc2
textures/flatlist/ovr_stm/ovr_jp/_win/006aff8b.ctxr,textures/flatlist/ovr_stm/ovr_jp/_win,006aff8b.ctxr,006aff8b,ctxr,4194464,e76fc2774e028126478c879919c13c83b4c73a99
textures/flatlist/ovr_stm/ovr_jp/_win/0075dece.ctxr,textures/flatlist/ovr_stm/ovr_jp/_win,0075dece.ctxr,0075dece,ctxr,4194464,99275c4d1244edf3db2e0b62756d9b7e8333f6a6
textures/flatlist/ovr_stm/ovr_jp/_win/0075eece.ctxr,textures/flatlist/ovr_stm/ovr_jp/_win,0075eece.ctxr,0075eece,ctxr,4194464,2c74eb8b3f6fa4ac17818c8d6f8f0b0184cc3d6a
textures/flatlist/ovr_stm/ovr_jp/_win/0075fece.ctxr,textures/flatlist/ovr_stm/ovr_jp/_win,0075fece.ctxr,0075fece,ctxr,4194464,33eddd0c6faac93143bdba88a637abae937b2e65
textures/flatlist/ovr_stm/ovr_jp/_win/007b8516.ctxr,textures/flatlist/ovr_stm/ovr_jp/_win,007b8516.ctxr,007b8516,ctxr,4194464,57494e0767c0bcb61cc01e23fbb2d648f6e2d3b5
textures/flatlist/ovr_stm/ovr_jp/_win/007b9516.ctxr,textures/flatlist/ovr_stm/ovr_jp/_win,007b9516.ctxr,007b9516,ctxr,4194464,5b826f83c1b1624bfa7b8ec07828b3f4f7460716
textures/flatlist/ovr_stm/ovr_jp/_win/007ba516.ctxr,textures/flatlist/ovr_stm/ovr_jp/_win,007ba516.ctxr,007ba516,ctxr,4194464,b07e8dd526e18a556f5bb3a0ec9c988f318d9690
textures/flatlist/ovr_stm/ovr_jp/_win/00812743.ctxr,textures/flatlist/ovr_stm/ovr_jp/_win,00812743.ctxr,00812743,ctxr,4194464,03128fa951e4090907537a4b3e79449f873854de
textures/flatlist/ovr_stm/ovr_jp/_win/00813743.ctxr,textures/flatlist/ovr_stm/ovr_jp/_win,00813743.ctxr,00813743,ctxr,4194464,68f25dd01323fc1feff13369ff2f58c7b4419340
textures/flatlist/ovr_stm/ovr_jp/_win/00814743.ctxr,textures/flatlist/ovr_stm/ovr_jp/_win,00814743.ctxr,00814743,ctxr,4194464,8d84a07053e7529c7931548eb20cc99180f8c133
textures/flatlist/ovr_stm/ovr_jp/_win/008a85bb.ctxr,textures/flatlist/ovr_stm/ovr_jp/_win,008a85bb.ctxr,008a85bb,ctxr,4194464,153d12c71c032d4eeef1c700ec5394ecc25ab9e3
textures/flatlist/ovr_stm/ovr_jp/_win/008aa5bb.ctxr,textures/flatlist/ovr_stm/ovr_jp/_win,008aa5bb.ctxr,008aa5bb,ctxr,4194464,b8b11352c9984af2f84e930317155841b7f937dd
textures/flatlist/ovr_stm/ovr_jp/_win/00bd89a1.img.ctxr,textures/flatlist/ovr_stm/ovr_jp/_win,00bd89a1.img.ctxr,00bd89a1.img,ctxr,393376,6883bfed07925c1f57f42e1bab2be80571340bab
textures/flatlist/ovr_stm/ovr_jp/_win/00c8c0af.ctxr,textures/flatlist/ovr_stm/ovr_jp/_win,00c8c0af.ctxr,00c8c0af,ctxr,37024,b76ea09b5903b2ca23666a0e783aedec3566d218
textures/flatlist/ovr_stm/ovr_jp/_win/00e11a3e.ctxr,textures/flatlist/ovr_stm/ovr_jp/_win,00e11a3e.ctxr,00e11a3e,ctxr,3308416,7813c27116e8b055ad544bee38efb87233e74584
textures/flatlist/ovr_stm/ovr_jp/_win/00ede1ab.ctxr,textures/flatlist/ovr_stm/ovr_jp/_win,00ede1ab.ctxr,00ede1ab,ctxr,4194464,d4a8204dd177eb2428bbb1709a30c7d7e9592b7b
textures/flatlist/ovr_stm/ovr_jp/_win/00edf1ab.ctxr,textures/flatlist/ovr_stm/ovr_jp/_win,00edf1ab.ctxr,00edf1ab,ctxr,4194464,b6b34e9add22c7345ad11412655ea19f0685abe4
textures/flatlist/ovr_stm/ovr_jp/_win/00ee01ab.ctxr,textures/flatlist/ovr_stm/ovr_jp/_win,00ee01ab.ctxr,00ee01ab,ctxr,4194464,a1d1ae28e8f0f1592bd2e5f17b787a88943b3118
textures/flatlist/ovr_stm/ovr_jp/_win/00f1c0b1.ctxr,textures/flatlist/ovr_stm/ovr_jp/_win,00f1c0b1.ctxr,00f1c0b1,ctxr,37024,ee3e55ead406bde00c42e6d1b9112192dc678cbe
textures/flatlist/ovr_stm/ovr_jp/_win/00fb98ac.ctxr,textures/flatlist/ovr_stm/ovr_jp/_win,00fb98ac.ctxr,00fb98ac,ctxr,4194464,43bde229cd331fb36033a2b8165fa1d3b0263954
textures/flatlist/ovr_stm/ovr_jp/_win/00fba8ac.ctxr,textures/flatlist/ovr_stm/ovr_jp/_win,00fba8ac.ctxr,00fba8ac,ctxr,4194464,b4a2e8ed7f605be68e2f4f390c357765c7bf8267
textures/flatlist/ovr_stm/ovr_jp/_win/00fbb8ac.ctxr,textures/flatlist/ovr_stm/ovr_jp/_win,00fbb8ac.ctxr,00fbb8ac,ctxr,4194464,0252c725c429d9edb6806b71715f970dfdd21fb8
textures/flatlist/ovr_stm/ovr_jp/_win/00fc60e2.ctxr,textures/flatlist/ovr_stm/ovr_jp/_win,00fc60e2.ctxr,00fc60e2,ctxr,129208,d4b81f2973fe49cb5bb3ba6fd37b7fcb28ae1b06
textures/flatlist/ovr_stm/ovr_jp/_win/eve_def_face_fix_new.bmp.ctxr,textures/flatlist/ovr_stm/ovr_jp/_win,eve_def_face_fix_new.bmp.ctxr,eve_def_face_fix_new.bmp,ctxr,437280,17566efe09408c0690ac4d41e841bd57ccfef72a
textures/flatlist/ovr_stm/ovr_jp/_win/eve_naked_face_fix.bmp.ctxr,textures/flatlist/ovr_stm/ovr_jp/_win,eve_naked_face_fix.bmp.ctxr,eve_naked_face_fix.bmp,ctxr,437280,4d37fc1c81c882d6abf605fc16dc9eadc9f9db1b
textures/flatlist/ovr_stm/ovr_jp/_win/eve_tac_face_fix.bmp.ctxr,textures/flatlist/ovr_stm/ovr_jp/_win,eve_tac_face_fix.bmp.ctxr,eve_tac_face_fix.bmp,ctxr,437280,aded174879136efc45a60d6e00f0c10c327823b3
textures/flatlist/ovr_stm/ovr_jp/_win/eve_tac_face_fix_new.bmp.ctxr,textures/flatlist/ovr_stm/ovr_jp/_win,eve_tac_face_fix_new.bmp.ctxr,eve_tac_face_fix_new.bmp,ctxr,437280,c7841088ed674a992757d384906bf760d2510427
textures/flatlist/ovr_stm/ovr_jp/_win/eve_tac_face_new.bmp.ctxr,textures/flatlist/ovr_stm/ovr_jp/_win,eve_tac_face_new.bmp.ctxr,eve_tac_face_new.bmp,ctxr,437280,826104a9afc571bc10a54995b0de88a07fc12099
textures/flatlist/ovr_stm/ovr_jp/_win/h_bottle_ovl_alp.bmp.ctxr,textures/flatlist/ovr_stm/ovr_jp/_win,h_bottle_ovl_alp.bmp.ctxr,h_bottle_ovl_alp.bmp,ctxr,87744,18843fb7f6e9f651f0c83a310d1a927fcaa0990c
textures/flatlist/ovr_stm/ovr_jp/_win/s112a_cell_floor_01_alp_ovl.bmp.ctxr,textures/flatlist/ovr_stm/ovr_jp/_win,s112a_cell_floor_01_alp_ovl.bmp.ctxr,s112a_cell_floor_01_alp_ovl.bmp,ctxr,1398528,d44bb70844590019324e7018da8a4e203b6fe2be
textures/flatlist/ovr_stm/ovr_jp/_win/s112a_hibi_01_alp_ovl.bmp.ctxr,textures/flatlist/ovr_stm/ovr_jp/_win,s112a_hibi_01_alp_ovl.bmp.ctxr,s112a_hibi_01_alp_ovl.bmp,ctxr,65920,7a2f3d5b13bbae699c66a6d908d31ea1d9106053
textures/flatlist/ovr_stm/ovr_jp/_win/s122a_fence_alp_ovl_01.bmp.ctxr,textures/flatlist/ovr_stm/ovr_jp/_win,s122a_fence_alp_ovl_01.bmp.ctxr,s122a_fence_alp_ovl_01.bmp,ctxr,175168,d724bce3acfff163890cb136e23e00a2c73e22df
textures/flatlist/ovr_stm/ovr_jp/_win/s171a_mogi_fence_alp_ovl_rep_01.bmp.ctxr,textures/flatlist/ovr_stm/ovr_jp/_win,s171a_mogi_fence_alp_ovl_rep_01.bmp.ctxr,s171a_mogi_fence_alp_ovl_rep_01.bmp,ctxr,175168,083ee1ac0b43c0710a2918d800183b85a6733c93
textures/flatlist/ovr_stm/ovr_jp/_win/s171a_mo_fence_alp_ovl_rep_01.bmp.ctxr,textures/flatlist/ovr_stm/ovr_jp/_win,s171a_mo_fence_alp_ovl_rep_01.bmp.ctxr,s171a_mo_fence_alp_ovl_rep_01.bmp,ctxr,349920,72beefd65fd57862bcb9a181c17ad6553be45484
textures/flatlist/ovr_stm/ovr_jp/_win/sga_cigar01_brake.bmp.ctxr,textures/flatlist/ovr_stm/ovr_jp/_win,sga_cigar01_brake.bmp.ctxr,sga_cigar01_brake.bmp,ctxr,349920,878b1aa627b360f7fcfbad9518dc3c3d4c346fa4
textures/flatlist/ovr_stm/ovr_jp/_win/sga_cigar_origin.bmp.ctxr,textures/flatlist/ovr_stm/ovr_jp/_win,sga_cigar_origin.bmp.ctxr,sga_cigar_origin.bmp,ctxr,349920,ff8965762eae2e9c36f29ad8845d6ad69c22bd68
textures/flatlist/ovr_stm/ovr_jp/_win/sna_def_hair_front_ovl_alp.bmp.ctxr,textures/flatlist/ovr_stm/ovr_jp/_win,sna_def_hair_front_ovl_alp.bmp.ctxr,sna_def_hair_front_ovl_alp.bmp,ctxr,12608,7a6f3583871de407603065cde103cd507ce5d893
textures/flatlist/ovr_stm/ovr_jp/_win/sna_def_olive.bmp_250c64d61d6d43eebe785ba570084310.ctxr,textures/flatlist/ovr_stm/ovr_jp/_win,sna_def_olive.bmp_250c64d61d6d43eebe785ba570084310.ctxr,sna_def_olive.bmp_250c64d61d6d43eebe785ba570084310,ctxr,349952,9699568e52e107b7be66df06ab831171d0a5fcdb
textures/flatlist/ovr_stm/ovr_jp/_win/sna_face_cell_hi.bmp.ctxr,textures/flatlist/ovr_stm/ovr_jp/_win,sna_face_cell_hi.bmp.ctxr,sna_face_cell_hi.bmp,ctxr,1398560,261fa7c4725925bc1f69273dcbb67881c0964e95
textures/flatlist/ovr_stm/ovr_jp/_win/sna_face_dam_eye_ovl_alp.bmp.ctxr,textures/flatlist/ovr_stm/ovr_jp/_win,sna_face_dam_eye_ovl_alp.bmp.ctxr,sna_face_dam_eye_ovl_alp.bmp,ctxr,175168,9a639ca2189cae94db8110a53b69ba4add457926
textures/flatlist/ovr_stm/ovr_jp/_win/sna_face_ed_def.bmp.ctxr,textures/flatlist/ovr_stm/ovr_jp/_win,sna_face_ed_def.bmp.ctxr,sna_face_ed_def.bmp,ctxr,2796672,e8dd404431870fa6e13450e48e9d46520697e020
textures/flatlist/ovr_stm/ovr_jp/_win/sna_face_vr_sta_ovl_alp.bmp.ctxr,textures/flatlist/ovr_stm/ovr_jp/_win,sna_face_vr_sta_ovl_alp.bmp.ctxr,sna_face_vr_sta_ovl_alp.bmp,ctxr,699488,85788743cb061b8d053b78c1409190c2fa19f208
textures/flatlist/ovr_stm/ovr_jp/_win/sna_flirt_tiger.bmp.ctxr,textures/flatlist/ovr_stm/ovr_jp/_win,sna_flirt_tiger.bmp.ctxr,sna_flirt_tiger.bmp,ctxr,1398560,6e5a82199ab7981c00e66f00d4a2e24ec004a99c
textures/flatlist/ovr_stm/ovr_jp/_win/sna_foot_naked_flirt.bmp.ctxr,textures/flatlist/ovr_stm/ovr_jp/_win,sna_foot_naked_flirt.bmp.ctxr,sna_foot_naked_flirt.bmp,ctxr,699488,9b197c8ea3dec46047be68d0d4bc68a64ba531ff
textures/flatlist/ovr_stm/ovr_jp/_win/sna_foot_naked_tor.bmp.ctxr,textures/flatlist/ovr_stm/ovr_jp/_win,sna_foot_naked_tor.bmp.ctxr,sna_foot_naked_tor.bmp,ctxr,699488,90d1eb82c0da33ec7ae275e99611b2a94588f211
textures/flatlist/ovr_stm/ovr_jp/_win/sna_foot_naked_tor.bmp_73f755c5eb2ba5efb9fbd155062db075.ctxr,textures/flatlist/ovr_stm/ovr_jp/_win,sna_foot_naked_tor.bmp_73f755c5eb2ba5efb9fbd155062db075.ctxr,sna_foot_naked_tor.bmp_73f755c5eb2ba5efb9fbd155062db075,ctxr,699488,3aadcb7378ac65eb3a513885c2895b74769050cd
textures/flatlist/ovr_stm/ovr_jp/_win/sna_hair_back_ovl_alp.bmp.ctxr,textures/flatlist/ovr_stm/ovr_jp/_win,sna_hair_back_ovl_alp.bmp.ctxr,sna_hair_back_ovl_alp.bmp,ctxr,45376,549cb93573909fb952602f2821be117e46f883a2
textures/flatlist/ovr_stm/ovr_jp/_win/sna_suit_tears.bmp.ctxr,textures/flatlist/ovr_stm/ovr_jp/_win,sna_suit_tears.bmp.ctxr,sna_suit_tears.bmp,ctxr,175168,01bb4bec3684b5e2dd60b61bafb6d3680069abc7
textures/flatlist/ovr_stm/ovr_jp/_win/sna_suit_tears_sub_ovl_alp.bmp.ctxr,textures/flatlist/ovr_stm/ovr_jp/_win,sna_suit_tears_sub_ovl_alp.bmp.ctxr,sna_suit_tears_sub_ovl_alp.bmp,ctxr,131232,c8c348249085b70ab864b2f37756ad3bf01fb8ed
textures/flatlist/ovr_stm/ovr_jp/_win/sna_tears_ovl_alp.bmp.ctxr,textures/flatlist/ovr_stm/ovr_jp/_win,sna_tears_ovl_alp.bmp.ctxr,sna_tears_ovl_alp.bmp,ctxr,11264,0952b291f4c58c7e18521fffe9eec184fb8db639
textures/flatlist/ovr_stm/ovr_jp/_win/vva_first_aid_kit_alp_ovl.bmp.ctxr,textures/flatlist/ovr_stm/ovr_jp/_win,vva_first_aid_kit_alp_ovl.bmp.ctxr,vva_first_aid_kit_alp_ovl.bmp,ctxr,7104,c928b1bf7212ceac221a54da9cd79d6c0f02503c
textures/flatlist/ovr_stm/ovr_us/_win/00040da5.ctxr,textures/flatlist/ovr_stm/ovr_us/_win,00040da5.ctxr,00040da5,ctxr,16544,ff165a5d014cb8a033de1d9fbf6756e3cbcf8171
textures/flatlist/ovr_stm/ovr_us/_win/00393ebb.ctxr,textures/flatlist/ovr_stm/ovr_us/_win,00393ebb.ctxr,00393ebb,ctxr,2359456,cd891326c5de5c36bd855e0f084cb1ee6ec7ea98
textures/flatlist/ovr_stm/ovr_us/_win/00454202.ctxr,textures/flatlist/ovr_stm/ovr_us/_win,00454202.ctxr,00454202,ctxr,129208,d4b81f2973fe49cb5bb3ba6fd37b7fcb28ae1b06
textures/flatlist/ovr_stm/ovr_us/_win/0049b9cb.ctxr,textures/flatlist/ovr_stm/ovr_us/_win,0049b9cb.ctxr,0049b9cb,ctxr,256672,c1775364025e303f64f3a05d16c1cc59d38b4077
textures/flatlist/ovr_stm/ovr_us/_win/004f0fb2.ctxr,textures/flatlist/ovr_stm/ovr_us/_win,004f0fb2.ctxr,004f0fb2,ctxr,8352,2c8cc8578e455e64b80e56ff16697181d2810896
textures/flatlist/ovr_stm/ovr_us/_win/004f81ad.ctxr,textures/flatlist/ovr_stm/ovr_us/_win,004f81ad.ctxr,004f81ad,ctxr,4194464,87930a828cc7c68608f44b4068f8087b0e47858f
textures/flatlist/ovr_stm/ovr_us/_win/004fa1ad.ctxr,textures/flatlist/ovr_stm/ovr_us/_win,004fa1ad.ctxr,004fa1ad,ctxr,4194464,b1309607113f97c51516c8cd1cc4b8aa39751570
textures/flatlist/ovr_stm/ovr_us/_win/0056594d.ctxr,textures/flatlist/ovr_stm/ovr_us/_win,0056594d.ctxr,0056594d,ctxr,4194464,ad1a2700a3dd04c321f7515aa44bcf156b49e4f9
textures/flatlist/ovr_stm/ovr_us/_win/0056694d.ctxr,textures/flatlist/ovr_stm/ovr_us/_win,0056694d.ctxr,0056694d,ctxr,4194464,cc4fe05087352faa01f6673b876d27e7c5ba3b10
textures/flatlist/ovr_stm/ovr_us/_win/0056794d.ctxr,textures/flatlist/ovr_stm/ovr_us/_win,0056794d.ctxr,0056794d,ctxr,4194464,a2a0c21b5a803c8eddc67723081cf4c0c281531a
textures/flatlist/ovr_stm/ovr_us/_win/00581d5d.ctxr,textures/flatlist/ovr_stm/ovr_us/_win,00581d5d.ctxr,00581d5d,ctxr,4194464,b7fbd93b929c961a441e0644af99bd0aade7d7d9
textures/flatlist/ovr_stm/ovr_us/_win/00582d5d.ctxr,textures/flatlist/ovr_stm/ovr_us/_win,00582d5d.ctxr,00582d5d,ctxr,4194464,3ef089aab1a235948017dad51b05f09381f8423b
textures/flatlist/ovr_stm/ovr_us/_win/00583d5d.ctxr,textures/flatlist/ovr_stm/ovr_us/_win,00583d5d.ctxr,00583d5d,ctxr,4194464,e810f6d48d6434e1f8e363bec24ea3690f872e6f
textures/flatlist/ovr_stm/ovr_us/_win/005ce186.ctxr,textures/flatlist/ovr_stm/ovr_us/_win,005ce186.ctxr,005ce186,ctxr,4194464,2b48a152ddd880634116749b448c2eab1586d5ed
textures/flatlist/ovr_stm/ovr_us/_win/005cf186.ctxr,textures/flatlist/ovr_stm/ovr_us/_win,005cf186.ctxr,005cf186,ctxr,4194464,fd7cf3de99329deec13689b5f8388715890e6c4f
textures/flatlist/ovr_stm/ovr_us/_win/005d0186.ctxr,textures/flatlist/ovr_stm/ovr_us/_win,005d0186.ctxr,005d0186,ctxr,4194464,e9e76367ff0d8aeb454667cefdba4f94bb3d36b0
textures/flatlist/ovr_stm/ovr_us/_win/005e568e.ctxr,textures/flatlist/ovr_stm/ovr_us/_win,005e568e.ctxr,005e568e,ctxr,4194464,3e701f042c20186fd3f7d4a8e43e36203f28348d
textures/flatlist/ovr_stm/ovr_us/_win/005e668e.ctxr,textures/flatlist/ovr_stm/ovr_us/_win,005e668e.ctxr,005e668e,ctxr,4194464,66c4bd65cb237d78f679d162e673797432120a5b
textures/flatlist/ovr_stm/ovr_us/_win/005e768e.ctxr,textures/flatlist/ovr_stm/ovr_us/_win,005e768e.ctxr,005e768e,ctxr,4194464,19468a0975ae52106cfbb9217f5256020a0ccabc
textures/flatlist/ovr_stm/ovr_us/_win/005eb9cb.ctxr,textures/flatlist/ovr_stm/ovr_us/_win,005eb9cb.ctxr,005eb9cb,ctxr,256672,e86c135d16a389eb6e85c76b0f99e7a4f3430946
textures/flatlist/ovr_stm/ovr_us/_win/0060a8e0.ctxr,textures/flatlist/ovr_stm/ovr_us/_win,0060a8e0.ctxr,0060a8e0,ctxr,181408,f117fca54e6236162ed5ee9f9fbfb46f7c5f6a5f
textures/flatlist/ovr_stm/ovr_us/_win/0061b17c.ctxr,textures/flatlist/ovr_stm/ovr_us/_win,0061b17c.ctxr,0061b17c,ctxr,200756,f1328df80371e1f91d982ce72419e5d22164ed43
textures/flatlist/ovr_stm/ovr_us/_win/0063a8f6.ctxr,textures/flatlist/ovr_stm/ovr_us/_win,0063a8f6.ctxr,0063a8f6,ctxr,4194464,22ac4e6744de2ec655912d377fdc2c8d2c6286fd
textures/flatlist/ovr_stm/ovr_us/_win/0063b8f6.ctxr,textures/flatlist/ovr_stm/ovr_us/_win,0063b8f6.ctxr,0063b8f6,ctxr,4194464,8dc0f64b23cb802857e77b3b6e8bd295a181a567
textures/flatlist/ovr_stm/ovr_us/_win/006adf8b.ctxr,textures/flatlist/ovr_stm/ovr_us/_win,006adf8b.ctxr,006adf8b,ctxr,4194464,9ff1c66200ac44dee28665d43b30341ff65ed40b
textures/flatlist/ovr_stm/ovr_us/_win/006aef8b.ctxr,textures/flatlist/ovr_stm/ovr_us/_win,006aef8b.ctxr,006aef8b,ctxr,4194464,df2b6d372a0bba061f25976edd88103b55351bc2
textures/flatlist/ovr_stm/ovr_us/_win/006aff8b.ctxr,textures/flatlist/ovr_stm/ovr_us/_win,006aff8b.ctxr,006aff8b,ctxr,4194464,e76fc2774e028126478c879919c13c83b4c73a99
textures/flatlist/ovr_stm/ovr_us/_win/00746cd0.ctxr,textures/flatlist/ovr_stm/ovr_us/_win,00746cd0.ctxr,00746cd0,ctxr,198688,60919acb02670db3aabceed0606eafdddaecb09b
textures/flatlist/ovr_stm/ovr_us/_win/0075a8e0.ctxr,textures/flatlist/ovr_stm/ovr_us/_win,0075a8e0.ctxr,0075a8e0,ctxr,181408,25e63308f89decdcb818c9beeb8e3e3f8fefa646
textures/flatlist/ovr_stm/ovr_us/_win/0075dece.ctxr,textures/flatlist/ovr_stm/ovr_us/_win,0075dece.ctxr,0075dece,ctxr,4194464,99275c4d1244edf3db2e0b62756d9b7e8333f6a6
textures/flatlist/ovr_stm/ovr_us/_win/0075eece.ctxr,textures/flatlist/ovr_stm/ovr_us/_win,0075eece.ctxr,0075eece,ctxr,4194464,2c74eb8b3f6fa4ac17818c8d6f8f0b0184cc3d6a
textures/flatlist/ovr_stm/ovr_us/_win/0075fece.ctxr,textures/flatlist/ovr_stm/ovr_us/_win,0075fece.ctxr,0075fece,ctxr,4194464,33eddd0c6faac93143bdba88a637abae937b2e65
textures/flatlist/ovr_stm/ovr_us/_win/0076b17c.ctxr,textures/flatlist/ovr_stm/ovr_us/_win,0076b17c.ctxr,0076b17c,ctxr,200756,271fa07c5cb08b402fc449252f5009cb015dbd19
textures/flatlist/ovr_stm/ovr_us/_win/007b8516.ctxr,textures/flatlist/ovr_stm/ovr_us/_win,007b8516.ctxr,007b8516,ctxr,4194464,57494e0767c0bcb61cc01e23fbb2d648f6e2d3b5
textures/flatlist/ovr_stm/ovr_us/_win/007b9516.ctxr,textures/flatlist/ovr_stm/ovr_us/_win,007b9516.ctxr,007b9516,ctxr,4194464,5b826f83c1b1624bfa7b8ec07828b3f4f7460716
textures/flatlist/ovr_stm/ovr_us/_win/007ba516.ctxr,textures/flatlist/ovr_stm/ovr_us/_win,007ba516.ctxr,007ba516,ctxr,4194464,b07e8dd526e18a556f5bb3a0ec9c988f318d9690
textures/flatlist/ovr_stm/ovr_us/_win/007cab39.ctxr,textures/flatlist/ovr_stm/ovr_us/_win,007cab39.ctxr,007cab39,ctxr,190240,8237f857126d7c1c749a08c9704aa30c6b3d06f3
textures/flatlist/ovr_stm/ovr_us/_win/00812743.ctxr,textures/flatlist/ovr_stm/ovr_us/_win,00812743.ctxr,00812743,ctxr,4194464,03128fa951e4090907537a4b3e79449f873854de
textures/flatlist/ovr_stm/ovr_us/_win/00813743.ctxr,textures/flatlist/ovr_stm/ovr_us/_win,00813743.ctxr,00813743,ctxr,4194464,68f25dd01323fc1feff13369ff2f58c7b4419340
textures/flatlist/ovr_stm/ovr_us/_win/00814743.ctxr,textures/flatlist/ovr_stm/ovr_us/_win,00814743.ctxr,00814743,ctxr,4194464,8d84a07053e7529c7931548eb20cc99180f8c133
textures/flatlist/ovr_stm/ovr_us/_win/00896cd0.ctxr,textures/flatlist/ovr_stm/ovr_us/_win,00896cd0.ctxr,00896cd0,ctxr,198688,a4c8381da8eef02abe3295442e3964cc3450fac3
textures/flatlist/ovr_stm/ovr_us/_win/008a85bb.ctxr,textures/flatlist/ovr_stm/ovr_us/_win,008a85bb.ctxr,008a85bb,ctxr,4194464,153d12c71c032d4eeef1c700ec5394ecc25ab9e3
textures/flatlist/ovr_stm/ovr_us/_win/008aa5bb.ctxr,textures/flatlist/ovr_stm/ovr_us/_win,008aa5bb.ctxr,008aa5bb,ctxr,4194464,b8b11352c9984af2f84e930317155841b7f937dd
textures/flatlist/ovr_stm/ovr_us/_win/0091ab39.ctxr,textures/flatlist/ovr_stm/ovr_us/_win,0091ab39.ctxr,0091ab39,ctxr,190240,a77828f44eed23e2ebecb94a066d9a3f4812b8ca
textures/flatlist/ovr_stm/ovr_us/_win/00bd89a1.img.ctxr,textures/flatlist/ovr_stm/ovr_us/_win,00bd89a1.img.ctxr,00bd89a1.img,ctxr,393376,6883bfed07925c1f57f42e1bab2be80571340bab
textures/flatlist/ovr_stm/ovr_us/_win/00c8c0af.ctxr,textures/flatlist/ovr_stm/ovr_us/_win,00c8c0af.ctxr,00c8c0af,ctxr,37024,b76ea09b5903b2ca23666a0e783aedec3566d218
textures/flatlist/ovr_stm/ovr_us/_win/00e11a3e.ctxr,textures/flatlist/ovr_stm/ovr_us/_win,00e11a3e.ctxr,00e11a3e,ctxr,3308416,7813c27116e8b055ad544bee38efb87233e74584
textures/flatlist/ovr_stm/ovr_us/_win/00ede1ab.ctxr,textures/flatlist/ovr_stm/ovr_us/_win,00ede1ab.ctxr,00ede1ab,ctxr,4194464,d4a8204dd177eb2428bbb1709a30c7d7e9592b7b
textures/flatlist/ovr_stm/ovr_us/_win/00edf1ab.ctxr,textures/flatlist/ovr_stm/ovr_us/_win,00edf1ab.ctxr,00edf1ab,ctxr,4194464,b6b34e9add22c7345ad11412655ea19f0685abe4
textures/flatlist/ovr_stm/ovr_us/_win/00ee01ab.ctxr,textures/flatlist/ovr_stm/ovr_us/_win,00ee01ab.ctxr,00ee01ab,ctxr,4194464,a1d1ae28e8f0f1592bd2e5f17b787a88943b3118
textures/flatlist/ovr_stm/ovr_us/_win/00f1c0b1.ctxr,textures/flatlist/ovr_stm/ovr_us/_win,00f1c0b1.ctxr,00f1c0b1,ctxr,37024,ee3e55ead406bde00c42e6d1b9112192dc678cbe
textures/flatlist/ovr_stm/ovr_us/_win/00fb98ac.ctxr,textures/flatlist/ovr_stm/ovr_us/_win,00fb98ac.ctxr,00fb98ac,ctxr,4194464,43bde229cd331fb36033a2b8165fa1d3b0263954
textures/flatlist/ovr_stm/ovr_us/_win/00fba8ac.ctxr,textures/flatlist/ovr_stm/ovr_us/_win,00fba8ac.ctxr,00fba8ac,ctxr,4194464,b4a2e8ed7f605be68e2f4f390c357765c7bf8267
textures/flatlist/ovr_stm/ovr_us/_win/00fbb8ac.ctxr,textures/flatlist/ovr_stm/ovr_us/_win,00fbb8ac.ctxr,00fbb8ac,ctxr,4194464,0252c725c429d9edb6806b71715f970dfdd21fb8
textures/flatlist/ovr_stm/ovr_us/_win/00fc60e2.ctxr,textures/flatlist/ovr_stm/ovr_us/_win,00fc60e2.ctxr,00fc60e2,ctxr,129208,d4b81f2973fe49cb5bb3ba6fd37b7fcb28ae1b06
textures/flatlist/ovr_stm/ovr_us/_win/eve_def_face_fix_new.bmp.ctxr,textures/flatlist/ovr_stm/ovr_us/_win,eve_def_face_fix_new.bmp.ctxr,eve_def_face_fix_new.bmp,ctxr,437280,50f1027b8b7f6e98fee7ad45c5789e567f3d894d
textures/flatlist/ovr_stm/ovr_us/_win/eve_naked_face_fix.bmp.ctxr,textures/flatlist/ovr_stm/ovr_us/_win,eve_naked_face_fix.bmp.ctxr,eve_naked_face_fix.bmp,ctxr,437280,3dacefbb32ec0a233fc2e1c77844c51020ba1be4
textures/flatlist/ovr_stm/ovr_us/_win/eve_tac_face_fix.bmp.ctxr,textures/flatlist/ovr_stm/ovr_us/_win,eve_tac_face_fix.bmp.ctxr,eve_tac_face_fix.bmp,ctxr,437280,d8da8e12e1782e81edf80567c522d5194d547f28
textures/flatlist/ovr_stm/ovr_us/_win/eve_tac_face_fix_new.bmp.ctxr,textures/flatlist/ovr_stm/ovr_us/_win,eve_tac_face_fix_new.bmp.ctxr,eve_tac_face_fix_new.bmp,ctxr,437280,a5062940d9a3f9bd3a63edd9a4cd63f58240a2bf
textures/flatlist/ovr_stm/ovr_us/_win/eve_tac_face_new.bmp.ctxr,textures/flatlist/ovr_stm/ovr_us/_win,eve_tac_face_new.bmp.ctxr,eve_tac_face_new.bmp,ctxr,437280,ecdcfd190fcf0f6862d2a79f1810c7b31fd341d4
textures/flatlist/ovr_stm/ovr_us/_win/h_bottle_ovl_alp.bmp.ctxr,textures/flatlist/ovr_stm/ovr_us/_win,h_bottle_ovl_alp.bmp.ctxr,h_bottle_ovl_alp.bmp,ctxr,87744,18843fb7f6e9f651f0c83a310d1a927fcaa0990c
textures/flatlist/ovr_stm/ovr_us/_win/s112a_cell_floor_01_alp_ovl.bmp.ctxr,textures/flatlist/ovr_stm/ovr_us/_win,s112a_cell_floor_01_alp_ovl.bmp.ctxr,s112a_cell_floor_01_alp_ovl.bmp,ctxr,1398528,d44bb70844590019324e7018da8a4e203b6fe2be
textures/flatlist/ovr_stm/ovr_us/_win/s112a_hibi_01_alp_ovl.bmp.ctxr,textures/flatlist/ovr_stm/ovr_us/_win,s112a_hibi_01_alp_ovl.bmp.ctxr,s112a_hibi_01_alp_ovl.bmp,ctxr,65920,7a2f3d5b13bbae699c66a6d908d31ea1d9106053
textures/flatlist/ovr_stm/ovr_us/_win/s122a_fence_alp_ovl_01.bmp.ctxr,textures/flatlist/ovr_stm/ovr_us/_win,s122a_fence_alp_ovl_01.bmp.ctxr,s122a_fence_alp_ovl_01.bmp,ctxr,175168,d724bce3acfff163890cb136e23e00a2c73e22df
textures/flatlist/ovr_stm/ovr_us/_win/s171a_mogi_fence_alp_ovl_rep_01.bmp.ctxr,textures/flatlist/ovr_stm/ovr_us/_win,s171a_mogi_fence_alp_ovl_rep_01.bmp.ctxr,s171a_mogi_fence_alp_ovl_rep_01.bmp,ctxr,175168,083ee1ac0b43c0710a2918d800183b85a6733c93
textures/flatlist/ovr_stm/ovr_us/_win/s171a_mo_fence_alp_ovl_rep_01.bmp.ctxr,textures/flatlist/ovr_stm/ovr_us/_win,s171a_mo_fence_alp_ovl_rep_01.bmp.ctxr,s171a_mo_fence_alp_ovl_rep_01.bmp,ctxr,349920,72beefd65fd57862bcb9a181c17ad6553be45484
textures/flatlist/ovr_stm/ovr_us/_win/sga_cigar01_brake.bmp.ctxr,textures/flatlist/ovr_stm/ovr_us/_win,sga_cigar01_brake.bmp.ctxr,sga_cigar01_brake.bmp,ctxr,349920,878b1aa627b360f7fcfbad9518dc3c3d4c346fa4
textures/flatlist/ovr_stm/ovr_us/_win/sga_cigar_origin.bmp.ctxr,textures/flatlist/ovr_stm/ovr_us/_win,sga_cigar_origin.bmp.ctxr,sga_cigar_origin.bmp,ctxr,349920,ff8965762eae2e9c36f29ad8845d6ad69c22bd68
textures/flatlist/ovr_stm/ovr_us/_win/sna_def_hair_front_ovl_alp.bmp.ctxr,textures/flatlist/ovr_stm/ovr_us/_win,sna_def_hair_front_ovl_alp.bmp.ctxr,sna_def_hair_front_ovl_alp.bmp,ctxr,12608,0d0e4d0707591dfc529da90691b1bcf67a6c0760
textures/flatlist/ovr_stm/ovr_us/_win/sna_def_olive.bmp_250c64d61d6d43eebe785ba570084310.ctxr,textures/flatlist/ovr_stm/ovr_us/_win,sna_def_olive.bmp_250c64d61d6d43eebe785ba570084310.ctxr,sna_def_olive.bmp_250c64d61d6d43eebe785ba570084310,ctxr,349952,9699568e52e107b7be66df06ab831171d0a5fcdb
textures/flatlist/ovr_stm/ovr_us/_win/sna_face_cell_hi.bmp.ctxr,textures/flatlist/ovr_stm/ovr_us/_win,sna_face_cell_hi.bmp.ctxr,sna_face_cell_hi.bmp,ctxr,1398560,261fa7c4725925bc1f69273dcbb67881c0964e95
textures/flatlist/ovr_stm/ovr_us/_win/sna_face_dam_eye_ovl_alp.bmp.ctxr,textures/flatlist/ovr_stm/ovr_us/_win,sna_face_dam_eye_ovl_alp.bmp.ctxr,sna_face_dam_eye_ovl_alp.bmp,ctxr,175168,9a639ca2189cae94db8110a53b69ba4add457926
textures/flatlist/ovr_stm/ovr_us/_win/sna_face_ed_def.bmp.ctxr,textures/flatlist/ovr_stm/ovr_us/_win,sna_face_ed_def.bmp.ctxr,sna_face_ed_def.bmp,ctxr,2796672,e8dd404431870fa6e13450e48e9d46520697e020
textures/flatlist/ovr_stm/ovr_us/_win/sna_face_vr_sta_ovl_alp.bmp.ctxr,textures/flatlist/ovr_stm/ovr_us/_win,sna_face_vr_sta_ovl_alp.bmp.ctxr,sna_face_vr_sta_ovl_alp.bmp,ctxr,699488,85788743cb061b8d053b78c1409190c2fa19f208
textures/flatlist/ovr_stm/ovr_us/_win/sna_flirt_tiger.bmp.ctxr,textures/flatlist/ovr_stm/ovr_us/_win,sna_flirt_tiger.bmp.ctxr,sna_flirt_tiger.bmp,ctxr,1398560,6e5a82199ab7981c00e66f00d4a2e24ec004a99c
textures/flatlist/ovr_stm/ovr_us/_win/sna_foot_naked_flirt.bmp.ctxr,textures/flatlist/ovr_stm/ovr_us/_win,sna_foot_naked_flirt.bmp.ctxr,sna_foot_naked_flirt.bmp,ctxr,699488,9b197c8ea3dec46047be68d0d4bc68a64ba531ff
textures/flatlist/ovr_stm/ovr_us/_win/sna_foot_naked_tor.bmp.ctxr,textures/flatlist/ovr_stm/ovr_us/_win,sna_foot_naked_tor.bmp.ctxr,sna_foot_naked_tor.bmp,ctxr,699488,90d1eb82c0da33ec7ae275e99611b2a94588f211
textures/flatlist/ovr_stm/ovr_us/_win/sna_foot_naked_tor.bmp_73f755c5eb2ba5efb9fbd155062db075.ctxr,textures/flatlist/ovr_stm/ovr_us/_win,sna_foot_naked_tor.bmp_73f755c5eb2ba5efb9fbd155062db075.ctxr,sna_foot_naked_tor.bmp_73f755c5eb2ba5efb9fbd155062db075,ctxr,699488,3aadcb7378ac65eb3a513885c2895b74769050cd
textures/flatlist/ovr_stm/ovr_us/_win/sna_hair_back_ovl_alp.bmp.ctxr,textures/flatlist/ovr_stm/ovr_us/_win,sna_hair_back_ovl_alp.bmp.ctxr,sna_hair_back_ovl_alp.bmp,ctxr,45376,37c9cfc7f295b4c5aee529af913fdd1881757d01
textures/flatlist/ovr_stm/ovr_us/_win/sna_suit_tears.bmp.ctxr,textures/flatlist/ovr_stm/ovr_us/_win,sna_suit_tears.bmp.ctxr,sna_suit_tears.bmp,ctxr,175168,01bb4bec3684b5e2dd60b61bafb6d3680069abc7
textures/flatlist/ovr_stm/ovr_us/_win/sna_suit_tears_sub_ovl_alp.bmp.ctxr,textures/flatlist/ovr_stm/ovr_us/_win,sna_suit_tears_sub_ovl_alp.bmp.ctxr,sna_suit_tears_sub_ovl_alp.bmp,ctxr,131232,c8c348249085b70ab864b2f37756ad3bf01fb8ed
textures/flatlist/ovr_stm/ovr_us/_win/sna_tears_ovl_alp.bmp.ctxr,textures/flatlist/ovr_stm/ovr_us/_win,sna_tears_ovl_alp.bmp.ctxr,sna_tears_ovl_alp.bmp,ctxr,11264,0952b291f4c58c7e18521fffe9eec184fb8db639
textures/flatlist/ovr_stm/ovr_us/_win/vva_first_aid_kit_alp_ovl.bmp.ctxr,textures/flatlist/ovr_stm/ovr_us/_win,vva_first_aid_kit_alp_ovl.bmp.ctxr,vva_first_aid_kit_alp_ovl.bmp,ctxr,7104,9150a00497c35aa6b1df85491d9493361b566f04
textures/flatlist/_win/0000021b.ctxr,textures/flatlist/_win,0000021b.ctxr,0000021b,ctxr,366240,3da798ad6f4b4f32cb0709523a73083336105395
textures/flatlist/_win/00007c5c.ctxr,textures/flatlist/_win,00007c5c.ctxr,00007c5c,ctxr,366240,ce1d97cec055dc721acd6e28ccc1a8db181e122a
textures/flatlist/_win/0000bdd3.ctxr,textures/flatlist/_win,0000bdd3.ctxr,0000bdd3,ctxr,366240,5ec2dc9edf55e2831318c4f619319a9e3ef2b45c
textures/flatlist/_win/0002b182.ctxr,textures/flatlist/_win,0002b182.ctxr,0002b182,ctxr,28560,bd82d2c452d4a08e396b6ce08ad8899ba05aece2
textures/flatlist/_win/000304be.ctxr,textures/flatlist/_win,000304be.ctxr,000304be,ctxr,366240,158a41d0db9e0e216f955b585cd3947f11ef4b89
textures/flatlist/_win/00031504.ctxr,textures/flatlist/_win,00031504.ctxr,00031504,ctxr,366240,a7135abb0fa076070fe33b83bc27200d421b850b
textures/flatlist/_win/0003247e.ctxr,textures/flatlist/_win,0003247e.ctxr,0003247e,ctxr,366240,4c1bb73b24941d875932f03b4dc11cccbeed5ab4
textures/flatlist/_win/0003a157.img_335003ac512d622e8ff81548074823df.ctxr,textures/flatlist/_win,0003a157.img_335003ac512d622e8ff81548074823df.ctxr,0003a157.img_335003ac512d622e8ff81548074823df,ctxr,1398560,0d4e7ea01ad0d4cca4268e6916aadedda741dd46
textures/flatlist/_win/0003a157.img_68d061fb998272c35600430d51659598.ctxr,textures/flatlist/_win,0003a157.img_68d061fb998272c35600430d51659598.ctxr,0003a157.img_68d061fb998272c35600430d51659598,ctxr,1398560,75e0923cf8490335ee3bde75b240221469467d14
textures/flatlist/_win/00048d5b.ctxr,textures/flatlist/_win,00048d5b.ctxr,00048d5b,ctxr,366240,68ecc5bdc17f72cbed4951699ea59e2168316b03
textures/flatlist/_win/0005cada.ctxr,textures/flatlist/_win,0005cada.ctxr,0005cada,ctxr,819360,120128b4c64706beb0bbbd70be0cd8e4610085f7
textures/flatlist/_win/000896f0.ctxr,textures/flatlist/_win,000896f0.ctxr,000896f0,ctxr,366240,2318ac129ce603cc98f4424d7429ae3ecc77526b
textures/flatlist/_win/0008c0c8.ctxr,textures/flatlist/_win,0008c0c8.ctxr,0008c0c8,ctxr,37024,c90c92161ceeb6c86d2b58a07978beb3bd1e0617
textures/flatlist/_win/000adf24.ctxr,textures/flatlist/_win,000adf24.ctxr,000adf24,ctxr,366240,11977f4169d96803e2110ed2a8b4091f650016f7
textures/flatlist/_win/000af144.ctxr,textures/flatlist/_win,000af144.ctxr,000af144,ctxr,366240,bed8b2d54025c60644bcf7fd31058360ff5f9315
textures/flatlist/_win/000cd008.ctxr,textures/flatlist/_win,000cd008.ctxr,000cd008,ctxr,1456,8a34e1987ebf1db7e781b3d6888f32ca4ec4d820
textures/flatlist/_win/000cd008_13565e4a4f19bb786921d49144460da5.ctxr,textures/flatlist/_win,000cd008_13565e4a4f19bb786921d49144460da5.ctxr,000cd008_13565e4a4f19bb786921d49144460da5,ctxr,1456,d7ff4721715c6cf1eebe62e66494fc4190fed4f5
textures/flatlist/_win/0010d484.ctxr,textures/flatlist/_win,0010d484.ctxr,0010d484,ctxr,366240,f3c9d021ccccd2f4d82a3e2b2bd56557db29c1dd
textures/flatlist/_win/0012c0b4.ctxr,textures/flatlist/_win,0012c0b4.ctxr,0012c0b4,ctxr,37024,2c51fd2448a1d900d810f6a23caff009b9c4c483
textures/flatlist/_win/001703cb.ctxr,textures/flatlist/_win,001703cb.ctxr,001703cb,ctxr,11680,0c7734a53050b4205517119d208dd21a995a7a67
textures/flatlist/_win/00171f0b.ctxr,textures/flatlist/_win,00171f0b.ctxr,00171f0b,ctxr,49312,f43f59c0022dcffeadf205fe27bd89e365ea580e
textures/flatlist/_win/00171f0c.ctxr,textures/flatlist/_win,00171f0c.ctxr,00171f0c,ctxr,49312,b02929d714f43c3cd68b992cf1c345ade5d981c2
textures/flatlist/_win/0019115b.ctxr,textures/flatlist/_win,0019115b.ctxr,0019115b,ctxr,4384,3e31a6c6b0a6f41dad4ef80d0c3e782f700c4cd6
textures/flatlist/_win/001beddd.ctxr,textures/flatlist/_win,001beddd.ctxr,001beddd,ctxr,366240,a15d80034b234b84fce7d0bc0d886cfb8d10470c
textures/flatlist/_win/001d9f6f.ctxr,textures/flatlist/_win,001d9f6f.ctxr,001d9f6f,ctxr,366240,1b58fc894dc5c317a57312297167c1fcf1728d6f
textures/flatlist/_win/00225e9c.ctxr,textures/flatlist/_win,00225e9c.ctxr,00225e9c,ctxr,6304,d52326b32247080a2233196df0f95e74de7e71b5
textures/flatlist/_win/0022b2d3.ctxr,textures/flatlist/_win,0022b2d3.ctxr,0022b2d3,ctxr,822560,f3b773c0e0fb9ce3383fe5e251e0c691a0e11577
textures/flatlist/_win/0022d5cf.ctxr,textures/flatlist/_win,0022d5cf.ctxr,0022d5cf,ctxr,415456,2d8e9212cda3dc116109e7d9d151b2ccf634fa99
textures/flatlist/_win/0022d5d0.ctxr,textures/flatlist/_win,0022d5d0.ctxr,0022d5d0,ctxr,131488,fbb48653da0fcd88b524f4665763e711706dbcd9
textures/flatlist/_win/0022d5d1.ctxr,textures/flatlist/_win,0022d5d1.ctxr,0022d5d1,ctxr,131488,20c9ed64b483c9b80416fd6ca403279a7178a1a1
textures/flatlist/_win/0022d5d2.ctxr,textures/flatlist/_win,0022d5d2.ctxr,0022d5d2,ctxr,131488,bb8eb351eee9b2f4caa397a0ceceb01096b8accd
textures/flatlist/_win/0022d5d3.ctxr,textures/flatlist/_win,0022d5d3.ctxr,0022d5d3,ctxr,131488,2afc26e86d513a1af5c6984ee92e43e9459917f1
textures/flatlist/_win/0022d5d4.ctxr,textures/flatlist/_win,0022d5d4.ctxr,0022d5d4,ctxr,131488,708f9ad2f6ea81df051966a52bb1ee4abbbf1d38
textures/flatlist/_win/0022d5d5.ctxr,textures/flatlist/_win,0022d5d5.ctxr,0022d5d5,ctxr,131488,2b5cf7e3112bb4cc4c2f98dcf57a730f69a6bf63
textures/flatlist/_win/0022d5d6.ctxr,textures/flatlist/_win,0022d5d6.ctxr,0022d5d6,ctxr,655776,ee64d68789082e710a2b915ebbf7879cec9a0303
textures/flatlist/_win/00280305.ctxr,textures/flatlist/_win,00280305.ctxr,00280305,ctxr,52160,744d847894e5d698b3ec853130c993b406caed09
textures/flatlist/_win/002a0983.ctxr,textures/flatlist/_win,002a0983.ctxr,002a0983,ctxr,18720,dcfb7afff3d93e68cb2f0804c696463d36206fcb
textures/flatlist/_win/002b0983.ctxr,textures/flatlist/_win,002b0983.ctxr,002b0983,ctxr,18720,44880d7cf7113918f6f334d410995702bca66600
textures/flatlist/_win/0033b530.ctxr,textures/flatlist/_win,0033b530.ctxr,0033b530,ctxr,366240,9aa2bd7b1fe343751f957581f36a95b49428d381
textures/flatlist/_win/0037b2cc.ctxr,textures/flatlist/_win,0037b2cc.ctxr,0037b2cc,ctxr,822560,4dcc24d2d81a7398adb2a3600bcc24febf3a7bdb
textures/flatlist/_win/003a0253.ctxr,textures/flatlist/_win,003a0253.ctxr,003a0253,ctxr,366240,5541d27364abbed0cf3363b76e3c820dd404e812
textures/flatlist/_win/003cb15f.ctxr,textures/flatlist/_win,003cb15f.ctxr,003cb15f,ctxr,72544,f2ed47d6f5c8901bf959d6db076b8dd03418f0de
textures/flatlist/_win/003e0206.ctxr,textures/flatlist/_win,003e0206.ctxr,003e0206,ctxr,16704,b43ab8b60b640d179335c7e08d7bc76f4ebaafb8
textures/flatlist/_win/003f1510.ctxr,textures/flatlist/_win,003f1510.ctxr,003f1510,ctxr,366240,624adaea444cdfcb0b0d2dff046f29be55f3e49d
textures/flatlist/_win/0043fb54.ctxr,textures/flatlist/_win,0043fb54.ctxr,0043fb54,ctxr,49312,31a4f7141b312bcfda93dba35b35d1e2f1c88464
textures/flatlist/_win/0043fb55.ctxr,textures/flatlist/_win,0043fb55.ctxr,0043fb55,ctxr,49312,cd9ce8d465d36322c8f563a1fe00fd9de67fe562
textures/flatlist/_win/0043fb56.ctxr,textures/flatlist/_win,0043fb56.ctxr,0043fb56,ctxr,49312,44f3ad2ec1bb7a5c292cc888c0a497f35bc3abae
textures/flatlist/_win/0043fb58.ctxr,textures/flatlist/_win,0043fb58.ctxr,0043fb58,ctxr,49312,2a06f30effbeed623c77e3b814b6d06ebc084ca3
textures/flatlist/_win/00496387.ctxr,textures/flatlist/_win,00496387.ctxr,00496387,ctxr,40160,5159450ea1066471c006742122b7fcb63880146a
textures/flatlist/_win/004ca501.ctxr,textures/flatlist/_win,004ca501.ctxr,004ca501,ctxr,366240,d4745447d8454093a9771318bf1172c6eadce0d7
textures/flatlist/_win/0051e8d2.ctxr,textures/flatlist/_win,0051e8d2.ctxr,0051e8d2,ctxr,72544,f8737bd3a390dcd1b9cfe6962215d0365c935bc7
textures/flatlist/_win/0053fb54.ctxr,textures/flatlist/_win,0053fb54.ctxr,0053fb54,ctxr,49312,3cf9090ae91ead52fed676bef43de354a65607f5
textures/flatlist/_win/0053fb55.ctxr,textures/flatlist/_win,0053fb55.ctxr,0053fb55,ctxr,49312,6b381af09eb584a399b431cdcce2212160cd51a4
textures/flatlist/_win/0053fb56.ctxr,textures/flatlist/_win,0053fb56.ctxr,0053fb56,ctxr,49312,c346b71c9a7313ba99b2e6f60216a2d478c0fdc0
textures/flatlist/_win/0053fb57.ctxr,textures/flatlist/_win,0053fb57.ctxr,0053fb57,ctxr,49312,c70a28a3ce4b1ed3a7d9450010fff231b224f28a
textures/flatlist/_win/0053fb58.ctxr,textures/flatlist/_win,0053fb58.ctxr,0053fb58,ctxr,49312,edc38bfc21acf77320d72192f7958bda4c71a3b3
textures/flatlist/_win/0055cb2e.ctxr,textures/flatlist/_win,0055cb2e.ctxr,0055cb2e,ctxr,6432,22fd40015b6a2bd0f2830d41fff468adad592926
textures/flatlist/_win/005aba45.ctxr,textures/flatlist/_win,005aba45.ctxr,005aba45,ctxr,415456,2fbf54ff4eade3f2fea7755b3a9750f3c891c1d4
textures/flatlist/_win/005abb25.ctxr,textures/flatlist/_win,005abb25.ctxr,005abb25,ctxr,655776,b1bdbfaf6b842ee152ad191dde6c64423aeac65b
textures/flatlist/_win/005abb26.ctxr,textures/flatlist/_win,005abb26.ctxr,005abb26,ctxr,655776,25b83d96c8edf5f544cd79714d4cb779244a553a
textures/flatlist/_win/005abb27.ctxr,textures/flatlist/_win,005abb27.ctxr,005abb27,ctxr,655776,ad5d68698218a1a2ad9e4bf234a2cbdd62bcc635
textures/flatlist/_win/0060bac8.ctxr,textures/flatlist/_win,0060bac8.ctxr,0060bac8,ctxr,1456,ba00325ca2d02990b8f0785d414d3da052bc6044
textures/flatlist/_win/0063fb54.ctxr,textures/flatlist/_win,0063fb54.ctxr,0063fb54,ctxr,49312,28b570944157719d0e1a7c4553392a26efa40454
textures/flatlist/_win/00660dfc.ctxr,textures/flatlist/_win,00660dfc.ctxr,00660dfc,ctxr,6304,b9e35ec8a5b15088bb76ae56733a01c1c6040ab1
textures/flatlist/_win/00689115.ctxr,textures/flatlist/_win,00689115.ctxr,00689115,ctxr,73888,80968b03badf6cba1ba38ca82bc716ad4f736f13
textures/flatlist/_win/00701506.ctxr,textures/flatlist/_win,00701506.ctxr,00701506,ctxr,366240,19e9b8abb5f94e468b6126493d07de58f07af239
textures/flatlist/_win/00703c5d.ctxr,textures/flatlist/_win,00703c5d.ctxr,00703c5d,ctxr,40160,d480031e4ea1334eaa5aabb8ebf67bd03a323b67
textures/flatlist/_win/0070462c.ctxr,textures/flatlist/_win,0070462c.ctxr,0070462c,ctxr,822560,d2f12e10b496d4bd3330576797b6ff01681d3f55
textures/flatlist/_win/0075eac4.ctxr,textures/flatlist/_win,0075eac4.ctxr,0075eac4,ctxr,19104,28fda9df90dcc2a44201268e04f9540ea254a8da
textures/flatlist/_win/007a4cea.ctxr,textures/flatlist/_win,007a4cea.ctxr,007a4cea,ctxr,196768,4ebd62b5dcd868ae29e3dd4d90aad8bd103d67c2
textures/flatlist/_win/007e021f.ctxr,textures/flatlist/_win,007e021f.ctxr,007e021f,ctxr,366240,accf9cc7c46551fd6808004789ae385338b92244
textures/flatlist/_win/00847ff1.ctxr,textures/flatlist/_win,00847ff1.ctxr,00847ff1,ctxr,10960,0a38897f4c1e344193cbc5f08b2f003d6b990819
textures/flatlist/_win/008514ff.ctxr,textures/flatlist/_win,008514ff.ctxr,008514ff,ctxr,366240,cda01d35e9ca3fa6c5af3058b642c5728d0bc7de
textures/flatlist/_win/008d3d20.ctxr,textures/flatlist/_win,008d3d20.ctxr,008d3d20,ctxr,161440,003a9821da62f036597588ae40e542450df7f0b0
textures/flatlist/_win/008dfe98.ctxr,textures/flatlist/_win,008dfe98.ctxr,008dfe98,ctxr,33088,9e026ba1083047f29b6bbcbd0b9816a074f618f4
textures/flatlist/_win/008e01a0.ctxr,textures/flatlist/_win,008e01a0.ctxr,008e01a0,ctxr,16704,3c218d88509f568fad73b56ffd1a9f6607144d51
textures/flatlist/_win/009b787e.ctxr,textures/flatlist/_win,009b787e.ctxr,009b787e,ctxr,11680,eb0c7dd4120b8b8d5ef68b66a9f836c22332c5cb
textures/flatlist/_win/009b8c64.ctxr,textures/flatlist/_win,009b8c64.ctxr,009b8c64,ctxr,112160,c5f61e79fb54d405f5dfa0b05f43338cce70b085
textures/flatlist/_win/00a129a2.ctxr,textures/flatlist/_win,00a129a2.ctxr,00a129a2,ctxr,49472,75ecce8d9f37973363fa0f1c6a5fe83de7a0842a
textures/flatlist/_win/00a18c64.ctxr,textures/flatlist/_win,00a18c64.ctxr,00a18c64,ctxr,112160,d46b66a4e8aee6287a6707002dc21f1279a740cd
textures/flatlist/_win/00ae2938.ctxr,textures/flatlist/_win,00ae2938.ctxr,00ae2938,ctxr,10368,deb6038551dd8de940c528879b636711b1079aab
textures/flatlist/_win/00b114a0.ctxr,textures/flatlist/_win,00b114a0.ctxr,00b114a0,ctxr,15328,dcad9534dd311c093bb7f95f275e951275467627
textures/flatlist/_win/00b5b2d0.ctxr,textures/flatlist/_win,00b5b2d0.ctxr,00b5b2d0,ctxr,822560,b91c99678c5cf9b6f9bb9d04c76e969c087a80ee
textures/flatlist/_win/00b72ecd.ctxr,textures/flatlist/_win,00b72ecd.ctxr,00b72ecd,ctxr,1456,44126b743f434c845d828e058f6fcf8be9b3aca9
textures/flatlist/_win/00b7a65b.ctxr,textures/flatlist/_win,00b7a65b.ctxr,00b7a65b,ctxr,9120,1a50b625cf58a44590590a8f706f31f61716847f
textures/flatlist/_win/00b98532.ctxr,textures/flatlist/_win,00b98532.ctxr,00b98532,ctxr,366240,a2fe181e8f383b2c93a9c4250ff30d6d3b7aac40
textures/flatlist/_win/00b9ed1b.ctxr,textures/flatlist/_win,00b9ed1b.ctxr,00b9ed1b,ctxr,9120,d8ba80bcfb87a13a5f698698908fcf25c5ea16bf
textures/flatlist/_win/00ba022b.ctxr,textures/flatlist/_win,00ba022b.ctxr,00ba022b,ctxr,366240,582a40b327356588671a40f19fd1e4040c00dd6e
textures/flatlist/_win/00bf1537.ctxr,textures/flatlist/_win,00bf1537.ctxr,00bf1537,ctxr,366240,0e3d39f86483e5dcbdace04497847024b543f7f4
textures/flatlist/_win/00c615d8.ctxr,textures/flatlist/_win,00c615d8.ctxr,00c615d8,ctxr,161440,1207a13aa21e683eccd1c0e5935fbea697262827
textures/flatlist/_win/00d2be51.ctxr,textures/flatlist/_win,00d2be51.ctxr,00d2be51,ctxr,161440,fa801076968844f9f66e96d79ed6daa2228e6325
textures/flatlist/_win/00d30dfe.ctxr,textures/flatlist/_win,00d30dfe.ctxr,00d30dfe,ctxr,6304,96a6f0b6fda1ea2ceada33a487451bd32cbd4473
textures/flatlist/_win/00dbc0b4.ctxr,textures/flatlist/_win,00dbc0b4.ctxr,00dbc0b4,ctxr,4384,7c80c4c82256f1696cc297dcd9ea5871d89afa99
textures/flatlist/_win/00de5fb7.ctxr,textures/flatlist/_win,00de5fb7.ctxr,00de5fb7,ctxr,131424,210c98a3e1a055637671ae5ba306f9f598aca096
textures/flatlist/_win/00ea43a7.ctxr,textures/flatlist/_win,00ea43a7.ctxr,00ea43a7,ctxr,11680,98bc803edc7c1058e0ed9134e217f2e1a343a097
textures/flatlist/_win/00eb0221.ctxr,textures/flatlist/_win,00eb0221.ctxr,00eb0221,ctxr,366240,642216dc69d80a6b43e41737ef037368d9810c90
textures/flatlist/_win/00f16ec8.ctxr,textures/flatlist/_win,00f16ec8.ctxr,00f16ec8,ctxr,6304,da76c81a710ea7c08348e3577036dc2a74154153
textures/flatlist/_win/00f1b2dc.ctxr,textures/flatlist/_win,00f1b2dc.ctxr,00f1b2dc,ctxr,822560,05fbf54c268d4703eb4ab85e8b1e095d3bba958b
textures/flatlist/_win/00fcd394.ctxr,textures/flatlist/_win,00fcd394.ctxr,00fcd394,ctxr,55456,68cf4fc2c9f40c82a989078b4c5e89a21dd21597
textures/flatlist/_win/00fdd394.ctxr,textures/flatlist/_win,00fdd394.ctxr,00fdd394,ctxr,55456,342269f185b3aa4a1949f79d68c616e2a2ddca5c
textures/flatlist/_win/abreakset_ovl_sub_alp.bmp.ctxr,textures/flatlist/_win,abreakset_ovl_sub_alp.bmp.ctxr,abreakset_ovl_sub_alp.bmp,ctxr,9888,8858372ff964184c269f513c480e799c25aaed22
textures/flatlist/_win/abreakset_ovl_sub_alp.bmp_cf2b5c487b827941ff303f500e265ea9.ctxr,textures/flatlist/_win,abreakset_ovl_sub_alp.bmp_cf2b5c487b827941ff303f500e265ea9.ctxr,abreakset_ovl_sub_alp.bmp_cf2b5c487b827941ff303f500e265ea9,ctxr,2720,1eeb747daee4a39d8ae73cbf547e3934ad8531dc
textures/flatlist/_win/abreak_ovl_sub_alp.bmp.ctxr,textures/flatlist/_win,abreak_ovl_sub_alp.bmp.ctxr,abreak_ovl_sub_alp.bmp,ctxr,6816,d2802911ed20d11b76d3d2210f9c4a99e123d0b7
textures/flatlist/_win/abreak_ovl_sub_alp.bmp_52c97f0acc706212d7c15ffc02f7d45f.ctxr,textures/flatlist/_win,abreak_ovl_sub_alp.bmp_52c97f0acc706212d7c15ffc02f7d45f.ctxr,abreak_ovl_sub_alp.bmp_52c97f0acc706212d7c15ffc02f7d45f,ctxr,6816,fe103e4693c5cc8882e00606c9c12b1302a7e23f
textures/flatlist/_win/abs_def_hair_ovl_alp.bmp.ctxr,textures/flatlist/_win,abs_def_hair_ovl_alp.bmp.ctxr,abs_def_hair_ovl_alp.bmp,ctxr,29344,c6e86df87f3c6ce33686803d6db22791ee8dc322
textures/flatlist/_win/adoramom_ovl_sub_alp.bmp.ctxr,textures/flatlist/_win,adoramom_ovl_sub_alp.bmp.ctxr,adoramom_ovl_sub_alp.bmp,ctxr,16544,672df47d593b7d70cfd3671c0f5ac5c098ed9bcd
textures/flatlist/_win/adoramom_ovl_sub_alp.bmp_e451e0c0719d29f7d81a28f82b4c06e9.ctxr,textures/flatlist/_win,adoramom_ovl_sub_alp.bmp_e451e0c0719d29f7d81a28f82b4c06e9.ctxr,adoramom_ovl_sub_alp.bmp_e451e0c0719d29f7d81a28f82b4c06e9,ctxr,4256,a19ae9d8551ae89a938a727ed76056f72d8de993
textures/flatlist/_win/adoramur_ovl_sub_alp.bmp.ctxr,textures/flatlist/_win,adoramur_ovl_sub_alp.bmp.ctxr,adoramur_ovl_sub_alp.bmp,ctxr,16544,9213c2fe57a853a53c30a53dcdefc961ca3e8005
textures/flatlist/_win/adoramur_ovl_sub_alp.bmp_71fd86a5845248b28bdccceb610db54d.ctxr,textures/flatlist/_win,adoramur_ovl_sub_alp.bmp_71fd86a5845248b28bdccceb610db54d.ctxr,adoramur_ovl_sub_alp.bmp_71fd86a5845248b28bdccceb610db54d,ctxr,4256,8e37067a28274b0ff96f237dda0b333278149ce3
textures/flatlist/_win/adriveshaft_ovl_sub_alp.bmp.ctxr,textures/flatlist/_win,adriveshaft_ovl_sub_alp.bmp.ctxr,adriveshaft_ovl_sub_alp.bmp,ctxr,14496,1c1ea6fe1da9a49f323f3f0baec213618bd3a992
textures/flatlist/_win/adriveshaft_ovl_sub_alp.bmp_268c4f1f336ccb6c7157ae2a8986888f.ctxr,textures/flatlist/_win,adriveshaft_ovl_sub_alp.bmp_268c4f1f336ccb6c7157ae2a8986888f.ctxr,adriveshaft_ovl_sub_alp.bmp_268c4f1f336ccb6c7157ae2a8986888f,ctxr,4256,013b058ca2a51bd9cc45d71961eb033d52095566
textures/flatlist/_win/ads_def_tai.ctxr,textures/flatlist/_win,ads_def_tai.ctxr,ads_def_tai,ctxr,15328,47cdfcc5bc336f873679479b87079220b5967c99
textures/flatlist/_win/af_forkudw_ovl_sub_alp.bmp.ctxr,textures/flatlist/_win,af_forkudw_ovl_sub_alp.bmp.ctxr,af_forkudw_ovl_sub_alp.bmp,ctxr,8224,b3e1c56575dc279244beb59d4a91a8654863fb9d
textures/flatlist/_win/af_forkudw_ovl_sub_alp.bmp_0f06d346a5c1ab19180eb69dc7f82135.ctxr,textures/flatlist/_win,af_forkudw_ovl_sub_alp.bmp_0f06d346a5c1ab19180eb69dc7f82135.ctxr,af_forkudw_ovl_sub_alp.bmp_0f06d346a5c1ab19180eb69dc7f82135,ctxr,2400,869632e108d601795d0e5725ffdeed7609bc35d4
textures/flatlist/_win/af_forkumt_ovl_sub_alp.bmp.ctxr,textures/flatlist/_win,af_forkumt_ovl_sub_alp.bmp.ctxr,af_forkumt_ovl_sub_alp.bmp,ctxr,1888,64e29159c978d6eeffa81603c0b14d68fb63eb69
textures/flatlist/_win/af_forkumt_ovl_sub_alp.bmp_50ece628e7bcb6072e937dd6a0a7658a.ctxr,textures/flatlist/_win,af_forkumt_ovl_sub_alp.bmp_50ece628e7bcb6072e937dd6a0a7658a.ctxr,af_forkumt_ovl_sub_alp.bmp_50ece628e7bcb6072e937dd6a0a7658a,ctxr,800,2e931f57ec4c9008ac2bb65be48d96156987b338
textures/flatlist/_win/ahandlebase_ovl_sub_alp.bmp.ctxr,textures/flatlist/_win,ahandlebase_ovl_sub_alp.bmp.ctxr,ahandlebase_ovl_sub_alp.bmp,ctxr,9952,a540736f3dcd587d62789a592dc576c2ba07f387
textures/flatlist/_win/ahandlebase_ovl_sub_alp.bmp_2976c7da232bddbd422ac917c77dac32.ctxr,textures/flatlist/_win,ahandlebase_ovl_sub_alp.bmp_2976c7da232bddbd422ac917c77dac32.ctxr,ahandlebase_ovl_sub_alp.bmp_2976c7da232bddbd422ac917c77dac32,ctxr,3040,3d83e46cbfd8b015158b976b316b58c02d9b337c
textures/flatlist/_win/ahandleber_ovl_sub_alp.bmp.ctxr,textures/flatlist/_win,ahandleber_ovl_sub_alp.bmp.ctxr,ahandleber_ovl_sub_alp.bmp,ctxr,25696,d16b4fa4f5bfa1f47519f61562913a2725b68aef
textures/flatlist/_win/ahandleber_ovl_sub_alp.bmp_194d8fb1651b709d6895f4ec73c927be.ctxr,textures/flatlist/_win,ahandleber_ovl_sub_alp.bmp_194d8fb1651b709d6895f4ec73c927be.ctxr,ahandleber_ovl_sub_alp.bmp_194d8fb1651b709d6895f4ec73c927be,ctxr,7584,313ef7d5eff1de0fb6180a2146a930dd968201b2
textures/flatlist/_win/ahandlegrip_ovl_sub_alp.bmp.ctxr,textures/flatlist/_win,ahandlegrip_ovl_sub_alp.bmp.ctxr,ahandlegrip_ovl_sub_alp.bmp,ctxr,8864,c0b53a33671be5c0a4ceee69a73974d7cdda14a6
textures/flatlist/_win/ahandlegrip_ovl_sub_alp.bmp_5286c2cb0586c31cdc816c7b1c9d50c3.ctxr,textures/flatlist/_win,ahandlegrip_ovl_sub_alp.bmp_5286c2cb0586c31cdc816c7b1c9d50c3.ctxr,ahandlegrip_ovl_sub_alp.bmp_5286c2cb0586c31cdc816c7b1c9d50c3,ctxr,2464,24875aec70607ccb728f7f82ca94181776d11319
textures/flatlist/_win/aheadlight02_ovl_sub_alp.bmp.ctxr,textures/flatlist/_win,aheadlight02_ovl_sub_alp.bmp.ctxr,aheadlight02_ovl_sub_alp.bmp,ctxr,18720,f2d71c106c817b65b7bc98dca59da2f100097166
textures/flatlist/_win/aheadlight02_ovl_sub_alp.bmp_3414dbb22647ed42a0334ef25b1dc287.ctxr,textures/flatlist/_win,aheadlight02_ovl_sub_alp.bmp_3414dbb22647ed42a0334ef25b1dc287.ctxr,aheadlight02_ovl_sub_alp.bmp_3414dbb22647ed42a0334ef25b1dc287,ctxr,4960,87cb31a65842a2295665b035c4777e5005da9014
textures/flatlist/_win/aheadlight04_ovl_sub_alp.bmp.ctxr,textures/flatlist/_win,aheadlight04_ovl_sub_alp.bmp.ctxr,aheadlight04_ovl_sub_alp.bmp,ctxr,34016,34c33f540116c5cb599982372c22a9c75604c83d
textures/flatlist/_win/ahojyohandle_ovl_sub_alp.bmp.ctxr,textures/flatlist/_win,ahojyohandle_ovl_sub_alp.bmp.ctxr,ahojyohandle_ovl_sub_alp.bmp,ctxr,1120,c510817fe9d2544740542ffa657fa54e7239d377
textures/flatlist/_win/alarm_02.bmp_b17b833d4e55436edb2563414fe705e9.ctxr,textures/flatlist/_win,alarm_02.bmp_b17b833d4e55436edb2563414fe705e9.ctxr,alarm_02.bmp_b17b833d4e55436edb2563414fe705e9,ctxr,29280,5bc198cfc6070b43ebeea30686868331d3e09874
textures/flatlist/_win/alarm_02_sdw_alp_ovl.bmp.ctxr,textures/flatlist/_win,alarm_02_sdw_alp_ovl.bmp.ctxr,alarm_02_sdw_alp_ovl.bmp,ctxr,2816,7be9fa41822dac8ef306755408675906f51096f5
textures/flatlist/_win/alarm_02_sdw_alp_ovl.bmp_e367385f189659cd279d49fd74fb1588.ctxr,textures/flatlist/_win,alarm_02_sdw_alp_ovl.bmp_e367385f189659cd279d49fd74fb1588.ctxr,alarm_02_sdw_alp_ovl.bmp_e367385f189659cd279d49fd74fb1588,ctxr,2816,dad448d23c60979b52a1810af80dd4a84bd82c07
textures/flatlist/_win/amafuler01_ovl_sub_alp.bmp.ctxr,textures/flatlist/_win,amafuler01_ovl_sub_alp.bmp.ctxr,amafuler01_ovl_sub_alp.bmp,ctxr,26592,0c007203c52b730581e85ef819b3f0c3757a7579
textures/flatlist/_win/amafuler01_ovl_sub_alp.bmp_9438472174c3057f767e739061012554.ctxr,textures/flatlist/_win,amafuler01_ovl_sub_alp.bmp_9438472174c3057f767e739061012554.ctxr,amafuler01_ovl_sub_alp.bmp_9438472174c3057f767e739061012554,ctxr,7840,9edcd7e414182624590925bb5c0b4248bd2e8e2b
textures/flatlist/_win/amafuler02_ovl_sub_alp.bmp.ctxr,textures/flatlist/_win,amafuler02_ovl_sub_alp.bmp.ctxr,amafuler02_ovl_sub_alp.bmp,ctxr,36064,2b3a999600b385b050f389a9eb5728a6e90481db
textures/flatlist/_win/amafuler02_ovl_sub_alp.bmp_ee5a079c14c5c576078003930c3e99f7.ctxr,textures/flatlist/_win,amafuler02_ovl_sub_alp.bmp_ee5a079c14c5c576078003930c3e99f7.ctxr,amafuler02_ovl_sub_alp.bmp_ee5a079c14c5c576078003930c3e99f7,ctxr,9952,a739fe87e9c25cdc59be9fdb6fc7aac181762734
textures/flatlist/_win/amafuler03_ovl_sub_alp.bmp.ctxr,textures/flatlist/_win,amafuler03_ovl_sub_alp.bmp.ctxr,amafuler03_ovl_sub_alp.bmp,ctxr,5344,0a5527e2fd120daf7de068fdd9345e95c513f708
textures/flatlist/_win/amafuler03_ovl_sub_alp.bmp_e05ef15e103a561c9395998cb559dc84.ctxr,textures/flatlist/_win,amafuler03_ovl_sub_alp.bmp_e05ef15e103a561c9395998cb559dc84.ctxr,amafuler03_ovl_sub_alp.bmp_e05ef15e103a561c9395998cb559dc84,ctxr,1760,af5a483876a987e62ab499c723ec21d5ca093070
textures/flatlist/_win/amanademod.bmp.ctxr,textures/flatlist/_win,amanademod.bmp.ctxr,amanademod.bmp,ctxr,3712,b35d8ec4f56dcc533dbbe6b5d82a71de75043bc2
textures/flatlist/_win/ameater_ovl_sub_alp.bmp.ctxr,textures/flatlist/_win,ameater_ovl_sub_alp.bmp.ctxr,ameater_ovl_sub_alp.bmp,ctxr,2080,36e0ce15ce6d04f169244fceec8a0f4f81923edd
textures/flatlist/_win/ameater_ovl_sub_alp.bmp_2af0b8c71eebf09fc325bdf6412854c3.ctxr,textures/flatlist/_win,ameater_ovl_sub_alp.bmp_2af0b8c71eebf09fc325bdf6412854c3.ctxr,ameater_ovl_sub_alp.bmp_2af0b8c71eebf09fc325bdf6412854c3,ctxr,736,08cadf8ad3b4505ac1263c674e495a441d3945aa
textures/flatlist/_win/amirrar_ovl_sub_alp.bmp.ctxr,textures/flatlist/_win,amirrar_ovl_sub_alp.bmp.ctxr,amirrar_ovl_sub_alp.bmp,ctxr,6432,5a202011a37ef58ef603ba8d46490f0e6f186672
textures/flatlist/_win/amirrar_ovl_sub_alp.bmp_99a78534fd01e0160bbde2932e12a4c7.ctxr,textures/flatlist/_win,amirrar_ovl_sub_alp.bmp_99a78534fd01e0160bbde2932e12a4c7.ctxr,amirrar_ovl_sub_alp.bmp_99a78534fd01e0160bbde2932e12a4c7,ctxr,1952,0cfb5367108c932e518f6f83b8a56eabd60c5a02
textures/flatlist/_win/ammoboxa_a.bmp.ctxr,textures/flatlist/_win,ammoboxa_a.bmp.ctxr,ammoboxa_a.bmp,ctxr,8512,c58602a0e425b891c435fe64f0a45978ec4a7b0d
textures/flatlist/_win/ammoboxa_b.bmp.ctxr,textures/flatlist/_win,ammoboxa_b.bmp.ctxr,ammoboxa_b.bmp,ctxr,5920,54ed8eaff9d0a64603d87eefed2c93031ebfb6ea
textures/flatlist/_win/ammoboxa_c.bmp.ctxr,textures/flatlist/_win,ammoboxa_c.bmp.ctxr,ammoboxa_c.bmp,ctxr,15328,034b1deba492d260ede606eaac8e5023fbd75ebc
textures/flatlist/_win/ammoboxb.bmp.ctxr,textures/flatlist/_win,ammoboxb.bmp.ctxr,ammoboxb.bmp,ctxr,6240,1a2d2a5aa36212fb0054eaf1afcff14da82a2cd0
textures/flatlist/_win/amo-c.bmp.ctxr,textures/flatlist/_win,amo-c.bmp.ctxr,amo-c.bmp,ctxr,33088,6a952d358e36c6199e6b32b4cbeefcff605ee6a2
textures/flatlist/_win/anidai01_ovl_sub_alp.bmp.ctxr,textures/flatlist/_win,anidai01_ovl_sub_alp.bmp.ctxr,anidai01_ovl_sub_alp.bmp,ctxr,18464,3036ddbed7a34ac7cbf7e1ff54842ad650ec2c45
textures/flatlist/_win/anidai01_ovl_sub_alp.bmp_783518a7d055cae93b19f830e6594a1e.ctxr,textures/flatlist/_win,anidai01_ovl_sub_alp.bmp_783518a7d055cae93b19f830e6594a1e.ctxr,anidai01_ovl_sub_alp.bmp_783518a7d055cae93b19f830e6594a1e,ctxr,5088,72006efa00480b51720079482c51b23f8eba4e88
textures/flatlist/_win/anidai02_ovl_sub_alp.bmp.ctxr,textures/flatlist/_win,anidai02_ovl_sub_alp.bmp.ctxr,anidai02_ovl_sub_alp.bmp,ctxr,2976,3dbee1a0227aa7aec5dcb87f8085506111df292f
textures/flatlist/_win/anidai02_ovl_sub_alp.bmp_8f35c346b2732101f2ea2b831221b4f8.ctxr,textures/flatlist/_win,anidai02_ovl_sub_alp.bmp_8f35c346b2732101f2ea2b831221b4f8.ctxr,anidai02_ovl_sub_alp.bmp_8f35c346b2732101f2ea2b831221b4f8,ctxr,864,e5bba17fb86e6048b3edf8cc167d9af5617921db
textures/flatlist/_win/ao_head_sub_alp_ovl.bmp.ctxr,textures/flatlist/_win,ao_head_sub_alp_ovl.bmp.ctxr,ao_head_sub_alp_ovl.bmp,ctxr,65696,4bef405953b804cbba39707003abf37327249526
textures/flatlist/_win/ao_head_sub_alp_ovl.bmp_6e73cd96cfc58bf49d0f50bcff4a2c23.ctxr,textures/flatlist/_win,ao_head_sub_alp_ovl.bmp_6e73cd96cfc58bf49d0f50bcff4a2c23.ctxr,ao_head_sub_alp_ovl.bmp_6e73cd96cfc58bf49d0f50bcff4a2c23,ctxr,65696,294f8351e10ece3844afc96c242ac026dea63818
textures/flatlist/_win/apple_00.bmp.ctxr,textures/flatlist/_win,apple_00.bmp.ctxr,apple_00.bmp,ctxr,33088,0741500dfb9a3bebb2e3a2b3da62ced5ab7de84a
textures/flatlist/_win/armory_box01front.bmp.ctxr,textures/flatlist/_win,armory_box01front.bmp.ctxr,armory_box01front.bmp,ctxr,6432,bdedb2cde25901c919cf8914e2738105985f0c1c
textures/flatlist/_win/armory_box01front.bmp_6acec0f83ba3ea31abca28a07abc7cb3.ctxr,textures/flatlist/_win,armory_box01front.bmp_6acec0f83ba3ea31abca28a07abc7cb3.ctxr,armory_box01front.bmp_6acec0f83ba3ea31abca28a07abc7cb3,ctxr,6432,3b7ef34bc273e36221abc1a528096fd2212cea78
textures/flatlist/_win/armory_box01front.bmp_eb0b378c9e4ecd6da76dd0034786c11a.ctxr,textures/flatlist/_win,armory_box01front.bmp_eb0b378c9e4ecd6da76dd0034786c11a.ctxr,armory_box01front.bmp_eb0b378c9e4ecd6da76dd0034786c11a,ctxr,13568,93532305b5c2a9e7f94720f9948901d7df5b830f
textures/flatlist/_win/armory_box01side.bmp.ctxr,textures/flatlist/_win,armory_box01side.bmp.ctxr,armory_box01side.bmp,ctxr,9472,914d8e1bf6c11f26456ad88aa6fae89316e84a8c
textures/flatlist/_win/armory_box01side.bmp_03ad64231aaaaabac33d48a9603d2f7a.ctxr,textures/flatlist/_win,armory_box01side.bmp_03ad64231aaaaabac33d48a9603d2f7a.ctxr,armory_box01side.bmp_03ad64231aaaaabac33d48a9603d2f7a,ctxr,8480,4bfde3d155bded9468638549e0f66a5944dccad7
textures/flatlist/_win/armory_box01side.bmp_06dc0ae91571bfb90e6cb63d255d40a9.ctxr,textures/flatlist/_win,armory_box01side.bmp_06dc0ae91571bfb90e6cb63d255d40a9.ctxr,armory_box01side.bmp_06dc0ae91571bfb90e6cb63d255d40a9,ctxr,16896,1560d332619752dc41b3b905a252ee64c327a0ec
textures/flatlist/_win/armory_box01top.bmp.ctxr,textures/flatlist/_win,armory_box01top.bmp.ctxr,armory_box01top.bmp,ctxr,7104,563bb376c0cb88676e7775e7b724d997f01e9bc1
textures/flatlist/_win/armory_box01top.bmp_4f5c7fed44a9504f8aee9dc8867ce63d.ctxr,textures/flatlist/_win,armory_box01top.bmp_4f5c7fed44a9504f8aee9dc8867ce63d.ctxr,armory_box01top.bmp_4f5c7fed44a9504f8aee9dc8867ce63d,ctxr,7104,41a035e0c4fcd4634616fecea9162160c27f37c5
textures/flatlist/_win/armory_box01top.bmp_e066807376a37b05365eb89332059f0a.ctxr,textures/flatlist/_win,armory_box01top.bmp_e066807376a37b05365eb89332059f0a.ctxr,armory_box01top.bmp_e066807376a37b05365eb89332059f0a,ctxr,15616,fd6ba1598b9054faf8a2004f76dab5ce67a8a07c
textures/flatlist/_win/armory_boxb00.bmp.ctxr,textures/flatlist/_win,armory_boxb00.bmp.ctxr,armory_boxb00.bmp,ctxr,8704,694325f7fb606060621e8ab371b1ed148a40d047
textures/flatlist/_win/armory_boxb00.bmp_bd0810e38ca5a66182fde43d07d4bec7.ctxr,textures/flatlist/_win,armory_boxb00.bmp_bd0810e38ca5a66182fde43d07d4bec7.ctxr,armory_boxb00.bmp_bd0810e38ca5a66182fde43d07d4bec7,ctxr,7776,4780f0f44ffecfaf96224006639ee7c69992d855
textures/flatlist/_win/armory_boxb01.bmp.ctxr,textures/flatlist/_win,armory_boxb01.bmp.ctxr,armory_boxb01.bmp,ctxr,5632,4b0bc2e39496a72fb57c6ed9f25c76c3a2bdc9f4
textures/flatlist/_win/armory_boxb01.bmp_119eb9cda3b77ac9238e0713857e929f.ctxr,textures/flatlist/_win,armory_boxb01.bmp_119eb9cda3b77ac9238e0713857e929f.ctxr,armory_boxb01.bmp_119eb9cda3b77ac9238e0713857e929f,ctxr,5056,c6a1cf32663c65293b4cf07ba437f9637ead8b8a
textures/flatlist/_win/armory_boxb02.bmp.ctxr,textures/flatlist/_win,armory_boxb02.bmp.ctxr,armory_boxb02.bmp,ctxr,6816,ef80075573205c39b9bdd9820f9ccb8f144c48a4
textures/flatlist/_win/armory_boxb02.bmp_d1047ca4de1ee45ac4cd68592b838207.ctxr,textures/flatlist/_win,armory_boxb02.bmp_d1047ca4de1ee45ac4cd68592b838207.ctxr,armory_boxb02.bmp_d1047ca4de1ee45ac4cd68592b838207,ctxr,6816,037d16a0a3f7f6f942880278466fcf43f1f6bbcc
textures/flatlist/_win/armory_boxc00.bmp.ctxr,textures/flatlist/_win,armory_boxc00.bmp.ctxr,armory_boxc00.bmp,ctxr,16704,17bccd3947a6c604259d363e93c0f9e9f33025cb
textures/flatlist/_win/armory_boxc00.bmp_132f4f8b7d173ccd52bee002963287d5.ctxr,textures/flatlist/_win,armory_boxc00.bmp_132f4f8b7d173ccd52bee002963287d5.ctxr,armory_boxc00.bmp_132f4f8b7d173ccd52bee002963287d5,ctxr,87744,e609a4892d8d1e39fa99ba3abf463c01576d4bb9
textures/flatlist/_win/armory_boxc01.bmp.ctxr,textures/flatlist/_win,armory_boxc01.bmp.ctxr,armory_boxc01.bmp,ctxr,12576,b6d571eccb16a2f066d991815e5a18f78de60be9
textures/flatlist/_win/armory_boxc01.bmp_c77c2e039471df6af6d9aa3686dfd3df.ctxr,textures/flatlist/_win,armory_boxc01.bmp_c77c2e039471df6af6d9aa3686dfd3df.ctxr,armory_boxc01.bmp_c77c2e039471df6af6d9aa3686dfd3df,ctxr,12448,de493ceb93d1dedd3ce9efb9d6add8f5866e0193
textures/flatlist/_win/armory_boxc02.bmp.ctxr,textures/flatlist/_win,armory_boxc02.bmp.ctxr,armory_boxc02.bmp,ctxr,16704,83f29b9b5029bc205c618bf4986bb51b01ff492d
textures/flatlist/_win/armory_boxc02.bmp_11aefe6d600309c695cdfd180315c5e0.ctxr,textures/flatlist/_win,armory_boxc02.bmp_11aefe6d600309c695cdfd180315c5e0.ctxr,armory_boxc02.bmp_11aefe6d600309c695cdfd180315c5e0,ctxr,18720,9c22a05c33152d347ff9ca5666de8771892afcb2
textures/flatlist/_win/armory_brkbox01front.bmp.ctxr,textures/flatlist/_win,armory_brkbox01front.bmp.ctxr,armory_brkbox01front.bmp,ctxr,5056,afeb81aae95b92101e005cc23e5fdbcb6c9f8a16
textures/flatlist/_win/armory_brkbox01front.bmp_163e704bde29dff24577454637499aed.ctxr,textures/flatlist/_win,armory_brkbox01front.bmp_163e704bde29dff24577454637499aed.ctxr,armory_brkbox01front.bmp_163e704bde29dff24577454637499aed,ctxr,5056,918eecb26a6ea6bbb430514e9897af0f40ce45bf
textures/flatlist/_win/armory_brkbox01side.bmp.ctxr,textures/flatlist/_win,armory_brkbox01side.bmp.ctxr,armory_brkbox01side.bmp,ctxr,7104,7369ba3677d741c6396dbdeb629386495ceb8b89
textures/flatlist/_win/armory_brkbox01side.bmp_641a1e9f100d9e4272fd3e30fc267964.ctxr,textures/flatlist/_win,armory_brkbox01side.bmp_641a1e9f100d9e4272fd3e30fc267964.ctxr,armory_brkbox01side.bmp_641a1e9f100d9e4272fd3e30fc267964,ctxr,7104,b260abcdd492b531c7012d15faf2f58f63528224
textures/flatlist/_win/armory_brkbox01top.bmp.ctxr,textures/flatlist/_win,armory_brkbox01top.bmp.ctxr,armory_brkbox01top.bmp,ctxr,7104,3c0a0f964a0db310d7d5d0f3e8f9a5688f974ab1
textures/flatlist/_win/armory_brkbox01top.bmp_993cefa84e39d38ed6afbe1d8f996cb4.ctxr,textures/flatlist/_win,armory_brkbox01top.bmp_993cefa84e39d38ed6afbe1d8f996cb4.ctxr,armory_brkbox01top.bmp_993cefa84e39d38ed6afbe1d8f996cb4,ctxr,7104,cdfd828f4efa4c2ae9264aa08013e3ba37957578
textures/flatlist/_win/armory_brkboxb00.bmp.ctxr,textures/flatlist/_win,armory_brkboxb00.bmp.ctxr,armory_brkboxb00.bmp,ctxr,9152,58fe397512ab76859ba507271d481e78ba19d7b9
textures/flatlist/_win/armory_brkboxb00.bmp_b30ce2ca0a0ba1e62c3f0fcab89b20e2.ctxr,textures/flatlist/_win,armory_brkboxb00.bmp_b30ce2ca0a0ba1e62c3f0fcab89b20e2.ctxr,armory_brkboxb00.bmp_b30ce2ca0a0ba1e62c3f0fcab89b20e2,ctxr,9152,904203ca4e6f4faf2cd3f1189de9bff23e3752fc
textures/flatlist/_win/armory_brkboxb01.bmp.ctxr,textures/flatlist/_win,armory_brkboxb01.bmp.ctxr,armory_brkboxb01.bmp,ctxr,7104,1747f890cc951ce7a69dbd69debead67dd328951
textures/flatlist/_win/armory_brkboxb01.bmp_c77a5c1aef37bc09778cd733bfe67fbc.ctxr,textures/flatlist/_win,armory_brkboxb01.bmp_c77a5c1aef37bc09778cd733bfe67fbc.ctxr,armory_brkboxb01.bmp_c77a5c1aef37bc09778cd733bfe67fbc,ctxr,7104,49577f9510d51df74bae1962b47457bb356b0eb6
textures/flatlist/_win/armory_brkboxb02.bmp.ctxr,textures/flatlist/_win,armory_brkboxb02.bmp.ctxr,armory_brkboxb02.bmp,ctxr,3712,0c79ad5e88e7347f915f4bbb8e962540d08c8481
textures/flatlist/_win/armory_brkboxb02.bmp_167f56e1daba16158c5b8569d1077762.ctxr,textures/flatlist/_win,armory_brkboxb02.bmp_167f56e1daba16158c5b8569d1077762.ctxr,armory_brkboxb02.bmp_167f56e1daba16158c5b8569d1077762,ctxr,3712,e0b320580319c567620ed6aaf6db86f63b13d69d
textures/flatlist/_win/armory_brkdty00a_alp_ovl.bmp.ctxr,textures/flatlist/_win,armory_brkdty00a_alp_ovl.bmp.ctxr,armory_brkdty00a_alp_ovl.bmp,ctxr,82240,0c2aeab7294a3395495d0f4103981d895e97f282
textures/flatlist/_win/armory_brkdty00_alp_ovl.bmp.ctxr,textures/flatlist/_win,armory_brkdty00_alp_ovl.bmp.ctxr,armory_brkdty00_alp_ovl.bmp,ctxr,82240,cde06a50090f7f7ff13bc2898263c41917344f9e
textures/flatlist/_win/armory_brkdty00_alp_ovl.bmp_60a7da6c823ac3bdd7ca733a24a4129c.ctxr,textures/flatlist/_win,armory_brkdty00_alp_ovl.bmp_60a7da6c823ac3bdd7ca733a24a4129c.ctxr,armory_brkdty00_alp_ovl.bmp_60a7da6c823ac3bdd7ca733a24a4129c,ctxr,53536,4a901bbeff64d672a83fb72843c9a8ef5e17f78d
textures/flatlist/_win/armory_brkkan02.bmp.ctxr,textures/flatlist/_win,armory_brkkan02.bmp.ctxr,armory_brkkan02.bmp,ctxr,4096,157242d1031887b79a7963ca78efe2b68473b926
textures/flatlist/_win/armory_brkkan02.bmp_ef0db98abde446d506280094439a37e5.ctxr,textures/flatlist/_win,armory_brkkan02.bmp_ef0db98abde446d506280094439a37e5.ctxr,armory_brkkan02.bmp_ef0db98abde446d506280094439a37e5,ctxr,4096,4a8fbf0f720c50f55799bff430ad6f6741447294
textures/flatlist/_win/armory_brkpaper00_alp_ovl.bmp.ctxr,textures/flatlist/_win,armory_brkpaper00_alp_ovl.bmp.ctxr,armory_brkpaper00_alp_ovl.bmp,ctxr,8480,c29894dd40dc1f9ea9273d444a8804162c5b2c98
textures/flatlist/_win/armory_brkplt00.bmp.ctxr,textures/flatlist/_win,armory_brkplt00.bmp.ctxr,armory_brkplt00.bmp,ctxr,7136,d7ff7fd6148518cd8845a08e49acd62f469ea0ad
textures/flatlist/_win/armory_caution00.bmp.ctxr,textures/flatlist/_win,armory_caution00.bmp.ctxr,armory_caution00.bmp,ctxr,44064,d454d08ae62dd4f5a466808a0618eda26b40260c
textures/flatlist/_win/armory_ceil01.bmp.ctxr,textures/flatlist/_win,armory_ceil01.bmp.ctxr,armory_ceil01.bmp,ctxr,16736,4704c73fc136cb0f4fe0d69dec3fe315f59a3a91
textures/flatlist/_win/armory_door01.bmp.ctxr,textures/flatlist/_win,armory_door01.bmp.ctxr,armory_door01.bmp,ctxr,38528,6ceb3f3704d6d5884a9853096fdccbaa928aec52
textures/flatlist/_win/armory_doorframe01.bmp.ctxr,textures/flatlist/_win,armory_doorframe01.bmp.ctxr,armory_doorframe01.bmp,ctxr,44096,0a6bebc7b60c183a655622ab372877ddf4ba2108
textures/flatlist/_win/armory_doorframe01.bmp_381259feb8452fb2f7b168cfb2cc8f87.ctxr,textures/flatlist/_win,armory_doorframe01.bmp_381259feb8452fb2f7b168cfb2cc8f87.ctxr,armory_doorframe01.bmp_381259feb8452fb2f7b168cfb2cc8f87,ctxr,8832,90f0f3ed5e9e5ec5750cb6c7af5129dd5cea4229
textures/flatlist/_win/armory_floor01.bmp.ctxr,textures/flatlist/_win,armory_floor01.bmp.ctxr,armory_floor01.bmp,ctxr,67200,8f9444ebd4b7a2c5264da8c5441add99a78e3b17
textures/flatlist/_win/armory_hako00.bmp_324baacc86fea1cd4aebafe9599140a9.ctxr,textures/flatlist/_win,armory_hako00.bmp_324baacc86fea1cd4aebafe9599140a9.ctxr,armory_hako00.bmp_324baacc86fea1cd4aebafe9599140a9,ctxr,349920,6fcc17db7da8e6705c4a5cee465d903a01bc4ab3
textures/flatlist/_win/armory_hako01.bmp_28f5f2428d7f2bcd200658a095c1cbba.ctxr,textures/flatlist/_win,armory_hako01.bmp_28f5f2428d7f2bcd200658a095c1cbba.ctxr,armory_hako01.bmp_28f5f2428d7f2bcd200658a095c1cbba,ctxr,349920,53bcf037509e80b38c99ef9672d6c64bb49a9eba
textures/flatlist/_win/armory_hako02.bmp_bc6d6886a77e7095878fb624086cfbd4.ctxr,textures/flatlist/_win,armory_hako02.bmp_bc6d6886a77e7095878fb624086cfbd4.ctxr,armory_hako02.bmp_bc6d6886a77e7095878fb624086cfbd4,ctxr,349920,e59982a10f42a87f1e9e6f149a541912e883f3fd
textures/flatlist/_win/armory_kan01.bmp.ctxr,textures/flatlist/_win,armory_kan01.bmp.ctxr,armory_kan01.bmp,ctxr,7136,a038117ce9e46a6b1c82c647460d854728ee89e5
textures/flatlist/_win/armory_kan01.bmp_1926b58465933136b8b8e9a28ffb67c1.ctxr,textures/flatlist/_win,armory_kan01.bmp_1926b58465933136b8b8e9a28ffb67c1.ctxr,armory_kan01.bmp_1926b58465933136b8b8e9a28ffb67c1,ctxr,8512,0e5a7f967b1648724c26465fd6f53e844215f7e8
textures/flatlist/_win/armory_kan02.bmp.ctxr,textures/flatlist/_win,armory_kan02.bmp.ctxr,armory_kan02.bmp,ctxr,4864,459529a351afd18d05813179e035a81176f6f549
textures/flatlist/_win/armory_kan02.bmp_f2036919f3c1c4eaeaee951679a30cc9.ctxr,textures/flatlist/_win,armory_kan02.bmp_f2036919f3c1c4eaeaee951679a30cc9.ctxr,armory_kan02.bmp_f2036919f3c1c4eaeaee951679a30cc9,ctxr,4096,f08faf045fef7bfdb0146b04aebe32345e4b95d6
textures/flatlist/_win/armory_kan03.bmp.ctxr,textures/flatlist/_win,armory_kan03.bmp.ctxr,armory_kan03.bmp,ctxr,3328,f8a4dedd2d8af0f76007189f82b91ed074234b29
textures/flatlist/_win/armory_light00.bmp.ctxr,textures/flatlist/_win,armory_light00.bmp.ctxr,armory_light00.bmp,ctxr,2368,1649a355c246b09fe98cccc6806efefd4f42da3c
textures/flatlist/_win/armory_light02_alp_ovl.bmp.ctxr,textures/flatlist/_win,armory_light02_alp_ovl.bmp.ctxr,armory_light02_alp_ovl.bmp,ctxr,3040,672f0022a62da856827ae9197536b98d427655fd
textures/flatlist/_win/armory_light02_alp_ovl.bmp_0638277d8bb16e69c32fca0ef443bc4a.ctxr,textures/flatlist/_win,armory_light02_alp_ovl.bmp_0638277d8bb16e69c32fca0ef443bc4a.ctxr,armory_light02_alp_ovl.bmp_0638277d8bb16e69c32fca0ef443bc4a,ctxr,3040,cabdd074319f4b2b57400f251b569230a91e953e
textures/flatlist/_win/armory_light02_alp_ovl.bmp_ace6c2f60fa75ba68aca013c8e0906b7.ctxr,textures/flatlist/_win,armory_light02_alp_ovl.bmp_ace6c2f60fa75ba68aca013c8e0906b7.ctxr,armory_light02_alp_ovl.bmp_ace6c2f60fa75ba68aca013c8e0906b7,ctxr,3040,7b757b16ee627076f7591bed266dabcd13411d91
textures/flatlist/_win/armory_light02_alp_ovl.bmp_fc7bccf876f9078ec5606bc102b8ce83.ctxr,textures/flatlist/_win,armory_light02_alp_ovl.bmp_fc7bccf876f9078ec5606bc102b8ce83.ctxr,armory_light02_alp_ovl.bmp_fc7bccf876f9078ec5606bc102b8ce83,ctxr,3040,ce482f08059c4d727c637b182bef44d3d8f971a5
textures/flatlist/_win/armory_paper00_alp_ovl.bmp.ctxr,textures/flatlist/_win,armory_paper00_alp_ovl.bmp.ctxr,armory_paper00_alp_ovl.bmp,ctxr,8480,3c51ccc70db014103bddcd5f32e2ca08044f465f
textures/flatlist/_win/armory_paper00_alp_ovl.bmp_3de9cd3e5a27240fd1744bc8205c3a91.ctxr,textures/flatlist/_win,armory_paper00_alp_ovl.bmp_3de9cd3e5a27240fd1744bc8205c3a91.ctxr,armory_paper00_alp_ovl.bmp_3de9cd3e5a27240fd1744bc8205c3a91,ctxr,8480,026ca0bdcff5f8ef4fdfbf8b9aebff9d2b724ea8
textures/flatlist/_win/armory_plt00.bmp.ctxr,textures/flatlist/_win,armory_plt00.bmp.ctxr,armory_plt00.bmp,ctxr,13984,7ab2bb56493d8215119ab80278cd267865510f72
textures/flatlist/_win/armory_plt00.bmp_08b23396f01b7759af0822da63e882ef.ctxr,textures/flatlist/_win,armory_plt00.bmp_08b23396f01b7759af0822da63e882ef.ctxr,armory_plt00.bmp_08b23396f01b7759af0822da63e882ef,ctxr,13984,839a2e9b4c7cdf773d0efd026a55ffd2cf24c8f0
textures/flatlist/_win/armory_rack00.bmp.ctxr,textures/flatlist/_win,armory_rack00.bmp.ctxr,armory_rack00.bmp,ctxr,44064,bfc23e7c4e0b5ecc906ffb55073283b5d3202fe2
textures/flatlist/_win/armory_rackdoor.bmp.ctxr,textures/flatlist/_win,armory_rackdoor.bmp.ctxr,armory_rackdoor.bmp,ctxr,7776,171af7ba42c4a64f56cfa9b0e2fa798414cb39b6
textures/flatlist/_win/armory_rackdoor.bmp_0c5dfc57875cf2252a1fdf7fc97c7d77.ctxr,textures/flatlist/_win,armory_rackdoor.bmp_0c5dfc57875cf2252a1fdf7fc97c7d77.ctxr,armory_rackdoor.bmp_0c5dfc57875cf2252a1fdf7fc97c7d77,ctxr,87744,c61730eabc13aa389089744136bf39018bd6f8c3
textures/flatlist/_win/armory_sdw02_alp_ovl.bmp.ctxr,textures/flatlist/_win,armory_sdw02_alp_ovl.bmp.ctxr,armory_sdw02_alp_ovl.bmp,ctxr,14016,1390cf246373d4cab18f34bf619e66a6bc58e04f
textures/flatlist/_win/armory_shelf01.bmp.ctxr,textures/flatlist/_win,armory_shelf01.bmp.ctxr,armory_shelf01.bmp,ctxr,6912,61403b6e78539885ecfbca176abc8dc90f7630c2
textures/flatlist/_win/armory_shelf01.bmp_9c4e006caf1b1d5994b2515ebc5607f4.ctxr,textures/flatlist/_win,armory_shelf01.bmp_9c4e006caf1b1d5994b2515ebc5607f4.ctxr,armory_shelf01.bmp_9c4e006caf1b1d5994b2515ebc5607f4,ctxr,8000,f5ad2d1f4e5660e05d30a2df4a88baa19296999e
textures/flatlist/_win/armory_sign_alp_ovl_03.bmp.ctxr,textures/flatlist/_win,armory_sign_alp_ovl_03.bmp.ctxr,armory_sign_alp_ovl_03.bmp,ctxr,16704,5a592d07fdd09c21966525d1684fcf246a574fc7
textures/flatlist/_win/armory_vent00.bmp.ctxr,textures/flatlist/_win,armory_vent00.bmp.ctxr,armory_vent00.bmp,ctxr,4384,8682b86bc9ea30db9e9794a0392b8593d48dc6a9
textures/flatlist/_win/armory_wall01.bmp_42781015d7a89e3dd0162a4f9c656a7d.ctxr,textures/flatlist/_win,armory_wall01.bmp_42781015d7a89e3dd0162a4f9c656a7d.ctxr,armory_wall01.bmp_42781015d7a89e3dd0162a4f9c656a7d,ctxr,1398528,0408c7ac1d32975c37af034ea02c1bd0547a5095
textures/flatlist/_win/armory_window_alp_ovl_01.bmp.ctxr,textures/flatlist/_win,armory_window_alp_ovl_01.bmp.ctxr,armory_window_alp_ovl_01.bmp,ctxr,12576,e9a43e57f5f3840e6844784dc85339acc13ad804
textures/flatlist/_win/arowana_co02_eaten.bmp.ctxr,textures/flatlist/_win,arowana_co02_eaten.bmp.ctxr,arowana_co02_eaten.bmp,ctxr,98688,6dd0c1a5896e06ba8c00c6f2fa1a89a7dbddd0a2
textures/flatlist/_win/ar_forkudw_ovl_sub_alp.bmp.ctxr,textures/flatlist/_win,ar_forkudw_ovl_sub_alp.bmp.ctxr,ar_forkudw_ovl_sub_alp.bmp,ctxr,7328,9535fdf4dee7d956b5e8033935c58f82f176713f
textures/flatlist/_win/ar_forkudw_ovl_sub_alp.bmp_adf2c6858167aa7c3c5b3b7f6e95eceb.ctxr,textures/flatlist/_win,ar_forkudw_ovl_sub_alp.bmp_adf2c6858167aa7c3c5b3b7f6e95eceb.ctxr,ar_forkudw_ovl_sub_alp.bmp_adf2c6858167aa7c3c5b3b7f6e95eceb,ctxr,1952,63162a21d17a3c134dd2f787a98eb289e1c767c3
textures/flatlist/_win/ar_forkumt_ovl_sub_alp.bmp.ctxr,textures/flatlist/_win,ar_forkumt_ovl_sub_alp.bmp.ctxr,ar_forkumt_ovl_sub_alp.bmp,ctxr,2208,6fb7da07893d02c977a342fafd0fd1dc8aaf820a
textures/flatlist/_win/ar_forkumt_ovl_sub_alp.bmp_1291a2edb844a3bbb93e16f4727bfea2.ctxr,textures/flatlist/_win,ar_forkumt_ovl_sub_alp.bmp_1291a2edb844a3bbb93e16f4727bfea2.ctxr,ar_forkumt_ovl_sub_alp.bmp_1291a2edb844a3bbb93e16f4727bfea2,ctxr,672,82681f80a4034450fb36d595a6b41fff4f941f7e
textures/flatlist/_win/ashirindahead_ovl_sub_alp.bmp.ctxr,textures/flatlist/_win,ashirindahead_ovl_sub_alp.bmp.ctxr,ashirindahead_ovl_sub_alp.bmp,ctxr,41632,406840657f593876c01a007461b481b238656d9b
textures/flatlist/_win/ashirindahead_ovl_sub_alp.bmp_112e708131775183b190e919d5290f90.ctxr,textures/flatlist/_win,ashirindahead_ovl_sub_alp.bmp_112e708131775183b190e919d5290f90.ctxr,ashirindahead_ovl_sub_alp.bmp_112e708131775183b190e919d5290f90,ctxr,10528,2804ed228bd78b17de091561cf80c309dbf2065d
textures/flatlist/_win/aspookbs_ovl_sub_alp.bmp.ctxr,textures/flatlist/_win,aspookbs_ovl_sub_alp.bmp.ctxr,aspookbs_ovl_sub_alp.bmp,ctxr,1184,563288e3a5c59f6533eb7c4e6821469b8685bbf4
textures/flatlist/_win/aspookbs_ovl_sub_alp.bmp_4615badbcc715c31cc8ff2a6db6d6cb0.ctxr,textures/flatlist/_win,aspookbs_ovl_sub_alp.bmp_4615badbcc715c31cc8ff2a6db6d6cb0.ctxr,aspookbs_ovl_sub_alp.bmp_4615badbcc715c31cc8ff2a6db6d6cb0,ctxr,416,a28f7ae17492af8f2933b752d5120327f329b6b2
textures/flatlist/_win/aspook_ovl_sub_alp.bmp.ctxr,textures/flatlist/_win,aspook_ovl_sub_alp.bmp.ctxr,aspook_ovl_sub_alp.bmp,ctxr,1312,7bea9f0d03d53df518feefcce0cea6a159c4b0fb
textures/flatlist/_win/aspook_ovl_sub_alp.bmp_312c358450a2a50a8319a8a7dd498479.ctxr,textures/flatlist/_win,aspook_ovl_sub_alp.bmp_312c358450a2a50a8319a8a7dd498479.ctxr,aspook_ovl_sub_alp.bmp_312c358450a2a50a8319a8a7dd498479,ctxr,480,926dac516be7e82c99e1de9179b712958053babe
textures/flatlist/_win/ataiyabase_ovl_sub_alp.bmp.ctxr,textures/flatlist/_win,ataiyabase_ovl_sub_alp.bmp.ctxr,ataiyabase_ovl_sub_alp.bmp,ctxr,3744,297599bb2609d210de6ce4bc2568b02a8880f6ce
textures/flatlist/_win/ataiyabase_ovl_sub_alp.bmp_369e6b99fc38083c1787314a7fdc765c.ctxr,textures/flatlist/_win,ataiyabase_ovl_sub_alp.bmp_369e6b99fc38083c1787314a7fdc765c.ctxr,ataiyabase_ovl_sub_alp.bmp_369e6b99fc38083c1787314a7fdc765c,ctxr,1056,f6b30a45ce8f12c0fbb13725151aca2fc9308722
textures/flatlist/_win/ataiya_ovl_sub_alp.bmp.ctxr,textures/flatlist/_win,ataiya_ovl_sub_alp.bmp.ctxr,ataiya_ovl_sub_alp.bmp,ctxr,53920,578fb9e63b8fdda0340a7112b0db7db063c3a267
textures/flatlist/_win/ataiya_ovl_sub_alp.bmp_70b0ef6e0148fe4ecdf1d050443e70c4.ctxr,textures/flatlist/_win,ataiya_ovl_sub_alp.bmp_70b0ef6e0148fe4ecdf1d050443e70c4.ctxr,ataiya_ovl_sub_alp.bmp_70b0ef6e0148fe4ecdf1d050443e70c4,ctxr,13600,dc88e83b4e9bdac084938409e0bbe7ff207275aa
textures/flatlist/_win/atank_ovl_sub_alp.bmp.ctxr,textures/flatlist/_win,atank_ovl_sub_alp.bmp.ctxr,atank_ovl_sub_alp.bmp,ctxr,97504,af976d1dedc35cfa52085cf2204044840edac722
textures/flatlist/_win/atank_ovl_sub_alp.bmp_ea31fbeefc636adacf0fc3ea3a39bbe6.ctxr,textures/flatlist/_win,atank_ovl_sub_alp.bmp_ea31fbeefc636adacf0fc3ea3a39bbe6.ctxr,atank_ovl_sub_alp.bmp_ea31fbeefc636adacf0fc3ea3a39bbe6,ctxr,25760,c64e2a9f88d2f4a776ca552590d4878b0e563f12
textures/flatlist/_win/ateallamp_ovl_sub_alp.bmp.ctxr,textures/flatlist/_win,ateallamp_ovl_sub_alp.bmp.ctxr,ateallamp_ovl_sub_alp.bmp,ctxr,4960,c2b1a58dcb3b6ab873943c7f2f1d7d0d027a2302
textures/flatlist/_win/ateallamp_ovl_sub_alp.bmp_c97c0848a1700c59f14e833e062087e8.ctxr,textures/flatlist/_win,ateallamp_ovl_sub_alp.bmp_c97c0848a1700c59f14e833e062087e8.ctxr,ateallamp_ovl_sub_alp.bmp_c97c0848a1700c59f14e833e062087e8,ctxr,1696,07ecdd63373d62af1e0c72d9d321c32cd8b40b41
textures/flatlist/_win/awaiyer_ovl_sub_alp.bmp.ctxr,textures/flatlist/_win,awaiyer_ovl_sub_alp.bmp.ctxr,awaiyer_ovl_sub_alp.bmp,ctxr,4384,4a5a6e6fe153ce4735c8582fd4bc7144859a99b4
textures/flatlist/_win/awaiyer_ovl_sub_alp.bmp_77400dbc8e958689ae031e109a2e6bfd.ctxr,textures/flatlist/_win,awaiyer_ovl_sub_alp.bmp_77400dbc8e958689ae031e109a2e6bfd.ctxr,awaiyer_ovl_sub_alp.bmp_77400dbc8e958689ae031e109a2e6bfd,ctxr,1248,98c567451b8ded92f1ce6580aabd933152d760f0
textures/flatlist/_win/award_cup01.bmp.ctxr,textures/flatlist/_win,award_cup01.bmp.ctxr,award_cup01.bmp,ctxr,15776,8a7c5cbf8e5639df36aae961e9dd67c42275b629
textures/flatlist/_win/award_cup03_alp_ovl.bmp.ctxr,textures/flatlist/_win,award_cup03_alp_ovl.bmp.ctxr,award_cup03_alp_ovl.bmp,ctxr,6432,3d43522119221ebcd167d2902455f1b50fb91f1c
textures/flatlist/_win/awinke_ovl_sub_alp.bmp.ctxr,textures/flatlist/_win,awinke_ovl_sub_alp.bmp.ctxr,awinke_ovl_sub_alp.bmp,ctxr,1312,bc7b7b287ceb26725362217eb238710602ea897d
textures/flatlist/_win/a_a_arufa_sub_alp_ovl.bmp.ctxr,textures/flatlist/_win,a_a_arufa_sub_alp_ovl.bmp.ctxr,a_a_arufa_sub_alp_ovl.bmp,ctxr,1184,28729f5658bd9c067230b7826973f692cab424b2
textures/flatlist/_win/a_beam_sub_alp_ovl.bmp.ctxr,textures/flatlist/_win,a_beam_sub_alp_ovl.bmp.ctxr,a_beam_sub_alp_ovl.bmp,ctxr,16544,b7c691e64921b42337704a70d528b28e35f198ea
textures/flatlist/_win/a_craft_struc_sub_alp_ovl.bmp.ctxr,textures/flatlist/_win,a_craft_struc_sub_alp_ovl.bmp.ctxr,a_craft_struc_sub_alp_ovl.bmp,ctxr,82080,a5a32b5a33b2f25481cff1e240b33601c22d6933
textures/flatlist/_win/a_cylinder_sub_alp_ovl.bmp.ctxr,textures/flatlist/_win,a_cylinder_sub_alp_ovl.bmp.ctxr,a_cylinder_sub_alp_ovl.bmp,ctxr,4256,6b0743bc1bf2c38a512c81cb0a943346a6be5386
textures/flatlist/_win/a_drill_sub_alp_ovl.bmp.ctxr,textures/flatlist/_win,a_drill_sub_alp_ovl.bmp.ctxr,a_drill_sub_alp_ovl.bmp,ctxr,32928,f68e9c748defa93f668fb8464dc86f02545c2cac
textures/flatlist/_win/a_guns_sub_alp_ovl.bmp.ctxr,textures/flatlist/_win,a_guns_sub_alp_ovl.bmp.ctxr,a_guns_sub_alp_ovl.bmp,ctxr,8352,4a0fb1f4e43da723618a2fe8e004e9018a90a746
textures/flatlist/_win/a_hover_sub_alp_ovl.bmp.ctxr,textures/flatlist/_win,a_hover_sub_alp_ovl.bmp.ctxr,a_hover_sub_alp_ovl.bmp,ctxr,262304,30c2122d080692d7963567529f3237afa5c4fddb
textures/flatlist/_win/a_hover_sub_alp_ovl.bmp_eb40ecc919478f115539d3b7e95d7301.ctxr,textures/flatlist/_win,a_hover_sub_alp_ovl.bmp_eb40ecc919478f115539d3b7e95d7301.ctxr,a_hover_sub_alp_ovl.bmp_eb40ecc919478f115539d3b7e95d7301,ctxr,262304,02fa760981e2d49b9c2297910b0bdecbf1211101
textures/flatlist/_win/a_jet_sub_alp_ovl.bmp.ctxr,textures/flatlist/_win,a_jet_sub_alp_ovl.bmp.ctxr,a_jet_sub_alp_ovl.bmp,ctxr,4256,a2477d2834dc103e163efb1ebc3feadec9a61e95
textures/flatlist/_win/a_leg_engine_sub_alp_ovl.bmp.ctxr,textures/flatlist/_win,a_leg_engine_sub_alp_ovl.bmp.ctxr,a_leg_engine_sub_alp_ovl.bmp,ctxr,16544,072dc84b8b888c1cbb18e92594aa30b040673e14
textures/flatlist/_win/a_leg_struc_sub_alp_ovl.bmp.ctxr,textures/flatlist/_win,a_leg_struc_sub_alp_ovl.bmp.ctxr,a_leg_struc_sub_alp_ovl.bmp,ctxr,131232,a65304f822e44ff13a3a83f0dd3810b68300a482
textures/flatlist/_win/a_leg_sub_alp_ovl.bmp.ctxr,textures/flatlist/_win,a_leg_sub_alp_ovl.bmp.ctxr,a_leg_sub_alp_ovl.bmp,ctxr,32928,9b46bdc4ae1a4da7cb82caf66fb1885f74117307
textures/flatlist/_win/a_leg_sub_alp_ovl.bmp_f02c9d2a5668b56a89e0d5aa9ef842e4.ctxr,textures/flatlist/_win,a_leg_sub_alp_ovl.bmp_f02c9d2a5668b56a89e0d5aa9ef842e4.ctxr,a_leg_sub_alp_ovl.bmp_f02c9d2a5668b56a89e0d5aa9ef842e4,ctxr,32928,663d29216fbc4c6794a737bec476f31250e79e01
textures/flatlist/_win/a_lips_sub_alp_ovl.bmp.ctxr,textures/flatlist/_win,a_lips_sub_alp_ovl.bmp.ctxr,a_lips_sub_alp_ovl.bmp,ctxr,4256,9e83c23019eb1b9f50bdf6fcd029c1acb3352819
textures/flatlist/_win/a_micr_side_sub_ovl_alp.bmp.ctxr,textures/flatlist/_win,a_micr_side_sub_ovl_alp.bmp.ctxr,a_micr_side_sub_ovl_alp.bmp,ctxr,8352,de9e89b0b63f9f5f19c4ede8a19f9aaa4a2894a5
textures/flatlist/_win/a_micr_tex_sub_ovl_alp.bmp.ctxr,textures/flatlist/_win,a_micr_tex_sub_ovl_alp.bmp.ctxr,a_micr_tex_sub_ovl_alp.bmp,ctxr,65696,afe6a12d0ccf4428e71becc74c259eeb311e155e
textures/flatlist/_win/a_micr_top_sub_ovl_alp.bmp.ctxr,textures/flatlist/_win,a_micr_top_sub_ovl_alp.bmp.ctxr,a_micr_top_sub_ovl_alp.bmp,ctxr,6304,c449bf389ff21a46e01d00b1aef7837130bfa2e3
textures/flatlist/_win/a_sus_sub_alp_ovl.bmp.ctxr,textures/flatlist/_win,a_sus_sub_alp_ovl.bmp.ctxr,a_sus_sub_alp_ovl.bmp,ctxr,4256,25e146abd60524979d5fa9fc82fb6ed310b7571f
textures/flatlist/_win/a__chest02_sub_alp_ovl.bmp.ctxr,textures/flatlist/_win,a__chest02_sub_alp_ovl.bmp.ctxr,a__chest02_sub_alp_ovl.bmp,ctxr,16544,a4ae366b3ec912fb2f5e5fe8263289156ff975e1
textures/flatlist/_win/a__chest02_sub_alp_ovl.bmp_ae2a6d99ff541606586b854594546df6.ctxr,textures/flatlist/_win,a__chest02_sub_alp_ovl.bmp_ae2a6d99ff541606586b854594546df6.ctxr,a__chest02_sub_alp_ovl.bmp_ae2a6d99ff541606586b854594546df6,ctxr,16544,c78cd43531cc4133c6934e082280d477d892a106
textures/flatlist/_win/battely.bmp.ctxr,textures/flatlist/_win,battely.bmp.ctxr,battely.bmp,ctxr,41312,5872246473c80ffe8dca116c5de1978ec8ca6597
textures/flatlist/_win/battely.bmp_7ccbc70980330a2a630b6780d41cb1a1.ctxr,textures/flatlist/_win,battely.bmp_7ccbc70980330a2a630b6780d41cb1a1.ctxr,battely.bmp_7ccbc70980330a2a630b6780d41cb1a1,ctxr,10560,d453c6ebbad9c1d0d31ef4b10c0990080e1bbbb7
textures/flatlist/_win/bee_cmd_ovl_alp.bmp.ctxr,textures/flatlist/_win,bee_cmd_ovl_alp.bmp.ctxr,bee_cmd_ovl_alp.bmp,ctxr,5792,535ba23afc7731e02a0f2273be4e705af20b2ba5
textures/flatlist/_win/bee_def.bmp.ctxr,textures/flatlist/_win,bee_def.bmp.ctxr,bee_def.bmp,ctxr,22208,dee9c2997568f8426a85a2eedc464c314948db21
textures/flatlist/_win/bee_high.bmp.ctxr,textures/flatlist/_win,bee_high.bmp.ctxr,bee_high.bmp,ctxr,22208,74d91900e22bef9872c15f4e73ebfe2cd5465a89
textures/flatlist/_win/bee_suana_alp_ovl.bmp.ctxr,textures/flatlist/_win,bee_suana_alp_ovl.bmp.ctxr,bee_suana_alp_ovl.bmp,ctxr,2304,d0574b1a430836b498526304e752a0a708bfbf13
textures/flatlist/_win/biyopro.bmp.ctxr,textures/flatlist/_win,biyopro.bmp.ctxr,biyopro.bmp,ctxr,12608,ee6080568384ef83481731ecac35cde8e3af11ae
textures/flatlist/_win/biyopro_b.bmp.ctxr,textures/flatlist/_win,biyopro_b.bmp.ctxr,biyopro_b.bmp,ctxr,3360,29218e5e3a859b858db14256242e220fa24bc0c9
textures/flatlist/_win/biyopro_b.bmp_cf9c5a81302b08a5dcd0e564cb0a295d.ctxr,textures/flatlist/_win,biyopro_b.bmp_cf9c5a81302b08a5dcd0e564cb0a295d.ctxr,biyopro_b.bmp_cf9c5a81302b08a5dcd0e564cb0a295d,ctxr,6464,d6b7a7bff26efd8c8d2f54b90a1860a635798572
textures/flatlist/_win/blen_glass_ovl_sub_alp.bmp.ctxr,textures/flatlist/_win,blen_glass_ovl_sub_alp.bmp.ctxr,blen_glass_ovl_sub_alp.bmp,ctxr,7904,2a0519a2129e88e7c74d68828fcda33b69db742a
textures/flatlist/_win/blen_glass_ovl_sub_alp.bmp_04b78b4ebbaa8b1a840ecfaa980ced46.ctxr,textures/flatlist/_win,blen_glass_ovl_sub_alp.bmp_04b78b4ebbaa8b1a840ecfaa980ced46.ctxr,blen_glass_ovl_sub_alp.bmp_04b78b4ebbaa8b1a840ecfaa980ced46,ctxr,416,55d561c98608bd50eed2acce6d346471b5dc85cb
textures/flatlist/_win/blen_glass_ovl_sub_alp.bmp_902192bcc76cb57599b19cd017e859fa.ctxr,textures/flatlist/_win,blen_glass_ovl_sub_alp.bmp_902192bcc76cb57599b19cd017e859fa.ctxr,blen_glass_ovl_sub_alp.bmp_902192bcc76cb57599b19cd017e859fa,ctxr,7904,af82f1a6fb311b9d5da3e4fc789c81f6e28d8001
textures/flatlist/_win/blen_glass_ovl_sub_alp.bmp_b9c456a186c740eecc4d76fb57a6bc7c.ctxr,textures/flatlist/_win,blen_glass_ovl_sub_alp.bmp_b9c456a186c740eecc4d76fb57a6bc7c.ctxr,blen_glass_ovl_sub_alp.bmp_b9c456a186c740eecc4d76fb57a6bc7c,ctxr,7904,6b173bdc0af73f43feca823284331118dd046d5d
textures/flatlist/_win/blen_napalm_sub_ovl_alp.bmp.ctxr,textures/flatlist/_win,blen_napalm_sub_ovl_alp.bmp.ctxr,blen_napalm_sub_ovl_alp.bmp,ctxr,46240,4b5715a8ea6bc476d93ea4297407763b56a1a8c1
textures/flatlist/_win/blen_nozzle_ovl_sub_alp.bmp.ctxr,textures/flatlist/_win,blen_nozzle_ovl_sub_alp.bmp.ctxr,blen_nozzle_ovl_sub_alp.bmp,ctxr,16544,8fc45e737c30e4eeffcb2dd3a305ac535d252b68
textures/flatlist/_win/blind_a00_alp_ovl.bmp.ctxr,textures/flatlist/_win,blind_a00_alp_ovl.bmp.ctxr,blind_a00_alp_ovl.bmp,ctxr,68608,0c8bd864e38f22ad54fa0acce31d8252f1999081
textures/flatlist/_win/boat_d.bmp.ctxr,textures/flatlist/_win,boat_d.bmp.ctxr,boat_d.bmp,ctxr,3328,59b81922483aac76f77e2e41f80511ee06d9a271
textures/flatlist/_win/boat_l.bmp.ctxr,textures/flatlist/_win,boat_l.bmp.ctxr,boat_l.bmp,ctxr,17376,78cfae5e6d5b599826fd836786b39d9b28cee512
textures/flatlist/_win/boat_m.bmp.ctxr,textures/flatlist/_win,boat_m.bmp.ctxr,boat_m.bmp,ctxr,15648,9f9fdf405b81be28ce1bdcb9fdb989b0f730607d
textures/flatlist/_win/bonn_battery_sub_ovl_alp.bmp.ctxr,textures/flatlist/_win,bonn_battery_sub_ovl_alp.bmp.ctxr,bonn_battery_sub_ovl_alp.bmp,ctxr,25760,7c363667a34f0044038f85c59274280cfe3fb046
textures/flatlist/_win/bonn_chain_sub_ovl_alp.bmp.ctxr,textures/flatlist/_win,bonn_chain_sub_ovl_alp.bmp.ctxr,bonn_chain_sub_ovl_alp.bmp,ctxr,8352,f2999509f847ff7be4c45e9305feef62c8de698a
textures/flatlist/_win/bonn_cover_sub_ovl_alp.bmp.ctxr,textures/flatlist/_win,bonn_cover_sub_ovl_alp.bmp.ctxr,bonn_cover_sub_ovl_alp.bmp,ctxr,32928,c66664469f6f0651ca37819b40fe147a8e954482
textures/flatlist/_win/bonn_drumbra_center.bmp.ctxr,textures/flatlist/_win,bonn_drumbra_center.bmp.ctxr,bonn_drumbra_center.bmp,ctxr,4384,8ad4055bcb595c67d06588119ded7f02d704834e
textures/flatlist/_win/bonn_drumbra_center_sub_ovl_alp.bmp.ctxr,textures/flatlist/_win,bonn_drumbra_center_sub_ovl_alp.bmp.ctxr,bonn_drumbra_center_sub_ovl_alp.bmp,ctxr,3232,6edf7e772a0437be4e255bd630033acd5282d578
textures/flatlist/_win/bonn_drumbra_in.bmp.ctxr,textures/flatlist/_win,bonn_drumbra_in.bmp.ctxr,bonn_drumbra_in.bmp,ctxr,16704,a8817974e76fb9d9980a47cb6e322808d37d5ef1
textures/flatlist/_win/bonn_drumbra_in_sub_ovl_alp.bmp.ctxr,textures/flatlist/_win,bonn_drumbra_in_sub_ovl_alp.bmp.ctxr,bonn_drumbra_in_sub_ovl_alp.bmp,ctxr,12448,b9b8d8c0968666c0d1f507c2e01df6d92c1e8eb1
textures/flatlist/_win/bonn_drumbra_left_sub_ovl_alp.bmp.ctxr,textures/flatlist/_win,bonn_drumbra_left_sub_ovl_alp.bmp.ctxr,bonn_drumbra_left_sub_ovl_alp.bmp,ctxr,37024,1a59963da488f85e3fea9b0278146a6c2b8c54ea
textures/flatlist/_win/bonn_drumbra_right.bmp.ctxr,textures/flatlist/_win,bonn_drumbra_right.bmp.ctxr,bonn_drumbra_right.bmp,ctxr,49472,064fd585249fc987ca0f6b315675c48f12fbfe89
textures/flatlist/_win/bonn_drumbra_right_sub_ovl_alp.bmp.ctxr,textures/flatlist/_win,bonn_drumbra_right_sub_ovl_alp.bmp.ctxr,bonn_drumbra_right_sub_ovl_alp.bmp,ctxr,37024,795fdb1be53e67b000e308b2065921273df55306
textures/flatlist/_win/bonn_engine_sub_ovl_alp.bmp.ctxr,textures/flatlist/_win,bonn_engine_sub_ovl_alp.bmp.ctxr,bonn_engine_sub_ovl_alp.bmp,ctxr,102560,05225796a5769bdb4a9d36cfca8ddf0c95a97368
textures/flatlist/_win/bonn_fender_sub_ovl_alp.bmp.ctxr,textures/flatlist/_win,bonn_fender_sub_ovl_alp.bmp.ctxr,bonn_fender_sub_ovl_alp.bmp,ctxr,32928,77f69bf5f90af609104b74210955e35f0b316709
textures/flatlist/_win/bonn_frame_sub_ovl_alp.bmp.ctxr,textures/flatlist/_win,bonn_frame_sub_ovl_alp.bmp.ctxr,bonn_frame_sub_ovl_alp.bmp,ctxr,65696,6583dad860e61ac662c8349f2908876a17a9fcf9
textures/flatlist/_win/bonn_gearcase_sub_ovl_alp.bmp.ctxr,textures/flatlist/_win,bonn_gearcase_sub_ovl_alp.bmp.ctxr,bonn_gearcase_sub_ovl_alp.bmp,ctxr,65696,2f669b5d9c1ec0fc5177811995603e70d2fc083d
textures/flatlist/_win/bonn_handle_metal.bmp.ctxr,textures/flatlist/_win,bonn_handle_metal.bmp.ctxr,bonn_handle_metal.bmp,ctxr,49472,d07215264e5986f581e85119eff71fb5fbb3396e
textures/flatlist/_win/bonn_handle_metal_sub_ovl_alp.bmp.ctxr,textures/flatlist/_win,bonn_handle_metal_sub_ovl_alp.bmp.ctxr,bonn_handle_metal_sub_ovl_alp.bmp,ctxr,37024,202f07a342c877e9b2268cf4860816ff4c426ba8
textures/flatlist/_win/bonn_handle_sub_ovl_alp.bmp.ctxr,textures/flatlist/_win,bonn_handle_sub_ovl_alp.bmp.ctxr,bonn_handle_sub_ovl_alp.bmp,ctxr,8352,e87796933d65e2199576826cb829f876c4a80d96
textures/flatlist/_win/bonn_headlight_sub_ovl_alp.bmp.ctxr,textures/flatlist/_win,bonn_headlight_sub_ovl_alp.bmp.ctxr,bonn_headlight_sub_ovl_alp.bmp,ctxr,37024,231c9a030565a5a590ed1adffe468ec91a11c4ed
textures/flatlist/_win/bonn_head_in_sub_ovl_alp.bmp.ctxr,textures/flatlist/_win,bonn_head_in_sub_ovl_alp.bmp.ctxr,bonn_head_in_sub_ovl_alp.bmp,ctxr,4256,2c92335843daa1f3c9876013043e647778e98771
textures/flatlist/_win/bonn_logotype_a_sub_ovl_alp.bmp.ctxr,textures/flatlist/_win,bonn_logotype_a_sub_ovl_alp.bmp.ctxr,bonn_logotype_a_sub_ovl_alp.bmp,ctxr,65696,d017baed3016156de926d65733c22275c999d61b
textures/flatlist/_win/bonn_logotype_b_sub_ovl_alp.bmp.ctxr,textures/flatlist/_win,bonn_logotype_b_sub_ovl_alp.bmp.ctxr,bonn_logotype_b_sub_ovl_alp.bmp,ctxr,65696,89bb462b7321e023cfef3afb88bd94657a344c1b
textures/flatlist/_win/bonn_meter_sub_ovl_alp.bmp.ctxr,textures/flatlist/_win,bonn_meter_sub_ovl_alp.bmp.ctxr,bonn_meter_sub_ovl_alp.bmp,ctxr,16544,17172fc36b2df7d5c34f8a3d1c48d3d360b26ebb
textures/flatlist/_win/bonn_muffler.bmp.ctxr,textures/flatlist/_win,bonn_muffler.bmp.ctxr,bonn_muffler.bmp,ctxr,41312,c843425774132ed84a4cac7d194bf4ada7cddda0
textures/flatlist/_win/bonn_muffler_b_sub_ovl_alp.bmp.ctxr,textures/flatlist/_win,bonn_muffler_b_sub_ovl_alp.bmp.ctxr,bonn_muffler_b_sub_ovl_alp.bmp,ctxr,32928,74ae594f4646590784b083ad70418ab3e8edf3dd
textures/flatlist/_win/bonn_muffler_sub_ovl_alp.bmp.ctxr,textures/flatlist/_win,bonn_muffler_sub_ovl_alp.bmp.ctxr,bonn_muffler_sub_ovl_alp.bmp,ctxr,30880,4fdf5b5c4bcfc74b3f0ca86b51df19153640e7dc
textures/flatlist/_win/bonn_num_f_sub_ovl_alp.bmp.ctxr,textures/flatlist/_win,bonn_num_f_sub_ovl_alp.bmp.ctxr,bonn_num_f_sub_ovl_alp.bmp,ctxr,8352,00daff79d4a09e8b04be527d7a12cda4a380204d
textures/flatlist/_win/bonn_panel_smb_sub_ovl_alp.bmp.ctxr,textures/flatlist/_win,bonn_panel_smb_sub_ovl_alp.bmp.ctxr,bonn_panel_smb_sub_ovl_alp.bmp,ctxr,4256,b9e84879202dc29c64bca27a915e1c27e25910b8
textures/flatlist/_win/bonn_pedal_sub_ovl_alp.bmp.ctxr,textures/flatlist/_win,bonn_pedal_sub_ovl_alp.bmp.ctxr,bonn_pedal_sub_ovl_alp.bmp,ctxr,16544,5671252b7283be2c7718e5d38b49b488943ba64d
textures/flatlist/_win/bonn_spoke_sub_ovl_alp.bmp.ctxr,textures/flatlist/_win,bonn_spoke_sub_ovl_alp.bmp.ctxr,bonn_spoke_sub_ovl_alp.bmp,ctxr,1184,f0cee06780f374517e8e6055396997a155dfbc65
textures/flatlist/_win/bonn_sprocket_sub_ovl_alp.bmp.ctxr,textures/flatlist/_win,bonn_sprocket_sub_ovl_alp.bmp.ctxr,bonn_sprocket_sub_ovl_alp.bmp,ctxr,32928,f5a3c25c7eba4e93b9cbb4e733ed517d994b1a86
textures/flatlist/_win/bonn_step_sub_ovl_alp.bmp.ctxr,textures/flatlist/_win,bonn_step_sub_ovl_alp.bmp.ctxr,bonn_step_sub_ovl_alp.bmp,ctxr,8352,8e5cb01025c1c97ba6bbb17bfc19c1fa46806363
textures/flatlist/_win/bonn_sus_dw.bmp.ctxr,textures/flatlist/_win,bonn_sus_dw.bmp.ctxr,bonn_sus_dw.bmp,ctxr,9504,e71fe33d9ca08881e99d974aa7b9ca217216112b
textures/flatlist/_win/bonn_sus_dw_sub_ovl_alp.bmp.ctxr,textures/flatlist/_win,bonn_sus_dw_sub_ovl_alp.bmp.ctxr,bonn_sus_dw_sub_ovl_alp.bmp,ctxr,7072,a6be563fd29524087244d06d39d05b6e69c04206
textures/flatlist/_win/bonn_sus_up.bmp.ctxr,textures/flatlist/_win,bonn_sus_up.bmp.ctxr,bonn_sus_up.bmp,ctxr,6432,0ab48f9e9ef6ea4795daeed93b3e93376a4bc04b
textures/flatlist/_win/bonn_sus_up_sub_ovl_alp.bmp.ctxr,textures/flatlist/_win,bonn_sus_up_sub_ovl_alp.bmp.ctxr,bonn_sus_up_sub_ovl_alp.bmp,ctxr,4768,73801df0de69ceb1d719af4253f15e48626ef32e
textures/flatlist/_win/bonn_taillight_sub_ovl_alp.bmp.ctxr,textures/flatlist/_win,bonn_taillight_sub_ovl_alp.bmp.ctxr,bonn_taillight_sub_ovl_alp.bmp,ctxr,16544,a930ac592f8e670a85bca8b234aefec21d72fd83
textures/flatlist/_win/bonn_tank_sub_ovl_alp.bmp.ctxr,textures/flatlist/_win,bonn_tank_sub_ovl_alp.bmp.ctxr,bonn_tank_sub_ovl_alp.bmp,ctxr,65696,c2f0ae00df7f90c408393b830ed7c0dc7588d5e0
textures/flatlist/_win/books02.bmp.ctxr,textures/flatlist/_win,books02.bmp.ctxr,books02.bmp,ctxr,87776,bebe9a0e308a448dc40979118e6e91c27168adb1
textures/flatlist/_win/bookshelf_b00.bmp.ctxr,textures/flatlist/_win,bookshelf_b00.bmp.ctxr,bookshelf_b00.bmp,ctxr,47232,2fac6c7cb74743957153a55f26b4181ed28b747d
textures/flatlist/_win/bookshelf_b01.bmp.ctxr,textures/flatlist/_win,bookshelf_b01.bmp.ctxr,bookshelf_b01.bmp,ctxr,8512,32de8fb475841867e6a27240bd2ba4606e4ea1d7
textures/flatlist/_win/bookshelf_b02.bmp.ctxr,textures/flatlist/_win,bookshelf_b02.bmp.ctxr,bookshelf_b02.bmp,ctxr,16704,f679b83aa21b1969072f3546484d5b856d8b558f
textures/flatlist/_win/bookshelf_b03.bmp.ctxr,textures/flatlist/_win,bookshelf_b03.bmp.ctxr,bookshelf_b03.bmp,ctxr,16704,8418dd96e046fdf310df63cb99ab924305cb5124
textures/flatlist/_win/books_01.bmp.ctxr,textures/flatlist/_win,books_01.bmp.ctxr,books_01.bmp,ctxr,13984,627a3828318d166ed3a87622689af57ea41ab37b
textures/flatlist/_win/book_256close00.bmp.ctxr,textures/flatlist/_win,book_256close00.bmp.ctxr,book_256close00.bmp,ctxr,44064,5da4af645e30a3a4df846780e20d437a39524733
textures/flatlist/_win/book_casewin00_alp_ovl.bmp.ctxr,textures/flatlist/_win,book_casewin00_alp_ovl.bmp.ctxr,book_casewin00_alp_ovl.bmp,ctxr,22496,106faf29a3b3db590abc6bfff2fa61edc497e775
textures/flatlist/_win/book_case_cast00.bmp.ctxr,textures/flatlist/_win,book_case_cast00.bmp.ctxr,book_case_cast00.bmp,ctxr,23840,f3853f1e5de4a6136bd5e8c6fc20d938dd3918c3
textures/flatlist/_win/book_case_in00.bmp.ctxr,textures/flatlist/_win,book_case_in00.bmp.ctxr,book_case_in00.bmp,ctxr,11648,3796530c00f69e3e36c4e0ddec7d6966c8697fc0
textures/flatlist/_win/book_case_in00.bmp_0c42051673f5e7eff84c8ac1c5f1049d.ctxr,textures/flatlist/_win,book_case_in00.bmp_0c42051673f5e7eff84c8ac1c5f1049d.ctxr,book_case_in00.bmp_0c42051673f5e7eff84c8ac1c5f1049d,ctxr,11648,e7702644c95610b267a7436042e39288ea226d72
textures/flatlist/_win/book_case_side.bmp.ctxr,textures/flatlist/_win,book_case_side.bmp.ctxr,book_case_side.bmp,ctxr,27648,a9b4e2b6ef5d68b8de5170221a9fbd8c730b887b
textures/flatlist/_win/book_case_top.bmp.ctxr,textures/flatlist/_win,book_case_top.bmp.ctxr,book_case_top.bmp,ctxr,16512,0beff77fa5d1bdca5e02618a7f77f501f970e333
textures/flatlist/_win/book_case_top.bmp_32d8de3027ef0a8845a83a0200ede545.ctxr,textures/flatlist/_win,book_case_top.bmp_32d8de3027ef0a8845a83a0200ede545.ctxr,book_case_top.bmp_32d8de3027ef0a8845a83a0200ede545,ctxr,24896,dfd47644a0c36903c50b2429384dd5231b454cbd
textures/flatlist/_win/book_cover_a00.bmp.ctxr,textures/flatlist/_win,book_cover_a00.bmp.ctxr,book_cover_a00.bmp,ctxr,44064,94c30e25d9c5b5ddb9b94f03208f264eac026593
textures/flatlist/_win/book_cover_a00.bmp_b2dc7be2b698bc89e7feb49f6289c65a.ctxr,textures/flatlist/_win,book_cover_a00.bmp_b2dc7be2b698bc89e7feb49f6289c65a.ctxr,book_cover_a00.bmp_b2dc7be2b698bc89e7feb49f6289c65a,ctxr,16704,6fa83cf7536f30b4bffa8ac4b63d8e826b883d91
textures/flatlist/_win/book_cover_b00.bmp.ctxr,textures/flatlist/_win,book_cover_b00.bmp.ctxr,book_cover_b00.bmp,ctxr,16704,a2e336d5fd789d22ee4472f302d86e9767abb388
textures/flatlist/_win/book_cover_b00.bmp_4998a21e2276ed9183e56ce9b3747fb5.ctxr,textures/flatlist/_win,book_cover_b00.bmp_4998a21e2276ed9183e56ce9b3747fb5.ctxr,book_cover_b00.bmp_4998a21e2276ed9183e56ce9b3747fb5,ctxr,7776,c49d2fd842b26e0e8992676dc52105cf35195364
textures/flatlist/_win/book_cover_c00.bmp.ctxr,textures/flatlist/_win,book_cover_c00.bmp.ctxr,book_cover_c00.bmp,ctxr,16704,719b56e7eb510255fb8f1f5b92b4da3f3f15f63a
textures/flatlist/_win/book_cover_c00.bmp_325f8d14a740aa2de074fc17a13b25dd.ctxr,textures/flatlist/_win,book_cover_c00.bmp_325f8d14a740aa2de074fc17a13b25dd.ctxr,book_cover_c00.bmp_325f8d14a740aa2de074fc17a13b25dd,ctxr,7776,72eda0533819455cea5502eecd01171f0d1dca69
textures/flatlist/_win/book_d.bmp.ctxr,textures/flatlist/_win,book_d.bmp.ctxr,book_d.bmp,ctxr,41280,5faaf5efe1ac6e1e1e35a07974fb5699860d5960
textures/flatlist/_win/book_e.bmp.ctxr,textures/flatlist/_win,book_e.bmp.ctxr,book_e.bmp,ctxr,96448,444016944969856ef53b6814a856eb3629b52728
textures/flatlist/_win/book_f.bmp.ctxr,textures/flatlist/_win,book_f.bmp.ctxr,book_f.bmp,ctxr,96448,b5398794166e6eaaeb26fadaf077756b38862380
textures/flatlist/_win/book_front_blue.bmp.ctxr,textures/flatlist/_win,book_front_blue.bmp.ctxr,book_front_blue.bmp,ctxr,16704,71d99b6aedaa918ce970eb674b529f9acfa0d3f9
textures/flatlist/_win/book_front_red.bmp.ctxr,textures/flatlist/_win,book_front_red.bmp.ctxr,book_front_red.bmp,ctxr,16704,d0755ddad3e9cc877b5a90502e6fc7779c2566e4
textures/flatlist/_win/book_front_red.bmp_88d13744927f937dcdf353b6d017c1df.ctxr,textures/flatlist/_win,book_front_red.bmp_88d13744927f937dcdf353b6d017c1df.ctxr,book_front_red.bmp_88d13744927f937dcdf353b6d017c1df,ctxr,16704,c4bfcdf0e71ae2be7a02f4ad7af462be450ab9c6
textures/flatlist/_win/book_front_red2.bmp.ctxr,textures/flatlist/_win,book_front_red2.bmp.ctxr,book_front_red2.bmp,ctxr,16704,623f26e4b29da3ba0f16e42a5e9ba8b839c2355c
textures/flatlist/_win/book_g.bmp.ctxr,textures/flatlist/_win,book_g.bmp.ctxr,book_g.bmp,ctxr,39520,a9f48351cab78933709ddeadd5d4098f5059e141
textures/flatlist/_win/book_h.bmp.ctxr,textures/flatlist/_win,book_h.bmp.ctxr,book_h.bmp,ctxr,96448,e9a0a535d22143926b6c6af3db26069a77707f18
textures/flatlist/_win/book_i.bmp.ctxr,textures/flatlist/_win,book_i.bmp.ctxr,book_i.bmp,ctxr,96448,96042784aa3bc3e02ea452d584985a0f04675a80
textures/flatlist/_win/book_inside00.bmp.ctxr,textures/flatlist/_win,book_inside00.bmp.ctxr,book_inside00.bmp,ctxr,52224,389cb5077434549136d5154d5828e6c1e4534f59
textures/flatlist/_win/book_inside01.bmp.ctxr,textures/flatlist/_win,book_inside01.bmp.ctxr,book_inside01.bmp,ctxr,38528,933297ac53f139f367adba7167a83a84f07447f4
textures/flatlist/_win/book_j.bmp.ctxr,textures/flatlist/_win,book_j.bmp.ctxr,book_j.bmp,ctxr,96448,cc116f4c1f040641cc1acbefcd75f85e09cc62b8
textures/flatlist/_win/book_k.bmp.ctxr,textures/flatlist/_win,book_k.bmp.ctxr,book_k.bmp,ctxr,96448,df5ee33054e6e51d2d140bafcbfa1e4121fdcf0d
textures/flatlist/_win/book_m.bmp.ctxr,textures/flatlist/_win,book_m.bmp.ctxr,book_m.bmp,ctxr,39520,283d884e13572e5b6f9d5910312e3886e625762b
textures/flatlist/_win/book_open00.bmp.ctxr,textures/flatlist/_win,book_open00.bmp.ctxr,book_open00.bmp,ctxr,44064,5f7ee8b21824bfa739c2cf1962a8d6daae326f26
textures/flatlist/_win/book_open_inside00.bmp.ctxr,textures/flatlist/_win,book_open_inside00.bmp.ctxr,book_open_inside00.bmp,ctxr,49504,4fe19f6ee6e08d976551ad93410cc7d1f8b77588
textures/flatlist/_win/book_other00.bmp.ctxr,textures/flatlist/_win,book_other00.bmp.ctxr,book_other00.bmp,ctxr,9824,02b8fc31569e018e39f0b48073f3bdf1731fe4a5
textures/flatlist/_win/book_side00.bmp.ctxr,textures/flatlist/_win,book_side00.bmp.ctxr,book_side00.bmp,ctxr,19424,8deff9d52a3b8a8c7ac05d297c83e4d31a14ea4a
textures/flatlist/_win/book_side00.bmp_3f0fc15d80a6c4b3c0c29c8929f5aa30.ctxr,textures/flatlist/_win,book_side00.bmp_3f0fc15d80a6c4b3c0c29c8929f5aa30.ctxr,book_side00.bmp_3f0fc15d80a6c4b3c0c29c8929f5aa30,ctxr,87776,8cdaaa371d6072b36102502768dabd629003387d
textures/flatlist/_win/book_side00.bmp_7a74c0c84ef65a2c6aa914f573b4bb4c.ctxr,textures/flatlist/_win,book_side00.bmp_7a74c0c84ef65a2c6aa914f573b4bb4c.ctxr,book_side00.bmp_7a74c0c84ef65a2c6aa914f573b4bb4c,ctxr,46400,7617fcd7e62e8a4746d84ce9a75154bab93c6cf6
textures/flatlist/_win/book_side00.bmp_805a7428be9afac2a6f5f5854302bdaf.ctxr,textures/flatlist/_win,book_side00.bmp_805a7428be9afac2a6f5f5854302bdaf.ctxr,book_side00.bmp_805a7428be9afac2a6f5f5854302bdaf,ctxr,44064,c0291a6db679235b8003d82d2667bec77f2572c1
textures/flatlist/_win/book_side_red.bmp.ctxr,textures/flatlist/_win,book_side_red.bmp.ctxr,book_side_red.bmp,ctxr,8480,8bc16e1a3dd58f37c2c0248b9625f4db9d225818
textures/flatlist/_win/bord_a00.bmp.ctxr,textures/flatlist/_win,bord_a00.bmp.ctxr,bord_a00.bmp,ctxr,7104,7845bad2f221849e8049e75caef058dbb2ff771f
textures/flatlist/_win/bos_mant_hood_sub_ovl_alp.bmp.ctxr,textures/flatlist/_win,bos_mant_hood_sub_ovl_alp.bmp.ctxr,bos_mant_hood_sub_ovl_alp.bmp,ctxr,16544,df61e120d274b0e438b7025e48de1868e01edc21
textures/flatlist/_win/bos_mant_sub_ovl_alp.bmp.ctxr,textures/flatlist/_win,bos_mant_sub_ovl_alp.bmp.ctxr,bos_mant_sub_ovl_alp.bmp,ctxr,1048736,6de045fe1e42d48ebfb5ba2eedeb658560eeaf36
textures/flatlist/_win/bos_ss_end_body.bmp.ctxr,textures/flatlist/_win,bos_ss_end_body.bmp.ctxr,bos_ss_end_body.bmp,ctxr,120480,36a0723483454fb8fb0e024f98b35fca0236e974
textures/flatlist/_win/bos_ss_hook.bmp.ctxr,textures/flatlist/_win,bos_ss_hook.bmp.ctxr,bos_ss_hook.bmp,ctxr,3712,6152e4aa56dcdb34a4a9ca1f858cff2f372ed10f
textures/flatlist/_win/bos_ss_knee.bmp.ctxr,textures/flatlist/_win,bos_ss_knee.bmp.ctxr,bos_ss_knee.bmp,ctxr,24192,ebc10af59eab1194e3a9bf8a160fe7eecf605c78
textures/flatlist/_win/bos_ss_side.bmp.ctxr,textures/flatlist/_win,bos_ss_side.bmp.ctxr,bos_ss_side.bmp,ctxr,27648,7163365ed70f3a7b2445d38d88bec2b8b9263ea4
textures/flatlist/_win/bos_ss_side_ovl_add_alp.bmp.ctxr,textures/flatlist/_win,bos_ss_side_ovl_add_alp.bmp.ctxr,bos_ss_side_ovl_add_alp.bmp,ctxr,27648,23edc2d159d9608ac6a9c9c325331630531ec05e
textures/flatlist/_win/bos_ss_skin.bmp.ctxr,textures/flatlist/_win,bos_ss_skin.bmp.ctxr,bos_ss_skin.bmp,ctxr,109600,c06e97027ab5af586ed988f30bbe82fded2c9d7f
textures/flatlist/_win/bos_ss_uarm.bmp.ctxr,textures/flatlist/_win,bos_ss_uarm.bmp.ctxr,bos_ss_uarm.bmp,ctxr,11648,161b679b1fa94f3935342589ee8c65c794f0f54c
textures/flatlist/_win/bos_vr_arm_ovl_sub_alp.bmp.ctxr,textures/flatlist/_win,bos_vr_arm_ovl_sub_alp.bmp.ctxr,bos_vr_arm_ovl_sub_alp.bmp,ctxr,65696,94e9d792b1c5cf8231585f577ccfa7b59b9f8250
textures/flatlist/_win/bos_vr_dmo_hand_ovl_sub_alp.bmp.ctxr,textures/flatlist/_win,bos_vr_dmo_hand_ovl_sub_alp.bmp.ctxr,bos_vr_dmo_hand_ovl_sub_alp.bmp,ctxr,65696,6f9b81f2d4c5b415b16b26980e823c0f6a0ebc23
textures/flatlist/_win/bos_vr_uarm.bmp.ctxr,textures/flatlist/_win,bos_vr_uarm.bmp.ctxr,bos_vr_uarm.bmp,ctxr,34432,861c28d2075b570a3077c5864c4728733b889311
textures/flatlist/_win/bottle_sub_alp_ovl.bmp.ctxr,textures/flatlist/_win,bottle_sub_alp_ovl.bmp.ctxr,bottle_sub_alp_ovl.bmp,ctxr,1184,90c200fbb428367590ed66234c88d970082d26e2
textures/flatlist/_win/box_a00.bmp_02e273f463df22c07db782a8e3402182.ctxr,textures/flatlist/_win,box_a00.bmp_02e273f463df22c07db782a8e3402182.ctxr,box_a00.bmp_02e273f463df22c07db782a8e3402182,ctxr,34432,2b4ac8e5a72dae9974416322a6246b162a7b07e2
textures/flatlist/_win/box_a01.bmp_da8e9a743efeaa701d33737acfa396c0.ctxr,textures/flatlist/_win,box_a01.bmp_da8e9a743efeaa701d33737acfa396c0.ctxr,box_a01.bmp_da8e9a743efeaa701d33737acfa396c0,ctxr,34432,b7de6d4f8879a51457c312b6a69ebdb995bcffbb
textures/flatlist/_win/box_b00.bmp.ctxr,textures/flatlist/_win,box_b00.bmp.ctxr,box_b00.bmp,ctxr,57664,e109cc56af1858ee6a3e8ef2d3df52bd9f6029da
textures/flatlist/_win/break.bmp.ctxr,textures/flatlist/_win,break.bmp.ctxr,break.bmp,ctxr,9152,ee00a98a8303af1c787c6ec84ccce66f5538d32d
textures/flatlist/_win/break.bmp_d195e86766f70386a15488da1d580649.ctxr,textures/flatlist/_win,break.bmp_d195e86766f70386a15488da1d580649.ctxr,break.bmp_d195e86766f70386a15488da1d580649,ctxr,9152,2ee354bb3a920191d2995191b8a358d92bc7ccf2
textures/flatlist/_win/breakset.bmp_b1050df02f449da5e3bb364f2b025c10.ctxr,textures/flatlist/_win,breakset.bmp_b1050df02f449da5e3bb364f2b025c10.ctxr,breakset.bmp_b1050df02f449da5e3bb364f2b025c10,ctxr,13280,c19044dd8e1483ccdb0b10c604630e524b63839a
textures/flatlist/_win/break_right_sub_alp_ovl.bmp.ctxr,textures/flatlist/_win,break_right_sub_alp_ovl.bmp.ctxr,break_right_sub_alp_ovl.bmp,ctxr,3232,3a071b40350ff6cdb5f988d1a9b6f099fd328e77
textures/flatlist/_win/brenusu_ovl_sub_alp.bmp.ctxr,textures/flatlist/_win,brenusu_ovl_sub_alp.bmp.ctxr,brenusu_ovl_sub_alp.bmp,ctxr,1184,7a0a6dad910333d534f431e73158cf31e3b8e898
textures/flatlist/_win/bren_fishbed_body_sub_ovl_alp.bmp.ctxr,textures/flatlist/_win,bren_fishbed_body_sub_ovl_alp.bmp.ctxr,bren_fishbed_body_sub_ovl_alp.bmp,ctxr,524448,59c3e3eae6abc1cd6a8d0ed708597aa19983ad07
textures/flatlist/_win/bren_fishbed_wing_sub_ovl_alp.bmp.ctxr,textures/flatlist/_win,bren_fishbed_wing_sub_ovl_alp.bmp.ctxr,bren_fishbed_wing_sub_ovl_alp.bmp,ctxr,262304,55c7c3b121244e93f1b2c80dfb7e8a39779eb61a
textures/flatlist/_win/bren_shock_cone_sub_ovl_alp.bmp.ctxr,textures/flatlist/_win,bren_shock_cone_sub_ovl_alp.bmp.ctxr,bren_shock_cone_sub_ovl_alp.bmp,ctxr,16544,ec7161e29b93a134db5fab505c83ef2f7ef508df
textures/flatlist/_win/brite_ovl_sub_alp.bmp.ctxr,textures/flatlist/_win,brite_ovl_sub_alp.bmp.ctxr,brite_ovl_sub_alp.bmp,ctxr,16544,0b81bd623bba9b4f98e24f12236c4eedec17c222
textures/flatlist/_win/brite_ovl_sub_alp.bmp_c3fe53f339068f59d6c72b816a21a34e.ctxr,textures/flatlist/_win,brite_ovl_sub_alp.bmp_c3fe53f339068f59d6c72b816a21a34e.ctxr,brite_ovl_sub_alp.bmp_c3fe53f339068f59d6c72b816a21a34e,ctxr,4256,8ddba0281cfe940a3ecf36712bfe6802b8f9269e
textures/flatlist/_win/btr_inpane02.bmp.ctxr,textures/flatlist/_win,btr_inpane02.bmp.ctxr,btr_inpane02.bmp,ctxr,3712,30385b91ff2a4e5d82cdb3b9ed4fb78a3d380172
textures/flatlist/_win/btr_inpane03.bmp.ctxr,textures/flatlist/_win,btr_inpane03.bmp.ctxr,btr_inpane03.bmp,ctxr,3232,bb13ed844ebb11f2a6018a3addde074c631199ab
textures/flatlist/_win/btr_inpane04.bmp.ctxr,textures/flatlist/_win,btr_inpane04.bmp.ctxr,btr_inpane04.bmp,ctxr,3232,a7e31251afce340dbdedc7d3f15792d71b8346b7
textures/flatlist/_win/btr_inpane05.bmp.ctxr,textures/flatlist/_win,btr_inpane05.bmp.ctxr,btr_inpane05.bmp,ctxr,87744,45510240d0221c45b36aca1c8f8a7ac0eff9866a
textures/flatlist/_win/btr_inpane06.bmp.ctxr,textures/flatlist/_win,btr_inpane06.bmp.ctxr,btr_inpane06.bmp,ctxr,44064,a31920ed3ae9151b75f4c54d13acfc2f40090a48
textures/flatlist/_win/btr_right01.bmp.ctxr,textures/flatlist/_win,btr_right01.bmp.ctxr,btr_right01.bmp,ctxr,1824,e3bc3be53de52ac57aaa61031e7b3dcadd61600a
textures/flatlist/_win/btr_right02.bmp.ctxr,textures/flatlist/_win,btr_right02.bmp.ctxr,btr_right02.bmp,ctxr,3328,f00007dfc8781c87012ce54adebe221ee725fd2b
textures/flatlist/_win/btr_right03.bmp.ctxr,textures/flatlist/_win,btr_right03.bmp.ctxr,btr_right03.bmp,ctxr,1600,5eaa83fb07306a689e6b40cfab489270a57aac17
textures/flatlist/_win/btr_right04.bmp.ctxr,textures/flatlist/_win,btr_right04.bmp.ctxr,btr_right04.bmp,ctxr,480,51f69d81d0c33b2f2b50354102c4e376532c105f
textures/flatlist/_win/btr_seat01.bmp.ctxr,textures/flatlist/_win,btr_seat01.bmp.ctxr,btr_seat01.bmp,ctxr,2336,9bc7cdf40971a2fe0172aacf74b56f9e7bb73a33
textures/flatlist/_win/btr_seat02.bmp.ctxr,textures/flatlist/_win,btr_seat02.bmp.ctxr,btr_seat02.bmp,ctxr,12448,1025a04896d7f572e81b8747aad93d2bcd0cfd65
textures/flatlist/_win/btr_seat03.bmp.ctxr,textures/flatlist/_win,btr_seat03.bmp.ctxr,btr_seat03.bmp,ctxr,7104,88f67666950a0367a6354c9e57fab08992a6a90f
textures/flatlist/_win/btr_tex_a.bmp.ctxr,textures/flatlist/_win,btr_tex_a.bmp.ctxr,btr_tex_a.bmp,ctxr,1398528,e7638ac1c4918563b30aebcbe6adab22582a41e0
textures/flatlist/_win/btr_tire01.bmp.ctxr,textures/flatlist/_win,btr_tire01.bmp.ctxr,btr_tire01.bmp,ctxr,22208,7628fe81c72d885f92b55e171c437742eb760543
textures/flatlist/_win/btr_tire01_dmo.bmp.ctxr,textures/flatlist/_win,btr_tire01_dmo.bmp.ctxr,btr_tire01_dmo.bmp,ctxr,4864,c12c2aba3b5a32c3edf8baf6e88c708a0107e660
textures/flatlist/_win/btr_tire03.bmp.ctxr,textures/flatlist/_win,btr_tire03.bmp.ctxr,btr_tire03.bmp,ctxr,87744,da67f3d9b2dc2b9c4f87899825f5da731d4184e3
textures/flatlist/_win/btr_tire03_dmo.bmp.ctxr,textures/flatlist/_win,btr_tire03_dmo.bmp.ctxr,btr_tire03_dmo.bmp,ctxr,7168,7af8d08722cc97f6205e4157532d22ed64dd9b57
textures/flatlist/_win/btr_under02.bmp.ctxr,textures/flatlist/_win,btr_under02.bmp.ctxr,btr_under02.bmp,ctxr,1312,21e557f701c288e9318be735b3097f31c5f9268d
textures/flatlist/_win/btr_under03.bmp.ctxr,textures/flatlist/_win,btr_under03.bmp.ctxr,btr_under03.bmp,ctxr,768,ca3885b1d29792d6df27d1e1e1870341fd9597fd
textures/flatlist/_win/btr_under05.bmp.ctxr,textures/flatlist/_win,btr_under05.bmp.ctxr,btr_under05.bmp,ctxr,4544,bd032cdb86fdbdb40321f761a42cc1a35839dfd3
textures/flatlist/_win/btr_under06.bmp.ctxr,textures/flatlist/_win,btr_under06.bmp.ctxr,btr_under06.bmp,ctxr,3712,623c7b01a88687c3e7bca5405599fa7584c2823d
textures/flatlist/_win/btr_under07.bmp.ctxr,textures/flatlist/_win,btr_under07.bmp.ctxr,btr_under07.bmp,ctxr,8640,46f1230b2ae66958b1313ec3c8856468683336f4
textures/flatlist/_win/btr_under08.bmp.ctxr,textures/flatlist/_win,btr_under08.bmp.ctxr,btr_under08.bmp,ctxr,6240,592ce0bc5990dd09ee0e07a76abab4a96adbaf60
textures/flatlist/_win/btr_under09.bmp.ctxr,textures/flatlist/_win,btr_under09.bmp.ctxr,btr_under09.bmp,ctxr,6432,5b7e50d4dd518b965d461a21769b5bc0182f08c5
textures/flatlist/_win/btr_under10.bmp.ctxr,textures/flatlist/_win,btr_under10.bmp.ctxr,btr_under10.bmp,ctxr,6240,4fc9c0a7946333e3e8c8b45b48b3971d4c577452
textures/flatlist/_win/bullet_mark_tank.bmp.ctxr,textures/flatlist/_win,bullet_mark_tank.bmp.ctxr,bullet_mark_tank.bmp,ctxr,1398528,06f56114aed656593fdd9b3c5c06985ea9aa479d
textures/flatlist/_win/bull_maka_ovl_sub_alp.bmp.ctxr,textures/flatlist/_win,bull_maka_ovl_sub_alp.bmp.ctxr,bull_maka_ovl_sub_alp.bmp,ctxr,4256,3887849b69d75aa80eaa85f3cbe1523d1b471e33
textures/flatlist/_win/bull_mauser_ovl_sub_alp.bmp.ctxr,textures/flatlist/_win,bull_mauser_ovl_sub_alp.bmp.ctxr,bull_mauser_ovl_sub_alp.bmp,ctxr,4256,674aead79de0d80c12b20025ec224450528f5b09
textures/flatlist/_win/bull_saa.bmp.ctxr,textures/flatlist/_win,bull_saa.bmp.ctxr,bull_saa.bmp,ctxr,7136,930c687243c930465f177271b09d8f14d7f5257c
textures/flatlist/_win/bull_saa_ovl_sub_alp.bmp.ctxr,textures/flatlist/_win,bull_saa_ovl_sub_alp.bmp.ctxr,bull_saa_ovl_sub_alp.bmp,ctxr,5280,c88fd50ba9488befb580193df947ae6b9b9e7163
textures/flatlist/_win/bull_top.bmp.ctxr,textures/flatlist/_win,bull_top.bmp.ctxr,bull_top.bmp,ctxr,2624,21d61c0ecc7d78d40fa1e5bea28ebdc566b1cfb3
textures/flatlist/_win/bull_top_ovl_sub_alp.bmp.ctxr,textures/flatlist/_win,bull_top_ovl_sub_alp.bmp.ctxr,bull_top_ovl_sub_alp.bmp,ctxr,1184,d1a2c14e2c80fb20cea0d06d426a812fa8bb746e
textures/flatlist/_win/buren02_sub_alp_ovl.bmp.ctxr,textures/flatlist/_win,buren02_sub_alp_ovl.bmp.ctxr,buren02_sub_alp_ovl.bmp,ctxr,4256,797a420fc75fdd53d82f2a5642bbaf66a3bd94b7
textures/flatlist/_win/burendor_sub_alp_ovl.bmp.ctxr,textures/flatlist/_win,burendor_sub_alp_ovl.bmp.ctxr,burendor_sub_alp_ovl.bmp,ctxr,4256,cb7cfe19f539c544f701157c7c83bdb0355d0ef0
textures/flatlist/_win/burendor_sub_alp_ovl.bmp_c6fed0dfb7471a64736cf1bf6b3b6ec4.ctxr,textures/flatlist/_win,burendor_sub_alp_ovl.bmp_c6fed0dfb7471a64736cf1bf6b3b6ec4.ctxr,burendor_sub_alp_ovl.bmp_c6fed0dfb7471a64736cf1bf6b3b6ec4,ctxr,65696,137f1a498e9f48a0d617a7c3be7494ed9945c9f7
textures/flatlist/_win/burendor_sub_alp_ovl.bmp_cf82bfd55a98c7f8cd793968c79be6b6.ctxr,textures/flatlist/_win,burendor_sub_alp_ovl.bmp_cf82bfd55a98c7f8cd793968c79be6b6.ctxr,burendor_sub_alp_ovl.bmp_cf82bfd55a98c7f8cd793968c79be6b6,ctxr,4256,d80cef760ed255e74e53d6c4b327de0f1c955acb
textures/flatlist/_win/burendor_sub_alp_ovl.bmp_d101b5bdd239effa1482a83ac9c39a6b.ctxr,textures/flatlist/_win,burendor_sub_alp_ovl.bmp_d101b5bdd239effa1482a83ac9c39a6b.ctxr,burendor_sub_alp_ovl.bmp_d101b5bdd239effa1482a83ac9c39a6b,ctxr,16544,f47c3c69c1d4f4aee4bfe484994f2a7eb442ec9b
textures/flatlist/_win/bureng_sub_alp_ovl.bmp.ctxr,textures/flatlist/_win,bureng_sub_alp_ovl.bmp.ctxr,bureng_sub_alp_ovl.bmp,ctxr,4256,de3fe970a8f3aeeafae911c5636289490e172d99
textures/flatlist/_win/buren_a_sub_alp_ovl.bmp.ctxr,textures/flatlist/_win,buren_a_sub_alp_ovl.bmp.ctxr,buren_a_sub_alp_ovl.bmp,ctxr,49312,081caaef00fec5069ce8d3eb4c04be694b2e0a2d
textures/flatlist/_win/buren_b_sub_alp_ovl.bmp.ctxr,textures/flatlist/_win,buren_b_sub_alp_ovl.bmp.ctxr,buren_b_sub_alp_ovl.bmp,ctxr,16544,f199726361391c818e9093dc029b6f9bcde926b5
textures/flatlist/_win/buren_sub_alp_ovl.bmp.ctxr,textures/flatlist/_win,buren_sub_alp_ovl.bmp.ctxr,buren_sub_alp_ovl.bmp,ctxr,4256,7ef94714034ceada59df6e87d20b00d38ddd5621
textures/flatlist/_win/buren_sub_alp_ovl.bmp_bab82efed08b83541676ecfd4ba0fa25.ctxr,textures/flatlist/_win,buren_sub_alp_ovl.bmp_bab82efed08b83541676ecfd4ba0fa25.ctxr,buren_sub_alp_ovl.bmp_bab82efed08b83541676ecfd4ba0fa25,ctxr,416,30ee5617476c8971c146e0dbfcee351f17842b9a
textures/flatlist/_win/c3_bomb_body.bmp.ctxr,textures/flatlist/_win,c3_bomb_body.bmp.ctxr,c3_bomb_body.bmp,ctxr,27616,efda277709bfcb4ffa1f7159c98083afdb1318d1
textures/flatlist/_win/c3_bomb_body.bmp_97a1c6c32544f8d1619f84cde1f726c8.ctxr,textures/flatlist/_win,c3_bomb_body.bmp_97a1c6c32544f8d1619f84cde1f726c8.ctxr,c3_bomb_body.bmp_97a1c6c32544f8d1619f84cde1f726c8,ctxr,175168,ff1031a0e789b9aa598ae05d9b34333c0956b0f6
textures/flatlist/_win/c3_bomb_cap.bmp_1b1ffa67a31576ea7039ebf741804af0.ctxr,textures/flatlist/_win,c3_bomb_cap.bmp_1b1ffa67a31576ea7039ebf741804af0.ctxr,c3_bomb_cap.bmp_1b1ffa67a31576ea7039ebf741804af0,ctxr,3328,23256a50f6d3108291e0c17c6142e406642bb785
textures/flatlist/_win/c3_bomb_hupack_b.bmp.ctxr,textures/flatlist/_win,c3_bomb_hupack_b.bmp.ctxr,c3_bomb_hupack_b.bmp,ctxr,33088,132d3c87f67784fdd60b21c575521748b66ea943
textures/flatlist/_win/c3_bomb_hupack_c.bmp.ctxr,textures/flatlist/_win,c3_bomb_hupack_c.bmp.ctxr,c3_bomb_hupack_c.bmp,ctxr,175168,05714834cdef492384c5a29b21f68e93395d0f80
textures/flatlist/_win/c3_bomb_hutape.bmp.ctxr,textures/flatlist/_win,c3_bomb_hutape.bmp.ctxr,c3_bomb_hutape.bmp,ctxr,6464,771a0f2f30cb5fd9177538616e91f2975d72d5a1
textures/flatlist/_win/c3_bomb_pack.bmp.ctxr,textures/flatlist/_win,c3_bomb_pack.bmp.ctxr,c3_bomb_pack.bmp,ctxr,175168,33452cf3436393a394ae34dab8893896d58b2b6e
textures/flatlist/_win/c3_bomb_panel.bmp.ctxr,textures/flatlist/_win,c3_bomb_panel.bmp.ctxr,c3_bomb_panel.bmp,ctxr,12608,75789a0bf1ebf8bb0c79763f91914a664bcb136f
textures/flatlist/_win/c3_bomb_panel.bmp_9eaf58cc7eeb0178018fab6052d1f626.ctxr,textures/flatlist/_win,c3_bomb_panel.bmp_9eaf58cc7eeb0178018fab6052d1f626.ctxr,c3_bomb_panel.bmp_9eaf58cc7eeb0178018fab6052d1f626,ctxr,12608,c1c57734d9f64a4a3a1fa3d9f5bb3153cc96d569
textures/flatlist/_win/c3_bomb_panel_dmo.bmp.ctxr,textures/flatlist/_win,c3_bomb_panel_dmo.bmp.ctxr,c3_bomb_panel_dmo.bmp,ctxr,87776,e5bfe075c91e6bd009eb81f2633ddded9b4f394f
textures/flatlist/_win/c3_bomb_pin.bmp.ctxr,textures/flatlist/_win,c3_bomb_pin.bmp.ctxr,c3_bomb_pin.bmp,ctxr,1792,375e0443f52081074bb8e661757a7469f5c18abf
textures/flatlist/_win/c3_bomb_tape.bmp.ctxr,textures/flatlist/_win,c3_bomb_tape.bmp.ctxr,c3_bomb_tape.bmp,ctxr,22208,5b534e684cdd64d91afc103660415e88757eaa3d
textures/flatlist/_win/c3_bomb_timer_02.bmp.ctxr,textures/flatlist/_win,c3_bomb_timer_02.bmp.ctxr,c3_bomb_timer_02.bmp,ctxr,349920,b01d98804411ac61cf5768fe82e21315263dc8a7
textures/flatlist/_win/c3_bomb_timer_02.bmp_f902b4841ce1fcbc844d66617a4853fe.ctxr,textures/flatlist/_win,c3_bomb_timer_02.bmp_f902b4841ce1fcbc844d66617a4853fe.ctxr,c3_bomb_timer_02.bmp_f902b4841ce1fcbc844d66617a4853fe,ctxr,65888,189bd10265f6d84764ccb852d955c0e9152ac9b1
textures/flatlist/_win/c3_bomb_wire.bmp.ctxr,textures/flatlist/_win,c3_bomb_wire.bmp.ctxr,c3_bomb_wire.bmp,ctxr,576,1adcfff6ee7030a60016b75a43b6204a457cae6d
textures/flatlist/_win/c3_break.bmp.ctxr,textures/flatlist/_win,c3_break.bmp.ctxr,c3_break.bmp,ctxr,41280,aca076c07ec9e61261f14284efcb1f9f203674f9
textures/flatlist/_win/c3_heart.bmp.ctxr,textures/flatlist/_win,c3_heart.bmp.ctxr,c3_heart.bmp,ctxr,349920,94d5117f4356e3fef9d4fff5c7ad2bcde75f8ea6
textures/flatlist/_win/c3_mthf.bmp.ctxr,textures/flatlist/_win,c3_mthf.bmp.ctxr,c3_mthf.bmp,ctxr,349920,bb5eec8c74e8d09f1727aabf07e23ea1f0ccd5ff
textures/flatlist/_win/cage_b.bmp.ctxr,textures/flatlist/_win,cage_b.bmp.ctxr,cage_b.bmp,ctxr,24896,b5f928f0d169e934d45121a5e5a64806e0e06adb
textures/flatlist/_win/capgrass_sub_alp_ovl.bmp.ctxr,textures/flatlist/_win,capgrass_sub_alp_ovl.bmp.ctxr,capgrass_sub_alp_ovl.bmp,ctxr,1184,4be38f23ea4fa05c02894932e6b7aed329e4019b
textures/flatlist/_win/cap_sub_alp_ovl.bmp.ctxr,textures/flatlist/_win,cap_sub_alp_ovl.bmp.ctxr,cap_sub_alp_ovl.bmp,ctxr,16544,92fd8e03d0f045c985e6269885e8d8afdd5df06e
textures/flatlist/_win/cargo_drumcan_in.bmp.ctxr,textures/flatlist/_win,cargo_drumcan_in.bmp.ctxr,cargo_drumcan_in.bmp,ctxr,16992,9294a89fbe282dd77b1584c0c67769025bb7c568
textures/flatlist/_win/cargo_para_belt.bmp.ctxr,textures/flatlist/_win,cargo_para_belt.bmp.ctxr,cargo_para_belt.bmp,ctxr,1984,33dc3537867bff193a58631b2792e1842ede546b
textures/flatlist/_win/cargo_para_body.bmp.ctxr,textures/flatlist/_win,cargo_para_body.bmp.ctxr,cargo_para_body.bmp,ctxr,33120,c49694971f5faf36a81d4dd411edc32b348872f0
textures/flatlist/_win/cargo_room_floor.bmp.ctxr,textures/flatlist/_win,cargo_room_floor.bmp.ctxr,cargo_room_floor.bmp,ctxr,280608,e5ac447c0ff4901509ceff0149577a04573e2224
textures/flatlist/_win/cargo_room_locker.bmp.ctxr,textures/flatlist/_win,cargo_room_locker.bmp.ctxr,cargo_room_locker.bmp,ctxr,68608,fcf362655cf34e0722a8cf4e7c5bfd8700d02c82
textures/flatlist/_win/cargo_room_pillar_e.bmp.ctxr,textures/flatlist/_win,cargo_room_pillar_e.bmp.ctxr,cargo_room_pillar_e.bmp,ctxr,175168,04a81860f1bb7a62b619c4285ee243e2c2e396ce
textures/flatlist/_win/casecover_up_kankyo_sub_alp_ovl.bmp.ctxr,textures/flatlist/_win,casecover_up_kankyo_sub_alp_ovl.bmp.ctxr,casecover_up_kankyo_sub_alp_ovl.bmp,ctxr,2464,3f8480b4a26d53e19bdf79e358f2f3f47f08531b
textures/flatlist/_win/casecover_up_render.bmp.ctxr,textures/flatlist/_win,casecover_up_render.bmp.ctxr,casecover_up_render.bmp,ctxr,87744,156fdad546c5438c43a291729c8348544c83724e
textures/flatlist/_win/case_bar.bmp.ctxr,textures/flatlist/_win,case_bar.bmp.ctxr,case_bar.bmp,ctxr,2336,2dbc23dd05a757201d3c66dcfa6ebe0c2eb8ccae
textures/flatlist/_win/cbboxa.bmp.ctxr,textures/flatlist/_win,cbboxa.bmp.ctxr,cbboxa.bmp,ctxr,16896,bfe4045ac2eb2e16629716fbf34da8a21d6f8ebd
textures/flatlist/_win/cbboxb.bmp.ctxr,textures/flatlist/_win,cbboxb.bmp.ctxr,cbboxb.bmp,ctxr,13568,838dc6d77334cd09eeb53318c5851957fe8c2a02
textures/flatlist/_win/cbboxc.bmp.ctxr,textures/flatlist/_win,cbboxc.bmp.ctxr,cbboxc.bmp,ctxr,15616,3f8b96fcf656f3aa51770c180447a2a8a62086f4
textures/flatlist/_win/cbox_a.bmp.ctxr,textures/flatlist/_win,cbox_a.bmp.ctxr,cbox_a.bmp,ctxr,76800,39c17cee8a7dd441a31b1ce18b8737dbd0f16309
textures/flatlist/_win/cbox_b.bmp.ctxr,textures/flatlist/_win,cbox_b.bmp.ctxr,cbox_b.bmp,ctxr,76800,fe8ff06a783560aa788448bec95e403eda7f0e68
textures/flatlist/_win/cbox_c.bmp.ctxr,textures/flatlist/_win,cbox_c.bmp.ctxr,cbox_c.bmp,ctxr,76800,b5fc09eba71693302e25e36f5408e5d124f736ca
textures/flatlist/_win/chaf_a.bmp.ctxr,textures/flatlist/_win,chaf_a.bmp.ctxr,chaf_a.bmp,ctxr,26560,00352e65934fb8faff10fdba6e15f325c3361e64
textures/flatlist/_win/chaf_label_alp_ovl.bmp.ctxr,textures/flatlist/_win,chaf_label_alp_ovl.bmp.ctxr,chaf_label_alp_ovl.bmp,ctxr,11392,82fecee30d5f7378a0924db06046aaf8405d560a
textures/flatlist/_win/chairb_01.bmp_b954fd185bc2ebaeb68a7edb73e26953.ctxr,textures/flatlist/_win,chairb_01.bmp_b954fd185bc2ebaeb68a7edb73e26953.ctxr,chairb_01.bmp_b954fd185bc2ebaeb68a7edb73e26953,ctxr,6112,43a77181f873f2267b6d7af65783bec70985810a
textures/flatlist/_win/chairb_02.bmp.ctxr,textures/flatlist/_win,chairb_02.bmp.ctxr,chairb_02.bmp,ctxr,87744,c02609c1b2bfd7eb1abd0fd1d3a12eb98a5a679a
textures/flatlist/_win/chairb_02_alp_ovl.bmp.ctxr,textures/flatlist/_win,chairb_02_alp_ovl.bmp.ctxr,chairb_02_alp_ovl.bmp,ctxr,7136,f30f157db593549035ca78385a16188d326e3cd0
textures/flatlist/_win/chair_back_of_body.bmp.ctxr,textures/flatlist/_win,chair_back_of_body.bmp.ctxr,chair_back_of_body.bmp,ctxr,16704,bf86c90dade85cb1db82d61412f1bd590eaaefba
textures/flatlist/_win/chair_back_of_body.bmp_57ab258682252580476c2915c3617408.ctxr,textures/flatlist/_win,chair_back_of_body.bmp_57ab258682252580476c2915c3617408.ctxr,chair_back_of_body.bmp_57ab258682252580476c2915c3617408,ctxr,22176,0b29c1cf7bce0f00d503273a98b749e15d00c472
textures/flatlist/_win/chair_d01.bmp.ctxr,textures/flatlist/_win,chair_d01.bmp.ctxr,chair_d01.bmp,ctxr,36128,8ced11ee36d24dfb1064baac4057303e55805b24
textures/flatlist/_win/chair_seat.bmp.ctxr,textures/flatlist/_win,chair_seat.bmp.ctxr,chair_seat.bmp,ctxr,87744,9e243c690b10650e12a3f793c66fd3087c3cf16c
textures/flatlist/_win/chair_seat.bmp_72aa6b10f3bfc4c765484872d9fab5bd.ctxr,textures/flatlist/_win,chair_seat.bmp_72aa6b10f3bfc4c765484872d9fab5bd.ctxr,chair_seat.bmp_72aa6b10f3bfc4c765484872d9fab5bd,ctxr,22176,994ce4e551ca502dab103a051d6a517d2b40a514
textures/flatlist/_win/chiki_ramen_a.bmp.ctxr,textures/flatlist/_win,chiki_ramen_a.bmp.ctxr,chiki_ramen_a.bmp,ctxr,34816,c6563ee1e98e6116e6d35598f86dd7f371cd42d8
textures/flatlist/_win/cia_face_ovl_sub_alp.bmp.ctxr,textures/flatlist/_win,cia_face_ovl_sub_alp.bmp.ctxr,cia_face_ovl_sub_alp.bmp,ctxr,2097312,9aaf7812f960ab3985f9021bcd30bf33e598b634
textures/flatlist/_win/cme_a_face.bmp.ctxr,textures/flatlist/_win,cme_a_face.bmp.ctxr,cme_a_face.bmp,ctxr,134688,3835dfd6eba2de073994f2a4fbc5778a84d92698
textures/flatlist/_win/cme_a_idcard.bmp.ctxr,textures/flatlist/_win,cme_a_idcard.bmp.ctxr,cme_a_idcard.bmp,ctxr,4384,0b4383b05fdb05c2b5341a17ad5d7c361dd0e296
textures/flatlist/_win/cme_a_item_parts.bmp.ctxr,textures/flatlist/_win,cme_a_item_parts.bmp.ctxr,cme_a_item_parts.bmp,ctxr,19904,48cb2eb26cc52c67a6572acc621fbbf13fbe8ea8
textures/flatlist/_win/cme_a_item_renz02_ovl_sub_alp.bmp.ctxr,textures/flatlist/_win,cme_a_item_renz02_ovl_sub_alp.bmp.ctxr,cme_a_item_renz02_ovl_sub_alp.bmp,ctxr,1184,d6f79d93d64440e2563e4f31a838d7fa9377f252
textures/flatlist/_win/cme_a_nekutai.bmp.ctxr,textures/flatlist/_win,cme_a_nekutai.bmp.ctxr,cme_a_nekutai.bmp,ctxr,11072,0f5ae41b5f4f614650d5d90a059dd8308e0acac4
textures/flatlist/_win/cme_b_head.bmp.ctxr,textures/flatlist/_win,cme_b_head.bmp.ctxr,cme_b_head.bmp,ctxr,153920,f2aebe057f3f18b0b76e6276afaafa23aa6655ac
textures/flatlist/_win/cme_b_idcard.bmp.ctxr,textures/flatlist/_win,cme_b_idcard.bmp.ctxr,cme_b_idcard.bmp,ctxr,15328,e7ed54602ebaef47a59c9be006e7b637652facaa
textures/flatlist/_win/cme_b_suits.bmp.ctxr,textures/flatlist/_win,cme_b_suits.bmp.ctxr,cme_b_suits.bmp,ctxr,243552,7079ced18806a89ee18307211e0c5cf2912e7a43
textures/flatlist/_win/cme_suits.bmp.ctxr,textures/flatlist/_win,cme_suits.bmp.ctxr,cme_suits.bmp,ctxr,243552,ca338daad6a4e7231b88d0a9f942ebea1a9f9284
textures/flatlist/_win/cokupit.bmp.ctxr,textures/flatlist/_win,cokupit.bmp.ctxr,cokupit.bmp,ctxr,21632,6c85b3d0486335668aba349daed64ac33f9a49a6
textures/flatlist/_win/cokupit_b.bmp.ctxr,textures/flatlist/_win,cokupit_b.bmp.ctxr,cokupit_b.bmp,ctxr,12608,3cbadbffe99be3dde7bbc2c1a9ccf2d43d8ec124
textures/flatlist/_win/colmagatex.bmp.ctxr,textures/flatlist/_win,colmagatex.bmp.ctxr,colmagatex.bmp,ctxr,44064,bebaea778cb0f305aa38cf1fce9ae17a82b4070f
textures/flatlist/_win/colttex.bmp.ctxr,textures/flatlist/_win,colttex.bmp.ctxr,colttex.bmp,ctxr,76320,62b6cb7e06bccb718d35a02ca0bd598c0e0ede6f
textures/flatlist/_win/colttex.bmp_38de91f1aa72a3cb2c1407a8cd778ae3.ctxr,textures/flatlist/_win,colttex.bmp_38de91f1aa72a3cb2c1407a8cd778ae3.ctxr,colttex.bmp_38de91f1aa72a3cb2c1407a8cd778ae3,ctxr,699488,cb010b9ea1c3fbb89c3e59c8f51628ffe03efc3a
textures/flatlist/_win/colttex_bara.bmp.ctxr,textures/flatlist/_win,colttex_bara.bmp.ctxr,colttex_bara.bmp,ctxr,76320,a13c992af10a342a5cabb7c164a7a30d9a93eb34
textures/flatlist/_win/comp_btn_00_alp_ovl.bmp.ctxr,textures/flatlist/_win,comp_btn_00_alp_ovl.bmp.ctxr,comp_btn_00_alp_ovl.bmp,ctxr,1952,4e97fad881e4172a21189238390107c8482af162
textures/flatlist/_win/comp_btn_00_alp_ovl.bmp_ea088a2fc38ae58c06ab7851c32e8c32.ctxr,textures/flatlist/_win,comp_btn_00_alp_ovl.bmp_ea088a2fc38ae58c06ab7851c32e8c32.ctxr,comp_btn_00_alp_ovl.bmp_ea088a2fc38ae58c06ab7851c32e8c32,ctxr,1952,217d2e58d475b2453645aaf9768478ed1e6585c2
textures/flatlist/_win/comp_c00.bmp.ctxr,textures/flatlist/_win,comp_c00.bmp.ctxr,comp_c00.bmp,ctxr,349920,93e684e4809a64ca655ae335ee5dd9e373bf3bd5
textures/flatlist/_win/comp_e00.bmp.ctxr,textures/flatlist/_win,comp_e00.bmp.ctxr,comp_e00.bmp,ctxr,175168,f3ba4ee00f64488b693d070467b1b4adc2e72f8a
textures/flatlist/_win/comp_e01.bmp.ctxr,textures/flatlist/_win,comp_e01.bmp.ctxr,comp_e01.bmp,ctxr,34432,fed886abfd5f941cc018ad3951037e09692e87ae
textures/flatlist/_win/comp_pane_00_alp_ovl.bmp.ctxr,textures/flatlist/_win,comp_pane_00_alp_ovl.bmp.ctxr,comp_pane_00_alp_ovl.bmp,ctxr,10560,b28f6f2fcc7c36b0c5b6d7c1768557467beb99b7
textures/flatlist/_win/comp_pipe_a00.bmp.ctxr,textures/flatlist/_win,comp_pipe_a00.bmp.ctxr,comp_pipe_a00.bmp,ctxr,27936,3563a3333eeb3f42d4f78261e3ced5a5db5e54e3
textures/flatlist/_win/comp_pipe_k00_alp_ovl.bmp.ctxr,textures/flatlist/_win,comp_pipe_k00_alp_ovl.bmp.ctxr,comp_pipe_k00_alp_ovl.bmp,ctxr,8000,e938b611d0a202f4100e015c169c6b935096e2ef
textures/flatlist/_win/container_b00.bmp.ctxr,textures/flatlist/_win,container_b00.bmp.ctxr,container_b00.bmp,ctxr,175168,740453af62c849a923432b2b34463f142b47c844
textures/flatlist/_win/cover_under_kankyo_sub_alp_ovl.bmp.ctxr,textures/flatlist/_win,cover_under_kankyo_sub_alp_ovl.bmp.ctxr,cover_under_kankyo_sub_alp_ovl.bmp,ctxr,2464,778b9df5d4ba64b4fb95c2b1fab00c8f60fe16bc
textures/flatlist/_win/crb_arm.bmp.ctxr,textures/flatlist/_win,crb_arm.bmp.ctxr,crb_arm.bmp,ctxr,34432,3389e26fe78eef0c0dec35bba254d3b5f6224d45
textures/flatlist/_win/crb_body.bmp.ctxr,textures/flatlist/_win,crb_body.bmp.ctxr,crb_body.bmp,ctxr,51488,691fea0df95c504991dc86c26336bbf14bfeaf4f
textures/flatlist/_win/cushion.bmp.ctxr,textures/flatlist/_win,cushion.bmp.ctxr,cushion.bmp,ctxr,87744,31fc3fa0838147ea477809035d9536e9651ade87
textures/flatlist/_win/c_130_b.bmp.ctxr,textures/flatlist/_win,c_130_b.bmp.ctxr,c_130_b.bmp,ctxr,1398528,980550d719e367730285006a9639a95ece8e8853
textures/flatlist/_win/c_130_c.bmp.ctxr,textures/flatlist/_win,c_130_c.bmp.ctxr,c_130_c.bmp,ctxr,1398528,cbd958f0d440d3f63a0c8bb1ac73551741ab5938
textures/flatlist/_win/c_mag.bmp.ctxr,textures/flatlist/_win,c_mag.bmp.ctxr,c_mag.bmp,ctxr,87744,19830cae1122b92de9c8c1d502aed303c6b0f218
textures/flatlist/_win/dark_ovl_sub_alp.bmp.ctxr,textures/flatlist/_win,dark_ovl_sub_alp.bmp.ctxr,dark_ovl_sub_alp.bmp,ctxr,16544,22e265c4b7afd58ee966ef91314931a34de6cf9b
textures/flatlist/_win/dark_ovl_sub_alp.bmp_1773e280eb3c036f71e1a4e57bfe626e.ctxr,textures/flatlist/_win,dark_ovl_sub_alp.bmp_1773e280eb3c036f71e1a4e57bfe626e.ctxr,dark_ovl_sub_alp.bmp_1773e280eb3c036f71e1a4e57bfe626e,ctxr,4256,839afa7021c53d648be669ca31e172f9b3c39b33
textures/flatlist/_win/davy_barrel.bmp.ctxr,textures/flatlist/_win,davy_barrel.bmp.ctxr,davy_barrel.bmp,ctxr,349920,bd664227841f8abd0b0d899c8dd592158ce7dbc3
textures/flatlist/_win/davy_barrel_sub_alp_ovl.bmp.ctxr,textures/flatlist/_win,davy_barrel_sub_alp_ovl.bmp.ctxr,davy_barrel_sub_alp_ovl.bmp,ctxr,65696,a1dd0ad7c98a48d5a849f17e8cd172e9aa86d127
textures/flatlist/_win/davy_case_barrels.bmp.ctxr,textures/flatlist/_win,davy_case_barrels.bmp.ctxr,davy_case_barrels.bmp,ctxr,22176,0e055711858a4cf4481c8010b2c19b815f150191
textures/flatlist/_win/davy_case_barrel_in01.bmp.ctxr,textures/flatlist/_win,davy_case_barrel_in01.bmp.ctxr,davy_case_barrel_in01.bmp,ctxr,22176,38fa0845de334cf9a850a8825c8eecc44bc4560f
textures/flatlist/_win/davy_case_barrel_in02.bmp.ctxr,textures/flatlist/_win,davy_case_barrel_in02.bmp.ctxr,davy_case_barrel_in02.bmp,ctxr,1792,9631b5f1609d1899cce0f87591d1158470f24070
textures/flatlist/_win/davy_case_barrel_in03.bmp.ctxr,textures/flatlist/_win,davy_case_barrel_in03.bmp.ctxr,davy_case_barrel_in03.bmp,ctxr,2336,ebb74d175edf6a3f5301d61cb2605320823ae929
textures/flatlist/_win/davy_case_barrel_in04.bmp.ctxr,textures/flatlist/_win,davy_case_barrel_in04.bmp.ctxr,davy_case_barrel_in04.bmp,ctxr,1792,a1093a8d84827572c1d9f77e4ef212a83c816286
textures/flatlist/_win/davy_case_marking_alp_ovl.bmp.ctxr,textures/flatlist/_win,davy_case_marking_alp_ovl.bmp.ctxr,davy_case_marking_alp_ovl.bmp,ctxr,9856,3c4295dd925d676e4176d0eb4110a440321160c5
textures/flatlist/_win/davy_case_nuclearbu.bmp.ctxr,textures/flatlist/_win,davy_case_nuclearbu.bmp.ctxr,davy_case_nuclearbu.bmp,ctxr,349920,73a92ee1a7c8b9ebddf410067ed84eb7ac8dcaf6
textures/flatlist/_win/davy_case_nuclear_in01.bmp.ctxr,textures/flatlist/_win,davy_case_nuclear_in01.bmp.ctxr,davy_case_nuclear_in01.bmp,ctxr,4416,cb6e0b97e7ad362e0741253f6417bee07d7aac8d
textures/flatlist/_win/davy_case_nuclear_in02.bmp.ctxr,textures/flatlist/_win,davy_case_nuclear_in02.bmp.ctxr,davy_case_nuclear_in02.bmp,ctxr,2336,2920043340acfb44a0d9f2c2747d4e273daf5483
textures/flatlist/_win/davy_case_nuclear_in04.bmp.ctxr,textures/flatlist/_win,davy_case_nuclear_in04.bmp.ctxr,davy_case_nuclear_in04.bmp,ctxr,2336,ad8449e8c1ac6b572edab918731bcc84fa535a18
textures/flatlist/_win/davy_case_nuclear_in06.bmp.ctxr,textures/flatlist/_win,davy_case_nuclear_in06.bmp.ctxr,davy_case_nuclear_in06.bmp,ctxr,3712,04aba84f8ba5fce4868b35e28b2a7b2c0c2c6643
textures/flatlist/_win/davy_case_nuclear_in07.bmp.ctxr,textures/flatlist/_win,davy_case_nuclear_in07.bmp.ctxr,davy_case_nuclear_in07.bmp,ctxr,2848,2db9d38187e32fbe9b34a14b60c564ef93952d71
textures/flatlist/_win/davy_case_nuclear_in08.bmp.ctxr,textures/flatlist/_win,davy_case_nuclear_in08.bmp.ctxr,davy_case_nuclear_in08.bmp,ctxr,22208,610384f300d92de3286301feba1fcc48c8c3056f
textures/flatlist/_win/davy_case_nuclear_in10.bmp.ctxr,textures/flatlist/_win,davy_case_nuclear_in10.bmp.ctxr,davy_case_nuclear_in10.bmp,ctxr,960,1f3f5df28f4f5c69aae0ce09233c994b5dce7783
textures/flatlist/_win/davy_case_nuclear_in11.bmp.ctxr,textures/flatlist/_win,davy_case_nuclear_in11.bmp.ctxr,davy_case_nuclear_in11.bmp,ctxr,1984,c72a8a7934fde6e24d8b13ac79469d1a207fd218
textures/flatlist/_win/davy_case_nuclear_in12.bmp.ctxr,textures/flatlist/_win,davy_case_nuclear_in12.bmp.ctxr,davy_case_nuclear_in12.bmp,ctxr,22208,bc41d45bddcbe77e941631668e13da5e05fe2ef2
textures/flatlist/_win/davy_case_nuclear_in13.bmp.ctxr,textures/flatlist/_win,davy_case_nuclear_in13.bmp.ctxr,davy_case_nuclear_in13.bmp,ctxr,2848,2460db6a28147cc74b59b2b3378c75e1bbd371a4
textures/flatlist/_win/davy_case_ste01_alp_ovl.bmp.ctxr,textures/flatlist/_win,davy_case_ste01_alp_ovl.bmp.ctxr,davy_case_ste01_alp_ovl.bmp,ctxr,3360,97a5a561dfacb207b7c64b481671fb29f6a1f5e0
textures/flatlist/_win/davy_case_ste02_alp_ovl.bmp.ctxr,textures/flatlist/_win,davy_case_ste02_alp_ovl.bmp.ctxr,davy_case_ste02_alp_ovl.bmp,ctxr,3712,4705adb6e678287cf573d3da33f3cab73a17839b
textures/flatlist/_win/davy_grip.bmp.ctxr,textures/flatlist/_win,davy_grip.bmp.ctxr,davy_grip.bmp,ctxr,87744,64d68fedca12fe480bef7c08985ee4050459744c
textures/flatlist/_win/davy_grip_sub_alp_ovl.bmp.ctxr,textures/flatlist/_win,davy_grip_sub_alp_ovl.bmp.ctxr,davy_grip_sub_alp_ovl.bmp,ctxr,16544,6a2ace1b0befed9fa3bf468350aee7e3203d7568
textures/flatlist/_win/davy_nuclear_sub_alp_ovl.bmp.ctxr,textures/flatlist/_win,davy_nuclear_sub_alp_ovl.bmp.ctxr,davy_nuclear_sub_alp_ovl.bmp,ctxr,65696,587fff54b1a3cfcd23e3d079d687671dec55fd29
textures/flatlist/_win/dfgear02.bmp.ctxr,textures/flatlist/_win,dfgear02.bmp.ctxr,dfgear02.bmp,ctxr,10592,1755c6d5a2e7ce16ee4f4a1985d8f22547a8cb04
textures/flatlist/_win/dfgear02.bmp_325ce8406588efd2c5ae2e8e14f56fd4.ctxr,textures/flatlist/_win,dfgear02.bmp_325ce8406588efd2c5ae2e8e14f56fd4.ctxr,dfgear02.bmp_325ce8406588efd2c5ae2e8e14f56fd4,ctxr,10592,8d27b82079d2380d4b5f5e3a32dd0dfad1ae4761
textures/flatlist/_win/dfgear03.bmp.ctxr,textures/flatlist/_win,dfgear03.bmp.ctxr,dfgear03.bmp,ctxr,4096,5e42a0d59d0c3b237575c0b14fff96390322d885
textures/flatlist/_win/dirty_00_alp_ovl.bmp.ctxr,textures/flatlist/_win,dirty_00_alp_ovl.bmp.ctxr,dirty_00_alp_ovl.bmp,ctxr,65888,48fd1755a798564db200f558be3370fc27f248d5
textures/flatlist/_win/dmit_cardkey_a01_alp_ovl.bmp.ctxr,textures/flatlist/_win,dmit_cardkey_a01_alp_ovl.bmp.ctxr,dmit_cardkey_a01_alp_ovl.bmp,ctxr,44032,d384c8bc43d3d17782c8d8842ac91e22b1815b1e
textures/flatlist/_win/dmit_key00.bmp.ctxr,textures/flatlist/_win,dmit_key00.bmp.ctxr,dmit_key00.bmp,ctxr,16704,be2b7fa86d7bde72fc364241d45988e0f6674eab
textures/flatlist/_win/dmo_gave_safety_sub_alp_ovl.bmp.ctxr,textures/flatlist/_win,dmo_gave_safety_sub_alp_ovl.bmp.ctxr,dmo_gave_safety_sub_alp_ovl.bmp,ctxr,16544,1c34b1ef7b46c9fbd06593c045522764c2eae32f
textures/flatlist/_win/dmo_gave_slide_sub_alp_ovl.bmp.ctxr,textures/flatlist/_win,dmo_gave_slide_sub_alp_ovl.bmp.ctxr,dmo_gave_slide_sub_alp_ovl.bmp,ctxr,524448,799e097f7a30bf924b0caccdc8b6d9b944865b12
textures/flatlist/_win/document_case_00.bmp.ctxr,textures/flatlist/_win,document_case_00.bmp.ctxr,document_case_00.bmp,ctxr,35808,6c6499e37a53db805a40c0bf61b1c690169a6ef3
textures/flatlist/_win/door_a00.bmp.ctxr,textures/flatlist/_win,door_a00.bmp.ctxr,door_a00.bmp,ctxr,699488,f6be6cfbdfb72785a82761ec6bfc6f9af9ec2f14
textures/flatlist/_win/door_a03.bmp.ctxr,textures/flatlist/_win,door_a03.bmp.ctxr,door_a03.bmp,ctxr,6496,9b2c43e5ef3f476f32055cd50cc2a244d05924e3
textures/flatlist/_win/door_frame00a.bmp.ctxr,textures/flatlist/_win,door_frame00a.bmp.ctxr,door_frame00a.bmp,ctxr,175168,273b0f2bf3340254d9fed843ba0e0a8002954065
textures/flatlist/_win/door_frame00a.bmp_5e81ed816613855c915ebb39d7c46cb5.ctxr,textures/flatlist/_win,door_frame00a.bmp_5e81ed816613855c915ebb39d7c46cb5.ctxr,door_frame00a.bmp_5e81ed816613855c915ebb39d7c46cb5,ctxr,349920,e376cb49dea77bdb0d1318a1c018e7d02d90c98b
textures/flatlist/_win/doro.bmp_52bca22d7fcfaa1b9d3897a27fa87479.ctxr,textures/flatlist/_win,doro.bmp_52bca22d7fcfaa1b9d3897a27fa87479.ctxr,doro.bmp_52bca22d7fcfaa1b9d3897a27fa87479,ctxr,11552,c3aff9897975228dfee715bee30361c5bc036565
textures/flatlist/_win/dorone_2_alp_ovl.bmp.ctxr,textures/flatlist/_win,dorone_2_alp_ovl.bmp.ctxr,dorone_2_alp_ovl.bmp,ctxr,35808,f3c8eeafc487ee5b21b9630048f890156a5ee3cb
textures/flatlist/_win/drivebase.bmp.ctxr,textures/flatlist/_win,drivebase.bmp.ctxr,drivebase.bmp,ctxr,55616,a2fd4f05469c3a2ee164f2555b60f3b1830ff1f9
textures/flatlist/_win/drivebase.bmp_e8d2878d490aa8888c3d68880abb778c.ctxr,textures/flatlist/_win,drivebase.bmp_e8d2878d490aa8888c3d68880abb778c.ctxr,drivebase.bmp_e8d2878d490aa8888c3d68880abb778c,ctxr,13568,9a6362dfe7e9754354456dc42ad07ab59c99c2ef
textures/flatlist/_win/driveshaft.bmp.ctxr,textures/flatlist/_win,driveshaft.bmp.ctxr,driveshaft.bmp,ctxr,19424,40cc5a2eeb9461aab91e9a8f9de4a7061fb279b7
textures/flatlist/_win/driveshaft.bmp_430bec93808cc154ab5ad426cac145af.ctxr,textures/flatlist/_win,driveshaft.bmp_430bec93808cc154ab5ad426cac145af.ctxr,driveshaft.bmp_430bec93808cc154ab5ad426cac145af,ctxr,22208,27f0bd695a00b969f39484011750ac0baff77a6d
textures/flatlist/_win/drone_b.bmp.ctxr,textures/flatlist/_win,drone_b.bmp.ctxr,drone_b.bmp,ctxr,262528,1ef2226340bde9a74ca88c46b4d312ae48a7fc46
textures/flatlist/_win/drone_b_ovl_sub_alp.bmp.ctxr,textures/flatlist/_win,drone_b_ovl_sub_alp.bmp.ctxr,drone_b_ovl_sub_alp.bmp,ctxr,196768,2b6d8ea7b0315da12cae03d9b981d31cdc4c2b10
textures/flatlist/_win/drone_c.bmp.ctxr,textures/flatlist/_win,drone_c.bmp.ctxr,drone_c.bmp,ctxr,62464,f3c8e4f1004350fb5ec12ad6d3ce4d5b8533affd
textures/flatlist/_win/drone_c_ovl_sub_alp.bmp.ctxr,textures/flatlist/_win,drone_c_ovl_sub_alp.bmp.ctxr,drone_c_ovl_sub_alp.bmp,ctxr,16544,7b7d6ba4893b0621b3fa57040ea2688a33e984f7
textures/flatlist/_win/drone_light_a_alpx2_add_ovl.bmp.ctxr,textures/flatlist/_win,drone_light_a_alpx2_add_ovl.bmp.ctxr,drone_light_a_alpx2_add_ovl.bmp,ctxr,3040,68c523412f219581ca4dda1550a915c4d4352aab
textures/flatlist/_win/drone_shadow_a_alpx2_add_ovl.bmp.ctxr,textures/flatlist/_win,drone_shadow_a_alpx2_add_ovl.bmp.ctxr,drone_shadow_a_alpx2_add_ovl.bmp,ctxr,16704,87ab6483cfe9dc83ccf13818801311e44fcddeb9
textures/flatlist/_win/drumcan_exp_s1.bmp.ctxr,textures/flatlist/_win,drumcan_exp_s1.bmp.ctxr,drumcan_exp_s1.bmp,ctxr,24896,7a6739e9820b280e5444d030866b48882e35ffa6
textures/flatlist/_win/drumcan_exp_t1.bmp.ctxr,textures/flatlist/_win,drumcan_exp_t1.bmp.ctxr,drumcan_exp_t1.bmp,ctxr,87744,5a1d3fb007c1f59d3ec980c758e973ed98bd4b8a
textures/flatlist/_win/dryleaves_00_alp_ovl.bmp.ctxr,textures/flatlist/_win,dryleaves_00_alp_ovl.bmp.ctxr,dryleaves_00_alp_ovl.bmp,ctxr,98656,f354a50e877df2f87d0c8b72354ea61f930d9bcc
textures/flatlist/_win/dshk_m01.bmp.ctxr,textures/flatlist/_win,dshk_m01.bmp.ctxr,dshk_m01.bmp,ctxr,699488,af8f4f5877a7669517d06f9f896785791a185d64
textures/flatlist/_win/dshk_m02.bmp.ctxr,textures/flatlist/_win,dshk_m02.bmp.ctxr,dshk_m02.bmp,ctxr,699488,069a4c9e409b027e4ebf856509e349f32721a6de
textures/flatlist/_win/dshk_m03.bmp.ctxr,textures/flatlist/_win,dshk_m03.bmp.ctxr,dshk_m03.bmp,ctxr,87744,de9efa8f5e0bf5a84c94223969fb9dbcca0b2747
textures/flatlist/_win/dshk_m04.bmp.ctxr,textures/flatlist/_win,dshk_m04.bmp.ctxr,dshk_m04.bmp,ctxr,87744,2faa4a2f78e5c4f3fa698be1b3f5361ba8ccd90a
textures/flatlist/_win/e02a_leave01_alp_ovl.bmp.ctxr,textures/flatlist/_win,e02a_leave01_alp_ovl.bmp.ctxr,e02a_leave01_alp_ovl.bmp,ctxr,131424,2873578aaa7b853069d367bd40cc619e9c0d47de
textures/flatlist/_win/e02a_leave03_alp_ovl.bmp.ctxr,textures/flatlist/_win,e02a_leave03_alp_ovl.bmp.ctxr,e02a_leave03_alp_ovl.bmp,ctxr,65888,dd643343d1c95842c35ba5f7f5ffc85bea19ea38
textures/flatlist/_win/e02a_treebg_00_alp_ovl.bmp.ctxr,textures/flatlist/_win,e02a_treebg_00_alp_ovl.bmp.ctxr,e02a_treebg_00_alp_ovl.bmp,ctxr,109568,3fdee9338f59e081725e4df285821e92c905838c
textures/flatlist/_win/e02b_ana_01_alp_ovl.bmp.ctxr,textures/flatlist/_win,e02b_ana_01_alp_ovl.bmp.ctxr,e02b_ana_01_alp_ovl.bmp,ctxr,16704,0473ee868e044704f5e9d15ff83098ff67580e54
textures/flatlist/_win/e02b_drumcan00.bmp.ctxr,textures/flatlist/_win,e02b_drumcan00.bmp.ctxr,e02b_drumcan00.bmp,ctxr,175168,14206c65352c06507f3437af5778fac3a2a0efd8
textures/flatlist/_win/e02b_drumcan01.bmp.ctxr,textures/flatlist/_win,e02b_drumcan01.bmp.ctxr,e02b_drumcan01.bmp,ctxr,87744,9c10d040f557adf7f251fbafebd2b5eca7302f3c
textures/flatlist/_win/e02b_drumcan05.bmp.ctxr,textures/flatlist/_win,e02b_drumcan05.bmp.ctxr,e02b_drumcan05.bmp,ctxr,12576,429d3b6623027dbf086e582a0ee3a686eaedb4e2
textures/flatlist/_win/e02b_fl02b_alp_ovl.bmp.ctxr,textures/flatlist/_win,e02b_fl02b_alp_ovl.bmp.ctxr,e02b_fl02b_alp_ovl.bmp,ctxr,16736,3b19e3cc4688e61a5bcb0d2f841145f797316f20
textures/flatlist/_win/e02b_fl04a_alp_ovl.bmp.ctxr,textures/flatlist/_win,e02b_fl04a_alp_ovl.bmp.ctxr,e02b_fl04a_alp_ovl.bmp,ctxr,15648,0ec02b6ed424a87ddda779c1546b7c20f07a324a
textures/flatlist/_win/e02b_flsdw00_alp_ovl.bmp.ctxr,textures/flatlist/_win,e02b_flsdw00_alp_ovl.bmp.ctxr,e02b_flsdw00_alp_ovl.bmp,ctxr,8480,5240bf5bff70ea49e90589ee3424a3277c1f9fa4
textures/flatlist/_win/e02b_lit07_alp_add_ovl.bmp.ctxr,textures/flatlist/_win,e02b_lit07_alp_add_ovl.bmp.ctxr,e02b_lit07_alp_add_ovl.bmp,ctxr,8480,45853b621b4beab7763962c979a4b74546bfc5cd
textures/flatlist/_win/e02b_lit08_alp_add_ovl.bmp.ctxr,textures/flatlist/_win,e02b_lit08_alp_add_ovl.bmp.ctxr,e02b_lit08_alp_add_ovl.bmp,ctxr,16704,6954ea53b815439a1c1069a8bb6ffe31cddb7f7d
textures/flatlist/_win/e02b_pipe02_alp_ovl.bmp.ctxr,textures/flatlist/_win,e02b_pipe02_alp_ovl.bmp.ctxr,e02b_pipe02_alp_ovl.bmp,ctxr,20768,2c31309e363c9e5caba0f62c8b518f70c9e9a796
textures/flatlist/_win/e02b_pipe02_alp_ovl.bmp_22641bb2574c2cf15f9c2be14fb73a06.ctxr,textures/flatlist/_win,e02b_pipe02_alp_ovl.bmp_22641bb2574c2cf15f9c2be14fb73a06.ctxr,e02b_pipe02_alp_ovl.bmp_22641bb2574c2cf15f9c2be14fb73a06,ctxr,20768,fedac5c1bc80a7165f33fcb0e479e57e6ff74070
textures/flatlist/_win/e02b_pipe03_alp_ovl.bmp.ctxr,textures/flatlist/_win,e02b_pipe03_alp_ovl.bmp.ctxr,e02b_pipe03_alp_ovl.bmp,ctxr,18720,7c9b437b0eb6eff02a83d0f8f289e8a440192dc4
textures/flatlist/_win/e02b_sk02_alp_ovl.bmp.ctxr,textures/flatlist/_win,e02b_sk02_alp_ovl.bmp.ctxr,e02b_sk02_alp_ovl.bmp,ctxr,3328,40c484cecd1bc9d0a59b36b547407a4d6dcf34c3
textures/flatlist/_win/e02b_wall01a3_alp_ovl.bmp.ctxr,textures/flatlist/_win,e02b_wall01a3_alp_ovl.bmp.ctxr,e02b_wall01a3_alp_ovl.bmp,ctxr,16736,5675f01f5fe627266eff01d8e545facf6c0133c5
textures/flatlist/_win/e02b_wall01b.bmp.ctxr,textures/flatlist/_win,e02b_wall01b.bmp.ctxr,e02b_wall01b.bmp,ctxr,131456,2a9184186ff7f9f61ba36fce27cc683e4af8e786
textures/flatlist/_win/e02b_wall01e2_alp_ovl.bmp.ctxr,textures/flatlist/_win,e02b_wall01e2_alp_ovl.bmp.ctxr,e02b_wall01e2_alp_ovl.bmp,ctxr,131424,fd8a4e97287c4bd944a5640d183128142cbd027f
textures/flatlist/_win/e02b_wlsdw00_alp_ovl.bmp.ctxr,textures/flatlist/_win,e02b_wlsdw00_alp_ovl.bmp.ctxr,e02b_wlsdw00_alp_ovl.bmp,ctxr,8480,acdaf0f35c9d027be0443e54f04650f72bf3d189
textures/flatlist/_win/e04_1.bmp.ctxr,textures/flatlist/_win,e04_1.bmp.ctxr,e04_1.bmp,ctxr,33088,bbd9a08dfcb835846c2c30dba23f44d166b8be7b
textures/flatlist/_win/e04_2.bmp_04dda450a93965ec055c9b3e101e099b.ctxr,textures/flatlist/_win,e04_2.bmp_04dda450a93965ec055c9b3e101e099b.ctxr,e04_2.bmp_04dda450a93965ec055c9b3e101e099b,ctxr,33088,4a2ec8a375223ba0727cc542748bc09876409b1b
textures/flatlist/_win/e04_3.bmp_6e40581365c7129ba9808c175223db1c.ctxr,textures/flatlist/_win,e04_3.bmp_6e40581365c7129ba9808c175223db1c.ctxr,e04_3.bmp_6e40581365c7129ba9808c175223db1c,ctxr,33088,420c0d9b46b55c5329f47866a31b09cf6fdf53aa
textures/flatlist/_win/e04_4.bmp_8c6cd8cff37073ad12c3337cfc6743c9.ctxr,textures/flatlist/_win,e04_4.bmp_8c6cd8cff37073ad12c3337cfc6743c9.ctxr,e04_4.bmp_8c6cd8cff37073ad12c3337cfc6743c9,ctxr,33088,fa5d40a3e9e5048386eb0d6ab65e448340daf282
textures/flatlist/_win/egun.bmp.ctxr,textures/flatlist/_win,egun.bmp.ctxr,egun.bmp,ctxr,33088,4481430709c2d9703319c47b7d01f5c269ec3834
textures/flatlist/_win/egun_saru.bmp.ctxr,textures/flatlist/_win,egun_saru.bmp.ctxr,egun_saru.bmp,ctxr,33088,bb3e5c4e1d8287910d224f7a4fddd116e4c0c504
textures/flatlist/_win/egun_tama_x_ray.bmp.ctxr,textures/flatlist/_win,egun_tama_x_ray.bmp.ctxr,egun_tama_x_ray.bmp,ctxr,6432,9a25c218be51029bcb204a925252b343500db7de
textures/flatlist/_win/end_item_case_def_sub_ovl_alp.bmp.ctxr,textures/flatlist/_win,end_item_case_def_sub_ovl_alp.bmp.ctxr,end_item_case_def_sub_ovl_alp.bmp,ctxr,131232,a34ed7fc6ffa7d5d7242d2b1124348eb8cb7bfbd
textures/flatlist/_win/end_item_hp_coad_sub_ovl_alp.bmp.ctxr,textures/flatlist/_win,end_item_hp_coad_sub_ovl_alp.bmp.ctxr,end_item_hp_coad_sub_ovl_alp.bmp,ctxr,4256,b34bf462e992219a2874154e5c5e5e86143e4307
textures/flatlist/_win/end_item_hp_def_sub_ovl_alp.bmp.ctxr,textures/flatlist/_win,end_item_hp_def_sub_ovl_alp.bmp.ctxr,end_item_hp_def_sub_ovl_alp.bmp,ctxr,65696,4dc00d159c8efd671027b54582372fbd81807add
textures/flatlist/_win/end_item_hp_mc_sub_ovl_alp.bmp.ctxr,textures/flatlist/_win,end_item_hp_mc_sub_ovl_alp.bmp.ctxr,end_item_hp_mc_sub_ovl_alp.bmp,ctxr,65696,5077eda42015b34b95930dcdc7fb801a314f544f
textures/flatlist/_win/end_item_hp_md_sub_ovl_alp.bmp.ctxr,textures/flatlist/_win,end_item_hp_md_sub_ovl_alp.bmp.ctxr,end_item_hp_md_sub_ovl_alp.bmp,ctxr,4256,d3664e3842eca27e59b31d969dbff813c3f6afab
textures/flatlist/_win/end_item_hp_me_sub_ovl_alp.bmp.ctxr,textures/flatlist/_win,end_item_hp_me_sub_ovl_alp.bmp.ctxr,end_item_hp_me_sub_ovl_alp.bmp,ctxr,4256,920a43a5852a95fed3ed8c7f17ce04224f1bfdc0
textures/flatlist/_win/end_mgs3_face_dead.bmp.ctxr,textures/flatlist/_win,end_mgs3_face_dead.bmp.ctxr,end_mgs3_face_dead.bmp,ctxr,2796672,cee4bcd864b623dd77d1a986bd4602038509dd67
textures/flatlist/_win/end_mgs3_face_def.bmp.ctxr,textures/flatlist/_win,end_mgs3_face_def.bmp.ctxr,end_mgs3_face_def.bmp,ctxr,2796672,99c690a4e7e288604c3388304107216dda31bdfd
textures/flatlist/_win/end_mgs3_face_def_sub_ovl_alp.bmp.ctxr,textures/flatlist/_win,end_mgs3_face_def_sub_ovl_alp.bmp.ctxr,end_mgs3_face_def_sub_ovl_alp.bmp,ctxr,2097312,b43d2635839584f8ec87df032dfcd18753b46146
textures/flatlist/_win/end_mgs3_face_wheel.bmp.ctxr,textures/flatlist/_win,end_mgs3_face_wheel.bmp.ctxr,end_mgs3_face_wheel.bmp,ctxr,2796672,e79d40885900e80a85c68211d5bb98b8d2ad2fe9
textures/flatlist/_win/end_mgs3_face_young.bmp.ctxr,textures/flatlist/_win,end_mgs3_face_young.bmp.ctxr,end_mgs3_face_young.bmp,ctxr,2796672,0667077d48b7e7fa1c7217d93d3186f0ab1f68e7
textures/flatlist/_win/ene_def_eye_pain.bmp.ctxr,textures/flatlist/_win,ene_def_eye_pain.bmp.ctxr,ene_def_eye_pain.bmp,ctxr,22176,7c90bd69fd4da9abc6962f241add7ead91f9be48
textures/flatlist/_win/ene_def_eye_white.bmp.ctxr,textures/flatlist/_win,ene_def_eye_white.bmp.ctxr,ene_def_eye_white.bmp,ctxr,22176,2d3ca311cca275029c75aa67cf7a5638a71c77e0
textures/flatlist/_win/ene_def_eye_white.bmp_6c3d7f31526aabd0f04de0a45771023f.ctxr,textures/flatlist/_win,ene_def_eye_white.bmp_6c3d7f31526aabd0f04de0a45771023f.ctxr,ene_def_eye_white.bmp_6c3d7f31526aabd0f04de0a45771023f,ctxr,4384,0bdc459388d12d03b48b0f1fa1f3118644a67e4c
textures/flatlist/_win/ene_def_headtop.bmp.ctxr,textures/flatlist/_win,ene_def_headtop.bmp.ctxr,ene_def_headtop.bmp,ctxr,175168,2210d3d70bce2e6444b08eb5926c94b50201850f
textures/flatlist/_win/ene_def_headunder.bmp.ctxr,textures/flatlist/_win,ene_def_headunder.bmp.ctxr,ene_def_headunder.bmp,ctxr,175168,d3f78f22af2929c513d07bbae48e09196707f10e
textures/flatlist/_win/ene_def_neck.bmp.ctxr,textures/flatlist/_win,ene_def_neck.bmp.ctxr,ene_def_neck.bmp,ctxr,175168,3820924233d505abf0ac913bf7fa71d546065ef8
textures/flatlist/_win/ene_def_pa-ka.bmp.ctxr,textures/flatlist/_win,ene_def_pa-ka.bmp.ctxr,ene_def_pa-ka.bmp,ctxr,41312,10cb463de43de4c66016b97742609a6b91e08ef0
textures/flatlist/_win/ene_flame_belt_alp_ovl.bmp.ctxr,textures/flatlist/_win,ene_flame_belt_alp_ovl.bmp.ctxr,ene_flame_belt_alp_ovl.bmp,ctxr,8512,6435e06dae164cd704cd4731a2afd5df07a8749c
textures/flatlist/_win/ene_flame_boots1.bmp.ctxr,textures/flatlist/_win,ene_flame_boots1.bmp.ctxr,ene_flame_boots1.bmp,ctxr,8512,7dec141b33af4445dcce1bd33bb095aeb1b0c1bb
textures/flatlist/_win/ene_flame_boots2.bmp.ctxr,textures/flatlist/_win,ene_flame_boots2.bmp.ctxr,ene_flame_boots2.bmp,ctxr,12576,64ea009ebed687e79e539901dbc1deb5774dd779
textures/flatlist/_win/ene_flame_boots3.bmp.ctxr,textures/flatlist/_win,ene_flame_boots3.bmp.ctxr,ene_flame_boots3.bmp,ctxr,12576,abb0a8e2a13ab6ac55033fb1afe8bbf9f081a1ab
textures/flatlist/_win/ene_flame_boots4.bmp.ctxr,textures/flatlist/_win,ene_flame_boots4.bmp.ctxr,ene_flame_boots4.bmp,ctxr,7104,ab65ba850f371b070dca806f6f6be5f2de132b84
textures/flatlist/_win/ene_flame_eye.bmp.ctxr,textures/flatlist/_win,ene_flame_eye.bmp.ctxr,ene_flame_eye.bmp,ctxr,4384,25f7b2ca2e192bb9f44c56e7d0f8f7bf52d1cdab
textures/flatlist/_win/ene_flame_gun_ovl_sub_alp.bmp.ctxr,textures/flatlist/_win,ene_flame_gun_ovl_sub_alp.bmp.ctxr,ene_flame_gun_ovl_sub_alp.bmp,ctxr,32928,cd238c01834cc4cdde5cc2a92e51754252c9d195
textures/flatlist/_win/ene_flame_hand.bmp.ctxr,textures/flatlist/_win,ene_flame_hand.bmp.ctxr,ene_flame_hand.bmp,ctxr,12224,5abc09e0ce920362e69816f4b401933eca277eea
textures/flatlist/_win/ene_flame_lends_ovl_add_alp.bmp.ctxr,textures/flatlist/_win,ene_flame_lends_ovl_add_alp.bmp.ctxr,ene_flame_lends_ovl_add_alp.bmp,ctxr,12576,5055e1e3200b9cbc70436edaa8f30a1c9dc7e5d5
textures/flatlist/_win/ene_flame_lends_ovl_alp.bmp.ctxr,textures/flatlist/_win,ene_flame_lends_ovl_alp.bmp.ctxr,ene_flame_lends_ovl_alp.bmp,ctxr,12576,eced7474679104f28c7ff645fb31829197bd9e6c
textures/flatlist/_win/ene_flame_lends_ovl_mod1120_alp_emap.bmp.ctxr,textures/flatlist/_win,ene_flame_lends_ovl_mod1120_alp_emap.bmp.ctxr,ene_flame_lends_ovl_mod1120_alp_emap.bmp,ctxr,12576,ca64edf8f844eb553ef0f1056c11288915116e56
textures/flatlist/_win/ene_flame_mask.bmp.ctxr,textures/flatlist/_win,ene_flame_mask.bmp.ctxr,ene_flame_mask.bmp,ctxr,136864,0a513b794d585d767128b6b5dbb5d4aa3f15ce43
textures/flatlist/_win/ene_flame_pipe.bmp.ctxr,textures/flatlist/_win,ene_flame_pipe.bmp.ctxr,ene_flame_pipe.bmp,ctxr,2336,da7db704177813f4a85679197b6fc894a97462be
textures/flatlist/_win/ene_flame_tank_ovl_sub_alp.bmp.ctxr,textures/flatlist/_win,ene_flame_tank_ovl_sub_alp.bmp.ctxr,ene_flame_tank_ovl_sub_alp.bmp,ctxr,65696,86deac0152159d1a6865e54fd184886262fd0712
textures/flatlist/_win/ene_fph_belt_center.bmp.ctxr,textures/flatlist/_win,ene_fph_belt_center.bmp.ctxr,ene_fph_belt_center.bmp,ctxr,960,b4868b000457961e8ec9a1b10bdebdd07a9a5fbe
textures/flatlist/_win/ene_fph_best.bmp.ctxr,textures/flatlist/_win,ene_fph_best.bmp.ctxr,ene_fph_best.bmp,ctxr,88640,1ee3c300fc12dbc7ffc9bc79b85575f33846f232
textures/flatlist/_win/ene_fph_best.bmp_aa3b29848739a7ae82da7bc7f83e468a.ctxr,textures/flatlist/_win,ene_fph_best.bmp_aa3b29848739a7ae82da7bc7f83e468a.ctxr,ene_fph_best.bmp_aa3b29848739a7ae82da7bc7f83e468a,ctxr,88640,f20d48f6097fbb416157f5e67e17c9d7654c4cbb
textures/flatlist/_win/ene_fph_body.bmp.ctxr,textures/flatlist/_win,ene_fph_body.bmp.ctxr,ene_fph_body.bmp,ctxr,116352,fbce8233233ee3fd8b6f3a1eb81c65940900ed04
textures/flatlist/_win/ene_fph_body.bmp_dcc5d84c43203080a9394bc7619c7dcf.ctxr,textures/flatlist/_win,ene_fph_body.bmp_dcc5d84c43203080a9394bc7619c7dcf.ctxr,ene_fph_body.bmp_dcc5d84c43203080a9394bc7619c7dcf,ctxr,116352,dc6f06aa2e5af820048895db9065a31df2469878
textures/flatlist/_win/ene_fph_eye.bmp.ctxr,textures/flatlist/_win,ene_fph_eye.bmp.ctxr,ene_fph_eye.bmp,ctxr,4384,641ffc821a6beb4af0ad9a414279e21d3f09600f
textures/flatlist/_win/ene_fph_face.bmp.ctxr,textures/flatlist/_win,ene_fph_face.bmp.ctxr,ene_fph_face.bmp,ctxr,34432,7e41a1921e0be1c8397dd82487641b1c744f9ffd
textures/flatlist/_win/ene_fph_foot_ed.bmp.ctxr,textures/flatlist/_win,ene_fph_foot_ed.bmp.ctxr,ene_fph_foot_ed.bmp,ctxr,65888,3fe685b0c39d1b00dbf4102c51cba7963d6148c9
textures/flatlist/_win/ene_fph_hand.bmp.ctxr,textures/flatlist/_win,ene_fph_hand.bmp.ctxr,ene_fph_hand.bmp,ctxr,12224,c2bcbbc654b0ad4661924e9daabe7b182fc740f9
textures/flatlist/_win/ene_fph_helm_ovl_sub_alp.bmp.ctxr,textures/flatlist/_win,ene_fph_helm_ovl_sub_alp.bmp.ctxr,ene_fph_helm_ovl_sub_alp.bmp,ctxr,4256,89923b5c8a0d34f8492b421997a24a43c2187a1f
textures/flatlist/_win/ene_fph_met.bmp.ctxr,textures/flatlist/_win,ene_fph_met.bmp.ctxr,ene_fph_met.bmp,ctxr,60416,635bc9ec951fb3c2d33dabb42449d2c7f86b1e8e
textures/flatlist/_win/ene_fph_met_kanagu.bmp.ctxr,textures/flatlist/_win,ene_fph_met_kanagu.bmp.ctxr,ene_fph_met_kanagu.bmp,ctxr,19424,f812ddc2be9d59342fa88ba87aa0643775effed6
textures/flatlist/_win/ene_ind_body_belt.bmp.ctxr,textures/flatlist/_win,ene_ind_body_belt.bmp.ctxr,ene_ind_body_belt.bmp,ctxr,5376,a4017acec987ce924d29eabf69ccfada7edbf0db
textures/flatlist/_win/ene_ind_body_belt_alp_ovl.bmp.ctxr,textures/flatlist/_win,ene_ind_body_belt_alp_ovl.bmp.ctxr,ene_ind_body_belt_alp_ovl.bmp,ctxr,8512,0b7bf906ce7c319381d6e28a8ba4936bbf96db9c
textures/flatlist/_win/ene_ind_boots3_ovl_sub_alp.bmp.ctxr,textures/flatlist/_win,ene_ind_boots3_ovl_sub_alp.bmp.ctxr,ene_ind_boots3_ovl_sub_alp.bmp,ctxr,9376,6a4352fa5d814c6164a6965d609ef12e05b88cc7
textures/flatlist/_win/ene_ind_eye_close_a.bmp.ctxr,textures/flatlist/_win,ene_ind_eye_close_a.bmp.ctxr,ene_ind_eye_close_a.bmp,ctxr,4384,072b7e134e45a60998f8c0192a279429dd1b475c
textures/flatlist/_win/ene_ind_eye_close_b.bmp.ctxr,textures/flatlist/_win,ene_ind_eye_close_b.bmp.ctxr,ene_ind_eye_close_b.bmp,ctxr,4384,c5f6b357d7a7f664ae21d0f79dbc772bf3f6eab9
textures/flatlist/_win/ene_ind_eye_close_c.bmp.ctxr,textures/flatlist/_win,ene_ind_eye_close_c.bmp.ctxr,ene_ind_eye_close_c.bmp,ctxr,4384,977a7fbe555efee1e4e4d2f9caae83c3f716ea6a
textures/flatlist/_win/ene_ind_eye_close_d.bmp.ctxr,textures/flatlist/_win,ene_ind_eye_close_d.bmp.ctxr,ene_ind_eye_close_d.bmp,ctxr,4384,3907dbe57969af06bbdfc5c05495006a2148e79b
textures/flatlist/_win/ene_ind_eye_close_e.bmp.ctxr,textures/flatlist/_win,ene_ind_eye_close_e.bmp.ctxr,ene_ind_eye_close_e.bmp,ctxr,4384,3bba17ff423e128f2901dd76eb108a593aba63bd
textures/flatlist/_win/ene_ind_eye_def_b.bmp.ctxr,textures/flatlist/_win,ene_ind_eye_def_b.bmp.ctxr,ene_ind_eye_def_b.bmp,ctxr,4384,dca8ca9ee788d546c6637cdd5323c97d724dcdad
textures/flatlist/_win/ene_ind_eye_def_c.bmp.ctxr,textures/flatlist/_win,ene_ind_eye_def_c.bmp.ctxr,ene_ind_eye_def_c.bmp,ctxr,4384,ecbbb7cf06f09b2b460df10d55237326203b1a71
textures/flatlist/_win/ene_ind_eye_def_d.bmp.ctxr,textures/flatlist/_win,ene_ind_eye_def_d.bmp.ctxr,ene_ind_eye_def_d.bmp,ctxr,4384,2ff5069c6eafe472dd33fbba891a2f2b0d96896f
textures/flatlist/_win/ene_ind_eye_mu_b.bmp.ctxr,textures/flatlist/_win,ene_ind_eye_mu_b.bmp.ctxr,ene_ind_eye_mu_b.bmp,ctxr,4384,4e3f5c8dd5708b2beb03427d9ff62613baeebc97
textures/flatlist/_win/ene_ind_eye_mu_c.bmp.ctxr,textures/flatlist/_win,ene_ind_eye_mu_c.bmp.ctxr,ene_ind_eye_mu_c.bmp,ctxr,4384,bd6c703e5f12e92449c849ebe9292cb1f6ad0d85
textures/flatlist/_win/ene_ind_eye_mu_d.bmp.ctxr,textures/flatlist/_win,ene_ind_eye_mu_d.bmp.ctxr,ene_ind_eye_mu_d.bmp,ctxr,4384,61711bfdd896df67a623d409d5f340b0923207ed
textures/flatlist/_win/ene_ind_eye_mu_e.bmp.ctxr,textures/flatlist/_win,ene_ind_eye_mu_e.bmp.ctxr,ene_ind_eye_mu_e.bmp,ctxr,4384,ca14bbcdd3670f5ae0f7268084703f6291fdd77e
textures/flatlist/_win/ene_ind_eye_open_b.bmp.ctxr,textures/flatlist/_win,ene_ind_eye_open_b.bmp.ctxr,ene_ind_eye_open_b.bmp,ctxr,4384,d55e43a32dbbb0e40d94e6bf787d6cd8851997fd
textures/flatlist/_win/ene_ind_eye_open_c.bmp.ctxr,textures/flatlist/_win,ene_ind_eye_open_c.bmp.ctxr,ene_ind_eye_open_c.bmp,ctxr,4384,bae7700b53444fcaec80941ef127484d56350b0f
textures/flatlist/_win/ene_ind_eye_open_d.bmp.ctxr,textures/flatlist/_win,ene_ind_eye_open_d.bmp.ctxr,ene_ind_eye_open_d.bmp,ctxr,4384,e213b97f5c14365d5a3d05fb317c676d60dc8e93
textures/flatlist/_win/ene_ind_eye_open_e.bmp.ctxr,textures/flatlist/_win,ene_ind_eye_open_e.bmp.ctxr,ene_ind_eye_open_e.bmp,ctxr,4384,50ba0f0396fa6f267e266b5a3e35aac66b436ead
textures/flatlist/_win/ene_ind_eye_pain_b.bmp.ctxr,textures/flatlist/_win,ene_ind_eye_pain_b.bmp.ctxr,ene_ind_eye_pain_b.bmp,ctxr,4384,32e26a5cbc54d28b27887fd63881c8d93eceb8d6
textures/flatlist/_win/ene_ind_eye_pain_c.bmp.ctxr,textures/flatlist/_win,ene_ind_eye_pain_c.bmp.ctxr,ene_ind_eye_pain_c.bmp,ctxr,4384,9ae145f4159e36af62843b9ff9bb60052217522a
textures/flatlist/_win/ene_ind_eye_pain_d.bmp.ctxr,textures/flatlist/_win,ene_ind_eye_pain_d.bmp.ctxr,ene_ind_eye_pain_d.bmp,ctxr,4384,fbf9d203fe7ad5d8acc52834d5206101e28bf997
textures/flatlist/_win/ene_ind_eye_white_a.bmp.ctxr,textures/flatlist/_win,ene_ind_eye_white_a.bmp.ctxr,ene_ind_eye_white_a.bmp,ctxr,4384,0667bd36b814afc1fe3a728b382ba6a2d52716d7
textures/flatlist/_win/ene_ind_eye_white_b.bmp.ctxr,textures/flatlist/_win,ene_ind_eye_white_b.bmp.ctxr,ene_ind_eye_white_b.bmp,ctxr,4384,84a4ccb84bebf3483acf52b919058d8423050eed
textures/flatlist/_win/ene_ind_eye_white_c.bmp.ctxr,textures/flatlist/_win,ene_ind_eye_white_c.bmp.ctxr,ene_ind_eye_white_c.bmp,ctxr,4384,fa8dee783b5b58a0e5b51262113ce555ad993e76
textures/flatlist/_win/ene_ind_eye_white_d.bmp.ctxr,textures/flatlist/_win,ene_ind_eye_white_d.bmp.ctxr,ene_ind_eye_white_d.bmp,ctxr,4384,3ac0de101117ee5ffdf172107f340a1961f14b34
textures/flatlist/_win/ene_ind_eye_white_e.bmp.ctxr,textures/flatlist/_win,ene_ind_eye_white_e.bmp.ctxr,ene_ind_eye_white_e.bmp,ctxr,4384,c14b45c1e860452d0573a3885f7da75ef81133a1
textures/flatlist/_win/ene_jonny_armband.bmp.ctxr,textures/flatlist/_win,ene_jonny_armband.bmp.ctxr,ene_jonny_armband.bmp,ctxr,8480,bfe1c4e5cda7c23f996dfe773ab783a7c718e0a2
textures/flatlist/_win/ene_jonny_ovl_alp.bmp.ctxr,textures/flatlist/_win,ene_jonny_ovl_alp.bmp.ctxr,ene_jonny_ovl_alp.bmp,ctxr,12576,b79fdef5483702d8b5bed8bb8dd3e27f91571f90
textures/flatlist/_win/ene_kgb_best.bmp.ctxr,textures/flatlist/_win,ene_kgb_best.bmp.ctxr,ene_kgb_best.bmp,ctxr,60032,fe2c913d43dec1a2f09d129996e7261331022488
textures/flatlist/_win/ene_kgb_body.bmp.ctxr,textures/flatlist/_win,ene_kgb_body.bmp.ctxr,ene_kgb_body.bmp,ctxr,107808,b362331054fce9bf9dbbf5e5c9adffc9b18d6171
textures/flatlist/_win/ene_kgb_boots1.bmp.ctxr,textures/flatlist/_win,ene_kgb_boots1.bmp.ctxr,ene_kgb_boots1.bmp,ctxr,27616,814c6cf24063416ab0e5c1a22e69f0c1b37fcb2b
textures/flatlist/_win/ene_kgb_boots1_ovl_sub_alp.bmp.ctxr,textures/flatlist/_win,ene_kgb_boots1_ovl_sub_alp.bmp.ctxr,ene_kgb_boots1_ovl_sub_alp.bmp,ctxr,20640,0c9f7557d8fc688c68d672b3818bd46d715e7a1e
textures/flatlist/_win/ene_kgb_boots2.bmp.ctxr,textures/flatlist/_win,ene_kgb_boots2.bmp.ctxr,ene_kgb_boots2.bmp,ctxr,12576,d482cb8f4ce50b857474b8f66865a0b3be9eca7a
textures/flatlist/_win/ene_kgb_dam_ovl_alp.bmp.ctxr,textures/flatlist/_win,ene_kgb_dam_ovl_alp.bmp.ctxr,ene_kgb_dam_ovl_alp.bmp,ctxr,34432,3fc645cedcb3f9156311b7e23459e397d6b1b426
textures/flatlist/_win/ene_kgb_eye_close.bmp.ctxr,textures/flatlist/_win,ene_kgb_eye_close.bmp.ctxr,ene_kgb_eye_close.bmp,ctxr,8800,862181742b707784dbda42db42b40fbbd1b934db
textures/flatlist/_win/ene_kgb_eye_def.bmp.ctxr,textures/flatlist/_win,ene_kgb_eye_def.bmp.ctxr,ene_kgb_eye_def.bmp,ctxr,8800,76470c00bac5e9c5ac4b06b57365f34dd7f3a187
textures/flatlist/_win/ene_kgb_eye_mu.bmp.ctxr,textures/flatlist/_win,ene_kgb_eye_mu.bmp.ctxr,ene_kgb_eye_mu.bmp,ctxr,8800,eeefd4c0cd2eec1f49deaa16ebf14545ee4033e7
textures/flatlist/_win/ene_kgb_eye_open.bmp.ctxr,textures/flatlist/_win,ene_kgb_eye_open.bmp.ctxr,ene_kgb_eye_open.bmp,ctxr,8800,7f54e8912d07e9ded7db97c3a158697115fe835c
textures/flatlist/_win/ene_kgb_eye_pain.bmp.ctxr,textures/flatlist/_win,ene_kgb_eye_pain.bmp.ctxr,ene_kgb_eye_pain.bmp,ctxr,8800,2935185d21e6d8921c6421ab9af8a83f9c504123
textures/flatlist/_win/ene_kgb_eye_white.bmp.ctxr,textures/flatlist/_win,ene_kgb_eye_white.bmp.ctxr,ene_kgb_eye_white.bmp,ctxr,8800,6c2796175f6cffcdcd0f3108517de0396d2e17f0
textures/flatlist/_win/ene_kgb_face.bmp.ctxr,textures/flatlist/_win,ene_kgb_face.bmp.ctxr,ene_kgb_face.bmp,ctxr,31008,79b930cdc5bec349dae590b7c930bc53fc5a4ae9
textures/flatlist/_win/ene_kgb_hand.bmp.ctxr,textures/flatlist/_win,ene_kgb_hand.bmp.ctxr,ene_kgb_hand.bmp,ctxr,12224,56aefeb3dbdb1a7d452a684f1dd1f0134d3385b1
textures/flatlist/_win/ene_kgb_pa-ka.bmp.ctxr,textures/flatlist/_win,ene_kgb_pa-ka.bmp.ctxr,ene_kgb_pa-ka.bmp,ctxr,27616,f374669ac59bf8f253dced076483ed30992eb96c
textures/flatlist/_win/ene_rider_arm.bmp.ctxr,textures/flatlist/_win,ene_rider_arm.bmp.ctxr,ene_rider_arm.bmp,ctxr,34080,5ad24046010626d769a3b57c207876da99a2b3a4
textures/flatlist/_win/ene_rider_arm_ovl_sub_alp.bmp.ctxr,textures/flatlist/_win,ene_rider_arm_ovl_sub_alp.bmp.ctxr,ene_rider_arm_ovl_sub_alp.bmp,ctxr,25504,7167513fac1ff3bd6e35f6730276485d8a620a3a
textures/flatlist/_win/ene_rider_body.bmp.ctxr,textures/flatlist/_win,ene_rider_body.bmp.ctxr,ene_rider_body.bmp,ctxr,94176,a82f78542a7f93058eec310a6153c805dc8b9e8d
textures/flatlist/_win/ene_rider_body4_ovl_sub_alp.bmp.ctxr,textures/flatlist/_win,ene_rider_body4_ovl_sub_alp.bmp.ctxr,ene_rider_body4_ovl_sub_alp.bmp,ctxr,70560,c2085d2dfdf101f9a2c834ac817369fc2a552b0f
textures/flatlist/_win/ene_rider_boots1.bmp.ctxr,textures/flatlist/_win,ene_rider_boots1.bmp.ctxr,ene_rider_boots1.bmp,ctxr,27616,ca38a348e74d03dee53b2d4a4642082d4ee54a2e
textures/flatlist/_win/ene_rider_boots1_ovl_sub_alp.bmp.ctxr,textures/flatlist/_win,ene_rider_boots1_ovl_sub_alp.bmp.ctxr,ene_rider_boots1_ovl_sub_alp.bmp,ctxr,20640,d6f36baaf046044954c127ea4e654d7299f9c46b
textures/flatlist/_win/ene_rider_boots2_ovl_sub_alp.bmp.ctxr,textures/flatlist/_win,ene_rider_boots2_ovl_sub_alp.bmp.ctxr,ene_rider_boots2_ovl_sub_alp.bmp,ctxr,9376,caef2ab0f129665f08324999d876de9eae7f1fb6
textures/flatlist/_win/ene_rider_boots2_test.bmp.ctxr,textures/flatlist/_win,ene_rider_boots2_test.bmp.ctxr,ene_rider_boots2_test.bmp,ctxr,12576,4ba8b1e00b01199f31c76ba0d4b115878a971574
textures/flatlist/_win/ene_rider_boots3_ovl_sub_alp.bmp.ctxr,textures/flatlist/_win,ene_rider_boots3_ovl_sub_alp.bmp.ctxr,ene_rider_boots3_ovl_sub_alp.bmp,ctxr,9376,6a7c69621ba47d346aff1f75d7e8dc605e80a73d
textures/flatlist/_win/ene_rider_boots3_test.bmp.ctxr,textures/flatlist/_win,ene_rider_boots3_test.bmp.ctxr,ene_rider_boots3_test.bmp,ctxr,12576,3f8b1c9bcdfc2330af89c07551b556d1eb5c8c51
textures/flatlist/_win/ene_rider_boots4_test.bmp.ctxr,textures/flatlist/_win,ene_rider_boots4_test.bmp.ctxr,ene_rider_boots4_test.bmp,ctxr,7104,6ab3bd81d3e28294e82cff97865c4ef9475ca742
textures/flatlist/_win/ene_rider_face_mask.bmp.ctxr,textures/flatlist/_win,ene_rider_face_mask.bmp.ctxr,ene_rider_face_mask.bmp,ctxr,21792,4fb541ca2fe41e5817fd69dda2993152a390859e
textures/flatlist/_win/ene_rider_goggle_ovl_sub_alp.bmp.ctxr,textures/flatlist/_win,ene_rider_goggle_ovl_sub_alp.bmp.ctxr,ene_rider_goggle_ovl_sub_alp.bmp,ctxr,8352,1f83776e44f256e70f571a8077fd759440786637
textures/flatlist/_win/ene_rider_hand.bmp.ctxr,textures/flatlist/_win,ene_rider_hand.bmp.ctxr,ene_rider_hand.bmp,ctxr,14624,35f23007e4d450421704224c6c8ba0bd12b576fe
textures/flatlist/_win/ene_rider_helmet.bmp.ctxr,textures/flatlist/_win,ene_rider_helmet.bmp.ctxr,ene_rider_helmet.bmp,ctxr,30336,d9819ae2e3455bbce3c45641337f3a3662d643b4
textures/flatlist/_win/ene_rider_helmet_ovl_sub_alp.bmp.ctxr,textures/flatlist/_win,ene_rider_helmet_ovl_sub_alp.bmp.ctxr,ene_rider_helmet_ovl_sub_alp.bmp,ctxr,22688,39b4d5db6d44bee49311c3e7ca88df607f525851
textures/flatlist/_win/ene_rider_leg2_test.bmp.ctxr,textures/flatlist/_win,ene_rider_leg2_test.bmp.ctxr,ene_rider_leg2_test.bmp,ctxr,20928,1ba0eb9ca8fcc2834fb90e6df74d739ef9d0b6ac
textures/flatlist/_win/ene_rider_leg_test.bmp.ctxr,textures/flatlist/_win,ene_rider_leg_test.bmp.ctxr,ene_rider_leg_test.bmp,ctxr,41600,dfeefe95157383bbf72c1426f3448b78363afeb0
textures/flatlist/_win/ene_rider_neck_open.bmp.ctxr,textures/flatlist/_win,ene_rider_neck_open.bmp.ctxr,ene_rider_neck_open.bmp,ctxr,27936,b04e8a568bea40521e2fb6853239857f38ffa19e
textures/flatlist/_win/ene_rider_neck_op_ovl_sub_alp.bmp.ctxr,textures/flatlist/_win,ene_rider_neck_op_ovl_sub_alp.bmp.ctxr,ene_rider_neck_op_ovl_sub_alp.bmp,ctxr,20896,2bd4754be6655479c73042bcb487ba801868ac50
textures/flatlist/_win/ene_spe_boots1_ovl_sub_alp.bmp.ctxr,textures/flatlist/_win,ene_spe_boots1_ovl_sub_alp.bmp.ctxr,ene_spe_boots1_ovl_sub_alp.bmp,ctxr,131232,bc2bd45b5c83d6b4faf66508e004c6e5c59bf82c
textures/flatlist/_win/ene_spe_boots2_ovl_sub_alp.bmp.ctxr,textures/flatlist/_win,ene_spe_boots2_ovl_sub_alp.bmp.ctxr,ene_spe_boots2_ovl_sub_alp.bmp,ctxr,65696,4a9023009e6fd45f0bfddc24e5af809443247cb9
textures/flatlist/_win/ene_spe_boots3_ovl_sub_alp.bmp.ctxr,textures/flatlist/_win,ene_spe_boots3_ovl_sub_alp.bmp.ctxr,ene_spe_boots3_ovl_sub_alp.bmp,ctxr,65696,2daca2b96b8ff94213ce839a3349b8bf42aac41f
textures/flatlist/_win/enjine01.bmp_64e7bcb9df415f5e0f8831b99e7aeb4c.ctxr,textures/flatlist/_win,enjine01.bmp_64e7bcb9df415f5e0f8831b99e7aeb4c.ctxr,enjine01.bmp_64e7bcb9df415f5e0f8831b99e7aeb4c,ctxr,22496,fdc55f3883cf8ac9569c606f81d61eb8915e42d9
textures/flatlist/_win/enjine02.bmp.ctxr,textures/flatlist/_win,enjine02.bmp.ctxr,enjine02.bmp,ctxr,35616,1ae90aa92b72e97143c16f70a34ea0a51a3e1204
textures/flatlist/_win/enjine02.bmp_774a11c1185eabe6a08cf1f5d79ab63c.ctxr,textures/flatlist/_win,enjine02.bmp_774a11c1185eabe6a08cf1f5d79ab63c.ctxr,enjine02.bmp_774a11c1185eabe6a08cf1f5d79ab63c,ctxr,9472,fd6e3c77863f2a81745dde0618ae77c85c4638d9
textures/flatlist/_win/enjine03.bmp.ctxr,textures/flatlist/_win,enjine03.bmp.ctxr,enjine03.bmp,ctxr,30336,7f74e05e1ebad80d868ed2aece3d7218d53dcde8
textures/flatlist/_win/enjine03.bmp_e2ce4011fd30f1fbb4182f8181c2e496.ctxr,textures/flatlist/_win,enjine03.bmp_e2ce4011fd30f1fbb4182f8181c2e496.ctxr,enjine03.bmp_e2ce4011fd30f1fbb4182f8181c2e496,ctxr,7104,d4695f69c5d1304d345c2c69aecbe07660c1870b
textures/flatlist/_win/enjine04.bmp.ctxr,textures/flatlist/_win,enjine04.bmp.ctxr,enjine04.bmp,ctxr,14144,0f14f7bf32593a1e14fb2d4c248f8bd08c79ca60
textures/flatlist/_win/enjine04.bmp_57e57945a094be55596c7d22cf05bdc2.ctxr,textures/flatlist/_win,enjine04.bmp_57e57945a094be55596c7d22cf05bdc2.ctxr,enjine04.bmp_57e57945a094be55596c7d22cf05bdc2,ctxr,14144,cdc735bd5c68f52324d5726fe643a40061ecd655
textures/flatlist/_win/enjinp01.bmp.ctxr,textures/flatlist/_win,enjinp01.bmp.ctxr,enjinp01.bmp,ctxr,349920,e22acf439e41ce283ce758f444357d0b601817b9
textures/flatlist/_win/enjinp01.bmp_af673edb2b6d4f16ad759a50e83cf3df.ctxr,textures/flatlist/_win,enjinp01.bmp_af673edb2b6d4f16ad759a50e83cf3df.ctxr,enjinp01.bmp_af673edb2b6d4f16ad759a50e83cf3df,ctxr,175168,93751cefb84c745936d5b69d85594e73e673cb1a
textures/flatlist/_win/enjinp02.bmp.ctxr,textures/flatlist/_win,enjinp02.bmp.ctxr,enjinp02.bmp,ctxr,7936,f062281dc825b48d2d314a1c67b5b6a56905a763
textures/flatlist/_win/enjinp02.bmp_93cec2626adb3beeaefb2ee2e518cf03.ctxr,textures/flatlist/_win,enjinp02.bmp_93cec2626adb3beeaefb2ee2e518cf03.ctxr,enjinp02.bmp_93cec2626adb3beeaefb2ee2e518cf03,ctxr,4928,1d1b01e51e3ab7f99441c6d1d30f874f7d5039d0
textures/flatlist/_win/enjinp03.bmp.ctxr,textures/flatlist/_win,enjinp03.bmp.ctxr,enjinp03.bmp,ctxr,87744,952359613db49b720e06c71c93c514959826a5ee
textures/flatlist/_win/enjinp03.bmp_f6166fd326cb6514d952749618aa71b9.ctxr,textures/flatlist/_win,enjinp03.bmp_f6166fd326cb6514d952749618aa71b9.ctxr,enjinp03.bmp_f6166fd326cb6514d952749618aa71b9,ctxr,8800,8bfd97f1a701cb6c06e60ff88a4aa05818216429
textures/flatlist/_win/ent_def_body.bmp.ctxr,textures/flatlist/_win,ent_def_body.bmp.ctxr,ent_def_body.bmp,ctxr,55840,fbae2e54f934a36d1bd3620005b89867f707d44c
textures/flatlist/_win/ent_def_mouth.bmp.ctxr,textures/flatlist/_win,ent_def_mouth.bmp.ctxr,ent_def_mouth.bmp,ctxr,7104,eaa8dada86c3f8cd7bd0ffe311160195470ad2b6
textures/flatlist/_win/eve_close_body.bmp.ctxr,textures/flatlist/_win,eve_close_body.bmp.ctxr,eve_close_body.bmp,ctxr,154240,68fd57fe7617dee0415478c1b2fa855be4a03357
textures/flatlist/_win/eve_close_pocket.bmp.ctxr,textures/flatlist/_win,eve_close_pocket.bmp.ctxr,eve_close_pocket.bmp,ctxr,33088,3f23774d1116556cbf3e91993dbf57e2f9bd2b63
textures/flatlist/_win/eve_cov_blood_ovl_alp.bmp.ctxr,textures/flatlist/_win,eve_cov_blood_ovl_alp.bmp.ctxr,eve_cov_blood_ovl_alp.bmp,ctxr,16704,79aac901968a5a2cbce741a42b876350627cc996
textures/flatlist/_win/eve_cov_burn_ovl_alp.bmp.ctxr,textures/flatlist/_win,eve_cov_burn_ovl_alp.bmp.ctxr,eve_cov_burn_ovl_alp.bmp,ctxr,16704,1a705290efab16c76ca08a927e89c1832dd923e8
textures/flatlist/_win/eve_def_boot.bmp.ctxr,textures/flatlist/_win,eve_def_boot.bmp.ctxr,eve_def_boot.bmp,ctxr,65888,83269b0d7bf00fb16ddc6cbaafbc53623684459d
textures/flatlist/_win/eve_def_boot_crack_ovl_alp.bmp.ctxr,textures/flatlist/_win,eve_def_boot_crack_ovl_alp.bmp.ctxr,eve_def_boot_crack_ovl_alp.bmp,ctxr,16704,eb433ca90f1d20ba1313feca23c4d1396d09f2ea
textures/flatlist/_win/eve_def_bra.bmp.ctxr,textures/flatlist/_win,eve_def_bra.bmp.ctxr,eve_def_bra.bmp,ctxr,27616,c5efe6fc17ef08f850dd9e113fd42d66aefee528
textures/flatlist/_win/eve_def_face_fix_new.bmp.ctxr,textures/flatlist/_win,eve_def_face_fix_new.bmp.ctxr,eve_def_face_fix_new.bmp,ctxr,437280,db6c2229147676b2a79b8e693b39ace66ce9347d
textures/flatlist/_win/eve_def_skin_fix.bmp.ctxr,textures/flatlist/_win,eve_def_skin_fix.bmp.ctxr,eve_def_skin_fix.bmp,ctxr,54976,be79c43279fe0621d5b260d151abc8878e6ccfc1
textures/flatlist/_win/eve_def_watch.bmp.ctxr,textures/flatlist/_win,eve_def_watch.bmp.ctxr,eve_def_watch.bmp,ctxr,7104,fab63d41735c0956fd8ef690469d9148a9a89835
textures/flatlist/_win/eve_def_watch_sub_ovl_alp.bmp.ctxr,textures/flatlist/_win,eve_def_watch_sub_ovl_alp.bmp.ctxr,eve_def_watch_sub_ovl_alp.bmp,ctxr,5280,75e0fd34b5c117914ee3c13403a53aa595400191
textures/flatlist/_win/eve_def_zipper.bmp.ctxr,textures/flatlist/_win,eve_def_zipper.bmp.ctxr,eve_def_zipper.bmp,ctxr,1952,436099a204101a0fca218c0a10581bf9ad3badf9
textures/flatlist/_win/eve_helm_ovl_sub_alp.bmp.ctxr,textures/flatlist/_win,eve_helm_ovl_sub_alp.bmp.ctxr,eve_helm_ovl_sub_alp.bmp,ctxr,4256,3966168794fe86120e9500577e0208085a41de35
textures/flatlist/_win/eve_item_branch.bmp.ctxr,textures/flatlist/_win,eve_item_branch.bmp.ctxr,eve_item_branch.bmp,ctxr,87776,c29f6a90af18863a490186cf7949cac24c680ddb
textures/flatlist/_win/eve_item_glasses_ovl_alp.bmp.ctxr,textures/flatlist/_win,eve_item_glasses_ovl_alp.bmp.ctxr,eve_item_glasses_ovl_alp.bmp,ctxr,3712,4a566e85ba6a4d8db3d92c9a1f9e320cecd37e03
textures/flatlist/_win/eve_item_helmet_ear.bmp.ctxr,textures/flatlist/_win,eve_item_helmet_ear.bmp.ctxr,eve_item_helmet_ear.bmp,ctxr,7104,3b822eb6528e7494a722d59a2543fe1cf5092d98
textures/flatlist/_win/eve_item_helmet_face.bmp.ctxr,textures/flatlist/_win,eve_item_helmet_face.bmp.ctxr,eve_item_helmet_face.bmp,ctxr,19424,4ef614546a70a9dd8fcb9e5907204fc8ede8f03d
textures/flatlist/_win/eve_item_helmet_neck.bmp.ctxr,textures/flatlist/_win,eve_item_helmet_neck.bmp.ctxr,eve_item_helmet_neck.bmp,ctxr,16704,e92b8deaf89a5279aaa5444b076cd130d2dcf95f
textures/flatlist/_win/eve_item_sunglasses_sub_ovl_alp.bmp.ctxr,textures/flatlist/_win,eve_item_sunglasses_sub_ovl_alp.bmp.ctxr,eve_item_sunglasses_sub_ovl_alp.bmp,ctxr,224,3083ec9241d5b3baf39a67402b5a472ae2f0f5f5
textures/flatlist/_win/eve_naked_arm_new.bmp.ctxr,textures/flatlist/_win,eve_naked_arm_new.bmp.ctxr,eve_naked_arm_new.bmp,ctxr,54976,c4f5c923273f94c51f645037a85604da2c4c373f
textures/flatlist/_win/eve_naked_face_fix.bmp.ctxr,textures/flatlist/_win,eve_naked_face_fix.bmp.ctxr,eve_naked_face_fix.bmp,ctxr,437280,d19a0da79677ac59d0b7db96093dbac0fd21f208
textures/flatlist/_win/eve_naked_foot_new.bmp.ctxr,textures/flatlist/_win,eve_naked_foot_new.bmp.ctxr,eve_naked_foot_new.bmp,ctxr,28960,864d68b5a52af4750009e9b47f16624c99674458
textures/flatlist/_win/eve_naked_hand_new.bmp.ctxr,textures/flatlist/_win,eve_naked_hand_new.bmp.ctxr,eve_naked_hand_new.bmp,ctxr,34432,124d78c66b45598842a822fae61685476f59dfec
textures/flatlist/_win/eve_naked_leg_new.bmp.ctxr,textures/flatlist/_win,eve_naked_leg_new.bmp.ctxr,eve_naked_leg_new.bmp,ctxr,54976,14258d149ab998e4caf9c2a1b4acaa8298d65743
textures/flatlist/_win/eve_nhair_top_ovl_alp.bmp.ctxr,textures/flatlist/_win,eve_nhair_top_ovl_alp.bmp.ctxr,eve_nhair_top_ovl_alp.bmp,ctxr,16736,22ed99268722b51d2bb8220dc74902835b1c157f
textures/flatlist/_win/eve_riders_arm.bmp.ctxr,textures/flatlist/_win,eve_riders_arm.bmp.ctxr,eve_riders_arm.bmp,ctxr,54976,3b5993891a2e7dc262b1a1c8acce4832252b9c5d
textures/flatlist/_win/eve_riders_body.bmp.ctxr,textures/flatlist/_win,eve_riders_body.bmp.ctxr,eve_riders_body.bmp,ctxr,172384,49b57051df5860fe6d365d509fce2477907386d8
textures/flatlist/_win/eve_riders_button_ovl_alp.bmp.ctxr,textures/flatlist/_win,eve_riders_button_ovl_alp.bmp.ctxr,eve_riders_button_ovl_alp.bmp,ctxr,4416,37357c4d1e2a293e3fc3bbe5762755b6e23d7e66
textures/flatlist/_win/eve_riders_under_fix.bmp.ctxr,textures/flatlist/_win,eve_riders_under_fix.bmp.ctxr,eve_riders_under_fix.bmp,ctxr,240672,9851acfb9ce5d3406062071bcdeadaff1ff4c14d
textures/flatlist/_win/eve_rider_belt.bmp.ctxr,textures/flatlist/_win,eve_rider_belt.bmp.ctxr,eve_rider_belt.bmp,ctxr,2336,c569574a1c5335acf8dab8cc831d6627f6fd2a2f
textures/flatlist/_win/eve_rider_collar.bmp.ctxr,textures/flatlist/_win,eve_rider_collar.bmp.ctxr,eve_rider_collar.bmp,ctxr,27616,c46cf632041d697043b137faad6915b1273a179b
textures/flatlist/_win/eve_suit_waist.bmp.ctxr,textures/flatlist/_win,eve_suit_waist.bmp.ctxr,eve_suit_waist.bmp,ctxr,78144,37273674b7cfa8502627f22d5dc8f5755b7f7a5e
textures/flatlist/_win/eve_tac_arm_m390.bmp.ctxr,textures/flatlist/_win,eve_tac_arm_m390.bmp.ctxr,eve_tac_arm_m390.bmp,ctxr,54976,6e3d81b43b8ad451dfef2c1ba36f9386941bfdde
textures/flatlist/_win/eve_tac_arm_m390_sub_ovl_alp.bmp.ctxr,textures/flatlist/_win,eve_tac_arm_m390_sub_ovl_alp.bmp.ctxr,eve_tac_arm_m390_sub_ovl_alp.bmp,ctxr,41120,d5592be24e5a61c32abd35852baf90583eb23e62
textures/flatlist/_win/eve_tac_arm_new.bmp.ctxr,textures/flatlist/_win,eve_tac_arm_new.bmp.ctxr,eve_tac_arm_new.bmp,ctxr,54976,68d3e88f609c7983b709c58af58348db096d6eb9
textures/flatlist/_win/eve_tac_body_m390.bmp.ctxr,textures/flatlist/_win,eve_tac_body_m390.bmp.ctxr,eve_tac_body_m390.bmp,ctxr,165536,94f2f0d7842254320c5df0e2c6984cf073007295
textures/flatlist/_win/eve_tac_body_m390_sub_ovl_alp.bmp.ctxr,textures/flatlist/_win,eve_tac_body_m390_sub_ovl_alp.bmp.ctxr,eve_tac_body_m390_sub_ovl_alp.bmp,ctxr,124064,dc2ff8bd63d68a20cf20016371fb8e5db07bd682
textures/flatlist/_win/eve_tac_body_new.bmp.ctxr,textures/flatlist/_win,eve_tac_body_new.bmp.ctxr,eve_tac_body_new.bmp,ctxr,165536,7c5d6113a2d7c4b3f8f13c76f2c04a00a5e29f1a
textures/flatlist/_win/eve_tac_face_fix.bmp.ctxr,textures/flatlist/_win,eve_tac_face_fix.bmp.ctxr,eve_tac_face_fix.bmp,ctxr,437280,37f44a47efd375073af110b132bf9f16ee4d583a
textures/flatlist/_win/eve_tac_face_fix_new.bmp.ctxr,textures/flatlist/_win,eve_tac_face_fix_new.bmp.ctxr,eve_tac_face_fix_new.bmp,ctxr,437280,e767c990473acc08111dbfbaf7d39edc800e08f0
textures/flatlist/_win/eve_tac_face_new.bmp.ctxr,textures/flatlist/_win,eve_tac_face_new.bmp.ctxr,eve_tac_face_new.bmp,ctxr,437280,0186554a546fa180b764e816f1a7b8e9c9bdae7a
textures/flatlist/_win/eve_tac_hair_back_all_ovl_alp.bmp.ctxr,textures/flatlist/_win,eve_tac_hair_back_all_ovl_alp.bmp.ctxr,eve_tac_hair_back_all_ovl_alp.bmp,ctxr,345952,14c899dcaa3d197fe9a32a94a90a3d338f143d40
textures/flatlist/_win/eve_tac_hair_fro_ovl_alp.bmp.ctxr,textures/flatlist/_win,eve_tac_hair_fro_ovl_alp.bmp.ctxr,eve_tac_hair_fro_ovl_alp.bmp,ctxr,33120,6adfa44276c9ddaffcf1d8b075f4bcda52d6a6ea
textures/flatlist/_win/eve_tac_hand_new.bmp.ctxr,textures/flatlist/_win,eve_tac_hand_new.bmp.ctxr,eve_tac_hand_new.bmp,ctxr,34432,f4c936a92b8d62a5555fa54f5c1e0c3b49651ab3
textures/flatlist/_win/eve_tac_hand_new_fix.bmp.ctxr,textures/flatlist/_win,eve_tac_hand_new_fix.bmp.ctxr,eve_tac_hand_new_fix.bmp,ctxr,34432,db818557c85a82f276077b3a31159489516e3438
textures/flatlist/_win/eve_tac_leg_ovl_alp_mod1120_emap.bmp.ctxr,textures/flatlist/_win,eve_tac_leg_ovl_alp_mod1120_emap.bmp.ctxr,eve_tac_leg_ovl_alp_mod1120_emap.bmp,ctxr,2016,008e0cd3230f235e8697fa1bccab9e3f9ec3c54d
textures/flatlist/_win/eve_tac_leg_right_m390.bmp.ctxr,textures/flatlist/_win,eve_tac_leg_right_m390.bmp.ctxr,eve_tac_leg_right_m390.bmp,ctxr,54976,2a90e8c07eaa66f9fd1e30c7a8773469cc6574f5
textures/flatlist/_win/eve_tac_leg_sub_ovl_alp.bmp.ctxr,textures/flatlist/_win,eve_tac_leg_sub_ovl_alp.bmp.ctxr,eve_tac_leg_sub_ovl_alp.bmp,ctxr,224,0fa25ccf6c657d8cce7edc0481829f653a18a137
textures/flatlist/_win/eve_tac_star_ovl_alp.bmp.ctxr,textures/flatlist/_win,eve_tac_star_ovl_alp.bmp.ctxr,eve_tac_star_ovl_alp.bmp,ctxr,16704,82b7ca9ba4825ef3e0c19b293db0a61198818fbf
textures/flatlist/_win/e_akm.bmp.ctxr,textures/flatlist/_win,e_akm.bmp.ctxr,e_akm.bmp,ctxr,10560,75947423dc941ab92f98988093c942787bec252f
textures/flatlist/_win/e_box_a00.bmp.ctxr,textures/flatlist/_win,e_box_a00.bmp.ctxr,e_box_a00.bmp,ctxr,7776,e6c67fb7f1e181354f8c58e90b9b32b48a703b33
textures/flatlist/_win/e_grene-do.bmp.ctxr,textures/flatlist/_win,e_grene-do.bmp.ctxr,e_grene-do.bmp,ctxr,7936,966ca01947ea96df5dd44894d308552235bbe4de
textures/flatlist/_win/e_musenki.bmp.ctxr,textures/flatlist/_win,e_musenki.bmp.ctxr,e_musenki.bmp,ctxr,34432,0ca18b55813b685ba7f7796c50d4f685bde77db2
textures/flatlist/_win/e_musenki_belt.bmp.ctxr,textures/flatlist/_win,e_musenki_belt.bmp.ctxr,e_musenki_belt.bmp,ctxr,8512,7b6b29016db448857498f1bbc131481748bb8b9d
textures/flatlist/_win/e_musenki_p.bmp.ctxr,textures/flatlist/_win,e_musenki_p.bmp.ctxr,e_musenki_p.bmp,ctxr,11392,ce4e3a24bc960746e959a99fecc87efec0b766d7
textures/flatlist/_win/e_rig.bmp.ctxr,textures/flatlist/_win,e_rig.bmp.ctxr,e_rig.bmp,ctxr,14688,d2723f7d22d32cf6c8dae0c64b874c4ef19f89e0
textures/flatlist/_win/e_rigbelt_alp_ovl.bmp.ctxr,textures/flatlist/_win,e_rigbelt_alp_ovl.bmp.ctxr,e_rigbelt_alp_ovl.bmp,ctxr,8512,1a1379102f7a9135c6823ce584f9ddb6662d3c56
textures/flatlist/_win/family_picture_ura_musen.bmp.ctxr,textures/flatlist/_win,family_picture_ura_musen.bmp.ctxr,family_picture_ura_musen.bmp,ctxr,63136,543febd57444b6e66729aa33de4b3b0381b6f3a2
textures/flatlist/_win/feather_par_def_ovl_alp.bmp.ctxr,textures/flatlist/_win,feather_par_def_ovl_alp.bmp.ctxr,feather_par_def_ovl_alp.bmp,ctxr,16000,fa6f13d4de3fc0445c250dd7499960adbf47a11a
textures/flatlist/_win/feather_pca_def_ovl_alp.bmp.ctxr,textures/flatlist/_win,feather_pca_def_ovl_alp.bmp.ctxr,feather_pca_def_ovl_alp.bmp,ctxr,16000,9f7197f9f7f8417e1b95c0d4ed006033fd437a91
textures/flatlist/_win/feather_red_def_ovl_alp.bmp.ctxr,textures/flatlist/_win,feather_red_def_ovl_alp.bmp.ctxr,feather_red_def_ovl_alp.bmp,ctxr,16000,a6ab519bdb42356a1eeaac456273a4c0768500a3
textures/flatlist/_win/feather_rpv_def_ovl_alp.bmp.ctxr,textures/flatlist/_win,feather_rpv_def_ovl_alp.bmp.ctxr,feather_rpv_def_ovl_alp.bmp,ctxr,16000,7a4088b8d9e04d8a4782980a255b4cd27d44a093
textures/flatlist/_win/feather_sdl_def_ovl_alp.bmp.ctxr,textures/flatlist/_win,feather_sdl_def_ovl_alp.bmp.ctxr,feather_sdl_def_ovl_alp.bmp,ctxr,16000,d76c429f165cfd094cf0ac6409703228a33dd44c
textures/flatlist/_win/fea_arm.bmp.ctxr,textures/flatlist/_win,fea_arm.bmp.ctxr,fea_arm.bmp,ctxr,54976,a454e7fdcdd6b1d13984fbabf8d3a6e6932d2b71
textures/flatlist/_win/fea_def_dmo_hand_belt.bmp.ctxr,textures/flatlist/_win,fea_def_dmo_hand_belt.bmp.ctxr,fea_def_dmo_hand_belt.bmp,ctxr,20576,0ed0f36c105e738f2d644fc146ae10a7fd219bd3
textures/flatlist/_win/fea_def_hand_belt_low.bmp.ctxr,textures/flatlist/_win,fea_def_hand_belt_low.bmp.ctxr,fea_def_hand_belt_low.bmp,ctxr,7104,b776777a6c8ad9ec7f07ced888ee68ed2476bb82
textures/flatlist/_win/fea_face_dead.bmp.ctxr,textures/flatlist/_win,fea_face_dead.bmp.ctxr,fea_face_dead.bmp,ctxr,278880,97181998a079f0fc133a2a95d636599cbd599ac2
textures/flatlist/_win/fea_face_fix.bmp_7f1d3c13eea0ad4841af24e2b2561093.ctxr,textures/flatlist/_win,fea_face_fix.bmp_7f1d3c13eea0ad4841af24e2b2561093.ctxr,fea_face_fix.bmp_7f1d3c13eea0ad4841af24e2b2561093,ctxr,278880,1905fed45f1741cdc2fc017d38201e2b1fe3adc5
textures/flatlist/_win/fea_face_ovl_sub_alp.bmp.ctxr,textures/flatlist/_win,fea_face_ovl_sub_alp.bmp.ctxr,fea_face_ovl_sub_alp.bmp,ctxr,1048736,407bae84b6562212c921896d34980b5ffa995778
textures/flatlist/_win/fea_face_ovl_sub_alp.bmp_2e26a714816fa118cc2280e6861df0a0.ctxr,textures/flatlist/_win,fea_face_ovl_sub_alp.bmp_2e26a714816fa118cc2280e6861df0a0.ctxr,fea_face_ovl_sub_alp.bmp_2e26a714816fa118cc2280e6861df0a0,ctxr,209056,9d0baf9e5006c645d06180c3d6b44080b8708f46
textures/flatlist/_win/fea_tongue_ovl_alp_mod1120_emap.bmp.ctxr,textures/flatlist/_win,fea_tongue_ovl_alp_mod1120_emap.bmp.ctxr,fea_tongue_ovl_alp_mod1120_emap.bmp,ctxr,2336,72d424ae768dbd6866b8b51962d18072190fbf00
textures/flatlist/_win/fea_tongue_ovl_sub_alp.bmp.ctxr,textures/flatlist/_win,fea_tongue_ovl_sub_alp.bmp.ctxr,fea_tongue_ovl_sub_alp.bmp,ctxr,32928,c575a7afaf704c393b7cde9b405229ab520ef78b
textures/flatlist/_win/fenjin01.bmp.ctxr,textures/flatlist/_win,fenjin01.bmp.ctxr,fenjin01.bmp,ctxr,699488,e73df94d926d582db15412812a78786a7703b0e0
textures/flatlist/_win/ffender.bmp.ctxr,textures/flatlist/_win,ffender.bmp.ctxr,ffender.bmp,ctxr,23328,63eb8f70d3a865371521440d61dc5f17b4e0e19b
textures/flatlist/_win/fork_b.bmp.ctxr,textures/flatlist/_win,fork_b.bmp.ctxr,fork_b.bmp,ctxr,5376,4bd76d689d8a706dcc33397f9cc631ea99cc7835
textures/flatlist/_win/fowgia01.bmp.ctxr,textures/flatlist/_win,fowgia01.bmp.ctxr,fowgia01.bmp,ctxr,54976,e8951e17aa01201f56d03867461475c06e67b9c7
textures/flatlist/_win/fowgia03.bmp.ctxr,textures/flatlist/_win,fowgia03.bmp.ctxr,fowgia03.bmp,ctxr,9504,53091db1d36c0cc9a45a397a52b671b6dd7cca2c
textures/flatlist/_win/frame_a.bmp.ctxr,textures/flatlist/_win,frame_a.bmp.ctxr,frame_a.bmp,ctxr,15616,8f85eff591c6d422048234784ea5558d01606676
textures/flatlist/_win/fsh_lod.bmp.ctxr,textures/flatlist/_win,fsh_lod.bmp.ctxr,fsh_lod.bmp,ctxr,57920,138d634cdd9690a6c98e6babef72e774b4c02f58
textures/flatlist/_win/fsh_mid_hi.bmp.ctxr,textures/flatlist/_win,fsh_mid_hi.bmp.ctxr,fsh_mid_hi.bmp,ctxr,71360,a796c2862496600fb77d70e83a13d88209687e7e
textures/flatlist/_win/fsh_mid_hi_ovl_sub_alp.bmp.ctxr,textures/flatlist/_win,fsh_mid_hi_ovl_sub_alp.bmp.ctxr,fsh_mid_hi_ovl_sub_alp.bmp,ctxr,53408,92fe2b803b85764785045ee2bb22c2f251a2f2df
textures/flatlist/_win/fsh_mid_kizu.bmp.ctxr,textures/flatlist/_win,fsh_mid_kizu.bmp.ctxr,fsh_mid_kizu.bmp,ctxr,54080,3a5fa09e3ea753f0df89994c1534d324f6a671e5
textures/flatlist/_win/fsh_mid_kizu_ovl_sub_alp.bmp.ctxr,textures/flatlist/_win,fsh_mid_kizu_ovl_sub_alp.bmp.ctxr,fsh_mid_kizu_ovl_sub_alp.bmp,ctxr,40480,122d1b0fc28934a88c7fb0aac7b3d93c2ed9c5b3
textures/flatlist/_win/fury_def_gun.bmp.ctxr,textures/flatlist/_win,fury_def_gun.bmp.ctxr,fury_def_gun.bmp,ctxr,54976,6b53c38be7ffdf681df68d838effe58e36895f98
textures/flatlist/_win/fury_def_gun_ovl_sub_alp.bmp.ctxr,textures/flatlist/_win,fury_def_gun_ovl_sub_alp.bmp.ctxr,fury_def_gun_ovl_sub_alp.bmp,ctxr,41120,d598f6c68080ae8613b2a2cc6cb44e0890b51079
textures/flatlist/_win/fur_arm_belt_ovl_alp.bmp.ctxr,textures/flatlist/_win,fur_arm_belt_ovl_alp.bmp.ctxr,fur_arm_belt_ovl_alp.bmp,ctxr,4704,ab85feea71e4d6de3d6a02d075bee53a9ef2a819
textures/flatlist/_win/fur_atouchi_pipe.bmp.ctxr,textures/flatlist/_win,fur_atouchi_pipe.bmp.ctxr,fur_atouchi_pipe.bmp,ctxr,8512,37babecdf0dc72293c72dc620cf5a3c34a46c33e
textures/flatlist/_win/fur_comp_pipe_ovl_alp.bmp.ctxr,textures/flatlist/_win,fur_comp_pipe_ovl_alp.bmp.ctxr,fur_comp_pipe_ovl_alp.bmp,ctxr,20768,4b67072e5593a0e95d8a186116e97a4b7cf85325
textures/flatlist/_win/fur_damage_body_ovl_sub_alp.bmp.ctxr,textures/flatlist/_win,fur_damage_body_ovl_sub_alp.bmp.ctxr,fur_damage_body_ovl_sub_alp.bmp,ctxr,262304,6abfe55b3bdce3db4c6ee4bc38612757911f941c
textures/flatlist/_win/fur_damage_mask_ovl_sub_alp.bmp.ctxr,textures/flatlist/_win,fur_damage_mask_ovl_sub_alp.bmp.ctxr,fur_damage_mask_ovl_sub_alp.bmp,ctxr,65696,c3e5ba299190748f774e972111be2a74184a4236
textures/flatlist/_win/fur_damage_met_display_ovl_alp.bmp.ctxr,textures/flatlist/_win,fur_damage_met_display_ovl_alp.bmp.ctxr,fur_damage_met_display_ovl_alp.bmp,ctxr,27616,8cdae912edd105d088d68a679befeae1aff0a926
textures/flatlist/_win/fur_damage_met_koge_ovl_alp.bmp.ctxr,textures/flatlist/_win,fur_damage_met_koge_ovl_alp.bmp.ctxr,fur_damage_met_koge_ovl_alp.bmp,ctxr,131424,7dddbc5f40919b0132195d52beaa8ddc42dff2e0
textures/flatlist/_win/fur_damage_met_koge_sub_ovl_alp.bmp.ctxr,textures/flatlist/_win,fur_damage_met_koge_sub_ovl_alp.bmp.ctxr,fur_damage_met_koge_sub_ovl_alp.bmp,ctxr,98464,c983cb1d6ea1459356b060c4c9fba798543fa29f
textures/flatlist/_win/fur_damage_met_metal.bmp.ctxr,textures/flatlist/_win,fur_damage_met_metal.bmp.ctxr,fur_damage_met_metal.bmp,ctxr,28000,fcffbf2610f29ce8b4fa412177e01e5428629beb
textures/flatlist/_win/fur_damage_met_metal_ovl_sub_alp.bmp.ctxr,textures/flatlist/_win,fur_damage_met_metal_ovl_sub_alp.bmp.ctxr,fur_damage_met_metal_ovl_sub_alp.bmp,ctxr,25760,007d09c4f96c7c390e0f58ff33fb6856ab2a8972
textures/flatlist/_win/fur_def_body_ovl_sub_alp.bmp.ctxr,textures/flatlist/_win,fur_def_body_ovl_sub_alp.bmp.ctxr,fur_def_body_ovl_sub_alp.bmp,ctxr,262304,2c8088e05c2448d21ec974f1910cf07b00bbc437
textures/flatlist/_win/fur_def_hand_ovl_sub_alp.bmp.ctxr,textures/flatlist/_win,fur_def_hand_ovl_sub_alp.bmp.ctxr,fur_def_hand_ovl_sub_alp.bmp,ctxr,65696,d042f6c71a256a798deabdb1f987688ab3881e18
textures/flatlist/_win/fur_def_met_displayside_ovl_alp.bmp.ctxr,textures/flatlist/_win,fur_def_met_displayside_ovl_alp.bmp.ctxr,fur_def_met_displayside_ovl_alp.bmp,ctxr,5632,5e594ff82a3d565dbe9660e4185f7cc794768244
textures/flatlist/_win/fur_def_met_display_ovl_alp.bmp.ctxr,textures/flatlist/_win,fur_def_met_display_ovl_alp.bmp.ctxr,fur_def_met_display_ovl_alp.bmp,ctxr,27616,a8bb4e8ec0a0ec9e47e55b7d246910798396bcfe
textures/flatlist/_win/fur_def_met_display_ovl_alp.bmp_d26cd6082b60e4c7e4fdfa55632ea7cb.ctxr,textures/flatlist/_win,fur_def_met_display_ovl_alp.bmp_d26cd6082b60e4c7e4fdfa55632ea7cb.ctxr,fur_def_met_display_ovl_alp.bmp_d26cd6082b60e4c7e4fdfa55632ea7cb,ctxr,27616,71de3cd68730c9b39fc9d1437da35b291c39f3da
textures/flatlist/_win/fur_def_met_ovl_sub_alp.bmp.ctxr,textures/flatlist/_win,fur_def_met_ovl_sub_alp.bmp.ctxr,fur_def_met_ovl_sub_alp.bmp,ctxr,131232,12b099df989ded2e044ca27c141d489a39d35563
textures/flatlist/_win/fur_def_tank_display_ovl_alp.bmp.ctxr,textures/flatlist/_win,fur_def_tank_display_ovl_alp.bmp.ctxr,fur_def_tank_display_ovl_alp.bmp,ctxr,13984,58e1713d4fe52876ae7048935f4b41da4914de4f
textures/flatlist/_win/fur_face.bmp.ctxr,textures/flatlist/_win,fur_face.bmp.ctxr,fur_face.bmp,ctxr,68608,124088997522a6e4544c63d81dae734a7de60e4c
textures/flatlist/_win/fur_face_damege.bmp.ctxr,textures/flatlist/_win,fur_face_damege.bmp.ctxr,fur_face_damege.bmp,ctxr,68608,bb50a3ee250d758c9e19d5c516bcb95545177396
textures/flatlist/_win/fur_foot_marking_ovl_alp.bmp.ctxr,textures/flatlist/_win,fur_foot_marking_ovl_alp.bmp.ctxr,fur_foot_marking_ovl_alp.bmp,ctxr,8480,2852823b93c5a6d89764f6710b95229e1b5c9d1e
textures/flatlist/_win/fur_glip.bmp.ctxr,textures/flatlist/_win,fur_glip.bmp.ctxr,fur_glip.bmp,ctxr,17376,2b5bd99b88579e360499d95f18126aebded655a2
textures/flatlist/_win/fur_grass_ovl_sub_alp.bmp.ctxr,textures/flatlist/_win,fur_grass_ovl_sub_alp.bmp.ctxr,fur_grass_ovl_sub_alp.bmp,ctxr,4256,cae352b38a291b498b9d0473f4737bd6d9f5b159
textures/flatlist/_win/fur_jet_rock_ovl_alp.bmp.ctxr,textures/flatlist/_win,fur_jet_rock_ovl_alp.bmp.ctxr,fur_jet_rock_ovl_alp.bmp,ctxr,2336,cee0627b58a61c069ccad6641ed108102cc163c4
textures/flatlist/_win/fur_nosle.bmp.ctxr,textures/flatlist/_win,fur_nosle.bmp.ctxr,fur_nosle.bmp,ctxr,29696,e8959847a6e9db82cd460f7cced423f585f037e9
textures/flatlist/_win/fur_nosle.bmp_a54a906e32934f75db0ad015e52da6cb.ctxr,textures/flatlist/_win,fur_nosle.bmp_a54a906e32934f75db0ad015e52da6cb.ctxr,fur_nosle.bmp_a54a906e32934f75db0ad015e52da6cb,ctxr,29696,22d78f899aa07cfe64323c738c5ab6a95d6195e1
textures/flatlist/_win/fur_nosle_ovl_sub_alp.bmp.ctxr,textures/flatlist/_win,fur_nosle_ovl_sub_alp.bmp.ctxr,fur_nosle_ovl_sub_alp.bmp,ctxr,22240,2ab4001f97b3c1d0fa185de68c4682c5a5962664
textures/flatlist/_win/fur_reduct_body_ovl_sub_alp.bmp.ctxr,textures/flatlist/_win,fur_reduct_body_ovl_sub_alp.bmp.ctxr,fur_reduct_body_ovl_sub_alp.bmp,ctxr,262304,de4db151d651b45ea850dded9a0833017416d3a5
textures/flatlist/_win/fur_tank_ovl_sub_alp.bmp.ctxr,textures/flatlist/_win,fur_tank_ovl_sub_alp.bmp.ctxr,fur_tank_ovl_sub_alp.bmp,ctxr,131232,51b0e89fa90a3ba84a62ddc4e3b414b92b123607
textures/flatlist/_win/fur_tank_ovl_sub_alp.bmp_e5ad86817a7f99e1a232b23b41b84303.ctxr,textures/flatlist/_win,fur_tank_ovl_sub_alp.bmp_e5ad86817a7f99e1a232b23b41b84303.ctxr,fur_tank_ovl_sub_alp.bmp_e5ad86817a7f99e1a232b23b41b84303,ctxr,131232,48a2550321b2ffa5ba5eb5d57a37a59994669136
textures/flatlist/_win/f_forkudw.bmp.ctxr,textures/flatlist/_win,f_forkudw.bmp.ctxr,f_forkudw.bmp,ctxr,11040,d107afa1d4cef79fa2aa3968ffe01768ccd0cfa1
textures/flatlist/_win/f_forkudw.bmp_32dda6679d9ebf89b7310f4af39c1611.ctxr,textures/flatlist/_win,f_forkudw.bmp_32dda6679d9ebf89b7310f4af39c1611.ctxr,f_forkudw.bmp_32dda6679d9ebf89b7310f4af39c1611,ctxr,11040,c074962eedfd69ded904a9da55a94af33eee5f3c
textures/flatlist/_win/f_forkumt.bmp.ctxr,textures/flatlist/_win,f_forkumt.bmp.ctxr,f_forkumt.bmp,ctxr,2560,37a65df044dec94c27f01f900387d18a5e2ba816
textures/flatlist/_win/f_forkumt.bmp_df4a982ec6180ead02904e2e51bc5224.ctxr,textures/flatlist/_win,f_forkumt.bmp_df4a982ec6180ead02904e2e51bc5224.ctxr,f_forkumt.bmp_df4a982ec6180ead02904e2e51bc5224,ctxr,2560,1ea093ba906e0e682e68b67c38181839ce63070b
textures/flatlist/_win/f_forkuup.bmp_cb19d7bdf3c161b74d00f582dbd6cae6.ctxr,textures/flatlist/_win,f_forkuup.bmp_cb19d7bdf3c161b74d00f582dbd6cae6.ctxr,f_forkuup.bmp_cb19d7bdf3c161b74d00f582dbd6cae6,ctxr,19904,5cf11d4d41aaca5d0ef8c6d5fd72a1c20b418d11
textures/flatlist/_win/f_fream.bmp.ctxr,textures/flatlist/_win,f_fream.bmp.ctxr,f_fream.bmp,ctxr,36192,f0c9ba6c24b33f84f679b73499e6457c0c4e8594
textures/flatlist/_win/f_fream.bmp_3fe169c6c0ea911c14fc8cea09e359bc.ctxr,textures/flatlist/_win,f_fream.bmp_3fe169c6c0ea911c14fc8cea09e359bc.ctxr,f_fream.bmp_3fe169c6c0ea911c14fc8cea09e359bc,ctxr,9280,ddb485f77a90b7cc7cae97d3fc09e9067bd85635
textures/flatlist/_win/gave_cus_barrel.bmp.ctxr,textures/flatlist/_win,gave_cus_barrel.bmp.ctxr,gave_cus_barrel.bmp,ctxr,3744,af5b94676e75cfc4c24110585a2c229ff3f9ba62
textures/flatlist/_win/gave_cus_marker_ovl_alpx2.trans.bmp.ctxr,textures/flatlist/_win,gave_cus_marker_ovl_alpx2.trans.bmp.ctxr,gave_cus_marker_ovl_alpx2.trans.bmp,ctxr,1632,0611233c98025c0279ab2efa81715c1b6910a65c
textures/flatlist/_win/gave_cus_slide.bmp.ctxr,textures/flatlist/_win,gave_cus_slide.bmp.ctxr,gave_cus_slide.bmp,ctxr,48128,b85e403e057a13e172b3d1e33576b7b4b78a9086
textures/flatlist/_win/gave_slide_sub_alp_ovl.bmp.ctxr,textures/flatlist/_win,gave_slide_sub_alp_ovl.bmp.ctxr,gave_slide_sub_alp_ovl.bmp,ctxr,1184,0356c84f9ecb949692be07ac85421f1cdb729491
textures/flatlist/_win/gavial_cap_ovl_sub_alp.bmp.ctxr,textures/flatlist/_win,gavial_cap_ovl_sub_alp.bmp.ctxr,gavial_cap_ovl_sub_alp.bmp,ctxr,118944,2f0030150d13c8190720110b5aa1c8bbda80d4e3
textures/flatlist/_win/gavial_eye_ovl_sub_alp.bmp.ctxr,textures/flatlist/_win,gavial_eye_ovl_sub_alp.bmp.ctxr,gavial_eye_ovl_sub_alp.bmp,ctxr,16544,44dcbd082bfd5b998c31f26f758dbc1ff178e150
textures/flatlist/_win/gav_sebire_ovl_alp.bmp.ctxr,textures/flatlist/_win,gav_sebire_ovl_alp.bmp.ctxr,gav_sebire_ovl_alp.bmp,ctxr,33152,80209e5efe3a95164c21dec4bb776bbf1cc510a6
textures/flatlist/_win/ggbrk_fl_breakb_rep.bmp.ctxr,textures/flatlist/_win,ggbrk_fl_breakb_rep.bmp.ctxr,ggbrk_fl_breakb_rep.bmp,ctxr,175168,23d050b452a5d308a56db2c157f0793459eda607
textures/flatlist/_win/gg_door02.bmp.ctxr,textures/flatlist/_win,gg_door02.bmp.ctxr,gg_door02.bmp,ctxr,175168,a2639b69e64440eb3c20932ba50d7970742e3e79
textures/flatlist/_win/gg_door02a.bmp.ctxr,textures/flatlist/_win,gg_door02a.bmp.ctxr,gg_door02a.bmp,ctxr,10560,721f679ab7c4bf8fc2946b9acd247507af0ffc21
textures/flatlist/_win/gg_door02b.bmp.ctxr,textures/flatlist/_win,gg_door02b.bmp.ctxr,gg_door02b.bmp,ctxr,6464,3288228e46e1204669a43e9b9a1136f3fcf5029a
textures/flatlist/_win/gg_door02_16s.bmp.ctxr,textures/flatlist/_win,gg_door02_16s.bmp.ctxr,gg_door02_16s.bmp,ctxr,8480,14751e321aa74534fac7afac53ae571a6783c129
textures/flatlist/_win/gg_dp00.bmp.ctxr,textures/flatlist/_win,gg_dp00.bmp.ctxr,gg_dp00.bmp,ctxr,8480,ddf83c8ce3ab12fc051d61889b87021794696374
textures/flatlist/_win/gg_dp00b.bmp.ctxr,textures/flatlist/_win,gg_dp00b.bmp.ctxr,gg_dp00b.bmp,ctxr,14624,da00b0b86ea1eadb82093742afdbec6375c74ef2
textures/flatlist/_win/gg_s111a_cor_light_04_alp_ovl.bmp.ctxr,textures/flatlist/_win,gg_s111a_cor_light_04_alp_ovl.bmp.ctxr,gg_s111a_cor_light_04_alp_ovl.bmp,ctxr,6432,84e1244e21950e9050a7afcf3d974f74d480417c
textures/flatlist/_win/glass_blend_ovl_sub_alp.bmp.ctxr,textures/flatlist/_win,glass_blend_ovl_sub_alp.bmp.ctxr,glass_blend_ovl_sub_alp.bmp,ctxr,16544,e7e2e7659901e22c56ed71987dd644f3b366dd02
textures/flatlist/_win/goma_ovl_sub_alp.bmp.ctxr,textures/flatlist/_win,goma_ovl_sub_alp.bmp.ctxr,goma_ovl_sub_alp.bmp,ctxr,16544,514b30ead7adaa752fd1a3c0a7402c41076cc6e3
textures/flatlist/_win/goma_ovl_sub_alp.bmp_6c0bee53dcf9d26f541248993515104d.ctxr,textures/flatlist/_win,goma_ovl_sub_alp.bmp_6c0bee53dcf9d26f541248993515104d.ctxr,goma_ovl_sub_alp.bmp_6c0bee53dcf9d26f541248993515104d,ctxr,4256,7e42fcd2a1e60149226f44f593bd428d7a031429
textures/flatlist/_win/gpi_arm_def.bmp.ctxr,textures/flatlist/_win,gpi_arm_def.bmp.ctxr,gpi_arm_def.bmp,ctxr,54976,8db85cc918117edf71088a68562de450d6e2f65a
textures/flatlist/_win/gpi_haira.bmp.ctxr,textures/flatlist/_win,gpi_haira.bmp.ctxr,gpi_haira.bmp,ctxr,16704,8d9cda70c501f88c20f1670b46d32cc9fff0a266
textures/flatlist/_win/gpi_hairb.bmp.ctxr,textures/flatlist/_win,gpi_hairb.bmp.ctxr,gpi_hairb.bmp,ctxr,16704,6927246b1b2b0f223bc8d368d72f7222be73c876
textures/flatlist/_win/gpi_hpline_ovl__alp.bmp.ctxr,textures/flatlist/_win,gpi_hpline_ovl__alp.bmp.ctxr,gpi_hpline_ovl__alp.bmp,ctxr,8512,81df136891b15b36592b229a5173a0a32f8e0b7d
textures/flatlist/_win/gps_def_body.bmp.ctxr,textures/flatlist/_win,gps_def_body.bmp.ctxr,gps_def_body.bmp,ctxr,55008,a3bc1e792c20593f1a934f10115edb03f0c46b02
textures/flatlist/_win/gps_def_mouth.bmp.ctxr,textures/flatlist/_win,gps_def_mouth.bmp.ctxr,gps_def_mouth.bmp,ctxr,7104,3bd872de0636bbc0584f4b73b0b386f7c9e06fa7
textures/flatlist/_win/gra_dead_face.bmp.ctxr,textures/flatlist/_win,gra_dead_face.bmp.ctxr,gra_dead_face.bmp,ctxr,2796672,478506b198e7164068127958fd9ee327368bf5c0
textures/flatlist/_win/gra_dead_face_ovl_mod1120_alp_emap.bmp.ctxr,textures/flatlist/_win,gra_dead_face_ovl_mod1120_alp_emap.bmp.ctxr,gra_dead_face_ovl_mod1120_alp_emap.bmp,ctxr,4032,333890579eb9f77674d1295484d17e5ad24f72c8
textures/flatlist/_win/gra_dead_face_sub_ovl_alp.bmp.ctxr,textures/flatlist/_win,gra_dead_face_sub_ovl_alp.bmp.ctxr,gra_dead_face_sub_ovl_alp.bmp,ctxr,281760,9f5b30489ead7b709670c408ea6dc1f788b2ec65
textures/flatlist/_win/gra_dead_foot_s2cap_sub_ovl_alp.bmp.ctxr,textures/flatlist/_win,gra_dead_foot_s2cap_sub_ovl_alp.bmp.ctxr,gra_dead_foot_s2cap_sub_ovl_alp.bmp,ctxr,16544,6360048c1946f3bf218f9c8a66ed3d9acdcb47da
textures/flatlist/_win/gra_dead_foot_s2_sub_ovl_alp.bmp.ctxr,textures/flatlist/_win,gra_dead_foot_s2_sub_ovl_alp.bmp.ctxr,gra_dead_foot_s2_sub_ovl_alp.bmp,ctxr,16544,196a57c1692f4d4073d8cdffcdb9333302cc49ee
textures/flatlist/_win/gra_dead_foot_s_ovl_sub_alp.bmp.ctxr,textures/flatlist/_win,gra_dead_foot_s_ovl_sub_alp.bmp.ctxr,gra_dead_foot_s_ovl_sub_alp.bmp,ctxr,37024,9bf1aa6de11c16c98b10862cb1f71c6ec117073e
textures/flatlist/_win/gra_dead_hair_ovl_alp.bmp.ctxr,textures/flatlist/_win,gra_dead_hair_ovl_alp.bmp.ctxr,gra_dead_hair_ovl_alp.bmp,ctxr,54976,770cad0304231722ca021c6c46c9713a5fb540e9
textures/flatlist/_win/gra_dead_hasshinki_sub_ovl_alp.bmp.ctxr,textures/flatlist/_win,gra_dead_hasshinki_sub_ovl_alp.bmp.ctxr,gra_dead_hasshinki_sub_ovl_alp.bmp,ctxr,12704,3af4e0f97c6f645cba5a2a7cc75ebcfb6254e934
textures/flatlist/_win/gra_dead_medal_a_sub_ovl_alp.bmp.ctxr,textures/flatlist/_win,gra_dead_medal_a_sub_ovl_alp.bmp.ctxr,gra_dead_medal_a_sub_ovl_alp.bmp,ctxr,4256,1401346f47150f0cae1abf0b733d9b0bf250bbbf
textures/flatlist/_win/gra_dead_medal_b_sub_ovl_alp.bmp.ctxr,textures/flatlist/_win,gra_dead_medal_b_sub_ovl_alp.bmp.ctxr,gra_dead_medal_b_sub_ovl_alp.bmp,ctxr,4256,4ab0e1f5b72a3bb28560b31221286c3733736470
textures/flatlist/_win/gra_dead_medal_c_sub_ovl_alp.bmp.ctxr,textures/flatlist/_win,gra_dead_medal_c_sub_ovl_alp.bmp.ctxr,gra_dead_medal_c_sub_ovl_alp.bmp,ctxr,1184,b2d5cdb35f36056b666df29ba43e8c8d7b732759
textures/flatlist/_win/gra_dead_medal_rening_ovl_sub_alp.bmp.ctxr,textures/flatlist/_win,gra_dead_medal_rening_ovl_sub_alp.bmp.ctxr,gra_dead_medal_rening_ovl_sub_alp.bmp,ctxr,17568,8d23d07f285c3b2d064fa7c31bf25a19d68c4dcd
textures/flatlist/_win/gra_def_face.bmp.ctxr,textures/flatlist/_win,gra_def_face.bmp.ctxr,gra_def_face.bmp,ctxr,2796672,fa7605b73d5fc5c0b3841c2b251508232da783ca
textures/flatlist/_win/gra_def_face_ovl_mod1120_alp_emap.bmp.ctxr,textures/flatlist/_win,gra_def_face_ovl_mod1120_alp_emap.bmp.ctxr,gra_def_face_ovl_mod1120_alp_emap.bmp,ctxr,4032,9216ef7f76c72d68107535f95281b33c7f497d67
textures/flatlist/_win/gra_def_face_sub_ovl_alp.bmp.ctxr,textures/flatlist/_win,gra_def_face_sub_ovl_alp.bmp.ctxr,gra_def_face_sub_ovl_alp.bmp,ctxr,281760,26ad4d6b5a0c926d35fe93520e562c0bb2856ad1
textures/flatlist/_win/gra_def_foot_s_ovl_sub_alp.bmp.ctxr,textures/flatlist/_win,gra_def_foot_s_ovl_sub_alp.bmp.ctxr,gra_def_foot_s_ovl_sub_alp.bmp,ctxr,37024,e48c97c44e58a144ba60e2d68881eeb9a70cfb8f
textures/flatlist/_win/gra_def_liquor_sub_ovl_alp.bmp.ctxr,textures/flatlist/_win,gra_def_liquor_sub_ovl_alp.bmp.ctxr,gra_def_liquor_sub_ovl_alp.bmp,ctxr,48544,1d3350b331d872be40da787d86396718cf33b8eb
textures/flatlist/_win/gra_def_medal_a_sub_ovl_alp.bmp.ctxr,textures/flatlist/_win,gra_def_medal_a_sub_ovl_alp.bmp.ctxr,gra_def_medal_a_sub_ovl_alp.bmp,ctxr,4256,628767c1294a00fd1a296fbaf37303b79e8a46f9
textures/flatlist/_win/gra_def_medal_b_sub_ovl_alp.bmp.ctxr,textures/flatlist/_win,gra_def_medal_b_sub_ovl_alp.bmp.ctxr,gra_def_medal_b_sub_ovl_alp.bmp,ctxr,4256,6e19319dd52bc016617128512e88eddd20745906
textures/flatlist/_win/gra_def_medal_c_sub_ovl_alp.bmp.ctxr,textures/flatlist/_win,gra_def_medal_c_sub_ovl_alp.bmp.ctxr,gra_def_medal_c_sub_ovl_alp.bmp,ctxr,1184,5ee7ad27128eb4f763ddaaef71ef229b1f568eab
textures/flatlist/_win/gra_def_medal_rening_ovl_sub_alp.bmp.ctxr,textures/flatlist/_win,gra_def_medal_rening_ovl_sub_alp.bmp.ctxr,gra_def_medal_rening_ovl_sub_alp.bmp,ctxr,17568,1502b8c3a7b8d65974861ee4ad05c54747348f89
textures/flatlist/_win/grchaira_front00.bmp.ctxr,textures/flatlist/_win,grchaira_front00.bmp.ctxr,grchaira_front00.bmp,ctxr,27616,7fd8ac6306e8e57d5a91ae2f992646722f6cf537
textures/flatlist/_win/grchaira_pillar_under.bmp.ctxr,textures/flatlist/_win,grchaira_pillar_under.bmp.ctxr,grchaira_pillar_under.bmp,ctxr,5760,45784b5e20459b9560000e4344f29707f3535b76
textures/flatlist/_win/handlebase.bmp_91f9901ab0bee39b9e76101e367cbb62.ctxr,textures/flatlist/_win,handlebase.bmp_91f9901ab0bee39b9e76101e367cbb62.ctxr,handlebase.bmp_91f9901ab0bee39b9e76101e367cbb62,ctxr,13344,69ea41c92a3a93479bea730b069303d431388fd2
textures/flatlist/_win/handleber.bmp_5c0febfdbc37a09a6e78c506ff497cef.ctxr,textures/flatlist/_win,handleber.bmp_5c0febfdbc37a09a6e78c506ff497cef.ctxr,handleber.bmp_5c0febfdbc37a09a6e78c506ff497cef,ctxr,34336,5002f16193055cc1e31a4834a9402c4819e7e2e7
textures/flatlist/_win/handlegrip.bmp_eceebf431d0daca71b77825876d8dd4e.ctxr,textures/flatlist/_win,handlegrip.bmp_eceebf431d0daca71b77825876d8dd4e.ctxr,handlegrip.bmp_eceebf431d0daca71b77825876d8dd4e,ctxr,11936,c317c386413b9c82793c16ac7c080c074892c776
textures/flatlist/_win/hangar_01_alp_ovl.bmp.ctxr,textures/flatlist/_win,hangar_01_alp_ovl.bmp.ctxr,hangar_01_alp_ovl.bmp,ctxr,79520,70a8b7cb5fc0a1f898560763e2f8aa522b4c781e
textures/flatlist/_win/hangar_01_alp_ovl.bmp_78b704351e0734badfe71b7a7ee5fb0e.ctxr,textures/flatlist/_win,hangar_01_alp_ovl.bmp_78b704351e0734badfe71b7a7ee5fb0e.ctxr,hangar_01_alp_ovl.bmp_78b704351e0734badfe71b7a7ee5fb0e,ctxr,33088,5552cffd6fe8eb68bdea8105333bbe1c559d9895
textures/flatlist/_win/hangar_10.bmp.ctxr,textures/flatlist/_win,hangar_10.bmp.ctxr,hangar_10.bmp,ctxr,16736,c40267953b637dfc801860b0326a0efe48501eee
textures/flatlist/_win/hangar_11_alp_ovl.bmp.ctxr,textures/flatlist/_win,hangar_11_alp_ovl.bmp.ctxr,hangar_11_alp_ovl.bmp,ctxr,4384,2dc8486413819a6dd49ae5735998f7a2c4c19fd3
textures/flatlist/_win/hangar_11_alp_ovl.bmp_ac78870f5f54690e3545d687e8624a81.ctxr,textures/flatlist/_win,hangar_11_alp_ovl.bmp_ac78870f5f54690e3545d687e8624a81.ctxr,hangar_11_alp_ovl.bmp_ac78870f5f54690e3545d687e8624a81,ctxr,16704,9af9b1784d073769f52166423eca9e7ff14b0ab5
textures/flatlist/_win/hangar_11_alp_ovl.bmp_d6929f48bfb42343d0f6b7a1cd82dd11.ctxr,textures/flatlist/_win,hangar_11_alp_ovl.bmp_d6929f48bfb42343d0f6b7a1cd82dd11.ctxr,hangar_11_alp_ovl.bmp_d6929f48bfb42343d0f6b7a1cd82dd11,ctxr,16704,f11db87201847212b470b9a3496f9a7e6daa5cca
textures/flatlist/_win/hbiyoku.bmp.ctxr,textures/flatlist/_win,hbiyoku.bmp.ctxr,hbiyoku.bmp,ctxr,699488,7a313f4d52e458c6b1494f9c53239b6f80518fcc
textures/flatlist/_win/headlight01.bmp.ctxr,textures/flatlist/_win,headlight01.bmp.ctxr,headlight01.bmp,ctxr,10592,7fe0e3b452a2680346c91466c476dbfb4b94d6a2
textures/flatlist/_win/headlight01.bmp_3f71089514066febb2528a04693afdd4.ctxr,textures/flatlist/_win,headlight01.bmp_3f71089514066febb2528a04693afdd4.ctxr,headlight01.bmp_3f71089514066febb2528a04693afdd4,ctxr,10592,e38379a6e453d0b411a0080dbd6489ecc8366be7
textures/flatlist/_win/headlight02.bmp_9d4387e9e7560783ebc97fb3df42a73e.ctxr,textures/flatlist/_win,headlight02.bmp_9d4387e9e7560783ebc97fb3df42a73e.ctxr,headlight02.bmp_9d4387e9e7560783ebc97fb3df42a73e,ctxr,25056,573bef88094288b47bc09b8f7465228429252b76
textures/flatlist/_win/headlight03.bmp.ctxr,textures/flatlist/_win,headlight03.bmp.ctxr,headlight03.bmp,ctxr,2368,dfcb44c3da811e7ac19c6c763a5c15344b51ad9a
textures/flatlist/_win/headlight03.bmp_1d9b104ef103365a635c3eaefe51fa26.ctxr,textures/flatlist/_win,headlight03.bmp_1d9b104ef103365a635c3eaefe51fa26.ctxr,headlight03.bmp_1d9b104ef103365a635c3eaefe51fa26,ctxr,2368,ebfa14c5e7eb6d0e5a85aaf7c39a42c6351b401a
textures/flatlist/_win/headtomegane.bmp_a22fd780fe9526db2efff5d30f8febef.ctxr,textures/flatlist/_win,headtomegane.bmp_a22fd780fe9526db2efff5d30f8febef.ctxr,headtomegane.bmp_a22fd780fe9526db2efff5d30f8febef,ctxr,4384,07ba45ab563643951ece12421f216c0efb9ed8ca
textures/flatlist/_win/hind_02_num_b_alp_ovl.bmp.ctxr,textures/flatlist/_win,hind_02_num_b_alp_ovl.bmp.ctxr,hind_02_num_b_alp_ovl.bmp,ctxr,1792,f60302c0211e20ff1c9403b59715f6ffcd6b86e6
textures/flatlist/_win/hind_2ndpro_n.bmp.ctxr,textures/flatlist/_win,hind_2ndpro_n.bmp.ctxr,hind_2ndpro_n.bmp,ctxr,6464,fd00485d1aba89c152fb82532301a1f8bad3777c
textures/flatlist/_win/hind_body_b.bmp.ctxr,textures/flatlist/_win,hind_body_b.bmp.ctxr,hind_body_b.bmp,ctxr,393600,8b2cbce209be5a2ad27a611a3810fae89996646d
textures/flatlist/_win/hind_body_bpr.bmp.ctxr,textures/flatlist/_win,hind_body_bpr.bmp.ctxr,hind_body_bpr.bmp,ctxr,1824,1db129a3cefa47a8dd1a28b06c504edd66ee5dbe
textures/flatlist/_win/hind_body_cut.bmp.ctxr,textures/flatlist/_win,hind_body_cut.bmp.ctxr,hind_body_cut.bmp,ctxr,736,87df4d89857b14ae343081a5e5217763ced3d4a5
textures/flatlist/_win/hind_body_cut.bmp_d0fa5e59f25b19d7dfeb466e95362c05.ctxr,textures/flatlist/_win,hind_body_cut.bmp_d0fa5e59f25b19d7dfeb466e95362c05.ctxr,hind_body_cut.bmp_d0fa5e59f25b19d7dfeb466e95362c05,ctxr,1952,7c9f459b74e438e5903761b9d96656400cfbdae8
textures/flatlist/_win/hind_body_doora.bmp.ctxr,textures/flatlist/_win,hind_body_doora.bmp.ctxr,hind_body_doora.bmp,ctxr,2624,1720c168d008199e3175cb69a803ff9d33efcb20
textures/flatlist/_win/hind_body_doora.bmp_c2d7d0721495ebdda29e187f394e7360.ctxr,textures/flatlist/_win,hind_body_doora.bmp_c2d7d0721495ebdda29e187f394e7360.ctxr,hind_body_doora.bmp_c2d7d0721495ebdda29e187f394e7360,ctxr,4544,e78fc5a88664313b513ddf40c0b054fedf0f97cf
textures/flatlist/_win/hind_body_doorb.bmp.ctxr,textures/flatlist/_win,hind_body_doorb.bmp.ctxr,hind_body_doorb.bmp,ctxr,3232,959f710d6b3f195e99afa1e24a4b372519fa8f8f
textures/flatlist/_win/hind_body_doorb.bmp_e49375fd2842f2fbd84d433b61d3cffe.ctxr,textures/flatlist/_win,hind_body_doorb.bmp_e49375fd2842f2fbd84d433b61d3cffe.ctxr,hind_body_doorb.bmp_e49375fd2842f2fbd84d433b61d3cffe,ctxr,6240,3204ee959dc06d03d9611b023e9c8fe90f855ff4
textures/flatlist/_win/hind_body_enga.bmp.ctxr,textures/flatlist/_win,hind_body_enga.bmp.ctxr,hind_body_enga.bmp,ctxr,1792,69b7640f2a157321d517a6f29a03eb2b9ce52c98
textures/flatlist/_win/hind_body_enga.bmp_45eb02ca700224fb81f717fd9167efd1.ctxr,textures/flatlist/_win,hind_body_enga.bmp_45eb02ca700224fb81f717fd9167efd1.ctxr,hind_body_enga.bmp_45eb02ca700224fb81f717fd9167efd1,ctxr,4096,a3bfc2d109179af7e9dd3566e0e6c01decfe803f
textures/flatlist/_win/hind_body_engb.bmp.ctxr,textures/flatlist/_win,hind_body_engb.bmp.ctxr,hind_body_engb.bmp,ctxr,1504,2cb17432f082c3bef4945da8705685c138d97623
textures/flatlist/_win/hind_body_n.bmp.ctxr,textures/flatlist/_win,hind_body_n.bmp.ctxr,hind_body_n.bmp,ctxr,2796672,f73f8a9db6ca294c76903362dc9ad672d5ae85ee
textures/flatlist/_win/hind_body_roof.bmp.ctxr,textures/flatlist/_win,hind_body_roof.bmp.ctxr,hind_body_roof.bmp,ctxr,5632,dba84b5e71d0036f947c3b15ebbcfa0ec6ccd216
textures/flatlist/_win/hind_body_sidea.bmp.ctxr,textures/flatlist/_win,hind_body_sidea.bmp.ctxr,hind_body_sidea.bmp,ctxr,9824,d3d742761b1d80e4894ea6d371e539d2926eb752
textures/flatlist/_win/hind_body_sidea.bmp_e29a75a1171c5e596e35a6452a4b2d3c.ctxr,textures/flatlist/_win,hind_body_sidea.bmp_e29a75a1171c5e596e35a6452a4b2d3c.ctxr,hind_body_sidea.bmp_e29a75a1171c5e596e35a6452a4b2d3c,ctxr,20768,1d317520d36ef23835d151179e6dc9bcd7178391
textures/flatlist/_win/hind_body_sideb.bmp.ctxr,textures/flatlist/_win,hind_body_sideb.bmp.ctxr,hind_body_sideb.bmp,ctxr,3360,644eba990a3ad35efb4cd13809aa2ff5ed05f35d
textures/flatlist/_win/hind_body_sideb.bmp_4b257ee03c1a846a61cdbe905390d4cb.ctxr,textures/flatlist/_win,hind_body_sideb.bmp_4b257ee03c1a846a61cdbe905390d4cb.ctxr,hind_body_sideb.bmp_4b257ee03c1a846a61cdbe905390d4cb,ctxr,5376,b1cb3e4ee33affe0b619940560fd2b5ffc63a77b
textures/flatlist/_win/hind_body_sidec.bmp.ctxr,textures/flatlist/_win,hind_body_sidec.bmp.ctxr,hind_body_sidec.bmp,ctxr,7168,d67ddbe4c05160aa1f41357a05091410f52ae7de
textures/flatlist/_win/hind_body_sidec.bmp_49247e34310bc5c04537acc906e046e6.ctxr,textures/flatlist/_win,hind_body_sidec.bmp_49247e34310bc5c04537acc906e046e6.ctxr,hind_body_sidec.bmp_49247e34310bc5c04537acc906e046e6,ctxr,12576,da32f92cce002f312495216f5a27b940fc0fd0fc
textures/flatlist/_win/hind_body_side_panel.bmp.ctxr,textures/flatlist/_win,hind_body_side_panel.bmp.ctxr,hind_body_side_panel.bmp,ctxr,2368,4cc780affdbbde1e1f3bf8c51f24e83a41820f38
textures/flatlist/_win/hind_body_side_panel.bmp_9cca2e6e0bb1906761a4ca74e46c50a1.ctxr,textures/flatlist/_win,hind_body_side_panel.bmp_9cca2e6e0bb1906761a4ca74e46c50a1.ctxr,hind_body_side_panel.bmp_9cca2e6e0bb1906761a4ca74e46c50a1,ctxr,5024,ba8e8b9f039fe04e5fe7849943133cf0e8978503
textures/flatlist/_win/hind_body_tail_cut.bmp.ctxr,textures/flatlist/_win,hind_body_tail_cut.bmp.ctxr,hind_body_tail_cut.bmp,ctxr,8800,b44fae227c2d3170a483e4cff068fcda0d7eca32
textures/flatlist/_win/hind_body_tail_cut.bmp_12b1fb790e565fe6546183274458ac91.ctxr,textures/flatlist/_win,hind_body_tail_cut.bmp_12b1fb790e565fe6546183274458ac91.ctxr,hind_body_tail_cut.bmp_12b1fb790e565fe6546183274458ac91,ctxr,8800,81e7f68a562edc9034201740fc3639de1778b69a
textures/flatlist/_win/hind_body_windowc.bmp.ctxr,textures/flatlist/_win,hind_body_windowc.bmp.ctxr,hind_body_windowc.bmp,ctxr,3328,238240de62dad0208da183b5dafacfe3a91ee4df
textures/flatlist/_win/hind_body_windowc.bmp_317804596c3b74a803d01fb344795c20.ctxr,textures/flatlist/_win,hind_body_windowc.bmp_317804596c3b74a803d01fb344795c20.ctxr,hind_body_windowc.bmp_317804596c3b74a803d01fb344795c20,ctxr,8800,366c3810497620c69d169ef891d7a21451ddda43
textures/flatlist/_win/hind_body_windowd.bmp.ctxr,textures/flatlist/_win,hind_body_windowd.bmp.ctxr,hind_body_windowd.bmp,ctxr,3328,baef3a1dee77627a8f6b4007795d087112fa4eeb
textures/flatlist/_win/hind_body_windowd.bmp_db2b51df0e7153004f885a3f257bb555.ctxr,textures/flatlist/_win,hind_body_windowd.bmp_db2b51df0e7153004f885a3f257bb555.ctxr,hind_body_windowd.bmp_db2b51df0e7153004f885a3f257bb555,ctxr,8800,ebaece49ae446c784e33b49dee3691e36d1b3857
textures/flatlist/_win/hind_cargo01.bmp.ctxr,textures/flatlist/_win,hind_cargo01.bmp.ctxr,hind_cargo01.bmp,ctxr,153280,e8437a7cccd3b8b3674b40e199ff243467e0eee4
textures/flatlist/_win/hind_cargo01mini.bmp.ctxr,textures/flatlist/_win,hind_cargo01mini.bmp.ctxr,hind_cargo01mini.bmp,ctxr,86336,962cc59619e27be2b01b1058ab5ba35ddc928a83
textures/flatlist/_win/hind_cargo02.bmp.ctxr,textures/flatlist/_win,hind_cargo02.bmp.ctxr,hind_cargo02.bmp,ctxr,20768,9ac0a4eb632ffd0d452037a4e16926c40ff36600
textures/flatlist/_win/hind_cargo02mini.bmp.ctxr,textures/flatlist/_win,hind_cargo02mini.bmp.ctxr,hind_cargo02mini.bmp,ctxr,12608,f36d2de0c29f057f252b1c0520e0fc86848d2dde
textures/flatlist/_win/hind_cargo03.bmp.ctxr,textures/flatlist/_win,hind_cargo03.bmp.ctxr,hind_cargo03.bmp,ctxr,7136,4ec11a498f1694a6a15462f479043f28c505e2d9
textures/flatlist/_win/hind_cargo03mini.bmp.ctxr,textures/flatlist/_win,hind_cargo03mini.bmp.ctxr,hind_cargo03mini.bmp,ctxr,4096,dd4d18c89c10ca70cc69dfa1f64c9200071aea58
textures/flatlist/_win/hind_cargo04.bmp.ctxr,textures/flatlist/_win,hind_cargo04.bmp.ctxr,hind_cargo04.bmp,ctxr,41280,fc953fe494ba907c6a67708b7edec046f9176622
textures/flatlist/_win/hind_cargo04mini.bmp.ctxr,textures/flatlist/_win,hind_cargo04mini.bmp.ctxr,hind_cargo04mini.bmp,ctxr,23840,f063a0ac25e63150d117655dfb8b967633adf3a2
textures/flatlist/_win/hind_cargo04smini.bmp.ctxr,textures/flatlist/_win,hind_cargo04smini.bmp.ctxr,hind_cargo04smini.bmp,ctxr,10528,8265c08fa6ba62085894b7d4cff48661856a92c2
textures/flatlist/_win/hind_cargo05.bmp.ctxr,textures/flatlist/_win,hind_cargo05.bmp.ctxr,hind_cargo05.bmp,ctxr,31008,85effd093ebe23e79b53d1a1135ef0d5054f321b
textures/flatlist/_win/hind_cargo05mini.bmp.ctxr,textures/flatlist/_win,hind_cargo05mini.bmp.ctxr,hind_cargo05mini.bmp,ctxr,17920,e2e9cc43fb12b99bcc973c5c5f171dcdaf755a2f
textures/flatlist/_win/hind_cargo06.bmp.ctxr,textures/flatlist/_win,hind_cargo06.bmp.ctxr,hind_cargo06.bmp,ctxr,31008,2b3ece7796de858f4843ea552745e78efe5f5551
textures/flatlist/_win/hind_cargo06mini.bmp.ctxr,textures/flatlist/_win,hind_cargo06mini.bmp.ctxr,hind_cargo06mini.bmp,ctxr,17920,9ad9685220ebf0536bae1633ca284d8f21ff784c
textures/flatlist/_win/hind_cargo07.bmp.ctxr,textures/flatlist/_win,hind_cargo07.bmp.ctxr,hind_cargo07.bmp,ctxr,10560,cedd93463f8653f881699af5638bbc998a7b0797
textures/flatlist/_win/hind_cargo07mini.bmp.ctxr,textures/flatlist/_win,hind_cargo07mini.bmp.ctxr,hind_cargo07mini.bmp,ctxr,6464,a5d8b69c5850a5c802e4b8dfe0a72e2c2a6a11b0
textures/flatlist/_win/hind_cargo09.bmp.ctxr,textures/flatlist/_win,hind_cargo09.bmp.ctxr,hind_cargo09.bmp,ctxr,26912,a93711b2fd36ace52552a4c0eb2a4fa54852c853
textures/flatlist/_win/hind_cargo09mini.bmp.ctxr,textures/flatlist/_win,hind_cargo09mini.bmp.ctxr,hind_cargo09mini.bmp,ctxr,15648,da711ac60e7445e27786c407069c27e6d465abc4
textures/flatlist/_win/hind_cargo09smini.bmp.ctxr,textures/flatlist/_win,hind_cargo09smini.bmp.ctxr,hind_cargo09smini.bmp,ctxr,7424,94f068ecde46d5567c2fce541e738186c868045e
textures/flatlist/_win/hind_cargo10.bmp.ctxr,textures/flatlist/_win,hind_cargo10.bmp.ctxr,hind_cargo10.bmp,ctxr,6432,ef189b1ad9e3ac64b4e14afea0e1d6050aeba5cf
textures/flatlist/_win/hind_cargo10mini.bmp.ctxr,textures/flatlist/_win,hind_cargo10mini.bmp.ctxr,hind_cargo10mini.bmp,ctxr,4096,941880166dd1fd301f2b9822eeb5869a71c2aa1e
textures/flatlist/_win/hind_cargo10smini.bmp.ctxr,textures/flatlist/_win,hind_cargo10smini.bmp.ctxr,hind_cargo10smini.bmp,ctxr,1792,10f9e92f96a6dee90271378bf2cc3f8c45936e11
textures/flatlist/_win/hind_cargo11.bmp.ctxr,textures/flatlist/_win,hind_cargo11.bmp.ctxr,hind_cargo11.bmp,ctxr,7424,75d1bc55a35d159f5983bac3bce8e4ed0b8d87d9
textures/flatlist/_win/hind_cargo11mini.bmp.ctxr,textures/flatlist/_win,hind_cargo11mini.bmp.ctxr,hind_cargo11mini.bmp,ctxr,2016,4d7bd4db27f3076c5130c0ff13ef555db0f3b59b
textures/flatlist/_win/hind_cargo12.bmp.ctxr,textures/flatlist/_win,hind_cargo12.bmp.ctxr,hind_cargo12.bmp,ctxr,1280,9cd3ff7308a9d33f60e75c33207847610d80ef7b
textures/flatlist/_win/hind_cargo12mini.bmp.ctxr,textures/flatlist/_win,hind_cargo12mini.bmp.ctxr,hind_cargo12mini.bmp,ctxr,736,7ddc9bd438e63d26f6e9d225a7a080552e6dc16b
textures/flatlist/_win/hind_cargo13.bmp.ctxr,textures/flatlist/_win,hind_cargo13.bmp.ctxr,hind_cargo13.bmp,ctxr,7424,b3e0359004fe08fc9799a3bd624feda9bf5a9a02
textures/flatlist/_win/hind_cargo13mini.bmp.ctxr,textures/flatlist/_win,hind_cargo13mini.bmp.ctxr,hind_cargo13mini.bmp,ctxr,2016,d6316ffba28178cf1e3511669ce9f922f2a7e422
textures/flatlist/_win/hind_cargo14.bmp.ctxr,textures/flatlist/_win,hind_cargo14.bmp.ctxr,hind_cargo14.bmp,ctxr,2656,33a115b2b9caf8958cfd4efe0d5a14ffadea6ccb
textures/flatlist/_win/hind_cargo14mini.bmp.ctxr,textures/flatlist/_win,hind_cargo14mini.bmp.ctxr,hind_cargo14mini.bmp,ctxr,1440,b12b135c7f818ed1570b8f6176d0f0d5bedbc485
textures/flatlist/_win/hind_cargo16.bmp.ctxr,textures/flatlist/_win,hind_cargo16.bmp.ctxr,hind_cargo16.bmp,ctxr,1280,8d1e56370129662c17264a51c6c1a0fb772a1afd
textures/flatlist/_win/hind_cargo17.bmp.ctxr,textures/flatlist/_win,hind_cargo17.bmp.ctxr,hind_cargo17.bmp,ctxr,8800,5807cce167765e950fb3b9823c80e46c815af054
textures/flatlist/_win/hind_cargo17mini.bmp.ctxr,textures/flatlist/_win,hind_cargo17mini.bmp.ctxr,hind_cargo17mini.bmp,ctxr,5728,b0c9ae00720c40dc5910acf2c3dd0903ae3fc284
textures/flatlist/_win/hind_cargo18.bmp.ctxr,textures/flatlist/_win,hind_cargo18.bmp.ctxr,hind_cargo18.bmp,ctxr,5376,e4b04d87151c3a3ad45b8bdbc403c50bc58bb115
textures/flatlist/_win/hind_cargo20.bmp.ctxr,textures/flatlist/_win,hind_cargo20.bmp.ctxr,hind_cargo20.bmp,ctxr,576,a37c3d171e05c2435903d09307542336bdf27e6d
textures/flatlist/_win/hind_cargo22.bmp.ctxr,textures/flatlist/_win,hind_cargo22.bmp.ctxr,hind_cargo22.bmp,ctxr,7136,60e8e8ec9d82c40f8df8d3f3f75438819c6a95d5
textures/flatlist/_win/hind_cargo23.bmp.ctxr,textures/flatlist/_win,hind_cargo23.bmp.ctxr,hind_cargo23.bmp,ctxr,736,61e0218cdc0ba7ef6b5098965d3ac5e9f4852a9c
textures/flatlist/_win/hind_cargo24.bmp.ctxr,textures/flatlist/_win,hind_cargo24.bmp.ctxr,hind_cargo24.bmp,ctxr,736,321b23e51f9ca5312131976f653d49eca182b17f
textures/flatlist/_win/hind_cargo25.bmp.ctxr,textures/flatlist/_win,hind_cargo25.bmp.ctxr,hind_cargo25.bmp,ctxr,3328,09daa8d817dc320a2b0bf8f1178e50580693ccbd
textures/flatlist/_win/hind_cargo26.bmp.ctxr,textures/flatlist/_win,hind_cargo26.bmp.ctxr,hind_cargo26.bmp,ctxr,7424,e35c8b7c36ffd148b444eb0acdc4c1e99c36d3e0
textures/flatlist/_win/hind_cargo27.bmp.ctxr,textures/flatlist/_win,hind_cargo27.bmp.ctxr,hind_cargo27.bmp,ctxr,4384,2814e8a2f79a54c7e2b488a3839130f21f0e2ed1
textures/flatlist/_win/hind_cargo28.bmp.ctxr,textures/flatlist/_win,hind_cargo28.bmp.ctxr,hind_cargo28.bmp,ctxr,3712,c751dd5fc6233eedf67976d17b14817ce18ea9b3
textures/flatlist/_win/hind_cargo29.bmp.ctxr,textures/flatlist/_win,hind_cargo29.bmp.ctxr,hind_cargo29.bmp,ctxr,2336,80ba30b2546d3eaed8cbe0e88a12c78c68ae0b0a
textures/flatlist/_win/hind_cargo_shadow_alp_ovl.bmp.ctxr,textures/flatlist/_win,hind_cargo_shadow_alp_ovl.bmp.ctxr,hind_cargo_shadow_alp_ovl.bmp,ctxr,33088,f61c67cbd1cd64def981673e59499f89f203ff44
textures/flatlist/_win/hind_cockpit01.bmp.ctxr,textures/flatlist/_win,hind_cockpit01.bmp.ctxr,hind_cockpit01.bmp,ctxr,15648,7bc66932546b4262ff5cc7627467d2048c52723a
textures/flatlist/_win/hind_cockpit01mini.bmp.ctxr,textures/flatlist/_win,hind_cockpit01mini.bmp.ctxr,hind_cockpit01mini.bmp,ctxr,4096,3c21d34614c9d42c7f356c0cc0e3c806d3619c09
textures/flatlist/_win/hind_cockpit02.bmp.ctxr,textures/flatlist/_win,hind_cockpit02.bmp.ctxr,hind_cockpit02.bmp,ctxr,5376,67cbaaca1f2b0d1552ca9b92f6fb88826c9a24f7
textures/flatlist/_win/hind_cockpit03.bmp.ctxr,textures/flatlist/_win,hind_cockpit03.bmp.ctxr,hind_cockpit03.bmp,ctxr,4384,5f25553f32854a490ba2fe4f6df1f9fbc3441139
textures/flatlist/_win/hind_cockpit04.bmp.ctxr,textures/flatlist/_win,hind_cockpit04.bmp.ctxr,hind_cockpit04.bmp,ctxr,2304,d61f1a79a157503a7fe1c9e19c81dbd1002b4dfa
textures/flatlist/_win/hind_cockpit05.bmp.ctxr,textures/flatlist/_win,hind_cockpit05.bmp.ctxr,hind_cockpit05.bmp,ctxr,20768,8a8e57a052a8fbd2e9519bcda67e626b74d94280
textures/flatlist/_win/hind_cockpit05mini.bmp.ctxr,textures/flatlist/_win,hind_cockpit05mini.bmp.ctxr,hind_cockpit05mini.bmp,ctxr,5376,b18e8a9cce1ecd857deef691431d6385aa18d91e
textures/flatlist/_win/hind_cockpit06.bmp.ctxr,textures/flatlist/_win,hind_cockpit06.bmp.ctxr,hind_cockpit06.bmp,ctxr,20768,52c7057e97620f7b59fa8c16595160125e10c2f1
textures/flatlist/_win/hind_cockpit06mini.bmp.ctxr,textures/flatlist/_win,hind_cockpit06mini.bmp.ctxr,hind_cockpit06mini.bmp,ctxr,5376,56511d83d451f92813e0ee119fda910fcb4631d3
textures/flatlist/_win/hind_cockpit07.bmp.ctxr,textures/flatlist/_win,hind_cockpit07.bmp.ctxr,hind_cockpit07.bmp,ctxr,20768,f1e09915563d82533d142c990ddb8fce7a4cfa79
textures/flatlist/_win/hind_cockpit07mini.bmp.ctxr,textures/flatlist/_win,hind_cockpit07mini.bmp.ctxr,hind_cockpit07mini.bmp,ctxr,5376,33b03b0386fa72d9e6a0304185efcc2d80bf1151
textures/flatlist/_win/hind_cockpit08.bmp.ctxr,textures/flatlist/_win,hind_cockpit08.bmp.ctxr,hind_cockpit08.bmp,ctxr,5376,a344338d70b44c714dc3368aa3ee8da8fe422e6a
textures/flatlist/_win/hind_cockpit08mini.bmp.ctxr,textures/flatlist/_win,hind_cockpit08mini.bmp.ctxr,hind_cockpit08mini.bmp,ctxr,1504,49adcc66367dd61c7a525b48628c67c9a23dc446
textures/flatlist/_win/hind_cockpit09.bmp.ctxr,textures/flatlist/_win,hind_cockpit09.bmp.ctxr,hind_cockpit09.bmp,ctxr,4384,7ec6a5fb68562c05907c65dc8ac28709eaad94d0
textures/flatlist/_win/hind_cockpit09mini.bmp.ctxr,textures/flatlist/_win,hind_cockpit09mini.bmp.ctxr,hind_cockpit09mini.bmp,ctxr,1280,669f5b8208426c86e054197c4941db818d94cb08
textures/flatlist/_win/hind_cockpit11mini.bmp.ctxr,textures/flatlist/_win,hind_cockpit11mini.bmp.ctxr,hind_cockpit11mini.bmp,ctxr,544,1ec0367f7385eebd9fde0b4b5ddd1e82d354493d
textures/flatlist/_win/hind_cockpit12.bmp.ctxr,textures/flatlist/_win,hind_cockpit12.bmp.ctxr,hind_cockpit12.bmp,ctxr,16704,918446e5b627edf092cb44069849e1ef5696633f
textures/flatlist/_win/hind_cockpit12mini.bmp.ctxr,textures/flatlist/_win,hind_cockpit12mini.bmp.ctxr,hind_cockpit12mini.bmp,ctxr,4384,c80b7323da802f53a23e7ff031b922f66c8aaa93
textures/flatlist/_win/hind_cockpit13.bmp.ctxr,textures/flatlist/_win,hind_cockpit13.bmp.ctxr,hind_cockpit13.bmp,ctxr,7136,9d539ad6efa26331ad468772d9683cc18c30456c
textures/flatlist/_win/hind_cockpit13mini.bmp.ctxr,textures/flatlist/_win,hind_cockpit13mini.bmp.ctxr,hind_cockpit13mini.bmp,ctxr,1984,14265c9d9e7c949c976ab8764d176ca65ff900c5
textures/flatlist/_win/hind_cockpit14.bmp.ctxr,textures/flatlist/_win,hind_cockpit14.bmp.ctxr,hind_cockpit14.bmp,ctxr,1952,f2f6f88ee063d489169f05e97ec2350b2af79b64
textures/flatlist/_win/hind_cockpit14mini.bmp.ctxr,textures/flatlist/_win,hind_cockpit14mini.bmp.ctxr,hind_cockpit14mini.bmp,ctxr,736,01a0dec645f574b6090f55d72c648a8ec77793b5
textures/flatlist/_win/hind_cockpit16.bmp.ctxr,textures/flatlist/_win,hind_cockpit16.bmp.ctxr,hind_cockpit16.bmp,ctxr,1952,57afe0119c47046ee95fe10970a11a14904b7888
textures/flatlist/_win/hind_cockpit16mini.bmp.ctxr,textures/flatlist/_win,hind_cockpit16mini.bmp.ctxr,hind_cockpit16mini.bmp,ctxr,736,cbe3050af7bed4989c2b1809b0bc6498bab09d26
textures/flatlist/_win/hind_cockpit17.bmp.ctxr,textures/flatlist/_win,hind_cockpit17.bmp.ctxr,hind_cockpit17.bmp,ctxr,35808,c344ee6b79df25e279c9374af581abbcc56d691e
textures/flatlist/_win/hind_cockpit17mini.bmp.ctxr,textures/flatlist/_win,hind_cockpit17mini.bmp.ctxr,hind_cockpit17mini.bmp,ctxr,10240,a7a870f9dea94858c0ed03c9c22262cf56e8062f
textures/flatlist/_win/hind_cockpit18.bmp.ctxr,textures/flatlist/_win,hind_cockpit18.bmp.ctxr,hind_cockpit18.bmp,ctxr,2304,d0507aaaea4d3dbe78d5d388494a28a00f2b878d
textures/flatlist/_win/hind_landgia_n.bmp.ctxr,textures/flatlist/_win,hind_landgia_n.bmp.ctxr,hind_landgia_n.bmp,ctxr,5376,77e83290e3ad34bb42c042816e76bd3a8657e6fe
textures/flatlist/_win/hind_pod_b.bmp_032820fb871361ce37b49799ca40d55b.ctxr,textures/flatlist/_win,hind_pod_b.bmp_032820fb871361ce37b49799ca40d55b.ctxr,hind_pod_b.bmp_032820fb871361ce37b49799ca40d55b,ctxr,24896,98c4cd0919495695152ffcd97cafd3baaf07c087
textures/flatlist/_win/hind_roter02_alp.trans.bmp.ctxr,textures/flatlist/_win,hind_roter02_alp.trans.bmp.ctxr,hind_roter02_alp.trans.bmp,ctxr,19456,4177325ccf896eb1d733f7869cdb047502bf36ac
textures/flatlist/_win/hind_roter02_ria_alp.trans.bmp.ctxr,textures/flatlist/_win,hind_roter02_ria_alp.trans.bmp.ctxr,hind_roter02_ria_alp.trans.bmp,ctxr,8512,03f33a3ff749260f85328bf6b6a56576c4a8b494
textures/flatlist/_win/hind_seat01.bmp.ctxr,textures/flatlist/_win,hind_seat01.bmp.ctxr,hind_seat01.bmp,ctxr,12608,2916d12a648e433765a34d1d4cc618143f63b9af
textures/flatlist/_win/hind_seat01mini.bmp.ctxr,textures/flatlist/_win,hind_seat01mini.bmp.ctxr,hind_seat01mini.bmp,ctxr,7424,bdb0040afdd61db2c096b72d1f2c2d27da039dfa
textures/flatlist/_win/hind_seat02mini.bmp.ctxr,textures/flatlist/_win,hind_seat02mini.bmp.ctxr,hind_seat02mini.bmp,ctxr,3360,7053aba3834fc6d84fc01da244087c6b6b0c6522
textures/flatlist/_win/hind_seat03.bmp.ctxr,textures/flatlist/_win,hind_seat03.bmp.ctxr,hind_seat03.bmp,ctxr,8480,a3c2a503d76804e2c45ddadc2773c13b8d2772aa
textures/flatlist/_win/hind_seat03mini.bmp.ctxr,textures/flatlist/_win,hind_seat03mini.bmp.ctxr,hind_seat03mini.bmp,ctxr,2304,d07c7f3bfdee03a36250a5b32f24dcd9922f2f41
textures/flatlist/_win/hind_seat05.bmp.ctxr,textures/flatlist/_win,hind_seat05.bmp.ctxr,hind_seat05.bmp,ctxr,7104,2cea5212771f1ba915347312a34584c76753cfca
textures/flatlist/_win/hind_tire_f.bmp.ctxr,textures/flatlist/_win,hind_tire_f.bmp.ctxr,hind_tire_f.bmp,ctxr,3328,d72a2dfc66ac7ee607a829525ef861be7df2eff7
textures/flatlist/_win/hind_tire_f_n.bmp.ctxr,textures/flatlist/_win,hind_tire_f_n.bmp.ctxr,hind_tire_f_n.bmp,ctxr,22176,f55a32af18dd80ea77726456546a0feb9149e00b
textures/flatlist/_win/hind_tire_m.bmp.ctxr,textures/flatlist/_win,hind_tire_m.bmp.ctxr,hind_tire_m.bmp,ctxr,22176,2b8992a256b1a06d9e24675d82ed083a35253aab
textures/flatlist/_win/hind_tire_r_b.bmp.ctxr,textures/flatlist/_win,hind_tire_r_b.bmp.ctxr,hind_tire_r_b.bmp,ctxr,3328,85454172b6c4ec3fc0788a2d00f757415b667a15
textures/flatlist/_win/hind_tire_r_n.bmp.ctxr,textures/flatlist/_win,hind_tire_r_n.bmp.ctxr,hind_tire_r_n.bmp,ctxr,22176,23810700d69e63b282ec05177ef7571af8fac140
textures/flatlist/_win/hind_wing_b.bmp_6cdc57cdbf0428debf63be8fe7c21492.ctxr,textures/flatlist/_win,hind_wing_b.bmp_6cdc57cdbf0428debf63be8fe7c21492.ctxr,hind_wing_b.bmp_6cdc57cdbf0428debf63be8fe7c21492,ctxr,49472,cdf167be8c90f5ec737a0974b04c2b4e56ec2d57
textures/flatlist/_win/hind_wing_c.bmp.ctxr,textures/flatlist/_win,hind_wing_c.bmp.ctxr,hind_wing_c.bmp,ctxr,20768,60c0a6a73045f34d9c536795f2af75496a284a89
textures/flatlist/_win/hind_wing_d.bmp.ctxr,textures/flatlist/_win,hind_wing_d.bmp.ctxr,hind_wing_d.bmp,ctxr,9856,3e12df3f81f58177f4fc4a91dd2daa35990b7607
textures/flatlist/_win/hind_wing_n.bmp.ctxr,textures/flatlist/_win,hind_wing_n.bmp.ctxr,hind_wing_n.bmp,ctxr,349920,bc282b3269ae4f6de0c00050ef6b54287295652b
textures/flatlist/_win/hireharisou_pillar_decal.bmp.ctxr,textures/flatlist/_win,hireharisou_pillar_decal.bmp.ctxr,hireharisou_pillar_decal.bmp,ctxr,1280,73d0b782f7a767cd5b9c59d7e43ac58bec3ef326
textures/flatlist/_win/hojyohandle.bmp.ctxr,textures/flatlist/_win,hojyohandle.bmp.ctxr,hojyohandle.bmp,ctxr,5248,4c21938a84e7687d73b30be9955b983d5aba0f4f
textures/flatlist/_win/homo_picture_01.bmp.ctxr,textures/flatlist/_win,homo_picture_01.bmp.ctxr,homo_picture_01.bmp,ctxr,246112,403d83f769f0404356f9348133bf0db486fa43c2
textures/flatlist/_win/hy_liguid_ovl_alp.bmp.ctxr,textures/flatlist/_win,hy_liguid_ovl_alp.bmp.ctxr,hy_liguid_ovl_alp.bmp,ctxr,11392,3b944f7d4caf14c6013625e0edf7e251391f8b25
textures/flatlist/_win/h_bottle_label.bmp.ctxr,textures/flatlist/_win,h_bottle_label.bmp.ctxr,h_bottle_label.bmp,ctxr,87744,8a8da7249866f76488bea0f91c250de6b84bf31a
textures/flatlist/_win/h_bottle_sub_alp_ovl.bmp.ctxr,textures/flatlist/_win,h_bottle_sub_alp_ovl.bmp.ctxr,h_bottle_sub_alp_ovl.bmp,ctxr,1184,d4a2d6e2cd3efba84f68a5fab06c02ce854f7138
textures/flatlist/_win/h_handkerchief.bmp.ctxr,textures/flatlist/_win,h_handkerchief.bmp.ctxr,h_handkerchief.bmp,ctxr,349920,d3a21866475bc941bea61929142c3584e0ffd1ae
textures/flatlist/_win/ibox_a.bmp.ctxr,textures/flatlist/_win,ibox_a.bmp.ctxr,ibox_a.bmp,ctxr,22176,f334aad7f78d5751cf1d3c039fdd99175e4c8823
textures/flatlist/_win/ice.bmp.ctxr,textures/flatlist/_win,ice.bmp.ctxr,ice.bmp,ctxr,22176,e62d51748182947f304ae6ef0955345629503384
textures/flatlist/_win/ice_cup.bmp.ctxr,textures/flatlist/_win,ice_cup.bmp.ctxr,ice_cup.bmp,ctxr,22176,ad1317efa25c186b8e7ab64b275094199c1d3790
textures/flatlist/_win/ice_cup_under.bmp.ctxr,textures/flatlist/_win,ice_cup_under.bmp.ctxr,ice_cup_under.bmp,ctxr,22176,0179e91e9f9a6e3327932873086dbf5288d7ccb1
textures/flatlist/_win/iiz_n033a_kaidan.bmp.ctxr,textures/flatlist/_win,iiz_n033a_kaidan.bmp.ctxr,iiz_n033a_kaidan.bmp,ctxr,49472,874e0e5b4eff2bfc6b82955a08c51737c4b3e43a
textures/flatlist/_win/iiz_n033a_kaidan.bmp_6a6ab20d01766c8812bae2c92d4ffaae.ctxr,textures/flatlist/_win,iiz_n033a_kaidan.bmp_6a6ab20d01766c8812bae2c92d4ffaae.ctxr,iiz_n033a_kaidan.bmp_6a6ab20d01766c8812bae2c92d4ffaae,ctxr,49472,ee26bb104291c6621c7850b85f3e02dac1a85591
textures/flatlist/_win/iiz_n033a_lighta.bmp.ctxr,textures/flatlist/_win,iiz_n033a_lighta.bmp.ctxr,iiz_n033a_lighta.bmp,ctxr,2304,af2d361658f79857c805f7f188e57624c823705e
textures/flatlist/_win/iiz_n033a_lightb.bmp.ctxr,textures/flatlist/_win,iiz_n033a_lightb.bmp.ctxr,iiz_n033a_lightb.bmp,ctxr,2304,a9bc198ea509a76aab3c09d25c3bbd2a519aac73
textures/flatlist/_win/iiz_n033a_meca.bmp.ctxr,textures/flatlist/_win,iiz_n033a_meca.bmp.ctxr,iiz_n033a_meca.bmp,ctxr,2304,3b18c3a438e201d8c1a0ce582df544b669cad5bd
textures/flatlist/_win/iiz_n033a_papara_alp_ovl.bmp.ctxr,textures/flatlist/_win,iiz_n033a_papara_alp_ovl.bmp.ctxr,iiz_n033a_papara_alp_ovl.bmp,ctxr,8480,1fc71639619f60b276e7386bc642d4bee425f363
textures/flatlist/_win/iiz_n033a_paparb_alp_ovl.bmp.ctxr,textures/flatlist/_win,iiz_n033a_paparb_alp_ovl.bmp.ctxr,iiz_n033a_paparb_alp_ovl.bmp,ctxr,33088,512e5369a0057267b6f419cd5c6e36de39f4f57c
textures/flatlist/_win/iiz_n033a_radioa.bmp.ctxr,textures/flatlist/_win,iiz_n033a_radioa.bmp.ctxr,iiz_n033a_radioa.bmp,ctxr,3328,67d311c3c93af9f885962c131ef4a6b594ec24b1
textures/flatlist/_win/iiz_n033a_radiob.bmp.ctxr,textures/flatlist/_win,iiz_n033a_radiob.bmp.ctxr,iiz_n033a_radiob.bmp,ctxr,39904,17d7c4121fb9782f06b03b24c9d6ed2b8b01b45a
textures/flatlist/_win/iiz_n033a_shutterb.bmp.ctxr,textures/flatlist/_win,iiz_n033a_shutterb.bmp.ctxr,iiz_n033a_shutterb.bmp,ctxr,18048,e686767b68c4338e75764dad5e639015a33cd7bf
textures/flatlist/_win/iiz_n033a_tablea.bmp.ctxr,textures/flatlist/_win,iiz_n033a_tablea.bmp.ctxr,iiz_n033a_tablea.bmp,ctxr,38528,18a6716f5db449bd2bbfd83c64e489e990947798
textures/flatlist/_win/item_a.bmp.ctxr,textures/flatlist/_win,item_a.bmp.ctxr,item_a.bmp,ctxr,26560,56b4fe22afaea48cfec5e924d1c5751a99874061
textures/flatlist/_win/item_chiki_ramen_01.bmp.ctxr,textures/flatlist/_win,item_chiki_ramen_01.bmp.ctxr,item_chiki_ramen_01.bmp,ctxr,2336,d7b3a0d93e18185f0975529b5b7b707e2ecb148a
textures/flatlist/_win/item_chiki_ramen_01.bmp_ac2aaa5412bba6a3551f4fe238fdcf02.ctxr,textures/flatlist/_win,item_chiki_ramen_01.bmp_ac2aaa5412bba6a3551f4fe238fdcf02.ctxr,item_chiki_ramen_01.bmp_ac2aaa5412bba6a3551f4fe238fdcf02,ctxr,2336,ad697409b6d56856095fd4ab65be8ec3c313e00e
textures/flatlist/_win/item_chiki_ramen_new_1.bmp.ctxr,textures/flatlist/_win,item_chiki_ramen_new_1.bmp.ctxr,item_chiki_ramen_new_1.bmp,ctxr,196992,404bdd890ec7d1e294e7058e2738e025072aa08c
textures/flatlist/_win/item_gr_bottle_00.bmp.ctxr,textures/flatlist/_win,item_gr_bottle_00.bmp.ctxr,item_gr_bottle_00.bmp,ctxr,87744,b6b002a80be199fed3e5c2170e5add10cb7cfc16
textures/flatlist/_win/itha_bull_tex.bmp.ctxr,textures/flatlist/_win,itha_bull_tex.bmp.ctxr,itha_bull_tex.bmp,ctxr,3360,f5831f3254d1ded9c34a7b2c78b75f7e32582d01
textures/flatlist/_win/it_magazine_side.bmp.ctxr,textures/flatlist/_win,it_magazine_side.bmp.ctxr,it_magazine_side.bmp,ctxr,2336,023dbf533d80a52c5978fbd0952e25af1aa2ba8d
textures/flatlist/_win/it_papers_a00.bmp.ctxr,textures/flatlist/_win,it_papers_a00.bmp.ctxr,it_papers_a00.bmp,ctxr,8480,e242467e3c5f73d43a779172caa89bddd847d756
textures/flatlist/_win/ivn_belt.bmp.ctxr,textures/flatlist/_win,ivn_belt.bmp.ctxr,ivn_belt.bmp,ctxr,5376,44418b41f61796b5759dd158b0f410d41a60dfea
textures/flatlist/_win/ivn_belt_shl_ovl_alp.bmp.ctxr,textures/flatlist/_win,ivn_belt_shl_ovl_alp.bmp.ctxr,ivn_belt_shl_ovl_alp.bmp,ctxr,6912,cfdddbc9b433922d7827549c1bb3d33f796a988f
textures/flatlist/_win/ivn_belt_sub_ovl_alp.bmp.ctxr,textures/flatlist/_win,ivn_belt_sub_ovl_alp.bmp.ctxr,ivn_belt_sub_ovl_alp.bmp,ctxr,4000,d27e587b027edd1500d82cb10d3b532e7be8e55d
textures/flatlist/_win/ivn_body_def.bmp.ctxr,textures/flatlist/_win,ivn_body_def.bmp.ctxr,ivn_body_def.bmp,ctxr,131424,ab37921314157958c0698a2241b130abf52e83e7
textures/flatlist/_win/ivn_body_suit_bh_ovl_alp.bmp.ctxr,textures/flatlist/_win,ivn_body_suit_bh_ovl_alp.bmp.ctxr,ivn_body_suit_bh_ovl_alp.bmp,ctxr,6432,c39ccef9027c49fd90451e7ef930cb49bc203611
textures/flatlist/_win/ivn_briefs.bmp.ctxr,textures/flatlist/_win,ivn_briefs.bmp.ctxr,ivn_briefs.bmp,ctxr,49472,0eab04b2fadb437456cb3b279373131a31c76dcb
textures/flatlist/_win/ivn_briefs_sub_ovl_alp.bmp.ctxr,textures/flatlist/_win,ivn_briefs_sub_ovl_alp.bmp.ctxr,ivn_briefs_sub_ovl_alp.bmp,ctxr,37024,00b4eb0e66176c56eed157b1e482c458f8686637
textures/flatlist/_win/ivn_dead_tie.bmp.ctxr,textures/flatlist/_win,ivn_dead_tie.bmp.ctxr,ivn_dead_tie.bmp,ctxr,13984,f62cff9feb6d7a5263ef22c851580aa87384b710
textures/flatlist/_win/ivn_def_boots_c.bmp.ctxr,textures/flatlist/_win,ivn_def_boots_c.bmp.ctxr,ivn_def_boots_c.bmp,ctxr,12576,7d231121a0c90bc9320bfb9715e79ad586c85012
textures/flatlist/_win/ivn_eye_ovl_sub_alp.bmp.ctxr,textures/flatlist/_win,ivn_eye_ovl_sub_alp.bmp.ctxr,ivn_eye_ovl_sub_alp.bmp,ctxr,4256,bdf60dd6573b2085943803a322fbe302a8153995
textures/flatlist/_win/ivn_face_def.bmp.ctxr,textures/flatlist/_win,ivn_face_def.bmp.ctxr,ivn_face_def.bmp,ctxr,265248,270200993d13725b65ef69d36ce1862d3595524b
textures/flatlist/_win/ivn_face_def_sub_ovl_alp.bmp.ctxr,textures/flatlist/_win,ivn_face_def_sub_ovl_alp.bmp.ctxr,ivn_face_def_sub_ovl_alp.bmp,ctxr,198816,0cecbdf02526f343d129cfe869631886747bebdd
textures/flatlist/_win/ivn_head_belt_sub_ovl_alp.bmp.ctxr,textures/flatlist/_win,ivn_head_belt_sub_ovl_alp.bmp.ctxr,ivn_head_belt_sub_ovl_alp.bmp,ctxr,672,3fc4d721cc6ae0a4e6e5119f442f40558178fe60
textures/flatlist/_win/ivn_head_front_sub_ovl_alp.bmp.ctxr,textures/flatlist/_win,ivn_head_front_sub_ovl_alp.bmp.ctxr,ivn_head_front_sub_ovl_alp.bmp,ctxr,1184,021bbdebb9c63c305d65021abaf877aeb34130c2
textures/flatlist/_win/ivn_head_mark.bmp.ctxr,textures/flatlist/_win,ivn_head_mark.bmp.ctxr,ivn_head_mark.bmp,ctxr,33088,849d15b537ef9ad20129f284ac0a0cfa058627f3
textures/flatlist/_win/ivn_head_mark_sub_ovl_alp.bmp.ctxr,textures/flatlist/_win,ivn_head_mark_sub_ovl_alp.bmp.ctxr,ivn_head_mark_sub_ovl_alp.bmp,ctxr,24736,edc82c71e273a64f6fab71d638cfabfa8655eb88
textures/flatlist/_win/j01_1.bmp.ctxr,textures/flatlist/_win,j01_1.bmp.ctxr,j01_1.bmp,ctxr,33088,a554251ca743945da71f5ded4c120c4aee74a6b1
textures/flatlist/_win/j01_2.bmp.ctxr,textures/flatlist/_win,j01_2.bmp.ctxr,j01_2.bmp,ctxr,33088,a5232c00905d402018072da55989700041474efb
textures/flatlist/_win/j01_3.bmp.ctxr,textures/flatlist/_win,j01_3.bmp.ctxr,j01_3.bmp,ctxr,33088,e841e37e0842a8ff2d636235bce5b6b84b3d6d08
textures/flatlist/_win/j01_4.bmp.ctxr,textures/flatlist/_win,j01_4.bmp.ctxr,j01_4.bmp,ctxr,33088,587dbe507061473751753888ca6d669c7bd2c3ba
textures/flatlist/_win/j02_1.bmp.ctxr,textures/flatlist/_win,j02_1.bmp.ctxr,j02_1.bmp,ctxr,33088,f7534d9a8ccb708a3250cf3533965e6581acb066
textures/flatlist/_win/j02_2.bmp.ctxr,textures/flatlist/_win,j02_2.bmp.ctxr,j02_2.bmp,ctxr,33088,8cb354044b07aca747a265843a53d97ab04f0712
textures/flatlist/_win/j02_3.bmp.ctxr,textures/flatlist/_win,j02_3.bmp.ctxr,j02_3.bmp,ctxr,33088,4cb012e97a36d3fd2e688f72877166a6636f356e
textures/flatlist/_win/j02_4.bmp.ctxr,textures/flatlist/_win,j02_4.bmp.ctxr,j02_4.bmp,ctxr,33088,28dcf9ffbb57c5f83bcdafdb512c854934042f61
textures/flatlist/_win/j03_1.bmp.ctxr,textures/flatlist/_win,j03_1.bmp.ctxr,j03_1.bmp,ctxr,33088,7242bd9ba76e0f731319fad916b82a0394db6148
textures/flatlist/_win/j03_2.bmp.ctxr,textures/flatlist/_win,j03_2.bmp.ctxr,j03_2.bmp,ctxr,33088,5fc8ad75a7dc1663c34f0c6699e92368c717c4b5
textures/flatlist/_win/j03_3.bmp.ctxr,textures/flatlist/_win,j03_3.bmp.ctxr,j03_3.bmp,ctxr,33088,5ce77da3282873b0820d43cb800f63be87ca9bca
textures/flatlist/_win/j03_4.bmp.ctxr,textures/flatlist/_win,j03_4.bmp.ctxr,j03_4.bmp,ctxr,33088,a88c3fa519af0a4128389e562debc87b85e6f74f
textures/flatlist/_win/j04_1.bmp.ctxr,textures/flatlist/_win,j04_1.bmp.ctxr,j04_1.bmp,ctxr,33088,19d98e556903bcd1bf995a3232fc3811cfc4e4cf
textures/flatlist/_win/j04_2.bmp.ctxr,textures/flatlist/_win,j04_2.bmp.ctxr,j04_2.bmp,ctxr,33088,c1338bdd2fa416394c852675a149ec5ca015ead4
textures/flatlist/_win/j04_3.bmp.ctxr,textures/flatlist/_win,j04_3.bmp.ctxr,j04_3.bmp,ctxr,33088,bc20b853a3ae940b1f4068577f2647315325c929
textures/flatlist/_win/j04_4.bmp.ctxr,textures/flatlist/_win,j04_4.bmp.ctxr,j04_4.bmp,ctxr,33088,c62a70e37772beaf33156f58ad419892456fb28d
textures/flatlist/_win/j05_1.bmp.ctxr,textures/flatlist/_win,j05_1.bmp.ctxr,j05_1.bmp,ctxr,33088,81790381481aab40b0a16b483272d97123bf470d
textures/flatlist/_win/j05_2.bmp.ctxr,textures/flatlist/_win,j05_2.bmp.ctxr,j05_2.bmp,ctxr,33088,40c6d15073d48444e320e7b5d9396787f28c144a
textures/flatlist/_win/j05_3.bmp.ctxr,textures/flatlist/_win,j05_3.bmp.ctxr,j05_3.bmp,ctxr,33088,dae4bf595d2dee469fdc29ebf0ca35b7a857dff8
textures/flatlist/_win/j05_4.bmp.ctxr,textures/flatlist/_win,j05_4.bmp.ctxr,j05_4.bmp,ctxr,33088,27fdd759d8f02cb926a509b9b9b7fc78e9c709e6
textures/flatlist/_win/j06_1.bmp.ctxr,textures/flatlist/_win,j06_1.bmp.ctxr,j06_1.bmp,ctxr,33088,71397690dde4c8140f38ad60df28a3788d32dffb
textures/flatlist/_win/j06_2.bmp.ctxr,textures/flatlist/_win,j06_2.bmp.ctxr,j06_2.bmp,ctxr,33088,a0d6ea1a0f5d1498eca3ba1ba70dcd6cc5e4eee3
textures/flatlist/_win/j06_3.bmp.ctxr,textures/flatlist/_win,j06_3.bmp.ctxr,j06_3.bmp,ctxr,33088,d93cb3b76b4f3e84e52a6214b8d58a9ce4a8a065
textures/flatlist/_win/j06_4.bmp.ctxr,textures/flatlist/_win,j06_4.bmp.ctxr,j06_4.bmp,ctxr,33088,5ed4d3039f29f4290ee71da35f428ade187ae38d
textures/flatlist/_win/j07_1.bmp.ctxr,textures/flatlist/_win,j07_1.bmp.ctxr,j07_1.bmp,ctxr,33088,3a55449869d4d9384e890210de64c5e9d99d2835
textures/flatlist/_win/j07_2.bmp.ctxr,textures/flatlist/_win,j07_2.bmp.ctxr,j07_2.bmp,ctxr,33088,5393cd06c2f22af7da3bc4c8d19e7474dcea7d45
textures/flatlist/_win/j07_3.bmp.ctxr,textures/flatlist/_win,j07_3.bmp.ctxr,j07_3.bmp,ctxr,33088,e09ff247e11e332031169b50d640dc32b418df0a
textures/flatlist/_win/j07_4.bmp.ctxr,textures/flatlist/_win,j07_4.bmp.ctxr,j07_4.bmp,ctxr,33088,3fe4867bb872f5821981533c69c226c3e9de68e1
textures/flatlist/_win/j08s_1.bmp.ctxr,textures/flatlist/_win,j08s_1.bmp.ctxr,j08s_1.bmp,ctxr,33088,8f5cfcbc8c456feb449e82ba6e5f77a69f720c82
textures/flatlist/_win/j08s_2.bmp.ctxr,textures/flatlist/_win,j08s_2.bmp.ctxr,j08s_2.bmp,ctxr,33088,1b7e49daecc1469f1d47770ba2661d62b2fe7ff9
textures/flatlist/_win/j08s_3.bmp.ctxr,textures/flatlist/_win,j08s_3.bmp.ctxr,j08s_3.bmp,ctxr,33088,66c363facac947ed98f8c7f9e5ef3e010b3e26f1
textures/flatlist/_win/j08s_4.bmp.ctxr,textures/flatlist/_win,j08s_4.bmp.ctxr,j08s_4.bmp,ctxr,33088,2d76d50f8781bc59716bee4be039e55bdb08eb82
textures/flatlist/_win/j09_1.bmp.ctxr,textures/flatlist/_win,j09_1.bmp.ctxr,j09_1.bmp,ctxr,33088,014bb42fad3d1a11f3858dd280802cddaf8273ed
textures/flatlist/_win/j09_2.bmp.ctxr,textures/flatlist/_win,j09_2.bmp.ctxr,j09_2.bmp,ctxr,33088,a7fc314e65d1de3468f8b473e4a1c6f3115e3054
textures/flatlist/_win/j09_3.bmp.ctxr,textures/flatlist/_win,j09_3.bmp.ctxr,j09_3.bmp,ctxr,33088,f827e1902ae9ed9330a9883aa2d5abb25866511d
textures/flatlist/_win/j09_4.bmp.ctxr,textures/flatlist/_win,j09_4.bmp.ctxr,j09_4.bmp,ctxr,33088,c225cb99e5b2a37466821cb0f6a4df53daa19456
textures/flatlist/_win/j11_1.bmp.ctxr,textures/flatlist/_win,j11_1.bmp.ctxr,j11_1.bmp,ctxr,33088,f57d7326a8cced858772662c3082967bba0a48d7
textures/flatlist/_win/j11_2.bmp.ctxr,textures/flatlist/_win,j11_2.bmp.ctxr,j11_2.bmp,ctxr,33088,72d7327fbc885128060bf84e313069cf8c6b35bf
textures/flatlist/_win/j11_3.bmp.ctxr,textures/flatlist/_win,j11_3.bmp.ctxr,j11_3.bmp,ctxr,33088,2f1c35736339d537731e0adc3fcc22b0b75e5208
textures/flatlist/_win/j11_4.bmp.ctxr,textures/flatlist/_win,j11_4.bmp.ctxr,j11_4.bmp,ctxr,33088,c0f00fc5f2ba21cbebdad01e43f183e980408841
textures/flatlist/_win/jeh_ant01.bmp.ctxr,textures/flatlist/_win,jeh_ant01.bmp.ctxr,jeh_ant01.bmp,ctxr,9504,800c9d4eebb92aee4e45855800d00adab6eca409
textures/flatlist/_win/jeh_arm01.bmp.ctxr,textures/flatlist/_win,jeh_arm01.bmp.ctxr,jeh_arm01.bmp,ctxr,14624,1c68b0848b52108cba16a89286112e359877de61
textures/flatlist/_win/jeh_arm02.bmp.ctxr,textures/flatlist/_win,jeh_arm02.bmp.ctxr,jeh_arm02.bmp,ctxr,13408,1bfc7d9977b08f3c5097a63d871de62ee8ef4605
textures/flatlist/_win/jeh_arm03.bmp.ctxr,textures/flatlist/_win,jeh_arm03.bmp.ctxr,jeh_arm03.bmp,ctxr,9216,2f6ccf74066b8750016f2226caf96cd89b3c1c03
textures/flatlist/_win/jeh_arm04.bmp.ctxr,textures/flatlist/_win,jeh_arm04.bmp.ctxr,jeh_arm04.bmp,ctxr,8000,ab5ca831f10be15c2554235cfff1255976f37308
textures/flatlist/_win/jeh_arm05.bmp.ctxr,textures/flatlist/_win,jeh_arm05.bmp.ctxr,jeh_arm05.bmp,ctxr,6240,df002a43a05cb0d0e7ed0e2cb299f5627c149d15
textures/flatlist/_win/jeh_arm06.bmp.ctxr,textures/flatlist/_win,jeh_arm06.bmp.ctxr,jeh_arm06.bmp,ctxr,6912,9c1b36686eaa94169cbca272c2d77a90f582ed4b
textures/flatlist/_win/jeh_arm07.bmp.ctxr,textures/flatlist/_win,jeh_arm07.bmp.ctxr,jeh_arm07.bmp,ctxr,6432,6f099f56fc0be92011283cfad71212c85fcdf903
textures/flatlist/_win/jeh_back01.bmp.ctxr,textures/flatlist/_win,jeh_back01.bmp.ctxr,jeh_back01.bmp,ctxr,6432,9098a7cbb71eead59e409da117115e6b298ccb2a
textures/flatlist/_win/jeh_back02.bmp.ctxr,textures/flatlist/_win,jeh_back02.bmp.ctxr,jeh_back02.bmp,ctxr,3104,78422ef4335b0a545c302879dba200b5281bb36e
textures/flatlist/_win/jeh_back03.bmp.ctxr,textures/flatlist/_win,jeh_back03.bmp.ctxr,jeh_back03.bmp,ctxr,14048,4230e58980f383540b8afbdcf9aabe24a5f172d5
textures/flatlist/_win/jeh_back04.bmp.ctxr,textures/flatlist/_win,jeh_back04.bmp.ctxr,jeh_back04.bmp,ctxr,7808,71a6c09fd6cbb3e9411cb8be06c6807af8c370a3
textures/flatlist/_win/jeh_back05.bmp.ctxr,textures/flatlist/_win,jeh_back05.bmp.ctxr,jeh_back05.bmp,ctxr,7104,ef6ed8de939035387bc9cfad28368bbce12b81cc
textures/flatlist/_win/jeh_back06.bmp.ctxr,textures/flatlist/_win,jeh_back06.bmp.ctxr,jeh_back06.bmp,ctxr,3360,8cad87d433e707f9c5a2f65a6f7679e46d5025d9
textures/flatlist/_win/jeh_back07.bmp.ctxr,textures/flatlist/_win,jeh_back07.bmp.ctxr,jeh_back07.bmp,ctxr,8832,9a4962d11aed68a1f69073ec18388676a022f00b
textures/flatlist/_win/jeh_back08.bmp.ctxr,textures/flatlist/_win,jeh_back08.bmp.ctxr,jeh_back08.bmp,ctxr,6784,25ad94d8a85c49d899be2468bc00911181e4a096
textures/flatlist/_win/jeh_body01.bmp.ctxr,textures/flatlist/_win,jeh_body01.bmp.ctxr,jeh_body01.bmp,ctxr,20576,26cea96fd73dd39dfeb1d4ff33bab626e4eca82a
textures/flatlist/_win/jeh_body02.bmp.ctxr,textures/flatlist/_win,jeh_body02.bmp.ctxr,jeh_body02.bmp,ctxr,7136,94c7f83a5a4a77f584184a6f09858d243626fb2f
textures/flatlist/_win/jeh_body03.bmp.ctxr,textures/flatlist/_win,jeh_body03.bmp.ctxr,jeh_body03.bmp,ctxr,3680,2ee43bc305d2cf98c19f5f667a1d8de4daca1ba8
textures/flatlist/_win/jeh_body04.bmp.ctxr,textures/flatlist/_win,jeh_body04.bmp.ctxr,jeh_body04.bmp,ctxr,10240,80be5d6265dba9a84c9671c8f8c1cac0adcb1856
textures/flatlist/_win/jeh_body05.bmp.ctxr,textures/flatlist/_win,jeh_body05.bmp.ctxr,jeh_body05.bmp,ctxr,8480,0d9a0ea1336167260d09f74dc3d65719a8d458f2
textures/flatlist/_win/jeh_body06.bmp.ctxr,textures/flatlist/_win,jeh_body06.bmp.ctxr,jeh_body06.bmp,ctxr,20096,d5a7be3b4bb95c2daac8316749f94b1ccb3c0c30
textures/flatlist/_win/jeh_body07.bmp.ctxr,textures/flatlist/_win,jeh_body07.bmp.ctxr,jeh_body07.bmp,ctxr,11776,881155aaf86e3798cb18cd96035f177eb4db1f71
textures/flatlist/_win/jeh_body08.bmp.ctxr,textures/flatlist/_win,jeh_body08.bmp.ctxr,jeh_body08.bmp,ctxr,5376,8e13380225dcf9f0fdf927f434b185f1adf6ca47
textures/flatlist/_win/jeh_body09.bmp.ctxr,textures/flatlist/_win,jeh_body09.bmp.ctxr,jeh_body09.bmp,ctxr,13408,4dba0b065e475da1639fd5bf44083a7731db101d
textures/flatlist/_win/jeh_body10.bmp.ctxr,textures/flatlist/_win,jeh_body10.bmp.ctxr,jeh_body10.bmp,ctxr,6112,b72c472cdef3531714c65084bebc1e94de90c043
textures/flatlist/_win/jeh_body11.bmp.ctxr,textures/flatlist/_win,jeh_body11.bmp.ctxr,jeh_body11.bmp,ctxr,20736,e8c4a50f633606f075eaa768df67c4ac61ca057f
textures/flatlist/_win/jeh_boost01.bmp.ctxr,textures/flatlist/_win,jeh_boost01.bmp.ctxr,jeh_boost01.bmp,ctxr,7936,9984b7550578422cd86c4d85a6961599d276f127
textures/flatlist/_win/jeh_boost02.bmp.ctxr,textures/flatlist/_win,jeh_boost02.bmp.ctxr,jeh_boost02.bmp,ctxr,7456,312d9dd3432657386cebf9b8b0a53e5b2dab641d
textures/flatlist/_win/jeh_boost03.bmp.ctxr,textures/flatlist/_win,jeh_boost03.bmp.ctxr,jeh_boost03.bmp,ctxr,10560,5c5102007c4b81ad6083ccc56aaa1faa0e3ec5f7
textures/flatlist/_win/jeh_boost04.bmp.ctxr,textures/flatlist/_win,jeh_boost04.bmp.ctxr,jeh_boost04.bmp,ctxr,2624,1bcd6ceca2494b0fc31fe6e6227dadd1bed4cf30
textures/flatlist/_win/jeh_boost05.bmp.ctxr,textures/flatlist/_win,jeh_boost05.bmp.ctxr,jeh_boost05.bmp,ctxr,4864,e9eb68818a67eb9a038316159776677aeec4fb82
textures/flatlist/_win/jeh_boost06.bmp.ctxr,textures/flatlist/_win,jeh_boost06.bmp.ctxr,jeh_boost06.bmp,ctxr,1248,8f0ce55d52de8d540867694c162af8342d10faf8
textures/flatlist/_win/jeh_chest01.bmp.ctxr,textures/flatlist/_win,jeh_chest01.bmp.ctxr,jeh_chest01.bmp,ctxr,6912,47f996f754743272382c2825cd6f104f7bde6176
textures/flatlist/_win/jeh_chest02.bmp.ctxr,textures/flatlist/_win,jeh_chest02.bmp.ctxr,jeh_chest02.bmp,ctxr,2560,4c41a17fdc4d3789061d571723854bbf22a01a1e
textures/flatlist/_win/jeh_chest03.bmp.ctxr,textures/flatlist/_win,jeh_chest03.bmp.ctxr,jeh_chest03.bmp,ctxr,1952,1fd0fc2de5b73831639c7e2351409f043c644408
textures/flatlist/_win/jeh_chest04.bmp.ctxr,textures/flatlist/_win,jeh_chest04.bmp.ctxr,jeh_chest04.bmp,ctxr,4544,b648ac67c98851e6720976f1c5d3e002db5adf0f
textures/flatlist/_win/jeh_chest05.bmp.ctxr,textures/flatlist/_win,jeh_chest05.bmp.ctxr,jeh_chest05.bmp,ctxr,11040,a982185b36095bc2134d19ca21ba18d6339b1def
textures/flatlist/_win/jeh_chest06.bmp.ctxr,textures/flatlist/_win,jeh_chest06.bmp.ctxr,jeh_chest06.bmp,ctxr,7104,b64eb02ee197713d493c3d65ac507858d9b797d1
textures/flatlist/_win/jeh_chest07.bmp.ctxr,textures/flatlist/_win,jeh_chest07.bmp.ctxr,jeh_chest07.bmp,ctxr,17184,43abd745cf0f0d32d6186220d503d7c50df44fae
textures/flatlist/_win/jeh_ckpt01.bmp.ctxr,textures/flatlist/_win,jeh_ckpt01.bmp.ctxr,jeh_ckpt01.bmp,ctxr,14656,66db54e193ff66ed88e6dc4760ac2ce785074653
textures/flatlist/_win/jeh_ckpt02.bmp.ctxr,textures/flatlist/_win,jeh_ckpt02.bmp.ctxr,jeh_ckpt02.bmp,ctxr,8832,10bc15ad6cd42c1d86bb753fc5b2fc33b8d36a4e
textures/flatlist/_win/jeh_cpu02.bmp.ctxr,textures/flatlist/_win,jeh_cpu02.bmp.ctxr,jeh_cpu02.bmp,ctxr,736,7ea8c2b62b94ab61e9f654b78dd63a1cf470fbb8
textures/flatlist/_win/jeh_cpu03.bmp.ctxr,textures/flatlist/_win,jeh_cpu03.bmp.ctxr,jeh_cpu03.bmp,ctxr,1504,bbfd6b08804e2e5b35c87218385c0d64a07772a1
textures/flatlist/_win/jeh_ear01.bmp.ctxr,textures/flatlist/_win,jeh_ear01.bmp.ctxr,jeh_ear01.bmp,ctxr,2304,dc2d692cbec6ccf53a0124fd0b008d9384744ca3
textures/flatlist/_win/jeh_fist01.bmp.ctxr,textures/flatlist/_win,jeh_fist01.bmp.ctxr,jeh_fist01.bmp,ctxr,5024,2befc0ff2c10e155212a47bd3f02080cc3bdc88e
textures/flatlist/_win/jeh_fist02.bmp.ctxr,textures/flatlist/_win,jeh_fist02.bmp.ctxr,jeh_fist02.bmp,ctxr,5024,1bb6d6ba6f0011f90976edd5dfa478d61cb93212
textures/flatlist/_win/jeh_fist03.bmp.ctxr,textures/flatlist/_win,jeh_fist03.bmp.ctxr,jeh_fist03.bmp,ctxr,8704,940616a0751a6b7f6237ba8442c6e291f2120e8a
textures/flatlist/_win/jeh_glass01.bmp.ctxr,textures/flatlist/_win,jeh_glass01.bmp.ctxr,jeh_glass01.bmp,ctxr,3712,5408d0b444bb426df42ac158a4658b6934bece4d
textures/flatlist/_win/jeh_head01.bmp.ctxr,textures/flatlist/_win,jeh_head01.bmp.ctxr,jeh_head01.bmp,ctxr,16672,e15ced1d2f58781586aa3bd17ee8bb5ec981cd5c
textures/flatlist/_win/jeh_head02.bmp.ctxr,textures/flatlist/_win,jeh_head02.bmp.ctxr,jeh_head02.bmp,ctxr,9152,7396e959c4e7b09a775a9b7493863a1f802c21f0
textures/flatlist/_win/jeh_head03.bmp.ctxr,textures/flatlist/_win,jeh_head03.bmp.ctxr,jeh_head03.bmp,ctxr,10240,bb0468f6f81f5063b30e04c02e94c9f0a597c2d2
textures/flatlist/_win/jeh_head04.bmp.ctxr,textures/flatlist/_win,jeh_head04.bmp.ctxr,jeh_head04.bmp,ctxr,3712,34b00e7d6b9ea04e73dcfb1c33307f5487a780af
textures/flatlist/_win/jeh_incom01.bmp.ctxr,textures/flatlist/_win,jeh_incom01.bmp.ctxr,jeh_incom01.bmp,ctxr,2368,ff00932f990f7e024f01f58b703525180c8dd070
textures/flatlist/_win/jeh_leg01.bmp.ctxr,textures/flatlist/_win,jeh_leg01.bmp.ctxr,jeh_leg01.bmp,ctxr,7104,b980055b2f363261580d48cb3ee8359e08635e6d
textures/flatlist/_win/jeh_leg02.bmp.ctxr,textures/flatlist/_win,jeh_leg02.bmp.ctxr,jeh_leg02.bmp,ctxr,3328,7fef910e57afbd55728768de92ed461198a9cee7
textures/flatlist/_win/jeh_leg03.bmp.ctxr,textures/flatlist/_win,jeh_leg03.bmp.ctxr,jeh_leg03.bmp,ctxr,1824,73d459e34ecc8982f5a86963b97739f5940f3c2a
textures/flatlist/_win/jeh_leg04.bmp.ctxr,textures/flatlist/_win,jeh_leg04.bmp.ctxr,jeh_leg04.bmp,ctxr,33088,bb9cf6d863f42f615c4e89160a618131ea2ea1b4
textures/flatlist/_win/jeh_leg05.bmp.ctxr,textures/flatlist/_win,jeh_leg05.bmp.ctxr,jeh_leg05.bmp,ctxr,10560,e1c07e3026b1f20c55af21420db63175d56abd6e
textures/flatlist/_win/jeh_leg06.bmp.ctxr,textures/flatlist/_win,jeh_leg06.bmp.ctxr,jeh_leg06.bmp,ctxr,13440,ac1e0bef5b4f37240b60d22048254e453511aff6
textures/flatlist/_win/jeh_leg07.bmp.ctxr,textures/flatlist/_win,jeh_leg07.bmp.ctxr,jeh_leg07.bmp,ctxr,18208,461b15c2cfb65b3b9bb8bb2a85548174e1fadb45
textures/flatlist/_win/jeh_leg08.bmp.ctxr,textures/flatlist/_win,jeh_leg08.bmp.ctxr,jeh_leg08.bmp,ctxr,11552,858cff6b949e95aef02d567567c59204dc135e5e
textures/flatlist/_win/jeh_leg09.bmp.ctxr,textures/flatlist/_win,jeh_leg09.bmp.ctxr,jeh_leg09.bmp,ctxr,6112,1f7e3f31955bd979dd4c7f255a96a5f6491ae147
textures/flatlist/_win/jeh_leg10.bmp.ctxr,textures/flatlist/_win,jeh_leg10.bmp.ctxr,jeh_leg10.bmp,ctxr,3680,ca937091926d002ffaef9f5f4bffd8f4bae73c9d
textures/flatlist/_win/jeh_leg11.bmp.ctxr,textures/flatlist/_win,jeh_leg11.bmp.ctxr,jeh_leg11.bmp,ctxr,3584,1b923976c4156b9cc24eb8f401804a1f3ad4aac8
textures/flatlist/_win/jeh_leg12.bmp.ctxr,textures/flatlist/_win,jeh_leg12.bmp.ctxr,jeh_leg12.bmp,ctxr,4704,52207fa2b5720bf83b2e2ba877cf305129bb87f0
textures/flatlist/_win/jeh_leg13.bmp.ctxr,textures/flatlist/_win,jeh_leg13.bmp.ctxr,jeh_leg13.bmp,ctxr,6432,efc4970fd4f60b0af1c05b7206a7056592707214
textures/flatlist/_win/jeh_leg14.bmp.ctxr,textures/flatlist/_win,jeh_leg14.bmp.ctxr,jeh_leg14.bmp,ctxr,8704,93af99cbdbea5b1bdf7126cd300d8945b879b76f
textures/flatlist/_win/jeh_leg15.bmp.ctxr,textures/flatlist/_win,jeh_leg15.bmp.ctxr,jeh_leg15.bmp,ctxr,6816,53440409648b56086247109a49b686a263a0d1b7
textures/flatlist/_win/jeh_leg16.bmp.ctxr,textures/flatlist/_win,jeh_leg16.bmp.ctxr,jeh_leg16.bmp,ctxr,7968,3ac5f6a7549c47781c73f0393932b05f47ac4ad8
textures/flatlist/_win/jeh_leg17.bmp.ctxr,textures/flatlist/_win,jeh_leg17.bmp.ctxr,jeh_leg17.bmp,ctxr,1280,5935749602137affaee2dc393c227de94d62af92
textures/flatlist/_win/jeh_leg18.bmp.ctxr,textures/flatlist/_win,jeh_leg18.bmp.ctxr,jeh_leg18.bmp,ctxr,13504,c27321ece4e4d833b85331b1704c4883bd191fee
textures/flatlist/_win/jeh_leg19.bmp.ctxr,textures/flatlist/_win,jeh_leg19.bmp.ctxr,jeh_leg19.bmp,ctxr,3584,754ad442fc35a3c3b92b5107221312c7e3380918
textures/flatlist/_win/jeh_onibi01.bmp.ctxr,textures/flatlist/_win,jeh_onibi01.bmp.ctxr,jeh_onibi01.bmp,ctxr,7936,d8badd42e4e365c50b0c5cc5c276b56425474901
textures/flatlist/_win/jeh_onibi02.bmp.ctxr,textures/flatlist/_win,jeh_onibi02.bmp.ctxr,jeh_onibi02.bmp,ctxr,2816,4253d5744e74777cd4c904ded9b1e44a6f22a7a7
textures/flatlist/_win/jeh_onibi03.bmp.ctxr,textures/flatlist/_win,jeh_onibi03.bmp.ctxr,jeh_onibi03.bmp,ctxr,9824,c6e578eae40d72589ee028152f933d63e2d6322e
textures/flatlist/_win/jeh_shadow01.bmp.ctxr,textures/flatlist/_win,jeh_shadow01.bmp.ctxr,jeh_shadow01.bmp,ctxr,3232,d6af97d70452df7c169de9d0370d03b90efc3be0
textures/flatlist/_win/jeh_shld01.bmp.ctxr,textures/flatlist/_win,jeh_shld01.bmp.ctxr,jeh_shld01.bmp,ctxr,11552,a531ea30703cdba5dfabd98b130a0ee052d74ce6
textures/flatlist/_win/jeh_shld02.bmp.ctxr,textures/flatlist/_win,jeh_shld02.bmp.ctxr,jeh_shld02.bmp,ctxr,7456,babb4d3deceaa7a76674eade60d97ed8c909f0aa
textures/flatlist/_win/jeh_sld01.bmp.ctxr,textures/flatlist/_win,jeh_sld01.bmp.ctxr,jeh_sld01.bmp,ctxr,13408,2fc9cabacf7bd04c6772aa5d3c9166a1ae075295
textures/flatlist/_win/jeh_sld02.bmp.ctxr,textures/flatlist/_win,jeh_sld02.bmp.ctxr,jeh_sld02.bmp,ctxr,25056,1df3c75f6763ffdb7e8aca848acb6ba2b2608516
textures/flatlist/_win/jeh_sld03.bmp.ctxr,textures/flatlist/_win,jeh_sld03.bmp.ctxr,jeh_sld03.bmp,ctxr,12256,491a8192d6b5c3ea0b430aa8317aacb1566161b5
textures/flatlist/_win/jeh_sld04.bmp.ctxr,textures/flatlist/_win,jeh_sld04.bmp.ctxr,jeh_sld04.bmp,ctxr,9824,dec23773726bd1c899b24dacbe3eb2f2ec7bcd37
textures/flatlist/_win/jeh_sld05.bmp.ctxr,textures/flatlist/_win,jeh_sld05.bmp.ctxr,jeh_sld05.bmp,ctxr,9856,b48f43c77c4b0d31654a5f7c985689f16469ed07
textures/flatlist/_win/jeh_swd02.bmp.ctxr,textures/flatlist/_win,jeh_swd02.bmp.ctxr,jeh_swd02.bmp,ctxr,18752,ac83056a29fdd7aad229b89a6aea5cf5297b5f6e
textures/flatlist/_win/jeh_swdbase.bmp.ctxr,textures/flatlist/_win,jeh_swdbase.bmp.ctxr,jeh_swdbase.bmp,ctxr,10016,af80f771b3af4d8f937c2e62282576e8d7836284
textures/flatlist/_win/jeh_waist01.bmp.ctxr,textures/flatlist/_win,jeh_waist01.bmp.ctxr,jeh_waist01.bmp,ctxr,7104,d74c5d7f8a92b1cb5fd8fdfcd5c93c5e0a5423b6
textures/flatlist/_win/jeh_waist02.bmp.ctxr,textures/flatlist/_win,jeh_waist02.bmp.ctxr,jeh_waist02.bmp,ctxr,5824,ddf1915983304bdfefc3379960ce7ea92f4beaa9
textures/flatlist/_win/jet_enjin01.bmp.ctxr,textures/flatlist/_win,jet_enjin01.bmp.ctxr,jet_enjin01.bmp,ctxr,54976,3b1b07918ec1100aafd0d49bc807961922d73301
textures/flatlist/_win/jet_enjinp.bmp.ctxr,textures/flatlist/_win,jet_enjinp.bmp.ctxr,jet_enjinp.bmp,ctxr,25888,616d5ec7116081dde6581ad84c0002f502a6422f
textures/flatlist/_win/jet_enjinp02.bmp.ctxr,textures/flatlist/_win,jet_enjinp02.bmp.ctxr,jet_enjinp02.bmp,ctxr,7936,22ed56a34d9c1659a963e60ca9198b1bfa2f980e
textures/flatlist/_win/jet_enjinp03.bmp.ctxr,textures/flatlist/_win,jet_enjinp03.bmp.ctxr,jet_enjinp03.bmp,ctxr,14688,4885e5530189e36e7ec47da930a59f85b0bf7867
textures/flatlist/_win/jngl_eda1_alp_ovl.bmp.ctxr,textures/flatlist/_win,jngl_eda1_alp_ovl.bmp.ctxr,jngl_eda1_alp_ovl.bmp,ctxr,49472,221804f65ef670853e29107b9d4881fbd6bddff4
textures/flatlist/_win/jngl_eld_tree1_large_mip8000_rep.bmp.ctxr,textures/flatlist/_win,jngl_eld_tree1_large_mip8000_rep.bmp.ctxr,jngl_eld_tree1_large_mip8000_rep.bmp,ctxr,1398528,830d17ed9a0edc36c73c918f77b2d7440c72fcad
textures/flatlist/_win/jngl_happa04_alp_ovl.bmp.ctxr,textures/flatlist/_win,jngl_happa04_alp_ovl.bmp.ctxr,jngl_happa04_alp_ovl.bmp,ctxr,22208,cec2e4f611eb9ea8d2e8e106eb202505396d3794
textures/flatlist/_win/jngl_happa04_alp_ovl_mip16000.bmp_c82c791b86086ed52d483520273e9b5b.ctxr,textures/flatlist/_win,jngl_happa04_alp_ovl_mip16000.bmp_c82c791b86086ed52d483520273e9b5b.ctxr,jngl_happa04_alp_ovl_mip16000.bmp_c82c791b86086ed52d483520273e9b5b,ctxr,87776,a1b133e31ce8666acab84eed8a7048dfa064870f
textures/flatlist/_win/jngl_happa05_alp_ovl_mip4000.bmp.ctxr,textures/flatlist/_win,jngl_happa05_alp_ovl_mip4000.bmp.ctxr,jngl_happa05_alp_ovl_mip4000.bmp,ctxr,22208,55da87a07e04b2c4d53f8ba51f47fc8dadab3fbf
textures/flatlist/_win/jngl_thintree01.bmp.ctxr,textures/flatlist/_win,jngl_thintree01.bmp.ctxr,jngl_thintree01.bmp,ctxr,175168,3bd490838b32a1be698725d06ba79b3130a8852c
textures/flatlist/_win/jngl_tree13_mid_mip8000.bmp.ctxr,textures/flatlist/_win,jngl_tree13_mid_mip8000.bmp.ctxr,jngl_tree13_mid_mip8000.bmp,ctxr,349920,a51108dacceff49363c7f32d06af2bcfe9376832
textures/flatlist/_win/jngl_tree13_mid_mip8000.bmp_03a92a6187cb335537852926a6f11a69.ctxr,textures/flatlist/_win,jngl_tree13_mid_mip8000.bmp_03a92a6187cb335537852926a6f11a69.ctxr,jngl_tree13_mid_mip8000.bmp_03a92a6187cb335537852926a6f11a69,ctxr,87744,bbf9a4c4715e963a1193ed74cf1e9618b6426c48
textures/flatlist/_win/jonny_familiy_01.bmp.ctxr,textures/flatlist/_win,jonny_familiy_01.bmp.ctxr,jonny_familiy_01.bmp,ctxr,63136,dafd44f3620ff47570211d7285ae50a26529dae1
textures/flatlist/_win/k08_1.bmp.ctxr,textures/flatlist/_win,k08_1.bmp.ctxr,k08_1.bmp,ctxr,33088,24497385366289997af5ee1a6976da5295a2495d
textures/flatlist/_win/k08_2.bmp.ctxr,textures/flatlist/_win,k08_2.bmp.ctxr,k08_2.bmp,ctxr,33088,cfa13a74bc0dcd4c16d402c15b5d06e9b72a1eb1
textures/flatlist/_win/k08_3.bmp.ctxr,textures/flatlist/_win,k08_3.bmp.ctxr,k08_3.bmp,ctxr,33088,4f8d75c1d7e38513cb9b58bc55e5780cc9dcb06d
textures/flatlist/_win/k08_4.bmp.ctxr,textures/flatlist/_win,k08_4.bmp.ctxr,k08_4.bmp,ctxr,33088,c1c21f251e5f56ef453fd47aac4898d5c8db263a
textures/flatlist/_win/kan_a00.bmp.ctxr,textures/flatlist/_win,kan_a00.bmp.ctxr,kan_a00.bmp,ctxr,44064,4550b0540f8d26e550f859d4e2b2b4c6001b6678
textures/flatlist/_win/kan_b00.bmp.ctxr,textures/flatlist/_win,kan_b00.bmp.ctxr,kan_b00.bmp,ctxr,44064,29c6888c63944e7f4e4e86db726e3deec58571ca
textures/flatlist/_win/kan_c00.bmp.ctxr,textures/flatlist/_win,kan_c00.bmp.ctxr,kan_c00.bmp,ctxr,44064,c00ac5ecbeb333446fb250d60f32ec7496903af0
textures/flatlist/_win/katu_door_light_blue_alp_add_tr.trans.bmp.ctxr,textures/flatlist/_win,katu_door_light_blue_alp_add_tr.trans.bmp.ctxr,katu_door_light_blue_alp_add_tr.trans.bmp,ctxr,8480,e029a9479e5de111cc3a968bf32494003de26301
textures/flatlist/_win/katu_door_light_red_alp_add_tr.trans.bmp.ctxr,textures/flatlist/_win,katu_door_light_red_alp_add_tr.trans.bmp.ctxr,katu_door_light_red_alp_add_tr.trans.bmp,ctxr,8480,b7f9ef01ff4d53dd2175a77c25a41c2b87bfac2a
textures/flatlist/_win/katu_door_light_yellow_alp_add_ovl.bmp.ctxr,textures/flatlist/_win,katu_door_light_yellow_alp_add_ovl.bmp.ctxr,katu_door_light_yellow_alp_add_ovl.bmp,ctxr,3328,cb956f355ca6b1a2190ff1a27ad158dce0116805
textures/flatlist/_win/kerotan_hi.bmp.ctxr,textures/flatlist/_win,kerotan_hi.bmp.ctxr,kerotan_hi.bmp,ctxr,49472,a9b77393edea0900e2eca97275ee0b0c65f5c316
textures/flatlist/_win/kiss_base01.bmp.ctxr,textures/flatlist/_win,kiss_base01.bmp.ctxr,kiss_base01.bmp,ctxr,8480,38d17741a0313850dcc90854ad421f1fb45a047d
textures/flatlist/_win/kiss_base02.bmp.ctxr,textures/flatlist/_win,kiss_base02.bmp.ctxr,kiss_base02.bmp,ctxr,3328,71fb61c7d821ac5454151499060c709647a0c9ec
textures/flatlist/_win/kiss_base_side_ovl_sub_alp.bmp.ctxr,textures/flatlist/_win,kiss_base_side_ovl_sub_alp.bmp.ctxr,kiss_base_side_ovl_sub_alp.bmp,ctxr,1184,4d06c668facd3da4b934b87a0709e3e0b60a5693
textures/flatlist/_win/kiss_cap01.bmp.ctxr,textures/flatlist/_win,kiss_cap01.bmp.ctxr,kiss_cap01.bmp,ctxr,6432,7e24a21826656019e322eedafcd951548119985b
textures/flatlist/_win/kiss_cap02.bmp.ctxr,textures/flatlist/_win,kiss_cap02.bmp.ctxr,kiss_cap02.bmp,ctxr,3328,4e1c72ee52f725060bdbca5d37cae482b910eb6f
textures/flatlist/_win/kiss_gun01.bmp.ctxr,textures/flatlist/_win,kiss_gun01.bmp.ctxr,kiss_gun01.bmp,ctxr,8480,eeeeac0003f361b56dd917ae3eda6efa34a90914
textures/flatlist/_win/kiss_gun03.bmp.ctxr,textures/flatlist/_win,kiss_gun03.bmp.ctxr,kiss_gun03.bmp,ctxr,2336,afb164513d0652cb86981a66af574d62eacb86e2
textures/flatlist/_win/kiss_gun_ovl_sub_alp.bmp.ctxr,textures/flatlist/_win,kiss_gun_ovl_sub_alp.bmp.ctxr,kiss_gun_ovl_sub_alp.bmp,ctxr,1184,3bbc6e7b25b4dad44d6f64adc2c83a3435867687
textures/flatlist/_win/kiss_inner.bmp.ctxr,textures/flatlist/_win,kiss_inner.bmp.ctxr,kiss_inner.bmp,ctxr,10528,565e41bfb59405810dc1ca243c00e6331699f862
textures/flatlist/_win/kiss_inner_in.bmp.ctxr,textures/flatlist/_win,kiss_inner_in.bmp.ctxr,kiss_inner_in.bmp,ctxr,10528,9f1685d858751ef4483c3799aaa1ef31d0a0c9b0
textures/flatlist/_win/kiss_inner_ovl_sub_alp.bmp.ctxr,textures/flatlist/_win,kiss_inner_ovl_sub_alp.bmp.ctxr,kiss_inner_ovl_sub_alp.bmp,ctxr,1440,7112729a192adc66b1ad11be1b7d1cdc6e00170c
textures/flatlist/_win/kiss_rip01.bmp.ctxr,textures/flatlist/_win,kiss_rip01.bmp.ctxr,kiss_rip01.bmp,ctxr,5376,2666d0b8cc3dad80c5f18303fd930ae09d96da57
textures/flatlist/_win/kiss_rip02.bmp.ctxr,textures/flatlist/_win,kiss_rip02.bmp.ctxr,kiss_rip02.bmp,ctxr,2368,5715c9ce1e6c1426d939f5e06776a8cf8b3e85de
textures/flatlist/_win/kiss_side_ovl_mod1120_alp_emap.bmp.ctxr,textures/flatlist/_win,kiss_side_ovl_mod1120_alp_emap.bmp.ctxr,kiss_side_ovl_mod1120_alp_emap.bmp,ctxr,12576,62aa98d4fe23ae8cf2edc5244bd32b3eed855127
textures/flatlist/_win/kiss_top_ovl_mod1120_alp_emap.bmp.ctxr,textures/flatlist/_win,kiss_top_ovl_mod1120_alp_emap.bmp.ctxr,kiss_top_ovl_mod1120_alp_emap.bmp,ctxr,12576,973919cd2536ac32656ecd8ef5fd2bf210e32e4c
textures/flatlist/_win/kng_def_body.bmp.ctxr,textures/flatlist/_win,kng_def_body.bmp.ctxr,kng_def_body.bmp,ctxr,55008,c5d5a10e3a90fa995b30f2c80009ea68e75f1e72
textures/flatlist/_win/koya_bed01.bmp.ctxr,textures/flatlist/_win,koya_bed01.bmp.ctxr,koya_bed01.bmp,ctxr,175168,99a54fbb4b40780817d8a59c48016885d7139029
textures/flatlist/_win/koya_isu01.bmp.ctxr,textures/flatlist/_win,koya_isu01.bmp.ctxr,koya_isu01.bmp,ctxr,87744,8c2a26ca38346beb6c4b6e8a2988e041546a6c48
textures/flatlist/_win/koya_yuka04_new.bmp.ctxr,textures/flatlist/_win,koya_yuka04_new.bmp.ctxr,koya_yuka04_new.bmp,ctxr,349920,1207f563c56b64bc9490dc45ffba039260faffbc
textures/flatlist/_win/kyab01.bmp.ctxr,textures/flatlist/_win,kyab01.bmp.ctxr,kyab01.bmp,ctxr,22848,2c0943f9492928d150d4f07e15f0057a5a694167
textures/flatlist/_win/kyab01.bmp_932839bf8787920ced3da36cb51253f4.ctxr,textures/flatlist/_win,kyab01.bmp_932839bf8787920ced3da36cb51253f4.ctxr,kyab01.bmp_932839bf8787920ced3da36cb51253f4,ctxr,22848,e567caf7da6525976a1dc976581c03b2a384027a
textures/flatlist/_win/kyab02.bmp.ctxr,textures/flatlist/_win,kyab02.bmp.ctxr,kyab02.bmp,ctxr,19456,54335cd62422aae166222e55f73220dc9efb099e
textures/flatlist/_win/kyab02.bmp_dc12223612998f4886541262ff48945e.ctxr,textures/flatlist/_win,kyab02.bmp_dc12223612998f4886541262ff48945e.ctxr,kyab02.bmp_dc12223612998f4886541262ff48945e,ctxr,19456,a59a97ae5358dc3064cf9120a243f1e455d84f35
textures/flatlist/_win/kyabkuda.bmp.ctxr,textures/flatlist/_win,kyabkuda.bmp.ctxr,kyabkuda.bmp,ctxr,10016,96584cf5f5007d550c7a3d5e688b1aa47e4494ad
textures/flatlist/_win/kyabkuda.bmp_6dfbb1d662e4d86ed2c82e390efa6543.ctxr,textures/flatlist/_win,kyabkuda.bmp_6dfbb1d662e4d86ed2c82e390efa6543.ctxr,kyabkuda.bmp_6dfbb1d662e4d86ed2c82e390efa6543,ctxr,10016,033a042b36ab4782b6104b0836ca4e03f5f1376f
textures/flatlist/_win/kyoutublend_ovl_sub_alp.bmp.ctxr,textures/flatlist/_win,kyoutublend_ovl_sub_alp.bmp.ctxr,kyoutublend_ovl_sub_alp.bmp,ctxr,262304,d7ff18376cc44f83790c96b96839c7c0ba99516d
textures/flatlist/_win/label_amo_ak47_alp_ovl.bmp.ctxr,textures/flatlist/_win,label_amo_ak47_alp_ovl.bmp.ctxr,label_amo_ak47_alp_ovl.bmp,ctxr,7136,44ef9b7c9f4466d21ea34de13db35beb73a1a387
textures/flatlist/_win/label_amo_cig_alp_ovl.bmp.ctxr,textures/flatlist/_win,label_amo_cig_alp_ovl.bmp.ctxr,label_amo_cig_alp_ovl.bmp,ctxr,7136,c43764a5953feed7232000cac9f04c96f1a07bfb
textures/flatlist/_win/label_amo_hand_alp_ovl.bmp.ctxr,textures/flatlist/_win,label_amo_hand_alp_ovl.bmp.ctxr,label_amo_hand_alp_ovl.bmp,ctxr,10976,4e62d8c39697e988a9042f6aafafb0da4888597a
textures/flatlist/_win/label_amo_m1911_alp_ovl.bmp.ctxr,textures/flatlist/_win,label_amo_m1911_alp_ovl.bmp.ctxr,label_amo_m1911_alp_ovl.bmp,ctxr,7136,557bcdd631e6d779f40c8ac7a1ae3aa343e2e697
textures/flatlist/_win/label_amo_m37_alp_ovl.bmp.ctxr,textures/flatlist/_win,label_amo_m37_alp_ovl.bmp.ctxr,label_amo_m37_alp_ovl.bmp,ctxr,5792,4d7967d4cb59b92e4c9090c837b8f0b0682f4e67
textures/flatlist/_win/label_amo_m63_alp_ovl.bmp.ctxr,textures/flatlist/_win,label_amo_m63_alp_ovl.bmp.ctxr,label_amo_m63_alp_ovl.bmp,ctxr,5792,3d39b684d52b158f4a01c5d34a4622a1ae1016be
textures/flatlist/_win/label_amo_mk22_alp_ovl.bmp.ctxr,textures/flatlist/_win,label_amo_mk22_alp_ovl.bmp.ctxr,label_amo_mk22_alp_ovl.bmp,ctxr,5792,8f0240260725019658ac8177f84c444854d09b51
textures/flatlist/_win/label_amo_msn_alp_ovl.bmp.ctxr,textures/flatlist/_win,label_amo_msn_alp_ovl.bmp.ctxr,label_amo_msn_alp_ovl.bmp,ctxr,7136,e3da9b0f42f81d321e54911fb66ba2678136b4bc
textures/flatlist/_win/label_amo_rpg_alp_ovl.bmp.ctxr,textures/flatlist/_win,label_amo_rpg_alp_ovl.bmp.ctxr,label_amo_rpg_alp_ovl.bmp,ctxr,7136,1e32ec3ad1080111301b20cdff007b6482925118
textures/flatlist/_win/label_amo_saa_alp_ovl.bmp.ctxr,textures/flatlist/_win,label_amo_saa_alp_ovl.bmp.ctxr,label_amo_saa_alp_ovl.bmp,ctxr,5792,c98a9f2ca0fb125d60ca4205d06d4a9fb652afce
textures/flatlist/_win/label_amo_svd_alp_ovl.bmp.ctxr,textures/flatlist/_win,label_amo_svd_alp_ovl.bmp.ctxr,label_amo_svd_alp_ovl.bmp,ctxr,5792,76a6759a7ef1aeba2ed33a5199554b20b97ab11a
textures/flatlist/_win/label_amo_vz61_alp_ovl.bmp.ctxr,textures/flatlist/_win,label_amo_vz61_alp_ovl.bmp.ctxr,label_amo_vz61_alp_ovl.bmp,ctxr,5792,ff2ee806ce94e687c9373c10b9bef5114eb44da3
textures/flatlist/_win/label_amo_xm16_alp_ovl.bmp.ctxr,textures/flatlist/_win,label_amo_xm16_alp_ovl.bmp.ctxr,label_amo_xm16_alp_ovl.bmp,ctxr,7136,1bdfc9b44d6d6c27b0f3fef4534124b540e8a22a
textures/flatlist/_win/label_bdu_animals_alp_ovl.bmp.ctxr,textures/flatlist/_win,label_bdu_animals_alp_ovl.bmp.ctxr,label_bdu_animals_alp_ovl.bmp,ctxr,4416,5d996f72eaeaf80a87357e4efb1cb39c707c8f00
textures/flatlist/_win/label_bdu_choco_alp_ovl.bmp.ctxr,textures/flatlist/_win,label_bdu_choco_alp_ovl.bmp.ctxr,label_bdu_choco_alp_ovl.bmp,ctxr,4416,5141b10f4d75fff4ce227137449e9db821cf51f8
textures/flatlist/_win/label_bdu_cold_alp_ovl.bmp.ctxr,textures/flatlist/_win,label_bdu_cold_alp_ovl.bmp.ctxr,label_bdu_cold_alp_ovl.bmp,ctxr,4416,da9ccd4e6d19b72b7101fee71379b26f7b7b3f08
textures/flatlist/_win/label_bdu_crcdl_alp_ovl.bmp.ctxr,textures/flatlist/_win,label_bdu_crcdl_alp_ovl.bmp.ctxr,label_bdu_crcdl_alp_ovl.bmp,ctxr,5152,4531985fe8ed8b886bdfe60347b29c62c2f2da74
textures/flatlist/_win/label_bdu_fire_alp_ovl.bmp.ctxr,textures/flatlist/_win,label_bdu_fire_alp_ovl.bmp.ctxr,label_bdu_fire_alp_ovl.bmp,ctxr,2848,a03dd49debe8dd797b62454dad39588e6e8132d0
textures/flatlist/_win/label_bdu_fly_alp_ovl.bmp.ctxr,textures/flatlist/_win,label_bdu_fly_alp_ovl.bmp.ctxr,label_bdu_fly_alp_ovl.bmp,ctxr,2848,88ea8bee5a5dde1feae833d8da588a97adb63ffc
textures/flatlist/_win/label_bdu_gako_alp_ovl.bmp.ctxr,textures/flatlist/_win,label_bdu_gako_alp_ovl.bmp.ctxr,label_bdu_gako_alp_ovl.bmp,ctxr,2848,7a3bb98e9141245cfd48ec2cc4507a43d5160226
textures/flatlist/_win/label_bdu_hornet_alp_ovl.bmp.ctxr,textures/flatlist/_win,label_bdu_hornet_alp_ovl.bmp.ctxr,label_bdu_hornet_alp_ovl.bmp,ctxr,5152,73bb324072026c01019d3cb0f1f6b457941d5878
textures/flatlist/_win/label_bdu_mnt_alp_ovl.bmp.ctxr,textures/flatlist/_win,label_bdu_mnt_alp_ovl.bmp.ctxr,label_bdu_mnt_alp_ovl.bmp,ctxr,4416,d33af1ff2b9068c9b2c9b00296d79d0a118f8a70
textures/flatlist/_win/label_bdu_moss_alp_ovl.bmp.ctxr,textures/flatlist/_win,label_bdu_moss_alp_ovl.bmp.ctxr,label_bdu_moss_alp_ovl.bmp,ctxr,2848,e8ffd709e4354850ebb4c4043943a12095c507bc
textures/flatlist/_win/label_bdu_rain_alp_ovl.bmp.ctxr,textures/flatlist/_win,label_bdu_rain_alp_ovl.bmp.ctxr,label_bdu_rain_alp_ovl.bmp,ctxr,4416,244eb4e14ac58d54fd20e48442e62144e39b909e
textures/flatlist/_win/label_bdu_snake_alp_ovl.bmp.ctxr,textures/flatlist/_win,label_bdu_snake_alp_ovl.bmp.ctxr,label_bdu_snake_alp_ovl.bmp,ctxr,2848,cddd81e612890a4245cafb59daef5663c337d7ba
textures/flatlist/_win/label_bdu_snk_alp_ovl.bmp.ctxr,textures/flatlist/_win,label_bdu_snk_alp_ovl.bmp.ctxr,label_bdu_snk_alp_ovl.bmp,ctxr,4416,650cfbda62e503039b77d9b91fa80a09819f2c74
textures/flatlist/_win/label_bdu_snow_alp_ovl.bmp.ctxr,textures/flatlist/_win,label_bdu_snow_alp_ovl.bmp.ctxr,label_bdu_snow_alp_ovl.bmp,ctxr,2848,f5abb8aac92995c2e123962dce9cc810ab5b8895
textures/flatlist/_win/label_bdu_spider_alp_ovl.bmp.ctxr,textures/flatlist/_win,label_bdu_spider_alp_ovl.bmp.ctxr,label_bdu_spider_alp_ovl.bmp,ctxr,3584,e2fc3a977e23e58c3399c4bfe4233717f842feb3
textures/flatlist/_win/label_bdu_splitt_alp_ovl.bmp.ctxr,textures/flatlist/_win,label_bdu_splitt_alp_ovl.bmp.ctxr,label_bdu_splitt_alp_ovl.bmp,ctxr,3584,9bcbe8a0a0c5e952cccdbba565591025e17b561c
textures/flatlist/_win/label_bdu_water_alp_ovl.bmp.ctxr,textures/flatlist/_win,label_bdu_water_alp_ovl.bmp.ctxr,label_bdu_water_alp_ovl.bmp,ctxr,2848,6629f7ad71cddfa37809eb475e955d9454521d7b
textures/flatlist/_win/label_cbox_a_alp_ovl.bmp.ctxr,textures/flatlist/_win,label_cbox_a_alp_ovl.bmp.ctxr,label_cbox_a_alp_ovl.bmp,ctxr,4416,2f9289d6f181dd2b4f163ad3484cdeaabe511b07
textures/flatlist/_win/label_cbox_b_alp_ovl.bmp.ctxr,textures/flatlist/_win,label_cbox_b_alp_ovl.bmp.ctxr,label_cbox_b_alp_ovl.bmp,ctxr,4416,28436d2eeb8a2c7266386c4d45a963614bf8907f
textures/flatlist/_win/label_cbox_c_alp_ovl.bmp.ctxr,textures/flatlist/_win,label_cbox_c_alp_ovl.bmp.ctxr,label_cbox_c_alp_ovl.bmp,ctxr,4416,6f7799662defd2758cc5252c45594f3a3fd34519
textures/flatlist/_win/label_face_desert_alp_ovl.bmp.ctxr,textures/flatlist/_win,label_face_desert_alp_ovl.bmp.ctxr,label_face_desert_alp_ovl.bmp,ctxr,3584,c9ecf0dc7dba59d631c4d22ec5c675a9222fea2b
textures/flatlist/_win/label_face_kabuki_alp_ovl.bmp.ctxr,textures/flatlist/_win,label_face_kabuki_alp_ovl.bmp.ctxr,label_face_kabuki_alp_ovl.bmp,ctxr,3584,8fb1f3a9066b21afedc209b050c1c410b2cdb4cb
textures/flatlist/_win/label_face_oyama_alp_ovl.bmp.ctxr,textures/flatlist/_win,label_face_oyama_alp_ovl.bmp.ctxr,label_face_oyama_alp_ovl.bmp,ctxr,3584,8d89d3f6ab73a27d4d82bdda89b6a928e07a11f0
textures/flatlist/_win/label_face_snow_alp_ovl.bmp.ctxr,textures/flatlist/_win,label_face_snow_alp_ovl.bmp.ctxr,label_face_snow_alp_ovl.bmp,ctxr,2848,313e8513a116a94583a08faad907b46432135b0a
textures/flatlist/_win/label_face_water_alp_ovl.bmp.ctxr,textures/flatlist/_win,label_face_water_alp_ovl.bmp.ctxr,label_face_water_alp_ovl.bmp,ctxr,2848,b86e6b013324db65b09650ba2dc08e11f04b4f3e
textures/flatlist/_win/label_face_zombie_alp_ovl.bmp.ctxr,textures/flatlist/_win,label_face_zombie_alp_ovl.bmp.ctxr,label_face_zombie_alp_ovl.bmp,ctxr,3584,4fa0ebc4f6fa80762c0fe9ef00cf270a4f3b010e
textures/flatlist/_win/label_grd_chf_alp_ovl.bmp.ctxr,textures/flatlist/_win,label_grd_chf_alp_ovl.bmp.ctxr,label_grd_chf_alp_ovl.bmp,ctxr,4416,bd52fb0c1cc91052aea568049125fa1a88d9bb53
textures/flatlist/_win/label_grd_clay_alp_ovl.bmp.ctxr,textures/flatlist/_win,label_grd_clay_alp_ovl.bmp.ctxr,label_grd_clay_alp_ovl.bmp,ctxr,5152,0d98817566d0796d282ebca32078609c6a81e917
textures/flatlist/_win/label_grd_grd_alp_ovl.bmp.ctxr,textures/flatlist/_win,label_grd_grd_alp_ovl.bmp.ctxr,label_grd_grd_alp_ovl.bmp,ctxr,4416,91c5f51ca73a2e5d18b0a0ae21b2f89b67ed9ed2
textures/flatlist/_win/label_grd_mag_alp_ovl.bmp.ctxr,textures/flatlist/_win,label_grd_mag_alp_ovl.bmp.ctxr,label_grd_mag_alp_ovl.bmp,ctxr,5152,ac57aa929c84da2f4948d9048bba342dc89182fb
textures/flatlist/_win/label_grd_smk_alp_ovl.bmp.ctxr,textures/flatlist/_win,label_grd_smk_alp_ovl.bmp.ctxr,label_grd_smk_alp_ovl.bmp,ctxr,4416,b3b8551e2faf0af208455e5cefc3edf6e32b80da
textures/flatlist/_win/label_grd_stn_alp_ovl.bmp.ctxr,textures/flatlist/_win,label_grd_stn_alp_ovl.bmp.ctxr,label_grd_stn_alp_ovl.bmp,ctxr,4416,3d4e598279c59a92584a243719454429170c011e
textures/flatlist/_win/label_grd_tnt_alp_ovl.bmp.ctxr,textures/flatlist/_win,label_grd_tnt_alp_ovl.bmp.ctxr,label_grd_tnt_alp_ovl.bmp,ctxr,2336,2ce2aaac000d317fa68afb824e69edcb2ff01160
textures/flatlist/_win/label_grd_wp_alp_ovl.bmp.ctxr,textures/flatlist/_win,label_grd_wp_alp_ovl.bmp.ctxr,label_grd_wp_alp_ovl.bmp,ctxr,4416,a83857bfaa9164e0df059bb8454eda2abb032559
textures/flatlist/_win/label_item_bat_alp_ovl.bmp.ctxr,textures/flatlist/_win,label_item_bat_alp_ovl.bmp.ctxr,label_item_bat_alp_ovl.bmp,ctxr,4416,281d5864fd85308151085afeff5c3cabff9a38a8
textures/flatlist/_win/label_item_camera_alp_ovl.bmp.ctxr,textures/flatlist/_win,label_item_camera_alp_ovl.bmp.ctxr,label_item_camera_alp_ovl.bmp,ctxr,4416,daf0a12ac5728d751179c9a55141d166480ca454
textures/flatlist/_win/label_item_mic_alp_ovl.bmp.ctxr,textures/flatlist/_win,label_item_mic_alp_ovl.bmp.ctxr,label_item_mic_alp_ovl.bmp,ctxr,2336,4d567d365d35c8320a1f22c3824ccead80dc292b
textures/flatlist/_win/label_item_mine_alp_ovl.bmp.ctxr,textures/flatlist/_win,label_item_mine_alp_ovl.bmp.ctxr,label_item_mine_alp_ovl.bmp,ctxr,4416,f01969fbe03314fa3e11757aeb46e1c2fa5d110f
textures/flatlist/_win/label_item_nvg_alp_ovl.bmp.ctxr,textures/flatlist/_win,label_item_nvg_alp_ovl.bmp.ctxr,label_item_nvg_alp_ovl.bmp,ctxr,2336,a58b238e4c98699d39982e1838841e7f908e8909
textures/flatlist/_win/label_item_thrm_alp_ovl.bmp.ctxr,textures/flatlist/_win,label_item_thrm_alp_ovl.bmp.ctxr,label_item_thrm_alp_ovl.bmp,ctxr,4416,e37520b96de6ae5afbb2ab9edb13237a22c5ac69
textures/flatlist/_win/label_item_torch_alp_ovl.bmp.ctxr,textures/flatlist/_win,label_item_torch_alp_ovl.bmp.ctxr,label_item_torch_alp_ovl.bmp,ctxr,4416,1cbbd872a500510cf05068eb3a14b67bca09593c
textures/flatlist/_win/label_sp_m1911_alp_ovl.bmp.ctxr,textures/flatlist/_win,label_sp_m1911_alp_ovl.bmp.ctxr,label_sp_m1911_alp_ovl.bmp,ctxr,5152,f14630a340ac60912d8ab9ba06ebd60f95427924
textures/flatlist/_win/label_sp_mk22_alp_ovl.bmp.ctxr,textures/flatlist/_win,label_sp_mk22_alp_ovl.bmp.ctxr,label_sp_mk22_alp_ovl.bmp,ctxr,4416,7c321bc400ec05a2fd8405b2f05a0949017c3c99
textures/flatlist/_win/label_sp_rat_alp_ovl.bmp.ctxr,textures/flatlist/_win,label_sp_rat_alp_ovl.bmp.ctxr,label_sp_rat_alp_ovl.bmp,ctxr,5952,f1a70f8cf9135bcde0582728bea1a3932d6185a6
textures/flatlist/_win/label_sp_xm16_alp_ovl.bmp.ctxr,textures/flatlist/_win,label_sp_xm16_alp_ovl.bmp.ctxr,label_sp_xm16_alp_ovl.bmp,ctxr,5152,8f195a0e4ce8b30a8e062c36fe218bd749a72396
textures/flatlist/_win/label_weap_ak47_alp_ovl.bmp.ctxr,textures/flatlist/_win,label_weap_ak47_alp_ovl.bmp.ctxr,label_weap_ak47_alp_ovl.bmp,ctxr,4416,6e6bf0318b4de3b306e53f84306db30295a6750e
textures/flatlist/_win/label_weap_cig_alp_ovl.bmp.ctxr,textures/flatlist/_win,label_weap_cig_alp_ovl.bmp.ctxr,label_weap_cig_alp_ovl.bmp,ctxr,4416,29853e9ecc652761411f55a115a96f3a06490e24
textures/flatlist/_win/label_weap_hand_alp_ovl.bmp.ctxr,textures/flatlist/_win,label_weap_hand_alp_ovl.bmp.ctxr,label_weap_hand_alp_ovl.bmp,ctxr,6688,cc0a3db53bbe89644d10611ef5f65ef91b2e1497
textures/flatlist/_win/label_weap_m37_alp_ovl.bmp.ctxr,textures/flatlist/_win,label_weap_m37_alp_ovl.bmp.ctxr,label_weap_m37_alp_ovl.bmp,ctxr,2560,4bbcec8d7b9e6e616861b24aa7b223b711bbdf4b
textures/flatlist/_win/label_weap_m63_alp_ovl.bmp.ctxr,textures/flatlist/_win,label_weap_m63_alp_ovl.bmp.ctxr,label_weap_m63_alp_ovl.bmp,ctxr,2336,13da30d7fca73c0b79a40d4ccf8eca469547a2d4
textures/flatlist/_win/label_weap_msn_alp_ovl.bmp.ctxr,textures/flatlist/_win,label_weap_msn_alp_ovl.bmp.ctxr,label_weap_msn_alp_ovl.bmp,ctxr,4416,1844c9fcb8a36148147e591072044805b5398d1a
textures/flatlist/_win/label_weap_pato_alp_ovl.bmp.ctxr,textures/flatlist/_win,label_weap_pato_alp_ovl.bmp.ctxr,label_weap_pato_alp_ovl.bmp,ctxr,4416,b6be253fa6314d82a3b3bc454828dfbdf6c9ebcc
textures/flatlist/_win/label_weap_rpg_alp_ovl.bmp.ctxr,textures/flatlist/_win,label_weap_rpg_alp_ovl.bmp.ctxr,label_weap_rpg_alp_ovl.bmp,ctxr,4416,55ba0fdf7edabdca6afc6b4138ff0eb5964b5416
textures/flatlist/_win/label_weap_saa_alp_ovl.bmp.ctxr,textures/flatlist/_win,label_weap_saa_alp_ovl.bmp.ctxr,label_weap_saa_alp_ovl.bmp,ctxr,2336,5767da95665d3b9b8c2699174b27502494c5ab37
textures/flatlist/_win/label_weap_svd_alp_ovl.bmp.ctxr,textures/flatlist/_win,label_weap_svd_alp_ovl.bmp.ctxr,label_weap_svd_alp_ovl.bmp,ctxr,2336,f116e062b046aecb03c423651fb0fffb9213b965
textures/flatlist/_win/label_weap_vz61_alp_ovl.bmp.ctxr,textures/flatlist/_win,label_weap_vz61_alp_ovl.bmp.ctxr,label_weap_vz61_alp_ovl.bmp,ctxr,2336,88322293f3d0fec70754466c2b9c5b56b178f801
textures/flatlist/_win/label_weap_xm16_alp_ovl.bmp.ctxr,textures/flatlist/_win,label_weap_xm16_alp_ovl.bmp.ctxr,label_weap_xm16_alp_ovl.bmp,ctxr,4416,ce5285054fe3c67abf32b5b05761e6472d504d32
textures/flatlist/_win/landgia.bmp.ctxr,textures/flatlist/_win,landgia.bmp.ctxr,landgia.bmp,ctxr,10432,338657c6ef4bcadbcd60fa65007a9177a2d49e6a
textures/flatlist/_win/landgia01.bmp.ctxr,textures/flatlist/_win,landgia01.bmp.ctxr,landgia01.bmp,ctxr,87776,7752049a0a9d488d18387b093610883617431969
textures/flatlist/_win/landgia_b.bmp.ctxr,textures/flatlist/_win,landgia_b.bmp.ctxr,landgia_b.bmp,ctxr,5376,e66ed26037f11c70dcd0391869cda08c604716dd
textures/flatlist/_win/lch_def_base.bmp.ctxr,textures/flatlist/_win,lch_def_base.bmp.ctxr,lch_def_base.bmp,ctxr,42976,f88cefbac890b892f56f7e66901c1c8e84979347
textures/flatlist/_win/lch_def_base_ovl_sub_alp.bmp.ctxr,textures/flatlist/_win,lch_def_base_ovl_sub_alp.bmp.ctxr,lch_def_base_ovl_sub_alp.bmp,ctxr,32160,e323477223ae9327b4587e9f411c26204c465f3b
textures/flatlist/_win/lift_arm_04.bmp.ctxr,textures/flatlist/_win,lift_arm_04.bmp.ctxr,lift_arm_04.bmp,ctxr,2816,d54ffc2fcce984e4cffd65521839d5d59b21984c
textures/flatlist/_win/lift_seat_01.bmp.ctxr,textures/flatlist/_win,lift_seat_01.bmp.ctxr,lift_seat_01.bmp,ctxr,16704,f4d6b8bc7bdcfc0b8f75b5f7ef85c07d7d1aa7e1
textures/flatlist/_win/lift_seat_02.bmp.ctxr,textures/flatlist/_win,lift_seat_02.bmp.ctxr,lift_seat_02.bmp,ctxr,12576,94f0d0e797c7ca540d8a74a894544ef5b2651904
textures/flatlist/_win/lift_tire_01.bmp.ctxr,textures/flatlist/_win,lift_tire_01.bmp.ctxr,lift_tire_01.bmp,ctxr,34432,157c1476a437ffa1456e642380ab0949e4241d76
textures/flatlist/_win/lift_wall_01.bmp.ctxr,textures/flatlist/_win,lift_wall_01.bmp.ctxr,lift_wall_01.bmp,ctxr,76800,b70b49c2739bf91f5df907b5ea26742b4bd55da9
textures/flatlist/_win/lift_wall_02.bmp.ctxr,textures/flatlist/_win,lift_wall_02.bmp.ctxr,lift_wall_02.bmp,ctxr,76800,7a51bcd479208a6cdd3861e2f127a957d709d37a
textures/flatlist/_win/lift_wall_03.bmp.ctxr,textures/flatlist/_win,lift_wall_03.bmp.ctxr,lift_wall_03.bmp,ctxr,27616,9ba092c8be631a69e8ceb2f6c5de4cbb8e4dcfb1
textures/flatlist/_win/lift_wall_04.bmp.ctxr,textures/flatlist/_win,lift_wall_04.bmp.ctxr,lift_wall_04.bmp,ctxr,16704,d52de816546535f26ca6c5c7c45723729664ce76
textures/flatlist/_win/lift_wall_06.bmp.ctxr,textures/flatlist/_win,lift_wall_06.bmp.ctxr,lift_wall_06.bmp,ctxr,76800,4e3ea1af05e10c0b7e63f986a47c93274b4522c5
textures/flatlist/_win/lift_wall_07.bmp.ctxr,textures/flatlist/_win,lift_wall_07.bmp.ctxr,lift_wall_07.bmp,ctxr,11072,fee1e8b12fb8fc3c0d11191749e30350178ff7e3
textures/flatlist/_win/lift_wall_08.bmp.ctxr,textures/flatlist/_win,lift_wall_08.bmp.ctxr,lift_wall_08.bmp,ctxr,33088,cc926d651873597a32b5834439cafd320aa7c26c
textures/flatlist/_win/lightb01.bmp.ctxr,textures/flatlist/_win,lightb01.bmp.ctxr,lightb01.bmp,ctxr,7136,637dca53821c24ce04f3fee479d929a0bf216172
textures/flatlist/_win/lighte_alp_ovl.bmp.ctxr,textures/flatlist/_win,lighte_alp_ovl.bmp.ctxr,lighte_alp_ovl.bmp,ctxr,992,ff858eb70e303b1220bd9336036ed626272a2712
textures/flatlist/_win/light_body.bmp_ea34bc2dea0c9cf62a11ce1a08d461fe.ctxr,textures/flatlist/_win,light_body.bmp_ea34bc2dea0c9cf62a11ce1a08d461fe.ctxr,light_body.bmp_ea34bc2dea0c9cf62a11ce1a08d461fe,ctxr,16704,027c8c108aa9a5a39605913c7c60b015c9f00765
textures/flatlist/_win/light_roof.bmp.ctxr,textures/flatlist/_win,light_roof.bmp.ctxr,light_roof.bmp,ctxr,12576,d8cef6906c6b62f16a64f9c72b133d0b110b5456
textures/flatlist/_win/light_roof_add_alp_ovl.bmp.ctxr,textures/flatlist/_win,light_roof_add_alp_ovl.bmp.ctxr,light_roof_add_alp_ovl.bmp,ctxr,33088,01634deebb9bc4b83c7fc8b8d0ffe950d2b16c7a
textures/flatlist/_win/light_table_a00.bmp.ctxr,textures/flatlist/_win,light_table_a00.bmp.ctxr,light_table_a00.bmp,ctxr,22848,a50b20867075b6cde59501f0f41629e1c43b669c
textures/flatlist/_win/light_table_a01.bmp.ctxr,textures/flatlist/_win,light_table_a01.bmp.ctxr,light_table_a01.bmp,ctxr,5376,3184fe88105edc74157e3999de24c5d1cf561d08
textures/flatlist/_win/light_table_a02.bmp.ctxr,textures/flatlist/_win,light_table_a02.bmp.ctxr,light_table_a02.bmp,ctxr,4384,f166ad1f846e7770e707f38df4a91b5154ec433b
textures/flatlist/_win/light_table_a03.bmp.ctxr,textures/flatlist/_win,light_table_a03.bmp.ctxr,light_table_a03.bmp,ctxr,2624,ec47849fc75ca2a4cd2fe2118945015c3d49cb03
textures/flatlist/_win/light_table_a05.bmp.ctxr,textures/flatlist/_win,light_table_a05.bmp.ctxr,light_table_a05.bmp,ctxr,8480,f6e6cd7863a47e59f5834c27fd5039eaf808b2b9
textures/flatlist/_win/littlejoe02_ovl_sub_alp.bmp.ctxr,textures/flatlist/_win,littlejoe02_ovl_sub_alp.bmp.ctxr,littlejoe02_ovl_sub_alp.bmp,ctxr,16544,8adc4e4c7f3d8b07296b7b635055cce8055e70ab
textures/flatlist/_win/littlejoe_ovl_sub_alp.bmp.ctxr,textures/flatlist/_win,littlejoe_ovl_sub_alp.bmp.ctxr,littlejoe_ovl_sub_alp.bmp,ctxr,32928,b301afd9a180742c0f3adc60a4aa367f982ba582
textures/flatlist/_win/lms_arm.bmp.ctxr,textures/flatlist/_win,lms_arm.bmp.ctxr,lms_arm.bmp,ctxr,54976,df21db063d0011a72ed2be24140e30c40bf589e3
textures/flatlist/_win/lms_arm_skin.bmp.ctxr,textures/flatlist/_win,lms_arm_skin.bmp.ctxr,lms_arm_skin.bmp,ctxr,3712,429eb72f5fb6b5bb0dd1a0677013812f147b702b
textures/flatlist/_win/lms_foot.bmp.ctxr,textures/flatlist/_win,lms_foot.bmp.ctxr,lms_foot.bmp,ctxr,65888,9b8a6374cf392b2de235fd5d76210e380744ba87
textures/flatlist/_win/lms_foot_vr_sub_ovl_alp.bmp.ctxr,textures/flatlist/_win,lms_foot_vr_sub_ovl_alp.bmp.ctxr,lms_foot_vr_sub_ovl_alp.bmp,ctxr,49312,4a90825c5850cbfa9fcbe2e7929f834c8e1fdbcf
textures/flatlist/_win/lms_halo_mask_demo_ovl_sub_alp.bmp.ctxr,textures/flatlist/_win,lms_halo_mask_demo_ovl_sub_alp.bmp.ctxr,lms_halo_mask_demo_ovl_sub_alp.bmp,ctxr,32928,afd5053ee8bc9411dc8b7e0b521814cee8bada5c
textures/flatlist/_win/lms_hand_ovl_sub_alp.bmp.ctxr,textures/flatlist/_win,lms_hand_ovl_sub_alp.bmp.ctxr,lms_hand_ovl_sub_alp.bmp,ctxr,65696,4d7da6ac4ed5009e614d8f813b32b97238ce6426
textures/flatlist/_win/lms_helm_ovl_sub_alp.bmp.ctxr,textures/flatlist/_win,lms_helm_ovl_sub_alp.bmp.ctxr,lms_helm_ovl_sub_alp.bmp,ctxr,4256,651241a7613f676d7c49a350bb4d560f7d6fed21
textures/flatlist/_win/lms_helr_ovl_sub_alp.bmp.ctxr,textures/flatlist/_win,lms_helr_ovl_sub_alp.bmp.ctxr,lms_helr_ovl_sub_alp.bmp,ctxr,45216,c9b586d643a15e72dc62fb912633b00db37a521f
textures/flatlist/_win/lms_helw_ovl_sub_alp.bmp.ctxr,textures/flatlist/_win,lms_helw_ovl_sub_alp.bmp.ctxr,lms_helw_ovl_sub_alp.bmp,ctxr,16544,28669f0a05f978e25dd95afcad7b3f356c931b0c
textures/flatlist/_win/lms_met.bmp.ctxr,textures/flatlist/_win,lms_met.bmp.ctxr,lms_met.bmp,ctxr,60416,d40a30c066c34b617a7fffa5b324e4ae65156c64
textures/flatlist/_win/lms_tube_l.bmp.ctxr,textures/flatlist/_win,lms_tube_l.bmp.ctxr,lms_tube_l.bmp,ctxr,2304,3c60956595ebc31039a0a949821afad6d2b548c4
textures/flatlist/_win/lockera.bmp.ctxr,textures/flatlist/_win,lockera.bmp.ctxr,lockera.bmp,ctxr,80192,63150f201a01438291d9d317fa58ac1c92d38011
textures/flatlist/_win/lockera.bmp_c4857123b1b2a95b0cb3984a12d0c358.ctxr,textures/flatlist/_win,lockera.bmp_c4857123b1b2a95b0cb3984a12d0c358.ctxr,lockera.bmp_c4857123b1b2a95b0cb3984a12d0c358,ctxr,80192,45b7f67ea49e62066faadebeb5b13080421df9ec
textures/flatlist/_win/m16a_kamo.bmp.ctxr,textures/flatlist/_win,m16a_kamo.bmp.ctxr,m16a_kamo.bmp,ctxr,175168,e0e9331ba12a444f909f27ce4c9b5c8013779ddc
textures/flatlist/_win/m16a_sp.bmp.ctxr,textures/flatlist/_win,m16a_sp.bmp.ctxr,m16a_sp.bmp,ctxr,44064,45e7bcced0e2c153d04f57468cb4c438d804fe91
textures/flatlist/_win/madon.bmp.ctxr,textures/flatlist/_win,madon.bmp.ctxr,madon.bmp,ctxr,7168,5b7a3f3d98efe19b0d26ffdb4310146b738837f3
textures/flatlist/_win/madon.bmp_bb8b46c866abc3c5ffd4b46e90edd2f6.ctxr,textures/flatlist/_win,madon.bmp_bb8b46c866abc3c5ffd4b46e90edd2f6.ctxr,madon.bmp_bb8b46c866abc3c5ffd4b46e90edd2f6,ctxr,7168,837d68141dc0916d811975ec1f0ca5a8c08c944c
textures/flatlist/_win/mafuler01.bmp.ctxr,textures/flatlist/_win,mafuler01.bmp.ctxr,mafuler01.bmp,ctxr,35552,29e51d80ee699d67db4cc10817cdd4135c8c6c9c
textures/flatlist/_win/mafuler01.bmp_7236eb9eacd541949fbb61f82317411a.ctxr,textures/flatlist/_win,mafuler01.bmp_7236eb9eacd541949fbb61f82317411a.ctxr,mafuler01.bmp_7236eb9eacd541949fbb61f82317411a,ctxr,35552,a79c63720c79dde24daebfb234995fce8f90a108
textures/flatlist/_win/mafuler02.bmp.ctxr,textures/flatlist/_win,mafuler02.bmp.ctxr,mafuler02.bmp,ctxr,48192,8b367fddf96a128f5121f1c83ea36c26ceea4be3
textures/flatlist/_win/mafuler02.bmp_b1e360c693909572aeeacdc70cdc0b63.ctxr,textures/flatlist/_win,mafuler02.bmp_b1e360c693909572aeeacdc70cdc0b63.ctxr,mafuler02.bmp_b1e360c693909572aeeacdc70cdc0b63,ctxr,48192,19dec24d95291299fbeacb6ed1307facabc58b3d
textures/flatlist/_win/mafuler03.bmp_11b5fd4ccb4031c5fa5e496729c54420.ctxr,textures/flatlist/_win,mafuler03.bmp_11b5fd4ccb4031c5fa5e496729c54420.ctxr,mafuler03.bmp_11b5fd4ccb4031c5fa5e496729c54420,ctxr,7168,abd839d76cfa1ff0421c5170791f4c47b7fd8b16
textures/flatlist/_win/mainpro_b.bmp.ctxr,textures/flatlist/_win,mainpro_b.bmp.ctxr,mainpro_b.bmp,ctxr,11360,ef31db474b005b559ee17aa9922e857c076c119a
textures/flatlist/_win/mainwing01.bmp.ctxr,textures/flatlist/_win,mainwing01.bmp.ctxr,mainwing01.bmp,ctxr,150816,8d1dc1f2a57e4dad18dc3e69da60ed5a95c63c74
textures/flatlist/_win/mainwing02.bmp.ctxr,textures/flatlist/_win,mainwing02.bmp.ctxr,mainwing02.bmp,ctxr,150816,edfb434fd41707a9a411693533f8bba4fe417372
textures/flatlist/_win/mainwing03.bmp.ctxr,textures/flatlist/_win,mainwing03.bmp.ctxr,mainwing03.bmp,ctxr,34432,cb48e98841884874c85d035ce500f2d428f1d391
textures/flatlist/_win/mark_fur_weara_ovl_alp.bmp.ctxr,textures/flatlist/_win,mark_fur_weara_ovl_alp.bmp.ctxr,mark_fur_weara_ovl_alp.bmp,ctxr,35616,12166001f31f2ccfb8be30b43d3a54186e0678a1
textures/flatlist/_win/mater_body_ovl_sub_alp.bmp.ctxr,textures/flatlist/_win,mater_body_ovl_sub_alp.bmp.ctxr,mater_body_ovl_sub_alp.bmp,ctxr,4256,6e4270823ef6c4e203b5907d6d06c275b858170a
textures/flatlist/_win/mater_glass_ovl_sub_alp.bmp.ctxr,textures/flatlist/_win,mater_glass_ovl_sub_alp.bmp.ctxr,mater_glass_ovl_sub_alp.bmp,ctxr,7904,64d5afd78fa9b89562d14694fa00eb5910de1b31
textures/flatlist/_win/mauser_label_a_alp_ovl.bmp.ctxr,textures/flatlist/_win,mauser_label_a_alp_ovl.bmp.ctxr,mauser_label_a_alp_ovl.bmp,ctxr,4864,38a238dde264742d7d98ef6886a5c7400e41a8ac
textures/flatlist/_win/mauser_label_b_alp_ovl.bmp.ctxr,textures/flatlist/_win,mauser_label_b_alp_ovl.bmp.ctxr,mauser_label_b_alp_ovl.bmp,ctxr,10560,c6a268eddff8010fe46a057702118073deaeb7f2
textures/flatlist/_win/maz_532_a.bmp.ctxr,textures/flatlist/_win,maz_532_a.bmp.ctxr,maz_532_a.bmp,ctxr,699488,6436112a01c40d32e65f162e51c23a3e43a9c245
textures/flatlist/_win/maz_532_b.bmp.ctxr,textures/flatlist/_win,maz_532_b.bmp.ctxr,maz_532_b.bmp,ctxr,699488,13bf0b821c21978d9970364dacecfba60abfdb83
textures/flatlist/_win/maz_sub_alp_ovl.bmp.ctxr,textures/flatlist/_win,maz_sub_alp_ovl.bmp.ctxr,maz_sub_alp_ovl.bmp,ctxr,1184,33df1fabb0df3fbd7e283c66c1576cb54588ba6e
textures/flatlist/_win/meater.bmp_1c8409132c7e748cc7b0b8ff39dc8b4a.ctxr,textures/flatlist/_win,meater.bmp_1c8409132c7e748cc7b0b8ff39dc8b4a.ctxr,meater.bmp_1c8409132c7e748cc7b0b8ff39dc8b4a,ctxr,2816,94e0b5c13d39af4c463d6c7be20d67e656bf2a85
textures/flatlist/_win/med_arm.bmp.ctxr,textures/flatlist/_win,med_arm.bmp.ctxr,med_arm.bmp,ctxr,57696,211ad759f7a4ad508942a9a8efc7efdd2192de61
textures/flatlist/_win/med_best_ws.bmp.ctxr,textures/flatlist/_win,med_best_ws.bmp.ctxr,med_best_ws.bmp,ctxr,121376,0ef09c36a0b423d2030318c38b098b195341d6ca
textures/flatlist/_win/med_boots.bmp.ctxr,textures/flatlist/_win,med_boots.bmp.ctxr,med_boots.bmp,ctxr,74048,2e8917548eada24f548568b627f6caa5072c6389
textures/flatlist/_win/med_eye_brow_ovl_alp.bmp.ctxr,textures/flatlist/_win,med_eye_brow_ovl_alp.bmp.ctxr,med_eye_brow_ovl_alp.bmp,ctxr,54976,74a25038fae068ee07e750a8739b59ac99a14696
textures/flatlist/_win/med_foot_ovl_sub_alp.bmp.ctxr,textures/flatlist/_win,med_foot_ovl_sub_alp.bmp.ctxr,med_foot_ovl_sub_alp.bmp,ctxr,32928,14cd68f64a458c41af06f78eb1bd965c6286449b
textures/flatlist/_win/med_skarf.bmp.ctxr,textures/flatlist/_win,med_skarf.bmp.ctxr,med_skarf.bmp,ctxr,35840,112bb08d65cd4e58f85a692bfb94eb07c5747cf3
textures/flatlist/_win/med_skart.bmp.ctxr,textures/flatlist/_win,med_skart.bmp.ctxr,med_skart.bmp,ctxr,73664,dbd3f784005a88f03278ed79760a619929e0b9cd
textures/flatlist/_win/med_suits.bmp.ctxr,textures/flatlist/_win,med_suits.bmp.ctxr,med_suits.bmp,ctxr,25888,4a05754e55e4d1117e44425186766e4d16a0b1f3
textures/flatlist/_win/meter_a.bmp_3fc4c378604afe5c9b46b3377345c940.ctxr,textures/flatlist/_win,meter_a.bmp_3fc4c378604afe5c9b46b3377345c940.ctxr,meter_a.bmp_3fc4c378604afe5c9b46b3377345c940,ctxr,24960,4d6de99c1384ccbfd11d5697ee1e1cdce6cbd01c
textures/flatlist/_win/meter_c.bmp_fdc79e6c587b639c421f4a8b7d1f376f.ctxr,textures/flatlist/_win,meter_c.bmp_fdc79e6c587b639c421f4a8b7d1f376f.ctxr,meter_c.bmp_fdc79e6c587b639c421f4a8b7d1f376f,ctxr,23520,1b5bffb525908c651daa3c7fd1ce5bf67c3cd259
textures/flatlist/_win/meter_e.bmp_e28e6538473f578ceb057508e8ac12c0.ctxr,textures/flatlist/_win,meter_e.bmp_e28e6538473f578ceb057508e8ac12c0.ctxr,meter_e.bmp_e28e6538473f578ceb057508e8ac12c0,ctxr,23520,28103180122a90bb662c294d3255170709c1f8f5
textures/flatlist/_win/meter_f.bmp_f2271b7b1470ce04e8ef7103107a37ea.ctxr,textures/flatlist/_win,meter_f.bmp_f2271b7b1470ce04e8ef7103107a37ea.ctxr,meter_f.bmp_f2271b7b1470ce04e8ef7103107a37ea,ctxr,23520,ca476d7a143ac5f1da68ad3bcd81646facb354ab
textures/flatlist/_win/meter_g.bmp_08246182d7782224b3b345a729d68ae4.ctxr,textures/flatlist/_win,meter_g.bmp_08246182d7782224b3b345a729d68ae4.ctxr,meter_g.bmp_08246182d7782224b3b345a729d68ae4,ctxr,23520,46b0b8d1fde3f512dacc13ef96126d309a73d6e0
textures/flatlist/_win/meter_h.bmp_7c893e392e3aa13889ba1fb3663b10de.ctxr,textures/flatlist/_win,meter_h.bmp_7c893e392e3aa13889ba1fb3663b10de.ctxr,meter_h.bmp_7c893e392e3aa13889ba1fb3663b10de,ctxr,23520,29f03bfa2776a33cfd7ab9633575ec657281e257
textures/flatlist/_win/micro_film_cor01_b.bmp.ctxr,textures/flatlist/_win,micro_film_cor01_b.bmp.ctxr,micro_film_cor01_b.bmp,ctxr,5376,4d81e2e327532028f6131b4088c759aa8d1eb06e
textures/flatlist/_win/micro_film_cor01_c.bmp.ctxr,textures/flatlist/_win,micro_film_cor01_c.bmp.ctxr,micro_film_cor01_c.bmp,ctxr,8384,1f6aec1ea70fd3d853e8ac96c16910ce8deeb7b8
textures/flatlist/_win/micro_film_cor02.bmp.ctxr,textures/flatlist/_win,micro_film_cor02.bmp.ctxr,micro_film_cor02.bmp,ctxr,736,6d8c5c37a7b4e5bfd0047a2edea1bdabaf2959f4
textures/flatlist/_win/micro_film_cor03.bmp.ctxr,textures/flatlist/_win,micro_film_cor03.bmp.ctxr,micro_film_cor03.bmp,ctxr,1280,1ca6e997300deef2383091d5f5e0be6b4a33b6a5
textures/flatlist/_win/micro_film_film01.bmp.ctxr,textures/flatlist/_win,micro_film_film01.bmp.ctxr,micro_film_film01.bmp,ctxr,7424,9a270c394427a4c95719e6e281fabaed5694b653
textures/flatlist/_win/micro_film_film02.bmp.ctxr,textures/flatlist/_win,micro_film_film02.bmp.ctxr,micro_film_film02.bmp,ctxr,7424,f92f3f1343047a26ec903ac225980566667e3334
textures/flatlist/_win/micro_film_film03.bmp.ctxr,textures/flatlist/_win,micro_film_film03.bmp.ctxr,micro_film_film03.bmp,ctxr,7424,ca15df1aeeb33b2f670081b5f438d1ed1aae5cb9
textures/flatlist/_win/micro_film_film04.bmp.ctxr,textures/flatlist/_win,micro_film_film04.bmp.ctxr,micro_film_film04.bmp,ctxr,7424,5860bb4cdc8aeaf294b5a1dbee75c3cdd179fa69
textures/flatlist/_win/micro_film_film05.bmp.ctxr,textures/flatlist/_win,micro_film_film05.bmp.ctxr,micro_film_film05.bmp,ctxr,12576,a7d022d3dfc18f3024f2282db9e393d8c0be5604
textures/flatlist/_win/micro_film_film06.bmp.ctxr,textures/flatlist/_win,micro_film_film06.bmp.ctxr,micro_film_film06.bmp,ctxr,7424,e76a2a12e7456b0ffefbd04711b1a8e1c05dd188
textures/flatlist/_win/micro_film_side.bmp.ctxr,textures/flatlist/_win,micro_film_side.bmp.ctxr,micro_film_side.bmp,ctxr,2336,39b9c165518d8ee0e77c7c15b80d9ffb2eecad63
textures/flatlist/_win/micro_film_sideb.bmp.ctxr,textures/flatlist/_win,micro_film_sideb.bmp.ctxr,micro_film_sideb.bmp,ctxr,2336,44ce9277ceb7e0ca181a87e3c18585a51c52cfee
textures/flatlist/_win/mic_a.bmp.ctxr,textures/flatlist/_win,mic_a.bmp.ctxr,mic_a.bmp,ctxr,175168,b8b3862be5fa87dff864af3a4773bec65c8fd1fd
textures/flatlist/_win/mig_arm.bmp.ctxr,textures/flatlist/_win,mig_arm.bmp.ctxr,mig_arm.bmp,ctxr,54976,b10aa2d788c022e017c59918de14794f91097ea9
textures/flatlist/_win/mig_body.bmp.ctxr,textures/flatlist/_win,mig_body.bmp.ctxr,mig_body.bmp,ctxr,224288,c38e394d3e850e7ae58a0797774532c8062d8a38
textures/flatlist/_win/mig_body_leg.bmp.ctxr,textures/flatlist/_win,mig_body_leg.bmp.ctxr,mig_body_leg.bmp,ctxr,125952,d5ca37e06ad31c9b0fb7c99d7a3dca7a5ee11ea0
textures/flatlist/_win/mig_foot.bmp.ctxr,textures/flatlist/_win,mig_foot.bmp.ctxr,mig_foot.bmp,ctxr,16992,41f1a6d1699b4c18a49ac785dd0492be166a08ae
textures/flatlist/_win/mig_foot_r.bmp.ctxr,textures/flatlist/_win,mig_foot_r.bmp.ctxr,mig_foot_r.bmp,ctxr,11040,3684146d0c588e5be72dbd26f0da6cbb8e63f5dc
textures/flatlist/_win/mig_hand2_ovl_sub_alp.bmp.ctxr,textures/flatlist/_win,mig_hand2_ovl_sub_alp.bmp.ctxr,mig_hand2_ovl_sub_alp.bmp,ctxr,65696,a90a197cf1c1c0aa1a30a3914bd0f2a8e9dd0858
textures/flatlist/_win/mig_hel_ovl_sub_alp.bmp.ctxr,textures/flatlist/_win,mig_hel_ovl_sub_alp.bmp.ctxr,mig_hel_ovl_sub_alp.bmp,ctxr,41120,9226aedb9ccac973bbb8fb55a0b2a94be39b925b
textures/flatlist/_win/mig_met.bmp.ctxr,textures/flatlist/_win,mig_met.bmp.ctxr,mig_met.bmp,ctxr,54976,f9054bc7ed6d95f31786cee8b88a3643c67cd2d5
textures/flatlist/_win/mig_napalm.bmp.ctxr,textures/flatlist/_win,mig_napalm.bmp.ctxr,mig_napalm.bmp,ctxr,61760,d03dbf7316ce9ae987f5fc2dc9497bc654fb803b
textures/flatlist/_win/mig_over_helm_ovl_sub_alp.bmp.ctxr,textures/flatlist/_win,mig_over_helm_ovl_sub_alp.bmp.ctxr,mig_over_helm_ovl_sub_alp.bmp,ctxr,4256,7a04c0fac8f8ad84b6d69cc065452971c5567001
textures/flatlist/_win/mig_tube.bmp.ctxr,textures/flatlist/_win,mig_tube.bmp.ctxr,mig_tube.bmp,ctxr,5056,b92e5fb676798df5fc957ed5ba4514f7e36efb88
textures/flatlist/_win/mig_tube1.bmp.ctxr,textures/flatlist/_win,mig_tube1.bmp.ctxr,mig_tube1.bmp,ctxr,8128,8841e29507dafe82cff29d8bd6adbe82a48f5cf7
textures/flatlist/_win/mig_tube2.bmp.ctxr,textures/flatlist/_win,mig_tube2.bmp.ctxr,mig_tube2.bmp,ctxr,8128,c43ce63a6d700de04593492d0e18447a0f6bb3c4
textures/flatlist/_win/mirrar.bmp.ctxr,textures/flatlist/_win,mirrar.bmp.ctxr,mirrar.bmp,ctxr,8640,f4b9b50e3fb2d25e0dd5f5f185367821268b955d
textures/flatlist/_win/mirrar.bmp_5e5aee36a8ebf4ebbaf02cd7244211cf.ctxr,textures/flatlist/_win,mirrar.bmp_5e5aee36a8ebf4ebbaf02cd7244211cf.ctxr,mirrar.bmp_5e5aee36a8ebf4ebbaf02cd7244211cf,ctxr,8640,44393694cc5ad6f92e859bdf995d996383235a78
textures/flatlist/_win/misile_case00.bmp.ctxr,textures/flatlist/_win,misile_case00.bmp.ctxr,misile_case00.bmp,ctxr,20768,f8c8f0a3370c62ece1e4a6635459409835a1361e
textures/flatlist/_win/misile_grass_00_alp_ovl.bmp.ctxr,textures/flatlist/_win,misile_grass_00_alp_ovl.bmp.ctxr,misile_grass_00_alp_ovl.bmp,ctxr,37184,d3e661af129e25a448e1b9ade701a7b7af9e62b4
textures/flatlist/_win/misile_paper00_alp_ovl.bmp.ctxr,textures/flatlist/_win,misile_paper00_alp_ovl.bmp.ctxr,misile_paper00_alp_ovl.bmp,ctxr,60416,e1f7fe27bd5b52813086c5af160f627a0ca78f20
textures/flatlist/_win/misile_picture00.bmp.ctxr,textures/flatlist/_win,misile_picture00.bmp.ctxr,misile_picture00.bmp,ctxr,8480,18f76d2e6e92c5af40fc74329d3ac72b7533576b
textures/flatlist/_win/misile_picture01.bmp.ctxr,textures/flatlist/_win,misile_picture01.bmp.ctxr,misile_picture01.bmp,ctxr,8480,96272ae1e6e3bc2b9a9e2e66eefd96bbf43f3f17
textures/flatlist/_win/misile_ss1c_01.bmp.ctxr,textures/flatlist/_win,misile_ss1c_01.bmp.ctxr,misile_ss1c_01.bmp,ctxr,69984,512cc36234ff1cda46171298fdcdda1104cc3af3
textures/flatlist/_win/misile_ss1c_02.bmp.ctxr,textures/flatlist/_win,misile_ss1c_02.bmp.ctxr,misile_ss1c_02.bmp,ctxr,49504,5fd0e040787471cbfa43407b2f9599707c176270
textures/flatlist/_win/misile_ss1c_03.bmp.ctxr,textures/flatlist/_win,misile_ss1c_03.bmp.ctxr,misile_ss1c_03.bmp,ctxr,31040,30f67027dd31c929bf646ef33301d766656ac0e8
textures/flatlist/_win/mlk_def_fbody.bmp.ctxr,textures/flatlist/_win,mlk_def_fbody.bmp.ctxr,mlk_def_fbody.bmp,ctxr,16768,6bc5d7eaf3b1ac1eb891558474622ed2397e20c4
textures/flatlist/_win/mlk_def_mouth.bmp.ctxr,textures/flatlist/_win,mlk_def_mouth.bmp.ctxr,mlk_def_mouth.bmp,ctxr,7104,c381f42543eaa16aac59c654554d5bd693439fd8
textures/flatlist/_win/mlk_def_ubody.bmp.ctxr,textures/flatlist/_win,mlk_def_ubody.bmp.ctxr,mlk_def_ubody.bmp,ctxr,38592,2a06965e5c77f3e53ca8f616ca590f16529796a8
textures/flatlist/_win/mnt_arm_def.bmp.ctxr,textures/flatlist/_win,mnt_arm_def.bmp.ctxr,mnt_arm_def.bmp,ctxr,27616,cee6fab1c473f0e02a767c0e0eb18b42fb3be119
textures/flatlist/_win/mnt_def_eye_close_a.bmp.ctxr,textures/flatlist/_win,mnt_def_eye_close_a.bmp.ctxr,mnt_def_eye_close_a.bmp,ctxr,4384,493ba7ded751f335b2efb8ca49352e8e44480e97
textures/flatlist/_win/mnt_def_eye_close_b.bmp.ctxr,textures/flatlist/_win,mnt_def_eye_close_b.bmp.ctxr,mnt_def_eye_close_b.bmp,ctxr,4384,aa9c0e4190b853b6c5d7805af664519db530fa9f
textures/flatlist/_win/mnt_def_eye_close_c.bmp.ctxr,textures/flatlist/_win,mnt_def_eye_close_c.bmp.ctxr,mnt_def_eye_close_c.bmp,ctxr,4384,f8094e8ea238db1e2ada510298a083b7c883bce4
textures/flatlist/_win/mnt_def_eye_close_d.bmp.ctxr,textures/flatlist/_win,mnt_def_eye_close_d.bmp.ctxr,mnt_def_eye_close_d.bmp,ctxr,4384,5d1fbc8f10687fd64fbd0e1cea150ca2212ba276
textures/flatlist/_win/mnt_def_eye_close_e.bmp.ctxr,textures/flatlist/_win,mnt_def_eye_close_e.bmp.ctxr,mnt_def_eye_close_e.bmp,ctxr,4384,4dfb8761aa918ff4527d2353e4d8c3dde398bb04
textures/flatlist/_win/mnt_def_eye_def_a.bmp.ctxr,textures/flatlist/_win,mnt_def_eye_def_a.bmp.ctxr,mnt_def_eye_def_a.bmp,ctxr,4384,83d61e2dfba05126848f016db13d7c53e3ee76ae
textures/flatlist/_win/mnt_def_eye_def_b.bmp.ctxr,textures/flatlist/_win,mnt_def_eye_def_b.bmp.ctxr,mnt_def_eye_def_b.bmp,ctxr,4384,f1afbaf8eefe8186d1f1759ac5c43da7bb262ee9
textures/flatlist/_win/mnt_def_eye_def_c.bmp.ctxr,textures/flatlist/_win,mnt_def_eye_def_c.bmp.ctxr,mnt_def_eye_def_c.bmp,ctxr,4384,6a56a38b5a94780bc636ea4a442bc81c3df1fb38
textures/flatlist/_win/mnt_def_eye_def_d.bmp.ctxr,textures/flatlist/_win,mnt_def_eye_def_d.bmp.ctxr,mnt_def_eye_def_d.bmp,ctxr,4384,52f02163f582dc7266b96638f9a70671364ee29a
textures/flatlist/_win/mnt_def_eye_def_e.bmp.ctxr,textures/flatlist/_win,mnt_def_eye_def_e.bmp.ctxr,mnt_def_eye_def_e.bmp,ctxr,4384,53d47aa9150bef95a9f9b61b48c4eb32e9fd86ef
textures/flatlist/_win/mnt_def_eye_mu_a.bmp.ctxr,textures/flatlist/_win,mnt_def_eye_mu_a.bmp.ctxr,mnt_def_eye_mu_a.bmp,ctxr,4384,37c4484cdc0927f606df42858fcab9ee086a2274
textures/flatlist/_win/mnt_def_eye_mu_b.bmp.ctxr,textures/flatlist/_win,mnt_def_eye_mu_b.bmp.ctxr,mnt_def_eye_mu_b.bmp,ctxr,4384,b683ed615e682b5ae853d99a2cf31eeabdc12ced
textures/flatlist/_win/mnt_def_eye_mu_c.bmp.ctxr,textures/flatlist/_win,mnt_def_eye_mu_c.bmp.ctxr,mnt_def_eye_mu_c.bmp,ctxr,4384,95bff05f3517a727882c9e4de5484229be85012e
textures/flatlist/_win/mnt_def_eye_mu_d.bmp.ctxr,textures/flatlist/_win,mnt_def_eye_mu_d.bmp.ctxr,mnt_def_eye_mu_d.bmp,ctxr,4384,e53551b70689527464740901d4fdbff880fb8d8d
textures/flatlist/_win/mnt_def_eye_mu_e.bmp.ctxr,textures/flatlist/_win,mnt_def_eye_mu_e.bmp.ctxr,mnt_def_eye_mu_e.bmp,ctxr,4384,c44aafaeb7347414ac176a51baa2c4890518c5dd
textures/flatlist/_win/mnt_def_eye_open_a.bmp.ctxr,textures/flatlist/_win,mnt_def_eye_open_a.bmp.ctxr,mnt_def_eye_open_a.bmp,ctxr,4384,0d563ee3a8ef33812c7b19e18ceb580818826b22
textures/flatlist/_win/mnt_def_eye_open_b.bmp.ctxr,textures/flatlist/_win,mnt_def_eye_open_b.bmp.ctxr,mnt_def_eye_open_b.bmp,ctxr,4384,50313614082f277ed9cecfe7d4fc9187d40828cb
textures/flatlist/_win/mnt_def_eye_open_c.bmp.ctxr,textures/flatlist/_win,mnt_def_eye_open_c.bmp.ctxr,mnt_def_eye_open_c.bmp,ctxr,4384,bcd94438c4687cdfe5c1ea25890a4c83ee300505
textures/flatlist/_win/mnt_def_eye_open_d.bmp.ctxr,textures/flatlist/_win,mnt_def_eye_open_d.bmp.ctxr,mnt_def_eye_open_d.bmp,ctxr,4384,d6b2bf386bc028837ed3e9d7b5eddcac78187c94
textures/flatlist/_win/mnt_def_eye_open_e.bmp.ctxr,textures/flatlist/_win,mnt_def_eye_open_e.bmp.ctxr,mnt_def_eye_open_e.bmp,ctxr,4384,21b362da954e84cff0b7dd8b47944d0860560cb6
textures/flatlist/_win/mnt_def_eye_pain_a.bmp.ctxr,textures/flatlist/_win,mnt_def_eye_pain_a.bmp.ctxr,mnt_def_eye_pain_a.bmp,ctxr,4384,58ca7bc2074cbfe6d2aabbdc7053508f574089ab
textures/flatlist/_win/mnt_def_eye_pain_b.bmp.ctxr,textures/flatlist/_win,mnt_def_eye_pain_b.bmp.ctxr,mnt_def_eye_pain_b.bmp,ctxr,4384,fa495a006f46047a2405b80d2660aecf86de929a
textures/flatlist/_win/mnt_def_eye_pain_c.bmp.ctxr,textures/flatlist/_win,mnt_def_eye_pain_c.bmp.ctxr,mnt_def_eye_pain_c.bmp,ctxr,4384,74f4e7e8dc1a0f32ccef9d9701c73fc8c808b4c5
textures/flatlist/_win/mnt_def_eye_pain_d.bmp.ctxr,textures/flatlist/_win,mnt_def_eye_pain_d.bmp.ctxr,mnt_def_eye_pain_d.bmp,ctxr,4384,dd0cadade4980dc7e4b48b402ea55c413f5c05bd
textures/flatlist/_win/mnt_def_eye_pain_e.bmp.ctxr,textures/flatlist/_win,mnt_def_eye_pain_e.bmp.ctxr,mnt_def_eye_pain_e.bmp,ctxr,4384,6a856bce8145e8ead7693235507da9592a8ff98b
textures/flatlist/_win/mnt_def_eye_white_a.bmp.ctxr,textures/flatlist/_win,mnt_def_eye_white_a.bmp.ctxr,mnt_def_eye_white_a.bmp,ctxr,4384,7be1f424f712f1f64b4a9c226a652df85a8d3fd8
textures/flatlist/_win/mnt_def_eye_white_b.bmp.ctxr,textures/flatlist/_win,mnt_def_eye_white_b.bmp.ctxr,mnt_def_eye_white_b.bmp,ctxr,4384,8c07a62dfab072ac7af7abeee2bad27fa5dd7eaf
textures/flatlist/_win/mnt_def_eye_white_c.bmp.ctxr,textures/flatlist/_win,mnt_def_eye_white_c.bmp.ctxr,mnt_def_eye_white_c.bmp,ctxr,4384,5cdc8ef0c141b19a0a940abb95a718ebfb932c0c
textures/flatlist/_win/mnt_def_eye_white_d.bmp.ctxr,textures/flatlist/_win,mnt_def_eye_white_d.bmp.ctxr,mnt_def_eye_white_d.bmp,ctxr,4384,1756e5acdfd233c601de2e7daef5c28759ec9fa1
textures/flatlist/_win/mnt_shl_def.bmp.ctxr,textures/flatlist/_win,mnt_shl_def.bmp.ctxr,mnt_shl_def.bmp,ctxr,16704,bf7f46c8ebd259cdd143aaa9271fbadaeabe70c8
textures/flatlist/_win/mog_box_04.bmp.ctxr,textures/flatlist/_win,mog_box_04.bmp.ctxr,mog_box_04.bmp,ctxr,699488,4235057b58ce15ddf9b2cedc9519059bbb180e45
textures/flatlist/_win/mog_box_06.bmp.ctxr,textures/flatlist/_win,mog_box_06.bmp.ctxr,mog_box_06.bmp,ctxr,306208,4cb4ea301cda64b01d38a5f6ec01103143268a62
textures/flatlist/_win/mog_box_14.bmp.ctxr,textures/flatlist/_win,mog_box_14.bmp.ctxr,mog_box_14.bmp,ctxr,699488,73164643ff8eb4ad2acec636c2edf74d432cf928
textures/flatlist/_win/mog_box_15.bmp.ctxr,textures/flatlist/_win,mog_box_15.bmp.ctxr,mog_box_15.bmp,ctxr,699488,a499a44e54f031bd04710ffebb83d7e934c19af2
textures/flatlist/_win/mog_box_16.bmp.ctxr,textures/flatlist/_win,mog_box_16.bmp.ctxr,mog_box_16.bmp,ctxr,699488,a36c8ae81fb15f9a499ae981eee096b726c6cb9a
textures/flatlist/_win/mog_box_17.bmp.ctxr,textures/flatlist/_win,mog_box_17.bmp.ctxr,mog_box_17.bmp,ctxr,699488,e33004763329cbeaca48f8938c0f29336f7ec754
textures/flatlist/_win/mog_box_alp_ovl_10.bmp.ctxr,textures/flatlist/_win,mog_box_alp_ovl_10.bmp.ctxr,mog_box_alp_ovl_10.bmp,ctxr,12608,579ba271c433544e4d655f8f21c2e3030b46c3c4
textures/flatlist/_win/mog_box_decal_add_alp_ovl_04.bmp.ctxr,textures/flatlist/_win,mog_box_decal_add_alp_ovl_04.bmp.ctxr,mog_box_decal_add_alp_ovl_04.bmp,ctxr,11264,8babf54af909ae4685672fd6a63e28c727ab18df
textures/flatlist/_win/mog_box_decal_add_alp_ovl_05.bmp.ctxr,textures/flatlist/_win,mog_box_decal_add_alp_ovl_05.bmp.ctxr,mog_box_decal_add_alp_ovl_05.bmp,ctxr,30336,639a7b6511aabe8857b9420c0b341ae38e7e8bb4
textures/flatlist/_win/mog_box_rep_01.bmp.ctxr,textures/flatlist/_win,mog_box_rep_01.bmp.ctxr,mog_box_rep_01.bmp,ctxr,699488,2320cae098338d144a5dded2076a02450507c3c8
textures/flatlist/_win/mog_box_rep_02.bmp.ctxr,textures/flatlist/_win,mog_box_rep_02.bmp.ctxr,mog_box_rep_02.bmp,ctxr,699488,1a6ac1ce6cd28f0de7f5977c61d5756c74729391
textures/flatlist/_win/mog_crane_07.bmp.ctxr,textures/flatlist/_win,mog_crane_07.bmp.ctxr,mog_crane_07.bmp,ctxr,34432,449b8ea1759af2691d2dec62163cd094003c1dca
textures/flatlist/_win/mog_crane_08.bmp.ctxr,textures/flatlist/_win,mog_crane_08.bmp.ctxr,mog_crane_08.bmp,ctxr,16704,85afc94d3fd9d2c66e4339eab53085ddf6e26edc
textures/flatlist/_win/mog_crane_09.bmp.ctxr,textures/flatlist/_win,mog_crane_09.bmp.ctxr,mog_crane_09.bmp,ctxr,8480,46b10dec3793790d1b246e5104a24168a9783e8c
textures/flatlist/_win/mog_crane_11.bmp.ctxr,textures/flatlist/_win,mog_crane_11.bmp.ctxr,mog_crane_11.bmp,ctxr,17696,3e1f98d3d95efa05d4dbd852f67524771dd4c13c
textures/flatlist/_win/mog_crane_alp_ovl03.bmp.ctxr,textures/flatlist/_win,mog_crane_alp_ovl03.bmp.ctxr,mog_crane_alp_ovl03.bmp,ctxr,23552,29a2683df83fdd9935d77dc771a5767d73973d4d
textures/flatlist/_win/mog_deco_alp_ovl_01.bmp.ctxr,textures/flatlist/_win,mog_deco_alp_ovl_01.bmp.ctxr,mog_deco_alp_ovl_01.bmp,ctxr,4864,64bcfb2216ffa1c3df946a5c7c9a52fa420ac5a9
textures/flatlist/_win/mog_door_01.bmp.ctxr,textures/flatlist/_win,mog_door_01.bmp.ctxr,mog_door_01.bmp,ctxr,175168,8b6628f7668f11d87c91ba705e0aeee5e29a1650
textures/flatlist/_win/mog_door_02.bmp.ctxr,textures/flatlist/_win,mog_door_02.bmp.ctxr,mog_door_02.bmp,ctxr,22848,71045a8ba621bc1095494904c0bd6e5b60c313a0
textures/flatlist/_win/mog_duct_02.bmp.ctxr,textures/flatlist/_win,mog_duct_02.bmp.ctxr,mog_duct_02.bmp,ctxr,8512,9d43a10e70091fedb10b4c6a2769e559163d7e8c
textures/flatlist/_win/mog_floor_13.bmp.ctxr,textures/flatlist/_win,mog_floor_13.bmp.ctxr,mog_floor_13.bmp,ctxr,109600,0e59dd8f5be6c609c5b4292db4369d3620bca262
textures/flatlist/_win/mog_floor_13.bmp_dc28576616dbe3fd3befacd767e44ac5.ctxr,textures/flatlist/_win,mog_floor_13.bmp_dc28576616dbe3fd3befacd767e44ac5.ctxr,mog_floor_13.bmp_dc28576616dbe3fd3befacd767e44ac5,ctxr,109600,6416c935de776fe9874962dd5d13fb240259ac0b
textures/flatlist/_win/mog_floor_17.bmp.ctxr,textures/flatlist/_win,mog_floor_17.bmp.ctxr,mog_floor_17.bmp,ctxr,61728,02714685a3a45a859e0ead74a4f7fb1eec0ab06e
textures/flatlist/_win/mog_floor_alp_ovl_06.bmp.ctxr,textures/flatlist/_win,mog_floor_alp_ovl_06.bmp.ctxr,mog_floor_alp_ovl_06.bmp,ctxr,3040,eb65c5991ec99d6b2a543022fdfbbe0f2f5dd06b
textures/flatlist/_win/mog_floor_alp_ovl_20.bmp.ctxr,textures/flatlist/_win,mog_floor_alp_ovl_20.bmp.ctxr,mog_floor_alp_ovl_20.bmp,ctxr,16704,a00f00097387b6f5dd0853fd9a2f8644aafcae45
textures/flatlist/_win/mog_floor_alp_ovl_21.bmp.ctxr,textures/flatlist/_win,mog_floor_alp_ovl_21.bmp.ctxr,mog_floor_alp_ovl_21.bmp,ctxr,8480,003637c6cbbefe8c6c0b241a0188be1e2ab3e607
textures/flatlist/_win/mog_floor_rep_04.bmp.ctxr,textures/flatlist/_win,mog_floor_rep_04.bmp.ctxr,mog_floor_rep_04.bmp,ctxr,1398528,8077fd0fd9292843ea3cff4baa0a58188b6fef75
textures/flatlist/_win/mog_floor_rep_13.bmp.ctxr,textures/flatlist/_win,mog_floor_rep_13.bmp.ctxr,mog_floor_rep_13.bmp,ctxr,175168,6d6890472291d2af0fae3a4124fd072ee0f05771
textures/flatlist/_win/mog_font_alp_ovl_01.bmp.ctxr,textures/flatlist/_win,mog_font_alp_ovl_01.bmp.ctxr,mog_font_alp_ovl_01.bmp,ctxr,14048,e1c1a900f9a4c7e98a2a8231147bdb30f4c716f5
textures/flatlist/_win/mog_gatedoor00.bmp.ctxr,textures/flatlist/_win,mog_gatedoor00.bmp.ctxr,mog_gatedoor00.bmp,ctxr,136864,fff38806dea19ccf3ddc8b0e042609c786d1edd6
textures/flatlist/_win/mog_ladder_step_01.bmp.ctxr,textures/flatlist/_win,mog_ladder_step_01.bmp.ctxr,mog_ladder_step_01.bmp,ctxr,2336,5ec5a9b91ae05ad11060fed8c5ede6effa8669f3
textures/flatlist/_win/mog_lightl_add_alp_05.trans.bmp.ctxr,textures/flatlist/_win,mog_lightl_add_alp_05.trans.bmp.ctxr,mog_lightl_add_alp_05.trans.bmp,ctxr,8512,5acd9daa85bfe8d2184182f4c12e9146e7465855
textures/flatlist/_win/mog_lightl_add_alp_ovl_06.bmp.ctxr,textures/flatlist/_win,mog_lightl_add_alp_ovl_06.bmp.ctxr,mog_lightl_add_alp_ovl_06.bmp,ctxr,992,a986798b778c080cfae08d2d8ec1a8b67f6667b4
textures/flatlist/_win/mog_lightl_decal_add_alp_04.trans.bmp.ctxr,textures/flatlist/_win,mog_lightl_decal_add_alp_04.trans.bmp.ctxr,mog_lightl_decal_add_alp_04.trans.bmp,ctxr,16704,52c3b5f821cec8c4d9357a757543187a2fd3c0c8
textures/flatlist/_win/mog_lightl_decal_add_alp_ovl_07.bmp.ctxr,textures/flatlist/_win,mog_lightl_decal_add_alp_ovl_07.bmp.ctxr,mog_lightl_decal_add_alp_ovl_07.bmp,ctxr,65888,dbec57679d617fb81f48cf1aeb7d618247ef989b
textures/flatlist/_win/mog_lightl_decal_add_alp_ovl_09.bmp.ctxr,textures/flatlist/_win,mog_lightl_decal_add_alp_ovl_09.bmp.ctxr,mog_lightl_decal_add_alp_ovl_09.bmp,ctxr,8480,731a9e5ff81a6853a93b90d57846ebe148e3d905
textures/flatlist/_win/mog_light_decal_add_alp_ovl_06.bmp.ctxr,textures/flatlist/_win,mog_light_decal_add_alp_ovl_06.bmp.ctxr,mog_light_decal_add_alp_ovl_06.bmp,ctxr,4384,78815433c1f265315c95d83361061f09269b9036
textures/flatlist/_win/mog_light_decal_add_alp_ovl_08.bmp.ctxr,textures/flatlist/_win,mog_light_decal_add_alp_ovl_08.bmp.ctxr,mog_light_decal_add_alp_ovl_08.bmp,ctxr,26560,b53e694ef58ca0271b4e1b30cf4b92166457220f
textures/flatlist/_win/mog_light_decal_add_alp_ovl_12.bmp.ctxr,textures/flatlist/_win,mog_light_decal_add_alp_ovl_12.bmp.ctxr,mog_light_decal_add_alp_ovl_12.bmp,ctxr,33088,045dac2044b9352072de27e5a15c83e12016f30a
textures/flatlist/_win/mog_obj_02.bmp.ctxr,textures/flatlist/_win,mog_obj_02.bmp.ctxr,mog_obj_02.bmp,ctxr,33088,08ae18b709e540459252a572d52a270061a181a7
textures/flatlist/_win/mog_pillar_04.bmp.ctxr,textures/flatlist/_win,mog_pillar_04.bmp.ctxr,mog_pillar_04.bmp,ctxr,22176,4d6eff7564d1f53b2901e68fdb0ffc43afb3500a
textures/flatlist/_win/mog_pillar_05.bmp.ctxr,textures/flatlist/_win,mog_pillar_05.bmp.ctxr,mog_pillar_05.bmp,ctxr,6432,7596adbb56437f71b5948395403908c51064527d
textures/flatlist/_win/mog_pillar_06.bmp.ctxr,textures/flatlist/_win,mog_pillar_06.bmp.ctxr,mog_pillar_06.bmp,ctxr,44096,f0c2c36f80fe11eaedfebc91b0584ff6accfb773
textures/flatlist/_win/mog_pillar_07.bmp.ctxr,textures/flatlist/_win,mog_pillar_07.bmp.ctxr,mog_pillar_07.bmp,ctxr,8512,3b88108f9979f9802e62f8000f0dd1238946c4af
textures/flatlist/_win/mog_pillar_08.bmp.ctxr,textures/flatlist/_win,mog_pillar_08.bmp.ctxr,mog_pillar_08.bmp,ctxr,87776,d66fc760cb1f0f0ce68c40abdc5bad11d89787f6
textures/flatlist/_win/mog_pillar_09.bmp.ctxr,textures/flatlist/_win,mog_pillar_09.bmp.ctxr,mog_pillar_09.bmp,ctxr,38528,1f0351eb7844827b8d101b28b32363ca0ac30515
textures/flatlist/_win/mog_pillar_10.bmp.ctxr,textures/flatlist/_win,mog_pillar_10.bmp.ctxr,mog_pillar_10.bmp,ctxr,6464,045db773dad50f409fe4165926814302933aef79
textures/flatlist/_win/mog_pillar_rep_02.bmp.ctxr,textures/flatlist/_win,mog_pillar_rep_02.bmp.ctxr,mog_pillar_rep_02.bmp,ctxr,87776,3834c7ef66b1dd9527ee1cd07b659c6e77830ada
textures/flatlist/_win/mog_rail_04.bmp.ctxr,textures/flatlist/_win,mog_rail_04.bmp.ctxr,mog_rail_04.bmp,ctxr,4384,03fcd8e8e09dcdf7a8bc9d9946251beb5b86bc17
textures/flatlist/_win/mog_rail_06.bmp.ctxr,textures/flatlist/_win,mog_rail_06.bmp.ctxr,mog_rail_06.bmp,ctxr,24896,f24cb37b46678f84513a455af957df0a78241737
textures/flatlist/_win/mog_roof_decal_02.bmp.ctxr,textures/flatlist/_win,mog_roof_decal_02.bmp.ctxr,mog_roof_decal_02.bmp,ctxr,8480,e77eb02f5a512f42506d9214dc4ceb416022f35e
textures/flatlist/_win/mog_sdw_alp_ovl_07.bmp.ctxr,textures/flatlist/_win,mog_sdw_alp_ovl_07.bmp.ctxr,mog_sdw_alp_ovl_07.bmp,ctxr,3072,bf79d84157984ea27f3a4910a5d231640af7a4f6
textures/flatlist/_win/mog_sdw_alp_ovl_07.bmp_77d049969cfa5773411d22bc42892033.ctxr,textures/flatlist/_win,mog_sdw_alp_ovl_07.bmp_77d049969cfa5773411d22bc42892033.ctxr,mog_sdw_alp_ovl_07.bmp_77d049969cfa5773411d22bc42892033,ctxr,3072,a9b1d0187ad1a7a814cca401f24d21d3f814e709
textures/flatlist/_win/mog_sdw_alp_ovl_14.bmp.ctxr,textures/flatlist/_win,mog_sdw_alp_ovl_14.bmp.ctxr,mog_sdw_alp_ovl_14.bmp,ctxr,12576,e14fea5ef19db240040db6b16c43e6dc7a1ff3c6
textures/flatlist/_win/mog_sdw_alp_ovl_17.bmp.ctxr,textures/flatlist/_win,mog_sdw_alp_ovl_17.bmp.ctxr,mog_sdw_alp_ovl_17.bmp,ctxr,2368,6f9a0899db1206c03104a0e94312fe66b126d545
textures/flatlist/_win/mog_stain_alp_ovl_03.bmp.ctxr,textures/flatlist/_win,mog_stain_alp_ovl_03.bmp.ctxr,mog_stain_alp_ovl_03.bmp,ctxr,65888,3fb243d45944fd8540e1c9e0223987d9df90f616
textures/flatlist/_win/mog_step_02.bmp.ctxr,textures/flatlist/_win,mog_step_02.bmp.ctxr,mog_step_02.bmp,ctxr,175168,33d0c9975bf19aa8acdeada38bde7a22f2e6c39d
textures/flatlist/_win/mog_step_alp_ovl_03.bmp.ctxr,textures/flatlist/_win,mog_step_alp_ovl_03.bmp.ctxr,mog_step_alp_ovl_03.bmp,ctxr,68608,176b4258a2d2b28b3ef69f1904e67fde8ef2b547
textures/flatlist/_win/mog_step_alp_ovl_04.bmp.ctxr,textures/flatlist/_win,mog_step_alp_ovl_04.bmp.ctxr,mog_step_alp_ovl_04.bmp,ctxr,33120,3f88d63daad9e2d7e18cb4a0ca32783fd8657925
textures/flatlist/_win/mog_wall_13.bmp_9ecb33588af54a5e16bdc5e694a5a3a3.ctxr,textures/flatlist/_win,mog_wall_13.bmp_9ecb33588af54a5e16bdc5e694a5a3a3.ctxr,mog_wall_13.bmp_9ecb33588af54a5e16bdc5e694a5a3a3,ctxr,87744,efe3b6fb082b85cebf6eda7fe02738fa678b86d1
textures/flatlist/_win/mog_wall_16.bmp.ctxr,textures/flatlist/_win,mog_wall_16.bmp.ctxr,mog_wall_16.bmp,ctxr,20800,ec51ac300df9dbbe6c1800c64185b80395d4d26a
textures/flatlist/_win/mog_wall_rep_01.bmp.ctxr,textures/flatlist/_win,mog_wall_rep_01.bmp.ctxr,mog_wall_rep_01.bmp,ctxr,1398528,45780f8a4bacdbaba9791de0bb6486c89d510f4c
textures/flatlist/_win/mog_wall_rep_04.bmp.ctxr,textures/flatlist/_win,mog_wall_rep_04.bmp.ctxr,mog_wall_rep_04.bmp,ctxr,349920,9b7ed1c17599453ad991fd632b10018f99bc04e9
textures/flatlist/_win/mog_wall_rep_08.bmp.ctxr,textures/flatlist/_win,mog_wall_rep_08.bmp.ctxr,mog_wall_rep_08.bmp,ctxr,699488,9930eb1c8e851c392a38dbf0e51351e954b3628a
textures/flatlist/_win/mog_wall_rep_10.bmp.ctxr,textures/flatlist/_win,mog_wall_rep_10.bmp.ctxr,mog_wall_rep_10.bmp,ctxr,349952,4b735474fb42aaf4cb0f464063382f57304fceaa
textures/flatlist/_win/mog_wall_rep_13.bmp_c8d1251ac2253f04c5f11f8e7e244b6f.ctxr,textures/flatlist/_win,mog_wall_rep_13.bmp_c8d1251ac2253f04c5f11f8e7e244b6f.ctxr,mog_wall_rep_13.bmp_c8d1251ac2253f04c5f11f8e7e244b6f,ctxr,349920,a2c3683d7c4792135bf4e481bc111b142128f03b
textures/flatlist/_win/mon_tex.bmp.ctxr,textures/flatlist/_win,mon_tex.bmp.ctxr,mon_tex.bmp,ctxr,175168,31a11d3a1e76edd7bc2e4523e5cd6f6958738c79
textures/flatlist/_win/moon_s002a_alp_ovl.bmp.ctxr,textures/flatlist/_win,moon_s002a_alp_ovl.bmp.ctxr,moon_s002a_alp_ovl.bmp,ctxr,49472,d56b586c69caefd1ccc5dbae8bac2fdae0392a39
textures/flatlist/_win/mor_def.bmp.ctxr,textures/flatlist/_win,mor_def.bmp.ctxr,mor_def.bmp,ctxr,33088,d6cb03ebecee54c11bfdb7c3b80a69a2efc49da1
textures/flatlist/_win/mr_light_a00_alp_ovl.bmp.ctxr,textures/flatlist/_win,mr_light_a00_alp_ovl.bmp.ctxr,mr_light_a00_alp_ovl.bmp,ctxr,49472,e4fa17cb3a95c25da8219fa42f1c19070ff87e6a
textures/flatlist/_win/msa_def_ear.bmp.ctxr,textures/flatlist/_win,msa_def_ear.bmp.ctxr,msa_def_ear.bmp,ctxr,9632,adeb98d061bc5201e338a943fbbbc73bc072aebc
textures/flatlist/_win/msn_ngn_b.bmp.ctxr,textures/flatlist/_win,msn_ngn_b.bmp.ctxr,msn_ngn_b.bmp,ctxr,175168,0b6f1d8200317e7a99e35111b00f1e4418b12cf0
textures/flatlist/_win/msn_ngn_d.bmp.ctxr,textures/flatlist/_win,msn_ngn_d.bmp.ctxr,msn_ngn_d.bmp,ctxr,175168,ae7872c6f6711429ff883215019fd50e88f92d51
textures/flatlist/_win/mushrooms_under1.bmp.ctxr,textures/flatlist/_win,mushrooms_under1.bmp.ctxr,mushrooms_under1.bmp,ctxr,12576,16a25eed1ae90767795ac89c7c78928f78ece9d9
textures/flatlist/_win/mushrooms_under1_2.bmp.ctxr,textures/flatlist/_win,mushrooms_under1_2.bmp.ctxr,mushrooms_under1_2.bmp,ctxr,12576,fda261448b8e4608a80b9d8cb4492f2994f3a1b4
textures/flatlist/_win/mushrooms_under1_4.bmp.ctxr,textures/flatlist/_win,mushrooms_under1_4.bmp.ctxr,mushrooms_under1_4.bmp,ctxr,12576,5a890b29a2331a0dd7c22524266b850be48a289b
textures/flatlist/_win/mushrooms_under1_r.bmp.ctxr,textures/flatlist/_win,mushrooms_under1_r.bmp.ctxr,mushrooms_under1_r.bmp,ctxr,12576,08848ced1b2ef18097e76a3e7d9da08f82c52934
textures/flatlist/_win/m_rocksfc_a07_rep.bmp.ctxr,textures/flatlist/_win,m_rocksfc_a07_rep.bmp.ctxr,m_rocksfc_a07_rep.bmp,ctxr,5592864,877eba1d0b6fc5186ccf4f4ea555faee41c14edb
textures/flatlist/_win/m_rocksfc_a08_rep.bmp.ctxr,textures/flatlist/_win,m_rocksfc_a08_rep.bmp.ctxr,m_rocksfc_a08_rep.bmp,ctxr,5592864,993905f80f870ab61f53c528338df04665c1d182
textures/flatlist/_win/m_rocksfc_a09_rep.bmp.ctxr,textures/flatlist/_win,m_rocksfc_a09_rep.bmp.ctxr,m_rocksfc_a09_rep.bmp,ctxr,1398528,821f2ad68bd21b7afa356c62afe84677831096b9
textures/flatlist/_win/n033a_irona_under.bmp.ctxr,textures/flatlist/_win,n033a_irona_under.bmp.ctxr,n033a_irona_under.bmp,ctxr,4384,0a52d651f95299470a9a99462c288a7d99824ce4
textures/flatlist/_win/n033a_poster_alp_ovl.bmp.ctxr,textures/flatlist/_win,n033a_poster_alp_ovl.bmp.ctxr,n033a_poster_alp_ovl.bmp,ctxr,16704,b9363c731b26e6a8a24f093ff0b8722509bd5ec3
textures/flatlist/_win/n033a_wall_sdw_alp_ovl.bmp.ctxr,textures/flatlist/_win,n033a_wall_sdw_alp_ovl.bmp.ctxr,n033a_wall_sdw_alp_ovl.bmp,ctxr,8480,c180369f4459510474859c8c2a96fb4c796a21a4
textures/flatlist/_win/nest_l.bmp.ctxr,textures/flatlist/_win,nest_l.bmp.ctxr,nest_l.bmp,ctxr,24896,4393342222a016e143b4591c13839630279e4336
textures/flatlist/_win/nest_ura_full.bmp.ctxr,textures/flatlist/_win,nest_ura_full.bmp.ctxr,nest_ura_full.bmp,ctxr,49472,8ce32109a74ac6bf69809165bbd185ce59efa700
textures/flatlist/_win/nidai01.bmp.ctxr,textures/flatlist/_win,nidai01.bmp.ctxr,nidai01.bmp,ctxr,24704,7235314f43aab4aeb46047966aa262ca8a169125
textures/flatlist/_win/nidai02.bmp.ctxr,textures/flatlist/_win,nidai02.bmp.ctxr,nidai02.bmp,ctxr,4064,dc56ad2063e0bebd1c0f6c3c1466e643f4164f80
textures/flatlist/_win/night_goggle_burendor_sub_alp_ovl.bmp.ctxr,textures/flatlist/_win,night_goggle_burendor_sub_alp_ovl.bmp.ctxr,night_goggle_burendor_sub_alp_ovl.bmp,ctxr,4256,d9d917e65ca0216151f3b3490db9b9cff2527a99
textures/flatlist/_win/number_a_ovl_alp.bmp.ctxr,textures/flatlist/_win,number_a_ovl_alp.bmp.ctxr,number_a_ovl_alp.bmp,ctxr,34464,be5d3001416edcc43a49789d214b380772b38895
textures/flatlist/_win/number_b_ovl_alp.bmp.ctxr,textures/flatlist/_win,number_b_ovl_alp.bmp.ctxr,number_b_ovl_alp.bmp,ctxr,34464,2412dbee455ae5e499266554677a00ef5e6103fe
textures/flatlist/_win/number_eve.bmp.ctxr,textures/flatlist/_win,number_eve.bmp.ctxr,number_eve.bmp,ctxr,10592,5a8549b9a5362cd69838a38902917e9f3816d301
textures/flatlist/_win/number_oce.bmp.ctxr,textures/flatlist/_win,number_oce.bmp.ctxr,number_oce.bmp,ctxr,10592,8901f55b77a825ca3cb6556f59c6f5583bca6514
textures/flatlist/_win/number_oth_a.bmp.ctxr,textures/flatlist/_win,number_oth_a.bmp.ctxr,number_oth_a.bmp,ctxr,10592,72f3d880b74de3bde9ee20e61ffbd06ab6eff987
textures/flatlist/_win/number_oth_b.bmp.ctxr,textures/flatlist/_win,number_oth_b.bmp.ctxr,number_oth_b.bmp,ctxr,10592,d1a633a8da4847dfda7cfb2a69182df54ae09e1e
textures/flatlist/_win/number_oth_c.bmp.ctxr,textures/flatlist/_win,number_oth_c.bmp.ctxr,number_oth_c.bmp,ctxr,10592,789885ee5311d8ef7780408d2b821ec42f9b7e72
textures/flatlist/_win/number_oth_d.bmp.ctxr,textures/flatlist/_win,number_oth_d.bmp.ctxr,number_oth_d.bmp,ctxr,10592,f18fab81828096345ed9535b1896f9b95baf71cc
textures/flatlist/_win/number_oth_e.bmp.ctxr,textures/flatlist/_win,number_oth_e.bmp.ctxr,number_oth_e.bmp,ctxr,10592,02c8389731e34478b6f16b1b422cfff152a374e8
textures/flatlist/_win/number_oth_f.bmp.ctxr,textures/flatlist/_win,number_oth_f.bmp.ctxr,number_oth_f.bmp,ctxr,10592,1538bda8282b8608ceebfd607dc597aa3872c056
textures/flatlist/_win/number_ovl_alp.bmp.ctxr,textures/flatlist/_win,number_ovl_alp.bmp.ctxr,number_ovl_alp.bmp,ctxr,34464,f6b40cf419497c4b20c8042cb810473d127d4814
textures/flatlist/_win/obj279_body.bmp.ctxr,textures/flatlist/_win,obj279_body.bmp.ctxr,obj279_body.bmp,ctxr,699488,82e0ac21ceaf30bc6db87598f7f5e11e3300b57f
textures/flatlist/_win/obj279_body_resize.bmp.ctxr,textures/flatlist/_win,obj279_body_resize.bmp.ctxr,obj279_body_resize.bmp,ctxr,98656,3db8535cd880690a97b8a7cbdb9ce520092e5262
textures/flatlist/_win/obj279_caterpillar_resize.bmp.ctxr,textures/flatlist/_win,obj279_caterpillar_resize.bmp.ctxr,obj279_caterpillar_resize.bmp,ctxr,98656,0e98f21cbd29112619dd49fb7e44f588da7a2a0e
textures/flatlist/_win/obj279_test.bmp.ctxr,textures/flatlist/_win,obj279_test.bmp.ctxr,obj279_test.bmp,ctxr,87776,9ae5b31d5fc422f76e736eb9097723269bcae957
textures/flatlist/_win/obj279_test_resize.bmp.ctxr,textures/flatlist/_win,obj279_test_resize.bmp.ctxr,obj279_test_resize.bmp,ctxr,9504,a2d181e78e0f9a36d46bdbfe955889542bb5d3f1
textures/flatlist/_win/oce_body_belt_alp_ovl.bmp.ctxr,textures/flatlist/_win,oce_body_belt_alp_ovl.bmp.ctxr,oce_body_belt_alp_ovl.bmp,ctxr,8512,f649177198cbcdd92011c2d03820f495499dd4ec
textures/flatlist/_win/oce_def_bere.bmp.ctxr,textures/flatlist/_win,oce_def_bere.bmp.ctxr,oce_def_bere.bmp,ctxr,34432,4c4323f180791cb7681b196423a63d0a5d1829a6
textures/flatlist/_win/oce_def_body_belt.bmp.ctxr,textures/flatlist/_win,oce_def_body_belt.bmp.ctxr,oce_def_body_belt.bmp,ctxr,5376,74a67d8fcf5e84cfa721576e1fdb7c51263df161
textures/flatlist/_win/oce_def_boots1.bmp.ctxr,textures/flatlist/_win,oce_def_boots1.bmp.ctxr,oce_def_boots1.bmp,ctxr,27616,934d9e092ea0aa126848b375e5645eb7dad47af8
textures/flatlist/_win/oce_def_boots1_ovl_sub_alp.bmp.ctxr,textures/flatlist/_win,oce_def_boots1_ovl_sub_alp.bmp.ctxr,oce_def_boots1_ovl_sub_alp.bmp,ctxr,20640,50c4da8969368fa1f22f8e2c60e9b131c77c2309
textures/flatlist/_win/oce_def_boots2_ovl_sub_alp.bmp.ctxr,textures/flatlist/_win,oce_def_boots2_ovl_sub_alp.bmp.ctxr,oce_def_boots2_ovl_sub_alp.bmp,ctxr,9376,fff021b69c5dbfe0d353cc972f4ed61379cc209c
textures/flatlist/_win/oce_def_boots3.bmp.ctxr,textures/flatlist/_win,oce_def_boots3.bmp.ctxr,oce_def_boots3.bmp,ctxr,12576,805609b3fe57016e605c31f80be8f2cce3a5f383
textures/flatlist/_win/oce_def_boots3_ovl_sub_alp.bmp.ctxr,textures/flatlist/_win,oce_def_boots3_ovl_sub_alp.bmp.ctxr,oce_def_boots3_ovl_sub_alp.bmp,ctxr,9376,b75bbbfffe46b997af40170d46c20279a3afcb60
textures/flatlist/_win/oce_def_boots4.bmp.ctxr,textures/flatlist/_win,oce_def_boots4.bmp.ctxr,oce_def_boots4.bmp,ctxr,7104,00c20cbfcb95fdabf727951d0777816e480d5750
textures/flatlist/_win/oce_def_boots5_2_alp_ovl.bmp.ctxr,textures/flatlist/_win,oce_def_boots5_2_alp_ovl.bmp.ctxr,oce_def_boots5_2_alp_ovl.bmp,ctxr,2368,ced2384ff34fc8714b695f7026e09e7ff54ead18
textures/flatlist/_win/oce_def_bullet1.bmp.ctxr,textures/flatlist/_win,oce_def_bullet1.bmp.ctxr,oce_def_bullet1.bmp,ctxr,1120,4ff58c4b3fc31307497e6f32f3f3d3fe209e731f
textures/flatlist/_win/oce_def_bullstrap_ovl_mod1120_alp_emap.bmp.ctxr,textures/flatlist/_win,oce_def_bullstrap_ovl_mod1120_alp_emap.bmp.ctxr,oce_def_bullstrap_ovl_mod1120_alp_emap.bmp,ctxr,3328,6e46e2a085787c11efb8c0a78398bb18c7d6e7e2
textures/flatlist/_win/oce_def_bull_cap.bmp.ctxr,textures/flatlist/_win,oce_def_bull_cap.bmp.ctxr,oce_def_bull_cap.bmp,ctxr,4032,a01979cf1b54ff590f20e2c800f58f92d4e9cd1e
textures/flatlist/_win/oce_def_bull_cap_ovl_sub_alp.bmp.ctxr,textures/flatlist/_win,oce_def_bull_cap_ovl_sub_alp.bmp.ctxr,oce_def_bull_cap_ovl_sub_alp.bmp,ctxr,2976,e2889226c4e6cb8c139fd9dc4bdbf70dedda5209
textures/flatlist/_win/oce_def_eye_ovl_sub_alp.bmp.ctxr,textures/flatlist/_win,oce_def_eye_ovl_sub_alp.bmp.ctxr,oce_def_eye_ovl_sub_alp.bmp,ctxr,4256,ccf7d710e9bec23b80f874bea53f86197ed34b05
textures/flatlist/_win/oce_def_face.bmp.ctxr,textures/flatlist/_win,oce_def_face.bmp.ctxr,oce_def_face.bmp,ctxr,2796672,98609f19f766130405900dd1905af193fcf8e218
textures/flatlist/_win/oce_def_face_ovl_sub_alp.bmp.ctxr,textures/flatlist/_win,oce_def_face_ovl_sub_alp.bmp.ctxr,oce_def_face_ovl_sub_alp.bmp,ctxr,279712,33fab84f38e0b1ac63d645f10a94eb00c9c5e7e7
textures/flatlist/_win/oce_def_face_slap_ovl_alp.bmp.ctxr,textures/flatlist/_win,oce_def_face_slap_ovl_alp.bmp.ctxr,oce_def_face_slap_ovl_alp.bmp,ctxr,41280,887d7e1691a24c6af4d0b7c2f1b9eeacff4f7c58
textures/flatlist/_win/oce_def_grene-do.bmp.ctxr,textures/flatlist/_win,oce_def_grene-do.bmp.ctxr,oce_def_grene-do.bmp,ctxr,7936,4655a29ced1a167a664b2cea20a6e2498dd13549
textures/flatlist/_win/oce_def_gun.bmp.ctxr,textures/flatlist/_win,oce_def_gun.bmp.ctxr,oce_def_gun.bmp,ctxr,18048,252e32d9a42bfe2518080fafebc7ffabe281a4c8
textures/flatlist/_win/oce_def_gunbelt.bmp.ctxr,textures/flatlist/_win,oce_def_gunbelt.bmp.ctxr,oce_def_gunbelt.bmp,ctxr,11808,9992825338313d7af381ea8b15141c0e269544bd
textures/flatlist/_win/oce_def_mafura.bmp.ctxr,textures/flatlist/_win,oce_def_mafura.bmp.ctxr,oce_def_mafura.bmp,ctxr,109600,f2f7488d7732c961568f52e404979ecf4309bfe1
textures/flatlist/_win/oce_def_matuge_alp_ovl.bmp.ctxr,textures/flatlist/_win,oce_def_matuge_alp_ovl.bmp.ctxr,oce_def_matuge_alp_ovl.bmp,ctxr,13600,436a1341971d632202c2ad51aa181f46b251061f
textures/flatlist/_win/oce_def_pin_alp_ovl.bmp.ctxr,textures/flatlist/_win,oce_def_pin_alp_ovl.bmp.ctxr,oce_def_pin_alp_ovl.bmp,ctxr,27616,be75a99c49d552b31379484128430f12d145495b
textures/flatlist/_win/oce_def_tire_ovl_alp.bmp.ctxr,textures/flatlist/_win,oce_def_tire_ovl_alp.bmp.ctxr,oce_def_tire_ovl_alp.bmp,ctxr,24192,179a9334d17c5199c25c756ed0555c77049565fa
textures/flatlist/_win/oce_def_wanshou.bmp.ctxr,textures/flatlist/_win,oce_def_wanshou.bmp.ctxr,oce_def_wanshou.bmp,ctxr,8512,f93bd774d6d685c7daadffa41afa7ae46c924976
textures/flatlist/_win/operation_room_book.bmp.ctxr,textures/flatlist/_win,operation_room_book.bmp.ctxr,operation_room_book.bmp,ctxr,13344,73efe5070c3f40a6b17aaa5d8ddb5cf92d49e46f
textures/flatlist/_win/operation_room_door.bmp.ctxr,textures/flatlist/_win,operation_room_door.bmp.ctxr,operation_room_door.bmp,ctxr,28960,60a0663fb53c8c7937f569294a5ddf81e55527cd
textures/flatlist/_win/operation_room_f01.bmp.ctxr,textures/flatlist/_win,operation_room_f01.bmp.ctxr,operation_room_f01.bmp,ctxr,27936,d54890c163969d907ddf1bbe1f46ab1fd051d9d0
textures/flatlist/_win/operation_room_f02.bmp.ctxr,textures/flatlist/_win,operation_room_f02.bmp.ctxr,operation_room_f02.bmp,ctxr,27936,88615de060d8b4573192c3bff5a22521461661d1
textures/flatlist/_win/operation_room_f03.bmp.ctxr,textures/flatlist/_win,operation_room_f03.bmp.ctxr,operation_room_f03.bmp,ctxr,37152,192e2bfcf75d6218fb67f6f13dec32c9d8eaa62a
textures/flatlist/_win/operation_room_f04.bmp.ctxr,textures/flatlist/_win,operation_room_f04.bmp.ctxr,operation_room_f04.bmp,ctxr,37152,f210d42da894df7083194fa2b4eebf459d9d3ee4
textures/flatlist/_win/operation_room_f05.bmp.ctxr,textures/flatlist/_win,operation_room_f05.bmp.ctxr,operation_room_f05.bmp,ctxr,37152,97cc62940f0ca860ea71a35549c7fec2ce89ed07
textures/flatlist/_win/operation_room_item01.bmp.ctxr,textures/flatlist/_win,operation_room_item01.bmp.ctxr,operation_room_item01.bmp,ctxr,3712,f64132d7ce9504f78f781915d11f42dee4fb923e
textures/flatlist/_win/operation_room_item02.bmp.ctxr,textures/flatlist/_win,operation_room_item02.bmp.ctxr,operation_room_item02.bmp,ctxr,1984,8c8c0ae181ae1276e39b7503545aca51ed57aa1c
textures/flatlist/_win/operation_room_l04.bmp.ctxr,textures/flatlist/_win,operation_room_l04.bmp.ctxr,operation_room_l04.bmp,ctxr,2624,fedd8da8be1e1294d59d7126c1f06c114f9a30e9
textures/flatlist/_win/operation_room_m.bmp.ctxr,textures/flatlist/_win,operation_room_m.bmp.ctxr,operation_room_m.bmp,ctxr,60416,d8ebfcd5b8932e1b5423ad58a92482aeaa14a08c
textures/flatlist/_win/operation_room_ms_alp_ovl.bmp.ctxr,textures/flatlist/_win,operation_room_ms_alp_ovl.bmp.ctxr,operation_room_ms_alp_ovl.bmp,ctxr,35104,949d896ec3f34f79cd8d64ea041c5791b7165722
textures/flatlist/_win/operation_room_r01.bmp.ctxr,textures/flatlist/_win,operation_room_r01.bmp.ctxr,operation_room_r01.bmp,ctxr,24896,1f63ec2a5b6a9880b236b8169592acd6eb0e7a75
textures/flatlist/_win/operation_room_r02.bmp.ctxr,textures/flatlist/_win,operation_room_r02.bmp.ctxr,operation_room_r02.bmp,ctxr,24896,0e42f61a245ee81febb2fd659567cd3b9c279917
textures/flatlist/_win/operation_room_r03.bmp.ctxr,textures/flatlist/_win,operation_room_r03.bmp.ctxr,operation_room_r03.bmp,ctxr,24896,614366f3d719236315aabe51910ebe6252883456
textures/flatlist/_win/operation_room_r04.bmp.ctxr,textures/flatlist/_win,operation_room_r04.bmp.ctxr,operation_room_r04.bmp,ctxr,34080,00e2c4acc58e450cf99a78bc9d0f6749a5762912
textures/flatlist/_win/operation_room_r05.bmp.ctxr,textures/flatlist/_win,operation_room_r05.bmp.ctxr,operation_room_r05.bmp,ctxr,34080,42985d835fb832c9526eeca6c2d20adbc2efd8df
textures/flatlist/_win/operation_room_r06.bmp.ctxr,textures/flatlist/_win,operation_room_r06.bmp.ctxr,operation_room_r06.bmp,ctxr,34080,d7baa49384248715399eac8deb12769d2dd81558
textures/flatlist/_win/operation_room_w01.bmp.ctxr,textures/flatlist/_win,operation_room_w01.bmp.ctxr,operation_room_w01.bmp,ctxr,15648,819d7eab310f27f284efed26857fa98a5a780d7b
textures/flatlist/_win/operation_room_w02.bmp.ctxr,textures/flatlist/_win,operation_room_w02.bmp.ctxr,operation_room_w02.bmp,ctxr,15648,e30728064ff10727cb471cded78325ca9e9f3aa2
textures/flatlist/_win/operation_room_w03.bmp.ctxr,textures/flatlist/_win,operation_room_w03.bmp.ctxr,operation_room_w03.bmp,ctxr,15648,b7c61bd3d34ae4ad57ce94f6d9e6106d34cbea02
textures/flatlist/_win/operation_room_w04.bmp.ctxr,textures/flatlist/_win,operation_room_w04.bmp.ctxr,operation_room_w04.bmp,ctxr,15648,e2c5277312970b5daa778db45e78f3a22e90254d
textures/flatlist/_win/operation_room_w05.bmp.ctxr,textures/flatlist/_win,operation_room_w05.bmp.ctxr,operation_room_w05.bmp,ctxr,31008,dc28063543e03ede4842821078eb8ddb5ef16d53
textures/flatlist/_win/operation_room_w06.bmp.ctxr,textures/flatlist/_win,operation_room_w06.bmp.ctxr,operation_room_w06.bmp,ctxr,31008,f850e0ab8371c306549dfda889fb822647fb15dc
textures/flatlist/_win/operation_room_w07.bmp.ctxr,textures/flatlist/_win,operation_room_w07.bmp.ctxr,operation_room_w07.bmp,ctxr,18048,a3f177b47f72db9f2b05855f13212ab2bead6457
textures/flatlist/_win/operation_room_w08.bmp.ctxr,textures/flatlist/_win,operation_room_w08.bmp.ctxr,operation_room_w08.bmp,ctxr,14656,0c4fa09b9d52d3c16c547cf4ded068baf7f644b5
textures/flatlist/_win/operation_room_w09.bmp.ctxr,textures/flatlist/_win,operation_room_w09.bmp.ctxr,operation_room_w09.bmp,ctxr,12608,e77f45d1c45b297d352118343d9125b7076ee6c0
textures/flatlist/_win/operation_room_w10.bmp.ctxr,textures/flatlist/_win,operation_room_w10.bmp.ctxr,operation_room_w10.bmp,ctxr,18048,f45ca1ac9794b5eb8adef9ad09aaf676661218ca
textures/flatlist/_win/operation_room_w11.bmp.ctxr,textures/flatlist/_win,operation_room_w11.bmp.ctxr,operation_room_w11.bmp,ctxr,37152,dc79d9b7f4434086a1790746599f79f9d3c3dbb1
textures/flatlist/_win/operation_room_w12.bmp.ctxr,textures/flatlist/_win,operation_room_w12.bmp.ctxr,operation_room_w12.bmp,ctxr,12608,46c858def5f24c8a62b9a0f56ef8877ecdc6cb5e
textures/flatlist/_win/operation_room_w13.bmp.ctxr,textures/flatlist/_win,operation_room_w13.bmp.ctxr,operation_room_w13.bmp,ctxr,12608,4a58e12b7219d7e542b58985d3c09bdb230a173f
textures/flatlist/_win/operation_room_w14.bmp.ctxr,textures/flatlist/_win,operation_room_w14.bmp.ctxr,operation_room_w14.bmp,ctxr,3712,00a357bf69101b47270f1970c42c830e3c848a1c
textures/flatlist/_win/operation_room_w16.bmp.ctxr,textures/flatlist/_win,operation_room_w16.bmp.ctxr,operation_room_w16.bmp,ctxr,7136,e410135f8c6fa7b9d1beff58acbd2b8d9bb3adfa
textures/flatlist/_win/operation_room_w17.bmp.ctxr,textures/flatlist/_win,operation_room_w17.bmp.ctxr,operation_room_w17.bmp,ctxr,19424,378b81ff91504517f90024fae47163b4a0c3a9ab
textures/flatlist/_win/operation_room_w18.bmp.ctxr,textures/flatlist/_win,operation_room_w18.bmp.ctxr,operation_room_w18.bmp,ctxr,12608,1c684f267fbb74f1fef6a20233eaaa5a1d9b3893
textures/flatlist/_win/oum_leg_00_col.bmp.ctxr,textures/flatlist/_win,oum_leg_00_col.bmp.ctxr,oum_leg_00_col.bmp,ctxr,13984,aa1499b9c4e00a210e97316d688bc0b637008de5
textures/flatlist/_win/oum_leg_01_col.bmp.ctxr,textures/flatlist/_win,oum_leg_01_col.bmp.ctxr,oum_leg_01_col.bmp,ctxr,4864,c7a2951e7f4ef9ccd0d5b497798ff60199a178d8
textures/flatlist/_win/oum_tail_col_alp_ovl.bmp.ctxr,textures/flatlist/_win,oum_tail_col_alp_ovl.bmp.ctxr,oum_tail_col_alp_ovl.bmp,ctxr,8512,073870e8ecb5a491f25d83a0859a41f92182722c
textures/flatlist/_win/oum_wing_in_alp_ovl_col.bmp.ctxr,textures/flatlist/_win,oum_wing_in_alp_ovl_col.bmp.ctxr,oum_wing_in_alp_ovl_col.bmp,ctxr,41312,5a57c0e08b24f05234bcf2edef91b3376d11a5a6
textures/flatlist/_win/pai_bridge_face_ovl_sub_alp.bmp.ctxr,textures/flatlist/_win,pai_bridge_face_ovl_sub_alp.bmp.ctxr,pai_bridge_face_ovl_sub_alp.bmp,ctxr,131232,da07b19b04e7cd8d0e0ed713e1a4dfe99c54a2a8
textures/flatlist/_win/pai_def_body_ovl_sub_alp.bmp.ctxr,textures/flatlist/_win,pai_def_body_ovl_sub_alp.bmp.ctxr,pai_def_body_ovl_sub_alp.bmp,ctxr,118944,dc2c4a1a2cbe99a086555b6c91fb3ccf2b3fe86c
textures/flatlist/_win/pai_def_boots_ovl_sub_alp.bmp.ctxr,textures/flatlist/_win,pai_def_boots_ovl_sub_alp.bmp.ctxr,pai_def_boots_ovl_sub_alp.bmp,ctxr,41120,a138908c9a31fabaec36fbc46fa115faaee0ec6b
textures/flatlist/_win/pai_def_bp.bmp.ctxr,textures/flatlist/_win,pai_def_bp.bmp.ctxr,pai_def_bp.bmp,ctxr,349920,ccd400ddb4d6512575b73ffb060964a4f33b0e83
textures/flatlist/_win/pai_def_bug_ovl_sub_alp.bmp.ctxr,textures/flatlist/_win,pai_def_bug_ovl_sub_alp.bmp.ctxr,pai_def_bug_ovl_sub_alp.bmp,ctxr,1184,4df69e4bdde7b153547498e0071d74ab4149314e
textures/flatlist/_win/pai_def_face_ovl_sub_alp.bmp.ctxr,textures/flatlist/_win,pai_def_face_ovl_sub_alp.bmp.ctxr,pai_def_face_ovl_sub_alp.bmp,ctxr,2097312,65e54d4e2dc48b05339dbac71cc3f462cb84cae7
textures/flatlist/_win/pai_def_hand_hi_ovl_sub_alp.bmp.ctxr,textures/flatlist/_win,pai_def_hand_hi_ovl_sub_alp.bmp.ctxr,pai_def_hand_hi_ovl_sub_alp.bmp,ctxr,19616,85993c78eebb637b65982fed180501ce8773b803
textures/flatlist/_win/pai_def_hand_low_ovl_sub_alp.bmp.ctxr,textures/flatlist/_win,pai_def_hand_low_ovl_sub_alp.bmp.ctxr,pai_def_hand_low_ovl_sub_alp.bmp,ctxr,19616,c86e9fe9dc0d516d4e872114375c1bd938215621
textures/flatlist/_win/pai_def_mask_h_ovl_alp.bmp.ctxr,textures/flatlist/_win,pai_def_mask_h_ovl_alp.bmp.ctxr,pai_def_mask_h_ovl_alp.bmp,ctxr,2368,ad9b64d87b365fbb9dc78495a692a873b9581d1c
textures/flatlist/_win/pai_def_mask_ovl_sub_alp.bmp.ctxr,textures/flatlist/_win,pai_def_mask_ovl_sub_alp.bmp.ctxr,pai_def_mask_ovl_sub_alp.bmp,ctxr,47776,ba8e6c4af25741051f10b95df65d323eea8f82b5
textures/flatlist/_win/pai_def_matuge_alp_ovl.bmp.ctxr,textures/flatlist/_win,pai_def_matuge_alp_ovl.bmp.ctxr,pai_def_matuge_alp_ovl.bmp,ctxr,13600,db0df0ec329a4988f2c79626475ec8d9c60c33b9
textures/flatlist/_win/paper00_alp_ovl.bmp.ctxr,textures/flatlist/_win,paper00_alp_ovl.bmp.ctxr,paper00_alp_ovl.bmp,ctxr,16704,c64043bd70c34b33ed4afde5df960b6fedc8b938
textures/flatlist/_win/paper_a00_alp_ovl.bmp.ctxr,textures/flatlist/_win,paper_a00_alp_ovl.bmp.ctxr,paper_a00_alp_ovl.bmp,ctxr,7104,a879b6fc38a7bac883c0693fb2f82f930019e34e
textures/flatlist/_win/paper_tracks_00_alp_ovl.bmp.ctxr,textures/flatlist/_win,paper_tracks_00_alp_ovl.bmp.ctxr,paper_tracks_00_alp_ovl.bmp,ctxr,65888,d2bc4bf73e840c19698605e905acac75c73ec0b4
textures/flatlist/_win/paralittle_ovl_alp.bmp.ctxr,textures/flatlist/_win,paralittle_ovl_alp.bmp.ctxr,paralittle_ovl_alp.bmp,ctxr,4384,7ad32346282dd576bad79ee3baaf476439af2138
textures/flatlist/_win/par_def_body.bmp.ctxr,textures/flatlist/_win,par_def_body.bmp.ctxr,par_def_body.bmp,ctxr,41312,661a95e72142798b89410af46d261144543a26c4
textures/flatlist/_win/par_def_leg.bmp.ctxr,textures/flatlist/_win,par_def_leg.bmp.ctxr,par_def_leg.bmp,ctxr,3712,19b14005b6dcfc4b49abf2cd7de73eab9b14010f
textures/flatlist/_win/par_def_leg_01_col.bmp.ctxr,textures/flatlist/_win,par_def_leg_01_col.bmp.ctxr,par_def_leg_01_col.bmp,ctxr,1504,45d2d731ed00703fd53ac0584eb708957ac61e7b
textures/flatlist/_win/par_def_wing_alp_ovl_col.bmp.ctxr,textures/flatlist/_win,par_def_wing_alp_ovl_col.bmp.ctxr,par_def_wing_alp_ovl_col.bmp,ctxr,11264,b763b1088184cc9941e5bba93c8dc77ffce74033
textures/flatlist/_win/par_def_wing_out_alp_ovl_col.bmp.ctxr,textures/flatlist/_win,par_def_wing_out_alp_ovl_col.bmp.ctxr,par_def_wing_out_alp_ovl_col.bmp,ctxr,19904,dab696d27d3597b9c1c19afa279861e7a46ac08e
textures/flatlist/_win/pato.bmp.ctxr,textures/flatlist/_win,pato.bmp.ctxr,pato.bmp,ctxr,175168,962ad205614b219c7a51ee0cf8b408a51f8a199d
textures/flatlist/_win/pca_def_body_ovl_alp.bmp.ctxr,textures/flatlist/_win,pca_def_body_ovl_alp.bmp.ctxr,pca_def_body_ovl_alp.bmp,ctxr,69440,6996d93d5741de49b93278c964758785a9ddbc5f
textures/flatlist/_win/pca_def_wing_ovl_alp.bmp.ctxr,textures/flatlist/_win,pca_def_wing_ovl_alp.bmp.ctxr,pca_def_wing_ovl_alp.bmp,ctxr,99392,7735912df5e840996dc3c581973a8571a7a9d135
textures/flatlist/_win/photo_gra_ota_0.bmp.ctxr,textures/flatlist/_win,photo_gra_ota_0.bmp.ctxr,photo_gra_ota_0.bmp,ctxr,267968,230c3915017a246b8abdccc715df18b38c809e1d
textures/flatlist/_win/picture10.bmp.ctxr,textures/flatlist/_win,picture10.bmp.ctxr,picture10.bmp,ctxr,41280,94dd8d105a1d94e409591735fe47490677144379
textures/flatlist/_win/picture2.bmp.ctxr,textures/flatlist/_win,picture2.bmp.ctxr,picture2.bmp,ctxr,16704,91389da1d409397c220100886e643deb86480e0c
textures/flatlist/_win/picture3.bmp.ctxr,textures/flatlist/_win,picture3.bmp.ctxr,picture3.bmp,ctxr,16704,8eb0b516e5b68947c1757b90378b6093b14dc384
textures/flatlist/_win/picture4.bmp.ctxr,textures/flatlist/_win,picture4.bmp.ctxr,picture4.bmp,ctxr,16704,1e4964663fad476dc59394e90142fa7d0a607740
textures/flatlist/_win/picture5.bmp.ctxr,textures/flatlist/_win,picture5.bmp.ctxr,picture5.bmp,ctxr,16704,64409213084863db297f4a64963addfd3867babe
textures/flatlist/_win/picture6.bmp.ctxr,textures/flatlist/_win,picture6.bmp.ctxr,picture6.bmp,ctxr,16704,329c141386a3cabefaf62e0c0eb8890c91ed98ce
textures/flatlist/_win/picture7.bmp.ctxr,textures/flatlist/_win,picture7.bmp.ctxr,picture7.bmp,ctxr,27616,1e9d1ab9239e461c1ee98ce91b726bd1c7b4eb34
textures/flatlist/_win/picture8.bmp.ctxr,textures/flatlist/_win,picture8.bmp.ctxr,picture8.bmp,ctxr,16704,0835bc807bf636c44d4af413bf66e0a3bf657c38
textures/flatlist/_win/picture9.bmp.ctxr,textures/flatlist/_win,picture9.bmp.ctxr,picture9.bmp,ctxr,41280,09b3aa4af76f40fd0629ef20deac9cc19efd20ba
textures/flatlist/_win/picturel00.bmp.ctxr,textures/flatlist/_win,picturel00.bmp.ctxr,picturel00.bmp,ctxr,30336,e4a42fc2f1130730f088ec0b29cc72a5f76a8784
textures/flatlist/_win/picturel02.bmp.ctxr,textures/flatlist/_win,picturel02.bmp.ctxr,picturel02.bmp,ctxr,30336,d3838c3f1d65a14a4246de94eff9bcbc64f7bfa6
textures/flatlist/_win/picturel03.bmp.ctxr,textures/flatlist/_win,picturel03.bmp.ctxr,picturel03.bmp,ctxr,30336,3ecf4022d48d7745925e1d4630748fd1eddc1b0d
textures/flatlist/_win/picturel04.bmp.ctxr,textures/flatlist/_win,picturel04.bmp.ctxr,picturel04.bmp,ctxr,30336,30043685754d558f55ad9c61a8f917594456f763
textures/flatlist/_win/picturel05.bmp.ctxr,textures/flatlist/_win,picturel05.bmp.ctxr,picturel05.bmp,ctxr,30336,d521d24e7555e0cb113799f360750c68b80fc158
textures/flatlist/_win/picturel06.bmp.ctxr,textures/flatlist/_win,picturel06.bmp.ctxr,picturel06.bmp,ctxr,30336,045483750bb8845112568520920706d1d880d6ca
textures/flatlist/_win/picturem01.bmp.ctxr,textures/flatlist/_win,picturem01.bmp.ctxr,picturem01.bmp,ctxr,18048,4d30358e49003592b33a747d81409dccec9fea98
textures/flatlist/_win/picturem02.bmp.ctxr,textures/flatlist/_win,picturem02.bmp.ctxr,picturem02.bmp,ctxr,18048,15b9424b0c5763cefc9de62bb5842dd139ecd18b
textures/flatlist/_win/picturem03.bmp.ctxr,textures/flatlist/_win,picturem03.bmp.ctxr,picturem03.bmp,ctxr,18048,5df9df2277701b85f97dcac752369e57920fe875
textures/flatlist/_win/picturem04.bmp.ctxr,textures/flatlist/_win,picturem04.bmp.ctxr,picturem04.bmp,ctxr,18048,e7a32bb80334718b66bf16515e174809b5857afd
textures/flatlist/_win/pictures00_alp_ovl.bmp.ctxr,textures/flatlist/_win,pictures00_alp_ovl.bmp.ctxr,pictures00_alp_ovl.bmp,ctxr,33088,3b2c23bb7c9b18e386eb509515d9abe401ad2655
textures/flatlist/_win/pictures00_alp_ovl.bmp_535d92ef8777ab15139d3b7fcd87b17f.ctxr,textures/flatlist/_win,pictures00_alp_ovl.bmp_535d92ef8777ab15139d3b7fcd87b17f.ctxr,pictures00_alp_ovl.bmp_535d92ef8777ab15139d3b7fcd87b17f,ctxr,33088,aeae7a7e67011b657c6016374f84faa9e0b21b55
textures/flatlist/_win/pictures_00.bmp.ctxr,textures/flatlist/_win,pictures_00.bmp.ctxr,pictures_00.bmp,ctxr,31008,4f429f6cbdedc76f30f9f17804c463db8fc5a221
textures/flatlist/_win/pictures_01.bmp.ctxr,textures/flatlist/_win,pictures_01.bmp.ctxr,pictures_01.bmp,ctxr,31008,7d78f2e5f71565181b04573a83f9c31fe7b363b7
textures/flatlist/_win/pictures_02.bmp.ctxr,textures/flatlist/_win,pictures_02.bmp.ctxr,pictures_02.bmp,ctxr,31008,b06f093bac5fb99a4878bc58965842fbc745891c
textures/flatlist/_win/picture_usu_0.bmp.ctxr,textures/flatlist/_win,picture_usu_0.bmp.ctxr,picture_usu_0.bmp,ctxr,60416,f23f485c52ab19771b8496e9d579af06e0de3eba
textures/flatlist/_win/picture_usu_1.bmp.ctxr,textures/flatlist/_win,picture_usu_1.bmp.ctxr,picture_usu_1.bmp,ctxr,60416,1067878751e2016d9f60d826a09b715bc932bb8b
textures/flatlist/_win/picture_usu_2.bmp.ctxr,textures/flatlist/_win,picture_usu_2.bmp.ctxr,picture_usu_2.bmp,ctxr,60416,abf88eea99fd52c0f8fae51deb02f798c2556dd6
textures/flatlist/_win/pipe01.bmp.ctxr,textures/flatlist/_win,pipe01.bmp.ctxr,pipe01.bmp,ctxr,6496,298e048cf19d9f085a6c1bc6c2352609a42a58e9
textures/flatlist/_win/pipe_a00.bmp.ctxr,textures/flatlist/_win,pipe_a00.bmp.ctxr,pipe_a00.bmp,ctxr,27936,4f79cf230529ff7dbab4819a2e80b91ebb8b43ab
textures/flatlist/_win/pipe_bara03_alp_ovl.bmp.ctxr,textures/flatlist/_win,pipe_bara03_alp_ovl.bmp.ctxr,pipe_bara03_alp_ovl.bmp,ctxr,4384,fbd4bc1a81dcab52c0d184c306dd57d96866c0cd
textures/flatlist/_win/pipe_bara04.bmp.ctxr,textures/flatlist/_win,pipe_bara04.bmp.ctxr,pipe_bara04.bmp,ctxr,1280,0614f659cecf748c6418520a8bc59384ec871e3d
textures/flatlist/_win/pipe_sdw_00_alp_ovl.bmp.ctxr,textures/flatlist/_win,pipe_sdw_00_alp_ovl.bmp.ctxr,pipe_sdw_00_alp_ovl.bmp,ctxr,16704,9d1d484ace823d661bf2388b2f7db10b25ce0baa
textures/flatlist/_win/planta00_alp_ovl.bmp_531eec38a029046f9cfaf71dbb726ab8.ctxr,textures/flatlist/_win,planta00_alp_ovl.bmp_531eec38a029046f9cfaf71dbb726ab8.ctxr,planta00_alp_ovl.bmp_531eec38a029046f9cfaf71dbb726ab8,ctxr,45120,3d862a857ebf1631d9611c99f032d7f65d881ae9
textures/flatlist/_win/planta00_alp_ovl.bmp_6ed3f79e7c8195ee5b862429b653710c.ctxr,textures/flatlist/_win,planta00_alp_ovl.bmp_6ed3f79e7c8195ee5b862429b653710c.ctxr,planta00_alp_ovl.bmp_6ed3f79e7c8195ee5b862429b653710c,ctxr,45120,0a7c78ed52cda49e393cc9f5d4f79dd2f43ad67e
textures/flatlist/_win/planta01.bmp_a18c1ddbcccfab68f6f3c6f8156bb000.ctxr,textures/flatlist/_win,planta01.bmp_a18c1ddbcccfab68f6f3c6f8156bb000.ctxr,planta01.bmp_a18c1ddbcccfab68f6f3c6f8156bb000,ctxr,21792,ac7589f6312b7f8ba17ec9ead8543d6fc0c43f83
textures/flatlist/_win/plant_a00_alp_ovl.bmp.ctxr,textures/flatlist/_win,plant_a00_alp_ovl.bmp.ctxr,plant_a00_alp_ovl.bmp,ctxr,41312,fc2331bb492158e61793caa9155cca6806074184
textures/flatlist/_win/plate_a00.bmp.ctxr,textures/flatlist/_win,plate_a00.bmp.ctxr,plate_a00.bmp,ctxr,54976,1736b541517d0530c89e414246f88fe3c4973eff
textures/flatlist/_win/poster_m00_alp_ovl.bmp.ctxr,textures/flatlist/_win,poster_m00_alp_ovl.bmp.ctxr,poster_m00_alp_ovl.bmp,ctxr,45088,717ce531ef7b9812642d364f7734475e23323ac1
textures/flatlist/_win/poster_omake00_alp_ovl.bmp.ctxr,textures/flatlist/_win,poster_omake00_alp_ovl.bmp.ctxr,poster_omake00_alp_ovl.bmp,ctxr,33088,02184b744aac41105c7563cf5598ad69fc4450fb
textures/flatlist/_win/poster_omake00_alp_ovl.bmp_a3cc619ac656df83092e6eb5e5fc2a7a.ctxr,textures/flatlist/_win,poster_omake00_alp_ovl.bmp_a3cc619ac656df83092e6eb5e5fc2a7a.ctxr,poster_omake00_alp_ovl.bmp_a3cc619ac656df83092e6eb5e5fc2a7a,ctxr,59680,19132606984cb175cbcae97f3237153fe4fb3ab4
textures/flatlist/_win/poster_omake01_alp_ovl.bmp.ctxr,textures/flatlist/_win,poster_omake01_alp_ovl.bmp.ctxr,poster_omake01_alp_ovl.bmp,ctxr,33088,e5106f3d7da4c7e333d296a29cd81cd222dae0f5
textures/flatlist/_win/poster_omake02_alp_mod0001_alpx2_ovl.bmp.ctxr,textures/flatlist/_win,poster_omake02_alp_mod0001_alpx2_ovl.bmp.ctxr,poster_omake02_alp_mod0001_alpx2_ovl.bmp,ctxr,175168,a25f614dcde595585d89a5d02e3971901550cbd6
textures/flatlist/_win/poster_ru00_alp_ovl.bmp.ctxr,textures/flatlist/_win,poster_ru00_alp_ovl.bmp.ctxr,poster_ru00_alp_ovl.bmp,ctxr,54976,fd02eaafc58caf6daa1aa112ec950761f1cbe461
textures/flatlist/_win/poster_tirn00_alp_ovl.bmp.ctxr,textures/flatlist/_win,poster_tirn00_alp_ovl.bmp.ctxr,poster_tirn00_alp_ovl.bmp,ctxr,24896,7cb4b0ea7e08201a6e31e623a5f66fa29790d743
textures/flatlist/_win/poster_woman_a01_alp_ovl.bmp.ctxr,textures/flatlist/_win,poster_woman_a01_alp_ovl.bmp.ctxr,poster_woman_a01_alp_ovl.bmp,ctxr,16704,f60ffd2a2864e317d2c7083c84c1a3c76513dc79
textures/flatlist/_win/poster_woman_mod0001_alpx2_ovl.bmp.ctxr,textures/flatlist/_win,poster_woman_mod0001_alpx2_ovl.bmp.ctxr,poster_woman_mod0001_alpx2_ovl.bmp,ctxr,246112,fb82855a6f8bd83bb504e0ead2304b2648c69f4e
textures/flatlist/_win/potted_plant_00.bmp.ctxr,textures/flatlist/_win,potted_plant_00.bmp.ctxr,potted_plant_00.bmp,ctxr,22176,d23b68b15ceed23718d033be9e554bebbd09bc1c
textures/flatlist/_win/potted_plant_02.bmp.ctxr,textures/flatlist/_win,potted_plant_02.bmp.ctxr,potted_plant_02.bmp,ctxr,22176,19252691d179e5492e939a8ce024c58b135476a2
textures/flatlist/_win/pre_suits_add_ovl_alp.bmp.ctxr,textures/flatlist/_win,pre_suits_add_ovl_alp.bmp.ctxr,pre_suits_add_ovl_alp.bmp,ctxr,243552,7779e3dd733d37f53ffbf44d4d8423a5a00ecd9c
textures/flatlist/_win/pulag.bmp.ctxr,textures/flatlist/_win,pulag.bmp.ctxr,pulag.bmp,ctxr,6432,e787203d8530b0b74e7682968d10394842098e10
textures/flatlist/_win/pulag.bmp_7e078eb6468dce7cd1887dd8fa84a9d5.ctxr,textures/flatlist/_win,pulag.bmp_7e078eb6468dce7cd1887dd8fa84a9d5.ctxr,pulag.bmp_7e078eb6468dce7cd1887dd8fa84a9d5,ctxr,6432,39355253ef326b8601bad24d2a2484fe2e20798e
textures/flatlist/_win/radio_4.bmp.ctxr,textures/flatlist/_win,radio_4.bmp.ctxr,radio_4.bmp,ctxr,87744,0d2cdc717e8528e5dfea090b0a0978aecf3be6b8
textures/flatlist/_win/radio_end.bmp.ctxr,textures/flatlist/_win,radio_end.bmp.ctxr,radio_end.bmp,ctxr,349920,f0924a43ffc137cbea79251ca93969b68f097e84
textures/flatlist/_win/radio_glass_sub_ovl_alp.bmp.ctxr,textures/flatlist/_win,radio_glass_sub_ovl_alp.bmp.ctxr,radio_glass_sub_ovl_alp.bmp,ctxr,1184,d856d2aa58904ad2082a8f35fcb8d04ab1bb6584
textures/flatlist/_win/radio_moji.bmp.ctxr,textures/flatlist/_win,radio_moji.bmp.ctxr,radio_moji.bmp,ctxr,87776,21ab6379183876271f9be6d4b76ad42dd820ad25
textures/flatlist/_win/radi_break_bottan.bmp.ctxr,textures/flatlist/_win,radi_break_bottan.bmp.ctxr,radi_break_bottan.bmp,ctxr,87744,d77c6ddc97f3c0197463d80f19ce728382b85e3f
textures/flatlist/_win/radi_break_ita.bmp.ctxr,textures/flatlist/_win,radi_break_ita.bmp.ctxr,radi_break_ita.bmp,ctxr,175168,bf4f2c7756b69ea38f421e0c9a2584f550b81359
textures/flatlist/_win/radi_break_tetsu.bmp.ctxr,textures/flatlist/_win,radi_break_tetsu.bmp.ctxr,radi_break_tetsu.bmp,ctxr,87744,ed644b49d030da2078d15f50bfd48fd7df413d39
textures/flatlist/_win/raiden_01_alp_ovl.bmp.ctxr,textures/flatlist/_win,raiden_01_alp_ovl.bmp.ctxr,raiden_01_alp_ovl.bmp,ctxr,6432,c5e75f5c077d6c2e0e2337857b0ab92824dd76f0
textures/flatlist/_win/raiden_01_mod0001_alpx2_ovl.bmp.ctxr,textures/flatlist/_win,raiden_01_mod0001_alpx2_ovl.bmp.ctxr,raiden_01_mod0001_alpx2_ovl.bmp,ctxr,98656,a7d6581ae7d9d213b741bcdb1d52aa8a9c90e505
textures/flatlist/_win/ration_back.bmp.ctxr,textures/flatlist/_win,ration_back.bmp.ctxr,ration_back.bmp,ctxr,12576,2ee93b65a73fc22a37cd43d5517442931201cb61
textures/flatlist/_win/rattrap_tex.bmp.ctxr,textures/flatlist/_win,rattrap_tex.bmp.ctxr,rattrap_tex.bmp,ctxr,87744,5835759b896776279a53cba772e42b016913d6c2
textures/flatlist/_win/rat_def_body.bmp.ctxr,textures/flatlist/_win,rat_def_body.bmp.ctxr,rat_def_body.bmp,ctxr,251584,6d47bd8e063cf731b05529e45467cf2de182fa43
textures/flatlist/_win/rat_def_parts.bmp.ctxr,textures/flatlist/_win,rat_def_parts.bmp.ctxr,rat_def_parts.bmp,ctxr,98688,70ed9a9b0113f0644f92e91e122c39238636c4c6
textures/flatlist/_win/ray_arm_t1.bmp.ctxr,textures/flatlist/_win,ray_arm_t1.bmp.ctxr,ray_arm_t1.bmp,ctxr,52224,3c2b5623470ea18a0bc31606298b26ad88946db1
textures/flatlist/_win/ray_arm_u_finall.bmp.ctxr,textures/flatlist/_win,ray_arm_u_finall.bmp.ctxr,ray_arm_u_finall.bmp,ctxr,8480,b6320497c55ca813a72fee986dfd145a10d9ac37
textures/flatlist/_win/ray_backpack_t1.bmp.ctxr,textures/flatlist/_win,ray_backpack_t1.bmp.ctxr,ray_backpack_t1.bmp,ctxr,22848,e08601527f7793d7d1031c875b594592c4360b1f
textures/flatlist/_win/ray_body_s1.bmp.ctxr,textures/flatlist/_win,ray_body_s1.bmp.ctxr,ray_body_s1.bmp,ctxr,68608,2412112e1874b4843729f634e28d258d22d74c4a
textures/flatlist/_win/ray_cheek_f1.bmp.ctxr,textures/flatlist/_win,ray_cheek_f1.bmp.ctxr,ray_cheek_f1.bmp,ctxr,1792,b2dafc53af6c2d1137132682b6137bd853eab1aa
textures/flatlist/_win/ray_cheek_inside1.bmp.ctxr,textures/flatlist/_win,ray_cheek_inside1.bmp.ctxr,ray_cheek_inside1.bmp,ctxr,8480,2c916b2fdb56802d3dd603d4b0dcf42c94c84d77
textures/flatlist/_win/ray_chest_f1.bmp.ctxr,textures/flatlist/_win,ray_chest_f1.bmp.ctxr,ray_chest_f1.bmp,ctxr,19424,3489ef6019cfcc5b87985b4974355c454a956c46
textures/flatlist/_win/ray_chin1_u.bmp.ctxr,textures/flatlist/_win,ray_chin1_u.bmp.ctxr,ray_chin1_u.bmp,ctxr,9152,0874de39e16958696ca8841e1f80e1f4313519f8
textures/flatlist/_win/ray_eye_pera.bmp.ctxr,textures/flatlist/_win,ray_eye_pera.bmp.ctxr,ray_eye_pera.bmp,ctxr,1280,ea396dd8b8bc6e22b381d4070c1373427878ddf1
textures/flatlist/_win/ray_face_b1.bmp.ctxr,textures/flatlist/_win,ray_face_b1.bmp.ctxr,ray_face_b1.bmp,ctxr,1280,9aa90dbdb4bda92601c7fbedf3eba0beb3e9c2aa
textures/flatlist/_win/ray_face_s1.bmp.ctxr,textures/flatlist/_win,ray_face_s1.bmp.ctxr,ray_face_s1.bmp,ctxr,12096,46a3e53609fda04f67778d69a6b08d77d9e63016
textures/flatlist/_win/ray_face_s2.bmp.ctxr,textures/flatlist/_win,ray_face_s2.bmp.ctxr,ray_face_s2.bmp,ctxr,19040,0a555b3372292783d74482aae639f13603756343
textures/flatlist/_win/ray_face_t1.bmp.ctxr,textures/flatlist/_win,ray_face_t1.bmp.ctxr,ray_face_t1.bmp,ctxr,19904,f5c5259f22f00aad1b70f8ed23bf3820c0643d9b
textures/flatlist/_win/ray_foot_s.bmp.ctxr,textures/flatlist/_win,ray_foot_s.bmp.ctxr,ray_foot_s.bmp,ctxr,8480,6f03e6654a71913f8252d73321a6cea485d3d6d5
textures/flatlist/_win/ray_forearm_t1.bmp.ctxr,textures/flatlist/_win,ray_forearm_t1.bmp.ctxr,ray_forearm_t1.bmp,ctxr,18048,df1fca304d477acc7a4d8b6d88a8f6185151ca0c
textures/flatlist/_win/ray_hand_u1.bmp.ctxr,textures/flatlist/_win,ray_hand_u1.bmp.ctxr,ray_hand_u1.bmp,ctxr,3712,bf5ffc32723d574bc163c261ca8ab47911d2c6a1
textures/flatlist/_win/ray_hip_f1.bmp.ctxr,textures/flatlist/_win,ray_hip_f1.bmp.ctxr,ray_hip_f1.bmp,ctxr,8480,8d2f8f897a4591a66da7aafc974fcb5700131551
textures/flatlist/_win/ray_leg1_s1.bmp.ctxr,textures/flatlist/_win,ray_leg1_s1.bmp.ctxr,ray_leg1_s1.bmp,ctxr,26912,7d2e6f2a75dd4dedbe6b2b7abd0e46c0541fe065
textures/flatlist/_win/ray_leg2_s1.bmp.ctxr,textures/flatlist/_win,ray_leg2_s1.bmp.ctxr,ray_leg2_s1.bmp,ctxr,47232,61425bd67e666cbe2a6f19698f9bdec59ffd48ea
textures/flatlist/_win/ray_lip_out.bmp.ctxr,textures/flatlist/_win,ray_lip_out.bmp.ctxr,ray_lip_out.bmp,ctxr,2016,2a6bc19a751f3a54861bea68dc3b2f4363d1e658
textures/flatlist/_win/ray_marines_alp_ovl.bmp.ctxr,textures/flatlist/_win,ray_marines_alp_ovl.bmp.ctxr,ray_marines_alp_ovl.bmp,ctxr,4416,1a0e2a1ce7f27880a61bfa6690c0b6f65efd1ad1
textures/flatlist/_win/ray_shoulder_circle.bmp.ctxr,textures/flatlist/_win,ray_shoulder_circle.bmp.ctxr,ray_shoulder_circle.bmp,ctxr,4416,0b270d025d3c89588352d699df8d587770fb99a7
textures/flatlist/_win/ray_tail_s1x.bmp.ctxr,textures/flatlist/_win,ray_tail_s1x.bmp.ctxr,ray_tail_s1x.bmp,ctxr,12608,b09fd286c765f573fad47b97906575628c4ec9d2
textures/flatlist/_win/ray_tail_s2.bmp.ctxr,textures/flatlist/_win,ray_tail_s2.bmp.ctxr,ray_tail_s2.bmp,ctxr,7104,105b6d1594ac52d19b86da9dcb4a19d79d0096ed
textures/flatlist/_win/ray_thigh_b1.bmp.ctxr,textures/flatlist/_win,ray_thigh_b1.bmp.ctxr,ray_thigh_b1.bmp,ctxr,4384,9e9231016495d6a8cd6024645314b6de2783d75a
textures/flatlist/_win/ray_thigh_circle.bmp.ctxr,textures/flatlist/_win,ray_thigh_circle.bmp.ctxr,ray_thigh_circle.bmp,ctxr,3328,56d058497d1fcd04cdaf37d1ea3ec7e1a957a72e
textures/flatlist/_win/ray_thigh_s1.bmp.ctxr,textures/flatlist/_win,ray_thigh_s1.bmp.ctxr,ray_thigh_s1.bmp,ctxr,3328,41bd202024b48f9a39ad36abe6b1872245fa7b23
textures/flatlist/_win/ray_thigh_t1.bmp.ctxr,textures/flatlist/_win,ray_thigh_t1.bmp.ctxr,ray_thigh_t1.bmp,ctxr,125920,c8dbb2fe284f7c2f0afaef839f9cd50807980795
textures/flatlist/_win/ray_thigh_u1.bmp.ctxr,textures/flatlist/_win,ray_thigh_u1.bmp.ctxr,ray_thigh_u1.bmp,ctxr,11072,763493c85e9ad3f7a0ab5e71cc17655cc4a304f4
textures/flatlist/_win/ray_waist_b1x.bmp.ctxr,textures/flatlist/_win,ray_waist_b1x.bmp.ctxr,ray_waist_b1x.bmp,ctxr,8512,e94acf64ae89cd239bed3ace7e81b6fa354116f8
textures/flatlist/_win/ray_waist_s1.bmp.ctxr,textures/flatlist/_win,ray_waist_s1.bmp.ctxr,ray_waist_s1.bmp,ctxr,16704,2b3a05073b33a43f71831acf50c9f37dd56705a5
textures/flatlist/_win/rear_tire04.bmp.ctxr,textures/flatlist/_win,rear_tire04.bmp.ctxr,rear_tire04.bmp,ctxr,3328,8047ddc6f658834994578cb66c2b8a777015a37e
textures/flatlist/_win/reception_desk_top.bmp.ctxr,textures/flatlist/_win,reception_desk_top.bmp.ctxr,reception_desk_top.bmp,ctxr,27616,ed1f5bfc79f510c5758db6aca3bf6126c208d165
textures/flatlist/_win/red_def_ovl_alp.bmp.ctxr,textures/flatlist/_win,red_def_ovl_alp.bmp.ctxr,red_def_ovl_alp.bmp,ctxr,69440,8f47000e7d7f4e70de0ab1a970c8641f0f776318
textures/flatlist/_win/red_def_wing_ovl_alp.bmp.ctxr,textures/flatlist/_win,red_def_wing_ovl_alp.bmp.ctxr,red_def_wing_ovl_alp.bmp,ctxr,91136,a4f75f834e842acaa5e9592ac2cfcbd8c93b09aa
textures/flatlist/_win/rend_fox.bmp.ctxr,textures/flatlist/_win,rend_fox.bmp.ctxr,rend_fox.bmp,ctxr,123424,6feb27c48491e0440377754f03561b3880ea90be
textures/flatlist/_win/renjin01.bmp.ctxr,textures/flatlist/_win,renjin01.bmp.ctxr,renjin01.bmp,ctxr,699488,80e1929b1644e7c6d5d5e97d63103e4abed19016
textures/flatlist/_win/rex_arm_f.bmp.ctxr,textures/flatlist/_win,rex_arm_f.bmp.ctxr,rex_arm_f.bmp,ctxr,3712,279f4541a8c5103627a55c60f2feebd9d558eb95
textures/flatlist/_win/rex_arm_t.bmp.ctxr,textures/flatlist/_win,rex_arm_t.bmp.ctxr,rex_arm_t.bmp,ctxr,8640,903086cd5e1172dc60ae6e526f2709e7c6907091
textures/flatlist/_win/rex_arm_u.bmp.ctxr,textures/flatlist/_win,rex_arm_u.bmp.ctxr,rex_arm_u.bmp,ctxr,1792,9930d87d78e711c039976a716a2471688f13494e
textures/flatlist/_win/rex_cam_f.bmp.ctxr,textures/flatlist/_win,rex_cam_f.bmp.ctxr,rex_cam_f.bmp,ctxr,2016,9d48d705ec1ee447b04227acea4fa7012029029c
textures/flatlist/_win/rex_cam_s.bmp.ctxr,textures/flatlist/_win,rex_cam_s.bmp.ctxr,rex_cam_s.bmp,ctxr,3360,ff67b88c60c5814f1fc2967213b497576f108980
textures/flatlist/_win/rex_cam_t.bmp.ctxr,textures/flatlist/_win,rex_cam_t.bmp.ctxr,rex_cam_t.bmp,ctxr,1504,5349aa5a0d3530cf6c7bff4bf275b44dbaae3bcc
textures/flatlist/_win/rex_cam_u.bmp.ctxr,textures/flatlist/_win,rex_cam_u.bmp.ctxr,rex_cam_u.bmp,ctxr,992,de6ad9c0c11dbc15c75dcd6b68a59cf891499b53
textures/flatlist/_win/rex_chin_f01.bmp.ctxr,textures/flatlist/_win,rex_chin_f01.bmp.ctxr,rex_chin_f01.bmp,ctxr,4352,79f4f3c55bdebffc4f4e7f068841a335604053c1
textures/flatlist/_win/rex_chin_s01.bmp.ctxr,textures/flatlist/_win,rex_chin_s01.bmp.ctxr,rex_chin_s01.bmp,ctxr,17376,545a67af09fc94c14085137130bec6d47543de77
textures/flatlist/_win/rex_chin_u01.bmp.ctxr,textures/flatlist/_win,rex_chin_u01.bmp.ctxr,rex_chin_u01.bmp,ctxr,7936,f27498ad5d36c121d406600fcd737d8301411267
textures/flatlist/_win/rex_chin_u02.bmp.ctxr,textures/flatlist/_win,rex_chin_u02.bmp.ctxr,rex_chin_u02.bmp,ctxr,3040,c4f05e28c394be27cfddb5f4e73fc56946d43377
textures/flatlist/_win/rex_chin_u03.bmp.ctxr,textures/flatlist/_win,rex_chin_u03.bmp.ctxr,rex_chin_u03.bmp,ctxr,2336,b2b97789807122cd912123b9c993803af7fbb879
textures/flatlist/_win/rex_chin_u04.bmp.ctxr,textures/flatlist/_win,rex_chin_u04.bmp.ctxr,rex_chin_u04.bmp,ctxr,1824,76dc88a7d3ca60d7d470e30bfb78d025509b2f94
textures/flatlist/_win/rex_claw_s01.bmp.ctxr,textures/flatlist/_win,rex_claw_s01.bmp.ctxr,rex_claw_s01.bmp,ctxr,1824,f86199057057919cd7f62aac4edb8972e71dbcb2
textures/flatlist/_win/rex_claw_s02.bmp.ctxr,textures/flatlist/_win,rex_claw_s02.bmp.ctxr,rex_claw_s02.bmp,ctxr,672,f29491ea4a42854fd0237ba3b19f0a575ce56662
textures/flatlist/_win/rex_eyes_alp_ovl.bmp.ctxr,textures/flatlist/_win,rex_eyes_alp_ovl.bmp.ctxr,rex_eyes_alp_ovl.bmp,ctxr,7936,63245782844c056b64c3180243e95e3a71abd42f
textures/flatlist/_win/rex_finger_s_alp_ovl.bmp.ctxr,textures/flatlist/_win,rex_finger_s_alp_ovl.bmp.ctxr,rex_finger_s_alp_ovl.bmp,ctxr,8800,2814945df7862cae12149803417ffb2fbcc52285
textures/flatlist/_win/rex_finger_t.bmp.ctxr,textures/flatlist/_win,rex_finger_t.bmp.ctxr,rex_finger_t.bmp,ctxr,1792,49c47714dce7c67bba3ce54d381fb145f47616da
textures/flatlist/_win/rex_gun_body_b.bmp.ctxr,textures/flatlist/_win,rex_gun_body_b.bmp.ctxr,rex_gun_body_b.bmp,ctxr,1248,d66a4a3f32b67feeb9adf2c6699ab1311ccd6040
textures/flatlist/_win/rex_gun_body_f.bmp.ctxr,textures/flatlist/_win,rex_gun_body_f.bmp.ctxr,rex_gun_body_f.bmp,ctxr,1504,240defa57d4403da9ed095eb9865d687f8a74cb8
textures/flatlist/_win/rex_gun_body_s01.bmp.ctxr,textures/flatlist/_win,rex_gun_body_s01.bmp.ctxr,rex_gun_body_s01.bmp,ctxr,5376,742231ce3e8267b894ed4a4ee7ee1597a31ac04a
textures/flatlist/_win/rex_gun_body_s02.bmp.ctxr,textures/flatlist/_win,rex_gun_body_s02.bmp.ctxr,rex_gun_body_s02.bmp,ctxr,5376,16ada4fd158268e6cf9b4145513ab954c47d5ce4
textures/flatlist/_win/rex_gun_body_t.bmp.ctxr,textures/flatlist/_win,rex_gun_body_t.bmp.ctxr,rex_gun_body_t.bmp,ctxr,7136,3c2826541e374daa6fed1d0f1972b532cb81753d
textures/flatlist/_win/rex_gun_body_u.bmp.ctxr,textures/flatlist/_win,rex_gun_body_u.bmp.ctxr,rex_gun_body_u.bmp,ctxr,7136,bb6d8cc41a3891e4af4e60c3025b658a317bdda4
textures/flatlist/_win/rex_gun_f.bmp.ctxr,textures/flatlist/_win,rex_gun_f.bmp.ctxr,rex_gun_f.bmp,ctxr,1120,3b3ba14787854a947c48c468bbf70c84ba32b24e
textures/flatlist/_win/rex_gun_s01.bmp.ctxr,textures/flatlist/_win,rex_gun_s01.bmp.ctxr,rex_gun_s01.bmp,ctxr,2816,6969d00ea92559aa1eb0be39f6ae3699ea73315d
textures/flatlist/_win/rex_head_b01.bmp.ctxr,textures/flatlist/_win,rex_head_b01.bmp.ctxr,rex_head_b01.bmp,ctxr,3232,c9ea6639308ae4c550dcf0bb9405584cb7977cd9
textures/flatlist/_win/rex_head_b02.bmp.ctxr,textures/flatlist/_win,rex_head_b02.bmp.ctxr,rex_head_b02.bmp,ctxr,7936,fe49637ff041de54c0f56f2e5cc22abfe7a0e26c
textures/flatlist/_win/rex_head_b03.bmp.ctxr,textures/flatlist/_win,rex_head_b03.bmp.ctxr,rex_head_b03.bmp,ctxr,3712,f03491cae5f25a329534fdea7ea3bf862e0b3551
textures/flatlist/_win/rex_head_b04.bmp.ctxr,textures/flatlist/_win,rex_head_b04.bmp.ctxr,rex_head_b04.bmp,ctxr,736,9335f7a0ec4d0f8f282345fed3e1a67e9139c865
textures/flatlist/_win/rex_head_f01.bmp.ctxr,textures/flatlist/_win,rex_head_f01.bmp.ctxr,rex_head_f01.bmp,ctxr,4864,55b8a394d8916101174684160c010455fbee0f8e
textures/flatlist/_win/rex_head_f02.bmp.ctxr,textures/flatlist/_win,rex_head_f02.bmp.ctxr,rex_head_f02.bmp,ctxr,6816,6e7985122eb6e0bd5649a9c637f97823b1ba697a
textures/flatlist/_win/rex_head_f03.bmp.ctxr,textures/flatlist/_win,rex_head_f03.bmp.ctxr,rex_head_f03.bmp,ctxr,11040,c4cbd57a9acfe61f297d9bd16de559bdf3fa4053
textures/flatlist/_win/rex_head_f04.bmp.ctxr,textures/flatlist/_win,rex_head_f04.bmp.ctxr,rex_head_f04.bmp,ctxr,9216,b5d6e296a3cf121636944c65471f75726e7152a6
textures/flatlist/_win/rex_head_f05.bmp.ctxr,textures/flatlist/_win,rex_head_f05.bmp.ctxr,rex_head_f05.bmp,ctxr,1280,b8436c3b2b3f42279881f56353bcd149abc827fd
textures/flatlist/_win/rex_head_s01.bmp.ctxr,textures/flatlist/_win,rex_head_s01.bmp.ctxr,rex_head_s01.bmp,ctxr,14144,7a7050bb9b608e989dfa3c48c8144b6035f1fbcf
textures/flatlist/_win/rex_head_s02.bmp.ctxr,textures/flatlist/_win,rex_head_s02.bmp.ctxr,rex_head_s02.bmp,ctxr,26560,c2be52cff3b02bced6e654227bc38adb23a9f75c
textures/flatlist/_win/rex_head_s02in.bmp.ctxr,textures/flatlist/_win,rex_head_s02in.bmp.ctxr,rex_head_s02in.bmp,ctxr,1952,c275fd76b53d542fbe188ef3b9ce793b03416c98
textures/flatlist/_win/rex_head_s03.bmp.ctxr,textures/flatlist/_win,rex_head_s03.bmp.ctxr,rex_head_s03.bmp,ctxr,1984,67f1f6eef2e1c05e3616c2cbf040ef49d99979c1
textures/flatlist/_win/rex_head_t01.bmp.ctxr,textures/flatlist/_win,rex_head_t01.bmp.ctxr,rex_head_t01.bmp,ctxr,33088,d1bb66750993362efb61a9f8c0db3cfc08ff0a97
textures/flatlist/_win/rex_head_t02.bmp.ctxr,textures/flatlist/_win,rex_head_t02.bmp.ctxr,rex_head_t02.bmp,ctxr,22848,636d71d0116bd0b7a20378349c250f9c7cb6237a
textures/flatlist/_win/rex_head_t03.bmp.ctxr,textures/flatlist/_win,rex_head_t03.bmp.ctxr,rex_head_t03.bmp,ctxr,42336,91cb91a2dbb56b737fe73d32deea43ffe362ff3e
textures/flatlist/_win/rex_head_t03s.bmp.ctxr,textures/flatlist/_win,rex_head_t03s.bmp.ctxr,rex_head_t03s.bmp,ctxr,24704,3fdfa3b73f2ae4ac3353720868a716262ceca8cb
textures/flatlist/_win/rex_head_u01.bmp.ctxr,textures/flatlist/_win,rex_head_u01.bmp.ctxr,rex_head_u01.bmp,ctxr,24704,70538fbac97949d82fcd92a0f0541cdff212bba9
textures/flatlist/_win/rex_head_u02.bmp.ctxr,textures/flatlist/_win,rex_head_u02.bmp.ctxr,rex_head_u02.bmp,ctxr,17376,423e8796f907f7e485a85f10a0c5ce1697e6c594
textures/flatlist/_win/rex_head_u03.bmp.ctxr,textures/flatlist/_win,rex_head_u03.bmp.ctxr,rex_head_u03.bmp,ctxr,1824,f0676671a57d94f3cebb5b9307f829658288ddfe
textures/flatlist/_win/rex_heel_b01.bmp.ctxr,textures/flatlist/_win,rex_heel_b01.bmp.ctxr,rex_heel_b01.bmp,ctxr,2624,37b14ce1f6d28d3e604b13b13839ffadb1b80e23
textures/flatlist/_win/rex_heel_b02.bmp.ctxr,textures/flatlist/_win,rex_heel_b02.bmp.ctxr,rex_heel_b02.bmp,ctxr,7136,d7c4b61ec58009384299123f3c92edb5f73b1219
textures/flatlist/_win/rex_heel_f01.bmp.ctxr,textures/flatlist/_win,rex_heel_f01.bmp.ctxr,rex_heel_f01.bmp,ctxr,3232,9bba2d182719f41fbe20c3c4d366333d252b69fd
textures/flatlist/_win/rex_heel_f02.bmp.ctxr,textures/flatlist/_win,rex_heel_f02.bmp.ctxr,rex_heel_f02.bmp,ctxr,4704,e087e656a95a5d6538b40e46397c2b5edad4838e
textures/flatlist/_win/rex_heel_s01.bmp.ctxr,textures/flatlist/_win,rex_heel_s01.bmp.ctxr,rex_heel_s01.bmp,ctxr,10560,b6a3c0c3ceb948ca92871a01203a7c218019f4ec
textures/flatlist/_win/rex_heel_u.bmp.ctxr,textures/flatlist/_win,rex_heel_u.bmp.ctxr,rex_heel_u.bmp,ctxr,992,80dbd481b9cd7b99613b4584320c16815007320b
textures/flatlist/_win/rex_leg1parts_b01.bmp.ctxr,textures/flatlist/_win,rex_leg1parts_b01.bmp.ctxr,rex_leg1parts_b01.bmp,ctxr,768,e951c728bb83dfae2529ceaaca5037b78920d391
textures/flatlist/_win/rex_leg1parts_b02.bmp.ctxr,textures/flatlist/_win,rex_leg1parts_b02.bmp.ctxr,rex_leg1parts_b02.bmp,ctxr,832,db97242fd8323d1658a3051b835769e51485fd3f
textures/flatlist/_win/rex_leg1parts_b03.bmp.ctxr,textures/flatlist/_win,rex_leg1parts_b03.bmp.ctxr,rex_leg1parts_b03.bmp,ctxr,4384,a5acda1bd5e63a789762c83004f83d3382394f42
textures/flatlist/_win/rex_leg1parts_b04.bmp.ctxr,textures/flatlist/_win,rex_leg1parts_b04.bmp.ctxr,rex_leg1parts_b04.bmp,ctxr,2304,31421514a19888bb369d64a85068675c8dcdfe25
textures/flatlist/_win/rex_leg1parts_s01.bmp.ctxr,textures/flatlist/_win,rex_leg1parts_s01.bmp.ctxr,rex_leg1parts_s01.bmp,ctxr,2336,863a6beb4a4de0272ed079d79c23489535d497f2
textures/flatlist/_win/rex_leg1parts_s02.bmp.ctxr,textures/flatlist/_win,rex_leg1parts_s02.bmp.ctxr,rex_leg1parts_s02.bmp,ctxr,4544,fc3d85462f01bb4d65d11172083fe9cf855e8c10
textures/flatlist/_win/rex_leg1parts_s03.bmp.ctxr,textures/flatlist/_win,rex_leg1parts_s03.bmp.ctxr,rex_leg1parts_s03.bmp,ctxr,2624,5c8ff9a43ee189c0eb3adf27cff05cae56b9eefc
textures/flatlist/_win/rex_leg1parts_s04.bmp.ctxr,textures/flatlist/_win,rex_leg1parts_s04.bmp.ctxr,rex_leg1parts_s04.bmp,ctxr,928,194385e64ddfe69ae1c861516f515619984f6065
textures/flatlist/_win/rex_leg1parts_t01.bmp.ctxr,textures/flatlist/_win,rex_leg1parts_t01.bmp.ctxr,rex_leg1parts_t01.bmp,ctxr,7936,050f010c831ed47b67cf814e137bead8819f65c7
textures/flatlist/_win/rex_leg1parts_t03.bmp.ctxr,textures/flatlist/_win,rex_leg1parts_t03.bmp.ctxr,rex_leg1parts_t03.bmp,ctxr,736,9483db932c1742ae51b23249f6809e33524064ac
textures/flatlist/_win/rex_leg1_f01.bmp.ctxr,textures/flatlist/_win,rex_leg1_f01.bmp.ctxr,rex_leg1_f01.bmp,ctxr,5024,d53f5b1317ffe065fab1103a363baa3900f1f321
textures/flatlist/_win/rex_leg1_f02.bmp.ctxr,textures/flatlist/_win,rex_leg1_f02.bmp.ctxr,rex_leg1_f02.bmp,ctxr,4416,d891d1fd15a9927f92330dcb84cf5bd2c958e303
textures/flatlist/_win/rex_leg1_s01.bmp.ctxr,textures/flatlist/_win,rex_leg1_s01.bmp.ctxr,rex_leg1_s01.bmp,ctxr,5056,5177f74aa0bacedf5c3d5444eb75bcf7184ed3a6
textures/flatlist/_win/rex_leg1_s02.bmp.ctxr,textures/flatlist/_win,rex_leg1_s02.bmp.ctxr,rex_leg1_s02.bmp,ctxr,3872,10129023cfd4094a884f30373534d6a9da539ddb
textures/flatlist/_win/rex_leg2_b01.bmp.ctxr,textures/flatlist/_win,rex_leg2_b01.bmp.ctxr,rex_leg2_b01.bmp,ctxr,4864,0519eb0c5d0976fb150c7e63de46416216abf6a5
textures/flatlist/_win/rex_leg2_f01.bmp.ctxr,textures/flatlist/_win,rex_leg2_f01.bmp.ctxr,rex_leg2_f01.bmp,ctxr,2304,9b71d746bb7bc4b4be3df38ca0e07776ad03ee7d
textures/flatlist/_win/rex_leg2_f02.bmp.ctxr,textures/flatlist/_win,rex_leg2_f02.bmp.ctxr,rex_leg2_f02.bmp,ctxr,768,fa2ab84710bb2e03331f4c28d3b100a48b648607
textures/flatlist/_win/rex_leg2_f03.bmp.ctxr,textures/flatlist/_win,rex_leg2_f03.bmp.ctxr,rex_leg2_f03.bmp,ctxr,1056,acecb3da76ba661d3f502f5f38c98cec1f9afbad
textures/flatlist/_win/rex_leg2_f04.bmp.ctxr,textures/flatlist/_win,rex_leg2_f04.bmp.ctxr,rex_leg2_f04.bmp,ctxr,576,f7da97fbfe2a8e289928ac82bae1a6844014f859
textures/flatlist/_win/rex_leg2_f05.bmp.ctxr,textures/flatlist/_win,rex_leg2_f05.bmp.ctxr,rex_leg2_f05.bmp,ctxr,1280,5b433e19788476c8a73746c365bcdbc63649f53b
textures/flatlist/_win/rex_leg2_s01.bmp.ctxr,textures/flatlist/_win,rex_leg2_s01.bmp.ctxr,rex_leg2_s01.bmp,ctxr,6240,08432aab160a035d45af25ba963a04d596516c29
textures/flatlist/_win/rex_leg2_s02.bmp.ctxr,textures/flatlist/_win,rex_leg2_s02.bmp.ctxr,rex_leg2_s02.bmp,ctxr,8000,d4b9fa3a139f544535a58b181a08cbda3e828898
textures/flatlist/_win/rex_leg2_s03in.bmp.ctxr,textures/flatlist/_win,rex_leg2_s03in.bmp.ctxr,rex_leg2_s03in.bmp,ctxr,992,4f247a58c5708f957f13626d8d933b8f1aadef89
textures/flatlist/_win/rex_leg2_s04.bmp.ctxr,textures/flatlist/_win,rex_leg2_s04.bmp.ctxr,rex_leg2_s04.bmp,ctxr,1824,7e82f08c78e74e0aafff4783ae733ccd2c4b2720
textures/flatlist/_win/rex_leg2_t01.bmp.ctxr,textures/flatlist/_win,rex_leg2_t01.bmp.ctxr,rex_leg2_t01.bmp,ctxr,1792,d0637266ca0adc491144ba337e46a26230c9804f
textures/flatlist/_win/rex_leg2_t02.bmp.ctxr,textures/flatlist/_win,rex_leg2_t02.bmp.ctxr,rex_leg2_t02.bmp,ctxr,4352,d0c717b96b16a9c2ef0c5bb721e9cdd694037069
textures/flatlist/_win/rex_leg2_t03.bmp.ctxr,textures/flatlist/_win,rex_leg2_t03.bmp.ctxr,rex_leg2_t03.bmp,ctxr,3008,2359575e93df54ebf94042e9bb6f854f2ab36761
textures/flatlist/_win/rex_leg2_t04.bmp.ctxr,textures/flatlist/_win,rex_leg2_t04.bmp.ctxr,rex_leg2_t04.bmp,ctxr,1312,02c63b655228a49890ce9ae5505a4b5ad580a766
textures/flatlist/_win/rex_leg2_u01.bmp.ctxr,textures/flatlist/_win,rex_leg2_u01.bmp.ctxr,rex_leg2_u01.bmp,ctxr,5920,270f3784322beeffa6931fd393a3ddf2eb31dc79
textures/flatlist/_win/rex_leg2_u02.bmp.ctxr,textures/flatlist/_win,rex_leg2_u02.bmp.ctxr,rex_leg2_u02.bmp,ctxr,11936,dcb738bddcf74cc76991edeb0b8cc14d639d756f
textures/flatlist/_win/rex_leg2_u03.bmp.ctxr,textures/flatlist/_win,rex_leg2_u03.bmp.ctxr,rex_leg2_u03.bmp,ctxr,1280,3aee91e4e6c08462b928361144975e89679c2662
textures/flatlist/_win/rex_neck_f01.bmp.ctxr,textures/flatlist/_win,rex_neck_f01.bmp.ctxr,rex_neck_f01.bmp,ctxr,11072,304ee5a7abbfde4ca1fa319b9ea5fbd98c8cd9eb
textures/flatlist/_win/rex_neck_f02.bmp.ctxr,textures/flatlist/_win,rex_neck_f02.bmp.ctxr,rex_neck_f02.bmp,ctxr,1792,0b45c1b10a8919fb48c2dee40712555f0af8e898
textures/flatlist/_win/rex_neck_s01.bmp.ctxr,textures/flatlist/_win,rex_neck_s01.bmp.ctxr,rex_neck_s01.bmp,ctxr,4384,97588f49f2d044dbcaa72edf75b853dba949608d
textures/flatlist/_win/rex_neck_s02.bmp.ctxr,textures/flatlist/_win,rex_neck_s02.bmp.ctxr,rex_neck_s02.bmp,ctxr,3712,76fe922c410762b74ae8eb42f4b03c3d57bca9e7
textures/flatlist/_win/rex_radar_b.bmp.ctxr,textures/flatlist/_win,rex_radar_b.bmp.ctxr,rex_radar_b.bmp,ctxr,13568,cc839f632c077e41b9c648d87e54b326f4448f30
textures/flatlist/_win/rex_radar_f.bmp.ctxr,textures/flatlist/_win,rex_radar_f.bmp.ctxr,rex_radar_f.bmp,ctxr,7168,0315ebf286fe170e9128a19cda0e9dc184cfe3f4
textures/flatlist/_win/rex_radar_s.bmp.ctxr,textures/flatlist/_win,rex_radar_s.bmp.ctxr,rex_radar_s.bmp,ctxr,6784,27f39db0bb6cf1407e4a3d3f64e614b5b9c20ec7
textures/flatlist/_win/rex_radar_s02.bmp.ctxr,textures/flatlist/_win,rex_radar_s02.bmp.ctxr,rex_radar_s02.bmp,ctxr,1632,8b51fb68c7943281e1293ce58a1cf8b7c15cfe48
textures/flatlist/_win/rex_radar_ts01.bmp.ctxr,textures/flatlist/_win,rex_radar_ts01.bmp.ctxr,rex_radar_ts01.bmp,ctxr,4896,2db69c4df449245e1d03ee6aaa95942c42e18ab2
textures/flatlist/_win/rex_radar_ts02.bmp.ctxr,textures/flatlist/_win,rex_radar_ts02.bmp.ctxr,rex_radar_ts02.bmp,ctxr,1824,d573d4e30a18a294ed9c05440898a3972ffd8cf7
textures/flatlist/_win/rex_radome_b01.bmp.ctxr,textures/flatlist/_win,rex_radome_b01.bmp.ctxr,rex_radome_b01.bmp,ctxr,2304,60695b8778b141b796910487e2577dbea7fc44e4
textures/flatlist/_win/rex_radome_b02.bmp.ctxr,textures/flatlist/_win,rex_radome_b02.bmp.ctxr,rex_radome_b02.bmp,ctxr,2816,f931f55da0b7c75fc4aaf02a37d1498c0067ab09
textures/flatlist/_win/rex_radome_b03.bmp.ctxr,textures/flatlist/_win,rex_radome_b03.bmp.ctxr,rex_radome_b03.bmp,ctxr,1792,f78ef312681628c249441020467f0c1773a0af43
textures/flatlist/_win/rex_radome_b04.bmp.ctxr,textures/flatlist/_win,rex_radome_b04.bmp.ctxr,rex_radome_b04.bmp,ctxr,1792,6f70af8da56661c65484b9a55a5e0096ee61ecbe
textures/flatlist/_win/rex_radome_b05.bmp.ctxr,textures/flatlist/_win,rex_radome_b05.bmp.ctxr,rex_radome_b05.bmp,ctxr,1440,d1820a1a93658e1374bf350c9f97398f05a3ea4e
textures/flatlist/_win/rex_radome_f01.bmp.ctxr,textures/flatlist/_win,rex_radome_f01.bmp.ctxr,rex_radome_f01.bmp,ctxr,1280,5b926ae1d7912ba790e045c84226eed9553ab894
textures/flatlist/_win/rex_radome_f02.bmp.ctxr,textures/flatlist/_win,rex_radome_f02.bmp.ctxr,rex_radome_f02.bmp,ctxr,992,28707d9787e05a661d0988aecebcb82bf85d69ad
textures/flatlist/_win/rex_radome_s01.bmp.ctxr,textures/flatlist/_win,rex_radome_s01.bmp.ctxr,rex_radome_s01.bmp,ctxr,3232,1e89e8ee4ea9bdc805c1224694dabd93f3fa0304
textures/flatlist/_win/rex_radome_s02in.bmp.ctxr,textures/flatlist/_win,rex_radome_s02in.bmp.ctxr,rex_radome_s02in.bmp,ctxr,2304,2f86e168eca4d51aa8c4ddd962143df801a68fdd
textures/flatlist/_win/rex_radome_s02out.bmp.ctxr,textures/flatlist/_win,rex_radome_s02out.bmp.ctxr,rex_radome_s02out.bmp,ctxr,3360,31a6843e8e0663aaf5fc4b465abfbcf973d94497
textures/flatlist/_win/rex_radome_s03.bmp.ctxr,textures/flatlist/_win,rex_radome_s03.bmp.ctxr,rex_radome_s03.bmp,ctxr,4096,2778430452135d81f6bd9c9120a444e1a4f79771
textures/flatlist/_win/rex_radome_s04.bmp.ctxr,textures/flatlist/_win,rex_radome_s04.bmp.ctxr,rex_radome_s04.bmp,ctxr,3872,81dd1b5c531ab1f36aa6a1a28801fb3893158320
textures/flatlist/_win/rex_radome_t01.bmp.ctxr,textures/flatlist/_win,rex_radome_t01.bmp.ctxr,rex_radome_t01.bmp,ctxr,2304,e0ff1927722cd08695962c6163f44411a1aecebe
textures/flatlist/_win/rex_radome_t02.bmp.ctxr,textures/flatlist/_win,rex_radome_t02.bmp.ctxr,rex_radome_t02.bmp,ctxr,4384,ee9a463cd6357e57d8cb724b549277af4d87225c
textures/flatlist/_win/rex_radome_t03.bmp.ctxr,textures/flatlist/_win,rex_radome_t03.bmp.ctxr,rex_radome_t03.bmp,ctxr,8832,6ec8a4e8efd5048996a27e59be87c57fa59244e6
textures/flatlist/_win/rex_radome_t04.bmp.ctxr,textures/flatlist/_win,rex_radome_t04.bmp.ctxr,rex_radome_t04.bmp,ctxr,8832,89e5ad05873a43004c2a139ee0204d075ce795bf
textures/flatlist/_win/rex_radome_u01.bmp.ctxr,textures/flatlist/_win,rex_radome_u01.bmp.ctxr,rex_radome_u01.bmp,ctxr,1952,67ad8124293e81396c12bf2e749276c59468df04
textures/flatlist/_win/rex_radome_u02.bmp.ctxr,textures/flatlist/_win,rex_radome_u02.bmp.ctxr,rex_radome_u02.bmp,ctxr,2560,0597525599a3c22279a4d8fa22b61876f7b09c51
textures/flatlist/_win/rex_radome_u04.bmp.ctxr,textures/flatlist/_win,rex_radome_u04.bmp.ctxr,rex_radome_u04.bmp,ctxr,2656,7bfccfbc7a4b3a282346fe32ce901b70f7267372
textures/flatlist/_win/rex_railgun_b01.bmp.ctxr,textures/flatlist/_win,rex_railgun_b01.bmp.ctxr,rex_railgun_b01.bmp,ctxr,4352,dfb5b643d2c81c8b24584a0286efa9ff619b9a05
textures/flatlist/_win/rex_railgun_b02.bmp.ctxr,textures/flatlist/_win,rex_railgun_b02.bmp.ctxr,rex_railgun_b02.bmp,ctxr,736,1038bea5411abdc2bf3252bf4edefba653d5c0bf
textures/flatlist/_win/rex_railgun_f01.bmp.ctxr,textures/flatlist/_win,rex_railgun_f01.bmp.ctxr,rex_railgun_f01.bmp,ctxr,1280,2ba8a8ded727f16116a0167c3d8879b866acee72
textures/flatlist/_win/rex_railgun_f02.bmp.ctxr,textures/flatlist/_win,rex_railgun_f02.bmp.ctxr,rex_railgun_f02.bmp,ctxr,928,8a39f1882a3944a5203fea69d312e48a8dcedd50
textures/flatlist/_win/rex_railgun_f03.bmp.ctxr,textures/flatlist/_win,rex_railgun_f03.bmp.ctxr,rex_railgun_f03.bmp,ctxr,1120,5ef9dd5119aef4dd6061d407aa2f6aa6926d7327
textures/flatlist/_win/rex_railgun_f04.bmp.ctxr,textures/flatlist/_win,rex_railgun_f04.bmp.ctxr,rex_railgun_f04.bmp,ctxr,2848,b541b25b2d61f7925c3d8935ffba3c355fe4b239
textures/flatlist/_win/rex_railgun_s01.bmp.ctxr,textures/flatlist/_win,rex_railgun_s01.bmp.ctxr,rex_railgun_s01.bmp,ctxr,1920,3748d231f54ebdc0191b0226e3253e0a337bf5fc
textures/flatlist/_win/rex_railgun_s02out.bmp.ctxr,textures/flatlist/_win,rex_railgun_s02out.bmp.ctxr,rex_railgun_s02out.bmp,ctxr,13984,bd25535214f741ca330c825949883b253d60d384
textures/flatlist/_win/rex_railgun_s03inmsk.bmp.ctxr,textures/flatlist/_win,rex_railgun_s03inmsk.bmp.ctxr,rex_railgun_s03inmsk.bmp,ctxr,10528,6dadd4f5e07ed39fd3daa3f6a2d61e56cb040f3c
textures/flatlist/_win/rex_railgun_s03out.bmp.ctxr,textures/flatlist/_win,rex_railgun_s03out.bmp.ctxr,rex_railgun_s03out.bmp,ctxr,18112,e51cc909c72c28b0610db673c93f9fd34e354bb6
textures/flatlist/_win/rex_railgun_s04in.bmp.ctxr,textures/flatlist/_win,rex_railgun_s04in.bmp.ctxr,rex_railgun_s04in.bmp,ctxr,5408,c98dd6a03148cb42f7cc714c2e07af47d501126a
textures/flatlist/_win/rex_railgun_s04out.bmp.ctxr,textures/flatlist/_win,rex_railgun_s04out.bmp.ctxr,rex_railgun_s04out.bmp,ctxr,4096,86fb667174d550092f74c4f17c2e72d643dbf71f
textures/flatlist/_win/rex_railgun_s05in.bmp.ctxr,textures/flatlist/_win,rex_railgun_s05in.bmp.ctxr,rex_railgun_s05in.bmp,ctxr,7968,58213c005806067606245bbdad256562f6c86d01
textures/flatlist/_win/rex_railgun_s05out.bmp.ctxr,textures/flatlist/_win,rex_railgun_s05out.bmp.ctxr,rex_railgun_s05out.bmp,ctxr,2336,d1a2c83590b931647287c09e1efb9aa30e2bd9d5
textures/flatlist/_win/rex_railgun_t01.bmp.ctxr,textures/flatlist/_win,rex_railgun_t01.bmp.ctxr,rex_railgun_t01.bmp,ctxr,4576,429f28ebaed1b6d0f4c3ed89ba3c897e5eb845a7
textures/flatlist/_win/rex_railgun_t02.bmp.ctxr,textures/flatlist/_win,rex_railgun_t02.bmp.ctxr,rex_railgun_t02.bmp,ctxr,3872,29581dd63c707e77d323d4ef39f4852797483b89
textures/flatlist/_win/rex_railgun_t03.bmp.ctxr,textures/flatlist/_win,rex_railgun_t03.bmp.ctxr,rex_railgun_t03.bmp,ctxr,992,e6ca9cc45991f085d3720cb4bbd7ecbbc580770f
textures/flatlist/_win/rex_railgun_t05.bmp.ctxr,textures/flatlist/_win,rex_railgun_t05.bmp.ctxr,rex_railgun_t05.bmp,ctxr,1248,17543cfda0f590e982e7765a2817d30f5fb27945
textures/flatlist/_win/rex_railgun_t06.bmp.ctxr,textures/flatlist/_win,rex_railgun_t06.bmp.ctxr,rex_railgun_t06.bmp,ctxr,3008,984a8fae91187497994233e443cf4df9e3b2efba
textures/flatlist/_win/rex_railgun_t07.bmp.ctxr,textures/flatlist/_win,rex_railgun_t07.bmp.ctxr,rex_railgun_t07.bmp,ctxr,5408,a5ced50a678446272c46f7b4440eefd505121a7f
textures/flatlist/_win/rex_railgun_t08.bmp.ctxr,textures/flatlist/_win,rex_railgun_t08.bmp.ctxr,rex_railgun_t08.bmp,ctxr,3360,4dbefecb7b55133d5841fc66fe5faf7d59afbf63
textures/flatlist/_win/rex_railgun_t11.bmp.ctxr,textures/flatlist/_win,rex_railgun_t11.bmp.ctxr,rex_railgun_t11.bmp,ctxr,11072,7f0337a4ddd3b340550fed7280ecb35b8362b2d8
textures/flatlist/_win/rex_railgun_ts_alp_ovl.bmp.ctxr,textures/flatlist/_win,rex_railgun_ts_alp_ovl.bmp.ctxr,rex_railgun_ts_alp_ovl.bmp,ctxr,2304,441be5bbe75e549cf169ccc6340e306c4f6d5d4a
textures/flatlist/_win/rex_railgun_u01.bmp.ctxr,textures/flatlist/_win,rex_railgun_u01.bmp.ctxr,rex_railgun_u01.bmp,ctxr,6688,d3a2b2461a3116fa39d35819aac3e8ea763f23bb
textures/flatlist/_win/rex_railgun_u02.bmp.ctxr,textures/flatlist/_win,rex_railgun_u02.bmp.ctxr,rex_railgun_u02.bmp,ctxr,3360,f35defc6418e68693e638bf2e8983dbd0c482f37
textures/flatlist/_win/rex_railgun_u03.bmp.ctxr,textures/flatlist/_win,rex_railgun_u03.bmp.ctxr,rex_railgun_u03.bmp,ctxr,3552,c29bbc89298918e0d0a0633c89425009eb3a1bfd
textures/flatlist/_win/rex_railgun_u04.bmp.ctxr,textures/flatlist/_win,rex_railgun_u04.bmp.ctxr,rex_railgun_u04.bmp,ctxr,4384,0028ad1d0cbca1ab7a7aa4799b6edec99a0d707b
textures/flatlist/_win/rex_railgun_u5.bmp.ctxr,textures/flatlist/_win,rex_railgun_u5.bmp.ctxr,rex_railgun_u5.bmp,ctxr,2144,c167aec8891463688db3d47d0fd1d9706e08992a
textures/flatlist/_win/rex_railgun_u6.bmp.ctxr,textures/flatlist/_win,rex_railgun_u6.bmp.ctxr,rex_railgun_u6.bmp,ctxr,1504,58c9b4eb0e4bdc625bfb7a721fc0e012947c43f3
textures/flatlist/_win/rex_rg_parts_s01.bmp.ctxr,textures/flatlist/_win,rex_rg_parts_s01.bmp.ctxr,rex_rg_parts_s01.bmp,ctxr,12640,263c81580f4ac15ea42e67d3339e62832f74fe64
textures/flatlist/_win/rex_rg_parts_s02.bmp.ctxr,textures/flatlist/_win,rex_rg_parts_s02.bmp.ctxr,rex_rg_parts_s02.bmp,ctxr,5632,13d67dac838239116555cba8962db2aef2ebba27
textures/flatlist/_win/rex_rg_parts_s03.bmp.ctxr,textures/flatlist/_win,rex_rg_parts_s03.bmp.ctxr,rex_rg_parts_s03.bmp,ctxr,4704,1679891024ab5b63d9ee3bbc81595461fe1563fb
textures/flatlist/_win/rex_rg_parts_s04msk.bmp.ctxr,textures/flatlist/_win,rex_rg_parts_s04msk.bmp.ctxr,rex_rg_parts_s04msk.bmp,ctxr,12640,d92598643dee8c81f88a2ca5a3de7941d0ae0a48
textures/flatlist/_win/rex_rg_parts_s06.bmp.ctxr,textures/flatlist/_win,rex_rg_parts_s06.bmp.ctxr,rex_rg_parts_s06.bmp,ctxr,7520,81a851f2761e93ea610a8dc1fba51da1079b44bb
textures/flatlist/_win/rex_rg_parts_t01.bmp.ctxr,textures/flatlist/_win,rex_rg_parts_t01.bmp.ctxr,rex_rg_parts_t01.bmp,ctxr,7200,8dcb08bcc675d5bd7de992523e3e48f076da1f19
textures/flatlist/_win/rex_rg_parts_t02.bmp.ctxr,textures/flatlist/_win,rex_rg_parts_t02.bmp.ctxr,rex_rg_parts_t02.bmp,ctxr,2016,c4f7d07cbf5f8c4767c88aeb1f197a168cd19bb8
textures/flatlist/_win/rex_rg_parts_t03.bmp.ctxr,textures/flatlist/_win,rex_rg_parts_t03.bmp.ctxr,rex_rg_parts_t03.bmp,ctxr,3360,48d33635d84aee52caa25176a8e95e4d8f894172
textures/flatlist/_win/rex_rg_parts_u01.bmp.ctxr,textures/flatlist/_win,rex_rg_parts_u01.bmp.ctxr,rex_rg_parts_u01.bmp,ctxr,4896,553b4203d0e77ec8ac8ab2f8ace6d9ceb7519c37
textures/flatlist/_win/rex_smoke_s.bmp.ctxr,textures/flatlist/_win,rex_smoke_s.bmp.ctxr,rex_smoke_s.bmp,ctxr,736,45aeb1f8e072bae14cb700f9ce4794b00f8a8228
textures/flatlist/_win/rex_smoke_t.bmp.ctxr,textures/flatlist/_win,rex_smoke_t.bmp.ctxr,rex_smoke_t.bmp,ctxr,544,d9739c167f120add845bc8c8c1c592a47f302ec0
textures/flatlist/_win/rex_tail_b02.bmp.ctxr,textures/flatlist/_win,rex_tail_b02.bmp.ctxr,rex_tail_b02.bmp,ctxr,2848,d811d1b34872b7eca397ebd111e4086f772ba93b
textures/flatlist/_win/rex_tail_f01.bmp.ctxr,textures/flatlist/_win,rex_tail_f01.bmp.ctxr,rex_tail_f01.bmp,ctxr,3328,4cf5a6f2719dd098d6417506d26bd23459cb9c7a
textures/flatlist/_win/rex_tail_f02.bmp.ctxr,textures/flatlist/_win,rex_tail_f02.bmp.ctxr,rex_tail_f02.bmp,ctxr,5920,dad1d4a61968844e57338f131afadd62cbab7c3d
textures/flatlist/_win/rex_tail_s01.bmp.ctxr,textures/flatlist/_win,rex_tail_s01.bmp.ctxr,rex_tail_s01.bmp,ctxr,18720,bd8fa7c152252462d4b137038b121eef33926dfc
textures/flatlist/_win/rex_tail_t01.bmp.ctxr,textures/flatlist/_win,rex_tail_t01.bmp.ctxr,rex_tail_t01.bmp,ctxr,3840,fc980a09152f49d355dbf42b5d87a73638a3f9a7
textures/flatlist/_win/rex_tail_t02.bmp.ctxr,textures/flatlist/_win,rex_tail_t02.bmp.ctxr,rex_tail_t02.bmp,ctxr,4864,28b199573e003c20839037d08310b7baff59546b
textures/flatlist/_win/rex_tail_t03.bmp.ctxr,textures/flatlist/_win,rex_tail_t03.bmp.ctxr,rex_tail_t03.bmp,ctxr,26592,4a63051164f428cc6b0272555cd0a8b739ad5507
textures/flatlist/_win/rex_tail_t04.bmp.ctxr,textures/flatlist/_win,rex_tail_t04.bmp.ctxr,rex_tail_t04.bmp,ctxr,25664,0b69b04c9e60fe9d38262c4acc0cff3ae531d7fd
textures/flatlist/_win/rex_tail_u01.bmp.ctxr,textures/flatlist/_win,rex_tail_u01.bmp.ctxr,rex_tail_u01.bmp,ctxr,2304,730179a3c7de50f5df468a61cdbf1e0817df891f
textures/flatlist/_win/rex_tail_u02.bmp.ctxr,textures/flatlist/_win,rex_tail_u02.bmp.ctxr,rex_tail_u02.bmp,ctxr,6912,2e607a5b2cdd24f0a9e8ee126e3c4febbb0b59c6
textures/flatlist/_win/rex_tail_u03.bmp.ctxr,textures/flatlist/_win,rex_tail_u03.bmp.ctxr,rex_tail_u03.bmp,ctxr,2816,5f2b3566943e5e8a4dfa68caf0a6a4a53bcb2389
textures/flatlist/_win/rex_thigh_b01.bmp.ctxr,textures/flatlist/_win,rex_thigh_b01.bmp.ctxr,rex_thigh_b01.bmp,ctxr,992,134c44596e9492aa6cfadf007ce6673c18e2c2f1
textures/flatlist/_win/rex_thigh_b02.bmp.ctxr,textures/flatlist/_win,rex_thigh_b02.bmp.ctxr,rex_thigh_b02.bmp,ctxr,4352,c46a57f4942a9da55033b1eb9fad326f92c76d7a
textures/flatlist/_win/rex_thigh_b03.bmp.ctxr,textures/flatlist/_win,rex_thigh_b03.bmp.ctxr,rex_thigh_b03.bmp,ctxr,3680,edeaa0ad407aa9ad324348075c9e821bdb972a4a
textures/flatlist/_win/rex_thigh_f01.bmp.ctxr,textures/flatlist/_win,rex_thigh_f01.bmp.ctxr,rex_thigh_f01.bmp,ctxr,5760,98224398bb59e96e32ce81adde922016cf1cd743
textures/flatlist/_win/rex_thigh_f02.bmp.ctxr,textures/flatlist/_win,rex_thigh_f02.bmp.ctxr,rex_thigh_f02.bmp,ctxr,5728,f234c472777721fa2ffe6b61c29a5109f2e6cdc5
textures/flatlist/_win/rex_thigh_s01in.bmp.ctxr,textures/flatlist/_win,rex_thigh_s01in.bmp.ctxr,rex_thigh_s01in.bmp,ctxr,25888,c54815d619f9ee90e0ec593c10ea8efc8584b42e
textures/flatlist/_win/rex_thigh_s01out.bmp.ctxr,textures/flatlist/_win,rex_thigh_s01out.bmp.ctxr,rex_thigh_s01out.bmp,ctxr,14880,eff5f27c76eeadfeefe79befa9bd78126c52e47a
textures/flatlist/_win/rex_thigh_s02in.bmp.ctxr,textures/flatlist/_win,rex_thigh_s02in.bmp.ctxr,rex_thigh_s02in.bmp,ctxr,11392,1787114d809f4596cc89549a04a2f037dfd0fbe4
textures/flatlist/_win/rex_thigh_s02out.bmp.ctxr,textures/flatlist/_win,rex_thigh_s02out.bmp.ctxr,rex_thigh_s02out.bmp,ctxr,7104,a20a26eea4343885b969263b44d0e73464385b55
textures/flatlist/_win/rex_thigh_s03out.bmp.ctxr,textures/flatlist/_win,rex_thigh_s03out.bmp.ctxr,rex_thigh_s03out.bmp,ctxr,3104,f71ad818f870989f00a55050c0c9a09bcc1f193a
textures/flatlist/_win/rex_thigh_t01.bmp.ctxr,textures/flatlist/_win,rex_thigh_t01.bmp.ctxr,rex_thigh_t01.bmp,ctxr,9504,37b50ff2a08123747660b4b03333c4568db1f16b
textures/flatlist/_win/rex_thigh_t02.bmp.ctxr,textures/flatlist/_win,rex_thigh_t02.bmp.ctxr,rex_thigh_t02.bmp,ctxr,1792,e35e378f068885d153a6999ef113ea6711de5d65
textures/flatlist/_win/rex_thigh_u01.bmp.ctxr,textures/flatlist/_win,rex_thigh_u01.bmp.ctxr,rex_thigh_u01.bmp,ctxr,3712,be55991b52d30fd86ebeb57b2d89e859c4629cc2
textures/flatlist/_win/rex_thigh_u02.bmp.ctxr,textures/flatlist/_win,rex_thigh_u02.bmp.ctxr,rex_thigh_u02.bmp,ctxr,4896,0fdd58d91a9314d50d895d4ca400cd388cf3ab43
textures/flatlist/_win/rex_toe_b.bmp.ctxr,textures/flatlist/_win,rex_toe_b.bmp.ctxr,rex_toe_b.bmp,ctxr,1120,f399644623074e84d27447c82a24909e1792579f
textures/flatlist/_win/rex_toe_f.bmp.ctxr,textures/flatlist/_win,rex_toe_f.bmp.ctxr,rex_toe_f.bmp,ctxr,3360,1660cc002ad52fd4fc912d94d09f511351817dba
textures/flatlist/_win/rex_toe_s.bmp.ctxr,textures/flatlist/_win,rex_toe_s.bmp.ctxr,rex_toe_s.bmp,ctxr,3104,0ac8561b837f0f085e9a9b6463f8ee429f135f20
textures/flatlist/_win/rex_toe_t.bmp.ctxr,textures/flatlist/_win,rex_toe_t.bmp.ctxr,rex_toe_t.bmp,ctxr,5632,169fe7393181ab770d18408ab13f0bc39f629bc5
textures/flatlist/_win/rex_toe_u.bmp.ctxr,textures/flatlist/_win,rex_toe_u.bmp.ctxr,rex_toe_u.bmp,ctxr,10240,c79219fe80e60477bb2a94bf573fa17a2436c16f
textures/flatlist/_win/rex_waist_b01.bmp.ctxr,textures/flatlist/_win,rex_waist_b01.bmp.ctxr,rex_waist_b01.bmp,ctxr,5760,6a09d8dc37cb06963f045839d549f4e14fd29018
textures/flatlist/_win/rex_waist_b02.bmp.ctxr,textures/flatlist/_win,rex_waist_b02.bmp.ctxr,rex_waist_b02.bmp,ctxr,1504,1cb47677e706cf0bb90c54df0d4fbe9d95d5a8b6
textures/flatlist/_win/rex_waist_f01.bmp.ctxr,textures/flatlist/_win,rex_waist_f01.bmp.ctxr,rex_waist_f01.bmp,ctxr,2016,83953cc6d303f9e97babba23dd4a44c249908404
textures/flatlist/_win/rex_waist_f02.bmp.ctxr,textures/flatlist/_win,rex_waist_f02.bmp.ctxr,rex_waist_f02.bmp,ctxr,544,01673169d62e160c23768e35f5e290fe07bf5307
textures/flatlist/_win/rex_waist_f03.bmp.ctxr,textures/flatlist/_win,rex_waist_f03.bmp.ctxr,rex_waist_f03.bmp,ctxr,3328,07dc90626ec7c37c69d2c42e3bade79f83f523a8
textures/flatlist/_win/rex_waist_plate_alp_ovl.bmp.ctxr,textures/flatlist/_win,rex_waist_plate_alp_ovl.bmp.ctxr,rex_waist_plate_alp_ovl.bmp,ctxr,1792,c70048003f68884f1cd8b9edf1e7fb29928ab6ab
textures/flatlist/_win/rex_waist_plate_ts2.bmp.ctxr,textures/flatlist/_win,rex_waist_plate_ts2.bmp.ctxr,rex_waist_plate_ts2.bmp,ctxr,1792,e49d93da6457d6ba2123b8fe5d9e854c3020ea9f
textures/flatlist/_win/rex_waist_s01.bmp.ctxr,textures/flatlist/_win,rex_waist_s01.bmp.ctxr,rex_waist_s01.bmp,ctxr,992,3d83932eef267b25cedd875d771e004e71a1f24e
textures/flatlist/_win/rex_waist_s01msk.bmp.ctxr,textures/flatlist/_win,rex_waist_s01msk.bmp.ctxr,rex_waist_s01msk.bmp,ctxr,992,960f2ff4e04c8bda63e9319e71a33781b5f51139
textures/flatlist/_win/rex_waist_s02.bmp.ctxr,textures/flatlist/_win,rex_waist_s02.bmp.ctxr,rex_waist_s02.bmp,ctxr,4864,cce42084f7cd408639a5092363fa2abeac677c44
textures/flatlist/_win/rex_waist_s03.bmp.ctxr,textures/flatlist/_win,rex_waist_s03.bmp.ctxr,rex_waist_s03.bmp,ctxr,9824,69dd60cb42ab22d4166945372b51b39406583df2
textures/flatlist/_win/rex_waist_s06.bmp.ctxr,textures/flatlist/_win,rex_waist_s06.bmp.ctxr,rex_waist_s06.bmp,ctxr,3840,d69433fea775fd6df32f69dd3ae03029b2c604fe
textures/flatlist/_win/rex_waist_s07.bmp.ctxr,textures/flatlist/_win,rex_waist_s07.bmp.ctxr,rex_waist_s07.bmp,ctxr,2624,d1cff8b8992d193219cf3b8a56f4eccb4c9cf2c4
textures/flatlist/_win/rex_waist_t01.bmp.ctxr,textures/flatlist/_win,rex_waist_t01.bmp.ctxr,rex_waist_t01.bmp,ctxr,1280,59c950c6753b60b58f0f24e70b08fdb7894f22ab
textures/flatlist/_win/rex_waist_t02.bmp.ctxr,textures/flatlist/_win,rex_waist_t02.bmp.ctxr,rex_waist_t02.bmp,ctxr,3680,7d126671ad972b44c42e817b152227531ebdca9a
textures/flatlist/_win/rex_waist_t03.bmp.ctxr,textures/flatlist/_win,rex_waist_t03.bmp.ctxr,rex_waist_t03.bmp,ctxr,13568,86efeaca83428b9b221239c2a3a69b89df811515
textures/flatlist/_win/rex_waist_t04.bmp.ctxr,textures/flatlist/_win,rex_waist_t04.bmp.ctxr,rex_waist_t04.bmp,ctxr,4096,cf97c8f5a43cde8c61aa30f57b1d15a9e2681d3d
textures/flatlist/_win/rex_waist_t05.bmp.ctxr,textures/flatlist/_win,rex_waist_t05.bmp.ctxr,rex_waist_t05.bmp,ctxr,6240,02760360a7eb554d6428df9a9c1f417180886994
textures/flatlist/_win/rex_waist_u01.bmp.ctxr,textures/flatlist/_win,rex_waist_u01.bmp.ctxr,rex_waist_u01.bmp,ctxr,736,8d408c0876f23ddbdd167d7c87cf8932d9aa2392
textures/flatlist/_win/rex_waist_u02.bmp.ctxr,textures/flatlist/_win,rex_waist_u02.bmp.ctxr,rex_waist_u02.bmp,ctxr,9824,4e5c46c8c9da4fa4898e3ac6ddcb14255c3b3c52
textures/flatlist/_win/rex_waist_u03.bmp.ctxr,textures/flatlist/_win,rex_waist_u03.bmp.ctxr,rex_waist_u03.bmp,ctxr,14816,f6e16c02cb60ebd14d479d1a5511880cca44c170
textures/flatlist/_win/rex_waist_u04.bmp.ctxr,textures/flatlist/_win,rex_waist_u04.bmp.ctxr,rex_waist_u04.bmp,ctxr,7936,a8eeaa8b475014d83acf331bcfaaa46d66f0f3de
textures/flatlist/_win/rex_waist_u05.bmp.ctxr,textures/flatlist/_win,rex_waist_u05.bmp.ctxr,rex_waist_u05.bmp,ctxr,1248,68152d820359ea39f3cc9cabb17bb57506d14cd1
textures/flatlist/_win/rex_wing_b.bmp.ctxr,textures/flatlist/_win,rex_wing_b.bmp.ctxr,rex_wing_b.bmp,ctxr,6464,a9c06e765e0f6179524657e0388224d21cf2298b
textures/flatlist/_win/rex_wing_f.bmp.ctxr,textures/flatlist/_win,rex_wing_f.bmp.ctxr,rex_wing_f.bmp,ctxr,6464,46f8d93f03962e7a2ca09b1727f0ddecca80a05d
textures/flatlist/_win/rex_wing_s01.bmp.ctxr,textures/flatlist/_win,rex_wing_s01.bmp.ctxr,rex_wing_s01.bmp,ctxr,31008,cd2ea0edc41e50c667796b74e4f3ca8b6cf273e9
textures/flatlist/_win/rex_wing_s02.bmp.ctxr,textures/flatlist/_win,rex_wing_s02.bmp.ctxr,rex_wing_s02.bmp,ctxr,10432,04f64ae1d05b0e5eda091fee7d0fbefaef3a18e0
textures/flatlist/_win/rex_wing_t.bmp.ctxr,textures/flatlist/_win,rex_wing_t.bmp.ctxr,rex_wing_t.bmp,ctxr,2848,158af4fa5a37eb53870d4198d120fc6f909da16e
textures/flatlist/_win/rfender01.bmp_ac37daba8c0ba4ae07e64655a936fdb8.ctxr,textures/flatlist/_win,rfender01.bmp_ac37daba8c0ba4ae07e64655a936fdb8.ctxr,rfender01.bmp_ac37daba8c0ba4ae07e64655a936fdb8,ctxr,23328,70a9b56c79d43f715e214c4dc0c29c07e1173818
textures/flatlist/_win/rgd5_body.bmp.ctxr,textures/flatlist/_win,rgd5_body.bmp.ctxr,rgd5_body.bmp,ctxr,34080,c957709a70caacb3242228e731b2b640c8a5dc6c
textures/flatlist/_win/rgd5_deto.bmp.ctxr,textures/flatlist/_win,rgd5_deto.bmp.ctxr,rgd5_deto.bmp,ctxr,44064,bb1663914b1a47d773a12e1ebf46ab19fe1594a8
textures/flatlist/_win/rgd5_safe01.bmp.ctxr,textures/flatlist/_win,rgd5_safe01.bmp.ctxr,rgd5_safe01.bmp,ctxr,22176,a4861dc32fcd13fbfce61dc32c1d7a2f3621f34f
textures/flatlist/_win/rgd5_safe02.bmp.ctxr,textures/flatlist/_win,rgd5_safe02.bmp.ctxr,rgd5_safe02.bmp,ctxr,5376,43cc56788926a0a0c54b5bf57460783a72806073
textures/flatlist/_win/rgd5_splinter.bmp.ctxr,textures/flatlist/_win,rgd5_splinter.bmp.ctxr,rgd5_splinter.bmp,ctxr,2368,7a34532b6b354ccf4dea1d7e1510a8619864076c
textures/flatlist/_win/rhacchi.bmp.ctxr,textures/flatlist/_win,rhacchi.bmp.ctxr,rhacchi.bmp,ctxr,37376,9a139b6cc4e63d17fed0b96e6ddb87b13361d977
textures/flatlist/_win/rogo_alp_ovl.bmp.ctxr,textures/flatlist/_win,rogo_alp_ovl.bmp.ctxr,rogo_alp_ovl.bmp,ctxr,4384,ba07ed437a66706c1fd6ac876c5bf8fcfa552469
textures/flatlist/_win/roof_bar00.bmp.ctxr,textures/flatlist/_win,roof_bar00.bmp.ctxr,roof_bar00.bmp,ctxr,6944,1cf810dcf15f456ce8c19085d1e00c7c158898d4
textures/flatlist/_win/roof_bar01.bmp.ctxr,textures/flatlist/_win,roof_bar01.bmp.ctxr,roof_bar01.bmp,ctxr,8544,9d87215fa9247390529ad171914452d3e02cc8da
textures/flatlist/_win/roof_bar02.bmp.ctxr,textures/flatlist/_win,roof_bar02.bmp.ctxr,roof_bar02.bmp,ctxr,8544,7308132ecdcc5b87b74f36f06e4650d50a857abc
textures/flatlist/_win/roof_bar03.bmp.ctxr,textures/flatlist/_win,roof_bar03.bmp.ctxr,roof_bar03.bmp,ctxr,6176,fc0051a40a8637a08c78af43773a8dc766eba277
textures/flatlist/_win/roof_wood01.bmp.ctxr,textures/flatlist/_win,roof_wood01.bmp.ctxr,roof_wood01.bmp,ctxr,8512,01f0a0d457ccdd6b177c52ea31b85183ceeff455
textures/flatlist/_win/rpg7_tex.bmp.ctxr,textures/flatlist/_win,rpg7_tex.bmp.ctxr,rpg7_tex.bmp,ctxr,175168,43d38dd5bb4f0308ce6ebad9fa7adf4d2f2e0076
textures/flatlist/_win/rpv_def_wing_ovl_alp.bmp.ctxr,textures/flatlist/_win,rpv_def_wing_ovl_alp.bmp.ctxr,rpv_def_wing_ovl_alp.bmp,ctxr,202432,12e6d0445b361aad913c3098719e0c95bdbb6fcb
textures/flatlist/_win/rpv_item_feed_def.bmp.ctxr,textures/flatlist/_win,rpv_item_feed_def.bmp.ctxr,rpv_item_feed_def.bmp,ctxr,3328,c3b72bb05ecdc6341cd434c71dd76cdf2e71b1e0
textures/flatlist/_win/rus_body_def.bmp.ctxr,textures/flatlist/_win,rus_body_def.bmp.ctxr,rus_body_def.bmp,ctxr,136864,49e55fe366785a1671defe7c70bbd35520031dd6
textures/flatlist/_win/rus_body_under.bmp.ctxr,textures/flatlist/_win,rus_body_under.bmp.ctxr,rus_body_under.bmp,ctxr,15648,28dca8637f59417e3e396df109ba0cbc6b5169e6
textures/flatlist/_win/rus_body_vest.bmp.ctxr,textures/flatlist/_win,rus_body_vest.bmp.ctxr,rus_body_vest.bmp,ctxr,33088,8b74c854667d97dec9c1bc9a18e14c223df74568
textures/flatlist/_win/rus_face.bmp.ctxr,textures/flatlist/_win,rus_face.bmp.ctxr,rus_face.bmp,ctxr,524672,762808ff629be2d00803d9f40bea9e35fe6d8fde
textures/flatlist/_win/rus_foot_def.bmp.ctxr,textures/flatlist/_win,rus_foot_def.bmp.ctxr,rus_foot_def.bmp,ctxr,136864,7dd549ed882172c01d1f65ed52932899375fab6c
textures/flatlist/_win/rus_foot_s.bmp.ctxr,textures/flatlist/_win,rus_foot_s.bmp.ctxr,rus_foot_s.bmp,ctxr,49472,63a63070148214ac60321de0d7b390cfdafbc46a
textures/flatlist/_win/r_forku01.bmp.ctxr,textures/flatlist/_win,r_forku01.bmp.ctxr,r_forku01.bmp,ctxr,15648,91906ea71d7efc7375ffa527a3a3d681e92eb03a
textures/flatlist/_win/r_forku01.bmp_5a251592c76d7d11e2e89863ca3c6316.ctxr,textures/flatlist/_win,r_forku01.bmp_5a251592c76d7d11e2e89863ca3c6316.ctxr,r_forku01.bmp_5a251592c76d7d11e2e89863ca3c6316,ctxr,15648,b9e1bb8a768c2ae2b54b3c92ddb4698b7ef0b8d0
textures/flatlist/_win/r_forku02.bmp.ctxr,textures/flatlist/_win,r_forku02.bmp.ctxr,r_forku02.bmp,ctxr,12448,e64787ecbbd58914e6ce148103107d4bee35c25c
textures/flatlist/_win/r_forku02.bmp_eae372dd89dcc80f2ac5a7c5a6d3b5e0.ctxr,textures/flatlist/_win,r_forku02.bmp_eae372dd89dcc80f2ac5a7c5a6d3b5e0.ctxr,r_forku02.bmp_eae372dd89dcc80f2ac5a7c5a6d3b5e0,ctxr,12448,ce9a8ceeaa018c7ff8232f95cd15e759770a579e
textures/flatlist/_win/r_forkudw.bmp.ctxr,textures/flatlist/_win,r_forkudw.bmp.ctxr,r_forkudw.bmp,ctxr,9824,22a0f835551019393dd5dd4d03a53b33b119cc32
textures/flatlist/_win/r_forkudw.bmp_524d0dc8c9adbace996ab5d957235c9c.ctxr,textures/flatlist/_win,r_forkudw.bmp_524d0dc8c9adbace996ab5d957235c9c.ctxr,r_forkudw.bmp_524d0dc8c9adbace996ab5d957235c9c,ctxr,9824,ac0407ec85cd7ddd866ad2676b372a1d5309180f
textures/flatlist/_win/r_forkumt.bmp.ctxr,textures/flatlist/_win,r_forkumt.bmp.ctxr,r_forkumt.bmp,ctxr,3008,ab235c2d20529a97043dbc9a0ff8b3be08e36b6f
textures/flatlist/_win/r_forkumt.bmp_aa9d15c6ef24c9a0278267651c9e34f8.ctxr,textures/flatlist/_win,r_forkumt.bmp_aa9d15c6ef24c9a0278267651c9e34f8.ctxr,r_forkumt.bmp_aa9d15c6ef24c9a0278267651c9e34f8,ctxr,3008,758733c67de12ee397a7fad0aa61a8a682febb50
textures/flatlist/_win/r_forkuup.bmp.ctxr,textures/flatlist/_win,r_forkuup.bmp.ctxr,r_forkuup.bmp,ctxr,9824,0dddb74356f7385ccd49553a82ab5b10114c3383
textures/flatlist/_win/r_forkuup.bmp_88069ad2afec5b79bdc53c6793ce2cc2.ctxr,textures/flatlist/_win,r_forkuup.bmp_88069ad2afec5b79bdc53c6793ce2cc2.ctxr,r_forkuup.bmp_88069ad2afec5b79bdc53c6793ce2cc2,ctxr,9824,4b263421ec3c96873aa9ef8a37daf3c0b18acabb
textures/flatlist/_win/r_fream.bmp.ctxr,textures/flatlist/_win,r_fream.bmp.ctxr,r_fream.bmp,ctxr,22432,2e0a5c737b4302474f9c522f6f3347285f5e43cb
textures/flatlist/_win/r_fream.bmp_07099f52bac4d5aa4059fa367660cf09.ctxr,textures/flatlist/_win,r_fream.bmp_07099f52bac4d5aa4059fa367660cf09.ctxr,r_fream.bmp_07099f52bac4d5aa4059fa367660cf09,ctxr,5152,cac1658478724617476b0ab941c905b7b5cf37ee
textures/flatlist/_win/s001a_enkei1_rep.bmp.ctxr,textures/flatlist/_win,s001a_enkei1_rep.bmp.ctxr,s001a_enkei1_rep.bmp,ctxr,349952,1a8e252ec0f122f0ac8cd0692e5e74e2ee92445d
textures/flatlist/_win/s001a_happa05_alp_ovl_mip8000.bmp.ctxr,textures/flatlist/_win,s001a_happa05_alp_ovl_mip8000.bmp.ctxr,s001a_happa05_alp_ovl_mip8000.bmp,ctxr,87776,8c651ddd14debc305d2829cef388d5662db0fa82
textures/flatlist/_win/s001a_komorebi3_alpx2_ovl_rep_mod1001.bmp.ctxr,textures/flatlist/_win,s001a_komorebi3_alpx2_ovl_rep_mod1001.bmp.ctxr,s001a_komorebi3_alpx2_ovl_rep_mod1001.bmp,ctxr,349920,130ba867564092711f76cc33d0e46290afdadf6a
textures/flatlist/_win/s001a_soil01_eld_ne_alp_ovl_rep.bmp.ctxr,textures/flatlist/_win,s001a_soil01_eld_ne_alp_ovl_rep.bmp.ctxr,s001a_soil01_eld_ne_alp_ovl_rep.bmp,ctxr,87776,8c351a888dc4616a02fc8e47014be14e348e1e7f
textures/flatlist/_win/s001a_soil01_rep_mip8000.bmp.ctxr,textures/flatlist/_win,s001a_soil01_rep_mip8000.bmp.ctxr,s001a_soil01_rep_mip8000.bmp,ctxr,1398560,815bf505b48e2a0a3554a349095b3380d1bcfa23
textures/flatlist/_win/s001a_tree_komorebi_alpx2_mod1001_ovl_rep.bmp.ctxr,textures/flatlist/_win,s001a_tree_komorebi_alpx2_mod1001_ovl_rep.bmp.ctxr,s001a_tree_komorebi_alpx2_mod1001_ovl_rep.bmp,ctxr,22176,efba5342e9509a15786de4ccde0047e00c6bc356
textures/flatlist/_win/s001a_wall01_rep_mip8000.bmp.ctxr,textures/flatlist/_win,s001a_wall01_rep_mip8000.bmp.ctxr,s001a_wall01_rep_mip8000.bmp,ctxr,1398528,9c4f4528b0c37c2b08ff03920abdd49284555fb9
textures/flatlist/_win/s002a_komorebi2_alpx2_ovl_rep_mod1001.bmp.ctxr,textures/flatlist/_win,s002a_komorebi2_alpx2_ovl_rep_mod1001.bmp.ctxr,s002a_komorebi2_alpx2_ovl_rep_mod1001.bmp,ctxr,349920,e64d7b599c4d37c7f0c35e8f6abf6690cb8a63a4
textures/flatlist/_win/s002a_tree_komorebi3_alpx2_ovl_rep_mod1001.bmp.ctxr,textures/flatlist/_win,s002a_tree_komorebi3_alpx2_ovl_rep_mod1001.bmp.ctxr,s002a_tree_komorebi3_alpx2_ovl_rep_mod1001.bmp,ctxr,87744,01d654574a380e6e81d8a2c4d02b11c321048af1
textures/flatlist/_win/s002a_wall04_rep_mip8000.bmp.ctxr,textures/flatlist/_win,s002a_wall04_rep_mip8000.bmp.ctxr,s002a_wall04_rep_mip8000.bmp,ctxr,1398528,93efabad3318e0d8b20100c51e1e7d3e914e7125
textures/flatlist/_win/s004a_drone_b.bmp.ctxr,textures/flatlist/_win,s004a_drone_b.bmp.ctxr,s004a_drone_b.bmp,ctxr,1048992,5ea5264806138a461d7439a6c4bf104df321272c
textures/flatlist/_win/s006a_2f_rail_shd1_alp_ovl.bmp.ctxr,textures/flatlist/_win,s006a_2f_rail_shd1_alp_ovl.bmp.ctxr,s006a_2f_rail_shd1_alp_ovl.bmp,ctxr,16704,dc0f42212bd2384ffc6450a4e2ae1cf5b188a64d
textures/flatlist/_win/s006a_2f_rail_shd2_alp_ovl.bmp.ctxr,textures/flatlist/_win,s006a_2f_rail_shd2_alp_ovl.bmp.ctxr,s006a_2f_rail_shd2_alp_ovl.bmp,ctxr,37152,8c5046caf00b7ac0177268a9d48b271609910f55
textures/flatlist/_win/s006a_bombe1.bmp.ctxr,textures/flatlist/_win,s006a_bombe1.bmp.ctxr,s006a_bombe1.bmp,ctxr,349952,9c4a79b3116bd535ba45f40f371ae381b52c9433
textures/flatlist/_win/s006a_bombe2_top.bmp.ctxr,textures/flatlist/_win,s006a_bombe2_top.bmp.ctxr,s006a_bombe2_top.bmp,ctxr,22176,4c19a8550ad3d2145cd13bdf0ac857ff1edbb8d0
textures/flatlist/_win/s006a_book1.bmp.ctxr,textures/flatlist/_win,s006a_book1.bmp.ctxr,s006a_book1.bmp,ctxr,16704,c361c706c73261a068a6ebea81b34581a53328db
textures/flatlist/_win/s006a_book1_s1.bmp.ctxr,textures/flatlist/_win,s006a_book1_s1.bmp.ctxr,s006a_book1_s1.bmp,ctxr,8480,687bec46fd2a1c9dbed9fc47db11f4133d25884d
textures/flatlist/_win/s006a_book1_s2.bmp.ctxr,textures/flatlist/_win,s006a_book1_s2.bmp.ctxr,s006a_book1_s2.bmp,ctxr,9472,11ef07d977f0fbc38dbb9a4fd4c6e73fd0cdd640
textures/flatlist/_win/s006a_book2.bmp.ctxr,textures/flatlist/_win,s006a_book2.bmp.ctxr,s006a_book2.bmp,ctxr,16704,61995d4b4393d5f55e0df32ebf9c49164fb35fc4
textures/flatlist/_win/s006a_brickwall1_brk1.bmp.ctxr,textures/flatlist/_win,s006a_brickwall1_brk1.bmp.ctxr,s006a_brickwall1_brk1.bmp,ctxr,175200,6977e7cae7c6027be6d5461212405ea632ef2f48
textures/flatlist/_win/s006a_brickwall1_brk2_rep.bmp.ctxr,textures/flatlist/_win,s006a_brickwall1_brk2_rep.bmp.ctxr,s006a_brickwall1_brk2_rep.bmp,ctxr,87744,7e6c9cf44e1abc630c78a93d4421f06c572120a2
textures/flatlist/_win/s006a_brickwall1_rep.bmp.ctxr,textures/flatlist/_win,s006a_brickwall1_rep.bmp.ctxr,s006a_brickwall1_rep.bmp,ctxr,1398528,d98f4854088c01205eb1a47225bfc7b77103ac73
textures/flatlist/_win/s006a_brickwall2_rep_v2.bmp.ctxr,textures/flatlist/_win,s006a_brickwall2_rep_v2.bmp.ctxr,s006a_brickwall2_rep_v2.bmp,ctxr,349952,3b889a42aad28f679f7963cea6e11aacb95bbc1e
textures/flatlist/_win/s006a_cable1_alp_ovl.bmp.ctxr,textures/flatlist/_win,s006a_cable1_alp_ovl.bmp.ctxr,s006a_cable1_alp_ovl.bmp,ctxr,12576,c91b1bafb561d91e566ddd8697383f7000452be6
textures/flatlist/_win/s006a_cbox1.bmp.ctxr,textures/flatlist/_win,s006a_cbox1.bmp.ctxr,s006a_cbox1.bmp,ctxr,28960,d1e4da0a137417b8be18068e74e432a816d5f41e
textures/flatlist/_win/s006a_cbox2.bmp.ctxr,textures/flatlist/_win,s006a_cbox2.bmp.ctxr,s006a_cbox2.bmp,ctxr,16704,fc28ac1a012fdc981a240f3ff4010873d30fced1
textures/flatlist/_win/s006a_cbox2_mid1.bmp.ctxr,textures/flatlist/_win,s006a_cbox2_mid1.bmp.ctxr,s006a_cbox2_mid1.bmp,ctxr,22848,437041de3c139e8722bda540a18ac3c0ee247303
textures/flatlist/_win/s006a_cbox2_mid1s.bmp.ctxr,textures/flatlist/_win,s006a_cbox2_mid1s.bmp.ctxr,s006a_cbox2_mid1s.bmp,ctxr,6432,8f39c03bac7cab733b443f0736f941a75158daac
textures/flatlist/_win/s006a_cbox3_long1.bmp.ctxr,textures/flatlist/_win,s006a_cbox3_long1.bmp.ctxr,s006a_cbox3_long1.bmp,ctxr,16704,e6f35e7c2c880771e846960bc0e3c1504c2b3c47
textures/flatlist/_win/s006a_chair_top.bmp.ctxr,textures/flatlist/_win,s006a_chair_top.bmp.ctxr,s006a_chair_top.bmp,ctxr,12576,ddeb55784159e861652d4fbec69bb1fb4a60aa38
textures/flatlist/_win/s006a_iron_pillar1_side_alp_ovl.bmp.ctxr,textures/flatlist/_win,s006a_iron_pillar1_side_alp_ovl.bmp.ctxr,s006a_iron_pillar1_side_alp_ovl.bmp,ctxr,8480,18ad1cc9933ec666d54d9df46c567dc3f97cd98b
textures/flatlist/_win/s006a_locker1.bmp.ctxr,textures/flatlist/_win,s006a_locker1.bmp.ctxr,s006a_locker1.bmp,ctxr,65888,d1e064b517f24543bc974d02fc6085fc4314a5ce
textures/flatlist/_win/s006a_locker1_iner.bmp.ctxr,textures/flatlist/_win,s006a_locker1_iner.bmp.ctxr,s006a_locker1_iner.bmp,ctxr,76800,9878b59dc8b1b0f78519a60f23f8b21041cd41e9
textures/flatlist/_win/s006a_low_shelf1.bmp.ctxr,textures/flatlist/_win,s006a_low_shelf1.bmp.ctxr,s006a_low_shelf1.bmp,ctxr,49472,14f566d70613d1a97a62d02fe086e0127e214ea4
textures/flatlist/_win/s006a_m2f_rail_shd1_alp_ovl.bmp.ctxr,textures/flatlist/_win,s006a_m2f_rail_shd1_alp_ovl.bmp.ctxr,s006a_m2f_rail_shd1_alp_ovl.bmp,ctxr,16704,bdceeef05b99b56c0acbbfc1c41bbbb2bfd7a1d2
textures/flatlist/_win/s006a_machine1_back.bmp.ctxr,textures/flatlist/_win,s006a_machine1_back.bmp.ctxr,s006a_machine1_back.bmp,ctxr,33088,950dabf14556d0ef9d8c2dbf7800c4a39f351d0e
textures/flatlist/_win/s006a_machine1_side.bmp.ctxr,textures/flatlist/_win,s006a_machine1_side.bmp.ctxr,s006a_machine1_side.bmp,ctxr,24896,179493a112e7b3a5377c60d5abf90ba1e432a155
textures/flatlist/_win/s006a_meter1.bmp.ctxr,textures/flatlist/_win,s006a_meter1.bmp.ctxr,s006a_meter1.bmp,ctxr,16704,82c500e52c5c13f14e8c03aac857963e9fb22be9
textures/flatlist/_win/s006a_paperbox1.bmp.ctxr,textures/flatlist/_win,s006a_paperbox1.bmp.ctxr,s006a_paperbox1.bmp,ctxr,12576,65ba229fdf0698ed47452d567ed1930c3a8db981
textures/flatlist/_win/s006a_shelf_tenban1.bmp.ctxr,textures/flatlist/_win,s006a_shelf_tenban1.bmp.ctxr,s006a_shelf_tenban1.bmp,ctxr,18720,6cb492d6e6e203c1f6c032535e540ff04f0dfa4b
textures/flatlist/_win/s006a_soil01_hl_rep_mip8000.bmp.ctxr,textures/flatlist/_win,s006a_soil01_hl_rep_mip8000.bmp.ctxr,s006a_soil01_hl_rep_mip8000.bmp,ctxr,5592864,9da41319223fe09c6fb7453257ff0c8948fc7d2d
textures/flatlist/_win/s006a_step_floor.bmp.ctxr,textures/flatlist/_win,s006a_step_floor.bmp.ctxr,s006a_step_floor.bmp,ctxr,48096,bd85f3da6bcc78be6bfb4987934771789d1c2815
textures/flatlist/_win/s012a_deadtree1_rep.bmp.ctxr,textures/flatlist/_win,s012a_deadtree1_rep.bmp.ctxr,s012a_deadtree1_rep.bmp,ctxr,175168,bbd531eec9a16e48caa78e98d1b4c6225f2ad0e5
textures/flatlist/_win/s022a_ara_conk_rep.bmp.ctxr,textures/flatlist/_win,s022a_ara_conk_rep.bmp.ctxr,s022a_ara_conk_rep.bmp,ctxr,44096,ebc2d852083d99cd861020fbf155d66f49ac3387
textures/flatlist/_win/s022a_fence01.bmp.ctxr,textures/flatlist/_win,s022a_fence01.bmp.ctxr,s022a_fence01.bmp,ctxr,87808,caae53b6a8d7a272d09a4beb5f9acf6547b5e0f6
textures/flatlist/_win/s022a_flr_soil_rep02.bmp.ctxr,textures/flatlist/_win,s022a_flr_soil_rep02.bmp.ctxr,s022a_flr_soil_rep02.bmp,ctxr,1398528,1b8fce97d942372d525e3caa6666835c2d7d9819
textures/flatlist/_win/s022a_glass_def_alp.trans.bmp.ctxr,textures/flatlist/_win,s022a_glass_def_alp.trans.bmp.ctxr,s022a_glass_def_alp.trans.bmp,ctxr,33088,7289789423eb0339fd26fbe405127273eea8a8a3
textures/flatlist/_win/s022a_stfance01.bmp.ctxr,textures/flatlist/_win,s022a_stfance01.bmp.ctxr,s022a_stfance01.bmp,ctxr,16736,b412ffd1993c9ab2be855c1ae09dd2f9b2c1f202
textures/flatlist/_win/s033a_common_shadow_alp_ovl.bmp.ctxr,textures/flatlist/_win,s033a_common_shadow_alp_ovl.bmp.ctxr,s033a_common_shadow_alp_ovl.bmp,ctxr,3008,2cda8e9e0c16a79ede3505ae4247a97fed53a3b1
textures/flatlist/_win/s041a_tree00.bmp.ctxr,textures/flatlist/_win,s041a_tree00.bmp.ctxr,s041a_tree00.bmp,ctxr,262560,8dfe38448d8a907d42913eeff3fa9ca550a09bc1
textures/flatlist/_win/s041a_tree01.bmp.ctxr,textures/flatlist/_win,s041a_tree01.bmp.ctxr,s041a_tree01.bmp,ctxr,262560,68c8b9bae5a7274a447051c39527f77175a24b12
textures/flatlist/_win/s041a_treebg_00_alp_ovl.bmp.ctxr,textures/flatlist/_win,s041a_treebg_00_alp_ovl.bmp.ctxr,s041a_treebg_00_alp_ovl.bmp,ctxr,109568,dd0e739e3849bd98d39cb5525ccb9a02e6fd886a
textures/flatlist/_win/s042a_armory_wall01.bmp.ctxr,textures/flatlist/_win,s042a_armory_wall01.bmp.ctxr,s042a_armory_wall01.bmp,ctxr,196960,14bf766b9cb081b701dcdde7c17b4f5aeeb00099
textures/flatlist/_win/s042a_drwall00.bmp.ctxr,textures/flatlist/_win,s042a_drwall00.bmp.ctxr,s042a_drwall00.bmp,ctxr,7808,8a316f7ff2c25e7c762df430b8b92782efc29307
textures/flatlist/_win/s042a_drwall00a.bmp.ctxr,textures/flatlist/_win,s042a_drwall00a.bmp.ctxr,s042a_drwall00a.bmp,ctxr,12640,2905f6b9cfb44796e7046c6fdb2413a998a439d5
textures/flatlist/_win/s042a_fl04c2.bmp.ctxr,textures/flatlist/_win,s042a_fl04c2.bmp.ctxr,s042a_fl04c2.bmp,ctxr,136864,2b19d5bbe3702cf8b961b396aeec7b2ebcc15658
textures/flatlist/_win/s042a_ladder00.bmp.ctxr,textures/flatlist/_win,s042a_ladder00.bmp.ctxr,s042a_ladder00.bmp,ctxr,11264,b05252b2b6b897609607d414544685919db29ac8
textures/flatlist/_win/s042a_ladder01.bmp.ctxr,textures/flatlist/_win,s042a_ladder01.bmp.ctxr,s042a_ladder01.bmp,ctxr,22208,0874c6e650fc7ecd05e93d48d1edeb711db5711a
textures/flatlist/_win/s042a_sk00.bmp.ctxr,textures/flatlist/_win,s042a_sk00.bmp.ctxr,s042a_sk00.bmp,ctxr,8480,f9b3d55e0e6eeac8acf91ebccf9af0f6deb261d2
textures/flatlist/_win/s042a_sk01.bmp.ctxr,textures/flatlist/_win,s042a_sk01.bmp.ctxr,s042a_sk01.bmp,ctxr,4384,3c1b03c8f4a532cf12270312201a44b649e31294
textures/flatlist/_win/s042a_wall02a.bmp.ctxr,textures/flatlist/_win,s042a_wall02a.bmp.ctxr,s042a_wall02a.bmp,ctxr,98656,a273a6b5c0f0c413ea6bcab419b656dce8da3d4b
textures/flatlist/_win/s043a_44dr01.bmp.ctxr,textures/flatlist/_win,s043a_44dr01.bmp.ctxr,s043a_44dr01.bmp,ctxr,8512,bf6feadee5b85b75744fc17be8f7ae595f391605
textures/flatlist/_win/s043a_fl01a_alp_ovl.bmp.ctxr,textures/flatlist/_win,s043a_fl01a_alp_ovl.bmp.ctxr,s043a_fl01a_alp_ovl.bmp,ctxr,86336,0d91e2ca17f86545c1591ba7896e2f0e2f59906c
textures/flatlist/_win/s043a_fl02a_alp_ovl.bmp.ctxr,textures/flatlist/_win,s043a_fl02a_alp_ovl.bmp.ctxr,s043a_fl02a_alp_ovl.bmp,ctxr,74048,32a7ec5245e1d2d05ba0cbcfff13f54a15c952de
textures/flatlist/_win/s043a_fl03a.bmp.ctxr,textures/flatlist/_win,s043a_fl03a.bmp.ctxr,s043a_fl03a.bmp,ctxr,60224,b0a32bf41a20d7e57d921edf08a6db73a983db54
textures/flatlist/_win/s043a_fl04.bmp.ctxr,textures/flatlist/_win,s043a_fl04.bmp.ctxr,s043a_fl04.bmp,ctxr,65888,7eec7f60a2911c7140cc390023053cb60249df6a
textures/flatlist/_win/s043a_gate00.bmp.ctxr,textures/flatlist/_win,s043a_gate00.bmp.ctxr,s043a_gate00.bmp,ctxr,65888,e39f79901f4f44c6ac61f4858615eed941651589
textures/flatlist/_win/s043a_gate00a.bmp.ctxr,textures/flatlist/_win,s043a_gate00a.bmp.ctxr,s043a_gate00a.bmp,ctxr,65888,e301a19f18cf11865659f14bc3c64377f7e32ef8
textures/flatlist/_win/s043a_gate01.bmp.ctxr,textures/flatlist/_win,s043a_gate01.bmp.ctxr,s043a_gate01.bmp,ctxr,8512,731b391aa14b1a1d7362979577a9a89693c06d54
textures/flatlist/_win/s043a_gate06.bmp.ctxr,textures/flatlist/_win,s043a_gate06.bmp.ctxr,s043a_gate06.bmp,ctxr,43360,ccf684690026d3f5478e230274a5f2ad3950804d
textures/flatlist/_win/s043a_tree00.bmp.ctxr,textures/flatlist/_win,s043a_tree00.bmp.ctxr,s043a_tree00.bmp,ctxr,262560,78a2d9464d607f5a24f35e2b18f6912ce5955bec
textures/flatlist/_win/s043a_wall01a.bmp.ctxr,textures/flatlist/_win,s043a_wall01a.bmp.ctxr,s043a_wall01a.bmp,ctxr,2796672,410baa3ba1d96ec65d4b6b3b96a81448d7871e02
textures/flatlist/_win/s043a_wall01a1_alp_ovl.bmp.ctxr,textures/flatlist/_win,s043a_wall01a1_alp_ovl.bmp.ctxr,s043a_wall01a1_alp_ovl.bmp,ctxr,31008,01acb765970a53f8c01ced7756e55e2b0dc2c792
textures/flatlist/_win/s043a_wall01a2_alp_ovl.bmp.ctxr,textures/flatlist/_win,s043a_wall01a2_alp_ovl.bmp.ctxr,s043a_wall01a2_alp_ovl.bmp,ctxr,31008,af7ae75945fca9ee689d4fe84cffcb10265d6a68
textures/flatlist/_win/s043a_wall01b.bmp.ctxr,textures/flatlist/_win,s043a_wall01b.bmp.ctxr,s043a_wall01b.bmp,ctxr,131456,5db5006140e42627efae9b29715990fb46d3b12e
textures/flatlist/_win/s043a_wall01c3.bmp.ctxr,textures/flatlist/_win,s043a_wall01c3.bmp.ctxr,s043a_wall01c3.bmp,ctxr,24896,78c7f15dbd4d0bb67b7ab06758a704670f0451f9
textures/flatlist/_win/s043a_wall02a.bmp.ctxr,textures/flatlist/_win,s043a_wall02a.bmp.ctxr,s043a_wall02a.bmp,ctxr,131424,3041c5a3ff41f177654a353e3fa9b1a32287224f
textures/flatlist/_win/s043a_wallbrk01_alp_ovl.bmp.ctxr,textures/flatlist/_win,s043a_wallbrk01_alp_ovl.bmp.ctxr,s043a_wallbrk01_alp_ovl.bmp,ctxr,29440,030795c6b7dc9c84e62649e1090c4ab3aa6778ae
textures/flatlist/_win/s043a_wallbrk02.bmp.ctxr,textures/flatlist/_win,s043a_wallbrk02.bmp.ctxr,s043a_wallbrk02.bmp,ctxr,2796672,d21b7378c205ba9719e8680af9af8383f6db7e0a
textures/flatlist/_win/s043a_wallpnl00_alp_ovl.bmp.ctxr,textures/flatlist/_win,s043a_wallpnl00_alp_ovl.bmp.ctxr,s043a_wallpnl00_alp_ovl.bmp,ctxr,16704,169d53995d553b6820a88326f46ca235d59a2954
textures/flatlist/_win/s044a_drwall00a.bmp.ctxr,textures/flatlist/_win,s044a_drwall00a.bmp.ctxr,s044a_drwall00a.bmp,ctxr,107808,8d2853b6e262e5172a19a88595b9e2dae218e735
textures/flatlist/_win/s044a_drwall00d.bmp.ctxr,textures/flatlist/_win,s044a_drwall00d.bmp.ctxr,s044a_drwall00d.bmp,ctxr,4416,0ec3d5dff5202237e7013a0083490dc4736b26c6
textures/flatlist/_win/s044a_fl01c_alp_ovl.bmp.ctxr,textures/flatlist/_win,s044a_fl01c_alp_ovl.bmp.ctxr,s044a_fl01c_alp_ovl.bmp,ctxr,131424,26b005223f048b736d03d473c273524cce0c0c1d
textures/flatlist/_win/s044a_flpnl00a.bmp.ctxr,textures/flatlist/_win,s044a_flpnl00a.bmp.ctxr,s044a_flpnl00a.bmp,ctxr,44064,8c07398333add62b84b361aacedef5bf5e0493a2
textures/flatlist/_win/s044a_flpnl00_alp_ovl.bmp.ctxr,textures/flatlist/_win,s044a_flpnl00_alp_ovl.bmp.ctxr,s044a_flpnl00_alp_ovl.bmp,ctxr,16704,4c28a991d039314f289f8f29bf94873275c20c94
textures/flatlist/_win/s044a_litboxsdw00_alp_ovl.bmp.ctxr,textures/flatlist/_win,s044a_litboxsdw00_alp_ovl.bmp.ctxr,s044a_litboxsdw00_alp_ovl.bmp,ctxr,14624,dac2ad7b4e4855170cb09c4339619374f91ef1e8
textures/flatlist/_win/s044a_pnl02a_alp_ovl.bmp.ctxr,textures/flatlist/_win,s044a_pnl02a_alp_ovl.bmp.ctxr,s044a_pnl02a_alp_ovl.bmp,ctxr,14016,16d37cd67bca81d435f40604baa7ab0aa93355b1
textures/flatlist/_win/s044a_pnl02_alp_ovl.bmp.ctxr,textures/flatlist/_win,s044a_pnl02_alp_ovl.bmp.ctxr,s044a_pnl02_alp_ovl.bmp,ctxr,2304,0fdfc3ac8dcacae1095585845c77eb634c834354
textures/flatlist/_win/s044a_roof01a.bmp.ctxr,textures/flatlist/_win,s044a_roof01a.bmp.ctxr,s044a_roof01a.bmp,ctxr,98656,c17c3f972fd6a88048bf7fd7d31cb6be40d8c9d2
textures/flatlist/_win/s044a_s043a_wall02a.bmp.ctxr,textures/flatlist/_win,s044a_s043a_wall02a.bmp.ctxr,s044a_s043a_wall02a.bmp,ctxr,131424,32b206723045e6b40221710b4b55d2135102eab1
textures/flatlist/_win/s044a_s051a_wall01a.bmp.ctxr,textures/flatlist/_win,s044a_s051a_wall01a.bmp.ctxr,s044a_s051a_wall01a.bmp,ctxr,218848,dda01c55bea73c3c11de3c446769bbb258e22ecc
textures/flatlist/_win/s044a_wall05a.bmp.ctxr,textures/flatlist/_win,s044a_wall05a.bmp.ctxr,s044a_wall05a.bmp,ctxr,196960,e94e837b7824ebf43c641d4bdc2999dae837cb54
textures/flatlist/_win/s044a_wallfont00_alp_ovl.bmp.ctxr,textures/flatlist/_win,s044a_wallfont00_alp_ovl.bmp.ctxr,s044a_wallfont00_alp_ovl.bmp,ctxr,4384,69b4c126c04edf572fb963021bf72f741ce35ae3
textures/flatlist/_win/s044a_wallfont01_alp_ovl.bmp.ctxr,textures/flatlist/_win,s044a_wallfont01_alp_ovl.bmp.ctxr,s044a_wallfont01_alp_ovl.bmp,ctxr,4384,510dee8d8dbee0e2df129e3397e2ec3ec3c4c9cc
textures/flatlist/_win/s044a_wallrusty02_alp_ovl.bmp.ctxr,textures/flatlist/_win,s044a_wallrusty02_alp_ovl.bmp.ctxr,s044a_wallrusty02_alp_ovl.bmp,ctxr,65888,167027df9baf7af6ce8a11b850787b92dd41fd68
textures/flatlist/_win/s044a_wallrusty03_alp_ovl.bmp.ctxr,textures/flatlist/_win,s044a_wallrusty03_alp_ovl.bmp.ctxr,s044a_wallrusty03_alp_ovl.bmp,ctxr,65888,b9b56c0a341741d95b9266df6e2f102328cb0ed9
textures/flatlist/_win/s044a_wlpnl00a_alp_ovl.bmp.ctxr,textures/flatlist/_win,s044a_wlpnl00a_alp_ovl.bmp.ctxr,s044a_wlpnl00a_alp_ovl.bmp,ctxr,18720,1faa862daa025ab2d2c287ac1b196e4e6f5c16ef
textures/flatlist/_win/s0504a_paper00.bmp.ctxr,textures/flatlist/_win,s0504a_paper00.bmp.ctxr,s0504a_paper00.bmp,ctxr,16704,897fbc70fa855686f50efba486034d0dbcc1d5f0
textures/flatlist/_win/s051a_44wall01a.bmp.ctxr,textures/flatlist/_win,s051a_44wall01a.bmp.ctxr,s051a_44wall01a.bmp,ctxr,295264,3a4aeb67735b74a0688fd48ab49ffe07f8f86bad
textures/flatlist/_win/s051a_44wall02b.bmp.ctxr,textures/flatlist/_win,s051a_44wall02b.bmp.ctxr,s051a_44wall02b.bmp,ctxr,65888,3cbc62e044e926f05d32aae336c9ef9ad7d28d65
textures/flatlist/_win/s051a_jimen_a01_rep.bmp_a29eacb6af2fb4c008aac3603e46039a.ctxr,textures/flatlist/_win,s051a_jimen_a01_rep.bmp_a29eacb6af2fb4c008aac3603e46039a.ctxr,s051a_jimen_a01_rep.bmp_a29eacb6af2fb4c008aac3603e46039a,ctxr,5592864,43faf3a12a46c7d2156fa03208b5e0155f287c26
textures/flatlist/_win/s051a_rock_rep01.bmp.ctxr,textures/flatlist/_win,s051a_rock_rep01.bmp.ctxr,s051a_rock_rep01.bmp,ctxr,1398528,62b28efa22db7c368e94a5dd8e4bae6a08a863a9
textures/flatlist/_win/s052a_box_01.bmp.ctxr,textures/flatlist/_win,s052a_box_01.bmp.ctxr,s052a_box_01.bmp,ctxr,349920,bdbe2d503a3d6badf6ae7d21b85e0229d7505e9b
textures/flatlist/_win/s052a_door_light_01_alp_ovl.bmp.ctxr,textures/flatlist/_win,s052a_door_light_01_alp_ovl.bmp.ctxr,s052a_door_light_01_alp_ovl.bmp,ctxr,6432,b12d583122b6acad5094fc665aa3aeb7ce3b0c7a
textures/flatlist/_win/s052a_door_light_02.bmp.ctxr,textures/flatlist/_win,s052a_door_light_02.bmp.ctxr,s052a_door_light_02.bmp,ctxr,11264,da2f42de65d75f54539ca5f1ed038f9dabc958ef
textures/flatlist/_win/s052a_door_light_03.bmp.ctxr,textures/flatlist/_win,s052a_door_light_03.bmp.ctxr,s052a_door_light_03.bmp,ctxr,22176,d5fa1dfb7d6579fbfd671eb0b742750012454d2f
textures/flatlist/_win/s052a_door_light_04.bmp.ctxr,textures/flatlist/_win,s052a_door_light_04.bmp.ctxr,s052a_door_light_04.bmp,ctxr,3328,2a26dec2e097916e117ed8205e911aa1a1917514
textures/flatlist/_win/s052a_ent_03_kage_01_alp_ovl.bmp.ctxr,textures/flatlist/_win,s052a_ent_03_kage_01_alp_ovl.bmp.ctxr,s052a_ent_03_kage_01_alp_ovl.bmp,ctxr,33088,7d3a8efe5f8f29e50e237ecf0e11fb334ae78a52
textures/flatlist/_win/s052a_ent_conc_02_rep.bmp.ctxr,textures/flatlist/_win,s052a_ent_conc_02_rep.bmp.ctxr,s052a_ent_conc_02_rep.bmp,ctxr,87744,0e6532faf6d45c4d0165bfc6f6c497f1b1afcff0
textures/flatlist/_win/s052a_ent_floor_01_rep.bmp.ctxr,textures/flatlist/_win,s052a_ent_floor_01_rep.bmp.ctxr,s052a_ent_floor_01_rep.bmp,ctxr,349920,0b408d9d34f60d352bc49dd2319c344a414d8e63
textures/flatlist/_win/s052a_ent_floor_03.bmp.ctxr,textures/flatlist/_win,s052a_ent_floor_03.bmp.ctxr,s052a_ent_floor_03.bmp,ctxr,349920,5aba24623c712a5a0e439d4f39ed7543a06a10eb
textures/flatlist/_win/s052a_ent_kage_04_alp_ovl.bmp.ctxr,textures/flatlist/_win,s052a_ent_kage_04_alp_ovl.bmp.ctxr,s052a_ent_kage_04_alp_ovl.bmp,ctxr,33120,35cb76324235d38c253a3799ec53f12e2083c4a8
textures/flatlist/_win/s052a_ent_kage_05_alp_ovl.bmp.ctxr,textures/flatlist/_win,s052a_ent_kage_05_alp_ovl.bmp.ctxr,s052a_ent_kage_05_alp_ovl.bmp,ctxr,65888,3630d5bd3b760856f3414a6e80e00f2c973b617a
textures/flatlist/_win/s052a_ent_mat.bmp.ctxr,textures/flatlist/_win,s052a_ent_mat.bmp.ctxr,s052a_ent_mat.bmp,ctxr,16704,03dd84a63399dc7e992d199c8c5b07780f29036c
textures/flatlist/_win/s052a_hashira_01.bmp.ctxr,textures/flatlist/_win,s052a_hashira_01.bmp.ctxr,s052a_hashira_01.bmp,ctxr,87808,b80fe970ec076581296d1e0f7e4e083585cf7191
textures/flatlist/_win/s052a_hashira_02.bmp.ctxr,textures/flatlist/_win,s052a_hashira_02.bmp.ctxr,s052a_hashira_02.bmp,ctxr,87744,5b61b3872eec8b1ff610052beee25c8dd47f4a12
textures/flatlist/_win/s052a_hashira_03.bmp.ctxr,textures/flatlist/_win,s052a_hashira_03.bmp.ctxr,s052a_hashira_03.bmp,ctxr,44096,7425df89bdb2b9458e1fb6d55a94b511bbf91c35
textures/flatlist/_win/s052a_hashira_04.bmp.ctxr,textures/flatlist/_win,s052a_hashira_04.bmp.ctxr,s052a_hashira_04.bmp,ctxr,12576,cf8dae8c541cfcbf68ef7128790ce11ba64cae45
textures/flatlist/_win/s052a_jimen_deco_rep.bmp.ctxr,textures/flatlist/_win,s052a_jimen_deco_rep.bmp.ctxr,s052a_jimen_deco_rep.bmp,ctxr,1398528,4863247826aa5e0156035e9747bc9f64a5c97c91
textures/flatlist/_win/s052a_noon_doorlight_01_alp_ovl.bmp.ctxr,textures/flatlist/_win,s052a_noon_doorlight_01_alp_ovl.bmp.ctxr,s052a_noon_doorlight_01_alp_ovl.bmp,ctxr,6432,e033aecd41acc3f39ba30c71a0ee516ae35236ab
textures/flatlist/_win/s052a_noon_ent_kage_01_alp_ovl.bmp.ctxr,textures/flatlist/_win,s052a_noon_ent_kage_01_alp_ovl.bmp.ctxr,s052a_noon_ent_kage_01_alp_ovl.bmp,ctxr,262528,3923e4ef43896278521f1fce800f6d7ddc74c38c
textures/flatlist/_win/s052a_noon_ent_kage_05_alp_ovl.bmp.ctxr,textures/flatlist/_win,s052a_noon_ent_kage_05_alp_ovl.bmp.ctxr,s052a_noon_ent_kage_05_alp_ovl.bmp,ctxr,27616,bda6f97a537ec20d3d4c483ccfdb10bab3d5a0fb
textures/flatlist/_win/s052a_noon_ent_kage_06_alp_ovl.bmp.ctxr,textures/flatlist/_win,s052a_noon_ent_kage_06_alp_ovl.bmp.ctxr,s052a_noon_ent_kage_06_alp_ovl.bmp,ctxr,20768,c0ae970c4b4ee03f3839ebced0ec7318b36f37f5
textures/flatlist/_win/s052a_noon_ent_kage_11_alp_ovl.bmp.ctxr,textures/flatlist/_win,s052a_noon_ent_kage_11_alp_ovl.bmp.ctxr,s052a_noon_ent_kage_11_alp_ovl.bmp,ctxr,20768,760ef17bf6a3be85ce089264b5b51ecfc8b5cf56
textures/flatlist/_win/s052a_noon_ent_roof_rep.bmp.ctxr,textures/flatlist/_win,s052a_noon_ent_roof_rep.bmp.ctxr,s052a_noon_ent_roof_rep.bmp,ctxr,87744,ee9b5fd3272d1fff48cc4a9d6a2f6a33c46f50b4
textures/flatlist/_win/s052a_noon_stlight_kage_01_alp_ovl.bmp.ctxr,textures/flatlist/_win,s052a_noon_stlight_kage_01_alp_ovl.bmp.ctxr,s052a_noon_stlight_kage_01_alp_ovl.bmp,ctxr,8512,a8410a4b072b80eecc0e9f9941ba56c51062c792
textures/flatlist/_win/s052a_noon_stlight_kage_02_alp_ovl.bmp.ctxr,textures/flatlist/_win,s052a_noon_stlight_kage_02_alp_ovl.bmp.ctxr,s052a_noon_stlight_kage_02_alp_ovl.bmp,ctxr,8512,0d4c2e669bc727ebd43be893e754517a2a762e0c
textures/flatlist/_win/s052a_serch_light_01.bmp.ctxr,textures/flatlist/_win,s052a_serch_light_01.bmp.ctxr,s052a_serch_light_01.bmp,ctxr,1792,f3356b8bc4486499589a058b2ce378e5045e340f
textures/flatlist/_win/s052a_serch_light_03_decal.bmp.ctxr,textures/flatlist/_win,s052a_serch_light_03_decal.bmp.ctxr,s052a_serch_light_03_decal.bmp,ctxr,1280,e2f80a705cb5c7f8800c7c3f9fb99ac6c5c8441e
textures/flatlist/_win/s052a_streetlight_03.bmp.ctxr,textures/flatlist/_win,s052a_streetlight_03.bmp.ctxr,s052a_streetlight_03.bmp,ctxr,175200,1acaa4fe0490e336802f156b94979167aad52817
textures/flatlist/_win/s052a_tile_floor_01_rep.bmp.ctxr,textures/flatlist/_win,s052a_tile_floor_01_rep.bmp.ctxr,s052a_tile_floor_01_rep.bmp,ctxr,349920,5215e9912969a5392457feeb6c87a3bad4bdfd23
textures/flatlist/_win/s052a_wall01.bmp.ctxr,textures/flatlist/_win,s052a_wall01.bmp.ctxr,s052a_wall01.bmp,ctxr,1398528,94d9eaa251a4562f72bafcada92f799e725da74f
textures/flatlist/_win/s052a_wall02.bmp.ctxr,textures/flatlist/_win,s052a_wall02.bmp.ctxr,s052a_wall02.bmp,ctxr,349952,7d58171fb56f55b063e6fcc581b221e03b19e671
textures/flatlist/_win/s052a_wall_door_01.bmp.ctxr,textures/flatlist/_win,s052a_wall_door_01.bmp.ctxr,s052a_wall_door_01.bmp,ctxr,49504,304337a24b86a50919d5f3167ead55b626d20fb0
textures/flatlist/_win/s052a_win_kage_03_alp_ovl.bmp.ctxr,textures/flatlist/_win,s052a_win_kage_03_alp_ovl.bmp.ctxr,s052a_win_kage_03_alp_ovl.bmp,ctxr,65888,f4e36cbc09c057cfd9898a7b8bf7fd585db42630
textures/flatlist/_win/s053a_bookstop.bmp.ctxr,textures/flatlist/_win,s053a_bookstop.bmp.ctxr,s053a_bookstop.bmp,ctxr,4544,c26c460cb05a2e7f5178fd81891a2798c2f036a1
textures/flatlist/_win/s053a_bookstop.bmp_39c48569f059746c2629fdd82139863e.ctxr,textures/flatlist/_win,s053a_bookstop.bmp_39c48569f059746c2629fdd82139863e.ctxr,s053a_bookstop.bmp_39c48569f059746c2629fdd82139863e,ctxr,44064,604a3ca5fc57b747a3eb752fe082cd4bd54898ca
textures/flatlist/_win/s053a_boxa00.bmp.ctxr,textures/flatlist/_win,s053a_boxa00.bmp.ctxr,s053a_boxa00.bmp,ctxr,349920,064ed68642a110cbda47e754816ea7721e0ba136
textures/flatlist/_win/s053a_carpet00.bmp.ctxr,textures/flatlist/_win,s053a_carpet00.bmp.ctxr,s053a_carpet00.bmp,ctxr,349920,f00d80d1b79b9f14bdaeca09126141e9940b4f68
textures/flatlist/_win/s053a_case00.bmp.ctxr,textures/flatlist/_win,s053a_case00.bmp.ctxr,s053a_case00.bmp,ctxr,19744,1f63fa8d6bc85544da42129c345139aa5bb4f14f
textures/flatlist/_win/s053a_case00.bmp_577fc47da881b28a88dcea0b580d8a7e.ctxr,textures/flatlist/_win,s053a_case00.bmp_577fc47da881b28a88dcea0b580d8a7e.ctxr,s053a_case00.bmp_577fc47da881b28a88dcea0b580d8a7e,ctxr,87744,b04baa4a011e7504ab8e3b79e38e43eee10a8309
textures/flatlist/_win/s053a_comp_b00.bmp.ctxr,textures/flatlist/_win,s053a_comp_b00.bmp.ctxr,s053a_comp_b00.bmp,ctxr,8480,1b1586d44b00191955064cb90f6c2f04f43797c3
textures/flatlist/_win/s053a_comp_c00.bmp.ctxr,textures/flatlist/_win,s053a_comp_c00.bmp.ctxr,s053a_comp_c00.bmp,ctxr,44064,0fa26ac5ceae700e5473bea1238a2f48aadcc853
textures/flatlist/_win/s053a_comp_c00.bmp_153abc8b18d65f06652ce0f8d1a8845f.ctxr,textures/flatlist/_win,s053a_comp_c00.bmp_153abc8b18d65f06652ce0f8d1a8845f.ctxr,s053a_comp_c00.bmp_153abc8b18d65f06652ce0f8d1a8845f,ctxr,6432,058604b0636e0d05ab9140630d7963433e1eb0c5
textures/flatlist/_win/s053a_curtain_a00.bmp.ctxr,textures/flatlist/_win,s053a_curtain_a00.bmp.ctxr,s053a_curtain_a00.bmp,ctxr,87776,bec9cf573f11102884eb2109c19c1c68d3d6d001
textures/flatlist/_win/s053a_curtain_a01.bmp.ctxr,textures/flatlist/_win,s053a_curtain_a01.bmp.ctxr,s053a_curtain_a01.bmp,ctxr,8512,846c335141e047a3a64f24e516acacf186b17875
textures/flatlist/_win/s053a_curtain_b01.bmp.ctxr,textures/flatlist/_win,s053a_curtain_b01.bmp.ctxr,s053a_curtain_b01.bmp,ctxr,17024,58b5709cc7591b32427cecd9f30256b81bf80efd
textures/flatlist/_win/s053a_curtain_b02.bmp.ctxr,textures/flatlist/_win,s053a_curtain_b02.bmp.ctxr,s053a_curtain_b02.bmp,ctxr,4896,c19c7bd7a1a2cf2779b759f16031871c0247c3a2
textures/flatlist/_win/s053a_curtain_b02.bmp_1309490d75c2430dc2d366809fe7ad59.ctxr,textures/flatlist/_win,s053a_curtain_b02.bmp_1309490d75c2430dc2d366809fe7ad59.ctxr,s053a_curtain_b02.bmp_1309490d75c2430dc2d366809fe7ad59,ctxr,4896,9d0f49fb3a5983bf21cb398528c9dfaff899752d
textures/flatlist/_win/s053a_curtain_b03.bmp.ctxr,textures/flatlist/_win,s053a_curtain_b03.bmp.ctxr,s053a_curtain_b03.bmp,ctxr,4896,11b8fb3e002fcefe335f80b741d6bbfcd21adf5a
textures/flatlist/_win/s053a_curtain_b03.bmp_914fed28396244c111e47c481d8e280c.ctxr,textures/flatlist/_win,s053a_curtain_b03.bmp_914fed28396244c111e47c481d8e280c.ctxr,s053a_curtain_b03.bmp_914fed28396244c111e47c481d8e280c,ctxr,4896,31c941a430bda373058e366a939ee70d8d75c36f
textures/flatlist/_win/s053a_desk_side2.bmp.ctxr,textures/flatlist/_win,s053a_desk_side2.bmp.ctxr,s053a_desk_side2.bmp,ctxr,7136,585b1779f5b715a94a770e922ea6f8c8eb94db4a
textures/flatlist/_win/s053a_door_b00.bmp.ctxr,textures/flatlist/_win,s053a_door_b00.bmp.ctxr,s053a_door_b00.bmp,ctxr,37152,b81b2d0793b28caf3a4e551ec47358f5ad7fe009
textures/flatlist/_win/s053a_door_b00.bmp_ac9b2f2a3c8818e577edc950d7cf0a32.ctxr,textures/flatlist/_win,s053a_door_b00.bmp_ac9b2f2a3c8818e577edc950d7cf0a32.ctxr,s053a_door_b00.bmp_ac9b2f2a3c8818e577edc950d7cf0a32,ctxr,699488,13281528041b7ab18abfccad21e1b4c7e678dd97
textures/flatlist/_win/s053a_duct_00_rep.bmp.ctxr,textures/flatlist/_win,s053a_duct_00_rep.bmp.ctxr,s053a_duct_00_rep.bmp,ctxr,87744,3f69fbfb40c796b3972d5fa552662e92553717dc
textures/flatlist/_win/s053a_floor_b00.bmp.ctxr,textures/flatlist/_win,s053a_floor_b00.bmp.ctxr,s053a_floor_b00.bmp,ctxr,49472,a4026a47ae598a096598766a30ecac669e801e77
textures/flatlist/_win/s053a_floor_cortyard_00_rep.bmp.ctxr,textures/flatlist/_win,s053a_floor_cortyard_00_rep.bmp.ctxr,s053a_floor_cortyard_00_rep.bmp,ctxr,349920,e812d6388a464596b5572b2d4acbb02c1717bba4
textures/flatlist/_win/s053a_floor_mr_alp_ovl.bmp.ctxr,textures/flatlist/_win,s053a_floor_mr_alp_ovl.bmp.ctxr,s053a_floor_mr_alp_ovl.bmp,ctxr,49472,e74773ad6fc20111d05364cd3498cfb91b79c2d3
textures/flatlist/_win/s053a_floor_step00.bmp_09c53fd0b62a8927f6cb7d36dd6b2867.ctxr,textures/flatlist/_win,s053a_floor_step00.bmp_09c53fd0b62a8927f6cb7d36dd6b2867.ctxr,s053a_floor_step00.bmp_09c53fd0b62a8927f6cb7d36dd6b2867,ctxr,349920,0382d66829c00a8bff61204588a468638ea6b21e
textures/flatlist/_win/s053a_floor_tile01.bmp.ctxr,textures/flatlist/_win,s053a_floor_tile01.bmp.ctxr,s053a_floor_tile01.bmp,ctxr,16704,caa2aa8c79fc86a9ef2dca227de34071a62ac34e
textures/flatlist/_win/s053a_handrail_01_alp_ovl.bmp.ctxr,textures/flatlist/_win,s053a_handrail_01_alp_ovl.bmp.ctxr,s053a_handrail_01_alp_ovl.bmp,ctxr,27616,a950dce7890942d97b05bd94d3a26033853c0856
textures/flatlist/_win/s053a_lattice00.bmp_4de0c87e4a27313665fec72ece723765.ctxr,textures/flatlist/_win,s053a_lattice00.bmp_4de0c87e4a27313665fec72ece723765.ctxr,s053a_lattice00.bmp_4de0c87e4a27313665fec72ece723765,ctxr,16736,4c9f7aeb0615f541186f8da2c3d37be18fb0a413
textures/flatlist/_win/s053a_lightb00.bmp.ctxr,textures/flatlist/_win,s053a_lightb00.bmp.ctxr,s053a_lightb00.bmp,ctxr,1280,43d764ed03b810aca0b8f527c83c5b6bb4007f55
textures/flatlist/_win/s053a_light_a00_add_alp_ovl.bmp.ctxr,textures/flatlist/_win,s053a_light_a00_add_alp_ovl.bmp.ctxr,s053a_light_a00_add_alp_ovl.bmp,ctxr,4416,1e75b0af4cb6840cba4ed4fcc25100c143d773e8
textures/flatlist/_win/s053a_light_a00_alp_ovl.bmp.ctxr,textures/flatlist/_win,s053a_light_a00_alp_ovl.bmp.ctxr,s053a_light_a00_alp_ovl.bmp,ctxr,4416,703e3e64ede5e656246b42f7c6d425887081e232
textures/flatlist/_win/s053a_light_a01_alp_ovl.bmp.ctxr,textures/flatlist/_win,s053a_light_a01_alp_ovl.bmp.ctxr,s053a_light_a01_alp_ovl.bmp,ctxr,4416,09ba5372cedc2b9dd79fd029ee9faa9d4392e4e7
textures/flatlist/_win/s053a_light_a01_alp_ovl.bmp_8994a105daad707f9a830e4883514463.ctxr,textures/flatlist/_win,s053a_light_a01_alp_ovl.bmp_8994a105daad707f9a830e4883514463.ctxr,s053a_light_a01_alp_ovl.bmp_8994a105daad707f9a830e4883514463,ctxr,4416,376f75501e9363407a38bcc889240cc1677505ad
textures/flatlist/_win/s053a_light_a03_alp_ovl.bmp.ctxr,textures/flatlist/_win,s053a_light_a03_alp_ovl.bmp.ctxr,s053a_light_a03_alp_ovl.bmp,ctxr,10592,af93a92b41dbf359879a80b1e33ae0e3d8f2804d
textures/flatlist/_win/s053a_locker00.bmp.ctxr,textures/flatlist/_win,s053a_locker00.bmp.ctxr,s053a_locker00.bmp,ctxr,71328,ceb46ac1824df8f6f4e451fa86bd367d4660c69b
textures/flatlist/_win/s053a_locker00_mk.bmp.ctxr,textures/flatlist/_win,s053a_locker00_mk.bmp.ctxr,s053a_locker00_mk.bmp,ctxr,57664,2b8ec10b3975c9a9453dfdd804882cfbf106d1e0
textures/flatlist/_win/s053a_locker01_alp_tr.trans.bmp.ctxr,textures/flatlist/_win,s053a_locker01_alp_tr.trans.bmp.ctxr,s053a_locker01_alp_tr.trans.bmp,ctxr,2304,c578b02ceaf65b387dd2bcefd47f6987b0efc3b5
textures/flatlist/_win/s053a_noon_window00_alp_ovl.bmp.ctxr,textures/flatlist/_win,s053a_noon_window00_alp_ovl.bmp.ctxr,s053a_noon_window00_alp_ovl.bmp,ctxr,67200,787cafef31db0eebe49ae6e918a8170bf3f9426c
textures/flatlist/_win/s053a_outsidefloor_b00.bmp.ctxr,textures/flatlist/_win,s053a_outsidefloor_b00.bmp.ctxr,s053a_outsidefloor_b00.bmp,ctxr,39520,5f53caf8bb429f613fb2473f2cf13a1cbb226652
textures/flatlist/_win/s053a_outsidewall_a00.bmp.ctxr,textures/flatlist/_win,s053a_outsidewall_a00.bmp.ctxr,s053a_outsidewall_a00.bmp,ctxr,699488,425b2580a32fd809804770aaceb1811dc8637277
textures/flatlist/_win/s053a_outsidewall_a01.bmp.ctxr,textures/flatlist/_win,s053a_outsidewall_a01.bmp.ctxr,s053a_outsidewall_a01.bmp,ctxr,175168,6e6c96a262681d65ae92e6a523642a2002a7d2b7
textures/flatlist/_win/s053a_outsidewall_a02_rep.bmp.ctxr,textures/flatlist/_win,s053a_outsidewall_a02_rep.bmp.ctxr,s053a_outsidewall_a02_rep.bmp,ctxr,349920,b1dc07e11b9c62d87086efcf49cd73ac58cc8418
textures/flatlist/_win/s053a_picture00.bmp.ctxr,textures/flatlist/_win,s053a_picture00.bmp.ctxr,s053a_picture00.bmp,ctxr,16704,6f70099ce514c20dfe9842015af324b21e217130
textures/flatlist/_win/s053a_picture02.bmp.ctxr,textures/flatlist/_win,s053a_picture02.bmp.ctxr,s053a_picture02.bmp,ctxr,16704,2d77e3b307e150ad900182629f1905637dfbb62c
textures/flatlist/_win/s053a_picture03.bmp.ctxr,textures/flatlist/_win,s053a_picture03.bmp.ctxr,s053a_picture03.bmp,ctxr,15328,ff0627b5d084ab474381e2fb98f8bbfa46446a33
textures/flatlist/_win/s053a_picture04.bmp.ctxr,textures/flatlist/_win,s053a_picture04.bmp.ctxr,s053a_picture04.bmp,ctxr,8480,a7bc1ee6b75b862933caaf665cf6dccee41a1554
textures/flatlist/_win/s053a_plant_a00_alp_ovl.bmp.ctxr,textures/flatlist/_win,s053a_plant_a00_alp_ovl.bmp.ctxr,s053a_plant_a00_alp_ovl.bmp,ctxr,20768,dcfaf66682b0a48b3fdf821ac7dea5dba872e1a2
textures/flatlist/_win/s053a_pos_woman00_alp_ovl.bmp.ctxr,textures/flatlist/_win,s053a_pos_woman00_alp_ovl.bmp.ctxr,s053a_pos_woman00_alp_ovl.bmp,ctxr,16704,22c3e6d21d0cd359d9a29aba05d1579afda98c95
textures/flatlist/_win/s053a_pos_woman00_mod0001_alpx2_ovl.bmp.ctxr,textures/flatlist/_win,s053a_pos_woman00_mod0001_alpx2_ovl.bmp.ctxr,s053a_pos_woman00_mod0001_alpx2_ovl.bmp,ctxr,246112,fd59c77e39133643ce039a3be15be8db2c6d8949
textures/flatlist/_win/s053a_sdw02_alp_ovl.bmp.ctxr,textures/flatlist/_win,s053a_sdw02_alp_ovl.bmp.ctxr,s053a_sdw02_alp_ovl.bmp,ctxr,6240,e109f94bdbe41c0e1341063d351c63094cf1b13a
textures/flatlist/_win/s053a_sdwa00_alp_ovl.bmp.ctxr,textures/flatlist/_win,s053a_sdwa00_alp_ovl.bmp.ctxr,s053a_sdwa00_alp_ovl.bmp,ctxr,18048,410accbf6c24679e798bd332bcf00321412e9b74
textures/flatlist/_win/s053a_sdwa00_alp_ovl.bmp_48cb97b621dabb7c29d26755d7d97bf1.ctxr,textures/flatlist/_win,s053a_sdwa00_alp_ovl.bmp_48cb97b621dabb7c29d26755d7d97bf1.ctxr,s053a_sdwa00_alp_ovl.bmp_48cb97b621dabb7c29d26755d7d97bf1,ctxr,16704,cc6885a346d3e951e6ebb290ba49a2b6f2a845ee
textures/flatlist/_win/s053a_sdw_desk00_alp_ovl.bmp.ctxr,textures/flatlist/_win,s053a_sdw_desk00_alp_ovl.bmp.ctxr,s053a_sdw_desk00_alp_ovl.bmp,ctxr,24896,57ff4afd346ca3598ff2b67e2db733d61cc9f27b
textures/flatlist/_win/s053a_sdw_ltc00_alp_ovl.bmp.ctxr,textures/flatlist/_win,s053a_sdw_ltc00_alp_ovl.bmp.ctxr,s053a_sdw_ltc00_alp_ovl.bmp,ctxr,7136,24f22a5853854ec56f8141c02eca7482bc30916a
textures/flatlist/_win/s053a_sdw_ltc01_alp_ovl.bmp.ctxr,textures/flatlist/_win,s053a_sdw_ltc01_alp_ovl.bmp.ctxr,s053a_sdw_ltc01_alp_ovl.bmp,ctxr,4416,68605828654167c3424d8d1d92b1bf3174a2554e
textures/flatlist/_win/s053a_sdw_ltc_fl00_add_alp_ovl.bmp.ctxr,textures/flatlist/_win,s053a_sdw_ltc_fl00_add_alp_ovl.bmp.ctxr,s053a_sdw_ltc_fl00_add_alp_ovl.bmp,ctxr,28960,b4ae00b8d835816b1ce50df50ae808420e900fee
textures/flatlist/_win/s053a_sdw_pillar00_alp_ovl.bmp.ctxr,textures/flatlist/_win,s053a_sdw_pillar00_alp_ovl.bmp.ctxr,s053a_sdw_pillar00_alp_ovl.bmp,ctxr,65888,1c1b1b093a63667a06e9cb9ce07cc0bfaea0e29d
textures/flatlist/_win/s053a_sdw_sofab_alp_ovl.bmp.ctxr,textures/flatlist/_win,s053a_sdw_sofab_alp_ovl.bmp.ctxr,s053a_sdw_sofab_alp_ovl.bmp,ctxr,16704,feab25389f7478abee142b002f11d65b7aa45d6f
textures/flatlist/_win/s053a_sdw_square01_alp_ovl.bmp.ctxr,textures/flatlist/_win,s053a_sdw_square01_alp_ovl.bmp.ctxr,s053a_sdw_square01_alp_ovl.bmp,ctxr,20256,4972f27bd0d8133f4ef557e0f0c1388615ebb895
textures/flatlist/_win/s053a_sdw_tablewood00_alp_ovl.bmp.ctxr,textures/flatlist/_win,s053a_sdw_tablewood00_alp_ovl.bmp.ctxr,s053a_sdw_tablewood00_alp_ovl.bmp,ctxr,16704,3783bed8f6e7a79869e60a7f54cf5d2c41fd5b2b
textures/flatlist/_win/s053a_sign_01_alp_ovl.bmp.ctxr,textures/flatlist/_win,s053a_sign_01_alp_ovl.bmp.ctxr,s053a_sign_01_alp_ovl.bmp,ctxr,6240,8130c8f7100d092ae42053ee6177008ac8acb938
textures/flatlist/_win/s053a_sofa_a00.bmp.ctxr,textures/flatlist/_win,s053a_sofa_a00.bmp.ctxr,s053a_sofa_a00.bmp,ctxr,82240,0874c50d52b2c410dfa3d761a40a69f5965c1006
textures/flatlist/_win/s053a_sofa_a01.bmp.ctxr,textures/flatlist/_win,s053a_sofa_a01.bmp.ctxr,s053a_sofa_a01.bmp,ctxr,24896,a5190c5b3c696c7240c1c98dae020359feb6556b
textures/flatlist/_win/s053a_step01.bmp_b36aa8f0ce2bf5ea41603eb3170b017f.ctxr,textures/flatlist/_win,s053a_step01.bmp_b36aa8f0ce2bf5ea41603eb3170b017f.ctxr,s053a_step01.bmp_b36aa8f0ce2bf5ea41603eb3170b017f,ctxr,10560,6b491af3703e04008ed4ad31d84e8c8c13c9a13a
textures/flatlist/_win/s053a_table01.bmp.ctxr,textures/flatlist/_win,s053a_table01.bmp.ctxr,s053a_table01.bmp,ctxr,7136,38a7902bcab900e1214bdae35b6b1051778e1d2a
textures/flatlist/_win/s053a_tablelight_a00_alp_ovl.bmp.ctxr,textures/flatlist/_win,s053a_tablelight_a00_alp_ovl.bmp.ctxr,s053a_tablelight_a00_alp_ovl.bmp,ctxr,8480,7531e93b9340c2957c6f08b3c1cf4186691ba889
textures/flatlist/_win/s053a_tablelight_a02.bmp.ctxr,textures/flatlist/_win,s053a_tablelight_a02.bmp.ctxr,s053a_tablelight_a02.bmp,ctxr,22176,02565219e82d3c7b459c429f0b8efe62253cfb0d
textures/flatlist/_win/s053a_tablelight_brk_alp_ovl.bmp.ctxr,textures/flatlist/_win,s053a_tablelight_brk_alp_ovl.bmp.ctxr,s053a_tablelight_brk_alp_ovl.bmp,ctxr,8480,670e113c426d095021509de920ed34bbf2e682cc
textures/flatlist/_win/s053a_toilet_door00.bmp.ctxr,textures/flatlist/_win,s053a_toilet_door00.bmp.ctxr,s053a_toilet_door00.bmp,ctxr,23840,7bd47be91a53a7407ce4647a769716cbc444aa12
textures/flatlist/_win/s053a_walllightb00_add_alp_ovl.bmp.ctxr,textures/flatlist/_win,s053a_walllightb00_add_alp_ovl.bmp.ctxr,s053a_walllightb00_add_alp_ovl.bmp,ctxr,41280,ba678e4516a2bd59b83e43f766683d818021ceb0
textures/flatlist/_win/s053a_walllightb00_add_alp_ovl.bmp_10b47a5cf59f073759bb9287a032d6ea.ctxr,textures/flatlist/_win,s053a_walllightb00_add_alp_ovl.bmp_10b47a5cf59f073759bb9287a032d6ea.ctxr,s053a_walllightb00_add_alp_ovl.bmp_10b47a5cf59f073759bb9287a032d6ea,ctxr,68608,ead99b11246d1dc7537888d2314319d7dfde98c8
textures/flatlist/_win/s053a_walllightb01.bmp.ctxr,textures/flatlist/_win,s053a_walllightb01.bmp.ctxr,s053a_walllightb01.bmp,ctxr,16704,5a4b551736732a1dc13cd210f6498296f52b0bfc
textures/flatlist/_win/s053a_walllightb01.bmp_9fc9ff629ce2295ed6fd8163e0f3b895.ctxr,textures/flatlist/_win,s053a_walllightb01.bmp_9fc9ff629ce2295ed6fd8163e0f3b895.ctxr,s053a_walllightb01.bmp_9fc9ff629ce2295ed6fd8163e0f3b895,ctxr,21792,ec6b753ada1a34a8c3ce28a338e07ecfdf1502e4
textures/flatlist/_win/s053a_walllightb02_alp_ovl.bmp.ctxr,textures/flatlist/_win,s053a_walllightb02_alp_ovl.bmp.ctxr,s053a_walllightb02_alp_ovl.bmp,ctxr,4384,a180639a0641318d214d6340a88e2bef7c3a209b
textures/flatlist/_win/s053a_walllightb_brk0.bmp.ctxr,textures/flatlist/_win,s053a_walllightb_brk0.bmp.ctxr,s053a_walllightb_brk0.bmp,ctxr,16704,46bbb7e3a5a07d04cbb2cec89bec2ba29df3c35f
textures/flatlist/_win/s053a_wall_a02.bmp.ctxr,textures/flatlist/_win,s053a_wall_a02.bmp.ctxr,s053a_wall_a02.bmp,ctxr,87776,9ca097848dab494ce394ef7ea1fff723a33c9ab0
textures/flatlist/_win/s053a_wall_a03.bmp_1096250c2007540100bdb5ebfacfc248.ctxr,textures/flatlist/_win,s053a_wall_a03.bmp_1096250c2007540100bdb5ebfacfc248.ctxr,s053a_wall_a03.bmp_1096250c2007540100bdb5ebfacfc248,ctxr,87776,679027d1f11a723215330fb113507483b55f626d
textures/flatlist/_win/s053a_wall_c00.bmp_0668734cfb9a4a38b23005f9552ea786.ctxr,textures/flatlist/_win,s053a_wall_c00.bmp_0668734cfb9a4a38b23005f9552ea786.ctxr,s053a_wall_c00.bmp_0668734cfb9a4a38b23005f9552ea786,ctxr,38560,00d17f2541dbda60f44d4b3a35003712f9b666bc
textures/flatlist/_win/s053a_wall_tile00_mod0001_alpx2_ovl.bmp.ctxr,textures/flatlist/_win,s053a_wall_tile00_mod0001_alpx2_ovl.bmp.ctxr,s053a_wall_tile00_mod0001_alpx2_ovl.bmp,ctxr,75392,920eda139484be20a288f612aea0965ec1047690
textures/flatlist/_win/s053a_window00_alp_add_ovl.bmp.ctxr,textures/flatlist/_win,s053a_window00_alp_add_ovl.bmp.ctxr,s053a_window00_alp_add_ovl.bmp,ctxr,67200,53d4448f42284ec69b282547f0595cc5e4d3fcb8
textures/flatlist/_win/s053a_window00_alp_hlf.trans.bmp.ctxr,textures/flatlist/_win,s053a_window00_alp_hlf.trans.bmp.ctxr,s053a_window00_alp_hlf.trans.bmp,ctxr,48096,71077ce59e874ca56d6b10aadabf20bbcd027b30
textures/flatlist/_win/s053a_window00_alp_hlf.trans.bmp_16325fb790fbe143db7bed558819befa.ctxr,textures/flatlist/_win,s053a_window00_alp_hlf.trans.bmp_16325fb790fbe143db7bed558819befa.ctxr,s053a_window00_alp_hlf.trans.bmp_16325fb790fbe143db7bed558819befa,ctxr,20256,bb29476e204cd300f9426287a7e58e339f9db1ac
textures/flatlist/_win/s053a_window00_alp_ovl.bmp.ctxr,textures/flatlist/_win,s053a_window00_alp_ovl.bmp.ctxr,s053a_window00_alp_ovl.bmp,ctxr,67200,f7c091b5c16755ba7e18238e0736fdc0d67fceed
textures/flatlist/_win/s053a_window01_alp_hlf.trans.bmp.ctxr,textures/flatlist/_win,s053a_window01_alp_hlf.trans.bmp.ctxr,s053a_window01_alp_hlf.trans.bmp,ctxr,34432,b9fe32ef048a0fab221fd1a5a75f9d6c7d38cb95
textures/flatlist/_win/s053a_window02_alp_hlf.trans.bmp.ctxr,textures/flatlist/_win,s053a_window02_alp_hlf.trans.bmp.ctxr,s053a_window02_alp_hlf.trans.bmp,ctxr,34432,51307bc9cab0c515698a6233c561d8a21e60d56f
textures/flatlist/_win/s053a_winframe01.bmp.ctxr,textures/flatlist/_win,s053a_winframe01.bmp.ctxr,s053a_winframe01.bmp,ctxr,87776,f781d01fad2daf061954643c79aeaa28ef5a91e6
textures/flatlist/_win/s053a_winframe_a00.bmp.ctxr,textures/flatlist/_win,s053a_winframe_a00.bmp.ctxr,s053a_winframe_a00.bmp,ctxr,10880,58bb5ece16525c95a1cb77128c1984b535a99beb
textures/flatlist/_win/s053a_winframe_a00.bmp_9f3b813a72fefb8b943ad35dee81541a.ctxr,textures/flatlist/_win,s053a_winframe_a00.bmp_9f3b813a72fefb8b943ad35dee81541a.ctxr,s053a_winframe_a00.bmp_9f3b813a72fefb8b943ad35dee81541a,ctxr,38592,b4d0afdb80f08721d9e1f19f287bdd6a342d87cf
textures/flatlist/_win/s053a_winframe_a01.bmp.ctxr,textures/flatlist/_win,s053a_winframe_a01.bmp.ctxr,s053a_winframe_a01.bmp,ctxr,87776,c8109df5a209b63841fbcad4c30ced7aeeece404
textures/flatlist/_win/s053a_winframe_a02.bmp.ctxr,textures/flatlist/_win,s053a_winframe_a02.bmp.ctxr,s053a_winframe_a02.bmp,ctxr,12832,4ee8474444d56b3e350b68b76050683968263941
textures/flatlist/_win/s053a_winframe_b00.bmp.ctxr,textures/flatlist/_win,s053a_winframe_b00.bmp.ctxr,s053a_winframe_b00.bmp,ctxr,17376,987bc7145a43d1c6e3db10d123628fc10355a088
textures/flatlist/_win/s053a_winframe_b00.bmp_285bcca3d7bf300b4939941595f2c8f2.ctxr,textures/flatlist/_win,s053a_winframe_b00.bmp_285bcca3d7bf300b4939941595f2c8f2.ctxr,s053a_winframe_b00.bmp_285bcca3d7bf300b4939941595f2c8f2,ctxr,68608,f2f9d0d8b4364e9caa525d916563fe11a47643cb
textures/flatlist/_win/s053a_winframe_c00.bmp.ctxr,textures/flatlist/_win,s053a_winframe_c00.bmp.ctxr,s053a_winframe_c00.bmp,ctxr,13984,feeeab9a9b797dbc5bfcaaf6075145aeeeb84e90
textures/flatlist/_win/s053a_winframe_c00.bmp_f9f0e4fa200ee684e587992f1eed2a7f.ctxr,textures/flatlist/_win,s053a_winframe_c00.bmp_f9f0e4fa200ee684e587992f1eed2a7f.ctxr,s053a_winframe_c00.bmp_f9f0e4fa200ee684e587992f1eed2a7f,ctxr,90496,aca11aa99b8fe94cff5405be40df380af297df3d
textures/flatlist/_win/s053a_winframe_d00.bmp.ctxr,textures/flatlist/_win,s053a_winframe_d00.bmp.ctxr,s053a_winframe_d00.bmp,ctxr,13984,3964a515229f33f65879a3d051f597ed81cd1851
textures/flatlist/_win/s054a_256floor.bmp.ctxr,textures/flatlist/_win,s054a_256floor.bmp.ctxr,s054a_256floor.bmp,ctxr,34432,f411180d54cb3ebd8e5052b5e37664720b577169
textures/flatlist/_win/s054a_award00.bmp.ctxr,textures/flatlist/_win,s054a_award00.bmp.ctxr,s054a_award00.bmp,ctxr,27616,6d2fa20d435cee4e5e453280814a65c01409f007
textures/flatlist/_win/s054a_award00.bmp_cb817e0fe4875cfafe302b7651472bf8.ctxr,textures/flatlist/_win,s054a_award00.bmp_cb817e0fe4875cfafe302b7651472bf8.ctxr,s054a_award00.bmp_cb817e0fe4875cfafe302b7651472bf8,ctxr,27616,9c668dd156c5461f455e1bd264157c5b6498fe27
textures/flatlist/_win/s054a_award01.bmp.ctxr,textures/flatlist/_win,s054a_award01.bmp.ctxr,s054a_award01.bmp,ctxr,16704,3777e05f64cd79259611618a6d60efa40085cd00
textures/flatlist/_win/s054a_award01.bmp_34b7372dc522edb4207cdeb77fb5db6b.ctxr,textures/flatlist/_win,s054a_award01.bmp_34b7372dc522edb4207cdeb77fb5db6b.ctxr,s054a_award01.bmp_34b7372dc522edb4207cdeb77fb5db6b,ctxr,16704,416bdfe6207dd73b421324d2d7a00eb328c55f34
textures/flatlist/_win/s054a_base00.bmp.ctxr,textures/flatlist/_win,s054a_base00.bmp.ctxr,s054a_base00.bmp,ctxr,7520,91d5e3ab5c7b2ebd88a3f14690d192edfd0977ba
textures/flatlist/_win/s054a_bookcase00.bmp_9ded16d04ee920ad135b132790113b6f.ctxr,textures/flatlist/_win,s054a_bookcase00.bmp_9ded16d04ee920ad135b132790113b6f.ctxr,s054a_bookcase00.bmp_9ded16d04ee920ad135b132790113b6f,ctxr,34432,3c1fb3063dc613f4bd49f4ddbec85d892a2ff52b
textures/flatlist/_win/s054a_booktop00.bmp.ctxr,textures/flatlist/_win,s054a_booktop00.bmp.ctxr,s054a_booktop00.bmp,ctxr,27616,e37b1f3dfb16a24270450f160097f4f7ab343080
textures/flatlist/_win/s054a_book_blue_top.bmp.ctxr,textures/flatlist/_win,s054a_book_blue_top.bmp.ctxr,s054a_book_blue_top.bmp,ctxr,20768,0472d713205c4f234117c185757f4bd6a3996253
textures/flatlist/_win/s054a_book_red.bmp.ctxr,textures/flatlist/_win,s054a_book_red.bmp.ctxr,s054a_book_red.bmp,ctxr,20768,1054ef466cfebf3ebf7c6f4d03a2c7cc8f3e6185
textures/flatlist/_win/s054a_book_red_top.bmp.ctxr,textures/flatlist/_win,s054a_book_red_top.bmp.ctxr,s054a_book_red_top.bmp,ctxr,20768,bbae9a5ef35a72dbc870515f5cab76f93a77080d
textures/flatlist/_win/s054a_casewin00_alp_ovl.bmp.ctxr,textures/flatlist/_win,s054a_casewin00_alp_ovl.bmp.ctxr,s054a_casewin00_alp_ovl.bmp,ctxr,38528,90bddebaa7174286530512271be449fb82b83aac
textures/flatlist/_win/s054a_chair01.bmp_1b5e8876c332d00a08f29bcaeb3ea381.ctxr,textures/flatlist/_win,s054a_chair01.bmp_1b5e8876c332d00a08f29bcaeb3ea381.ctxr,s054a_chair01.bmp_1b5e8876c332d00a08f29bcaeb3ea381,ctxr,7136,ecd2b9993cf24eb057d551c9be427de101c2b4ed
textures/flatlist/_win/s054a_chair01.bmp_4781543aba940e27d3e0f215a36fea93.ctxr,textures/flatlist/_win,s054a_chair01.bmp_4781543aba940e27d3e0f215a36fea93.ctxr,s054a_chair01.bmp_4781543aba940e27d3e0f215a36fea93,ctxr,8512,1fdc5836e0ed11766ed4b2ba09cf0ba1f5ced35a
textures/flatlist/_win/s054a_chair01.bmp_936c0c25be0e76c4e520b8b475e29d90.ctxr,textures/flatlist/_win,s054a_chair01.bmp_936c0c25be0e76c4e520b8b475e29d90.ctxr,s054a_chair01.bmp_936c0c25be0e76c4e520b8b475e29d90,ctxr,7136,4ac01fe1150c0ee537d5c042e30bd89ff7ffa3b6
textures/flatlist/_win/s054a_chair02.bmp_24c63e2dcc7b892af9f0910ba6bbf546.ctxr,textures/flatlist/_win,s054a_chair02.bmp_24c63e2dcc7b892af9f0910ba6bbf546.ctxr,s054a_chair02.bmp_24c63e2dcc7b892af9f0910ba6bbf546,ctxr,13984,8924e8b2f6f33d47eea2a9a2ac245533179b58bf
textures/flatlist/_win/s054a_chair02.bmp_4ee7dea99a93823c5a635bd5bf7c0f5d.ctxr,textures/flatlist/_win,s054a_chair02.bmp_4ee7dea99a93823c5a635bd5bf7c0f5d.ctxr,s054a_chair02.bmp_4ee7dea99a93823c5a635bd5bf7c0f5d,ctxr,13984,063ac80f534b025f54db344f8b05e3516bea264b
textures/flatlist/_win/s054a_chair02.bmp_e31e4a032eedf7c1fcf793a796b298c3.ctxr,textures/flatlist/_win,s054a_chair02.bmp_e31e4a032eedf7c1fcf793a796b298c3.ctxr,s054a_chair02.bmp_e31e4a032eedf7c1fcf793a796b298c3,ctxr,33120,e4ba2688960dfc31d3070e34e7af92f6a196f97a
textures/flatlist/_win/s054a_comp00.bmp.ctxr,textures/flatlist/_win,s054a_comp00.bmp.ctxr,s054a_comp00.bmp,ctxr,71328,6944115e62fa5d85284408d83bee72b2e9d52bb6
textures/flatlist/_win/s054a_comp01.bmp.ctxr,textures/flatlist/_win,s054a_comp01.bmp.ctxr,s054a_comp01.bmp,ctxr,8480,f66bd9a97fffef53f764c2259e319951b8fc5e6c
textures/flatlist/_win/s054a_comp02.bmp.ctxr,textures/flatlist/_win,s054a_comp02.bmp.ctxr,s054a_comp02.bmp,ctxr,28000,30614053c309fc6c90f0ac71430b1a12facab61f
textures/flatlist/_win/s054a_comp02.bmp_0389ea95f5ea4c16ee52df6d263841e0.ctxr,textures/flatlist/_win,s054a_comp02.bmp_0389ea95f5ea4c16ee52df6d263841e0.ctxr,s054a_comp02.bmp_0389ea95f5ea4c16ee52df6d263841e0,ctxr,15648,dba3bdda092e4d8027b9c0eb3bad370915f63195
textures/flatlist/_win/s054a_desk_cloth.bmp.ctxr,textures/flatlist/_win,s054a_desk_cloth.bmp.ctxr,s054a_desk_cloth.bmp,ctxr,87744,bc16837fb06d7a1e8edcc546904a1a2225a27fa3
textures/flatlist/_win/s054a_desk_shelf2.bmp.ctxr,textures/flatlist/_win,s054a_desk_shelf2.bmp.ctxr,s054a_desk_shelf2.bmp,ctxr,34432,a38138bde2112474a9172ccd2326e699b860d8da
textures/flatlist/_win/s054a_desk_side.bmp.ctxr,textures/flatlist/_win,s054a_desk_side.bmp.ctxr,s054a_desk_side.bmp,ctxr,34432,94f884573e07963b7aeae39f87da295590fd245d
textures/flatlist/_win/s054a_desk_side1.bmp.ctxr,textures/flatlist/_win,s054a_desk_side1.bmp.ctxr,s054a_desk_side1.bmp,ctxr,16704,1e9bdec110da39bb63c27f3a137b6b761aa85fb9
textures/flatlist/_win/s054a_desk_side2.bmp_b0a5728aaec23cc54c54fb59f2ed2d19.ctxr,textures/flatlist/_win,s054a_desk_side2.bmp_b0a5728aaec23cc54c54fb59f2ed2d19.ctxr,s054a_desk_side2.bmp_b0a5728aaec23cc54c54fb59f2ed2d19,ctxr,3712,23acf9a2bfd839940bfcd298f680ded328dbd21b
textures/flatlist/_win/s054a_desk_top.bmp.ctxr,textures/flatlist/_win,s054a_desk_top.bmp.ctxr,s054a_desk_top.bmp,ctxr,7104,05fd5fc70d87cd3676df18f379f4e13e8babb58e
textures/flatlist/_win/s054a_desk_top.bmp_e9975f62e962dbfcc0ceb3af4c1baf4b.ctxr,textures/flatlist/_win,s054a_desk_top.bmp_e9975f62e962dbfcc0ceb3af4c1baf4b.ctxr,s054a_desk_top.bmp_e9975f62e962dbfcc0ceb3af4c1baf4b,ctxr,349920,7471e10ddf0f58d6a0769cc007c9f96c4c72488d
textures/flatlist/_win/s054a_floor02.bmp.ctxr,textures/flatlist/_win,s054a_floor02.bmp.ctxr,s054a_floor02.bmp,ctxr,57696,9661aaf48f7ea1594208c73c8fdc7439c3df82be
textures/flatlist/_win/s054a_floor02.bmp_cd37d085bc3eb78e92fbeff3128fcd02.ctxr,textures/flatlist/_win,s054a_floor02.bmp_cd37d085bc3eb78e92fbeff3128fcd02.ctxr,s054a_floor02.bmp_cd37d085bc3eb78e92fbeff3128fcd02,ctxr,255648,b9930defb072f03d6e7bb61841dbc645f6e35771
textures/flatlist/_win/s054a_floor_b00_alp_ovl.bmp.ctxr,textures/flatlist/_win,s054a_floor_b00_alp_ovl.bmp.ctxr,s054a_floor_b00_alp_ovl.bmp,ctxr,49472,91e89a6bc88827b1c37ac9657de4f9199eb2c32b
textures/flatlist/_win/s054a_light00.bmp.ctxr,textures/flatlist/_win,s054a_light00.bmp.ctxr,s054a_light00.bmp,ctxr,16704,31f7116cb7cf7014b727252529735afdf0a1ae8a
textures/flatlist/_win/s054a_light00_add_alp_ovl.bmp.ctxr,textures/flatlist/_win,s054a_light00_add_alp_ovl.bmp.ctxr,s054a_light00_add_alp_ovl.bmp,ctxr,47424,39b892d87f66afdfc77ccba740fb81130bcb918e
textures/flatlist/_win/s054a_light00_add_alp_ovl.bmp_8bc0d76bef0252789376f3fc9fffd717.ctxr,textures/flatlist/_win,s054a_light00_add_alp_ovl.bmp_8bc0d76bef0252789376f3fc9fffd717.ctxr,s054a_light00_add_alp_ovl.bmp_8bc0d76bef0252789376f3fc9fffd717,ctxr,47424,9e07f3b125542166f5a1a1ba5a0926f8af691ab4
textures/flatlist/_win/s054a_lightc00.bmp.ctxr,textures/flatlist/_win,s054a_lightc00.bmp.ctxr,s054a_lightc00.bmp,ctxr,960,172586192b93587f8597d87f8a75a6f9de8a7b3a
textures/flatlist/_win/s054a_lightc00.bmp_bd73c32fc87e5b9414ddba34bc4836f6.ctxr,textures/flatlist/_win,s054a_lightc00.bmp_bd73c32fc87e5b9414ddba34bc4836f6.ctxr,s054a_lightc00.bmp_bd73c32fc87e5b9414ddba34bc4836f6,ctxr,4384,c308c5ecf4a5e910547840eb688c009432cf4616
textures/flatlist/_win/s054a_lightc01.bmp.ctxr,textures/flatlist/_win,s054a_lightc01.bmp.ctxr,s054a_lightc01.bmp,ctxr,16704,04e22464fe21339fb39ba163b4ae5b8b69d29e03
textures/flatlist/_win/s054a_lightc01.bmp_b6dfef8aa8e46e94478aaec1f790be22.ctxr,textures/flatlist/_win,s054a_lightc01.bmp_b6dfef8aa8e46e94478aaec1f790be22.ctxr,s054a_lightc01.bmp_b6dfef8aa8e46e94478aaec1f790be22,ctxr,16704,6f61466a2f371b14d104049e19adda576c10048b
textures/flatlist/_win/s054a_msile00.bmp.ctxr,textures/flatlist/_win,s054a_msile00.bmp.ctxr,s054a_msile00.bmp,ctxr,54976,72d91e9b1b82b0f289fa29515795c21fca9fceae
textures/flatlist/_win/s054a_paperb_alp_ovl.bmp.ctxr,textures/flatlist/_win,s054a_paperb_alp_ovl.bmp.ctxr,s054a_paperb_alp_ovl.bmp,ctxr,117728,63c0e44cd83aba6320aeae6247a822019a15885e
textures/flatlist/_win/s054a_paperc_alp_ovl.bmp.ctxr,textures/flatlist/_win,s054a_paperc_alp_ovl.bmp.ctxr,s054a_paperc_alp_ovl.bmp,ctxr,117728,23a32764ef348f27bf1676f9abd16d71a95452b2
textures/flatlist/_win/s054a_papere_alp_ovl.bmp.ctxr,textures/flatlist/_win,s054a_papere_alp_ovl.bmp.ctxr,s054a_papere_alp_ovl.bmp,ctxr,117728,a08e7b2749275486d6936a507d20b16c0b01692a
textures/flatlist/_win/s054a_paper_a01_alp_ovl.bmp.ctxr,textures/flatlist/_win,s054a_paper_a01_alp_ovl.bmp.ctxr,s054a_paper_a01_alp_ovl.bmp,ctxr,117728,69e9162bb54e9037ce89676f5e6657e44d61c41c
textures/flatlist/_win/s054a_paper_a01_alp_ovl.bmp_2d1efa3e73f2af37ce2643c28a223850.ctxr,textures/flatlist/_win,s054a_paper_a01_alp_ovl.bmp_2d1efa3e73f2af37ce2643c28a223850.ctxr,s054a_paper_a01_alp_ovl.bmp_2d1efa3e73f2af37ce2643c28a223850,ctxr,117728,ca5211b7b6cd8b0e2dd150030f996fbe41dd370f
textures/flatlist/_win/s054a_phone00.bmp.ctxr,textures/flatlist/_win,s054a_phone00.bmp.ctxr,s054a_phone00.bmp,ctxr,175168,2807d8a88b1e90cd94a985c6033a771759930d2b
textures/flatlist/_win/s054a_picture00.bmp.ctxr,textures/flatlist/_win,s054a_picture00.bmp.ctxr,s054a_picture00.bmp,ctxr,16704,d3ac9a7a49bf30f28fa634a7f9aed3eb497a8a91
textures/flatlist/_win/s054a_picture00.bmp_b698b4077d94de7558b087287e97cb26.ctxr,textures/flatlist/_win,s054a_picture00.bmp_b698b4077d94de7558b087287e97cb26.ctxr,s054a_picture00.bmp_b698b4077d94de7558b087287e97cb26,ctxr,27616,f5bceb87170dcaa4fc27eb1b69554b8d97081c8e
textures/flatlist/_win/s054a_picture01.bmp.ctxr,textures/flatlist/_win,s054a_picture01.bmp.ctxr,s054a_picture01.bmp,ctxr,33088,b9d61948d470195173a5410fba6c04c17ba5a55e
textures/flatlist/_win/s054a_picture02.bmp.ctxr,textures/flatlist/_win,s054a_picture02.bmp.ctxr,s054a_picture02.bmp,ctxr,16704,2730e5f813a93fa523168df10abda52499758ec1
textures/flatlist/_win/s054a_picture02.bmp_693f47332452b6270bec6591e9ff9edd.ctxr,textures/flatlist/_win,s054a_picture02.bmp_693f47332452b6270bec6591e9ff9edd.ctxr,s054a_picture02.bmp_693f47332452b6270bec6591e9ff9edd,ctxr,42976,554aed8498f2316586502e5736c8b5a136a6bf8b
textures/flatlist/_win/s054a_picture03.bmp.ctxr,textures/flatlist/_win,s054a_picture03.bmp.ctxr,s054a_picture03.bmp,ctxr,14624,170d6b7628df30a0bc024115c348d891907d50eb
textures/flatlist/_win/s054a_picture03.bmp_1ba8d392011f7139c0320c95e487b163.ctxr,textures/flatlist/_win,s054a_picture03.bmp_1ba8d392011f7139c0320c95e487b163.ctxr,s054a_picture03.bmp_1ba8d392011f7139c0320c95e487b163,ctxr,31008,f2fd0a2c89babb2bb146bb2ecfd1f7e1aa2179a8
textures/flatlist/_win/s054a_picture04.bmp.ctxr,textures/flatlist/_win,s054a_picture04.bmp.ctxr,s054a_picture04.bmp,ctxr,16704,666b58b8c0a4d3ab51ec32848c053cad7d6e884b
textures/flatlist/_win/s054a_picture04.bmp_fea86e226ebe4e40ef1cef001168f81f.ctxr,textures/flatlist/_win,s054a_picture04.bmp_fea86e226ebe4e40ef1cef001168f81f.ctxr,s054a_picture04.bmp_fea86e226ebe4e40ef1cef001168f81f,ctxr,16704,582e021be0904951eb7212a26c8184cdd86340ba
textures/flatlist/_win/s054a_picture05.bmp.ctxr,textures/flatlist/_win,s054a_picture05.bmp.ctxr,s054a_picture05.bmp,ctxr,16704,51d5b71fef3ea2a2dcd3132dc8ab37b196dd9112
textures/flatlist/_win/s054a_picture05.bmp_937f362cb3c8cc7e6b46fdd0f1e615c2.ctxr,textures/flatlist/_win,s054a_picture05.bmp_937f362cb3c8cc7e6b46fdd0f1e615c2.ctxr,s054a_picture05.bmp_937f362cb3c8cc7e6b46fdd0f1e615c2,ctxr,9472,d2a83ba0f9776b7758df9de8874f5840a2ca3da9
textures/flatlist/_win/s054a_picture06.bmp.ctxr,textures/flatlist/_win,s054a_picture06.bmp.ctxr,s054a_picture06.bmp,ctxr,65888,41f429d9b7b74c503abe49a8d8041246b759914b
textures/flatlist/_win/s054a_picture06.bmp_5eb825b0ba6cd0ab327245fe9feb16b4.ctxr,textures/flatlist/_win,s054a_picture06.bmp_5eb825b0ba6cd0ab327245fe9feb16b4.ctxr,s054a_picture06.bmp_5eb825b0ba6cd0ab327245fe9feb16b4,ctxr,9472,ec2d864fb3ef1b5c2d97e1c8f05763238bdef2fb
textures/flatlist/_win/s054a_picture06.bmp_6890c0ca7f17547075f7b137d8fd5327.ctxr,textures/flatlist/_win,s054a_picture06.bmp_6890c0ca7f17547075f7b137d8fd5327.ctxr,s054a_picture06.bmp_6890c0ca7f17547075f7b137d8fd5327,ctxr,65888,70828266d1ecf6b3241d9ec76d3ccfc2c18779f4
textures/flatlist/_win/s054a_picture07.bmp.ctxr,textures/flatlist/_win,s054a_picture07.bmp.ctxr,s054a_picture07.bmp,ctxr,16704,1be095a19a0b437dff81965db5d5b859b1c3d4a5
textures/flatlist/_win/s054a_picture07.bmp_f2120dc8e8730d4618e6c4c19deb0d1d.ctxr,textures/flatlist/_win,s054a_picture07.bmp_f2120dc8e8730d4618e6c4c19deb0d1d.ctxr,s054a_picture07.bmp_f2120dc8e8730d4618e6c4c19deb0d1d,ctxr,7776,aba4da694b706c163a7cf527a390fdbfe9027b7b
textures/flatlist/_win/s054a_picture08.bmp.ctxr,textures/flatlist/_win,s054a_picture08.bmp.ctxr,s054a_picture08.bmp,ctxr,16704,17d75c77193caba497be2b57c76b2d2dd45a7391
textures/flatlist/_win/s054a_picture09.bmp.ctxr,textures/flatlist/_win,s054a_picture09.bmp.ctxr,s054a_picture09.bmp,ctxr,7104,8419b55db856734daee6a9e653e1a214a3ba8f5f
textures/flatlist/_win/s054a_picture09.bmp_2b44077869d1e6790d4ecb1bb00d23a0.ctxr,textures/flatlist/_win,s054a_picture09.bmp_2b44077869d1e6790d4ecb1bb00d23a0.ctxr,s054a_picture09.bmp_2b44077869d1e6790d4ecb1bb00d23a0,ctxr,27616,4b05d4122ec7bc6f470df84b55af8917e39680bc
textures/flatlist/_win/s054a_picture10.bmp.ctxr,textures/flatlist/_win,s054a_picture10.bmp.ctxr,s054a_picture10.bmp,ctxr,31008,64d42765ef597829bcabd50dc5970d53d2e9fb40
textures/flatlist/_win/s054a_picture11.bmp.ctxr,textures/flatlist/_win,s054a_picture11.bmp.ctxr,s054a_picture11.bmp,ctxr,65888,382c5a87c6d456d13998bb8bbdf6ed74ee78640f
textures/flatlist/_win/s054a_picture12.bmp.ctxr,textures/flatlist/_win,s054a_picture12.bmp.ctxr,s054a_picture12.bmp,ctxr,65888,84389bea07d418f65ec7feb7dd923faddc0a0d48
textures/flatlist/_win/s054a_picture13.bmp.ctxr,textures/flatlist/_win,s054a_picture13.bmp.ctxr,s054a_picture13.bmp,ctxr,65888,b6f8aa9d353549322c1388b958c108e4e78475c7
textures/flatlist/_win/s054a_picture14.bmp.ctxr,textures/flatlist/_win,s054a_picture14.bmp.ctxr,s054a_picture14.bmp,ctxr,147776,0ca64c80e4ab9ebe1db9945aefe56659096faf37
textures/flatlist/_win/s054a_picture_mg00.bmp.ctxr,textures/flatlist/_win,s054a_picture_mg00.bmp.ctxr,s054a_picture_mg00.bmp,ctxr,60416,cdaf0dbbfd9d6085de741436d5e9d7c3f3cabd23
textures/flatlist/_win/s054a_picture_shago00.bmp.ctxr,textures/flatlist/_win,s054a_picture_shago00.bmp.ctxr,s054a_picture_shago00.bmp,ctxr,65888,a9c57259af89e8d00931980fc094f7f726d3051c
textures/flatlist/_win/s054a_sdw_floor_l0_alp_ovl.bmp.ctxr,textures/flatlist/_win,s054a_sdw_floor_l0_alp_ovl.bmp.ctxr,s054a_sdw_floor_l0_alp_ovl.bmp,ctxr,262528,14c9012dfba4a751df5d59b82481b4e6a5de9483
textures/flatlist/_win/s054a_sdw_floor_s0_alp_ovl.bmp.ctxr,textures/flatlist/_win,s054a_sdw_floor_s0_alp_ovl.bmp.ctxr,s054a_sdw_floor_s0_alp_ovl.bmp,ctxr,131424,3aede976f93b6b91e0004fbd6600288b0b74a684
textures/flatlist/_win/s054a_shelf00.bmp.ctxr,textures/flatlist/_win,s054a_shelf00.bmp.ctxr,s054a_shelf00.bmp,ctxr,17376,97ab4ca693fd7ff8ef4964f9aa5332808ff50979
textures/flatlist/_win/s054a_shelf00.bmp_720bb2daff3b849476beba4e92cd3d44.ctxr,textures/flatlist/_win,s054a_shelf00.bmp_720bb2daff3b849476beba4e92cd3d44.ctxr,s054a_shelf00.bmp_720bb2daff3b849476beba4e92cd3d44,ctxr,21792,b8dd3474c330a768773f3d0a50468af8c893cbc8
textures/flatlist/_win/s054a_shelf01.bmp.ctxr,textures/flatlist/_win,s054a_shelf01.bmp.ctxr,s054a_shelf01.bmp,ctxr,27616,71df3be36b88e60f5721411ed8a7985646e5c1d7
textures/flatlist/_win/s054a_sofa.bmp.ctxr,textures/flatlist/_win,s054a_sofa.bmp.ctxr,s054a_sofa.bmp,ctxr,41280,c1e38fb4e858eb9aece233e24753df4a800518d4
textures/flatlist/_win/s054a_sofa.bmp_057b03aa6ac8d9a0a39483b9ee71b55a.ctxr,textures/flatlist/_win,s054a_sofa.bmp_057b03aa6ac8d9a0a39483b9ee71b55a.ctxr,s054a_sofa.bmp_057b03aa6ac8d9a0a39483b9ee71b55a,ctxr,98656,67819b5ca7c4f7df3374150d42264331fe8917cb
textures/flatlist/_win/s054a_table00.bmp.ctxr,textures/flatlist/_win,s054a_table00.bmp.ctxr,s054a_table00.bmp,ctxr,16704,ea6563859ee798f3d705993e33a12e34ceb4813b
textures/flatlist/_win/s054a_table00.bmp_b08d0ff7661130c5a396d5c61b42ffad.ctxr,textures/flatlist/_win,s054a_table00.bmp_b08d0ff7661130c5a396d5c61b42ffad.ctxr,s054a_table00.bmp_b08d0ff7661130c5a396d5c61b42ffad,ctxr,33088,586f6233b810484806a855bce84dd5a44be3f616
textures/flatlist/_win/s054a_table01.bmp_920606ba85c5ab957ef922a5681a42f0.ctxr,textures/flatlist/_win,s054a_table01.bmp_920606ba85c5ab957ef922a5681a42f0.ctxr,s054a_table01.bmp_920606ba85c5ab957ef922a5681a42f0,ctxr,7136,4a049573b3405938759beb012e38760348da6924
textures/flatlist/_win/s054a_table01.bmp_d5490848a559d2046537cc7efad73bae.ctxr,textures/flatlist/_win,s054a_table01.bmp_d5490848a559d2046537cc7efad73bae.ctxr,s054a_table01.bmp_d5490848a559d2046537cc7efad73bae,ctxr,7136,8a44f46859f9665a97be89a3ab22242f7423b304
textures/flatlist/_win/s054a_table_top.bmp.ctxr,textures/flatlist/_win,s054a_table_top.bmp.ctxr,s054a_table_top.bmp,ctxr,54976,28f9dfc0319c75073d8178e0997854fca8b380da
textures/flatlist/_win/s054a_tel.bmp.ctxr,textures/flatlist/_win,s054a_tel.bmp.ctxr,s054a_tel.bmp,ctxr,16704,6cb7c37ceb22acf61c75746b30fb20bd287161db
textures/flatlist/_win/s054a_time00.bmp.ctxr,textures/flatlist/_win,s054a_time00.bmp.ctxr,s054a_time00.bmp,ctxr,54976,71ff6a21acd5f6960876cdd00986bfc2f8f65488
textures/flatlist/_win/s054a_wall.bmp.ctxr,textures/flatlist/_win,s054a_wall.bmp.ctxr,s054a_wall.bmp,ctxr,98656,6a7d6ae227b5cddf8d58ee037ba87a278531d407
textures/flatlist/_win/s054a_wall01.bmp.ctxr,textures/flatlist/_win,s054a_wall01.bmp.ctxr,s054a_wall01.bmp,ctxr,54976,209f85d401cc782d14a249d74a8f414b616a4fe1
textures/flatlist/_win/s054a_wall01.bmp_edec0acd070ccd8fd37bc7e8271c0d21.ctxr,textures/flatlist/_win,s054a_wall01.bmp_edec0acd070ccd8fd37bc7e8271c0d21.ctxr,s054a_wall01.bmp_edec0acd070ccd8fd37bc7e8271c0d21,ctxr,131456,3efca07a42acf6d6c0d02d8501bec3cb4d1ae2c1
textures/flatlist/_win/s054a_wash00.bmp.ctxr,textures/flatlist/_win,s054a_wash00.bmp.ctxr,s054a_wash00.bmp,ctxr,4384,55af2b6c003f31ddb2085c84745cecbfd46baa06
textures/flatlist/_win/s054a_wash00.bmp_74db8c19703d80be7f0218cb1d2aa09f.ctxr,textures/flatlist/_win,s054a_wash00.bmp_74db8c19703d80be7f0218cb1d2aa09f.ctxr,s054a_wash00.bmp_74db8c19703d80be7f0218cb1d2aa09f,ctxr,35104,11271895da22fb81902e4cc96177b0a7f2b99525
textures/flatlist/_win/s054a_wash01.bmp.ctxr,textures/flatlist/_win,s054a_wash01.bmp.ctxr,s054a_wash01.bmp,ctxr,2304,21d82fb8b3878c11bf4ca8e899efd31cf16271d0
textures/flatlist/_win/s054a_wash01.bmp_1ddc03ee90d6e54c997452164d45f3d4.ctxr,textures/flatlist/_win,s054a_wash01.bmp_1ddc03ee90d6e54c997452164d45f3d4.ctxr,s054a_wash01.bmp_1ddc03ee90d6e54c997452164d45f3d4,ctxr,54976,19f4b2a3a2c19beb2a7f275fa70da5ed74d64381
textures/flatlist/_win/s054a_wash02.bmp.ctxr,textures/flatlist/_win,s054a_wash02.bmp.ctxr,s054a_wash02.bmp,ctxr,15328,f771cf3e367701323d197e679a2954be2d319fbf
textures/flatlist/_win/s054a_wash03.bmp_c55b0b86cf71f14c54092020cb29b62a.ctxr,textures/flatlist/_win,s054a_wash03.bmp_c55b0b86cf71f14c54092020cb29b62a.ctxr,s054a_wash03.bmp_c55b0b86cf71f14c54092020cb29b62a,ctxr,31680,1843cb66e843592999594c35663e07753bf40df8
textures/flatlist/_win/s054_shadow02_alp_ovl.bmp.ctxr,textures/flatlist/_win,s054_shadow02_alp_ovl.bmp.ctxr,s054_shadow02_alp_ovl.bmp,ctxr,22176,be235df6074bb40cb9e3b1470592bd9a6e066793
textures/flatlist/_win/s054_shadow_alp_ovl.bmp.ctxr,textures/flatlist/_win,s054_shadow_alp_ovl.bmp.ctxr,s054_shadow_alp_ovl.bmp,ctxr,22176,c17b2a0af24e6a66273a57ba13e91a128b34d558
textures/flatlist/_win/s055a_bbord_00.bmp.ctxr,textures/flatlist/_win,s055a_bbord_00.bmp.ctxr,s055a_bbord_00.bmp,ctxr,34432,c0e6f90e4926e58d9c5098ede0c5e46be3eab63b
textures/flatlist/_win/s055a_bed_01.bmp.ctxr,textures/flatlist/_win,s055a_bed_01.bmp.ctxr,s055a_bed_01.bmp,ctxr,73760,ee04d47aaf36e72646595692957e6d7ae1c7aa9b
textures/flatlist/_win/s055a_bed_03.bmp.ctxr,textures/flatlist/_win,s055a_bed_03.bmp.ctxr,s055a_bed_03.bmp,ctxr,16704,a86e86041459a98fac12e03fb404c1afaa5ddb84
textures/flatlist/_win/s055a_bed_04.bmp.ctxr,textures/flatlist/_win,s055a_bed_04.bmp.ctxr,s055a_bed_04.bmp,ctxr,14144,cf214436623ea09ca639ab1be2514655a9e8810d
textures/flatlist/_win/s055a_cagofl00.bmp.ctxr,textures/flatlist/_win,s055a_cagofl00.bmp.ctxr,s055a_cagofl00.bmp,ctxr,246080,e3b205c91b4b810bc8749561dc6baa3f79d19ed7
textures/flatlist/_win/s055a_case_a00.bmp.ctxr,textures/flatlist/_win,s055a_case_a00.bmp.ctxr,s055a_case_a00.bmp,ctxr,87744,fbc4d956b0c552fd0feaf56386f5af1eeab15237
textures/flatlist/_win/s055a_case_a01.bmp.ctxr,textures/flatlist/_win,s055a_case_a01.bmp.ctxr,s055a_case_a01.bmp,ctxr,175168,a29a2b8e01f90da5bc52057873680b7914177e4c
textures/flatlist/_win/s055a_case_a02.bmp.ctxr,textures/flatlist/_win,s055a_case_a02.bmp.ctxr,s055a_case_a02.bmp,ctxr,33120,c44d062b811e74679089d6ef9741c7b107a6051a
textures/flatlist/_win/s055a_cell_dai_01.bmp.ctxr,textures/flatlist/_win,s055a_cell_dai_01.bmp.ctxr,s055a_cell_dai_01.bmp,ctxr,2336,edf4f035fe9b1fd9bab55012e7d3bcdda5bd7a31
textures/flatlist/_win/s055a_cell_dai_02.bmp.ctxr,textures/flatlist/_win,s055a_cell_dai_02.bmp.ctxr,s055a_cell_dai_02.bmp,ctxr,12608,52101acf0ad5cbf6ab4c1087622343740c8a9d52
textures/flatlist/_win/s055a_cell_door00.bmp.ctxr,textures/flatlist/_win,s055a_cell_door00.bmp.ctxr,s055a_cell_door00.bmp,ctxr,11808,1e39a71c6387e9537a27ae5e810cc2811dc575c1
textures/flatlist/_win/s055a_cell_ironbars_01.bmp.ctxr,textures/flatlist/_win,s055a_cell_ironbars_01.bmp.ctxr,s055a_cell_ironbars_01.bmp,ctxr,1280,181653c15b18ed396f054d5332ae0b5f14321f0c
textures/flatlist/_win/s055a_cell_ironbars_04.bmp.ctxr,textures/flatlist/_win,s055a_cell_ironbars_04.bmp.ctxr,s055a_cell_ironbars_04.bmp,ctxr,12608,7120032bb8c963ae03664b23a2d670bf9bfc88ea
textures/flatlist/_win/s055a_cell_ironbars_05.bmp.ctxr,textures/flatlist/_win,s055a_cell_ironbars_05.bmp.ctxr,s055a_cell_ironbars_05.bmp,ctxr,4384,6cbe52f1cd62b920018d9fb3ec36a2e8098ed870
textures/flatlist/_win/s055a_cell_ironbars_06.bmp.ctxr,textures/flatlist/_win,s055a_cell_ironbars_06.bmp.ctxr,s055a_cell_ironbars_06.bmp,ctxr,8544,123360093bb9a6cb12b1a0cb2fa1724e3f9ea72e
textures/flatlist/_win/s055a_curtain_b00.bmp.ctxr,textures/flatlist/_win,s055a_curtain_b00.bmp.ctxr,s055a_curtain_b00.bmp,ctxr,349920,6cd351d9b7af43649258a4bc30ef35503475da54
textures/flatlist/_win/s055a_curtain_b00.bmp_0c353ddcddf9b4e403dc69e654d810f5.ctxr,textures/flatlist/_win,s055a_curtain_b00.bmp_0c353ddcddf9b4e403dc69e654d810f5.ctxr,s055a_curtain_b00.bmp_0c353ddcddf9b4e403dc69e654d810f5,ctxr,54976,f58e834f86c0d2d15a52c70c8af890a78d9e4470
textures/flatlist/_win/s055a_door_under00.bmp.ctxr,textures/flatlist/_win,s055a_door_under00.bmp.ctxr,s055a_door_under00.bmp,ctxr,27648,870a73ab896db3965b066d2a0b83aa04030329b3
textures/flatlist/_win/s055a_duct_00.bmp.ctxr,textures/flatlist/_win,s055a_duct_00.bmp.ctxr,s055a_duct_00.bmp,ctxr,120480,8e159fdd3c9261faf7fa52d495a689bcf825089e
textures/flatlist/_win/s055a_duct_01.bmp.ctxr,textures/flatlist/_win,s055a_duct_01.bmp.ctxr,s055a_duct_01.bmp,ctxr,87744,08a69b4b6579c1f9058791b396b9ea3de68f26da
textures/flatlist/_win/s055a_d_table_00.bmp.ctxr,textures/flatlist/_win,s055a_d_table_00.bmp.ctxr,s055a_d_table_00.bmp,ctxr,54976,ef1df50d89153f8b6b0d8bb6538a1a7586051ef2
textures/flatlist/_win/s055a_heater00.bmp.ctxr,textures/flatlist/_win,s055a_heater00.bmp.ctxr,s055a_heater00.bmp,ctxr,22432,c5663cea6d64b649fd7f8c6a7a6086d77e00ae59
textures/flatlist/_win/s055a_heater00.bmp_9b8ed3f83ff4d40db739fe71aeca972e.ctxr,textures/flatlist/_win,s055a_heater00.bmp_9b8ed3f83ff4d40db739fe71aeca972e.ctxr,s055a_heater00.bmp_9b8ed3f83ff4d40db739fe71aeca972e,ctxr,4384,c0136225a9e8e0f48978a688b501c3fe6823a559
textures/flatlist/_win/s055a_heater00.bmp_a4ca845e881c2211d78c20a6e83c760f.ctxr,textures/flatlist/_win,s055a_heater00.bmp_a4ca845e881c2211d78c20a6e83c760f.ctxr,s055a_heater00.bmp_a4ca845e881c2211d78c20a6e83c760f,ctxr,14016,16393c9b22fd680e89a6d8faa99341353f8f8202
textures/flatlist/_win/s055a_heater01.bmp.ctxr,textures/flatlist/_win,s055a_heater01.bmp.ctxr,s055a_heater01.bmp,ctxr,16704,619bbe19c5cbc081cde171e49fdaeee0bc8820b9
textures/flatlist/_win/s055a_heater01.bmp_0a0fb3ab697f549814b23b9208950ba1.ctxr,textures/flatlist/_win,s055a_heater01.bmp_0a0fb3ab697f549814b23b9208950ba1.ctxr,s055a_heater01.bmp_0a0fb3ab697f549814b23b9208950ba1,ctxr,16704,00a389ad934a3aa001138a3a2c6aac0daf5ed5e0
textures/flatlist/_win/s055a_heater02.bmp.ctxr,textures/flatlist/_win,s055a_heater02.bmp.ctxr,s055a_heater02.bmp,ctxr,4384,066c72df0b9ce46d1d4ced224018330cad21b234
textures/flatlist/_win/s055a_heater02.bmp_55f612db6b43dac5da9f2a4336879f58.ctxr,textures/flatlist/_win,s055a_heater02.bmp_55f612db6b43dac5da9f2a4336879f58.ctxr,s055a_heater02.bmp_55f612db6b43dac5da9f2a4336879f58,ctxr,4384,73abea7a6c82688d7635aa6737bdf5813a9db957
textures/flatlist/_win/s055a_heater04.bmp.ctxr,textures/flatlist/_win,s055a_heater04.bmp.ctxr,s055a_heater04.bmp,ctxr,16704,eab5339e9c127d6c38a6c50d9290ff944f2de764
textures/flatlist/_win/s055a_heater05.bmp.ctxr,textures/flatlist/_win,s055a_heater05.bmp.ctxr,s055a_heater05.bmp,ctxr,3328,e5facd36d43b903ea5e9e88a5d269ef070047f2d
textures/flatlist/_win/s055a_heater05.bmp_e8807a0d8416e3f2773f2e478fc9b61d.ctxr,textures/flatlist/_win,s055a_heater05.bmp_e8807a0d8416e3f2773f2e478fc9b61d.ctxr,s055a_heater05.bmp_e8807a0d8416e3f2773f2e478fc9b61d,ctxr,3328,415318b2bc9d909ed6d1962a676d2652b8494fae
textures/flatlist/_win/s055a_heater05.bmp_ed17b8e874f313548093e362d0864d62.ctxr,textures/flatlist/_win,s055a_heater05.bmp_ed17b8e874f313548093e362d0864d62.ctxr,s055a_heater05.bmp_ed17b8e874f313548093e362d0864d62,ctxr,3328,9c141811184d90e60f7eea9a251acee264341261
textures/flatlist/_win/s055a_heater06.bmp.ctxr,textures/flatlist/_win,s055a_heater06.bmp.ctxr,s055a_heater06.bmp,ctxr,4384,5aa99c6a0721e900c38381e1e91b492a55a7138d
textures/flatlist/_win/s055a_pipe03.bmp.ctxr,textures/flatlist/_win,s055a_pipe03.bmp.ctxr,s055a_pipe03.bmp,ctxr,33120,1156178d1ad428788aae0e18e2df7716f9ec5913
textures/flatlist/_win/s055a_pos_woman00_alp_ovl.bmp.ctxr,textures/flatlist/_win,s055a_pos_woman00_alp_ovl.bmp.ctxr,s055a_pos_woman00_alp_ovl.bmp,ctxr,251584,c3907bcd22510de756435c6a5ae2c5c26c81555d
textures/flatlist/_win/s055a_sdw01_alp_ovl.bmp.ctxr,textures/flatlist/_win,s055a_sdw01_alp_ovl.bmp.ctxr,s055a_sdw01_alp_ovl.bmp,ctxr,65888,745123f266b1383559b1ed3b9061119baf4be65f
textures/flatlist/_win/s055a_sdw_wall00_alp_ovl.bmp.ctxr,textures/flatlist/_win,s055a_sdw_wall00_alp_ovl.bmp.ctxr,s055a_sdw_wall00_alp_ovl.bmp,ctxr,85664,e5330ea15e1e356187bb5930fc994b4eaedf79e3
textures/flatlist/_win/s055a_senmen_03.bmp.ctxr,textures/flatlist/_win,s055a_senmen_03.bmp.ctxr,s055a_senmen_03.bmp,ctxr,8800,b116fe60572ce226f4e1371b8d83a6379fc87ef4
textures/flatlist/_win/s055a_senmen_05.bmp.ctxr,textures/flatlist/_win,s055a_senmen_05.bmp.ctxr,s055a_senmen_05.bmp,ctxr,7776,fd1a9db2177582c337744e65877a90d6da69542d
textures/flatlist/_win/s055a_toilet_04.bmp.ctxr,textures/flatlist/_win,s055a_toilet_04.bmp.ctxr,s055a_toilet_04.bmp,ctxr,16704,b35af23df861f1e5eef34a0235237008f9f218d8
textures/flatlist/_win/s055a_toilet_05.bmp.ctxr,textures/flatlist/_win,s055a_toilet_05.bmp.ctxr,s055a_toilet_05.bmp,ctxr,3712,0147aa5332fd3f7729d8bb1bc74429b45281758e
textures/flatlist/_win/s055a_toilet_06.bmp.ctxr,textures/flatlist/_win,s055a_toilet_06.bmp.ctxr,s055a_toilet_06.bmp,ctxr,4384,af934b0baeea78a535e4d3ed386f22b4e419ef28
textures/flatlist/_win/s055a_toilet_07.bmp.ctxr,textures/flatlist/_win,s055a_toilet_07.bmp.ctxr,s055a_toilet_07.bmp,ctxr,7776,2609362c91ffa07d07be24e0380df481dad73c66
textures/flatlist/_win/s055a_wall00_alp_ovl.bmp.ctxr,textures/flatlist/_win,s055a_wall00_alp_ovl.bmp.ctxr,s055a_wall00_alp_ovl.bmp,ctxr,5632,bd69cf6cba4ee97b0702c34a000bb571a1ca43a8
textures/flatlist/_win/s055a_wall_b00.bmp.ctxr,textures/flatlist/_win,s055a_wall_b00.bmp.ctxr,s055a_wall_b00.bmp,ctxr,699488,a658f108d99e6b495374089254f4a4e9e65f6e78
textures/flatlist/_win/s055a_wall_b01.bmp.ctxr,textures/flatlist/_win,s055a_wall_b01.bmp.ctxr,s055a_wall_b01.bmp,ctxr,349920,38033861cfa9214684d542fa41f411b780b32f2f
textures/flatlist/_win/s055a_wall_d01.bmp.ctxr,textures/flatlist/_win,s055a_wall_d01.bmp.ctxr,s055a_wall_d01.bmp,ctxr,45792,bc5e437139d4cc77562f723fcf1daeb23b73e77f
textures/flatlist/_win/s056a_compdesk_02.bmp.ctxr,textures/flatlist/_win,s056a_compdesk_02.bmp.ctxr,s056a_compdesk_02.bmp,ctxr,24192,cc03aa897fc956c3ab2f486719a826d3fe03ae4d
textures/flatlist/_win/s056a_compdesk_03.bmp.ctxr,textures/flatlist/_win,s056a_compdesk_03.bmp.ctxr,s056a_compdesk_03.bmp,ctxr,49472,2e1acbc24d0a1346c9deca2f9f50636f9c8dee91
textures/flatlist/_win/s056a_compdesk_p00.bmp.ctxr,textures/flatlist/_win,s056a_compdesk_p00.bmp.ctxr,s056a_compdesk_p00.bmp,ctxr,24896,e9b59f4aaccf21f423f2b837aed07a1f3f3b2c11
textures/flatlist/_win/s056a_compdesk_p02.bmp.ctxr,textures/flatlist/_win,s056a_compdesk_p02.bmp.ctxr,s056a_compdesk_p02.bmp,ctxr,11552,75673be6db01c584e502d3773a6b5f60f6468fc0
textures/flatlist/_win/s056a_compdesk_sdw00_alp_ovl.bmp.ctxr,textures/flatlist/_win,s056a_compdesk_sdw00_alp_ovl.bmp.ctxr,s056a_compdesk_sdw00_alp_ovl.bmp,ctxr,47232,c3fe147d3b43305f3afcc22460d2e5c5ac0a5326
textures/flatlist/_win/s056a_compdesk_shelf0.bmp.ctxr,textures/flatlist/_win,s056a_compdesk_shelf0.bmp.ctxr,s056a_compdesk_shelf0.bmp,ctxr,39520,bd46e9242eaf5db8626c81569db9fb57d6f06b5e
textures/flatlist/_win/s056a_door_b00.bmp.ctxr,textures/flatlist/_win,s056a_door_b00.bmp.ctxr,s056a_door_b00.bmp,ctxr,699488,c2e7dbb05a88b1b8be76df81a8de37e92f0a8939
textures/flatlist/_win/s056a_door_c00.bmp.ctxr,textures/flatlist/_win,s056a_door_c00.bmp.ctxr,s056a_door_c00.bmp,ctxr,699488,4fd560b276f7837876909ea2b0bf66aa81676a74
textures/flatlist/_win/s056a_d_table_01.bmp.ctxr,textures/flatlist/_win,s056a_d_table_01.bmp.ctxr,s056a_d_table_01.bmp,ctxr,7136,011e873cb4827a697deb0258247264b331724ee2
textures/flatlist/_win/s056a_light_a00.bmp.ctxr,textures/flatlist/_win,s056a_light_a00.bmp.ctxr,s056a_light_a00.bmp,ctxr,8480,6cd9ad472b563b63441ed113f0297cc815533f27
textures/flatlist/_win/s056a_light_a02.bmp.ctxr,textures/flatlist/_win,s056a_light_a02.bmp.ctxr,s056a_light_a02.bmp,ctxr,2368,1f1f8bc645af19bfa92a04c3a23914ca3412b395
textures/flatlist/_win/s056a_paper_00.bmp.ctxr,textures/flatlist/_win,s056a_paper_00.bmp.ctxr,s056a_paper_00.bmp,ctxr,16704,6c3289041dd3fbe64cfe51ad904a57ff75e568bb
textures/flatlist/_win/s056a_picturem_00.bmp.ctxr,textures/flatlist/_win,s056a_picturem_00.bmp.ctxr,s056a_picturem_00.bmp,ctxr,31008,b482d397bbc9955b02bc382ac8844dbf05ae10ef
textures/flatlist/_win/s056a_pipe_top.bmp.ctxr,textures/flatlist/_win,s056a_pipe_top.bmp.ctxr,s056a_pipe_top.bmp,ctxr,6432,3ccdfaf15cbe9afae66cb9511c70f4d52146f32c
textures/flatlist/_win/s056a_pos_women00.bmp.ctxr,textures/flatlist/_win,s056a_pos_women00.bmp.ctxr,s056a_pos_women00.bmp,ctxr,246112,7c094e52aa1cfcd870917124fcc9ec0a6a69754b
textures/flatlist/_win/s056a_sdw_labo00_alp_ovl.bmp.ctxr,textures/flatlist/_win,s056a_sdw_labo00_alp_ovl.bmp.ctxr,s056a_sdw_labo00_alp_ovl.bmp,ctxr,106976,1bc3447addc6b939e1edcd2d1aeca73e4e4b73ad
textures/flatlist/_win/s056a_sdw_tvroom00_alp_ovl.bmp.ctxr,textures/flatlist/_win,s056a_sdw_tvroom00_alp_ovl.bmp.ctxr,s056a_sdw_tvroom00_alp_ovl.bmp,ctxr,78144,e5a090fff5fcb17b15717bb53be36e4136094f25
textures/flatlist/_win/s056a_sdw_wall00_alp_ovl.bmp.ctxr,textures/flatlist/_win,s056a_sdw_wall00_alp_ovl.bmp.ctxr,s056a_sdw_wall00_alp_ovl.bmp,ctxr,54976,ccb9e0a922baddf666e8dde38d26582310a4900c
textures/flatlist/_win/s056a_sdw_wall01_alp_ovl.bmp.ctxr,textures/flatlist/_win,s056a_sdw_wall01_alp_ovl.bmp.ctxr,s056a_sdw_wall01_alp_ovl.bmp,ctxr,34464,91229abed9b1e35b40f34366e840564f0393de42
textures/flatlist/_win/s056a_sdw_wall02_alp_ovl.bmp.ctxr,textures/flatlist/_win,s056a_sdw_wall02_alp_ovl.bmp.ctxr,s056a_sdw_wall02_alp_ovl.bmp,ctxr,38560,573284857f07c8f8557833f1bb62cd3a805b51f3
textures/flatlist/_win/s056a_sofa_01.bmp.ctxr,textures/flatlist/_win,s056a_sofa_01.bmp.ctxr,s056a_sofa_01.bmp,ctxr,13984,9e4a6e93022b62491f13bdbedcd6c93cec699aae
textures/flatlist/_win/s056a_sofa_02.bmp.ctxr,textures/flatlist/_win,s056a_sofa_02.bmp.ctxr,s056a_sofa_02.bmp,ctxr,13984,05101d6e622af83347f15c9423a5502023af026e
textures/flatlist/_win/s056a_sofa_03.bmp.ctxr,textures/flatlist/_win,s056a_sofa_03.bmp.ctxr,s056a_sofa_03.bmp,ctxr,24192,4eae7daef62a98276ace303c4136447cc424a779
textures/flatlist/_win/s056a_text_00_alp_ovl.bmp.ctxr,textures/flatlist/_win,s056a_text_00_alp_ovl.bmp.ctxr,s056a_text_00_alp_ovl.bmp,ctxr,16704,5215bb8c0bb3f4141ae8957d592edfb9cc14846c
textures/flatlist/_win/s056a_tvcase_00.bmp.ctxr,textures/flatlist/_win,s056a_tvcase_00.bmp.ctxr,s056a_tvcase_00.bmp,ctxr,22048,bb61a320a04a92f77e61b8dd8c08b67bfabe8107
textures/flatlist/_win/s056a_tvcase_01.bmp.ctxr,textures/flatlist/_win,s056a_tvcase_01.bmp.ctxr,s056a_tvcase_01.bmp,ctxr,22048,46d6a6494743b780aaa494d088ef59776c0554a3
textures/flatlist/_win/s056a_tv_01.bmp.ctxr,textures/flatlist/_win,s056a_tv_01.bmp.ctxr,s056a_tv_01.bmp,ctxr,12256,d42caec9caf85f8e960db749e5d2924dcbda27c4
textures/flatlist/_win/s056a_tv_02.bmp.ctxr,textures/flatlist/_win,s056a_tv_02.bmp.ctxr,s056a_tv_02.bmp,ctxr,74048,c72bc42197898173949022147f4eb82dd5643b2c
textures/flatlist/_win/s056a_tv_03.bmp.ctxr,textures/flatlist/_win,s056a_tv_03.bmp.ctxr,s056a_tv_03.bmp,ctxr,5728,38f3f1ff0727c0b829028ca139b934700440634d
textures/flatlist/_win/s056a_tv_04.bmp.ctxr,textures/flatlist/_win,s056a_tv_04.bmp.ctxr,s056a_tv_04.bmp,ctxr,34432,854bc751a314e2a7d8c822daf7235ce7bd1765c0
textures/flatlist/_win/s056a_tv_05_alp_ovl.bmp.ctxr,textures/flatlist/_win,s056a_tv_05_alp_ovl.bmp.ctxr,s056a_tv_05_alp_ovl.bmp,ctxr,28960,19e683472286ed8eeb5672eec70769ea21f32274
textures/flatlist/_win/s056a_tv_06_alp_ovl.bmp.ctxr,textures/flatlist/_win,s056a_tv_06_alp_ovl.bmp.ctxr,s056a_tv_06_alp_ovl.bmp,ctxr,159200,d18a2b896d3ce387a802bbe0a315bcaa468aec61
textures/flatlist/_win/s056a_tv_07_alp_ovl.bmp.ctxr,textures/flatlist/_win,s056a_tv_07_alp_ovl.bmp.ctxr,s056a_tv_07_alp_ovl.bmp,ctxr,24192,d551cd99870e2118775820b7f064f05ac785259f
textures/flatlist/_win/s056a_wall_b00.bmp.ctxr,textures/flatlist/_win,s056a_wall_b00.bmp.ctxr,s056a_wall_b00.bmp,ctxr,699488,30685dc9af5d82e2d892e9a7988c1ad1b171f6ff
textures/flatlist/_win/s061a_eld_tree1_large_mip8000.bmp.ctxr,textures/flatlist/_win,s061a_eld_tree1_large_mip8000.bmp.ctxr,s061a_eld_tree1_large_mip8000.bmp,ctxr,1398528,a7067c563f2a9ca31a13254c468700228c8fde5f
textures/flatlist/_win/s061a_komorebi2_alpx2_ovl_rep_mod1001.bmp.ctxr,textures/flatlist/_win,s061a_komorebi2_alpx2_ovl_rep_mod1001.bmp.ctxr,s061a_komorebi2_alpx2_ovl_rep_mod1001.bmp,ctxr,349920,3eb9e16afefdfb6ed9cca0712f80de835fc0181d
textures/flatlist/_win/s061a_tree13_mid_dark_mip8000_rep.bmp.ctxr,textures/flatlist/_win,s061a_tree13_mid_dark_mip8000_rep.bmp.ctxr,s061a_tree13_mid_dark_mip8000_rep.bmp,ctxr,349920,07c2b101d8b310ad68181253c896a0fdbd7fbcd4
textures/flatlist/_win/s061a_tree_lit2_alpx2_ovl_rep_mod1001.bmp.ctxr,textures/flatlist/_win,s061a_tree_lit2_alpx2_ovl_rep_mod1001.bmp.ctxr,s061a_tree_lit2_alpx2_ovl_rep_mod1001.bmp,ctxr,11264,7224ef040831577e4883673333fda14647064017
textures/flatlist/_win/s062a_blanket01.bmp.ctxr,textures/flatlist/_win,s062a_blanket01.bmp.ctxr,s062a_blanket01.bmp,ctxr,349920,a711d50fa70f7bc73aed1f0e3b063fac5da90113
textures/flatlist/_win/s062a_board01.bmp.ctxr,textures/flatlist/_win,s062a_board01.bmp.ctxr,s062a_board01.bmp,ctxr,87744,b946def1d8173071ed6d02a649f2d297d1077da4
textures/flatlist/_win/s062a_box03.bmp.ctxr,textures/flatlist/_win,s062a_box03.bmp.ctxr,s062a_box03.bmp,ctxr,44064,a59f4cf6b407a4ac172a600591f00c5b5779e171
textures/flatlist/_win/s062a_box06.bmp.ctxr,textures/flatlist/_win,s062a_box06.bmp.ctxr,s062a_box06.bmp,ctxr,24896,c4413723b82e37a7f690e1a549e1747f0a808a03
textures/flatlist/_win/s062a_box07.bmp.ctxr,textures/flatlist/_win,s062a_box07.bmp.ctxr,s062a_box07.bmp,ctxr,24896,18a44707e976ba2739e752ef5536d95309a6cec9
textures/flatlist/_win/s062a_box09.bmp.ctxr,textures/flatlist/_win,s062a_box09.bmp.ctxr,s062a_box09.bmp,ctxr,24896,c0728a0eb132d852993fef28f403012e0735ea46
textures/flatlist/_win/s062a_locker03.bmp.ctxr,textures/flatlist/_win,s062a_locker03.bmp.ctxr,s062a_locker03.bmp,ctxr,87744,9fc109ef5b9fca928ef8243468cbad00757ab3b8
textures/flatlist/_win/s062a_locker03s.bmp.ctxr,textures/flatlist/_win,s062a_locker03s.bmp.ctxr,s062a_locker03s.bmp,ctxr,22208,db53db63e74216802ee71aecb996a9f3b35b9d5b
textures/flatlist/_win/s062a_map.bmp.ctxr,textures/flatlist/_win,s062a_map.bmp.ctxr,s062a_map.bmp,ctxr,16704,431070898e9452bf0c13a23e839675532e6db759
textures/flatlist/_win/s062a_mog_obj_03.bmp.ctxr,textures/flatlist/_win,s062a_mog_obj_03.bmp.ctxr,s062a_mog_obj_03.bmp,ctxr,4416,ef5b9b0fe2071fcaa5224c87fd894a0d199605e9
textures/flatlist/_win/s062a_mog_obj_04.bmp.ctxr,textures/flatlist/_win,s062a_mog_obj_04.bmp.ctxr,s062a_mog_obj_04.bmp,ctxr,33120,c983f8fde70bedb83149eb76117fb653bc9ad0ce
textures/flatlist/_win/s062a_mog_sdw_alp_add_03.trans.bmp.ctxr,textures/flatlist/_win,s062a_mog_sdw_alp_add_03.trans.bmp.ctxr,s062a_mog_sdw_alp_add_03.trans.bmp,ctxr,768,8a57270cbbe29a04e5f7589e75fed792f05a7631
textures/flatlist/_win/s062a_mog_sdw_alp_ovl_05.bmp.ctxr,textures/flatlist/_win,s062a_mog_sdw_alp_ovl_05.bmp.ctxr,s062a_mog_sdw_alp_ovl_05.bmp,ctxr,49504,d0435c38ffb158e8f049582fd0d9252fb4656890
textures/flatlist/_win/s062a_mog_sdw_alp_ovl_add_03.bmp.ctxr,textures/flatlist/_win,s062a_mog_sdw_alp_ovl_add_03.bmp.ctxr,s062a_mog_sdw_alp_ovl_add_03.bmp,ctxr,16704,d11758f9cec24d19b8cf80e2cbb14ffda31adfe6
textures/flatlist/_win/s062a_mog_sdw_alp_ovl_add_04.bmp.ctxr,textures/flatlist/_win,s062a_mog_sdw_alp_ovl_add_04.bmp.ctxr,s062a_mog_sdw_alp_ovl_add_04.bmp,ctxr,3360,f61603c47e37bdb9fc99dbada8ea88f7d4c60ae9
textures/flatlist/_win/s062a_paper01.bmp.ctxr,textures/flatlist/_win,s062a_paper01.bmp.ctxr,s062a_paper01.bmp,ctxr,16704,ce7986e5e8173d87b7154383e8a0789f825c5074
textures/flatlist/_win/s062a_paper02.bmp.ctxr,textures/flatlist/_win,s062a_paper02.bmp.ctxr,s062a_paper02.bmp,ctxr,16704,8627554f6fecfd686bfc200cf8e3eedc72550f5e
textures/flatlist/_win/s062a_pictur_alp_ovl01.bmp.ctxr,textures/flatlist/_win,s062a_pictur_alp_ovl01.bmp.ctxr,s062a_pictur_alp_ovl01.bmp,ctxr,4384,0e6bd4d03a46c33048c1332cf9f150915070767a
textures/flatlist/_win/s062a_pictur_alp_ovl02.bmp.ctxr,textures/flatlist/_win,s062a_pictur_alp_ovl02.bmp.ctxr,s062a_pictur_alp_ovl02.bmp,ctxr,4384,56c286529695cf0f737a7ee3fce98cb8c9b40a55
textures/flatlist/_win/s062a_pictur_alp_ovl04.bmp.ctxr,textures/flatlist/_win,s062a_pictur_alp_ovl04.bmp.ctxr,s062a_pictur_alp_ovl04.bmp,ctxr,4384,e1efbcb086fc621accaec4df0f6ff61a79332eb7
textures/flatlist/_win/s062a_pictur_alp_ovl05.bmp.ctxr,textures/flatlist/_win,s062a_pictur_alp_ovl05.bmp.ctxr,s062a_pictur_alp_ovl05.bmp,ctxr,4384,499a7fe13559ce81f9ab87b829cf54e194f49d5e
textures/flatlist/_win/s062a_pictur_alp_ovl06.bmp.ctxr,textures/flatlist/_win,s062a_pictur_alp_ovl06.bmp.ctxr,s062a_pictur_alp_ovl06.bmp,ctxr,4384,d770d9ad8d10b1df0cff7c10e9f13f37f9b78182
textures/flatlist/_win/s062a_pillow01.bmp.ctxr,textures/flatlist/_win,s062a_pillow01.bmp.ctxr,s062a_pillow01.bmp,ctxr,8480,faae679b8959adf75d226b88044c31f9df2892b3
textures/flatlist/_win/s062a_radio01.bmp.ctxr,textures/flatlist/_win,s062a_radio01.bmp.ctxr,s062a_radio01.bmp,ctxr,87744,c758211e0989216d1d661d7c00de3c4dcf407135
textures/flatlist/_win/s062a_wframe01.bmp.ctxr,textures/flatlist/_win,s062a_wframe01.bmp.ctxr,s062a_wframe01.bmp,ctxr,7136,571d9f8efbb8d1969fd402bb589c6728298119ad
textures/flatlist/_win/s062a_wodbrk02_alp_ovl.bmp.ctxr,textures/flatlist/_win,s062a_wodbrk02_alp_ovl.bmp.ctxr,s062a_wodbrk02_alp_ovl.bmp,ctxr,20800,6f6d42b913c92371fc968a9b7bcebd8720345684
textures/flatlist/_win/s062a_wodbrk03_alp_ovl.bmp.ctxr,textures/flatlist/_win,s062a_wodbrk03_alp_ovl.bmp.ctxr,s062a_wodbrk03_alp_ovl.bmp,ctxr,175200,88b51fe693250ee04a7df9eabc1fea7483b798d7
textures/flatlist/_win/s063a_conc_wall01.bmp.ctxr,textures/flatlist/_win,s063a_conc_wall01.bmp.ctxr,s063a_conc_wall01.bmp,ctxr,699488,6d83d3a0e10b389bee765789a4d04432f42a23a3
textures/flatlist/_win/s063a_flr_moss3_alp_ovl_rep.bmp.ctxr,textures/flatlist/_win,s063a_flr_moss3_alp_ovl_rep.bmp.ctxr,s063a_flr_moss3_alp_ovl_rep.bmp,ctxr,1398528,4e56ac022d9b652f3fef523272e3235dc9ec05ed
textures/flatlist/_win/s063a_komorebi3_alpx2_ovl_rep_mod1001.bmp.ctxr,textures/flatlist/_win,s063a_komorebi3_alpx2_ovl_rep_mod1001.bmp.ctxr,s063a_komorebi3_alpx2_ovl_rep_mod1001.bmp,ctxr,349920,c98bbc37d23ee7d6ee304e4eade4ca6e973d6df9
textures/flatlist/_win/s063a_small_tree3_rep.bmp.ctxr,textures/flatlist/_win,s063a_small_tree3_rep.bmp.ctxr,s063a_small_tree3_rep.bmp,ctxr,44064,2f82e2fa42e7c139f1c4663938f4a01e56a5151a
textures/flatlist/_win/s063a_thin_tree1_rep.bmp.ctxr,textures/flatlist/_win,s063a_thin_tree1_rep.bmp.ctxr,s063a_thin_tree1_rep.bmp,ctxr,175168,3d4bfbd08c1eefd37a7d8fd74973ee7efa1bff30
textures/flatlist/_win/s063a_tree13_mid_rep_mip8000.bmp.ctxr,textures/flatlist/_win,s063a_tree13_mid_rep_mip8000.bmp.ctxr,s063a_tree13_mid_rep_mip8000.bmp,ctxr,349920,42958626e438e2dec7bf3fb72fa8f9e849d40152
textures/flatlist/_win/s064a_deadtree2_rep_mip8000.bmp.ctxr,textures/flatlist/_win,s064a_deadtree2_rep_mip8000.bmp.ctxr,s064a_deadtree2_rep_mip8000.bmp,ctxr,349920,757cace241873ca6e299ca087449daaba38a52ca
textures/flatlist/_win/s065a_gajyu_tree1_l_rep.bmp.ctxr,textures/flatlist/_win,s065a_gajyu_tree1_l_rep.bmp.ctxr,s065a_gajyu_tree1_l_rep.bmp,ctxr,349952,dd1f36512fcdc1270c2e108ac2e74af45b09cbdd
textures/flatlist/_win/s066a_door00.bmp.ctxr,textures/flatlist/_win,s066a_door00.bmp.ctxr,s066a_door00.bmp,ctxr,175168,702e7df077533bf7c97ff6f0cde32881b6e7ef47
textures/flatlist/_win/s066a_drfl00.bmp.ctxr,textures/flatlist/_win,s066a_drfl00.bmp.ctxr,s066a_drfl00.bmp,ctxr,6464,da29764f54a8419f0996b9d15c611295ac61c5ce
textures/flatlist/_win/s066a_fl01a2_alp_ovl.bmp.ctxr,textures/flatlist/_win,s066a_fl01a2_alp_ovl.bmp.ctxr,s066a_fl01a2_alp_ovl.bmp,ctxr,120512,e5c91829db42bf037733060e07740e3a53372fa1
textures/flatlist/_win/s066a_fl01a3_alp_ovl.bmp.ctxr,textures/flatlist/_win,s066a_fl01a3_alp_ovl.bmp.ctxr,s066a_fl01a3_alp_ovl.bmp,ctxr,306208,add2fa7f92866b9036eb21757dc0a88e32a09455
textures/flatlist/_win/s066a_fl02.bmp.ctxr,textures/flatlist/_win,s066a_fl02.bmp.ctxr,s066a_fl02.bmp,ctxr,306208,48258ad05a78e526434c463aa6b017e0672d0ec7
textures/flatlist/_win/s066a_laddersdw00a_alp_ovl.bmp.ctxr,textures/flatlist/_win,s066a_laddersdw00a_alp_ovl.bmp.ctxr,s066a_laddersdw00a_alp_ovl.bmp,ctxr,65920,7a452e87916d037e4f6c10cc9ad4669d40bd8807
textures/flatlist/_win/s066a_objbox01.bmp.ctxr,textures/flatlist/_win,s066a_objbox01.bmp.ctxr,s066a_objbox01.bmp,ctxr,8480,654db05f1d436b5cdf6c9e66315dbbac9447ad8a
textures/flatlist/_win/s066a_pipe00_alp_ovl.bmp.ctxr,textures/flatlist/_win,s066a_pipe00_alp_ovl.bmp.ctxr,s066a_pipe00_alp_ovl.bmp,ctxr,8512,6d59ad4685ba779dd384fa896a5fff435c84632c
textures/flatlist/_win/s066a_pipe01_alp_ovl.bmp.ctxr,textures/flatlist/_win,s066a_pipe01_alp_ovl.bmp.ctxr,s066a_pipe01_alp_ovl.bmp,ctxr,4384,bb89a2a79c7bdc85026e5689a212637061bc4a9d
textures/flatlist/_win/s066a_wallrusty02a.bmp.ctxr,textures/flatlist/_win,s066a_wallrusty02a.bmp.ctxr,s066a_wallrusty02a.bmp,ctxr,109568,3a883a9257ccd297de697b0293fbb394d0d257d9
textures/flatlist/_win/s072a_door_mark01_alp_ovl.bmp.ctxr,textures/flatlist/_win,s072a_door_mark01_alp_ovl.bmp.ctxr,s072a_door_mark01_alp_ovl.bmp,ctxr,16704,01d5f1a095536705779691f73cf286e0e1a4b196
textures/flatlist/_win/s072a_jimen_a01_rep.bmp.ctxr,textures/flatlist/_win,s072a_jimen_a01_rep.bmp.ctxr,s072a_jimen_a01_rep.bmp,ctxr,349920,57277961eb8d37d40ea3013c248d7c65f82715c4
textures/flatlist/_win/s072a_wood_a01_rep.bmp.ctxr,textures/flatlist/_win,s072a_wood_a01_rep.bmp.ctxr,s072a_wood_a01_rep.bmp,ctxr,87776,d1636a12b136bd08e506bbe533399778d01b097a
textures/flatlist/_win/s072a_wood_a02_rep.bmp.ctxr,textures/flatlist/_win,s072a_wood_a02_rep.bmp.ctxr,s072a_wood_a02_rep.bmp,ctxr,175168,d8eb7d49721231be35b9c06222e53a9afc96aaa5
textures/flatlist/_win/s072a_wood_a03_rep.bmp.ctxr,textures/flatlist/_win,s072a_wood_a03_rep.bmp.ctxr,s072a_wood_a03_rep.bmp,ctxr,44064,da280e1c5e4150929a52f78d3acd0d3789c84788
textures/flatlist/_win/s072a_wood_a04_rep.bmp.ctxr,textures/flatlist/_win,s072a_wood_a04_rep.bmp.ctxr,s072a_wood_a04_rep.bmp,ctxr,44064,99a760be19e0141f6ca5046a27f750b6c9a06cbf
textures/flatlist/_win/s073a_armory_door01.bmp.ctxr,textures/flatlist/_win,s073a_armory_door01.bmp.ctxr,s073a_armory_door01.bmp,ctxr,175168,dcd0083f279d8f50a76d28f61bab26b0bdb39cd4
textures/flatlist/_win/s073a_door_iron_01.bmp.ctxr,textures/flatlist/_win,s073a_door_iron_01.bmp.ctxr,s073a_door_iron_01.bmp,ctxr,175168,71ab076541ff48a7ff04b2913bc2ec9652468d85
textures/flatlist/_win/s073a_door_mark01_alp_ovl.bmp.ctxr,textures/flatlist/_win,s073a_door_mark01_alp_ovl.bmp.ctxr,s073a_door_mark01_alp_ovl.bmp,ctxr,16704,ee1228d6fc417ba44a8d9e5538be5d2ab2b08b5c
textures/flatlist/_win/s073a_snow_a05_alp_ovl_rep.bmp.ctxr,textures/flatlist/_win,s073a_snow_a05_alp_ovl_rep.bmp.ctxr,s073a_snow_a05_alp_ovl_rep.bmp,ctxr,1398528,cb0ecbe7458a4c6e0eff9d345879f62853d2aee9
textures/flatlist/_win/s073a_wall_sokumen_a01_rep.bmp.ctxr,textures/flatlist/_win,s073a_wall_sokumen_a01_rep.bmp.ctxr,s073a_wall_sokumen_a01_rep.bmp,ctxr,87776,6e72b4aff58f9a47ee64cf7ca0d60ed35c162914
textures/flatlist/_win/s073a_wood_b03_rep.bmp.ctxr,textures/flatlist/_win,s073a_wood_b03_rep.bmp.ctxr,s073a_wood_b03_rep.bmp,ctxr,175168,df3dc398cb41d4a5ba16168372a7fa129dbbe180
textures/flatlist/_win/s074a_door_00.bmp.ctxr,textures/flatlist/_win,s074a_door_00.bmp.ctxr,s074a_door_00.bmp,ctxr,98656,45010ce5c2953614ba464f569d6e33928ecbcb4c
textures/flatlist/_win/s074a_fr.bmp.ctxr,textures/flatlist/_win,s074a_fr.bmp.ctxr,s074a_fr.bmp,ctxr,322560,f3e03247dff4e0f1f6657a0cc39b745f5cee9f51
textures/flatlist/_win/s074a_kusa2_alp_ovl.bmp.ctxr,textures/flatlist/_win,s074a_kusa2_alp_ovl.bmp.ctxr,s074a_kusa2_alp_ovl.bmp,ctxr,33088,6e8c2b5d31992d07493595c8bf9fbde91f8554cc
textures/flatlist/_win/s074a_kusa3_alp_ovl.bmp.ctxr,textures/flatlist/_win,s074a_kusa3_alp_ovl.bmp.ctxr,s074a_kusa3_alp_ovl.bmp,ctxr,46784,9ddf318ddbe0c1b562dda181538b7b6f4c82c0b5
textures/flatlist/_win/s074a_light01_alp_add.trans.bmp.ctxr,textures/flatlist/_win,s074a_light01_alp_add.trans.bmp.ctxr,s074a_light01_alp_add.trans.bmp,ctxr,49472,b5bca11c3e000dc59cee58c2b24759b83fc0d232
textures/flatlist/_win/s074a_light01_alp_add_ovl.bmp.ctxr,textures/flatlist/_win,s074a_light01_alp_add_ovl.bmp.ctxr,s074a_light01_alp_add_ovl.bmp,ctxr,5056,6e7dd289d4197262183c4c726610aa81976d6bc5
textures/flatlist/_win/s074a_obj_bin.bmp.ctxr,textures/flatlist/_win,s074a_obj_bin.bmp.ctxr,s074a_obj_bin.bmp,ctxr,26240,973a151c7c95e2db8e118c9cc3fdbbe2f811412b
textures/flatlist/_win/s074a_obj_kan.bmp.ctxr,textures/flatlist/_win,s074a_obj_kan.bmp.ctxr,s074a_obj_kan.bmp,ctxr,30336,7dd6a1796795296383319135c0b36442399253f7
textures/flatlist/_win/s074a_roof01_rep.bmp_11bb6511942d5239548ec285d775b056.ctxr,textures/flatlist/_win,s074a_roof01_rep.bmp_11bb6511942d5239548ec285d775b056.ctxr,s074a_roof01_rep.bmp_11bb6511942d5239548ec285d775b056,ctxr,349920,be5e4f6fc21358048ebbbfaac6ad83c9d096b604
textures/flatlist/_win/s074a_sdw00_alp_ovl.bmp.ctxr,textures/flatlist/_win,s074a_sdw00_alp_ovl.bmp.ctxr,s074a_sdw00_alp_ovl.bmp,ctxr,54976,8c621e33a07f13fcdb64b6760a6b0b7727384103
textures/flatlist/_win/s074a_sdwbed_alp_ovl.bmp.ctxr,textures/flatlist/_win,s074a_sdwbed_alp_ovl.bmp.ctxr,s074a_sdwbed_alp_ovl.bmp,ctxr,48096,4dd7b3fc1d82f79a0e49d8e8d84c4205a7a0186a
textures/flatlist/_win/s074a_sdw_floor01_alp_ovl.bmp.ctxr,textures/flatlist/_win,s074a_sdw_floor01_alp_ovl.bmp.ctxr,s074a_sdw_floor01_alp_ovl.bmp,ctxr,31328,31369918565ae9455a126c67fc943620cdd028b7
textures/flatlist/_win/s074a_sdw_floor02_alp_ovl.bmp.ctxr,textures/flatlist/_win,s074a_sdw_floor02_alp_ovl.bmp.ctxr,s074a_sdw_floor02_alp_ovl.bmp,ctxr,63456,2e86c0626d206894991965dab3e54274b3a1e858
textures/flatlist/_win/s074a_sdw_wall02_alp_ovl.bmp.ctxr,textures/flatlist/_win,s074a_sdw_wall02_alp_ovl.bmp.ctxr,s074a_sdw_wall02_alp_ovl.bmp,ctxr,83456,0d25fe166fda740294c54f134be4ace52e4a0098
textures/flatlist/_win/s074a_sdw_window0_alp_ovl.bmp.ctxr,textures/flatlist/_win,s074a_sdw_window0_alp_ovl.bmp.ctxr,s074a_sdw_window0_alp_ovl.bmp,ctxr,82272,67e8d12e319e14d380d10ac44cfbf1e6d7c0d634
textures/flatlist/_win/s074a_wallkai.bmp.ctxr,textures/flatlist/_win,s074a_wallkai.bmp.ctxr,s074a_wallkai.bmp,ctxr,295264,399b2bb66a88b0578faaf045be2a50f1209917dc
textures/flatlist/_win/s074a_wood3.bmp.ctxr,textures/flatlist/_win,s074a_wood3.bmp.ctxr,s074a_wood3.bmp,ctxr,33088,86dd02aaf95611aae3842747fff0654b51be2a8c
textures/flatlist/_win/s075a_163a00a.bmp.ctxr,textures/flatlist/_win,s075a_163a00a.bmp.ctxr,s075a_163a00a.bmp,ctxr,109568,22aa5d8a1a1ca4123bf397a644c148047463d8fc
textures/flatlist/_win/s075a_163a02_alp_ovl.bmp.ctxr,textures/flatlist/_win,s075a_163a02_alp_ovl.bmp.ctxr,s075a_163a02_alp_ovl.bmp,ctxr,65920,b015f1a922e42e482008d8cfbb1854df6ecf6093
textures/flatlist/_win/s075a_gg_sdw02_alp_ovl.bmp.ctxr,textures/flatlist/_win,s075a_gg_sdw02_alp_ovl.bmp.ctxr,s075a_gg_sdw02_alp_ovl.bmp,ctxr,16704,11d8855f7b3ffe727a3e8996d884682de9f1e9ba
textures/flatlist/_win/s075a_gg_sdw03_alp_ovl.bmp.ctxr,textures/flatlist/_win,s075a_gg_sdw03_alp_ovl.bmp.ctxr,s075a_gg_sdw03_alp_ovl.bmp,ctxr,12576,93dc1b3e6606f4b1ae53316dfc1ca57a1f4008d5
textures/flatlist/_win/s075a_mog_ground_alp_ovl_03.bmp.ctxr,textures/flatlist/_win,s075a_mog_ground_alp_ovl_03.bmp.ctxr,s075a_mog_ground_alp_ovl_03.bmp,ctxr,12576,9be232e4e6491aecaea66a1906f8a2472275f331
textures/flatlist/_win/s075a_mog_ground_alp_ovl_04.bmp.ctxr,textures/flatlist/_win,s075a_mog_ground_alp_ovl_04.bmp.ctxr,s075a_mog_ground_alp_ovl_04.bmp,ctxr,12576,2dba0d0f701e6d9e27aaae537d53fd2bb9d6c61b
textures/flatlist/_win/s075a_mog_ground_alp_ovl_05.bmp.ctxr,textures/flatlist/_win,s075a_mog_ground_alp_ovl_05.bmp.ctxr,s075a_mog_ground_alp_ovl_05.bmp,ctxr,12576,954bb432f8808c121ee58d747542ad89f2b2efb7
textures/flatlist/_win/s075a_mog_light_decal_05.bmp.ctxr,textures/flatlist/_win,s075a_mog_light_decal_05.bmp.ctxr,s075a_mog_light_decal_05.bmp,ctxr,7968,fdf5c1d1b1b4b2e9c384c6b0b4909f080874ff21
textures/flatlist/_win/s075a_mog_roof_alp_ovl_01.bmp.ctxr,textures/flatlist/_win,s075a_mog_roof_alp_ovl_01.bmp.ctxr,s075a_mog_roof_alp_ovl_01.bmp,ctxr,44064,2971c0fa576d3a1c0e5578f7cb6d886516bd1841
textures/flatlist/_win/s075a_mog_sdw_alp_ovl_03.bmp.ctxr,textures/flatlist/_win,s075a_mog_sdw_alp_ovl_03.bmp.ctxr,s075a_mog_sdw_alp_ovl_03.bmp,ctxr,2336,60ea699e291daec8741e20a36d6ae355d5ef92bd
textures/flatlist/_win/s075a_mog_sdw_alp_ovl_05.bmp.ctxr,textures/flatlist/_win,s075a_mog_sdw_alp_ovl_05.bmp.ctxr,s075a_mog_sdw_alp_ovl_05.bmp,ctxr,2336,2a169dadf8eb13472be8635a368576b7736ea6c0
textures/flatlist/_win/s075a_mog_sdw_alp_ovl_06.bmp.ctxr,textures/flatlist/_win,s075a_mog_sdw_alp_ovl_06.bmp.ctxr,s075a_mog_sdw_alp_ovl_06.bmp,ctxr,2368,89020e18cc75157ba6dfe56dc68fb5dd01cea1e5
textures/flatlist/_win/s075a_s163a_yagura_alp_ovl.bmp.ctxr,textures/flatlist/_win,s075a_s163a_yagura_alp_ovl.bmp.ctxr,s075a_s163a_yagura_alp_ovl.bmp,ctxr,13984,1b4cbdb586e8638073b2bf501c42d3320ccdd07b
textures/flatlist/_win/s081a_lit00h_add_alp_ovl.bmp.ctxr,textures/flatlist/_win,s081a_lit00h_add_alp_ovl.bmp.ctxr,s081a_lit00h_add_alp_ovl.bmp,ctxr,8480,713c5f3bf549fb6c6ebcacd297ca2d115ddd83c6
textures/flatlist/_win/s081a_mogi_deco_alp_ovl_01.bmp.ctxr,textures/flatlist/_win,s081a_mogi_deco_alp_ovl_01.bmp.ctxr,s081a_mogi_deco_alp_ovl_01.bmp,ctxr,5376,afc024ffd6bb0b3dadf5b47d034b812af8938619
textures/flatlist/_win/s081a_mogi_door_02.bmp.ctxr,textures/flatlist/_win,s081a_mogi_door_02.bmp.ctxr,s081a_mogi_door_02.bmp,ctxr,39904,5814fbf9155d341e493de1e0707520220325796c
textures/flatlist/_win/s081a_mogi_light_decal_08.bmp.ctxr,textures/flatlist/_win,s081a_mogi_light_decal_08.bmp.ctxr,s081a_mogi_light_decal_08.bmp,ctxr,12576,8911255e1233ef2246eb458d211685153470a540
textures/flatlist/_win/s081a_mogi_obj_alp_ovl_10.bmp.ctxr,textures/flatlist/_win,s081a_mogi_obj_alp_ovl_10.bmp.ctxr,s081a_mogi_obj_alp_ovl_10.bmp,ctxr,2368,2b996c802f844d58d7c0c8f355485db1919bada1
textures/flatlist/_win/s081a_mogi_pipe_02.bmp.ctxr,textures/flatlist/_win,s081a_mogi_pipe_02.bmp.ctxr,s081a_mogi_pipe_02.bmp,ctxr,4416,ffe88b84b38d263ed6d5ebc865ed39da342c936a
textures/flatlist/_win/s081a_mogi_sdw_alp_ovl_02.bmp.ctxr,textures/flatlist/_win,s081a_mogi_sdw_alp_ovl_02.bmp.ctxr,s081a_mogi_sdw_alp_ovl_02.bmp,ctxr,12608,23001c409ec5eafc969feedc57f807bbf40bbbc2
textures/flatlist/_win/s081a_mogi_sdw_alp_ovl_12.bmp.ctxr,textures/flatlist/_win,s081a_mogi_sdw_alp_ovl_12.bmp.ctxr,s081a_mogi_sdw_alp_ovl_12.bmp,ctxr,33120,3f5b5ba3bf094c66db22d1f5211be097eb2c7d37
textures/flatlist/_win/s081a_mogi_sdw_alp_ovl_13.bmp.ctxr,textures/flatlist/_win,s081a_mogi_sdw_alp_ovl_13.bmp.ctxr,s081a_mogi_sdw_alp_ovl_13.bmp,ctxr,9472,208db24d682a65e23ed302b816bb3a3ddf030c4a
textures/flatlist/_win/s081a_mogi_sdw_alp_ovl_14.bmp.ctxr,textures/flatlist/_win,s081a_mogi_sdw_alp_ovl_14.bmp.ctxr,s081a_mogi_sdw_alp_ovl_14.bmp,ctxr,16704,2186594a2b1fc540e0a3a70203be77a976d3247f
textures/flatlist/_win/s081a_mogi_stain_alp_ovl_06.bmp.ctxr,textures/flatlist/_win,s081a_mogi_stain_alp_ovl_06.bmp.ctxr,s081a_mogi_stain_alp_ovl_06.bmp,ctxr,33568,3ec93988985808b9ea29e25f5b2826ab074635ca
textures/flatlist/_win/s081a_mogi_stain_alp_ovl_09.bmp.ctxr,textures/flatlist/_win,s081a_mogi_stain_alp_ovl_09.bmp.ctxr,s081a_mogi_stain_alp_ovl_09.bmp,ctxr,33120,c426f20c2bf3789969e3c56c27c57a857bbfd36c
textures/flatlist/_win/s081a_sdw00_alp_ovl.bmp.ctxr,textures/flatlist/_win,s081a_sdw00_alp_ovl.bmp.ctxr,s081a_sdw00_alp_ovl.bmp,ctxr,12576,9b62bd4f4fc7ebe64e3cf351218936cd699d6d30
textures/flatlist/_win/s091a_101wall02.bmp.ctxr,textures/flatlist/_win,s091a_101wall02.bmp.ctxr,s091a_101wall02.bmp,ctxr,5408,4b2fb539a2e860cce0c9b2fd21d9cbc8ccd0fa39
textures/flatlist/_win/s091a_101wall02.bmp_c7ef767ef6c9eca7e758a192b69a038e.ctxr,textures/flatlist/_win,s091a_101wall02.bmp_c7ef767ef6c9eca7e758a192b69a038e.ctxr,s091a_101wall02.bmp_c7ef767ef6c9eca7e758a192b69a038e,ctxr,20800,c3a004a47e65ef838b477a3118778e11dad62d71
textures/flatlist/_win/s091a_111wall01.bmp.ctxr,textures/flatlist/_win,s091a_111wall01.bmp.ctxr,s091a_111wall01.bmp,ctxr,7136,caca94239c764365049f4640d6d00c682eea2843
textures/flatlist/_win/s091a_111wall01.bmp_7518a7d7e3f0e37d51188d33da58c99a.ctxr,textures/flatlist/_win,s091a_111wall01.bmp_7518a7d7e3f0e37d51188d33da58c99a.ctxr,s091a_111wall01.bmp_7518a7d7e3f0e37d51188d33da58c99a,ctxr,27648,b0f89f414fcb3e68e8d6b341e6b9e3d98a256ce1
textures/flatlist/_win/s091a_111wall02.bmp.ctxr,textures/flatlist/_win,s091a_111wall02.bmp.ctxr,s091a_111wall02.bmp,ctxr,27648,38b762da078d9378ff692d4d8586a51f17e84297
textures/flatlist/_win/s091a_112awindow00.bmp.ctxr,textures/flatlist/_win,s091a_112awindow00.bmp.ctxr,s091a_112awindow00.bmp,ctxr,16704,7b261a69f5fb20d82cfd86a80021b311c5c40156
textures/flatlist/_win/s091a_112awindow00b.bmp.ctxr,textures/flatlist/_win,s091a_112awindow00b.bmp.ctxr,s091a_112awindow00b.bmp,ctxr,16704,181fcfcc153846d8c8f0abb30044ed3e08ad68bf
textures/flatlist/_win/s091a_112awindow02_alp_ovl.bmp.ctxr,textures/flatlist/_win,s091a_112awindow02_alp_ovl.bmp.ctxr,s091a_112awindow02_alp_ovl.bmp,ctxr,37152,7f06233f948194a4b795e46cc42f8038c37fbf37
textures/flatlist/_win/s091a_121gate00.bmp.ctxr,textures/flatlist/_win,s091a_121gate00.bmp.ctxr,s091a_121gate00.bmp,ctxr,14016,10c1e9d1edf4590b8239dddc784cd2a1a14382bd
textures/flatlist/_win/s091a_121gatedoor00.bmp.ctxr,textures/flatlist/_win,s091a_121gatedoor00.bmp.ctxr,s091a_121gatedoor00.bmp,ctxr,1398528,241fd5de4200725eae909d8f58b4ddf2b34dc608
textures/flatlist/_win/s091a_121gatedoor00_16.bmp.ctxr,textures/flatlist/_win,s091a_121gatedoor00_16.bmp.ctxr,s091a_121gatedoor00_16.bmp,ctxr,136864,cd5f723390d2212cd3c6c93b2950033e4975d4aa
textures/flatlist/_win/s091a_121gatedoor01.bmp.ctxr,textures/flatlist/_win,s091a_121gatedoor01.bmp.ctxr,s091a_121gatedoor01.bmp,ctxr,14016,0a027a0770ceaf7d27160ad639696c5e7f00c53c
textures/flatlist/_win/s091a_121gatedoor01_16.bmp.ctxr,textures/flatlist/_win,s091a_121gatedoor01_16.bmp.ctxr,s091a_121gatedoor01_16.bmp,ctxr,14016,f9266f999c292691c43d0908bab4a209f46a920c
textures/flatlist/_win/s091a_121gatefl00.bmp.ctxr,textures/flatlist/_win,s091a_121gatefl00.bmp.ctxr,s091a_121gatefl00.bmp,ctxr,41312,afa638fbcf371b7449511582147b866434e16a14
textures/flatlist/_win/s091a_121wall00.bmp.ctxr,textures/flatlist/_win,s091a_121wall00.bmp.ctxr,s091a_121wall00.bmp,ctxr,14656,2e14d3507161cbaaf9ac3d8f9040f61f840d27e1
textures/flatlist/_win/s091a_121wall00.bmp_c7b971f7f45fdf2691fd9cfb9214e328.ctxr,textures/flatlist/_win,s091a_121wall00.bmp_c7b971f7f45fdf2691fd9cfb9214e328.ctxr,s091a_121wall00.bmp_c7b971f7f45fdf2691fd9cfb9214e328,ctxr,349952,4b6b22985ac8db0d0e36265b21ec6d1bc8292f16
textures/flatlist/_win/s091a_121wall01.bmp.ctxr,textures/flatlist/_win,s091a_121wall01.bmp.ctxr,s091a_121wall01.bmp,ctxr,12608,7ec1199a20ce202632d27600d9bb14bf1d7feda5
textures/flatlist/_win/s091a_121wall01.bmp_bd083f7623474b419049cf7a61f6cb8b.ctxr,textures/flatlist/_win,s091a_121wall01.bmp_bd083f7623474b419049cf7a61f6cb8b.ctxr,s091a_121wall01.bmp_bd083f7623474b419049cf7a61f6cb8b,ctxr,49504,3dd95240169b93fc1fd304146ab724cdc597a07f
textures/flatlist/_win/s091a_121wall01b.bmp.ctxr,textures/flatlist/_win,s091a_121wall01b.bmp.ctxr,s091a_121wall01b.bmp,ctxr,9504,c865243a7a7f81e8cb12c272b67cf94fec75e2cc
textures/flatlist/_win/s091a_121wall01b.bmp_73a6d7716b53dac297f38e48b5d12157.ctxr,textures/flatlist/_win,s091a_121wall01b.bmp_73a6d7716b53dac297f38e48b5d12157.ctxr,s091a_121wall01b.bmp_73a6d7716b53dac297f38e48b5d12157,ctxr,37184,5d196dcc79722ce8765c34a8e1beed4d454d9198
textures/flatlist/_win/s091a_121wall02.bmp.ctxr,textures/flatlist/_win,s091a_121wall02.bmp.ctxr,s091a_121wall02.bmp,ctxr,30368,7e9e03950398540fbfc53e3a94c0c9220ff34283
textures/flatlist/_win/s091a_121wall02.bmp_ead051107076221ed90b17bd5f77abd2.ctxr,textures/flatlist/_win,s091a_121wall02.bmp_ead051107076221ed90b17bd5f77abd2.ctxr,s091a_121wall02.bmp_ead051107076221ed90b17bd5f77abd2,ctxr,80192,20b2540142312b7bdb1b99fa86e5c3e0824d2451
textures/flatlist/_win/s091a_armory_rackdoor.bmp.ctxr,textures/flatlist/_win,s091a_armory_rackdoor.bmp.ctxr,s091a_armory_rackdoor.bmp,ctxr,44064,7f046ad103bcd780c57d8da33f4e7a31b6c503cc
textures/flatlist/_win/s091a_baria.bmp.ctxr,textures/flatlist/_win,s091a_baria.bmp.ctxr,s091a_baria.bmp,ctxr,11296,e36254f242291e2dc585315e20c849dad6092f12
textures/flatlist/_win/s091a_barib.bmp.ctxr,textures/flatlist/_win,s091a_barib.bmp.ctxr,s091a_barib.bmp,ctxr,4928,65cd52054ef08d819b3ba63844152f842ab69a03
textures/flatlist/_win/s091a_baric.bmp.ctxr,textures/flatlist/_win,s091a_baric.bmp.ctxr,s091a_baric.bmp,ctxr,4928,808deda375af572e0e4d8150dc30d130d9f774b5
textures/flatlist/_win/s091a_baric.bmp_75179bc30bcf1226d4f65aa9e663e93f.ctxr,textures/flatlist/_win,s091a_baric.bmp_75179bc30bcf1226d4f65aa9e663e93f.ctxr,s091a_baric.bmp_75179bc30bcf1226d4f65aa9e663e93f,ctxr,4928,303c88639c130c49651b389f5e27f83dc0db6c0d
textures/flatlist/_win/s091a_bgpipec.bmp.ctxr,textures/flatlist/_win,s091a_bgpipec.bmp.ctxr,s091a_bgpipec.bmp,ctxr,1952,ad0382c53dd8312ec29e051619b7b24296364188
textures/flatlist/_win/s091a_bgwall00_alp_ovl.bmp.ctxr,textures/flatlist/_win,s091a_bgwall00_alp_ovl.bmp.ctxr,s091a_bgwall00_alp_ovl.bmp,ctxr,16704,8f97ebfcdf1ba6a61a82f41f8d53632085792fac
textures/flatlist/_win/s091a_box01a.bmp.ctxr,textures/flatlist/_win,s091a_box01a.bmp.ctxr,s091a_box01a.bmp,ctxr,49472,5b02ee9bf219ebb38cbc4e766eabd6b6dd1a4254
textures/flatlist/_win/s091a_brcbox01.bmp.ctxr,textures/flatlist/_win,s091a_brcbox01.bmp.ctxr,s091a_brcbox01.bmp,ctxr,15776,78b893ef7a8932d0133d5ff39de3c616553b3ec5
textures/flatlist/_win/s091a_brcbox02.bmp.ctxr,textures/flatlist/_win,s091a_brcbox02.bmp.ctxr,s091a_brcbox02.bmp,ctxr,12448,14d914009b45b5d023ed0cfbac0d3441b239ea7f
textures/flatlist/_win/s091a_brcbox03.bmp.ctxr,textures/flatlist/_win,s091a_brcbox03.bmp.ctxr,s091a_brcbox03.bmp,ctxr,13408,e6a16ca098bbb6bf63bbf8208da649e90a594dfb
textures/flatlist/_win/s091a_brflr.bmp.ctxr,textures/flatlist/_win,s091a_brflr.bmp.ctxr,s091a_brflr.bmp,ctxr,27136,ce4a7431c2f3dfdf26e489430e283f1e984937b7
textures/flatlist/_win/s091a_brsbox01.bmp.ctxr,textures/flatlist/_win,s091a_brsbox01.bmp.ctxr,s091a_brsbox01.bmp,ctxr,7776,1536909826ccd3ee7255e12b505b2c9cd96ce0a5
textures/flatlist/_win/s091a_brsbox02.bmp.ctxr,textures/flatlist/_win,s091a_brsbox02.bmp.ctxr,s091a_brsbox02.bmp,ctxr,5760,9901507cbc1a2af559b82780342d5c1f1e427e6a
textures/flatlist/_win/s091a_brsbox03.bmp.ctxr,textures/flatlist/_win,s091a_brsbox03.bmp.ctxr,s091a_brsbox03.bmp,ctxr,7104,798f090b5998cd9b09b784315d992a35929ed091
textures/flatlist/_win/s091a_bwlightb_add_alp_ovl.bmp.ctxr,textures/flatlist/_win,s091a_bwlightb_add_alp_ovl.bmp.ctxr,s091a_bwlightb_add_alp_ovl.bmp,ctxr,4384,6b825bbc7abcc7294c4f793ca368d7974f2dc6ac
textures/flatlist/_win/s091a_bwlightd_alp_ovl.bmp.ctxr,textures/flatlist/_win,s091a_bwlightd_alp_ovl.bmp.ctxr,s091a_bwlightd_alp_ovl.bmp,ctxr,1664,6e8e95d62a0abc432d4facf3588667d1d0503f96
textures/flatlist/_win/s091a_bwswitcha_alp_ovl.bmp.ctxr,textures/flatlist/_win,s091a_bwswitcha_alp_ovl.bmp.ctxr,s091a_bwswitcha_alp_ovl.bmp,ctxr,2304,55bcf3bd269f3c95ef741c6123f93ddf20bd686f
textures/flatlist/_win/s091a_bwwallb.bmp.ctxr,textures/flatlist/_win,s091a_bwwallb.bmp.ctxr,s091a_bwwallb.bmp,ctxr,7808,555dc4def22cee4c58e9e2532540647b2bd44a45
textures/flatlist/_win/s091a_bwwalle.bmp.ctxr,textures/flatlist/_win,s091a_bwwalle.bmp.ctxr,s091a_bwwalle.bmp,ctxr,14016,9aaf43417778cc6f3aa5789a626be9ae673d3f1c
textures/flatlist/_win/s091a_bwwindowa_alp_ovl.bmp.ctxr,textures/flatlist/_win,s091a_bwwindowa_alp_ovl.bmp.ctxr,s091a_bwwindowa_alp_ovl.bmp,ctxr,38528,8ab8d0dbae69b6ec4c08ec8eb8c9de32a710dc02
textures/flatlist/_win/s091a_cautiona_alp_ovl.bmp.ctxr,textures/flatlist/_win,s091a_cautiona_alp_ovl.bmp.ctxr,s091a_cautiona_alp_ovl.bmp,ctxr,8480,fac8a6c59020c8831241231a6199d0e77a0d164d
textures/flatlist/_win/s091a_conta02.bmp.ctxr,textures/flatlist/_win,s091a_conta02.bmp.ctxr,s091a_conta02.bmp,ctxr,87744,fe40bb2cdbf2149ac5f05ba26e24e1d8143c5a64
textures/flatlist/_win/s091a_conta03.bmp.ctxr,textures/flatlist/_win,s091a_conta03.bmp.ctxr,s091a_conta03.bmp,ctxr,87744,fc5acd2e8974d42a685e45c260390c4823a9590f
textures/flatlist/_win/s091a_door00.bmp.ctxr,textures/flatlist/_win,s091a_door00.bmp.ctxr,s091a_door00.bmp,ctxr,39904,64883c247dd22a2320cb7f4ec1caf8b3b6856b43
textures/flatlist/_win/s091a_door01.bmp.ctxr,textures/flatlist/_win,s091a_door01.bmp.ctxr,s091a_door01.bmp,ctxr,175168,efd753ba7602c96f6e285b435b075ff678e32e6f
textures/flatlist/_win/s091a_door01a.bmp.ctxr,textures/flatlist/_win,s091a_door01a.bmp.ctxr,s091a_door01a.bmp,ctxr,5248,10d702eec62b2a5e0f3b8c3b8efbb6a2f4402ea2
textures/flatlist/_win/s091a_drfl00.bmp.ctxr,textures/flatlist/_win,s091a_drfl00.bmp.ctxr,s091a_drfl00.bmp,ctxr,6464,8d2101f25aca2ef8b1825bf9411829c0721a1e52
textures/flatlist/_win/s091a_drfl00a.bmp.ctxr,textures/flatlist/_win,s091a_drfl00a.bmp.ctxr,s091a_drfl00a.bmp,ctxr,6464,dbfb09df6991b69e3fb3ec76a2d0eccb06fbc587
textures/flatlist/_win/s091a_drwall00.bmp.ctxr,textures/flatlist/_win,s091a_drwall00.bmp.ctxr,s091a_drwall00.bmp,ctxr,10560,6394229d4af27f76d44aae94f36d6a688739399a
textures/flatlist/_win/s091a_drwall00.bmp_1ea1f469ccdb106b6de793b09f4ef4b5.ctxr,textures/flatlist/_win,s091a_drwall00.bmp_1ea1f469ccdb106b6de793b09f4ef4b5.ctxr,s091a_drwall00.bmp_1ea1f469ccdb106b6de793b09f4ef4b5,ctxr,7136,911babb8fb8ddcf4e6be0479520e5f22c0f00b66
textures/flatlist/_win/s091a_endoor00.bmp.ctxr,textures/flatlist/_win,s091a_endoor00.bmp.ctxr,s091a_endoor00.bmp,ctxr,109568,8f28d46c515052fbf11c5643368c9dee94959afb
textures/flatlist/_win/s091a_enfl00.bmp.ctxr,textures/flatlist/_win,s091a_enfl00.bmp.ctxr,s091a_enfl00.bmp,ctxr,82240,c57eac540bfffea29f92dd1c634f6eb0fb8b8514
textures/flatlist/_win/s091a_entsdw00_alp_ovl.bmp.ctxr,textures/flatlist/_win,s091a_entsdw00_alp_ovl.bmp.ctxr,s091a_entsdw00_alp_ovl.bmp,ctxr,8480,1542b335d1c65fa36f9d0023dce7c8bff05072f5
textures/flatlist/_win/s091a_entsdw01_alp_ovl.bmp.ctxr,textures/flatlist/_win,s091a_entsdw01_alp_ovl.bmp.ctxr,s091a_entsdw01_alp_ovl.bmp,ctxr,4384,ae6f988d016d513fbd42181d8e8550ea1b55fa0b
textures/flatlist/_win/s091a_entwall00_rep.bmp_622cb6f0293ae2d2015fed236dd3bb55.ctxr,textures/flatlist/_win,s091a_entwall00_rep.bmp_622cb6f0293ae2d2015fed236dd3bb55.ctxr,s091a_entwall00_rep.bmp_622cb6f0293ae2d2015fed236dd3bb55,ctxr,349920,2ae13d54ef713763e978ca9c1eb2f3909d16bba5
textures/flatlist/_win/s091a_fence2_01.bmp.ctxr,textures/flatlist/_win,s091a_fence2_01.bmp.ctxr,s091a_fence2_01.bmp,ctxr,44064,25f3124b0a0b5a17f6b47c4bdd44e637f6d5e8ca
textures/flatlist/_win/s091a_fence3_00.bmp.ctxr,textures/flatlist/_win,s091a_fence3_00.bmp.ctxr,s091a_fence3_00.bmp,ctxr,44096,054bb58a9dd790436dc8f7b56b7bda37d692568d
textures/flatlist/_win/s091a_fence3_01.bmp.ctxr,textures/flatlist/_win,s091a_fence3_01.bmp.ctxr,s091a_fence3_01.bmp,ctxr,44096,5a0c03033e3f2cea08656bae9bc18726cec9945a
textures/flatlist/_win/s091a_fencebar00.bmp.ctxr,textures/flatlist/_win,s091a_fencebar00.bmp.ctxr,s091a_fencebar00.bmp,ctxr,33120,30dda67e6d942f92496836d5a218760f91012643
textures/flatlist/_win/s091a_fencedoor00_alp_ovl.bmp.ctxr,textures/flatlist/_win,s091a_fencedoor00_alp_ovl.bmp.ctxr,s091a_fencedoor00_alp_ovl.bmp,ctxr,20768,ef58f18527f26439c7273531a5b434c54fed2905
textures/flatlist/_win/s091a_fkwalla.bmp.ctxr,textures/flatlist/_win,s091a_fkwalla.bmp.ctxr,s091a_fkwalla.bmp,ctxr,44064,bff0ab4e2162e60fd644811830a9563fecc3bc1e
textures/flatlist/_win/s091a_fl05b3_alp_ovl.bmp.ctxr,textures/flatlist/_win,s091a_fl05b3_alp_ovl.bmp.ctxr,s091a_fl05b3_alp_ovl.bmp,ctxr,16704,a4ef7ae8ddbc0b2bd94c52ab91698b743631b12c
textures/flatlist/_win/s091a_fl06a.bmp.ctxr,textures/flatlist/_win,s091a_fl06a.bmp.ctxr,s091a_fl06a.bmp,ctxr,349920,550e3f018a81fee7a862f28ef2bbf0ec42554fd7
textures/flatlist/_win/s091a_fl06a.bmp_1e2e303519a983d580d1c764078bb593.ctxr,textures/flatlist/_win,s091a_fl06a.bmp_1e2e303519a983d580d1c764078bb593.ctxr,s091a_fl06a.bmp_1e2e303519a983d580d1c764078bb593,ctxr,7776,aa63060895e7685e63efd0fe9cb3415b7ee134ab
textures/flatlist/_win/s091a_flpnl00_alp_ovl.bmp.ctxr,textures/flatlist/_win,s091a_flpnl00_alp_ovl.bmp.ctxr,s091a_flpnl00_alp_ovl.bmp,ctxr,16704,3d99bc9c6fbdd4b952274a18772ccb03a3c5e960
textures/flatlist/_win/s091a_flpnl01_alp_ovl.bmp.ctxr,textures/flatlist/_win,s091a_flpnl01_alp_ovl.bmp.ctxr,s091a_flpnl01_alp_ovl.bmp,ctxr,16704,f37b300a011840a49dff0f8e1fe2a5faebbd54f1
textures/flatlist/_win/s091a_flpnl01_alp_ovl.bmp_34fe3d49df8e7d0f082189def61b07ee.ctxr,textures/flatlist/_win,s091a_flpnl01_alp_ovl.bmp_34fe3d49df8e7d0f082189def61b07ee.ctxr,s091a_flpnl01_alp_ovl.bmp_34fe3d49df8e7d0f082189def61b07ee,ctxr,16704,916345e312efd0089eb7eed8e8673cb924b1a07c
textures/flatlist/_win/s091a_flpnl03_alp_ovl.bmp.ctxr,textures/flatlist/_win,s091a_flpnl03_alp_ovl.bmp.ctxr,s091a_flpnl03_alp_ovl.bmp,ctxr,65888,dd0d921a2d69e0c7b854a25aee065c4e844e03c4
textures/flatlist/_win/s091a_flpnl03_alp_ovl.bmp_94bdc7117b3a57423026f1c0e32084c8.ctxr,textures/flatlist/_win,s091a_flpnl03_alp_ovl.bmp_94bdc7117b3a57423026f1c0e32084c8.ctxr,s091a_flpnl03_alp_ovl.bmp_94bdc7117b3a57423026f1c0e32084c8,ctxr,65888,eef62c0ee8b3fe96dd965a1fa07c38e7f33d74ae
textures/flatlist/_win/s091a_flrusty00_alp_ovl.bmp.ctxr,textures/flatlist/_win,s091a_flrusty00_alp_ovl.bmp.ctxr,s091a_flrusty00_alp_ovl.bmp,ctxr,16704,8a98f4c19f12792c208b70308b78bab66a5393db
textures/flatlist/_win/s091a_flrusty01.bmp.ctxr,textures/flatlist/_win,s091a_flrusty01.bmp.ctxr,s091a_flrusty01.bmp,ctxr,175168,b2c0e5f1962c52814a29b89600d318bcf82cef1a
textures/flatlist/_win/s091a_framea_alp_ovl.bmp.ctxr,textures/flatlist/_win,s091a_framea_alp_ovl.bmp.ctxr,s091a_framea_alp_ovl.bmp,ctxr,60416,f6ba298964a12fefb6c46e1fbc7923bc7537e767
textures/flatlist/_win/s091a_frameb_alp_ovl.bmp.ctxr,textures/flatlist/_win,s091a_frameb_alp_ovl.bmp.ctxr,s091a_frameb_alp_ovl.bmp,ctxr,59040,1202e082d327283559f6f94a4447bb205240215a
textures/flatlist/_win/s091a_fwinlighta_decal_add_alp_ovl.bmp.ctxr,textures/flatlist/_win,s091a_fwinlighta_decal_add_alp_ovl.bmp.ctxr,s091a_fwinlighta_decal_add_alp_ovl.bmp,ctxr,8512,855f009daa56b5dbccc96cdb7b8fcda46f457b06
textures/flatlist/_win/s091a_gate00.bmp.ctxr,textures/flatlist/_win,s091a_gate00.bmp.ctxr,s091a_gate00.bmp,ctxr,349952,55fa8465dbc5bace31796881e3fa55bbb74f7e3f
textures/flatlist/_win/s091a_gate01.bmp.ctxr,textures/flatlist/_win,s091a_gate01.bmp.ctxr,s091a_gate01.bmp,ctxr,33120,a38c84ae4aa4dcd6c443e9d17d3d20bd973de24c
textures/flatlist/_win/s091a_gate02.bmp_fa5391ce648a972ea7f35d91860dbd62.ctxr,textures/flatlist/_win,s091a_gate02.bmp_fa5391ce648a972ea7f35d91860dbd62.ctxr,s091a_gate02.bmp_fa5391ce648a972ea7f35d91860dbd62,ctxr,44096,d05c6331d8d9d2fd75a7ddbbd6a6797245c6fb78
textures/flatlist/_win/s091a_gate03.bmp_1b946272daea4aab1b64c367e527fed8.ctxr,textures/flatlist/_win,s091a_gate03.bmp_1b946272daea4aab1b64c367e527fed8.ctxr,s091a_gate03.bmp_1b946272daea4aab1b64c367e527fed8,ctxr,44096,ba994434793607b8bb10bc4e323fa3318d8a78c9
textures/flatlist/_win/s091a_gate04.bmp.ctxr,textures/flatlist/_win,s091a_gate04.bmp.ctxr,s091a_gate04.bmp,ctxr,44096,3ed86f9a998f16c3bd3427bfe7f5fe13a1609180
textures/flatlist/_win/s091a_gate05.bmp.ctxr,textures/flatlist/_win,s091a_gate05.bmp.ctxr,s091a_gate05.bmp,ctxr,44096,3d9260f88fbc8c4fb317499ba580b23ed5ffe402
textures/flatlist/_win/s091a_haidena01.bmp.ctxr,textures/flatlist/_win,s091a_haidena01.bmp.ctxr,s091a_haidena01.bmp,ctxr,87744,24be679bda36ceba500a4c9b1c4c75801b570937
textures/flatlist/_win/s091a_haidena02.bmp.ctxr,textures/flatlist/_win,s091a_haidena02.bmp.ctxr,s091a_haidena02.bmp,ctxr,7424,0c0b107a7e8b385a67490a682b6e1630322b22d7
textures/flatlist/_win/s091a_haidena03.bmp.ctxr,textures/flatlist/_win,s091a_haidena03.bmp.ctxr,s091a_haidena03.bmp,ctxr,6432,e8cff3014119338297c19a1b8db92da5f8646c5b
textures/flatlist/_win/s091a_haidenb01.bmp.ctxr,textures/flatlist/_win,s091a_haidenb01.bmp.ctxr,s091a_haidenb01.bmp,ctxr,87744,58f63536f76f3fd161b6b51bb5473623196f4b0b
textures/flatlist/_win/s091a_haidenc01.bmp.ctxr,textures/flatlist/_win,s091a_haidenc01.bmp.ctxr,s091a_haidenc01.bmp,ctxr,44064,3ba8536d72972a3055eaff3abac80795eb9dc0ae
textures/flatlist/_win/s091a_haidenc02.bmp.ctxr,textures/flatlist/_win,s091a_haidenc02.bmp.ctxr,s091a_haidenc02.bmp,ctxr,4384,e467cb598e4b4181e2218b8dfe85ab8ff291c66c
textures/flatlist/_win/s091a_haideny.bmp.ctxr,textures/flatlist/_win,s091a_haideny.bmp.ctxr,s091a_haideny.bmp,ctxr,44064,b67fd1e0cfd1b077d21552e3ddd554e3206d3518
textures/flatlist/_win/s091a_hangar_doors.bmp.ctxr,textures/flatlist/_win,s091a_hangar_doors.bmp.ctxr,s091a_hangar_doors.bmp,ctxr,16736,f99106c0f2ec8fe3d685bf88f443e7d7d3adfe8e
textures/flatlist/_win/s091a_hangar_rooft.bmp.ctxr,textures/flatlist/_win,s091a_hangar_rooft.bmp.ctxr,s091a_hangar_rooft.bmp,ctxr,4384,b4d3c51639b58ed10c98801cddacf445b6db57b1
textures/flatlist/_win/s091a_hangb.bmp.ctxr,textures/flatlist/_win,s091a_hangb.bmp.ctxr,s091a_hangb.bmp,ctxr,44096,974ef51ef9b88acf5f11bfe4421200fd97de90ef
textures/flatlist/_win/s091a_hangc.bmp.ctxr,textures/flatlist/_win,s091a_hangc.bmp.ctxr,s091a_hangc.bmp,ctxr,22208,8bfe5a51c77308487da4c2dd334fed787f31fd0d
textures/flatlist/_win/s091a_hangd.bmp.ctxr,textures/flatlist/_win,s091a_hangd.bmp.ctxr,s091a_hangd.bmp,ctxr,2848,4f2b5f85d7444a36b1f04c0bca8c1b3224e6b64f
textures/flatlist/_win/s091a_hangwin.bmp.ctxr,textures/flatlist/_win,s091a_hangwin.bmp.ctxr,s091a_hangwin.bmp,ctxr,349952,575f72ea49ae1034b9c2dab4382f0c05eecf9589
textures/flatlist/_win/s091a_holea_alp_ovl.bmp.ctxr,textures/flatlist/_win,s091a_holea_alp_ovl.bmp.ctxr,s091a_holea_alp_ovl.bmp,ctxr,16704,5141d7f873103beead9074a171840f5f23fb61ab
textures/flatlist/_win/s091a_hut01.bmp.ctxr,textures/flatlist/_win,s091a_hut01.bmp.ctxr,s091a_hut01.bmp,ctxr,349920,279fb091e88dd273cabc4ade331ca6bc7e1e7758
textures/flatlist/_win/s091a_hutdoora.bmp.ctxr,textures/flatlist/_win,s091a_hutdoora.bmp.ctxr,s091a_hutdoora.bmp,ctxr,15648,3874b23aedf5671f7c29f79e290f13336eaccc66
textures/flatlist/_win/s091a_hutdoora.bmp_d11345f0c0eee967839f7adabb6d7653.ctxr,textures/flatlist/_win,s091a_hutdoora.bmp_d11345f0c0eee967839f7adabb6d7653.ctxr,s091a_hutdoora.bmp_d11345f0c0eee967839f7adabb6d7653,ctxr,175168,c2f32e2149c0d5414dc57f38d659cd98f266c63c
textures/flatlist/_win/s091a_hutdoora.bmp_fdb9ebf4a970eb05c836fb84b918f86b.ctxr,textures/flatlist/_win,s091a_hutdoora.bmp_fdb9ebf4a970eb05c836fb84b918f86b.ctxr,s091a_hutdoora.bmp_fdb9ebf4a970eb05c836fb84b918f86b,ctxr,15648,ac5fd0aec28bd182cd5ed740da95143bc47d48c1
textures/flatlist/_win/s091a_irona.bmp.ctxr,textures/flatlist/_win,s091a_irona.bmp.ctxr,s091a_irona.bmp,ctxr,87808,d5119046aaf4b5a228a6c46bcf20bc3f5f727b9e
textures/flatlist/_win/s091a_ironb.bmp.ctxr,textures/flatlist/_win,s091a_ironb.bmp.ctxr,s091a_ironb.bmp,ctxr,49472,2a477eaec389718c7b81546a1f22c0290bd7d482
textures/flatlist/_win/s091a_ironc.bmp.ctxr,textures/flatlist/_win,s091a_ironc.bmp.ctxr,s091a_ironc.bmp,ctxr,22208,83050635bd9f29dc2408060946951ce88c6614b7
textures/flatlist/_win/s091a_irond.bmp.ctxr,textures/flatlist/_win,s091a_irond.bmp.ctxr,s091a_irond.bmp,ctxr,14624,3e5cd2e6578dc70d180515f9e1d935e443b3f0a0
textures/flatlist/_win/s091a_irone.bmp.ctxr,textures/flatlist/_win,s091a_irone.bmp.ctxr,s091a_irone.bmp,ctxr,44096,c429c1e1735d7655b468ad3b8984ad200f3c79fb
textures/flatlist/_win/s091a_ironparts00a_alp_ovl.bmp.ctxr,textures/flatlist/_win,s091a_ironparts00a_alp_ovl.bmp.ctxr,s091a_ironparts00a_alp_ovl.bmp,ctxr,4384,8e50f6e0d0463fe5f59e0d746b28e557e9b37666
textures/flatlist/_win/s091a_kanbana.bmp.ctxr,textures/flatlist/_win,s091a_kanbana.bmp.ctxr,s091a_kanbana.bmp,ctxr,87744,770fa519b526294b775ea795759aada6f71c65be
textures/flatlist/_win/s091a_kanbanaura.bmp.ctxr,textures/flatlist/_win,s091a_kanbanaura.bmp.ctxr,s091a_kanbanaura.bmp,ctxr,10528,ed67aea5133b1ec788a8b5ca850d71202cb59343
textures/flatlist/_win/s091a_kanbanb.bmp.ctxr,textures/flatlist/_win,s091a_kanbanb.bmp.ctxr,s091a_kanbanb.bmp,ctxr,16000,0eca092cfe4f08a6ebf3346c2beace2220e11aff
textures/flatlist/_win/s091a_kanbanbura.bmp.ctxr,textures/flatlist/_win,s091a_kanbanbura.bmp.ctxr,s091a_kanbanbura.bmp,ctxr,16000,34ec769e912ffa08e06cf4bfb7503ef441906903
textures/flatlist/_win/s091a_kanbanla.bmp.ctxr,textures/flatlist/_win,s091a_kanbanla.bmp.ctxr,s091a_kanbanla.bmp,ctxr,1312,42dc57f71a177630fb245ac7d5d67def7693bf3a
textures/flatlist/_win/s091a_kanbanla.bmp_9dc09602b8e893d63be816928059af13.ctxr,textures/flatlist/_win,s091a_kanbanla.bmp_9dc09602b8e893d63be816928059af13.ctxr,s091a_kanbanla.bmp_9dc09602b8e893d63be816928059af13,ctxr,1312,1c7188ecdab28bfc4ee1e3dfa7a195f713066435
textures/flatlist/_win/s091a_kanbanpu.bmp.ctxr,textures/flatlist/_win,s091a_kanbanpu.bmp.ctxr,s091a_kanbanpu.bmp,ctxr,6464,2b90909f5cc9babd9043298a9041044be6e0dde7
textures/flatlist/_win/s091a_kanbanpu.bmp_59d37e74158a265fa8c4f85b2b6de697.ctxr,textures/flatlist/_win,s091a_kanbanpu.bmp_59d37e74158a265fa8c4f85b2b6de697.ctxr,s091a_kanbanpu.bmp_59d37e74158a265fa8c4f85b2b6de697,ctxr,6464,209a722217d24df13805704ca5101338dc0704a0
textures/flatlist/_win/s091a_lighta.bmp.ctxr,textures/flatlist/_win,s091a_lighta.bmp.ctxr,s091a_lighta.bmp,ctxr,4384,b52c9356ef763f23cf078a5830df14364237aa4e
textures/flatlist/_win/s091a_lighta2.bmp.ctxr,textures/flatlist/_win,s091a_lighta2.bmp.ctxr,s091a_lighta2.bmp,ctxr,22176,33b719e6a28adab664dedf750eceabf3d47999fb
textures/flatlist/_win/s091a_line02_alp_ovl.bmp.ctxr,textures/flatlist/_win,s091a_line02_alp_ovl.bmp.ctxr,s091a_line02_alp_ovl.bmp,ctxr,12576,afb0dc90f6c3e74e3da992037f737d775130918c
textures/flatlist/_win/s091a_lit1_add_alp_ovl.bmp.ctxr,textures/flatlist/_win,s091a_lit1_add_alp_ovl.bmp.ctxr,s091a_lit1_add_alp_ovl.bmp,ctxr,4384,f3ed9fc6465b7ab573db95185ce9040c3fe64cd3
textures/flatlist/_win/s091a_mach04a.bmp.ctxr,textures/flatlist/_win,s091a_mach04a.bmp.ctxr,s091a_mach04a.bmp,ctxr,17376,1e1e73b3d10dc2de8e75b6cdc9c8b6b6b19c9260
textures/flatlist/_win/s091a_manhole00.bmp.ctxr,textures/flatlist/_win,s091a_manhole00.bmp.ctxr,s091a_manhole00.bmp,ctxr,87744,700f3f967ac9fad601e64c87da214b5b16f19c8d
textures/flatlist/_win/s091a_manhole01a.bmp.ctxr,textures/flatlist/_win,s091a_manhole01a.bmp.ctxr,s091a_manhole01a.bmp,ctxr,87744,b75a055812f551350720fe8dbac2b3ae4a7e7d3a
textures/flatlist/_win/s091a_mark00_alp_ovl.bmp.ctxr,textures/flatlist/_win,s091a_mark00_alp_ovl.bmp.ctxr,s091a_mark00_alp_ovl.bmp,ctxr,6432,a12bfd7463419e8b1da76e1dfae89d22b134c863
textures/flatlist/_win/s091a_mata1.bmp.ctxr,textures/flatlist/_win,s091a_mata1.bmp.ctxr,s091a_mata1.bmp,ctxr,175200,d721f3a8a48c65da4a0f3b76016137fc38be6457
textures/flatlist/_win/s091a_mata2.bmp.ctxr,textures/flatlist/_win,s091a_mata2.bmp.ctxr,s091a_mata2.bmp,ctxr,87808,dba6407c0612daf2e1f506acbdb5a714e944c7bb
textures/flatlist/_win/s091a_mog_door_02.bmp.ctxr,textures/flatlist/_win,s091a_mog_door_02.bmp.ctxr,s091a_mog_door_02.bmp,ctxr,54976,4028316920b7a6e7e103e91f5f9367bf17453bd6
textures/flatlist/_win/s091a_mog_roof_rep_01.bmp_f4b772bfb171739bee5668666faa19c4.ctxr,textures/flatlist/_win,s091a_mog_roof_rep_01.bmp_f4b772bfb171739bee5668666faa19c4.ctxr,s091a_mog_roof_rep_01.bmp_f4b772bfb171739bee5668666faa19c4,ctxr,87776,5565639291ca401ade48c126f09e0f8d91b1cd32
textures/flatlist/_win/s091a_mog_window.bmp.ctxr,textures/flatlist/_win,s091a_mog_window.bmp.ctxr,s091a_mog_window.bmp,ctxr,8512,d4e0afd98fc533175b00ab879dc5fa2c36054c0e
textures/flatlist/_win/s091a_objbox00.bmp.ctxr,textures/flatlist/_win,s091a_objbox00.bmp.ctxr,s091a_objbox00.bmp,ctxr,8480,279aa4b6cb33c27ac5b748f8f32c4d3bf0f1a829
textures/flatlist/_win/s091a_objbox01.bmp.ctxr,textures/flatlist/_win,s091a_objbox01.bmp.ctxr,s091a_objbox01.bmp,ctxr,44064,62d5c7e78e1ea2b2e2f0ff2aa63e716895291f31
textures/flatlist/_win/s091a_objdct00.bmp.ctxr,textures/flatlist/_win,s091a_objdct00.bmp.ctxr,s091a_objdct00.bmp,ctxr,4384,62a7c2a4878f1572eef850d480e45ba796103ff9
textures/flatlist/_win/s091a_objdct01.bmp.ctxr,textures/flatlist/_win,s091a_objdct01.bmp.ctxr,s091a_objdct01.bmp,ctxr,4384,1b65e45e13743c57c9760841ca45faadd52021a8
textures/flatlist/_win/s091a_objdct02.bmp.ctxr,textures/flatlist/_win,s091a_objdct02.bmp.ctxr,s091a_objdct02.bmp,ctxr,4384,77a8ade0f691b478325bf884d632b84afa18654b
textures/flatlist/_win/s091a_pipe00a_rep.bmp.ctxr,textures/flatlist/_win,s091a_pipe00a_rep.bmp.ctxr,s091a_pipe00a_rep.bmp,ctxr,44064,18414252b6853ce2fef45aeb1d2183847c6e00bb
textures/flatlist/_win/s091a_pipe01.bmp.ctxr,textures/flatlist/_win,s091a_pipe01.bmp.ctxr,s091a_pipe01.bmp,ctxr,22176,4547c4772ed12449fc43a181b4b6cda5e01398a2
textures/flatlist/_win/s091a_pipeb.bmp.ctxr,textures/flatlist/_win,s091a_pipeb.bmp.ctxr,s091a_pipeb.bmp,ctxr,55616,2008780e2fb305bde99fc96a0a7f3048de6e26a4
textures/flatlist/_win/s091a_pipec.bmp.ctxr,textures/flatlist/_win,s091a_pipec.bmp.ctxr,s091a_pipec.bmp,ctxr,65920,50513709927ee12261dbf3680ebfb6950645aaec
textures/flatlist/_win/s091a_pnl00.bmp.ctxr,textures/flatlist/_win,s091a_pnl00.bmp.ctxr,s091a_pnl00.bmp,ctxr,4384,e9e611eec4503fc46d4f20cdde0a81f95adbc572
textures/flatlist/_win/s091a_pnl01_alp_ovl.bmp.ctxr,textures/flatlist/_win,s091a_pnl01_alp_ovl.bmp.ctxr,s091a_pnl01_alp_ovl.bmp,ctxr,4384,209aa8be19fef03b260df39fe39c7c9e6518e3c5
textures/flatlist/_win/s091a_pnl02a_alp_ovl.bmp.ctxr,textures/flatlist/_win,s091a_pnl02a_alp_ovl.bmp.ctxr,s091a_pnl02a_alp_ovl.bmp,ctxr,14016,16c2f352b724c08a4b67463157d1e124b28b6080
textures/flatlist/_win/s091a_pnl02_alp_ovl.bmp.ctxr,textures/flatlist/_win,s091a_pnl02_alp_ovl.bmp.ctxr,s091a_pnl02_alp_ovl.bmp,ctxr,2304,24528119d84a84d14cf112057274eff194d2cf6d
textures/flatlist/_win/s091a_pnl03_alp_ovl.bmp.ctxr,textures/flatlist/_win,s091a_pnl03_alp_ovl.bmp.ctxr,s091a_pnl03_alp_ovl.bmp,ctxr,4384,9fea8587be95b731e5500cf90d08f7839a5e0a74
textures/flatlist/_win/s091a_pnl04_alp_ovl.bmp.ctxr,textures/flatlist/_win,s091a_pnl04_alp_ovl.bmp.ctxr,s091a_pnl04_alp_ovl.bmp,ctxr,8480,98c5cd7725c140c3128fc3cc15ab1a4ab8159b4f
textures/flatlist/_win/s091a_pnl07_alp_ovl.bmp.ctxr,textures/flatlist/_win,s091a_pnl07_alp_ovl.bmp.ctxr,s091a_pnl07_alp_ovl.bmp,ctxr,4384,59eacecac41ef537356b08c945aa2c02f23fd475
textures/flatlist/_win/s091a_pole00a.bmp.ctxr,textures/flatlist/_win,s091a_pole00a.bmp.ctxr,s091a_pole00a.bmp,ctxr,22208,75c46b592670af0e8a444bccdc963cab293529e0
textures/flatlist/_win/s091a_pole00a.bmp_a63e79100eeefa89865c80b340ee0d31.ctxr,textures/flatlist/_win,s091a_pole00a.bmp_a63e79100eeefa89865c80b340ee0d31.ctxr,s091a_pole00a.bmp_a63e79100eeefa89865c80b340ee0d31,ctxr,4384,3a7ce090b9bddc1fcc563d13afe4c77bfa3c06f0
textures/flatlist/_win/s091a_pole00b.bmp.ctxr,textures/flatlist/_win,s091a_pole00b.bmp.ctxr,s091a_pole00b.bmp,ctxr,2368,eb7457caa5bea0a5c3127d371ea9c781a1ae279c
textures/flatlist/_win/s091a_posta.bmp.ctxr,textures/flatlist/_win,s091a_posta.bmp.ctxr,s091a_posta.bmp,ctxr,12640,0034d3a5f0a02b97845a44e505d544853377e224
textures/flatlist/_win/s091a_s101a_winglassa_alp_ovl.bmp.ctxr,textures/flatlist/_win,s091a_s101a_winglassa_alp_ovl.bmp.ctxr,s091a_s101a_winglassa_alp_ovl.bmp,ctxr,33088,1a26cbde81c0626f67a93c2e79a033dfabd28e5f
textures/flatlist/_win/s091a_sewerfl00c2_alp_ovl.bmp.ctxr,textures/flatlist/_win,s091a_sewerfl00c2_alp_ovl.bmp.ctxr,s091a_sewerfl00c2_alp_ovl.bmp,ctxr,24896,8fa8edaf9d2305378b9355fc02c4873649f0d8ae
textures/flatlist/_win/s091a_sewerfl00c_alp_ovl.bmp.ctxr,textures/flatlist/_win,s091a_sewerfl00c_alp_ovl.bmp.ctxr,s091a_sewerfl00c_alp_ovl.bmp,ctxr,24896,0b6fc8d92bdb5dda999b426969a4558c32222c3f
textures/flatlist/_win/s091a_sewerfl01_rep.bmp.ctxr,textures/flatlist/_win,s091a_sewerfl01_rep.bmp.ctxr,s091a_sewerfl01_rep.bmp,ctxr,44064,26f9fa4642264e2425390470e943d3bf95b308e5
textures/flatlist/_win/s091a_sewerfl02_rep.bmp.ctxr,textures/flatlist/_win,s091a_sewerfl02_rep.bmp.ctxr,s091a_sewerfl02_rep.bmp,ctxr,44064,04d13bf8273bda47d58cb8d667e43af20b28cb8a
textures/flatlist/_win/s091a_shelfa.bmp.ctxr,textures/flatlist/_win,s091a_shelfa.bmp.ctxr,s091a_shelfa.bmp,ctxr,43360,6faa2658bc258635d07c37c36edcba0c4df314fe
textures/flatlist/_win/s091a_spotlightc.bmp.ctxr,textures/flatlist/_win,s091a_spotlightc.bmp.ctxr,s091a_spotlightc.bmp,ctxr,960,e786d618da5704893cccb7c43ef27ab068f3ec45
textures/flatlist/_win/s091a_spotlightd_alp_ovl.bmp.ctxr,textures/flatlist/_win,s091a_spotlightd_alp_ovl.bmp.ctxr,s091a_spotlightd_alp_ovl.bmp,ctxr,2336,8d977e7b007eb8957aa301256484f9725edcef64
textures/flatlist/_win/s091a_spotlightd_alp_ovl.bmp_37447e79299273078de344ee3a264963.ctxr,textures/flatlist/_win,s091a_spotlightd_alp_ovl.bmp_37447e79299273078de344ee3a264963.ctxr,s091a_spotlightd_alp_ovl.bmp_37447e79299273078de344ee3a264963,ctxr,2336,d3b7088190dd3a508ad176b1f0c8f803feb1a7c3
textures/flatlist/_win/s091a_st00.bmp.ctxr,textures/flatlist/_win,s091a_st00.bmp.ctxr,s091a_st00.bmp,ctxr,175168,54a1a7d09b2dc66a7a415b5b0a358b5f9f4bae27
textures/flatlist/_win/s091a_st01.bmp.ctxr,textures/flatlist/_win,s091a_st01.bmp.ctxr,s091a_st01.bmp,ctxr,44064,c336ba06b9c72c0b2ba97059e83e24308a2fc9db
textures/flatlist/_win/s091a_stop_alp_ovl.bmp.ctxr,textures/flatlist/_win,s091a_stop_alp_ovl.bmp.ctxr,s091a_stop_alp_ovl.bmp,ctxr,74528,d33c459e12fd157a770e2a9150d367c68f7f7435
textures/flatlist/_win/s091a_stop_alp_ovl.bmp_827d3be968f9398ef8247003fd46bd04.ctxr,textures/flatlist/_win,s091a_stop_alp_ovl.bmp_827d3be968f9398ef8247003fd46bd04.ctxr,s091a_stop_alp_ovl.bmp_827d3be968f9398ef8247003fd46bd04,ctxr,74528,84c4c0f94d6ddc2ac9160373597947d48abb756a
textures/flatlist/_win/s091a_stop_alp_ovl.bmp_88c7cb04139bacb1ceb2bf227c9b95af.ctxr,textures/flatlist/_win,s091a_stop_alp_ovl.bmp_88c7cb04139bacb1ceb2bf227c9b95af.ctxr,s091a_stop_alp_ovl.bmp_88c7cb04139bacb1ceb2bf227c9b95af,ctxr,74528,3069b10210ea8bd8874a510813318828dbd38dd2
textures/flatlist/_win/s091a_st_panel00.bmp.ctxr,textures/flatlist/_win,s091a_st_panel00.bmp.ctxr,s091a_st_panel00.bmp,ctxr,44064,a7998ec21e936387221e6e3de7eda572aa780ccb
textures/flatlist/_win/s091a_sysa.bmp.ctxr,textures/flatlist/_win,s091a_sysa.bmp.ctxr,s091a_sysa.bmp,ctxr,29440,e61edfd4c17ffd51e3b1ad1151e12e7a5ed17d09
textures/flatlist/_win/s091a_sysb.bmp.ctxr,textures/flatlist/_win,s091a_sysb.bmp.ctxr,s091a_sysb.bmp,ctxr,9504,bb3178288ed0c16c40906f451318706b3e4cb178
textures/flatlist/_win/s091a_sysc.bmp.ctxr,textures/flatlist/_win,s091a_sysc.bmp.ctxr,s091a_sysc.bmp,ctxr,34432,eadda1d2872b6357a398c8e5d90288d794c75638
textures/flatlist/_win/s091a_sysd_add_alp_ovl.bmp.ctxr,textures/flatlist/_win,s091a_sysd_add_alp_ovl.bmp.ctxr,s091a_sysd_add_alp_ovl.bmp,ctxr,672,b0e58ade2bd8e81aa01673084bed6cdccba4a60f
textures/flatlist/_win/s091a_syse.bmp.ctxr,textures/flatlist/_win,s091a_syse.bmp.ctxr,s091a_syse.bmp,ctxr,3744,8666c83b58f234b055d6c9b5c357184fad182156
textures/flatlist/_win/s091a_taiyakona_alp_ovl.bmp.ctxr,textures/flatlist/_win,s091a_taiyakona_alp_ovl.bmp.ctxr,s091a_taiyakona_alp_ovl.bmp,ctxr,55008,0330837040d4cc29244526bce9384795f8e7306e
textures/flatlist/_win/s091a_taiyakonb_alp_ovl.bmp.ctxr,textures/flatlist/_win,s091a_taiyakonb_alp_ovl.bmp.ctxr,s091a_taiyakonb_alp_ovl.bmp,ctxr,62432,e8f4e82b0bf6304121c8d58b6cea1e8f9de3ec2c
textures/flatlist/_win/s091a_tanka_alp_ovl.bmp.ctxr,textures/flatlist/_win,s091a_tanka_alp_ovl.bmp.ctxr,s091a_tanka_alp_ovl.bmp,ctxr,7776,e6b9909c46fbc6b68f2ebab8beeee84cdadb0734
textures/flatlist/_win/s091a_tanka_rep.bmp_b56bf027bb7820fa0a3c85f07530b224.ctxr,textures/flatlist/_win,s091a_tanka_rep.bmp_b56bf027bb7820fa0a3c85f07530b224.ctxr,s091a_tanka_rep.bmp_b56bf027bb7820fa0a3c85f07530b224,ctxr,699488,c0e23665172ff8708c2a07e377e9b855eb04d31b
textures/flatlist/_win/s091a_tankb2.bmp.ctxr,textures/flatlist/_win,s091a_tankb2.bmp.ctxr,s091a_tankb2.bmp,ctxr,12576,b8ab2e462922b3c066c47e92695e359bd936e9c9
textures/flatlist/_win/s091a_wall01.bmp.ctxr,textures/flatlist/_win,s091a_wall01.bmp.ctxr,s091a_wall01.bmp,ctxr,349920,1b5aded8ab15965fa7fa90b1cb5107e6b6c4792b
textures/flatlist/_win/s091a_wall04.bmp_17bfc58190402a6ed22e4525cbedef00.ctxr,textures/flatlist/_win,s091a_wall04.bmp_17bfc58190402a6ed22e4525cbedef00.ctxr,s091a_wall04.bmp_17bfc58190402a6ed22e4525cbedef00,ctxr,175200,66b023388b5c3ffe83a559412b1ae4f23e9eea15
textures/flatlist/_win/s091a_wall04a.bmp.ctxr,textures/flatlist/_win,s091a_wall04a.bmp.ctxr,s091a_wall04a.bmp,ctxr,4384,80fa8b563d356df9f4b090aa0857a7fa46c32985
textures/flatlist/_win/s091a_walldrt00_rep.bmp.ctxr,textures/flatlist/_win,s091a_walldrt00_rep.bmp.ctxr,s091a_walldrt00_rep.bmp,ctxr,349920,2e2e298e91d4ebb5eed4666c4969b228e07bbca9
textures/flatlist/_win/s091a_walldrt02a_rep.bmp.ctxr,textures/flatlist/_win,s091a_walldrt02a_rep.bmp.ctxr,s091a_walldrt02a_rep.bmp,ctxr,349920,486ef7213acd601af42fbf98319976a9ffa4a9ae
textures/flatlist/_win/s091a_wallparts00_alp_ovl.bmp.ctxr,textures/flatlist/_win,s091a_wallparts00_alp_ovl.bmp.ctxr,s091a_wallparts00_alp_ovl.bmp,ctxr,16704,edc630f8e959a5d9f39a340a99fbbb3be1c6aae7
textures/flatlist/_win/s091a_wallpipe00_alp_ovl.bmp.ctxr,textures/flatlist/_win,s091a_wallpipe00_alp_ovl.bmp.ctxr,s091a_wallpipe00_alp_ovl.bmp,ctxr,19456,811371b8ef16140c435ab3c3570e2dc282ed3888
textures/flatlist/_win/s091a_wallpipe02_alp_ovl.bmp.ctxr,textures/flatlist/_win,s091a_wallpipe02_alp_ovl.bmp.ctxr,s091a_wallpipe02_alp_ovl.bmp,ctxr,19456,2a61abb0e0ac28919cde1cb68dcdaf7ea99f986b
textures/flatlist/_win/s091a_watchtower00_alp_ovl.bmp.ctxr,textures/flatlist/_win,s091a_watchtower00_alp_ovl.bmp.ctxr,s091a_watchtower00_alp_ovl.bmp,ctxr,16704,8828f473e48f535d2ca54cea23f7b2326cd6737a
textures/flatlist/_win/s091a_watchtower02.bmp.ctxr,textures/flatlist/_win,s091a_watchtower02.bmp.ctxr,s091a_watchtower02.bmp,ctxr,1398528,76a0217486d5e70aed118b6cecc766aaebc3d834
textures/flatlist/_win/s091a_watchtower03.bmp.ctxr,textures/flatlist/_win,s091a_watchtower03.bmp.ctxr,s091a_watchtower03.bmp,ctxr,22208,b1e5566b57405af0a4b4c53121e58fcafe06cfd4
textures/flatlist/_win/s091a_watchtower05_alp_ovl.bmp.ctxr,textures/flatlist/_win,s091a_watchtower05_alp_ovl.bmp.ctxr,s091a_watchtower05_alp_ovl.bmp,ctxr,24896,ededa991b2a444fa4e6a29dd1ac13f988d867472
textures/flatlist/_win/s091a_win00_alp_ovl.bmp.ctxr,textures/flatlist/_win,s091a_win00_alp_ovl.bmp.ctxr,s091a_win00_alp_ovl.bmp,ctxr,24896,da1e053947e4e56589289e5aa559241ca7ced402
textures/flatlist/_win/s091a_wtsdwa_alp_ovl.bmp.ctxr,textures/flatlist/_win,s091a_wtsdwa_alp_ovl.bmp.ctxr,s091a_wtsdwa_alp_ovl.bmp,ctxr,544,59fb9feb9c986fe92396e92573aec320090c16c1
textures/flatlist/_win/s092a_s101a_roofa.bmp.ctxr,textures/flatlist/_win,s092a_s101a_roofa.bmp.ctxr,s092a_s101a_roofa.bmp,ctxr,17184,d1455a028b9c63431881531681b4756e8f5fe798
textures/flatlist/_win/s092a_s101a_roofwina.bmp.ctxr,textures/flatlist/_win,s092a_s101a_roofwina.bmp.ctxr,s092a_s101a_roofwina.bmp,ctxr,22208,a36afeb90c23d94148f45511de1861814ef7397a
textures/flatlist/_win/s092a_s111doora.bmp.ctxr,textures/flatlist/_win,s092a_s111doora.bmp.ctxr,s092a_s111doora.bmp,ctxr,9856,739c1efe4dea703130a09b454ad34efef8cd083f
textures/flatlist/_win/s092a_s111doorc.bmp.ctxr,textures/flatlist/_win,s092a_s111doorc.bmp.ctxr,s092a_s111doorc.bmp,ctxr,9856,c4e3c77f961d06cf697bc84799afae0996949404
textures/flatlist/_win/s092a_s111lighta_alp_ovl.bmp.ctxr,textures/flatlist/_win,s092a_s111lighta_alp_ovl.bmp.ctxr,s092a_s111lighta_alp_ovl.bmp,ctxr,1280,6baa3eed2f669c734a5479c37ab16a1f78359997
textures/flatlist/_win/s092a_s111signb_alp_ovl.bmp.ctxr,textures/flatlist/_win,s092a_s111signb_alp_ovl.bmp.ctxr,s092a_s111signb_alp_ovl.bmp,ctxr,3712,9348b7efe3e05ef428b491d3eb79213c0e50b90c
textures/flatlist/_win/s093a_wallfont00_alp_ovl.bmp.ctxr,textures/flatlist/_win,s093a_wallfont00_alp_ovl.bmp.ctxr,s093a_wallfont00_alp_ovl.bmp,ctxr,4384,c86b80611fc0bd1550813cc01b2816f5a5107656
textures/flatlist/_win/s093a_wallpnl00_alp_ovl.bmp.ctxr,textures/flatlist/_win,s093a_wallpnl00_alp_ovl.bmp.ctxr,s093a_wallpnl00_alp_ovl.bmp,ctxr,16704,468e6e8859ef85941ffa2601fb5c354231207c86
textures/flatlist/_win/s094a_flpnl00_alp_ovl.bmp.ctxr,textures/flatlist/_win,s094a_flpnl00_alp_ovl.bmp.ctxr,s094a_flpnl00_alp_ovl.bmp,ctxr,16704,5cf3e269667682a2acb833e75770fb039b228beb
textures/flatlist/_win/s094a_mark00_alp_ovl.bmp.ctxr,textures/flatlist/_win,s094a_mark00_alp_ovl.bmp.ctxr,s094a_mark00_alp_ovl.bmp,ctxr,6432,a35adeca8c9cb9b15a56536f4904d666072face0
textures/flatlist/_win/s094a_n_sdw00_alp_ovl.bmp.ctxr,textures/flatlist/_win,s094a_n_sdw00_alp_ovl.bmp.ctxr,s094a_n_sdw00_alp_ovl.bmp,ctxr,33088,8a71d6c4bf27de53ed4eec18f482d95cebbe32d4
textures/flatlist/_win/s094a_objbox01.bmp.ctxr,textures/flatlist/_win,s094a_objbox01.bmp.ctxr,s094a_objbox01.bmp,ctxr,8480,59b75347d40ef13e76f2fcee37148a37fd0a36eb
textures/flatlist/_win/s094a_s112a_cor_floor_01a.bmp.ctxr,textures/flatlist/_win,s094a_s112a_cor_floor_01a.bmp.ctxr,s094a_s112a_cor_floor_01a.bmp,ctxr,49472,76afaa11d293291c6c1049a79f36e9d19ce9b3a9
textures/flatlist/_win/s094a_s112a_cor_floor_07a.bmp.ctxr,textures/flatlist/_win,s094a_s112a_cor_floor_07a.bmp.ctxr,s094a_s112a_cor_floor_07a.bmp,ctxr,27616,eaa52a0c50743389c43eb5b26e79b876056504ab
textures/flatlist/_win/s094a_s112a_wall_02.bmp.ctxr,textures/flatlist/_win,s094a_s112a_wall_02.bmp.ctxr,s094a_s112a_wall_02.bmp,ctxr,98656,4b8d19541bde453714d4c53b8e99b391c05ff0b6
textures/flatlist/_win/s094a_wall01a.bmp.ctxr,textures/flatlist/_win,s094a_wall01a.bmp.ctxr,s094a_wall01a.bmp,ctxr,109568,a1023c7e66a05b51af37821727493ff3c10c66ea
textures/flatlist/_win/s094a_wallfont00_alp_ovl.bmp.ctxr,textures/flatlist/_win,s094a_wallfont00_alp_ovl.bmp.ctxr,s094a_wallfont00_alp_ovl.bmp,ctxr,4384,1391c6e35b5120df6daa9b021a8cbddb04307a02
textures/flatlist/_win/s094a_wallobj00_alp_ovl.bmp.ctxr,textures/flatlist/_win,s094a_wallobj00_alp_ovl.bmp.ctxr,s094a_wallobj00_alp_ovl.bmp,ctxr,4384,a1af5237bbf77fb3cc4059dfdc2fd07ff2737fb2
textures/flatlist/_win/s094a_wallrusty00.bmp.ctxr,textures/flatlist/_win,s094a_wallrusty00.bmp.ctxr,s094a_wallrusty00.bmp,ctxr,41312,b6a29664b14dec2ed7c5651326b547cd3a0acaf4
textures/flatlist/_win/s101a_256door.bmp.ctxr,textures/flatlist/_win,s101a_256door.bmp.ctxr,s101a_256door.bmp,ctxr,699488,1d2f5c509f5f55d68afdc10c7d91fbecddb19d8d
textures/flatlist/_win/s101a_256wall_inside.bmp.ctxr,textures/flatlist/_win,s101a_256wall_inside.bmp.ctxr,s101a_256wall_inside.bmp,ctxr,699488,463b77f7f00ae94ac6c6da594aa8b898c8727831
textures/flatlist/_win/s101a_256wall_inside2.bmp.ctxr,textures/flatlist/_win,s101a_256wall_inside2.bmp.ctxr,s101a_256wall_inside2.bmp,ctxr,699488,d32c12737e4f198ecad9d7cd4a77c8d163041c79
textures/flatlist/_win/s101a_book_case00.bmp.ctxr,textures/flatlist/_win,s101a_book_case00.bmp.ctxr,s101a_book_case00.bmp,ctxr,87776,3363da88cadc49f6c242f6699b757b04f06f6fab
textures/flatlist/_win/s101a_bord00.bmp.ctxr,textures/flatlist/_win,s101a_bord00.bmp.ctxr,s101a_bord00.bmp,ctxr,8480,2389b7ff83387453d3c0d39ac530fd1649e22d44
textures/flatlist/_win/s101a_bord02.bmp.ctxr,textures/flatlist/_win,s101a_bord02.bmp.ctxr,s101a_bord02.bmp,ctxr,16704,d7de6ecaa78b33a961b0369c15aaa02d79641110
textures/flatlist/_win/s101a_boxb00.bmp.ctxr,textures/flatlist/_win,s101a_boxb00.bmp.ctxr,s101a_boxb00.bmp,ctxr,175168,c55e3c01a2e056bb5bc7dfb0d15877966d4177d4
textures/flatlist/_win/s101a_boxb01.bmp.ctxr,textures/flatlist/_win,s101a_boxb01.bmp.ctxr,s101a_boxb01.bmp,ctxr,12576,4920b1107bc70813c96d8b5b42419a002be8b193
textures/flatlist/_win/s101a_case00.bmp.ctxr,textures/flatlist/_win,s101a_case00.bmp.ctxr,s101a_case00.bmp,ctxr,44064,1373fdce2254542978535c2d607edce379901aad
textures/flatlist/_win/s101a_chaira00.bmp.ctxr,textures/flatlist/_win,s101a_chaira00.bmp.ctxr,s101a_chaira00.bmp,ctxr,10560,08b7140e41708ea2a2dd675019060bac36c56f59
textures/flatlist/_win/s101a_chaira01.bmp.ctxr,textures/flatlist/_win,s101a_chaira01.bmp.ctxr,s101a_chaira01.bmp,ctxr,57696,6ed61ddec0d8e3bf06a42abfafd1d8156b4623cb
textures/flatlist/_win/s101a_comp00.bmp.ctxr,textures/flatlist/_win,s101a_comp00.bmp.ctxr,s101a_comp00.bmp,ctxr,175168,ea7535938471145bbdd91ed8b136062af09a0000
textures/flatlist/_win/s101a_comp00_back.bmp.ctxr,textures/flatlist/_win,s101a_comp00_back.bmp.ctxr,s101a_comp00_back.bmp,ctxr,175168,2d41b33c8a246597c9a9e428c90fefff90d6fdaa
textures/flatlist/_win/s101a_comp00_side.bmp.ctxr,textures/flatlist/_win,s101a_comp00_side.bmp.ctxr,s101a_comp00_side.bmp,ctxr,87776,3131f6047dab23b881c3f31ac380d61118ba4597
textures/flatlist/_win/s101a_comp00_side2.bmp.ctxr,textures/flatlist/_win,s101a_comp00_side2.bmp.ctxr,s101a_comp00_side2.bmp,ctxr,8480,2d2fefef1cc08af559b63460f3273f18c3968981
textures/flatlist/_win/s101a_comp02.bmp.ctxr,textures/flatlist/_win,s101a_comp02.bmp.ctxr,s101a_comp02.bmp,ctxr,10528,26b457c2b9f1d4bd28564cce0cde95cd44b4eae1
textures/flatlist/_win/s101a_comp03.bmp.ctxr,textures/flatlist/_win,s101a_comp03.bmp.ctxr,s101a_comp03.bmp,ctxr,8480,b244c0ced2cc7c5100c87f018653c69aad7530c5
textures/flatlist/_win/s101a_comp04.bmp.ctxr,textures/flatlist/_win,s101a_comp04.bmp.ctxr,s101a_comp04.bmp,ctxr,47296,1ff50d28a1999654b0dbb9fe1e808ac53d302412
textures/flatlist/_win/s101a_comp05.bmp.ctxr,textures/flatlist/_win,s101a_comp05.bmp.ctxr,s101a_comp05.bmp,ctxr,27616,e4717309720af06055ef872987dcfc0bd6322b52
textures/flatlist/_win/s101a_comp06.bmp.ctxr,textures/flatlist/_win,s101a_comp06.bmp.ctxr,s101a_comp06.bmp,ctxr,28448,49180d9ad541ca0a3fef644862164e628890e7bc
textures/flatlist/_win/s101a_comp07.bmp.ctxr,textures/flatlist/_win,s101a_comp07.bmp.ctxr,s101a_comp07.bmp,ctxr,16704,f3b4ebd518f8539c52f858c52bfa6944202a8947
textures/flatlist/_win/s101a_comp08_alp_ovl.bmp.ctxr,textures/flatlist/_win,s101a_comp08_alp_ovl.bmp.ctxr,s101a_comp08_alp_ovl.bmp,ctxr,16704,03096bc347b3acf351a0692d9504c7828b959f66
textures/flatlist/_win/s101a_ddesk_00.bmp.ctxr,textures/flatlist/_win,s101a_ddesk_00.bmp.ctxr,s101a_ddesk_00.bmp,ctxr,13056,d01961415017bfc978c6134c755b5275589855e5
textures/flatlist/_win/s101a_ddesk_01.bmp.ctxr,textures/flatlist/_win,s101a_ddesk_01.bmp.ctxr,s101a_ddesk_01.bmp,ctxr,31680,a381f308aa504e4ca5ca7d14e847112dacf162db
textures/flatlist/_win/s101a_doora.bmp.ctxr,textures/flatlist/_win,s101a_doora.bmp.ctxr,s101a_doora.bmp,ctxr,349920,4bccd726f3a66a85743cff26c68f87e823f6fc0c
textures/flatlist/_win/s101a_doora.bmp_cfde9b5d6e2a46b2606ac8a5922ebd2a.ctxr,textures/flatlist/_win,s101a_doora.bmp_cfde9b5d6e2a46b2606ac8a5922ebd2a.ctxr,s101a_doora.bmp_cfde9b5d6e2a46b2606ac8a5922ebd2a,ctxr,349920,c07cfab5523bf448fff76133ae8b0dad81310ec9
textures/flatlist/_win/s101a_doorb.bmp.ctxr,textures/flatlist/_win,s101a_doorb.bmp.ctxr,s101a_doorb.bmp,ctxr,54976,cff72dbbf0d23b1369bb35007c17b93f0d7aeb15
textures/flatlist/_win/s101a_doorsign_04.bmp.ctxr,textures/flatlist/_win,s101a_doorsign_04.bmp.ctxr,s101a_doorsign_04.bmp,ctxr,7136,4146fe0f7ac058aff0349d653e85df1c2ed67453
textures/flatlist/_win/s101a_door_toilet00.bmp.ctxr,textures/flatlist/_win,s101a_door_toilet00.bmp.ctxr,s101a_door_toilet00.bmp,ctxr,175168,628271a1cafef4047d24a0eb1bd8e811a07dc9e1
textures/flatlist/_win/s101a_dustbox.bmp.ctxr,textures/flatlist/_win,s101a_dustbox.bmp.ctxr,s101a_dustbox.bmp,ctxr,87744,904bcb80ad20f9ca4b52e2ee711c76d161f265d8
textures/flatlist/_win/s101a_e_box_00.bmp.ctxr,textures/flatlist/_win,s101a_e_box_00.bmp.ctxr,s101a_e_box_00.bmp,ctxr,8480,39b6a2b262d31901459f18190856a84b444cc4f2
textures/flatlist/_win/s101a_e_box_01.bmp.ctxr,textures/flatlist/_win,s101a_e_box_01.bmp.ctxr,s101a_e_box_01.bmp,ctxr,8480,4900caca7337ac1ee969406c91240253aa5015c1
textures/flatlist/_win/s101a_floor01_rep.bmp.ctxr,textures/flatlist/_win,s101a_floor01_rep.bmp.ctxr,s101a_floor01_rep.bmp,ctxr,349920,a98bbd9b62a502390b1990b92882feea5a18a37a
textures/flatlist/_win/s101a_floor02_rep.bmp.ctxr,textures/flatlist/_win,s101a_floor02_rep.bmp.ctxr,s101a_floor02_rep.bmp,ctxr,349920,5a33487dc3553ff42f85fb0141b6bd805bf257e9
textures/flatlist/_win/s101a_floor07b_rep.bmp.ctxr,textures/flatlist/_win,s101a_floor07b_rep.bmp.ctxr,s101a_floor07b_rep.bmp,ctxr,349920,41bf88dca120000a9fe01a39f9acf2a7274205e2
textures/flatlist/_win/s101a_floor07_rep.bmp.ctxr,textures/flatlist/_win,s101a_floor07_rep.bmp.ctxr,s101a_floor07_rep.bmp,ctxr,349920,288314e22e7405b499142675727cc1277f8a7b52
textures/flatlist/_win/s101a_grassframe00.bmp.ctxr,textures/flatlist/_win,s101a_grassframe00.bmp.ctxr,s101a_grassframe00.bmp,ctxr,3392,76e20fd31ae890ab9c2b24cab1bd3aea5f9ed059
textures/flatlist/_win/s101a_handrail_a02.bmp.ctxr,textures/flatlist/_win,s101a_handrail_a02.bmp.ctxr,s101a_handrail_a02.bmp,ctxr,4384,d221e4f1edc7d166110a58babeca089900f49a92
textures/flatlist/_win/s101a_iron_00.bmp.ctxr,textures/flatlist/_win,s101a_iron_00.bmp.ctxr,s101a_iron_00.bmp,ctxr,5376,45958e87240ecde4b370889e3eb8af2e87d7354c
textures/flatlist/_win/s101a_light02_add_alp.trans.bmp.ctxr,textures/flatlist/_win,s101a_light02_add_alp.trans.bmp.ctxr,s101a_light02_add_alp.trans.bmp,ctxr,2368,00d10f3c83addf7d9a5179a092c053dfb0ace112
textures/flatlist/_win/s101a_lightb00.bmp.ctxr,textures/flatlist/_win,s101a_lightb00.bmp.ctxr,s101a_lightb00.bmp,ctxr,1280,be6f37ef8dd12c89eb29a199031dac93fc72086b
textures/flatlist/_win/s101a_lightb01.bmp.ctxr,textures/flatlist/_win,s101a_lightb01.bmp.ctxr,s101a_lightb01.bmp,ctxr,7136,ed82313b9670912074ead0045e588b24a628875f
textures/flatlist/_win/s101a_light_labo00_alp_ovl.bmp.ctxr,textures/flatlist/_win,s101a_light_labo00_alp_ovl.bmp.ctxr,s101a_light_labo00_alp_ovl.bmp,ctxr,4704,0764c716010ac1bea6927c191814ac4215b7a1aa
textures/flatlist/_win/s101a_locker_sp00.bmp.ctxr,textures/flatlist/_win,s101a_locker_sp00.bmp.ctxr,s101a_locker_sp00.bmp,ctxr,175168,7f71f6ce3243cc775f88936dba6b7bb254b03b27
textures/flatlist/_win/s101a_lumber_shelf_00.bmp.ctxr,textures/flatlist/_win,s101a_lumber_shelf_00.bmp.ctxr,s101a_lumber_shelf_00.bmp,ctxr,8480,4ca994e024c5405a3e3670abd40270e4133c7b1c
textures/flatlist/_win/s101a_mat00.bmp.ctxr,textures/flatlist/_win,s101a_mat00.bmp.ctxr,s101a_mat00.bmp,ctxr,8480,fbdd62de01f9d9d21899f108aa6045de93f1acec
textures/flatlist/_win/s101a_obn00.bmp.ctxr,textures/flatlist/_win,s101a_obn00.bmp.ctxr,s101a_obn00.bmp,ctxr,44064,51400e20cbf8b1d5c491fecc91a6bf33abc4c9c5
textures/flatlist/_win/s101a_office_cabinet_00.bmp.ctxr,textures/flatlist/_win,s101a_office_cabinet_00.bmp.ctxr,s101a_office_cabinet_00.bmp,ctxr,19424,d105c252c89be9a8858c58415db2216f5d49d3d2
textures/flatlist/_win/s101a_office_cabinet_01.bmp.ctxr,textures/flatlist/_win,s101a_office_cabinet_01.bmp.ctxr,s101a_office_cabinet_01.bmp,ctxr,175168,b7730cc7f806fe52075e8a0164633c342799eac1
textures/flatlist/_win/s101a_paper01.bmp.ctxr,textures/flatlist/_win,s101a_paper01.bmp.ctxr,s101a_paper01.bmp,ctxr,3712,8e44f355a4667a95e2f6663ac909fa0eb4a3edf5
textures/flatlist/_win/s101a_paper02.bmp.ctxr,textures/flatlist/_win,s101a_paper02.bmp.ctxr,s101a_paper02.bmp,ctxr,4352,07ca89c048c781af11e93293a46a79eace429186
textures/flatlist/_win/s101a_paper03.bmp.ctxr,textures/flatlist/_win,s101a_paper03.bmp.ctxr,s101a_paper03.bmp,ctxr,15616,6ddf2929f139c5418e3eb0113567e93785b54868
textures/flatlist/_win/s101a_paper05.bmp.ctxr,textures/flatlist/_win,s101a_paper05.bmp.ctxr,s101a_paper05.bmp,ctxr,7104,d9170c46632def1781559bf822708ab7d8bea1c9
textures/flatlist/_win/s101a_paper07.bmp.ctxr,textures/flatlist/_win,s101a_paper07.bmp.ctxr,s101a_paper07.bmp,ctxr,7104,5946e3ca5c063ad8282e3a557781c9cc5b7cd273
textures/flatlist/_win/s101a_picture00_alp_ovl.bmp.ctxr,textures/flatlist/_win,s101a_picture00_alp_ovl.bmp.ctxr,s101a_picture00_alp_ovl.bmp,ctxr,4384,a278d4483828a2c1757a8d5c22629883248478b7
textures/flatlist/_win/s101a_picture02_alp_ovl.bmp.ctxr,textures/flatlist/_win,s101a_picture02_alp_ovl.bmp.ctxr,s101a_picture02_alp_ovl.bmp,ctxr,8480,fb5ac0e23edc10db07a2e80dfa10c522db138d05
textures/flatlist/_win/s101a_pillar_a00.bmp.ctxr,textures/flatlist/_win,s101a_pillar_a00.bmp.ctxr,s101a_pillar_a00.bmp,ctxr,699488,be01685e173c3cf69ceaf1f44fe31067d9e01ddb
textures/flatlist/_win/s101a_plant01.bmp.ctxr,textures/flatlist/_win,s101a_plant01.bmp.ctxr,s101a_plant01.bmp,ctxr,2336,f1c43052ffad5137661b7ed365c919bfc3dcc41d
textures/flatlist/_win/s101a_plant02.bmp.ctxr,textures/flatlist/_win,s101a_plant02.bmp.ctxr,s101a_plant02.bmp,ctxr,9152,b0bd604cf7e5b43091eb04d8c86bec399a002bb4
textures/flatlist/_win/s101a_plantc00_alp_ovl.bmp.ctxr,textures/flatlist/_win,s101a_plantc00_alp_ovl.bmp.ctxr,s101a_plantc00_alp_ovl.bmp,ctxr,16704,09b60bfbdb3fe69d5736e7a0964c0575c272a6d3
textures/flatlist/_win/s101a_plantc01.bmp.ctxr,textures/flatlist/_win,s101a_plantc01.bmp.ctxr,s101a_plantc01.bmp,ctxr,14016,1320c73c1592d432a4076455c256d9480b13e3a7
textures/flatlist/_win/s101a_plantc02.bmp.ctxr,textures/flatlist/_win,s101a_plantc02.bmp.ctxr,s101a_plantc02.bmp,ctxr,22176,15b4681d03bc8192f1ddd2e484ecb74a55a7273d
textures/flatlist/_win/s101a_plantc03.bmp.ctxr,textures/flatlist/_win,s101a_plantc03.bmp.ctxr,s101a_plantc03.bmp,ctxr,22176,168a0c762954808f5632ef090cf8e280cee63760
textures/flatlist/_win/s101a_poster00.bmp.ctxr,textures/flatlist/_win,s101a_poster00.bmp.ctxr,s101a_poster00.bmp,ctxr,25888,20c71300a886ab9b0f5c33b5e2b0dcdd8542dfe8
textures/flatlist/_win/s101a_pot00.bmp.ctxr,textures/flatlist/_win,s101a_pot00.bmp.ctxr,s101a_pot00.bmp,ctxr,5792,fd5107561893708942b2fe845f9633f9ae50e0ac
textures/flatlist/_win/s101a_roof_mein00_alp_ovl.bmp.ctxr,textures/flatlist/_win,s101a_roof_mein00_alp_ovl.bmp.ctxr,s101a_roof_mein00_alp_ovl.bmp,ctxr,7968,90949688c3514e410b796893dd6eab07bc4f1fdd
textures/flatlist/_win/s101a_roo_pillar_00.bmp.ctxr,textures/flatlist/_win,s101a_roo_pillar_00.bmp.ctxr,s101a_roo_pillar_00.bmp,ctxr,9152,ba86fc00bc6318873c02b79f31937060537cd035
textures/flatlist/_win/s101a_sbox01.bmp.ctxr,textures/flatlist/_win,s101a_sbox01.bmp.ctxr,s101a_sbox01.bmp,ctxr,16672,bf5ff66f8c87de6971278e11b68807ac7a4d46c7
textures/flatlist/_win/s101a_sdw02_alp_ovl.bmp.ctxr,textures/flatlist/_win,s101a_sdw02_alp_ovl.bmp.ctxr,s101a_sdw02_alp_ovl.bmp,ctxr,6240,8057e657fb5718d863efaf40b91208727a3c58bc
textures/flatlist/_win/s101a_sdw03_alp_ovl.bmp.ctxr,textures/flatlist/_win,s101a_sdw03_alp_ovl.bmp.ctxr,s101a_sdw03_alp_ovl.bmp,ctxr,12960,4ade9e3d8042b3c83abffc358da1bf6ba682c6ca
textures/flatlist/_win/s101a_sdwa00_alp_ovl.bmp.ctxr,textures/flatlist/_win,s101a_sdwa00_alp_ovl.bmp.ctxr,s101a_sdwa00_alp_ovl.bmp,ctxr,16704,a1d1e4668ca3d8389eaae863c4dfc7ddd2fea3d5
textures/flatlist/_win/s101a_sdw_bkbord00_alp_ovl.bmp.ctxr,textures/flatlist/_win,s101a_sdw_bkbord00_alp_ovl.bmp.ctxr,s101a_sdw_bkbord00_alp_ovl.bmp,ctxr,10528,9ff8e8340249724c857568fee1efcb1fdfc17d9b
textures/flatlist/_win/s101a_sdw_d00_alp_ovl.bmp.ctxr,textures/flatlist/_win,s101a_sdw_d00_alp_ovl.bmp.ctxr,s101a_sdw_d00_alp_ovl.bmp,ctxr,27616,a49d35a83cb51c44bc72781d7b85ec4ab4fd3c1d
textures/flatlist/_win/s101a_sdw_d01_alp_ovl.bmp.ctxr,textures/flatlist/_win,s101a_sdw_d01_alp_ovl.bmp.ctxr,s101a_sdw_d01_alp_ovl.bmp,ctxr,22496,8903dcf47d865ab3bf82c4ada8b214cbb6ec0b76
textures/flatlist/_win/s101a_sdw_dtable00_alp_ovl.bmp.ctxr,textures/flatlist/_win,s101a_sdw_dtable00_alp_ovl.bmp.ctxr,s101a_sdw_dtable00_alp_ovl.bmp,ctxr,24896,87f0ce74e95186a4e77c92e441713e1cefb410e0
textures/flatlist/_win/s101a_sdw_entrance00_alp_ovl.bmp.ctxr,textures/flatlist/_win,s101a_sdw_entrance00_alp_ovl.bmp.ctxr,s101a_sdw_entrance00_alp_ovl.bmp,ctxr,389472,3989e90e7080837886c923ef69b445e19fc63729
textures/flatlist/_win/s101a_sdw_grtable00_alp_ovl.bmp.ctxr,textures/flatlist/_win,s101a_sdw_grtable00_alp_ovl.bmp.ctxr,s101a_sdw_grtable00_alp_ovl.bmp,ctxr,24704,390206f8183f02153c28b19cd4748bdb8116ae7d
textures/flatlist/_win/s101a_sdw_pillar_00_alp_ovl.bmp.ctxr,textures/flatlist/_win,s101a_sdw_pillar_00_alp_ovl.bmp.ctxr,s101a_sdw_pillar_00_alp_ovl.bmp,ctxr,4384,a493303775318b683220ecd939c46277f4e74b26
textures/flatlist/_win/s101a_sdw_sofa00_alp_ovl.bmp.ctxr,textures/flatlist/_win,s101a_sdw_sofa00_alp_ovl.bmp.ctxr,s101a_sdw_sofa00_alp_ovl.bmp,ctxr,9472,3d1208b3cd2a650901d38b78efae762073a6ae5c
textures/flatlist/_win/s101a_sdw_square01_alp_ovl.bmp.ctxr,textures/flatlist/_win,s101a_sdw_square01_alp_ovl.bmp.ctxr,s101a_sdw_square01_alp_ovl.bmp,ctxr,8480,37ccb1fdcf74937416dde03fcffb095e6b5e3121
textures/flatlist/_win/s101a_sdw_study_00_alp_ovl.bmp.ctxr,textures/flatlist/_win,s101a_sdw_study_00_alp_ovl.bmp.ctxr,s101a_sdw_study_00_alp_ovl.bmp,ctxr,38528,fd5bae26d313d510e7af1e35c35c21bf7b5dbf48
textures/flatlist/_win/s101a_sdw_study_01_alp_ovl.bmp.ctxr,textures/flatlist/_win,s101a_sdw_study_01_alp_ovl.bmp.ctxr,s101a_sdw_study_01_alp_ovl.bmp,ctxr,13984,a43a016e21c8d1aafbbe013468cbfd1d067b9163
textures/flatlist/_win/s101a_sdw_study_02_alp_ovl.bmp.ctxr,textures/flatlist/_win,s101a_sdw_study_02_alp_ovl.bmp.ctxr,s101a_sdw_study_02_alp_ovl.bmp,ctxr,24896,2ec77a170f629f28072bb5123c31f9a6dc0e88af
textures/flatlist/_win/s101a_sdw_study_03_alp_ovl.bmp.ctxr,textures/flatlist/_win,s101a_sdw_study_03_alp_ovl.bmp.ctxr,s101a_sdw_study_03_alp_ovl.bmp,ctxr,20768,9039b9743c0649be42ea28d9251bdd9f06e6d8a8
textures/flatlist/_win/s101a_sdw_tesuri_alp_ovl.bmp.ctxr,textures/flatlist/_win,s101a_sdw_tesuri_alp_ovl.bmp.ctxr,s101a_sdw_tesuri_alp_ovl.bmp,ctxr,27648,cd9884be4a5c2a145d18c0004c03f0c35fa74ed9
textures/flatlist/_win/s101a_sdw_triangle_alp_ovl.bmp.ctxr,textures/flatlist/_win,s101a_sdw_triangle_alp_ovl.bmp.ctxr,s101a_sdw_triangle_alp_ovl.bmp,ctxr,12576,7a524bf19d7755520aac59c44de7330cc61f7ebb
textures/flatlist/_win/s101a_sign_toilet_00.bmp.ctxr,textures/flatlist/_win,s101a_sign_toilet_00.bmp.ctxr,s101a_sign_toilet_00.bmp,ctxr,4384,01ccc4c2b87a3e90b02ae5ce88cbd0c3ea7a7d2a
textures/flatlist/_win/s101a_sink00.bmp.ctxr,textures/flatlist/_win,s101a_sink00.bmp.ctxr,s101a_sink00.bmp,ctxr,7104,b5d5de790fac25ae3d84273f51a7c1223f16c52a
textures/flatlist/_win/s101a_sofa00.bmp.ctxr,textures/flatlist/_win,s101a_sofa00.bmp.ctxr,s101a_sofa00.bmp,ctxr,349920,af6cf735b4dfc8992bf1f3a2f3b41f3b2fad2e18
textures/flatlist/_win/s101a_soil_00_rep.bmp.ctxr,textures/flatlist/_win,s101a_soil_00_rep.bmp.ctxr,s101a_soil_00_rep.bmp,ctxr,349920,bac16ba3d1f633640856d73b9a1ad57d2b0f648d
textures/flatlist/_win/s101a_step_top00.bmp.ctxr,textures/flatlist/_win,s101a_step_top00.bmp.ctxr,s101a_step_top00.bmp,ctxr,10560,da4e1eeb37f6c82f937d0c2dfa14580c819869a1
textures/flatlist/_win/s101a_step_wall00.bmp.ctxr,textures/flatlist/_win,s101a_step_wall00.bmp.ctxr,s101a_step_wall00.bmp,ctxr,349920,5765dbf18ca286d16d0cca7ca90826642cf2f17d
textures/flatlist/_win/s101a_table02.bmp.ctxr,textures/flatlist/_win,s101a_table02.bmp.ctxr,s101a_table02.bmp,ctxr,349920,0a39d38873adeab9d4124ec6480416e2b60add01
textures/flatlist/_win/s101a_table02a.bmp.ctxr,textures/flatlist/_win,s101a_table02a.bmp.ctxr,s101a_table02a.bmp,ctxr,6464,76ca9f94ee6631d2f7afeb49c84330c02e7e5d03
textures/flatlist/_win/s101a_table02b.bmp.ctxr,textures/flatlist/_win,s101a_table02b.bmp.ctxr,s101a_table02b.bmp,ctxr,34432,ce04e28938aa3b0a44d9d3fa6757a9e56203c6fc
textures/flatlist/_win/s101a_table02c.bmp.ctxr,textures/flatlist/_win,s101a_table02c.bmp.ctxr,s101a_table02c.bmp,ctxr,87776,f8ef4f904fac4238632f3759e1be582154e0182d
textures/flatlist/_win/s101a_table03.bmp.ctxr,textures/flatlist/_win,s101a_table03.bmp.ctxr,s101a_table03.bmp,ctxr,28960,92738062ee542997fd6e0a17b5b071f52398796c
textures/flatlist/_win/s101a_tablec00.bmp.ctxr,textures/flatlist/_win,s101a_tablec00.bmp.ctxr,s101a_tablec00.bmp,ctxr,26912,4b51a9dff2caa03dffe91de638784c99ae0447ec
textures/flatlist/_win/s101a_tablec_cast00.bmp.ctxr,textures/flatlist/_win,s101a_tablec_cast00.bmp.ctxr,s101a_tablec_cast00.bmp,ctxr,87744,ec016b0cbc7eb811759f3cd66425db00a24b62b6
textures/flatlist/_win/s101a_tablekit00.bmp.ctxr,textures/flatlist/_win,s101a_tablekit00.bmp.ctxr,s101a_tablekit00.bmp,ctxr,22176,0a620fc794b07f28e01120f3c8897e32017ef818
textures/flatlist/_win/s101a_text00_alp_ovl.bmp.ctxr,textures/flatlist/_win,s101a_text00_alp_ovl.bmp.ctxr,s101a_text00_alp_ovl.bmp,ctxr,24896,5b96c23c93070be7ba842c8f9aad7cbc9674ed17
textures/flatlist/_win/s101a_text01_alp_ovl.bmp.ctxr,textures/flatlist/_win,s101a_text01_alp_ovl.bmp.ctxr,s101a_text01_alp_ovl.bmp,ctxr,34112,2fac366a97b6174f7c56614f1e92ac2855a4bb8d
textures/flatlist/_win/s101a_toilet_sdw00_alp_ovl.bmp.ctxr,textures/flatlist/_win,s101a_toilet_sdw00_alp_ovl.bmp.ctxr,s101a_toilet_sdw00_alp_ovl.bmp,ctxr,27616,e2d93bd522d3008fc5f8318de1538a4d3ccc4964
textures/flatlist/_win/s101a_toilet_sdw01_alp_ovl.bmp.ctxr,textures/flatlist/_win,s101a_toilet_sdw01_alp_ovl.bmp.ctxr,s101a_toilet_sdw01_alp_ovl.bmp,ctxr,16704,2522315ed5088eba8ea7c0b7803aeb9cb346a107
textures/flatlist/_win/s101a_toilet_sdw02_alp_ovl.bmp.ctxr,textures/flatlist/_win,s101a_toilet_sdw02_alp_ovl.bmp.ctxr,s101a_toilet_sdw02_alp_ovl.bmp,ctxr,5376,f3d49c3ec8f25849cc375c111fdce01177a328b0
textures/flatlist/_win/s101a_vent_b00_alp_ovl.bmp.ctxr,textures/flatlist/_win,s101a_vent_b00_alp_ovl.bmp.ctxr,s101a_vent_b00_alp_ovl.bmp,ctxr,8480,de3635ea298c953764df026019ce28052a901539
textures/flatlist/_win/s101a_vent_b00_alp_ovl.bmp_555f5325e56974d11f2a8f5ac1a4d5a3.ctxr,textures/flatlist/_win,s101a_vent_b00_alp_ovl.bmp_555f5325e56974d11f2a8f5ac1a4d5a3.ctxr,s101a_vent_b00_alp_ovl.bmp_555f5325e56974d11f2a8f5ac1a4d5a3,ctxr,8480,dd7f501e495aa8c1e7ca0b8fcff549519aa78d8f
textures/flatlist/_win/s101a_wall_d00.bmp.ctxr,textures/flatlist/_win,s101a_wall_d00.bmp.ctxr,s101a_wall_d00.bmp,ctxr,98656,a1855d562d58dc4eddc0f6ef40935cee9eb7444f
textures/flatlist/_win/s101a_wall_grass00.bmp.ctxr,textures/flatlist/_win,s101a_wall_grass00.bmp.ctxr,s101a_wall_grass00.bmp,ctxr,349920,fe7d8bf393c689ebb679908d5108bf637ec5e9d9
textures/flatlist/_win/s101a_wall_tile00.bmp.ctxr,textures/flatlist/_win,s101a_wall_tile00.bmp.ctxr,s101a_wall_tile00.bmp,ctxr,699488,58d3179b10e76dc2f0f1323b75592f909859b7d5
textures/flatlist/_win/s101a_water00.bmp.ctxr,textures/flatlist/_win,s101a_water00.bmp.ctxr,s101a_water00.bmp,ctxr,44064,a862bc54858883a8d1dbffc588f9ce31961014db
textures/flatlist/_win/s101a_win00_alp_ovl.bmp.ctxr,textures/flatlist/_win,s101a_win00_alp_ovl.bmp.ctxr,s101a_win00_alp_ovl.bmp,ctxr,22496,c511b1d2f7559f77a9424f6695900b13600222c3
textures/flatlist/_win/s101a_win_waku00.bmp.ctxr,textures/flatlist/_win,s101a_win_waku00.bmp.ctxr,s101a_win_waku00.bmp,ctxr,8480,431503366a1ccd9ceb7beac32580b7abe91532b6
textures/flatlist/_win/s111a_bed_01.bmp.ctxr,textures/flatlist/_win,s111a_bed_01.bmp.ctxr,s111a_bed_01.bmp,ctxr,699488,2183456e78759f59df5ec186b5feadfff4004488
textures/flatlist/_win/s111a_bed_02.bmp.ctxr,textures/flatlist/_win,s111a_bed_02.bmp.ctxr,s111a_bed_02.bmp,ctxr,349920,fd5a29b09b1c2dde8ed0dcb0c9c6fb53bdb13a6f
textures/flatlist/_win/s111a_bed_03.bmp.ctxr,textures/flatlist/_win,s111a_bed_03.bmp.ctxr,s111a_bed_03.bmp,ctxr,4416,ad4a3e29013e1509ea8f1b519b5212215da895b3
textures/flatlist/_win/s111a_bed_03.bmp_bb1e731c49c15efb596861d128993c0c.ctxr,textures/flatlist/_win,s111a_bed_03.bmp_bb1e731c49c15efb596861d128993c0c.ctxr,s111a_bed_03.bmp_bb1e731c49c15efb596861d128993c0c,ctxr,4416,9efde3321b54407c1b42e60951dc051e23705d21
textures/flatlist/_win/s111a_bed_04.bmp.ctxr,textures/flatlist/_win,s111a_bed_04.bmp.ctxr,s111a_bed_04.bmp,ctxr,44064,2adb0ed31e72a278b422862474dcba28d7ca0619
textures/flatlist/_win/s111a_cement_01.bmp.ctxr,textures/flatlist/_win,s111a_cement_01.bmp.ctxr,s111a_cement_01.bmp,ctxr,13984,260ee25363b2708e947a012a3016f9d8353dcf5a
textures/flatlist/_win/s111a_cement_02.bmp.ctxr,textures/flatlist/_win,s111a_cement_02.bmp.ctxr,s111a_cement_02.bmp,ctxr,13984,317e114b145ba2e8b1748e5864173a83c8e03705
textures/flatlist/_win/s111a_corridor_meca_01.bmp.ctxr,textures/flatlist/_win,s111a_corridor_meca_01.bmp.ctxr,s111a_corridor_meca_01.bmp,ctxr,8480,ce699dbcd67e48f20162d991a8b5cb89459d8c56
textures/flatlist/_win/s111a_corridor_poster_01_alp_ovl.bmp.ctxr,textures/flatlist/_win,s111a_corridor_poster_01_alp_ovl.bmp.ctxr,s111a_corridor_poster_01_alp_ovl.bmp,ctxr,33088,98c8bd9389019ad867872c7d00063a9a54f72df4
textures/flatlist/_win/s111a_corridor_win_01_alp_ovl.bmp.ctxr,textures/flatlist/_win,s111a_corridor_win_01_alp_ovl.bmp.ctxr,s111a_corridor_win_01_alp_ovl.bmp,ctxr,16704,45d63d11b46ef456f0eedb8bf6c8ad6635cece7a
textures/flatlist/_win/s111a_corridor_win_02.bmp.ctxr,textures/flatlist/_win,s111a_corridor_win_02.bmp.ctxr,s111a_corridor_win_02.bmp,ctxr,16704,455ceca79e637bc600e295a248fecca2085120ca
textures/flatlist/_win/s111a_cor_light_04_alp_ovl.bmp.ctxr,textures/flatlist/_win,s111a_cor_light_04_alp_ovl.bmp.ctxr,s111a_cor_light_04_alp_ovl.bmp,ctxr,22848,b08ac7790d12696cdbd3b83dae487e9da55c7794
textures/flatlist/_win/s111a_cor_light_04_alp_ovl.bmp_021b07b7df51f8f503e8c66c8b8686b1.ctxr,textures/flatlist/_win,s111a_cor_light_04_alp_ovl.bmp_021b07b7df51f8f503e8c66c8b8686b1.ctxr,s111a_cor_light_04_alp_ovl.bmp_021b07b7df51f8f503e8c66c8b8686b1,ctxr,22848,f499fd2dd0dff2590440fec3d0275dfd9651826b
textures/flatlist/_win/s111a_cor_roof_02.bmp.ctxr,textures/flatlist/_win,s111a_cor_roof_02.bmp.ctxr,s111a_cor_roof_02.bmp,ctxr,35840,35af4a56787a2f5bcc4830a88bba33ef78c4c14d
textures/flatlist/_win/s111a_desk_01.bmp.ctxr,textures/flatlist/_win,s111a_desk_01.bmp.ctxr,s111a_desk_01.bmp,ctxr,8480,851c794db8274ef72b3ffea2f1fffd415d28dad6
textures/flatlist/_win/s111a_desk_02.bmp.ctxr,textures/flatlist/_win,s111a_desk_02.bmp.ctxr,s111a_desk_02.bmp,ctxr,38528,d5f4b533243892b3bc3dd292f770418e18dab900
textures/flatlist/_win/s111a_desk_03.bmp.ctxr,textures/flatlist/_win,s111a_desk_03.bmp.ctxr,s111a_desk_03.bmp,ctxr,19424,b85e22864cc8ff6f15ce6e123fc5cbd7fecb99f9
textures/flatlist/_win/s111a_desk_04_decal_alp_ovl.bmp.ctxr,textures/flatlist/_win,s111a_desk_04_decal_alp_ovl.bmp.ctxr,s111a_desk_04_decal_alp_ovl.bmp,ctxr,13984,859092153ca3a6f1817e549f9e49c91b2a22849c
textures/flatlist/_win/s111a_desk_06.bmp.ctxr,textures/flatlist/_win,s111a_desk_06.bmp.ctxr,s111a_desk_06.bmp,ctxr,19424,932f5c27a8aa7ebb88cacc9f883af601edbc6037
textures/flatlist/_win/s111a_desk_07.bmp.ctxr,textures/flatlist/_win,s111a_desk_07.bmp.ctxr,s111a_desk_07.bmp,ctxr,16704,2c91ca007d7c9185f8657e4b3499983d90004514
textures/flatlist/_win/s111a_desk_08.bmp.ctxr,textures/flatlist/_win,s111a_desk_08.bmp.ctxr,s111a_desk_08.bmp,ctxr,12576,53911ed9ba373c194741e48c3690b4e72afd4ba5
textures/flatlist/_win/s111a_door_01.bmp.ctxr,textures/flatlist/_win,s111a_door_01.bmp.ctxr,s111a_door_01.bmp,ctxr,349952,f76efb20a9363251e58b6747fa5a50a8fa5589a8
textures/flatlist/_win/s111a_door_04.bmp.ctxr,textures/flatlist/_win,s111a_door_04.bmp.ctxr,s111a_door_04.bmp,ctxr,699488,37c21db5746fc9a13d2bac03dc5b77c73aa9aca4
textures/flatlist/_win/s111a_floor_01_alp_ovl.bmp.ctxr,textures/flatlist/_win,s111a_floor_01_alp_ovl.bmp.ctxr,s111a_floor_01_alp_ovl.bmp,ctxr,93184,72ea3bb29fb66d6201a48cc4830cbeda23fb4f33
textures/flatlist/_win/s111a_floor_02_alp_ovl.bmp.ctxr,textures/flatlist/_win,s111a_floor_02_alp_ovl.bmp.ctxr,s111a_floor_02_alp_ovl.bmp,ctxr,131424,cfb4afbd54de89baaccd5465a68ca143cec2e181
textures/flatlist/_win/s111a_floor_03_alp_ovl.bmp.ctxr,textures/flatlist/_win,s111a_floor_03_alp_ovl.bmp.ctxr,s111a_floor_03_alp_ovl.bmp,ctxr,262528,05a3a47d59f24236ed9a8d72328327e57173d8c6
textures/flatlist/_win/s111a_heater_03.bmp_18eae6d5809a460ee43213d7afedf62c.ctxr,textures/flatlist/_win,s111a_heater_03.bmp_18eae6d5809a460ee43213d7afedf62c.ctxr,s111a_heater_03.bmp_18eae6d5809a460ee43213d7afedf62c,ctxr,4416,0f2f5d24ab9227c97712c98693708d1311d96501
textures/flatlist/_win/s111a_isu_02.bmp.ctxr,textures/flatlist/_win,s111a_isu_02.bmp.ctxr,s111a_isu_02.bmp,ctxr,12576,fc1c45aa8dff365f2f8fd974b217d1fbf19d93cc
textures/flatlist/_win/s111a_light_stand_00.bmp.ctxr,textures/flatlist/_win,s111a_light_stand_00.bmp.ctxr,s111a_light_stand_00.bmp,ctxr,38528,1cac336128466ce07c283214d15732bc449a0db8
textures/flatlist/_win/s111a_light_stand_01.bmp.ctxr,textures/flatlist/_win,s111a_light_stand_01.bmp.ctxr,s111a_light_stand_01.bmp,ctxr,3744,8dd7b0dbc308f2f704568d7d94b2cbf894979336
textures/flatlist/_win/s111a_nidai_01.bmp.ctxr,textures/flatlist/_win,s111a_nidai_01.bmp.ctxr,s111a_nidai_01.bmp,ctxr,16704,7e91b529d91533bd02cc4ddf92c0ab45658448b7
textures/flatlist/_win/s111a_nidai_03.bmp.ctxr,textures/flatlist/_win,s111a_nidai_03.bmp.ctxr,s111a_nidai_03.bmp,ctxr,6432,0a17d01a8a640b39b2214e513e2c73a1c876e417
textures/flatlist/_win/s111a_oil_can_01.bmp.ctxr,textures/flatlist/_win,s111a_oil_can_01.bmp.ctxr,s111a_oil_can_01.bmp,ctxr,11392,9ac267c0d20b5f9a0b01c360f91f95835f44cb4d
textures/flatlist/_win/s111a_oil_can_02.bmp.ctxr,textures/flatlist/_win,s111a_oil_can_02.bmp.ctxr,s111a_oil_can_02.bmp,ctxr,10528,660e00d70f900696632da826d82b9060f268fb66
textures/flatlist/_win/s111a_room_deco_moji_01_alp_ovl.bmp.ctxr,textures/flatlist/_win,s111a_room_deco_moji_01_alp_ovl.bmp.ctxr,s111a_room_deco_moji_01_alp_ovl.bmp,ctxr,8512,e236b13140870f83608f5f8a515cf00d8bc2b516
textures/flatlist/_win/s111a_room_door02_01.bmp.ctxr,textures/flatlist/_win,s111a_room_door02_01.bmp.ctxr,s111a_room_door02_01.bmp,ctxr,54976,092de3691c7be343f3117b1584e71fabc043c40d
textures/flatlist/_win/s111a_room_door02_02_alp.trans.bmp.ctxr,textures/flatlist/_win,s111a_room_door02_02_alp.trans.bmp.ctxr,s111a_room_door02_02_alp.trans.bmp,ctxr,33088,321b9dc88639244d0c5734e7481e7f8885154593
textures/flatlist/_win/s111a_room_door02_03.bmp.ctxr,textures/flatlist/_win,s111a_room_door02_03.bmp.ctxr,s111a_room_door02_03.bmp,ctxr,7168,45a020a3d3bb9776de0c41a3bf3b1b456d915fe1
textures/flatlist/_win/s111a_room_hako_01.bmp.ctxr,textures/flatlist/_win,s111a_room_hako_01.bmp.ctxr,s111a_room_hako_01.bmp,ctxr,16704,b91da87ee52e3f78df4a32ef327e3abb62ebddc5
textures/flatlist/_win/s111a_room_hako_01.bmp_1833f0582c49c665d6eb91500858dbd9.ctxr,textures/flatlist/_win,s111a_room_hako_01.bmp_1833f0582c49c665d6eb91500858dbd9.ctxr,s111a_room_hako_01.bmp_1833f0582c49c665d6eb91500858dbd9,ctxr,57664,927ed09aa28934551a553ef9c57154b11c2c88cb
textures/flatlist/_win/s111a_room_hako_01.bmp_935e8932457967b8bd4d4d6c213db507.ctxr,textures/flatlist/_win,s111a_room_hako_01.bmp_935e8932457967b8bd4d4d6c213db507.ctxr,s111a_room_hako_01.bmp_935e8932457967b8bd4d4d6c213db507,ctxr,349920,526ac3646005dab36309c90d1b317f55de8cc24b
textures/flatlist/_win/s111a_room_hako_03.bmp.ctxr,textures/flatlist/_win,s111a_room_hako_03.bmp.ctxr,s111a_room_hako_03.bmp,ctxr,57664,14a717d258156b07193dc0b682bf03171c766c22
textures/flatlist/_win/s111a_room_light_01_02_decal_alp_ovl.bmp.ctxr,textures/flatlist/_win,s111a_room_light_01_02_decal_alp_ovl.bmp.ctxr,s111a_room_light_01_02_decal_alp_ovl.bmp,ctxr,8512,3e2a29b32aeedf0f8d5dd2f6767d2b1207a1fc93
textures/flatlist/_win/s111a_room_light_01_decal_alp_ovl.bmp.ctxr,textures/flatlist/_win,s111a_room_light_01_decal_alp_ovl.bmp.ctxr,s111a_room_light_01_decal_alp_ovl.bmp,ctxr,8512,a50f5be324f4e2abe32c52d4339afa1624c0b6b3
textures/flatlist/_win/s111a_room_light_02_alp_ovl.bmp.ctxr,textures/flatlist/_win,s111a_room_light_02_alp_ovl.bmp.ctxr,s111a_room_light_02_alp_ovl.bmp,ctxr,8480,d8998b77adcdb30dc322ae6bcbb221ce4d8fa296
textures/flatlist/_win/s111a_room_light_10.bmp.ctxr,textures/flatlist/_win,s111a_room_light_10.bmp.ctxr,s111a_room_light_10.bmp,ctxr,3360,f5ee9789b9f7d6cfb69274d3f960b552fdee8525
textures/flatlist/_win/s111a_room_meca_01.bmp.ctxr,textures/flatlist/_win,s111a_room_meca_01.bmp.ctxr,s111a_room_meca_01.bmp,ctxr,349952,4241c931138735db00b72bdcc087fcb9dad10a64
textures/flatlist/_win/s111a_room_meca_01.bmp_175fbaef831ce6ad20e5a81ae47085aa.ctxr,textures/flatlist/_win,s111a_room_meca_01.bmp_175fbaef831ce6ad20e5a81ae47085aa.ctxr,s111a_room_meca_01.bmp_175fbaef831ce6ad20e5a81ae47085aa,ctxr,54976,83da5ee455b1bb03a99ee2cf7230d589696b2232
textures/flatlist/_win/s111a_room_meca_03_decal_alp_add_ovl.bmp.ctxr,textures/flatlist/_win,s111a_room_meca_03_decal_alp_add_ovl.bmp.ctxr,s111a_room_meca_03_decal_alp_add_ovl.bmp,ctxr,27616,5032d4548c055e963f2be1c4da8faa8f93cce4cd
textures/flatlist/_win/s111a_s091a_121gatefl00.bmp.ctxr,textures/flatlist/_win,s111a_s091a_121gatefl00.bmp.ctxr,s111a_s091a_121gatefl00.bmp,ctxr,10560,6f9f1f45047ef2c8c5133b77a8708694654236be
textures/flatlist/_win/s111a_s091a_121wall00.bmp.ctxr,textures/flatlist/_win,s111a_s091a_121wall00.bmp.ctxr,s111a_s091a_121wall00.bmp,ctxr,14656,285a3edda9642b10ecc65cad599baf588a8520e4
textures/flatlist/_win/s111a_s091a_door00.bmp.ctxr,textures/flatlist/_win,s111a_s091a_door00.bmp.ctxr,s111a_s091a_door00.bmp,ctxr,12608,a37426ff53893e65389d2fdc60a243a71474ecba
textures/flatlist/_win/s111a_s091a_door01.bmp.ctxr,textures/flatlist/_win,s111a_s091a_door01.bmp.ctxr,s111a_s091a_door01.bmp,ctxr,12608,6c8eed84c562801b9ca401f7eaacca7d2c417950
textures/flatlist/_win/s111a_s091a_durmcan00.bmp.ctxr,textures/flatlist/_win,s111a_s091a_durmcan00.bmp.ctxr,s111a_s091a_durmcan00.bmp,ctxr,24896,31cd3c4a2588bcc6ebd4962fcd9d0f21b2351227
textures/flatlist/_win/s111a_s091a_endoor00.bmp.ctxr,textures/flatlist/_win,s111a_s091a_endoor00.bmp.ctxr,s111a_s091a_endoor00.bmp,ctxr,27616,cb1ed16845fa12c17204d18539161fc1ff0f08e7
textures/flatlist/_win/s111a_s091a_enfl00.bmp.ctxr,textures/flatlist/_win,s111a_s091a_enfl00.bmp.ctxr,s111a_s091a_enfl00.bmp,ctxr,20768,2301fea737e0503a944e0ca2abaa2b58ebac23b9
textures/flatlist/_win/s111a_s091a_fencebar00.bmp.ctxr,textures/flatlist/_win,s111a_s091a_fencebar00.bmp.ctxr,s111a_s091a_fencebar00.bmp,ctxr,8512,8486bfade20f719c7594b7da3bd058d53d9c4143
textures/flatlist/_win/s111a_s091a_fl06a.bmp.ctxr,textures/flatlist/_win,s111a_s091a_fl06a.bmp.ctxr,s111a_s091a_fl06a.bmp,ctxr,9472,a829158c2a4d1707650f16429bed8caa00dc84fc
textures/flatlist/_win/s111a_s091a_flpnl01_alp_ovl.bmp.ctxr,textures/flatlist/_win,s111a_s091a_flpnl01_alp_ovl.bmp.ctxr,s111a_s091a_flpnl01_alp_ovl.bmp,ctxr,4384,7f781f6419497c648e6e279103895fe099ee7cf6
textures/flatlist/_win/s111a_s091a_flpnl03_alp_ovl.bmp.ctxr,textures/flatlist/_win,s111a_s091a_flpnl03_alp_ovl.bmp.ctxr,s111a_s091a_flpnl03_alp_ovl.bmp,ctxr,16704,bd79512a21f9dcbfb04a405c6015f6f24e02bab7
textures/flatlist/_win/s111a_s091a_flrusty00_alp_ovl.bmp.ctxr,textures/flatlist/_win,s111a_s091a_flrusty00_alp_ovl.bmp.ctxr,s111a_s091a_flrusty00_alp_ovl.bmp,ctxr,4384,6dec9dac198a2187ec34660c65141c360e53f712
textures/flatlist/_win/s111a_s091a_gate00.bmp.ctxr,textures/flatlist/_win,s111a_s091a_gate00.bmp.ctxr,s111a_s091a_gate00.bmp,ctxr,12608,e7021507f1d6c3059e5b437b65d1ba1de5a0e9e9
textures/flatlist/_win/s111a_s091a_gate01.bmp.ctxr,textures/flatlist/_win,s111a_s091a_gate01.bmp.ctxr,s111a_s091a_gate01.bmp,ctxr,8512,195f269fd70bc4e5f3b08d5af6bfcbe939889ee8
textures/flatlist/_win/s111a_s091a_gatedoor01.bmp.ctxr,textures/flatlist/_win,s111a_s091a_gatedoor01.bmp.ctxr,s111a_s091a_gatedoor01.bmp,ctxr,3744,e0b8a032114aff09fb187027985aed1a779eebe4
textures/flatlist/_win/s111a_s091a_hangar_doors.bmp.ctxr,textures/flatlist/_win,s111a_s091a_hangar_doors.bmp.ctxr,s111a_s091a_hangar_doors.bmp,ctxr,4416,b05c5bab654b65272a511d94ee40b3f6b9a55065
textures/flatlist/_win/s111a_s091a_holea_alp_ovl.bmp.ctxr,textures/flatlist/_win,s111a_s091a_holea_alp_ovl.bmp.ctxr,s111a_s091a_holea_alp_ovl.bmp,ctxr,4384,a486f8359ea082863c90225b5e08eae6a6e1834f
textures/flatlist/_win/s111a_s091a_ironb.bmp.ctxr,textures/flatlist/_win,s111a_s091a_ironb.bmp.ctxr,s111a_s091a_ironb.bmp,ctxr,12576,652adf46501c6bf330c37754cad900d566c9faed
textures/flatlist/_win/s111a_s091a_irond.bmp.ctxr,textures/flatlist/_win,s111a_s091a_irond.bmp.ctxr,s111a_s091a_irond.bmp,ctxr,3840,4c0f35f93e262028fdae158ee75a6513e2136887
textures/flatlist/_win/s111a_s091a_kanbana.bmp.ctxr,textures/flatlist/_win,s111a_s091a_kanbana.bmp.ctxr,s111a_s091a_kanbana.bmp,ctxr,2816,9a0a75f713254caf309cca4a2467558f221dcb80
textures/flatlist/_win/s111a_s091a_kanbanbura.bmp.ctxr,textures/flatlist/_win,s111a_s091a_kanbanbura.bmp.ctxr,s111a_s091a_kanbanbura.bmp,ctxr,4704,1236c104794bbe8207aededdc9cb638e4354b869
textures/flatlist/_win/s111a_s091a_pipeb.bmp.ctxr,textures/flatlist/_win,s111a_s091a_pipeb.bmp.ctxr,s111a_s091a_pipeb.bmp,ctxr,13568,5c13f0f33f91adb3bd2012710c3e7c335c55a134
textures/flatlist/_win/s111a_s091a_pipec.bmp.ctxr,textures/flatlist/_win,s111a_s091a_pipec.bmp.ctxr,s111a_s091a_pipec.bmp,ctxr,16736,d519cbdbd2abd6ec210bc17c0013fd1c98f77c1f
textures/flatlist/_win/s111a_s091a_sewerfl00c.bmp.ctxr,textures/flatlist/_win,s111a_s091a_sewerfl00c.bmp.ctxr,s111a_s091a_sewerfl00c.bmp,ctxr,6432,d2ea8a839cd20624bd7ceab45fa842128a3a7d2b
textures/flatlist/_win/s111a_s091a_sysa.bmp.ctxr,textures/flatlist/_win,s111a_s091a_sysa.bmp.ctxr,s111a_s091a_sysa.bmp,ctxr,5760,0fad6d7bc4e8a4ca07d129ae5ca681b82ad8533d
textures/flatlist/_win/s111a_s091a_taiyakona_alp_ovl.bmp.ctxr,textures/flatlist/_win,s111a_s091a_taiyakona_alp_ovl.bmp.ctxr,s111a_s091a_taiyakona_alp_ovl.bmp,ctxr,14016,06398fc5ed586c581bff83687723ba3ea29ce76a
textures/flatlist/_win/s111a_s091a_taiyakonb_alp_ovl.bmp.ctxr,textures/flatlist/_win,s111a_s091a_taiyakonb_alp_ovl.bmp.ctxr,s111a_s091a_taiyakonb_alp_ovl.bmp,ctxr,14656,4b2e0d79748abab7347b819670578dfa66e1f102
textures/flatlist/_win/s111a_s091a_wall00_alp_ovl.bmp.ctxr,textures/flatlist/_win,s111a_s091a_wall00_alp_ovl.bmp.ctxr,s111a_s091a_wall00_alp_ovl.bmp,ctxr,16704,06a84dfc59726f35afc3e6bf29b99cb100ebce04
textures/flatlist/_win/s111a_s091a_wall01.bmp.ctxr,textures/flatlist/_win,s111a_s091a_wall01.bmp.ctxr,s111a_s091a_wall01.bmp,ctxr,16704,7384ca376389b8c27974af8908b3309a32bdde30
textures/flatlist/_win/s111a_s091a_wallparts00_alp_ovl.bmp.ctxr,textures/flatlist/_win,s111a_s091a_wallparts00_alp_ovl.bmp.ctxr,s111a_s091a_wallparts00_alp_ovl.bmp,ctxr,4384,00dd802ff57ebbc7250e7c9f115db3b5dfb42302
textures/flatlist/_win/s111a_s091a_watchtower02.bmp.ctxr,textures/flatlist/_win,s111a_s091a_watchtower02.bmp.ctxr,s111a_s091a_watchtower02.bmp,ctxr,48096,7aeb849b4db7ea580fe507ae4fe9bf33be64acff
textures/flatlist/_win/s111a_sotokabe_02.bmp.ctxr,textures/flatlist/_win,s111a_sotokabe_02.bmp.ctxr,s111a_sotokabe_02.bmp,ctxr,69952,2a01f1378493590dfcce028bc04854d72a0e4811
textures/flatlist/_win/s111a_sotokabe_03.bmp.ctxr,textures/flatlist/_win,s111a_sotokabe_03.bmp.ctxr,s111a_sotokabe_03.bmp,ctxr,69952,719fd4e2cca2d06cfa336549f9c35b764ef5f66a
textures/flatlist/_win/s111a_sotokabe_04.bmp.ctxr,textures/flatlist/_win,s111a_sotokabe_04.bmp.ctxr,s111a_sotokabe_04.bmp,ctxr,17728,2726175801a73e048c86fb5093177c847adc4335
textures/flatlist/_win/s111a_tana_02.bmp.ctxr,textures/flatlist/_win,s111a_tana_02.bmp.ctxr,s111a_tana_02.bmp,ctxr,33088,83eb4e5d1544d5875e33ba3c9f98c2ce2ab94388
textures/flatlist/_win/s111a_tana_04.bmp.ctxr,textures/flatlist/_win,s111a_tana_04.bmp.ctxr,s111a_tana_04.bmp,ctxr,16736,6bd5bce25bbf551e67c633d570cdf07077c37880
textures/flatlist/_win/s111a_tana_05.bmp.ctxr,textures/flatlist/_win,s111a_tana_05.bmp.ctxr,s111a_tana_05.bmp,ctxr,2336,112c03d500c98def1091fd98b179b0d883b4c39e
textures/flatlist/_win/s111a_tana_06.bmp.ctxr,textures/flatlist/_win,s111a_tana_06.bmp.ctxr,s111a_tana_06.bmp,ctxr,8480,2720680ac01f078d4134d4f35b5c6abff7571979
textures/flatlist/_win/s111a_toilet_03.bmp.ctxr,textures/flatlist/_win,s111a_toilet_03.bmp.ctxr,s111a_toilet_03.bmp,ctxr,20768,2f2a747b3562716c94b0e96f146f8df830918bc7
textures/flatlist/_win/s111a_toilet_04.bmp.ctxr,textures/flatlist/_win,s111a_toilet_04.bmp.ctxr,s111a_toilet_04.bmp,ctxr,87744,6b7dad479e1293eb5b615e9209c7baf3367ed930
textures/flatlist/_win/s111a_toilet_05.bmp.ctxr,textures/flatlist/_win,s111a_toilet_05.bmp.ctxr,s111a_toilet_05.bmp,ctxr,3712,39d4a77a86f78cc86cc1540309039379cd80f530
textures/flatlist/_win/s111a_toilet_06.bmp.ctxr,textures/flatlist/_win,s111a_toilet_06.bmp.ctxr,s111a_toilet_06.bmp,ctxr,4384,8e5089ceee11eb11955ec781ee66b0fe5a682206
textures/flatlist/_win/s111a_txt_00_alp_ovl.bmp.ctxr,textures/flatlist/_win,s111a_txt_00_alp_ovl.bmp.ctxr,s111a_txt_00_alp_ovl.bmp,ctxr,16704,556b2464b574d6f2f0264ee3ed3f3687d7c0819d
textures/flatlist/_win/s111a_wall_01.bmp.ctxr,textures/flatlist/_win,s111a_wall_01.bmp.ctxr,s111a_wall_01.bmp,ctxr,1398528,62142707111e219436410f9aee0a772d5430ab4e
textures/flatlist/_win/s111a_wall_02.bmp.ctxr,textures/flatlist/_win,s111a_wall_02.bmp.ctxr,s111a_wall_02.bmp,ctxr,262528,de0b31e7bd632c9ce133ccb16571c41485dc84bf
textures/flatlist/_win/s111a_wall_03.bmp.ctxr,textures/flatlist/_win,s111a_wall_03.bmp.ctxr,s111a_wall_03.bmp,ctxr,699488,d3935d0a4d28d78cea66c56477f34be210f758b7
textures/flatlist/_win/s111a_wall_05.bmp.ctxr,textures/flatlist/_win,s111a_wall_05.bmp.ctxr,s111a_wall_05.bmp,ctxr,30368,9277547a0c72a258d099b4ce1621f74f12b23968
textures/flatlist/_win/s111a_wall_08.bmp.ctxr,textures/flatlist/_win,s111a_wall_08.bmp.ctxr,s111a_wall_08.bmp,ctxr,65920,0e1125f525811f1c919c3e0360fdf47b38b01d63
textures/flatlist/_win/s111a_window_01.bmp.ctxr,textures/flatlist/_win,s111a_window_01.bmp.ctxr,s111a_window_01.bmp,ctxr,55008,4da42a95871329eee0c66958a93b9e682d8aa7ab
textures/flatlist/_win/s111a_window_04.bmp.ctxr,textures/flatlist/_win,s111a_window_04.bmp.ctxr,s111a_window_04.bmp,ctxr,4384,a28cfa2d31c2e40d9b35a24daed509ab86c56646
textures/flatlist/_win/s111a_zumen_01_alp_ovl.bmp.ctxr,textures/flatlist/_win,s111a_zumen_01_alp_ovl.bmp.ctxr,s111a_zumen_01_alp_ovl.bmp,ctxr,262528,6c2b8e37e9d9c16291e8ba18ab702ef0016e3b65
textures/flatlist/_win/s111a_zumen_02_alp_ovl.bmp.ctxr,textures/flatlist/_win,s111a_zumen_02_alp_ovl.bmp.ctxr,s111a_zumen_02_alp_ovl.bmp,ctxr,63136,10f20b9be55e64368249e24c6f96be0b1edd9295
textures/flatlist/_win/s111a_zumen_03_alp_ovl.bmp.ctxr,textures/flatlist/_win,s111a_zumen_03_alp_ovl.bmp.ctxr,s111a_zumen_03_alp_ovl.bmp,ctxr,65888,36c4546f5fb5e65a768c832d5ae23fbb467a2a2b
textures/flatlist/_win/s111a_zumen_04_alp_ovl.bmp.ctxr,textures/flatlist/_win,s111a_zumen_04_alp_ovl.bmp.ctxr,s111a_zumen_04_alp_ovl.bmp,ctxr,63136,cf915c3a5f612dc432f538b4190990fdbb78f295
textures/flatlist/_win/s111a_zumen_05_alp_ovl.bmp.ctxr,textures/flatlist/_win,s111a_zumen_05_alp_ovl.bmp.ctxr,s111a_zumen_05_alp_ovl.bmp,ctxr,63136,1920bccc289a76775c4695c1d949e66f65688a35
textures/flatlist/_win/s111a_zumen_06_alp_ovl.bmp.ctxr,textures/flatlist/_win,s111a_zumen_06_alp_ovl.bmp.ctxr,s111a_zumen_06_alp_ovl.bmp,ctxr,65888,7c9a925e6e0557fc41334455d20383dd9ab6e102
textures/flatlist/_win/s112a_bedroom_kage_02_alp_ovl.bmp.ctxr,textures/flatlist/_win,s112a_bedroom_kage_02_alp_ovl.bmp.ctxr,s112a_bedroom_kage_02_alp_ovl.bmp,ctxr,46784,82fa5683eeef3a3af1215557c9261e4ddb0a93a5
textures/flatlist/_win/s112a_blood_01_alp_ovl.bmp.ctxr,textures/flatlist/_win,s112a_blood_01_alp_ovl.bmp.ctxr,s112a_blood_01_alp_ovl.bmp,ctxr,153280,5209295587800dd9711cbb95f77edfffdf6030b0
textures/flatlist/_win/s112a_blood_03_alp_ovl.bmp.ctxr,textures/flatlist/_win,s112a_blood_03_alp_ovl.bmp.ctxr,s112a_blood_03_alp_ovl.bmp,ctxr,95904,7ce6ed76e68467bd41621493a9699c43ac67633b
textures/flatlist/_win/s112a_blood_04_alp_ovl.bmp.ctxr,textures/flatlist/_win,s112a_blood_04_alp_ovl.bmp.ctxr,s112a_blood_04_alp_ovl.bmp,ctxr,136864,b5d8ed6265fd7b5bd1a2cca8184c0d27c614f8c7
textures/flatlist/_win/s112a_blood_05_alp_ovl.bmp.ctxr,textures/flatlist/_win,s112a_blood_05_alp_ovl.bmp.ctxr,s112a_blood_05_alp_ovl.bmp,ctxr,84288,330657653cc11a0b2f18bc06701bc250e1dc2570
textures/flatlist/_win/s112a_board_01.bmp.ctxr,textures/flatlist/_win,s112a_board_01.bmp.ctxr,s112a_board_01.bmp,ctxr,54976,149d515ebb9faf19be32406fc403c004ddd96975
textures/flatlist/_win/s112a_cell_dai_01.bmp.ctxr,textures/flatlist/_win,s112a_cell_dai_01.bmp.ctxr,s112a_cell_dai_01.bmp,ctxr,2336,67a49701f25454d88e8bcce341ebdc6ca13f80e0
textures/flatlist/_win/s112a_cell_dai_02.bmp.ctxr,textures/flatlist/_win,s112a_cell_dai_02.bmp.ctxr,s112a_cell_dai_02.bmp,ctxr,87776,956800a30ce0d17948a4671399acec6f2d7773b5
textures/flatlist/_win/s112a_cell_dai_03.bmp.ctxr,textures/flatlist/_win,s112a_cell_dai_03.bmp.ctxr,s112a_cell_dai_03.bmp,ctxr,9152,5973f9eedc3c3257d4db5219968d5818a1104f93
textures/flatlist/_win/s112a_cell_floor_kage_01_alp_ovl.bmp.ctxr,textures/flatlist/_win,s112a_cell_floor_kage_01_alp_ovl.bmp.ctxr,s112a_cell_floor_kage_01_alp_ovl.bmp,ctxr,109600,ed18897e0646191cea2135b4c774817dc0786030
textures/flatlist/_win/s112a_cell_ironbars_01.bmp.ctxr,textures/flatlist/_win,s112a_cell_ironbars_01.bmp.ctxr,s112a_cell_ironbars_01.bmp,ctxr,5792,007f7aaaf98fbaba6bce4ea17935a53e2fb5c3ee
textures/flatlist/_win/s112a_cell_ironbars_02.bmp.ctxr,textures/flatlist/_win,s112a_cell_ironbars_02.bmp.ctxr,s112a_cell_ironbars_02.bmp,ctxr,175200,dc3206f9a47fc4fb84046018d8fe6614bf8f9751
textures/flatlist/_win/s112a_cell_ironbars_03.bmp.ctxr,textures/flatlist/_win,s112a_cell_ironbars_03.bmp.ctxr,s112a_cell_ironbars_03.bmp,ctxr,44096,92b2950fd5493c0b89c1c403cc7be90354bc1ec9
textures/flatlist/_win/s112a_cell_ironbars_04.bmp.ctxr,textures/flatlist/_win,s112a_cell_ironbars_04.bmp.ctxr,s112a_cell_ironbars_04.bmp,ctxr,41312,83786cd879efed4f7bf369206444430f3cb1888e
textures/flatlist/_win/s112a_cell_ironbars_05.bmp.ctxr,textures/flatlist/_win,s112a_cell_ironbars_05.bmp.ctxr,s112a_cell_ironbars_05.bmp,ctxr,16704,602676089b6d750128a410bc6d4a3c4fc6a4d163
textures/flatlist/_win/s112a_cell_ironbars_06.bmp.ctxr,textures/flatlist/_win,s112a_cell_ironbars_06.bmp.ctxr,s112a_cell_ironbars_06.bmp,ctxr,44096,7ed0a2896fea8756b740ef56d3f6ead084a2fa6a
textures/flatlist/_win/s112a_cell_ironbars_07.bmp.ctxr,textures/flatlist/_win,s112a_cell_ironbars_07.bmp.ctxr,s112a_cell_ironbars_07.bmp,ctxr,44096,28c77a11c777f9ebcc72aedf394ba08fb535ba55
textures/flatlist/_win/s112a_cell_ironbars_08.bmp.ctxr,textures/flatlist/_win,s112a_cell_ironbars_08.bmp.ctxr,s112a_cell_ironbars_08.bmp,ctxr,175200,a7c20dd77abe51845c7733f1dfda04dbc5d71507
textures/flatlist/_win/s112a_cell_wall_01.bmp.ctxr,textures/flatlist/_win,s112a_cell_wall_01.bmp.ctxr,s112a_cell_wall_01.bmp,ctxr,699488,7df398a273b834ad1856f6e499c971d4d7c85430
textures/flatlist/_win/s112a_cor_deco_01_alp_ovl.bmp.ctxr,textures/flatlist/_win,s112a_cor_deco_01_alp_ovl.bmp.ctxr,s112a_cor_deco_01_alp_ovl.bmp,ctxr,6432,1c0aed2cdc2d22437cac2d97c9540b68ae005269
textures/flatlist/_win/s112a_cor_floor_01.bmp.ctxr,textures/flatlist/_win,s112a_cor_floor_01.bmp.ctxr,s112a_cor_floor_01.bmp,ctxr,196960,ed76dc0582f0098575b93322456d4682eacc6876
textures/flatlist/_win/s112a_cor_floor_02.bmp.ctxr,textures/flatlist/_win,s112a_cor_floor_02.bmp.ctxr,s112a_cor_floor_02.bmp,ctxr,1398528,e4d06a67cf9c831f780de4cdd2e17297e4bea717
textures/flatlist/_win/s112a_cor_floor_03.bmp.ctxr,textures/flatlist/_win,s112a_cor_floor_03.bmp.ctxr,s112a_cor_floor_03.bmp,ctxr,1398528,4a6c461c65247b8853a14254b160fe5b12d4df2b
textures/flatlist/_win/s112a_cor_floor_04.bmp.ctxr,textures/flatlist/_win,s112a_cor_floor_04.bmp.ctxr,s112a_cor_floor_04.bmp,ctxr,98656,d2537460bd35e95974c66242d522c7468f567da4
textures/flatlist/_win/s112a_cor_floor_05.bmp.ctxr,textures/flatlist/_win,s112a_cor_floor_05.bmp.ctxr,s112a_cor_floor_05.bmp,ctxr,1398528,bcb6c007400214493a9302a15a733cd23a2cfc8c
textures/flatlist/_win/s112a_cor_floor_06.bmp.ctxr,textures/flatlist/_win,s112a_cor_floor_06.bmp.ctxr,s112a_cor_floor_06.bmp,ctxr,113440,92576fd0766a5c59cf4c2a15bd102b003b6bcbc9
textures/flatlist/_win/s112a_cor_floor_07.bmp.ctxr,textures/flatlist/_win,s112a_cor_floor_07.bmp.ctxr,s112a_cor_floor_07.bmp,ctxr,699488,1efc851e7a74cb9b697be3e4fa48b5711ca1124a
textures/flatlist/_win/s112a_cor_ironbars_01.bmp.ctxr,textures/flatlist/_win,s112a_cor_ironbars_01.bmp.ctxr,s112a_cor_ironbars_01.bmp,ctxr,33120,74bc67bb4637e2ef62b206b95988d35181cc03be
textures/flatlist/_win/s112a_cor_meca_01.bmp.ctxr,textures/flatlist/_win,s112a_cor_meca_01.bmp.ctxr,s112a_cor_meca_01.bmp,ctxr,19424,1b63f72a1efc1b28f49ae164bc70bfc8e84fb774
textures/flatlist/_win/s112a_cor_wall_kage_01_alp_ovl.bmp.ctxr,textures/flatlist/_win,s112a_cor_wall_kage_01_alp_ovl.bmp.ctxr,s112a_cor_wall_kage_01_alp_ovl.bmp,ctxr,16704,5c8fd1388ad70c8aee27894e9d2aaaba522fa4a1
textures/flatlist/_win/s112a_deco_num_alp_ovl.bmp.ctxr,textures/flatlist/_win,s112a_deco_num_alp_ovl.bmp.ctxr,s112a_deco_num_alp_ovl.bmp,ctxr,8512,4c40f04ca82bbb4437c637ca2bd934dbd68b4dae
textures/flatlist/_win/s112a_deco_num_brk_alp_ovl.bmp.ctxr,textures/flatlist/_win,s112a_deco_num_brk_alp_ovl.bmp.ctxr,s112a_deco_num_brk_alp_ovl.bmp,ctxr,8512,111cab5095940f773631494b45da391767fd1266
textures/flatlist/_win/s112a_goumon_floor_01.bmp.ctxr,textures/flatlist/_win,s112a_goumon_floor_01.bmp.ctxr,s112a_goumon_floor_01.bmp,ctxr,1398528,c2b2a6f5ac5a7ac2448a8a68d941a73e6d8eaadb
textures/flatlist/_win/s112a_goumon_kage_01_alp_ovl.bmp.ctxr,textures/flatlist/_win,s112a_goumon_kage_01_alp_ovl.bmp.ctxr,s112a_goumon_kage_01_alp_ovl.bmp,ctxr,65888,a85ab5aa4fbaf423dfb0408bae1f77494fc697a0
textures/flatlist/_win/s112a_goumon_meca_01.bmp.ctxr,textures/flatlist/_win,s112a_goumon_meca_01.bmp.ctxr,s112a_goumon_meca_01.bmp,ctxr,3328,be81130fb437ef8af2a6008402c4905b196240bf
textures/flatlist/_win/s112a_goumon_meca_05.bmp.ctxr,textures/flatlist/_win,s112a_goumon_meca_05.bmp.ctxr,s112a_goumon_meca_05.bmp,ctxr,3712,14cc63557df7f81266b24456ea3cfa34aea3fcd9
textures/flatlist/_win/s112a_goumon_meca_07.bmp.ctxr,textures/flatlist/_win,s112a_goumon_meca_07.bmp.ctxr,s112a_goumon_meca_07.bmp,ctxr,3712,d53dbfc9d70fa3b8bc2f0ae8f6df25dbe94716bf
textures/flatlist/_win/s112a_goumon_meca_08.bmp.ctxr,textures/flatlist/_win,s112a_goumon_meca_08.bmp.ctxr,s112a_goumon_meca_08.bmp,ctxr,6432,04085f44117e02ccb122f4530c69da07aa7a68a7
textures/flatlist/_win/s112a_goumon_meca_09.bmp.ctxr,textures/flatlist/_win,s112a_goumon_meca_09.bmp.ctxr,s112a_goumon_meca_09.bmp,ctxr,87744,28c7bd481341fa206b65e32639892b4745595d6f
textures/flatlist/_win/s112a_goumon_rail_02.bmp.ctxr,textures/flatlist/_win,s112a_goumon_rail_02.bmp.ctxr,s112a_goumon_rail_02.bmp,ctxr,175200,c0a5d3f3eba9d475e71154b2131871140506f3e5
textures/flatlist/_win/s112a_goumon_wall_01.bmp.ctxr,textures/flatlist/_win,s112a_goumon_wall_01.bmp.ctxr,s112a_goumon_wall_01.bmp,ctxr,699488,650c750c66175378998488a55b91aa346a7088ec
textures/flatlist/_win/s112a_kanshi_wall_01_rep.bmp.ctxr,textures/flatlist/_win,s112a_kanshi_wall_01_rep.bmp.ctxr,s112a_kanshi_wall_01_rep.bmp,ctxr,699488,11e3c6df8ed78ab1cd59ddf444ce1d00f88e6490
textures/flatlist/_win/s112a_ne_pos01_alp_ovl.bmp.ctxr,textures/flatlist/_win,s112a_ne_pos01_alp_ovl.bmp.ctxr,s112a_ne_pos01_alp_ovl.bmp,ctxr,18720,0b7d63a748d98c9178de28b10e789a987a3a1e25
textures/flatlist/_win/s112a_ne_pos02_alp_ovl.bmp.ctxr,textures/flatlist/_win,s112a_ne_pos02_alp_ovl.bmp.ctxr,s112a_ne_pos02_alp_ovl.bmp,ctxr,8480,b9cb488ebe7cd6747bebaa927e57871abdc8b091
textures/flatlist/_win/s112a_ne_wc00_alp_ovl.bmp.ctxr,textures/flatlist/_win,s112a_ne_wc00_alp_ovl.bmp.ctxr,s112a_ne_wc00_alp_ovl.bmp,ctxr,65888,ea03e78a9170884a102b40d099515ae4167c6ac7
textures/flatlist/_win/s112a_ne_wc01_alp_ovl.bmp.ctxr,textures/flatlist/_win,s112a_ne_wc01_alp_ovl.bmp.ctxr,s112a_ne_wc01_alp_ovl.bmp,ctxr,65888,0109cdf618551f8a2a3f3d7e0ec6d07258c6eabc
textures/flatlist/_win/s112a_pipe_tome_03.bmp.ctxr,textures/flatlist/_win,s112a_pipe_tome_03.bmp.ctxr,s112a_pipe_tome_03.bmp,ctxr,1792,913bdfe83bf249087361bf0faeb59c6db851b694
textures/flatlist/_win/s112a_room_desk_02.bmp.ctxr,textures/flatlist/_win,s112a_room_desk_02.bmp.ctxr,s112a_room_desk_02.bmp,ctxr,175168,4bbebf946fae669a78d53f1eb2719bb60b2355eb
textures/flatlist/_win/s112a_room_desk_04.bmp.ctxr,textures/flatlist/_win,s112a_room_desk_04.bmp.ctxr,s112a_room_desk_04.bmp,ctxr,175168,a2fe8206a2f0780d2903aed3a9e575fb670f633d
textures/flatlist/_win/s112a_room_ironbars_02.bmp.ctxr,textures/flatlist/_win,s112a_room_ironbars_02.bmp.ctxr,s112a_room_ironbars_02.bmp,ctxr,6464,40d4b6211de00fb4d49ef2594a53cf7fa4440a9e
textures/flatlist/_win/s112a_room_ironbars_03.bmp.ctxr,textures/flatlist/_win,s112a_room_ironbars_03.bmp.ctxr,s112a_room_ironbars_03.bmp,ctxr,5408,f4b13ad6988a071b142ff12580992daeabfe8918
textures/flatlist/_win/s112a_senmen_03.bmp.ctxr,textures/flatlist/_win,s112a_senmen_03.bmp.ctxr,s112a_senmen_03.bmp,ctxr,87744,dcbe2b53cf03b76ff620a6800517e1b2f587d5d4
textures/flatlist/_win/s112a_senmen_04.bmp.ctxr,textures/flatlist/_win,s112a_senmen_04.bmp.ctxr,s112a_senmen_04.bmp,ctxr,4384,7972f1af410c08932e25e62574a1a46f54572d20
textures/flatlist/_win/s112a_senmen_05.bmp.ctxr,textures/flatlist/_win,s112a_senmen_05.bmp.ctxr,s112a_senmen_05.bmp,ctxr,7776,4ae9e718cdd9cfcef648a2566aa7ae60309bc354
textures/flatlist/_win/s112a_slide_door_01.bmp.ctxr,textures/flatlist/_win,s112a_slide_door_01.bmp.ctxr,s112a_slide_door_01.bmp,ctxr,699488,6f270fa65d8979860940609135131bf4d270dd55
textures/flatlist/_win/s112a_slide_door_02.bmp.ctxr,textures/flatlist/_win,s112a_slide_door_02.bmp.ctxr,s112a_slide_door_02.bmp,ctxr,7168,20756961e24d520e6c108acb8ff2f6f344c3dce9
textures/flatlist/_win/s112a_toilet_haisui_01_alp_ovl.bmp.ctxr,textures/flatlist/_win,s112a_toilet_haisui_01_alp_ovl.bmp.ctxr,s112a_toilet_haisui_01_alp_ovl.bmp,ctxr,3328,89e7f0e5dbc4b06c4f731c0180df3be59be8bf85
textures/flatlist/_win/s112a_toilet_jaguchi_03.bmp.ctxr,textures/flatlist/_win,s112a_toilet_jaguchi_03.bmp.ctxr,s112a_toilet_jaguchi_03.bmp,ctxr,992,7803541ddf7ecff4b836fa43bfc754ccb762a56d
textures/flatlist/_win/s112a_toilet_kage_01_alp_ovl.bmp.ctxr,textures/flatlist/_win,s112a_toilet_kage_01_alp_ovl.bmp.ctxr,s112a_toilet_kage_01_alp_ovl.bmp,ctxr,54976,7c732728eb1e8a533995c67fa6c442fc249516fc
textures/flatlist/_win/s112a_toilet_paper_01.bmp.ctxr,textures/flatlist/_win,s112a_toilet_paper_01.bmp.ctxr,s112a_toilet_paper_01.bmp,ctxr,22176,0ed11b4f2a879d6fa2ea008645780bcff8b9e615
textures/flatlist/_win/s112a_toilet_taol_01.bmp.ctxr,textures/flatlist/_win,s112a_toilet_taol_01.bmp.ctxr,s112a_toilet_taol_01.bmp,ctxr,8480,1a83f04ff90419a7199037e3d273eccd8ebf9dce
textures/flatlist/_win/s112a_wall_02.bmp.ctxr,textures/flatlist/_win,s112a_wall_02.bmp.ctxr,s112a_wall_02.bmp,ctxr,699488,69443a9cbfcc3e518d32b0e6c471725efa06db43
textures/flatlist/_win/s112a_wall_door_01.bmp.ctxr,textures/flatlist/_win,s112a_wall_door_01.bmp.ctxr,s112a_wall_door_01.bmp,ctxr,7168,b451ae16c7658a48f3289367a61fc9727ef999dd
textures/flatlist/_win/s112a_wall_door_02.bmp.ctxr,textures/flatlist/_win,s112a_wall_door_02.bmp.ctxr,s112a_wall_door_02.bmp,ctxr,7168,33cf6a06aab69145198fceccb6987884c6cec986
textures/flatlist/_win/s112a_wall_door_04.bmp.ctxr,textures/flatlist/_win,s112a_wall_door_04.bmp.ctxr,s112a_wall_door_04.bmp,ctxr,16704,014751e2d5bbdcf4ed5c0e23023a9532a6d06592
textures/flatlist/_win/s113a_cfloor00_rep.bmp.ctxr,textures/flatlist/_win,s113a_cfloor00_rep.bmp.ctxr,s113a_cfloor00_rep.bmp,ctxr,699488,cfeb655e64a716cc693a7b4ef2fcf43c466a3152
textures/flatlist/_win/s113a_dkt00a.bmp.ctxr,textures/flatlist/_win,s113a_dkt00a.bmp.ctxr,s113a_dkt00a.bmp,ctxr,87744,6a399b40c33904fad5fbf645cdfeac156bea78ab
textures/flatlist/_win/s113a_dkt00b.bmp.ctxr,textures/flatlist/_win,s113a_dkt00b.bmp.ctxr,s113a_dkt00b.bmp,ctxr,22208,3233ca8910ae95be56bbe3d16a06e4dce3f978a8
textures/flatlist/_win/s113a_floor_01.bmp.ctxr,textures/flatlist/_win,s113a_floor_01.bmp.ctxr,s113a_floor_01.bmp,ctxr,1398528,a0b90a9f957d8e5aea4618d34162f4a43951f990
textures/flatlist/_win/s113a_floor_03a.bmp.ctxr,textures/flatlist/_win,s113a_floor_03a.bmp.ctxr,s113a_floor_03a.bmp,ctxr,131424,2ac53f3575f7e6dcca67ca39991fd2bf558ab61c
textures/flatlist/_win/s113a_ladsdw00_alp_ovl.bmp.ctxr,textures/flatlist/_win,s113a_ladsdw00_alp_ovl.bmp.ctxr,s113a_ladsdw00_alp_ovl.bmp,ctxr,37184,dac070065ca340b39c7533ed80d954e42f1941fe
textures/flatlist/_win/s113a_objbox01.bmp.ctxr,textures/flatlist/_win,s113a_objbox01.bmp.ctxr,s113a_objbox01.bmp,ctxr,4384,effe3df7b59eebf2380726bd0b37c7c6ef029695
textures/flatlist/_win/s113a_pnl02_alp_ovl.bmp.ctxr,textures/flatlist/_win,s113a_pnl02_alp_ovl.bmp.ctxr,s113a_pnl02_alp_ovl.bmp,ctxr,2304,3c1c11d1bb7e67924f42e5045a2477714e5db6d3
textures/flatlist/_win/s113a_roof_bar01.bmp.ctxr,textures/flatlist/_win,s113a_roof_bar01.bmp.ctxr,s113a_roof_bar01.bmp,ctxr,8544,bd9863dd3e118950ef55aaa3ebd2eda30ba388c0
textures/flatlist/_win/s113a_roof_bar02.bmp.ctxr,textures/flatlist/_win,s113a_roof_bar02.bmp.ctxr,s113a_roof_bar02.bmp,ctxr,8544,ced1c5efc194c8da218e79a0041407a84c9ef7a5
textures/flatlist/_win/s113a_roof_bar03.bmp.ctxr,textures/flatlist/_win,s113a_roof_bar03.bmp.ctxr,s113a_roof_bar03.bmp,ctxr,6176,e4c71a58ed655eadb5c569ba7bff7d925b3533ce
textures/flatlist/_win/s113a_roof_bar04_alp_ovl.bmp.ctxr,textures/flatlist/_win,s113a_roof_bar04_alp_ovl.bmp.ctxr,s113a_roof_bar04_alp_ovl.bmp,ctxr,16704,a1a15f81c5c14febcb1d0d7e0a47bd95a89bb3fd
textures/flatlist/_win/s113a_s092adkn00.bmp.ctxr,textures/flatlist/_win,s113a_s092adkn00.bmp.ctxr,s113a_s092adkn00.bmp,ctxr,87744,2266138e7c0d05bfdc864b4e8f0839dbbc29ac43
textures/flatlist/_win/s113a_sdw02_alp_ovl.bmp.ctxr,textures/flatlist/_win,s113a_sdw02_alp_ovl.bmp.ctxr,s113a_sdw02_alp_ovl.bmp,ctxr,16704,5fac3c54a439f392211c7a20378bd1ee71f7dcb8
textures/flatlist/_win/s113a_sk01a.bmp.ctxr,textures/flatlist/_win,s113a_sk01a.bmp.ctxr,s113a_sk01a.bmp,ctxr,22208,30c76acd920b3dfb394761fd3f35d74a4cbd7f38
textures/flatlist/_win/s113a_sk01b.bmp.ctxr,textures/flatlist/_win,s113a_sk01b.bmp.ctxr,s113a_sk01b.bmp,ctxr,22240,184b6a378d94f51ba1605fdcf8f84af6737f1864
textures/flatlist/_win/s113a_sk03c.bmp.ctxr,textures/flatlist/_win,s113a_sk03c.bmp.ctxr,s113a_sk03c.bmp,ctxr,15008,6a0b74f2eba4eb0d682aede30a99c633e8df8851
textures/flatlist/_win/s113a_stepsdw00b_alp_ovl.bmp.ctxr,textures/flatlist/_win,s113a_stepsdw00b_alp_ovl.bmp.ctxr,s113a_stepsdw00b_alp_ovl.bmp,ctxr,30336,3c4a75f1ae74870b0d92287ad739b2f7c7ad14ea
textures/flatlist/_win/s113a_stepsdw00c_alp_ovl.bmp.ctxr,textures/flatlist/_win,s113a_stepsdw00c_alp_ovl.bmp.ctxr,s113a_stepsdw00c_alp_ovl.bmp,ctxr,8480,c855188517bdf0c0be88123665ab9e9de281ed0a
textures/flatlist/_win/s113a_stepsdw00f_alp_ovl.bmp.ctxr,textures/flatlist/_win,s113a_stepsdw00f_alp_ovl.bmp.ctxr,s113a_stepsdw00f_alp_ovl.bmp,ctxr,12608,447ba6263333cca26102f82cf15daae5fac6d3c9
textures/flatlist/_win/s113a_wall02a.bmp.ctxr,textures/flatlist/_win,s113a_wall02a.bmp.ctxr,s113a_wall02a.bmp,ctxr,131424,09365fb7cbbf693f235a00bfd8cd9dddf4ad3ca9
textures/flatlist/_win/s113a_wall04a.bmp.ctxr,textures/flatlist/_win,s113a_wall04a.bmp.ctxr,s113a_wall04a.bmp,ctxr,180576,2ad2ad87affd847b095bec73d05e4aea425d8fb0
textures/flatlist/_win/s113a_wall05.bmp.ctxr,textures/flatlist/_win,s113a_wall05.bmp.ctxr,s113a_wall05.bmp,ctxr,65888,8955114344282a053de61ca7a6ab668a74d45d4c
textures/flatlist/_win/s113a_wall05a.bmp.ctxr,textures/flatlist/_win,s113a_wall05a.bmp.ctxr,s113a_wall05a.bmp,ctxr,33088,a83b29031bd3de037b626fdf7b2e7269f6b30cfd
textures/flatlist/_win/s113a_wall06.bmp.ctxr,textures/flatlist/_win,s113a_wall06.bmp.ctxr,s113a_wall06.bmp,ctxr,49472,3e7a0cbac7715550f7f5db2689519521681bffe4
textures/flatlist/_win/s113a_wallfont00_alp_ovl.bmp.ctxr,textures/flatlist/_win,s113a_wallfont00_alp_ovl.bmp.ctxr,s113a_wallfont00_alp_ovl.bmp,ctxr,4384,293acc6b55f50919c280819415ba41e705fa655d
textures/flatlist/_win/s113a_wallfont01_alp_ovl.bmp.ctxr,textures/flatlist/_win,s113a_wallfont01_alp_ovl.bmp.ctxr,s113a_wallfont01_alp_ovl.bmp,ctxr,4384,0d7bd92b82db1d0809f7e1cf06ea0780a2e0825e
textures/flatlist/_win/s113a_wallrusty01a_alp_ovl.bmp.ctxr,textures/flatlist/_win,s113a_wallrusty01a_alp_ovl.bmp.ctxr,s113a_wallrusty01a_alp_ovl.bmp,ctxr,18720,fdb5bc1f2bcf4d57c4631ae87b0034f97a5b2cec
textures/flatlist/_win/s113a_wallrusty01_alp_ovl.bmp.ctxr,textures/flatlist/_win,s113a_wallrusty01_alp_ovl.bmp.ctxr,s113a_wallrusty01_alp_ovl.bmp,ctxr,65888,aa2ad6b6eb25410ca03d71577b656ee2236b5ad7
textures/flatlist/_win/s113a_wallrusty03a.bmp.ctxr,textures/flatlist/_win,s113a_wallrusty03a.bmp.ctxr,s113a_wallrusty03a.bmp,ctxr,349952,175b039f3a1494930eff8d5ded70fa924bd96c47
textures/flatlist/_win/s121a_alarm_02.bmp.ctxr,textures/flatlist/_win,s121a_alarm_02.bmp.ctxr,s121a_alarm_02.bmp,ctxr,27616,16233a358f13dea2d6d3c50d4b777156deb730a7
textures/flatlist/_win/s121a_alarm_02_sdw_alp_ovl.bmp.ctxr,textures/flatlist/_win,s121a_alarm_02_sdw_alp_ovl.bmp.ctxr,s121a_alarm_02_sdw_alp_ovl.bmp,ctxr,2816,fce721f07de2cf918de74e265762a2dd830448af
textures/flatlist/_win/s121a_cbox_b.bmp.ctxr,textures/flatlist/_win,s121a_cbox_b.bmp.ctxr,s121a_cbox_b.bmp,ctxr,76800,fb76018c22adf452cb4aa2e399be9530d14fd631
textures/flatlist/_win/s121a_door_01.bmp.ctxr,textures/flatlist/_win,s121a_door_01.bmp.ctxr,s121a_door_01.bmp,ctxr,175168,27fe185f1e44c916d4aa450b09bd860ba977745f
textures/flatlist/_win/s121a_mogi_fueltank_01.bmp.ctxr,textures/flatlist/_win,s121a_mogi_fueltank_01.bmp.ctxr,s121a_mogi_fueltank_01.bmp,ctxr,8480,1e0172bf1ecd26712c8667e4f902431e72919b7f
textures/flatlist/_win/s121a_mogi_fueltank_04.bmp.ctxr,textures/flatlist/_win,s121a_mogi_fueltank_04.bmp.ctxr,s121a_mogi_fueltank_04.bmp,ctxr,4384,acd3e69b4cd9b2e8679a4648affc02a5150764e6
textures/flatlist/_win/s121a_mogi_fueltank_05.bmp.ctxr,textures/flatlist/_win,s121a_mogi_fueltank_05.bmp.ctxr,s121a_mogi_fueltank_05.bmp,ctxr,4384,9227a2fc1ce5d1b03bd311f193735b6977d48d08
textures/flatlist/_win/s121a_mogi_fueltank_alp_ovl_03.bmp.ctxr,textures/flatlist/_win,s121a_mogi_fueltank_alp_ovl_03.bmp.ctxr,s121a_mogi_fueltank_alp_ovl_03.bmp,ctxr,8480,b0431327077cccf38947de8bb10fc185928a37d2
textures/flatlist/_win/s121a_mogi_fueltank_alp_ovl_08.bmp.ctxr,textures/flatlist/_win,s121a_mogi_fueltank_alp_ovl_08.bmp.ctxr,s121a_mogi_fueltank_alp_ovl_08.bmp,ctxr,7424,d6e9a6303b30cf3e4a49ffeffc01cbadd0a98ced
textures/flatlist/_win/s121a_mogi_s101a_door_dummya.bmp.ctxr,textures/flatlist/_win,s121a_mogi_s101a_door_dummya.bmp.ctxr,s121a_mogi_s101a_door_dummya.bmp,ctxr,54976,6b253be9e01c725a918dbd1f472915c60829d8bf
textures/flatlist/_win/s121a_mog_deco_alp_ovl_01.bmp.ctxr,textures/flatlist/_win,s121a_mog_deco_alp_ovl_01.bmp.ctxr,s121a_mog_deco_alp_ovl_01.bmp,ctxr,8480,240286bb56f24e43860163c089f4dda92837a3f9
textures/flatlist/_win/s121a_mog_door.bmp.ctxr,textures/flatlist/_win,s121a_mog_door.bmp.ctxr,s121a_mog_door.bmp,ctxr,82240,0415188e65d447c1716a34c8b4f52cf0f71a671e
textures/flatlist/_win/s121a_mog_haikei_decal_alp_ovl_01.bmp.ctxr,textures/flatlist/_win,s121a_mog_haikei_decal_alp_ovl_01.bmp.ctxr,s121a_mog_haikei_decal_alp_ovl_01.bmp,ctxr,65888,776adf7aa16c89824397a816e3ea1c5b092c6891
textures/flatlist/_win/s121a_mog_haikei_decal_alp_ovl_02.bmp.ctxr,textures/flatlist/_win,s121a_mog_haikei_decal_alp_ovl_02.bmp.ctxr,s121a_mog_haikei_decal_alp_ovl_02.bmp,ctxr,2336,618d33f32bdfdba007237f51a2dd02cc57de568d
textures/flatlist/_win/s121a_mog_light_alp_ovl_01.bmp.ctxr,textures/flatlist/_win,s121a_mog_light_alp_ovl_01.bmp.ctxr,s121a_mog_light_alp_ovl_01.bmp,ctxr,4384,480cf96a8606ffab7516a3c8296388e371007246
textures/flatlist/_win/s122a_fence_alp_ovl_02.bmp.ctxr,textures/flatlist/_win,s122a_fence_alp_ovl_02.bmp.ctxr,s122a_fence_alp_ovl_02.bmp,ctxr,24896,a8fb9d016189e12fbdf5cac393334ee0262a48a2
textures/flatlist/_win/s122a_mogi_stain_alp_ovl_07.bmp.ctxr,textures/flatlist/_win,s122a_mogi_stain_alp_ovl_07.bmp.ctxr,s122a_mogi_stain_alp_ovl_07.bmp,ctxr,12576,a2cdd57a15a670f8b7907c1faa8a6ff5c7c893f0
textures/flatlist/_win/s123a_mog_haikei_alp_ovl_01.bmp.ctxr,textures/flatlist/_win,s123a_mog_haikei_alp_ovl_01.bmp.ctxr,s123a_mog_haikei_alp_ovl_01.bmp,ctxr,262528,d63ab5e7ea547fbf2f4b6b583f7c8fed911ad925
textures/flatlist/_win/s123a_mog_haikei_decal_alp_ovl_03.bmp.ctxr,textures/flatlist/_win,s123a_mog_haikei_decal_alp_ovl_03.bmp.ctxr,s123a_mog_haikei_decal_alp_ovl_03.bmp,ctxr,65888,c774c0a07da8ae9232ad8d73664a924974583fa6
textures/flatlist/_win/s123a_mog_pillar_04.bmp.ctxr,textures/flatlist/_win,s123a_mog_pillar_04.bmp.ctxr,s123a_mog_pillar_04.bmp,ctxr,5056,987f1260532b0df04433c101f3e31dc583cdc549
textures/flatlist/_win/s123a_mog_pillar_05.bmp.ctxr,textures/flatlist/_win,s123a_mog_pillar_05.bmp.ctxr,s123a_mog_pillar_05.bmp,ctxr,6432,8b2c41e53ef4cc9a6e2c5543f2ef1159332e6256
textures/flatlist/_win/s123_mog_fire_alp_ovl_decal_01.bmp.ctxr,textures/flatlist/_win,s123_mog_fire_alp_ovl_decal_01.bmp.ctxr,s123_mog_fire_alp_ovl_decal_01.bmp,ctxr,49472,929d6d6d1a9ac19077de65813d4cb391faf5703f
textures/flatlist/_win/s123_mog_floor_01.bmp.ctxr,textures/flatlist/_win,s123_mog_floor_01.bmp.ctxr,s123_mog_floor_01.bmp,ctxr,180608,5a827d5971aab5cef3fb921e38458cb62f8375e2
textures/flatlist/_win/s123_mog_floor_02.bmp.ctxr,textures/flatlist/_win,s123_mog_floor_02.bmp.ctxr,s123_mog_floor_02.bmp,ctxr,12576,00fe9d848547de5e78609a9f05f038a9f482f1be
textures/flatlist/_win/s123_mog_floor_alp_ovl_03.bmp.ctxr,textures/flatlist/_win,s123_mog_floor_alp_ovl_03.bmp.ctxr,s123_mog_floor_alp_ovl_03.bmp,ctxr,180608,4f5175d47db562ef33d8eeda32196c77d8e957ee
textures/flatlist/_win/s123_mog_frame_alp_ovl_03.bmp.ctxr,textures/flatlist/_win,s123_mog_frame_alp_ovl_03.bmp.ctxr,s123_mog_frame_alp_ovl_03.bmp,ctxr,65888,d9e84494c6e87d32c0a09bfa1bd8474b93a68214
textures/flatlist/_win/s123_mog_gatedoor00.bmp.ctxr,textures/flatlist/_win,s123_mog_gatedoor00.bmp.ctxr,s123_mog_gatedoor00.bmp,ctxr,136864,2522dcaf2ee2c6b3a686fae14f79feb37e889840
textures/flatlist/_win/s123_mog_noise_01.bmp.ctxr,textures/flatlist/_win,s123_mog_noise_01.bmp.ctxr,s123_mog_noise_01.bmp,ctxr,992,913a1393dd1fd514b9b7a35d90481f6205ffd3f6
textures/flatlist/_win/s123_mog_rail_04.bmp.ctxr,textures/flatlist/_win,s123_mog_rail_04.bmp.ctxr,s123_mog_rail_04.bmp,ctxr,4384,cc271326516acc054f2fd734240e92acc3ebd677
textures/flatlist/_win/s123_mog_roof_decal_01.bmp.ctxr,textures/flatlist/_win,s123_mog_roof_decal_01.bmp.ctxr,s123_mog_roof_decal_01.bmp,ctxr,8480,eb708a10afab5a7cc0d8371f43bbe7169c96bb7f
textures/flatlist/_win/s123_mog_sdw_alp_ovl_01.bmp.ctxr,textures/flatlist/_win,s123_mog_sdw_alp_ovl_01.bmp.ctxr,s123_mog_sdw_alp_ovl_01.bmp,ctxr,12576,8f98b63ab08fa40b21e1da22021e3d21c2c15cfc
textures/flatlist/_win/s131a_mog_light_decal_add_alp_ovl_06.bmp.ctxr,textures/flatlist/_win,s131a_mog_light_decal_add_alp_ovl_06.bmp.ctxr,s131a_mog_light_decal_add_alp_ovl_06.bmp,ctxr,33120,e073498a2bdbb76d4b73c2f77122fd876f5c8988
textures/flatlist/_win/s131a_mog_sdw_alp_ovl_01.bmp.ctxr,textures/flatlist/_win,s131a_mog_sdw_alp_ovl_01.bmp.ctxr,s131a_mog_sdw_alp_ovl_01.bmp,ctxr,7136,7b49057bea64aa5667e1eda573ec21b1f5f1fb6b
textures/flatlist/_win/s131a_mog_sdw_alp_ovl_02.bmp.ctxr,textures/flatlist/_win,s131a_mog_sdw_alp_ovl_02.bmp.ctxr,s131a_mog_sdw_alp_ovl_02.bmp,ctxr,16704,dad858ddf2c5cea125a576e83fd5fbca70f28c1c
textures/flatlist/_win/s131a_mog_sdw_alp_ovl_05.bmp.ctxr,textures/flatlist/_win,s131a_mog_sdw_alp_ovl_05.bmp.ctxr,s131a_mog_sdw_alp_ovl_05.bmp,ctxr,12576,43fe053eed8730fee1b3bddf742bf612d4241bff
textures/flatlist/_win/s131a_mog_stain_alp_ovl_01.bmp.ctxr,textures/flatlist/_win,s131a_mog_stain_alp_ovl_01.bmp.ctxr,s131a_mog_stain_alp_ovl_01.bmp,ctxr,87744,73dd1fad228c5df249afcaa6c46dc23cd518823d
textures/flatlist/_win/s131a_mog_stain_alp_ovl_05.bmp.ctxr,textures/flatlist/_win,s131a_mog_stain_alp_ovl_05.bmp.ctxr,s131a_mog_stain_alp_ovl_05.bmp,ctxr,6176,56b7a97f5b67a64cd47bcfd34ad0520d679a6a5d
textures/flatlist/_win/s131a_mo_door_alp_ovl_01.bmp.ctxr,textures/flatlist/_win,s131a_mo_door_alp_ovl_01.bmp.ctxr,s131a_mo_door_alp_ovl_01.bmp,ctxr,24896,78bc3ce7a32466650c235daab78df784ddf2ee69
textures/flatlist/_win/s131a_mo_obj_06.bmp.ctxr,textures/flatlist/_win,s131a_mo_obj_06.bmp.ctxr,s131a_mo_obj_06.bmp,ctxr,26240,8acdc749f7b876fd4d5155d375c0058a7ebe599b
textures/flatlist/_win/s151a_wet_rock_a01_1_rep.bmp.ctxr,textures/flatlist/_win,s151a_wet_rock_a01_1_rep.bmp.ctxr,s151a_wet_rock_a01_1_rep.bmp,ctxr,1398528,0b2ccd40c84a569cd77a995e6c5f4c187cf10c4a
textures/flatlist/_win/s152a_deco_number_01_alp_ovl.bmp.ctxr,textures/flatlist/_win,s152a_deco_number_01_alp_ovl.bmp.ctxr,s152a_deco_number_01_alp_ovl.bmp,ctxr,7136,2ef74c39eed5d383eca04a6d49e757ad1451fb67
textures/flatlist/_win/s152a_fence_02.bmp.ctxr,textures/flatlist/_win,s152a_fence_02.bmp.ctxr,s152a_fence_02.bmp,ctxr,175200,d7b494e9ee023f9ffbf2d75f5e7fe0a0fc78f9bb
textures/flatlist/_win/s152a_fence_02.bmp_c3c5fdcaba81a93e0f70c4e09b8c4e6a.ctxr,textures/flatlist/_win,s152a_fence_02.bmp_c3c5fdcaba81a93e0f70c4e09b8c4e6a.ctxr,s152a_fence_02.bmp_c3c5fdcaba81a93e0f70c4e09b8c4e6a,ctxr,20800,e67cccad5bae96353d8fd3171b8b8d716e78eff1
textures/flatlist/_win/s152a_floor_02.bmp.ctxr,textures/flatlist/_win,s152a_floor_02.bmp.ctxr,s152a_floor_02.bmp,ctxr,164192,5be1b00e014683e4df68f2133251515f6ede4e60
textures/flatlist/_win/s152a_floor_03.bmp.ctxr,textures/flatlist/_win,s152a_floor_03.bmp.ctxr,s152a_floor_03.bmp,ctxr,699488,ec8d4e6ec51cc2b8fe26d61245864a4c49ad2a8c
textures/flatlist/_win/s152a_light_02.bmp.ctxr,textures/flatlist/_win,s152a_light_02.bmp.ctxr,s152a_light_02.bmp,ctxr,2304,bc6a30811e6317c8feeb14a9f08d0fca09c3a9ee
textures/flatlist/_win/s152a_light_03.bmp.ctxr,textures/flatlist/_win,s152a_light_03.bmp.ctxr,s152a_light_03.bmp,ctxr,1984,eba2508edb02aa466660ad08684d4fcf3436697a
textures/flatlist/_win/s152a_light_04.bmp.ctxr,textures/flatlist/_win,s152a_light_04.bmp.ctxr,s152a_light_04.bmp,ctxr,44064,8b5d1911a7259242b9774c15e002eeef6c75ea13
textures/flatlist/_win/s152a_light_kage_02_alp_ovl.bmp.ctxr,textures/flatlist/_win,s152a_light_kage_02_alp_ovl.bmp.ctxr,s152a_light_kage_02_alp_ovl.bmp,ctxr,262528,b154d921e447d08c5a48d5bb9949619f02ca1db7
textures/flatlist/_win/s152a_light_kage_03_alp_ovl.bmp.ctxr,textures/flatlist/_win,s152a_light_kage_03_alp_ovl.bmp.ctxr,s152a_light_kage_03_alp_ovl.bmp,ctxr,24896,7f0b069d0919676a218dba5bb4477f6e332f6ae4
textures/flatlist/_win/s152a_light_kage_04_alp_ovl.bmp.ctxr,textures/flatlist/_win,s152a_light_kage_04_alp_ovl.bmp.ctxr,s152a_light_kage_04_alp_ovl.bmp,ctxr,65888,b2053fa237276ff20d152329b339ae1d8bd27174
textures/flatlist/_win/s152a_light_kage_06_alp_ovl.bmp.ctxr,textures/flatlist/_win,s152a_light_kage_06_alp_ovl.bmp.ctxr,s152a_light_kage_06_alp_ovl.bmp,ctxr,8512,e714bba809bfa0f1924ac3c3986e5bbf1663a330
textures/flatlist/_win/s152a_rocksfc_a01_rep.bmp.ctxr,textures/flatlist/_win,s152a_rocksfc_a01_rep.bmp.ctxr,s152a_rocksfc_a01_rep.bmp,ctxr,5592864,42e54ce12b28dacd33db37541a710cf88a4b9273
textures/flatlist/_win/s152a_rocksfc_a03_rep.bmp.ctxr,textures/flatlist/_win,s152a_rocksfc_a03_rep.bmp.ctxr,s152a_rocksfc_a03_rep.bmp,ctxr,2796672,0c4384c2a76d203b7c8c2775ea5b0fe4e291be89
textures/flatlist/_win/s152a_room_deco_02_alp_ovl.bmp.ctxr,textures/flatlist/_win,s152a_room_deco_02_alp_ovl.bmp.ctxr,s152a_room_deco_02_alp_ovl.bmp,ctxr,4384,1eaec5d6e047941dcb1a0a53223399c115469131
textures/flatlist/_win/s152a_room_floor_01.bmp.ctxr,textures/flatlist/_win,s152a_room_floor_01.bmp.ctxr,s152a_room_floor_01.bmp,ctxr,1398528,35cd751c9e865e7b3cffc29eed0f1d8d7c32c6e1
textures/flatlist/_win/s152a_room_hari_01.bmp.ctxr,textures/flatlist/_win,s152a_room_hari_01.bmp.ctxr,s152a_room_hari_01.bmp,ctxr,27648,ef1c637e718efbebfe2f580264a428f02650b9a8
textures/flatlist/_win/s152a_room_hari_02.bmp.ctxr,textures/flatlist/_win,s152a_room_hari_02.bmp.ctxr,s152a_room_hari_02.bmp,ctxr,26272,f93d60746e535d5b61136da853a5423bc601336e
textures/flatlist/_win/s152a_room_kage_02_alp_ovl.bmp.ctxr,textures/flatlist/_win,s152a_room_kage_02_alp_ovl.bmp.ctxr,s152a_room_kage_02_alp_ovl.bmp,ctxr,131456,2cebab6784d6e7d8a4c020cda950218fe6f24155
textures/flatlist/_win/s152a_room_pipe02_04.bmp.ctxr,textures/flatlist/_win,s152a_room_pipe02_04.bmp.ctxr,s152a_room_pipe02_04.bmp,ctxr,8480,2be1e4278bb9efff9b5187726609718240c193e6
textures/flatlist/_win/s152a_room_pipe_01_rep.bmp.ctxr,textures/flatlist/_win,s152a_room_pipe_01_rep.bmp.ctxr,s152a_room_pipe_01_rep.bmp,ctxr,175168,03f52e39484c953554fc3997f559a6386e3a4f85
textures/flatlist/_win/s152a_room_wall_02.bmp.ctxr,textures/flatlist/_win,s152a_room_wall_02.bmp.ctxr,s152a_room_wall_02.bmp,ctxr,1398560,2483f353c799db450adfa528c60a7b68cfc5728d
textures/flatlist/_win/s152a_wall_03.bmp.ctxr,textures/flatlist/_win,s152a_wall_03.bmp.ctxr,s152a_wall_03.bmp,ctxr,1398528,5cf03bd4ee89fb1f634026ea2fb8dd73b134e177
textures/flatlist/_win/s161ap0_bksakua.bmp.ctxr,textures/flatlist/_win,s161ap0_bksakua.bmp.ctxr,s161ap0_bksakua.bmp,ctxr,1280,55c56466bf5af89f79db490878dab3789ec2b441
textures/flatlist/_win/s161ap0_bkwallb.bmp.ctxr,textures/flatlist/_win,s161ap0_bkwallb.bmp.ctxr,s161ap0_bkwallb.bmp,ctxr,34112,27f0835b46c5f71da6b90001fc46a02a51b8d5a5
textures/flatlist/_win/s161ap0_bkwina.bmp.ctxr,textures/flatlist/_win,s161ap0_bkwina.bmp.ctxr,s161ap0_bkwina.bmp,ctxr,8512,8a9af33fbf00d48c89f98a05d3bc2a9fba34adf1
textures/flatlist/_win/s161ap0_s121a_cranec.bmp.ctxr,textures/flatlist/_win,s161ap0_s121a_cranec.bmp.ctxr,s161ap0_s121a_cranec.bmp,ctxr,4384,34b9c072a9caf548faac8e2d5447ec01a6547183
textures/flatlist/_win/s161ap0_s121a_craned.bmp.ctxr,textures/flatlist/_win,s161ap0_s121a_craned.bmp.ctxr,s161ap0_s121a_craned.bmp,ctxr,2304,9d0e072a88d00773a8f8b102b94082dbf3fcc69b
textures/flatlist/_win/s161ap0_s121a_cranee.bmp.ctxr,textures/flatlist/_win,s161ap0_s121a_cranee.bmp.ctxr,s161ap0_s121a_cranee.bmp,ctxr,9152,4dc36f408c89daf5fbd48be8855f6535cea9bc19
textures/flatlist/_win/s161ap0_s121a_cranef.bmp.ctxr,textures/flatlist/_win,s161ap0_s121a_cranef.bmp.ctxr,s161ap0_s121a_cranef.bmp,ctxr,4384,4dbf5aad4ba7f27878c071757b752c82389cc6ba
textures/flatlist/_win/s161ap0_s121a_gatea.bmp.ctxr,textures/flatlist/_win,s161ap0_s121a_gatea.bmp.ctxr,s161ap0_s121a_gatea.bmp,ctxr,34432,c6c08aaceaaaf91118dfb0f9197f734bd518075d
textures/flatlist/_win/s161ap0_s121a_kaidana_alp_ovl.bmp.ctxr,textures/flatlist/_win,s161ap0_s121a_kaidana_alp_ovl.bmp.ctxr,s161ap0_s121a_kaidana_alp_ovl.bmp,ctxr,2336,fc317ef6ef6b381d78fb2a7f24017c7a30ff1391
textures/flatlist/_win/s161ap0_s121a_lightc_add_alp_ovl.bmp.ctxr,textures/flatlist/_win,s161ap0_s121a_lightc_add_alp_ovl.bmp.ctxr,s161ap0_s121a_lightc_add_alp_ovl.bmp,ctxr,16704,12036fc37ff1069e2fe8d9f33436d553d58ace8a
textures/flatlist/_win/s161ap0_s121a_lightd_add_alp_ovl.bmp.ctxr,textures/flatlist/_win,s161ap0_s121a_lightd_add_alp_ovl.bmp.ctxr,s161ap0_s121a_lightd_add_alp_ovl.bmp,ctxr,8480,99f2928d197b261363a6577b9cb87c3a289f1b47
textures/flatlist/_win/s161ap0_s121a_lighte_add_alp_ovl.bmp.ctxr,textures/flatlist/_win,s161ap0_s121a_lighte_add_alp_ovl.bmp.ctxr,s161ap0_s121a_lighte_add_alp_ovl.bmp,ctxr,992,1978a8f530187e9053ead21509189076955c8939
textures/flatlist/_win/s161ap0_s121a_tanka.bmp.ctxr,textures/flatlist/_win,s161ap0_s121a_tanka.bmp.ctxr,s161ap0_s121a_tanka.bmp,ctxr,7104,5360ad4008fab3ccfcf571a2e2c196bdd2ae85ea
textures/flatlist/_win/s161ap0_s121a_tankb_alp_ovl.bmp.ctxr,textures/flatlist/_win,s161ap0_s121a_tankb_alp_ovl.bmp.ctxr,s161ap0_s121a_tankb_alp_ovl.bmp,ctxr,2304,39a0c3c96a242d794bec4fb7270bb9cf3ec763f8
textures/flatlist/_win/s161ap0_s121a_tankd.bmp.ctxr,textures/flatlist/_win,s161ap0_s121a_tankd.bmp.ctxr,s161ap0_s121a_tankd.bmp,ctxr,2304,169098390b0b2957569af5904a09f1d68d05d6f9
textures/flatlist/_win/s161ap0_s121a_tanke.bmp.ctxr,textures/flatlist/_win,s161ap0_s121a_tanke.bmp.ctxr,s161ap0_s121a_tanke.bmp,ctxr,2304,efebe0a5f2dda2e052531c5be2324469b995cd11
textures/flatlist/_win/s161ap0_s121a_tankf.bmp.ctxr,textures/flatlist/_win,s161ap0_s121a_tankf.bmp.ctxr,s161ap0_s121a_tankf.bmp,ctxr,12608,3f98965c8be856d3f9cee9a49546907cfdb4ce7f
textures/flatlist/_win/s161ap0_s121a_tankg_alp_ovl.bmp.ctxr,textures/flatlist/_win,s161ap0_s121a_tankg_alp_ovl.bmp.ctxr,s161ap0_s121a_tankg_alp_ovl.bmp,ctxr,3360,22cab0b6bf44ffc9f7838755865519b110c8fbd4
textures/flatlist/_win/s161ap0_s121a_wallc.bmp.ctxr,textures/flatlist/_win,s161ap0_s121a_wallc.bmp.ctxr,s161ap0_s121a_wallc.bmp,ctxr,16704,0d10a1fd42733b9bd29f4b35062eb9158772cadf
textures/flatlist/_win/s161ap0_s121a_wallu.bmp.ctxr,textures/flatlist/_win,s161ap0_s121a_wallu.bmp.ctxr,s161ap0_s121a_wallu.bmp,ctxr,2336,ddb23391fcf9620f4f1c241f0b16c3a9eb57b187
textures/flatlist/_win/s161ap1_brkwina_alp_ovl.bmp.ctxr,textures/flatlist/_win,s161ap1_brkwina_alp_ovl.bmp.ctxr,s161ap1_brkwina_alp_ovl.bmp,ctxr,38528,31aabdcfa3f67897ffbece12e034262c2f8c5988
textures/flatlist/_win/s161a_deco_num_01_alp_ovl.bmp.ctxr,textures/flatlist/_win,s161a_deco_num_01_alp_ovl.bmp.ctxr,s161a_deco_num_01_alp_ovl.bmp,ctxr,8512,e47df976676d47aa64bd2f91f80f382d8e478c31
textures/flatlist/_win/s161a_deco_num_01_alp_ovl.bmp_603002bcc788caac6843d20a2e449d00.ctxr,textures/flatlist/_win,s161a_deco_num_01_alp_ovl.bmp_603002bcc788caac6843d20a2e449d00.ctxr,s161a_deco_num_01_alp_ovl.bmp_603002bcc788caac6843d20a2e449d00,ctxr,4384,3b3f554f80856cfd1c208f31e7045eb9e7c3224a
textures/flatlist/_win/s161a_deco_num_01_alp_ovl.bmp_c143fd6d078b082d2985ddb94f9cb08e.ctxr,textures/flatlist/_win,s161a_deco_num_01_alp_ovl.bmp_c143fd6d078b082d2985ddb94f9cb08e.ctxr,s161a_deco_num_01_alp_ovl.bmp_c143fd6d078b082d2985ddb94f9cb08e,ctxr,8512,85299097d3669bc736f54b02ba947eccd5669543
textures/flatlist/_win/s161a_dram_01.bmp.ctxr,textures/flatlist/_win,s161a_dram_01.bmp.ctxr,s161a_dram_01.bmp,ctxr,57696,b9fe9dca138a8c660c4d350ae334cb9efb457256
textures/flatlist/_win/s161a_dram_01.bmp_002c882cb5e0df927fa5bac2c4b816c9.ctxr,textures/flatlist/_win,s161a_dram_01.bmp_002c882cb5e0df927fa5bac2c4b816c9.ctxr,s161a_dram_01.bmp_002c882cb5e0df927fa5bac2c4b816c9,ctxr,349920,dee5267faa0d78c04e5cbb36b6cde4e97cb43e35
textures/flatlist/_win/s161a_dram_01.bmp_967c2f17ab82f51e50a680774b2406c1.ctxr,textures/flatlist/_win,s161a_dram_01.bmp_967c2f17ab82f51e50a680774b2406c1.ctxr,s161a_dram_01.bmp_967c2f17ab82f51e50a680774b2406c1,ctxr,57696,d8b4e2d393f250e6f2164f92ae7da745563cd2e8
textures/flatlist/_win/s161a_flbrk00a.bmp.ctxr,textures/flatlist/_win,s161a_flbrk00a.bmp.ctxr,s161a_flbrk00a.bmp,ctxr,1398528,8013d9b96aa0d9f5688e35cbae206256242b1f65
textures/flatlist/_win/s161a_house_03.bmp.ctxr,textures/flatlist/_win,s161a_house_03.bmp.ctxr,s161a_house_03.bmp,ctxr,6432,4a139aacd36e2e0caa4365b67b459e1bd971f447
textures/flatlist/_win/s161a_house_03.bmp_8c1fb36322f73ce66e6f080bae44d59f.ctxr,textures/flatlist/_win,s161a_house_03.bmp_8c1fb36322f73ce66e6f080bae44d59f.ctxr,s161a_house_03.bmp_8c1fb36322f73ce66e6f080bae44d59f,ctxr,24896,0e7a25e43b36c48a64c9681d304e993dd6f1f5fd
textures/flatlist/_win/s161a_house_05_alp_ovl.bmp.ctxr,textures/flatlist/_win,s161a_house_05_alp_ovl.bmp.ctxr,s161a_house_05_alp_ovl.bmp,ctxr,4384,83d71dc77ef8d8b309067d1ece9e103b28c3c341
textures/flatlist/_win/s161a_house_06.bmp.ctxr,textures/flatlist/_win,s161a_house_06.bmp.ctxr,s161a_house_06.bmp,ctxr,16704,65ad32949b6a28003de09600846c935fa0480abe
textures/flatlist/_win/s161a_house_06.bmp_1349b8bb970412fcb4fc017916d302c4.ctxr,textures/flatlist/_win,s161a_house_06.bmp_1349b8bb970412fcb4fc017916d302c4.ctxr,s161a_house_06.bmp_1349b8bb970412fcb4fc017916d302c4,ctxr,8480,884e812651f18297764a1956a7f94aa01cecc8ca
textures/flatlist/_win/s161a_house_08_alp_ovl.bmp.ctxr,textures/flatlist/_win,s161a_house_08_alp_ovl.bmp.ctxr,s161a_house_08_alp_ovl.bmp,ctxr,6432,9d292072a1996bf17c5ddbce14fffd155397165e
textures/flatlist/_win/s161a_house_08_alp_ovl.bmp_b49dfb8fab108f50fe08e264f21f9a12.ctxr,textures/flatlist/_win,s161a_house_08_alp_ovl.bmp_b49dfb8fab108f50fe08e264f21f9a12.ctxr,s161a_house_08_alp_ovl.bmp_b49dfb8fab108f50fe08e264f21f9a12,ctxr,6432,2568884f369647c8c724ddd3738affb68c8ee4d0
textures/flatlist/_win/s161a_house_light_01.bmp.ctxr,textures/flatlist/_win,s161a_house_light_01.bmp.ctxr,s161a_house_light_01.bmp,ctxr,1952,c279291df1c3419a1cd4adaa082f8b24af2b2c40
textures/flatlist/_win/s161a_house_light_01.bmp_26df08e1a962a5b851f53a8ce500b5f6.ctxr,textures/flatlist/_win,s161a_house_light_01.bmp_26df08e1a962a5b851f53a8ce500b5f6.ctxr,s161a_house_light_01.bmp_26df08e1a962a5b851f53a8ce500b5f6,ctxr,1952,9b11e20f20ec10f94e4f9abcc1e2eef9dc4f8df8
textures/flatlist/_win/s161a_souko_01.bmp.ctxr,textures/flatlist/_win,s161a_souko_01.bmp.ctxr,s161a_souko_01.bmp,ctxr,65888,e6b9f805d46393521ad290b99587add6cb0fb876
textures/flatlist/_win/s161a_souko_01.bmp_ff18e14c9f41eaae72e054a08f17a6b3.ctxr,textures/flatlist/_win,s161a_souko_01.bmp_ff18e14c9f41eaae72e054a08f17a6b3.ctxr,s161a_souko_01.bmp_ff18e14c9f41eaae72e054a08f17a6b3,ctxr,16704,466a4723f12f9336b1c619c6038eae37d784e52b
textures/flatlist/_win/s161a_speaker_04.bmp.ctxr,textures/flatlist/_win,s161a_speaker_04.bmp.ctxr,s161a_speaker_04.bmp,ctxr,1280,2618b99c9d83b3d3e88dad439a2437b2a6f330c5
textures/flatlist/_win/s161a_yagura_02.bmp.ctxr,textures/flatlist/_win,s161a_yagura_02.bmp.ctxr,s161a_yagura_02.bmp,ctxr,123200,4c078f47dce64fe8fb40485f6a987d4776d8386e
textures/flatlist/_win/s161a_yagura_06.bmp.ctxr,textures/flatlist/_win,s161a_yagura_06.bmp.ctxr,s161a_yagura_06.bmp,ctxr,104096,e38b1392eb986877867cc846a207be83d86e21b5
textures/flatlist/_win/s161a_yagura_06.bmp_3b2cf2bc6db8f6f149e2ecbb48dff494.ctxr,textures/flatlist/_win,s161a_yagura_06.bmp_3b2cf2bc6db8f6f149e2ecbb48dff494.ctxr,s161a_yagura_06.bmp_3b2cf2bc6db8f6f149e2ecbb48dff494,ctxr,43328,01a5e98f1b3c1a39ece8bb77a758b8e35cbf6bf4
textures/flatlist/_win/s161a_zaimoku_01.bmp.ctxr,textures/flatlist/_win,s161a_zaimoku_01.bmp.ctxr,s161a_zaimoku_01.bmp,ctxr,4384,658920ae8ccbe0f8e09fd7f2dd655b69e22791c8
textures/flatlist/_win/s162ap1_101wall00.bmp.ctxr,textures/flatlist/_win,s162ap1_101wall00.bmp.ctxr,s162ap1_101wall00.bmp,ctxr,31008,279ebb0446249fb02abd309aa82d785873849099
textures/flatlist/_win/s162ap1_door00.bmp.ctxr,textures/flatlist/_win,s162ap1_door00.bmp.ctxr,s162ap1_door00.bmp,ctxr,10528,0a69055f505bf08492bb714fde79025637a1ba8c
textures/flatlist/_win/s162ap1_door01.bmp.ctxr,textures/flatlist/_win,s162ap1_door01.bmp.ctxr,s162ap1_door01.bmp,ctxr,39904,4aa54a9843dd9838c086bdf8272cfa697ee33175
textures/flatlist/_win/s162ap1_framea_alp_ovl.bmp.ctxr,textures/flatlist/_win,s162ap1_framea_alp_ovl.bmp.ctxr,s162ap1_framea_alp_ovl.bmp,ctxr,15328,ac4bd63a0cb337167e8dc1239f5e7daa1abfcfc6
textures/flatlist/_win/s162ap1_pipeb.bmp.ctxr,textures/flatlist/_win,s162ap1_pipeb.bmp.ctxr,s162ap1_pipeb.bmp,ctxr,13568,f55757103a3ba9956429b9da4f74f29d3b7ee7ef
textures/flatlist/_win/s162ap1_pipec.bmp.ctxr,textures/flatlist/_win,s162ap1_pipec.bmp.ctxr,s162ap1_pipec.bmp,ctxr,16736,ded7b203bb84f3b35753e59b39dbe01beee7962a
textures/flatlist/_win/s162ap1_wall00_alp_ovl.bmp.ctxr,textures/flatlist/_win,s162ap1_wall00_alp_ovl.bmp.ctxr,s162ap1_wall00_alp_ovl.bmp,ctxr,16704,e65cbcb931c9d1731434ea7b8b6a5ea7d4799a37
textures/flatlist/_win/s162ap1_wall01.bmp.ctxr,textures/flatlist/_win,s162ap1_wall01.bmp.ctxr,s162ap1_wall01.bmp,ctxr,16704,4bd77d612d84a3a104891c26f2ede55163a6e5a3
textures/flatlist/_win/s162ap1_wall01a.bmp.ctxr,textures/flatlist/_win,s162ap1_wall01a.bmp.ctxr,s162ap1_wall01a.bmp,ctxr,7104,2f462d5c94e05b525e832b34217cef2c9d933337
textures/flatlist/_win/s162ap1_watchtower02.bmp.ctxr,textures/flatlist/_win,s162ap1_watchtower02.bmp.ctxr,s162ap1_watchtower02.bmp,ctxr,48096,26fb8e78e1797bdcf3c3f8851f7971e2d41f1b49
textures/flatlist/_win/s162ap2_frameb_alp_ovl.bmp.ctxr,textures/flatlist/_win,s162ap2_frameb_alp_ovl.bmp.ctxr,s162ap2_frameb_alp_ovl.bmp,ctxr,15328,727bf8092083a3a499ae9dbae86656f06f509d73
textures/flatlist/_win/s162a_deco_number_02_alp_ovl.bmp.ctxr,textures/flatlist/_win,s162a_deco_number_02_alp_ovl.bmp.ctxr,s162a_deco_number_02_alp_ovl.bmp,ctxr,16704,dc30261ccde87a60653b419dfe8bc08c894fd54d
textures/flatlist/_win/s162a_house_01.bmp.ctxr,textures/flatlist/_win,s162a_house_01.bmp.ctxr,s162a_house_01.bmp,ctxr,54976,12d8fbac037f7f0df7616e691e00334f5c68dd61
textures/flatlist/_win/s162a_house_01.bmp_988a9a5cee6643d5cae3a4e6c150aed7.ctxr,textures/flatlist/_win,s162a_house_01.bmp_988a9a5cee6643d5cae3a4e6c150aed7.ctxr,s162a_house_01.bmp_988a9a5cee6643d5cae3a4e6c150aed7,ctxr,16704,bbb1c7d23ecac09c0c9252faa9a7dffc943cf068
textures/flatlist/_win/s162a_house_kage_alp_ovl.bmp.ctxr,textures/flatlist/_win,s162a_house_kage_alp_ovl.bmp.ctxr,s162a_house_kage_alp_ovl.bmp,ctxr,65888,7f07a03603b30ae91accc562ea6bf4785f1b355c
textures/flatlist/_win/s162a_light_02_alp_ovl.bmp.ctxr,textures/flatlist/_win,s162a_light_02_alp_ovl.bmp.ctxr,s162a_light_02_alp_ovl.bmp,ctxr,33120,952009e5dee32cc99021b291a49ff2870a899a52
textures/flatlist/_win/s162a_light_03.bmp.ctxr,textures/flatlist/_win,s162a_light_03.bmp.ctxr,s162a_light_03.bmp,ctxr,3328,ffa10a8d622f33488ec74856d46ed064262f5369
textures/flatlist/_win/s162a_light_04.bmp.ctxr,textures/flatlist/_win,s162a_light_04.bmp.ctxr,s162a_light_04.bmp,ctxr,1792,fa6178bf1db294dd3026ea2ad15fae93b933f98a
textures/flatlist/_win/s162_control_tower_01_alp_ovl.bmp.ctxr,textures/flatlist/_win,s162_control_tower_01_alp_ovl.bmp.ctxr,s162_control_tower_01_alp_ovl.bmp,ctxr,49504,f9e0533b38ed7727d3e18bfbceda113f1f592505
textures/flatlist/_win/s164a_gate_fence_01_alp_ovl.bmp.ctxr,textures/flatlist/_win,s164a_gate_fence_01_alp_ovl.bmp.ctxr,s164a_gate_fence_01_alp_ovl.bmp,ctxr,112288,1ea80dd69d68a7be6c7c865ff7b1243ae8b45ec1
textures/flatlist/_win/s164a_gate_house_03.bmp.ctxr,textures/flatlist/_win,s164a_gate_house_03.bmp.ctxr,s164a_gate_house_03.bmp,ctxr,16704,c64bc2ffc938f7618e56ad34c7d801e35d925441
textures/flatlist/_win/s164a_gate_house_05_alp_ovl.bmp.ctxr,textures/flatlist/_win,s164a_gate_house_05_alp_ovl.bmp.ctxr,s164a_gate_house_05_alp_ovl.bmp,ctxr,16704,295b0ca4d41c9f04b3bd2470f8b79a90b5fc5aed
textures/flatlist/_win/s164a_gate_kanban_01.bmp.ctxr,textures/flatlist/_win,s164a_gate_kanban_01.bmp.ctxr,s164a_gate_kanban_01.bmp,ctxr,10528,ef0593eaefcb3e78ea5d1275923b944c67f4dde5
textures/flatlist/_win/s164a_kage_box_01_alp_ovl.bmp.ctxr,textures/flatlist/_win,s164a_kage_box_01_alp_ovl.bmp.ctxr,s164a_kage_box_01_alp_ovl.bmp,ctxr,16704,2e76d2e0def0d2ebc7ad4a15c9378529d494b475
textures/flatlist/_win/s164a_kage_fence_01_alp_ovl.bmp.ctxr,textures/flatlist/_win,s164a_kage_fence_01_alp_ovl.bmp.ctxr,s164a_kage_fence_01_alp_ovl.bmp,ctxr,65920,36874f72e9b99850995ef65d0ebc66608b107d70
textures/flatlist/_win/s164a_kage_fence_02_alp_ovl.bmp.ctxr,textures/flatlist/_win,s164a_kage_fence_02_alp_ovl.bmp.ctxr,s164a_kage_fence_02_alp_ovl.bmp,ctxr,37184,08cf202bebbffa8116be769020507cd5739a1c68
textures/flatlist/_win/s164a_kage_fence_03_alp_ovl.bmp.ctxr,textures/flatlist/_win,s164a_kage_fence_03_alp_ovl.bmp.ctxr,s164a_kage_fence_03_alp_ovl.bmp,ctxr,49504,c7d54d2786b54533776da4c7cb6402cd551f0925
textures/flatlist/_win/s164a_kage_gatehouse_01_alp_ovl.bmp.ctxr,textures/flatlist/_win,s164a_kage_gatehouse_01_alp_ovl.bmp.ctxr,s164a_kage_gatehouse_01_alp_ovl.bmp,ctxr,131456,4ddabfec927c27c6c939bf371863c4c352c2134b
textures/flatlist/_win/s164a_kage_gatehouse_03_alp_ovl.bmp.ctxr,textures/flatlist/_win,s164a_kage_gatehouse_03_alp_ovl.bmp.ctxr,s164a_kage_gatehouse_03_alp_ovl.bmp,ctxr,33120,bce5b6232c6be30961159e1e79af50c7f65dbb59
textures/flatlist/_win/s164a_kage_kanban_02_alp_ovl.bmp.ctxr,textures/flatlist/_win,s164a_kage_kanban_02_alp_ovl.bmp.ctxr,s164a_kage_kanban_02_alp_ovl.bmp,ctxr,8512,c999571b75b1d2b8fb3511b1e8be86eac23b7baf
textures/flatlist/_win/s164a_kage_yatura_02_alp_ovl.bmp.ctxr,textures/flatlist/_win,s164a_kage_yatura_02_alp_ovl.bmp.ctxr,s164a_kage_yatura_02_alp_ovl.bmp,ctxr,65888,23ec46dfcc5555b4cefbacba153bf2c76d9baa64
textures/flatlist/_win/s171a_mo_box_01.bmp_899d285bfe6e63261f49f7d97a18438a.ctxr,textures/flatlist/_win,s171a_mo_box_01.bmp_899d285bfe6e63261f49f7d97a18438a.ctxr,s171a_mo_box_01.bmp_899d285bfe6e63261f49f7d97a18438a,ctxr,349920,1dd2029db5c00535705365c4d5583daaab0e82c9
textures/flatlist/_win/s171a_mo_box_03.bmp.ctxr,textures/flatlist/_win,s171a_mo_box_03.bmp.ctxr,s171a_mo_box_03.bmp,ctxr,49472,974dee6d1385c60e3cecead65b68db9e80a579e0
textures/flatlist/_win/s171a_mo_bridge_02.bmp.ctxr,textures/flatlist/_win,s171a_mo_bridge_02.bmp.ctxr,s171a_mo_bridge_02.bmp,ctxr,8512,25d8196b9f3bfdbb209f3aa958be159c17e79a4e
textures/flatlist/_win/s171a_mo_bridge_02.bmp_4f0f38d21ecfacf2e42b392d68b3e80b.ctxr,textures/flatlist/_win,s171a_mo_bridge_02.bmp_4f0f38d21ecfacf2e42b392d68b3e80b.ctxr,s171a_mo_bridge_02.bmp_4f0f38d21ecfacf2e42b392d68b3e80b,ctxr,8512,238827c1a45cd36bf127e31af672cda066598cb1
textures/flatlist/_win/s171a_mo_bridge_03.bmp.ctxr,textures/flatlist/_win,s171a_mo_bridge_03.bmp.ctxr,s171a_mo_bridge_03.bmp,ctxr,131456,c5ee96af494f14e02de08ebd905fdd70b257ad1f
textures/flatlist/_win/s171a_mo_bridge_rep_01.bmp.ctxr,textures/flatlist/_win,s171a_mo_bridge_rep_01.bmp.ctxr,s171a_mo_bridge_rep_01.bmp,ctxr,349920,0bcac8a0d5097869c9d382a0831882c19c706123
textures/flatlist/_win/s171a_mo_fence_02.bmp.ctxr,textures/flatlist/_win,s171a_mo_fence_02.bmp.ctxr,s171a_mo_fence_02.bmp,ctxr,2304,a9b667ff915b98a11fea500208873137b6547db3
textures/flatlist/_win/s171a_mo_fence_04.bmp.ctxr,textures/flatlist/_win,s171a_mo_fence_04.bmp.ctxr,s171a_mo_fence_04.bmp,ctxr,2336,9ce84742a275f6f89024d06b99a9b682f71ce623
textures/flatlist/_win/s171a_mo_floor_alp_ovl_03.bmp.ctxr,textures/flatlist/_win,s171a_mo_floor_alp_ovl_03.bmp.ctxr,s171a_mo_floor_alp_ovl_03.bmp,ctxr,65920,39e8860551c3544572f42b7e95be3707cc9685d4
textures/flatlist/_win/s171a_mo_grd_rep_01.bmp.ctxr,textures/flatlist/_win,s171a_mo_grd_rep_01.bmp.ctxr,s171a_mo_grd_rep_01.bmp,ctxr,1398528,51785d57f0423ad3707f8cd41bfed1441b63048c
textures/flatlist/_win/s171a_mo_pillar_04.bmp.ctxr,textures/flatlist/_win,s171a_mo_pillar_04.bmp.ctxr,s171a_mo_pillar_04.bmp,ctxr,349952,4eb662e9f815f3d78559b88b078228e624d3acd3
textures/flatlist/_win/s171a_mo_pillar_05.bmp.ctxr,textures/flatlist/_win,s171a_mo_pillar_05.bmp.ctxr,s171a_mo_pillar_05.bmp,ctxr,16704,85d74b200c72960a755d7ed8672e21e79ee4bf6e
textures/flatlist/_win/s171a_mo_pillar_06.bmp.ctxr,textures/flatlist/_win,s171a_mo_pillar_06.bmp.ctxr,s171a_mo_pillar_06.bmp,ctxr,2336,a9cb41b0798aaabbb06733b6ad92a03f157dac46
textures/flatlist/_win/s171a_mo_pillar_07.bmp.ctxr,textures/flatlist/_win,s171a_mo_pillar_07.bmp.ctxr,s171a_mo_pillar_07.bmp,ctxr,33120,0a74c5956b33728840dc39c8de42c08b981fc87a
textures/flatlist/_win/s171a_mo_pillar_08.bmp.ctxr,textures/flatlist/_win,s171a_mo_pillar_08.bmp.ctxr,s171a_mo_pillar_08.bmp,ctxr,37152,60b8e62b44161d9abc27cd5c03a27d671edc523d
textures/flatlist/_win/s171a_mo_pillar_rep_01.bmp.ctxr,textures/flatlist/_win,s171a_mo_pillar_rep_01.bmp.ctxr,s171a_mo_pillar_rep_01.bmp,ctxr,349952,51e848d2a6af4c014cde3da6e6a30cea30370c18
textures/flatlist/_win/s171a_mo_pipe_02.bmp.ctxr,textures/flatlist/_win,s171a_mo_pipe_02.bmp.ctxr,s171a_mo_pipe_02.bmp,ctxr,12576,bbacb4203d787582b8cb15b13ab22fb2c9eaa5ea
textures/flatlist/_win/s171a_mo_pipe_03.bmp.ctxr,textures/flatlist/_win,s171a_mo_pipe_03.bmp.ctxr,s171a_mo_pipe_03.bmp,ctxr,12576,6b68f560b3b71dd0f2311e6a5c1d8d8d5dab8f7c
textures/flatlist/_win/s171a_mo_river_alp_ovl_06.bmp.ctxr,textures/flatlist/_win,s171a_mo_river_alp_ovl_06.bmp.ctxr,s171a_mo_river_alp_ovl_06.bmp,ctxr,12576,14a42222b56fffdabb0ccae78e109cae7e1b2d13
textures/flatlist/_win/s171a_mo_river_alp_ovl_07.bmp.ctxr,textures/flatlist/_win,s171a_mo_river_alp_ovl_07.bmp.ctxr,s171a_mo_river_alp_ovl_07.bmp,ctxr,12576,6af623abab68e1ac165f4c0da4fe55d3075cbb5a
textures/flatlist/_win/s171a_mo_sdw_alp_ovl_02.bmp.ctxr,textures/flatlist/_win,s171a_mo_sdw_alp_ovl_02.bmp.ctxr,s171a_mo_sdw_alp_ovl_02.bmp,ctxr,131456,08565531769ec241663c246af8f7cb882be2db4d
textures/flatlist/_win/s171a_mo_sdw_alp_ovl_03.bmp.ctxr,textures/flatlist/_win,s171a_mo_sdw_alp_ovl_03.bmp.ctxr,s171a_mo_sdw_alp_ovl_03.bmp,ctxr,33120,49376bd51c12387dd28b297e50f44d7b96f95fc3
textures/flatlist/_win/s171a_mo_sdw_alp_ovl_12.bmp.ctxr,textures/flatlist/_win,s171a_mo_sdw_alp_ovl_12.bmp.ctxr,s171a_mo_sdw_alp_ovl_12.bmp,ctxr,12576,fdbe85cb1407193d5289cb3b228d54ec5d0604aa
textures/flatlist/_win/s171a_mo_wall_rep_03.bmp.ctxr,textures/flatlist/_win,s171a_mo_wall_rep_03.bmp.ctxr,s171a_mo_wall_rep_03.bmp,ctxr,1398528,92c95cbfc318b60753f4b26d71723af84bfd8c05
textures/flatlist/_win/s171a_mo_wire_alp_01.trans.bmp.ctxr,textures/flatlist/_win,s171a_mo_wire_alp_01.trans.bmp.ctxr,s171a_mo_wire_alp_01.trans.bmp,ctxr,3072,5baa9d71915859c1a4b9c316959ddf53ed5a4ec5
textures/flatlist/_win/s171a_mo_wire_alp_ovl_01.bmp.ctxr,textures/flatlist/_win,s171a_mo_wire_alp_ovl_01.bmp.ctxr,s171a_mo_wire_alp_ovl_01.bmp,ctxr,1440,402413dc0c06977148b768e8914b686825dd2b10
textures/flatlist/_win/s181a_btrt_sdw00_alp_ovl.bmp.ctxr,textures/flatlist/_win,s181a_btrt_sdw00_alp_ovl.bmp.ctxr,s181a_btrt_sdw00_alp_ovl.bmp,ctxr,6432,9c6591555e028988438f573cc664d855ef759847
textures/flatlist/_win/s181a_flr_rep01.bmp.ctxr,textures/flatlist/_win,s181a_flr_rep01.bmp.ctxr,s181a_flr_rep01.bmp,ctxr,1398528,90f0c34a086ad42e0fc38102cb59df7ee3a988a7
textures/flatlist/_win/s181a_jimen_a01_rep.bmp.ctxr,textures/flatlist/_win,s181a_jimen_a01_rep.bmp.ctxr,s181a_jimen_a01_rep.bmp,ctxr,5592864,a94afe3ca02e941a117eca86a4f360fd77ed74d2
textures/flatlist/_win/s181a_jimen_a04_rep.bmp.ctxr,textures/flatlist/_win,s181a_jimen_a04_rep.bmp.ctxr,s181a_jimen_a04_rep.bmp,ctxr,1398528,d7018a146b3098df4aef98a9463f27f8abc73b75
textures/flatlist/_win/s181a_mt_rep01.bmp.ctxr,textures/flatlist/_win,s181a_mt_rep01.bmp.ctxr,s181a_mt_rep01.bmp,ctxr,5592864,fbde78fb6d41040dde85f4a97124e60d9a1838d6
textures/flatlist/_win/s181a_snow_a01_alp_ovl_rep.bmp.ctxr,textures/flatlist/_win,s181a_snow_a01_alp_ovl_rep.bmp.ctxr,s181a_snow_a01_alp_ovl_rep.bmp,ctxr,1398528,e97fd48ccc4ecfef016a2d3829de0f79bfd1a5bf
textures/flatlist/_win/s183a_rocksfc_b01_rep.bmp.ctxr,textures/flatlist/_win,s183a_rocksfc_b01_rep.bmp.ctxr,s183a_rocksfc_b01_rep.bmp,ctxr,1398528,86439dd5c2b21c61293e422573ad5c58de73a3bc
textures/flatlist/_win/s201a_deadtree1_rep_mip8000.bmp.ctxr,textures/flatlist/_win,s201a_deadtree1_rep_mip8000.bmp.ctxr,s201a_deadtree1_rep_mip8000.bmp,ctxr,349920,e3309efbcf526f4d2c04c07d8773a5ab7ab5f6bd
textures/flatlist/_win/s221a_books_00.bmp.ctxr,textures/flatlist/_win,s221a_books_00.bmp.ctxr,s221a_books_00.bmp,ctxr,87744,ffe8066279ee8f6dfa78c9d97a2d3318e5b81e3b
textures/flatlist/_win/s221a_cabinet_00.bmp.ctxr,textures/flatlist/_win,s221a_cabinet_00.bmp.ctxr,s221a_cabinet_00.bmp,ctxr,16704,790655ef76125d70613720a78b012d256b8e8f08
textures/flatlist/_win/s221a_carpet_00.bmp.ctxr,textures/flatlist/_win,s221a_carpet_00.bmp.ctxr,s221a_carpet_00.bmp,ctxr,2796672,51462fcdd34796e70d6724bbc577745157bd90d2
textures/flatlist/_win/s221a_carpet_01_alp_ovl.bmp.ctxr,textures/flatlist/_win,s221a_carpet_01_alp_ovl.bmp.ctxr,s221a_carpet_01_alp_ovl.bmp,ctxr,84992,881780cb902b13c118d355df7e481c3fa6f35fdb
textures/flatlist/_win/s221a_ceil_00.bmp.ctxr,textures/flatlist/_win,s221a_ceil_00.bmp.ctxr,s221a_ceil_00.bmp,ctxr,34432,18808457e9950683e22b62e0979ca22406c62936
textures/flatlist/_win/s221a_curtain_a00_alp_ovl.bmp.ctxr,textures/flatlist/_win,s221a_curtain_a00_alp_ovl.bmp.ctxr,s221a_curtain_a00_alp_ovl.bmp,ctxr,125920,763ddb25793af76649b2eafd4939e628fbaea2e2
textures/flatlist/_win/s221a_curtain_b00_alp_ovl.bmp.ctxr,textures/flatlist/_win,s221a_curtain_b00_alp_ovl.bmp.ctxr,s221a_curtain_b00_alp_ovl.bmp,ctxr,65888,96b442173e2c99c6c3a45a23ce8d480b4a2c5285
textures/flatlist/_win/s221a_door.bmp.ctxr,textures/flatlist/_win,s221a_door.bmp.ctxr,s221a_door.bmp,ctxr,131424,179720ebfa41f33d1a5b6ba9f85a30fc5448758d
textures/flatlist/_win/s221a_fireplace_00.bmp.ctxr,textures/flatlist/_win,s221a_fireplace_00.bmp.ctxr,s221a_fireplace_00.bmp,ctxr,2796672,688b1cb4baacba73badace6a1e931b405e08faca
textures/flatlist/_win/s221a_flower_a00_alp_ovl.bmp.ctxr,textures/flatlist/_win,s221a_flower_a00_alp_ovl.bmp.ctxr,s221a_flower_a00_alp_ovl.bmp,ctxr,33088,10b280421efcf03424e9b6c53118face34b851ae
textures/flatlist/_win/s221a_flower_a01_alp_ovl.bmp.ctxr,textures/flatlist/_win,s221a_flower_a01_alp_ovl.bmp.ctxr,s221a_flower_a01_alp_ovl.bmp,ctxr,74048,87ae4c2636e6b31d36d1e06a5e2bcbe6708f34fe
textures/flatlist/_win/s221a_flower_b00_alp_ovl.bmp.ctxr,textures/flatlist/_win,s221a_flower_b00_alp_ovl.bmp.ctxr,s221a_flower_b00_alp_ovl.bmp,ctxr,33120,bec6888cc2cde77c1ce1e9c85bf8ff77cafcc10b
textures/flatlist/_win/s221a_light_a00_alp_ovl.bmp.ctxr,textures/flatlist/_win,s221a_light_a00_alp_ovl.bmp.ctxr,s221a_light_a00_alp_ovl.bmp,ctxr,27616,98db10fc07ae4bce4c9bfba2c8fe2a4ceb9089fe
textures/flatlist/_win/s221a_light_a01_alp_ovl.bmp.ctxr,textures/flatlist/_win,s221a_light_a01_alp_ovl.bmp.ctxr,s221a_light_a01_alp_ovl.bmp,ctxr,4384,e587fe84990a44d751cb3120a5cc3da8aaa4d3ae
textures/flatlist/_win/s221a_light_a03.bmp.ctxr,textures/flatlist/_win,s221a_light_a03.bmp.ctxr,s221a_light_a03.bmp,ctxr,4384,6a3d4b1d3210b4cfc42ce999fe3f1134575fb323
textures/flatlist/_win/s221a_photo00_alp_ovl.bmp.ctxr,textures/flatlist/_win,s221a_photo00_alp_ovl.bmp.ctxr,s221a_photo00_alp_ovl.bmp,ctxr,93504,61c548a44cfe18c0a6a9e00d18a48c25145751d7
textures/flatlist/_win/s221a_sdw_00_alp_ovl.bmp.ctxr,textures/flatlist/_win,s221a_sdw_00_alp_ovl.bmp.ctxr,s221a_sdw_00_alp_ovl.bmp,ctxr,262528,36c8cdbdbe7fed8d78ddb00a99e6b349f5ccb4fa
textures/flatlist/_win/s221a_sdw_a00_alp_ovl.bmp.ctxr,textures/flatlist/_win,s221a_sdw_a00_alp_ovl.bmp.ctxr,s221a_sdw_a00_alp_ovl.bmp,ctxr,16704,16575704b205d0b2b566c5b370a9aa6e5bf4d3a5
textures/flatlist/_win/s221a_stove_01.bmp.ctxr,textures/flatlist/_win,s221a_stove_01.bmp.ctxr,s221a_stove_01.bmp,ctxr,1398528,f93b43f6936ce92d3ad4a03317732df0f98fe74d
textures/flatlist/_win/s221a_towel_00.bmp.ctxr,textures/flatlist/_win,s221a_towel_00.bmp.ctxr,s221a_towel_00.bmp,ctxr,75392,49c03095713ba8bdc73518f38d000db8edcd359d
textures/flatlist/_win/s221a_vista_a00_alp_ovl.bmp.ctxr,textures/flatlist/_win,s221a_vista_a00_alp_ovl.bmp.ctxr,s221a_vista_a00_alp_ovl.bmp,ctxr,125216,52ef34a4642453075486e0aa73efc2501f0f1e5e
textures/flatlist/_win/s222a_america_01.bmp.ctxr,textures/flatlist/_win,s222a_america_01.bmp.ctxr,s222a_america_01.bmp,ctxr,57696,465ceb13ffdfc0401744752997163d13c01b62d9
textures/flatlist/_win/s222a_door_nob01.bmp.ctxr,textures/flatlist/_win,s222a_door_nob01.bmp.ctxr,s222a_door_nob01.bmp,ctxr,22176,5527cfb240364c91fc34cb09f8c4a396e60708f7
textures/flatlist/_win/s222a_room_chair_01.bmp.ctxr,textures/flatlist/_win,s222a_room_chair_01.bmp.ctxr,s222a_room_chair_01.bmp,ctxr,54976,d88f4c12899fd64426b9d809cb45eb0b40c4b830
textures/flatlist/_win/s222a_room_chair_03.bmp.ctxr,textures/flatlist/_win,s222a_room_chair_03.bmp.ctxr,s222a_room_chair_03.bmp,ctxr,16704,3e8d4094a77ff7edc2f31797dd468f1c0f61f911
textures/flatlist/_win/s222a_room_dai_01.bmp.ctxr,textures/flatlist/_win,s222a_room_dai_01.bmp.ctxr,s222a_room_dai_01.bmp,ctxr,11296,9a875e989c2818938833a90f5d22f44de49811c6
textures/flatlist/_win/s222a_room_dai_02.bmp.ctxr,textures/flatlist/_win,s222a_room_dai_02.bmp.ctxr,s222a_room_dai_02.bmp,ctxr,87744,2d785a940eb1bc63eb9d9b9a5f1a402eac6a1ecf
textures/flatlist/_win/s222a_room_dai_03.bmp.ctxr,textures/flatlist/_win,s222a_room_dai_03.bmp.ctxr,s222a_room_dai_03.bmp,ctxr,44096,487b38c08ee544e4bc39d62aef40a9fd9a760aa0
textures/flatlist/_win/s222a_room_desk_01.bmp.ctxr,textures/flatlist/_win,s222a_room_desk_01.bmp.ctxr,s222a_room_desk_01.bmp,ctxr,65888,13d42db0ac8560698bccf9795454b07f70911fc5
textures/flatlist/_win/s222a_room_desk_komono_01_alp_ovl.bmp.ctxr,textures/flatlist/_win,s222a_room_desk_komono_01_alp_ovl.bmp.ctxr,s222a_room_desk_komono_01_alp_ovl.bmp,ctxr,33088,403547eae0eaba579abf3eedaa309d7dc60320a8
textures/flatlist/_win/s222a_room_desk_komono_03.bmp.ctxr,textures/flatlist/_win,s222a_room_desk_komono_03.bmp.ctxr,s222a_room_desk_komono_03.bmp,ctxr,1280,109734e64145185101d6547d667ba97d707e6558
textures/flatlist/_win/s222a_room_desk_komono_04.bmp.ctxr,textures/flatlist/_win,s222a_room_desk_komono_04.bmp.ctxr,s222a_room_desk_komono_04.bmp,ctxr,87744,25f3f400332dcc6ed0a731d253aec07a0367a879
textures/flatlist/_win/s222a_room_desk_komono_05.bmp.ctxr,textures/flatlist/_win,s222a_room_desk_komono_05.bmp.ctxr,s222a_room_desk_komono_05.bmp,ctxr,44064,e6b1b2613ce45e0c2b08a5cfa2717e4c8513d44a
textures/flatlist/_win/s222a_room_desk_paper_01_ovl.bmp.ctxr,textures/flatlist/_win,s222a_room_desk_paper_01_ovl.bmp.ctxr,s222a_room_desk_paper_01_ovl.bmp,ctxr,8480,e02df45962bcc4ba3c360821d8090c8bc2600de8
textures/flatlist/_win/s222a_room_door_02.bmp.ctxr,textures/flatlist/_win,s222a_room_door_02.bmp.ctxr,s222a_room_door_02.bmp,ctxr,87808,014807965360db6a053432507abfd3a0a5ff4e6f
textures/flatlist/_win/s222a_room_door_03.bmp.ctxr,textures/flatlist/_win,s222a_room_door_03.bmp.ctxr,s222a_room_door_03.bmp,ctxr,54976,ac48516a999bab20514060220b600393514cebd8
textures/flatlist/_win/s222a_room_door_04.bmp.ctxr,textures/flatlist/_win,s222a_room_door_04.bmp.ctxr,s222a_room_door_04.bmp,ctxr,7168,e30a8c8e215e0751c56b49965ef3933ad46c7b41
textures/flatlist/_win/s222a_room_floor_01_rep.bmp.ctxr,textures/flatlist/_win,s222a_room_floor_01_rep.bmp.ctxr,s222a_room_floor_01_rep.bmp,ctxr,349920,09af18f3eca8af5aac90f8e61294fcf76c3f5299
textures/flatlist/_win/s222a_room_gakubuchi_01.bmp.ctxr,textures/flatlist/_win,s222a_room_gakubuchi_01.bmp.ctxr,s222a_room_gakubuchi_01.bmp,ctxr,19424,cadd0ae568b44482f08091ce6e610ee0feb49ee5
textures/flatlist/_win/s222a_room_hikari_01_alp_ovl.bmp.ctxr,textures/flatlist/_win,s222a_room_hikari_01_alp_ovl.bmp.ctxr,s222a_room_hikari_01_alp_ovl.bmp,ctxr,65888,3098353ec1e3712027c9df1ce62ff7d63d0133a9
textures/flatlist/_win/s222a_room_hondana_02.bmp.ctxr,textures/flatlist/_win,s222a_room_hondana_02.bmp.ctxr,s222a_room_hondana_02.bmp,ctxr,8544,464780d1f7906d93b68138c190308b458ef6dfb8
textures/flatlist/_win/s222a_room_hondana_03.bmp.ctxr,textures/flatlist/_win,s222a_room_hondana_03.bmp.ctxr,s222a_room_hondana_03.bmp,ctxr,74048,141db21a0e33432abd9863597ae0c66adaa4b87f
textures/flatlist/_win/s222a_room_hondana_05_alp_ovl.bmp.ctxr,textures/flatlist/_win,s222a_room_hondana_05_alp_ovl.bmp.ctxr,s222a_room_hondana_05_alp_ovl.bmp,ctxr,5376,a81d38f6dab665b505e4b5dd8998fc8a047ea90f
textures/flatlist/_win/s222a_room_hondana_06.bmp.ctxr,textures/flatlist/_win,s222a_room_hondana_06.bmp.ctxr,s222a_room_hondana_06.bmp,ctxr,175168,6e7be4c0a27d548d0fc4a35b9d4bd16b221c91ba
textures/flatlist/_win/s222a_room_hondana_07.bmp.ctxr,textures/flatlist/_win,s222a_room_hondana_07.bmp.ctxr,s222a_room_hondana_07.bmp,ctxr,7168,e44481b597805aff52293c295cb89c36b78c7a36
textures/flatlist/_win/s222a_room_isu_01.bmp.ctxr,textures/flatlist/_win,s222a_room_isu_01.bmp.ctxr,s222a_room_isu_01.bmp,ctxr,87744,a4f21190379a9a40e256128bbef42fe02a70c015
textures/flatlist/_win/s222a_room_isu_03.bmp.ctxr,textures/flatlist/_win,s222a_room_isu_03.bmp.ctxr,s222a_room_isu_03.bmp,ctxr,44064,2c35718b5f00a9efc1f07e66ebac9437dfd2b784
textures/flatlist/_win/s222a_room_isu_05.bmp.ctxr,textures/flatlist/_win,s222a_room_isu_05.bmp.ctxr,s222a_room_isu_05.bmp,ctxr,44064,556f9cd2023b4640d3b3bdf58a4c682a38e1359d
textures/flatlist/_win/s222a_room_isu_06.bmp.ctxr,textures/flatlist/_win,s222a_room_isu_06.bmp.ctxr,s222a_room_isu_06.bmp,ctxr,44096,c2e3c0c774fdf826bc2696f473590c006b1e7825
textures/flatlist/_win/s222a_room_isu_07.bmp.ctxr,textures/flatlist/_win,s222a_room_isu_07.bmp.ctxr,s222a_room_isu_07.bmp,ctxr,22208,0fbf88e31ceb00838c3e5a8b2efe48d8a0e5b014
textures/flatlist/_win/s222a_room_isu_08.bmp.ctxr,textures/flatlist/_win,s222a_room_isu_08.bmp.ctxr,s222a_room_isu_08.bmp,ctxr,11296,4d97ea9d0420b5bb791c98ea360125fc648893fb
textures/flatlist/_win/s222a_room_kage_13kabe_alp_ovl.bmp.ctxr,textures/flatlist/_win,s222a_room_kage_13kabe_alp_ovl.bmp.ctxr,s222a_room_kage_13kabe_alp_ovl.bmp,ctxr,33120,56262a0b7fdca6dcf3c55d1b7fb67c10b9786b99
textures/flatlist/_win/s222a_room_lamp_01.bmp.ctxr,textures/flatlist/_win,s222a_room_lamp_01.bmp.ctxr,s222a_room_lamp_01.bmp,ctxr,87744,6398ca3b4a5d50e2a2cfa0383d09bbe70962ea46
textures/flatlist/_win/s222a_room_light_03.bmp.ctxr,textures/flatlist/_win,s222a_room_light_03.bmp.ctxr,s222a_room_light_03.bmp,ctxr,22208,1d9f092f7a4d6b433473badc63ecc577656f80ad
textures/flatlist/_win/s222a_room_phone_01.bmp.ctxr,textures/flatlist/_win,s222a_room_phone_01.bmp.ctxr,s222a_room_phone_01.bmp,ctxr,18048,86a873e48b05e90023d5108ce65a977c7d02a1e2
textures/flatlist/_win/s222a_room_picture_01.bmp.ctxr,textures/flatlist/_win,s222a_room_picture_01.bmp.ctxr,s222a_room_picture_01.bmp,ctxr,65888,f50c8732bdd7c8eabf4c17d49c67a4edf6e2f8e9
textures/flatlist/_win/s222a_room_picture_02.bmp.ctxr,textures/flatlist/_win,s222a_room_picture_02.bmp.ctxr,s222a_room_picture_02.bmp,ctxr,71296,eb18e99536c94284f2b582597b82e21e94635238
textures/flatlist/_win/s222a_room_tans_01.bmp.ctxr,textures/flatlist/_win,s222a_room_tans_01.bmp.ctxr,s222a_room_tans_01.bmp,ctxr,46784,265fba5b91602b8065cfdc336f5446271fdf536d
textures/flatlist/_win/s222a_room_tans_02.bmp.ctxr,textures/flatlist/_win,s222a_room_tans_02.bmp.ctxr,s222a_room_tans_02.bmp,ctxr,349920,1acb3f400e613810210a210ea768f07814373162
textures/flatlist/_win/s222a_room_tans_05.bmp.ctxr,textures/flatlist/_win,s222a_room_tans_05.bmp.ctxr,s222a_room_tans_05.bmp,ctxr,69952,6ac5f01a456d51161fbfc959e297e56257d48be2
textures/flatlist/_win/s222a_room_wall_01_rep.bmp.ctxr,textures/flatlist/_win,s222a_room_wall_01_rep.bmp.ctxr,s222a_room_wall_01_rep.bmp,ctxr,349920,7a0f6a11cf41f744cb0e69b0e2ed1106ab2d080f
textures/flatlist/_win/s222a_room_wall_02_rep.bmp.ctxr,textures/flatlist/_win,s222a_room_wall_02_rep.bmp.ctxr,s222a_room_wall_02_rep.bmp,ctxr,349920,d8fbf584c695497fed2f2c7b6405f92d465b6883
textures/flatlist/_win/s222a_shelves_alp_ovl.bmp.ctxr,textures/flatlist/_win,s222a_shelves_alp_ovl.bmp.ctxr,s222a_shelves_alp_ovl.bmp,ctxr,54976,cdeccf3957bef08bd632628610447583ba784665
textures/flatlist/_win/s223a_chain02_alp_ovl.bmp.ctxr,textures/flatlist/_win,s223a_chain02_alp_ovl.bmp.ctxr,s223a_chain02_alp_ovl.bmp,ctxr,8512,ee80de8af8f6b4427bb0e428078831d4f20272c8
textures/flatlist/_win/s223a_plant_a00_alp_ovl.bmp.ctxr,textures/flatlist/_win,s223a_plant_a00_alp_ovl.bmp.ctxr,s223a_plant_a00_alp_ovl.bmp,ctxr,35808,051dc0c72bd795e83d682767e06e7f64d0c905b5
textures/flatlist/_win/s223a_plant_a01_alp_ovl.bmp.ctxr,textures/flatlist/_win,s223a_plant_a01_alp_ovl.bmp.ctxr,s223a_plant_a01_alp_ovl.bmp,ctxr,54976,034ca02fa58c1e4c7b19eff2c953abc70093bd3e
textures/flatlist/_win/s223a_rendermap_usuda00_alp_ovl.bmp.ctxr,textures/flatlist/_win,s223a_rendermap_usuda00_alp_ovl.bmp.ctxr,s223a_rendermap_usuda00_alp_ovl.bmp,ctxr,196992,62f74c75f3ee3a3f98f883d85dcdbe4bc5f9dcfd
textures/flatlist/_win/s223a_stake01.bmp.ctxr,textures/flatlist/_win,s223a_stake01.bmp.ctxr,s223a_stake01.bmp,ctxr,33120,20b37e080b5adbe5e2b6303ecfdf97c9dd6f96a3
textures/flatlist/_win/s223a_stone.bmp.ctxr,textures/flatlist/_win,s223a_stone.bmp.ctxr,s223a_stone.bmp,ctxr,35808,16352ca49984e65e5b9ac72030ebf5f5d8381228
textures/flatlist/_win/s223a_stone_back0.bmp.ctxr,textures/flatlist/_win,s223a_stone_back0.bmp.ctxr,s223a_stone_back0.bmp,ctxr,35808,d4ab9e1be04ce6f6c53b13a99eeab72cd5ea2981
textures/flatlist/_win/s223a_stone_boss.bmp.ctxr,textures/flatlist/_win,s223a_stone_boss.bmp.ctxr,s223a_stone_boss.bmp,ctxr,266592,83ed99001770c040cac7b6f1262941e37a7dd041
textures/flatlist/_win/s223a_stone_cross0.bmp.ctxr,textures/flatlist/_win,s223a_stone_cross0.bmp.ctxr,s223a_stone_cross0.bmp,ctxr,7424,a394e9b612b38200d8d4807229d47e8ecd413110
textures/flatlist/_win/s223a_stone_cross1.bmp.ctxr,textures/flatlist/_win,s223a_stone_cross1.bmp.ctxr,s223a_stone_cross1.bmp,ctxr,15616,2a3a69464837826796dcd08aa3f0f30370812acb
textures/flatlist/_win/s223a_stone_high00.bmp.ctxr,textures/flatlist/_win,s223a_stone_high00.bmp.ctxr,s223a_stone_high00.bmp,ctxr,145056,3e07f4335c2be49ffeb20357d87b1ad3a3261c7b
textures/flatlist/_win/s223a_stone_side.bmp.ctxr,textures/flatlist/_win,s223a_stone_side.bmp.ctxr,s223a_stone_side.bmp,ctxr,11424,500e096e963ed6430c7c52d7f0d1c7044d1b56a3
textures/flatlist/_win/s223a_stone_top.bmp.ctxr,textures/flatlist/_win,s223a_stone_top.bmp.ctxr,s223a_stone_top.bmp,ctxr,7136,c046c598fd2744d8bf55f95149c64def0ea7de4e
textures/flatlist/_win/s22a_mog_bed_01.bmp.ctxr,textures/flatlist/_win,s22a_mog_bed_01.bmp.ctxr,s22a_mog_bed_01.bmp,ctxr,8512,83f9bd925fb0567dddac5cc6ebf86a56bfbd54fc
textures/flatlist/_win/s22a_mog_bed_04.bmp.ctxr,textures/flatlist/_win,s22a_mog_bed_04.bmp.ctxr,s22a_mog_bed_04.bmp,ctxr,6432,2cd57adccb135ef40a7e725414b0278d244fb480
textures/flatlist/_win/s22a_mog_book_01.bmp.ctxr,textures/flatlist/_win,s22a_mog_book_01.bmp.ctxr,s22a_mog_book_01.bmp,ctxr,16704,0163f39effb107ac063611a92b161d8d1be6e580
textures/flatlist/_win/s22a_mog_book_02.bmp.ctxr,textures/flatlist/_win,s22a_mog_book_02.bmp.ctxr,s22a_mog_book_02.bmp,ctxr,4864,c0ebc7083beef528cde25c6192c0d26d801bbfe3
textures/flatlist/_win/s22a_mog_box_01.bmp.ctxr,textures/flatlist/_win,s22a_mog_box_01.bmp.ctxr,s22a_mog_box_01.bmp,ctxr,349920,b20e4e5d8ef4f8212e8234df1c1247c708da61d6
textures/flatlist/_win/s22a_mog_desk_02.bmp.ctxr,textures/flatlist/_win,s22a_mog_desk_02.bmp.ctxr,s22a_mog_desk_02.bmp,ctxr,4416,c05cf3309fd76c0120f320184eae1f3dd2f5e487
textures/flatlist/_win/s22a_mog_desk_03.bmp.ctxr,textures/flatlist/_win,s22a_mog_desk_03.bmp.ctxr,s22a_mog_desk_03.bmp,ctxr,12608,6a6f872d8f890cac43509dedf1089d8fd1f6cc7e
textures/flatlist/_win/s22a_mog_desk_alp_ovl_06.bmp.ctxr,textures/flatlist/_win,s22a_mog_desk_alp_ovl_06.bmp.ctxr,s22a_mog_desk_alp_ovl_06.bmp,ctxr,1440,479f3f6beabc71b9b673c005dce5a07026a17336
textures/flatlist/_win/s22a_mog_desk_alp_ovl_08.bmp.ctxr,textures/flatlist/_win,s22a_mog_desk_alp_ovl_08.bmp.ctxr,s22a_mog_desk_alp_ovl_08.bmp,ctxr,1664,56ae809d4de58eeea5c34b1cdad94e4ae163a563
textures/flatlist/_win/s22a_mog_light_alp_ovl_add_02.bmp.ctxr,textures/flatlist/_win,s22a_mog_light_alp_ovl_add_02.bmp.ctxr,s22a_mog_light_alp_ovl_add_02.bmp,ctxr,1792,1641bc50df05f259ab4cc64ee407c6d52c6ba7ae
textures/flatlist/_win/s22a_mog_obj_01.bmp.ctxr,textures/flatlist/_win,s22a_mog_obj_01.bmp.ctxr,s22a_mog_obj_01.bmp,ctxr,44064,ad11876473f88b8cf17b7de3c24e92f5ae12b613
textures/flatlist/_win/s22a_mog_obj_02.bmp.ctxr,textures/flatlist/_win,s22a_mog_obj_02.bmp.ctxr,s22a_mog_obj_02.bmp,ctxr,44064,52f530ce366cafc526d5795642465f2d97ca566e
textures/flatlist/_win/s22a_mog_obj_03.bmp.ctxr,textures/flatlist/_win,s22a_mog_obj_03.bmp.ctxr,s22a_mog_obj_03.bmp,ctxr,87744,b4e4b43a0ec28a327045df6e5fd5162c1e8c6b2f
textures/flatlist/_win/s22a_mog_obj_04.bmp.ctxr,textures/flatlist/_win,s22a_mog_obj_04.bmp.ctxr,s22a_mog_obj_04.bmp,ctxr,5376,c164f8afbd064657d7f129d65b2837f46c82bfec
textures/flatlist/_win/s22a_mog_obj_05.bmp.ctxr,textures/flatlist/_win,s22a_mog_obj_05.bmp.ctxr,s22a_mog_obj_05.bmp,ctxr,44064,57a1389a42a94faf7d98242e4da548a6f2f9d0a5
textures/flatlist/_win/s22a_mog_obj_06.bmp.ctxr,textures/flatlist/_win,s22a_mog_obj_06.bmp.ctxr,s22a_mog_obj_06.bmp,ctxr,87744,db57d2f6fddb3d7eebdae455f9fd04dbefd3332d
textures/flatlist/_win/s22a_mog_obj_07.bmp.ctxr,textures/flatlist/_win,s22a_mog_obj_07.bmp.ctxr,s22a_mog_obj_07.bmp,ctxr,87744,4820683d23cf2cfd1dc7acf26bd42e4b358e1335
textures/flatlist/_win/s22a_mog_obj_08.bmp.ctxr,textures/flatlist/_win,s22a_mog_obj_08.bmp.ctxr,s22a_mog_obj_08.bmp,ctxr,12608,3f6e841d85a196e99fc1ea1ab1a21fc59f223446
textures/flatlist/_win/s22a_mog_obj_09.bmp.ctxr,textures/flatlist/_win,s22a_mog_obj_09.bmp.ctxr,s22a_mog_obj_09.bmp,ctxr,175168,a0fee170bb4e4e9cde6daddd1a2892491df700dc
textures/flatlist/_win/s22a_mog_obj_10.bmp.ctxr,textures/flatlist/_win,s22a_mog_obj_10.bmp.ctxr,s22a_mog_obj_10.bmp,ctxr,2336,f088a8de6b6d3feba98655a25d16779cc8e22cf1
textures/flatlist/_win/s22a_mog_obj_13.bmp.ctxr,textures/flatlist/_win,s22a_mog_obj_13.bmp.ctxr,s22a_mog_obj_13.bmp,ctxr,8480,9fb10fda1bffeedc2835b5fb786590df14dad66d
textures/flatlist/_win/s22a_mog_obj_14.bmp.ctxr,textures/flatlist/_win,s22a_mog_obj_14.bmp.ctxr,s22a_mog_obj_14.bmp,ctxr,7424,7caf2db2ac96b87b83e30546f44293ced328609d
textures/flatlist/_win/s22a_mog_obj_18.bmp.ctxr,textures/flatlist/_win,s22a_mog_obj_18.bmp.ctxr,s22a_mog_obj_18.bmp,ctxr,6432,20cc0fb8d758f8d6d838e91d51912e45af82db96
textures/flatlist/_win/s22a_mog_obj_21.bmp.ctxr,textures/flatlist/_win,s22a_mog_obj_21.bmp.ctxr,s22a_mog_obj_21.bmp,ctxr,16704,b2f0193056f98994150e180d52ec8b2e53187de4
textures/flatlist/_win/s22a_mog_obj_22.bmp.ctxr,textures/flatlist/_win,s22a_mog_obj_22.bmp.ctxr,s22a_mog_obj_22.bmp,ctxr,3360,9027bb89c43b5ea1381a3c5427028734af7a1d67
textures/flatlist/_win/s22a_mog_obj_24.bmp.ctxr,textures/flatlist/_win,s22a_mog_obj_24.bmp.ctxr,s22a_mog_obj_24.bmp,ctxr,7776,31a831b845a44d3ef34f233c287a78dd85babc6c
textures/flatlist/_win/s22a_mog_obj_25.bmp.ctxr,textures/flatlist/_win,s22a_mog_obj_25.bmp.ctxr,s22a_mog_obj_25.bmp,ctxr,44064,dbcb89d54a91ae0e6361032bda6bcdb106a2d899
textures/flatlist/_win/s22a_mog_obj_28.bmp.ctxr,textures/flatlist/_win,s22a_mog_obj_28.bmp.ctxr,s22a_mog_obj_28.bmp,ctxr,87744,ed65a0794dd70e46301b4fb1d5c4ffe9150af353
textures/flatlist/_win/s22a_mog_obj_29.bmp.ctxr,textures/flatlist/_win,s22a_mog_obj_29.bmp.ctxr,s22a_mog_obj_29.bmp,ctxr,7424,b6798a630e742ced550158a2c68acba937978501
textures/flatlist/_win/s22a_mog_obj_31.bmp.ctxr,textures/flatlist/_win,s22a_mog_obj_31.bmp.ctxr,s22a_mog_obj_31.bmp,ctxr,5376,8029ba97053982bf6eea88ef205ce5dbc1db4927
textures/flatlist/_win/s22a_mog_obj_32.bmp.ctxr,textures/flatlist/_win,s22a_mog_obj_32.bmp.ctxr,s22a_mog_obj_32.bmp,ctxr,16704,a71c8b8281f91d10444adbe97829c65fa270d186
textures/flatlist/_win/s22a_mog_obj_33.bmp.ctxr,textures/flatlist/_win,s22a_mog_obj_33.bmp.ctxr,s22a_mog_obj_33.bmp,ctxr,992,466cd6ab0031fca2ad4c34154d97c6fa40e90975
textures/flatlist/_win/s22a_mog_obj_alp_ovl_17.bmp.ctxr,textures/flatlist/_win,s22a_mog_obj_alp_ovl_17.bmp.ctxr,s22a_mog_obj_alp_ovl_17.bmp,ctxr,16704,d6bc760a8b3576209a159c555f76125fed2f0643
textures/flatlist/_win/s22a_mog_obj_alp_ovl_26.bmp.ctxr,textures/flatlist/_win,s22a_mog_obj_alp_ovl_26.bmp.ctxr,s22a_mog_obj_alp_ovl_26.bmp,ctxr,65888,0823b4f5971f64220cbb8c1ebd09a640df38426a
textures/flatlist/_win/s22a_mog_obj_alp_ovl_28.bmp.ctxr,textures/flatlist/_win,s22a_mog_obj_alp_ovl_28.bmp.ctxr,s22a_mog_obj_alp_ovl_28.bmp,ctxr,16704,121ba581da382d315d7f16c2654c9e4d37420780
textures/flatlist/_win/s22a_mog_obj_alp_ovl_29.bmp.ctxr,textures/flatlist/_win,s22a_mog_obj_alp_ovl_29.bmp.ctxr,s22a_mog_obj_alp_ovl_29.bmp,ctxr,65888,34d0479356e3384c089fbc56a79a525d09bf1f44
textures/flatlist/_win/s22a_mog_obj_alp_ovl_33.bmp.ctxr,textures/flatlist/_win,s22a_mog_obj_alp_ovl_33.bmp.ctxr,s22a_mog_obj_alp_ovl_33.bmp,ctxr,29440,5c1703234a0e288e880e9a8d958d2efb5cf5da03
textures/flatlist/_win/s22a_mog_obj_alp_ovl_add_ara1.bmp.ctxr,textures/flatlist/_win,s22a_mog_obj_alp_ovl_add_ara1.bmp.ctxr,s22a_mog_obj_alp_ovl_add_ara1.bmp,ctxr,2368,555321356517d54eb8cc960bd4dd39363f03a8ac
textures/flatlist/_win/s22a_mog_pipe_02.bmp.ctxr,textures/flatlist/_win,s22a_mog_pipe_02.bmp.ctxr,s22a_mog_pipe_02.bmp,ctxr,4416,2cc1853efdbce157d1ed476662a0c49db11d9a81
textures/flatlist/_win/s22a_mog_pipe_ovl_alp_01.bmp.ctxr,textures/flatlist/_win,s22a_mog_pipe_ovl_alp_01.bmp.ctxr,s22a_mog_pipe_ovl_alp_01.bmp,ctxr,1280,c99ff0cccc361814fe6354b12b33c7f11cb9a2ae
textures/flatlist/_win/s22a_mog_sdw_alp_ovl_03.bmp.ctxr,textures/flatlist/_win,s22a_mog_sdw_alp_ovl_03.bmp.ctxr,s22a_mog_sdw_alp_ovl_03.bmp,ctxr,28960,bc11473715e5a969e75cecd3c72b1fa75f5f6ee3
textures/flatlist/_win/s22a_mog_sdw_alp_ovl_07.bmp.ctxr,textures/flatlist/_win,s22a_mog_sdw_alp_ovl_07.bmp.ctxr,s22a_mog_sdw_alp_ovl_07.bmp,ctxr,15616,bc186e8b25b109afdb4c98a18985645013750286
textures/flatlist/_win/s22a_mog_stain_alp_ovl_02.bmp.ctxr,textures/flatlist/_win,s22a_mog_stain_alp_ovl_02.bmp.ctxr,s22a_mog_stain_alp_ovl_02.bmp,ctxr,2336,3e39be33d9fc4e8c36202ce66b0cfff17c2c236e
textures/flatlist/_win/s22a_mog_tana_02.bmp.ctxr,textures/flatlist/_win,s22a_mog_tana_02.bmp.ctxr,s22a_mog_tana_02.bmp,ctxr,3328,1d31f454ca95dd62f9f1d14e5b7459df90b16691
textures/flatlist/_win/s22a_mog_wall_alp_ovl_03.bmp.ctxr,textures/flatlist/_win,s22a_mog_wall_alp_ovl_03.bmp.ctxr,s22a_mog_wall_alp_ovl_03.bmp,ctxr,1312,2aa06e63464507201a6406e07fd8767075917c46
textures/flatlist/_win/s55a_floor_a00.bmp.ctxr,textures/flatlist/_win,s55a_floor_a00.bmp.ctxr,s55a_floor_a00.bmp,ctxr,49472,6a5b7fa5c2d1b5eb8088581bbe01558d9658613f
textures/flatlist/_win/s55a_floor_a02.bmp.ctxr,textures/flatlist/_win,s55a_floor_a02.bmp.ctxr,s55a_floor_a02.bmp,ctxr,49472,07ecc0e567a9329835c9e72ec4fba5d8d99637ba
textures/flatlist/_win/s55a_floor_a02.bmp_5270606482100c6062a0ce8b67e0d746.ctxr,textures/flatlist/_win,s55a_floor_a02.bmp_5270606482100c6062a0ce8b67e0d746.ctxr,s55a_floor_a02.bmp_5270606482100c6062a0ce8b67e0d746,ctxr,110912,db7e3ad4c18b7536401d74d2dc8cbbc698bd6d19
textures/flatlist/_win/s71a_kinokatamari_a02_rep.bmp.ctxr,textures/flatlist/_win,s71a_kinokatamari_a02_rep.bmp.ctxr,s71a_kinokatamari_a02_rep.bmp,ctxr,349920,4e786c68d58b77cfc072b47dd2a6b003d6d561c7
textures/flatlist/_win/s71a_wall_a01_rep_alp_ovl.bmp.ctxr,textures/flatlist/_win,s71a_wall_a01_rep_alp_ovl.bmp.ctxr,s71a_wall_a01_rep_alp_ovl.bmp,ctxr,175168,293312b39c615b8e7aabe8de696902657ea4a7bb
textures/flatlist/_win/s71a_wall_a02_rep.bmp.ctxr,textures/flatlist/_win,s71a_wall_a02_rep.bmp.ctxr,s71a_wall_a02_rep.bmp,ctxr,349920,74f54280ccffd619860f8a27e91098cb5ff55daa
textures/flatlist/_win/s74a_door00.bmp.ctxr,textures/flatlist/_win,s74a_door00.bmp.ctxr,s74a_door00.bmp,ctxr,175168,0693b8f32539fb84f179b06c418a3fc7337ac02d
textures/flatlist/_win/saa_engrave.bmp.ctxr,textures/flatlist/_win,saa_engrave.bmp.ctxr,saa_engrave.bmp,ctxr,393600,292cb64f9b11eb08f76b99c77638ab769e0d7408
textures/flatlist/_win/saa_engrave_ovl_sub_alp.bmp.ctxr,textures/flatlist/_win,saa_engrave_ovl_sub_alp.bmp.ctxr,saa_engrave_ovl_sub_alp.bmp,ctxr,295072,a1af00f57c8933ae55959b796555446bf781d266
textures/flatlist/_win/saa_stock.bmp.ctxr,textures/flatlist/_win,saa_stock.bmp.ctxr,saa_stock.bmp,ctxr,175168,7be6dcf70600b776cbc968235ef2eb53172f1e7b
textures/flatlist/_win/saa_stock_ovl_sub_alp.bmp.ctxr,textures/flatlist/_win,saa_stock_ovl_sub_alp.bmp.ctxr,saa_stock_ovl_sub_alp.bmp,ctxr,8352,f2d51880dae4e052cda2d42a01965e54fb81149e
textures/flatlist/_win/saa_stock_pipe.bmp.ctxr,textures/flatlist/_win,saa_stock_pipe.bmp.ctxr,saa_stock_pipe.bmp,ctxr,1120,2dde23c18a0c8b59063ea863556c811d762ee06e
textures/flatlist/_win/saa_stock_side.bmp.ctxr,textures/flatlist/_win,saa_stock_side.bmp.ctxr,saa_stock_side.bmp,ctxr,44064,02cc5e687cab2dbda94275dc1e0767ae65eea6fd
textures/flatlist/_win/saa_stock_side_ovl_sub_alp.bmp.ctxr,textures/flatlist/_win,saa_stock_side_ovl_sub_alp.bmp.ctxr,saa_stock_side_ovl_sub_alp.bmp,ctxr,1696,ba66fb02cf9317be37cb75c1875212a617c80801
textures/flatlist/_win/sadorudw.bmp.ctxr,textures/flatlist/_win,sadorudw.bmp.ctxr,sadorudw.bmp,ctxr,23520,9a79085731f7ac0f159895bcf812d62d4bc2fc1b
textures/flatlist/_win/sadorudw.bmp_5c579297d2e3752a812eec329957daad.ctxr,textures/flatlist/_win,sadorudw.bmp_5c579297d2e3752a812eec329957daad.ctxr,sadorudw.bmp_5c579297d2e3752a812eec329957daad,ctxr,23520,624bc190e80813ef580a00ce795ae448fa9cf8de
textures/flatlist/_win/sdbodybc.bmp.ctxr,textures/flatlist/_win,sdbodybc.bmp.ctxr,sdbodybc.bmp,ctxr,87744,8792f3f891a7e72970cbbd7d94dd37f2d77ab0d4
textures/flatlist/_win/sdbodyf.bmp.ctxr,textures/flatlist/_win,sdbodyf.bmp.ctxr,sdbodyf.bmp,ctxr,3840,74deb7859ac72b959c55106a75fb422e321452ef
textures/flatlist/_win/sdbodyft.bmp.ctxr,textures/flatlist/_win,sdbodyft.bmp.ctxr,sdbodyft.bmp,ctxr,8704,e679e7892137d0d173957203c8e84a49ff532948
textures/flatlist/_win/sdbodysi.bmp.ctxr,textures/flatlist/_win,sdbodysi.bmp.ctxr,sdbodysi.bmp,ctxr,35008,2d5e660e9f442bd7b5f947404a360bb61908e076
textures/flatlist/_win/sdboruto.bmp.ctxr,textures/flatlist/_win,sdboruto.bmp.ctxr,sdboruto.bmp,ctxr,2560,0afc2056351b4ccfdb4a98e6ab142efff7115780
textures/flatlist/_win/sdfgard.bmp.ctxr,textures/flatlist/_win,sdfgard.bmp.ctxr,sdfgard.bmp,ctxr,5376,2c4dac1fe0cea3a827aa9de5e0a0bfb8004a65bb
textures/flatlist/_win/sdfkyouyou.bmp.ctxr,textures/flatlist/_win,sdfkyouyou.bmp.ctxr,sdfkyouyou.bmp,ctxr,4096,e108df9bb2806811ff93b929da0a391b0e9ae8e3
textures/flatlist/_win/sdfushiro.bmp.ctxr,textures/flatlist/_win,sdfushiro.bmp.ctxr,sdfushiro.bmp,ctxr,11296,1d79c31d0c70bf8b03e8c07af7b62ec202ec457f
textures/flatlist/_win/sdfyokosoto.bmp.ctxr,textures/flatlist/_win,sdfyokosoto.bmp.ctxr,sdfyokosoto.bmp,ctxr,44096,bacc37fd770f6abd7e4e6215946f0bc978311792
textures/flatlist/_win/sdfyokouchi.bmp.ctxr,textures/flatlist/_win,sdfyokouchi.bmp.ctxr,sdfyokouchi.bmp,ctxr,5760,9f8ee040378745d09006433a28b087218e08e2fb
textures/flatlist/_win/sdl_body_new_ovl_alp.bmp.ctxr,textures/flatlist/_win,sdl_body_new_ovl_alp.bmp.ctxr,sdl_body_new_ovl_alp.bmp,ctxr,64256,91511a4696baaaaf604a56845d31e53c94e62e28
textures/flatlist/_win/sdshirinder.bmp.ctxr,textures/flatlist/_win,sdshirinder.bmp.ctxr,sdshirinder.bmp,ctxr,7520,f36c043019d113f76c06afb0b5869b5a863f59e8
textures/flatlist/_win/seat04.bmp.ctxr,textures/flatlist/_win,seat04.bmp.ctxr,seat04.bmp,ctxr,7136,d377790d6ffd6278a622d93d9b45ebb9298cdb55
textures/flatlist/_win/seat05.bmp.ctxr,textures/flatlist/_win,seat05.bmp.ctxr,seat05.bmp,ctxr,3360,f53b0a917b74414e010184800817d309daa1f5e3
textures/flatlist/_win/seat06.bmp.ctxr,textures/flatlist/_win,seat06.bmp.ctxr,seat06.bmp,ctxr,2656,6d929eeb3cc95fd2d09d00e78744b6eae7d99f80
textures/flatlist/_win/sec_face_sub_ovl_alp.bmp.ctxr,textures/flatlist/_win,sec_face_sub_ovl_alp.bmp.ctxr,sec_face_sub_ovl_alp.bmp,ctxr,193760,41c618ec60e68138ca59748124fb951a8532a03a
textures/flatlist/_win/sec_suits_add_ovl_alp.bmp.ctxr,textures/flatlist/_win,sec_suits_add_ovl_alp.bmp.ctxr,sec_suits_add_ovl_alp.bmp,ctxr,243552,540b4519a9a4846443f6ca23f407960c928c91f5
textures/flatlist/_win/sga_cigar01.bmp.ctxr,textures/flatlist/_win,sga_cigar01.bmp.ctxr,sga_cigar01.bmp,ctxr,349920,962330684ec8cd1550c2598f76621a93be863a3d
textures/flatlist/_win/shago_bren_glass_sub_ovl_alp.bmp.ctxr,textures/flatlist/_win,shago_bren_glass_sub_ovl_alp.bmp.ctxr,shago_bren_glass_sub_ovl_alp.bmp,ctxr,8352,fc95f3ad4017a4e854e9a2d398981d52a27bb831
textures/flatlist/_win/shago_craft_struc.bmp.ctxr,textures/flatlist/_win,shago_craft_struc.bmp.ctxr,shago_craft_struc.bmp,ctxr,109600,f2d4c00944a0c43e7349f2c2b9e22a612423b25b
textures/flatlist/_win/shago_drill.bmp_28faebf0b34037be547ba7a3f2fb76d1.ctxr,textures/flatlist/_win,shago_drill.bmp_28faebf0b34037be547ba7a3f2fb76d1.ctxr,shago_drill.bmp_28faebf0b34037be547ba7a3f2fb76d1,ctxr,175168,2d275821048df4bc66c016d357b905fe96583bdb
textures/flatlist/_win/shago_hach_in_a.bmp.ctxr,textures/flatlist/_win,shago_hach_in_a.bmp.ctxr,shago_hach_in_a.bmp,ctxr,16416,e3eb33f7235b2377900263b2f6bd7ec7e3852963
textures/flatlist/_win/shago_head_damage.bmp.ctxr,textures/flatlist/_win,shago_head_damage.bmp.ctxr,shago_head_damage.bmp,ctxr,33088,f9a72c0e8b46a88af892d36df074ce145dd22312
textures/flatlist/_win/shago_head_damage.bmp_7d2567c25a5cb80093e7afe68d0925db.ctxr,textures/flatlist/_win,shago_head_damage.bmp_7d2567c25a5cb80093e7afe68d0925db.ctxr,shago_head_damage.bmp_7d2567c25a5cb80093e7afe68d0925db,ctxr,33088,bc3a91d4865bd8816db312bcf6131ce0c79eefcc
textures/flatlist/_win/shago_head_hatch.bmp.ctxr,textures/flatlist/_win,shago_head_hatch.bmp.ctxr,shago_head_hatch.bmp,ctxr,13056,e8ca473e7801b178e7c228f7808eb1ad7cb73ae0
textures/flatlist/_win/shago_hundred.bmp.ctxr,textures/flatlist/_win,shago_hundred.bmp.ctxr,shago_hundred.bmp,ctxr,33088,aba512565efb1762a436fb11d97107ff97b2b237
textures/flatlist/_win/shago_joint.bmp.ctxr,textures/flatlist/_win,shago_joint.bmp.ctxr,shago_joint.bmp,ctxr,37824,3c96a0bd2dcf4998ef1ee2964201c2d592444c0c
textures/flatlist/_win/shago_joint.bmp_e77f09d5a86f8f123fde4c72ebde7f70.ctxr,textures/flatlist/_win,shago_joint.bmp_e77f09d5a86f8f123fde4c72ebde7f70.ctxr,shago_joint.bmp_e77f09d5a86f8f123fde4c72ebde7f70,ctxr,9632,af2ae30e93d84a4904849ff28391a83d70c47282
textures/flatlist/_win/shago_marking02_alp_ovl.bmp.ctxr,textures/flatlist/_win,shago_marking02_alp_ovl.bmp.ctxr,shago_marking02_alp_ovl.bmp,ctxr,38720,6356aa55729b4e70fb292199725821831776cab5
textures/flatlist/_win/shago_marking_alp_ovl.bmp.ctxr,textures/flatlist/_win,shago_marking_alp_ovl.bmp.ctxr,shago_marking_alp_ovl.bmp,ctxr,38720,f8609f5c6ff1f743f900b4bb076031b50d6a242c
textures/flatlist/_win/shago_missile_sub_alp_ovl.bmp.ctxr,textures/flatlist/_win,shago_missile_sub_alp_ovl.bmp.ctxr,shago_missile_sub_alp_ovl.bmp,ctxr,18592,90764063465ed619327d1662a5c32bdfb2614bef
textures/flatlist/_win/shago_picture_alp_ovl.bmp.ctxr,textures/flatlist/_win,shago_picture_alp_ovl.bmp.ctxr,shago_picture_alp_ovl.bmp,ctxr,44704,60b17d597ad540ffb8b60dc5d96c97720f0267d2
textures/flatlist/_win/shago_pit_steering_02.bmp.ctxr,textures/flatlist/_win,shago_pit_steering_02.bmp.ctxr,shago_pit_steering_02.bmp,ctxr,49472,f2fa881955eeb660c2cfc83ee8aae8b9f0d83f2e
textures/flatlist/_win/shelf.bmp.ctxr,textures/flatlist/_win,shelf.bmp.ctxr,shelf.bmp,ctxr,41280,a6313456e68ccbd7b412c74a93962ed52dc0ce7f
textures/flatlist/_win/shida2_alp_ovl.bmp.ctxr,textures/flatlist/_win,shida2_alp_ovl.bmp.ctxr,shida2_alp_ovl.bmp,ctxr,33120,b284c228a5979a758d4f601d36a9d342c0327355
textures/flatlist/_win/ship_marking02_ovl_alp.bmp.ctxr,textures/flatlist/_win,ship_marking02_ovl_alp.bmp.ctxr,ship_marking02_ovl_alp.bmp,ctxr,24704,5ab2fcf675dc7d79a36483f66ab9f9ef8029f35a
textures/flatlist/_win/ship_marking04_ovl_alp.bmp.ctxr,textures/flatlist/_win,ship_marking04_ovl_alp.bmp.ctxr,ship_marking04_ovl_alp.bmp,ctxr,37888,f55cf8022c16888a998d9f01ea6214a6f9d8abe4
textures/flatlist/_win/shirindahead.bmp_2af01f8045176f976f6820189424a820.ctxr,textures/flatlist/_win,shirindahead.bmp_2af01f8045176f976f6820189424a820.ctxr,shirindahead.bmp_2af01f8045176f976f6820189424a820,ctxr,55648,ad24e5b6f94be3320fecf019310ca3b9c41cc779
textures/flatlist/_win/shot_emb.bmp.ctxr,textures/flatlist/_win,shot_emb.bmp.ctxr,shot_emb.bmp,ctxr,1792,cc995f858df42ab94ccc818604a2b379ff333422
textures/flatlist/_win/sideseet.bmp.ctxr,textures/flatlist/_win,sideseet.bmp.ctxr,sideseet.bmp,ctxr,28960,44cfee9862f04f3c2a7b6778044d64df560e7958
textures/flatlist/_win/side_panel.bmp.ctxr,textures/flatlist/_win,side_panel.bmp.ctxr,side_panel.bmp,ctxr,8512,b9edb6af7e302e6e97eede65890bd17840414c8a
textures/flatlist/_win/side_table_sdw_alp_ovl.bmp.ctxr,textures/flatlist/_win,side_table_sdw_alp_ovl.bmp.ctxr,side_table_sdw_alp_ovl.bmp,ctxr,24896,bbc0430ac4bea6f9d8ea42b8c8d764b4e7ae8a5e
textures/flatlist/_win/sign_labo_00_alp_ovl.bmp.ctxr,textures/flatlist/_win,sign_labo_00_alp_ovl.bmp.ctxr,sign_labo_00_alp_ovl.bmp,ctxr,16704,5778159e1978c232fd8096b10014ac7480499d6f
textures/flatlist/_win/sig_body_chest.bmp.ctxr,textures/flatlist/_win,sig_body_chest.bmp.ctxr,sig_body_chest.bmp,ctxr,112288,b107762d137de8633ffc43ead10f26b1b72a23d9
textures/flatlist/_win/sig_body_leg.bmp.ctxr,textures/flatlist/_win,sig_body_leg.bmp.ctxr,sig_body_leg.bmp,ctxr,155968,1ddf97fca1d288167bac4342ed0647030facc9cc
textures/flatlist/_win/sig_cap_logo_ovl_alp.bmp.ctxr,textures/flatlist/_win,sig_cap_logo_ovl_alp.bmp.ctxr,sig_cap_logo_ovl_alp.bmp,ctxr,8832,e2bfa6f93c0bb38770184d43bf3bc91889d415fa
textures/flatlist/_win/sig_cloth.bmp.ctxr,textures/flatlist/_win,sig_cloth.bmp.ctxr,sig_cloth.bmp,ctxr,33088,6cf7be192189ddf2c4486b179d5927e283003403
textures/flatlist/_win/sig_face.bmp.ctxr,textures/flatlist/_win,sig_face.bmp.ctxr,sig_face.bmp,ctxr,393600,4a54bac5685b7e130dedb4a50910f78aabf29d10
textures/flatlist/_win/sig_face_ovl_sub_alp.bmp.ctxr,textures/flatlist/_win,sig_face_ovl_sub_alp.bmp.ctxr,sig_face_ovl_sub_alp.bmp,ctxr,295072,088b1350646398274177bfc5b0784dc3726bd92e
textures/flatlist/_win/sig_foot_f.bmp.ctxr,textures/flatlist/_win,sig_foot_f.bmp.ctxr,sig_foot_f.bmp,ctxr,21792,1feef5f44b7343111bfb78f266922232fc06890d
textures/flatlist/_win/sig_foot_r.bmp.ctxr,textures/flatlist/_win,sig_foot_r.bmp.ctxr,sig_foot_r.bmp,ctxr,16992,d854eb29c90a7e22bb17d6d2f95625c4827cb284
textures/flatlist/_win/sig_foot_u.bmp.ctxr,textures/flatlist/_win,sig_foot_u.bmp.ctxr,sig_foot_u.bmp,ctxr,8512,ccb60acf1ca8e6f6e4e41c777911007686401b88
textures/flatlist/_win/sig_hand_low.bmp.ctxr,textures/flatlist/_win,sig_hand_low.bmp.ctxr,sig_hand_low.bmp,ctxr,68608,a9031a8486133bc8eb2c331a2910048c3c2734e1
textures/flatlist/_win/sig_idcard.bmp.ctxr,textures/flatlist/_win,sig_idcard.bmp.ctxr,sig_idcard.bmp,ctxr,4384,3eb1883e8e8f66b08cb69a8d313af8da5e745e4f
textures/flatlist/_win/sig_paeker.bmp.ctxr,textures/flatlist/_win,sig_paeker.bmp.ctxr,sig_paeker.bmp,ctxr,284352,f83dc7644067cd3d036e1e8a343d4727565aa2b9
textures/flatlist/_win/sinkan_brk_sub_alp_ovl.bmp.ctxr,textures/flatlist/_win,sinkan_brk_sub_alp_ovl.bmp.ctxr,sinkan_brk_sub_alp_ovl.bmp,ctxr,4256,0d20fb7fb455039123d2266320cc412f9edd88ea
textures/flatlist/_win/sinkan_sub_alp_ovl.bmp.ctxr,textures/flatlist/_win,sinkan_sub_alp_ovl.bmp.ctxr,sinkan_sub_alp_ovl.bmp,ctxr,4256,4ad63116e37c26e124890c10b60a95114787662b
textures/flatlist/_win/sir_def_body.bmp.ctxr,textures/flatlist/_win,sir_def_body.bmp.ctxr,sir_def_body.bmp,ctxr,55008,30edccf993c36b423c678086ee4c7cfa2a203054
textures/flatlist/_win/sir_def_body_ovl_sub_alp.bmp.ctxr,textures/flatlist/_win,sir_def_body_ovl_sub_alp.bmp.ctxr,sir_def_body_ovl_sub_alp.bmp,ctxr,41120,6943eb63638dd0aea913f0ce4d7017b006782787
textures/flatlist/_win/sir_def_mouth.bmp.ctxr,textures/flatlist/_win,sir_def_mouth.bmp.ctxr,sir_def_mouth.bmp,ctxr,7104,519702af34eb3fc2aac12481a5aa2aa6567fc6eb
textures/flatlist/_win/sky_d1_cone64.bmp.ctxr,textures/flatlist/_win,sky_d1_cone64.bmp.ctxr,sky_d1_cone64.bmp,ctxr,1398528,7375e22eb9a65d9441c5f862d7b257622d4438a8
textures/flatlist/_win/slight_back.bmp.ctxr,textures/flatlist/_win,slight_back.bmp.ctxr,slight_back.bmp,ctxr,5760,0b2bc575fad5f8a6b5d927a498b1f596074e8297
textures/flatlist/_win/slight_front.bmp.ctxr,textures/flatlist/_win,slight_front.bmp.ctxr,slight_front.bmp,ctxr,20768,ac557ddc354cc8a7621fb04c2b8191b8f94caf96
textures/flatlist/_win/slight_front_brk.bmp.ctxr,textures/flatlist/_win,slight_front_brk.bmp.ctxr,slight_front_brk.bmp,ctxr,20768,e844e86f13ccfb0748bd7611687f83ec83a025be
textures/flatlist/_win/slight_option.bmp.ctxr,textures/flatlist/_win,slight_option.bmp.ctxr,slight_option.bmp,ctxr,2848,4a5fee75ca80c7d23cd79fc74ab91b67b3d1b4ae
textures/flatlist/_win/slight_ray01_alp_ovl.bmp.ctxr,textures/flatlist/_win,slight_ray01_alp_ovl.bmp.ctxr,slight_ray01_alp_ovl.bmp,ctxr,20768,d9b860f1013839d8f57bc2072c70d79b164a2f5c
textures/flatlist/_win/slight_side.bmp.ctxr,textures/flatlist/_win,slight_side.bmp.ctxr,slight_side.bmp,ctxr,14816,004d74b82ccd6df8703b1b754492d4c89680fad9
textures/flatlist/_win/slight_stand.bmp.ctxr,textures/flatlist/_win,slight_stand.bmp.ctxr,slight_stand.bmp,ctxr,4096,c5d2e93b9ebcc437d08262f5d05b57098ab210a8
textures/flatlist/_win/sna_after_arm_flirt.bmp.ctxr,textures/flatlist/_win,sna_after_arm_flirt.bmp.ctxr,sna_after_arm_flirt.bmp,ctxr,64288,8cbc88f481702e2356c00f83d71daa054d538605
textures/flatlist/_win/sna_after_body_flirt.bmp.ctxr,textures/flatlist/_win,sna_after_body_flirt.bmp.ctxr,sna_after_body_flirt.bmp,ctxr,262528,1eee7aef63fabb5c9f1049437c6be5649b49dedb
textures/flatlist/_win/sna_after_body_flirt_sub_ovl_alp.bmp.ctxr,textures/flatlist/_win,sna_after_body_flirt_sub_ovl_alp.bmp.ctxr,sna_after_body_flirt_sub_ovl_alp.bmp,ctxr,196768,b7bf07f8e1e0a36ab352998f6aeb53d1491058a1
textures/flatlist/_win/sna_after_ovl_mod1120_alp_emap.bmp.ctxr,textures/flatlist/_win,sna_after_ovl_mod1120_alp_emap.bmp.ctxr,sna_after_ovl_mod1120_alp_emap.bmp,ctxr,34432,26f6c7fceaa8321f92f45eca8b80d07be6cebfd6
textures/flatlist/_win/sna_arrow_dam_ovl_alp.bmp.ctxr,textures/flatlist/_win,sna_arrow_dam_ovl_alp.bmp.ctxr,sna_arrow_dam_ovl_alp.bmp,ctxr,33088,2ed57b7b67f619d0a5e52f9bc52d2b8e465a0e90
textures/flatlist/_win/sna_bandana_def.bmp.ctxr,textures/flatlist/_win,sna_bandana_def.bmp.ctxr,sna_bandana_def.bmp,ctxr,49536,cd87af8a88d109ffe4ea85c595a59bedf037998f
textures/flatlist/_win/sna_bandana_def_sub_ovl_alp.bmp.ctxr,textures/flatlist/_win,sna_bandana_def_sub_ovl_alp.bmp.ctxr,sna_bandana_def_sub_ovl_alp.bmp,ctxr,37024,2175112b3883c945847feeab0e5eec1d537588fd
textures/flatlist/_win/sna_belt_bp.bmp.ctxr,textures/flatlist/_win,sna_belt_bp.bmp.ctxr,sna_belt_bp.bmp,ctxr,12608,5ac204590f5ddc1524b74993c863067d5912471c
textures/flatlist/_win/sna_bk.bmp.ctxr,textures/flatlist/_win,sna_bk.bmp.ctxr,sna_bk.bmp,ctxr,175168,644bec91971b999195209aa33a92cee41d206a8f
textures/flatlist/_win/sna_cell_wound_ovl_alp.bmp.ctxr,textures/flatlist/_win,sna_cell_wound_ovl_alp.bmp.ctxr,sna_cell_wound_ovl_alp.bmp,ctxr,33088,55568da2ac8ca274812b5f94fb76d653cba3e526
textures/flatlist/_win/sna_cry_sub_ovl_alp.bmp.ctxr,textures/flatlist/_win,sna_cry_sub_ovl_alp.bmp.ctxr,sna_cry_sub_ovl_alp.bmp,ctxr,1184,ce841e57bfa3bc6d88b48d64b484215415493143
textures/flatlist/_win/sna_def_body_sta_sub_ovl_alp.bmp.ctxr,textures/flatlist/_win,sna_def_body_sta_sub_ovl_alp.bmp.ctxr,sna_def_body_sta_sub_ovl_alp.bmp,ctxr,32928,44a347c9a8effe5b9a746f88f8fd8b3b027aff79
textures/flatlist/_win/sna_def_foot_sta_sub_ovl_alp.bmp.ctxr,textures/flatlist/_win,sna_def_foot_sta_sub_ovl_alp.bmp.ctxr,sna_def_foot_sta_sub_ovl_alp.bmp,ctxr,32928,96434a6b35e26ed02f6cc76960d823c35f5665ff
textures/flatlist/_win/sna_def_hair_front_ovl_alp.bmp.ctxr,textures/flatlist/_win,sna_def_hair_front_ovl_alp.bmp.ctxr,sna_def_hair_front_ovl_alp.bmp,ctxr,12608,b53ba94d373351a2baf6671ee08728bd45546a16
textures/flatlist/_win/sna_def_hand.bmp.ctxr,textures/flatlist/_win,sna_def_hand.bmp.ctxr,sna_def_hand.bmp,ctxr,349920,14dee417f23c6479a0b87204f7beea9bd76eb9ab
textures/flatlist/_win/sna_def_hand_sub_ovl_alp.bmp.ctxr,textures/flatlist/_win,sna_def_hand_sub_ovl_alp.bmp.ctxr,sna_def_hand_sub_ovl_alp.bmp,ctxr,65696,b8a92972b79c9500b808f9f0aa3fab47dcd2eda0
textures/flatlist/_win/sna_def_olive.bmp.ctxr,textures/flatlist/_win,sna_def_olive.bmp.ctxr,sna_def_olive.bmp,ctxr,1398560,396eb15699988872b80d28696a5350c4a43a50c8
textures/flatlist/_win/sna_def_sub_ovl_alp.bmp.ctxr,textures/flatlist/_win,sna_def_sub_ovl_alp.bmp.ctxr,sna_def_sub_ovl_alp.bmp,ctxr,262304,ca85dc63f10a09cb51b7dcf2530d9d2d89f2d18f
textures/flatlist/_win/sna_def_vr_eye.bmp.ctxr,textures/flatlist/_win,sna_def_vr_eye.bmp.ctxr,sna_def_vr_eye.bmp,ctxr,87744,601127ae641445d32a94bfc0f811e9d7118f5c23
textures/flatlist/_win/sna_face_cell_hi_sub_ovl_alp.bmp.ctxr,textures/flatlist/_win,sna_face_cell_hi_sub_ovl_alp.bmp.ctxr,sna_face_cell_hi_sub_ovl_alp.bmp,ctxr,262304,2bfd81aefe41b43c407d0eb0ce4a28f516634089
textures/flatlist/_win/sna_face_dam_eye_ovl_alp.bmp.ctxr,textures/flatlist/_win,sna_face_dam_eye_ovl_alp.bmp.ctxr,sna_face_dam_eye_ovl_alp.bmp,ctxr,28960,5d3016f1edb5530dab49cb2ac169a75ac0abf83f
textures/flatlist/_win/sna_face_dam_hard_sub_ovl_alp.bmp.ctxr,textures/flatlist/_win,sna_face_dam_hard_sub_ovl_alp.bmp.ctxr,sna_face_dam_hard_sub_ovl_alp.bmp,ctxr,147616,221256e8d8e600c0f9e4f7db3907629c95147ef1
textures/flatlist/_win/sna_face_dam_max_sub_ovl_alp.bmp.ctxr,textures/flatlist/_win,sna_face_dam_max_sub_ovl_alp.bmp.ctxr,sna_face_dam_max_sub_ovl_alp.bmp,ctxr,262304,6b5ed291ee80c08dc83c337851e15fffad8a929c
textures/flatlist/_win/sna_face_def_sub_ovl_alp.bmp.ctxr,textures/flatlist/_win,sna_face_def_sub_ovl_alp.bmp.ctxr,sna_face_def_sub_ovl_alp.bmp,ctxr,147616,c2261f2c1bc05e8dc2fa5cb8f0cd999e9402c453
textures/flatlist/_win/sna_face_ed_def.bmp.ctxr,textures/flatlist/_win,sna_face_ed_def.bmp.ctxr,sna_face_ed_def.bmp,ctxr,262528,87fea88d2b02ee84e27abc31b6fd44463fca4c47
textures/flatlist/_win/sna_face_vr_def_sub_ovl_alp.bmp.ctxr,textures/flatlist/_win,sna_face_vr_def_sub_ovl_alp.bmp.ctxr,sna_face_vr_def_sub_ovl_alp.bmp,ctxr,196768,00a614fa9a8789e48ef93e389159daf9f6b8ab2e
textures/flatlist/_win/sna_face_vr_sta_ovl_alp.bmp.ctxr,textures/flatlist/_win,sna_face_vr_sta_ovl_alp.bmp.ctxr,sna_face_vr_sta_ovl_alp.bmp,ctxr,131424,c2695dcfbaacfce14a5a627ad4e82ad82fa9a1ac
textures/flatlist/_win/sna_flirt_wound_ovl_alp.bmp.ctxr,textures/flatlist/_win,sna_flirt_wound_ovl_alp.bmp.ctxr,sna_flirt_wound_ovl_alp.bmp,ctxr,33088,cb9df4a29df8d52c50b6c0adb4597e03af9b388d
textures/flatlist/_win/sna_foot_sp.bmp.ctxr,textures/flatlist/_win,sna_foot_sp.bmp.ctxr,sna_foot_sp.bmp,ctxr,44064,56d1f4bbef8cc3eb14b4885beaf33a3e9185d0fe
textures/flatlist/_win/sna_foot_sp_sub_ovl_alp.bmp.ctxr,textures/flatlist/_win,sna_foot_sp_sub_ovl_alp.bmp.ctxr,sna_foot_sp_sub_ovl_alp.bmp,ctxr,8352,b4f823833fbc8345293227f3a4aada62531e6aa6
textures/flatlist/_win/sna_foot_vr.bmp.ctxr,textures/flatlist/_win,sna_foot_vr.bmp.ctxr,sna_foot_vr.bmp,ctxr,349920,aadcb002e0cfa03d9130f6f613b23a6405334c4a
textures/flatlist/_win/sna_foot_vr_sub_ovl_alp.bmp.ctxr,textures/flatlist/_win,sna_foot_vr_sub_ovl_alp.bmp.ctxr,sna_foot_vr_sub_ovl_alp.bmp,ctxr,49312,777ecddc260a260d1afd65fe5e0ff6d114b76edf
textures/flatlist/_win/sna_hair_back_ovl_alp.bmp.ctxr,textures/flatlist/_win,sna_hair_back_ovl_alp.bmp.ctxr,sna_hair_back_ovl_alp.bmp,ctxr,45376,8e98c2b883119908027356e4574e72f8d872b4a1
textures/flatlist/_win/sna_hair_base.bmp.ctxr,textures/flatlist/_win,sna_hair_base.bmp.ctxr,sna_hair_base.bmp,ctxr,1398528,76a2e5a3cf42322ee37e443a4ee044da3bdd8c93
textures/flatlist/_win/sna_halo_alt.bmp.ctxr,textures/flatlist/_win,sna_halo_alt.bmp.ctxr,sna_halo_alt.bmp,ctxr,87744,240f1f1e580b2b4a84d87ce0d8d0c425bece6d7c
textures/flatlist/_win/sna_halo_alt_ovl_sub_alp.bmp.ctxr,textures/flatlist/_win,sna_halo_alt_ovl_sub_alp.bmp.ctxr,sna_halo_alt_ovl_sub_alp.bmp,ctxr,16544,7687c42bf93f41c9b2ebc1651bcc09af5d8b86ac
textures/flatlist/_win/sna_halo_arm_def.bmp.ctxr,textures/flatlist/_win,sna_halo_arm_def.bmp.ctxr,sna_halo_arm_def.bmp,ctxr,349920,4266c975dca5112672a772e4924db72cc9395c17
textures/flatlist/_win/sna_halo_bkpk_vr.bmp.ctxr,textures/flatlist/_win,sna_halo_bkpk_vr.bmp.ctxr,sna_halo_bkpk_vr.bmp,ctxr,349920,d494af3fb24c0cd74a30b7639180ed39df9c995b
textures/flatlist/_win/sna_halo_chut_open.bmp.ctxr,textures/flatlist/_win,sna_halo_chut_open.bmp.ctxr,sna_halo_chut_open.bmp,ctxr,349920,ceeea1f3901bc27f2b540d23ee6191e74a2d955f
textures/flatlist/_win/sna_halo_hand_sub_ovl_alp.bmp.ctxr,textures/flatlist/_win,sna_halo_hand_sub_ovl_alp.bmp.ctxr,sna_halo_hand_sub_ovl_alp.bmp,ctxr,65696,18bb2232e6d257aecad4f0456765ec492db8ec6b
textures/flatlist/_win/sna_halo_hips_op.bmp.ctxr,textures/flatlist/_win,sna_halo_hips_op.bmp.ctxr,sna_halo_hips_op.bmp,ctxr,175168,b600c56f76217353a73d4c6a4b91660b27603055
textures/flatlist/_win/sna_halo_open_hand_sub_ovl_alp.bmp.ctxr,textures/flatlist/_win,sna_halo_open_hand_sub_ovl_alp.bmp.ctxr,sna_halo_open_hand_sub_ovl_alp.bmp,ctxr,1184,2be79c0a043406dd20047d56f24bd5f5ea4226a9
textures/flatlist/_win/sna_halo_para_close.bmp.ctxr,textures/flatlist/_win,sna_halo_para_close.bmp.ctxr,sna_halo_para_close.bmp,ctxr,349920,8b534799a8fdbdd0f892672d9e88d377a611d8bb
textures/flatlist/_win/sna_halo_para_close_sub_ovl_alp.bmp.ctxr,textures/flatlist/_win,sna_halo_para_close_sub_ovl_alp.bmp.ctxr,sna_halo_para_close_sub_ovl_alp.bmp,ctxr,65696,5bb4b2e7bcda133d16e05bc76a6c42afe9e04729
textures/flatlist/_win/sna_item_hm.bmp.ctxr,textures/flatlist/_win,sna_item_hm.bmp.ctxr,sna_item_hm.bmp,ctxr,44064,b9d600f6dfad84a2c558b1fd9c765497db616da3
textures/flatlist/_win/sna_item_para_belt_ovl_alp.bmp.ctxr,textures/flatlist/_win,sna_item_para_belt_ovl_alp.bmp.ctxr,sna_item_para_belt_ovl_alp.bmp,ctxr,2656,d9012dd4834a09fedb1a37eccde9046450dcff2e
textures/flatlist/_win/sna_item_roastviper_dmo_mouse.bmp.ctxr,textures/flatlist/_win,sna_item_roastviper_dmo_mouse.bmp.ctxr,sna_item_roastviper_dmo_mouse.bmp,ctxr,7104,cd6ea60274eab63767aabfd186503d37a513525c
textures/flatlist/_win/sna_item_roastviper_dmo_niku_ovl_alp.bmp.ctxr,textures/flatlist/_win,sna_item_roastviper_dmo_niku_ovl_alp.bmp.ctxr,sna_item_roastviper_dmo_niku_ovl_alp.bmp,ctxr,4384,90dbcbb1270182afcf0d09d7da49cfebb006fa51
textures/flatlist/_win/sna_item_saru.bmp.ctxr,textures/flatlist/_win,sna_item_saru.bmp.ctxr,sna_item_saru.bmp,ctxr,5760,7e25d12c83cdd812cbcc05d92eaa6819e561397f
textures/flatlist/_win/sna_item_saru_himo.bmp.ctxr,textures/flatlist/_win,sna_item_saru_himo.bmp.ctxr,sna_item_saru_himo.bmp,ctxr,576,2ddda0b404f52d207a28c561db54b8db25254c13
textures/flatlist/_win/sna_mgs3_arm_ovl_sub_alp.bmp.ctxr,textures/flatlist/_win,sna_mgs3_arm_ovl_sub_alp.bmp.ctxr,sna_mgs3_arm_ovl_sub_alp.bmp,ctxr,12448,f0af0c6c549bdfe3d92a690b3e61e9d494cb95f5
textures/flatlist/_win/sna_mgs3_bandage_body.bmp.ctxr,textures/flatlist/_win,sna_mgs3_bandage_body.bmp.ctxr,sna_mgs3_bandage_body.bmp,ctxr,37184,72047837b958d04762da4ba91e3cbdd1ec67c260
textures/flatlist/_win/sna_mgs3_bandage_shl.bmp.ctxr,textures/flatlist/_win,sna_mgs3_bandage_shl.bmp.ctxr,sna_mgs3_bandage_shl.bmp,ctxr,49536,efb420c3fb6ed7568bcedcf2de28f463de8a0c01
textures/flatlist/_win/sna_mgs3_bandana_def_ovl_alp.bmp.ctxr,textures/flatlist/_win,sna_mgs3_bandana_def_ovl_alp.bmp.ctxr,sna_mgs3_bandana_def_ovl_alp.bmp,ctxr,16704,f77edb105af98c38c7b9f2de86deeeb03c37ed46
textures/flatlist/_win/sna_mgs3_belt.bmp.ctxr,textures/flatlist/_win,sna_mgs3_belt.bmp.ctxr,sna_mgs3_belt.bmp,ctxr,44064,67c051a6c5f64bc226ca281694ad3ea6aa6e2183
textures/flatlist/_win/sna_mgs3_belt.bmp_77380cc45d92a52a1e8da9f59a6ea891.ctxr,textures/flatlist/_win,sna_mgs3_belt.bmp_77380cc45d92a52a1e8da9f59a6ea891.ctxr,sna_mgs3_belt.bmp_77380cc45d92a52a1e8da9f59a6ea891,ctxr,8512,375ea38bd154cd8e055852c5352ee4328eed9bd3
textures/flatlist/_win/sna_mgs3_belt_ovl_sub_alp.bmp.ctxr,textures/flatlist/_win,sna_mgs3_belt_ovl_sub_alp.bmp.ctxr,sna_mgs3_belt_ovl_sub_alp.bmp,ctxr,6304,6cf9c2ce6a0334cffeeddb81db6e2b60d7186c66
textures/flatlist/_win/sna_mgs3_belt_tor.bmp.ctxr,textures/flatlist/_win,sna_mgs3_belt_tor.bmp.ctxr,sna_mgs3_belt_tor.bmp,ctxr,8512,e48cd4fa38a2e095bdae181028836078d9d8ca7e
textures/flatlist/_win/sna_mgs3_ber_suit.bmp.ctxr,textures/flatlist/_win,sna_mgs3_ber_suit.bmp.ctxr,sna_mgs3_ber_suit.bmp,ctxr,33088,0359aa615f9215caa4a9b952d3507301e9e02ffd
textures/flatlist/_win/sna_mgs3_body_ovl_alp.bmp.ctxr,textures/flatlist/_win,sna_mgs3_body_ovl_alp.bmp.ctxr,sna_mgs3_body_ovl_alp.bmp,ctxr,12576,c357c6664f95d171937bbcf39b68eaf1f48fbcdd
textures/flatlist/_win/sna_mgs3_body_suit.bmp.ctxr,textures/flatlist/_win,sna_mgs3_body_suit.bmp.ctxr,sna_mgs3_body_suit.bmp,ctxr,131424,b4d9fe9c7e4622ef7e1f037f3abcddcef667001e
textures/flatlist/_win/sna_mgs3_body_suit_pok.bmp.ctxr,textures/flatlist/_win,sna_mgs3_body_suit_pok.bmp.ctxr,sna_mgs3_body_suit_pok.bmp,ctxr,16704,544dac4bd9bfa1619b5290fcab371b55217397bc
textures/flatlist/_win/sna_mgs3_foot_ed_sub_ovl_alp.bmp.ctxr,textures/flatlist/_win,sna_mgs3_foot_ed_sub_ovl_alp.bmp.ctxr,sna_mgs3_foot_ed_sub_ovl_alp.bmp,ctxr,49312,519c289f0103d0f6259d325dd417f839332a0fa1
textures/flatlist/_win/sna_mgs3_foot_ed_sub_ovl_alp.bmp_5ac67550c4a45cccc2805dfcb28f5a63.ctxr,textures/flatlist/_win,sna_mgs3_foot_ed_sub_ovl_alp.bmp_5ac67550c4a45cccc2805dfcb28f5a63.ctxr,sna_mgs3_foot_ed_sub_ovl_alp.bmp_5ac67550c4a45cccc2805dfcb28f5a63,ctxr,49312,09bb9a24830a2d4496131b795d11cf68898a55b5
textures/flatlist/_win/sna_mgs3_gantai_sub_ovl_alp.bmp.ctxr,textures/flatlist/_win,sna_mgs3_gantai_sub_ovl_alp.bmp.ctxr,sna_mgs3_gantai_sub_ovl_alp.bmp,ctxr,1184,85c96fec4de1a2b9b6b6f394184a5a2a6480de72
textures/flatlist/_win/sna_mgs3_gh.bmp.ctxr,textures/flatlist/_win,sna_mgs3_gh.bmp.ctxr,sna_mgs3_gh.bmp,ctxr,175168,42cc64efd1f6c25cb732a3c617452e9cacedca48
textures/flatlist/_win/sna_mgs3_gun_hol.bmp.ctxr,textures/flatlist/_win,sna_mgs3_gun_hol.bmp.ctxr,sna_mgs3_gun_hol.bmp,ctxr,44064,c31b0cf9cb6972f6bb0137599ce55159b50dc696
textures/flatlist/_win/sna_mgs3_halo_belt_ch_ovl_alp.bmp.ctxr,textures/flatlist/_win,sna_mgs3_halo_belt_ch_ovl_alp.bmp.ctxr,sna_mgs3_halo_belt_ch_ovl_alp.bmp,ctxr,6432,fc761c8bbca2b0fa7defd2aebd771924b87ef338
textures/flatlist/_win/sna_mgs3_halo_belt_of_sub_ovl_alp.bmp.ctxr,textures/flatlist/_win,sna_mgs3_halo_belt_of_sub_ovl_alp.bmp.ctxr,sna_mgs3_halo_belt_of_sub_ovl_alp.bmp,ctxr,16544,a090267833bca58a88fb0fe390bdabe62f307507
textures/flatlist/_win/sna_mgs3_halo_belt_op_ovl_sub_alp.bmp.ctxr,textures/flatlist/_win,sna_mgs3_halo_belt_op_ovl_sub_alp.bmp.ctxr,sna_mgs3_halo_belt_op_ovl_sub_alp.bmp,ctxr,16544,25a3e2622bfe73feb3a164069d5e1603db0b52be
textures/flatlist/_win/sna_mgs3_halo_chut_ovl_sub_alp.bmp.ctxr,textures/flatlist/_win,sna_mgs3_halo_chut_ovl_sub_alp.bmp.ctxr,sna_mgs3_halo_chut_ovl_sub_alp.bmp,ctxr,65696,6cceec91b6f8d79d396d39e0310060006209a1ac
textures/flatlist/_win/sna_mgs3_halo_front_op_ovl_sub_alp.bmp.ctxr,textures/flatlist/_win,sna_mgs3_halo_front_op_ovl_sub_alp.bmp.ctxr,sna_mgs3_halo_front_op_ovl_sub_alp.bmp,ctxr,32928,cfff64a88ef905e68e6b2fe472cdd16ed9f8fb23
textures/flatlist/_win/sna_mgs3_halo_head_side_ovl_sub_alp.bmp.ctxr,textures/flatlist/_win,sna_mgs3_halo_head_side_ovl_sub_alp.bmp.ctxr,sna_mgs3_halo_head_side_ovl_sub_alp.bmp,ctxr,16544,ffb9ca452e022ef8c37f952b2d1328b42354d286
textures/flatlist/_win/sna_mgs3_halo_head_top_ovl_sub_alp.bmp.ctxr,textures/flatlist/_win,sna_mgs3_halo_head_top_ovl_sub_alp.bmp.ctxr,sna_mgs3_halo_head_top_ovl_sub_alp.bmp,ctxr,32928,bce991e671154bafdbf009ec10cfd81019628dc9
textures/flatlist/_win/sna_mgs3_halo_lens_ovl_sub_alp.bmp.ctxr,textures/flatlist/_win,sna_mgs3_halo_lens_ovl_sub_alp.bmp.ctxr,sna_mgs3_halo_lens_ovl_sub_alp.bmp,ctxr,4256,b8f957d445999450ea5605e0ba8ccf11a70f6daf
textures/flatlist/_win/sna_mgs3_halo_mask_demo_ovl_sub_alp.bmp.ctxr,textures/flatlist/_win,sna_mgs3_halo_mask_demo_ovl_sub_alp.bmp.ctxr,sna_mgs3_halo_mask_demo_ovl_sub_alp.bmp,ctxr,32928,ac54f70f9ec629737693eb8ce0ced7b67d667342
textures/flatlist/_win/sna_mgs3_halo_mask_ovl_sub_alp.bmp.ctxr,textures/flatlist/_win,sna_mgs3_halo_mask_ovl_sub_alp.bmp.ctxr,sna_mgs3_halo_mask_ovl_sub_alp.bmp,ctxr,32928,428b66ec0443caad9a03c341ad4fcb5bb6ee9c37
textures/flatlist/_win/sna_mgs3_halo_shl_op_ovl_sub_alp.bmp.ctxr,textures/flatlist/_win,sna_mgs3_halo_shl_op_ovl_sub_alp.bmp.ctxr,sna_mgs3_halo_shl_op_ovl_sub_alp.bmp,ctxr,16544,d10008e6398b15d649f129350e096c4b03c8a0a0
textures/flatlist/_win/sna_mgs3_halo_tape.bmp.ctxr,textures/flatlist/_win,sna_mgs3_halo_tape.bmp.ctxr,sna_mgs3_halo_tape.bmp,ctxr,175168,5172d77ac8d7f5a798fc6643d68e19edf3bce8e5
textures/flatlist/_win/sna_mgs3_halo_tube_ovl_sub_alp.bmp.ctxr,textures/flatlist/_win,sna_mgs3_halo_tube_ovl_sub_alp.bmp.ctxr,sna_mgs3_halo_tube_ovl_sub_alp.bmp,ctxr,32928,e31dda07588fecfc1dd961f6098901a2ac6540a8
textures/flatlist/_win/sna_mgs3_hh.bmp.ctxr,textures/flatlist/_win,sna_mgs3_hh.bmp.ctxr,sna_mgs3_hh.bmp,ctxr,22208,0d85fa7bc85758cf363435b62d00b4574b27fbed
textures/flatlist/_win/sna_mgs3_musen.bmp.ctxr,textures/flatlist/_win,sna_mgs3_musen.bmp.ctxr,sna_mgs3_musen.bmp,ctxr,87744,5d586709ed946ff4c46e9ce5bad4ab4edf6fbefd
textures/flatlist/_win/sna_mgs3_naked_belt.bmp_387276427ee88d88dbacbd0ae1f73fd7.ctxr,textures/flatlist/_win,sna_mgs3_naked_belt.bmp_387276427ee88d88dbacbd0ae1f73fd7.ctxr,sna_mgs3_naked_belt.bmp_387276427ee88d88dbacbd0ae1f73fd7,ctxr,16736,7a53629dcd92c43d51c622fa10c7e88bc800089c
textures/flatlist/_win/sna_mgs3_naked_belt_ovl_sub_alp.bmp.ctxr,textures/flatlist/_win,sna_mgs3_naked_belt_ovl_sub_alp.bmp.ctxr,sna_mgs3_naked_belt_ovl_sub_alp.bmp,ctxr,12448,be8153e4c81cbda22d40217417eaef7a9e0a54e8
textures/flatlist/_win/sna_mgs3_naked_belt_tor.bmp.ctxr,textures/flatlist/_win,sna_mgs3_naked_belt_tor.bmp.ctxr,sna_mgs3_naked_belt_tor.bmp,ctxr,16736,57b56bae7b12099fc9a39e0217ae467fefc0bc10
textures/flatlist/_win/sna_mgs3_txd_arm.bmp.ctxr,textures/flatlist/_win,sna_mgs3_txd_arm.bmp.ctxr,sna_mgs3_txd_arm.bmp,ctxr,86336,bbd7f169bd45e898cb89e3038dd8e2065328c473
textures/flatlist/_win/sna_mgs3_txd_collar.bmp.ctxr,textures/flatlist/_win,sna_mgs3_txd_collar.bmp.ctxr,sna_mgs3_txd_collar.bmp,ctxr,6912,671d38c3a9bb8fa664406ab31e71e6c53ca0cdfe
textures/flatlist/_win/sna_mgs3_txd_collar_ovl_sub_alp.bmp.ctxr,textures/flatlist/_win,sna_mgs3_txd_collar_ovl_sub_alp.bmp.ctxr,sna_mgs3_txd_collar_ovl_sub_alp.bmp,ctxr,5152,5462c1488e9e99e0ccb91411a4861639a98854ec
textures/flatlist/_win/sna_mgs3_txd_jacket.bmp.ctxr,textures/flatlist/_win,sna_mgs3_txd_jacket.bmp.ctxr,sna_mgs3_txd_jacket.bmp,ctxr,293184,f16bf65f246bc026c4271f850a0cf5f84fae82d2
textures/flatlist/_win/sna_mgs3_txd_leg.bmp.ctxr,textures/flatlist/_win,sna_mgs3_txd_leg.bmp.ctxr,sna_mgs3_txd_leg.bmp,ctxr,255648,df696f536b221cdb861d50192a0a3edfba2da3d3
textures/flatlist/_win/sna_mgs3_txd_shirt.bmp.ctxr,textures/flatlist/_win,sna_mgs3_txd_shirt.bmp.ctxr,sna_mgs3_txd_shirt.bmp,ctxr,28960,a0fa3a402463dbcba9f95663a27cbe59d41710c1
textures/flatlist/_win/sna_mgs3_txd_shoe.bmp.ctxr,textures/flatlist/_win,sna_mgs3_txd_shoe.bmp.ctxr,sna_mgs3_txd_shoe.bmp,ctxr,33632,f61a79b8747f70896640b74d8f63003f08ad0759
textures/flatlist/_win/sna_mgs3_wl_op.bmp.ctxr,textures/flatlist/_win,sna_mgs3_wl_op.bmp.ctxr,sna_mgs3_wl_op.bmp,ctxr,175168,219bc185465e424c3be5b8ea76a17ecb2f99b048
textures/flatlist/_win/sna_mgs3_wl_op.bmp_c4cd1b877fd963681314270df67dbdf8.ctxr,textures/flatlist/_win,sna_mgs3_wl_op.bmp_c4cd1b877fd963681314270df67dbdf8.ctxr,sna_mgs3_wl_op.bmp_c4cd1b877fd963681314270df67dbdf8,ctxr,24896,6ba3c7e502e585185dade8404d11e6ccd2458c9a
textures/flatlist/_win/sna_mgs3_wpl.bmp.ctxr,textures/flatlist/_win,sna_mgs3_wpl.bmp.ctxr,sna_mgs3_wpl.bmp,ctxr,87744,b795abde7c505397b083ed0f29988105d359b25e
textures/flatlist/_win/sna_mgs3_wpl.bmp_c8270b421a11c1d3172eaaa68ef98ee7.ctxr,textures/flatlist/_win,sna_mgs3_wpl.bmp_c8270b421a11c1d3172eaaa68ef98ee7.ctxr,sna_mgs3_wpl.bmp_c8270b421a11c1d3172eaaa68ef98ee7,ctxr,16704,33a74edcfe014464da32386812bd4fd3e8904412
textures/flatlist/_win/sna_mnt_arm_def.bmp.ctxr,textures/flatlist/_win,sna_mnt_arm_def.bmp.ctxr,sna_mnt_arm_def.bmp,ctxr,27616,9791b0040ee9794047e09b6a0ad596608fed02a9
textures/flatlist/_win/sna_mnt_boots_sub_ovl_alp.bmp.ctxr,textures/flatlist/_win,sna_mnt_boots_sub_ovl_alp.bmp.ctxr,sna_mnt_boots_sub_ovl_alp.bmp,ctxr,49312,d5893a6869dec47a9b73239e1a32cc7322cdf3e3
textures/flatlist/_win/sna_mnt_rogo_ovl_alp.bmp.ctxr,textures/flatlist/_win,sna_mnt_rogo_ovl_alp.bmp.ctxr,sna_mnt_rogo_ovl_alp.bmp,ctxr,49472,bc8bd092b166c3642b56396a573dfc6f9bb51376
textures/flatlist/_win/sna_mnt_shl_def.bmp.ctxr,textures/flatlist/_win,sna_mnt_shl_def.bmp.ctxr,sna_mnt_shl_def.bmp,ctxr,37152,53c7d7d0aa941fbac89d2de7d1fc548fda1bfe3c
textures/flatlist/_win/sna_naked_belt_ovl_sub_alp.bmp.ctxr,textures/flatlist/_win,sna_naked_belt_ovl_sub_alp.bmp.ctxr,sna_naked_belt_ovl_sub_alp.bmp,ctxr,6304,77faedbbfa4867c4392a14615a21e24bc80046d6
textures/flatlist/_win/sna_naked_belt_waist.bmp.ctxr,textures/flatlist/_win,sna_naked_belt_waist.bmp.ctxr,sna_naked_belt_waist.bmp,ctxr,8512,1f69f7975ab25a3f33d37b847583feda1c7d03da
textures/flatlist/_win/sna_naked_body_sta_ovl_alp.bmp.ctxr,textures/flatlist/_win,sna_naked_body_sta_ovl_alp.bmp.ctxr,sna_naked_body_sta_ovl_alp.bmp,ctxr,65888,97bceabbcc85ac66f83ad01b1330e9afe00243e5
textures/flatlist/_win/sna_naked_eye_ovl_sub_alp.bmp.ctxr,textures/flatlist/_win,sna_naked_eye_ovl_sub_alp.bmp.ctxr,sna_naked_eye_ovl_sub_alp.bmp,ctxr,4256,ac8ced26a9f716a674358480ba6ab5ce90b91190
textures/flatlist/_win/sna_naked_foot_sta_sub_ovl_alp.bmp.ctxr,textures/flatlist/_win,sna_naked_foot_sta_sub_ovl_alp.bmp.ctxr,sna_naked_foot_sta_sub_ovl_alp.bmp,ctxr,32928,230d12381cd957c227fa77c13b21026769499b92
textures/flatlist/_win/sna_naked_sub_ovl_alp.bmp.ctxr,textures/flatlist/_win,sna_naked_sub_ovl_alp.bmp.ctxr,sna_naked_sub_ovl_alp.bmp,ctxr,131232,9627cfeacb47c50ebe026dfa4023139a9847d0b2
textures/flatlist/_win/sna_para_main_ovl_alp.bmp.ctxr,textures/flatlist/_win,sna_para_main_ovl_alp.bmp.ctxr,sna_para_main_ovl_alp.bmp,ctxr,71360,c1fdf6391bab45a625178119bbb022f2bae70381
textures/flatlist/_win/sna_radio_b_ante.bmp.ctxr,textures/flatlist/_win,sna_radio_b_ante.bmp.ctxr,sna_radio_b_ante.bmp,ctxr,1312,e75c1c718d49be8012e1d5e24e962c4562bd5095
textures/flatlist/_win/sna_rai_face_def_sub_ovl_alp.bmp.ctxr,textures/flatlist/_win,sna_rai_face_def_sub_ovl_alp.bmp.ctxr,sna_rai_face_def_sub_ovl_alp.bmp,ctxr,198816,674fd1c7d1189490300b963c08b1bcecd192edb6
textures/flatlist/_win/sna_scr_brunch.bmp.ctxr,textures/flatlist/_win,sna_scr_brunch.bmp.ctxr,sna_scr_brunch.bmp,ctxr,10432,0bbf6d629eca9aeb63ce9fc43498daf94a6b6eac
textures/flatlist/_win/sna_snif_def.bmp.ctxr,textures/flatlist/_win,sna_snif_def.bmp.ctxr,sna_snif_def.bmp,ctxr,87744,0829845586c07723b356401473f25553b714d4ae
textures/flatlist/_win/sna_ss_arm.bmp.ctxr,textures/flatlist/_win,sna_ss_arm.bmp.ctxr,sna_ss_arm.bmp,ctxr,26240,9e822223b1a3e2a4422195f1eae3443c3031e271
textures/flatlist/_win/sna_ss_belt_body.bmp.ctxr,textures/flatlist/_win,sna_ss_belt_body.bmp.ctxr,sna_ss_belt_body.bmp,ctxr,16736,164972078892d7c59a2db883a09b65152a5b694d
textures/flatlist/_win/sna_ss_belt_crotch.bmp.ctxr,textures/flatlist/_win,sna_ss_belt_crotch.bmp.ctxr,sna_ss_belt_crotch.bmp,ctxr,6688,6b0cfb64da61a4536248e06e90cca53fa3a60985
textures/flatlist/_win/sna_ss_belt_waist.bmp.ctxr,textures/flatlist/_win,sna_ss_belt_waist.bmp.ctxr,sna_ss_belt_waist.bmp,ctxr,8512,acaddabe7c52c159c624610538fecfbf7cf69337
textures/flatlist/_win/sna_ss_body.bmp.ctxr,textures/flatlist/_win,sna_ss_body.bmp.ctxr,sna_ss_body.bmp,ctxr,101376,a1c5545f9bebef9791e1195c3e2befd9e7d5c03f
textures/flatlist/_win/sna_ss_finger.bmp.ctxr,textures/flatlist/_win,sna_ss_finger.bmp.ctxr,sna_ss_finger.bmp,ctxr,67200,f4c4227420621adcc5310e7eeb3846d7efdb1b0e
textures/flatlist/_win/sna_ss_knee.bmp.ctxr,textures/flatlist/_win,sna_ss_knee.bmp.ctxr,sna_ss_knee.bmp,ctxr,27616,3626357264d4cb5ae22ac14f8f7360a0597f7b0d
textures/flatlist/_win/sna_ss_side.bmp.ctxr,textures/flatlist/_win,sna_ss_side.bmp.ctxr,sna_ss_side.bmp,ctxr,24896,8c0986085e07aa562bf4d4413fd4f770379573eb
textures/flatlist/_win/sna_ss_text_ovl_alp.bmp.ctxr,textures/flatlist/_win,sna_ss_text_ovl_alp.bmp.ctxr,sna_ss_text_ovl_alp.bmp,ctxr,6432,3d6a398aa07c8458941a0b54586ccc861459c27d
textures/flatlist/_win/sna_ss_thigh.bmp.ctxr,textures/flatlist/_win,sna_ss_thigh.bmp.ctxr,sna_ss_thigh.bmp,ctxr,34432,d01faac79d096cc1b07ea584693631d4e4eaf44c
textures/flatlist/_win/sna_ss_thigh_ovl_add_alp.bmp.ctxr,textures/flatlist/_win,sna_ss_thigh_ovl_add_alp.bmp.ctxr,sna_ss_thigh_ovl_add_alp.bmp,ctxr,34432,6a70823b24b7f52e0a386a9fe9e2df8ba1e73a58
textures/flatlist/_win/sna_suit_fox_ovl_alp.bmp.ctxr,textures/flatlist/_win,sna_suit_fox_ovl_alp.bmp.ctxr,sna_suit_fox_ovl_alp.bmp,ctxr,33088,8550775b287aa0578ee7a367d8c84edb6ab3ba0e
textures/flatlist/_win/sna_suit_tears_sub_ovl_alp.bmp.ctxr,textures/flatlist/_win,sna_suit_tears_sub_ovl_alp.bmp.ctxr,sna_suit_tears_sub_ovl_alp.bmp,ctxr,32928,27e798a3298dc3d9314cceb9a25c56e4eeed7e1c
textures/flatlist/_win/sna_vinyl_boss_hand_sub_ovl_alp.bmp.ctxr,textures/flatlist/_win,sna_vinyl_boss_hand_sub_ovl_alp.bmp.ctxr,sna_vinyl_boss_hand_sub_ovl_alp.bmp,ctxr,131232,60fe2ddb85e06c66db261f34078341b4a037d951
textures/flatlist/_win/sna_vinyl_bos_hand.bmp.ctxr,textures/flatlist/_win,sna_vinyl_bos_hand.bmp.ctxr,sna_vinyl_bos_hand.bmp,ctxr,699488,a3f101494c884e99a1a8544a9285cc47103ba95a
textures/flatlist/_win/sna_vinyl_def_sub_ovl_alp.bmp.ctxr,textures/flatlist/_win,sna_vinyl_def_sub_ovl_alp.bmp.ctxr,sna_vinyl_def_sub_ovl_alp.bmp,ctxr,131232,b69ae49b3ff0ac0cf00f6b6255d7d96058687831
textures/flatlist/_win/sna_vr_hair_back_ovl_alp.bmp.ctxr,textures/flatlist/_win,sna_vr_hair_back_ovl_alp.bmp.ctxr,sna_vr_hair_back_ovl_alp.bmp,ctxr,57696,59d18b16091d7e6ea207f9e476dde53ddcf38f2d
textures/flatlist/_win/sna_wor_def_boots1_ovl_sub_alp.bmp.ctxr,textures/flatlist/_win,sna_wor_def_boots1_ovl_sub_alp.bmp.ctxr,sna_wor_def_boots1_ovl_sub_alp.bmp,ctxr,4000,69f9da73c92b6c0943da5a6a67f6ceef8a0f7b9f
textures/flatlist/_win/sna_wor_def_boots2_ovl_sub_alp.bmp.ctxr,textures/flatlist/_win,sna_wor_def_boots2_ovl_sub_alp.bmp.ctxr,sna_wor_def_boots2_ovl_sub_alp.bmp,ctxr,9376,1787888f54e355062576032b107e72c44f217b51
textures/flatlist/_win/sna_wor_def_shatu_sub_ovl_alp.bmp.ctxr,textures/flatlist/_win,sna_wor_def_shatu_sub_ovl_alp.bmp.ctxr,sna_wor_def_shatu_sub_ovl_alp.bmp,ctxr,21664,f850f8890c50245730e4bf672150724c8e15a09e
textures/flatlist/_win/sna_wor_glass_sub_ovl_alp.bmp.ctxr,textures/flatlist/_win,sna_wor_glass_sub_ovl_alp.bmp.ctxr,sna_wor_glass_sub_ovl_alp.bmp,ctxr,416,282a97992ce6d193294b86eae5e997a7dc05ce0d
textures/flatlist/_win/sna_wor_hand_def_hi_sub_ovl_alp.bmp.ctxr,textures/flatlist/_win,sna_wor_hand_def_hi_sub_ovl_alp.bmp.ctxr,sna_wor_hand_def_hi_sub_ovl_alp.bmp,ctxr,16544,2454e9539ca8256fa2421bc4c28a650ce39685f1
textures/flatlist/_win/sna_wor_white_armband_alp_ovl.bmp.ctxr,textures/flatlist/_win,sna_wor_white_armband_alp_ovl.bmp.ctxr,sna_wor_white_armband_alp_ovl.bmp,ctxr,37824,db06ac6d47bb03e1858db76a2e081225e05acf5d
textures/flatlist/_win/sna_wor_white_ovl_sub_alp.bmp.ctxr,textures/flatlist/_win,sna_wor_white_ovl_sub_alp.bmp.ctxr,sna_wor_white_ovl_sub_alp.bmp,ctxr,224,ee7790e92cecd9184ad87b83bc6eb1feae7e4fb5
textures/flatlist/_win/sng_def_fbody.bmp.ctxr,textures/flatlist/_win,sng_def_fbody.bmp.ctxr,sng_def_fbody.bmp,ctxr,16768,d8a15035b4a0e856d2eb5a30de12fdb9c11deaa0
textures/flatlist/_win/sng_def_ubody.bmp.ctxr,textures/flatlist/_win,sng_def_ubody.bmp.ctxr,sng_def_ubody.bmp,ctxr,38592,0e31bdcee684d6391b4bba498114d52477a7012c
textures/flatlist/_win/snok_a.bmp.ctxr,textures/flatlist/_win,snok_a.bmp.ctxr,snok_a.bmp,ctxr,26560,d5cf9d6b31a82636bfc7c5da62a9c6059796f89d
textures/flatlist/_win/snok_label_alp_ovl.bmp.ctxr,textures/flatlist/_win,snok_label_alp_ovl.bmp.ctxr,snok_label_alp_ovl.bmp,ctxr,11392,ead7402627ee16de65c16b98a6a37454cefbd254
textures/flatlist/_win/sofa_side.bmp.ctxr,textures/flatlist/_win,sofa_side.bmp.ctxr,sofa_side.bmp,ctxr,349920,3fce5436c3b8334c7daefa44d106762394aed8cd
textures/flatlist/_win/sofa_top.bmp.ctxr,textures/flatlist/_win,sofa_top.bmp.ctxr,sofa_top.bmp,ctxr,1398528,ab871855697dd1121367c145bc186a88bc92faec
textures/flatlist/_win/sofa_under.bmp.ctxr,textures/flatlist/_win,sofa_under.bmp.ctxr,sofa_under.bmp,ctxr,349920,8575fd4ca48dd3782a03f4b97901169a19b18249
textures/flatlist/_win/sofa_under1.bmp.ctxr,textures/flatlist/_win,sofa_under1.bmp.ctxr,sofa_under1.bmp,ctxr,38528,e2245de5910cc4fd3ee54842f9eafba20b1a1300
textures/flatlist/_win/sokorof_family_01.bmp.ctxr,textures/flatlist/_win,sokorof_family_01.bmp.ctxr,sokorof_family_01.bmp,ctxr,63136,688aa4ef800274d2141877e216692841cfc061d2
textures/flatlist/_win/sokuseki_ramen_01.bmp.ctxr,textures/flatlist/_win,sokuseki_ramen_01.bmp.ctxr,sokuseki_ramen_01.bmp,ctxr,1398528,19454d09d2c6785680ef79e5fce10fd457159483
textures/flatlist/_win/sok_coat_boots1_ovl_sub_alp.bmp.ctxr,textures/flatlist/_win,sok_coat_boots1_ovl_sub_alp.bmp.ctxr,sok_coat_boots1_ovl_sub_alp.bmp,ctxr,32928,66fc35ec08037da1fe48d0813de1ec12df3217f8
textures/flatlist/_win/sok_coat_boots2_ovl_sub_alp.bmp.ctxr,textures/flatlist/_win,sok_coat_boots2_ovl_sub_alp.bmp.ctxr,sok_coat_boots2_ovl_sub_alp.bmp,ctxr,65696,423c9d6e40514c6841522a6710278e483b5fa0ff
textures/flatlist/_win/sok_coat_coat_ovl_sub_alp.bmp.ctxr,textures/flatlist/_win,sok_coat_coat_ovl_sub_alp.bmp.ctxr,sok_coat_coat_ovl_sub_alp.bmp,ctxr,1048736,784798846d426336991324b87d79e71ca29c0203
textures/flatlist/_win/sok_coat_eye_hi_ovl_sub_alp.bmp.ctxr,textures/flatlist/_win,sok_coat_eye_hi_ovl_sub_alp.bmp.ctxr,sok_coat_eye_hi_ovl_sub_alp.bmp,ctxr,16544,db4973827f95e6cb9adc5cb158e1060c6f4f1b34
textures/flatlist/_win/sok_coat_face_ovl_sub_alp.bmp.ctxr,textures/flatlist/_win,sok_coat_face_ovl_sub_alp.bmp.ctxr,sok_coat_face_ovl_sub_alp.bmp,ctxr,2097312,b63091ead7432de2f325797e6fab7d0084a657b9
textures/flatlist/_win/sor_board_01.bmp.ctxr,textures/flatlist/_win,sor_board_01.bmp.ctxr,sor_board_01.bmp,ctxr,54976,90b0ed0c405d830c507a0b6ae7103ed919fd5718
textures/flatlist/_win/sor_hand_def_sub_ovl_alp.bmp.ctxr,textures/flatlist/_win,sor_hand_def_sub_ovl_alp.bmp.ctxr,sor_hand_def_sub_ovl_alp.bmp,ctxr,16544,69c2647cb7167602aaf37464e40af94509b28c3a
textures/flatlist/_win/sor_item_glass_def_ovl_sub_alp.bmp.ctxr,textures/flatlist/_win,sor_item_glass_def_ovl_sub_alp.bmp.ctxr,sor_item_glass_def_ovl_sub_alp.bmp,ctxr,1184,67b6f1162c3078385f1f7068c665d39592668cc7
textures/flatlist/_win/sor_item_glass_jnt_sub_ovl_alp.bmp.ctxr,textures/flatlist/_win,sor_item_glass_jnt_sub_ovl_alp.bmp.ctxr,sor_item_glass_jnt_sub_ovl_alp.bmp,ctxr,672,1bbc73659f69e00a71fb2ea8e54c4a6d7f6b2a89
textures/flatlist/_win/sor_item_glass_park_sub_ovl_alp.bmp.ctxr,textures/flatlist/_win,sor_item_glass_park_sub_ovl_alp.bmp.ctxr,sor_item_glass_park_sub_ovl_alp.bmp,ctxr,416,3313a237afbeb1f796748b953fc77617009cd119
textures/flatlist/_win/sor_item_glass_ref_sub_ovl_alp.bmp.ctxr,textures/flatlist/_win,sor_item_glass_ref_sub_ovl_alp.bmp.ctxr,sor_item_glass_ref_sub_ovl_alp.bmp,ctxr,1184,2ff65a8b58065abb9b96e1c0d784c6175cd9da41
textures/flatlist/_win/sor_mgs3_arm_park_smole_sub_ovl_alp.bmp.ctxr,textures/flatlist/_win,sor_mgs3_arm_park_smole_sub_ovl_alp.bmp.ctxr,sor_mgs3_arm_park_smole_sub_ovl_alp.bmp,ctxr,65696,933016f1402aee63f502828768a278fe52c2020e
textures/flatlist/_win/sor_mgs3_arm_park_sub_ovl_alp.bmp.ctxr,textures/flatlist/_win,sor_mgs3_arm_park_sub_ovl_alp.bmp.ctxr,sor_mgs3_arm_park_sub_ovl_alp.bmp,ctxr,65696,d5fc712f44541d02530020924a4e339083dcff39
textures/flatlist/_win/sor_mgs3_body_park_smole_sub_ovl_alp.bmp.ctxr,textures/flatlist/_win,sor_mgs3_body_park_smole_sub_ovl_alp.bmp.ctxr,sor_mgs3_body_park_smole_sub_ovl_alp.bmp,ctxr,131232,87e745ef1bfee6d70da6abc9090ab7a02e1f4c1a
textures/flatlist/_win/sor_mgs3_body_park_sub_ovl_alp.bmp.ctxr,textures/flatlist/_win,sor_mgs3_body_park_sub_ovl_alp.bmp.ctxr,sor_mgs3_body_park_sub_ovl_alp.bmp,ctxr,131232,fd6c9b9c43ffdb539cc81d34a130137e4cd69254
textures/flatlist/_win/sor_mgs3_eye_ovl_sub_alp.bmp.ctxr,textures/flatlist/_win,sor_mgs3_eye_ovl_sub_alp.bmp.ctxr,sor_mgs3_eye_ovl_sub_alp.bmp,ctxr,4256,7036c77e242f15989217aa42385dd101356445c9
textures/flatlist/_win/sor_mgs3_foot_goast_smole.bmp.ctxr,textures/flatlist/_win,sor_mgs3_foot_goast_smole.bmp.ctxr,sor_mgs3_foot_goast_smole.bmp,ctxr,175168,9da1cda673370226e940425dacd1fbcc0b64a2a2
textures/flatlist/_win/sor_mgs3_gun_belt_fuck_sub_ovl_alp.bmp.ctxr,textures/flatlist/_win,sor_mgs3_gun_belt_fuck_sub_ovl_alp.bmp.ctxr,sor_mgs3_gun_belt_fuck_sub_ovl_alp.bmp,ctxr,416,2825d4e8f05f7ab11d9cc9af183905551c084d88
textures/flatlist/_win/sor_mgs3_gun_belt_left_deth.bmp.ctxr,textures/flatlist/_win,sor_mgs3_gun_belt_left_deth.bmp.ctxr,sor_mgs3_gun_belt_left_deth.bmp,ctxr,44096,b2d4138d3efd235474e48cbba89295e79480ce47
textures/flatlist/_win/sor_mgs3_head_park_smole_sub_ovl_alp.bmp.ctxr,textures/flatlist/_win,sor_mgs3_head_park_smole_sub_ovl_alp.bmp.ctxr,sor_mgs3_head_park_smole_sub_ovl_alp.bmp,ctxr,32928,26c568334e1333929df57a99df3e0cd0d5d2be29
textures/flatlist/_win/sor_mgs3_head_park_sub_ovl_alp.bmp.ctxr,textures/flatlist/_win,sor_mgs3_head_park_sub_ovl_alp.bmp.ctxr,sor_mgs3_head_park_sub_ovl_alp.bmp,ctxr,32928,34c9694753857151da98bad7cb451a5576a79adb
textures/flatlist/_win/sor_mgs3_wpl.bmp.ctxr,textures/flatlist/_win,sor_mgs3_wpl.bmp.ctxr,sor_mgs3_wpl.bmp,ctxr,87744,b23e47d2db1a02158921713e335727d060a6a7c2
textures/flatlist/_win/spook.bmp.ctxr,textures/flatlist/_win,spook.bmp.ctxr,spook.bmp,ctxr,1824,e0c8d29019c518656bd4169f28d1ace4a4acb21b
textures/flatlist/_win/spook.bmp_5a899afde49a913a5843487f2d10e7f5.ctxr,textures/flatlist/_win,spook.bmp_5a899afde49a913a5843487f2d10e7f5.ctxr,spook.bmp_5a899afde49a913a5843487f2d10e7f5,ctxr,1824,eea21c76fe100511670a0a0f0af5843caf0d206f
textures/flatlist/_win/spy_case_a_sub_ovl_alp.bmp.ctxr,textures/flatlist/_win,spy_case_a_sub_ovl_alp.bmp.ctxr,spy_case_a_sub_ovl_alp.bmp,ctxr,65696,81cdd68bced8ce4254e8bc5666e83245c1f1ed1c
textures/flatlist/_win/spy_knob_brk_sub_ovl_alp.bmp.ctxr,textures/flatlist/_win,spy_knob_brk_sub_ovl_alp.bmp.ctxr,spy_knob_brk_sub_ovl_alp.bmp,ctxr,16544,17adcfe7ea15fc509a7e4fe5695a98c56c48cb3c
textures/flatlist/_win/spy_knob_sub_ovl_alp.bmp.ctxr,textures/flatlist/_win,spy_knob_sub_ovl_alp.bmp.ctxr,spy_knob_sub_ovl_alp.bmp,ctxr,16544,ddb4b26512d8b5da90a659b675fc161a61977436
textures/flatlist/_win/stage_vva_body.bmp.ctxr,textures/flatlist/_win,stage_vva_body.bmp.ctxr,stage_vva_body.bmp,ctxr,290176,d75676eece44205f03715fa69d351c98ca353a3f
textures/flatlist/_win/stage_vva_enjinp_a.bmp.ctxr,textures/flatlist/_win,stage_vva_enjinp_a.bmp.ctxr,stage_vva_enjinp_a.bmp,ctxr,28448,bd24175b7a14fcc61395c8b640d48d50a5ca757e
textures/flatlist/_win/stage_vva_fenjin.bmp.ctxr,textures/flatlist/_win,stage_vva_fenjin.bmp.ctxr,stage_vva_fenjin.bmp,ctxr,34816,dca800ccd21201306ac353f352f8d5c6b72b0a5e
textures/flatlist/_win/stage_vva_fowgia_a.bmp.ctxr,textures/flatlist/_win,stage_vva_fowgia_a.bmp.ctxr,stage_vva_fowgia_a.bmp,ctxr,14656,fd25fee443960171323a28371abd5b45530635c7
textures/flatlist/_win/stage_vva_fowgia_b.bmp.ctxr,textures/flatlist/_win,stage_vva_fowgia_b.bmp.ctxr,stage_vva_fowgia_b.bmp,ctxr,2656,838292d120ec9cdca6e876744316434ac51b452e
textures/flatlist/_win/stage_vva_had_a.bmp.ctxr,textures/flatlist/_win,stage_vva_had_a.bmp.ctxr,stage_vva_had_a.bmp,ctxr,31008,b28b51b99e435dca981ce4da172e59a5ee03abfd
textures/flatlist/_win/stage_vva_hara.bmp.ctxr,textures/flatlist/_win,stage_vva_hara.bmp.ctxr,stage_vva_hara.bmp,ctxr,237920,28164d9996a1210539b6bc6ff5d804ee4fbb7cd6
textures/flatlist/_win/stage_vva_hbiyoku.bmp.ctxr,textures/flatlist/_win,stage_vva_hbiyoku.bmp.ctxr,stage_vva_hbiyoku.bmp,ctxr,33760,0bda05d9cf401ad28daa9eabbd1bd118bb494b45
textures/flatlist/_win/stage_vva_madon.bmp.ctxr,textures/flatlist/_win,stage_vva_madon.bmp.ctxr,stage_vva_madon.bmp,ctxr,7168,6fd25b5513d9fae5ccb10f9fa0d4c521bed9fd46
textures/flatlist/_win/stage_vva_mainwing_a.bmp.ctxr,textures/flatlist/_win,stage_vva_mainwing_a.bmp.ctxr,stage_vva_mainwing_a.bmp,ctxr,38560,7addc677ae84090ff78e39028c71d71eeb56a4b0
textures/flatlist/_win/stage_vva_mainwing_b.bmp.ctxr,textures/flatlist/_win,stage_vva_mainwing_b.bmp.ctxr,stage_vva_mainwing_b.bmp,ctxr,38560,0da496eaa3e108286780de5fc61992acc4416e56
textures/flatlist/_win/stage_vva_mainwing_c.bmp.ctxr,textures/flatlist/_win,stage_vva_mainwing_c.bmp.ctxr,stage_vva_mainwing_c.bmp,ctxr,19744,b7173bd655662afae44c527c438aa5a025b52b03
textures/flatlist/_win/stage_vva_renjin.bmp.ctxr,textures/flatlist/_win,stage_vva_renjin.bmp.ctxr,stage_vva_renjin.bmp,ctxr,44032,c82c267f9d62f80f04536348cb5c8475bfd560e3
textures/flatlist/_win/stage_vva_rhacchi.bmp.ctxr,textures/flatlist/_win,stage_vva_rhacchi.bmp.ctxr,stage_vva_rhacchi.bmp,ctxr,12608,70a5773425f4cb6a0423ea76ad5556236f893263
textures/flatlist/_win/stage_vva_senaka.bmp.ctxr,textures/flatlist/_win,stage_vva_senaka.bmp.ctxr,stage_vva_senaka.bmp,ctxr,51008,1a2753f00935942429806953252b796f67e1fd6b
textures/flatlist/_win/stage_vva_taiya.bmp.ctxr,textures/flatlist/_win,stage_vva_taiya.bmp.ctxr,stage_vva_taiya.bmp,ctxr,4384,c20ceee3c7953e479a729b40b9a27e9b7a23325d
textures/flatlist/_win/stage_vva_vbiyoku.bmp.ctxr,textures/flatlist/_win,stage_vva_vbiyoku.bmp.ctxr,stage_vva_vbiyoku.bmp,ctxr,19040,079a9da09c8486d21ae205351bcb802f5594a151
textures/flatlist/_win/stone_boss_text00_alp_ovl.bmp.ctxr,textures/flatlist/_win,stone_boss_text00_alp_ovl.bmp.ctxr,stone_boss_text00_alp_ovl.bmp,ctxr,262528,a0c0e0163c4ee3ad81ce041835da961d6b0aa7fa
textures/flatlist/_win/stone_boss_text01_alp_ovl.bmp.ctxr,textures/flatlist/_win,stone_boss_text01_alp_ovl.bmp.ctxr,stone_boss_text01_alp_ovl.bmp,ctxr,262528,c433ec54ff049f3d50afc0602397783a48a0b64f
textures/flatlist/_win/storehouse_box02top.bmp.ctxr,textures/flatlist/_win,storehouse_box02top.bmp.ctxr,storehouse_box02top.bmp,ctxr,13408,25c0605bb6c9d87dacc814910862b41603850eaa
textures/flatlist/_win/storehouse_box02top.bmp_f9e81dfba86df41be0a15367954216a6.ctxr,textures/flatlist/_win,storehouse_box02top.bmp_f9e81dfba86df41be0a15367954216a6.ctxr,storehouse_box02top.bmp_f9e81dfba86df41be0a15367954216a6,ctxr,13408,586e00ef5beaf948563b66197aa7fd295e9e4d2b
textures/flatlist/_win/storehouse_boxb02side.bmp.ctxr,textures/flatlist/_win,storehouse_boxb02side.bmp.ctxr,storehouse_boxb02side.bmp,ctxr,7776,40f88a4e7bf77118ac78fddcf9025b1f1a00f285
textures/flatlist/_win/storehouse_boxb02top.bmp.ctxr,textures/flatlist/_win,storehouse_boxb02top.bmp.ctxr,storehouse_boxb02top.bmp,ctxr,7104,6bd44f0b30b77f511dce24fbf02c315d9de73101
textures/flatlist/_win/storehouse_boxb02top.bmp_5cda35273604474644562ccc18a700ee.ctxr,textures/flatlist/_win,storehouse_boxb02top.bmp_5cda35273604474644562ccc18a700ee.ctxr,storehouse_boxb02top.bmp_5cda35273604474644562ccc18a700ee,ctxr,44064,97f3d46a822e02a85e45fc4075b2cdbd704d5053
textures/flatlist/_win/storehouse_boxb02top.bmp_9eed08cdaac638aca4ced898ebb6f461.ctxr,textures/flatlist/_win,storehouse_boxb02top.bmp_9eed08cdaac638aca4ced898ebb6f461.ctxr,storehouse_boxb02top.bmp_9eed08cdaac638aca4ced898ebb6f461,ctxr,5760,35ccc671966f3c10d2b93f2e72072526ae39f533
textures/flatlist/_win/storehouse_brkbox02front.bmp.ctxr,textures/flatlist/_win,storehouse_brkbox02front.bmp.ctxr,storehouse_brkbox02front.bmp,ctxr,6432,0e98ecbcd91c0b948828b6c125c0e5fd2fd06b9b
textures/flatlist/_win/storehouse_brkbox02side.bmp.ctxr,textures/flatlist/_win,storehouse_brkbox02side.bmp.ctxr,storehouse_brkbox02side.bmp,ctxr,13568,e50395b79b2fc84b1cbcd6adfb3896e018cb520a
textures/flatlist/_win/storehouse_brkbox02side.bmp_2f9b438c44a1b8ae9e57d0047248b261.ctxr,textures/flatlist/_win,storehouse_brkbox02side.bmp_2f9b438c44a1b8ae9e57d0047248b261.ctxr,storehouse_brkbox02side.bmp_2f9b438c44a1b8ae9e57d0047248b261,ctxr,12576,b44631386ffc269211afb8a5007b74c35fa501f4
textures/flatlist/_win/storehouse_brkbox02top.bmp.ctxr,textures/flatlist/_win,storehouse_brkbox02top.bmp.ctxr,storehouse_brkbox02top.bmp,ctxr,7104,a9fecb3bc81e93c88afa3368bb6b0896c5493042
textures/flatlist/_win/storehouse_brkflour00.bmp.ctxr,textures/flatlist/_win,storehouse_brkflour00.bmp.ctxr,storehouse_brkflour00.bmp,ctxr,13408,098babac225a2534ace500bb68b939cb326e0fe9
textures/flatlist/_win/storehouse_brkflour00.bmp_56043cbc1a72ac0316a55815c22cda5a.ctxr,textures/flatlist/_win,storehouse_brkflour00.bmp_56043cbc1a72ac0316a55815c22cda5a.ctxr,storehouse_brkflour00.bmp_56043cbc1a72ac0316a55815c22cda5a,ctxr,11552,ac1e33def05840fc6d496d20ad8379eb40add017
textures/flatlist/_win/storehouse_brkkan00.bmp.ctxr,textures/flatlist/_win,storehouse_brkkan00.bmp.ctxr,storehouse_brkkan00.bmp,ctxr,6240,59d2f945a500d0e2461146871efbce255c5770a4
textures/flatlist/_win/storehouse_brkpaper00_alp_ovl.bmp.ctxr,textures/flatlist/_win,storehouse_brkpaper00_alp_ovl.bmp.ctxr,storehouse_brkpaper00_alp_ovl.bmp,ctxr,8480,7104290d1685592ca6c40be02c450faf18ca3005
textures/flatlist/_win/storehouse_brkshelf00.bmp.ctxr,textures/flatlist/_win,storehouse_brkshelf00.bmp.ctxr,storehouse_brkshelf00.bmp,ctxr,8640,7c599757d267e8357b14d2b1e44589bc435f64ff
textures/flatlist/_win/storehouse_brkwall02.bmp.ctxr,textures/flatlist/_win,storehouse_brkwall02.bmp.ctxr,storehouse_brkwall02.bmp,ctxr,61728,215db261f0b7d21f028811fbfb39002aecc25d21
textures/flatlist/_win/storehouse_ceiling01.bmp.ctxr,textures/flatlist/_win,storehouse_ceiling01.bmp.ctxr,storehouse_ceiling01.bmp,ctxr,699488,1778144c85a5bcd07ea04654a830311deb0634ae
textures/flatlist/_win/storehouse_flour00.bmp.ctxr,textures/flatlist/_win,storehouse_flour00.bmp.ctxr,storehouse_flour00.bmp,ctxr,27136,709b4aa4400c82fb1a7c03a10fa9ac47dd057b1b
textures/flatlist/_win/storehouse_flour00.bmp_47a7a65661fd90b0a81f54b93b4bf59e.ctxr,textures/flatlist/_win,storehouse_flour00.bmp_47a7a65661fd90b0a81f54b93b4bf59e.ctxr,storehouse_flour00.bmp_47a7a65661fd90b0a81f54b93b4bf59e,ctxr,20768,23cb98348da341f801eb1592a937f88df48c94b5
textures/flatlist/_win/storehouse_kan00.bmp.ctxr,textures/flatlist/_win,storehouse_kan00.bmp.ctxr,storehouse_kan00.bmp,ctxr,22176,7549056c928211da1d20d5a05c4a563f2733f996
textures/flatlist/_win/storehouse_kan00.bmp_15a526953817a450674cfc646a44fc85.ctxr,textures/flatlist/_win,storehouse_kan00.bmp_15a526953817a450674cfc646a44fc85.ctxr,storehouse_kan00.bmp_15a526953817a450674cfc646a44fc85,ctxr,4384,2eecb28aed39e3122587c2a2f18cd33f25c6daf6
textures/flatlist/_win/storehouse_mark00_alp_ovl.bmp.ctxr,textures/flatlist/_win,storehouse_mark00_alp_ovl.bmp.ctxr,storehouse_mark00_alp_ovl.bmp,ctxr,16704,55930b252b15acf98736adadf542b494e4fec8c3
textures/flatlist/_win/storehouse_mark00_alp_ovl.bmp_51cc6e37cbeb7c61ba2a78e75ea736be.ctxr,textures/flatlist/_win,storehouse_mark00_alp_ovl.bmp_51cc6e37cbeb7c61ba2a78e75ea736be.ctxr,storehouse_mark00_alp_ovl.bmp_51cc6e37cbeb7c61ba2a78e75ea736be,ctxr,16704,40e57212d727925b170e7db5908fefac51f2e3f8
textures/flatlist/_win/storehouse_mark00_alp_ovl.bmp_552ab5134217f9add4668bc3dabd5e7f.ctxr,textures/flatlist/_win,storehouse_mark00_alp_ovl.bmp_552ab5134217f9add4668bc3dabd5e7f.ctxr,storehouse_mark00_alp_ovl.bmp_552ab5134217f9add4668bc3dabd5e7f,ctxr,16704,a4b55f714263e5fbfb2e8eb04c9e2e5927348e66
textures/flatlist/_win/storehouse_paper00_alp_ovl.bmp.ctxr,textures/flatlist/_win,storehouse_paper00_alp_ovl.bmp.ctxr,storehouse_paper00_alp_ovl.bmp,ctxr,8480,a29dac4855181f457b4e55393fd070a96ea5010c
textures/flatlist/_win/storehouse_paper00_alp_ovl.bmp_fca5cbc5860927391f4e56fb5dfce648.ctxr,textures/flatlist/_win,storehouse_paper00_alp_ovl.bmp_fca5cbc5860927391f4e56fb5dfce648.ctxr,storehouse_paper00_alp_ovl.bmp_fca5cbc5860927391f4e56fb5dfce648,ctxr,8480,6c103e516f0b6a95f72affaee357fa03b1ae599f
textures/flatlist/_win/storehouse_pillar01.bmp.ctxr,textures/flatlist/_win,storehouse_pillar01.bmp.ctxr,storehouse_pillar01.bmp,ctxr,44096,23c1dfe4df0b608f712f6182a929208495221c78
textures/flatlist/_win/storehouse_plt00.bmp_acf98364b51a52714d56c2536eb758a2.ctxr,textures/flatlist/_win,storehouse_plt00.bmp_acf98364b51a52714d56c2536eb758a2.ctxr,storehouse_plt00.bmp_acf98364b51a52714d56c2536eb758a2,ctxr,8480,9afeae63cb6ddc8c810b9506dcccee2247849fa2
textures/flatlist/_win/storehouse_sdwbrk01_alp_ovl.bmp.ctxr,textures/flatlist/_win,storehouse_sdwbrk01_alp_ovl.bmp.ctxr,storehouse_sdwbrk01_alp_ovl.bmp,ctxr,14016,7ede803217ca30b2eea4fab0f1912b178186a92d
textures/flatlist/_win/storehouse_sdwbrk02_alp_ovl.bmp.ctxr,textures/flatlist/_win,storehouse_sdwbrk02_alp_ovl.bmp.ctxr,storehouse_sdwbrk02_alp_ovl.bmp,ctxr,4384,76846f73b28f5826dabe65230f6e8e9fc0e622c3
textures/flatlist/_win/stove_stand.bmp.ctxr,textures/flatlist/_win,stove_stand.bmp.ctxr,stove_stand.bmp,ctxr,22176,5cfe76d178fcbe759a8a3002e2a39f75d064d102
textures/flatlist/_win/stun_a.bmp.ctxr,textures/flatlist/_win,stun_a.bmp.ctxr,stun_a.bmp,ctxr,26560,da39bdf14afee3d108d522e5fded15e347377f6e
textures/flatlist/_win/stun_label_alp_ovl.bmp.ctxr,textures/flatlist/_win,stun_label_alp_ovl.bmp.ctxr,stun_label_alp_ovl.bmp,ctxr,11392,4811c5524783d9110ad7f1acd7941a4655bbcd6d
textures/flatlist/_win/sub_maga.bmp.ctxr,textures/flatlist/_win,sub_maga.bmp.ctxr,sub_maga.bmp,ctxr,349920,3d774c03a53700d07cfcec1105c4b2f665886f9f
textures/flatlist/_win/sub_maga_item.bmp.ctxr,textures/flatlist/_win,sub_maga_item.bmp.ctxr,sub_maga_item.bmp,ctxr,101376,221a348c72f8eac93573ed9682fa7c03e0db6674
textures/flatlist/_win/susb_wire2_iron.bmp.ctxr,textures/flatlist/_win,susb_wire2_iron.bmp.ctxr,susb_wire2_iron.bmp,ctxr,14016,0c5f4378a3a071163c6e3568695da062463b648b
textures/flatlist/_win/susb_wire2_iron.bmp_92d9c67ae0a8599113e65c5f3e4232f9.ctxr,textures/flatlist/_win,susb_wire2_iron.bmp_92d9c67ae0a8599113e65c5f3e4232f9.ctxr,susb_wire2_iron.bmp_92d9c67ae0a8599113e65c5f3e4232f9,ctxr,14016,4bc7494f96b0706ea5c4fb38684be12458baed78
textures/flatlist/_win/svknf_grip.bmp.ctxr,textures/flatlist/_win,svknf_grip.bmp.ctxr,svknf_grip.bmp,ctxr,44064,572c3df7da913068b95dafc2a9b043966e9da4b7
textures/flatlist/_win/svknf_sub_alp_ovl.bmp.ctxr,textures/flatlist/_win,svknf_sub_alp_ovl.bmp.ctxr,svknf_sub_alp_ovl.bmp,ctxr,4256,b2efcf614a0cd65f7322ed7db0aa204cf3e197d1
textures/flatlist/_win/t20d_shitakusa_ik_alp_ovl.bmp.ctxr,textures/flatlist/_win,t20d_shitakusa_ik_alp_ovl.bmp.ctxr,t20d_shitakusa_ik_alp_ovl.bmp,ctxr,12608,9ccc695b8020a994e1e952636e2700418ac7a697
textures/flatlist/_win/tablewood_cast00.bmp.ctxr,textures/flatlist/_win,tablewood_cast00.bmp.ctxr,tablewood_cast00.bmp,ctxr,28960,4b713378011ede2e49165fbccede9b1a6c98a3e1
textures/flatlist/_win/tablewood_top_256.bmp.ctxr,textures/flatlist/_win,tablewood_top_256.bmp.ctxr,tablewood_top_256.bmp,ctxr,699488,0ed3a0c6d633d0737963dfde1afb4679b5a15c61
textures/flatlist/_win/tablewood_top_256.bmp_01112dee250e130a12b541a06712af20.ctxr,textures/flatlist/_win,tablewood_top_256.bmp_01112dee250e130a12b541a06712af20.ctxr,tablewood_top_256.bmp_01112dee250e130a12b541a06712af20,ctxr,41280,b0b94c975d074ea17c39ff87473cb6f1b2318ee8
textures/flatlist/_win/taiya.bmp.ctxr,textures/flatlist/_win,taiya.bmp.ctxr,taiya.bmp,ctxr,72000,a9ef75d0d64e784f144913cfc6606447fe95265b
textures/flatlist/_win/taiyabase.bmp_a11c2814a15fd970457482377d756b1c.ctxr,textures/flatlist/_win,taiyabase.bmp_a11c2814a15fd970457482377d756b1c.ctxr,taiyabase.bmp_a11c2814a15fd970457482377d756b1c,ctxr,5056,9d49a58722424e660bbb6b0e58845d235e47eeed
textures/flatlist/_win/taiya_bre.bmp.ctxr,textures/flatlist/_win,taiya_bre.bmp.ctxr,taiya_bre.bmp,ctxr,72000,82ef6ba3ea9108d833fc43b150a5818e14e2e4e6
textures/flatlist/_win/taiya_sub_ovl_alp.bmp.ctxr,textures/flatlist/_win,taiya_sub_ovl_alp.bmp.ctxr,taiya_sub_ovl_alp.bmp,ctxr,53920,445c248c4646081eae528ce3bddbc33f950d3a3a
textures/flatlist/_win/tai_def_body.bmp.ctxr,textures/flatlist/_win,tai_def_body.bmp.ctxr,tai_def_body.bmp,ctxr,55008,d761984da7787e5a09602cdd5b794531097ad75f
textures/flatlist/_win/taki_iwanohyoumen_07_2_rep.bmp_4c306fbc0612bd3c1a022dbc47d91989.ctxr,textures/flatlist/_win,taki_iwanohyoumen_07_2_rep.bmp_4c306fbc0612bd3c1a022dbc47d91989.ctxr,taki_iwanohyoumen_07_2_rep.bmp_4c306fbc0612bd3c1a022dbc47d91989,ctxr,5592864,6aefc479680ac78052d0e5830fa2645ab1eed273
textures/flatlist/_win/taki_tree_b02_rp.bmp.ctxr,textures/flatlist/_win,taki_tree_b02_rp.bmp.ctxr,taki_tree_b02_rp.bmp,ctxr,1398528,ce8915b235ddbcbb1fb3e2fa340213f27b21cef2
textures/flatlist/_win/tank_break_left.bmp.ctxr,textures/flatlist/_win,tank_break_left.bmp.ctxr,tank_break_left.bmp,ctxr,23328,02ec21a68be1e224279cd7f0b10475c00899871c
textures/flatlist/_win/tank_break_left_alp_ovl.bmp.ctxr,textures/flatlist/_win,tank_break_left_alp_ovl.bmp.ctxr,tank_break_left_alp_ovl.bmp,ctxr,6432,5d8c27c1e8e400fdea8834889d0bd02c1ba2eee5
textures/flatlist/_win/tank_break_right.bmp.ctxr,textures/flatlist/_win,tank_break_right.bmp.ctxr,tank_break_right.bmp,ctxr,15616,0242509de03f08862938dd1652af302f6cf244b8
textures/flatlist/_win/tape_alp_ovl.bmp.ctxr,textures/flatlist/_win,tape_alp_ovl.bmp.ctxr,tape_alp_ovl.bmp,ctxr,3360,7ea31cffa4b5ad3ddc6311bc55d5842393ea0d5f
textures/flatlist/_win/tape_break.bmp.ctxr,textures/flatlist/_win,tape_break.bmp.ctxr,tape_break.bmp,ctxr,10528,16ec468dbd4b54f6debb538411c478289290cfaa
textures/flatlist/_win/tape_sub_alp_ovl.bmp.ctxr,textures/flatlist/_win,tape_sub_alp_ovl.bmp.ctxr,tape_sub_alp_ovl.bmp,ctxr,1184,0a60b21e6a03d5e2e5b67515a47f8620965f11ca
textures/flatlist/_win/teallamp.bmp.ctxr,textures/flatlist/_win,teallamp.bmp.ctxr,teallamp.bmp,ctxr,6656,c7a9d747ecb44fd99c2917f7c48ab8c88cab5659
textures/flatlist/_win/teallamp.bmp_dba50e6cbe3e141d31988b35585846d4.ctxr,textures/flatlist/_win,teallamp.bmp_dba50e6cbe3e141d31988b35585846d4.ctxr,teallamp.bmp_dba50e6cbe3e141d31988b35585846d4,ctxr,6656,df7131870796cf4530cc5fcda1c1ac91fef30b70
textures/flatlist/_win/teallamp_radiation_ovl_alp.bmp.ctxr,textures/flatlist/_win,teallamp_radiation_ovl_alp.bmp.ctxr,teallamp_radiation_ovl_alp.bmp,ctxr,6656,b3add2cb59384e7343472e58d6c566a6a4caafdd
textures/flatlist/_win/test2_add_alp.trans.bmp.ctxr,textures/flatlist/_win,test2_add_alp.trans.bmp.ctxr,test2_add_alp.trans.bmp,ctxr,4384,bb19cc41736e18a0fd099df2195ad00c70b15680
textures/flatlist/_win/text_red00_alp_ovl.bmp.ctxr,textures/flatlist/_win,text_red00_alp_ovl.bmp.ctxr,text_red00_alp_ovl.bmp,ctxr,33120,bca16f781d52c5225f6be92f130269dace2f19e3
textures/flatlist/_win/thu_body_def_sub_ovl_alp.bmp.ctxr,textures/flatlist/_win,thu_body_def_sub_ovl_alp.bmp.ctxr,thu_body_def_sub_ovl_alp.bmp,ctxr,196768,8e26b97f176b8ddf6db584d241d2cad0b212c7d2
textures/flatlist/_win/thu_coat_foot_sole_ovl_add_alp.bmp.ctxr,textures/flatlist/_win,thu_coat_foot_sole_ovl_add_alp.bmp.ctxr,thu_coat_foot_sole_ovl_add_alp.bmp,ctxr,10432,517724e99e5c7efe0e943412636dbdbfecaaa02d
textures/flatlist/_win/thu_coat_toe_ovl_add_alp.bmp.ctxr,textures/flatlist/_win,thu_coat_toe_ovl_add_alp.bmp.ctxr,thu_coat_toe_ovl_add_alp.bmp,ctxr,7424,e8834877388c0cad9307298bea0f3e1af96b9882
textures/flatlist/_win/thu_mgs3_arm_cord_sub_ovl_alpx2.bmp.ctxr,textures/flatlist/_win,thu_mgs3_arm_cord_sub_ovl_alpx2.bmp.ctxr,thu_mgs3_arm_cord_sub_ovl_alpx2.bmp,ctxr,131232,7dbb42544ce9d967af8b21b75de286c691ebf168
textures/flatlist/_win/thu_mgs3_body_rog_ovl_alp.bmp.ctxr,textures/flatlist/_win,thu_mgs3_body_rog_ovl_alp.bmp.ctxr,thu_mgs3_body_rog_ovl_alp.bmp,ctxr,16704,e7463a938ee49afe2e09295179b5523fc7646987
textures/flatlist/_win/thu_mgs3_face_hard_sub_ovl_alpx2.bmp.ctxr,textures/flatlist/_win,thu_mgs3_face_hard_sub_ovl_alpx2.bmp.ctxr,thu_mgs3_face_hard_sub_ovl_alpx2.bmp,ctxr,393376,91803311e86e9cf8c572ffdf4cb4716bb60a3da8
textures/flatlist/_win/thu_mtg_alp_ovl.bmp.ctxr,textures/flatlist/_win,thu_mtg_alp_ovl.bmp.ctxr,thu_mtg_alp_ovl.bmp,ctxr,13600,75ab2e984ac539740276c5b9228acbffdac47761
textures/flatlist/_win/tiger_a00.bmp.ctxr,textures/flatlist/_win,tiger_a00.bmp.ctxr,tiger_a00.bmp,ctxr,349920,de32ec3e839fb86571e6239632910d1a736bddaf
textures/flatlist/_win/tntbomb_tex.bmp.ctxr,textures/flatlist/_win,tntbomb_tex.bmp.ctxr,tntbomb_tex.bmp,ctxr,175168,81959f625c39b84311f1957febf012384eab8889
textures/flatlist/_win/tntigni_tex.bmp.ctxr,textures/flatlist/_win,tntigni_tex.bmp.ctxr,tntigni_tex.bmp,ctxr,87744,06f653d035fcaf9d6efecdc9b0a00af94d150de5
textures/flatlist/_win/toilet_a03.bmp.ctxr,textures/flatlist/_win,toilet_a03.bmp.ctxr,toilet_a03.bmp,ctxr,4384,ef9a3738c59302c8c337c8136f3313fbc4d63833
textures/flatlist/_win/toilet_a03.bmp_71b073c47c454e4fd822409ce41733b5.ctxr,textures/flatlist/_win,toilet_a03.bmp_71b073c47c454e4fd822409ce41733b5.ctxr,toilet_a03.bmp_71b073c47c454e4fd822409ce41733b5,ctxr,4384,9191bcda43d09496b0493441709252ff49357fc0
textures/flatlist/_win/toilet_a05.bmp.ctxr,textures/flatlist/_win,toilet_a05.bmp.ctxr,toilet_a05.bmp,ctxr,4384,af2626bb0c0e712ac8b292e60116cff1f41bbcf9
textures/flatlist/_win/toilet_wash00.bmp.ctxr,textures/flatlist/_win,toilet_wash00.bmp.ctxr,toilet_wash00.bmp,ctxr,24896,442b3d5aeabfb50d752584496f579a735ca99984
textures/flatlist/_win/torch_cloth.bmp.ctxr,textures/flatlist/_win,torch_cloth.bmp.ctxr,torch_cloth.bmp,ctxr,22176,9175a756f8fcacac57f29c8db9b0dff808beaff8
textures/flatlist/_win/torch_kai.bmp.ctxr,textures/flatlist/_win,torch_kai.bmp.ctxr,torch_kai.bmp,ctxr,44064,1a03255a03bbbeec050534e424d4236cbac64391
textures/flatlist/_win/torch_wire.bmp.ctxr,textures/flatlist/_win,torch_wire.bmp.ctxr,torch_wire.bmp,ctxr,22208,eb9a8e4f0923b3e1129391dabed064a90886dd9c
textures/flatlist/_win/trap2.bmp.ctxr,textures/flatlist/_win,trap2.bmp.ctxr,trap2.bmp,ctxr,87744,0470d64be7b706521adecbad2d4399bc6b1e1e38
textures/flatlist/_win/trap_hookrope.bmp.ctxr,textures/flatlist/_win,trap_hookrope.bmp.ctxr,trap_hookrope.bmp,ctxr,4416,93cc6945f2787e36b7596fc4fbb9d2efa242df22
textures/flatlist/_win/trap_hookrope_iron.bmp.ctxr,textures/flatlist/_win,trap_hookrope_iron.bmp.ctxr,trap_hookrope_iron.bmp,ctxr,44096,097cd02fcb924600963a6f8ab34877d51994ab76
textures/flatlist/_win/trap_pendulum_large.bmp.ctxr,textures/flatlist/_win,trap_pendulum_large.bmp.ctxr,trap_pendulum_large.bmp,ctxr,349920,0d8822d6e4735c8aa8a88d56e966e702ffb61eb4
textures/flatlist/_win/tr_head04_alp_ovl.bmp.ctxr,textures/flatlist/_win,tr_head04_alp_ovl.bmp.ctxr,tr_head04_alp_ovl.bmp,ctxr,12576,44af2c935023b3b2f609ac419f4de69b727ee421
textures/flatlist/_win/tr_kage01_alp_ovl.bmp.ctxr,textures/flatlist/_win,tr_kage01_alp_ovl.bmp.ctxr,tr_kage01_alp_ovl.bmp,ctxr,17696,5f4a5c823a43a781c2214ab38fb038601fcdc291
textures/flatlist/_win/tr_kage01_alp_ovl.bmp_24edcc8d309aca356af26bbd0f032127.ctxr,textures/flatlist/_win,tr_kage01_alp_ovl.bmp_24edcc8d309aca356af26bbd0f032127.ctxr,tr_kage01_alp_ovl.bmp_24edcc8d309aca356af26bbd0f032127,ctxr,10240,a29306a76481e4b843d07c568222be676efe4781
textures/flatlist/_win/tr_kage01_alp_ovl.bmp_8de73370a77ed88daf066e07b3d305c5.ctxr,textures/flatlist/_win,tr_kage01_alp_ovl.bmp_8de73370a77ed88daf066e07b3d305c5.ctxr,tr_kage01_alp_ovl.bmp_8de73370a77ed88daf066e07b3d305c5,ctxr,4864,b483868f2d1cc76fdee762226c52c2d90c2def5f
textures/flatlist/_win/tr_kage02_alp_ovl.bmp.ctxr,textures/flatlist/_win,tr_kage02_alp_ovl.bmp.ctxr,tr_kage02_alp_ovl.bmp,ctxr,14144,cd4802c0bca95e23c22cb0605e1455c69f543fbd
textures/flatlist/_win/tr_kage02_alp_ovl.bmp_122b310f446da5513b21d5bb172366d9.ctxr,textures/flatlist/_win,tr_kage02_alp_ovl.bmp_122b310f446da5513b21d5bb172366d9.ctxr,tr_kage02_alp_ovl.bmp_122b310f446da5513b21d5bb172366d9,ctxr,8640,710bf9fbe6ef7a25f56962de53a6a0ad29f53fd9
textures/flatlist/_win/tr_kage02_alp_ovl.bmp_50a362d4da41361aaef78b9a805082a4.ctxr,textures/flatlist/_win,tr_kage02_alp_ovl.bmp_50a362d4da41361aaef78b9a805082a4.ctxr,tr_kage02_alp_ovl.bmp_50a362d4da41361aaef78b9a805082a4,ctxr,4096,0fa7dda470a21e102d696f479666d60bc07effea
textures/flatlist/_win/tr_kage03_alp_ovl.bmp.ctxr,textures/flatlist/_win,tr_kage03_alp_ovl.bmp.ctxr,tr_kage03_alp_ovl.bmp,ctxr,4096,58da1ecf4c9fcc9e08d7d10b47238a77407a200b
textures/flatlist/_win/tr_kage04_alp_ovl.bmp.ctxr,textures/flatlist/_win,tr_kage04_alp_ovl.bmp.ctxr,tr_kage04_alp_ovl.bmp,ctxr,4096,029f72e518886ea1e17e3b912c7cffdb166111f1
textures/flatlist/_win/tsu_def_body.bmp.ctxr,textures/flatlist/_win,tsu_def_body.bmp.ctxr,tsu_def_body.bmp,ctxr,153920,fdf4d48a2848e036e2941fd9213a3c304a67c4df
textures/flatlist/_win/tsu_def_body_ovl_sub_alp.bmp.ctxr,textures/flatlist/_win,tsu_def_body_ovl_sub_alp.bmp.ctxr,tsu_def_body_ovl_sub_alp.bmp,ctxr,115360,afcaba4c97af1ac9617cc75d5bbbc24bcfbe4a37
textures/flatlist/_win/twn_def_body.bmp.ctxr,textures/flatlist/_win,twn_def_body.bmp.ctxr,twn_def_body.bmp,ctxr,55008,3a7cb84675f358e2a24ec61e33fdb680e2de0a5f
textures/flatlist/_win/urel_ber.bmp.ctxr,textures/flatlist/_win,urel_ber.bmp.ctxr,urel_ber.bmp,ctxr,11264,2a90c22ad44c806f4a1e2f7d15f2767699c321f5
textures/flatlist/_win/usu_tree_branch00_alp_ovl.bmp.ctxr,textures/flatlist/_win,usu_tree_branch00_alp_ovl.bmp.ctxr,usu_tree_branch00_alp_ovl.bmp,ctxr,176480,1965f24afb69df65507857d0cacb1fe3d55c8795
textures/flatlist/_win/usu_tree_branch01_alp_ovl.bmp.ctxr,textures/flatlist/_win,usu_tree_branch01_alp_ovl.bmp.ctxr,usu_tree_branch01_alp_ovl.bmp,ctxr,136864,23e11ce74e0cd82443f0872deba19b00c1456c29
textures/flatlist/_win/v000a_kinokatamari_a01_alp_ovl_rep.bmp.ctxr,textures/flatlist/_win,v000a_kinokatamari_a01_alp_ovl_rep.bmp.ctxr,v000a_kinokatamari_a01_alp_ovl_rep.bmp,ctxr,87776,2011afa1225a06614fda5cd6a7b400447829b31f
textures/flatlist/_win/v000a_kinokatamari_a01_alp_ovl_rep.bmp_86187137555744c273e17dd4a431d1a2.ctxr,textures/flatlist/_win,v000a_kinokatamari_a01_alp_ovl_rep.bmp_86187137555744c273e17dd4a431d1a2.ctxr,v000a_kinokatamari_a01_alp_ovl_rep.bmp_86187137555744c273e17dd4a431d1a2,ctxr,87776,f09c2047293fe205fdbbc3182de13c2bb1f61b16
textures/flatlist/_win/v000a_kinokatamari_a02_rep.bmp.ctxr,textures/flatlist/_win,v000a_kinokatamari_a02_rep.bmp.ctxr,v000a_kinokatamari_a02_rep.bmp,ctxr,87776,1cad126dd0d55169cc94a3dfea89e2a2880506f6
textures/flatlist/_win/v000a_kinokatamari_a03_alp_ovl_rep.bmp.ctxr,textures/flatlist/_win,v000a_kinokatamari_a03_alp_ovl_rep.bmp.ctxr,v000a_kinokatamari_a03_alp_ovl_rep.bmp,ctxr,87776,ed7b345a7bfb447c71c051d17c1d14d1da1a2bbd
textures/flatlist/_win/v000a_kinokatamari_a03_alp_ovl_rep.bmp_d9ec09aa2448dfac3e0b72eca57e0034.ctxr,textures/flatlist/_win,v000a_kinokatamari_a03_alp_ovl_rep.bmp_d9ec09aa2448dfac3e0b72eca57e0034.ctxr,v000a_kinokatamari_a03_alp_ovl_rep.bmp_d9ec09aa2448dfac3e0b72eca57e0034,ctxr,87776,b2b66c334b413087ac85b591cb1ab2df10198c51
textures/flatlist/_win/v006a_temptex1_rep.bmp.ctxr,textures/flatlist/_win,v006a_temptex1_rep.bmp.ctxr,v006a_temptex1_rep.bmp,ctxr,87744,a6cb3b2a7fb6a041da9a62e254db608f8030a780
textures/flatlist/_win/v006a_tree13_alrep_mid_mip8000_rep.bmp.ctxr,textures/flatlist/_win,v006a_tree13_alrep_mid_mip8000_rep.bmp.ctxr,v006a_tree13_alrep_mid_mip8000_rep.bmp,ctxr,349920,4844d5473138521cce0db6441950dd68d9bb24a4
textures/flatlist/_win/vbiyoku01.bmp.ctxr,textures/flatlist/_win,vbiyoku01.bmp.ctxr,vbiyoku01.bmp,ctxr,699488,5f97a29ae98b32c110bf153a0e772b8a7c54a322
textures/flatlist/_win/vip_b_body.bmp.ctxr,textures/flatlist/_win,vip_b_body.bmp.ctxr,vip_b_body.bmp,ctxr,273440,a79cbec249c239a98c88c020e1d1b1501d15d28d
textures/flatlist/_win/vip_b_face.bmp.ctxr,textures/flatlist/_win,vip_b_face.bmp.ctxr,vip_b_face.bmp,ctxr,273440,b7818b9183c45d3044a44ab6b0afadcf3f7f44c8
textures/flatlist/_win/vip_b_nekutai.bmp.ctxr,textures/flatlist/_win,vip_b_nekutai.bmp.ctxr,vip_b_nekutai.bmp,ctxr,7424,843c7fad09736090ac42aa1c90749876287ca607
textures/flatlist/_win/vip_b_shats.bmp.ctxr,textures/flatlist/_win,vip_b_shats.bmp.ctxr,vip_b_shats.bmp,ctxr,54976,58f103f3550865e4fefe21eff93f22a36e2dd2af
textures/flatlist/_win/vip_c_body.bmp.ctxr,textures/flatlist/_win,vip_c_body.bmp.ctxr,vip_c_body.bmp,ctxr,273440,bb9aec7280d1675de67f1792de44ba372c199b49
textures/flatlist/_win/vip_c_face.bmp.ctxr,textures/flatlist/_win,vip_c_face.bmp.ctxr,vip_c_face.bmp,ctxr,273440,7b25d2fe5dbd5cbd45aa298c70fd42d1ad38e7fb
textures/flatlist/_win/vip_c_nekutai.bmp.ctxr,textures/flatlist/_win,vip_c_nekutai.bmp.ctxr,vip_c_nekutai.bmp,ctxr,11072,874e129ec701db6ffb0cb2101f6d368f39d134a0
textures/flatlist/_win/vip_c_shats.bmp.ctxr,textures/flatlist/_win,vip_c_shats.bmp.ctxr,vip_c_shats.bmp,ctxr,54976,35c18c04cbd65107483e4ad8a7879ec0f529c455
textures/flatlist/_win/vip_def_body.bmp.ctxr,textures/flatlist/_win,vip_def_body.bmp.ctxr,vip_def_body.bmp,ctxr,55008,08c0faf1734bf68adce11c60204eabd73ed68725
textures/flatlist/_win/vip_def_dmo_body.bmp.ctxr,textures/flatlist/_win,vip_def_dmo_body.bmp.ctxr,vip_def_dmo_body.bmp,ctxr,55008,c5f4688b31b0d469b45297346bb97847dde2bcb3
textures/flatlist/_win/vip_def_ovl_sub_alp_ovl.bmp.ctxr,textures/flatlist/_win,vip_def_ovl_sub_alp_ovl.bmp.ctxr,vip_def_ovl_sub_alp_ovl.bmp,ctxr,41120,751e7ebe1e556b3f4196ae14c959fd08492c4017
textures/flatlist/_win/vtol010.bmp.ctxr,textures/flatlist/_win,vtol010.bmp.ctxr,vtol010.bmp,ctxr,349920,8c514a3a37f1d670a8694732e9d209a30f71670b
textures/flatlist/_win/vtol_005_ovl_sub_alp.bmp.ctxr,textures/flatlist/_win,vtol_005_ovl_sub_alp.bmp.ctxr,vtol_005_ovl_sub_alp.bmp,ctxr,32928,df152d6bb4f0fd82d9da0373a2b5b2b1376989d5
textures/flatlist/_win/vtol_010_ovl_sub_alp.bmp.ctxr,textures/flatlist/_win,vtol_010_ovl_sub_alp.bmp.ctxr,vtol_010_ovl_sub_alp.bmp,ctxr,65696,f809d0be9e33047b3d25caf2e9ddda404b2d5c00
textures/flatlist/_win/vva_a.bmp.ctxr,textures/flatlist/_win,vva_a.bmp.ctxr,vva_a.bmp,ctxr,1398528,debc75de2e9c90a4564d90e037b86cc10f477853
textures/flatlist/_win/vva_b.bmp_ba723258d9bb183f072193c17df4f8b1.ctxr,textures/flatlist/_win,vva_b.bmp_ba723258d9bb183f072193c17df4f8b1.ctxr,vva_b.bmp_ba723258d9bb183f072193c17df4f8b1,ctxr,1398528,d3a2709c96fb6798f87962b8711308c53f843d79
textures/flatlist/_win/vva_break_b.bmp.ctxr,textures/flatlist/_win,vva_break_b.bmp.ctxr,vva_break_b.bmp,ctxr,24896,880ff4bd8d8a3338b82926cf4bab8e974da9d0b5
textures/flatlist/_win/vva_break_body.bmp.ctxr,textures/flatlist/_win,vva_break_body.bmp.ctxr,vva_break_body.bmp,ctxr,48128,05bb2e255cdea6838b871e052be6d3e8c4a6bbe8
textures/flatlist/_win/vva_break_enjin_a_alp_ovl.bmp.ctxr,textures/flatlist/_win,vva_break_enjin_a_alp_ovl.bmp.ctxr,vva_break_enjin_a_alp_ovl.bmp,ctxr,125952,45f377bc0b5493d759f58ebfe53e671ed510646c
textures/flatlist/_win/vva_break_enjin_a_alp_ovl.bmp_3c979f2fb85143b69118752a5d02b578.ctxr,textures/flatlist/_win,vva_break_enjin_a_alp_ovl.bmp_3c979f2fb85143b69118752a5d02b578.ctxr,vva_break_enjin_a_alp_ovl.bmp_3c979f2fb85143b69118752a5d02b578,ctxr,125952,e5a0c707a23c294fd6b3d37bab0ff5044293916d
textures/flatlist/_win/vva_break_enjin_b_alp_ovl.bmp.ctxr,textures/flatlist/_win,vva_break_enjin_b_alp_ovl.bmp.ctxr,vva_break_enjin_b_alp_ovl.bmp,ctxr,7936,d241a0f31915cd564f44ef43f36d1eb2827c29fd
textures/flatlist/_win/vva_break_enjin_c_alp_ovl.bmp.ctxr,textures/flatlist/_win,vva_break_enjin_c_alp_ovl.bmp.ctxr,vva_break_enjin_c_alp_ovl.bmp,ctxr,14688,4c4ba7aae360cd6284fc940b4128b2483d9fd34a
textures/flatlist/_win/vva_break_hatch_a.bmp.ctxr,textures/flatlist/_win,vva_break_hatch_a.bmp.ctxr,vva_break_hatch_a.bmp,ctxr,3712,f78a8450b3ad1c2cac202d500f7c5d71faec8f37
textures/flatlist/_win/vva_break_hatch_b.bmp.ctxr,textures/flatlist/_win,vva_break_hatch_b.bmp.ctxr,vva_break_hatch_b.bmp,ctxr,5376,cc5b3cc18f9133333dccd9fbef46e0c0238544f5
textures/flatlist/_win/vva_break_jet_mount.bmp.ctxr,textures/flatlist/_win,vva_break_jet_mount.bmp.ctxr,vva_break_jet_mount.bmp,ctxr,31040,2630de09b6a2a60196803505fa3637373d95ba79
textures/flatlist/_win/vva_e.bmp.ctxr,textures/flatlist/_win,vva_e.bmp.ctxr,vva_e.bmp,ctxr,1398528,cb6c663f717e0e773f76569f0ac47f8ec29b1527
textures/flatlist/_win/vva_first_aid_kit_alp_ovl.bmp.ctxr,textures/flatlist/_win,vva_first_aid_kit_alp_ovl.bmp.ctxr,vva_first_aid_kit_alp_ovl.bmp,ctxr,7104,1e7af256b98c389c2629eae5247d91019d598daa
textures/flatlist/_win/vva_shadow_f_alp_add_ovl.bmp.ctxr,textures/flatlist/_win,vva_shadow_f_alp_add_ovl.bmp.ctxr,vva_shadow_f_alp_add_ovl.bmp,ctxr,13984,29b7df8e7702304f3ace714dba2d66eb9f6b87fa
textures/flatlist/_win/vva_taiya.bmp.ctxr,textures/flatlist/_win,vva_taiya.bmp.ctxr,vva_taiya.bmp,ctxr,14336,541d958f23364e46a34f773ea26e4d81dd910507
textures/flatlist/_win/vz61mtex.bmp.ctxr,textures/flatlist/_win,vz61mtex.bmp.ctxr,vz61mtex.bmp,ctxr,175168,a3714a17d8851d21e295ec5907dc64f0ea57088b
textures/flatlist/_win/vz61_l_site.bmp.ctxr,textures/flatlist/_win,vz61_l_site.bmp.ctxr,vz61_l_site.bmp,ctxr,87744,c3019d0c2ed874e4f883d8e504fd4ddbc9b09a31
textures/flatlist/_win/w121a_mecha_01.bmp.ctxr,textures/flatlist/_win,w121a_mecha_01.bmp.ctxr,w121a_mecha_01.bmp,ctxr,175168,15afe809b77d5aca225040e7a66d5a14ad0a3818
textures/flatlist/_win/w121a_mecha_alp_ovl_03.bmp.ctxr,textures/flatlist/_win,w121a_mecha_alp_ovl_03.bmp.ctxr,w121a_mecha_alp_ovl_03.bmp,ctxr,6432,2562d1a3801a55942f3af34ee84cc7f95682d36a
textures/flatlist/_win/w121a_speaker_01.bmp.ctxr,textures/flatlist/_win,w121a_speaker_01.bmp.ctxr,w121a_speaker_01.bmp,ctxr,2336,edf81f6c5aa6d7c08665738e826c5213acde8d3c
textures/flatlist/_win/w122a_floor_alp_ovl_01.bmp.ctxr,textures/flatlist/_win,w122a_floor_alp_ovl_01.bmp.ctxr,w122a_floor_alp_ovl_01.bmp,ctxr,100672,1920aa7719149925941c06b2881bc6f4228edfee
textures/flatlist/_win/w122a_floor_alp_ovl_04.bmp.ctxr,textures/flatlist/_win,w122a_floor_alp_ovl_04.bmp.ctxr,w122a_floor_alp_ovl_04.bmp,ctxr,65920,de7c8a21bc0a61cc1011d4b72307dc4476f2909a
textures/flatlist/_win/w122a_floor_alp_ovl_06.bmp.ctxr,textures/flatlist/_win,w122a_floor_alp_ovl_06.bmp.ctxr,w122a_floor_alp_ovl_06.bmp,ctxr,992,9d4679bbd72b9639e02d2ac41d2358d982a67946
textures/flatlist/_win/w122a_font_alp_ovl_01.bmp.ctxr,textures/flatlist/_win,w122a_font_alp_ovl_01.bmp.ctxr,w122a_font_alp_ovl_01.bmp,ctxr,16704,cbf39b8223e1205f9a6c55c31471ffef5963073e
textures/flatlist/_win/w122a_font_alp_ovl_02.bmp.ctxr,textures/flatlist/_win,w122a_font_alp_ovl_02.bmp.ctxr,w122a_font_alp_ovl_02.bmp,ctxr,4384,084e3acf19759e42e0a8bd13f99ff49e9ad0f124
textures/flatlist/_win/w122a_mecha_02.bmp.ctxr,textures/flatlist/_win,w122a_mecha_02.bmp.ctxr,w122a_mecha_02.bmp,ctxr,8480,d62406f76acb6e8bdb57ec68e0740b3ae35d6e89
textures/flatlist/_win/w122a_mecha_03.bmp.ctxr,textures/flatlist/_win,w122a_mecha_03.bmp.ctxr,w122a_mecha_03.bmp,ctxr,2304,392d4a251729d04f2dad036c469c1f4a95ff7989
textures/flatlist/_win/w122a_mecha_06.bmp.ctxr,textures/flatlist/_win,w122a_mecha_06.bmp.ctxr,w122a_mecha_06.bmp,ctxr,22208,07967104d39282712c46ba9896c2229460f83e3a
textures/flatlist/_win/w122a_mecha_08.bmp.ctxr,textures/flatlist/_win,w122a_mecha_08.bmp.ctxr,w122a_mecha_08.bmp,ctxr,175168,e4a735089587b21ae75f19596acfa66a40970071
textures/flatlist/_win/w122a_mecha_10.bmp.ctxr,textures/flatlist/_win,w122a_mecha_10.bmp.ctxr,w122a_mecha_10.bmp,ctxr,8480,fb5b3d75da531b5ca0e3c2805d2d80892b452ee8
textures/flatlist/_win/w122a_mecha_11.bmp.ctxr,textures/flatlist/_win,w122a_mecha_11.bmp.ctxr,w122a_mecha_11.bmp,ctxr,12608,dd9b3a0560d2ff91286d5b2db6361111a9f8fcd2
textures/flatlist/_win/w122a_mecha_14.bmp.ctxr,textures/flatlist/_win,w122a_mecha_14.bmp.ctxr,w122a_mecha_14.bmp,ctxr,699488,236341f49d6b0f2e31c558937784719759fdffdd
textures/flatlist/_win/w122a_mecha_17.bmp.ctxr,textures/flatlist/_win,w122a_mecha_17.bmp.ctxr,w122a_mecha_17.bmp,ctxr,65888,d24d446632e038b0c6faa795c0b2e517be5d271b
textures/flatlist/_win/w122a_mecha_18.bmp.ctxr,textures/flatlist/_win,w122a_mecha_18.bmp.ctxr,w122a_mecha_18.bmp,ctxr,175200,4280e6b9ec344d9e6f819fa8cbdc023aaaed862b
textures/flatlist/_win/w122a_mecha_21.bmp.ctxr,textures/flatlist/_win,w122a_mecha_21.bmp.ctxr,w122a_mecha_21.bmp,ctxr,16736,47676dbc8062fc01e7aaca5fd94e96a9860b6b27
textures/flatlist/_win/w122a_mecha_23.bmp.ctxr,textures/flatlist/_win,w122a_mecha_23.bmp.ctxr,w122a_mecha_23.bmp,ctxr,175168,72c0067207b878f66be6c5f3785ddf97e7bb2a99
textures/flatlist/_win/w122a_mecha_25.bmp.ctxr,textures/flatlist/_win,w122a_mecha_25.bmp.ctxr,w122a_mecha_25.bmp,ctxr,175168,9c2846fdecacb213709a40ed80bc4af1f27d6969
textures/flatlist/_win/w122a_mecha_alp_ovl_11.bmp.ctxr,textures/flatlist/_win,w122a_mecha_alp_ovl_11.bmp.ctxr,w122a_mecha_alp_ovl_11.bmp,ctxr,2336,034fc87cc6ecb7722b2083199281d8092e2d5883
textures/flatlist/_win/w122a_mecha_alp_ovl_12.bmp.ctxr,textures/flatlist/_win,w122a_mecha_alp_ovl_12.bmp.ctxr,w122a_mecha_alp_ovl_12.bmp,ctxr,6432,1990b045345df33952a9a6ef1060cad668069e50
textures/flatlist/_win/w122a_mecha_alp_ovl_12.bmp_4e315f4933f3cbf837797ef3d74a056f.ctxr,textures/flatlist/_win,w122a_mecha_alp_ovl_12.bmp_4e315f4933f3cbf837797ef3d74a056f.ctxr,w122a_mecha_alp_ovl_12.bmp_4e315f4933f3cbf837797ef3d74a056f,ctxr,6432,06ae836e25849f9e0b9f1c03ed44b53dc4ddc459
textures/flatlist/_win/w122a_mecha_alp_ovl_13.bmp.ctxr,textures/flatlist/_win,w122a_mecha_alp_ovl_13.bmp.ctxr,w122a_mecha_alp_ovl_13.bmp,ctxr,273440,b5254304094eff21e9d7fb63c27842d59182246e
textures/flatlist/_win/w122a_mecha_alp_ovl_19.bmp.ctxr,textures/flatlist/_win,w122a_mecha_alp_ovl_19.bmp.ctxr,w122a_mecha_alp_ovl_19.bmp,ctxr,7136,cb45ec9bf4369d0f2b09ff229cec788e6dfa0b4d
textures/flatlist/_win/w122a_sdw_alp_ovl_02.bmp.ctxr,textures/flatlist/_win,w122a_sdw_alp_ovl_02.bmp.ctxr,w122a_sdw_alp_ovl_02.bmp,ctxr,4384,209d172077b56df37a445da40d14bbde39da264f
textures/flatlist/_win/w122a_sdw_alp_ovl_05.bmp.ctxr,textures/flatlist/_win,w122a_sdw_alp_ovl_05.bmp.ctxr,w122a_sdw_alp_ovl_05.bmp,ctxr,33120,da9dc951bdacd7da4a452c65acb29a9273a4ef22
textures/flatlist/_win/w122a_sdw_alp_ovl_06.bmp.ctxr,textures/flatlist/_win,w122a_sdw_alp_ovl_06.bmp.ctxr,w122a_sdw_alp_ovl_06.bmp,ctxr,25888,e38de7db6e9e4a5869297ee523836ce374397aa5
textures/flatlist/_win/w12b1_pipe_08.bmp.ctxr,textures/flatlist/_win,w12b1_pipe_08.bmp.ctxr,w12b1_pipe_08.bmp,ctxr,44064,ef1e993c571963495895fcd290b0406bae29e3f5
textures/flatlist/_win/w12b1_pipe_dodai_05.bmp.ctxr,textures/flatlist/_win,w12b1_pipe_dodai_05.bmp.ctxr,w12b1_pipe_dodai_05.bmp,ctxr,12608,65259b38d6d486be3e58ae4391dcb99835ae04fd
textures/flatlist/_win/w12b1_pipe_dodai_05.bmp_456e5c3b9d35ae442ddce03e56ee1382.ctxr,textures/flatlist/_win,w12b1_pipe_dodai_05.bmp_456e5c3b9d35ae442ddce03e56ee1382.ctxr,w12b1_pipe_dodai_05.bmp_456e5c3b9d35ae442ddce03e56ee1382,ctxr,12608,47931aaac105b96f70444eb2ce43a11e9ffca567
textures/flatlist/_win/w12b1_pipe_dodai_06.bmp.ctxr,textures/flatlist/_win,w12b1_pipe_dodai_06.bmp.ctxr,w12b1_pipe_dodai_06.bmp,ctxr,3104,b9ff7e35db101ae711062fcbb4074bd8199f4eef
textures/flatlist/_win/w12b1_pipe_dodai_06.bmp_fcb55562e23327cbfc931647af728ded.ctxr,textures/flatlist/_win,w12b1_pipe_dodai_06.bmp_fcb55562e23327cbfc931647af728ded.ctxr,w12b1_pipe_dodai_06.bmp_fcb55562e23327cbfc931647af728ded,ctxr,22208,79581ce02d5c8efe356d6fe70163865c88bfa344
textures/flatlist/_win/w22a1g_tana01_03.bmp.ctxr,textures/flatlist/_win,w22a1g_tana01_03.bmp.ctxr,w22a1g_tana01_03.bmp,ctxr,116352,03ce25cc769c2430209fc215ef0dce5e6bafba1f
textures/flatlist/_win/w22a1h_box02.bmp.ctxr,textures/flatlist/_win,w22a1h_box02.bmp.ctxr,w22a1h_box02.bmp,ctxr,4384,7bd5e0e99ac99aa658c0fdead27ebb5af992275c
textures/flatlist/_win/waiyer.bmp.ctxr,textures/flatlist/_win,waiyer.bmp.ctxr,waiyer.bmp,ctxr,5984,a22b3a9054f03bfe74dd4b93f624bc80ac196e53
textures/flatlist/_win/waiyer.bmp_b6576e4ae64331e70f76f223fbd17930.ctxr,textures/flatlist/_win,waiyer.bmp_b6576e4ae64331e70f76f223fbd17930.ctxr,waiyer.bmp_b6576e4ae64331e70f76f223fbd17930,ctxr,5984,4a78698f1351983fb9c10f2715ea9ec816041b12
textures/flatlist/_win/walllighta01_alp_ovl.bmp.ctxr,textures/flatlist/_win,walllighta01_alp_ovl.bmp.ctxr,walllighta01_alp_ovl.bmp,ctxr,16704,a44a78dc6ec8e0b6286d3c781a00fac9d9657ea0
textures/flatlist/_win/walllighta01_alp_ovl.bmp_3b5912247c27301fda9b2211292cfe27.ctxr,textures/flatlist/_win,walllighta01_alp_ovl.bmp_3b5912247c27301fda9b2211292cfe27.ctxr,walllighta01_alp_ovl.bmp_3b5912247c27301fda9b2211292cfe27,ctxr,16704,51548657028547683359f47b28ec55fb7e1318e9
textures/flatlist/_win/walllighta02.bmp.ctxr,textures/flatlist/_win,walllighta02.bmp.ctxr,walllighta02.bmp,ctxr,4384,4e3eb4fa20455c5e0692610cedc1692f84d20182
textures/flatlist/_win/walllighta03.bmp.ctxr,textures/flatlist/_win,walllighta03.bmp.ctxr,walllighta03.bmp,ctxr,2336,82912adf1cd86d1b5391d6a2502572d8c3fbeef5
textures/flatlist/_win/walllighta04.bmp.ctxr,textures/flatlist/_win,walllighta04.bmp.ctxr,walllighta04.bmp,ctxr,3712,f5047a0d571ccaf098330c5491dcbf1fe90eb66b
textures/flatlist/_win/walllighta_sdw0_alp_ovl.bmp.ctxr,textures/flatlist/_win,walllighta_sdw0_alp_ovl.bmp.ctxr,walllighta_sdw0_alp_ovl.bmp,ctxr,7104,56e3ab26222bc2062e4ac876752dc1fb75e012c2
textures/flatlist/_win/weap_b.bmp.ctxr,textures/flatlist/_win,weap_b.bmp.ctxr,weap_b.bmp,ctxr,175168,9cf7d0d8e76e7f54407f9344c3124b05f0a41893
textures/flatlist/_win/wigbody01.bmp.ctxr,textures/flatlist/_win,wigbody01.bmp.ctxr,wigbody01.bmp,ctxr,2796672,c57c2a26a528f30e27367c1e3d876304ec28fbab
textures/flatlist/_win/wigbody01.bmp_56de35a88f0c7896cc657721d449387e.ctxr,textures/flatlist/_win,wigbody01.bmp_56de35a88f0c7896cc657721d449387e.ctxr,wigbody01.bmp_56de35a88f0c7896cc657721d449387e,ctxr,1159840,cd6f11950f9e918a53acef6501f48b9740d633bc
textures/flatlist/_win/wighad01.bmp.ctxr,textures/flatlist/_win,wighad01.bmp.ctxr,wighad01.bmp,ctxr,349920,0f58fa2fd5ef4e96816068bd9f165250cf965fae
textures/flatlist/_win/wighad01.bmp_198cf8ae91aed6c4323f30804b24922e.ctxr,textures/flatlist/_win,wighad01.bmp_198cf8ae91aed6c4323f30804b24922e.ctxr,wighad01.bmp_198cf8ae91aed6c4323f30804b24922e,ctxr,64608,7d07badaa04e95008f620e4dbfe0f99ded7f4d22
textures/flatlist/_win/wighad01.bmp_5405928570425eb68b17c7c1b9cb8e9e.ctxr,textures/flatlist/_win,wighad01.bmp_5405928570425eb68b17c7c1b9cb8e9e.ctxr,wighad01.bmp_5405928570425eb68b17c7c1b9cb8e9e,ctxr,64608,379a2c99b17337b98ff99585550231775c605dc3
textures/flatlist/_win/wighara.bmp_ae8be5abb4466fb653fcbad30a0decc4.ctxr,textures/flatlist/_win,wighara.bmp_ae8be5abb4466fb653fcbad30a0decc4.ctxr,wighara.bmp_ae8be5abb4466fb653fcbad30a0decc4,ctxr,429632,8b424dfd05f29c19496d2f2f28029c4037c9215d
textures/flatlist/_win/wigsenaka.bmp.ctxr,textures/flatlist/_win,wigsenaka.bmp.ctxr,wigsenaka.bmp,ctxr,195648,4344a49cd9d9aa5cade804a559c31a09509a39d3
textures/flatlist/_win/will_kanagu.bmp.ctxr,textures/flatlist/_win,will_kanagu.bmp.ctxr,will_kanagu.bmp,ctxr,992,e9f79543deae9485a09b320c7939fb3bf5b0383e
textures/flatlist/_win/window01_alp_ovl.bmp.ctxr,textures/flatlist/_win,window01_alp_ovl.bmp.ctxr,window01_alp_ovl.bmp,ctxr,120480,e65eb7c91a87e21218b85d35a245249dc09b311c
textures/flatlist/_win/window_a.bmp.ctxr,textures/flatlist/_win,window_a.bmp.ctxr,window_a.bmp,ctxr,27648,dc8348ef51722a4c0d7e3cc24cfd907063f3f50b
textures/flatlist/_win/winef00_add_alp.trans.bmp.ctxr,textures/flatlist/_win,winef00_add_alp.trans.bmp.ctxr,winef00_add_alp.trans.bmp,ctxr,27616,682752931f7425d0a5aefecc5c8367b864251942
textures/flatlist/_win/wine_liq_sub_alp_ovl.bmp.ctxr,textures/flatlist/_win,wine_liq_sub_alp_ovl.bmp.ctxr,wine_liq_sub_alp_ovl.bmp,ctxr,416,2f95332d08daefe2ad2abef19b1576ce8d0da24d
textures/flatlist/_win/winker.bmp.ctxr,textures/flatlist/_win,winker.bmp.ctxr,winker.bmp,ctxr,4928,471d095f93549a6266aebeeaf9f46eff83c60b5b
textures/flatlist/_win/wor_def_boots1.bmp.ctxr,textures/flatlist/_win,wor_def_boots1.bmp.ctxr,wor_def_boots1.bmp,ctxr,5376,a478837fb8547f23089bb75320fa30a42c3d23fa
textures/flatlist/_win/wor_def_boots1_ovl_sub_alp.bmp.ctxr,textures/flatlist/_win,wor_def_boots1_ovl_sub_alp.bmp.ctxr,wor_def_boots1_ovl_sub_alp.bmp,ctxr,4000,4a010d2aa0c00e2a81104b3ae68e423c8eac356a
textures/flatlist/_win/wor_def_boots2.bmp.ctxr,textures/flatlist/_win,wor_def_boots2.bmp.ctxr,wor_def_boots2.bmp,ctxr,12576,5580b622f672326a806bed64a5be7c399f993bdd
textures/flatlist/_win/wor_def_boots2_ovl_sub_alp.bmp.ctxr,textures/flatlist/_win,wor_def_boots2_ovl_sub_alp.bmp.ctxr,wor_def_boots2_ovl_sub_alp.bmp,ctxr,9376,434373bdba903cc1f92668658c680768c0dd5d69
textures/flatlist/_win/wor_def_boots3.bmp.ctxr,textures/flatlist/_win,wor_def_boots3.bmp.ctxr,wor_def_boots3.bmp,ctxr,7104,fd4c7272f0aa3cdcb44eeff5ae1d589f0493595b
textures/flatlist/_win/wor_def_eye_close.bmp.ctxr,textures/flatlist/_win,wor_def_eye_close.bmp.ctxr,wor_def_eye_close.bmp,ctxr,4416,6243c6be46d9ee9d1104d984ceb953ee58c3db25
textures/flatlist/_win/wor_def_eye_def.bmp.ctxr,textures/flatlist/_win,wor_def_eye_def.bmp.ctxr,wor_def_eye_def.bmp,ctxr,4416,71a4b82635e28ab0efa955e450f74ed149ca82f5
textures/flatlist/_win/wor_def_eye_mu.bmp.ctxr,textures/flatlist/_win,wor_def_eye_mu.bmp.ctxr,wor_def_eye_mu.bmp,ctxr,4416,416e08b011ea4a6a040b78b399fc8df37ebc6ba3
textures/flatlist/_win/wor_def_eye_open.bmp.ctxr,textures/flatlist/_win,wor_def_eye_open.bmp.ctxr,wor_def_eye_open.bmp,ctxr,4416,cf9099ca24c1401afcd4d80fc00f376264d3a895
textures/flatlist/_win/wor_def_eye_pain.bmp.ctxr,textures/flatlist/_win,wor_def_eye_pain.bmp.ctxr,wor_def_eye_pain.bmp,ctxr,4416,26997f4de08a651c2af1329d462b62de503c6166
textures/flatlist/_win/wor_def_eye_white.bmp.ctxr,textures/flatlist/_win,wor_def_eye_white.bmp.ctxr,wor_def_eye_white.bmp,ctxr,4416,76553be80aef0d58b202c053aa366ce6cb32260c
textures/flatlist/_win/wor_def_leg.bmp.ctxr,textures/flatlist/_win,wor_def_leg.bmp.ctxr,wor_def_leg.bmp,ctxr,60416,aebe8c59af036f736c5e8de470c92e5c4d9b3a4f
textures/flatlist/_win/wor_def_pen.bmp.ctxr,textures/flatlist/_win,wor_def_pen.bmp.ctxr,wor_def_pen.bmp,ctxr,8640,d7e58c5b18d1763ffc59b5a2be9054cf8b53e680
textures/flatlist/_win/wor_def_pen_ovl_mod1120_alp_emap.bmp.ctxr,textures/flatlist/_win,wor_def_pen_ovl_mod1120_alp_emap.bmp.ctxr,wor_def_pen_ovl_mod1120_alp_emap.bmp,ctxr,768,a5332e13d6fc3574511c7ca8d96bd04318b9a3d8
textures/flatlist/_win/wor_def_shatu.bmp.ctxr,textures/flatlist/_win,wor_def_shatu.bmp.ctxr,wor_def_shatu.bmp,ctxr,12608,cf3a3cf2b7a887cdb5b4fa75830024632dc90109
textures/flatlist/_win/wor_def_shurts.bmp.ctxr,textures/flatlist/_win,wor_def_shurts.bmp.ctxr,wor_def_shurts.bmp,ctxr,8480,d773dfe27321aaad413808636f2130051296e5ea
textures/flatlist/_win/wor_def_staffproof.bmp.ctxr,textures/flatlist/_win,wor_def_staffproof.bmp.ctxr,wor_def_staffproof.bmp,ctxr,12576,1ac3348fd0899cd987d8f0149656502e2f92af34
textures/flatlist/_win/wor_def_white.bmp.ctxr,textures/flatlist/_win,wor_def_white.bmp.ctxr,wor_def_white.bmp,ctxr,218848,12c24b8ec7e40b8a5552e5df3e00ca1dbd96170a
textures/flatlist/_win/wor_def_white_dmo.bmp.ctxr,textures/flatlist/_win,wor_def_white_dmo.bmp.ctxr,wor_def_white_dmo.bmp,ctxr,109568,1055196f0be897145f94ea1b5243fc0c2d1102e9
textures/flatlist/_win/wor_pendulum_eye.bmp.ctxr,textures/flatlist/_win,wor_pendulum_eye.bmp.ctxr,wor_pendulum_eye.bmp,ctxr,4416,a0fbcdb765b6b375998750da96a41963d7d64ed0
textures/flatlist/_win/wor_pendulum_facedam_ovl_alp.bmp.ctxr,textures/flatlist/_win,wor_pendulum_facedam_ovl_alp.bmp.ctxr,wor_pendulum_facedam_ovl_alp.bmp,ctxr,12576,8d08dde77dac30e1db1164eec2ad9d12d899f204
textures/flatlist/_win/wor_pendulum_shatu.bmp.ctxr,textures/flatlist/_win,wor_pendulum_shatu.bmp.ctxr,wor_pendulum_shatu.bmp,ctxr,12608,345ca2e426768b101e1c6d193184f16bad91838f
textures/flatlist/_win/wor_pendulum_staffproof.bmp.ctxr,textures/flatlist/_win,wor_pendulum_staffproof.bmp.ctxr,wor_pendulum_staffproof.bmp,ctxr,12576,b4ff89e0c1b1c9e22e34c661e983164a7d58f5ad
textures/flatlist/_win/wor_pendulum_white_ovl_sub_alp.bmp.ctxr,textures/flatlist/_win,wor_pendulum_white_ovl_sub_alp.bmp.ctxr,wor_pendulum_white_ovl_sub_alp.bmp,ctxr,224,825197828b839f2bd485f3db7fbbbda6ec5e8e8f
textures/flatlist/_win/wor_sam_eye_def_a.bmp.ctxr,textures/flatlist/_win,wor_sam_eye_def_a.bmp.ctxr,wor_sam_eye_def_a.bmp,ctxr,4384,8b00a07f590ad896cf7c12a072afae44fbf9cc22
textures/flatlist/_win/wor_sam_eye_pain_a.bmp.ctxr,textures/flatlist/_win,wor_sam_eye_pain_a.bmp.ctxr,wor_sam_eye_pain_a.bmp,ctxr,4384,a3483fa4a3ead32d7a4eaa64b470b30e788abdc9
textures/flatlist/_win/wor_sam_eye_white_a.bmp.ctxr,textures/flatlist/_win,wor_sam_eye_white_a.bmp.ctxr,wor_sam_eye_white_a.bmp,ctxr,4384,123c1d06bc10d13fbe7781cb4ac42220d0a0cc43
textures/flatlist/_win/wor_suspend_boots3.bmp.ctxr,textures/flatlist/_win,wor_suspend_boots3.bmp.ctxr,wor_suspend_boots3.bmp,ctxr,7104,2307974787ddde1aea1e2dee488d891553cc83ad
textures/flatlist/_win/wor_suspend_eye.bmp.ctxr,textures/flatlist/_win,wor_suspend_eye.bmp.ctxr,wor_suspend_eye.bmp,ctxr,4384,541809243704eae5c44aa03d073d658b2824e305
textures/flatlist/_win/wor_suspend_facedam_ovl_alp.bmp.ctxr,textures/flatlist/_win,wor_suspend_facedam_ovl_alp.bmp.ctxr,wor_suspend_facedam_ovl_alp.bmp,ctxr,12576,a6baf05a9f533df4d5fb7df6ee150138bfb6358e
textures/flatlist/_win/wor_suspend_foot1.bmp.ctxr,textures/flatlist/_win,wor_suspend_foot1.bmp.ctxr,wor_suspend_foot1.bmp,ctxr,5376,a957f6cf7cea1df4f9f43172d6ef598c88e704eb
textures/flatlist/_win/wor_suspend_foot2.bmp.ctxr,textures/flatlist/_win,wor_suspend_foot2.bmp.ctxr,wor_suspend_foot2.bmp,ctxr,12576,ee80290043014e5e4b3263b78cf9c46ccf9e6d0c
textures/flatlist/_win/wor_suspend_leg.bmp.ctxr,textures/flatlist/_win,wor_suspend_leg.bmp.ctxr,wor_suspend_leg.bmp,ctxr,349920,f7bdfb9d9b559195861329f6051a086056545018
textures/flatlist/_win/wor_suspend_shurts.bmp.ctxr,textures/flatlist/_win,wor_suspend_shurts.bmp.ctxr,wor_suspend_shurts.bmp,ctxr,8480,6cdc8b1d2262e9e3f38689fbe07e844a94d4760f
textures/flatlist/_win/wor_suspend_white.bmp.ctxr,textures/flatlist/_win,wor_suspend_white.bmp.ctxr,wor_suspend_white.bmp,ctxr,218848,4fbc14a50f476fa71ceac2141e0f7a2d6c82ed38
textures/flatlist/_win/wor_white_armband_alp_ovl.bmp.ctxr,textures/flatlist/_win,wor_white_armband_alp_ovl.bmp.ctxr,wor_white_armband_alp_ovl.bmp,ctxr,23328,562b4100bf4222db8e3953625d557e22350901a8
textures/flatlist/_win/wor_white_botan_ovl_alp.bmp.ctxr,textures/flatlist/_win,wor_white_botan_ovl_alp.bmp.ctxr,wor_white_botan_ovl_alp.bmp,ctxr,32544,64cfb7433626621ffefdde290f1bba73950caf8c
textures/flatlist/_win/wp_grd_a.bmp.ctxr,textures/flatlist/_win,wp_grd_a.bmp.ctxr,wp_grd_a.bmp,ctxr,34080,b7e164366942bde170bed185c31a1e8375f95d5b
textures/flatlist/_win/wp_label_alp_ovl.bmp.ctxr,textures/flatlist/_win,wp_label_alp_ovl.bmp.ctxr,wp_label_alp_ovl.bmp,ctxr,9152,56fa9148bfbca3f6fd55db94c873c247b88db9cc
textures/flatlist/_win/xry_bee_body_ovl_alp.bmp.ctxr,textures/flatlist/_win,xry_bee_body_ovl_alp.bmp.ctxr,xry_bee_body_ovl_alp.bmp,ctxr,22208,e76c3b39c69deb82bdd7b1fc9ee452fbdebc845d
textures/flatlist/_win/xry_bones.bmp.ctxr,textures/flatlist/_win,xry_bones.bmp.ctxr,xry_bones.bmp,ctxr,8512,f24ed2fe6797f5f8d5e52612dc9efd6b4c47f324
textures/flatlist/_win/xry_bones.bmp_cd88d9a83f19c4aea2170db42c32b947.ctxr,textures/flatlist/_win,xry_bones.bmp_cd88d9a83f19c4aea2170db42c32b947.ctxr,xry_bones.bmp_cd88d9a83f19c4aea2170db42c32b947,ctxr,8512,12527d828b70f8300737fe3ad9d584c40fb74d41
textures/flatlist/_win/xry_buckbone.bmp.ctxr,textures/flatlist/_win,xry_buckbone.bmp.ctxr,xry_buckbone.bmp,ctxr,13984,10ce113aba170e44473f6e9b1c90470d1daa0c83
textures/flatlist/_win/xry_buckbone.bmp_757b15579b5f0f455b392ebc3a72b2d4.ctxr,textures/flatlist/_win,xry_buckbone.bmp_757b15579b5f0f455b392ebc3a72b2d4.ctxr,xry_buckbone.bmp_757b15579b5f0f455b392ebc3a72b2d4,ctxr,13984,ce582a11f85cdf878cceb97a67a996c5d6a242c5
textures/flatlist/_win/xry_bust_ovl_alp.bmp.ctxr,textures/flatlist/_win,xry_bust_ovl_alp.bmp.ctxr,xry_bust_ovl_alp.bmp,ctxr,16704,6b23d5218ee4de4edf329f9e2f43a1d4107fd3e3
textures/flatlist/_win/xry_crack.bmp.ctxr,textures/flatlist/_win,xry_crack.bmp.ctxr,xry_crack.bmp,ctxr,480,69cd608cbefb8b31b66e48d32a0da0573086e13f
textures/flatlist/_win/xry_lch_ovl_alp.bmp.ctxr,textures/flatlist/_win,xry_lch_ovl_alp.bmp.ctxr,xry_lch_ovl_alp.bmp,ctxr,42976,84df07c8f2f80ebc93304591cf05fb1809583be2
textures/flatlist/_win/yf_a_ovl_sub_alp.bmp.ctxr,textures/flatlist/_win,yf_a_ovl_sub_alp.bmp.ctxr,yf_a_ovl_sub_alp.bmp,ctxr,262304,fbe7257806d0d78678671d35eff02c7e6b759c01
textures/flatlist/_win/yf_b_ovl_sub_alp.bmp.ctxr,textures/flatlist/_win,yf_b_ovl_sub_alp.bmp.ctxr,yf_b_ovl_sub_alp.bmp,ctxr,65696,8e7fa21a5dff98c03d6edee17671718a727df1ea
textures/flatlist/_win/yf_glass_a_sub_alp_ovl.bmp.ctxr,textures/flatlist/_win,yf_glass_a_sub_alp_ovl.bmp.ctxr,yf_glass_a_sub_alp_ovl.bmp,ctxr,1184,f2cdb94fef8377309090f534342d469d251c5704
textures/flatlist/_win/yf_label_b_alp_ovl.bmp.ctxr,textures/flatlist/_win,yf_label_b_alp_ovl.bmp.ctxr,yf_label_b_alp_ovl.bmp,ctxr,3712,914e1818a73f7ee1af2623e634bbdf5e84eda6c4
textures/flatlist/_win/yf_mark_a_alp_ovl.bmp.ctxr,textures/flatlist/_win,yf_mark_a_alp_ovl.bmp.ctxr,yf_mark_a_alp_ovl.bmp,ctxr,20768,b3ee03eca68751bb2c4d041ecc18f63b7cb3b140
textures/flatlist/_win/yf_nozzle_a_ovl_alpx2.bmp.ctxr,textures/flatlist/_win,yf_nozzle_a_ovl_alpx2.bmp.ctxr,yf_nozzle_a_ovl_alpx2.bmp,ctxr,5760,d8386a5b1c47efd2eb716038a6b3a93b1eca6035
textures/flatlist/_win/yf_nozzle_b_ovl_alpx2.bmp.ctxr,textures/flatlist/_win,yf_nozzle_b_ovl_alpx2.bmp.ctxr,yf_nozzle_b_ovl_alpx2.bmp,ctxr,5760,3b6525347667541a574e6542351adac326bbf5ca
textures/flatlist/_win/yk1.bmp.ctxr,textures/flatlist/_win,yk1.bmp.ctxr,yk1.bmp,ctxr,502784,989c08979d10da72e1a0665ba70518eace8c96fa
textures/flatlist/_win/yk2.bmp.ctxr,textures/flatlist/_win,yk2.bmp.ctxr,yk2.bmp,ctxr,502784,c5c36457f5c9023b7d30e2f134b01cc8df65b3b4
textures/flatlist/_win/zro_def_body.bmp.ctxr,textures/flatlist/_win,zro_def_body.bmp.ctxr,zro_def_body.bmp,ctxr,125920,9b714a6d3cb6641c3972010c81510fe838c001d5
textures/flatlist/_win/zro_def_boot.bmp.ctxr,textures/flatlist/_win,zro_def_boot.bmp.ctxr,zro_def_boot.bmp,ctxr,65888,e0d724f85f24ea0091a9e50383a0eadef4cd6a46
textures/flatlist/_win/zro_def_hair_fro_ovl_alp.bmp.ctxr,textures/flatlist/_win,zro_def_hair_fro_ovl_alp.bmp.ctxr,zro_def_hair_fro_ovl_alp.bmp,ctxr,33120,38fbf6e8bf55259b5f4366737243d874f25a6a03
textures/flatlist/_win/zro_def_leg.bmp.ctxr,textures/flatlist/_win,zro_def_leg.bmp.ctxr,zro_def_leg.bmp,ctxr,48640,49500619a648e333913084d39c590af612215da1
textures/flatlist/_win/zro_def_waist.bmp.ctxr,textures/flatlist/_win,zro_def_waist.bmp.ctxr,zro_def_waist.bmp,ctxr,34432,67e1ea43f41c566c5b3a5ee252c98f7cd2f2fa47
textures/flatlist/_win/zro_suit_dmo_idcard.bmp.ctxr,textures/flatlist/_win,zro_suit_dmo_idcard.bmp.ctxr,zro_suit_dmo_idcard.bmp,ctxr,15328,1ebbd357813ddd49685d4e3ae2cdfb2bccd53715
textures/flatlist/_win/zro_suit_dmo_suits.bmp.ctxr,textures/flatlist/_win,zro_suit_dmo_suits.bmp.ctxr,zro_suit_dmo_suits.bmp,ctxr,243552,0872d22655da485fe2527965243e7c237c4c8de9
textures/flatlist/_win/zro_suit_dmo_suits_ovl_alp_add.bmp.ctxr,textures/flatlist/_win,zro_suit_dmo_suits_ovl_alp_add.bmp.ctxr,zro_suit_dmo_suits_ovl_alp_add.bmp,ctxr,243552,2f970a36facf8a826d2fb47cc404cfc988c81e1a
textures/flatlist/_win/zu_23_01tex.bmp.ctxr,textures/flatlist/_win,zu_23_01tex.bmp.ctxr,zu_23_01tex.bmp,ctxr,175168,50ec032d291b4b777cf085339f84d43ae040a9c7
textures/flatlist/_win/zu_23_amo.bmp.ctxr,textures/flatlist/_win,zu_23_amo.bmp.ctxr,zu_23_amo.bmp,ctxr,87744,4e8b9745c4322cff8147c585feff2db550f28d33
textures/flatlist/_win/zu_23_base.bmp.ctxr,textures/flatlist/_win,zu_23_base.bmp.ctxr,zu_23_base.bmp,ctxr,175168,f8ec4069fa0ba2458f5a23526c823cbc6f76568d
textures/flatlist/_win/zu_23_body.bmp.ctxr,textures/flatlist/_win,zu_23_body.bmp.ctxr,zu_23_body.bmp,ctxr,175168,f96251361d296f079d6aef79cc853503c82ce4ce
textures/flatlist/_win/zu_23_box.bmp.ctxr,textures/flatlist/_win,zu_23_box.bmp.ctxr,zu_23_box.bmp,ctxr,87744,806588360df3fc4ad29c4f4282239795feeb63e8
textures/flatlist/_win/zu_23_handle.bmp.ctxr,textures/flatlist/_win,zu_23_handle.bmp.ctxr,zu_23_handle.bmp,ctxr,87744,423645cdb72117872dd1b19167dffeaa9a91fe82
textures/flatlist/_win/zu_23_sidebig.bmp.ctxr,textures/flatlist/_win,zu_23_sidebig.bmp.ctxr,zu_23_sidebig.bmp,ctxr,87744,7d916bfed80763f0164d67517ad20763bf56e308
