0x1c1c,"PERSONAL DATA [1/4]

CODENAME:EVA
SEX:FEMALE
AGE:28
NATIONALITY:U.S.A
BIRTHDATE:5/15/1936
BIRTHPLACE:MERIDIEN,ID.
ADDRESS:UNKNOWN
","PERSONAL DATA [1/4]

CODENAME:EVA
SEX:FEMALE
AGE:28
NATIONALITY:U.S.A
BIRTHDATE:5/15/1936
BIRTHPLACE:MERIDIEN,ID.
ADDRESS:UNKNOWN
"
0x1c9f,"PERSONAL DATA [2/4]

HEIGHT:5% 10 1/4~
WEIGHT:149q
HAIR:BLOND
EYE:BLUE
SKIN:WHITE
VOICE:SUZETTA MInET
MTN ACTR:YUMIKO DAIKOKU
","PERSONAL DATA [2/4]

HEIGHT:5% 10 1/4~
WEIGHT:149q
HAIR:BLOND
EYE:BLUE
SKIN:WHITE
VOICE:SUZETTA MInET
MTN ACTR:YUMIKO DAIKOKU
"
0x1d1e,"PERSONAL DATA [3/4]

EYESIGHT:20/16
BLOOD TYPE:A
PAST ILLNESSES:NONE
FAMILY:PARENTS
HOBBY:MOTORBIKE
FVRT FOOD:INSTANT NOODLES
UNFVRT FOOD:POTATOS
","PERSONAL DATA [3/4]

EYESIGHT:20/16
BLOOD TYPE:A
PAST ILLNESSES:NONE
FAMILY:PARENTS
HOBBY:MOTORBIKE
FVRT FOOD:INSTANT NOODLES
UNFVRT FOOD:POTATOS
"
0x1db1,"PERSONAL DATA [4/4]

FVRT MOVIE:SEE NOTHING
FVRT ANIMAL:DOG
FVRT LIQUOR:WINE
MEASUREMENTS:36-23-33
FVRT FLOWER:ROSE
FVRT JEWELRY:EMERALD
RING SIZE:5 1/2
","PERSONAL DATA [4/4]

FVRT MOVIE:SEE NOTHING
FVRT ANIMAL:DOG
FVRT LIQUOR:WINE
MEASUREMENTS:36-23-33
FVRT FLOWER:ROSE
FVRT JEWELRY:EMERALD
RING SIZE:5 1/2
"
0x1e4b,"PERSONAL DATA [1/3]

CODENAME:EVA
SEX:FEMALE
AGE:28
NATIONALITY:U.S.A
BIRTHDATE:5/15/1936
BIRTHPLACE:MERIDIEN,ID.
ADDRESS:UNKNOWN
","PERSONAL DATA [1/3]

CODENAME:EVA
SEX:FEMALE
AGE:28
NATIONALITY:U.S.A
BIRTHDATE:5/15/1936
BIRTHPLACE:MERIDIEN,ID.
ADDRESS:UNKNOWN
"
0x1ece,"PERSONAL DATA [2/3]

HEIGHT:5% 10 1/4~
WEIGHT:149q
HAIR:BLOND
EYE:BLUE
SKIN:WHITE
VOICE:SUZETTA MInET
MTN ACTR:YUMIKO DAIKOKU
","PERSONAL DATA [2/3]

HEIGHT:5% 10 1/4~
WEIGHT:149q
HAIR:BLOND
EYE:BLUE
SKIN:WHITE
VOICE:SUZETTA MInET
MTN ACTR:YUMIKO DAIKOKU
"
0x1f4d,"PERSONAL DATA [3/3]

EYESIGHT:20/16
BLOOD TYPE:A
PAST ILLNESSES:NONE
FAMILY:PARENTS
HOBBY:MOTORBIKE
FVRT FOOD:INSTANT NOODLES
UNFVRT FOOD:POTATOS
","PERSONAL DATA [3/3]

EYESIGHT:20/16
BLOOD TYPE:A
PAST ILLNESSES:NONE
FAMILY:PARENTS
HOBBY:MOTORBIKE
FVRT FOOD:INSTANT NOODLES
UNFVRT FOOD:POTATOS
"
0x1fe0,"PERSONAL DATA [1/2]

CODENAME:EVA
SEX:FEMALE
AGE:28
NATIONALITY:U.S.A
BIRTHDATE:5/15/1936
BIRTHPLACE:MERIDIEN,ID.
ADDRESS:UNKNOWN
","PERSONAL DATA [1/2]

CODENAME:EVA
SEX:FEMALE
AGE:28
NATIONALITY:U.S.A
BIRTHDATE:5/15/1936
BIRTHPLACE:MERIDIEN,ID.
ADDRESS:UNKNOWN
"
0x2063,"PERSONAL DATA [2/2]

HEIGHT:5% 10 1/4~
WEIGHT:149q
HAIR:BLOND
EYE:BLUE
SKIN:WHITE
VOICE:SUZETTA MInET
MTN ACTR:YUMIKO DAIKOKU
","PERSONAL DATA [2/2]

HEIGHT:5% 10 1/4~
WEIGHT:149q
HAIR:BLOND
EYE:BLUE
SKIN:WHITE
VOICE:SUZETTA MInET
MTN ACTR:YUMIKO DAIKOKU
"
0x20e2,"PERSONAL DATA [1/1]

CODENAME:EVA
SEX:FEMALE
AGE:28
NATIONALITY:U.S.A
BIRTHDATE:5/15/1936
BIRTHPLACE:MERIDIEN,ID.
ADDRESS:UNKNOWN
","PERSONAL DATA [1/1]

CODENAME:EVA
SEX:FEMALE
AGE:28
NATIONALITY:U.S.A
BIRTHDATE:5/15/1936
BIRTHPLACE:MERIDIEN,ID.
ADDRESS:UNKNOWN
"
0x2165,"That area is known as Chyornyj Prud.
The name means something like ""the black
shore"" in Russian.
","That area is known as Chyornyj Prud.
The name means something like ""the black
shore"" in Russian.
"
0x21c7,"It got its name from the deep swamp that
covers the area.
","It got its name from the deep swamp that
covers the area.
"
0x2202,"The crocodiles in that swamp are extremely
vicious.
","The crocodiles in that swamp are extremely
vicious.
"
0x2237,"Apparently, they've already chewed up
a bunch of soldiers out on patrol. Now
no one even dares to go near the swamp.
","Apparently, they've already chewed up
a bunch of soldiers out on patrol. Now
no one even dares to go near the swamp.
"
0x22ad,"They said that most of the soldiers who were
killed were attacked from behind while they
were in the water. You be careful out there.
","They said that most of the soldiers who were
killed were attacked from behind while they
were in the water. You be careful out there.
"
0x2334,"The crevice that leads to the cave is still
a ways to the north. Keep heading that way.
","The crevice that leads to the cave is still
a ways to the north. Keep heading that way.
"
0x238d,"Tell me something, Snake. Why did you
let Ocelot get away?
","Tell me something, Snake. Why did you
let Ocelot get away?
"
0x23c9,"I thought I told you already.
","I thought I told you already.
"
0x23e8,"Because he's still a kid?
","Because he's still a kid?
"
0x2403,"Yeah.
","Yeah.
"
0x240a,"Pretty lame excuse if you ask me.
","Pretty lame excuse if you ask me.
"
0x242d,"You think so?
","You think so?
"
0x243c,"Yeah, I do.
","Yeah, I do.
"
0x2449,"...Maybe you're right.
","...Maybe you're right.
"
0x2461,"EVA, what kind of unit are those Ocelots
I fought a little while ago?
","EVA, what kind of unit are those Ocelots
I fought a little while ago?
"
0x24a8,"The Ocelot unit is an elite group composed
of soldiers hand-picked from among the ranks
of Spetsnaz, the special forces wing of GRU.
","The Ocelot unit is an elite group composed
of soldiers hand-picked from among the ranks
of Spetsnaz, the special forces wing of GRU.
"
0x252e,"They've undergone even more rigorous
training than regular Spetsnaz. Their skill
with weapons is the stuff of legends.
","They've undergone even more rigorous
training than regular Spetsnaz. Their skill
with weapons is the stuff of legends.
"
0x25a6,"You'll find they're much better shots than
the rest of GRU. Watch yourself.
","You'll find they're much better shots than
the rest of GRU. Watch yourself.
"
0x25f3,"EVA, where are you now?
","EVA, where are you now?
"
0x260c,"I told you, didn't I? I'm right near
the colonel.
","I told you, didn't I? I'm right near
the colonel.
"
0x263f,"Pretty weak answer if you ask me.
","Pretty weak answer if you ask me.
"
0x2662,"I suppose you're right.
","I suppose you're right.
"
0x267b,"EVA...
","EVA...
"
0x2683,"Snake, I'm under orders to cooperate with
you, but that doesn't mean I have to tell
you everything I know.
","Snake, I'm under orders to cooperate with
you, but that doesn't mean I have to tell
you everything I know.
"
0x26ef,"I would assume the same applies to you,
too.
","I would assume the same applies to you,
too.
"
0x271d,"...
","...
"
0x2722,"Good, you made it to Bolshaya Past.
","Good, you made it to Bolshaya Past.
"
0x2747,"The name Bolshaya Past means something
close to ""the great cavity.""
","The name Bolshaya Past means something
close to ""the great cavity.""
"
0x278c,"It probably got that name from the crevice
to the north.
","It probably got that name from the crevice
to the north.
"
0x27c6,"There's a fortified area in the southern part
of Bolshaya Past that's strung with barbed
wire.
","There's a fortified area in the southern part
of Bolshaya Past that's strung with barbed
wire.
"
0x2826,"To the north of that is a relay station
that serves as both a depot for materials
shipments and a communication facility.
","To the north of that is a relay station
that serves as both a depot for materials
shipments and a communication facility.
"
0x28a1,"The crevice leading to the cave is located
to the north of the relay station. Head north.
","The crevice leading to the cave is located
to the north of the relay station. Head north.
"
0x28fc,"The crevice that leads to the cave is to
the north of your current location. Keep
heading north.
","The crevice that leads to the cave is to
the north of your current location. Keep
heading north.
"
0x295e,"Snake, the barbed wire in that area has
a high-voltage electric current running
through it.
","Snake, the barbed wire in that area has
a high-voltage electric current running
through it.
"
0x29bb,"A high-voltage electric current?
","A high-voltage electric current?
"
0x29dd,"Right, though I might have forgotten to tell
you.
","Right, though I might have forgotten to tell
you.
"
0x2a10,"...
","...
"
0x2a15,"You'll get electrocuted if you touch that
barbed wire. So don't.
","You'll get electrocuted if you touch that
barbed wire. So don't.
"
0x2a57,"Electrified barbed wire, huh. Looks like
I'll have to find another way around...
","Electrified barbed wire, huh. Looks like
I'll have to find another way around...
"
0x2aa9,"That won't be necessary.
","That won't be necessary.
"
0x2ac3,"It won't?
","It won't?
"
0x2ace,"Nope.
","Nope.
"
0x2ad5,"Electrified barbed wire is a formidable
barrier, but it's a pain in the neck to
maintain.
","Electrified barbed wire is a formidable
barrier, but it's a pain in the neck to
maintain.
"
0x2b30,"Apparently it's always breaking down
because wild animals keep running into it.
","Apparently it's always breaking down
because wild animals keep running into it.
"
0x2b81,"But the word is they don't have enough
personnel to fix it.
","But the word is they don't have enough
personnel to fix it.
"
0x2bbe,"If you look closely at the bottom of the
barbed wire, you should be able to spot
a hole somewhere.
","If you look closely at the bottom of the
barbed wire, you should be able to spot
a hole somewhere.
"
0x2c22,"Try crawling your way through there.
","Try crawling your way through there.
"
0x2c48,"EVA, is that attack chopper the escape
route you were talking about?
","EVA, is that attack chopper the escape
route you were talking about?
"
0x2c8e,"No, that thing doesn't have enough range
for us to escape in.
","No, that thing doesn't have enough range
for us to escape in.
"
0x2ccd,"So what are we going to use?
","So what are we going to use?
"
0x2ceb,"Something you've never been in before.
","Something you've never been in before.
"
0x2d13,"Something I've never been in?
","Something I've never been in?
"
0x2d32,"That's right. I think you'll be pleasantly
surprised.
","That's right. I think you'll be pleasantly
surprised.
"
0x2d69,"The crevice leading to the cave is to
the north of that base. Keep heading north.
","The crevice leading to the cave is to
the north of that base. Keep heading north.
"
0x2dbc,"Snake, there's a provisions storehouse in
the center of that area, and an armory to
the northeast.
","Snake, there's a provisions storehouse in
the center of that area, and an armory to
the northeast.
"
0x2e20,"By destroying them, you should be able to
cut off supplies to the enemy in that area.
","By destroying them, you should be able to
cut off supplies to the enemy in that area.
"
0x2e77,"I heard they've got AKs stored in the armory.
You might want to check it out.
","I heard they've got AKs stored in the armory.
You might want to check it out.
"
0x2ec6,"Snake, are you all right?
","Snake, are you all right?
"
0x2ee1,"Yeah... just barely. What the hell were all
those hornets...
","Yeah... just barely. What the hell were all
those hornets...
"
0x2f1f,"Most likely that was The Pain, one of
the Cobras.
","Most likely that was The Pain, one of
the Cobras.
"
0x2f52,"I figured as much... Are they tracking me?
","I figured as much... Are they tracking me?
"
0x2f7e,"I don't know. The Cobras only take orders
from The Boss.
","I don't know. The Cobras only take orders
from The Boss.
"
0x2fb8,"Not even Volgin knows what they're really
up to. So I don't know anything about them
either.
","Not even Volgin knows what they're really
up to. So I don't know anything about them
either.
"
0x3016,"No kidding...
","No kidding...
"
0x3025,"I'll try and dig up as much as I can about
them. You just focus on moving ahead.
","I'll try and dig up as much as I can about
them. You just focus on moving ahead.
"
0x3077,"Go to the end of the cave and you'll come
out in an aqueduct overgrown with mangroves.
This leads to the Ponizovje swamp.
","Go to the end of the cave and you'll come
out in an aqueduct overgrown with mangroves.
This leads to the Ponizovje swamp.
"
0x30f2,"And Snake... be careful. That cave...
","And Snake... be careful. That cave...
"
0x3119,"...is pitch dark inside.
","...is pitch dark inside.
"
0x3133,"Good, I did remember to tell you, then.
","Good, I did remember to tell you, then.
"
0x315c,"...
","...
"
0x3161,"If it's completely dark and you need a light,
try using a torch.
","If it's completely dark and you need a light,
try using a torch.
"
0x31a3,"I heard there's some emergency torches
stored somewhere in that cave.
","I heard there's some emergency torches
stored somewhere in that cave.
"
0x31ea,"Torches. Got it. So where are they?
","Torches. Got it. So where are they?
"
0x320f,"Huh?
","Huh?
"
0x3215,"Where are the torches?
","Where are the torches?
"
0x322d,"How should I know? Go find them yourself.
","How should I know? Go find them yourself.
"
0x3258,"That cave is known as Chyornaya
Peschera.
","That cave is known as Chyornaya
Peschera.
"
0x3283,"In Russian, Chyornaya Peschera means
""the black cave from which cold wind blows.""
","In Russian, Chyornaya Peschera means
""the black cave from which cold wind blows.""
"
0x32d6,"It's a magma cavern formed millions of
years ago, back when Tselinoyarsk was
the site of volcanic activity.
","It's a magma cavern formed millions of
years ago, back when Tselinoyarsk was
the site of volcanic activity.
"
0x3343,"The structure of the cave is pretty complex,
but you should be able to find the aqueduct
if you keep moving inward.
","The structure of the cave is pretty complex,
but you should be able to find the aqueduct
if you keep moving inward.
"
0x33b8,"Head toward the interior of the cave.
","Head toward the interior of the cave.
"
0x33df,"Snake, you beat The Pain!
","Snake, you beat The Pain!
"
0x33fa,"Not without a tough fight.
","Not without a tough fight.
"
0x3416,"How did it feel to fight one of The Boss'
comrades?
","How did it feel to fight one of The Boss'
comrades?
"
0x344b,"What are you getting at?
","What are you getting at?
"
0x3465,"I just want to know what it's like to have
fought a member of the legendary Cobra
unit, that's all.
","I just want to know what it's like to have
fought a member of the legendary Cobra
unit, that's all.
"
0x34ca,"What you want to know is if I can really
face The Boss, is that right?
","What you want to know is if I can really
face The Boss, is that right?
"
0x3512,"Well, that, too.
","Well, that, too.
"
0x3524,"Don't waste your time worrying about me.
I'll get the mission done.
","Don't waste your time worrying about me.
I'll get the mission done.
"
0x3569,"I certainly hope so.
","I certainly hope so.
"
0x357f,"So the exit of the cave is up ahead?
","So the exit of the cave is up ahead?
"
0x35a5,"Right.
","Right.
"
0x35ad,"That reminds me. I've heard they keep a
shotgun stored in that part of the cave.
Why don't you go look for it?
","That reminds me. I've heard they keep a
shotgun stored in that part of the cave.
Why don't you go look for it?
"
0x361d,"That aqueduct is known as Ponizovje.
It means ""the land down the river.""
","That aqueduct is known as Ponizovje.
It means ""the land down the river.""
"
0x3667,"As you can see, it's overgrown with
mangrove. Usually, they'd have boats going
up and down transporting materials.
","As you can see, it's overgrown with
mangrove. Usually, they'd have boats going
up and down transporting materials.
"
0x36db,"But right now the place is on high alert, so
the boats have stopped running.
","But right now the place is on high alert, so
the boats have stopped running.
"
0x3729,"But enough about that...
","But enough about that...
"
0x3743,"What are you doing there?
","What are you doing there?
"
0x375e,"We're supposed to meet up in the mountains.
Hurry up and get there. You can start by
going back to the warehouse.
","We're supposed to meet up in the mountains.
Hurry up and get there. You can start by
going back to the warehouse.
"
0x37d1,"The area you're in now is known as Graniny
Gorki.
","The area you're in now is known as Graniny
Gorki.
"
0x3804,"It means ""Granin's mountain.""
Apparently it got that name when
the Granin lab was first built.
","It means ""Granin's mountain.""
Apparently it got that name when
the Granin lab was first built.
"
0x3864,"But more to the point, what are you doing
there?
","But more to the point, what are you doing
there?
"
0x3896,"I told you we were supposed to meet up in
the mountains, didn't I? Go back through
the warehouse to Svyatogornyj.
","I told you we were supposed to meet up in
the mountains, didn't I? Go back through
the warehouse to Svyatogornyj.
"
0x3909,"The name of that forest is Svyatogornyj.
In Russian, It means something like ""the
sacred mountain path.""
","The name of that forest is Svyatogornyj.
In Russian, It means something like ""the
sacred mountain path.""
"
0x3973,"The name comes from an old folk tale about
mountain spirits who pass through there on
their way to Sokrovenno,
","The name comes from an old folk tale about
mountain spirits who pass through there on
their way to Sokrovenno,
"
0x39e3,"the forest to the north.
","the forest to the north.
"
0x39fd,"Head north and you'll come to Sokrovenno.
","Head north and you'll come to Sokrovenno.
"
0x3a28,"The tunnel that leads to the mountains is
in the northern area of Sokrovenno.
","The tunnel that leads to the mountains is
in the northern area of Sokrovenno.
"
0x3a77,"I'll meet you in the ruins at the top of
the mountains.
","I'll meet you in the ruins at the top of
the mountains.
"
0x3ab0,"I'll give you the key to the tunnel leading
to Groznyj Grad when you get there.
","I'll give you the key to the tunnel leading
to Groznyj Grad when you get there.
"
0x3b01,"Remember, go north.
","Remember, go north.
"
0x3b16,"But Sokrovenno is also where...
","But Sokrovenno is also where...
"
0x3b37,"I know.
","I know.
"
0x3b40,"The End, right?
","The End, right?
"
0x3b51,"Yeah.
","Yeah.
"
0x3b58,"Just be careful.
","Just be careful.
"
0x3b6a,"One of the Cobras, The End, is waiting for
you in Sokrovenno. He's a legendary sniper.
","One of the Cobras, The End, is waiting for
you in Sokrovenno. He's a legendary sniper.
"
0x3bc2,"Until you defeat him in battle...
","Until you defeat him in battle...
"
0x3be5,"I won't be able to move on?
","I won't be able to move on?
"
0x3c02,"Right.
","Right.
"
0x3c0a,"Then I'll just have to beat him.
","Then I'll just have to beat him.
"
0x3c2c,"I guess you will.
","I guess you will.
"
0x3c3f,"The Ocelots, right?
","The Ocelots, right?
"
0x3c54,"Yeah.
","Yeah.
"
0x3c5b,"The Ocelot unit is waiting for you in
Sokrovenno. I hear they've even got
snipers in position. Watch your back.
","The Ocelot unit is waiting for you in
Sokrovenno. I hear they've even got
snipers in position. Watch your back.
"
0x3ccc,"EVA.
","EVA.
"
0x3cd2,"What?
","What?
"
0x3cd9,"I couldn't get a hold of you for a while there.
What were you doing?
","I couldn't get a hold of you for a while there.
What were you doing?
"
0x3d1f,"What do you think I was doing?
","What do you think I was doing?
"
0x3d3f,"That's what I'm asking you.
","That's what I'm asking you.
"
0x3d5c,"Why are you asking me that?
","Why are you asking me that?
"
0x3d79,"Because I want to know, that's why.
","Because I want to know, that's why.
"
0x3d9e,"Want to know what?
","Want to know what?
"
0x3db2,"...Will you stop answering my questions
with questions?
","...Will you stop answering my questions
with questions?
"
0x3deb,"Are you mad?
","Are you mad?
"
0x3df9,"...
","...
"
0x3dfe,"See ya.
","See ya.
"
0x3e07,"Now all you have to do is follow the tunnel
north to the mountains of Krasnogorje.
","Now all you have to do is follow the tunnel
north to the mountains of Krasnogorje.
"
0x3e5b,"But you might want to swing around east
first. There's a provisions storehouse there.
","But you might want to swing around east
first. There's a provisions storehouse there.
"
0x3eb2,"EVA.
","EVA.
"
0x3eb8,"Yes?
","Yes?
"
0x3ebe,"Who is that Tatyana?
","Who is that Tatyana?
"
0x3ed4,"Taken a liking to her, have we?
She's a cutie.
","Taken a liking to her, have we?
She's a cutie.
"
0x3f04,"Who is she?
","Who is she?
"
0x3f11,"I don't know that much about her, but from
what I can tell, she seems to be Sokolov's
lover...
","I don't know that much about her, but from
what I can tell, she seems to be Sokolov's
lover...
"
0x3f71,"Can you find out a little more?
","Can you find out a little more?
"
0x3f92,"Snake, she already has a man.
","Snake, she already has a man.
"
0x3fb1,"EVA...
","EVA...
"
0x3fb9,"All right. Just give me a minute.
","All right. Just give me a minute.
"
0x3fdc,"Snake, I found out what I could about
your Tanya.
","Snake, I found out what I could about
your Tanya.
"
0x400f,"Just as I thought, she's apparently Sokolov's
lover.
","Just as I thought, she's apparently Sokolov's
lover.
"
0x4045,"When Sokolov was taken away from his
research facility, she was taken along with
him.
","When Sokolov was taken away from his
research facility, she was taken along with
him.
"
0x409c,"So she's been with him since he was at
the research facility...?
","So she's been with him since he was at
the research facility...?
"
0x40de,"That's what it looks like.
","That's what it looks like.
"
0x40fa,"Are you sure about that?
","Are you sure about that?
"
0x4114,"Yes. Why?
","Yes. Why?
"
0x411f,"The major said Sokolov wasn't the kind
of guy who'd take a lover...
","The major said Sokolov wasn't the kind
of guy who'd take a lover...
"
0x4164,"Maybe he was lonely, being away from his
family for so long.
","Maybe he was lonely, being away from his
family for so long.
"
0x41a2,"And whatever else he is, Sokolov's still a
man. It's only natural he'd be attracted to
her.
","And whatever else he is, Sokolov's still a
man. It's only natural he'd be attracted to
her.
"
0x41ff,"Only natural?
","Only natural?
"
0x420e,"She's irresistible. Gorgeous,
in a girl-next-door kind of way.
Nice proportions, too.
","She's irresistible. Gorgeous,
in a girl-next-door kind of way.
Nice proportions, too.
"
0x4265,"...
","...
"
0x426a,"Sounds like your type, huh?
","Sounds like your type, huh?
"
0x4287,"EVA...
","EVA...
"
0x428f,"Gotta go.
","Gotta go.
"
0x429a,"The forest you're in now is known as
Sokrovenno. The name means ""the
most holy woods.""
","The forest you're in now is known as
Sokrovenno. The name means ""the
most holy woods.""
"
0x42f2,"It's been venerated since ancient times as
the sacred home of the spirits of the forest.
","It's been venerated since ancient times as
the sacred home of the spirits of the forest.
"
0x434c,"It's the largest and deepest forest in the
region, and is divided into three areas: south,
west, and north. Try not to get lost, OK?
","It's the largest and deepest forest in the
region, and is divided into three areas: south,
west, and north. Try not to get lost, OK?
"
0x43d2,"There's an armory in the southern area.
If you need some extra ammo, you might
want to pay it a visit.
","There's an armory in the southern area.
If you need some extra ammo, you might
want to pay it a visit.
"
0x443a,"Until you defeat The End, I don't think you'll
be able to pass through the forest. You'll
have to beat him.
","Until you defeat The End, I don't think you'll
be able to pass through the forest. You'll
have to beat him.
"
0x44a7,"Be careful. I've heard the Ocelots are lying
in wait for you in the forest.
","Be careful. I've heard the Ocelots are lying
in wait for you in the forest.
"
0x44f4,"The entrance to the tunnel is in the
northeastern part of the northern area.
Try to make it there in one piece.
","The entrance to the tunnel is in the
northeastern part of the northern area.
Try to make it there in one piece.
"
0x4565,"The tunnel to the mountains is to the
northeast. Head that way.
","The tunnel to the mountains is to the
northeast. Head that way.
"
0x45a6,"Snake, what happened to your battle with
The End?
","Snake, what happened to your battle with
The End?
"
0x45d9,"I, uh...
","I, uh...
"
0x45e3,"Well, maybe it is a good idea to replenish
your ammo and supplies.
","Well, maybe it is a good idea to replenish
your ammo and supplies.
"
0x4627,"One or two days is like the blink of an eye
to The End.
","One or two days is like the blink of an eye
to The End.
"
0x4660,"Even now, he's probably still waiting for you
back there in the woods of Sokrovenno.
","Even now, he's probably still waiting for you
back there in the woods of Sokrovenno.
"
0x46b6,"Until you end The End...
","Until you end The End...
"
0x46d0,"...by defeating him in battle, you won't be
able to move on. When you're done
resupplying, go back to Sokrovenno.
","...by defeating him in battle, you won't be
able to move on. When you're done
resupplying, go back to Sokrovenno.
"
0x4743,"Good, you're in the tunnel.
","Good, you're in the tunnel.
"
0x4760,"The ladder at the end of the tunnel will take
you up into the mountains. Head down the
tunnel and climb up the ladder.
","The ladder at the end of the tunnel will take
you up into the mountains. Head down the
tunnel and climb up the ladder.
"
0x47d8,"You made it to the mountains.
","You made it to the mountains.
"
0x47f7,"Those mountains are known as Krasnogorje.
The name means ""the red mountain ridge""
in Russian.
","Those mountains are known as Krasnogorje.
The name means ""the red mountain ridge""
in Russian.
"
0x4856,"The entire range has been fortified to act as
a defense for the great fortress of Groznyj
Grad.
","The entire range has been fortified to act as
a defense for the great fortress of Groznyj
Grad.
"
0x48b7,"The area near the top has been dug with
bunkers and trenches, and there are
anti-aircraft gun emplacements everywhere.
","The area near the top has been dug with
bunkers and trenches, and there are
anti-aircraft gun emplacements everywhere.
"
0x492f,"It's literally an impenetrable wall.
Proceed with caution.
","It's literally an impenetrable wall.
Proceed with caution.
"
0x496b,"Oh, there's a provisions storehouse in the
hillside area, and there's an armory at the
summit.
","Oh, there's a provisions storehouse in the
hillside area, and there's an armory at the
summit.
"
0x49cb,"I'll meet you in the ruins at the top of
the mountains.
","I'll meet you in the ruins at the top of
the mountains.
"
0x4a04,"The summit is still a ways up.
Keep going forward.
","The summit is still a ways up.
Keep going forward.
"
0x4a38,"The summit is still a ways up.
Keep climbing.
","The summit is still a ways up.
Keep climbing.
"
0x4a67,"See those ruins at the summit?
I'll be waiting for you there.
","See those ruins at the summit?
I'll be waiting for you there.
"
0x4aa6,"Stay alert. Volgin has sent out attack
choppers to stop you.
","Stay alert. Volgin has sent out attack
choppers to stop you.
"
0x4ae4,"You saw them at the heliport, didn't you?
They're probably already patrolling the area.
","You saw them at the heliport, didn't you?
They're probably already patrolling the area.
"
0x4b3d,"If you get spotted by the enemy, you'll be
dealing with that thing.
","If you get spotted by the enemy, you'll be
dealing with that thing.
"
0x4b82,"Just my luck. I don't have any weapons
that'll work against them...
","Just my luck. I don't have any weapons
that'll work against them...
"
0x4bc7,"Don't worry. I found an RPG-7. That
should be enough to swat down a few flies.
","Don't worry. I found an RPG-7. That
should be enough to swat down a few flies.
"
0x4c17,"But if you had an RPG-7, you could shoot
them down.
","But if you had an RPG-7, you could shoot
them down.
"
0x4c4c,"There should be an RPG-7 in a bunker
in the hillside.
","There should be an RPG-7 in a bunker
in the hillside.
"
0x4c83,"A portable rocket launcher, huh. That
should be enough to swat bothersome flies.
","A portable rocket launcher, huh. That
should be enough to swat bothersome flies.
"
0x4cd5,"You could also try using an anti-aircraft gun.
","You could also try using an anti-aircraft gun.
"
0x4d05,"You can take over an anti-aircraft gun by
pressing the Action Button when you're near
it.
","You can take over an anti-aircraft gun by
pressing the Action Button when you're near
it.
"
0x4d60,"EVA, how are things on your end?
Are you going to be able to make it?
","EVA, how are things on your end?
Are you going to be able to make it?
"
0x4da7,"I'm fine. I managed to slip out OK, though.
I did run into a few snags.
","I'm fine. I managed to slip out OK, though.
I did run into a few snags.
"
0x4df0,"Is there a problem?
","Is there a problem?
"
0x4e05,"I took a little detour on my way here.
","I took a little detour on my way here.
"
0x4e2d,"Detour?
","Detour?
"
0x4e36,"Yeah. I thought since you went to all this
trouble to meet me, I should give you
a present.
","Yeah. I thought since you went to all this
trouble to meet me, I should give you
a present.
"
0x4e93,"A present? What is it?
","A present? What is it?
"
0x4eab,"You really want to know?
","You really want to know?
"
0x4ec5,"Yeah.
","Yeah.
"
0x4ecc,"It's a secret.
","It's a secret.
"
0x4edc,"...
","...
"
0x4ee1,"You'll find out when you get here.
","You'll find out when you get here.
"
0x4f05,"You must be worn out from all that
mountain climbing.
","You must be worn out from all that
mountain climbing.
"
0x4f3c,"There's a provisions storehouse at the back
of the hillside area. Why don't you go stock
up on rations?
","There's a provisions storehouse at the back
of the hillside area. Why don't you go stock
up on rations?
"
0x4fa5,"EVA?
","EVA?
"
0x4fab,"Snake?
","Snake?
"
0x4fb3,"You're all right...
","You're all right...
"
0x4fc8,"Were you worried about me?
","Were you worried about me?
"
0x4fe4,"Yeah, I can't continue my mission without
your help.
","Yeah, I can't continue my mission without
your help.
"
0x501a,"I'm touched by your honesty...
","I'm touched by your honesty...
"
0x503a,"Don't concern yourself with me. I'm doing
just fine. But...
","Don't concern yourself with me. I'm doing
just fine. But...
"
0x5077,"What?
","What?
"
0x507e,"Thanks anyway.
","Thanks anyway.
"
0x508e,"Sure.
","Sure.
"
0x5095,"OK, back to the mission.
","OK, back to the mission.
"
0x50af,"The security in the west wing where Sokolov
is being held is extremely tight.
","The security in the west wing where Sokolov
is being held is extremely tight.
"
0x50fe,"The only ones who are cleared to enter
the west wing are those with colonel-class
authorization.
","The only ones who are cleared to enter
the west wing are those with colonel-class
authorization.
"
0x5160,"One of those people is Major Raikov.
To get into the west wing, you could
disguise yourself as Raikov.
","One of those people is Major Raikov.
To get into the west wing, you could
disguise yourself as Raikov.
"
0x51c8,"First, you'll have to take Raikov out and
steal his uniform. He's in the east wing of
the weapons lab in the center of Groznyj Grad.
","First, you'll have to take Raikov out and
steal his uniform. He's in the east wing of
the weapons lab in the center of Groznyj Grad.
"
0x524e,"The east wing is north of your current
location. Head north.
","The east wing is north of your current
location. Head north.
"
0x528c,"The east wing is northeast of your current
location. Head northeast.
","The east wing is northeast of your current
location. Head northeast.
"
0x52d2,"The east wing is east of your current
location. Head east.
","The east wing is east of your current
location. Head east.
"
0x530e,"You're in the vicinity of the east wing.
Proceed to infiltrate.
","You're in the vicinity of the east wing.
Proceed to infiltrate.
"
0x534f,"All right. But why?
","All right. But why?
"
0x5364,"Huh?
","Huh?
"
0x536a,"Why do I have to steal Raikov's clothes from
him? What about that scientist outfit...
","Why do I have to steal Raikov's clothes from
him? What about that scientist outfit...
"
0x53c1,"That's not going to work this time around.
Raikov's uniform is a special type that only he
wears. You'll have to get it directly from him.
","That's not going to work this time around.
Raikov's uniform is a special type that only he
wears. You'll have to get it directly from him.
"
0x544d,"Normally I'm pretty good at getting men to
take off their clothes, but it won't work on
him.
","Normally I'm pretty good at getting men to
take off their clothes, but it won't work on
him.
"
0x54ab,"?
","?
"
0x54ae,"You, on the other hand, might have a better
chance with him.
","You, on the other hand, might have a better
chance with him.
"
0x54ec,"What's that supposed to mean?
","What's that supposed to mean?
"
0x550b,"What indeed.
","What indeed.
"
0x5519,"Anyway, the only way to get Raikov's
uniform is to take him out and steal it
yourself. He's somewhere in the east wing.
","Anyway, the only way to get Raikov's
uniform is to take him out and steal it
yourself. He's somewhere in the east wing.
"
0x5592,"EVA, about this Major Raikov...
","EVA, about this Major Raikov...
"
0x55b3,"Yes?
","Yes?
"
0x55b9,"You said he had ""colonel-class"" authorization,
right?
","You said he had ""colonel-class"" authorization,
right?
"
0x55f0,"Right.
","Right.
"
0x55f8,"But his rank is major. So how can he have
""colonel-class"" authorization?
","But his rank is major. So how can he have
""colonel-class"" authorization?
"
0x5642,"Raikov is treated as an officer of equal rank
with Colonel Volgin.
","Raikov is treated as an officer of equal rank
with Colonel Volgin.
"
0x5686,"Treated as the same rank?
","Treated as the same rank?
"
0x56a1,"Yeah.
","Yeah.
"
0x56a8,"Even though he's a major?
","Even though he's a major?
"
0x56c3,"Right.
","Right.
"
0x56cb,"Why?
","Why?
"
0x56d1,"You don't know?
","You don't know?
"
0x56e2,"No.
","No.
"
0x56e7,"Even after seeing that photo?
","Even after seeing that photo?
"
0x5706,"Nope.
","Nope.
"
0x570d,"Has anyone ever told you you're a bit slow?
","Has anyone ever told you you're a bit slow?
"
0x573a,"What are you talking about?
","What are you talking about?
"
0x5757,"I'll leave you to think about it.
","I'll leave you to think about it.
"
0x577a,"Wait a minute...
","Wait a minute...
"
0x578c,"Gotta go.
","Gotta go.
"
0x5797,"By the way, Snake...
","By the way, Snake...
"
0x57ad,"What?
","What?
"
0x57b4,"Why aren't you eating it?
","Why aren't you eating it?
"
0x57cf,"Eh? What are you talking about?
","Eh? What are you talking about?
"
0x57f0,"The instant noodles. Why aren't you eating
them?
","The instant noodles. Why aren't you eating
them?
"
0x5822,"Do I have to?
","Do I have to?
"
0x5831,"Of course you do.
","Of course you do.
"
0x5844,"Why?
","Why?
"
0x584a,"Because it's a present from me.
","Because it's a present from me.
"
0x586b,"...
","...
"
0x5870,"You probably didn't know, but instant noodles
are really popular among the troops here at
Groznyj Grad.
","You probably didn't know, but instant noodles
are really popular among the troops here at
Groznyj Grad.
"
0x58d9,"It was really hard to get my hands on some.
And I even managed to get three whole
packages of it...
","It was really hard to get my hands on some.
And I even managed to get three whole
packages of it...
"
0x593e,"Three? But you only gave me two...
","Three? But you only gave me two...
"
0x5962,"Ah...
","Ah...
"
0x5969,"Anyway, that's not the point. The point is
- you'd better eat it. Or else.
","Anyway, that's not the point. The point is
- you'd better eat it. Or else.
"
0x59b5,"Without weapons or equipment, you're not
going to be able to continue your mission.
","Without weapons or equipment, you're not
going to be able to continue your mission.
"
0x5a0a,"I've got all of your belongings with me.
Let's meet up outside the fortress.
","I've got all of your belongings with me.
Let's meet up outside the fortress.
"
0x5a58,"There's an open manhole in the northwestern
section of the fortress.
","There's an open manhole in the northwestern
section of the fortress.
"
0x5a9e,"You can use it to get down into the sewers
and make your way out of Groznyj Grad.
","You can use it to get down into the sewers
and make your way out of Groznyj Grad.
"
0x5af1,"To get to the manhole, go under the
passageway leading to the west wing
and head north.
","To get to the manhole, go under the
passageway leading to the west wing
and head north.
"
0x5b4a,"It won't be long before Volgin and his men
notice you're gone. Get to the manhole
before they find you.
","It won't be long before Volgin and his men
notice you're gone. Get to the manhole
before they find you.
"
0x5bb3,"EVA, you didn't... lose any of my equipment,
did you?
","EVA, you didn't... lose any of my equipment,
did you?
"
0x5bea,"Why, don't you trust me?
","Why, don't you trust me?
"
0x5c04,"It's not that. It's just...
","It's not that. It's just...
"
0x5c21,"Don't fret. I haven't thrown anything away.
","Don't fret. I haven't thrown anything away.
"
0x5c4e,"Not even that fine piece of literature...
","Not even that fine piece of literature...
"
0x5c79,"!!
","!!
"
0x5c7d,"Honestly, in the middle of a mission...
","Honestly, in the middle of a mission...
"
0x5ca6,"I... that's...
","I... that's...
"
0x5cb6,"I know. Geez. All you had to do was tell me
and I would have helped you out.
","I know. Geez. All you had to do was tell me
and I would have helped you out.
"
0x5d04,"What!?
","What!?
"
0x5d0c,"Distracting the enemy...
","Distracting the enemy...
"
0x5d26,"Oh...
","Oh...
"
0x5d2d,"Snake, forgive me. The escape route
I set up has been cut off.
","Snake, forgive me. The escape route
I set up has been cut off.
"
0x5d6d,"They've already sent units out to hunt you
down. And they've got attack dogs with
them...
","They've already sent units out to hunt you
down. And they've got attack dogs with
them...
"
0x5dc8,"There's a way out of the sewers to the north.
Head north as fast as you can!
","There's a way out of the sewers to the north.
Head north as fast as you can!
"
0x5e16,"There's no way to get past the iron grates
blocking the passageways.
","There's no way to get past the iron grates
blocking the passageways.
"
0x5e5c,"But there are a lot of side ducts connecting
the passageways together. Crawl through
those ducts to get around the grates.
","But there are a lot of side ducts connecting
the passageways together. Crawl through
those ducts to get around the grates.
"
0x5ed8,"That area is known as Tikhogornyj.
It means ""the tranquil mountain ridge""
in Russian.
","That area is known as Tikhogornyj.
It means ""the tranquil mountain ridge""
in Russian.
"
0x5f2f,"Like the name says, it's the most beautiful
riverbank in the region of Groznyj Grad.
","Like the name says, it's the most beautiful
riverbank in the region of Groznyj Grad.
"
0x5f85,"If you go upstream, you'll come to a waterfall.
I'll meet you in the cave behind that waterfall.
Make your way up the river.
","If you go upstream, you'll come to a waterfall.
I'll meet you in the cave behind that waterfall.
Make your way up the river.
"
0x6003,"Snake, are you being pursued by
the enemy?
","Snake, are you being pursued by
the enemy?
"
0x602f,"Yeah. It's the Ocelots again.
","Yeah. It's the Ocelots again.
"
0x604e,"They shouldn't have been able to catch up
with you this fast. It's almost as if they know
your exact position...
","They shouldn't have been able to catch up
with you this fast. It's almost as if they know
your exact position...
"
0x60c0,"Anyway, hurry to the waterfall. Once we meet
up, we can do something about those enemies
on your tail. Keep heading up the river!
","Anyway, hurry to the waterfall. Once we meet
up, we can do something about those enemies
on your tail. Keep heading up the river!
"
0x6143,"There's a ladder at the back of the cave
behind the waterfall that will take you up into
the fortress. Head to the back of the cave.
","There's a ladder at the back of the cave
behind the waterfall that will take you up into
the fortress. Head to the back of the cave.
"
0x61c9,"EVA, about the contents of the backpack
you got for me...
","EVA, about the contents of the backpack
you got for me...
"
0x6204,"Is something wrong with it?
","Is something wrong with it?
"
0x6221,"The food is all gone.
","The food is all gone.
"
0x6238,"Oh.
","Oh.
"
0x623d,"Did you eat it?
","Did you eat it?
"
0x624e,"Of course not! Why would I?
","Of course not! Why would I?
"
0x626b,"Then who did?
","Then who did?
"
0x627a,"Is there something missing?
","Is there something missing?
"
0x6297,"Yeah, all of my food.
","Yeah, all of my food.
"
0x62ae,"Well, how strange...
","Well, how strange...
"
0x62c4,"You didn't...
","You didn't...
"
0x62d3,"It wasn't me!
","It wasn't me!
"
0x62e2,"...
","...
"
0x62e7,"All those snakes and crocodiles and
suspicious-looking mushrooms... I wouldn't
eat that stuff even if you paid me!
","All those snakes and crocodiles and
suspicious-looking mushrooms... I wouldn't
eat that stuff even if you paid me!
"
0x635b,"What about the instant noodles?
","What about the instant noodles?
"
0x637c,"...
","...
"
0x6381,"EVA...
","EVA...
"
0x6389,"I was hungry, OK!? Give me a break!
It's just a little packet of noodles...
","I was hungry, OK!? Give me a break!
It's just a little packet of noodles...
"
0x63d6,"It wasn't just the noodles. All those animals
I worked so hard to capture...
","It wasn't just the noodles. All those animals
I worked so hard to capture...
"
0x6424,"That wasn't me.
","That wasn't me.
"
0x6435,"So who was it?
","So who was it?
"
0x6445,"It was Ocelot.
","It was Ocelot.
"
0x6455,"Ocelot?
","Ocelot?
"
0x645e,"He said he wanted to eat the same things
you did.
","He said he wanted to eat the same things
you did.
"
0x6491,"Why would he do that?
","Why would he do that?
"
0x64a8,"You haven't figured it out?
","You haven't figured it out?
"
0x64c5,"No.
","No.
"
0x64ca,"You are dense.
","You are dense.
"
0x64da,"...???
","...???
"
0x64e2,"EVA, about the .45 and the Mk22 you
showed me...
","EVA, about the .45 and the Mk22 you
showed me...
"
0x6514,"Yeah?
","Yeah?
"
0x651b,"You said you got them from a vault full of
Western weapons, right?
","You said you got them from a vault full of
Western weapons, right?
"
0x655f,"That I did.
","That I did.
"
0x656c,"EVA, about this explosive...
","EVA, about this explosive...
"
0x658a,"The C3?
","The C3?
"
0x6593,"Yeah. Wasn't this stuff developed in
the States?
","Yeah. Wasn't this stuff developed in
the States?
"
0x65c5,"That's right.
","That's right.
"
0x65d4,"So where did you get it?
","So where did you get it?
"
0x65ee,"There's a vault full of Western weapons
used for research purposes.
","There's a vault full of Western weapons
used for research purposes.
"
0x6633,"And you stole it from there?
","And you stole it from there?
"
0x6651,"Yep.
","Yep.
"
0x6657,"How? A vault full of secret Western
technology should be under strict surveillance.
","How? A vault full of secret Western
technology should be under strict surveillance.
"
0x66ac,"You really want to know?
","You really want to know?
"
0x66c6,"Yeah.
","Yeah.
"
0x66cd,"Really?
","Really?
"
0x66d6,"Yes.
","Yes.
"
0x66dc,"Well, I'm not telling anyway.
","Well, I'm not telling anyway.
"
0x66fb,"Why not?
","Why not?
"
0x6705,"It'd be a waste of time.
","It'd be a waste of time.
"
0x671f,"A waste of time?
","A waste of time?
"
0x6731,"Even if I explained how I did it, you'd never
be able to do it yourself.
","Even if I explained how I did it, you'd never
be able to do it yourself.
"
0x677b,"What does that mean?
","What does that mean?
"
0x6791,"Exactly what it sounds like.
","Exactly what it sounds like.
"
0x67af,"EVA, what happened to Ocelot?
","EVA, what happened to Ocelot?
"
0x67ce,"Can't get enough of him, huh?
","Can't get enough of him, huh?
"
0x67ed,"He doesn't trust you.
","He doesn't trust you.
"
0x6804,"I know. So it's me you're worried about,
then?
","I know. So it's me you're worried about,
then?
"
0x6834,"EVA...
","EVA...
"
0x683c,"I'm fine. I know how to handle him.
","I'm fine. I know how to handle him.
"
0x6861,"Besides, I think he's got his mind set on
someone else right about now.
","Besides, I think he's got his mind set on
someone else right about now.
"
0x68aa,"?
","?
"
0x68ad,"Figure it out.
","Figure it out.
"
0x68bd,"EVA, that Shagohod data you got from
Sokolov...
","EVA, that Shagohod data you got from
Sokolov...
"
0x68ee,"Uh huh.
","Uh huh.
"
0x68f7,"Are you really going to give it to
Khrushchev?
","Are you really going to give it to
Khrushchev?
"
0x6927,"You think I'm going to answer that?
","You think I'm going to answer that?
"
0x694c,"I know I want you to answer me.
","I know I want you to answer me.
"
0x696d,"You're asking me for something I can't give
you.
","You're asking me for something I can't give
you.
"
0x699f,"...
","...
"
0x69a4,"Snake, I have a mission to carry out, just
like you. Please, try to understand...
","Snake, I have a mission to carry out, just
like you. Please, try to understand...
"
0x69f7,"...
","...
"
0x69fc,"EVA, didn't you take a picture of me when
I was about to leave the waterfall cave?
","EVA, didn't you take a picture of me when
I was about to leave the waterfall cave?
"
0x6a50,"Oh, that. That's a button-shaped hidden
camera developed by the KGB.
","Oh, that. That's a button-shaped hidden
camera developed by the KGB.
"
0x6a96,"I use it to take pictures of the fortress
and the Shagohod and...
","I use it to take pictures of the fortress
and the Shagohod and...
"
0x6ad9,"That's not what I wanted to know.
Why did you take a picture of me?
","That's not what I wanted to know.
Why did you take a picture of me?
"
0x6b1e,"Because I wanted a picture of you.
","Because I wanted a picture of you.
"
0x6b42,"...
","...
"
0x6b47,"...If I told you why, would you believe me
anyway?
","...If I told you why, would you believe me
anyway?
"
0x6b7b,"...
","...
"
0x6b80,"The Shagohod is in the hangar of the main
wing of the weapons lab.
","The Shagohod is in the hangar of the main
wing of the weapons lab.
"
0x6bc4,"You can get into the hangar through the door
located at the entrance to the main wing on
the second floor of the east wing.
","You can get into the hangar through the door
located at the entrance to the main wing on
the second floor of the east wing.
"
0x6c41,"Hurry!
","Hurry!
"
0x6c49,"Snake, they know you disguised yourself
as Raikov to get in last time.
","Snake, they know you disguised yourself
as Raikov to get in last time.
"
0x6c91,"And besides, you lost the hat, so I don't
think the disguise is going to work anymore.
","And besides, you lost the hat, so I don't
think the disguise is going to work anymore.
"
0x6ce9,"EVA, what's your status?
","EVA, what's your status?
"
0x6d03,"I'm on my way to the rail bridge.
","I'm on my way to the rail bridge.
"
0x6d26,"OK. When you're done planting the C3 on
the bridge...
","OK. When you're done planting the C3 on
the bridge...
"
0x6d5d,"I know the plan. We'll meet up at the lake.
You stay focused, too.
","I know the plan. We'll meet up at the lake.
You stay focused, too.
"
0x6da1,"That forest is known as Dremuchij.
It means ""the untouched forest"" in Russian.
","That forest is known as Dremuchij.
It means ""the untouched forest"" in Russian.
"
0x6df1,"The name says it all - Dremuchij is a pristine
jungle at the far edge of Tselinoyarsk,
untouched by human hands.
","The name says it all - Dremuchij is a pristine
jungle at the far edge of Tselinoyarsk,
untouched by human hands.
"
0x6e63,"The forest is so dense that large units can't
penetrate it, making it a natural defense.
","The forest is so dense that large units can't
penetrate it, making it a natural defense.
"
0x6ebd,"That's why Sokolov's research facility
and Groznyj Grad were built here.
","That's why Sokolov's research facility
and Groznyj Grad were built here.
"
0x6f07,"...But more to the point, what are you doing
all the way out there? You're not thinking of
abandoning the mission are you?
","...But more to the point, what are you doing
all the way out there? You're not thinking of
abandoning the mission are you?
"
0x6f83,"Get back to the north.
","Get back to the north.
"
0x6f9b,"That area is called Dolinovodno. The name
means ""forest of the canyon.""
","That area is called Dolinovodno. The name
means ""forest of the canyon.""
"
0x6fe4,"It probably got that name from the chasm
that divides the jungle in two.
","It probably got that name from the chasm
that divides the jungle in two.
"
0x702e,"The rope bridge at the center was hastily
constructed to enable them to patrol
Dremuchij.
","The rope bridge at the center was hastily
constructed to enable them to patrol
Dremuchij.
"
0x7089,"Speaking of which, what are you doing all
the way back there? Get back to the north,
now.
","Speaking of which, what are you doing all
the way back there? Get back to the north,
now.
"
0x70e4,"That area is known as Rassvet. It means
""dawn"" in Russian.
","That area is known as Rassvet. It means
""dawn"" in Russian.
"
0x7120,"The area got that name when the factory
was first constructed.
","The area got that name when the factory
was first constructed.
"
0x7160,"But the factory ended up being closed down,
and Tselinoyarsk was reborn as a secret
research center and military fortress.
","But the factory ended up being closed down,
and Tselinoyarsk was reborn as a secret
research center and military fortress.
"
0x71dc,"The name Groznyj Grad means
""the terrible fortress.""
","The name Groznyj Grad means
""the terrible fortress.""
"
0x7212,"And that's exactly what it is - an impregnable
monster of a fortress built using Colonel
Volgin's enormous fortune.
","And that's exactly what it is - an impregnable
monster of a fortress built using Colonel
Volgin's enormous fortune.
"
0x7287,"In the center of the fortress is a weapons lab
that acts as the nerve center of the place.
","In the center of the fortress is a weapons lab
that acts as the nerve center of the place.
"
0x72e3,"In the southeast there's a prison, in the
northwest there's an armory, and in the
northeast there's a provisions storehouse.
","In the southeast there's a prison, in the
northwest there's an armory, and in the
northeast there's a provisions storehouse.
"
0x7361,"The weapons lab in the center is where
Granin, Sokolov, and their fellow scientists
carry out their high-tech weapons research.
","The weapons lab in the center is where
Granin, Sokolov, and their fellow scientists
carry out their high-tech weapons research.
"
0x73e2,"The flying platform and attack chopper you
saw are two of their accomplishments.
","The flying platform and attack chopper you
saw are two of their accomplishments.
"
0x7434,"And now they're about to finish the work
on the Shagohod.
","And now they're about to finish the work
on the Shagohod.
"
0x746f,"They call it ""the terrible fortress"" for a reason.
","They call it ""the terrible fortress"" for a reason.
"
0x74a3,"Snake, sorry if I forgot to tell you, but
they've got attack dogs prowling that
area.
","Snake, sorry if I forgot to tell you, but
they've got attack dogs prowling that
area.
"
0x74fa,"If they find you, you'll be in for
a rough time.
","If they find you, you'll be in for
a rough time.
"
0x752c,"Attack dogs are trained for fighting, and
you won't be able to shake them off so
easily.
","Attack dogs are trained for fighting, and
you won't be able to shake them off so
easily.
"
0x7586,"If they bark at you, it'll alert nearby
patrols to your presence.
","If they bark at you, it'll alert nearby
patrols to your presence.
"
0x75c9,"Be careful not to get spotted by those
dogs.
","Be careful not to get spotted by those
dogs.
"
0x75f7,"Ocelot is a force to be reckoned with.
Don't even think about running away.
","Ocelot is a force to be reckoned with.
Don't even think about running away.
"
0x7644,"The only way to proceed with the mission
is to defeat him.
","The only way to proceed with the mission
is to defeat him.
"
0x7680,"They say that Ocelot can hit targets hiding
behind obstacles by using ricochet shots.
Rocks and trees won't protect you.
","They say that Ocelot can hit targets hiding
behind obstacles by using ricochet shots.
Rocks and trees won't protect you.
"
0x76fa,"If you stay too long in the same spot, you'll
only be making yourself an easy target.
Don't stand still - keep moving!
","If you stay too long in the same spot, you'll
only be making yourself an easy target.
Don't stand still - keep moving!
"
0x7772,"I'm not sure why, but Ocelot seems to have
a thing for his cap.
","I'm not sure why, but Ocelot seems to have
a thing for his cap.
"
0x77b3,"You might be able to get him to let down
his guard by shooting it off his head.
","You might be able to get him to let down
his guard by shooting it off his head.
"
0x7804,"All the exits are being blocked by members
of the Ocelot unit. They're fiercely loyal to
Ocelot.
","All the exits are being blocked by members
of the Ocelot unit. They're fiercely loyal to
Ocelot.
"
0x7866,"Even if Ocelot ordered them not to get
involved, they might just step in to back
him up if he gets in trouble.
","Even if Ocelot ordered them not to get
involved, they might just step in to back
him up if he gets in trouble.
"
0x78d6,"If you get attacked by one of the Ocelots,
use a grenade or something to fight back!
","If you get attacked by one of the Ocelots,
use a grenade or something to fight back!
"
0x792c,"The Pain has the power to control swarms
of hornets at will.
","The Pain has the power to control swarms
of hornets at will.
"
0x796a,"Watch out for his hornet-based attacks!
","Watch out for his hornet-based attacks!
"
0x7993,"Not even The Pain's special breed of
hornets will be able to follow you
underwater.
","Not even The Pain's special breed of
hornets will be able to follow you
underwater.
"
0x79e8,"You're a good swimmer, right? If you're
being harassed by any hornets, dive into
the water!
","You're a good swimmer, right? If you're
being harassed by any hornets, dive into
the water!
"
0x7a45,"Pass through that area to the north and
you'll reach the aqueduct.
","Pass through that area to the north and
you'll reach the aqueduct.
"
0x7a89,"But be careful - the aqueduct is patrolled
by flying platforms.
","But be careful - the aqueduct is patrolled
by flying platforms.
"
0x7aca,"Flying platforms?
","Flying platforms?
"
0x7add,"Soldiers hovering in the air.
","Soldiers hovering in the air.
"
0x7afc,"I've heard stories, but...
","I've heard stories, but...
"
0x7b18,"They've already been implemented over
here. It goes to show that America isn't
number one in everything.
","They've already been implemented over
here. It goes to show that America isn't
number one in everything.
"
0x7b82,"I heard a report that they've transported
a sniper rifle to the western part of
Ponizovje,
","I heard a report that they've transported
a sniper rifle to the western part of
Ponizovje,
"
0x7bde,"the aqueduct at the other end of the cave.
","the aqueduct at the other end of the cave.
"
0x7c0a,"When you get to the aqueduct, you might
want to head over that way and check it
out.
","When you get to the aqueduct, you might
want to head over that way and check it
out.
"
0x7c60,"I know it's hard to believe, but The End is
apparently capable of photosynthesis.
","I know it's hard to believe, but The End is
apparently capable of photosynthesis.
"
0x7cb3,"He's probably got an edge over you in
terms of stamina.
","He's probably got an edge over you in
terms of stamina.
"
0x7cec,"You should start hunting for plants and
animals and prepare for a battle of attrition.
","You should start hunting for plants and
animals and prepare for a battle of attrition.
"
0x7d44,"There's an armory in the southern area of
Sokrovenno. You can use it to replenish
your supply of ammo if you start to run out.
","There's an armory in the southern area of
Sokrovenno. You can use it to replenish
your supply of ammo if you start to run out.
"
0x7dc4,"But stay alert - The End might be lying in
wait for you there!
","But stay alert - The End might be lying in
wait for you there!
"
0x7e04,"You're going to have a real tough time
beating The End without a sniper rifle.
","You're going to have a real tough time
beating The End without a sniper rifle.
"
0x7e54,"There's an SVD in the armory in
the southern part of Sokrovenno!
Go get it!
","There's an SVD in the armory in
the southern part of Sokrovenno!
Go get it!
"
0x7ea1,"Snake, are you all right?
","Snake, are you all right?
"
0x7ebc,"Yeah... what happened to me?
","Yeah... what happened to me?
"
0x7eda,"The End hit you with a tranquilizer dart,
and you passed out.
","The End hit you with a tranquilizer dart,
and you passed out.
"
0x7f19,"Uh huh. Then what?
","Uh huh. Then what?
"
0x7f2d,"The End took you to the lab while you were
unconscious and left you there.
","The End took you to the lab while you were
unconscious and left you there.
"
0x7f79,"The End did?
","The End did?
"
0x7f87,"Yeah.
","Yeah.
"
0x7f8e,"Why? Why'd he let me live?
","Why? Why'd he let me live?
"
0x7faa,"...Maybe he's still waiting.
","...Maybe he's still waiting.
"
0x7fc8,"Waiting?
","Waiting?
"
0x7fd2,"Yeah. Waiting for you to show him
the true end.
","Yeah. Waiting for you to show him
the true end.
"
0x8003,"...
","...
"
0x8008,"The End should still be waiting for you in
that forest, Sokrovenno.
","The End should still be waiting for you in
that forest, Sokrovenno.
"
0x804d,"Until you defeat him, you won't be able
to proceed with your mission.
","Until you defeat him, you won't be able
to proceed with your mission.
"
0x8094,"Go back to Sokrovenno. Defeat The End.
","Go back to Sokrovenno. Defeat The End.
"
0x80bc,"The entrance to the shaft leading to
the mountains is in the northeast part of
the northern area.
","The entrance to the shaft leading to
the mountains is in the northeast part of
the northern area.
"
0x811f,"Take out those Ocelots and head for
the shaft!
","Take out those Ocelots and head for
the shaft!
"
0x814f,"The Ocelots are an elite unit hand-picked
from the ranks of Spetsnaz, GRU's special
forces.
","The Ocelots are an elite unit hand-picked
from the ranks of Spetsnaz, GRU's special
forces.
"
0x81ac,"So naturally their fighting skills are second
to none.
","So naturally their fighting skills are second
to none.
"
0x81e4,"They're crack shots, and if they hit you,
you'll likely be seriously wounded.
","They're crack shots, and if they hit you,
you'll likely be seriously wounded.
"
0x8233,"Avoid taking them head on. If they manage
to surround you in large numbers, you're
finished.
","Avoid taking them head on. If they manage
to surround you in large numbers, you're
finished.
"
0x8291,"Use your camouflage to conceal yourself
from them and keep moving!
","Use your camouflage to conceal yourself
from them and keep moving!
"
0x82d5,"...I don't see it.
","...I don't see it.
"
0x82e9,"Really?
","Really?
"
0x82f2,"No.
","No.
"
0x82f7,"You must have missed it. Look again.
","You must have missed it. Look again.
"
0x831d,"...Nope. It's not here.
","...Nope. It's not here.
"
0x8336,"Maybe it's because you destroyed that one
at the heliport. But I'm sure it'll be there,
in the next area.
","Maybe it's because you destroyed that one
at the heliport. But I'm sure it'll be there,
in the next area.
"
0x83a1,"...
","...
"
0x83a6,"Honest.
","Honest.
"
0x83af,"Snake, as I was saying before, there's
an attack chopper in that area.
","Snake, as I was saying before, there's
an attack chopper in that area.
"
0x83f7,"So it would seem...
","So it would seem...
"
0x840c,"You made it into the east wing. Good.
Raikov is somewhere in that building.
","You made it into the east wing. Good.
Raikov is somewhere in that building.
"
0x8459,"You know what he looks like, don't you?
When you find him, steal his uniform.
","You know what he looks like, don't you?
When you find him, steal his uniform.
"
0x84a8,"But if you go in dressed like that, the
enemy will spot you long before you find
Raikov. Disguise yourself as a scientist.
","But if you go in dressed like that, the
enemy will spot you long before you find
Raikov. Disguise yourself as a scientist.
"
0x8524,"There are scientists in the east wing.
Almost all of them were taken here against
their will, like Sokolov.
","There are scientists in the east wing.
Almost all of them were taken here against
their will, like Sokolov.
"
0x8591,"If they see you, they probably won't
attack you,
","If they see you, they probably won't
attack you,
"
0x85c3,"but they can still get you in trouble by
yelling for help or pressing the alarm
switches on the walls.
","but they can still get you in trouble by
yelling for help or pressing the alarm
switches on the walls.
"
0x862b,"So you should be watching out for
scientists as well as enemy grunts.
","So you should be watching out for
scientists as well as enemy grunts.
"
0x8672,"Even if you disguise yourself as
a scientist,
","Even if you disguise yourself as
a scientist,
"
0x86a1,"the real scientists will know you're not one
of their own if they get a good look at
your face.
","the real scientists will know you're not one
of their own if they get a good look at
your face.
"
0x8702,"So make sure the real scientists can't see
your face while you're in your scientist
disguise.
","So make sure the real scientists can't see
your face while you're in your scientist
disguise.
"
0x8761,"And don't do anything funny, like crawling
or rolling around.
","And don't do anything funny, like crawling
or rolling around.
"
0x87a0,"If a scientist gets suspicious about your
disguise, just turn your face away and
pretend nothing's wrong.
","If a scientist gets suspicious about your
disguise, just turn your face away and
pretend nothing's wrong.
"
0x880b,"That should work most of the time.
","That should work most of the time.
"
0x882f,"There are enemy soldiers patrolling
the east wing as well.
","There are enemy soldiers patrolling
the east wing as well.
"
0x886b,"Even if you disguise yourself as
a scientist,
","Even if you disguise yourself as
a scientist,
"
0x889a,"they'll know something's up if you crawl,
roll, punch, or stay pressed up against
the wall for a long time.
","they'll know something's up if you crawl,
roll, punch, or stay pressed up against
the wall for a long time.
"
0x8907,"If an enemy gets suspicious and starts
coming your way, just stay still and keep
your mouth shut. That ought to fool them.
","If an enemy gets suspicious and starts
coming your way, just stay still and keep
your mouth shut. That ought to fool them.
"
0x8983,"Raikov is making the rounds inside the
east wing. If you see him, take him out
before he has a chance to get away.
","Raikov is making the rounds inside the
east wing. If you see him, take him out
before he has a chance to get away.
"
0x89f7,"Try using the cigarette-shaped sleep
gas gun.
","Try using the cigarette-shaped sleep
gas gun.
"
0x8a26,"The knock-out handkerchief might also
come in handy.
","The knock-out handkerchief might also
come in handy.
"
0x8a5c,"Raikov always carries a Makarov with him.
Make sure you don't get shot.
","Raikov always carries a Makarov with him.
Make sure you don't get shot.
"
0x8aa5,"If enemy soldiers or scientists see you
take down Raikov, you'll be in for it.
","If enemy soldiers or scientists see you
take down Raikov, you'll be in for it.
"
0x8af5,"Make sure to get Raikov someplace
out of sight.
","Make sure to get Raikov someplace
out of sight.
"
0x8b26,"Someplace like the locker room on
the southwest side of the second floor,
maybe?
","Someplace like the locker room on
the southwest side of the second floor,
maybe?
"
0x8b78,"Raikov is famous for being a glutton.
I've heard he'll even stop and pick up
food that's lying on the floor.
","Raikov is famous for being a glutton.
I've heard he'll even stop and pick up
food that's lying on the floor.
"
0x8be6,"But for such a pig, he's got a weak
stomach, and is always running for
the toilet after eating that stuff.
","But for such a pig, he's got a weak
stomach, and is always running for
the toilet after eating that stuff.
"
0x8c52,"Why don't you try giving Raikov something
rotten to eat and then waiting for him in
the bathroom?
","Why don't you try giving Raikov something
rotten to eat and then waiting for him in
the bathroom?
"
0x8cb5,"You took care of Raikov? Good.
Now drag him to the locker room.
","You took care of Raikov? Good.
Now drag him to the locker room.
"
0x8cf6,"There shouldn't be anyone in there.
","There shouldn't be anyone in there.
"
0x8d1b,"You won't need to worry about anyone
seeing you take his clothes, and you can
hide his body, too.
","You won't need to worry about anyone
seeing you take his clothes, and you can
hide his body, too.
"
0x8d7e,"The locker room is on the southwest side
of the second floor. Hurry and take him
there!
","The locker room is on the southwest side
of the second floor. Hurry and take him
there!
"
0x8dd7,"If someone discovers Raikov's dead body,
you won't be able to disguise yourself as
him anymore.
","If someone discovers Raikov's dead body,
you won't be able to disguise yourself as
him anymore.
"
0x8e38,"That means you won't be able to sneak
into the west wing, either.
","That means you won't be able to sneak
into the west wing, either.
"
0x8e7b,"And if that happens, you failed your
mission.
","And if that happens, you failed your
mission.
"
0x8eaa,"Take Raikov's body somewhere where
you're sure it won't be found. OK?
","Take Raikov's body somewhere where
you're sure it won't be found. OK?
"
0x8ef1,"Snake, what are you doing?
","Snake, what are you doing?
"
0x8f0d,"You got Raikov's clothes didn't you?
Hurry up and change into them!
","You got Raikov's clothes didn't you?
Hurry up and change into them!
"
0x8f52,"If you fail your mission, you'll be taking me
down with you. Get it together!
","If you fail your mission, you'll be taking me
down with you. Get it together!
"
0x8fa1,"EVA, I disguised myself as Raikov.
","EVA, I disguised myself as Raikov.
"
0x8fc5,"...
","...
"
0x8fca,"What's wrong?
","What's wrong?
"
0x8fd9,"Something's not quite right.
","Something's not quite right.
"
0x8ff7,"Not right?
","Not right?
"
0x9003,"Mmm.
","Mmm.
"
0x9009,"What? What is it?
","What? What is it?
"
0x901c,"Hmm... I got it! Your face is all wrong!!
","Hmm... I got it! Your face is all wrong!!
"
0x9047,"Say what now!?
","Say what now!?
"
0x9057,"I mean, your face isn't his.
","I mean, your face isn't his.
"
0x9075,"Well, I would hope not.
","Well, I would hope not.
"
0x908e,"You need to do something about that.
","You need to do something about that.
"
0x90b4,"Do what?
","Do what?
"
0x90be,"You're a smart guy. You figure it out.
","You're a smart guy. You figure it out.
"
0x90e6,"In order to sneak into the west wing, you
need to ""become"" Raikov.
","In order to sneak into the west wing, you
need to ""become"" Raikov.
"
0x912a,"That means more than just wearing his
clothes. Your face has to match his, too.
","That means more than just wearing his
clothes. Your face has to match his, too.
"
0x917b,"There must be a way to do that.
","There must be a way to do that.
"
0x919c,"OK, your Raikov disguise is complete.
Now they won't stop you no matter what
you do.
","OK, your Raikov disguise is complete.
Now they won't stop you no matter what
you do.
"
0x91f2,"Even if I punch someone in the face?
","Even if I punch someone in the face?
"
0x9218,"Right.
","Right.
"
0x9220,"Really?
","Really?
"
0x9229,"Really.
","Really.
"
0x9232,"Why?
","Why?
"
0x9238,"Raikov's just that kind of guy.
","Raikov's just that kind of guy.
"
0x9259,"...
","...
"
0x925e,"Once you're disguised as Raikov, you can
get into the west wing where Sokolov is
being held.
","Once you're disguised as Raikov, you can
get into the west wing where Sokolov is
being held.
"
0x92bc,"To get to the entrance to the west wing,
","To get to the entrance to the west wing,
"
0x92e6,"pass west through the main wing of
the weapons lab and go through the
connecting passageway.
","pass west through the main wing of
the weapons lab and go through the
connecting passageway.
"
0x9344,"Head straight down that connecting
passageway.
","Head straight down that connecting
passageway.
"
0x9374,"The door to the connecting passageway is
to the west. Head that way.
","The door to the connecting passageway is
to the west. Head that way.
"
0x93ba,"You can get into the main wing of the
weapons lab from the southwest side
of the second floor.
","You can get into the main wing of the
weapons lab from the southwest side
of the second floor.
"
0x941a,"Head for the main wing.
","Head for the main wing.
"
0x9433,"Once you're ready, go back to
the east wing.
","Once you're ready, go back to
the east wing.
"
0x9461,"Enter the main wing from the second floor
of the east wing and pass through it to
get to the west wing.
","Enter the main wing from the second floor
of the east wing and pass through it to
get to the west wing.
"
0x94ca,"Don't worry about Raikov. No one will find
him in the locker for a while.
","Don't worry about Raikov. No one will find
him in the locker for a while.
"
0x9515,"But when they do find him, your disguise
will be useless.
","But when they do find him, your disguise
will be useless.
"
0x9550,"You won't be able to get into the west
wing, and your mission will be a failure.
","You won't be able to get into the west
wing, and your mission will be a failure.
"
0x95a2,"So whatever you do, don't open the locker
with Raikov in it. All right?
","So whatever you do, don't open the locker
with Raikov in it. All right?
"
0x95eb,"Snake, that door leads to the hangar.
It's where they're making adjustments to
the Shagohod.
","Snake, that door leads to the hangar.
It's where they're making adjustments to
the Shagohod.
"
0x9649,"But you can't open it unless you have
the key.
","But you can't open it unless you have
the key.
"
0x9679,"I'll get the key for you soon enough,
but in the meantime you should rescue
Sokolov first. Head for the west wing.
","I'll get the key for you soon enough,
but in the meantime you should rescue
Sokolov first. Head for the west wing.
"
0x96ed,"You're in the connecting passageway of
the weapons lab.
","You're in the connecting passageway of
the weapons lab.
"
0x9726,"That passageway leads to the west wing,
where Sokolov is being held.
","That passageway leads to the west wing,
where Sokolov is being held.
"
0x976c,"As you can see, they've got guards posted
there full-time.
","As you can see, they've got guards posted
there full-time.
"
0x97a8,"Those guards are the only ones who can
open the door to the west wing.
","Those guards are the only ones who can
open the door to the west wing.
"
0x97f0,"The only way to get in is to pretend you're
Raikov and get them to open the door for
you.
","The only way to get in is to pretend you're
Raikov and get them to open the door for
you.
"
0x984b,"Just keep going and have them open
the door for you.
","Just keep going and have them open
the door for you.
"
0x9881,"OK, hurry and change into your Raikov
disguise.
","OK, hurry and change into your Raikov
disguise.
"
0x98b2,"Go back to the east wing and find Raikov.
","Go back to the east wing and find Raikov.
"
0x98dd,"The only way to sneak into the west wing
is by wearing his clothes.
Steal Raikov's clothes from him.
","The only way to sneak into the west wing
is by wearing his clothes.
Steal Raikov's clothes from him.
"
0x9943,"To get them to open the door, just give
them a signal.
","To get them to open the door, just give
them a signal.
"
0x997b,"You can press the Action Button to
perform a salute. That's the signal.
","You can press the Action Button to
perform a salute. That's the signal.
"
0x99c4,"Snake, I wanted to ask you something...
","Snake, I wanted to ask you something...
"
0x99ed,"What?
","What?
"
0x99f4,"In the torture room, why did you protect
me when Ocelot was about to fire?
","In the torture room, why did you protect
me when Ocelot was about to fire?
"
0x9a40,"Because I knew that the chamber wasn't
empty and you'd be dead if he pulled
the trigger.
","Because I knew that the chamber wasn't
empty and you'd be dead if he pulled
the trigger.
"
0x9a9a,"But your eye...
","But your eye...
"
0x9aab,"I was tied up and it happened so fast -
it was the best I could do.
","I was tied up and it happened so fast -
it was the best I could do.
"
0x9af0,"I feel a little strange, but it won't interfere
with the mission.
","I feel a little strange, but it won't interfere
with the mission.
"
0x9b33,"What about me?
","What about me?
"
0x9b43,"?
","?
"
0x9b46,"Did you only save me because I was
important for completing your mission?
","Did you only save me because I was
important for completing your mission?
"
0x9b91,"What other reason would there be?
","What other reason would there be?
"
0x9bb4,"And when the mission is over?
","And when the mission is over?
"
0x9bd3,"Right now, it's just the mission.
","Right now, it's just the mission.
"
0x9bf6,"The ""mission"" you used to love?
","The ""mission"" you used to love?
"
0x9c17,"That's not what I mean.
","That's not what I mean.
"
0x9c30,"I'm trying to dig up as much as I can on
that cell. Just sit tight.
","I'm trying to dig up as much as I can on
that cell. Just sit tight.
"
0x9c75,"Snake, I've got some good news.
","Snake, I've got some good news.
"
0x9c96,"What is it?
","What is it?
"
0x9ca3,"Volgin isn't planning to kill you, at least
not for the time being.
","Volgin isn't planning to kill you, at least
not for the time being.
"
0x9ce8,"Why?
","Why?
"
0x9cee,"I think he wants to make you suffer some
more.
","I think he wants to make you suffer some
more.
"
0x9d1e,"That's a relief.
","That's a relief.
"
0x9d30,"Yeah. This means you'll have more of
an opportunity to escape...
","Yeah. This means you'll have more of
an opportunity to escape...
"
0x9d72,"I was being sarcastic.
","I was being sarcastic.
"
0x9d8a,"Anyway, Volgin has given orders that
you're to be kept alive.
","Anyway, Volgin has given orders that
you're to be kept alive.
"
0x9dc9,"So the guard will bring me food and
medical supplies, huh?
","So the guard will bring me food and
medical supplies, huh?
"
0x9e05,"Exactly. If anything happens to you,
he'll be executed by Volgin.
","Exactly. If anything happens to you,
he'll be executed by Volgin.
"
0x9e48,"...Hmm. This could be useful.
","...Hmm. This could be useful.
"
0x9e67,"That guard is under orders from Volgin
to keep you alive.
","That guard is under orders from Volgin
to keep you alive.
"
0x9ea2,"If anything happens to you, Volgin will
have him executed. So he'll be keeping
a close eye on your condition.
","If anything happens to you, Volgin will
have him executed. So he'll be keeping
a close eye on your condition.
"
0x9f11,"If you pretend to be sick or something,
I'll bet he'd come rushing over to your
side.
","If you pretend to be sick or something,
I'll bet he'd come rushing over to your
side.
"
0x9f68,"Pretending to be sick?
","Pretending to be sick?
"
0x9f80,"Yeah. There's lots of ways. Think about it.
","Yeah. There's lots of ways. Think about it.
"
0x9fad,"For instance, if the guard sees you
throwing up, I bet he'll open the door
and come to see what's wrong.
","For instance, if the guard sees you
throwing up, I bet he'll open the door
and come to see what's wrong.
"
0xa017,"Snake, I found some info on the guard.
","Snake, I found some info on the guard.
"
0xa03f,"That guard is notorious for being hungry
all the time.
","That guard is notorious for being hungry
all the time.
"
0xa077,"He's even been caught and flogged for
sneaking into the mess hall at night and
eating scraps.
","He's even been caught and flogged for
sneaking into the mess hall at night and
eating scraps.
"
0xa0d6,"Maybe you could win him over by sharing
your food.
","Maybe you could win him over by sharing
your food.
"
0xa10a,"Oh, and I heard that he's particularly
sympathetic to American prisoners for
some reason.
","Oh, and I heard that he's particularly
sympathetic to American prisoners for
some reason.
"
0xa165,"Why?
","Why?
"
0xa16b,"Not really sure.
","Not really sure.
"
0xa17d,"Can't blame the guy.
","Can't blame the guy.
"
0xa193,"?
","?
"
0xa196,"Nothing. Don't worry about it.
","Nothing. Don't worry about it.
"
0xa1b6,"Snake, there's got to be a way out of
there. Don't give up!
","Snake, there's got to be a way out of
there. Don't give up!
"
0xa1f3,"Snake, the door to that cell is the kind that
opens in response to a specific radio
frequency.
","Snake, the door to that cell is the kind that
opens in response to a specific radio
frequency.
"
0xa253,"A specific radio frequency?
","A specific radio frequency?
"
0xa270,"Right. You should be able to open it by
using your radio to send a signal on the
""key"" frequency.
","Right. You should be able to open it by
using your radio to send a signal on the
""key"" frequency.
"
0xa2d3,"Sounds good.
Do you know the frequency?
","Sounds good.
Do you know the frequency?
"
0xa2fc,"I'll try and find out. Give me a minute.
","I'll try and find out. Give me a minute.
"
0xa326,"EVA, did you find out the frequency I need
to open the door?
","EVA, did you find out the frequency I need
to open the door?
"
0xa364,"Sorry, Snake. I tried everything I could,
but the security is just too tight...
","Sorry, Snake. I tried everything I could,
but the security is just too tight...
"
0xa3b5,"Great...
","Great...
"
0xa3bf,"Snake, I found out the frequency that
opens the door! It's 144.75.
","Snake, I found out the frequency that
opens the door! It's 144.75.
"
0xa403,"Stand in front of the door and SEND
a message on frequency 144.75!
","Stand in front of the door and SEND
a message on frequency 144.75!
"
0xa447,"Snake, the door is open! Take out
the guard and get out of there!
","Snake, the door is open! Take out
the guard and get out of there!
"
0xa48a,"Snake, the door is open. Hurry and get
out of there!
","Snake, the door is open. Hurry and get
out of there!
"
0xa4c0,"Snake?
","Snake?
"
0xa4c8,"EVA, do they drug the prisoners here
with hallucinogens?
","EVA, do they drug the prisoners here
with hallucinogens?
"
0xa502,"I don't think that's their style. Why?
","I don't think that's their style. Why?
"
0xa52a,"I had a pretty bad dream.
","I had a pretty bad dream.
"
0xa545,"A dream?
","A dream?
"
0xa54f,"This monster that I'd never seen before
was comin' at me with a knife...
And I wasn't me... I was something else.
","This monster that I'd never seen before
was comin' at me with a knife...
And I wasn't me... I was something else.
"
0xa5c2,"That doesn't surprise me. You're in a mild
state of shock from all the pain and exhaustion
you're going through.
","That doesn't surprise me. You're in a mild
state of shock from all the pain and exhaustion
you're going through.
"
0xa634,"Ah...
","Ah...
"
0xa63b,"Maybe one day, you'll learn to stop hiding
yourself.
","Maybe one day, you'll learn to stop hiding
yourself.
"
0xa671,"What do you mean?
","What do you mean?
"
0xa684,"I know how you feel, Snake.
","I know how you feel, Snake.
"
0xa6a1,"I'm a spy, too. You don't realize it, but
the fake you is eating away at the real
you.
","I'm a spy, too. You don't realize it, but
the fake you is eating away at the real
you.
"
0xa6f9,"The person you're pretending to be is
becoming the person you are.
","The person you're pretending to be is
becoming the person you are.
"
0xa73d,"And the real you is screaming out from
somewhere deep inside.
","And the real you is screaming out from
somewhere deep inside.
"
0xa77c,"That's what you saw in your dream.
","That's what you saw in your dream.
"
0xa7a0,"...maybe so.
","...maybe so.
"
0xa7ae,"I'd sing you a lullaby or something, but...
unfortunately, I don't know any.
","I'd sing you a lullaby or something, but...
unfortunately, I don't know any.
"
0xa7fc,"So pick your favorite song, and I'll sing
it for you in your head.
","So pick your favorite song, and I'll sing
it for you in your head.
"
0xa840,"Any song?
","Any song?
"
0xa84b,"And you can have as many encores
as you want.
","And you can have as many encores
as you want.
"
0xa87a,"Sounds fun.
","Sounds fun.
"
0xa887,"It's a deal, then. I'm sure you'll find a way
to escape. Good luck.
","It's a deal, then. I'm sure you'll find a way
to escape. Good luck.
"
0xa8cc,"Thanks.
","Thanks.
"
0xa8d5,"Snake, watch out. The search party has
released attack dogs into the sewers.
","Snake, watch out. The search party has
released attack dogs into the sewers.
"
0xa923,"Without any decent weapons, it's too
dangerous to take those dogs on in a fight.
","Without any decent weapons, it's too
dangerous to take those dogs on in a fight.
"
0xa975,"Don't even think about fighting the attack
dogs. Your only concern right now is to
get away. Head north!
","Don't even think about fighting the attack
dogs. Your only concern right now is to
get away. Head north!
"
0xa9df,"The only way for you to sneak into
the east wing of the weapons lab is
through the entrance.
","The only way for you to sneak into
the east wing of the weapons lab is
through the entrance.
"
0xaa3d,"Speaking of which, I sometimes see trucks
going in and out through there.
","Speaking of which, I sometimes see trucks
going in and out through there.
"
0xaa88,"If you can sneak onto one of those trucks
somehow...
","If you can sneak onto one of those trucks
somehow...
"
0xaabe,"It looks like you made it inside
the hangar, huh.
","It looks like you made it inside
the hangar, huh.
"
0xaaf1,"Plant the C3 charges on the liquid fuel
tanks. There are four tanks in all.
","Plant the C3 charges on the liquid fuel
tanks. There are four tanks in all.
"
0xab3e,"If one of the C3 charges you planted is
dismantled by the enemy, your mission
is over.
","If one of the C3 charges you planted is
dismantled by the enemy, your mission
is over.
"
0xab96,"Try to plant the C3 someplace out of the
way where it won't be seen.
","Try to plant the C3 someplace out of the
way where it won't be seen.
"
0xabdc,"If it looks like an enemy is about to find
a charge, take him down immediately.
","If it looks like an enemy is about to find
a charge, take him down immediately.
"
0xac2d,"And if the enemy sees you planting the
C3, show's over, folks.
","And if the enemy sees you planting the
C3, show's over, folks.
"
0xac6d,"So don't plant the charges in Alert Phase.
Got it?
","So don't plant the charges in Alert Phase.
Got it?
"
0xaca1,"Once you've finished planting C3 on all
four tanks, turn the timer on.
","Once you've finished planting C3 on all
four tanks, turn the timer on.
"
0xace9,"When the count reaches zero, all of
the C3 charges will explode at once.
","When the count reaches zero, all of
the C3 charges will explode at once.
"
0xad33,"Once the timer has started, there's no
way to stop it. Make sure you're out of
there by the time it reaches zero, got it?
","Once the timer has started, there's no
way to stop it. Make sure you're out of
there by the time it reaches zero, got it?
"
0xadae,"The maintenance crew in charge of getting
the Shagohod ready is in the hangar.
","The maintenance crew in charge of getting
the Shagohod ready is in the hangar.
"
0xadfe,"You don't want them to see you any more
than you want the guards to. So keep an
eye out for them.
","You don't want them to see you any more
than you want the guards to. So keep an
eye out for them.
"
0xae61,"On the other hand, if you were part of the
maintenance crew, you could get close to
the fuel tanks without arousing suspicion...
","On the other hand, if you were part of the
maintenance crew, you could get close to
the fuel tanks without arousing suspicion...
"
0xaee3,"Aha! You disguised yourself as one of
the maintenance crew!
","Aha! You disguised yourself as one of
the maintenance crew!
"
0xaf20,"Dressed like that, you should be able to go
anywhere you want in the hangar.
","Dressed like that, you should be able to go
anywhere you want in the hangar.
"
0xaf6e,"But don't go doing anything suspicious,
like rolling around or crawling.
","But don't go doing anything suspicious,
like rolling around or crawling.
"
0xafb8,"And if the maintenance crew gets a good
look at your face, they'll know you're not
one of them.
","And if the maintenance crew gets a good
look at your face, they'll know you're not
one of them.
"
0xb019,"If the maintenance crew gets suspicious,
turn around so they can't see your face
and act casual.
","If the maintenance crew gets suspicious,
turn around so they can't see your face
and act casual.
"
0xb07b,"If the guards get suspicious, just stand
still and you should be fine.
","If the guards get suspicious, just stand
still and you should be fine.
"
0xb0c3,"You've planted 1 C3 charge.
That leaves 3 more.
","You've planted 1 C3 charge.
That leaves 3 more.
"
0xb0f4,"How are things on your end?
","How are things on your end?
"
0xb111,"I'm planting the C3 on the rail bridge now.
Don't screw up, OK?
","I'm planting the C3 on the rail bridge now.
Don't screw up, OK?
"
0xb152,"Hey, not a problem.
","Hey, not a problem.
"
0xb167,"EVA...
","EVA...
"
0xb16f,"What's up?
","What's up?
"
0xb17b,"About our escape plan...
","About our escape plan...
"
0xb195,"Uh huh...
","Uh huh...
"
0xb1a0,"How exactly are you planning to get to
the lake?
","How exactly are you planning to get to
the lake?
"
0xb1d2,"What, don't you trust me?
","What, don't you trust me?
"
0xb1ed,"That's not what I meant.
","That's not what I meant.
"
0xb207,"OK, then. I'll explain it to you.
","OK, then. I'll explain it to you.
"
0xb22a,"To the north of Groznygrad, there's
a forest called Lazorevo.
","To the north of Groznygrad, there's
a forest called Lazorevo.
"
0xb269,"The name Lazorevo means
""the lush green earth.""
","The name Lazorevo means
""the lush green earth.""
"
0xb29a,"On the other side of Lazorevo is a large
forest called Zaozyorje.
","On the other side of Lazorevo is a large
forest called Zaozyorje.
"
0xb2dd,"Zaozyorje means ""near the lake"" in
Russian. The lake is just beyond
Zaozyorje.
","Zaozyorje means ""near the lake"" in
Russian. The lake is just beyond
Zaozyorje.
"
0xb32d,"And the name of that lake is Rokovoj
Bereg, ""the lake of destiny.""
","And the name of that lake is Rokovoj
Bereg, ""the lake of destiny.""
"
0xb371,"That's where you hid the WIG?
","That's where you hid the WIG?
"
0xb390,"Yeah. We'll use it to make our getaway.
","Yeah. We'll use it to make our getaway.
"
0xb3b9,"Once we've completed our missions,
that is.
","Once we've completed our missions,
that is.
"
0xb3e6,"EVA, remember how you said today was
a day of rest for the scientists in the
hangar?
","EVA, remember how you said today was
a day of rest for the scientists in the
hangar?
"
0xb43c,"Yeah.
","Yeah.
"
0xb443,"What did you mean by that?
","What did you mean by that?
"
0xb45f,"Until yesterday, there were tons of
scientists and maintenance personnel
working in the hangar.
","Until yesterday, there were tons of
scientists and maintenance personnel
working in the hangar.
"
0xb4c0,"But because Volgin was forcing them to work
day and night, a lot of the scientists were
collapsing from exhaustion.
","But because Volgin was forcing them to work
day and night, a lot of the scientists were
collapsing from exhaustion.
"
0xb535,"So now that the prototype is finished and
things are a little less hectic, they gave
the scientists a day to rest.
","So now that the prototype is finished and
things are a little less hectic, they gave
the scientists a day to rest.
"
0xb5a9,"I see.
","I see.
"
0xb5b1,"If they were still working like that, it would
have been impossible for you to sneak into
the hangar.
","If they were still working like that, it would
have been impossible for you to sneak into
the hangar.
"
0xb618,"But this doesn't mean the hangar is
completely deserted.
","But this doesn't mean the hangar is
completely deserted.
"
0xb652,"I'm pretty sure there are still a few guards
and maintenance personnel left. Stay alert.
","I'm pretty sure there are still a few guards
and maintenance personnel left. Stay alert.
"
0xb6ac,"EVA.
","EVA.
"
0xb6b2,"Hmm?
","Hmm?
"
0xb6b8,"You said you got along with The Boss,
right?
","You said you got along with The Boss,
right?
"
0xb6e6,"Yeah, we get along pretty well.
I admire her.
","Yeah, we get along pretty well.
I admire her.
"
0xb715,"Although she's supposed to be the distant
hero, for some reason she's nice to me.
","Although she's supposed to be the distant
hero, for some reason she's nice to me.
"
0xb768,"She even carried my bags for me the
other day. I was impressed.
","She even carried my bags for me the
other day. I was impressed.
"
0xb7a9,"Your bags?
","Your bags?
"
0xb7b5,"Maybe because we're both defectors.
We never talk much, but I get the feeling
that she understands how I feel.
","Maybe because we're both defectors.
We never talk much, but I get the feeling
that she understands how I feel.
"
0xb825,"I've had dreams about the whole thing.
","I've had dreams about the whole thing.
"
0xb84d,"Snake, the enemy's attack dogs are very
highly trained, so be careful.
","Snake, the enemy's attack dogs are very
highly trained, so be careful.
"
0xb895,"You can tell if a dog's been highly trained
or not?
","You can tell if a dog's been highly trained
or not?
"
0xb8ca,"I can tell.
","I can tell.
"
0xb8d7,"How?
","How?
"
0xb8dd,"I used to have a dog.
","I used to have a dog.
"
0xb8f4,"YOU had a dog?
","YOU had a dog?
"
0xb904,"Yeah. What's so funny about it?
","Yeah. What's so funny about it?
"
0xb925,"Nothing. It's just hard to picture you with
a puppy.
","Nothing. It's just hard to picture you with
a puppy.
"
0xb95b,"Who asked you?
","Who asked you?
"
0xb96b,"He was really cute, but I had a hard time
housebreaking him... When he finally did
learn, I was so happy...
","He was really cute, but I had a hard time
housebreaking him... When he finally did
learn, I was so happy...
"
0xb9d8,"I still dream about it sometimes.
","I still dream about it sometimes.
"
0xb9fb,"Snake?
","Snake?
"
0xba03,"EVA, what do you think?
","EVA, what do you think?
"
0xba1c,"What a dork! You must be kidding me!
Are you willing to risk your life for that
joke?
","What a dork! You must be kidding me!
Are you willing to risk your life for that
joke?
"
0xba73,"All right! Finally, I get a normal
response...
","All right! Finally, I get a normal
response...
"
0xbaa3,"???
","???
"
0xbaa8,"Everyone was giving me strange responses
and acting like nothing was odd about it.
","Everyone was giving me strange responses
and acting like nothing was odd about it.
"
0xbafc,"I was starting to wonder myself, but now
I feel better.
","I was starting to wonder myself, but now
I feel better.
"
0xbb35,"I'm not sure what you're talking about,
but you look adorable in it.
","I'm not sure what you're talking about,
but you look adorable in it.
"
0xbb7b,,
0xbb7c,"Sorry, I've got to go. This is too much...
","Sorry, I've got to go. This is too much...
"
0xbba8,"...
","...
"
0xbbad,"Snake, don't forget about our dinner.
","Snake, don't forget about our dinner.
"
0xbbd4,"I haven't forgotten. Sushi, right...
I want to try the Otton frog.
","I haven't forgotten. Sushi, right...
I want to try the Otton frog.
"
0xbc18,"The what?
","The what?
"
0xbc23,"The Otton frog.
","The Otton frog.
"
0xbc34,"Frog!?
","Frog!?
"
0xbc3c,"They have frog at sushi bars, don't they?
","They have frog at sushi bars, don't they?
"
0xbc67,"Of course not!
","Of course not!
"
0xbc77,"But I heard they eat frogs as sashimi
and tempura over in Japan.
","But I heard they eat frogs as sashimi
and tempura over in Japan.
"
0xbcb9,"Who told you that?
","Who told you that?
"
0xbccd,"Para-Medic.
","Para-Medic.
"
0xbcda,"...I suppose they might eat frogs on
certain occasions. But not normally,
and certainly not as sushi.
","...I suppose they might eat frogs on
certain occasions. But not normally,
and certainly not as sushi.
"
0xbd41,"Oh... OK.
","Oh... OK.
"
0xbd4c,"EVA, what kind of guy is Raikov?
","EVA, what kind of guy is Raikov?
"
0xbd6e,"He's Volgin's precious pet.
","He's Volgin's precious pet.
"
0xbd8b,"Anything else?
","Anything else?
"
0xbd9b,"He's got a handsome face.
","He's got a handsome face.
"
0xbdb6,"Is that what you really think?
","Is that what you really think?
"
0xbdd6,"No, I'm just being objective. I'm not
interested in people who aren't interested
in me.
","No, I'm just being objective. I'm not
interested in people who aren't interested
in me.
"
0xbe2f,"I was hoping to get some useful info
for becoming him.
","I was hoping to get some useful info
for becoming him.
"
0xbe67,"He seems mild-mannered, but the kind of
guy who would sit in his room and admire
his bug collection.
","He seems mild-mannered, but the kind of
guy who would sit in his room and admire
his bug collection.
"
0xbecd,"That still doesn't help me much.
Anything more?
","That still doesn't help me much.
Anything more?
"
0xbefe,"I really don't know, Snake. Can't you just
observe him and copy him yourself?
","I really don't know, Snake. Can't you just
observe him and copy him yourself?
"
0xbf4d,"Why are you so evasive about this?
","Why are you so evasive about this?
"
0xbf71,"...People like me don't even exist in his
little world.
","...People like me don't even exist in his
little world.
"
0xbfaa,"I see...
","I see...
"
0xbfb4,"Okay then...
","Okay then...
"
0xbfc2,"Did he dump you?
","Did he dump you?
"
0xbfd4,"""I see"" huh? You don't get it at all!
","""I see"" huh? You don't get it at all!
"
0xbffb,"No, not THAT. I'm just not good with
his type.
","No, not THAT. I'm just not good with
his type.
"
0xc02b,"But...
","But...
"
0xc033,"If this conversation goes on any longer,
I'm going to send my fist through this
radio into your head!
","If this conversation goes on any longer,
I'm going to send my fist through this
radio into your head!
"
0xc09a,"Figure him out yourself. Later!
","Figure him out yourself. Later!
"
0xc0bb,"?
","?
"
0xc0be,"EVA, what happened to Granin?
","EVA, what happened to Granin?
"
0xc0dd,"Dead... killed by the colonel.
","Dead... killed by the colonel.
"
0xc0fd,"They know there's a spy.
","They know there's a spy.
"
0xc117,"And Granin was a hunting casuality?
","And Granin was a hunting casuality?
"
0xc13c,"Yeah. Volgin doesn't hold back in his
interrogations. I don't think he even cares
about the answers.
","Yeah. Volgin doesn't hold back in his
interrogations. I don't think he even cares
about the answers.
"
0xc1a2,"It just seems like he calls it that while
he enjoys beating the hell out of his
""suspect.""
","It just seems like he calls it that while
he enjoys beating the hell out of his
""suspect.""
"
0xc1fe,"Just violence for violence sake.
","Just violence for violence sake.
"
0xc220,"Granin was a guy who loved his country
and pledged his loyalty.
","Granin was a guy who loved his country
and pledged his loyalty.
"
0xc261,"There was no reason he had to die,
but Volgin doesn't need reasons.
","There was no reason he had to die,
but Volgin doesn't need reasons.
"
0xc2a6,"Once he loses it, there's no stopping him;
he's an animal.
","Once he loses it, there's no stopping him;
he's an animal.
"
0xc2e2,"Does he suspect you?
","Does he suspect you?
"
0xc2f8,"I'm not sure, but it feels like I'm next in the
hot seat.
","I'm not sure, but it feels like I'm next in the
hot seat.
"
0xc333,"After seeing Granin, I don't think he would
let me off easy if he did find out.
","After seeing Granin, I don't think he would
let me off easy if he did find out.
"
0xc384,"Be careful.
","Be careful.
"
0xc391,"You too.
","You too.
"
0xc39b,"EVA, about the escape plan...
","EVA, about the escape plan...
"
0xc3ba,"Yeah, we're getting out on a WIG.
","Yeah, we're getting out on a WIG.
"
0xc3dd,"The ground effect vehicle.
","The ground effect vehicle.
"
0xc3f9,"Right. Here they call it an Ekranoplan.
","Right. Here they call it an Ekranoplan.
"
0xc422,"The Soviet Union has already finished
testing one of those?
","The Soviet Union has already finished
testing one of those?
"
0xc45f,"No, this is just the prototype given to
GRU.
","No, this is just the prototype given to
GRU.
"
0xc48d,"It was designed to search out and destroy
American submarines. That's why it has a long
range, and a decent speed of 470 mph.
","It was designed to search out and destroy
American submarines. That's why it has a long
range, and a decent speed of 470 mph.
"
0xc50c,"It's far beyond the Be-1 developed
three years ago.
","It's far beyond the Be-1 developed
three years ago.
"
0xc541,"The problem for us is that the one here
doesn't have any weapons onboard.
","The problem for us is that the one here
doesn't have any weapons onboard.
"
0xc58c,"If we're tailed, our only choice is to try
and shake them.
","If we're tailed, our only choice is to try
and shake them.
"
0xc5c8,"I'll leave that to you.
","I'll leave that to you.
"
0xc5e1,"Sorry if I won't have the time to play
stewardess for you.
","Sorry if I won't have the time to play
stewardess for you.
"
0xc61d,"Snake, have you heard about the
massacre that happened in the forest
near the village of Gnezdovo?
","Snake, have you heard about the
massacre that happened in the forest
near the village of Gnezdovo?
"
0xc681,"The Katyn Forest Massacre, right?
","The Katyn Forest Massacre, right?
"
0xc6a4,"During WWII, the German army came
upon the bodies of 4,000 dead Polish in
the forest of Katyn.
","During WWII, the German army came
upon the bodies of 4,000 dead Polish in
the forest of Katyn.
"
0xc704,"Germany blamed the Soviet Union, but
the Soviet Union denied it, blaming
Germany in return.
","Germany blamed the Soviet Union, but
the Soviet Union denied it, blaming
Germany in return.
"
0xc761,"The truth is that Stalin ordered the NKVD
to carry out the killings.
","The truth is that Stalin ordered the NKVD
to carry out the killings.
"
0xc7a7,"And it's not just Katyn.
","And it's not just Katyn.
"
0xc7c1,"In places like Western Ukraine and
Belarus, there must have been at least
20,000 Poles in the prison camps.
","In places like Western Ukraine and
Belarus, there must have been at least
20,000 Poles in the prison camps.
"
0xc82e,"Why are you telling me this?
","Why are you telling me this?
"
0xc84c,"Volgin was one of the people responsible.
He was one of the vicious leaders behind
it.
","Volgin was one of the people responsible.
He was one of the vicious leaders behind
it.
"
0xc8a4,"Volgin was?
","Volgin was?
"
0xc8b1,"He blamed it on a prisoner revolt to allay
any fears, and requested they be put to
death.
","He blamed it on a prisoner revolt to allay
any fears, and requested they be put to
death.
"
0xc90c,"I've heard that Volgin even removed the
blindfolds from each prisoner before he
beat them to death.
","I've heard that Volgin even removed the
blindfolds from each prisoner before he
beat them to death.
"
0xc971,"I knew he wasn't all there in the head,
but this...
","I knew he wasn't all there in the head,
but this...
"
0xc9a6,"Not someone you could be friends with.
","Not someone you could be friends with.
"
0xc9ce,"EVA, that was some pretty nice driving.
","EVA, that was some pretty nice driving.
"
0xc9f7,"Really?
","Really?
"
0xca00,"Ballsy yet overwhelmingly accurate.
That kind of driving isn't something you
can pick up in a couple days.
","Ballsy yet overwhelmingly accurate.
That kind of driving isn't something you
can pick up in a couple days.
"
0xca6c,"I told you to trust me. I love motorcycles.
","I told you to trust me. I love motorcycles.
"
0xca99,"It is not easy to jack-knife a bike like that.
","It is not easy to jack-knife a bike like that.
"
0xcac9,"So, you believe me now?
","So, you believe me now?
"
0xcae2,"Think I'll pass on going tandem though.
","Think I'll pass on going tandem though.
"
0xcb0b,"That's too bad.
","That's too bad.
"
0xcb1c,"The sentries are the only ones that can
open the door to the West Wing.
","The sentries are the only ones that can
open the door to the West Wing.
"
0xcb65,"If you take them all out, you won't be
getting inside.
","If you take them all out, you won't be
getting inside.
"
0xcb9d,"Leave the area and come back again.
","Leave the area and come back again.
"
0xcbc2,"By the way Snake, do you have a Calorie
Mate?
","By the way Snake, do you have a Calorie
Mate?
"
0xcbf1,"Yeah.
","Yeah.
"
0xcbf8,"Is it any good?
","Is it any good?
"
0xcc09,"Yeah.
","Yeah.
"
0xcc10,"I haven't tried it yet.
","I haven't tried it yet.
"
0xcc29,"Oh...
","Oh...
"
0xcc30,"You want it?
","You want it?
"
0xcc3e,"What?
","What?
"
0xcc45,"Do you want the Calorie Mate?
","Do you want the Calorie Mate?
"
0xcc64,"Wha--, What are you saying?
","Wha--, What are you saying?
"
0xcc81,"You want it don't you...
","You want it don't you...
"
0xcc9b,"I didn't say that.
","I didn't say that.
"
0xccaf,"So you don't want it then.
","So you don't want it then.
"
0xcccb,"No...
","No...
"
0xccd2,"...but...if you were going to give it to me as
a token of thanks for me helping you out,
then of course I wouldn't refuse it.
","...but...if you were going to give it to me as
a token of thanks for me helping you out,
then of course I wouldn't refuse it.
"
0xcd51,"Are you on a diet?
","Are you on a diet?
"
0xcd65,"What did you say?
","What did you say?
"
0xcd78,"Calorie Mate is supposed to be really good
for losing weight.
","Calorie Mate is supposed to be really good
for losing weight.
"
0xcdb7,"Are you saying I'm fat?
","Are you saying I'm fat?
"
0xcdd0,"No...
","No...
"
0xcdd7,"I'm not on a diet, and I don't need one.
I just wanted to try the taste.
","I'm not on a diet, and I don't need one.
I just wanted to try the taste.
"
0xce21,"Oh, sorry.
","Oh, sorry.
"
0xce2d,"Be careful with what you say.
","Be careful with what you say.
"
0xce4c,"Yeah, sorry.
","Yeah, sorry.
"
0xce5a,"...so, is it true?
","...so, is it true?
"
0xce6e,"Is what true?
","Is what true?
"
0xce7d,"That it's good for losing weight.
","That it's good for losing weight.
"
0xcea0,"...yeah.
","...yeah.
"
0xceaa,"Calorie Mate provides a nutritionally
balanced source of energy and it makes
counting calories easy.
","Calorie Mate provides a nutritionally
balanced source of energy and it makes
counting calories easy.
"
0xcf10,"That's what's supposed to make it good for
dieting.
","That's what's supposed to make it good for
dieting.
"
0xcf45,"Ah, I see...
","Ah, I see...
"
0xcf53,"I heard that all of the geisha in Japan use it.
","I heard that all of the geisha in Japan use it.
"
0xcf84,"Geisha?
","Geisha?
"
0xcf8d,"Yeah.
","Yeah.
"
0xcf94,"I've never heard about that.
","I've never heard about that.
"
0xcfb2,"Really?
","Really?
"
0xcfbb,"Yes. I'm sure there are some geisha out
there using Calorie Mate for diets, but I
doubt all of them are using it.
","Yes. I'm sure there are some geisha out
there using Calorie Mate for diets, but I
doubt all of them are using it.
"
0xd02e,"I guess not...
","I guess not...
"
0xd03e,"Snake! What happened to you!?
Snake! SNAKE!!
","Snake! What happened to you!?
Snake! SNAKE!!
"
0xd06c,"Snake! Answer me! Snake! SNAKE!!
","Snake! Answer me! Snake! SNAKE!!
"
0xd08e,"Snake, what's wrong!? Snake! SNAKE!!
","Snake, what's wrong!? Snake! SNAKE!!
"
0xd0b4,"Snake, don't do this to me!
Snake! SNAKE!!
","Snake, don't do this to me!
Snake! SNAKE!!
"
0xd0e0,"No... this isn't happening! Snake!
SNAKE!!
","No... this isn't happening! Snake!
SNAKE!!
"
0xd10c,"NO RESPONSE
","NO RESPONSE
"
0xd119,"EVA, I wanted to ask you about Ocelot...
","EVA, I wanted to ask you about Ocelot...
"
0xd143,"Yeah, I know. He's pretty infatuated with
you, isn't he?
","Yeah, I know. He's pretty infatuated with
you, isn't he?
"
0xd17d,"That's not what I meant. Aren't the Ocelots
an elite unit?
","That's not what I meant. Aren't the Ocelots
an elite unit?
"
0xd1b9,"Yeah.
","Yeah.
"
0xd1c0,"So how'd he get to be their commander?
He can't be any older than 18 or 19. I can't
believe he's already a major...
","So how'd he get to be their commander?
He can't be any older than 18 or 19. I can't
believe he's already a major...
"
0xd235,"I heard from the Colonel that he's been
given...special treatment.
","I heard from the Colonel that he's been
given...special treatment.
"
0xd279,"Special treatment?
","Special treatment?
"
0xd28d,"Yeah. He's the son of some legendary hero
or something.
","Yeah. He's the son of some legendary hero
or something.
"
0xd2c6,"No wonder he seems to have the right
stuff... So who is this legendary hero,
anyway?
","No wonder he seems to have the right
stuff... So who is this legendary hero,
anyway?
"
0xd31c,"Beats me.
","Beats me.
"
0xd327,"...
","...
"
0xd32c,"The Colonel never told me.
","The Colonel never told me.
"
0xd348,"All I heard was that his mother was
supposedly shot in the gut during battle
","All I heard was that his mother was
supposedly shot in the gut during battle
"
0xd396,"and that he was born right there,
with bullets whizzing past them.
","and that he was born right there,
with bullets whizzing past them.
"
0xd3da,"A pregnant woman in the middle of a battle?
","A pregnant woman in the middle of a battle?
"
0xd407,"That's what I heard. They say that when
they stitched her up, the scar was shaped
like a snake.
","That's what I heard. They say that when
they stitched her up, the scar was shaped
like a snake.
"
0xd468,"Well, that's battlefield medicine for you.
What about his father, this legendary hero?
","Well, that's battlefield medicine for you.
What about his father, this legendary hero?
"
0xd4c0,"He didn't tell me. I don't think Ocelot's ever
met his parents.
","He didn't tell me. I don't think Ocelot's ever
met his parents.
"
0xd501,"Are they dead?
","Are they dead?
"
0xd511,"Maybe, I don't know. There were a lot of MIAs
back then, during the last days of the war.
","Maybe, I don't know. There were a lot of MIAs
back then, during the last days of the war.
"
0xd56c,"Ocelot probably would have ended up the same
way. But he was taken in and raised by GRU
and Volgin.
","Ocelot probably would have ended up the same
way. But he was taken in and raised by GRU
and Volgin.
"
0xd5d1,"Because he was special?
","Because he was special?
"
0xd5ea,"That's my guess.
","That's my guess.
"
0xd5fc,"Cette zone s'appelle Chyornyj Prud. Ça veut
dire un truc du style ""rivage noir"" en russe.
","Cette zone s'appelle Chyornyj Prud. Ça veut
dire un truc du style ""rivage noir"" en russe.
"
0xd658,"Son nom fait référence aux marécages très
profonds qui recouvrent la zone.
","Son nom fait référence aux marécages très
profonds qui recouvrent la zone.
"
0xd6a8,"Dans ces marécages, les crocodiles sont très
dangereux.
","Dans ces marécages, les crocodiles sont très
dangereux.
"
0xd6e3,"Apparemment, ils n'auraient fait qu'une
bouchée d'une patrouille de soldats. Plus
personne n'ose s'aventurer dans ces marais.
","Apparemment, ils n'auraient fait qu'une
bouchée d'une patrouille de soldats. Plus
personne n'ose s'aventurer dans ces marais.
"
0xd763,"Les soldats qui se sont fait tuer auraient été
attaqués par derrière alors qu'ils étaient dans
l'eau. Alors fais attention à toi.
","Les soldats qui se sont fait tuer auraient été
attaqués par derrière alors qu'ils étaient dans
l'eau. Alors fais attention à toi.
"
0xd7ec,"La crevasse qui mène à la grotte est encore à
un bout de chemin en nord. Continue dans
cette direction.
","La crevasse qui mène à la grotte est encore à
un bout de chemin en nord. Continue dans
cette direction.
"
0xd858,"Dis-moi, Snake. Pourquoi est-ce que tu as
laissé Ocelot s'en tirer comme ça?
","Dis-moi, Snake. Pourquoi est-ce que tu as
laissé Ocelot s'en tirer comme ça?
"
0xd8a8,"Je croyais te l'avoir déjà dit.
","Je croyais te l'avoir déjà dit.
"
0xd8cb,"Parce que c'est encore un gamin?
","Parce que c'est encore un gamin?
"
0xd8ed,"Ouais.
","Ouais.
"
0xd8f5,"Un peu bidon, ton excuse.
","Un peu bidon, ton excuse.
"
0xd910,"Ah, tu crois?
","Ah, tu crois?
"
0xd91f,"Ouais, plutôt.
","Ouais, plutôt.
"
0xd930,"...T'as peut-être raison.
","...T'as peut-être raison.
"
0xd94c,"EVA, ces Ocelots que j'ai affronté il y a un
moment, ils appartenaient à quel type d'unité?
","EVA, ces Ocelots que j'ai affronté il y a un
moment, ils appartenaient à quel type d'unité?
"
0xd9ac,"L'unité Ocelot est une unité d'élite composée
de soldats triés sur le volet dans les rangs des
Spetsnaz, les forces spéciales du GRU.
","L'unité Ocelot est une unité d'élite composée
de soldats triés sur le volet dans les rangs des
Spetsnaz, les forces spéciales du GRU.
"
0xda39,"Ils ont suivi un entraînement encore plus
rigoureux que les Spetsnaz. Leurs aptitudes
aux armes sont légendaires.
","Ils ont suivi un entraînement encore plus
rigoureux que les Spetsnaz. Leurs aptitudes
aux armes sont légendaires.
"
0xdaae,"Tu remarqueras qu'ils sont bien meilleurs que
le GRU. Fais attention à toi.
","Tu remarqueras qu'ils sont bien meilleurs que
le GRU. Fais attention à toi.
"
0xdafc,"EVA, tu es où en ce moment?
","EVA, tu es où en ce moment?
"
0xdb1a,"Je te l'ai déjà dit, non? Je suis pas loin du
colonel.
","Je te l'ai déjà dit, non? Je suis pas loin du
colonel.
"
0xdb54,"A vrai dire, ce n'est pas vraiment une réponse.
","A vrai dire, ce n'est pas vraiment une réponse.
"
0xdb86,"J'imagine que tu as raison.
","J'imagine que tu as raison.
"
0xdba3,"EVA...
","EVA...
"
0xdbab,"Snake, j'ai pour ordre de coopérer avec toi,
mais ça ne veut pas dire que je dois tout te
dire.
","Snake, j'ai pour ordre de coopérer avec toi,
mais ça ne veut pas dire que je dois tout te
dire.
"
0xdc0e,"Et j'imagine que c'est pareil pour toi...
","Et j'imagine que c'est pareil pour toi...
"
0xdc39,"...
","...
"
0xdc3e,"Bravo, tu as atteint Bolshaya Past.
","Bravo, tu as atteint Bolshaya Past.
"
0xdc63,"Le nom Bolshaya Past veut dire un truc du
genre ""la grande cavité"".
","Le nom Bolshaya Past veut dire un truc du
genre ""la grande cavité"".
"
0xdca9,"Son nom vient sûrement de cette crevasse
au nord.
","Son nom vient sûrement de cette crevasse
au nord.
"
0xdcdd,"Il y a une zone fortifiée entourée de fils
barbelés dans la partie sud de Bolshaya Past.
","Il y a une zone fortifiée entourée de fils
barbelés dans la partie sud de Bolshaya Past.
"
0xdd3a,"Au nord, il y a une station de relais qui sert à
la fois de dépôt de matériels et de station de
télécommunication.
","Au nord, il y a une station de relais qui sert à
la fois de dépôt de matériels et de station de
télécommunication.
"
0xddb4,"La crevasse qui mène à la grotte est au nord
de cette station de relais. Dirige-toi vers le
nord.
","La crevasse qui mène à la grotte est au nord
de cette station de relais. Dirige-toi vers le
nord.
"
0xde19,"La crevasse qui mène à la grotte est au nord
de ton emplacement actuel. Continue direction
nord.
","La crevasse qui mène à la grotte est au nord
de ton emplacement actuel. Continue direction
nord.
"
0xde7d,"Snake, dans cette zone, le fil barbelé est relié
à un courant électrique à haute tension.
","Snake, dans cette zone, le fil barbelé est relié
à un courant électrique à haute tension.
"
0xdedd,"Un courant à haute tension?
","Un courant à haute tension?
"
0xdefb,"Oui, j'ai peut-être oublié de te le dire.
","Oui, j'ai peut-être oublié de te le dire.
"
0xdf28,"...
","...
"
0xdf2d,"Si tu touches ce fil barbelé, tu seras
électrocuté. Alors évite.
","Si tu touches ce fil barbelé, tu seras
électrocuté. Alors évite.
"
0xdf73,"Un fil barbelé électrifié. Mmm, je vais devoir
trouver un autre chemin.
","Un fil barbelé électrifié. Mmm, je vais devoir
trouver un autre chemin.
"
0xdfbf,"Pas la peine.
","Pas la peine.
"
0xdfce,"Ah non?
","Ah non?
"
0xdfd7,"Eh non!
","Eh non!
"
0xdfe0,"Le fil barbelé électrifié est une barrière
formidable, mais sa maintenance pose de
véritables problèmes.
","Le fil barbelé électrifié est une barrière
formidable, mais sa maintenance pose de
véritables problèmes.
"
0xe050,"Apparemment, ça tombe souvent en panne
parce que des animaux sauvages se prennent
dedans.
","Apparemment, ça tombe souvent en panne
parce que des animaux sauvages se prennent
dedans.
"
0xe0ac,"Et il paraît qu'ils n'auraient pas assez de
personnel pour le réparer.
","Et il paraît qu'ils n'auraient pas assez de
personnel pour le réparer.
"
0xe0f6,"Si tu regardes bien au-dessous du fil barbelé,
tu devrais pouvoir trouver un trou quelque part.
","Si tu regardes bien au-dessous du fil barbelé,
tu devrais pouvoir trouver un trou quelque part.
"
0xe158,"Essaie de ramper pour t'infiltrer à l'intérieur.
","Essaie de ramper pour t'infiltrer à l'intérieur.
"
0xe18c,"EVA, cet hélico de combat, c'est ça la voie de
secours dont tu parlais?
","EVA, cet hélico de combat, c'est ça la voie de
secours dont tu parlais?
"
0xe1d7,"Non, la portée de cet hélico n'est pas assez
importante.
","Non, la portée de cet hélico n'est pas assez
importante.
"
0xe213,"Alors, qu'est-ce qu'on va utiliser?
","Alors, qu'est-ce qu'on va utiliser?
"
0xe238,"Un truc dans lequel tu n'es encore jamais
monté.
","Un truc dans lequel tu n'es encore jamais
monté.
"
0xe26b,"Un truc dans lequel je ne suis encore jamais
monté?
","Un truc dans lequel je ne suis encore jamais
monté?
"
0xe2a1,"Oui. Je crois que tu vas avoir une bonne
surprise.
","Oui. Je crois que tu vas avoir une bonne
surprise.
"
0xe2d5,"La crevasse qui mène à la grotte est au nord
de cette base. Continue à te diriger vers le
nord.
","La crevasse qui mène à la grotte est au nord
de cette base. Continue à te diriger vers le
nord.
"
0xe339,"Snake, il y a un entrepôt à provisions au
centre de cette zone et un dépôt d'armes au
nord-est.
","Snake, il y a un entrepôt à provisions au
centre de cette zone et un dépôt d'armes au
nord-est.
"
0xe39e,"En les détruisant, tu empêcheras les
ennemis dans cette zone de se ravitailler.
","En les détruisant, tu empêcheras les
ennemis dans cette zone de se ravitailler.
"
0xe3f1,"Il paraît qu'ils stockent des AK dans le
dépôt d'armes. Tu ferais bien de vérifier.
","Il paraît qu'ils stockent des AK dans le
dépôt d'armes. Tu ferais bien de vérifier.
"
0xe44a,"Snake, ça va?
","Snake, ça va?
"
0xe45a,"Ouais... pour ainsi dire. C'était quoi, ces
frelons.
","Ouais... pour ainsi dire. C'était quoi, ces
frelons.
"
0xe491,"C'était probablement The Pain, un des Cobras.
","C'était probablement The Pain, un des Cobras.
"
0xe4c1,"Je m'en doutais... Est-ce qu'ils me
recherchent?
","Je m'en doutais... Est-ce qu'ils me
recherchent?
"
0xe4f3,"Je ne sais pas. Les Cobras ne reçoivent des
ordres que de The Boss.
","Je ne sais pas. Les Cobras ne reçoivent des
ordres que de The Boss.
"
0xe539,"Même Volgin n'est pas au courant de leurs
activités. Alors je n'en sais rien non plus.
","Même Volgin n'est pas au courant de leurs
activités. Alors je n'en sais rien non plus.
"
0xe593,"Arrête ton char...
","Arrête ton char...
"
0xe5a8,"Bon, je vais essayer d'obtenir plus
d'informations sur eux. Et toi, continue à
avancer.
","Bon, je vais essayer d'obtenir plus
d'informations sur eux. Et toi, continue à
avancer.
"
0xe602,"Va au bout de cette grotte et ressors à un
aqueduc qui mène jusqu'au marécage de
Ponizovje.
","Va au bout de cette grotte et ressors à un
aqueduc qui mène jusqu'au marécage de
Ponizovje.
"
0xe662,"Et Snake... sois prudent. Cette grotte...
","Et Snake... sois prudent. Cette grotte...
"
0xe68d,"... il fait nuit noire à l'intérieur.
","... il fait nuit noire à l'intérieur.
"
0xe6b6,"Bien, je te l'avais déjà dit.
","Bien, je te l'avais déjà dit.
"
0xe6d7,"...
","...
"
0xe6dc,"S'il fait vraiment trop sombre, essaie d'utiliser
une torche.
","S'il fait vraiment trop sombre, essaie d'utiliser
une torche.
"
0xe71b,"Des torches d'urgence sont stockées quelque
part dans cette grotte.
","Des torches d'urgence sont stockées quelque
part dans cette grotte.
"
0xe761,"Des torches. Compris. Mais où sont-elles?
","Des torches. Compris. Mais où sont-elles?
"
0xe78d,"Hein?
","Hein?
"
0xe794,"Où sont les torches?
","Où sont les torches?
"
0xe7ab,"Qu'est-ce que j'en sais? Trouve-les
toi-même.
","Qu'est-ce que j'en sais? Trouve-les
toi-même.
"
0xe7db,"Cette grotte s'appelle Chyornaya Peschera.
","Cette grotte s'appelle Chyornaya Peschera.
"
0xe807,"En russe, ça veut dire ""la grotte noire dans
laquelle un vent froid souffle"".
","En russe, ça veut dire ""la grotte noire dans
laquelle un vent froid souffle"".
"
0xe857,"C'est une grotte de magma formée il y a
plusieurs millions d'années, quand Tselinoyarsk
était un site d'activité volcanique.
","C'est une grotte de magma formée il y a
plusieurs millions d'années, quand Tselinoyarsk
était un site d'activité volcanique.
"
0xe8d9,"La structure de la grotte est complexe mais tu
devrais trouver l'aqueduc si tu te diriges
toujours tout droit.
","La structure de la grotte est complexe mais tu
devrais trouver l'aqueduc si tu te diriges
toujours tout droit.
"
0xe949,"Va vers l'intérieur de la grotte.
","Va vers l'intérieur de la grotte.
"
0xe96d,"Snake, tu as battu The Pain!
","Snake, tu as battu The Pain!
"
0xe98b,"Après un combat acharné.
","Après un combat acharné.
"
0xe9a7,"Ça te fait quoi, d'avoir battu un des camarades
de The Boss?
","Ça te fait quoi, d'avoir battu un des camarades
de The Boss?
"
0xe9e6,"Où est-ce que tu veux en venir?
","Où est-ce que tu veux en venir?
"
0xea08,"Je veux juste savoir ce que ça te fait d'avoir
battu un membre de la légendaire unité Cobra,
c'est tout.
","Je veux juste savoir ce que ça te fait d'avoir
battu un membre de la légendaire unité Cobra,
c'est tout.
"
0xea75,"Tu veux savoir si je suis à même d'affronter
The Boss, c'est ça?
","Tu veux savoir si je suis à même d'affronter
The Boss, c'est ça?
"
0xeaba,"Euh, oui, ça aussi.
","Euh, oui, ça aussi.
"
0xead0,"Tu perds ton temps à te préoccuper de moi. Je
vais remplir ma mission.
","Tu perds ton temps à te préoccuper de moi. Je
vais remplir ma mission.
"
0xeb1a,"Mais je l'espère bien.
","Mais je l'espère bien.
"
0xeb33,"La sortie de la grotte est tout droit, en face?
","La sortie de la grotte est tout droit, en face?
"
0xeb64,"C'est cela.
","C'est cela.
"
0xeb71,"Au fait, ça me rappelle qu'ils entreposent un
fusil à canon dans cette grotte. Et si tu
essayais de le trouver?
","Au fait, ça me rappelle qu'ils entreposent un
fusil à canon dans cette grotte. Et si tu
essayais de le trouver?
"
0xebe4,"Cet aqueduc s'appelle Ponizovje. Ça veut dire
""la terre en aval de la rivière"".
","Cet aqueduc s'appelle Ponizovje. Ça veut dire
""la terre en aval de la rivière"".
"
0xec37,"Comme tu le vois, c'est envahi par les
mangroves. D'habitude, il y a plein de bateaux
transportant du matériel.
","Comme tu le vois, c'est envahi par les
mangroves. D'habitude, il y a plein de bateaux
transportant du matériel.
"
0xeca9,"Mais en ce moment, la zone est en alerte
maximale alors il n'y a plus de bateaux.
","Mais en ce moment, la zone est en alerte
maximale alors il n'y a plus de bateaux.
"
0xecfc,"Mais assez parlé de ça...
","Mais assez parlé de ça...
"
0xed19,"Qu'est-ce que tu fais là?
","Qu'est-ce que tu fais là?
"
0xed35,"On est censé se donner rendez-vous dans les
montagnes. Commence par retourner à
l'entrepôt.
","On est censé se donner rendez-vous dans les
montagnes. Commence par retourner à
l'entrepôt.
"
0xed95,"La zone dans laquelle tu te trouves s'appelle
Graniny Gorki.
","La zone dans laquelle tu te trouves s'appelle
Graniny Gorki.
"
0xedd3,"Ça veut dire ""la montagne de Granin"". Son
nom vient de l'époque où le laboratoire de
Granin a été construit.
","Ça veut dire ""la montagne de Granin"". Son
nom vient de l'époque où le laboratoire de
Granin a été construit.
"
0xee46,"Mais au fait, qu'est-ce que tu fais là?
","Mais au fait, qu'est-ce que tu fais là?
"
0xee70,"Je t'ai dit que nous avions rendez-vous dans
les montagnes, non? Retourne dans
l'entrepôt et traverse-le en direction de
Svyatogornyj.
","Je t'ai dit que nous avions rendez-vous dans
les montagnes, non? Retourne dans
l'entrepôt et traverse-le en direction de
Svyatogornyj.
"
0xeef9,"Cette forêt s'appelle Svyatogornyj. En russe,
ça veut dire un truc du genre ""le chemin de la
montagne sacrée"".
","Cette forêt s'appelle Svyatogornyj. En russe,
ça veut dire un truc du genre ""le chemin de la
montagne sacrée"".
"
0xef6c,"Ce nom est tiré d'une vieille légende. Les
esprits des montagnes passeraient par là en
chemin vers Sokrovenno,
","Ce nom est tiré d'une vieille légende. Les
esprits des montagnes passeraient par là en
chemin vers Sokrovenno,
"
0xefdf,"la forêt située au nord.
","la forêt située au nord.
"
0xeffb,"Dirige-toi vers le nord et tu arriveras à
Sokrovenno.
","Dirige-toi vers le nord et tu arriveras à
Sokrovenno.
"
0xf033,"Le tunnel qui mène aux montagnes est situé
dans la partie nord de Sokrovenno.
","Le tunnel qui mène aux montagnes est situé
dans la partie nord de Sokrovenno.
"
0xf084,"Rendez-vous dans les ruines, au sommet de la
montagne.
","Rendez-vous dans les ruines, au sommet de la
montagne.
"
0xf0bc,"Une fois là-bas, je te donnerai la clé du tunnel
menant à Groznyj Grad.
","Une fois là-bas, je te donnerai la clé du tunnel
menant à Groznyj Grad.
"
0xf108,"N'oublie pas : direction nord.
","N'oublie pas : direction nord.
"
0xf128,"Mais Sokrovenno, c'est également là où...
","Mais Sokrovenno, c'est également là où...
"
0xf156,"Je sais.
","Je sais.
"
0xf160,"The End, c'est ça?
","The End, c'est ça?
"
0xf175,"Ouais.
","Ouais.
"
0xf17d,"Alors sois prudent.
","Alors sois prudent.
"
0xf192,"Un des Cobras, The End, t'attend à
Sokrovenno. C'est un sniper de légende.
","Un des Cobras, The End, t'attend à
Sokrovenno. C'est un sniper de légende.
"
0xf1e0,"Tant que tu ne l'auras pas battu...
","Tant que tu ne l'auras pas battu...
"
0xf205,"Je ne pourrais pas avancer, c'est ça?
","Je ne pourrais pas avancer, c'est ça?
"
0xf22d,"Exactement.
","Exactement.
"
0xf23a,"Alors, je vais devoir le battre.
","Alors, je vais devoir le battre.
"
0xf25c,"Il n'y a pas d'autre solution.
","Il n'y a pas d'autre solution.
"
0xf27c,"Les Ocelots, hein?
","Les Ocelots, hein?
"
0xf290,"Ouais.
","Ouais.
"
0xf298,"L'unité Ocelot t'attend à Sokrovenno. Ils
auraient même déjà des snipers en position.
Prends garde à toi.
","L'unité Ocelot t'attend à Sokrovenno. Ils
auraient même déjà des snipers en position.
Prends garde à toi.
"
0xf309,"EVA.
","EVA.
"
0xf30f,"Quoi?
","Quoi?
"
0xf316,"Je n'ai pas pu te joindre pendant un moment.
Qu'est-ce que tu faisais?
","Je n'ai pas pu te joindre pendant un moment.
Qu'est-ce que tu faisais?
"
0xf35e,"D'après toi?
","D'après toi?
"
0xf36d,"C'est la question que je te pose.
","C'est la question que je te pose.
"
0xf390,"Pourquoi tu me demandes ça?
","Pourquoi tu me demandes ça?
"
0xf3ae,"Parce que je veux savoir, c'est tout.
","Parce que je veux savoir, c'est tout.
"
0xf3d5,"Tu veux savoir quoi?
","Tu veux savoir quoi?
"
0xf3eb,"...Arrête de répondre à mes questions par
d'autres questions...
","...Arrête de répondre à mes questions par
d'autres questions...
"
0xf42f,"Tu es malade ou quoi?
","Tu es malade ou quoi?
"
0xf446,"...
","...
"
0xf44b,"A plus.
","A plus.
"
0xf454,"Il ne te reste plus qu'à suivre le tunnel en te
dirigeant vers le nord, en direction des
montagnes de Krasnogorje.
","Il ne te reste plus qu'à suivre le tunnel en te
dirigeant vers le nord, en direction des
montagnes de Krasnogorje.
"
0xf4c9,"Mais tu voudras peut-être faire un petit
détour vers l'est. Il y a un entrepôt à
provisions dans cette direction.
","Mais tu voudras peut-être faire un petit
détour vers l'est. Il y a un entrepôt à
provisions dans cette direction.
"
0xf540,"EVA.
","EVA.
"
0xf546,"Oui?
","Oui?
"
0xf54c,"C'est qui, cette Tatyana?
","C'est qui, cette Tatyana?
"
0xf567,"Ah, elle te plaît? Elle est plutôt mignonne.
","Ah, elle te plaît? Elle est plutôt mignonne.
"
0xf597,"Alors, c'est qui?
","Alors, c'est qui?
"
0xf5aa,"Je ne sais pas grand-chose d'elle, mais il
semble qu'elle soit la maîtresse de
Sokolov...
","Je ne sais pas grand-chose d'elle, mais il
semble qu'elle soit la maîtresse de
Sokolov...
"
0xf606,"Tu peux obtenir plus d'informations?
","Tu peux obtenir plus d'informations?
"
0xf62c,"Snake, elle a déjà un homme dans sa vie.
","Snake, elle a déjà un homme dans sa vie.
"
0xf658,"EVA...
","EVA...
"
0xf660,"OK. Donne-moi une petite minute.
","OK. Donne-moi une petite minute.
"
0xf682,"Snake, voilà tout ce que j'ai pu trouver sur ta
Tanya.
","Snake, voilà tout ce que j'ai pu trouver sur ta
Tanya.
"
0xf6bb,"Comme je le pensais, c'est bien la maîtresse
de Sokolov.
","Comme je le pensais, c'est bien la maîtresse
de Sokolov.
"
0xf6f6,"Quand il a été enlevé de son laboratoire de
recherche, elle a aussi été enlevée.
","Quand il a été enlevé de son laboratoire de
recherche, elle a aussi été enlevée.
"
0xf74e,"Elle est donc au laboratoire depuis qu'il a été
enlevé...?
","Elle est donc au laboratoire depuis qu'il a été
enlevé...?
"
0xf78d,"A ce qu'il paraît.
","A ce qu'il paraît.
"
0xf7a2,"Tu en es sûre?
","Tu en es sûre?
"
0xf7b3,"Oui. Pourquoi?
","Oui. Pourquoi?
"
0xf7c3,"D'après le Major, Sokolov n'est pas le genre
de type à prendre une maîtresse...
","D'après le Major, Sokolov n'est pas le genre
de type à prendre une maîtresse...
"
0xf817,"Il se sentait peut-être seul, si loin de sa
famille pendant si longtemps.
","Il se sentait peut-être seul, si loin de sa
famille pendant si longtemps.
"
0xf863,"Et Sokolov n'en reste pas moins un homme.
C'est normal qu'il soit attiré par elle.
","Et Sokolov n'en reste pas moins un homme.
C'est normal qu'il soit attiré par elle.
"
0xf8b8,"Normal?
","Normal?
"
0xf8c1,"Elle est irrésistible. Superbe mais aussi un peu
innocente. Et en plus bien foutue.
","Elle est irrésistible. Superbe mais aussi un peu
innocente. Et en plus bien foutue.
"
0xf917,"...
","...
"
0xf91c,"C'est tout à fait ton type, non?
","C'est tout à fait ton type, non?
"
0xf93f,"EVA...
","EVA...
"
0xf947,"Je dois y aller.
","Je dois y aller.
"
0xf959,"La forêt dans laquelle tu te trouves s'appelle
Sokrovenno. Cela veut dire ""les bois les plus
sacrés"".
","La forêt dans laquelle tu te trouves s'appelle
Sokrovenno. Cela veut dire ""les bois les plus
sacrés"".
"
0xf9c2,"Depuis des temps ancestraux, ces bois sont
vénérés comme étant la demeure des esprits
de la forêt.
","Depuis des temps ancestraux, ces bois sont
vénérés comme étant la demeure des esprits
de la forêt.
"
0xfa2b,"C'est la forêt la plus grande et la plus dense
de la région. Elle est divisée en 3 zones : sud,
ouest et nord. Alors ne te perds pas, OK?
","C'est la forêt la plus grande et la plus dense
de la région. Elle est divisée en 3 zones : sud,
ouest et nord. Alors ne te perds pas, OK?
"
0xfab9,"Il y a un dépôt d'armes au sud. Si tu as
besoin de munitions, pense à t'y rendre.
","Il y a un dépôt d'armes au sud. Si tu as
besoin de munitions, pense à t'y rendre.
"
0xfb0f,"Tant que tu n'auras pas battu The End, tu ne
pourras pas traverser la forêt. Tu dois le
battre.
","Tant que tu n'auras pas battu The End, tu ne
pourras pas traverser la forêt. Tu dois le
battre.
"
0xfb71,"Fais attention. Il paraît que les Ocelots
t'attendent, cachés dans la forêt.
","Fais attention. Il paraît que les Ocelots
t'attendent, cachés dans la forêt.
"
0xfbc2,"L'entrée de ce tunnel se situe dans la partie
nord-est de la zone nord. Essaie d'y arriver
indemne.
","L'entrée de ce tunnel se situe dans la partie
nord-est de la zone nord. Essaie d'y arriver
indemne.
"
0xfc28,"Le tunnel qui mène aux montagnes se situe au
nord-est. Prends cette direction.
","Le tunnel qui mène aux montagnes se situe au
nord-est. Prends cette direction.
"
0xfc79,"Snake, qu'est-ce que tu fais de ta bataille
contre The End?
","Snake, qu'est-ce que tu fais de ta bataille
contre The End?
"
0xfcb6,"Eh bien, je...
","Eh bien, je...
"
0xfcc6,"Enfin, c'est peut-être une bonne idée de
faire le plein de munitions et d'équipements.
","Enfin, c'est peut-être une bonne idée de
faire le plein de munitions et d'équipements.
"
0xfd21,"Pour The End, un ou deux jours d'attente, ce
n'est rien.
","Pour The End, un ou deux jours d'attente, ce
n'est rien.
"
0xfd5b,"Même maintenant, il attend probablement
ton retour de la forêt de Sokrovenno.
","Même maintenant, il attend probablement
ton retour de la forêt de Sokrovenno.
"
0xfdac,"Tant que The End...
","Tant que The End...
"
0xfdc1,"n'aura pas été battu, tu ne pourras pas
avancer. Une fois ravitaillé, retourne à
Sokrovenno.
","n'aura pas été battu, tu ne pourras pas
avancer. Une fois ravitaillé, retourne à
Sokrovenno.
"
0xfe23,"Bravo, tu es à l'intérieur du tunnel.
","Bravo, tu es à l'intérieur du tunnel.
"
0xfe4c,"L'échelle au bout du tunnel te conduira aux
montagnes. Traverse le tunnel et monte à
l'échelle.
","L'échelle au bout du tunnel te conduira aux
montagnes. Traverse le tunnel et monte à
l'échelle.
"
0xfeb0,"Tu es arrivé dans les montagnes.
","Tu es arrivé dans les montagnes.
"
0xfed3,"Ces montagnes s'appellent Krasnogorje. Ce
nom signifie ""la chaîne de montagnes
rouges"" en russe.
","Ces montagnes s'appellent Krasnogorje. Ce
nom signifie ""la chaîne de montagnes
rouges"" en russe.
"
0xff36,"Toute la chaîne a été fortifiée pour défendre
la grande forteresse de Groznyj Grad.
","Toute la chaîne a été fortifiée pour défendre
la grande forteresse de Groznyj Grad.
"
0xff90,"Il y a des bunkers et des tranchées près du
sommet, ainsi que des emplacements pour
canons anti-aériens un peu partout.
","Il y a des bunkers et des tranchées près du
sommet, ainsi que des emplacements pour
canons anti-aériens un peu partout.
"
0x1000c,"C'est littéralement un mur impénétrable.
Avance avec prudence.
","C'est littéralement un mur impénétrable.
Avance avec prudence.
"
0x1004f,"Oh, il y a un entrepôt à provisions dans la
colline et un dépôt d'armes au sommet.
","Oh, il y a un entrepôt à provisions dans la
colline et un dépôt d'armes au sommet.
"
0x100a7,"Rendez-vous dans les ruines au sommet de la
montagne.
","Rendez-vous dans les ruines au sommet de la
montagne.
"
0x100de,"Le sommet est encore loin. Avance encore.
","Le sommet est encore loin. Avance encore.
"
0x10109,"Le sommet est encore loin. Continue à
grimper.
","Le sommet est encore loin. Continue à
grimper.
"
0x1013a,"Tu vois ces ruines au sommet? Je t'attendrai
là-bas.
","Tu vois ces ruines au sommet? Je t'attendrai
là-bas.
"
0x10171,"Reste sur tes gardes. Volgin a envoyé un
hélicoptère de combat pour t'arrêter.
","Reste sur tes gardes. Volgin a envoyé un
hélicoptère de combat pour t'arrêter.
"
0x101c5,"Tu l'as vu à l'héliport, non? Il patrouille
probablement la zone.
","Tu l'as vu à l'héliport, non? Il patrouille
probablement la zone.
"
0x1020a,"Si tu te fais repérer par l'ennemi, tu vas devoir
affronter ce truc.
","Si tu te fais repérer par l'ennemi, tu vas devoir
affronter ce truc.
"
0x10251,"C'est bien ma veine. Je n'ai pas d'arme contre
ce genre de trucs...
","C'est bien ma veine. Je n'ai pas d'arme contre
ce genre de trucs...
"
0x10296,"Ne t'inquiète pas. J'ai trouvé un RPG-7. Je
devrais pouvoir me débarrasser de ces sales
bêtes.
","Ne t'inquiète pas. J'ai trouvé un RPG-7. Je
devrais pouvoir me débarrasser de ces sales
bêtes.
"
0x102fa,"Si tu avais un RPG-7, tu pourrais le
dégommer.
","Si tu avais un RPG-7, tu pourrais le
dégommer.
"
0x1032b,"Il devrait y avoir un RPG-7 dans un des
bunkers de la colline.
","Il devrait y avoir un RPG-7 dans un des
bunkers de la colline.
"
0x1036b,"Un lance-missile portable, hein? Avec ça, je
devrais me débarrasser facilement de ces
sales bêtes.
","Un lance-missile portable, hein? Avec ça, je
devrais me débarrasser facilement de ces
sales bêtes.
"
0x103d2,"Tu peux aussi essayer avec un canon
antiaérien.
","Tu peux aussi essayer avec un canon
antiaérien.
"
0x10404,"Tu peux prendre les commandes d'un canon
antiaérien quand tu es à proximité en appuyant
sur la touche Action.
","Tu peux prendre les commandes d'un canon
antiaérien quand tu es à proximité en appuyant
sur la touche Action.
"
0x10476,"EVA, comment ça va de ton côté? Tu crois
pouvoir y arriver?
","EVA, comment ça va de ton côté? Tu crois
pouvoir y arriver?
"
0x104b6,"Ça va. J'ai réussi à m'échapper, mais j'ai eu
un ou deux contretemps.
","Ça va. J'ai réussi à m'échapper, mais j'ai eu
un ou deux contretemps.
"
0x10501,"Il y a un problème?
","Il y a un problème?
"
0x10517,"J'ai fait un petit détour en chemin.
","J'ai fait un petit détour en chemin.
"
0x1053e,"Un détour?
","Un détour?
"
0x1054b,"Ouais. Puisque tu as eu un peu de mal à me
retrouver, j'ai pensé te donner un cadeau.
","Ouais. Puisque tu as eu un peu de mal à me
retrouver, j'ai pensé te donner un cadeau.
"
0x105a4,"Un cadeau? Qu'est-ce que c'est?
","Un cadeau? Qu'est-ce que c'est?
"
0x105c5,"Tu veux vraiment savoir?
","Tu veux vraiment savoir?
"
0x105df,"Ouais.
","Ouais.
"
0x105e7,"C'est un secret.
","C'est un secret.
"
0x105f9,"...
","...
"
0x105fe,"Tu le sauras une fois arrivé.
","Tu le sauras une fois arrivé.
"
0x1061e,"Après cette escalade, tu dois être éreinté.
","Après cette escalade, tu dois être éreinté.
"
0x1064f,"Il y a un entrepôt à provisions derrière le
coteau. Et si tu y allais pour faire des
provisions?
","Il y a un entrepôt à provisions derrière le
coteau. Et si tu y allais pour faire des
provisions?
"
0x106b4,"EVA?
","EVA?
"
0x106ba,"Snake?
","Snake?
"
0x106c2,"Ça va...
","Ça va...
"
0x106cd,"Tu t'es fait du souci à cause de moi?
","Tu t'es fait du souci à cause de moi?
"
0x106f5,"Ouais, je ne peux pas continuer ma mission
sans ton aide.
","Ouais, je ne peux pas continuer ma mission
sans ton aide.
"
0x10730,"Ton honnêteté me va droit au cœur...
","Ton honnêteté me va droit au cœur...
"
0x10759,"Ne t'inquiète pas pour moi. Je vais bien.
Mais...
","Ne t'inquiète pas pour moi. Je vais bien.
Mais...
"
0x1078d,"Mais quoi?
","Mais quoi?
"
0x10799,"Merci quand même.
","Merci quand même.
"
0x107ad,"Y a pas de quoi.
","Y a pas de quoi.
"
0x107bf,"OK, retour à la mission.
","OK, retour à la mission.
"
0x107da,"La sécurité de l'aile ouest, là où Sokolov est
détenu prisonnier, a été renforcée à
l'extrême.
","La sécurité de l'aile ouest, là où Sokolov est
détenu prisonnier, a été renforcée à
l'extrême.
"
0x10844,"Les seules personnes pouvant entrer dans
cette aile ouest possèdent une autorisation de
niveau Colonel.
","Les seules personnes pouvant entrer dans
cette aile ouest possèdent une autorisation de
niveau Colonel.
"
0x108ae,"Une de ces personnes est le Major Raikov.
Pour entrer dans cette aile, déguise-toi en
Raikov.
","Une de ces personnes est le Major Raikov.
Pour entrer dans cette aile, déguise-toi en
Raikov.
"
0x1090e,"D'abord, débarrasse-toi de Raikov et vole son
uniforme. Il est dans l'aile est du laboratoire
d'armes, au centre de Groznyj Grad.
","D'abord, débarrasse-toi de Raikov et vole son
uniforme. Il est dans l'aile est du laboratoire
d'armes, au centre de Groznyj Grad.
"
0x10992,"L'aile est se situe au nord de ta position
actuelle. Dirige-toi vers le nord.
","L'aile est se situe au nord de ta position
actuelle. Dirige-toi vers le nord.
"
0x109e1,"L'aile est se situe au nord-est de ta position
actuelle. Dirige-toi vers le nord-est.
","L'aile est se situe au nord-est de ta position
actuelle. Dirige-toi vers le nord-est.
"
0x10a38,"L'aile est se situe à l'est de ta position
actuelle. Dirige-toi vers l'est.
","L'aile est se situe à l'est de ta position
actuelle. Dirige-toi vers l'est.
"
0x10a86,"Tu approches de l'aile est. Avance et
infiltre-toi.
","Tu approches de l'aile est. Avance et
infiltre-toi.
"
0x10abb,"OK. Mais pourquoi?
","OK. Mais pourquoi?
"
0x10acf,"Quoi?
","Quoi?
"
0x10ad6,"Pourquoi voler les habits de Raikov? La tenue
du scientifique ne ferait pas l'affaire...?
","Pourquoi voler les habits de Raikov? La tenue
du scientifique ne ferait pas l'affaire...?
"
0x10b31,"Pas cette fois. L'uniforme de Raikov est d'un
type spécial qu'il est le seul à porter. Tu
devras t'emparer de son uniforme personnel.
","Pas cette fois. L'uniforme de Raikov est d'un
type spécial qu'il est le seul à porter. Tu
devras t'emparer de son uniforme personnel.
"
0x10bba,"D'habitude, je sais comment m'y prendre pour
que les hommes se dévêtissent, mais pas
avec lui.
","D'habitude, je sais comment m'y prendre pour
que les hommes se dévêtissent, mais pas
avec lui.
"
0x10c1c,"?
","?
"
0x10c1f,"Toi, par contre, tu auras peut-être plus de
chance.
","Toi, par contre, tu auras peut-être plus de
chance.
"
0x10c55,"Qu'est-ce que ça veux dire?
","Qu'est-ce que ça veux dire?
"
0x10c73,"Tu vois ce que je veux dire, non?
","Tu vois ce que je veux dire, non?
"
0x10c96,"De toute façon, le seul moyen d'obtenir
l'uniforme de Raikov consiste à te débarrasser
de lui et à lui voler en personne. Il est quelque
part dans l'aile est.
","De toute façon, le seul moyen d'obtenir
l'uniforme de Raikov consiste à te débarrasser
de lui et à lui voler en personne. Il est quelque
part dans l'aile est.
"
0x10d3a,"EVA, à propos de ce Major Raikov...
","EVA, à propos de ce Major Raikov...
"
0x10d60,"Oui?
","Oui?
"
0x10d66,"Tu as dit qu'il avait une autorisation de niveau
Colonel, c'est ça?
","Tu as dit qu'il avait une autorisation de niveau
Colonel, c'est ça?
"
0x10dac,"Oui.
","Oui.
"
0x10db2,"Mais c'est un Major. Pourquoi est-ce qu'il a
une autorisation de niveau Colonel?
","Mais c'est un Major. Pourquoi est-ce qu'il a
une autorisation de niveau Colonel?
"
0x10e04,"Raikov est traité comme un officier de rang
égal à celui du Colonel Volgin.
","Raikov est traité comme un officier de rang
égal à celui du Colonel Volgin.
"
0x10e54,"Traité à rang égal?
","Traité à rang égal?
"
0x10e6c,"Ouais.
","Ouais.
"
0x10e74,"Alors qu'il n'est qu'un Major?
","Alors qu'il n'est qu'un Major?
"
0x10e94,"Ouais.
","Ouais.
"
0x10e9c,"Et pourquoi?
","Et pourquoi?
"
0x10eaa,"Tu ne sais pas?
","Tu ne sais pas?
"
0x10ebb,"Non.
","Non.
"
0x10ec1,"Même après avoir vu cette photo?
","Même après avoir vu cette photo?
"
0x10ee5,"Non.
","Non.
"
0x10eeb,"On t'a déjà dit que tu n'étais pas très futé?
","On t'a déjà dit que tu n'étais pas très futé?
"
0x10f1f,"De quoi tu parles?
","De quoi tu parles?
"
0x10f33,"Je vais te laisser y réfléchir.
","Je vais te laisser y réfléchir.
"
0x10f56,"Attends une minute...
","Attends une minute...
"
0x10f6d,"Je dois y aller.
","Je dois y aller.
"
0x10f7f,"Au fait, Snake...
","Au fait, Snake...
"
0x10f92,"Quoi?
","Quoi?
"
0x10f99,"Pourquoi tu ne le manges pas?
","Pourquoi tu ne le manges pas?
"
0x10fb8,"De quoi est-ce que tu parles?
","De quoi est-ce que tu parles?
"
0x10fd7,"Les nouilles instantanées. Pourquoi tu ne les
manges pas?
","Les nouilles instantanées. Pourquoi tu ne les
manges pas?
"
0x11013,"Je dois vraiment?
","Je dois vraiment?
"
0x11026,"Bien sûr que oui.
","Bien sûr que oui.
"
0x1103a,"Pourquoi?
","Pourquoi?
"
0x11045,"Parce que c'est un cadeau de ma part.
","Parce que c'est un cadeau de ma part.
"
0x1106c,"...
","...
"
0x11071,"Tu ne le sais probablement pas, mais les
nouilles instantanées sont un plat très
populaire chez les troupes de Groznyj Grad.
","Tu ne le sais probablement pas, mais les
nouilles instantanées sont un plat très
populaire chez les troupes de Groznyj Grad.
"
0x110f1,"J'ai eu du mal à en trouver. Et j'ai même
réussi à en obtenir trois paquets...
","J'ai eu du mal à en trouver. Et j'ai même
réussi à en obtenir trois paquets...
"
0x11145,"Trois? Mais tu ne m'en as donné que deux...
","Trois? Mais tu ne m'en as donné que deux...
"
0x11173,"Ah...
","Ah...
"
0x1117a,"Bon, l'important, c'est que tu ferais bien de le
manger. Sinon...
","Bon, l'important, c'est que tu ferais bien de le
manger. Sinon...
"
0x111bd,"Sans arme et sans équipement, tu ne pourras
pas continuer ta mission.
","Sans arme et sans équipement, tu ne pourras
pas continuer ta mission.
"
0x11205,"J'ai avec moi toutes tes affaires. Rendez-vous
à l'extérieur de la forteresse.
","J'ai avec moi toutes tes affaires. Rendez-vous
à l'extérieur de la forteresse.
"
0x11257,"Il y a une bouche d'égout ouverte au
nord-ouest de la forteresse.
","Il y a une bouche d'égout ouverte au
nord-ouest de la forteresse.
"
0x1129b,"Emprunte ce chemin pour entrer dans les
égouts et ressortir de Groznyj Grad.
","Emprunte ce chemin pour entrer dans les
égouts et ressortir de Groznyj Grad.
"
0x112ea,"Pour aller à cette bouche d'égout, prends le
passage qui mène à l'aile ouest, puis dirige-toi
vers le nord.
","Pour aller à cette bouche d'égout, prends le
passage qui mène à l'aile ouest, puis dirige-toi
vers le nord.
"
0x1135b,"Volgin et ses hommes vont bientôt
remarquer que tu as disparu. Rends-toi à cette
bouche d'égout avant qu'ils ne te trouvent.
","Volgin et ses hommes vont bientôt
remarquer que tu as disparu. Rends-toi à cette
bouche d'égout avant qu'ils ne te trouvent.
"
0x113dc,"EVA, tu n'as... rien perdu dans mon
équipement, n'est-ce pas?
","EVA, tu n'as... rien perdu dans mon
équipement, n'est-ce pas?
"
0x1141c,"Pourquoi, tu ne me fais pas confiance?
","Pourquoi, tu ne me fais pas confiance?
"
0x11444,"Ce n'est pas ça. C'est juste...
","Ce n'est pas ça. C'est juste...
"
0x11466,"T'inquiète. J'ai rien jeté.
","T'inquiète. J'ai rien jeté.
"
0x11485,"Même pas ce magazine hautement
intellectuel...
","Même pas ce magazine hautement
intellectuel...
"
0x114b6,"!!
","!!
"
0x114ba,"Enfin, Snake, en pleine mission...
","Enfin, Snake, en pleine mission...
"
0x114de,"Je... C'est pour...
","Je... C'est pour...
"
0x114f3,"Je sais. Il t'aurait suffit de me le demander et
je t'aurais aidé.
","Je sais. Il t'aurait suffit de me le demander et
je t'aurais aidé.
"
0x11538,"A quoi!?
","A quoi!?
"
0x11542,"A détourner l'attention de tes ennemis...
","A détourner l'attention de tes ennemis...
"
0x1156e,"Oh...
","Oh...
"
0x11575,"Snake, pardonne-moi. Impossible d'utiliser la
voie de secours que j'avais prévu.
","Snake, pardonne-moi. Impossible d'utiliser la
voie de secours que j'avais prévu.
"
0x115c8,"Ils ont déjà envoyé des unités à tes trousses.
Et en plus, ils ont des chiens dressés au
combat...
","Ils ont déjà envoyé des unités à tes trousses.
Et en plus, ils ont des chiens dressés au
combat...
"
0x11632,"Il y a une sortie au nord des égouts. Va au
nord, et le plus vite possible!
","Il y a une sortie au nord des égouts. Va au
nord, et le plus vite possible!
"
0x11680,"Impossible de passer à travers ces grilles en
fer qui bloquent les passages.
","Impossible de passer à travers ces grilles en
fer qui bloquent les passages.
"
0x116cf,"Par contre, il y a des conduits qui relient les
passages entre eux. Rampe dans l'un de ces
conduits pour contourner ces grilles.
","Par contre, il y a des conduits qui relient les
passages entre eux. Rampe dans l'un de ces
conduits pour contourner ces grilles.
"
0x11751,"Cette zone s'appelle Tikhogornyj. Ça veut dire
""la chaîne de montagne tranquille"" en russe.
","Cette zone s'appelle Tikhogornyj. Ça veut dire
""la chaîne de montagne tranquille"" en russe.
"
0x117b0,"Comme son nom l'indique, ce sont les plus
beaux rivages de la région de Groznyj Grad.
","Comme son nom l'indique, ce sont les plus
beaux rivages de la région de Groznyj Grad.
"
0x11808,"Si tu remontes le courant, tu arriveras à une
cascade. Je t'attendrai dans la grotte derrière
cette cascade. Alors, remonte la rivière.
","Si tu remontes le courant, tu arriveras à une
cascade. Je t'attendrai dans la grotte derrière
cette cascade. Alors, remonte la rivière.
"
0x11894,"Snake, est-ce que tu es poursuivi par
l'ennemi?
","Snake, est-ce que tu es poursuivi par
l'ennemi?
"
0x118c5,"Ouais. C'est encore ces Ocelots.
","Ouais. C'est encore ces Ocelots.
"
0x118e7,"Ce n'est pas normal qu'ils te retrouvent si
facilement. C'est comme s'ils connaissaient ta
position exacte...
","Ce n'est pas normal qu'ils te retrouvent si
facilement. C'est comme s'ils connaissaient ta
position exacte...
"
0x11956,"Bon, va vite à la cascade. Une fois là-bas,
nous essayerons de nous débarrasser de ces
ennemis. Continue à remonter la rivière!
","Bon, va vite à la cascade. Une fois là-bas,
nous essayerons de nous débarrasser de ces
ennemis. Continue à remonter la rivière!
"
0x119dc,"Il y a une échelle au fond de la grotte derrière
la cascade. Elle te mènera à l'intérieur de la
forteresse. Va dans le fond de la grotte.
","Il y a une échelle au fond de la grotte derrière
la cascade. Elle te mènera à l'intérieur de la
forteresse. Va dans le fond de la grotte.
"
0x11a6c,"EVA, à propos du contenu de mon sac à dos...
","EVA, à propos du contenu de mon sac à dos...
"
0x11a9c,"Il y a quelque chose qui ne va pas?
","Il y a quelque chose qui ne va pas?
"
0x11ac1,"La nourriture a disparu.
","La nourriture a disparu.
"
0x11adb,"Oh.
","Oh.
"
0x11ae0,"Tu l'as mangée?
","Tu l'as mangée?
"
0x11af2,"Bien sûr que non! Pourquoi j'aurais fait ça?
","Bien sûr que non! Pourquoi j'aurais fait ça?
"
0x11b22,"Alors, c'est qui?
","Alors, c'est qui?
"
0x11b35,"!! Il y a un truc qui manque?
","!! Il y a un truc qui manque?
"
0x11b54,"Ouais, toute ma nourriture.
","Ouais, toute ma nourriture.
"
0x11b71,"Oh, c'est bizarre...
","Oh, c'est bizarre...
"
0x11b87,"Tu n'as pas...
","Tu n'as pas...
"
0x11b97,"C'est pas moi!
","C'est pas moi!
"
0x11ba7,"...
","...
"
0x11bac,"Tous ces serpents, ces crocodiles et ces
champignons bizarres... même si on me
payait, je ne les mangerais pas!
","Tous ces serpents, ces crocodiles et ces
champignons bizarres... même si on me
payait, je ne les mangerais pas!
"
0x11c1e,"Et les nouilles instantanées?
","Et les nouilles instantanées?
"
0x11c3e,"...
","...
"
0x11c43,"EVA...
","EVA...
"
0x11c4b,"J'avais faim, OK!? Tu comprends ça?! C'était
juste un petit paquet de nouilles...
","J'avais faim, OK!? Tu comprends ça?! C'était
juste un petit paquet de nouilles...
"
0x11ca0,"Ce n'est pas pour les nouilles. Mais pour tous
ces animaux que j'ai eu tant de mal à
capturer...
","Ce n'est pas pour les nouilles. Mais pour tous
ces animaux que j'ai eu tant de mal à
capturer...
"
0x11d03,"Ce n'est pas moi.
","Ce n'est pas moi.
"
0x11d16,"Alors, c'est qui?
","Alors, c'est qui?
"
0x11d29,"C'est Ocelot.
","C'est Ocelot.
"
0x11d38,"Ocelot?
","Ocelot?
"
0x11d41,"Il a dit qu'il voulait manger les mêmes trucs
que toi.
","Il a dit qu'il voulait manger les mêmes trucs
que toi.
"
0x11d7a,"Pourquoi cela?
","Pourquoi cela?
"
0x11d8a,"Tu n'as pas encore compris?
","Tu n'as pas encore compris?
"
0x11da7,"Non.
","Non.
"
0x11dad,"T'es vraiment bouché.
","T'es vraiment bouché.
"
0x11dc5,"...???
","...???
"
0x11dcd,"EVA, tu sais le calibre .45 et le MK-22 que tu
m'as montrés...
","EVA, tu sais le calibre .45 et le MK-22 que tu
m'as montrés...
"
0x11e0e,"Ouais?
","Ouais?
"
0x11e16,"Tu m'as dit que tu les avais obtenus dans un
arsenal d'armes occidentales, non?
","Tu m'as dit que tu les avais obtenus dans un
arsenal d'armes occidentales, non?
"
0x11e67,"C'est bien ça.
","C'est bien ça.
"
0x11e78,"EVA, tu sais, cet explosif...
","EVA, tu sais, cet explosif...
"
0x11e97,"Le C3?
","Le C3?
"
0x11e9f,"Ouais. Ça n'a pas été développé par les USA?
","Ouais. Ça n'a pas été développé par les USA?
"
0x11ed2,"C'est exact.
","C'est exact.
"
0x11ee0,"Alors, tu l'as eu où?
","Alors, tu l'as eu où?
"
0x11ef8,"Il y a un entrepôt rempli d'armes
occidentales. Ils les utilisent à des fins
expérimentales.
","Il y a un entrepôt rempli d'armes
occidentales. Ils les utilisent à des fins
expérimentales.
"
0x11f59,"Et c'est là que tu l'as volé?
","Et c'est là que tu l'as volé?
"
0x11f7a,"Ouaip.
","Ouaip.
"
0x11f82,"Comment ça se fait? Un arsenal bourré de
technologie occidentale devrait être sous
surveillance renforcée.
","Comment ça se fait? Un arsenal bourré de
technologie occidentale devrait être sous
surveillance renforcée.
"
0x11ff2,"Tu veux vraiment savoir?
","Tu veux vraiment savoir?
"
0x1200c,"Ouais.
","Ouais.
"
0x12014,"Vraiment?
","Vraiment?
"
0x1201f,"Oui.
","Oui.
"
0x12025,"Eh bien, je ne te le dirai pas.
","Eh bien, je ne te le dirai pas.
"
0x12046,"Pourquoi pas?
","Pourquoi pas?
"
0x12055,"Je perdrais mon temps.
","Je perdrais mon temps.
"
0x1206d,"Tu perdrais ton temps?
","Tu perdrais ton temps?
"
0x12085,"Même si je t'expliquais comment je l'ai eu,
tu ne pourrais jamais le faire toi-même.
","Même si je t'expliquais comment je l'ai eu,
tu ne pourrais jamais le faire toi-même.
"
0x120dd,"Qu'est-ce que ça veut dire?
","Qu'est-ce que ça veut dire?
"
0x120fb,"Exactement ce que ça veut dire.
","Exactement ce que ça veut dire.
"
0x1211d,"EVA, qu'est-ce qui est arrivé à Ocelot?
","EVA, qu'est-ce qui est arrivé à Ocelot?
"
0x12148,"Tu ne peux plus te passer de lui, pas vrai?
","Tu ne peux plus te passer de lui, pas vrai?
"
0x12175,"Il ne te fait pas confiance.
","Il ne te fait pas confiance.
"
0x12193,"Je sais. Alors c'est pour moi que tu
t'inquiètes?
","Je sais. Alors c'est pour moi que tu
t'inquiètes?
"
0x121c7,"EVA...
","EVA...
"
0x121cf,"Ça va. Je sais comment m'y prendre avec lui.
","Ça va. Je sais comment m'y prendre avec lui.
"
0x121fe,"En plus, en ce moment, il a l'esprit occupé par
quelqu'un d'autre.
","En plus, en ce moment, il a l'esprit occupé par
quelqu'un d'autre.
"
0x12243,"?
","?
"
0x12246,"Réfléchis et tu trouveras.
","Réfléchis et tu trouveras.
"
0x12264,"EVA, ces données sur le Shagohod que tu as
obtenues de Sokolov...
","EVA, ces données sur le Shagohod que tu as
obtenues de Sokolov...
"
0x122a8,"Hmm mm...
","Hmm mm...
"
0x122b3,"Tu vas vraiment les donner à Khrouchtchev?
","Tu vas vraiment les donner à Khrouchtchev?
"
0x122e0,"Tu crois que je vais répondre à cette question?
","Tu crois que je vais répondre à cette question?
"
0x12313,"Je voudrais bien que tu me répondes.
","Je voudrais bien que tu me répondes.
"
0x1233a,"Tu me demandes quelque chose que je ne
peux pas te donner.
","Tu me demandes quelque chose que je ne
peux pas te donner.
"
0x12376,"...
","...
"
0x1237b,"Snake, comme toi, j'ai une mission à remplir.
Essaie de comprendre...
","Snake, comme toi, j'ai une mission à remplir.
Essaie de comprendre...
"
0x123c3,"...
","...
"
0x123c8,"EVA, tu m'as bien pris en photo quand j'allais
sortir de la grotte sous la cascade?
","EVA, tu m'as bien pris en photo quand j'allais
sortir de la grotte sous la cascade?
"
0x1241d,"Ah ça. C'est un appareil photo dissimulé en
bouton qui a été développé par le KGB.
","Ah ça. C'est un appareil photo dissimulé en
bouton qui a été développé par le KGB.
"
0x12477,"Je m'en sers pour prendre des photos de la
forteresse et du Shagohod et...
","Je m'en sers pour prendre des photos de la
forteresse et du Shagohod et...
"
0x124c3,"Ce n'est pas ma question. Pourquoi m'as-tu
pris en photo?
","Ce n'est pas ma question. Pourquoi m'as-tu
pris en photo?
"
0x124fe,"Parce que je voulais avoir une photo de toi.
","Parce que je voulais avoir une photo de toi.
"
0x1252c,"...
","...
"
0x12531,"...Et si je te disais pourquoi, est-ce que tu me
croirais?
","...Et si je te disais pourquoi, est-ce que tu me
croirais?
"
0x1256d,"...
","...
"
0x12572,"Le Shagohod est dans le hangar de l'aile
principale du laboratoire d'armes.
","Le Shagohod est dans le hangar de l'aile
principale du laboratoire d'armes.
"
0x125bf,"Tu peux entrer dans ce hangar par la porte
située à l'entrée de l'aile principale, au
deuxième étage de l'aile est.
","Tu peux entrer dans ce hangar par la porte
située à l'entrée de l'aile principale, au
deuxième étage de l'aile est.
"
0x12639,"Dépêche-toi!
","Dépêche-toi!
"
0x12649,"Snake, ils savent que tu t'étais déguisé en
Raikov pour entrer la dernière fois.
","Snake, ils savent que tu t'étais déguisé en
Raikov pour entrer la dernière fois.
"
0x1269f,"En plus, sans casquette, je ne crois pas que
ce déguisement réussirait à les tromper.
","En plus, sans casquette, je ne crois pas que
ce déguisement réussirait à les tromper.
"
0x126f9,"EVA, où en es-tu?
","EVA, où en es-tu?
"
0x1270d,"Je me dirige vers le pont de chemin de fer.
","Je me dirige vers le pont de chemin de fer.
"
0x1273a,"OK. Quand tu auras fini de mettre le C3 sur le
pont...
","OK. Quand tu auras fini de mettre le C3 sur le
pont...
"
0x12772,"Je sais. Rendez-vous au lac. Toi aussi,
concentre-toi sur ta mission.
","Je sais. Rendez-vous au lac. Toi aussi,
concentre-toi sur ta mission.
"
0x127b9,"Cette forêt s'appelle Dremuchij. ""La forêt
à laquelle on n'a pas touché"" en russe.
","Cette forêt s'appelle Dremuchij. ""La forêt
à laquelle on n'a pas touché"" en russe.
"
0x12811,"Le nom veut tout dire: Dremuchij est une
jungle jamais exploitée par les hommes, à
l'extrémité de Tselinoyarsk.
","Le nom veut tout dire: Dremuchij est une
jungle jamais exploitée par les hommes, à
l'extrémité de Tselinoyarsk.
"
0x12886,"Cette forêt est si dense que les unités
importantes ne peuvent pas y pénétrer. Bref,
une vraie défense naturelle.
","Cette forêt est si dense que les unités
importantes ne peuvent pas y pénétrer. Bref,
une vraie défense naturelle.
"
0x128fe,"C'est pour cela que le laboratoire de recherche
et Groznyj Grad ont été construits ici.
","C'est pour cela que le laboratoire de recherche
et Groznyj Grad ont été construits ici.
"
0x12959,"... Mais pour en revenir au sujet, qu'est-ce que
tu fais là? Tu ne vas pas abandonner ta
mission, j'espère?
","... Mais pour en revenir au sujet, qu'est-ce que
tu fais là? Tu ne vas pas abandonner ta
mission, j'espère?
"
0x129c8,"Reprends la direction du nord.
","Reprends la direction du nord.
"
0x129e8,"Cette zone s'appelle Dolinovodno. Cela veut
dire ""la forêt du canyon"".
","Cette zone s'appelle Dolinovodno. Cela veut
dire ""la forêt du canyon"".
"
0x12a31,"Ce nom vient sûrement du canyon qui
sépare la jungle en deux.
","Ce nom vient sûrement du canyon qui
sépare la jungle en deux.
"
0x12a72,"Le pont de cordage au centre a été construit
rapidement pour leur permettre de patrouiller
Dremuchij.
","Le pont de cordage au centre a été construit
rapidement pour leur permettre de patrouiller
Dremuchij.
"
0x12adb,"Au fait, qu'est-ce que tu fais tout là-bas?
Retourne en direction du nord, et vite.
","Au fait, qu'est-ce que tu fais tout là-bas?
Retourne en direction du nord, et vite.
"
0x12b31,"Cette zone s'appelle Rassvet. En russe, cela
veut dire ""aube"".
","Cette zone s'appelle Rassvet. En russe, cela
veut dire ""aube"".
"
0x12b71,"Le nom vient de l'époque où on a construit
cette usine.
","Le nom vient de l'époque où on a construit
cette usine.
"
0x12bac,"Mais l'usine a fermé et Tselinoyarsk est
devenu un centre de recherche top secret et
une forteresse militaire.
","Mais l'usine a fermé et Tselinoyarsk est
devenu un centre de recherche top secret et
une forteresse militaire.
"
0x12c1d,"Le nom Groznyj Grad veut dire ""la terrible
forteresse"".
","Le nom Groznyj Grad veut dire ""la terrible
forteresse"".
"
0x12c56,"Et c'est exactement cela: une forteresse
monstrueuse et imprenable construite avec la
fortune amassée par le Colonel Volgin.
","Et c'est exactement cela: une forteresse
monstrueuse et imprenable construite avec la
fortune amassée par le Colonel Volgin.
"
0x12cd5,"Au centre de la forteresse, il y a un laboratoire
de recherche, c'est pour ainsi dire son centre
nerveux.
","Au centre de la forteresse, il y a un laboratoire
de recherche, c'est pour ainsi dire son centre
nerveux.
"
0x12d40,"Au sud-est, il y a une prison, au nord-ouest un
arsenal, et au nord-est un entrepôt à
provisions.
","Au sud-est, il y a une prison, au nord-ouest un
arsenal, et au nord-est un entrepôt à
provisions.
"
0x12da5,"Le labo de recherche au centre, c'est là où
Granin, Sokolov et d'autres scientifiques
effectuent leurs travaux de recherche en armes
high-tech.
","Le labo de recherche au centre, c'est là où
Granin, Sokolov et d'autres scientifiques
effectuent leurs travaux de recherche en armes
high-tech.
"
0x12e38,"Parmi leurs trouvailles, la plateforme volante et
l'hélicoptère de combat que tu as vus.
","Parmi leurs trouvailles, la plateforme volante et
l'hélicoptère de combat que tu as vus.
"
0x12e94,"Et maintenant, ils ont bientôt fini de
développer le Shagohod.
","Et maintenant, ils ont bientôt fini de
développer le Shagohod.
"
0x12ed6,"S'ils l'appellent ""la terrible forteresse"", il y a
bien une raison.
","S'ils l'appellent ""la terrible forteresse"", il y a
bien une raison.
"
0x12f1b,"Désolé Snake, j'ai oublié de te dire qu'ils
utilisent des chiens d'attaque dans cette zone.
","Désolé Snake, j'ai oublié de te dire qu'ils
utilisent des chiens d'attaque dans cette zone.
"
0x12f7b,"S'ils te repèrent, tu vas passer un mauvais
quart d'heure.
","S'ils te repèrent, tu vas passer un mauvais
quart d'heure.
"
0x12fb8,"Les chiens d'attaque sont dressés au combat
et tu ne t'en débarrasseras pas si facilement.
","Les chiens d'attaque sont dressés au combat
et tu ne t'en débarrasseras pas si facilement.
"
0x13016,"S'ils aboient, cela risque d'alerter les
patrouilles alentours de ta présence.
","S'ils aboient, cela risque d'alerter les
patrouilles alentours de ta présence.
"
0x13067,"Fais attention à ne pas te faire repérer par ces
chiens.
","Fais attention à ne pas te faire repérer par ces
chiens.
"
0x130a3,"Il ne faut pas sous-estimer Ocelot. Ne pense
même pas à fuir.
","Il ne faut pas sous-estimer Ocelot. Ne pense
même pas à fuir.
"
0x130e4,"Le seul moyen de continuer, c'est d'arriver à le
battre.
","Le seul moyen de continuer, c'est d'arriver à le
battre.
"
0x1311f,"On dit qu'Ocelot peut atteindre sa cible,
même cachée derrière des obstacles, en
faisant ricocher ses balles. Les rochers et les
arbres ne te protègeront pas.
","On dit qu'Ocelot peut atteindre sa cible,
même cachée derrière des obstacles, en
faisant ricocher ses balles. Les rochers et les
arbres ne te protègeront pas.
"
0x131c3,"Si tu restes trop longtemps au même
endroit, tu deviendras vite une cible facile. Ne
reste jamais au même endroit, déplace-toi
sans arrêt!
","Si tu restes trop longtemps au même
endroit, tu deviendras vite une cible facile. Ne
reste jamais au même endroit, déplace-toi
sans arrêt!
"
0x13253,"Je ne sais pas pourquoi, mais Ocelot est
particulièrement attaché à sa casquette.
","Je ne sais pas pourquoi, mais Ocelot est
particulièrement attaché à sa casquette.
"
0x132a9,"Fais tomber sa casquette en lui tirant dessus
pour le déconcentrer.
","Fais tomber sa casquette en lui tirant dessus
pour le déconcentrer.
"
0x132ef,"Toutes les sorties sont gardées par les
membres de l'unité Ocelot. Ils sont d'une
loyauté sans faille envers Ocelot.
","Toutes les sorties sont gardées par les
membres de l'unité Ocelot. Ils sont d'une
loyauté sans faille envers Ocelot.
"
0x13368,"Même s'il leur ordonnait de ne pas bouger,
ils interviendraient sûrement s'il était en
danger.
","Même s'il leur ordonnait de ne pas bouger,
ils interviendraient sûrement s'il était en
danger.
"
0x133cb,"Si un des Ocelots t'attaque, utilise une
grenade ou une autre arme pour te défendre!
","Si un des Ocelots t'attaque, utilise une
grenade ou une autre arme pour te défendre!
"
0x13422,"The Pain est capable de contrôler des
essaims de frelons.
","The Pain est capable de contrôler des
essaims de frelons.
"
0x1345e,"Fais attention à ses attaques de frelons!
","Fais attention à ses attaques de frelons!
"
0x1348a,"Même les frelons spéciaux de The Pain ne
pourront pas te suivre sous l'eau.
","Même les frelons spéciaux de The Pain ne
pourront pas te suivre sous l'eau.
"
0x134d9,"Tu es un bon nageur, non? Si ces frelons
t'attaquent, plonge dans l'eau!
","Tu es un bon nageur, non? Si ces frelons
t'attaquent, plonge dans l'eau!
"
0x13523,"Traverse cette zone au nord et tu arriveras à
l'aqueduc.
","Traverse cette zone au nord et tu arriveras à
l'aqueduc.
"
0x1355e,"Mais attention, cet aqueduc est surveillé par
des plateformes volantes.
","Mais attention, cet aqueduc est surveillé par
des plateformes volantes.
"
0x135a8,"Des plateformes volantes?
","Des plateformes volantes?
"
0x135c3,"Des soldats qui volent au-dessus de ta tête.
","Des soldats qui volent au-dessus de ta tête.
"
0x135f2,"J'ai entendu dire des choses, mais...
","J'ai entendu dire des choses, mais...
"
0x13619,"Ils les utilisent déjà ici. Ça montre bien que les
Etats-Unis ne sont pas toujours les premiers
partout.
","Ils les utilisent déjà ici. Ça montre bien que les
Etats-Unis ne sont pas toujours les premiers
partout.
"
0x13686,"Selon un rapport, ils auraient transporté un
fusil Sniper à l'ouest de Ponizovje,
","Selon un rapport, ils auraient transporté un
fusil Sniper à l'ouest de Ponizovje,
"
0x136db,"l'aqueduc à l'autre bout de la grotte.
","l'aqueduc à l'autre bout de la grotte.
"
0x13704,"Quand tu arriveras à l'aqueduc, tu ferais bien
de te diriger dans cette direction pour vérifier
ce rapport.
","Quand tu arriveras à l'aqueduc, tu ferais bien
de te diriger dans cette direction pour vérifier
ce rapport.
"
0x13773,"Je sais que c'est difficile à croire, mais on dit
que The End est capable de photosynthèse.
","Je sais que c'est difficile à croire, mais on dit
que The End est capable de photosynthèse.
"
0x137d2,"Il a sûrement une longueur d'avance en
termes d'endurance.
","Il a sûrement une longueur d'avance en
termes d'endurance.
"
0x1380f,"Tu ferais bien de ramasser des plantes et de
chasser des animaux avant la longue bataille
qui t'attend.
","Tu ferais bien de ramasser des plantes et de
chasser des animaux avant la longue bataille
qui t'attend.
"
0x13878,"Il y a un dépôt d'armes au sud de
Sokrovenno. Utilise-le pour te ravitailler en
munitions si tu en as besoin.
","Il y a un dépôt d'armes au sud de
Sokrovenno. Utilise-le pour te ravitailler en
munitions si tu en as besoin.
"
0x138e9,"Mais attention: The End risque de t'y tendre
une embuscade!
","Mais attention: The End risque de t'y tendre
une embuscade!
"
0x13926,"Sans fusil Sniper, tu vas avoir du mal à battre
The End.
","Sans fusil Sniper, tu vas avoir du mal à battre
The End.
"
0x13961,"Il y a un SVD dans le dépôt d'armes au sud
de Sokrovenno ! Va le chercher!
","Il y a un SVD dans le dépôt d'armes au sud
de Sokrovenno ! Va le chercher!
"
0x139af,"Snake, ça va?
","Snake, ça va?
"
0x139bf,"Ouais... qu'est-ce qui m'est arrivé?
","Ouais... qu'est-ce qui m'est arrivé?
"
0x139e6,"The End t'a touché avec une flèche
tranquillisante et tu t'es endormi.
","The End t'a touché avec une flèche
tranquillisante et tu t'es endormi.
"
0x13a30,"Mm mmm. Et alors?
","Mm mmm. Et alors?
"
0x13a43,"Alors que tu étais inconscient, The End t'a
porté jusqu'au laboratoire.
","Alors que tu étais inconscient, The End t'a
porté jusqu'au laboratoire.
"
0x13a8e,"The End a fait ça?
","The End a fait ça?
"
0x13aa3,"Ouais.
","Ouais.
"
0x13aab,"Mais pourquoi? Pourquoi me laisser en vie?
","Mais pourquoi? Pourquoi me laisser en vie?
"
0x13ad7,"... Il attend peut-être un autre moment.
","... Il attend peut-être un autre moment.
"
0x13b02,"Il attend?
","Il attend?
"
0x13b0e,"Oui. Il attend que tu lui montres la véritable
fin.
","Oui. Il attend que tu lui montres la véritable
fin.
"
0x13b44,"...
","...
"
0x13b49,"The End t'attend sûrement dans cette
forêt de Sokrovenno.
","The End t'attend sûrement dans cette
forêt de Sokrovenno.
"
0x13b86,"Tant que tu ne l'auras pas battu, tu ne pourras
pas avancer dans ta mission.
","Tant que tu ne l'auras pas battu, tu ne pourras
pas avancer dans ta mission.
"
0x13bd4,"Retourne à Sokrovenno. Et bats The End.
","Retourne à Sokrovenno. Et bats The End.
"
0x13bfe,"L'entrée du puits qui mène aux montagnes est
située dans la partie nord-est de la zone nord.
","L'entrée du puits qui mène aux montagnes est
située dans la partie nord-est de la zone nord.
"
0x13c5f,"Débarrasse-toi de ces Ocelots et dirige-toi vers
ce puits!
","Débarrasse-toi de ces Ocelots et dirige-toi vers
ce puits!
"
0x13c9c,"Les Ocelots appartiennent à une unité d'élite
triée sur le volet dans les rangs de Spetsnaz,
les forces spéciales du GRU.
","Les Ocelots appartiennent à une unité d'élite
triée sur le volet dans les rangs de Spetsnaz,
les forces spéciales du GRU.
"
0x13d1c,"Pas étonnant, donc, qu'ils soient d'excellents
combattants.
","Pas étonnant, donc, qu'ils soient d'excellents
combattants.
"
0x13d5a,"Ce sont de très bons tireurs et s'ils te
touchent, tes blessures seront conséquentes.
","Ce sont de très bons tireurs et s'ils te
touchent, tes blessures seront conséquentes.
"
0x13db3,"Evite de les affronter en face à face. Si un
grand nombre d'entre eux arrivent à
t'encercler, tu es fichu.
","Evite de les affronter en face à face. Si un
grand nombre d'entre eux arrivent à
t'encercler, tu es fichu.
"
0x13e21,"Utilise ton camouflage pour éviter qu'ils ne te
repèrent et continue à avancer!
","Utilise ton camouflage pour éviter qu'ils ne te
repèrent et continue à avancer!
"
0x13e75,"... Je ne le vois pas.
","... Je ne le vois pas.
"
0x13e8d,"Vraiment?
","Vraiment?
"
0x13e98,"Non.
","Non.
"
0x13e9e,"Tu as dû le rater. Vérifie à nouveau.
","Tu as dû le rater. Vérifie à nouveau.
"
0x13ec8,"... Non. Il n'est pas là.
","... Non. Il n'est pas là.
"
0x13ee4,"C'est peut-être parce que tu as détruit celui
garé à l'héliport. Mais je suis sûre qu'il y en
aura un dans la prochaine zone.
","C'est peut-être parce que tu as détruit celui
garé à l'héliport. Mais je suis sûre qu'il y en
aura un dans la prochaine zone.
"
0x13f69,"...
","...
"
0x13f6e,"Je te promets.
","Je te promets.
"
0x13f7e,"Snake, comme je te l'avais dit, il y a un
hélicoptère de combat dans cette zone.
","Snake, comme je te l'avais dit, il y a un
hélicoptère de combat dans cette zone.
"
0x13fd2,"Oui, on dirait...
","Oui, on dirait...
"
0x13fe5,"Tu as réussi à t'introduire dans l'aile est.
Félicitations. Raikov se situe quelque part dans
ce bâtiment.
","Tu as réussi à t'introduire dans l'aile est.
Félicitations. Raikov se situe quelque part dans
ce bâtiment.
"
0x14055,"Tu sais à quoi il ressemble, non? Quand tu
l'auras trouvé, vole son uniforme.
","Tu sais à quoi il ressemble, non? Quand tu
l'auras trouvé, vole son uniforme.
"
0x140a6,"Mais si tu entres comme ça, l'ennemi va te
repérer bien avant que tu trouves Raikov.
Déguise-toi en scientifique.
","Mais si tu entres comme ça, l'ennemi va te
repérer bien avant que tu trouves Raikov.
Déguise-toi en scientifique.
"
0x1411c,"Il y a des scientifiques dans l'aile est. Ils ont
presque tous été emmenés ici contre leur gré,
comme Sokolov.
","Il y a des scientifiques dans l'aile est. Ils ont
presque tous été emmenés ici contre leur gré,
comme Sokolov.
"
0x14190,"S'ils te voient, ils ne t'attaqueront
probablement pas,
","S'ils te voient, ils ne t'attaqueront
probablement pas,
"
0x141c9,"mais ils risquent de te faire repérer en
appelant à l'aide ou en appuyant sur les
alarmes aux murs.
","mais ils risquent de te faire repérer en
appelant à l'aide ou en appuyant sur les
alarmes aux murs.
"
0x14230,"Fais donc attention aux grognements des
scientifiques et des ennemis.
","Fais donc attention aux grognements des
scientifiques et des ennemis.
"
0x14277,"Même déguisé en scientifique,
","Même déguisé en scientifique,
"
0x14299,"les vrais chercheurs sauront que tu n'es pas
l'un d'entre eux s'ils voient ton visage.
","les vrais chercheurs sauront que tu n'es pas
l'un d'entre eux s'ils voient ton visage.
"
0x142f1,"Alors assure-toi, une fois déguisé, que les
vrais scientifiques ne voient pas ton visage.
","Alors assure-toi, une fois déguisé, que les
vrais scientifiques ne voient pas ton visage.
"
0x1434e,"Et ne te fais surtout pas remarquer! Ne rampe
pas et ne fais pas de roulades.
","Et ne te fais surtout pas remarquer! Ne rampe
pas et ne fais pas de roulades.
"
0x1439d,"Si un scientifique se doute de quelque chose,
retourne-toi pour qu'il ne voie pas ton visage et
fais comme si de rien n'était.
","Si un scientifique se doute de quelque chose,
retourne-toi pour qu'il ne voie pas ton visage et
fais comme si de rien n'était.
"
0x1441e,"Généralement, ça devrait marcher.
","Généralement, ça devrait marcher.
"
0x14444,"Des soldats ennemis sont aussi en train de
quadriller l'aile est.
","Des soldats ennemis sont aussi en train de
quadriller l'aile est.
"
0x14487,"Même déguisé en scientifique,
","Même déguisé en scientifique,
"
0x144a9,"ils auront des doutes si tu rampes, fais
roulades, donnes des coups de poing ou restes
plaqué trop longtemps contre un mur.
","ils auront des doutes si tu rampes, fais
roulades, donnes des coups de poing ou restes
plaqué trop longtemps contre un mur.
"
0x14527,"Si un ennemi a des doutes et commence à
s'approcher de toi, ne bouge pas et tais-toi. Ça
devrait suffire à les tromper.
","Si un ennemi a des doutes et commence à
s'approcher de toi, ne bouge pas et tais-toi. Ça
devrait suffire à les tromper.
"
0x145a3,"Raikov fait sa tournée dans l'aile est. Si tu le
vois, débarrasse-toi de lui avant qu'il ne
s'échappe.
","Raikov fait sa tournée dans l'aile est. Si tu le
vois, débarrasse-toi de lui avant qu'il ne
s'échappe.
"
0x1460e,"Pour l'endormir, utilise ton pistolet en forme de
cigarette.
","Pour l'endormir, utilise ton pistolet en forme de
cigarette.
"
0x1464c,"Ton mouchoir imbibé de somnifère pourrait
aussi t'être utile.
","Ton mouchoir imbibé de somnifère pourrait
aussi t'être utile.
"
0x1468e,"Raikov porte toujours un Makarov sur lui.
Attention à ne pas te faire tirer dessus.
","Raikov porte toujours un Makarov sur lui.
Attention à ne pas te faire tirer dessus.
"
0x146e4,"Si des soldats ennemis ou si des scientifiques
te voient descendre Raikov, tu vas être dans
le pétrin.
","Si des soldats ennemis ou si des scientifiques
te voient descendre Raikov, tu vas être dans
le pétrin.
"
0x1474e,"Mets Raikov KO dans un endroit isolé.
","Mets Raikov KO dans un endroit isolé.
"
0x14776,"Par exemple dans les vestiaires de la partie
sud-ouest du deuxième étage?
","Par exemple dans les vestiaires de la partie
sud-ouest du deuxième étage?
"
0x147c3,"Il paraît que Raikov est un vrai goinfre. Il
s'arrêterait même pour ramasser de la
nourriture tombée au sol.
","Il paraît que Raikov est un vrai goinfre. Il
s'arrêterait même pour ramasser de la
nourriture tombée au sol.
"
0x14835,"Mais pour un glouton comme lui, sa digestion
est difficile. Il court toujours aux toilettes après
s'être empiffré.
","Mais pour un glouton comme lui, sa digestion
est difficile. Il court toujours aux toilettes après
s'être empiffré.
"
0x148ac,"Et si tu essayais de donner un truc pourri à
Raikov et d'attendre qu'il aille aux toilettes?
","Et si tu essayais de donner un truc pourri à
Raikov et d'attendre qu'il aille aux toilettes?
"
0x1490b,"Tu t'es occupé de Raikov? Bravo. Maintenant,
emmène-le dans les vestiaires.
","Tu t'es occupé de Raikov? Bravo. Maintenant,
emmène-le dans les vestiaires.
"
0x1495a,"Il n'y a probablement personne en ce moment.
","Il n'y a probablement personne en ce moment.
"
0x14988,"Tu pourras enlever ses vêtements sans
risquer de te faire remarquer, et tu pourras
aussi cacher Raikov.
","Tu pourras enlever ses vêtements sans
risquer de te faire remarquer, et tu pourras
aussi cacher Raikov.
"
0x149f2,"Les vestiaires sont situés dans la partie
sud-ouest du deuxième étage. Dépêche-toi,
emmène-le là-bas!
","Les vestiaires sont situés dans la partie
sud-ouest du deuxième étage. Dépêche-toi,
emmène-le là-bas!
"
0x14a60,"Si quelqu'un trouve le cadavre de Raikov, tu
ne pourras plus utiliser son uniforme comme
déguisement.
","Si quelqu'un trouve le cadavre de Raikov, tu
ne pourras plus utiliser son uniforme comme
déguisement.
"
0x14ac8,"Tu ne pourras donc pas non plus t'infiltrer dans
l'aile ouest.
","Tu ne pourras donc pas non plus t'infiltrer dans
l'aile ouest.
"
0x14b08,"Et si cela arrive, tu auras échoué dans ta
mission.
","Et si cela arrive, tu auras échoué dans ta
mission.
"
0x14b3f,"Emmène le corps de Raikov là où personne ne
le trouvera. Tu as compris?
","Emmène le corps de Raikov là où personne ne
le trouvera. Tu as compris?
"
0x14b8b,"Snake, qu'est-ce que tu fais?
","Snake, qu'est-ce que tu fais?
"
0x14baa,"Tu as bien pris les vêtements de Raikov?
Dépêche-toi d'enfiler sa tenue!
","Tu as bien pris les vêtements de Raikov?
Dépêche-toi d'enfiler sa tenue!
"
0x14bf7,"Si tu échoues dans ta mission, ça sera un
échec pour moi aussi. Ressaisis-toi!
","Si tu échoues dans ta mission, ça sera un
échec pour moi aussi. Ressaisis-toi!
"
0x14c4a,"EVA, je me suis déguisé en Raikov.
","EVA, je me suis déguisé en Raikov.
"
0x14c70,"...
","...
"
0x14c75,"Qu'est-ce qu'il y a?
","Qu'est-ce qu'il y a?
"
0x14c8b,"Il y a un truc qui ne va pas.
","Il y a un truc qui ne va pas.
"
0x14caa,"Qui ne va pas?
","Qui ne va pas?
"
0x14cba,"Mmm.
","Mmm.
"
0x14cc0,"Quoi? Qu'est-ce qu'il y a?
","Quoi? Qu'est-ce qu'il y a?
"
0x14cdc,"Hmm... Je sais! C'est ton visage qui ne va
pas!!
","Hmm... Je sais! C'est ton visage qui ne va
pas!!
"
0x14d0e,"Comment ça?!
","Comment ça?!
"
0x14d1d,"Je veux dire, c'est ton visage, pas le sien.
","Je veux dire, c'est ton visage, pas le sien.
"
0x14d4b,"Oui, et encore heureux.
","Oui, et encore heureux.
"
0x14d64,"Tu dois trouver un truc pour y remédier.
","Tu dois trouver un truc pour y remédier.
"
0x14d8f,"Trouver quoi?
","Trouver quoi?
"
0x14d9e,"Tu es un mec intelligent. Tu vas bien trouver la
solution.
","Tu es un mec intelligent. Tu vas bien trouver la
solution.
"
0x14dda,"Pour t'infiltrer dans l'aile ouest, tu dois
'devenir' Raikov.
","Pour t'infiltrer dans l'aile ouest, tu dois
'devenir' Raikov.
"
0x14e19,"Et pas seulement en portant son uniforme. Il
faut aussi que ton visage ressemble au sien.
","Et pas seulement en portant son uniforme. Il
faut aussi que ton visage ressemble au sien.
"
0x14e74,"Il doit bien y avoir un moyen.
","Il doit bien y avoir un moyen.
"
0x14e94,"OK, ton déguisement en Raikov est complet.
Maintenant, quoi que tu fasses, ils ne
t'arrêteront plus.
","OK, ton déguisement en Raikov est complet.
Maintenant, quoi que tu fasses, ils ne
t'arrêteront plus.
"
0x14efc,"Même si je donne un coup de poing à
quelqu'un?
","Même si je donne un coup de poing à
quelqu'un?
"
0x14f2e,"Oui.
","Oui.
"
0x14f34,"Vraiment?
","Vraiment?
"
0x14f3f,"Vraiment.
","Vraiment.
"
0x14f4a,"Et pourquoi?
","Et pourquoi?
"
0x14f58,"Raikov est le genre de type à se comporter de
la sorte.
","Raikov est le genre de type à se comporter de
la sorte.
"
0x14f92,"...
","...
"
0x14f97,"Une fois déguisé en Raikov, tu pourras
pénétrer dans l'aile ouest où Sokolov est
retenu prisonnier.
","Une fois déguisé en Raikov, tu pourras
pénétrer dans l'aile ouest où Sokolov est
retenu prisonnier.
"
0x15001,"Pour arriver à l'entrée de l'aile ouest,
","Pour arriver à l'entrée de l'aile ouest,
"
0x1502d,"passe à l'ouest à travers l'aile principale du
laboratoire d'armes et emprunte la coursive de
connexion.
","passe à l'ouest à travers l'aile principale du
laboratoire d'armes et emprunte la coursive de
connexion.
"
0x15099,"Traverse cette coursive de connexion.
","Traverse cette coursive de connexion.
"
0x150c0,"La porte de ce couloir de connexion est située
à l'ouest. Prends cette direction.
","La porte de ce couloir de connexion est située
à l'ouest. Prends cette direction.
"
0x15115,"Tu peux accéder à l'aile principale du
laboratoire d'armes à partir de la partie
sud-ouest du deuxième étage.
","Tu peux accéder à l'aile principale du
laboratoire d'armes à partir de la partie
sud-ouest du deuxième étage.
"
0x15189,"Dirige-toi vers l'aile principale.
","Dirige-toi vers l'aile principale.
"
0x151ad,"Quand tu seras prêt, retourne dans l'aile
est.
","Quand tu seras prêt, retourne dans l'aile
est.
"
0x151de,"Entre dans l'aile principale à partir du
deuxième étage de l'aile est et traverse-la pour
accéder à l'aile ouest.
","Entre dans l'aile principale à partir du
deuxième étage de l'aile est et traverse-la pour
accéder à l'aile ouest.
"
0x15256,"Ne t'inquiète pas pour Raikov. Ils vont mettre
un bout de temps avant de le trouver dans ce
casier.
","Ne t'inquiète pas pour Raikov. Ils vont mettre
un bout de temps avant de le trouver dans ce
casier.
"
0x152bc,"Mais quand ils l'auront trouvé, ton déguisement
deviendra totalement inutile.
","Mais quand ils l'auront trouvé, ton déguisement
deviendra totalement inutile.
"
0x1530d,"Tu ne pourras donc pas non plus t'infiltrer dans
l'aile ouest.
","Tu ne pourras donc pas non plus t'infiltrer dans
l'aile ouest.
"
0x1534d,"Donc, quoi que tu fasses, n'ouvre pas le casier
où tu as caché Raikov. D'accord?
","Donc, quoi que tu fasses, n'ouvre pas le casier
où tu as caché Raikov. D'accord?
"
0x153a1,"Snake, cette porte mène au hangar. C'est là
où ils ajustent le Shagohod.
","Snake, cette porte mène au hangar. C'est là
où ils ajustent le Shagohod.
"
0x153ee,"Mais sans clé, tu ne pourras pas l'ouvrir.
","Mais sans clé, tu ne pourras pas l'ouvrir.
"
0x1541b,"Je vais essayer d'obtenir la clé. En attendant,
commence par secourir Sokolov. Dirige-toi vers
l'aile ouest.
","Je vais essayer d'obtenir la clé. En attendant,
commence par secourir Sokolov. Dirige-toi vers
l'aile ouest.
"
0x1548a,"Tu es dans la coursive de connexion du
laboratoire d'armes.
","Tu es dans la coursive de connexion du
laboratoire d'armes.
"
0x154c7,"Cette coursive mène à l'aile ouest, là où
Sokolov est détenu prisonnier.
","Cette coursive mène à l'aile ouest, là où
Sokolov est détenu prisonnier.
"
0x15516,"Comme tu peux le constater, ils ont posté des
gardes à plein temps.
","Comme tu peux le constater, ils ont posté des
gardes à plein temps.
"
0x1555d,"Ces gardes sont les seuls à pouvoir ouvrir la
porte de l'aile ouest.
","Ces gardes sont les seuls à pouvoir ouvrir la
porte de l'aile ouest.
"
0x155a4,"Le seul moyen d'entrer, c'est de leur faire
croire que tu es Raikov et de leur demander
qu'ils t'ouvrent la porte.
","Le seul moyen d'entrer, c'est de leur faire
croire que tu es Raikov et de leur demander
qu'ils t'ouvrent la porte.
"
0x15618,"Continue à avancer et fais-leur ouvrir la porte.
","Continue à avancer et fais-leur ouvrir la porte.
"
0x1564b,"OK, dépêche-toi d'enfiler l'uniforme de
Raikov.
","OK, dépêche-toi d'enfiler l'uniforme de
Raikov.
"
0x1567e,"Retourne à l'aile est et essaie de trouver
Raikov.
","Retourne à l'aile est et essaie de trouver
Raikov.
"
0x156b3,"Pour t'infiltrer dans l'aile ouest, tu vas devoir
porter son uniforme. Vole-lui ses habits.
","Pour t'infiltrer dans l'aile ouest, tu vas devoir
porter son uniforme. Vole-lui ses habits.
"
0x15710,"Pour leur faire ouvrir la porte, il te suffit de
leur donner un signal.
","Pour leur faire ouvrir la porte, il te suffit de
leur donner un signal.
"
0x15759,"Tu peux appuyer sur la touche Action pour
saluer les soldats. C'est ça, le signal.
","Tu peux appuyer sur la touche Action pour
saluer les soldats. C'est ça, le signal.
"
0x157ae,"Snake, je voulais te demander quelque
chose...
","Snake, je voulais te demander quelque
chose...
"
0x157de,"Quoi?
","Quoi?
"
0x157e5,"Dans la salle de torture, pourquoi est-ce que tu
m'as protégée quand Ocelot s'apprêtait à
tirer?
","Dans la salle de torture, pourquoi est-ce que tu
m'as protégée quand Ocelot s'apprêtait à
tirer?
"
0x1584b,"Parce que je savais que le chargeur n'était pas
vide et qu'il t'aurait tué s'il avait appuyé sur la
gâchette.
","Parce que je savais que le chargeur n'était pas
vide et qu'il t'aurait tué s'il avait appuyé sur la
gâchette.
"
0x158be,"Mais ton œil...
","Mais ton œil...
"
0x158d0,"J'étais attaché et c'est arrivé si vite... J'ai fait
de mon mieux.
","J'étais attaché et c'est arrivé si vite... J'ai fait
de mon mieux.
"
0x15917,"Je me sens un peu étrange, mais ça n'aura
pas d'effet sur la mission.
","Je me sens un peu étrange, mais ça n'aura
pas d'effet sur la mission.
"
0x15960,"Et moi?
","Et moi?
"
0x15969,"?
","?
"
0x1596c,"Est-ce que tu m'as sauvée seulement parce
que j'étais utile à ta mission?
","Est-ce que tu m'as sauvée seulement parce
que j'étais utile à ta mission?
"
0x159ba,"Est-ce qu'il y aurait une autre raison?
","Est-ce qu'il y aurait une autre raison?
"
0x159e3,"Et quand la mission sera terminée?
","Et quand la mission sera terminée?
"
0x15a08,"Pour l'instant, il n'y a que la mission qui
compte.
","Pour l'instant, il n'y a que la mission qui
compte.
"
0x15a3d,"La ""mission"" dont tu étais amoureux?
","La ""mission"" dont tu étais amoureux?
"
0x15a64,"Ce n'est pas ce que je voulais dire.
","Ce n'est pas ce que je voulais dire.
"
0x15a8a,"J'essaie d'obtenir le maximum d'informations
sur cette cellule. Ne bouge pas.
","J'essaie d'obtenir le maximum d'informations
sur cette cellule. Ne bouge pas.
"
0x15ad9,"Snake, j'ai de bonnes nouvelles.
","Snake, j'ai de bonnes nouvelles.
"
0x15afb,"Qu'est-ce qu'il y a?
","Qu'est-ce qu'il y a?
"
0x15b11,"Volgin n'a pas l'intention de te tuer, en tout
cas pas pour l'instant.
","Volgin n'a pas l'intention de te tuer, en tout
cas pas pour l'instant.
"
0x15b59,"Et pourquoi?
","Et pourquoi?
"
0x15b67,"Je crois qu'il veut encore te faire souffrir.
","Je crois qu'il veut encore te faire souffrir.
"
0x15b96,"Me voilà soulagé.
","Me voilà soulagé.
"
0x15bab,"Ouais. Ça veut dire que tu auras des chances
de t'échapper.
","Ouais. Ça veut dire que tu auras des chances
de t'échapper.
"
0x15bea,"J'essayais d'être sarcastique.
","J'essayais d'être sarcastique.
"
0x15c0b,"De toute façon, Volgin a donné des ordres
pour que tu restes en vie.
","De toute façon, Volgin a donné des ordres
pour que tu restes en vie.
"
0x15c53,"Alors ce garde va m'amener de la nourriture et
des médicaments, c'est ça?
","Alors ce garde va m'amener de la nourriture et
des médicaments, c'est ça?
"
0x15ca0,"Oui. Et s'il t'arrive quelque chose, Volgin le
fera exécuter.
","Oui. Et s'il t'arrive quelque chose, Volgin le
fera exécuter.
"
0x15ce0,"... Hmm. Ça pourrait être utile.
","... Hmm. Ça pourrait être utile.
"
0x15d04,"Ce garde a reçu pour ordre de Volgin de te
garder en vie.
","Ce garde a reçu pour ordre de Volgin de te
garder en vie.
"
0x15d40,"Alors s'il t'arrive quelque chose, Volgin le fera
exécuter. Il va donc être très attentif à ton
état de santé.
","Alors s'il t'arrive quelque chose, Volgin le fera
exécuter. Il va donc être très attentif à ton
état de santé.
"
0x15db6,"Si tu fais semblant d'être malade ou un truc
dans ce genre, il viendra vite te porter
secours.
","Si tu fais semblant d'être malade ou un truc
dans ce genre, il viendra vite te porter
secours.
"
0x15e17,"Faire semblant d'être malade?
","Faire semblant d'être malade?
"
0x15e37,"Ouais. Il y a plusieurs moyens. A toi de trouver
quelque chose.
","Ouais. Il y a plusieurs moyens. A toi de trouver
quelque chose.
"
0x15e78,"Par exemple, si ce garde te voit en train de
vomir, je parie qu'il ouvrira la porte pour voir
ce qui ne va pas.
","Par exemple, si ce garde te voit en train de
vomir, je parie qu'il ouvrira la porte pour voir
ce qui ne va pas.
"
0x15ee9,"Snake, j'ai trouvé des informations sur ce
garde.
","Snake, j'ai trouvé des informations sur ce
garde.
"
0x15f1d,"Il a la réputation d'avoir toujours faim.
","Il a la réputation d'avoir toujours faim.
"
0x15f49,"Il a même été puni pour s'être infiltré une
nuit dans la cantine pour manger les restes.
","Il a même été puni pour s'être infiltré une
nuit dans la cantine pour manger les restes.
"
0x15fa8,"Tu pourras peut-être l'influencer en
partageant avec lui ta nourriture.
","Tu pourras peut-être l'influencer en
partageant avec lui ta nourriture.
"
0x15ff2,"Oh, et j'ai entendu dire qu'il avait une affection
particulière pour les prisonniers américains.
","Oh, et j'ai entendu dire qu'il avait une affection
particulière pour les prisonniers américains.
"
0x16056,"Ah bon, et pourquoi?
","Ah bon, et pourquoi?
"
0x1606c,"Je ne sais pas.
","Je ne sais pas.
"
0x1607d,"C'est compréhensible.
","C'est compréhensible.
"
0x16095,"?
","?
"
0x16098,"Non, rien. Oublie.
","Non, rien. Oublie.
"
0x160ac,"Snake, il doit y avoir un moyen de sortir d'ici.
Ne baisse pas les bras!
","Snake, il doit y avoir un moyen de sortir d'ici.
Ne baisse pas les bras!
"
0x160f6,"Snake, la porte de cette cellule s'ouvre en
réponse à une fréquence radio bien précise.
","Snake, la porte de cette cellule s'ouvre en
réponse à une fréquence radio bien précise.
"
0x16153,"Une fréquence radio bien précise?
","Une fréquence radio bien précise?
"
0x16178,"Oui. Tu devrais pouvoir l'ouvrir en utilisant ta
radio pour envoyer un signal à la fréquence
'clé'.
","Oui. Tu devrais pouvoir l'ouvrir en utilisant ta
radio pour envoyer un signal à la fréquence
'clé'.
"
0x161e0,"Bonne idée. Tu connais la fréquence?
","Bonne idée. Tu connais la fréquence?
"
0x16208,"Je vais essayer de la trouver. Donne-moi une
minute.
","Je vais essayer de la trouver. Donne-moi une
minute.
"
0x1623e,"EVA, est-ce que tu as trouvé cette fréquence
pour ouvrir la porte?
","EVA, est-ce que tu as trouvé cette fréquence
pour ouvrir la porte?
"
0x16284,"Désolé, Snake. J'ai tout essayé, mais la
sécurité a vraiment été renforcée...
","Désolé, Snake. J'ai tout essayé, mais la
sécurité a vraiment été renforcée...
"
0x162db,"Génial...
","Génial...
"
0x162e7,"Snake, j'ai trouvé la fréquence qui ouvre cette
porte! C'est la fréquence 144.75.
","Snake, j'ai trouvé la fréquence qui ouvre cette
porte! C'est la fréquence 144.75.
"
0x1633d,"Mets-toi en face de la porte et ENVOIE un
message sur la fréquence 144.75!
","Mets-toi en face de la porte et ENVOIE un
message sur la fréquence 144.75!
"
0x1638a,"Snake, la porte est ouverte! Débarrasse-toi du
garde et pars vite de là!
","Snake, la porte est ouverte! Débarrasse-toi du
garde et pars vite de là!
"
0x163d6,"Snake, la porte est ouverte. Déguerpis vite de
là!
","Snake, la porte est ouverte. Déguerpis vite de
là!
"
0x1640c,"Snake?
","Snake?
"
0x16414,"EVA, est-ce qu'ils droguent leurs prisonniers
avec des hallucinogènes?
","EVA, est-ce qu'ils droguent leurs prisonniers
avec des hallucinogènes?
"
0x1645d,"Je ne crois pas que ce soit leur style.
Pourquoi?
","Je ne crois pas que ce soit leur style.
Pourquoi?
"
0x16490,"J'ai fait un rêve assez horrible.
","J'ai fait un rêve assez horrible.
"
0x164b4,"Un rêve?
","Un rêve?
"
0x164bf,"Un monstre que je n'avais jamais vu avant se
dirigeait vers moi avec un couteau... Mais ce
n'était pas moi... J'étais quelqu'un d'autre.
","Un monstre que je n'avais jamais vu avant se
dirigeait vers moi avec un couteau... Mais ce
n'était pas moi... J'étais quelqu'un d'autre.
"
0x1654b,"Ça ne me surprend pas. Tu es en état de choc
en raison de la fatigue et de la douleur que tu
ressens.
","Ça ne me surprend pas. Tu es en état de choc
en raison de la fatigue et de la douleur que tu
ressens.
"
0x165b4,"Ah...
","Ah...
"
0x165bb,"Peut-être qu'un jour, tu apprendras à
arrêter de te cacher.
","Peut-être qu'un jour, tu apprendras à
arrêter de te cacher.
"
0x165fb,"Que veux-tu dire par-là?
","Que veux-tu dire par-là?
"
0x16616,"Je sais ce que tu ressens, Snake.
","Je sais ce que tu ressens, Snake.
"
0x16639,"Je suis aussi une espionne. Sans t'en rendre
compte, le faux toi est en train de prendre le
dessus sur le vrai toi.
","Je suis aussi une espionne. Sans t'en rendre
compte, le faux toi est en train de prendre le
dessus sur le vrai toi.
"
0x166ae,"La personne que tu fais semblant d'être est
en train de devenir celle que tu es.
","La personne que tu fais semblant d'être est
en train de devenir celle que tu es.
"
0x16701,"Et le vrai toi est en train de hurler à l'intérieur
de toi.
","Et le vrai toi est en train de hurler à l'intérieur
de toi.
"
0x16740,"C'est ce que tu as vu dans ton rêve.
","C'est ce que tu as vu dans ton rêve.
"
0x16767,"... peut-être.
","... peut-être.
"
0x16778,"Je te chanterais bien une berceuse mais...
malheureusement, je n'en connais pas.
","Je te chanterais bien une berceuse mais...
malheureusement, je n'en connais pas.
"
0x167ca,"Alors choisis ta chanson préférée, et je te la
chanterai dans ta tête.
","Alors choisis ta chanson préférée, et je te la
chanterai dans ta tête.
"
0x16816,"N'importe quelle chanson?
","N'importe quelle chanson?
"
0x16831,"Et tu pourras avoir autant de rappels que tu
voudras.
","Et tu pourras avoir autant de rappels que tu
voudras.
"
0x16868,"Bonne idée.
","Bonne idée.
"
0x16876,"Alors, c'est décidé. Je suis sûre que tu vas
trouver un moyen pour t'échapper. Bonne
chance.
","Alors, c'est décidé. Je suis sûre que tu vas
trouver un moyen pour t'échapper. Bonne
chance.
"
0x168d8,"Merci.
","Merci.
"
0x168e0,"Snake, fais attention à toi. L'unité qui est à tes
trousses a lâché des chiens d'attaque dans
les égouts.
","Snake, fais attention à toi. L'unité qui est à tes
trousses a lâché des chiens d'attaque dans
les égouts.
"
0x16951,"Sans arme digne de ce nom, il serait trop
dangereux d'affronter ces chiens.
","Sans arme digne de ce nom, il serait trop
dangereux d'affronter ces chiens.
"
0x1699e,"Ne pense même pas à te battre avec eux.
Pour l'instant, ton seul souci est de t'échapper.
Dirige-toi vers le nord!
","Ne pense même pas à te battre avec eux.
Pour l'instant, ton seul souci est de t'échapper.
Dirige-toi vers le nord!
"
0x16a15,"La seule façon de t'infiltrer dans l'aile est du
laboratoire d'arme, c'est d'emprunter l'entrée.
","La seule façon de t'infiltrer dans l'aile est du
laboratoire d'arme, c'est d'emprunter l'entrée.
"
0x16a79,"A propos de ça, je vois parfois des camions
qui entrent et qui sortent par cette entrée.
","A propos de ça, je vois parfois des camions
qui entrent et qui sortent par cette entrée.
"
0x16ad5,"Si tu arrivais à monter discrètement dans l'un
de ces camions...
","Si tu arrivais à monter discrètement dans l'un
de ces camions...
"
0x16b19,"Je vois que tu as réussi à t'introduire à
l'intérieur du hangar, hein.
","Je vois que tu as réussi à t'introduire à
l'intérieur du hangar, hein.
"
0x16b65,"Pose les charges C3 sur les cuves de
carburant liquide. Il y a quatre cuves au total.
","Pose les charges C3 sur les cuves de
carburant liquide. Il y a quatre cuves au total.
"
0x16bbc,"Si l'une des charges C3 est désamorcée par
l'ennemi, ta mission va échouer.
","Si l'une des charges C3 est désamorcée par
l'ennemi, ta mission va échouer.
"
0x16c0c,"Essaie de poser les C3 là où personne ne les
verra.
","Essaie de poser les C3 là où personne ne les
verra.
"
0x16c43,"Si tu penses qu'un ennemi va remarquer la
présence d'une charge, débarrasse-toi de lui
immédiatement.
","Si tu penses qu'un ennemi va remarquer la
présence d'une charge, débarrasse-toi de lui
immédiatement.
"
0x16cad,"Et si l'ennemi te voit en train de poser des C3,
c'est la fin du spectacle.
","Et si l'ennemi te voit en train de poser des C3,
c'est la fin du spectacle.
"
0x16cfa,"Alors ne pose pas de charges en phase
d'alerte. Tu as compris?
","Alors ne pose pas de charges en phase
d'alerte. Tu as compris?
"
0x16d3a,"Une fois les C3 posées sur les quatre cuves,
enclenche le compte à rebours.
","Une fois les C3 posées sur les quatre cuves,
enclenche le compte à rebours.
"
0x16d89,"Une fois celui-ci arrivé à zéro, toutes les
charges C3 exploseront en même temps.
","Une fois celui-ci arrivé à zéro, toutes les
charges C3 exploseront en même temps.
"
0x16de0,"Une fois le compte à rebours commencé, tu ne
pourras plus l'arrêter. Donc, sors de là avant
qu'il n'atteigne zéro, tu as compris?
","Une fois le compte à rebours commencé, tu ne
pourras plus l'arrêter. Donc, sors de là avant
qu'il n'atteigne zéro, tu as compris?
"
0x16e68,"L'équipe de maintenance chargée de préparer
le Shagohod est dans le hangar.
","L'équipe de maintenance chargée de préparer
le Shagohod est dans le hangar.
"
0x16eb8,"Tout comme les gardes, ils ne doivent pas te
repérer. Alors fais attention à eux.
","Tout comme les gardes, ils ne doivent pas te
repérer. Alors fais attention à eux.
"
0x16f0d,"D'un autre côté, si tu faisais partie de
l'équipe de maintenance, tu pourrais
t'approcher des cuves de carburant sans attirer
l'attention...
","D'un autre côté, si tu faisais partie de
l'équipe de maintenance, tu pourrais
t'approcher des cuves de carburant sans attirer
l'attention...
"
0x16f9e,"Aha! Tu t'es déguisé en membre de l'équipe
de maintenance!
","Aha! Tu t'es déguisé en membre de l'équipe
de maintenance!
"
0x16fdd,"Habillé comme ça, tu devrais pouvoir aller un
peu partout dans le hangar.
","Habillé comme ça, tu devrais pouvoir aller un
peu partout dans le hangar.
"
0x1702a,"Mais ne fais rien pour attirer l'attention, ne fais
pas de roulades et ne rampe pas au sol.
","Mais ne fais rien pour attirer l'attention, ne fais
pas de roulades et ne rampe pas au sol.
"
0x17087,"Et si l'équipe de maintenance arrive à bien voir
ton visage, ils sauront que tu n'es pas l'un des
leurs.
","Et si l'équipe de maintenance arrive à bien voir
ton visage, ils sauront que tu n'es pas l'un des
leurs.
"
0x170f3,"Et si l'équipe de maintenance arrive à bien voir
ton visage, tourne-toi et fais semblant de rien.
","Et si l'équipe de maintenance arrive à bien voir
ton visage, tourne-toi et fais semblant de rien.
"
0x17158,"Si les gardes se doutent de quelque chose,
reste tranquille et tout devrait bien aller.
","Si les gardes se doutent de quelque chose,
reste tranquille et tout devrait bien aller.
"
0x171b1,"Tu as posé 1 charge C3. Il en reste encore 3.
","Tu as posé 1 charge C3. Il en reste encore 3.
"
0x171e1,"Comment vont les choses de ton côté?
","Comment vont les choses de ton côté?
"
0x17209,"Je suis en train de poser du C3 sur le pont
ferroviaire. Fais pas de bêtises, OK?
","Je suis en train de poser du C3 sur le pont
ferroviaire. Fais pas de bêtises, OK?
"
0x1725d,"Hé, il n'y a pas de problème.
","Hé, il n'y a pas de problème.
"
0x1727e,"EVA...
","EVA...
"
0x17286,"Qu'est-ce qu'il y a?
","Qu'est-ce qu'il y a?
"
0x1729c,"A propos de notre plan pour nous échapper...
","A propos de notre plan pour nous échapper...
"
0x172cb,"Mm mmm.
","Mm mmm.
"
0x172d4,"Comment est-ce que tu comptes t'y prendre
pour arriver jusqu'au lac?
","Comment est-ce que tu comptes t'y prendre
pour arriver jusqu'au lac?
"
0x1731a,"Quoi, tu ne me fais pas confiance?
","Quoi, tu ne me fais pas confiance?
"
0x1733e,"Ce n'est pas ce que je voulais dire.
","Ce n'est pas ce que je voulais dire.
"
0x17364,"OK, bon. Je vais t'expliquer.
","OK, bon. Je vais t'expliquer.
"
0x17383,"Au nord de Groznyj Grad, il y a une forêt qui
s'appelle Lazorevo.
","Au nord de Groznyj Grad, il y a une forêt qui
s'appelle Lazorevo.
"
0x173c7,"Le nom Lazorevo veut dire 'terre verte et
luxuriante'.
","Le nom Lazorevo veut dire 'terre verte et
luxuriante'.
"
0x173ff,"De l'autre côté de Lazorevo, il y a une
immense forêt qui s'appelle Zaozyorje.
","De l'autre côté de Lazorevo, il y a une
immense forêt qui s'appelle Zaozyorje.
"
0x17452,"En russe, Zaozyorje veut dire 'près du lac'. Le
lac se situe juste après Zaozyorje.
","En russe, Zaozyorje veut dire 'près du lac'. Le
lac se situe juste après Zaozyorje.
"
0x174a9,"Et le lac s'appelle Rokovoj Bereg, 'le lac du
destin'.
","Et le lac s'appelle Rokovoj Bereg, 'le lac du
destin'.
"
0x174e1,"C'est là où tu as caché le WIG?
","C'est là où tu as caché le WIG?
"
0x17505,"Ouais. On va l'utiliser pour s'échapper.
","Ouais. On va l'utiliser pour s'échapper.
"
0x17530,"Enfin, une fois qu'on aura chacun rempli notre
mission.
","Enfin, une fois qu'on aura chacun rempli notre
mission.
"
0x17569,"EVA, tu te souviens avoir dit qu'aujourd'hui,
c'était un jour de congé pour les scientifiques
du hangar?
","EVA, tu te souviens avoir dit qu'aujourd'hui,
c'était un jour de congé pour les scientifiques
du hangar?
"
0x175d5,"Ouais.
","Ouais.
"
0x175dd,"Qu'est-ce que tu voulais dire par là?
","Qu'est-ce que tu voulais dire par là?
"
0x17605,"Jusqu'à hier, il y avait plein de scientifiques et
de personnes chargées de la maintenance qui
travaillaient dans ce hangar.
","Jusqu'à hier, il y avait plein de scientifiques et
de personnes chargées de la maintenance qui
travaillaient dans ce hangar.
"
0x17685,"Mais comme Volgin les forçait de travailler nuit
et jour, beaucoup de scientifiques sont tombés
épuisés.
","Mais comme Volgin les forçait de travailler nuit
et jour, beaucoup de scientifiques sont tombés
épuisés.
"
0x176f3,"Alors maintenant que le prototype est terminé
et que les choses se sont calmées, ils ont
donné un jour de repos aux scientifiques.
","Alors maintenant que le prototype est terminé
et que les choses se sont calmées, ils ont
donné un jour de repos aux scientifiques.
"
0x1777a,"Je vois.
","Je vois.
"
0x17784,"S'ils travaillaient encore comme ça, tu n'aurais
pas pu t'infiltrer dans ce hangar.
","S'ils travaillaient encore comme ça, tu n'aurais
pas pu t'infiltrer dans ce hangar.
"
0x177da,"Mais cela ne veut pas dire que le hangar est
déserté.
","Mais cela ne veut pas dire que le hangar est
déserté.
"
0x17813,"Je parie qu'il reste encore des gardes et du
personnel de maintenance. Ouvre l'œil.
","Je parie qu'il reste encore des gardes et du
personnel de maintenance. Ouvre l'œil.
"
0x17869,"EVA.
","EVA.
"
0x1786f,"Hmm?
","Hmm?
"
0x17875,"Tu as dit que tu t'entendais bien avec The
Boss, pas vrai?
","Tu as dit que tu t'entendais bien avec The
Boss, pas vrai?
"
0x178b1,"Ouais, on s'entend plutôt bien. Je l'admire.
","Ouais, on s'entend plutôt bien. Je l'admire.
"
0x178e0,"Elle est censée être ce héros un peu
distant, mais avec moi, elle a toujours été très
gentille, je ne sais pas pourquoi.
","Elle est censée être ce héros un peu
distant, mais avec moi, elle a toujours été très
gentille, je ne sais pas pourquoi.
"
0x17960,"Elle m'a même porté mes sacs la dernière
fois. J'étais impressionnée.
","Elle m'a même porté mes sacs la dernière
fois. J'étais impressionnée.
"
0x179ac,"Tes sacs?
","Tes sacs?
"
0x179b7,"Peut-être parce qu'on a toutes les deux
déserté. On n'a jamais vraiment parlé, mais j'ai
le sentiment qu'elle comprend ce que je
ressens.
","Peut-être parce qu'on a toutes les deux
déserté. On n'a jamais vraiment parlé, mais j'ai
le sentiment qu'elle comprend ce que je
ressens.
"
0x17a46,"J'en ai même rêvé de toutes ces
histoires.
","J'en ai même rêvé de toutes ces
histoires.
"
0x17a75,"Snake, les chiens d'attaque sont spécialement
dressés au combat, alors sois prudent.
","Snake, les chiens d'attaque sont spécialement
dressés au combat, alors sois prudent.
"
0x17acd,"Comment est-ce que tu vois si un chien a été
spécialement entraîné?
","Comment est-ce que tu vois si un chien a été
spécialement entraîné?
"
0x17b17,"Je le vois, c'est tout.
","Je le vois, c'est tout.
"
0x17b30,"Mais comment?
","Mais comment?
"
0x17b3f,"J'ai déjà eu un chien.
","J'ai déjà eu un chien.
"
0x17b59,"TOI, avec un chien?
","TOI, avec un chien?
"
0x17b6e,"Ouais. Qu'est-ce qu'il y a de si drôle?
","Ouais. Qu'est-ce qu'il y a de si drôle?
"
0x17b98,"Non, rien. J'ai du mal à t'imaginer avec un
petit chiot, c'est tout.
","Non, rien. J'ai du mal à t'imaginer avec un
petit chiot, c'est tout.
"
0x17bdf,"Mais personne ne te le demande.
","Mais personne ne te le demande.
"
0x17c00,"Il était vraiment mignon, mais j'ai eu du mal à
le dresser. Quand j'y suis arrivée, j'étais
tellement contente...
","Il était vraiment mignon, mais j'ai eu du mal à
le dresser. Quand j'y suis arrivée, j'étais
tellement contente...
"
0x17c77,"Parfois, je rêve encore à lui.
","Parfois, je rêve encore à lui.
"
0x17c99,"Snake?
","Snake?
"
0x17ca1,"EVA, qu'est-ce que tu en penses?
","EVA, qu'est-ce que tu en penses?
"
0x17cc3,"Quel blaireau! Tu plaisantes ou quoi!? Tu veux
vraiment risquer ta vie pour une plaisanterie?
","Quel blaireau! Tu plaisantes ou quoi!? Tu veux
vraiment risquer ta vie pour une plaisanterie?
"
0x17d22,"OK! Enfin, j'obtiens une réaction normale...
","OK! Enfin, j'obtiens une réaction normale...
"
0x17d51,"???
","???
"
0x17d56,"Tout le monde réagissait bizarrement ou
comme s'il n'y avait rien de bizarre.
","Tout le monde réagissait bizarrement ou
comme s'il n'y avait rien de bizarre.
"
0x17da6,"Je commençais à me poser des questions,
mais maintenant ça va mieux.
","Je commençais à me poser des questions,
mais maintenant ça va mieux.
"
0x17def,"Je ne sais pas de quoi tu parles, mais ça te va
comme un gant.
","Je ne sais pas de quoi tu parles, mais ça te va
comme un gant.
"
0x17e30,,
0x17e31,"Désolée, je dois y aller. C'est vraiment trop...
","Désolée, je dois y aller. C'est vraiment trop...
"
0x17e65,"...
","...
"
0x17e6a,"Snake, n'oublie pas notre dîner.
","Snake, n'oublie pas notre dîner.
"
0x17e8d,"Je n'ai pas oublié. Du sushi, c'est ça... Je veux
goûter à la grenouille Otton.
","Je n'ai pas oublié. Du sushi, c'est ça... Je veux
goûter à la grenouille Otton.
"
0x17ee2,"La quoi?
","La quoi?
"
0x17eec,"La grenouille Otton.
","La grenouille Otton.
"
0x17f02,"Une grenouille?!
","Une grenouille?!
"
0x17f14,"Ils ont bien des grenouilles dans les bars à
sushi, non?
","Ils ont bien des grenouilles dans les bars à
sushi, non?
"
0x17f4f,"Mais bien sûr que non!
","Mais bien sûr que non!
"
0x17f68,"Mais j'ai entendu dire qu'au Japon, on
mangeait des grenouilles en sashimi et en
tempura.
","Mais j'ai entendu dire qu'au Japon, on
mangeait des grenouilles en sashimi et en
tempura.
"
0x17fc3,"Mais qui t'a dit ça?
","Mais qui t'a dit ça?
"
0x17fda,"Para-Medic.
","Para-Medic.
"
0x17fe7,"... Peut-être qu'ils mangent des grenouilles
pour certaines occasions. Mais sûrement
pas en sushi!
","... Peut-être qu'ils mangent des grenouilles
pour certaines occasions. Mais sûrement
pas en sushi!
"
0x1804d,"Oh... OK.
","Oh... OK.
"
0x18058,"EVA, c'est quel genre de mec, ce Raikov?
","EVA, c'est quel genre de mec, ce Raikov?
"
0x18082,"C'est le protégé de Volgin.
","C'est le protégé de Volgin.
"
0x180a1,"Et quoi d'autre?
","Et quoi d'autre?
"
0x180b3,"Il a un assez beau visage.
","Il a un assez beau visage.
"
0x180cf,"C'est vraiment ce que tu penses?
","C'est vraiment ce que tu penses?
"
0x180f1,"Non, je suis juste objective. Je ne m'intéresse
pas aux personnes qui ne s'intéressent pas à
moi.
","Non, je suis juste objective. Je ne m'intéresse
pas aux personnes qui ne s'intéressent pas à
moi.
"
0x18157,"J'espérais obtenir des informations utiles pour
mieux l'imiter.
","J'espérais obtenir des informations utiles pour
mieux l'imiter.
"
0x18199,"Il a l'air assez doux, le genre de type qui
passerait la journée dans son bureau à admirer
sa collection d'insectes.
","Il a l'air assez doux, le genre de type qui
passerait la journée dans son bureau à admirer
sa collection d'insectes.
"
0x18211,"Tout ça ne m'aide pas vraiment. Rien d'autre?
","Tout ça ne m'aide pas vraiment. Rien d'autre?
"
0x18241,"Je ne sais pas, Snake. Tu n'as qu'à l'observer
et l'imiter, non?
","Je ne sais pas, Snake. Tu n'as qu'à l'observer
et l'imiter, non?
"
0x18284,"Pourquoi est-ce que tu restes toujours si
vague?
","Pourquoi est-ce que tu restes toujours si
vague?
"
0x182b6,"... Dans son monde à lui, les gens comme moi
n'existent même pas.
","... Dans son monde à lui, les gens comme moi
n'existent même pas.
"
0x182fb,"Je vois...
","Je vois...
"
0x18307,"OK, alors...
","OK, alors...
"
0x18315,"Est-ce qu'il t'a larguée?
","Est-ce qu'il t'a larguée?
"
0x18331,"""Je vois"" hein? Tu ne vois rien du tout!
","""Je vois"" hein? Tu ne vois rien du tout!
"
0x1835b,"Non, c'est pas ÇA. Je ne suis pas son type,
c'est tout.
","Non, c'est pas ÇA. Je ne suis pas son type,
c'est tout.
"
0x18395,"Mais...
","Mais...
"
0x1839e,"Si cette conversation continue, je vais
t'envoyer mon poing à travers la radio et tu
vas le recevoir en pleine tête!
","Si cette conversation continue, je vais
t'envoyer mon poing à travers la radio et tu
vas le recevoir en pleine tête!
"
0x18416,"Essaie de le cerner toi-même. A plus!
","Essaie de le cerner toi-même. A plus!
"
0x1843e,"?
","?
"
0x18441,"EVA, qu'est-ce qui est arrivé à Granin?
","EVA, qu'est-ce qui est arrivé à Granin?
"
0x1846c,"Il est mort... tué par le Colonel.
","Il est mort... tué par le Colonel.
"
0x18491,"Ils savent qu'ils sont espionnés.
","Ils savent qu'ils sont espionnés.
"
0x184b5,"Et Granin a été la victime dans tout cela?
","Et Granin a été la victime dans tout cela?
"
0x184e3,"Ouais. Volgin se laisse aller dans ses
interrogatoires. A mon avis, il se fiche même
des réponses.
","Ouais. Volgin se laisse aller dans ses
interrogatoires. A mon avis, il se fiche même
des réponses.
"
0x18549,"Il utiliserait même le mot 'interrogatoire'
comme un prétexte pour torturer de façon
ignoble ses 'suspects'.
","Il utiliserait même le mot 'interrogatoire'
comme un prétexte pour torturer de façon
ignoble ses 'suspects'.
"
0x185ba,"De la violence gratuite.
","De la violence gratuite.
"
0x185d4,"Granin était un homme qui adorait son pays, il
ne l'aurait jamais trahi.
","Granin était un homme qui adorait son pays, il
ne l'aurait jamais trahi.
"
0x1861f,"Il n'avait aucune raison de mourir, mais Volgin
n'a pas besoin de raisons.
","Il n'avait aucune raison de mourir, mais Volgin
n'a pas besoin de raisons.
"
0x1866b,"Quand il se lance, on ne peut plus l'arrêter,
c'est comme un animal.
","Quand il se lance, on ne peut plus l'arrêter,
c'est comme un animal.
"
0x186b2,"Est-ce qu'il te suspecte?
","Est-ce qu'il te suspecte?
"
0x186cd,"Je pense être la prochaine sur sa liste.
","Je pense être la prochaine sur sa liste.
"
0x186f8,"Vu comme il a traité Granin, je ne crois pas
que je m'en sortirais s'il apprenait la vérité.
","Vu comme il a traité Granin, je ne crois pas
que je m'en sortirais s'il apprenait la vérité.
"
0x18759,"Fais attention à toi.
","Fais attention à toi.
"
0x18771,"Toi aussi.
","Toi aussi.
"
0x1877d,"EVA, à propos de notre plan pour nous
échapper...
","EVA, à propos de notre plan pour nous
échapper...
"
0x187b2,"Ouais, on s'échappe avec le WIG.
","Ouais, on s'échappe avec le WIG.
"
0x187d5,"L'aéroglisseur.
","L'aéroglisseur.
"
0x187e7,"Oui. Ici, ils appellent ça un Ekranoplan.
","Oui. Ici, ils appellent ça un Ekranoplan.
"
0x18813,"L'Union Soviétique a déjà fini de les tester?
","L'Union Soviétique a déjà fini de les tester?
"
0x18845,"Non, c'est juste un prototype qu'ils ont donné
au GRU.
","Non, c'est juste un prototype qu'ils ont donné
au GRU.
"
0x1887e,"Il a été conçu pour rechercher et détruire les
sous-marins américains. C'est pourquoi il a
une très grande autonomie et une vitesse très
honorable de 760 km/h.
","Il a été conçu pour rechercher et détruire les
sous-marins américains. C'est pourquoi il a
une très grande autonomie et une vitesse très
honorable de 760 km/h.
"
0x18926,"C'est bien mieux que le Be-1 développé il y a
trois ans.
","C'est bien mieux que le Be-1 développé il y a
trois ans.
"
0x18962,"Le problème pour nous, c'est que celui-là n'est
pas équipé d'armes à bord.
","Le problème pour nous, c'est que celui-là n'est
pas équipé d'armes à bord.
"
0x189b3,"Si on nous poursuit, notre seule option est de
leur échapper.
","Si on nous poursuit, notre seule option est de
leur échapper.
"
0x189f3,"Je te laisse t'en occuper.
","Je te laisse t'en occuper.
"
0x18a0f,"Désolée si je n'ai pas le temps de jouer à
l'hôtesse de l'air pour toi.
","Désolée si je n'ai pas le temps de jouer à
l'hôtesse de l'air pour toi.
"
0x18a5c,"Snake, tu as entendu parler de ce massacre
qui a eu lieu dans la forêt près du village de
Gnezdovo?
","Snake, tu as entendu parler de ce massacre
qui a eu lieu dans la forêt près du village de
Gnezdovo?
"
0x18ac3,"Le massacre de la forêt Katyn, c'est ça?
","Le massacre de la forêt Katyn, c'est ça?
"
0x18aef,"Pendant la Deuxième Guerre mondiale, l'armée
allemande a trouvé les cadavres de 4000
soldats polonais dans la forêt de Katyn.
","Pendant la Deuxième Guerre mondiale, l'armée
allemande a trouvé les cadavres de 4000
soldats polonais dans la forêt de Katyn.
"
0x18b72,"L'Allemagne accusa l'Union Soviétique, mais
celle-ci nia les faits et accusa à son tour
l'Allemagne.
","L'Allemagne accusa l'Union Soviétique, mais
celle-ci nia les faits et accusa à son tour
l'Allemagne.
"
0x18bda,"En fait, c'est Staline qui avait commandité ces
massacres auprès de la NKVD.
","En fait, c'est Staline qui avait commandité ces
massacres auprès de la NKVD.
"
0x18c2a,"Et pas uniquement à Katyn.
","Et pas uniquement à Katyn.
"
0x18c47,"Dans la partie ouest de l'Ukraine et en
Biélorussie, au moins 20.000 Polonais ont été
retenus prisonniers dans des camps.
","Dans la partie ouest de l'Ukraine et en
Biélorussie, au moins 20.000 Polonais ont été
retenus prisonniers dans des camps.
"
0x18cc5,"Pourquoi tu me racontes ça?
","Pourquoi tu me racontes ça?
"
0x18ce3,"Volgin était un des responsables. Un des
leaders ignobles derrière tout cela.
","Volgin était un des responsables. Un des
leaders ignobles derrière tout cela.
"
0x18d34,"Volgin?
","Volgin?
"
0x18d3d,"Il a fait croire à une révolte des prisonniers
pour exiger qu'ils soient exécutés.
","Il a fait croire à une révolte des prisonniers
pour exiger qu'ils soient exécutés.
"
0x18d95,"Il paraîtrait que Volgin enlevait lui-même
le bandeau de chaque prisonnier avant de le
battre à mort.
","Il paraîtrait que Volgin enlevait lui-même
le bandeau de chaque prisonnier avant de le
battre à mort.
"
0x18dff,"Je savais qu'il était un peu dingue, mais alors
là...
","Je savais qu'il était un peu dingue, mais alors
là...
"
0x18e38,"Pas vraiment le genre de type avec qui on
peut se lier d'amitié.
","Pas vraiment le genre de type avec qui on
peut se lier d'amitié.
"
0x18e7b,"EVA, bravo, tu as très bien conduit.
","EVA, bravo, tu as très bien conduit.
"
0x18ea2,"Vraiment?
","Vraiment?
"
0x18ead,"Un subtil mélange de témérité et de précision.
Pas le type de conduite qu'on peut acquérir en
quelques jours.
","Un subtil mélange de témérité et de précision.
Pas le type de conduite qu'on peut acquérir en
quelques jours.
"
0x18f22,"Je t'avais dit de me faire confiance. J'adore les
motos.
","Je t'avais dit de me faire confiance. J'adore les
motos.
"
0x18f5c,"Pas facile de manœuvrer une moto comme
ça.
","Pas facile de manœuvrer une moto comme
ça.
"
0x18f8a,"Alors maintenant, tu me crois?
","Alors maintenant, tu me crois?
"
0x18faa,"Je préfère quand même éviter de monter en
tandem avec toi.
","Je préfère quand même éviter de monter en
tandem avec toi.
"
0x18fea,"Tant pis pour toi.
","Tant pis pour toi.
"
0x18ffe,"Ces sentinelles sont les seules à pouvoir ouvrir
la porte de l'aile ouest.
","Ces sentinelles sont les seules à pouvoir ouvrir
la porte de l'aile ouest.
"
0x1904b,"Si tu les descends, tu ne pourras plus entrer.
","Si tu les descends, tu ne pourras plus entrer.
"
0x1907b,"Pars puis reviens dans cette zone.
","Pars puis reviens dans cette zone.
"
0x1909f,"Au fait Snake, est-ce que tu as un Calorie
Mate?
","Au fait Snake, est-ce que tu as un Calorie
Mate?
"
0x190d1,"Ouais.
","Ouais.
"
0x190d9,"Et c'est bon?
","Et c'est bon?
"
0x190e8,"Ouais.
","Ouais.
"
0x190f0,"Je ne l'ai pas encore goûté.
","Je ne l'ai pas encore goûté.
"
0x19110,"Oh...
","Oh...
"
0x19117,"Tu le veux?
","Tu le veux?
"
0x19124,"Quoi?
","Quoi?
"
0x1912b,"Mon Calorie Mate?
","Mon Calorie Mate?
"
0x1913e,"Q... qu'est-ce que tu veux dire?
","Q... qu'est-ce que tu veux dire?
"
0x19160,"Tu le veux, c'est ça?
","Tu le veux, c'est ça?
"
0x19178,"Je n'ai pas dit ça.
","Je n'ai pas dit ça.
"
0x1918e,"Alors, tu ne le veux pas.
","Alors, tu ne le veux pas.
"
0x191a9,"Non...
","Non...
"
0x191b1,"...mais... si tu pensais me l'offrir pour me
remercier de t'avoir aidé, alors bien sûr, je
ne le refuserais pas.
","...mais... si tu pensais me l'offrir pour me
remercier de t'avoir aidé, alors bien sûr, je
ne le refuserais pas.
"
0x19225,"Tu suis un régime?
","Tu suis un régime?
"
0x1923a,"Comment?
","Comment?
"
0x19244,"Un Calorie Mate, c'est censé être bon pour
perdre du poids.
","Un Calorie Mate, c'est censé être bon pour
perdre du poids.
"
0x19283,"Tu sous-entends que je suis grosse?
","Tu sous-entends que je suis grosse?
"
0x192a8,"Non...
","Non...
"
0x192b0,"Je ne suis pas un régime, je n'en ai pas
besoin. Je voulais juste savoir quel goût ça
a.
","Je ne suis pas un régime, je n'en ai pas
besoin. Je voulais juste savoir quel goût ça
a.
"
0x1930d,"Oh, désolé.
","Oh, désolé.
"
0x1931c,"Attention à ce que tu dis.
","Attention à ce que tu dis.
"
0x19339,"Oui, désolé.
","Oui, désolé.
"
0x19349,"...alors, c'est vrai?
","...alors, c'est vrai?
"
0x19360,"Qu'est-ce qui est vrai?
","Qu'est-ce qui est vrai?
"
0x19379,"Que c'est bon pour perdre du poids?
","Que c'est bon pour perdre du poids?
"
0x1939e,"...ouais.
","...ouais.
"
0x193a9,"Un Calorie Mate offre un apport énergétique
équilibré, sans être trop riche en calories.
","Un Calorie Mate offre un apport énergétique
équilibré, sans être trop riche en calories.
"
0x19408,"Voilà pourquoi c'est censé être bon pendant
un régime.
","Voilà pourquoi c'est censé être bon pendant
un régime.
"
0x19444,"Ah, je vois...
","Ah, je vois...
"
0x19454,"Il paraît qu'au Japon, toutes les geishas en
mangent.
","Il paraît qu'au Japon, toutes les geishas en
mangent.
"
0x1948c,"Les geishas?
","Les geishas?
"
0x1949a,"Ouais.
","Ouais.
"
0x194a2,"Je n'ai jamais entendu dire ça.
","Je n'ai jamais entendu dire ça.
"
0x194c4,"Ah bon?
","Ah bon?
"
0x194cd,"Ouais. Certaines geishas mangent sûrement
des Calorie Mates dans le cadre de leur
régime, mais ça m'étonnerait qu'absolument
toutes les geishas en mangent.
","Ouais. Certaines geishas mangent sûrement
des Calorie Mates dans le cadre de leur
régime, mais ça m'étonnerait qu'absolument
toutes les geishas en mangent.
"
0x1956e,"J'imagine que tu as raison...
","J'imagine que tu as raison...
"
0x1958d,"Snake! Qu'est-ce qui t'est arrivé!? Snake!
SNAKE!!
","Snake! Qu'est-ce qui t'est arrivé!? Snake!
SNAKE!!
"
0x195c2,"Snake! Réponds-moi! Snake! SNAKE!!
","Snake! Réponds-moi! Snake! SNAKE!!
"
0x195e7,"Snake, qu'est-ce qui ne va pas!? Snake!
SNAKE!!
","Snake, qu'est-ce qui ne va pas!? Snake!
SNAKE!!
"
0x19618,"Snake, ne me fais pas ça! Snake! SNAKE!!
","Snake, ne me fais pas ça! Snake! SNAKE!!
"
0x19643,"Non... ce n'est pas possible! Snake! SNAKE!!
","Non... ce n'est pas possible! Snake! SNAKE!!
"
0x19671,"Aucune reponse.
","Aucune reponse.
"
0x19682,"EVA, je voulais te demander un truc sur
Ocelot...
","EVA, je voulais te demander un truc sur
Ocelot...
"
0x196b5,"Oui, je sais. On dirait qu'il est amoureux de
toi, non?
","Oui, je sais. On dirait qu'il est amoureux de
toi, non?
"
0x196ee,"Non, ce n'est pas ça. Les Ocelots, c'est bien
une unité d'élite?
","Non, ce n'est pas ça. Les Ocelots, c'est bien
une unité d'élite?
"
0x19733,"Ouais.
","Ouais.
"
0x1973b,"Alors comment il est devenu leur
commandant? Il ne peut pas avoir plus de 18
ou 19 ans. Et il est déjà Major...
","Alors comment il est devenu leur
commandant? Il ne peut pas avoir plus de 18
ou 19 ans. Et il est déjà Major...
"
0x197ae,"Selon le Colonel, il aurait reçu un traitement...
de faveur.
","Selon le Colonel, il aurait reçu un traitement...
de faveur.
"
0x197ed,"Un traitement de faveur ?
","Un traitement de faveur ?
"
0x19808,"Oui. Ocelot serait le fils d'un héros légendaire.
","Oui. Ocelot serait le fils d'un héros légendaire.
"
0x1983d,"Ça ne m'étonne pas, il en est à la hauteur...
Mais alors, qui est ce héros de légende?
","Ça ne m'étonne pas, il en est à la hauteur...
Mais alors, qui est ce héros de légende?
"
0x1989a,"Je n'en sais rien.
","Je n'en sais rien.
"
0x198ae,"...
","...
"
0x198b3,"Le Colonel ne me l'a jamais dit.
","Le Colonel ne me l'a jamais dit.
"
0x198d5,"Ce que je sais, c'est que sa mère avait été
blessée au ventre pendant la bataille
","Ce que je sais, c'est que sa mère avait été
blessée au ventre pendant la bataille
"
0x1992c,"et qu'il serait né comme ça, des balles fusant
de toutes parts.
","et qu'il serait né comme ça, des balles fusant
de toutes parts.
"
0x1996f,"Une femme enceinte sur un champ de bataille?
","Une femme enceinte sur un champ de bataille?
"
0x1999d,"C'est ce qu'on dit. Et que lorsqu'ils l'ont
recousue, la cicatrice avait la forme d'un
serpent.
","C'est ce qu'on dit. Et que lorsqu'ils l'ont
recousue, la cicatrice avait la forme d'un
serpent.
"
0x199fe,"C'est ça, la chirurgie en temps de guerre. Et
qui est son père, ce héros de légende?
","C'est ça, la chirurgie en temps de guerre. Et
qui est son père, ce héros de légende?
"
0x19a58,"Il ne me l'a pas dit. Il ne connaît sûrement
pas ses parents.
","Il ne me l'a pas dit. Il ne connaît sûrement
pas ses parents.
"
0x19a99,"Est-ce qu'ils sont morts?
","Est-ce qu'ils sont morts?
"
0x19ab4,"Peut-être, je ne sais pas. A l'époque,
beaucoup sont disparus au combat pendant les
derniers jours.
","Peut-être, je ne sais pas. A l'époque,
beaucoup sont disparus au combat pendant les
derniers jours.
"
0x19b1b,"Ocelot aurait probablement connu le même
sort. Mais il a été recueilli et élevé par le GRU
et Volgin.
","Ocelot aurait probablement connu le même
sort. Mais il a été recueilli et élevé par le GRU
et Volgin.
"
0x19b87,"Parce qu'il était différent?
","Parce qu'il était différent?
"
0x19ba7,"Oui, j'imagine.
","Oui, j'imagine.
"
