0x2e7c,"PERSONAL DATA [1/4]

CODENAME:MAJOR TOM
SEX:MALE
AGE:55
NATIONALITY:U.K
BIRTHDATE:8/12/1909
BIRTHPLACE:EXETER,ENG.
ADDRESS:PORTSMOUTH,NH.
","PERSONAL DATA [1/4]

CODENAME:MAJOR TOM
SEX:MALE
AGE:55
NATIONALITY:U.K
BIRTHDATE:8/12/1909
BIRTHPLACE:EXETER,ENG.
ADDRESS:PORTSMOUTH,NH.
"
0x2f07,"PERSONAL DATA [1/4]

CODENAME:MAJOR ZERO
SEX:MALE
AGE:55
NATIONALITY:U.K
BIRTHDATE:8/12/1909
BIRTHPLACE:EXETER,ENG.
ADDRESS:PORTSMOUTH,NH.
","PERSONAL DATA [1/4]

CODENAME:MAJOR ZERO
SEX:MALE
AGE:55
NATIONALITY:U.K
BIRTHDATE:8/12/1909
BIRTHPLACE:EXETER,ENG.
ADDRESS:PORTSMOUTH,NH.
"
0x2f93,"PERSONAL DATA [2/4]

HEIGHT:6% 5/8~
WEIGHT:174q
HAIR:GREY
EYE:GREYISH BLUE
SKIN:WHITE
VOICE:JIM PIDDOCK
MTN ACTR:TAKASHI KUBO
","PERSONAL DATA [2/4]

HEIGHT:6% 5/8~
WEIGHT:174q
HAIR:GREY
EYE:GREYISH BLUE
SKIN:WHITE
VOICE:JIM PIDDOCK
MTN ACTR:TAKASHI KUBO
"
0x3012,"PERSONAL DATA [3/4]

EYESIGHT:20/13
BLOOD TYPE:A
PAST ILLNESSES:GOUT
FAMILY:PARENTS,A SISTER
HOBBY:MOVIE,HUNTING
FVRT FOOD:SHEPHERD'S PIE
UNFVRT FOOD:HAMBURGER
","PERSONAL DATA [3/4]

EYESIGHT:20/13
BLOOD TYPE:A
PAST ILLNESSES:GOUT
FAMILY:PARENTS,A SISTER
HOBBY:MOVIE,HUNTING
FVRT FOOD:SHEPHERD'S PIE
UNFVRT FOOD:HAMBURGER
"
0x30b3,"PERSONAL DATA [4/4]

FVRT MOVIE:SPY/WAR MOVIE
FVRT ANIMAL:HORSE
FVRT LIQUOR:WHISKEY
FVRT SPORT:RUGBY
FVRT TEA:DIMBULA
FVRT UMA:NESSIE
MOTTO:WHO DARES WINS
","PERSONAL DATA [4/4]

FVRT MOVIE:SPY/WAR MOVIE
FVRT ANIMAL:HORSE
FVRT LIQUOR:WHISKEY
FVRT SPORT:RUGBY
FVRT TEA:DIMBULA
FVRT UMA:NESSIE
MOTTO:WHO DARES WINS
"
0x314f,"PERSONAL DATA [1/3]

CODENAME:MAJOR TOM
SEX:MALE
AGE:55
NATIONALITY:U.K
BIRTHDATE:8/12/1909
BIRTHPLACE:EXETER,ENG.
ADDRESS:PORTSMOUTH,NH.
","PERSONAL DATA [1/3]

CODENAME:MAJOR TOM
SEX:MALE
AGE:55
NATIONALITY:U.K
BIRTHDATE:8/12/1909
BIRTHPLACE:EXETER,ENG.
ADDRESS:PORTSMOUTH,NH.
"
0x31da,"PERSONAL DATA [1/3]

CODENAME:MAJOR ZERO
SEX:MALE
AGE:55
NATIONALITY:U.K
BIRTHDATE:8/12/1909
BIRTHPLACE:EXETER,ENG.
ADDRESS:PORTSMOUTH,NH.
","PERSONAL DATA [1/3]

CODENAME:MAJOR ZERO
SEX:MALE
AGE:55
NATIONALITY:U.K
BIRTHDATE:8/12/1909
BIRTHPLACE:EXETER,ENG.
ADDRESS:PORTSMOUTH,NH.
"
0x3266,"PERSONAL DATA [2/3]

HEIGHT:6% 5/8~
WEIGHT:174q
HAIR:GREY
EYE:GREYISH BLUE
SKIN:WHITE
VOICE:JIM PIDDOCK
MTN ACTR:TAKASHI KUBO
","PERSONAL DATA [2/3]

HEIGHT:6% 5/8~
WEIGHT:174q
HAIR:GREY
EYE:GREYISH BLUE
SKIN:WHITE
VOICE:JIM PIDDOCK
MTN ACTR:TAKASHI KUBO
"
0x32e5,"PERSONAL DATA [3/3]

EYESIGHT:20/13
BLOOD TYPE:A
PAST ILLNESSES:GOUT
FAMILY:PARENTS,A SISTER
HOBBY:MOVIE,HUNTING
FVRT FOOD:SHEPHERD'S PIE
UNFVRT FOOD:HAMBURGER
","PERSONAL DATA [3/3]

EYESIGHT:20/13
BLOOD TYPE:A
PAST ILLNESSES:GOUT
FAMILY:PARENTS,A SISTER
HOBBY:MOVIE,HUNTING
FVRT FOOD:SHEPHERD'S PIE
UNFVRT FOOD:HAMBURGER
"
0x3386,"PERSONAL DATA [1/2]

CODENAME:MAJOR TOM
SEX:MALE
AGE:55
NATIONALITY:U.K
BIRTHDATE:8/12/1909
BIRTHPLACE:EXETER,ENG.
ADDRESS:PORTSMOUTH,NH.
","PERSONAL DATA [1/2]

CODENAME:MAJOR TOM
SEX:MALE
AGE:55
NATIONALITY:U.K
BIRTHDATE:8/12/1909
BIRTHPLACE:EXETER,ENG.
ADDRESS:PORTSMOUTH,NH.
"
0x3411,"PERSONAL DATA [1/2]

CODENAME:MAJOR ZERO
SEX:MALE
AGE:55
NATIONALITY:U.K
BIRTHDATE:8/12/1909
BIRTHPLACE:EXETER,ENG.
ADDRESS:PORTSMOUTH,NH.
","PERSONAL DATA [1/2]

CODENAME:MAJOR ZERO
SEX:MALE
AGE:55
NATIONALITY:U.K
BIRTHDATE:8/12/1909
BIRTHPLACE:EXETER,ENG.
ADDRESS:PORTSMOUTH,NH.
"
0x349d,"PERSONAL DATA [2/2]

HEIGHT:6% 5/8~
WEIGHT:174q
HAIR:GREY
EYE:GREYISH BLUE
SKIN:WHITE
VOICE:JIM PIDDOCK
MTN ACTR:TAKASHI KUBO
","PERSONAL DATA [2/2]

HEIGHT:6% 5/8~
WEIGHT:174q
HAIR:GREY
EYE:GREYISH BLUE
SKIN:WHITE
VOICE:JIM PIDDOCK
MTN ACTR:TAKASHI KUBO
"
0x351c,"PERSONAL DATA [1/1]

CODENAME:MAJOR TOM
SEX:MALE
AGE:55
NATIONALITY:U.K
BIRTHDATE:8/12/1909
BIRTHPLACE:EXETER,ENG.
ADDRESS:PORTSMOUTH,NH.
","PERSONAL DATA [1/1]

CODENAME:MAJOR TOM
SEX:MALE
AGE:55
NATIONALITY:U.K
BIRTHDATE:8/12/1909
BIRTHPLACE:EXETER,ENG.
ADDRESS:PORTSMOUTH,NH.
"
0x35a7,"PERSONAL DATA [1/1]

CODENAME:MAJOR ZERO
SEX:MALE
AGE:55
NATIONALITY:U.K
BIRTHDATE:8/12/1909
BIRTHPLACE:EXETER,ENG.
ADDRESS:PORTSMOUTH,NH.
","PERSONAL DATA [1/1]

CODENAME:MAJOR ZERO
SEX:MALE
AGE:55
NATIONALITY:U.K
BIRTHDATE:8/12/1909
BIRTHPLACE:EXETER,ENG.
ADDRESS:PORTSMOUTH,NH.
"
0x3633,"PERSONAL DATA [1/4]

CODENAME:PARA-MEDIC
SEX:FEMALE
AGE:28
NATIONALITY:U.S.A
BIRTHDATE:6/22/1936
BIRTHPLACE:BOSTON,MA.
ADDRESS:BOSTON,MA.
","PERSONAL DATA [1/4]

CODENAME:PARA-MEDIC
SEX:FEMALE
AGE:28
NATIONALITY:U.S.A
BIRTHDATE:6/22/1936
BIRTHPLACE:BOSTON,MA.
ADDRESS:BOSTON,MA.
"
0x36be,"PERSONAL DATA [2/4]

HEIGHT:5% 5 7/8~
WEIGHT:TOP SECRET
HAIR:RED
EYE:BROWN
SKIN:WHITE
VOICE:HEATHER HALLEY
MTN ACTR:ERIKO HIRATA
","PERSONAL DATA [2/4]

HEIGHT:5% 5 7/8~
WEIGHT:TOP SECRET
HAIR:RED
EYE:BROWN
SKIN:WHITE
VOICE:HEATHER HALLEY
MTN ACTR:ERIKO HIRATA
"
0x3740,"PERSONAL DATA [3/4]

EYESIGHT:20/25
BLOOD TYPE:B
PAST ILLNESSES:NONE
FAMILY:PARENTS,2 BROTHERS
HOBBY:MOVIE
FVRT FOOD:SUSHI
UNFVRT FOOD:CRAB
","PERSONAL DATA [3/4]

EYESIGHT:20/25
BLOOD TYPE:B
PAST ILLNESSES:NONE
FAMILY:PARENTS,2 BROTHERS
HOBBY:MOVIE
FVRT FOOD:SUSHI
UNFVRT FOOD:CRAB
"
0x37cd,"PERSONAL DATA [4/4]

FVRT MOVIE:EVERY MOVIE
FVRT ANIMAL:LITTLE BIRD
FVRT LIQUOR:JAPANESE SAKE
MEASUREMENTS:TOP SECRET!
TRETMNT SPCLTY:INJECTION
FVRT MASCOT:KEROTAN,GA-KO
FVRT MNSTR:VENUSIAN
","PERSONAL DATA [4/4]

FVRT MOVIE:EVERY MOVIE
FVRT ANIMAL:LITTLE BIRD
FVRT LIQUOR:JAPANESE SAKE
MEASUREMENTS:TOP SECRET!
TRETMNT SPCLTY:INJECTION
FVRT MASCOT:KEROTAN,GA-KO
FVRT MNSTR:VENUSIAN
"
0x388c,"PERSONAL DATA [1/3]

CODENAME:PARA-MEDIC
SEX:FEMALE
AGE:28
NATIONALITY:U.S.A
BIRTHDATE:6/22/1936
BIRTHPLACE:BOSTON,MA.
ADDRESS:BOSTON,MA.
","PERSONAL DATA [1/3]

CODENAME:PARA-MEDIC
SEX:FEMALE
AGE:28
NATIONALITY:U.S.A
BIRTHDATE:6/22/1936
BIRTHPLACE:BOSTON,MA.
ADDRESS:BOSTON,MA.
"
0x3917,"PERSONAL DATA [2/3]

HEIGHT:5% 5 7/8~
WEIGHT:TOP SECRET
HAIR:RED
EYE:BROWN
SKIN:WHITE
VOICE:HEATHER HALLEY
MTN ACTR:ERIKO HIRATA
","PERSONAL DATA [2/3]

HEIGHT:5% 5 7/8~
WEIGHT:TOP SECRET
HAIR:RED
EYE:BROWN
SKIN:WHITE
VOICE:HEATHER HALLEY
MTN ACTR:ERIKO HIRATA
"
0x3999,"PERSONAL DATA [3/3]

EYESIGHT:20/25
BLOOD TYPE:B
PAST ILLNESSES:NONE
FAMILY:PARENTS,2 BROTHERS
HOBBY:MOVIE
FVRT FOOD:SUSHI
UNFVRT FOOD:CRAB
","PERSONAL DATA [3/3]

EYESIGHT:20/25
BLOOD TYPE:B
PAST ILLNESSES:NONE
FAMILY:PARENTS,2 BROTHERS
HOBBY:MOVIE
FVRT FOOD:SUSHI
UNFVRT FOOD:CRAB
"
0x3a26,"PERSONAL DATA [1/2]

CODENAME:PARA-MEDIC
SEX:FEMALE
AGE:28
NATIONALITY:U.S.A
BIRTHDATE:6/22/1936
BIRTHPLACE:BOSTON,MA.
ADDRESS:BOSTON,MA.
","PERSONAL DATA [1/2]

CODENAME:PARA-MEDIC
SEX:FEMALE
AGE:28
NATIONALITY:U.S.A
BIRTHDATE:6/22/1936
BIRTHPLACE:BOSTON,MA.
ADDRESS:BOSTON,MA.
"
0x3ab1,"PERSONAL DATA [2/2]

HEIGHT:5% 5 7/8~
WEIGHT:TOP SECRET
HAIR:RED
EYE:BROWN
SKIN:WHITE
VOICE:HEATHER HALLEY
MTN ACTR:ERIKO HIRATA
","PERSONAL DATA [2/2]

HEIGHT:5% 5 7/8~
WEIGHT:TOP SECRET
HAIR:RED
EYE:BROWN
SKIN:WHITE
VOICE:HEATHER HALLEY
MTN ACTR:ERIKO HIRATA
"
0x3b33,"PERSONAL DATA [1/1]

CODENAME:PARA-MEDIC
SEX:FEMALE
AGE:28
NATIONALITY:U.S.A
BIRTHDATE:6/22/1936
BIRTHPLACE:BOSTON,MA.
ADDRESS:BOSTON,MA.
","PERSONAL DATA [1/1]

CODENAME:PARA-MEDIC
SEX:FEMALE
AGE:28
NATIONALITY:U.S.A
BIRTHDATE:6/22/1936
BIRTHPLACE:BOSTON,MA.
ADDRESS:BOSTON,MA.
"
0x3bbe,"PERSONAL DATA [1/4]

CODENAME:SIGINT
SEX:MALE
AGE:24
NATIONALITY:U.S.A
BIRTHDATE:11/11/1939
BIRTHPLACE:NASHVILLE,TN.
ADDRESS:LANGLEY,VA.
","PERSONAL DATA [1/4]

CODENAME:SIGINT
SEX:MALE
AGE:24
NATIONALITY:U.S.A
BIRTHDATE:11/11/1939
BIRTHPLACE:NASHVILLE,TN.
ADDRESS:LANGLEY,VA.
"
0x3c48,"PERSONAL DATA [2/4]

HEIGHT:6% 5/8~
WEIGHT:171q
HAIR:BALD
EYE:BROWN
SKIN:BLACK
VOICE:JAMES MATHIS
EYESIGHT:20/16
","PERSONAL DATA [2/4]

HEIGHT:6% 5/8~
WEIGHT:171q
HAIR:BALD
EYE:BROWN
SKIN:BLACK
VOICE:JAMES MATHIS
EYESIGHT:20/16
"
0x3cba,"PERSONAL DATA [3/4]

BLOOD TYPE:O
PAST ILLNESSES:NONE
FAMILY:PARENTS,A SISTER
HOBBY:BASKETBALL
FVRT FOOD:BUFFALO WINGS
UNFVRT FOOD:FISH & CHIPS
MST INTRSTD TECH:COMPUTER
","PERSONAL DATA [3/4]

BLOOD TYPE:O
PAST ILLNESSES:NONE
FAMILY:PARENTS,A SISTER
HOBBY:BASKETBALL
FVRT FOOD:BUFFALO WINGS
UNFVRT FOOD:FISH & CHIPS
MST INTRSTD TECH:COMPUTER
"
0x3d65,"PERSONAL DATA [4/4]

FVRT ANIMAL:CAT
FVRT LIQUOR:BEER
FVRT UMA:SNOWMAN
FVRT UFO:ADAMSKI TYPE
PRIMARY INVNTNS:EZ GUN
NO. OF THIS YEAR'S WRRTN
APOLOGY:21
","PERSONAL DATA [4/4]

FVRT ANIMAL:CAT
FVRT LIQUOR:BEER
FVRT UMA:SNOWMAN
FVRT UFO:ADAMSKI TYPE
PRIMARY INVNTNS:EZ GUN
NO. OF THIS YEAR'S WRRTN
APOLOGY:21
"
0x3dfe,"PERSONAL DATA [1/3]

CODENAME:SIGINT
SEX:MALE
AGE:24
NATIONALITY:U.S.A
BIRTHDATE:11/11/1939
BIRTHPLACE:NASHVILLE,TN.
ADDRESS:LANGLEY,VA.
","PERSONAL DATA [1/3]

CODENAME:SIGINT
SEX:MALE
AGE:24
NATIONALITY:U.S.A
BIRTHDATE:11/11/1939
BIRTHPLACE:NASHVILLE,TN.
ADDRESS:LANGLEY,VA.
"
0x3e88,"PERSONAL DATA [2/3]

HEIGHT:6% 5/8~
WEIGHT:171q
HAIR:BALD
EYE:BROWN
SKIN:BLACK
VOICE:JAMES MATHIS
EYESIGHT:20/16
","PERSONAL DATA [2/3]

HEIGHT:6% 5/8~
WEIGHT:171q
HAIR:BALD
EYE:BROWN
SKIN:BLACK
VOICE:JAMES MATHIS
EYESIGHT:20/16
"
0x3efa,"PERSONAL DATA [3/3]

BLOOD TYPE:O
PAST ILLNESSES:NONE
FAMILY:PARENTS,A SISTER
HOBBY:BASKETBALL
FVRT FOOD:BUFFALO WINGS
UNFVRT FOOD:FISH & CHIPS
MST INTRSTD TECH:COMPUTER
","PERSONAL DATA [3/3]

BLOOD TYPE:O
PAST ILLNESSES:NONE
FAMILY:PARENTS,A SISTER
HOBBY:BASKETBALL
FVRT FOOD:BUFFALO WINGS
UNFVRT FOOD:FISH & CHIPS
MST INTRSTD TECH:COMPUTER
"
0x3fa5,"PERSONAL DATA [1/2]

CODENAME:SIGINT
SEX:MALE
AGE:24
NATIONALITY:U.S.A
BIRTHDATE:11/11/1939
BIRTHPLACE:NASHVILLE,TN.
ADDRESS:LANGLEY,VA.
","PERSONAL DATA [1/2]

CODENAME:SIGINT
SEX:MALE
AGE:24
NATIONALITY:U.S.A
BIRTHDATE:11/11/1939
BIRTHPLACE:NASHVILLE,TN.
ADDRESS:LANGLEY,VA.
"
0x402f,"PERSONAL DATA [2/2]

HEIGHT:6% 5/8~
WEIGHT:171q
HAIR:BALD
EYE:BROWN
SKIN:BLACK
VOICE:JAMES MATHIS
EYESIGHT:20/16
","PERSONAL DATA [2/2]

HEIGHT:6% 5/8~
WEIGHT:171q
HAIR:BALD
EYE:BROWN
SKIN:BLACK
VOICE:JAMES MATHIS
EYESIGHT:20/16
"
0x40a1,"PERSONAL DATA [1/1]

CODENAME:SIGINT
SEX:MALE
AGE:24
NATIONALITY:U.S.A
BIRTHDATE:11/11/1939
BIRTHPLACE:NASHVILLE,TN.
ADDRESS:LANGLEY,VA.
","PERSONAL DATA [1/1]

CODENAME:SIGINT
SEX:MALE
AGE:24
NATIONALITY:U.S.A
BIRTHDATE:11/11/1939
BIRTHPLACE:NASHVILLE,TN.
ADDRESS:LANGLEY,VA.
"
0x412b,"Patterned clothing, facepaint, tactical
movements -
","Patterned clothing, facepaint, tactical
movements -
"
0x4160,"these are the elements of camouflage that
will allow you to deceive your enemy.
","these are the elements of camouflage that
will allow you to deceive your enemy.
"
0x41b1,"To camouflage yourself, first press the
START button to check out the Survival
Viewer.
","To camouflage yourself, first press the
START button to check out the Survival
Viewer.
"
0x4209,"Then select ""CAMOUFLAGE"" and you'll see
two more options: ""FACE"" and ""UNIFORM"".
","Then select ""CAMOUFLAGE"" and you'll see
two more options: ""FACE"" and ""UNIFORM"".
"
0x425a,"Choose ""FACE"" to apply face paint, and
""UNIFORM"" to change your field uniform.
Simple really.
","Choose ""FACE"" to apply face paint, and
""UNIFORM"" to change your field uniform.
Simple really.
"
0x42b9,"Make sure and choose something that'll
match your surroundings.
","Make sure and choose something that'll
match your surroundings.
"
0x42fa,"Your field uniform is not just a set of
threads to wear.
","Your field uniform is not just a set of
threads to wear.
"
0x4334,"To get the max-effect out of your
camouflage, you gotta correspond
with your environment.
","To get the max-effect out of your
camouflage, you gotta correspond
with your environment.
"
0x438f,"So no matter where you are, make sure to
choose a camo pattern that lets you blend
in.
","So no matter where you are, make sure to
choose a camo pattern that lets you blend
in.
"
0x43e7,"Covering your body is a good start, but a
bare face will kill even the best camouflage.
","Covering your body is a good start, but a
bare face will kill even the best camouflage.
"
0x4440,"If the situation calls for a high Camo Index,
you'd better break out the face paint.
","If the situation calls for a high Camo Index,
you'd better break out the face paint.
"
0x4496,"To apply face paint, select ""FACE"" from
the ""CAMOUFLAGE"" menu in the Survival
Viewer.
","To apply face paint, select ""FACE"" from
the ""CAMOUFLAGE"" menu in the Survival
Viewer.
"
0x44ed,"Then, choose a face paint that blends in
with your surroundings.
","Then, choose a face paint that blends in
with your surroundings.
"
0x452f,"The Camo Index, located in the top right
corner of the screen, tells you if your outfit
is gettin' the job done.
","The Camo Index, located in the top right
corner of the screen, tells you if your outfit
is gettin' the job done.
"
0x45a1,"The higher the value of this index, the
harder it is for the enemy to spot you.
","The higher the value of this index, the
harder it is for the enemy to spot you.
"
0x45f2,"Try your best to keep the Camo Index as
high as possible.
","Try your best to keep the Camo Index as
high as possible.
"
0x462d,"So you've got your uniform and your face
paint, but that alone isn't enough to make
for good camouflage.
","So you've got your uniform and your face
paint, but that alone isn't enough to make
for good camouflage.
"
0x4697,"Camouflage means blending in with nature.
","Camouflage means blending in with nature.
"
0x46c2,"To make your disguise complete, you've
got to keep a low profile and avoid overt
movements.
","To make your disguise complete, you've
got to keep a low profile and avoid overt
movements.
"
0x471f,"As long as you've got the uniform and face
paint workin' for you,
","As long as you've got the uniform and face
paint workin' for you,
"
0x4762,"and you're lying flat keepin' still, you won't
have to worry about being spotted from a
distance.
","and you're lying flat keepin' still, you won't
have to worry about being spotted from a
distance.
"
0x47c5,"On the flip side, dancin' around your enemy
in perfect camo is still a dead giveaway.
","On the flip side, dancin' around your enemy
in perfect camo is still a dead giveaway.
"
0x481c,"So if the enemy's looking for you and he's
gettin' too close for comfort, just lay low for
the time being.
","So if the enemy's looking for you and he's
gettin' too close for comfort, just lay low for
the time being.
"
0x4888,"Whenever you find a new weapon or piece
of equipment, the first thing you do is drop
it in your backpack, right?
","Whenever you find a new weapon or piece
of equipment, the first thing you do is drop
it in your backpack, right?
"
0x48fa,"But you can't use your new goodies if they're
just sittin' in your backpack.
","But you can't use your new goodies if they're
just sittin' in your backpack.
"
0x4948,"To use a weapon or a piece of equipment,
first you have to take it out of your backpack
and place it on your person.
","To use a weapon or a piece of equipment,
first you have to take it out of your backpack
and place it on your person.
"
0x49be,"To take an item out of your backpack, use
the ""BACKPACK"" option in the Survival
Viewer.
","To take an item out of your backpack, use
the ""BACKPACK"" option in the Survival
Viewer.
"
0x4a17,"To place a weapon on your person, select
""WEAPON"" under the ""BACKPACK"" section
of the Survival Viewer.
","To place a weapon on your person, select
""WEAPON"" under the ""BACKPACK"" section
of the Survival Viewer.
"
0x4a7f,"See that window on the left? That shows
a list of all the weapons you've got.
","See that window on the left? That shows
a list of all the weapons you've got.
"
0x4ace,"Choose the weapon you want to carry from
the list and press the Enter Button to take
it out of your backpack.
","Choose the weapon you want to carry from
the list and press the Enter Button to take
it out of your backpack.
"
0x4b3d,"Just remember that there's a limit to
the number of weapons you can carry
at the same time.
","Just remember that there's a limit to
the number of weapons you can carry
at the same time.
"
0x4b9a,"So put back any stuff you don't need.
","So put back any stuff you don't need.
"
0x4bc1,"To put a weapon on your person back into
your backpack,
","To put a weapon on your person back into
your backpack,
"
0x4bfa,"choose a weapon that's already on you from
the weapon list and press the Enter Button.
","choose a weapon that's already on you from
the weapon list and press the Enter Button.
"
0x4c52,"Or, you can just line up the icon for the
weapon you want to put away with the lower
right and press the Enter Button.
","Or, you can just line up the icon for the
weapon you want to put away with the lower
right and press the Enter Button.
"
0x4cca,"Do whatever works best.
","Do whatever works best.
"
0x4ce3,"Keep in mind that every weapon and piece
of equipment weighs something.
","Keep in mind that every weapon and piece
of equipment weighs something.
"
0x4d2c,"The heavier the equipment you're lugging
around, the faster you'll burn up stamina.
","The heavier the equipment you're lugging
around, the faster you'll burn up stamina.
"
0x4d81,"You can see how much your equipment
weighs by going into the ""BACKPACK""
screen in the Survival Viewer.
","You can see how much your equipment
weighs by going into the ""BACKPACK""
screen in the Survival Viewer.
"
0x4de9,"If you're trying to conserve your stamina,
make some cuts and toss the equipment
you don't need in your backpack.
","If you're trying to conserve your stamina,
make some cuts and toss the equipment
you don't need in your backpack.
"
0x4e5c,"When you're using the assault rifle, pressing
the Weapon Button will hold it at waist level.
","When you're using the assault rifle, pressing
the Weapon Button will hold it at waist level.
"
0x4eba,"That's nice if you need to drop nearby
enemies with some speed. But it's difficult
to aim straight.
","That's nice if you need to drop nearby
enemies with some speed. But it's difficult
to aim straight.
"
0x4f1f,"If you need to take more accurate shots;
like taggin' enemies in vital spots from a
distance; use the Aim Button instead.
","If you need to take more accurate shots;
like taggin' enemies in vital spots from a
distance; use the Aim Button instead.
"
0x4f9a,"Equip the weapon in First Person View
and press the Aim Button to aim the gun
from the shoulder.
","Equip the weapon in First Person View
and press the Aim Button to aim the gun
from the shoulder.
"
0x4ffc,"You can take precise aim with the front and
rear sights.
","You can take precise aim with the front and
rear sights.
"
0x5036,"When you're focusing on your mark, it will
be as accurate as if you were zoomin' in.
","When you're focusing on your mark, it will
be as accurate as if you were zoomin' in.
"
0x508c,"When you fire continuously with a gun like
the assault rifle, the recoil will cause your
shots to veer off target.
","When you fire continuously with a gun like
the assault rifle, the recoil will cause your
shots to veer off target.
"
0x5100,"But if you crouch or lie down, you can
suppress the recoil and keep a tight fire
pattern.
","But if you crouch or lie down, you can
suppress the recoil and keep a tight fire
pattern.
"
0x515b,"So when you gotta hit that bull's eye, take
a low position.
","So when you gotta hit that bull's eye, take
a low position.
"
0x5198,"You're on a solo sneaking mission. Your
success is based on your ability to survive.
","You're on a solo sneaking mission. Your
success is based on your ability to survive.
"
0x51ee,"That's where the Survival Viewer comes in.
","That's where the Survival Viewer comes in.
"
0x521a,"The Survival Viewer contains everything
you need to survive out in the field.
","The Survival Viewer contains everything
you need to survive out in the field.
"
0x5269,"Use ""CAMOUFLAGE"" to change your
camouflage, and ""BACKPACK"" to select
your gear.
","Use ""CAMOUFLAGE"" to change your
camouflage, and ""BACKPACK"" to select
your gear.
"
0x52ba,"Use ""FOOD"" to eat, ""CURE"" to treat
wounds, and ""MAP"" to view a detail of
the area.
","Use ""FOOD"" to eat, ""CURE"" to treat
wounds, and ""MAP"" to view a detail of
the area.
"
0x530e,"You've also got ""OPTIONS"" that lets you
change the settings to suit your mission
preferences.
","You've also got ""OPTIONS"" that lets you
change the settings to suit your mission
preferences.
"
0x536d,"Got it?
","Got it?
"
0x5376,"I heard you fought against KGB troops in
the Virtuous Mission. But this time you're
up against Spetsnaz.
","I heard you fought against KGB troops in
the Virtuous Mission. But this time you're
up against Spetsnaz.
"
0x53e0,"Spetsnaz is the special forces unit of GRU,
the intelligence wing of the Soviet Defense
Ministry's General Staff Office.
","Spetsnaz is the special forces unit of GRU,
the intelligence wing of the Soviet Defense
Ministry's General Staff Office.
"
0x545a,"Spetsnaz troops undergo rigorous training in
all types of special ops, from assassination
and demolition to intelligence gathering.
","Spetsnaz troops undergo rigorous training in
all types of special ops, from assassination
and demolition to intelligence gathering.
"
0x54df,"That, and Volgin's loaded, man. His unit is
one of the best equipped in the entire Soviet
Union, if not THE best.
","That, and Volgin's loaded, man. His unit is
one of the best equipped in the entire Soviet
Union, if not THE best.
"
0x5552,"I heard the enemies you encountered in the
Virtuous Mission were only carrying weapons
like AKs and grenades.
","I heard the enemies you encountered in the
Virtuous Mission were only carrying weapons
like AKs and grenades.
"
0x55c1,"Well, it ain't that simple anymore.
","Well, it ain't that simple anymore.
"
0x55e6,"In addition to AKs, some of the patrols you'll
encounter might be equipped with Scorpion
submachine guns and shotguns.
","In addition to AKs, some of the patrols you'll
encounter might be equipped with Scorpion
submachine guns and shotguns.
"
0x565e,"The Scorpion is even lighter than the AK,
making it much easier to handle.
","The Scorpion is even lighter than the AK,
making it much easier to handle.
"
0x56aa,"Basically, a guy with a Scorpion is not gonna
miss you as often as with an AK.
","Basically, a guy with a Scorpion is not gonna
miss you as often as with an AK.
"
0x56fa,"The shotgun is a powerful weapon.
","The shotgun is a powerful weapon.
"
0x571d,"One blast is enough to floor you and you're
likely to be seriously wounded.
Watch for that, man.
","One blast is enough to floor you and you're
likely to be seriously wounded.
Watch for that, man.
"
0x577f,"Hey Snake, remember back at the abandoned
factory when you whittled the grip of that .45
down?
","Hey Snake, remember back at the abandoned
factory when you whittled the grip of that .45
down?
"
0x57df,"Yeah.
","Yeah.
"
0x57e6,"I've never heard of a customization like
that before. Why the grip?
","I've never heard of a customization like
that before. Why the grip?
"
0x582b,"To fit it with a knife.
","To fit it with a knife.
"
0x5844,"A knife? You're gonna keep the knife and
the gun both at the ready?
","A knife? You're gonna keep the knife and
the gun both at the ready?
"
0x5889,"That's the idea.
","That's the idea.
"
0x589b,"Why would you want to do that?
","Why would you want to do that?
"
0x58bb,"Sometimes a knife works better in close
proximity encounters.
","Sometimes a knife works better in close
proximity encounters.
"
0x58fa,"So I equip both at the same time.
That way I can switch back and forth
in an instant.
","So I equip both at the same time.
That way I can switch back and forth
in an instant.
"
0x5951,"Bad ass... So that's that...
","Bad ass... So that's that...
"
0x596f,"...CQC.
","...CQC.
"
0x5978,"Snake, watch yourself. That area has been
rigged with clappers.
","Snake, watch yourself. That area has been
rigged with clappers.
"
0x59b9,"A clapper is a kind of warning device used
to detect intruders.
","A clapper is a kind of warning device used
to detect intruders.
"
0x59fa,"It's made of a rope stretched close to
the ground with empty cans attached to it.
","It's made of a rope stretched close to
the ground with empty cans attached to it.
"
0x5a4d,"When the rope is tripped, the cans rattle
around and make a loud noise.
","When the rope is tripped, the cans rattle
around and make a loud noise.
"
0x5a96,"That'll probably put the enemy into Caution
Phase. They'll come looking for you where
the rope was tripped.
","That'll probably put the enemy into Caution
Phase. They'll come looking for you where
the rope was tripped.
"
0x5b03,"If you think an area's been rigged with a
clapper, watch your step. If you do spot a
rope, back up. Find a way around.
","If you think an area's been rigged with a
clapper, watch your step. If you do spot a
rope, back up. Find a way around.
"
0x5b7b,"If that's too much of a pain, try rollin' over
it.
","If that's too much of a pain, try rollin' over
it.
"
0x5baf,"And if, by any chance, you do happen to set
off a clapper, you'd better split before the
enemy gets there.
","And if, by any chance, you do happen to set
off a clapper, you'd better split before the
enemy gets there.
"
0x5c1b,"Of course, clappers are already pretty
outdated. In the 21st century, they'll all
be replaced by infrared sensors.
","Of course, clappers are already pretty
outdated. In the 21st century, they'll all
be replaced by infrared sensors.
"
0x5c8f,"Infrared?
","Infrared?
"
0x5c9a,"Yeah. Instead of a rope, it's an invisible
beam of light that sets off an alarm when
you interrupt it.
","Yeah. Instead of a rope, it's an invisible
beam of light that sets off an alarm when
you interrupt it.
"
0x5d02,"But there's no way to avoid something
like that.
","But there's no way to avoid something
like that.
"
0x5d34,"Nah. Every time someone comes up with
a new trap, someone else comes up with
a way to get around it.
","Nah. Every time someone comes up with
a new trap, someone else comes up with
a way to get around it.
"
0x5d9a,"And it's usually a lot less high-tech than
the trap itself.
","And it's usually a lot less high-tech than
the trap itself.
"
0x5dd7,"After all, the best technology is worthless
unless you know how to use it.
","After all, the best technology is worthless
unless you know how to use it.
"
0x5e23,"Sounds like the Cobra Unit's members'
names came from the specific emotions
they each carry into battle.
","Sounds like the Cobra Unit's members'
names came from the specific emotions
they each carry into battle.
"
0x5e8d,"Emotions?
","Emotions?
"
0x5e98,"Yeah.
","Yeah.
"
0x5e9f,"For unbearable torment, The Pain.
","For unbearable torment, The Pain.
"
0x5ec2,"For true oblivion, The End.
","For true oblivion, The End.
"
0x5edf,"For infinite rage, The Fury.
","For infinite rage, The Fury.
"
0x5efd,"For absolute terror, The Fear.
","For absolute terror, The Fear.
"
0x5f1d,"And for unsurpassed bliss, The Joy.
","And for unsurpassed bliss, The Joy.
"
0x5f42,"The Joy?
","The Joy?
"
0x5f4c,"It's another name for The Boss. Because
of the joy she feels in battle, I suppose.
","It's another name for The Boss. Because
of the joy she feels in battle, I suppose.
"
0x5fa0,"...
","...
"
0x5fa5,"During the war, she had a partner named
The Sorrow. Sorrow and Joy. They say
there couldn't have been a more perfect pair.
","During the war, she had a partner named
The Sorrow. Sorrow and Joy. They say
there couldn't have been a more perfect pair.
"
0x6021,"That Order of Lenin that Granin was talkin'
about is the most prestigious award in the
Soviet Union.
","That Order of Lenin that Granin was talkin'
about is the most prestigious award in the
Soviet Union.
"
0x6087,"It's given to individuals, organizations,
and cities for outstanding achievements
in warfare,
","It's given to individuals, organizations,
and cities for outstanding achievements
in warfare,
"
0x60e6,"science, industry, the arts, and various
other fields.
","science, industry, the arts, and various
other fields.
"
0x611e,"You could say it's the highest honor
the East has to give.
","You could say it's the highest honor
the East has to give.
"
0x615a,"You say Granin was involved in the
development of the SS-1C?
","You say Granin was involved in the
development of the SS-1C?
"
0x6198,"The SS-1C is the Soviets' newest
short-range tactical ballistic missile.
","The SS-1C is the Soviets' newest
short-range tactical ballistic missile.
"
0x61e2,"Based on what Western intel has been able
to gather, it's capable of being launched from
a mobile platform.
","Based on what Western intel has been able
to gather, it's capable of being launched from
a mobile platform.
"
0x624f,"A mobile platform?
","A mobile platform?
"
0x6263,"Yeah. It's a transport vehicle that functions
as an erector and a launcher.
","Yeah. It's a transport vehicle that functions
as an erector and a launcher.
"
0x62b0,"It can travel on roads then erect and launch
a missile from any location.
","It can travel on roads then erect and launch
a missile from any location.
"
0x62fb,"Of course, in addition to conventional
explosives, the missiles could also be fitted
with chemical or even nuclear warheads.
","Of course, in addition to conventional
explosives, the missiles could also be fitted
with chemical or even nuclear warheads.
"
0x6379,"A nuclear missile that can be launched
from any location...
","A nuclear missile that can be launched
from any location...
"
0x63b6,"I'll bet it wasn't the missile itself that Granin
helped develop. More likely it was the mobile
platform.
","I'll bet it wasn't the missile itself that Granin
helped develop. More likely it was the mobile
platform.
"
0x6421,"From what I've heard, the SS-1C is set for
actual deployment as early as next year.
","From what I've heard, the SS-1C is set for
actual deployment as early as next year.
"
0x6476,"That's bound to send a chill down NATO's
spine.
","That's bound to send a chill down NATO's
spine.
"
0x64a7,"Sigint, Granin said something about putting
legs on a tank. Do you know what he was
talking about?
","Sigint, Granin said something about putting
legs on a tank. Do you know what he was
talking about?
"
0x650b,"If you ask me, it's got to be a joke.
","If you ask me, it's got to be a joke.
"
0x6532,"Not only is making a tank walk on two legs
a technical nightmare, but there's no point
in making a walking tank to begin with.
","Not only is making a tank walk on two legs
a technical nightmare, but there's no point
in making a walking tank to begin with.
"
0x65b2,"Putting legs on a tank would raise its
clearance, increasing its frontal projection
area. It'd also be less stable.
","Putting legs on a tank would raise its
clearance, increasing its frontal projection
area. It'd also be less stable.
"
0x6627,"Suppose the legs help the tank travel on
bad roads... I don't see the logic in that.
Isn't that what treads are for?
","Suppose the legs help the tank travel on
bad roads... I don't see the logic in that.
Isn't that what treads are for?
"
0x669d,"I mean, anybody who'd seriously consider
making a thing like that has got to be
a wacko.
","I mean, anybody who'd seriously consider
making a thing like that has got to be
a wacko.
"
0x66f7,"...Come to think of it, there was a guy in
the States who wrote a paper on that subject.
","...Come to think of it, there was a guy in
the States who wrote a paper on that subject.
"
0x6751,"What was his name... Emerson? Heinrich?
...Something like that; I don't really remember.
","What was his name... Emerson? Heinrich?
...Something like that; I don't really remember.
"
0x67ab,"'Course, no one took that seriously.
","'Course, no one took that seriously.
"
0x67d1,"Sigint, Granin was saying that Sokolov's
research project was a tank fitted with
rockets...
","Sigint, Granin was saying that Sokolov's
research project was a tank fitted with
rockets...
"
0x682e,"Uh huh.
","Uh huh.
"
0x6837,"Do you have any idea what he meant?
","Do you have any idea what he meant?
"
0x685c,"...Sorry. Beats me.
","...Sorry. Beats me.
"
0x6871,"Hmm...
","Hmm...
"
0x6879,"I wonder if it's supposed to increase the
tank's mobility... or maybe give the tank
short-range missile launching capability...
","I wonder if it's supposed to increase the
tank's mobility... or maybe give the tank
short-range missile launching capability...
"
0x68fa,"But you're sure it has something to do with
Phase 2 of the Shagohod, right?
","But you're sure it has something to do with
Phase 2 of the Shagohod, right?
"
0x6947,"Yeah.
","Yeah.
"
0x694e,"Khrushchev traded Cuba just to get this
thing finished, and Volgin blew up a Soviet
research facility to get his hands on it.
","Khrushchev traded Cuba just to get this
thing finished, and Volgin blew up a Soviet
research facility to get his hands on it.
"
0x69cd,"Whatever it is, it's gotta be big.
","Whatever it is, it's gotta be big.
"
0x69f1,"Sigint, do you know anything about that
""Philosopher's Legacy"" Granin was talking
about?
","Sigint, do you know anything about that
""Philosopher's Legacy"" Granin was talking
about?
"
0x6a4b,"Not a clue. Never even heard of something
like that until now.
","Not a clue. Never even heard of something
like that until now.
"
0x6a8b,"Right...
","Right...
"
0x6a95,"One thing's for sure, though. Volgin's got
a huge amount of money stashed away
somewhere.
","One thing's for sure, though. Volgin's got
a huge amount of money stashed away
somewhere.
"
0x6af0,"""Philosopher's Legacy"" huh...
Maybe it is real...
","""Philosopher's Legacy"" huh...
Maybe it is real...
"
0x6b23,"You seen any enemies equipped with
flamethrowers?
","You seen any enemies equipped with
flamethrowers?
"
0x6b56,"Those flamethrowers are M2s. They were
first used in World War II during the invasion
of Guam.
","Those flamethrowers are M2s. They were
first used in World War II during the invasion
of Guam.
"
0x6bb6,"The M2 uses pressurized nitrogen gas to
fire a fuel mixture of napalm and gasoline.
","The M2 uses pressurized nitrogen gas to
fire a fuel mixture of napalm and gasoline.
"
0x6c0b,"It comes in handy for torchin' places that are
tough to secure with conventional firepower,
","It comes in handy for torchin' places that are
tough to secure with conventional firepower,
"
0x6c68,"like trenches and bunkers and pillbox
enclosures.
","like trenches and bunkers and pillbox
enclosures.
"
0x6c9b,"Watch out though. Get hit by a flamethrower
in a narrow spot like a closet or a trench and
it's barbeque time.
","Watch out though. Get hit by a flamethrower
in a narrow spot like a closet or a trench and
it's barbeque time.
"
0x6d0b,"Don't wander too close to an enemy carrying
a flamethrower.
","Don't wander too close to an enemy carrying
a flamethrower.
"
0x6d48,"If you need to take one out, try sniping
from a distance so the flames can't reach
you.
","If you need to take one out, try sniping
from a distance so the flames can't reach
you.
"
0x6da1,"What are they doing with American-made
flamethrowers, anyway?
","What are they doing with American-made
flamethrowers, anyway?
"
0x6de0,"Well, like a lot of other Western weapons,
those M2s were probably jacked for research
purposes.
","Well, like a lot of other Western weapons,
those M2s were probably jacked for research
purposes.
"
0x6e42,"But if they're actually using them... man,
they must really have it in for you.
","But if they're actually using them... man,
they must really have it in for you.
"
0x6e93,"What do you mean?
","What do you mean?
"
0x6ea6,"The flamethrower is heavy, short-ranged,
and can only be used for a short period of
time.
","The flamethrower is heavy, short-ranged,
and can only be used for a short period of
time.
"
0x6f01,"Not only that, but when a flame trooper gets
captured, he's almost always put to death.
","Not only that, but when a flame trooper gets
captured, he's almost always put to death.
"
0x6f5a,"Basically it's a bad idea all the way around
to use flamethrowers unless you're sweepin'.
","Basically it's a bad idea all the way around
to use flamethrowers unless you're sweepin'.
"
0x6fb5,"And despite all that, they're keepin' 'em
at the ready just for you. What do you
think of it?
","And despite all that, they're keepin' 'em
at the ready just for you. What do you
think of it?
"
0x7014,"...They're out for revenge.
","...They're out for revenge.
"
0x7031,"Well, you've offed an awful lot of Volgin's
men out there. No wonder they hate you.
","Well, you've offed an awful lot of Volgin's
men out there. No wonder they hate you.
"
0x7086,"Well, you've killed three members of the
Cobra unit already. So you can see why
Volgin has it in for you.
","Well, you've killed three members of the
Cobra unit already. So you can see why
Volgin has it in for you.
"
0x70f1,"You say Granin's shoes were rigged with
a transmitter?
","You say Granin's shoes were rigged with
a transmitter?
"
0x7129,"That sounds like something the KGB's been
working on lately.
","That sounds like something the KGB's been
working on lately.
"
0x7167,"It's exactly like you described - a miniature
transmitter that's small enough to put in a
shoe.
","It's exactly like you described - a miniature
transmitter that's small enough to put in a
shoe.
"
0x71c8,"Granin said he got the shoes from a woman
called Tatyana... You think she's a KGB spy?
","Granin said he got the shoes from a woman
called Tatyana... You think she's a KGB spy?
"
0x7220,"Could be. Or maybe it's some kind of ploy
to throw suspicion on her.
","Could be. Or maybe it's some kind of ploy
to throw suspicion on her.
"
0x7266,...,...
0x726a,"Anyway, it's your job to find out.
","Anyway, it's your job to find out.
"
0x728e,"...Good point.
","...Good point.
"
0x729e,"That thing EVA was carrying is a gun
disguised to look like a tube of lipstick,
also known as the ""Kiss of Death.""
","That thing EVA was carrying is a gun
disguised to look like a tube of lipstick,
also known as the ""Kiss of Death.""
"
0x7312,"It's a hidden weapon used by KGB spies
since around 1950.
","It's a hidden weapon used by KGB spies
since around 1950.
"
0x734d,"The gun uses 4.5 mm rounds.
","The gun uses 4.5 mm rounds.
"
0x736a,"It only carries one shot, but that's enough
to get the job done if you fire it at the right
spot from point-blank range.
","It only carries one shot, but that's enough
to get the job done if you fire it at the right
spot from point-blank range.
"
0x73e4,"They don't call it the Kiss of Death for
nothing.
","They don't call it the Kiss of Death for
nothing.
"
0x7417,"That idea Sokolov had of planting C3 on
the liquid fuel tanks... not a bad idea.
","That idea Sokolov had of planting C3 on
the liquid fuel tanks... not a bad idea.
"
0x7469,"The fuel he was referring to is probably
UDMH - unsymmetrical dimethyl hydrazine.
","The fuel he was referring to is probably
UDMH - unsymmetrical dimethyl hydrazine.
"
0x74bc,"It's highly flammable, but difficult to handle.
If you can blow it all up at once with C3, it'll
take the entire weapons lab with it, no doubt.
","It's highly flammable, but difficult to handle.
If you can blow it all up at once with C3, it'll
take the entire weapons lab with it, no doubt.
"
0x754d,"But that's only if you manage to plant the C3
in the right place on each tank. So don't
screw it up.
","But that's only if you manage to plant the C3
in the right place on each tank. So don't
screw it up.
"
0x75b3,"So you found yourself a cigarette-shaped
narcosis gun.
","So you found yourself a cigarette-shaped
narcosis gun.
"
0x75eb,"The cigarette-shaped narcosis gun is just
what the name says - a sleeping gas gun
shaped like a cigarette.
","The cigarette-shaped narcosis gun is just
what the name says - a sleeping gas gun
shaped like a cigarette.
"
0x7657,"It must be a test model that Granin's lab is
working on for KGB spies.
","It must be a test model that Granin's lab is
working on for KGB spies.
"
0x769f,"Equip it and press the Weapon Button
to fire sleeping gas.
","Equip it and press the Weapon Button
to fire sleeping gas.
"
0x76db,"It's got a short range, but any enemy that
gets hit by the gas will be knocked out cold.
","It's got a short range, but any enemy that
gets hit by the gas will be knocked out cold.
"
0x7735,"You can't be seen with a weapon while
you're disguised as a scientist.
","You can't be seen with a weapon while
you're disguised as a scientist.
"
0x777d,"But you ought to be able to equip that
cigarette gun without attracting any
attention.
","But you ought to be able to equip that
cigarette gun without attracting any
attention.
"
0x77d5,"Make the most of it.
","Make the most of it.
"
0x77eb,"Ah. A handkerchief soaked with
a knockout drug, you say?
","Ah. A handkerchief soaked with
a knockout drug, you say?
"
0x7825,"With that thing, I'll bet you could put the
enemy to sleep just by grabbing them in
CQC.
","With that thing, I'll bet you could put the
enemy to sleep just by grabbing them in
CQC.
"
0x787f,"You could also press the Weapon Button to
wave the hanky around and spread the
knockout drug that way.
","You could also press the Weapon Button to
wave the hanky around and spread the
knockout drug that way.
"
0x78e7,"But there's only enough drug for one use,
so you'll have to go soak it if you want to
use it again.
","But there's only enough drug for one use,
so you'll have to go soak it if you want to
use it again.
"
0x794c,"You should be able to find some sort of
anesthetic around there.
","You should be able to find some sort of
anesthetic around there.
"
0x798e,"The Mk22 is a tranquilizer gun. You can
use it to take enemies down without hurting
them.
","The Mk22 is a tranquilizer gun. You can
use it to take enemies down without hurting
them.
"
0x79e9,"The thing is, the amount of time it takes for
the tranquilizer to work depends on which
part of the body the dart hits.
","The thing is, the amount of time it takes for
the tranquilizer to work depends on which
part of the body the dart hits.
"
0x7a62,"If you need to drop an enemy in one shot,
aim for the head.
","If you need to drop an enemy in one shot,
aim for the head.
"
0x7a9f,"The Mk22 can also be equipped with
a suppressor.
","The Mk22 can also be equipped with
a suppressor.
"
0x7ad1,"With a suppressor equipped, you won't need
to worry about anybody hearing the shot.
","With a suppressor equipped, you won't need
to worry about anybody hearing the shot.
"
0x7b26,"But, the suppressor will deteriorate each
time the gun is fired.
","But, the suppressor will deteriorate each
time the gun is fired.
"
0x7b68,"The durability of your suppressor is
displayed on the weapon icon whenever
the suppressor is equipped.
","The durability of your suppressor is
displayed on the weapon icon whenever
the suppressor is equipped.
"
0x7bd0,"Be sure to keep an eye on it.
","Be sure to keep an eye on it.
"
0x7bef,"A suppressor can be unequipped by
pressing the Enter Button while the
Weapon Window is open.
","A suppressor can be unequipped by
pressing the Enter Button while the
Weapon Window is open.
"
0x7c4d,"It's a good idea to take the suppressor off
a gun when you don't need it.
","It's a good idea to take the suppressor off
a gun when you don't need it.
"
0x7c98,"The weapon you've got equipped now is
a prototype model of the Mk22,
","The weapon you've got equipped now is
a prototype model of the Mk22,
"
0x7cde,"a suppressor-equipped pistol currently
in development by the Navy.
","a suppressor-equipped pistol currently
in development by the Navy.
"
0x7d22,"It's been modified to act as a tranquilizer
gun.
","It's been modified to act as a tranquilizer
gun.
"
0x7d54,"The Mk22 is a heavily modified special ops
version of the M39 pistol used as a sidearm
by the SEALS.
","The Mk22 is a heavily modified special ops
version of the M39 pistol used as a sidearm
by the SEALS.
"
0x7dba,"Probably the biggest change from the M39 is
that it's got a longer barrel, which allows it to
be equipped with a suppressor.
","Probably the biggest change from the M39 is
that it's got a longer barrel, which allows it to
be equipped with a suppressor.
"
0x7e38,"And it uses a slide-lock mechanism.
","And it uses a slide-lock mechanism.
"
0x7e5d,"That makes it a lot quieter, but it also
means you have to load a new round into
the chamber by hand every time you fire.
","That makes it a lot quieter, but it also
means you have to load a new round into
the chamber by hand every time you fire.
"
0x7ed8,"It's also fitted with tall adjustable sights, so
you can use the front and rear sights to line
up your shot even with a suppressor attached.
","It's also fitted with tall adjustable sights, so
you can use the front and rear sights to line
up your shot even with a suppressor attached.
"
0x7f66,"Looks like they got rid of the magazine
safety, too.
","Looks like they got rid of the magazine
safety, too.
"
0x7f9c,"Good eye. That feature wasn't too popular
with guys like you who know their guns.
","Good eye. That feature wasn't too popular
with guys like you who know their guns.
"
0x7fef,"The shear release lever's been taken off as
well, meaning the hammer won't fall even
with the safety on.
","The shear release lever's been taken off as
well, meaning the hammer won't fall even
with the safety on.
"
0x8059,"So I can just cock and lock?
","So I can just cock and lock?
"
0x8077,"That and you get the added bonus of not
having any mechanical noise from decocking,
even with the safety on.
","That and you get the added bonus of not
having any mechanical noise from decocking,
even with the safety on.
"
0x80e5,"The perfect pistol for a sneaking mission,
huh.
","The perfect pistol for a sneaking mission,
huh.
"
0x8116,"Ah, I see you got yourself an M37.
","Ah, I see you got yourself an M37.
"
0x813a,"The M37 is a 12-gauge pump-action
shotgun.
","The M37 is a 12-gauge pump-action
shotgun.
"
0x8166,"Don't expect any kind of accuracy from a
distance, but one blast will send the enemy
flying, and it's got some serious firepower too.
","Don't expect any kind of accuracy from a
distance, but one blast will send the enemy
flying, and it's got some serious firepower too.
"
0x81ed,"Good thing to have with you in close-range
combat.
","Good thing to have with you in close-range
combat.
"
0x8221,"It takes awhile to reload, though, so plan
accordingly.
","It takes awhile to reload, though, so plan
accordingly.
"
0x825a,"The thing that really distinguishes the M37
is that it's light weight.
","The thing that really distinguishes the M37
is that it's light weight.
"
0x82a2,"It's about 2 pounds lighter than other
shotguns. In fact, it's so light that it's
been nicknamed the ""Featherlight.""
","It's about 2 pounds lighter than other
shotguns. In fact, it's so light that it's
been nicknamed the ""Featherlight.""
"
0x8318,"Yeah, and to top it off, this one's had its
barrel and stock sawed off.
","Yeah, and to top it off, this one's had its
barrel and stock sawed off.
"
0x8361,"That's probably a modification to make it
easier to wield in the jungle. Those Soviet
boys know what they're doing.
","That's probably a modification to make it
easier to wield in the jungle. Those Soviet
boys know what they're doing.
"
0x83d6,"I guess the other distinguishing feature
would be the lack of an ejection port on
the side of the receiver.
","I guess the other distinguishing feature
would be the lack of an ejection port on
the side of the receiver.
"
0x8443,"Ambidextrous, huh.
","Ambidextrous, huh.
"
0x8457,"Exactly. It's been designed so you can use
it left-handed or right-handed with equal ease.
","Exactly. It's been designed so you can use
it left-handed or right-handed with equal ease.
"
0x84b3,"But that's not all.
","But that's not all.
"
0x84c8,"The low number of apertures means that it
won't get jammed up as much with mud and
dirt when you use it out in the field.
","The low number of apertures means that it
won't get jammed up as much with mud and
dirt when you use it out in the field.
"
0x8543,"This weapon is made for the jungle.
","This weapon is made for the jungle.
"
0x8568,"Good to know.
","Good to know.
"
0x8577,"But what are they doing with an
American-made shotgun?
","But what are they doing with an
American-made shotgun?
"
0x85af,"Good question. I guess they could be doing
research on Western weapons, but...
","Good question. I guess they could be doing
research on Western weapons, but...
"
0x85ff,"Did you ever hear about the SAS using
shotguns in jungle combat in Malaya?
","Did you ever hear about the SAS using
shotguns in jungle combat in Malaya?
"
0x864b,"Just stories.
","Just stories.
"
0x865a,"In the jungle, you're always running into
the enemy when you least expect it.
","In the jungle, you're always running into
the enemy when you least expect it.
"
0x86a9,"The SAS found the shotgun to be extremely
effective delivering massive firepower in a
short period of time.
","The SAS found the shotgun to be extremely
effective delivering massive firepower in a
short period of time.
"
0x8716,"Because of that, lately a lot of point men
are starting to use shotguns as their weapon
of choice.
","Because of that, lately a lot of point men
are starting to use shotguns as their weapon
of choice.
"
0x877a,"Volgin's men might be trying that tactic out
for themselves.
","Volgin's men might be trying that tactic out
for themselves.
"
0x87b8,"A torch? A little primitive but, a light's
a light.
","A torch? A little primitive but, a light's
a light.
"
0x87ed,"From what I can tell, that torch is made of
white birch dipped in turpentine.
","From what I can tell, that torch is made of
white birch dipped in turpentine.
"
0x883c,"It burns long, so I don't think you'll have
a problem with it burnin' out on you.
","It burns long, so I don't think you'll have
a problem with it burnin' out on you.
"
0x888f,"If you equip it and press the CQC Button,
you can use it to smack the enemy.
","If you equip it and press the CQC Button,
you can use it to smack the enemy.
"
0x88dd,"You can also swing it around by pressing
that button repeatedly. Useful when you
need to clear the room of bats and stuff.
","You can also swing it around by pressing
that button repeatedly. Useful when you
need to clear the room of bats and stuff.
"
0x8959,"With the Weapon Button, you can light and
extinguish the torch, so make sure that thing
is out if an enemy is closing in. Get used to it.
","With the Weapon Button, you can light and
extinguish the torch, so make sure that thing
is out if an enemy is closing in. Get used to it.
"
0x89e4,"The light from the torch is visible from
a long way off, though.
","The light from the torch is visible from
a long way off, though.
"
0x8a26,"It probably goes without saying, but
marching into battle with a torch in your
hand is not the sanest course of action.
","It probably goes without saying, but
marching into battle with a torch in your
hand is not the sanest course of action.
"
0x8a9f,"You should only light a torch when you're
someplace like a cave where you can't find
your way around without a light.
","You should only light a torch when you're
someplace like a cave where you can't find
your way around without a light.
"
0x8b16,"Yeah, I hear you.
","Yeah, I hear you.
"
0x8b29,"Gonna use a grenade huh?
","Gonna use a grenade huh?
"
0x8b43,"That's an RGD-5, the standard
blast-fragmentation grenade of
the Soviet army.
","That's an RGD-5, the standard
blast-fragmentation grenade of
the Soviet army.
"
0x8b92,"The grenade itself is composed of two
steel-plated casings.
","The grenade itself is composed of two
steel-plated casings.
"
0x8bcf,"Each of those casings has an inner fragment
liner that causes it to burst into over 300
shards when the grenade explodes.
","Each of those casings has an inner fragment
liner that causes it to burst into over 300
shards when the grenade explodes.
"
0x8c4a,"The grenade will deliver heavy damage to
any enemies within its blast area.
","The grenade will deliver heavy damage to
any enemies within its blast area.
"
0x8c97,"The safety pin is on the opposite side relative
to the M26, so be sure to hold the safety lever
down with your finger when you grip it.
","The safety pin is on the opposite side relative
to the M26, so be sure to hold the safety lever
down with your finger when you grip it.
"
0x8d20,"The safety is released when you actually
throw the grenade, and it'll explode about
three seconds later.
","The safety is released when you actually
throw the grenade, and it'll explode about
three seconds later.
"
0x8d8a,"So what you're saying is, it won't explode
in my hand while I'm holding it?
","So what you're saying is, it won't explode
in my hand while I'm holding it?
"
0x8dd7,"Of course not!
","Of course not!
"
0x8de7,"Oh...
","Oh...
"
0x8dee,"To throw a grenade, press and release the
Weapon Button. Remember that how far you
throw it depends on how hard it's pressed.
","To throw a grenade, press and release the
Weapon Button. Remember that how far you
throw it depends on how hard it's pressed.
"
0x8e6d,"Press lightly if you want to drop it close to
you, and press harder if you want to lob it
away.
","Press lightly if you want to drop it close to
you, and press harder if you want to lob it
away.
"
0x8ece,"It'll probably be easier to control your throw
if you do it in First Person View.
","It'll probably be easier to control your throw
if you do it in First Person View.
"
0x8f21,"You're thinking of using a white phosphorus
grenade?
","You're thinking of using a white phosphorus
grenade?
"
0x8f57,"Like the name says, a white phosphorus
grenade is one that uses white phosphorus
to create an incendiary effect.
","Like the name says, a white phosphorus
grenade is one that uses white phosphorus
to create an incendiary effect.
"
0x8fc9,"White phosphorus grenades were used by
the U.S. military during World War II.
","White phosphorus grenades were used by
the U.S. military during World War II.
"
0x9018,"Back then, they were known as ""Willy
Petes,"" after the first two letters of ""white
phosphorus.""
","Back then, they were known as ""Willy
Petes,"" after the first two letters of ""white
phosphorus.""
"
0x9079,"The one you've got there is probably
the exact same thing.
","The one you've got there is probably
the exact same thing.
"
0x90b5,"White phosphorus is a white, waxy substance
that spontaneously combusts when it reacts
with oxygen.
","White phosphorus is a white, waxy substance
that spontaneously combusts when it reacts
with oxygen.
"
0x911a,"The combustion temperature is over 5,000
degrees Fahrenheit.
","The combustion temperature is over 5,000
degrees Fahrenheit.
"
0x9158,"Any human targets within the area of effect
when it explodes are going to get seriously
burned.
","Any human targets within the area of effect
when it explodes are going to get seriously
burned.
"
0x91b9,"Just make sure you don't accidentally set
yourself on fire.
","Just make sure you don't accidentally set
yourself on fire.
"
0x91f6,"If your body does catch on fire, either plunge
into some water or take off the burning
clothes and put on new ones.
","If your body does catch on fire, either plunge
into some water or take off the burning
clothes and put on new ones.
"
0x926b,"Rolling repeatedly should put the flames
out pretty quick, too.
","Rolling repeatedly should put the flames
out pretty quick, too.
"
0x92ac,"Hmm, I've never seen a grenade like that
one before.
","Hmm, I've never seen a grenade like that
one before.
"
0x92e2,"There are two basic types of grenades:
","There are two basic types of grenades:
"
0x930a,"fragmentation grenades, which use shrapnel
to kill or maim the target,
","fragmentation grenades, which use shrapnel
to kill or maim the target,
"
0x9352,"and explosive grenades, which use the blast
from the explosion as the offensive means.
","and explosive grenades, which use the blast
from the explosion as the offensive means.
"
0x93aa,"But the grenade you've got there isn't
either of those.
","But the grenade you've got there isn't
either of those.
"
0x93e3,"My best guess is that it's meant to knock
the enemy out without hurting them.
","My best guess is that it's meant to knock
the enemy out without hurting them.
"
0x9432,"Most likely it's an entirely new kind of
weapon developed exclusively at Groznyj
Grad.
","Most likely it's an entirely new kind of
weapon developed exclusively at Groznyj
Grad.
"
0x948a,"I've heard that the SAS is working on a
low-impact grenade for training purposes...
","I've heard that the SAS is working on a
low-impact grenade for training purposes...
"
0x94df,"but I never thought they'd be used in
an actual battle...
","but I never thought they'd be used in
an actual battle...
"
0x951a,"The flash of light that occurs when the
grenade explodes is probably produced
by magnesium.
","The flash of light that occurs when the
grenade explodes is probably produced
by magnesium.
"
0x9577,"It's the same stuff that's used in camera
flashes.
","It's the same stuff that's used in camera
flashes.
"
0x95ab,"I'm thinking they cut down on killing power
by reducing the amount of explosives
","I'm thinking they cut down on killing power
by reducing the amount of explosives
"
0x95fd,"and made up for it by making the flash and
bang so strong that it overwhelms the
enemy's senses.
","and made up for it by making the flash and
bang so strong that it overwhelms the
enemy's senses.
"
0x965f,"I guess you could call it a ""stun grenade.""
","I guess you could call it a ""stun grenade.""
"
0x968c,"If I'm going to be stunned, I'd rather it be
by a woman.
","If I'm going to be stunned, I'd rather it be
by a woman.
"
0x96c6,"Snap out of it. Anyone around when that
thing goes off'll be laid out.
","Snap out of it. Anyone around when that
thing goes off'll be laid out.
"
0x970e,"It ought to come in handy when you're
trying to storm a room, or when you don't
want to kill the enemy.
","It ought to come in handy when you're
trying to storm a room, or when you don't
want to kill the enemy.
"
0x9777,"Thinking of using a smoke grenade, huh?
","Thinking of using a smoke grenade, huh?
"
0x97a0,"As you might expect, smoke grenades can
be used to create a smoke screen.
","As you might expect, smoke grenades can
be used to create a smoke screen.
"
0x97eb,"The combustion agent is a mixture of zinc
oxide, ammonium chloride, aluminum, and
some other stuff.
","The combustion agent is a mixture of zinc
oxide, ammonium chloride, aluminum, and
some other stuff.
"
0x9850,"When it explodes, it releases a thick cloud of
grayish-white smoke that resists dispersion.
That should provide some nice cover.
","When it explodes, it releases a thick cloud of
grayish-white smoke that resists dispersion.
That should provide some nice cover.
"
0x98d2,"The smoke will confuse the enemy by
blocking their field of vision.
","The smoke will confuse the enemy by
blocking their field of vision.
"
0x9917,"That'll help you out when you're trying
to make a quick getaway.
","That'll help you out when you're trying
to make a quick getaway.
"
0x9959,"It also works the other way around - you can
use it as cover to sneak up on an enemy
position.
","It also works the other way around - you can
use it as cover to sneak up on an enemy
position.
"
0x99b9,"The smoke screen should work just as well
when you're being chased by dogs, too.
","The smoke screen should work just as well
when you're being chased by dogs, too.
"
0x9a0b,"You say you're using a magazine?
","You say you're using a magazine?
"
0x9a2d,"A magazine is what's left when you empty
the clip of a gun.
","A magazine is what's left when you empty
the clip of a gun.
"
0x9a6a,"But what do you plan to do with it?
","But what do you plan to do with it?
"
0x9a8f,"I'm going to throw it.
","I'm going to throw it.
"
0x9aa7,"Throw it?
","Throw it?
"
0x9ab2,"Yeah. The sound it makes when it hits the
ground will distract the enemy's attention.
","Yeah. The sound it makes when it hits the
ground will distract the enemy's attention.
"
0x9b09,"Ah... a diversion!
","Ah... a diversion!
"
0x9b1d,"Guess state-of-the-art weapons aren't the
only things that determine victory or defeat.
","Guess state-of-the-art weapons aren't the
only things that determine victory or defeat.
"
0x9b76,"I see you're using the binoculars.
","I see you're using the binoculars.
"
0x9b9a,"Those are high-performance binoculars made
especially for the military.
","Those are high-performance binoculars made
especially for the military.
"
0x9be3,"They're completely waterproof and are filled
with nitrogen gas to prevent lens fog.
","They're completely waterproof and are filled
with nitrogen gas to prevent lens fog.
"
0x9c38,"The eyepiece, objective lenses and the prism
have been coated to reduce glare. They
ought to work plenty well even in dark places.
","The eyepiece, objective lenses and the prism
have been coated to reduce glare. They
ought to work plenty well even in dark places.
"
0x9cbc,"And they're even equipped with auto-focus
and zoom functions. Won't find a better pair
of binoculars than that.
","And they're even equipped with auto-focus
and zoom functions. Won't find a better pair
of binoculars than that.
"
0x9d2d,"What are you, a binocular salesman?
","What are you, a binocular salesman?
"
0x9d52,"Hey, I know a good product when I see one,
that's all.
","Hey, I know a good product when I see one,
that's all.
"
0x9d8a,"...?
","...?
"
0x9d90,"I know.
","I know.
"
0x9d99,"Know what?
","Know what?
"
0x9da5,"You made these binoculars, right?
","You made these binoculars, right?
"
0x9dc8,"!! Y-yeah, but...they're good, aren't they?
","!! Y-yeah, but...they're good, aren't they?
"
0x9df5,"Yeah...
","Yeah...
"
0x9dfe,"Hey... what's that you've got there?
","Hey... what's that you've got there?
"
0x9e24,"Thermal goggles. From what I can tell, they
detect and display sources of heat.
","Thermal goggles. From what I can tell, they
detect and display sources of heat.
"
0x9e75,"You're kiddin' me! They actually made a
passive infrared night-vision device small
enough to carry around with you....
","You're kiddin' me! They actually made a
passive infrared night-vision device small
enough to carry around with you....
"
0x9eed,"What, is that special or something?
","What, is that special or something?
"
0x9f12,"Is it special? Here in the West, we've just
barely got the technology to install it on
aircraft.
","Is it special? Here in the West, we've just
barely got the technology to install it on
aircraft.
"
0x9f74,"So that's what the thing is they put on
the gunship...
","So that's what the thing is they put on
the gunship...
"
0x9fac,"But doesn't the Army have something like
that for driving vehicles at night? I thought
I saw...
","But doesn't the Army have something like
that for driving vehicles at night? I thought
I saw...
"
0xa00d,"You mean the AN-PAS-5.
","You mean the AN-PAS-5.
"
0xa025,"That's an active infrared night-vision device.
","That's an active infrared night-vision device.
"
0xa055,"It fires infrared beams from an infrared
projector, and uses the reflections to build
an image.
","It fires infrared beams from an infrared
projector, and uses the reflections to build
an image.
"
0xa0b6,"Those goggles you've got there are
completely different.
","Those goggles you've got there are
completely different.
"
0xa0f0,"Basically, when you've got those equipped,
you'll be able to spot enemy soldiers in the
jungle with ease, even if they're camouflaged.
","Basically, when you've got those equipped,
you'll be able to spot enemy soldiers in the
jungle with ease, even if they're camouflaged.
"
0xa178,"They might even help you find traps.
Ah, but you won't be able to see the
terrain as well, so watch your step.
","They might even help you find traps.
Ah, but you won't be able to see the
terrain as well, so watch your step.
"
0xa1e8,"Using the anti-personnel sensor, I see.
","Using the anti-personnel sensor, I see.
"
0xa211,"The sensor vibrates when it detects organic
reactions from human targets.
","The sensor vibrates when it detects organic
reactions from human targets.
"
0xa25c,"It's been adjusted to respond only to
humans, so unlike other sensors, it'll let you
ignore animals and focus only on the enemy.
","It's been adjusted to respond only to
humans, so unlike other sensors, it'll let you
ignore animals and focus only on the enemy.
"
0xa2de,"It'll even detect enemies that aren't moving,
and you won't have to worry about it giving
away your position.
","It'll even detect enemies that aren't moving,
and you won't have to worry about it giving
away your position.
"
0xa34d,"But on the flip side, it won't tell you the
exact location of the target. Keep that in
mind when you're using it.
","But on the flip side, it won't tell you the
exact location of the target. Keep that in
mind when you're using it.
"
0xa3c0,"Also, remember that when you use it in
First Person View, it'll only scan in the
direction you're facing.
","Also, remember that when you use it in
First Person View, it'll only scan in the
direction you're facing.
"
0xa42b,"?
","?
"
0xa42e,"Something wrong?
","Something wrong?
"
0xa440,"The Major told me the exact same thing...
","The Major told me the exact same thing...
"
0xa46b,"You mean during the Virtuous Mission?
","You mean during the Virtuous Mission?
"
0xa492,"Yeah.
","Yeah.
"
0xa499,"He must have been reading those notes
I gave him word for word. That guy doesn't
know tech.
","He must have been reading those notes
I gave him word for word. That guy doesn't
know tech.
"
0xa4f6,"...
","...
"
0xa4fb,"The motion detector will display any moving
objects in your vicinity.
","The motion detector will display any moving
objects in your vicinity.
"
0xa542,"But the enemy isn't the only thing that's
moving around in the jungle.
","But the enemy isn't the only thing that's
moving around in the jungle.
"
0xa58a,"If there are animals moving nearby, the
sensor will pick up those animals, too.
","If there are animals moving nearby, the
sensor will pick up those animals, too.
"
0xa5db,"And remember that there's a limit to how
sensitive it is.
","And remember that there's a limit to how
sensitive it is.
"
0xa616,"Enemies and animals that don't move
around very much won't get picked up.
","Enemies and animals that don't move
around very much won't get picked up.
"
0xa661,"Did he tell you that, too?
","Did he tell you that, too?
"
0xa67d,"Yeah. Did you give him notes for it?
","Yeah. Did you give him notes for it?
"
0xa6a3,"Yep.
","Yep.
"
0xa6a9,"...
","...
"
0xa6ae,"Active sonar sends out a special type of
sound wave whenever you press the 
button.
","Active sonar sends out a special type of
sound wave whenever you press the 
button.
"
0xa706,"It uses the echo from those waves to
calculate and display the position of nearby
objects.
","It uses the echo from those waves to
calculate and display the position of nearby
objects.
"
0xa762,"Unlike the motion detector, it'll show you
objects that aren't moving.
","Unlike the motion detector, it'll show you
objects that aren't moving.
"
0xa7aa,"But because you're blasting out sound waves,
there's a risk that the noise will alert enemies
and animals to your presence.
","But because you're blasting out sound waves,
there's a risk that the noise will alert enemies
and animals to your presence.
"
0xa827,"Be careful about when and where you use it.
","Be careful about when and where you use it.
"
0xa854,"I've heard that one, too.
","I've heard that one, too.
"
0xa86f,"Did he use the exact same words?
","Did he use the exact same words?
"
0xa891,"Yeah.
","Yeah.
"
0xa898,"Man, that guy still lives in the Stone Age.
Just the other day, he bought this brand-new
washing machine and...
","Man, that guy still lives in the Stone Age.
Just the other day, he bought this brand-new
washing machine and...
"
0xa909,"Sigint!
","Sigint!
"
0xa912,"...Oops. Talk to you later, Snake.
","...Oops. Talk to you later, Snake.
"
0xa936,"A cap shaped like a crocodile head,
you say?
","A cap shaped like a crocodile head,
you say?
"
0xa964,"Yeah. What do you think?
","Yeah. What do you think?
"
0xa97e,"I think it's a great idea!
","I think it's a great idea!
"
0xa99a,"You know, animal disguises are one of the
oldest tricks in the book in the intelligence
world.
","You know, animal disguises are one of the
oldest tricks in the book in the intelligence
world.
"
0xa9fa,"I don't know whether it's true or not, but
I've heard that during World War II, the OSS
used to use cow suits.
","I don't know whether it's true or not, but
I've heard that during World War II, the OSS
used to use cow suits.
"
0xaa6a,"Supposedly they'd send agents out to hide
in herds of real cows so they could spy on
enemy units as they passed by.
","Supposedly they'd send agents out to hide
in herds of real cows so they could spy on
enemy units as they passed by.
"
0xaadf,"Nowadays, I guess most people wouldn't
even give a crocodile-shaped cap a second
look. They'd think it was just a gag item.
","Nowadays, I guess most people wouldn't
even give a crocodile-shaped cap a second
look. They'd think it was just a gag item.
"
0xab5c,"But if you use it the right way, it can be
an effective weapon for spying.
","But if you use it the right way, it can be
an effective weapon for spying.
"
0xaba8,"I gotta hand it to you, Snake, you're one
sharp guy.
","I gotta hand it to you, Snake, you're one
sharp guy.
"
0xabde,"...
","...
"
0xabe3,"You OK, Snake?
","You OK, Snake?
"
0xabf3,"Forget it...
","Forget it...
"
0xac01,"???
","???
"
0xac06,"Snake, if you fire that thing without a
suppressor attached, the bang and the muzzle
flash will give your position away to the enemy.
","Snake, if you fire that thing without a
suppressor attached, the bang and the muzzle
flash will give your position away to the enemy.
"
0xac8d,"Attach a suppressor and you won't have to
worry about all that.
","Attach a suppressor and you won't have to
worry about all that.
"
0xacce,"To attach a suppressor, open the Weapon
Window and press the Enter Button.
","To attach a suppressor, open the Weapon
Window and press the Enter Button.
"
0xad1a,"Snake, they're usin' stun grenades
- watch out!
","Snake, they're usin' stun grenades
- watch out!
"
0xad4b,"Stun grenades?
","Stun grenades?
"
0xad5b,"Yeah. It's a new weapon they invented
themselves. It uses an intense blast of light
and sound to knock out the enemy temporarily.
","Yeah. It's a new weapon they invented
themselves. It uses an intense blast of light
and sound to knock out the enemy temporarily.
"
0xadde,"If you're lookin' at the light from one of
those things when it goes off, you can
kiss your optics goodbye.
","If you're lookin' at the light from one of
those things when it goes off, you can
kiss your optics goodbye.
"
0xae4b,"If one gets tossed your way, turn around
quick.
","If one gets tossed your way, turn around
quick.
"
0xae7c,"Heads up, Snake. Looks like some of
those guys are equipped with M63s.
","Heads up, Snake. Looks like some of
those guys are equipped with M63s.
"
0xaec4,"The M63 is an American-made light
machine gun. It's got more firepower
than you might think.
","The M63 is an American-made light
machine gun. It's got more firepower
than you might think.
"
0xaf22,"It can punch through a wall too
so watch out.
","It can punch through a wall too
so watch out.
"
0xaf51,"You said some of them are using
shotguns?
","You said some of them are using
shotguns?
"
0xaf7c,"Those shotguns are M37s. They're an
American model designed for field combat.
","Those shotguns are M37s. They're an
American model designed for field combat.
"
0xafcb,"Not all that dangerous from a distance, but
at close range, they'll tear you to shreds.
Be careful.
","Not all that dangerous from a distance, but
at close range, they'll tear you to shreds.
Be careful.
"
0xb030,"Looks like some of them are using
Scorpions.
","Looks like some of them are using
Scorpions.
"
0xb05e,"The Scorpion is a Czechoslovakian
submachine gun.
","The Scorpion is a Czechoslovakian
submachine gun.
"
0xb091,"They don't have the stopping power of a
rifle, but they're easier to handle, and
lethal at a medium range.
","They don't have the stopping power of a
rifle, but they're easier to handle, and
lethal at a medium range.
"
0xb0fd,"If you eat more than a couple of rounds
it's not gonna be pretty.
","If you eat more than a couple of rounds
it's not gonna be pretty.
"
0xb140,"Don't fool around.
","Don't fool around.
"
0xb154,"Snake, watch out for those grenades
they're tossin'.
","Snake, watch out for those grenades
they're tossin'.
"
0xb18a,"You'll be injured pretty bad if you get
caught in the blast. You could get burned,
too.
","You'll be injured pretty bad if you get
caught in the blast. You could get burned,
too.
"
0xb1e3,"If somebody throws a grenade at you, get
away from it and hit the deck.
","If somebody throws a grenade at you, get
away from it and hit the deck.
"
0xb22c,"Those rifles the Ocelots are using aren't
AK-47s, are they?
","Those rifles the Ocelots are using aren't
AK-47s, are they?
"
0xb269,"No. They kind of look like AKMs,
but they're different.
","No. They kind of look like AKMs,
but they're different.
"
0xb2a2,"Different how?
","Different how?
"
0xb2b2,"They've got steel hand guards and
vertical-type foregrips. And the muzzle
suppressor is bigger.
","They've got steel hand guards and
vertical-type foregrips. And the muzzle
suppressor is bigger.
"
0xb313,"A carbine version of the AKM, huh.

","A carbine version of the AKM, huh.

"
0xb338,"Hungary has a unique modified version of
the AKM called the AMD-63.
","Hungary has a unique modified version of
the AKM called the AMD-63.
"
0xb37d,"I heard something before about them
making a prototype carbine version of that.
","I heard something before about them
making a prototype carbine version of that.
"
0xb3ce,"My guess is they probably imported some
of those prototypes.
","My guess is they probably imported some
of those prototypes.
"
0xb40c,"If they're using a carbine version of the
AMD-63 like I'm thinkin', then they could
be a serious threat.
","If they're using a carbine version of the
AMD-63 like I'm thinkin', then they could
be a serious threat.
"
0xb476,"Those things handle better than AK-47s,
especially at close range.
","Those things handle better than AK-47s,
especially at close range.
"
0xb4ba,"And don't forget the Ocelots are elites.
","And don't forget the Ocelots are elites.
"
0xb4e4,"They're going to be better shots than
normal Spetsnaz, and you're that much
more likely to get seriously hurt.
","They're going to be better shots than
normal Spetsnaz, and you're that much
more likely to get seriously hurt.
"
0xb554,"Keep your eyes open.
","Keep your eyes open.
"
0xb56a,"They sicced attack dogs on you?
","They sicced attack dogs on you?
"
0xb58b,"People have been using dogs in war since
before recorded history.
","People have been using dogs in war since
before recorded history.
"
0xb5ce,"The Greek and Roman armies used to
send out packs of dogs with spiked collars
to charge at enemy ranks.
","The Greek and Roman armies used to
send out packs of dogs with spiked collars
to charge at enemy ranks.
"
0xb637,"Attack dogs were regularly employed in
the First and Second World Wars as well.
","Attack dogs were regularly employed in
the First and Second World Wars as well.
"
0xb688,"Traditionally, dogs have been used to keep
watch, send messages, and assist in
search operations.
","Traditionally, dogs have been used to keep
watch, send messages, and assist in
search operations.
"
0xb6eb,"Then the Soviets came up with a new idea:
using them to carry bombs.
","Then the Soviets came up with a new idea:
using them to carry bombs.
"
0xb731,"Bomb dogs?
","Bomb dogs?
"
0xb73d,"Yeah, they were trained to dive beneath
tanks, carrying a payload of bombs.
","Yeah, they were trained to dive beneath
tanks, carrying a payload of bombs.
"
0xb78a,"Apparently it worked pretty well, but the
Russians messed up, man - they used their
own tanks for the training.
","Apparently it worked pretty well, but the
Russians messed up, man - they used their
own tanks for the training.
"
0xb7fb,"Turns out the dogs kept going after Russian
tanks and blowing them up. So, the plan was
scrapped before it got off the ground.
","Turns out the dogs kept going after Russian
tanks and blowing them up. So, the plan was
scrapped before it got off the ground.
"
0xb87b,"Well, I don't think you need to worry about
those dogs exploding on you. They don't
seem to be the bomb-carrying type.
","Well, I don't think you need to worry about
those dogs exploding on you. They don't
seem to be the bomb-carrying type.
"
0xb8f3,"But they are highly trained in tracking and
detection.
","But they are highly trained in tracking and
detection.
"
0xb92b,"Don't underestimate them - they're
excellent trackers and ferocious fighters.
","Don't underestimate them - they're
excellent trackers and ferocious fighters.
"
0xb97a,"Attack dogs move fast and are deadly
in proximity encounters.
","Attack dogs move fast and are deadly
in proximity encounters.
"
0xb9b9,"They'll pick up your scent and use it to
track you, so it'll be hard to shake them
off.
","They'll pick up your scent and use it to
track you, so it'll be hard to shake them
off.
"
0xba12,"In a way, they're more dangerous than
any human opponent. Be prepared.
","In a way, they're more dangerous than
any human opponent. Be prepared.
"
0xba5a,"The Soviet-made smoke grenades you
might find around there also seem to act
as a mild tear gas.
","The Soviet-made smoke grenades you
might find around there also seem to act
as a mild tear gas.
"
0xbabb,"It might not have that much of an effect
on human targets wearing balaclavas, but
it ought to wreak havoc to a dog's nose.
","It might not have that much of an effect
on human targets wearing balaclavas, but
it ought to wreak havoc to a dog's nose.
"
0xbb37,"If you're being chased by attack dogs,
give 'em a taste of the smoke grenade.
","If you're being chased by attack dogs,
give 'em a taste of the smoke grenade.
"
0xbb86,"That guy is using a Single Action Army.
It's a six-shot, .45-caliber revolver.
","That guy is using a Single Action Army.
It's a six-shot, .45-caliber revolver.
"
0xbbd6,"The only drawback is that because it's
a revolver, it's a pain in the ass to reload.
","The only drawback is that because it's
a revolver, it's a pain in the ass to reload.
"
0xbc2c,"Ocelot will be open to attack while he's
reloading. Use that window to unload on
him.
","Ocelot will be open to attack while he's
reloading. Use that window to unload on
him.
"
0xbc83,"Ocelot has two single action army
revolvers. That gives him 12 bullets in all.
","Ocelot has two single action army
revolvers. That gives him 12 bullets in all.
"
0xbcd3,"Keep a close eye on his remaining rounds.
When he stops to reload, open fire!
","Keep a close eye on his remaining rounds.
When he stops to reload, open fire!
"
0xbd22,"The Pain is said to possess the power to
control his hornets at will.
","The Pain is said to possess the power to
control his hornets at will.
"
0xbd69,"Watch out for insect-based attacks,
especially his so-called ""bullet bees.""
","Watch out for insect-based attacks,
especially his so-called ""bullet bees.""
"
0xbdb6,"The Pain doesn't just use hornets. He's
got guns and grenades in his arsenal, too.
","The Pain doesn't just use hornets. He's
got guns and grenades in his arsenal, too.
"
0xbe0a,"Be especially careful about those
grenades.
","Be especially careful about those
grenades.
"
0xbe37,"Snake, watch out for those bullet bees.
","Snake, watch out for those bullet bees.
"
0xbe60,"""Bullet bee"" is the pet name The Pain gave
to a special type of hornet that he keeps
inside his body.
","""Bullet bee"" is the pet name The Pain gave
to a special type of hornet that he keeps
inside his body.
"
0xbec7,"When The Pain gives the order, they fly at
their target like bullets, burrow into his body,
and eat away at his insides until he's dead.
","When The Pain gives the order, they fly at
their target like bullets, burrow into his body,
and eat away at his insides until he's dead.
"
0xbf51,"If you get hit by a bullet bee, go into the
Survival Viewer right away and heal
yourself on the ""CURE"" screen.
","If you get hit by a bullet bee, go into the
Survival Viewer right away and heal
yourself on the ""CURE"" screen.
"
0xbfc1,"That being said, despite the name, a
bullet bee is really just a type of hornet.
They can't follow you into the water.
","That being said, despite the name, a
bullet bee is really just a type of hornet.
They can't follow you into the water.
"
0xc039,"If The Pain launches any at you, dive
under the water.
","If The Pain launches any at you, dive
under the water.
"
0xc071,"The Pain can supposedly use his hornets
to create a copy of himself and confuse
the enemy.
","The Pain can supposedly use his hornets
to create a copy of himself and confuse
the enemy.
"
0xc0cd,"If he does that, try and figure out which
one is real and attack it.
","If he does that, try and figure out which
one is real and attack it.
"
0xc113,"When he copies himself, the hornets that
normally protect him will be used to create
the double.
","When he copies himself, the hornets that
normally protect him will be used to create
the double.
"
0xc175,"That means you'll be able to damage him
with a gun.
","That means you'll be able to damage him
with a gun.
"
0xc1aa,"But be warned. If you screw up and shoot
the double, or you take too long to shoot,
you'll get hit with a counterattack.
","But be warned. If you screw up and shoot
the double, or you take too long to shoot,
you'll get hit with a counterattack.
"
0xc224,"You say he's using a Tommy gun?
","You say he's using a Tommy gun?
"
0xc245,"He's got a Tommy gun.
","He's got a Tommy gun.
"
0xc25c,"The Thompson submachine gun, or
Tommy gun, is a sub machine gun that
saw a lot of action in World War II.
","The Thompson submachine gun, or
Tommy gun, is a sub machine gun that
saw a lot of action in World War II.
"
0xc2c7,"That thing can spit out 700 .45ACP rounds
in a minute's time.
","That thing can spit out 700 .45ACP rounds
in a minute's time.
"
0xc306,"Its sturdiness and reliability made it
popular during the Korean War,
","Its sturdiness and reliability made it
popular during the Korean War,
"
0xc34d,"and it's still the weapon of choice for
a lot of special forces units.
","and it's still the weapon of choice for
a lot of special forces units.
"
0xc395,"Sure, it's a little bit old-fashioned, but it
still packs a nasty punch.
","Sure, it's a little bit old-fashioned, but it
still packs a nasty punch.
"
0xc3df,"You say they have flying platforms out
there?
","You say they have flying platforms out
there?
"
0xc40e,"Flying platforms are a type of personal
VTOL aircraft.
","Flying platforms are a type of personal
VTOL aircraft.
"
0xc446,"They were working on those in America,
too, weren't they?
","They were working on those in America,
too, weren't they?
"
0xc481,"Yeah, back in the 50's.
","Yeah, back in the 50's.
"
0xc49a,"They were supposedly going to be used for
scouting and patrol missions
","They were supposedly going to be used for
scouting and patrol missions
"
0xc4e2,"as well as to spot for artillery units and
transport troops into rough territory.
","as well as to spot for artillery units and
transport troops into rough territory.
"
0xc535,"They even got an initial prototype off the
ground in 1955.
","They even got an initial prototype off the
ground in 1955.
"
0xc571,"But the thing wasn't fast enough, and there
were problems with getting it to stop and
turn in mid-air.
","But the thing wasn't fast enough, and there
were problems with getting it to stop and
turn in mid-air.
"
0xc5d9,"So they ended up scrapping the project.
","So they ended up scrapping the project.
"
0xc602,"The ones you see there were built by the
Soviets after they got their hands on the
American design plans.
","The ones you see there were built by the
Soviets after they got their hands on the
American design plans.
"
0xc66d,"The American model used a pair of
contra-rotating rotors to generate lift.
","The American model used a pair of
contra-rotating rotors to generate lift.
"
0xc6b9,"But those Soviet models seem to be
using jet engines instead.
","But those Soviet models seem to be
using jet engines instead.
"
0xc6f8,"They must have kept going with their
research after the U.S. abandoned its
own project.
","They must have kept going with their
research after the U.S. abandoned its
own project.
"
0xc751,"Now they've finally overtaken us.
You gotta give them credit for sticking
with it.
","Now they've finally overtaken us.
You gotta give them credit for sticking
with it.
"
0xc7a5,"If you get spotted by an enemy riding a
flying platform, they'll go into Alert Phase.
","If you get spotted by an enemy riding a
flying platform, they'll go into Alert Phase.
"
0xc7fc,"The flying platforms themselves don't seem
to be armed, but the pilots are carrying
Scorpion submachine guns and grenades.
","The flying platforms themselves don't seem
to be armed, but the pilots are carrying
Scorpion submachine guns and grenades.
"
0xc878,"The recoil on the Scorpion is low enough
so that they should be able to fire
one-handed in full-auto mode.
","The recoil on the Scorpion is low enough
so that they should be able to fire
one-handed in full-auto mode.
"
0xc8e4,"That gives them some serious firepower.
","That gives them some serious firepower.
"
0xc90d,"The armor plating on the body of a flying
platform is bound to be pretty thick.
","The armor plating on the body of a flying
platform is bound to be pretty thick.
"
0xc95e,"I don't think you're gonna be able to
penetrate it with a handgun or an assault
rifle.
","I don't think you're gonna be able to
penetrate it with a handgun or an assault
rifle.
"
0xc9b6,"When you're up against a flying platform,
try and aim for either the pilot or the
engine on the underbelly.
","When you're up against a flying platform,
try and aim for either the pilot or the
engine on the underbelly.
"
0xca23,"The flying platforms have a searchlight
attached to the front.
","The flying platforms have a searchlight
attached to the front.
"
0xca63,"If you knock it out, that should handicap
its scouting ability.
","If you knock it out, that should handicap
its scouting ability.
"
0xcaa4,"And in some cases, it might even have to
go back to base for repairs.
","And in some cases, it might even have to
go back to base for repairs.
"
0xcaeb,"Snake, The Fear is supposed to be
wearing some kind of stealth camo.
","Snake, The Fear is supposed to be
wearing some kind of stealth camo.
"
0xcb31,"I don't know how it works exactly, but it seems
to refract the light around it somehow to hide
the person who's wearing it.
","I don't know how it works exactly, but it seems
to refract the light around it somehow to hide
the person who's wearing it.
"
0xcbae,"This is the best camouflage I've ever seen.
It's going to be tough to figure out where
he is.
","This is the best camouflage I've ever seen.
It's going to be tough to figure out where
he is.
"
0xcc0d,"But that doesn't mean he doesn't have
a weak point.
","But that doesn't mean he doesn't have
a weak point.
"
0xcc42,"Apparently, wearing stealth camo really
drains your stamina.
","Apparently, wearing stealth camo really
drains your stamina.
"
0xcc80,"When he's out of stamina, the camo will
stop working. Don't miss your opportunity.
","When he's out of stamina, the camo will
stop working. Don't miss your opportunity.
"
0xccd4,"Just because he's wearing stealth camo
doesn't mean he's not there. You can still
figure out his location by using your sensors.
","Just because he's wearing stealth camo
doesn't mean he's not there. You can still
figure out his location by using your sensors.
"
0xcd56,"Make use of your motion detector and
active sonar.
","Make use of your motion detector and
active sonar.
"
0xcd8a,"The thermal goggles should help you out,
too.
","The thermal goggles should help you out,
too.
"
0xcdb9,"The Fear uses two kinds of crossbows -
the Little Joe and the William Tell.
","The Fear uses two kinds of crossbows -
the Little Joe and the William Tell.
"
0xce06,"The Little Joe is designed for proximity
combat. It's not that powerful, but the
reload time is short.
","The Little Joe is designed for proximity
combat. It's not that powerful, but the
reload time is short.
"
0xce6e,"The William Tell, on the other hand, is used
for long-range combat. It takes a while to
reload, but it's got loads of stopping power.
","The William Tell, on the other hand, is used
for long-range combat. It takes a while to
reload, but it's got loads of stopping power.
"
0xcef5,"Be careful.
","Be careful.
"
0xcf02,"In addition to regular crossbow bolts,
The Fear uses a variety of special bolts,
like poison bolts and giant bolts.
","In addition to regular crossbow bolts,
The Fear uses a variety of special bolts,
like poison bolts and giant bolts.
"
0xcf77,"I've even heard he uses bolts with
grenades attached to them.
","I've even heard he uses bolts with
grenades attached to them.
"
0xcfb6,"If you get hit by any of these, you're gonna
take some serious damage. Watch out!
","If you get hit by any of these, you're gonna
take some serious damage. Watch out!
"
0xd009,"Sokrovenno Forest is a big place. It's
times like this that the ""MAP"" function in
the Survival Viewer can be your best friend.
","Sokrovenno Forest is a big place. It's
times like this that the ""MAP"" function in
the Survival Viewer can be your best friend.
"
0xd089,"Not only does it show you the terrain and
the places you've been,
","Not only does it show you the terrain and
the places you've been,
"
0xd0cc,"but you can also use it to figure out which
locations The End has chosen for his
sniping positions.
","but you can also use it to figure out which
locations The End has chosen for his
sniping positions.
"
0xd131,"Learn the terrain and try to catch The End
off guard from behind.
","Learn the terrain and try to catch The End
off guard from behind.
"
0xd174,"Hey, you've got thermal goggles, don't
you?
","Hey, you've got thermal goggles, don't
you?
"
0xd1a1,"Use those and it should make it easier
to find The End, even when he's
camouflaged.
","Use those and it should make it easier
to find The End, even when he's
camouflaged.
"
0xd1f6,"A word of warning, though --
","A word of warning, though --
"
0xd214,"I've heard that when he's meshing with the
forest, his body temperature drops so that it's
just barely above the outside air temperature.
","I've heard that when he's meshing with the
forest, his body temperature drops so that it's
just barely above the outside air temperature.
"
0xd29f,"He's probably going to be harder to find
than your average grunt.
","He's probably going to be harder to find
than your average grunt.
"
0xd2e2,"Snake, watch out for ambushes by the
Ocelots. Use your motion detector and
active sonar to help you get ahead.
","Snake, watch out for ambushes by the
Ocelots. Use your motion detector and
active sonar to help you get ahead.
"
0xd352,"The Hind is armed with a 12.7 mm machine
gun on the nose and rocket pods and anti-tank
missiles on the stub wing hard points...
","The Hind is armed with a 12.7 mm machine
gun on the nose and rocket pods and anti-tank
missiles on the stub wing hard points...
"
0xd3d3,"Normally, you'd be crazy to try and fight
it on foot.
","Normally, you'd be crazy to try and fight
it on foot.
"
0xd40a,"If it starts attacking with the machine gun
or the rockets, take cover behind something
as fast as you can.
","If it starts attacking with the machine gun
or the rockets, take cover behind something
as fast as you can.
"
0xd477,"As for the missiles, you should be able to
knock out their guidance system by using
a chaff grenade to block the radio signal.
","As for the missiles, you should be able to
knock out their guidance system by using
a chaff grenade to block the radio signal.
"
0xd4f7,"Your assault rifle won't penetrate
the Hind's armor.
","Your assault rifle won't penetrate
the Hind's armor.
"
0xd52d,"Try the RPG-7.
","Try the RPG-7.
"
0xd53d,"If you don't use a rocket launcher or
something with similar firepower you
won't be able to take it down.
","If you don't use a rocket launcher or
something with similar firepower you
won't be able to take it down.
"
0xd5a8,"EVA said there was an RPG-7 in those
mountains, right?
","EVA said there was an RPG-7 in those
mountains, right?
"
0xd5e0,"With an RPG-7, you might stand a chance
against the Hind. Go find it.
","With an RPG-7, you might stand a chance
against the Hind. Go find it.
"
0xd627,"If you can take over one of the anti-aircraft
guns in the mountains, you'll be more than
a match for that Hind.
","If you can take over one of the anti-aircraft
guns in the mountains, you'll be more than
a match for that Hind.
"
0xd698,"The Hind is a transport-attack chopper that
can carry personnel. It might drop some
troops on you. Don't get caught off guard.
","The Hind is a transport-attack chopper that
can carry personnel. It might drop some
troops on you. Don't get caught off guard.
"
0xd718,"The Hind is protected by heavy armor, but
a rifle bullet might be able to penetrate
through the cockpit canopy.
","The Hind is protected by heavy armor, but
a rifle bullet might be able to penetrate
through the cockpit canopy.
"
0xd789,"Try using the SVD.
","Try using the SVD.
"
0xd79d,"Sigint.
","Sigint.
"
0xd7a6,"Yo.
","Yo.
"
0xd7ab,"EVA said she set up a ground effect
vehicle for us to make our escape.
","EVA said she set up a ground effect
vehicle for us to make our escape.
"
0xd7f3,"So I heard.
","So I heard.
"
0xd800,"The ground effect vehicle - or WIG - is
something like a cross between an airplane
and a boat. It uses ground effect to fly.
","The ground effect vehicle - or WIG - is
something like a cross between an airplane
and a boat. It uses ground effect to fly.
"
0xd87e,"Ground effect basically means that when
the craft skims the surface of the ground,
","Ground effect basically means that when
the craft skims the surface of the ground,
"
0xd8d2,"the air between the ground and the wing
is compressed, which gives the wing an
extra boost.
","the air between the ground and the wing
is compressed, which gives the wing an
extra boost.
"
0xd92f,"From what Western intelligence agencies have
been able to gather, the Russians are pretty
serious about developing these WIGs.
","From what Western intelligence agencies have
been able to gather, the Russians are pretty
serious about developing these WIGs.
"
0xd9af,"Apparently they're planning on using them
for anti-submarine patrols.
","Apparently they're planning on using them
for anti-submarine patrols.
"
0xd9f6,"I guess I can see why. The WIG's long
cruising range and high-speed capabilities
make it a good choice for that kind of mission.
","I guess I can see why. The WIG's long
cruising range and high-speed capabilities
make it a good choice for that kind of mission.
"
0xda78,"EVA must have gotten her hands on one
of the first prototypes while it was being
field tested as a transport craft.
","EVA must have gotten her hands on one
of the first prototypes while it was being
field tested as a transport craft.
"
0xdaed,"The WIG has a top speed of over 400
miles per hour. And its range is pretty
good, too.
","The WIG has a top speed of over 400
miles per hour. And its range is pretty
good, too.
"
0xdb45,"Not that speed is going to help you if
you've got a supersonic fighter jet on
your tail,
","Not that speed is going to help you if
you've got a supersonic fighter jet on
your tail,
"
0xdb9f,"but if you hug the surface and stay off
the radar, you should have no problems
getting away.
","but if you hug the surface and stay off
the radar, you should have no problems
getting away.
"
0xdbfd,"That's not an ordinary flamethrower The
Fury's using.
","That's not an ordinary flamethrower The
Fury's using.
"
0xdc34,"Normally, flamethrowers use a mixture of
napalm and gasoline for fuel.
","Normally, flamethrowers use a mixture of
napalm and gasoline for fuel.
"
0xdc7c,"But from what I hear, that guy is using
liquid rocket fuel.
","But from what I hear, that guy is using
liquid rocket fuel.
"
0xdcb9,"I'm guessing it's probably a mixture of
UDHM - unsymmetrical dimethyl hydrazine
- and NTO - nitrogen tetroxide.
","I'm guessing it's probably a mixture of
UDHM - unsymmetrical dimethyl hydrazine
- and NTO - nitrogen tetroxide.
"
0xdd2a,"I'm sure you've seen how potent that stuff
is.
","I'm sure you've seen how potent that stuff
is.
"
0xdd5a,"The Fury's flamethrower is one hell of
a weapon. Any frontal attack you make is
just gonna get swatted down by the flames.
","The Fury's flamethrower is one hell of
a weapon. Any frontal attack you make is
just gonna get swatted down by the flames.
"
0xddd6,"You've got to circle around him and attack
from behind or from the side.
","You've got to circle around him and attack
from behind or from the side.
"
0xde20,"The Fury is wearing a special flameproof
outfit made from a spacesuit.
","The Fury is wearing a special flameproof
outfit made from a spacesuit.
"
0xde68,"If it's tough enough to stand up to those
flames he's belching out,
","If it's tough enough to stand up to those
flames he's belching out,
"
0xdead,"grenades and white phosphorus grenades
aren't even going to make a dent.
","grenades and white phosphorus grenades
aren't even going to make a dent.
"
0xdef7,"Of course, if you manage to tear through
that suit, then it's a different story.
","Of course, if you manage to tear through
that suit, then it's a different story.
"
0xdf49,"If you use a knife and engage him at close
range, you should be able to rip right
through that flameproof suit of his.
","If you use a knife and engage him at close
range, you should be able to rip right
through that flameproof suit of his.
"
0xdfc1,"To get close enough to use your knife,
try stalking up from behind him.
","To get close enough to use your knife,
try stalking up from behind him.
"
0xe00a,"But you've got more to worry about than not
making noise. Any light you're carrying, like
a cigar or a torch, will give you away.
","But you've got more to worry about than not
making noise. Any light you're carrying, like
a cigar or a torch, will give you away.
"
0xe08d,"So when you're creepin' up on him,
unequip your cigar or torch.
","So when you're creepin' up on him,
unequip your cigar or torch.
"
0xe0ce,"You broke through The Fury's flameproof
suit!?
","You broke through The Fury's flameproof
suit!?
"
0xe0fe,"Now grenades and white phosphorus
should work on him.
","Now grenades and white phosphorus
should work on him.
"
0xe135,"You can also try blowing up a drum when
he's standing next to it.
","You can also try blowing up a drum when
he's standing next to it.
"
0xe178,"You can't fight if you can't see in front of
your face. You need to be able to rely on
your vision.
","You can't fight if you can't see in front of
your face. You need to be able to rely on
your vision.
"
0xe1dd,"You can try the night-vision goggles, but
keep an eye on the batteries.
","You can try the night-vision goggles, but
keep an eye on the batteries.
"
0xe226,"Don't look straight at The Fury's flames
when you're wearing the night-vision
goggles, though,
","Don't look straight at The Fury's flames
when you're wearing the night-vision
goggles, though,
"
0xe286,"or you'll be blinded by the afterimage
for a while.
","or you'll be blinded by the afterimage
for a while.
"
0xe2bb,"If he fires the flamethrower, either look
away or take off the goggles.
","If he fires the flamethrower, either look
away or take off the goggles.
"
0xe304,"If the batteries in the night-vision goggles
are used up, you can use a cigar or a torch
for light.
","If the batteries in the night-vision goggles
are used up, you can use a cigar or a torch
for light.
"
0xe369,"But if you try and get close to him with the
light on, he'll know you're there. Keep that
in mind.
","But if you try and get close to him with the
light on, he'll know you're there. Keep that
in mind.
"
0xe3cd,"Snake, the door of the cell is set up to
open when it receives a radio signal on
a certain frequency.
","Snake, the door of the cell is set up to
open when it receives a radio signal on
a certain frequency.
"
0xe434,"If you only knew the frequency, you could
use your radio to open the door...
","If you only knew the frequency, you could
use your radio to open the door...
"
0xe482,"Snake, you OK?
","Snake, you OK?
"
0xe492,"Yeah. I had a terrible dream.
","Yeah. I had a terrible dream.
"
0xe4b1,"No kidding. What happened?
","No kidding. What happened?
"
0xe4cd,"I don't want to think about it. I was being
attacked by monsters that looked human.
And I'm... not even sure if I was really me.
","I don't want to think about it. I was being
attacked by monsters that looked human.
And I'm... not even sure if I was really me.
"
0xe54f,"At least it was just a dream. It's all over
when you wake up.
","At least it was just a dream. It's all over
when you wake up.
"
0xe58e,"True.
","True.
"
0xe595,"When you think about it, the fact that you
can imagine a situation worse than the one
you're in now means life can't be all that bad...
","When you think about it, the fact that you
can imagine a situation worse than the one
you're in now means life can't be all that bad...
"
0xe61e,"I sure hope so.
","I sure hope so.
"
0xe62f,"Well, let me tell you about the absolute
worst, most sickening nightmare I ever had.
This isn't one for the kids.
","Well, let me tell you about the absolute
worst, most sickening nightmare I ever had.
This isn't one for the kids.
"
0xe6a2,"OK, so there's this big pile of crap, right?
It's shaped like a giant tank,
","OK, so there's this big pile of crap, right?
It's shaped like a giant tank,
"
0xe6ef,"and it's walking around on two legs, goin' on
a rampage and stompin' on people and
houses and stuff.
","and it's walking around on two legs, goin' on
a rampage and stompin' on people and
houses and stuff.
"
0xe755,"And this giant turd is carrying the nastiest
missiles you ever saw. Like, whenever it
launches one of its turd missiles...
","And this giant turd is carrying the nastiest
missiles you ever saw. Like, whenever it
launches one of its turd missiles...
"
0xe7d1,"...whatever it hits - people, trees, buildings
- turns into shit.
","...whatever it hits - people, trees, buildings
- turns into shit.
"
0xe814,"My hometown, my old school, my family,
my girlfriend, old man John...
","My hometown, my old school, my family,
my girlfriend, old man John...
"
0xe85b,"Everything in that turd's path turned into
shit.
","Everything in that turd's path turned into
shit.
"
0xe88d,"That's pretty sick, man.
","That's pretty sick, man.
"
0xe8a7,"Good thing it was just a dream, huh?
","Good thing it was just a dream, huh?
"
0xe8cd,"Yes, that's a good thing.
","Yes, that's a good thing.
"
0xe8e8,"You feeling better now?
","You feeling better now?
"
0xe901,"Yeah.
","Yeah.
"
0xe908,"Good. Then let's get down to business.
","Good. Then let's get down to business.
"
0xe930,"You see, Snake, people are just sacks of shit
and they're full of holes. Fill 'em up with water
and it's gotta come out from somewhere.
","You see, Snake, people are just sacks of shit
and they're full of holes. Fill 'em up with water
and it's gotta come out from somewhere.
"
0xe9b9,"...OK, maybe that was a bad example.
What I'm trying to say is, no matter what
the situation, there's always a way out.
","...OK, maybe that was a bad example.
What I'm trying to say is, no matter what
the situation, there's always a way out.
"
0xea32,"Don't throw in the towel yet. Clear your
mind. Think it through. Assess the
situation. You'll find a way to escape.
","Don't throw in the towel yet. Clear your
mind. Think it through. Assess the
situation. You'll find a way to escape.
"
0xeaa7,"Got it.
","Got it.
"
0xeab0,"Don't let my nightmare come true...
","Don't let my nightmare come true...
"
0xead5,"Right.
","Right.
"
0xeadd,"Snake, you've got to plant that C3 you got
from EVA on the liquid fuel tanks.
","Snake, you've got to plant that C3 you got
from EVA on the liquid fuel tanks.
"
0xeb2c,"But you've got just barely enough for the
job. Make sure you don't plant it anywhere
but on the tanks.
","But you've got just barely enough for the
job. Make sure you don't plant it anywhere
but on the tanks.
"
0xeb94,"And even if you plant it in the right place,
it'll all be for nothing if the enemy finds it.
","And even if you plant it in the right place,
it'll all be for nothing if the enemy finds it.
"
0xebf2,"Try to plant the C3 as far away from prying
eyes as possible.
","Try to plant the C3 as far away from prying
eyes as possible.
"
0xec31,"Once you've planted all the C3 charges,
flip the switch on the detonation timer.
","Once you've planted all the C3 charges,
flip the switch on the detonation timer.
"
0xec83,"The countdown will start right away.
","The countdown will start right away.
"
0xeca9,"When it hits zero, the whole hangar goes
sky-high. You better be out of there before
that happens.
","When it hits zero, the whole hangar goes
sky-high. You better be out of there before
that happens.
"
0xed0d,"Snake, like I told you before, you gotta be
careful when you get close to those liquid
fuel tanks.
","Snake, like I told you before, you gotta be
careful when you get close to those liquid
fuel tanks.
"
0xed71,"The tanks are full of UDMH - unsymmetrical
dimethyl hydrazine. It's used in rocket and
missile propulsion systems.
","The tanks are full of UDMH - unsymmetrical
dimethyl hydrazine. It's used in rocket and
missile propulsion systems.
"
0xede5,"Mess with a tank and BOOM!
You're confetti.
","Mess with a tank and BOOM!
You're confetti.
"
0xee12,"So do me a favor, and don't shoot or throw
grenades at any of the liquid fuel tanks.
","So do me a favor, and don't shoot or throw
grenades at any of the liquid fuel tanks.
"
0xee68,"Watch out for Volgin's electric shock
attacks!
","Watch out for Volgin's electric shock
attacks!
"
0xee98,"If he shocks you when you've got a gun
equipped, the ammo in the magazine's
gonna ignite and the gun will explode.
","If he shocks you when you've got a gun
equipped, the ammo in the magazine's
gonna ignite and the gun will explode.
"
0xef0c,"Either fight without a gun equipped,
","Either fight without a gun equipped,
"
0xef32,"or quickly press the Weapon Window Button
to unequip your weapon when you're about
to get zapped.
","or quickly press the Weapon Window Button
to unequip your weapon when you're about
to get zapped.
"
0xef95,"After Volgin unleashes his electric shock
attack, you'll have a split-second opening.
Use it to attack him!
","After Volgin unleashes his electric shock
attack, you'll have a split-second opening.
Use it to attack him!
"
0xf002,"Volgin uses a technique where he holds
a rifle bullet between his fingers
","Volgin uses a technique where he holds
a rifle bullet between his fingers
"
0xf04d,"and punches his opponent while simultaneously
causing the bullet to explode with an electric
shock.
","and punches his opponent while simultaneously
causing the bullet to explode with an electric
shock.
"
0xf0b2,"It's a punch, an electric shock, and a rifle
shot all rolled up into one.
","It's a punch, an electric shock, and a rifle
shot all rolled up into one.
"
0xf0fd,"You've seen the damage it can do - it'll
tear you apart if it connects. Dodge and
weave, Snake!
","You've seen the damage it can do - it'll
tear you apart if it connects. Dodge and
weave, Snake!
"
0xf15e,"Volgin can use an electric shock to
detonate the gunpowder inside an
ammunition cartridge.
","Volgin can use an electric shock to
detonate the gunpowder inside an
ammunition cartridge.
"
0xf1ba,"In other words, he can fire a bullet with
his bare hands.
","In other words, he can fire a bullet with
his bare hands.
"
0xf1f5,"If he starts to ignite bullets in your direction,
take cover! You'll get nailed if you just
stand there!
","If he starts to ignite bullets in your direction,
take cover! You'll get nailed if you just
stand there!
"
0xf25f,"Volgin seems to be deflecting bullets away
by wrapping a powerful electromagnetic
field around his body.
","Volgin seems to be deflecting bullets away
by wrapping a powerful electromagnetic
field around his body.
"
0xf2c9,"You won't hit him if you fire at him from
the front. If you're going to attack him with
a gun, do it from the side or the back.
","You won't hit him if you fire at him from
the front. If you're going to attack him with
a gun, do it from the side or the back.
"
0xf34a,"Snake, try using a chaff grenade.
","Snake, try using a chaff grenade.
"
0xf36d,"The metal foil it scatters into the air should
dissipate electric shocks and make them
less painful.
","The metal foil it scatters into the air should
dissipate electric shocks and make them
less painful.
"
0xf3d3,"Snake, time is running out!
Hurry up and take him down!
","Snake, time is running out!
Hurry up and take him down!
"
0xf40c,"Snake, leave the driving to EVA and focus
on attacking.
","Snake, leave the driving to EVA and focus
on attacking.
"
0xf445,"Use First Person View to pick off
the enemies around you.
","Use First Person View to pick off
the enemies around you.
"
0xf480,"If you've got a sidecar on your tail, you
should take out the enemy in the side
seat first.
","If you've got a sidecar on your tail, you
should take out the enemy in the side
seat first.
"
0xf4dd,"That'll take a big chunk out of its firepower.
","That'll take a big chunk out of its firepower.
"
0xf50d,"The Shagohod's machine gun has some
wicked firepower.
","The Shagohod's machine gun has some
wicked firepower.
"
0xf544,"But you should be able to mess with its
targeting system by shooting at the gun
itself.
","But you should be able to mess with its
targeting system by shooting at the gun
itself.
"
0xf59d,"If the machine gun starts strafing you,
return fire!
","If the machine gun starts strafing you,
return fire!
"
0xf5d3,"The Shagohod's missiles are radio-guided.
You can disable the guidance system with
a chaff grenade. Try it out!
","The Shagohod's missiles are radio-guided.
You can disable the guidance system with
a chaff grenade. Try it out!
"
0xf644,"If it's too late to use chaff, shoot it down
with your gun. I know that sounds kind of
crazy, but if anyone can do it, you can!
","If it's too late to use chaff, shoot it down
with your gun. I know that sounds kind of
crazy, but if anyone can do it, you can!
"
0xf6c5,"If the Shagohod tries to bump into you,
hammer on it with the RPG-7 or a grenade!
","If the Shagohod tries to bump into you,
hammer on it with the RPG-7 or a grenade!
"
0xf718,"Even if you can't destroy it, you should at
least be able to trip it up a little!
","Even if you can't destroy it, you should at
least be able to trip it up a little!
"
0xf76b,"Snake, snipe the C3 bombs planted on
the rail bridge to blow it up.
","Snake, snipe the C3 bombs planted on
the rail bridge to blow it up.
"
0xf7b0,"Normally, C3 is a chemically stable material.
It's only when it receives a shock from the
outside that it turns into an explosive.
","Normally, C3 is a chemically stable material.
It's only when it receives a shock from the
outside that it turns into an explosive.
"
0xf834,"EVA's probably set those bombs up with
detonators so they go off when they're
disturbed by something.
","EVA's probably set those bombs up with
detonators so they go off when they're
disturbed by something.
"
0xf89b,"She must have done it to prevent them
from being disarmed. Man, she thought
of everything.
","She must have done it to prevent them
from being disarmed. Man, she thought
of everything.
"
0xf8f7,"Shooting those C3 bombs should set off
the detonators and take the bridge down.
","Shooting those C3 bombs should set off
the detonators and take the bridge down.
"
0xf948,"Either the SVD or the RPG-7 would be good
for this job. If you're really a hot shot, you
can use an assault rifle or a handgun, too.
","Either the SVD or the RPG-7 would be good
for this job. If you're really a hot shot, you
can use an assault rifle or a handgun, too.
"
0xf9ce,"Just don't let me catch you using
a tranquilizer gun.
","Just don't let me catch you using
a tranquilizer gun.
"
0xfa05,"Clear your mind and focus on making
the shot.
","Clear your mind and focus on making
the shot.
"
0xfa34,"Snake, the Shagohod is about to cross
the bridge! There's no time to lose!
Hurry up and snipe those bombs!
","Snake, the Shagohod is about to cross
the bridge! There's no time to lose!
Hurry up and snipe those bombs!
"
0xfaa0,"The machine gun on that thing is deadly.
","The machine gun on that thing is deadly.
"
0xfaca,"But you can force him to break off his
attack by firing the RPG-7 at the body
of the Shagohod.
","But you can force him to break off his
attack by firing the RPG-7 at the body
of the Shagohod.
"
0xfb2a,"If he starts strafing you with the machine
gun, pump a rocket into the Shagohod
before you get turned into Swiss cheese.
","If he starts strafing you with the machine
gun, pump a rocket into the Shagohod
before you get turned into Swiss cheese.
"
0xfba4,"The armor on that thing is rock solid, but
you can compromise it if you hit it with a
rocket to the inside.
","The armor on that thing is rock solid, but
you can compromise it if you hit it with a
rocket to the inside.
"
0xfc11,"Every time he uses the heavy machine gun,
the armor cover opens up. Aim for that
opening!
","Every time he uses the heavy machine gun,
the armor cover opens up. Aim for that
opening!
"
0xfc6c,"When he rams into you with that drill, he's
got a lot of weight behind him. It does
serious damage.
","When he rams into you with that drill, he's
got a lot of weight behind him. It does
serious damage.
"
0xfcd1,"If the Shagohod tries to ram you, shoot it
with the RPG-7 to trip it up!
","If the Shagohod tries to ram you, shoot it
with the RPG-7 to trip it up!
"
0xfd1b,"Don't try to shoot at Volgin from the front.
He'll just deflect it with that electromagnetic
field of his.
","Don't try to shoot at Volgin from the front.
He'll just deflect it with that electromagnetic
field of his.
"
0xfd87,"Get around behind or to the side of the
Shagohod and shoot at Volgin from there!
","Get around behind or to the side of the
Shagohod and shoot at Volgin from there!
"
0xfdd9,"Snake don't let the enemy catch up to you!
Use First Person View to pick 'em off!!
","Snake don't let the enemy catch up to you!
Use First Person View to pick 'em off!!
"
0xfe2d,"Snake, you're almost to the lake.
You can make it, man!
","Snake, you're almost to the lake.
You can make it, man!
"
0xfe66,"Snake, you and EVA are both in real bad
shape. I wouldn't be thinking about taking
the enemy on in an all-out fight if I were you.
","Snake, you and EVA are both in real bad
shape. I wouldn't be thinking about taking
the enemy on in an all-out fight if I were you.
"
0xfeea,"It's time to start laying some traps.
","It's time to start laying some traps.
"
0xff11,"Set up a trap the right way and you can
stop the enemy in his tracks. And that'll
buy you some time.
","Set up a trap the right way and you can
stop the enemy in his tracks. And that'll
buy you some time.
"
0xff77,"Use TNT and Claymores to give them
a hard time.
","Use TNT and Claymores to give them
a hard time.
"
0xffa8,"You don't have to beat all the guys that are
after you. The only thing you need to worry
about is getting away in one piece.
","You don't have to beat all the guys that are
after you. The only thing you need to worry
about is getting away in one piece.
"
0x10026,"Smoke grenades and stun grenades might
not cause any damage, but they're pretty
good at slowing people down.
","Smoke grenades and stun grenades might
not cause any damage, but they're pretty
good at slowing people down.
"
0x10094,"So The Boss called in the MiGs?
","So The Boss called in the MiGs?
"
0x100b5,"The MiGs The Boss called in are probably
MiG-21s, a Soviet front line fighter.
","The MiGs The Boss called in are probably
MiG-21s, a Soviet front line fighter.
"
0x10105,"They can be equipped with rocket pods
and bombs for air-to-ground attacks.
","They can be equipped with rocket pods
and bombs for air-to-ground attacks.
"
0x10151,"If the MiGs dump napalm on you, you can
kiss your ass goodbye. You gotta beat The
Boss before that happens!
","If the MiGs dump napalm on you, you can
kiss your ass goodbye. You gotta beat The
Boss before that happens!
"
0x101be,"That gun The Boss is using is a
one-of-a-kind sidearm she had made
especially for her. They call it the ""Patriot.""
","That gun The Boss is using is a
one-of-a-kind sidearm she had made
especially for her. They call it the ""Patriot.""
"
0x10232,"Basically, they took the Army's experimental
XM16E1, cut the barrel short, and took off
the stock.
","Basically, they took the Army's experimental
XM16E1, cut the barrel short, and took off
the stock.
"
0x10296,"It handles like a handgun, but it's got the
stopping power of a rifle.
","It handles like a handgun, but it's got the
stopping power of a rifle.
"
0x102de,"Because the barrel is cut so short, it's got
some nasty recoil though.
","Because the barrel is cut so short, it's got
some nasty recoil though.
"
0x10326,"I can't believe she's using it with one hand!
Now I see why she's the leader of the
Cobras and a legendary hero.
","I can't believe she's using it with one hand!
Now I see why she's the leader of the
Cobras and a legendary hero.
"
0x10398,"As long as The Boss is firing that Patriot
at you, frontal attacks are going to be
useless.
","As long as The Boss is firing that Patriot
at you, frontal attacks are going to be
useless.
"
0x103f5,"Get around to her back or side and attack
her from there. Move!
","Get around to her back or side and attack
her from there. Move!
"
0x10436,"If The Boss gets you with a CQC attack,
","If The Boss gets you with a CQC attack,
"
0x1045f,"there's a chance she'll disassemble
whatever weapon you've got equipped
at the time.
","there's a chance she'll disassemble
whatever weapon you've got equipped
at the time.
"
0x104b5,"The disassembled weapon will turn into
Item Boxes and scatter around the area.
Try and recover them right away.
","The disassembled weapon will turn into
Item Boxes and scatter around the area.
Try and recover them right away.
"
0x10526,"One tactic you might want to try is blinding
her with a stun grenade or a smoke
grenade.
","One tactic you might want to try is blinding
her with a stun grenade or a smoke
grenade.
"
0x10580,"While she's lost sight of you, move around
to her side or back and attack her!
","While she's lost sight of you, move around
to her side or back and attack her!
"
0x105d0,"Snake, move through the flower field so
The Boss can't see you, and try to get
behind her.
","Snake, move through the flower field so
The Boss can't see you, and try to get
behind her.
"
0x1062c,"Use the active sonar or the motion
detector to figure out her position.
","Use the active sonar or the motion
detector to figure out her position.
"
0x10675,"But keep an eye on the batteries!
","But keep an eye on the batteries!
"
0x10698,"Snake! You're running out of time!
Hurry and finish her off!
","Snake! You're running out of time!
Hurry and finish her off!
"
0x106d6,"It's too late to back out now, Snake!
Pick up the gun!
","It's too late to back out now, Snake!
Pick up the gun!
"
0x1070e,"Ah, you're using the survival knife.
","Ah, you're using the survival knife.
"
0x10734,"Yeah. This thing provides me with all the
bare essentials I need to survive in the
field.
","Yeah. This thing provides me with all the
bare essentials I need to survive in the
field.
"
0x1078f,"Hey, wait. What'd you do with the knife
I made you? That was a work of art.
","Hey, wait. What'd you do with the knife
I made you? That was a work of art.
"
0x107dc,"It had matches and fishhooks and thread
and stuff in the grip.
","It had matches and fishhooks and thread
and stuff in the grip.
"
0x1081c,"Sorry to have to tell you this, but that thing
is useless in a fight.
","Sorry to have to tell you this, but that thing
is useless in a fight.
"
0x10863,"No way! Really?
","No way! Really?
"
0x10874,"Yeah. When the grip is hollowed out like
that, there's not as much space to stabilize
the blade.
","Yeah. When the grip is hollowed out like
that, there's not as much space to stabilize
the blade.
"
0x108d6,"So the joint between the blade and the grip
is weaker. That makes it easier to break.
","So the joint between the blade and the grip
is weaker. That makes it easier to break.
"
0x1092d,"I get it. You're right - with your knife, you
don't have to worry about it breaking no
matter how much you swing it around.
","I get it. You're right - with your knife, you
don't have to worry about it breaking no
matter how much you swing it around.
"
0x109aa,"So the important thing is durability...
Man, I gotta write this stuff down.
","So the important thing is durability...
Man, I gotta write this stuff down.
"
0x109f7,"Next time, I'll make it so the matches and
fishhooks go in the sheath instead.
","Next time, I'll make it so the matches and
fishhooks go in the sheath instead.
"
0x10a47,"...
","...
"
0x10a4c,"Snake, what do you have in your hand?
","Snake, what do you have in your hand?
"
0x10a73,"A fork. Why?
","A fork. Why?
"
0x10a81,"A fork? What'd you do with your knife?
It ain't dinnertime yet!
","A fork? What'd you do with your knife?
It ain't dinnertime yet!
"
0x10ac2,"Sigint, you have to think bigger than that.
A fork's good for more than just eating
dinner.
","Sigint, you have to think bigger than that.
A fork's good for more than just eating
dinner.
"
0x10b1f,"Oh yeah? Like what?
","Oh yeah? Like what?
"
0x10b34,"It's a weapon.
","It's a weapon.
"
0x10b44,"A weapon?
","A weapon?
"
0x10b4f,"Yeah. I can use it with the Weapon Button
the same way I use the survival knife.
","Yeah. I can use it with the Weapon Button
the same way I use the survival knife.
"
0x10ba1,"Of course, it's not going to be much use
for CQC.
","Of course, it's not going to be much use
for CQC.
"
0x10bd4,"This mission is all about procuring on site.
","This mission is all about procuring on site.
"
0x10c02,"I have to use whatever limited equipment
I can find any way I can to achieve my
objective.
","I have to use whatever limited equipment
I can find any way I can to achieve my
objective.
"
0x10c5e,"So, I have to make the most out of every
item by adapting them to different
situations.
","So, I have to make the most out of every
item by adapting them to different
situations.
"
0x10cb7,"Take this fork, for instance. At first glance
it looks useless, but it can be an effective
weapon if used the right way.
","Take this fork, for instance. At first glance
it looks useless, but it can be an effective
weapon if used the right way.
"
0x10d31,"You have to learn to think flexibly and
see all the different possibilities.
","You have to learn to think flexibly and
see all the different possibilities.
"
0x10d7f,"Think flexibly, huh...
Thanks for the advice, man.
","Think flexibly, huh...
Thanks for the advice, man.
"
0x10db3,"No problem.
","No problem.
"
0x10dc0,"And the best part is, if I use this to spear
a snack, I can eat it right there without
having to put it in my backpack first.
","And the best part is, if I use this to spear
a snack, I can eat it right there without
having to put it in my backpack first.
"
0x10e3f,"...I knew it! You ARE using it to eat!
","...I knew it! You ARE using it to eat!
"
0x10e67,"Aha, you're using the EZ GUN.
","Aha, you're using the EZ GUN.
"
0x10e86,"Yeah. What is this gun, anyway?
I've never seen anything like it...
","Yeah. What is this gun, anyway?
I've never seen anything like it...
"
0x10ecb,"Of course you haven't.
It's a noise-suppressed tranquilizer gun
I designed especially for FOX.
","Of course you haven't.
It's a noise-suppressed tranquilizer gun
I designed especially for FOX.
"
0x10f2b,"A noise-suppressed tranquilizer gun?
But it doesn't have a...
","A noise-suppressed tranquilizer gun?
But it doesn't have a...
"
0x10f6a,"It doesn't need a suppressor.
","It doesn't need a suppressor.
"
0x10f89,"What do you mean?
","What do you mean?
"
0x10f9c,"The noise-suppressing mechanism is built
into the tranquilizer rounds themselves.
","The noise-suppressing mechanism is built
into the tranquilizer rounds themselves.
"
0x10fef,"The inside of the powder case contains
a tiny piston.
","The inside of the powder case contains
a tiny piston.
"
0x11026,"It's set up so that when the firing gas
pushes the piston, the piston pushes
the bullet out of the chamber.
","It's set up so that when the firing gas
pushes the piston, the piston pushes
the bullet out of the chamber.
"
0x11093,"The firing gas is sealed within the chamber
by the piston, preventing it from escaping
outside.
","The firing gas is sealed within the chamber
by the piston, preventing it from escaping
outside.
"
0x110f4,"That's why there's no sound when it fires.
","That's why there's no sound when it fires.
"
0x11120,"Fascinating...
","Fascinating...
"
0x11130,"While I was at it, I also fitted it with
an experimental laser sight.
","While I was at it, I also fitted it with
an experimental laser sight.
"
0x11177,"That ought to give you a good aim even
when you're shooting from the hip.
","That ought to give you a good aim even
when you're shooting from the hip.
"
0x111c2,"And just having the EZ GUN equipped
makes it tougher for your Camo Index
to drop.
","And just having the EZ GUN equipped
makes it tougher for your Camo Index
to drop.
"
0x11215,"Wow.
","Wow.
"
0x1121b,"And it'll help you recover your stamina.
","And it'll help you recover your stamina.
"
0x11245,"Nice.
","Nice.
"
0x1124c,"On top of all that, it looks just like
a Liberator.
","On top of all that, it looks just like
a Liberator.
"
0x11281,"...a what?
","...a what?
"
0x1128d,"A Liberator. We supplied them to the
Resistance in Europe during World War II.
They look alike, don't they?
","A Liberator. We supplied them to the
Resistance in Europe during World War II.
They look alike, don't they?
"
0x112fa,"...Yeah.
","...Yeah.
"
0x11304,"To be honest, that's the part I had the
most trouble with.
","To be honest, that's the part I had the
most trouble with.
"
0x11340,"Getting the feature I just mentioned to work
in a gun of that size and shape wasn't easy.
","Getting the feature I just mentioned to work
in a gun of that size and shape wasn't easy.
"
0x1139b,"But why?
","But why?
"
0x113a5,"Why what?
","Why what?
"
0x113b0,"Why'd you go to all the trouble of making
it look like a Liberator?
","Why'd you go to all the trouble of making
it look like a Liberator?
"
0x113f5,"'Cause it looks cool, man.
Why d'you think?
","'Cause it looks cool, man.
Why d'you think?
"
0x11422,"...
","...
"
0x11427,"Hey, you've got an M1911A1.
","Hey, you've got an M1911A1.
"
0x11444,"Yeah. a .45. Fifty years since the Army
adopted the first model, and they're still
using them.
","Yeah. a .45. Fifty years since the Army
adopted the first model, and they're still
using them.
"
0x114a4,"It's a real gem of an automatic pistol.
","It's a real gem of an automatic pistol.
"
0x114cd,"But aren't you going to need more than
just one little handgun?
","But aren't you going to need more than
just one little handgun?
"
0x1150e,"Not at all.
","Not at all.
"
0x1151b,"When you're in a tight spot or fighting in
close quarters, sometimes a handgun
works better than a rifle.
","When you're in a tight spot or fighting in
close quarters, sometimes a handgun
works better than a rifle.
"
0x11586,"And if I equip a knife at the same time,
I can instantaneously switch over to
hand-to-hand combat.
","And if I equip a knife at the same time,
I can instantaneously switch over to
hand-to-hand combat.
"
0x115ea,"I see.
","I see.
"
0x115f2,"That .45 you've got there is a lot different
from the original, though.
","That .45 you've got there is a lot different
from the original, though.
"
0x1163b,"Looks like someone did some serious
work on it.
","Looks like someone did some serious
work on it.
"
0x1166c,"So you've got an M1911A1, huh?
","So you've got an M1911A1, huh?
"
0x1168c,"Yeah. EVA gave it to me. She said it used
to belong to a Western officer.
","Yeah. EVA gave it to me. She said it used
to belong to a Western officer.
"
0x116d7,"Looks like someone did a little work on it,
too.
","Looks like someone did a little work on it,
too.
"
0x11709,"It's more than a little.
","It's more than a little.
"
0x11723,"First of all, the feeding ramp is polished to
a mirror sheen. It's not going to have any
feeding problems.
","First of all, the feeding ramp is polished to
a mirror sheen. It's not going to have any
feeding problems.
"
0x1178f,"The slide's been replaced with a reinforced
version. And it meshes perfectly with the
frame.
","The slide's been replaced with a reinforced
version. And it meshes perfectly with the
frame.
"
0x117ed,"The frame itself has been iron-welded and
scraped down multiple times for maximum
precision.
","The frame itself has been iron-welded and
scraped down multiple times for maximum
precision.
"
0x1184b,"The front strap part of the frame has been
checkered to make it dig into the hand.
That prevents any slipping.
","The front strap part of the frame has been
checkered to make it dig into the hand.
That prevents any slipping.
"
0x118bb,"The sight system's original, too.
","The sight system's original, too.
"
0x118de,"It's a 3-dot type. It's got an enlarged front
sight, giving it superior target sighting
capability.
","It's a 3-dot type. It's got an enlarged front
sight, giving it superior target sighting
capability.
"
0x11943,"The regular hammer's been replaced with
a ring hammer.
","The regular hammer's been replaced with
a ring hammer.
"
0x1197b,"That enhances the cocking control and
increases the hammer-down speed.
","That enhances the cocking control and
increases the hammer-down speed.
"
0x119c3,"They also reworked the grip safety to
accommodate the ring hammer.
","They also reworked the grip safety to
accommodate the ring hammer.
"
0x11a07,"Looks like they eliminated it altogether.
This is a tool for pros.
","Looks like they eliminated it altogether.
This is a tool for pros.
"
0x11a4b,"The thumb safety and the slide stop are
extended to allow for more precise handling.
","The thumb safety and the slide stop are
extended to allow for more precise handling.
"
0x11aa1,"The base of the trigger guard is whittled
down, so you can use a high grip.
","The base of the trigger guard is whittled
down, so you can use a high grip.
"
0x11aee,"And the trigger itself is a long type for easy
finger access.
","And the trigger itself is a long type for easy
finger access.
"
0x11b2d,"The trigger pull is about 3.5 pounds.
That's about a pound and a half lighter
than normal.
","The trigger pull is about 3.5 pounds.
That's about a pound and a half lighter
than normal.
"
0x11b89,"The magazine well has been widened to
make it easier to put in a new magazine.
","The magazine well has been widened to
make it easier to put in a new magazine.
"
0x11bd9,"The magazine catch button has been cut
down low to make it harder to hit it by
mistake.
","The magazine catch button has been cut
down low to make it harder to hit it by
mistake.
"
0x11c32,"The mainspring housing has been changed
to a flat type to increase grip.
","The mainspring housing has been changed
to a flat type to increase grip.
"
0x11c7c,"And it's even been fitted with stepping
so that it doesn't slip from the recoil
when firing.
","And it's even been fitted with stepping
so that it doesn't slip from the recoil
when firing.
"
0x11cda,"On top of that, they added cocking
serrations to the front part of the slide.
","On top of that, they added cocking
serrations to the front part of the slide.
"
0x11d29,"That lets you load and eject cartridges
faster in an emergency.
","That lets you load and eject cartridges
faster in an emergency.
"
0x11d6a,"Whoever did this is a professional.
No question - this thing could shoot
a one-hole at 25 yards in a machine rest.
","Whoever did this is a professional.
No question - this thing could shoot
a one-hole at 25 yards in a machine rest.
"
0x11dde,"Well, I'll be damned. That's some gun.
","Well, I'll be damned. That's some gun.
"
0x11e06,"Yeah. I've never used a weapon this fine
in my life.
","Yeah. I've never used a weapon this fine
in my life.
"
0x11e3c,"You say you're using a single action army?
","You say you're using a single action army?
"
0x11e68,"The single action army was first manufactured
in 1873. It's been in production ever since
then, except for a short hiatus.
","The single action army was first manufactured
in 1873. It's been in production ever since
then, except for a short hiatus.
"
0x11ee4,"People started calling it the ""single action
army"" after the Army adopted it as their
official sidearm in 1875.
","People started calling it the ""single action
army"" after the Army adopted it as their
official sidearm in 1875.
"
0x11f55,"It's also sometimes called the ""Peacemaker,""
owing to the fact that a lot of sheriffs used
it to keep law and order in the old West.
","It's also sometimes called the ""Peacemaker,""
owing to the fact that a lot of sheriffs used
it to keep law and order in the old West.
"
0x11fdb,"There are a lot of different models. The one
you've got is probably the ""Black Powder""
model.
","There are a lot of different models. The one
you've got is probably the ""Black Powder""
model.
"
0x1203a,"The only thing is, it takes a while to reload.
","The only thing is, it takes a while to reload.
"
0x1206a,"This is a gun with history.
You can do all sorts of tricks with it.
Why don't you practice with it for a while?
","This is a gun with history.
You can do all sorts of tricks with it.
Why don't you practice with it for a while?
"
0x120db,"Go into First Person View and use the right
analog stick.
","Go into First Person View and use the right
analog stick.
"
0x12116,"Using the Patriot, eh?
","Using the Patriot, eh?
"
0x1212e,"Yeah. It's the same one The Boss was
using.
","Yeah. It's the same one The Boss was
using.
"
0x1215b,"Where'd you get it?
","Where'd you get it?
"
0x12170,"Hmm?
","Hmm?
"
0x12176,"I said, where'd you get it?
","I said, where'd you get it?
"
0x12193,"Sigint, don't get worked up over details.
","Sigint, don't get worked up over details.
"
0x121be,"???
","???
"
0x121c3,"Whatever. Anyway, the Patriot is
a one-of-a-kind sidearm made especially
for The Boss.
","Whatever. Anyway, the Patriot is
a one-of-a-kind sidearm made especially
for The Boss.
"
0x1221b,"It's basically an XM16E1 with the barrel
cut short and the stock taken off.
","It's basically an XM16E1 with the barrel
cut short and the stock taken off.
"
0x12268,"The idea was to create a large pistol that
combined the feel and quick handling of
a handgun with the force of a rifle.
","The idea was to create a large pistol that
combined the feel and quick handling of
a handgun with the force of a rifle.
"
0x122e1,"But with a barrel that short, the recoil is
unbelievable. It's tough to aim, but it more
than makes up for it in firepower.
","But with a barrel that short, the recoil is
unbelievable. It's tough to aim, but it more
than makes up for it in firepower.
"
0x1235e,"From the looks of it, it's fitted with a
100-round drum magazine... and it never
runs out of ammo?
","From the looks of it, it's fitted with a
100-round drum magazine... and it never
runs out of ammo?
"
0x123c2,"Never.
","Never.
"
0x123ca,"Why's that?
","Why's that?
"
0x123d7,"Because the internal feed mechanism is
shaped like an infinity symbol.
","Because the internal feed mechanism is
shaped like an infinity symbol.
"
0x1241f,"Ah, I get it. Yep, that'll give you unlimited
ammo.
","Ah, I get it. Yep, that'll give you unlimited
ammo.
"
0x12454,"I see you're equipped with a Scorpion.
","I see you're equipped with a Scorpion.
"
0x1247c,"The Scorpion is a new type of small
submachine gun made in Czechoslovakia.
","The Scorpion is a new type of small
submachine gun made in Czechoslovakia.
"
0x124c8,"I've heard of it, but...
","I've heard of it, but...
"
0x124e2,"...But you've never used one, right?
Well, they only started making it three
years ago, after all.
","...But you've never used one, right?
Well, they only started making it three
years ago, after all.
"
0x12546,"There are a bunch of different models of
Scorpion... what kind of rounds does that
one take?
","There are a bunch of different models of
Scorpion... what kind of rounds does that
one take?
"
0x125a4,".32ACP.
",".32ACP.
"
0x125ad,"Then it's gotta be the Vz-61.
","Then it's gotta be the Vz-61.
"
0x125cc,"The Scorpion is different from a lot of other
submachine guns in that it operates on a
closed bolt system.
","The Scorpion is different from a lot of other
submachine guns in that it operates on a
closed bolt system.
"
0x12638,"So you get a high degree of precision even
when firing in semi-auto mode.
","So you get a high degree of precision even
when firing in semi-auto mode.
"
0x12683,"Another special feature on the Scorpion is
the rate reducer, a mechanism that also
functions as a shock absorber.
","Another special feature on the Scorpion is
the rate reducer, a mechanism that also
functions as a shock absorber.
"
0x126f6,"What it does is lock the bolt in place for
a split second when it's in the rearward
position.
","What it does is lock the bolt in place for
a split second when it's in the rearward
position.
"
0x12755,"That keeps the firing rate down to a
reasonable level, and also helps make the gun
easier to control when firing in full-auto mode.
","That keeps the firing rate down to a
reasonable level, and also helps make the gun
easier to control when firing in full-auto mode.
"
0x127da,"The Scorpion's firing rate is 750 rounds
per minute.
","The Scorpion's firing rate is 750 rounds
per minute.
"
0x12810,"It ought to be a heck of a lot easier to
control than the MAC11, which has a rate
of 1200 rounds per minute.
","It ought to be a heck of a lot easier to
control than the MAC11, which has a rate
of 1200 rounds per minute.
"
0x1287e,"You should be able to handle it with
one hand no problem in semi-auto mode.
","You should be able to handle it with
one hand no problem in semi-auto mode.
"
0x128cb,"In full-auto mode, you could probably
manage short bursts.
","In full-auto mode, you could probably
manage short bursts.
"
0x12907,"And it looks like that one's fitted with
a laser sight, too.
","And it looks like that one's fitted with
a laser sight, too.
"
0x12945,"The Soviets probably developed this one
on their own.
","The Soviets probably developed this one
on their own.
"
0x1297c,"You can't use the Aim Button to aim from the
shoulder, but with the laser sight accuracy it
shouldn't be that big of a problem.
","You can't use the Aim Button to aim from the
shoulder, but with the laser sight accuracy it
shouldn't be that big of a problem.
"
0x129fd,"Snake, you've got a...
","Snake, you've got a...
"
0x12a15,"I know. It's some new kind of rifle out of
the West. Looks kind of like a ""black rifle""...
","I know. It's some new kind of rifle out of
the West. Looks kind of like a ""black rifle""...
"
0x12a71,"No, it's not an AR-15. It's an XM16E1,
a top-of-the-line rifle that the Army
adopted recently on a trial basis.
","No, it's not an AR-15. It's an XM16E1,
a top-of-the-line rifle that the Army
adopted recently on a trial basis.
"
0x12ae2,"The U.S. military was working on a new
concept for a light infantry weapon from
the late 40's through the mid 50's.
","The U.S. military was working on a new
concept for a light infantry weapon from
the late 40's through the mid 50's.
"
0x12b57,"In the end, they decided they wanted a
.22-caliber, high muzzle velocity rifle with
full-auto capability.
","In the end, they decided they wanted a
.22-caliber, high muzzle velocity rifle with
full-auto capability.
"
0x12bc2,"What they came up with was the AR-15,
the so-called ""black rifle.""
","What they came up with was the AR-15,
the so-called ""black rifle.""
"
0x12c06,"The one you've got there, the XM16E1,
is a modified AR-15 that's been fitted
with a bolt forward assist.
","The one you've got there, the XM16E1,
is a modified AR-15 that's been fitted
with a bolt forward assist.
"
0x12c70,"I heard they're doing performance
evaluations down in Southeast Asia.
","I heard they're doing performance
evaluations down in Southeast Asia.
"
0x12cb7,"So they captured one in Vietnam and
brought it here?
","So they captured one in Vietnam and
brought it here?
"
0x12ced,"That's my guess.
","That's my guess.
"
0x12cff,"But that thing looks a lot different from
a regular XM16E1.
","But that thing looks a lot different from
a regular XM16E1.
"
0x12d3c,"There must have been a gunsmith present
at the field tests who made all these
modification on the spot.
","There must have been a gunsmith present
at the field tests who made all these
modification on the spot.
"
0x12da5,"The fact that it's painted in camouflage
colors shows that
","The fact that it's painted in camouflage
colors shows that
"
0x12de1,"more and more people these days are
starting to realize the importance of
camouflage.
","more and more people these days are
starting to realize the importance of
camouflage.
"
0x12e38,"They made it so it takes a suppressor, too.
","They made it so it takes a suppressor, too.
"
0x12e65,"Yep. That's a nice feature to have for
a recon unit on a sneaking mission deep
in enemy territory.
","Yep. That's a nice feature to have for
a recon unit on a sneaking mission deep
in enemy territory.
"
0x12ec9,"You can attach and detach the suppressor
by opening the Weapon Window and
pressing the Enter Button.
","You can attach and detach the suppressor
by opening the Weapon Window and
pressing the Enter Button.
"
0x12f2f,"Oh, and the firing mechanism's been
modified to enable three-shot bursts.
","Oh, and the firing mechanism's been
modified to enable three-shot bursts.
"
0x12f7a,"Why the hell would they do that?
","Why the hell would they do that?
"
0x12f9c,"These days, a lot of new recruits aren't
used to firing in full-auto mode.
","These days, a lot of new recruits aren't
used to firing in full-auto mode.
"
0x12fe8,"They have no trigger control and end up
emptying the whole clip at once.
","They have no trigger control and end up
emptying the whole clip at once.
"
0x13032,"Maybe they were experimenting with ways
to prevent that and came up with the burst
mechanism as a possible solution.
","Maybe they were experimenting with ways
to prevent that and came up with the burst
mechanism as a possible solution.
"
0x130a8,"Stupid idea if you ask me.
","Stupid idea if you ask me.
"
0x130c4,"Hey, give it a chance, it might come in
handy.
","Hey, give it a chance, it might come in
handy.
"
0x130f4,"Open the Weapon Window and press the
Action Button to switch between semi-auto,
full-auto, and 3-shot burst modes.
","Open the Weapon Window and press the
Action Button to switch between semi-auto,
full-auto, and 3-shot burst modes.
"
0x13168,"Have fun with that.
","Have fun with that.
"
0x1317d,"Got yourself an AK-47, huh?
","Got yourself an AK-47, huh?
"
0x1319a,"The AK-47 is the official assault rifle of
the Soviet army.
","The AK-47 is the official assault rifle of
the Soviet army.
"
0x131d7,"The first model was completed in 1946,
","The first model was completed in 1946,
"
0x131ff,"and in '49 it beat out all its competitors to
become the standard assault rifle of the
Soviet military.
","and in '49 it beat out all its competitors to
become the standard assault rifle of the
Soviet military.
"
0x13268,"It uses 7.62 mm x 39 rounds, developed
in 1943, and a 30-round box magazine
originally designed for a different assault rifle.
","It uses 7.62 mm x 39 rounds, developed
in 1943, and a 30-round box magazine
originally designed for a different assault rifle.
"
0x132e8,"You can aim it from the shoulder by
equipping it in First Person View and
holding down the Aim Button.
","You can aim it from the shoulder by
equipping it in First Person View and
holding down the Aim Button.
"
0x13350,"It's sturdy and extremely reliable, with high
power and precision. There's no better
assault rifle in the world.
","It's sturdy and extremely reliable, with high
power and precision. There's no better
assault rifle in the world.
"
0x133c2,"I see you got yourself an M63.
","I see you got yourself an M63.
"
0x133e2,"The M63 is an American-made system
weapon.
","The M63 is an American-made system
weapon.
"
0x1340e,"Yeah, I've heard of it before, but...
","Yeah, I've heard of it before, but...
"
0x13435,"...But you've never got your hands on one?
Doesn't surprise me - it's brand new. They
only developed it last year.
","...But you've never got your hands on one?
Doesn't surprise me - it's brand new. They
only developed it last year.
"
0x134a9,"I'm thinking they probably captured some
in Southeast Asia and sent them back for
research.
","I'm thinking they probably captured some
in Southeast Asia and sent them back for
research.
"
0x13506,"The term ""system weapon"" refers to
a design where most of the parts are
interchangeable,
","The term ""system weapon"" refers to
a design where most of the parts are
interchangeable,
"
0x13560,"allowing you to create a lot of different
variations from a single original model.
","allowing you to create a lot of different
variations from a single original model.
"
0x135b4,"Using a set of basic components as the
core, you can mix and match parts to
create any number of different weapons.
","Using a set of basic components as the
core, you can mix and match parts to
create any number of different weapons.
"
0x13629,"It's like a convertible rifle.
","It's like a convertible rifle.
"
0x13649,"By switching barrels and magazines around,
you can make everything from an assault
rifle and a carbine
","By switching barrels and magazines around,
you can make everything from an assault
rifle and a carbine
"
0x136b1,"to a light machine gun and even
a belt-feeding medium machine gun.
","to a light machine gun and even
a belt-feeding medium machine gun.
"
0x136f5,"Not only does this save the trouble of
having to organize a bunch of different
weapons on different lines,
","Not only does this save the trouble of
having to organize a bunch of different
weapons on different lines,
"
0x13761,"but it also has the added benefit of cutting
down on the amount of training needed for
each soldier.
","but it also has the added benefit of cutting
down on the amount of training needed for
each soldier.
"
0x137c7,"Most of the parts are made by press work
and lost-wax casting,
","Most of the parts are made by press work
and lost-wax casting,
"
0x13807,"so they can be manufactured in countries
that lack a developed technological base.
","so they can be manufactured in countries
that lack a developed technological base.
"
0x1385b,"Nice touch.
","Nice touch.
"
0x13868,"The variation you've got there is the belt-fed
light machine gun. It was originally designed
for use in squad support missions.
","The variation you've got there is the belt-fed
light machine gun. It was originally designed
for use in squad support missions.
"
0x138e9,"It's a lot lighter than the M60.
","It's a lot lighter than the M60.
"
0x1390b,"Yeah. You won't find a lighter-weight light
machine gun than that.
","Yeah. You won't find a lighter-weight light
machine gun than that.
"
0x1394f,"It ought to be pretty easy to handle in
the jungle. Make good use of it.
","It ought to be pretty easy to handle in
the jungle. Make good use of it.
"
0x13999,"Ah, you've got an SVD.
","Ah, you've got an SVD.
"
0x139b1,"That's the Soviets' top-of-the-line
semi-automatic sniper rifle, adopted
just last year.
","That's the Soviets' top-of-the-line
semi-automatic sniper rifle, adopted
just last year.
"
0x13a0b,"SVD stands for the Russian words that
mean ""Dragunov semi-automatic sniper rifle.""
","SVD stands for the Russian words that
mean ""Dragunov semi-automatic sniper rifle.""
"
0x13a5f,"For a long time, the standard Russian
sniper rifle was the Mosin Nagant.
","For a long time, the standard Russian
sniper rifle was the Mosin Nagant.
"
0x13aa9,"But at the beginning of the 1950's, when
Soviet troops started carrying automatic
rifles and assault rifles,
","But at the beginning of the 1950's, when
Soviet troops started carrying automatic
rifles and assault rifles,
"
0x13b17,"the need for an automatic sniper rifle
increased.
","the need for an automatic sniper rifle
increased.
"
0x13b4a,"The SVD was developed to fulfill that need.
","The SVD was developed to fulfill that need.
"
0x13b77,"It can use the same ammo as the Mosin
Nagant, 7.62 mm x 54 rimmed cartridges,
","It can use the same ammo as the Mosin
Nagant, 7.62 mm x 54 rimmed cartridges,
"
0x13bc6,"but they developed a new type of ammo
with a tighter firing pattern to go along with
it.
","but they developed a new type of ammo
with a tighter firing pattern to go along with
it.
"
0x13c20,"I heard that these new rounds have a steel
core and are 2.5 times more precise than
regular rifle bullets.
","I heard that these new rounds have a steel
core and are 2.5 times more precise than
regular rifle bullets.
"
0x13c8c,"Nothing can match that thing in terms of
precision. Try it out for yourself and see
how powerful it is.
","Nothing can match that thing in terms of
precision. Try it out for yourself and see
how powerful it is.
"
0x13cf5,"When you equip a sniper rifle, you'll go
straight into First Person View.
","When you equip a sniper rifle, you'll go
straight into First Person View.
"
0x13d40,"Once you're in position, press the Aim
Button to look through the scope. The
trigger is the Weapon Button, as usual.
","Once you're in position, press the Aim
Button to look through the scope. The
trigger is the Weapon Button, as usual.
"
0x13db6,"You can change the magnification on the
scope by pressing the Action Button.
","You can change the magnification on the
scope by pressing the Action Button.
"
0x13e04,"You can fire from a standing position, but
your aim will be a heck of a lot steadier if
you're lying down.
","You can fire from a standing position, but
your aim will be a heck of a lot steadier if
you're lying down.
"
0x13e70,"Try it out.
","Try it out.
"
0x13e7d,"You're using a Mosin Nagant?
","You're using a Mosin Nagant?
"
0x13e9b,"Yeah. It's what The End was using.
","Yeah. It's what The End was using.
"
0x13ebf,"I see.
","I see.
"
0x13ec7,"The M1891/30 Mosin Nagant is a real beauty
of a bolt-action sniper rifle. It's been in use
since World War II.
","The M1891/30 Mosin Nagant is a real beauty
of a bolt-action sniper rifle. It's been in use
since World War II.
"
0x13f37,"Mosin Nagants are created
","Mosin Nagants are created
"
0x13f52,"by selecting the best-made weapons out of
the regular M1891/30 rifle production line
for their high precision
","by selecting the best-made weapons out of
the regular M1891/30 rifle production line
for their high precision
"
0x13fc1,"and upgrading them to sniper rifles.
","and upgrading them to sniper rifles.
"
0x13fe7,"They add an optical sight, make the trigger
pull lighter, bend the charging handle
underneath - that kind of stuff.
","They add an optical sight, make the trigger
pull lighter, bend the charging handle
underneath - that kind of stuff.
"
0x1405c,"The Mosin Nagant has been known far
and wide since the war for its superior
capabilities.
","The Mosin Nagant has been known far
and wide since the war for its superior
capabilities.
"
0x140b7,"They were so highly valued
","They were so highly valued
"
0x140d3,"that a lot of German snipers on the eastern
front preferred to use captured Mosin Nagants
instead of their own rifles.
","that a lot of German snipers on the eastern
front preferred to use captured Mosin Nagants
instead of their own rifles.
"
0x1414b,"It looks like The End took the one he'd
been using since the war and modified
it to fire tranquilizer rounds.
","It looks like The End took the one he'd
been using since the war and modified
it to fire tranquilizer rounds.
"
0x141ba,"Yeah. It's also been fitted with a folding
stock and a pistol grip.
","Yeah. It's also been fitted with a folding
stock and a pistol grip.
"
0x141ff,"Maybe for parachute jumps?
","Maybe for parachute jumps?
"
0x1421b,"Well, I dunno why he did it, but that's the
tool of a legendary sniper. It's got to be
a fine piece of work.
","Well, I dunno why he did it, but that's the
tool of a legendary sniper. It's got to be
a fine piece of work.
"
0x14289,"But remember - the Mosin Nagant is a
bolt-action rifle,
","But remember - the Mosin Nagant is a
bolt-action rifle,
"
0x142c2,"so you'll have to load a new tranquilizer
round into the chamber by hand every
time you fire.
","so you'll have to load a new tranquilizer
round into the chamber by hand every
time you fire.
"
0x14321,"That means no repeat firing.
One shot, one kill.
","That means no repeat firing.
One shot, one kill.
"
0x14353,"You're using an RPG-7, huh?
","You're using an RPG-7, huh?
"
0x14370,"The RPG-7 is a state-of-the-art portable
anti-tank weapon developed as the
successor to the RPG-2.
","The RPG-7 is a state-of-the-art portable
anti-tank weapon developed as the
successor to the RPG-2.
"
0x143d4,"It first saw active deployment in 1962
the year before last.
","It first saw active deployment in 1962
the year before last.
"
0x14412,"Actually, maybe portable's not the right
word.
","Actually, maybe portable's not the right
word.
"
0x14442,"The launcher and the grenade together
weigh over 20 pounds. It's not something
you can use on the move.
","The launcher and the grenade together
weigh over 20 pounds. It's not something
you can use on the move.
"
0x144ab,"When you equip it, make sure you use
First Person View to aim.
","When you equip it, make sure you use
First Person View to aim.
"
0x144eb,"Got it.
","Got it.
"
0x144f4,"You can fire it as soon as you're in position,
","You can fire it as soon as you're in position,
"
0x14524,"but if you use the Aim Button to look through
the scope, you should be able to get a pretty
accurate shot.
","but if you use the Aim Button to look through
the scope, you should be able to get a pretty
accurate shot.
"
0x14590,"Then just use the Weapon Button to pull
the trigger and the propellant will shoot the
grenade out of the launcher.
","Then just use the Weapon Button to pull
the trigger and the propellant will shoot the
grenade out of the launcher.
"
0x14604,"Immediately after that, stabilizer fins will
deploy from the back of the grenade.
","Immediately after that, stabilizer fins will
deploy from the back of the grenade.
"
0x14657,"After it travels about 35 feet, the rocket fuel
inside the grenade will ignite, accelerating the
grenade towards its target.
","After it travels about 35 feet, the rocket fuel
inside the grenade will ignite, accelerating the
grenade towards its target.
"
0x146d5,"Even if it doesn't hit the target,
","Even if it doesn't hit the target,
"
0x146f9,"the safety mechanism will kick in and cause
it to self-destruct when it exceeds the target
range or after a few seconds of flight.
","the safety mechanism will kick in and cause
it to self-destruct when it exceeds the target
range or after a few seconds of flight.
"
0x1477d,"The warhead is made of the plastic explosive
HEAT.
","The warhead is made of the plastic explosive
HEAT.
"
0x147b1,"It's capable of penetrating up to 13 inches
of armor. That should be enough to shoot
down a heavily-armored attack chopper.
","It's capable of penetrating up to 13 inches
of armor. That should be enough to shoot
down a heavily-armored attack chopper.
"
0x1482e,"Oh, one more thing - the rocket fires when
the grenade first starts its descent. So don't
try to fire it real close to the ground.
","Oh, one more thing - the rocket fires when
the grenade first starts its descent. So don't
try to fire it real close to the ground.
"
0x148b2,"So, you can't use it from a lying position?
","So, you can't use it from a lying position?
"
0x148df,"Right. Don't forget that.
","Right. Don't forget that.
"
0x148fa,"I won't.
","I won't.
"
0x14904,"Got some C3, I see.
","Got some C3, I see.
"
0x14919,"C3 is a type of plastic explosive developed
in the West for special operations use
following World War II.
","C3 is a type of plastic explosive developed
in the West for special operations use
following World War II.
"
0x14985,"It's composed of 77% RDX and 23%
moldable plastic.
","It's composed of 77% RDX and 23%
moldable plastic.
"
0x149b9,"Like EVA was saying, you can mold it
into different shapes like clay.
","Like EVA was saying, you can mold it
into different shapes like clay.
"
0x14a00,"C3 is less volatile than TNT, so a little heat or
shock won't be enough to set it off. It's
extremely easy to handle and highly effective.
","C3 is less volatile than TNT, so a little heat or
shock won't be enough to set it off. It's
extremely easy to handle and highly effective.
"
0x14a8c,"Looks like EVA set up the detonators with
a special timer mechanism.
","Looks like EVA set up the detonators with
a special timer mechanism.
"
0x14ad2,"Yeah. She made it so that when the timer
hits zero, all four charges will detonate at
the same time.
","Yeah. She made it so that when the timer
hits zero, all four charges will detonate at
the same time.
"
0x14b38,"Did she now. Then you'd better wait until
you plant all four charges on the liquid fuel
tanks before you start the timer.
","Did she now. Then you'd better wait until
you plant all four charges on the liquid fuel
tanks before you start the timer.
"
0x14bb3,"And remember you only have enough C3
to do the job.
","And remember you only have enough C3
to do the job.
"
0x14be8,"Don't go sticking that stuff anywhere but
the liquid fuel tanks in the hangar, got it?
","Don't go sticking that stuff anywhere but
the liquid fuel tanks in the hangar, got it?
"
0x14c40,"Got it.
","Got it.
"
0x14c49,"To plant a C3 charge on a tank, equip the
C3 and press the Weapon Button when
you're next to the tank.
","To plant a C3 charge on a tank, equip the
C3 and press the Weapon Button when
you're next to the tank.
"
0x14cb1,"Make sure they're well placed.
","Make sure they're well placed.
"
0x14cd1,"Ah, you got yourself some Claymores.
","Ah, you got yourself some Claymores.
"
0x14cf7,"The M18A1 Claymore is a new type of
anti-personnel directional mine developed
in the U.S. after the Korean War.
","The M18A1 Claymore is a new type of
anti-personnel directional mine developed
in the U.S. after the Korean War.
"
0x14d68,"The gently curved casing is packed with a
pound and a half of high-grade explosives.
","The gently curved casing is packed with a
pound and a half of high-grade explosives.
"
0x14dbe,"The side facing the enemy is lined with
700 steel ball bearings.
","The side facing the enemy is lined with
700 steel ball bearings.
"
0x14e00,"So when the mine explodes, the ball
bearings simultaneously burst out of
the casing.
","So when the mine explodes, the ball
bearings simultaneously burst out of
the casing.
"
0x14e56,"Anyone in the kill zone, be he friend or foe,
is instant Swiss cheese.
","Anyone in the kill zone, be he friend or foe,
is instant Swiss cheese.
"
0x14e9e,"The mine is triggered by an electric
detonator. Apparently, the detonator's got
some kind of special motion detector built in.
","The mine is triggered by an electric
detonator. Apparently, the detonator's got
some kind of special motion detector built in.
"
0x14f1e,"Yeah. When the mine is planted, it reacts
to anything that comes close and auto-
matically explodes.
","Yeah. When the mine is planted, it reacts
to anything that comes close and auto-
matically explodes.
"
0x14f84,"Just make sure you don't trip your own
mine or something stupid like that.
","Just make sure you don't trip your own
mine or something stupid like that.
"
0x14fd0,"I'll be careful.
","I'll be careful.
"
0x14fe2,"You can pick up a planted Claymore by
crawling over it.
","You can pick up a planted Claymore by
crawling over it.
"
0x1501b,"Mines planted by the enemy can also be
picked up in this way,
","Mines planted by the enemy can also be
picked up in this way,
"
0x1505a,"so if you come across a minefield, it's a
good idea to crawl through it and pick up
the mines.
","so if you come across a minefield, it's a
good idea to crawl through it and pick up
the mines.
"
0x150ba,"What are they doing making minefields out
of Western mines, anyway?
","What are they doing making minefields out
of Western mines, anyway?
"
0x150ff,"They're probably doing field performance
evaluations on mines they either captured
or stole from the West.
","They're probably doing field performance
evaluations on mines they either captured
or stole from the West.
"
0x1516b,"The structure of the Claymore isn't actually
all that complicated. They must be learning
a lot about them.
","The structure of the Claymore isn't actually
all that complicated. They must be learning
a lot about them.
"
0x151d7,"It might not be long before we start seeing
""Claymorasky"" mines.
","It might not be long before we start seeing
""Claymorasky"" mines.
"
0x15219,"That's a weird grenade you got there.
","That's a weird grenade you got there.
"
0x15240,"From what I can tell, it's an anti-electronics
weapon
","From what I can tell, it's an anti-electronics
weapon
"
0x15277,"that works by scattering a bunch of metal foil
in the air to interfere with radio signals.
","that works by scattering a bunch of metal foil
in the air to interfere with radio signals.
"
0x152d3,"Call it a chaff grenade, if you will.
","Call it a chaff grenade, if you will.
"
0x152fa,"By using a chaff grenade, you can disrupt
the function of enemy radios and electronic
devices for a short period of time.
","By using a chaff grenade, you can disrupt
the function of enemy radios and electronic
devices for a short period of time.
"
0x15375,"But keep in mind that as long as the chaff
is in effect, you won't be able to use your
motion detector or active sonar, either.
","But keep in mind that as long as the chaff
is in effect, you won't be able to use your
motion detector or active sonar, either.
"
0x153f6,"Looks like you've got some TNT.
","Looks like you've got some TNT.
"
0x15417,"TNT is short for trinitrotoluene, a pale yellow
crystalline compound made from a tri-nitrified
mix of nitric acid and sulfuric acid.
","TNT is short for trinitrotoluene, a pale yellow
crystalline compound made from a tri-nitrified
mix of nitric acid and sulfuric acid.
"
0x1549d,"It's used throughout the world as a military
explosive.
","It's used throughout the world as a military
explosive.
"
0x154d6,"It has a low sensitivity and is chemically
stable, making it easy to handle.
","It has a low sensitivity and is chemically
stable, making it easy to handle.
"
0x15524,"It's also got a low melting point, and can
easily be shaped by boiling or steaming it.
","It's also got a low melting point, and can
easily be shaped by boiling or steaming it.
"
0x1557c,"But because the sensitivity is so low, you
need a booster to actually get it to explode.
","But because the sensitivity is so low, you
need a booster to actually get it to explode.
"
0x155d6,"No problem. It came with its own remote
control detonator.
","No problem. It came with its own remote
control detonator.
"
0x15612,"Good. Then all you have to do is press the
Weapon Button to place the TNT and then
press the CQC Button to set it off.
","Good. Then all you have to do is press the
Weapon Button to place the TNT and then
press the CQC Button to set it off.
"
0x1568a,"The ""MAP"" screen in the Survival Viewer
will display the locations where you've
planted TNT.
","The ""MAP"" screen in the Survival Viewer
will display the locations where you've
planted TNT.
"
0x156e8,"Take warning though - the radio signal for
the detonator is pretty weak.
","Take warning though - the radio signal for
the detonator is pretty weak.
"
0x15732,"Don't forget that pressing the CQC Button
will only set off TNT that's planted in the
same area.
","Don't forget that pressing the CQC Button
will only set off TNT that's planted in the
same area.
"
0x15794,"Hey, you got a mousetrap!
","Hey, you got a mousetrap!
"
0x157af,"That mousetrap is a portable tool for
capturing small animals alive.
","That mousetrap is a portable tool for
capturing small animals alive.
"
0x157f5,"Press the Weapon Button to place it on
the ground.
","Press the Weapon Button to place it on
the ground.
"
0x15829,"Come back a little bit later, and there might
be a frog or a snake caught in there.
","Come back a little bit later, and there might
be a frog or a snake caught in there.
"
0x1587e,"Whether or not you actually catch anything,
though, is all a matter of luck.
","Whether or not you actually catch anything,
though, is all a matter of luck.
"
0x158cc,"Don't get all down if there's nothing in the
trap. Try, try again.
","Don't get all down if there's nothing in the
trap. Try, try again.
"
0x15910,"Also, don't forget that you need some bait
in the trap or nothing's gonna come crawling
in there.
","Also, don't forget that you need some bait
in the trap or nothing's gonna come crawling
in there.
"
0x15973,"If you capture an animal with a trap,
it won't have any bait left.
","If you capture an animal with a trap,
it won't have any bait left.
"
0x159b7,"Just crawl to pick it up. Then put some
more bait back in and set it down again.
","Just crawl to pick it up. Then put some
more bait back in and set it down again.
"
0x15a09,"You can use the ""MAP"" in the Survival
Viewer to see where you've placed traps.
","You can use the ""MAP"" in the Survival
Viewer to see where you've placed traps.
"
0x15a59,"If you forget where you put a trap, just
look at the ""MAP"".
","If you forget where you put a trap, just
look at the ""MAP"".
"
0x15a96,"I see you've picked up a directional
microphone.
","I see you've picked up a directional
microphone.
"
0x15ac8,"The directional microphone is exactly
what it looks like - a listening device.
","The directional microphone is exactly
what it looks like - a listening device.
"
0x15b18,"When you equip it, you'll go into First
Person View and the mike will pick up
sounds in whatever direction you point it in.
","When you equip it, you'll go into First
Person View and the mike will pick up
sounds in whatever direction you point it in.
"
0x15b95,"The directional microphone will let you hear
a lot of things you couldn't hear otherwise,
","The directional microphone will let you hear
a lot of things you couldn't hear otherwise,
"
0x15bf0,"like really soft noises and the footsteps of
faraway enemy soldiers.
","like really soft noises and the footsteps of
faraway enemy soldiers.
"
0x15c36,"You ought to find it useful when you want
to know whether there's an enemy on the
other side of the woods or something.
","You ought to find it useful when you want
to know whether there's an enemy on the
other side of the woods or something.
"
0x15caf,"Try it out!!
","Try it out!!
"
0x15cbd,"Hey, what's that you're wearing...?
","Hey, what's that you're wearing...?
"
0x15ce2,"Night-vision goggles. This gadget lets me
see in the dark by amplifying light and
displaying it as images.
","Night-vision goggles. This gadget lets me
see in the dark by amplifying light and
displaying it as images.
"
0x15d4e,"Amplifying light?
","Amplifying light?
"
0x15d61,"That's what it looks like to me.
","That's what it looks like to me.
"
0x15d83,"Well, I'll be damned.
","Well, I'll be damned.
"
0x15d9a,"They're working on something like that here in
the States, but so far it's not viable unless it's
coupled with an infrared searchlight.
","They're working on something like that here in
the States, but so far it's not viable unless it's
coupled with an infrared searchlight.
"
0x15e23,"And now the Russians have something
you can carry with you...
","And now the Russians have something
you can carry with you...
"
0x15e62,"...Anyway, those goggles should give you
a decent visual range even in dark places.
","...Anyway, those goggles should give you
a decent visual range even in dark places.
"
0x15eb7,"But don't look at anything bright, like fire,
or it'll get burned into your eyes and you
won't be able to see for a while. Be careful.
","But don't look at anything bright, like fire,
or it'll get burned into your eyes and you
won't be able to see for a while. Be careful.
"
0x15f3f,"Using the mine detector, huh?
","Using the mine detector, huh?
"
0x15f5e,"When you equip the mine detector, it lets
you know with a sound if there are any
Claymore mines nearby.
","When you equip the mine detector, it lets
you know with a sound if there are any
Claymore mines nearby.
"
0x15fc7,"A mine detector is basically a metal detector,
so ordinarily it reacts to scrap iron the same
way it reacts to mines.
","A mine detector is basically a metal detector,
so ordinarily it reacts to scrap iron the same
way it reacts to mines.
"
0x1603e,"They say that only about one out of every
100 objects it responds to is an actual mine.
","They say that only about one out of every
100 objects it responds to is an actual mine.
"
0x16097,"Not exactly what you'd call reliable.
","Not exactly what you'd call reliable.
"
0x160be,"So they're researching other ways to detect
mines, like
","So they're researching other ways to detect
mines, like
"
0x160f7,"sniffing for molecules given off by
explosives and using a kind of underground
radar.
","sniffing for molecules given off by
explosives and using a kind of underground
radar.
"
0x1614e,"One of these days, they might actually
make something that works.
","One of these days, they might actually
make something that works.
"
0x16191,"But the one you're using is apparently set
up so that it only reacts when it finds
a Claymore on the ground.
","But the one you're using is apparently set
up so that it only reacts when it finds
a Claymore on the ground.
"
0x161ff,"No need to worry about it being fooled by
anything other than a mine.
","No need to worry about it being fooled by
anything other than a mine.
"
0x16246,"Uh, Snake... what are you doing?
","Uh, Snake... what are you doing?
"
0x16268,"I'm in a box.
","I'm in a box.
"
0x16277,"A cardboard box? Why are you...?
","A cardboard box? Why are you...?
"
0x16299,"I dunno. I was just looking at it, and
suddenly I got this irresistible urge to
get inside.
","I dunno. I was just looking at it, and
suddenly I got this irresistible urge to
get inside.
"
0x162f6,"No not just an urge - more than that.
It was my destiny to be here; in the box.
","No not just an urge - more than that.
It was my destiny to be here; in the box.
"
0x16347,"Destiny...?
","Destiny...?
"
0x16354,"Yeah. And then when I put it on, I suddenly
got this feeling of inner peace.
","Yeah. And then when I put it on, I suddenly
got this feeling of inner peace.
"
0x163a2,"I can't put it into words. I feel... safe.
Like this is where I was meant to be. Like
I'd found the key to true happiness.
","I can't put it into words. I feel... safe.
Like this is where I was meant to be. Like
I'd found the key to true happiness.
"
0x1641e,"...
","...
"
0x16423,"Does any of that make sense?
","Does any of that make sense?
"
0x16441,"Not even a little.
","Not even a little.
"
0x16455,"You should come inside the box...
Then you'll know what I mean.
","You should come inside the box...
Then you'll know what I mean.
"
0x16496,"Man, I don't wanna know what you mean!
","Man, I don't wanna know what you mean!
"
0x164be,"Between you and Para-Medic, is everyone
but me that is hooked up with the Major
strange!?
","Between you and Para-Medic, is everyone
but me that is hooked up with the Major
strange!?
"
0x16519,"...
","...
"
0x1651e,"Yeah, well, anyway, I suppose even that
dumbass box might make a decent disguise
if you wear it inside a building.
","Yeah, well, anyway, I suppose even that
dumbass box might make a decent disguise
if you wear it inside a building.
"
0x16592,"Snake, you smoking a cigarette?
","Snake, you smoking a cigarette?
"
0x165b3,"It's not a cigarette. It's a cigar.
","It's not a cigarette. It's a cigar.
"
0x165d8,"Ah, same thing.
","Ah, same thing.
"
0x165e9,"It's not the same thing.
","It's not the same thing.
"
0x16603,"Why am I the only one who can tell
the difference...?
","Why am I the only one who can tell
the difference...?
"
0x1663a,"Doesn't matter to me. What I want to know
is, why'd you take it with you?
","Doesn't matter to me. What I want to know
is, why'd you take it with you?
"
0x16685,"Because I need it.
","Because I need it.
"
0x16699,"For what?
","For what?
"
0x166a4,"I can't smoke a cigar if I don't have one,
can I?
","I can't smoke a cigar if I don't have one,
can I?
"
0x166d7,"So you just wanted to smoke it?
","So you just wanted to smoke it?
"
0x166f8,"Yeah.
","Yeah.
"
0x166ff,"...Man, you got problems.
","...Man, you got problems.
"
0x1671a,"Do what you want. Just keep in mind that your
LIFE goes down when you're smoking it.
","Do what you want. Just keep in mind that your
LIFE goes down when you're smoking it.
"
0x16770,"Whatcha got there, Snake?
","Whatcha got there, Snake?
"
0x1678b,"Some kind of drug. The label says
""Pentazemine.""
","Some kind of drug. The label says
""Pentazemine.""
"
0x167bd,"Pentazemine? What the hell is that?
","Pentazemine? What the hell is that?
"
0x167e2,"Beats me.
","Beats me.
"
0x167ed,"Let's ask Para-Medic.
","Let's ask Para-Medic.
"
0x16804,"Yo, Para-Medic!
","Yo, Para-Medic!
"
0x16815,"Yeah?
","Yeah?
"
0x1681c,"You ever heard of a drug called
pentazemine?
","You ever heard of a drug called
pentazemine?
"
0x1684a,"Yeah, it's an anti-anxiety drug related to
benzodiazepine.
","Yeah, it's an anti-anxiety drug related to
benzodiazepine.
"
0x16886,"It's a minor tranquilizer used to treat things
like depression, autonomic ataxia and
aporioneurosis and things like that.
","It's a minor tranquilizer used to treat things
like depression, autonomic ataxia and
aporioneurosis and things like that.
"
0x16901,"Besides its calming and anti-depressant
properties, it's also known for its
anti-convulsant effect.
","Besides its calming and anti-depressant
properties, it's also known for its
anti-convulsant effect.
"
0x16966,"Anti-convulsant effect?
","Anti-convulsant effect?
"
0x1697f,"Yeah.
","Yeah.
"
0x16986,"So in other words, it can help keep your
hands from shaking?
","So in other words, it can help keep your
hands from shaking?
"
0x169c4,"Yeah, I guess so...
","Yeah, I guess so...
"
0x169d9,"This could be useful.
","This could be useful.
"
0x169f0,"What are you talking about?
","What are you talking about?
"
0x16a0d,"Nothing. I just thought that if I took this
drug when I used a sniper rifle, it'd help
make my aim steadier.
","Nothing. I just thought that if I took this
drug when I used a sniper rifle, it'd help
make my aim steadier.
"
0x16a7b,"Oh, I see. That's an interesting idea.
I think it might work. Give it a try.
","Oh, I see. That's an interesting idea.
I think it might work. Give it a try.
"
0x16ac9,"Got some LIFE medicine, huh?
","Got some LIFE medicine, huh?
"
0x16ae7,"LIFE medicine is...
","LIFE medicine is...
"
0x16afc,"LIFE medicine is a drug recently developed
by the Soviet Union for use in battle.
","LIFE medicine is a drug recently developed
by the Soviet Union for use in battle.
"
0x16b4f,"The com...
","The com...
"
0x16b5b,"The components are still a mystery, but
it seems to activate the body's regenerative
processes and make injuries heal faster.
","The components are still a mystery, but
it seems to activate the body's regenerative
processes and make injuries heal faster.
"
0x16bda,"Well, open th...
","Well, open th...
"
0x16bec,"Open the window and press the Enter
Button to instantly replenish your LIFE.
Useful, huh?
","Open the window and press the Enter
Button to instantly replenish your LIFE.
Useful, huh?
"
0x16c47,"...
","...
"
0x16c4c,"Huh? What's wrong, Sigint?
","Huh? What's wrong, Sigint?
"
0x16c68,"Nevermind...
","Nevermind...
"
0x16c76,"Snake, what's up? Why are you naked?
","Snake, what's up? Why are you naked?
"
0x16c9c,"I know there's a ""NAKED"" option under
""UNIFORM"" that lets you take off the
upper part of your uniform.
","I know there's a ""NAKED"" option under
""UNIFORM"" that lets you take off the
upper part of your uniform.
"
0x16d04,"But without a shirt on, your camouflage
sucks, and your stamina goes down faster.
You don't get any advantages whatsoever.
","But without a shirt on, your camouflage
sucks, and your stamina goes down faster.
You don't get any advantages whatsoever.
"
0x16d80,"Sure there are.
","Sure there are.
"
0x16d91,"Like what?
","Like what?
"
0x16d9d,"It feels good.
","It feels good.
"
0x16dad,"...Man, you do whatever you want.
","...Man, you do whatever you want.
"
0x16dd0,"I will, thanks. Just one question, though.
","I will, thanks. Just one question, though.
"
0x16dfc,"What?
","What?
"
0x16e03,"Is there a way to take off my pants?
","Is there a way to take off my pants?
"
0x16e29,"Say WHAT!?
","Say WHAT!?
"
0x16e35,"My pants, can I...
","My pants, can I...
"
0x16e49,"Ah, hell no! This FOX Unit is a nut fest!
","Ah, hell no! This FOX Unit is a nut fest!
"
0x16e74,"I see you're wearing the olive drab uniform.
","I see you're wearing the olive drab uniform.
"
0x16ea2,"Olive drab, or O.D. for short, is the
standard battle uniform for G.I.s.
","Olive drab, or O.D. for short, is the
standard battle uniform for G.I.s.
"
0x16eec,"It's a solid-color outfit with no camouflage
pattern, so naturally it's not going to be
much use as camouflage.
","It's a solid-color outfit with no camouflage
pattern, so naturally it's not going to be
much use as camouflage.
"
0x16f5d,"I'd change into something else as soon
as possible if I were you.
","I'd change into something else as soon
as possible if I were you.
"
0x16fa0,"You're wearing the tiger stripe pattern
camouflage, huh?
","You're wearing the tiger stripe pattern
camouflage, huh?
"
0x16fda,"Tiger stripe is a forest camouflage.
As you may have guessed by the name,
it mimics the stripe pattern on a tiger's coat.
","Tiger stripe is a forest camouflage.
As you may have guessed by the name,
it mimics the stripe pattern on a tiger's coat.
"
0x17055,"It was originally worn by South Vietnamese
Marines.
","It was originally worn by South Vietnamese
Marines.
"
0x1708a,"Then it caught the attention of an American
military advisor,
","Then it caught the attention of an American
military advisor,
"
0x170c9,"and now they're thinking of introducing it
into all kinds of special forces units.
","and now they're thinking of introducing it
into all kinds of special forces units.
"
0x1711d,"It works best in places with lots of trees
and grass, but it should blend in with dirt
and mud, too.
","It works best in places with lots of trees
and grass, but it should blend in with dirt
and mud, too.
"
0x17183,"Wearing the leaf pattern camouflage,
are you?
","Wearing the leaf pattern camouflage,
are you?
"
0x171b2,"Leaf pattern is a forest camouflage created
to provide cover in woodland areas.
","Leaf pattern is a forest camouflage created
to provide cover in woodland areas.
"
0x17203,"Now that our involvement in Vietnam looks
set to expand, they're thinking about
adopting it for official use.
","Now that our involvement in Vietnam looks
set to expand, they're thinking about
adopting it for official use.
"
0x17272,"It'll help you blend in especially well
when you're hiding in the bushes.
","It'll help you blend in especially well
when you're hiding in the bushes.
"
0x172bd,"So you're wearing the tree bark
camouflage.
","So you're wearing the tree bark
camouflage.
"
0x172ea,"Tree bark is a forest pattern created
primarily for use by hunters.
","Tree bark is a forest pattern created
primarily for use by hunters.
"
0x1732f,"It'll give you an exceptionally low profile
if you wear it when you're pressed up
against a tree.
","It'll give you an exceptionally low profile
if you wear it when you're pressed up
against a tree.
"
0x17392,"Ah, you're wearing the chocolate chip
pattern.
","Ah, you're wearing the chocolate chip
pattern.
"
0x173c2,"Chocolate chip? You mean this
camouflage?
","Chocolate chip? You mean this
camouflage?
"
0x173ed,"Yeah.
","Yeah.
"
0x173f4,"I've never heard of a camo pattern called
that before...
","I've never heard of a camo pattern called
that before...
"
0x1742e,"Yeah, I know. I just thought it up right now.
","Yeah, I know. I just thought it up right now.
"
0x1745d,"The chocolate chip pattern is probably
designed to provide cover in a desert
environment.
","The chocolate chip pattern is probably
designed to provide cover in a desert
environment.
"
0x174b8,"It should work best against a sandy or
rocky background.
","It should work best against a sandy or
rocky background.
"
0x174f2,"Makes sense. But why'd you call it
chocolate chip?
","Makes sense. But why'd you call it
chocolate chip?
"
0x17526,"'Cause that's what it reminds me of.
","'Cause that's what it reminds me of.
"
0x1754c,"What?
","What?
"
0x17553,"Those little round cookies the major is
always snackin' on.
","Those little round cookies the major is
always snackin' on.
"
0x17590,"They're not cookies. They're scones.
","They're not cookies. They're scones.
"
0x175b6,"Major!
","Major!
"
0x175be,"And it's not a snack. It's afternoon tea.
","And it's not a snack. It's afternoon tea.
"
0x175e9,"Snack, tea, same thing.
","Snack, tea, same thing.
"
0x17602,"No, it's not! Look here, afternoon tea is
a fine old English tradition.
","No, it's not! Look here, afternoon tea is
a fine old English tradition.
"
0x1764b,"Uh oh. Here we go again.
Talk to you later, Snake.
","Uh oh. Here we go again.
Talk to you later, Snake.
"
0x1767f,"The origins of afternoon tea go back to
the Victorian Era. Anna Maria, the
seventh Duchess of Bedford, was...
","The origins of afternoon tea go back to
the Victorian Era. Anna Maria, the
seventh Duchess of Bedford, was...
"
0x176ee,"Looks like you're wearing the splitter
pattern camo.
","Looks like you're wearing the splitter
pattern camo.
"
0x17724,"Splitter was used quite a bit in World War
II on German aircraft and stuff.
","Splitter was used quite a bit in World War
II on German aircraft and stuff.
"
0x17771,"The pattern helped mask the plane's
attitude and direction in dogfights.
","The pattern helped mask the plane's
attitude and direction in dogfights.
"
0x177bb,"Even now, it's still being used as
camouflage in some places.
","Even now, it's still being used as
camouflage in some places.
"
0x177fa,"It works best when you wear it against
a steel or stone background.
","It works best when you wear it against
a steel or stone background.
"
0x1783f,"Wearing raindrop pattern camo, huh?
","Wearing raindrop pattern camo, huh?
"
0x17864,"Raindrop was used by Germany during
World War II. Even now, it's still used a
lot in Eastern Europe.
","Raindrop was used by Germany during
World War II. Even now, it's still used a
lot in Eastern Europe.
"
0x178ca,"It's designed to be especially inconspicuous
in the rain, so you'll get the most out of it
if you put it on during a downpour.
","It's designed to be especially inconspicuous
in the rain, so you'll get the most out of it
if you put it on during a downpour.
"
0x1794a,"Looks like you've got the squares pattern
on.
","Looks like you've got the squares pattern
on.
"
0x17979,"Squares is a mountain camo that's
basically a bunch of square patterns.
","Squares is a mountain camo that's
basically a bunch of square patterns.
"
0x179c2,"It might look conspicuous at first glance,
","It might look conspicuous at first glance,
"
0x179ee,"but it actually blurs the contours of the
person wearing it and makes them more
difficult to pick out.
","but it actually blurs the contours of the
person wearing it and makes them more
difficult to pick out.
"
0x17a56,"It should give you a low profile against
reddish backgrounds, like bricks and
rusty metal.
","It should give you a low profile against
reddish backgrounds, like bricks and
rusty metal.
"
0x17ab2,"Wearing the water pattern, are we?
","Wearing the water pattern, are we?
"
0x17ad6,"The water pattern was used a lot by
the old German Defense Force.
","The water pattern was used a lot by
the old German Defense Force.
"
0x17b19,"Even though it's called the water pattern,
it wasn't designed specifically to blend in
underwater.
","Even though it's called the water pattern,
it wasn't designed specifically to blend in
underwater.
"
0x17b7d,"They only gave it that name because the
pattern resembles the waves on the surface
of a pool of water.
","They only gave it that name because the
pattern resembles the waves on the surface
of a pool of water.
"
0x17be5,"But still, it really does look like it could be
confused for liquid waves. It might conceal
you underwater.
","But still, it really does look like it could be
confused for liquid waves. It might conceal
you underwater.
"
0x17c52,"So, you're wearing the black camouflage.
","So, you're wearing the black camouflage.
"
0x17c7c,"The black uniform isn't really camouflage.
","The black uniform isn't really camouflage.
"
0x17ca8,"It was intended to have a psychological
shock effect on enemies in hostage-rescue
operations and stuff like that.
","It was intended to have a psychological
shock effect on enemies in hostage-rescue
operations and stuff like that.
"
0x17d1b,"But it should also make you pretty hard to
see if you wear it in a dark environment.
","But it should also make you pretty hard to
see if you wear it in a dark environment.
"
0x17d71,"And it might also work on black, earthy
surfaces like you'd find in swamps.
","And it might also work on black, earthy
surfaces like you'd find in swamps.
"
0x17dbe,"The camo pattern you're wearing now is
called snow.
","The camo pattern you're wearing now is
called snow.
"
0x17df3,"Snow, as you might have guessed, is a
winter camouflage developed to provide
cover in a snowy environment.
","Snow, as you might have guessed, is a
winter camouflage developed to provide
cover in a snowy environment.
"
0x17e5f,"It's not solid white, though. It's got a little
bit of vegetation pattern mixed in, too.
","It's not solid white, though. It's got a little
bit of vegetation pattern mixed in, too.
"
0x17eb9,"It should work pretty well if you wear it
against a white background.
","It should work pretty well if you wear it
against a white background.
"
0x17f00,"Those are some funky clothes you're
wearing.
","Those are some funky clothes you're
wearing.
"
0x17f2e,"Looks like you got yourself some funky
clothes there.
","Looks like you got yourself some funky
clothes there.
"
0x17f65,"Yeah. It's called a sneaking suit.
","Yeah. It's called a sneaking suit.
"
0x17f89,"Sneaking suit? What's that all about?
","Sneaking suit? What's that all about?
"
0x17fb0,"I'm not sure, but it looks like what The Boss
was wearing...
","I'm not sure, but it looks like what The Boss
was wearing...
"
0x17fee,"Huh. Well, whatever it is, it's a fine piece
of work.
","Huh. Well, whatever it is, it's a fine piece
of work.
"
0x18025,"The suit seems to be made of some kind of
special bulletproof fiber. Wearing it should
reduce all the damage you take by half.
","The suit seems to be made of some kind of
special bulletproof fiber. Wearing it should
reduce all the damage you take by half.
"
0x180a5,"The waterproofing and heat and moisture
insulation are top-notch. Just having it on
will reduce the amount of stamina you burn.
","The waterproofing and heat and moisture
insulation are top-notch. Just having it on
will reduce the amount of stamina you burn.
"
0x18126,"It even increases your overall Camo Index.
You got yourself a keeper, Snake.
","It even increases your overall Camo Index.
You got yourself a keeper, Snake.
"
0x18174,"Yeah. Maybe we should make it the official
uniform of FOX.
","Yeah. Maybe we should make it the official
uniform of FOX.
"
0x181b0,"So, you're wearing the scientist
uniform.
","So, you're wearing the scientist
uniform.
"
0x181db,"Wearing that scientist outfit lets you pose
as a scientist.
","Wearing that scientist outfit lets you pose
as a scientist.
"
0x18218,"But be forewarned - you can't equip most
of your weapons while you're disguised as
a scientist.
","But be forewarned - you can't equip most
of your weapons while you're disguised as
a scientist.
"
0x18279,"Even when you're disguised, your cover will
be blown if you get blood on your clothes
or something.
","Even when you're disguised, your cover will
be blown if you get blood on your clothes
or something.
"
0x182de,"If you do get blood on your clothes, take
them off and switch to another outfit.
","If you do get blood on your clothes, take
them off and switch to another outfit.
"
0x18330,"The blood stain should come out after a
little while.
","The blood stain should come out after a
little while.
"
0x18367,"But, uh, Snake...
","But, uh, Snake...
"
0x1837a,"What?
","What?
"
0x18381,"There's really no point wearing a scientist
uniform out there.
","There's really no point wearing a scientist
uniform out there.
"
0x183c1,"Why not?
","Why not?
"
0x183cb,"Why not? Look around you!
You see any scientists?
","Why not? Look around you!
You see any scientists?
"
0x183fe,"No.
","No.
"
0x18403,"So why are you wearing it?
","So why are you wearing it?
"
0x1841f,"Because I feel like it.
","Because I feel like it.
"
0x18438,"...Man, you're screwed up.
","...Man, you're screwed up.
"
0x18454,"OK, you're disguised as Raikov.
","OK, you're disguised as Raikov.
"
0x18475,"You ought to be able to pass for the real
deal in that outfit.
","You ought to be able to pass for the real
deal in that outfit.
"
0x184b5,"You can go anywhere you want and
nobody's going to ask questions.
","You can go anywhere you want and
nobody's going to ask questions.
"
0x184f8,"But don't forget that you can't equip most
of your weapons when you're in disguise.
","But don't forget that you can't equip most
of your weapons when you're in disguise.
"
0x1854d,"OK, you're wearing Raikov's uniform.
But there's still something missing.
","OK, you're wearing Raikov's uniform.
But there's still something missing.
"
0x18598,"I don't think the disguise is going to work
unless you make yourself look more like him.
","I don't think the disguise is going to work
unless you make yourself look more like him.
"
0x185f2,"You're wearing Raikov's uniform?
","You're wearing Raikov's uniform?
"
0x18614,"But the enemy already knows you disguised
yourself as him, and on top of that, you lost
your cap.
","But the enemy already knows you disguised
yourself as him, and on top of that, you lost
your cap.
"
0x18677,"I don't think that disguise is going to fool
anyone anymore.
","I don't think that disguise is going to fool
anyone anymore.
"
0x186b5,"Besides, that uniform doesn't have any
camouflage patterns, so your Camo Index
is going to be low.
","Besides, that uniform doesn't have any
camouflage patterns, so your Camo Index
is going to be low.
"
0x18719,"Don't you think you'd be better off wearing
some other kind of gear?
","Don't you think you'd be better off wearing
some other kind of gear?
"
0x1875f,"You're wearing a maintenance crew
uniform?
","You're wearing a maintenance crew
uniform?
"
0x1878b,"With the maintenance crew uniform on,
you can pretend you're one of the workers
assigned to the Shagohod hangar.
","With the maintenance crew uniform on,
you can pretend you're one of the workers
assigned to the Shagohod hangar.
"
0x187fd,"But people are going to suspect something's
up if you suddenly get down on your belly or
start punching somebody.
","But people are going to suspect something's
up if you suddenly get down on your belly or
start punching somebody.
"
0x18870,"Don't do anything that'll draw suspicion.
","Don't do anything that'll draw suspicion.
"
0x1889b,"But there aren't any maintenance personnel
around there. All that outfit's going to do is
make you stand out.
","But there aren't any maintenance personnel
around there. All that outfit's going to do is
make you stand out.
"
0x1890a,"I'd change into something else if I were
you.
","I'd change into something else if I were
you.
"
0x18939,"Snake, what are you wearing now?
","Snake, what are you wearing now?
"
0x1895b,"A tuxedo.
","A tuxedo.
"
0x18966,"What, you late for a wedding or something?
","What, you late for a wedding or something?
"
0x18992,"Come to think about it, the tuxedo is an
all-black outfit. It'll probably help you blend
in in a dark environment.
","Come to think about it, the tuxedo is an
all-black outfit. It'll probably help you blend
in in a dark environment.
"
0x18a06,"One thing you can't do, though, is equip
knife-type weapons. And you can't use CQC,
either. Remember that.
","One thing you can't do, though, is equip
knife-type weapons. And you can't use CQC,
either. Remember that.
"
0x18a72,"Snake, what's that camouflage...?
","Snake, what's that camouflage...?
"
0x18a95,"It's called 'hornet stripe'. I got it from
The Pain.
","It's called 'hornet stripe'. I got it from
The Pain.
"
0x18acb,"No kidding. Sounds like a pretty unique
design.
","No kidding. Sounds like a pretty unique
design.
"
0x18afc,"From the looks of it, it's somehow infused
with the power of hornets.
","From the looks of it, it's somehow infused
with the power of hornets.
"
0x18b43,"The power of hornets?
","The power of hornets?
"
0x18b5a,"Sure. When you're wearing that outfit,
hornets won't attack you. Neither will
spiders or leeches.
","Sure. When you're wearing that outfit,
hornets won't attack you. Neither will
spiders or leeches.
"
0x18bbd,"You might even be able to tame the ones
that come flying out of a hive.
","You might even be able to tame the ones
that come flying out of a hive.
"
0x18c06,"Hey Snake, what's that you're wearing...?
","Hey Snake, what's that you're wearing...?
"
0x18c31,"It's spider camouflage. It used to belong
to The Fear.
","It's spider camouflage. It used to belong
to The Fear.
"
0x18c69,"Is that right?
","Is that right?
"
0x18c79,"Well, it's not as good as the stuff The Fear
was wearing, but it still seems to have a
pretty decent amount of stealth capability.
","Well, it's not as good as the stuff The Fear
was wearing, but it still seems to have a
pretty decent amount of stealth capability.
"
0x18cfd,"From the looks of it, the wearer uses
stamina to power the stealth function.
","From the looks of it, the wearer uses
stamina to power the stealth function.
"
0x18d4b,"With this thing on, your Camo Index will
stay at a high level no matter where you go.
","With this thing on, your Camo Index will
stay at a high level no matter where you go.
"
0x18da2,"But if you run out of stamina, the stealth
function will stop working. Keep that in mind.
","But if you run out of stamina, the stealth
function will stop working. Keep that in mind.
"
0x18dfd,"Snake, what's that you're wearing...?
","Snake, what's that you're wearing...?
"
0x18e24,"It's moss camouflage. I got it from The End.
","It's moss camouflage. I got it from The End.
"
0x18e52,"Interesting. It seems to have part of
The End's power sealed within it.
","Interesting. It seems to have part of
The End's power sealed within it.
"
0x18e9b,"If you wear it in a place where the sun
shines, you'll automatically recover stamina.
","If you wear it in a place where the sun
shines, you'll automatically recover stamina.
"
0x18ef2,"It'll also give you a high rate of camouflage
in Svyatogornyj and Sokrovenno, The End's
home territory.
","It'll also give you a high rate of camouflage
in Svyatogornyj and Sokrovenno, The End's
home territory.
"
0x18f5b,"Snake, what's that you're wearing now...?
","Snake, what's that you're wearing now...?
"
0x18f86,"It's fire camouflage. The Fury had it on him.
","It's fire camouflage. The Fury had it on him.
"
0x18fb5,"That camouflage seems to have
fire-resistant properties.
","That camouflage seems to have
fire-resistant properties.
"
0x18fef,"When you wear it, you'll only take half
damage from flames and explosions.
You won't ever get burned, either.
","When you wear it, you'll only take half
damage from flames and explosions.
You won't ever get burned, either.
"
0x1905e,"Sounds like something The Fury would
use, all right.
","Sounds like something The Fury would
use, all right.
"
0x19094,"Eh? That's some bizarre camo you got on,
Snake...
","Eh? That's some bizarre camo you got on,
Snake...
"
0x190c7,"It's spirit camo... I think it was a gift from
The Sorrow.
","It's spirit camo... I think it was a gift from
The Sorrow.
"
0x19103,"The Sorrow? But he's been...
","The Sorrow? But he's been...
"
0x19121,"Man, I don't even want to know. Anyway,
that camouflage seems to have some kind
of special power.
","Man, I don't even want to know. Anyway,
that camouflage seems to have some kind
of special power.
"
0x19184,"When you're wearing it and grab an enemy
using CQC, you can drain stamina out of
the enemy while choking him.
","When you're wearing it and grab an enemy
using CQC, you can drain stamina out of
the enemy while choking him.
"
0x191f3,"And you won't make a sound when you
move around.
","And you won't make a sound when you
move around.
"
0x19225,"Sounds good.
","Sounds good.
"
0x19233,"...Tell me the truth. Did you really get that
from The Sorrow?
","...Tell me the truth. Did you really get that
from The Sorrow?
"
0x19273,"Yeah.
","Yeah.
"
0x1927a,"...Hell, the major says he's been abducted
by a UFO, so why not...?
","...Hell, the major says he's been abducted
by a UFO, so why not...?
"
0x192bf,"???
","???
"
0x192c4,"Snake, what kind of camo is that?
","Snake, what kind of camo is that?
"
0x192e7,"It's called Cold War.
Volgin had it with him.
","It's called Cold War.
Volgin had it with him.
"
0x19316,"Cold War camo, huh. Well, I suppose
the Soviets won't attack you from behind
when you've got that thing on.
","Cold War camo, huh. Well, I suppose
the Soviets won't attack you from behind
when you've got that thing on.
"
0x19383,"Really? You mean it's got advantages
other than being stylish?
","Really? You mean it's got advantages
other than being stylish?
"
0x193c3,"Stylish?
","Stylish?
"
0x193cd,"Yeah. Don't you think so?
","Yeah. Don't you think so?
"
0x193e8,"Ah...sure, whatever you say.
","Ah...sure, whatever you say.
"
0x19406,"Eh? That's some crazy camouflage you
got on.
","Eh? That's some crazy camouflage you
got on.
"
0x19434,"Yeah. It's snake camo.
","Yeah. It's snake camo.
"
0x1944c,"Snake? Well, I guess it does kind of suit
you.
","Snake? Well, I guess it does kind of suit
you.
"
0x1947c,"Thanks for the compliment.
","Thanks for the compliment.
"
0x19498,"...Still, it does look like pretty effective stuff.
","...Still, it does look like pretty effective stuff.
"
0x194cd,"It's a good all-purpose camo -- it should
give you a high level of cover against just
about any type of background.
","It's a good all-purpose camo -- it should
give you a high level of cover against just
about any type of background.
"
0x19542,"Snake, what is that stuff you're wearing?
","Snake, what is that stuff you're wearing?
"
0x1956d,"I dunno. It's called GA-KO camo, whatever
that means...
","I dunno. It's called GA-KO camo, whatever
that means...
"
0x195a6,"What!?
","What!?
"
0x195ae,"Para-Medic...?
","Para-Medic...?
"
0x195be,"You've never heard of GA-KO?
","You've never heard of GA-KO?
"
0x195dc,"Nope.
","Nope.
"
0x195e3,"Never.
","Never.
"
0x195eb,"You must live in a cave or something...
","You must live in a cave or something...
"
0x19614,"Well, excuse me.
","Well, excuse me.
"
0x19626,"By the way, Snake, that outfit is really
killing your Camo Index.
","By the way, Snake, that outfit is really
killing your Camo Index.
"
0x19669,"Unless you want the enemy to see you, I'd
suggest you change your clothes as...
","Unless you want the enemy to see you, I'd
suggest you change your clothes as...
"
0x196ba,"Why?
","Why?
"
0x196c0,"Why? Because his Camo Index is...
","Why? Because his Camo Index is...
"
0x196e3,"Camo Index, shmamo Index.
","Camo Index, shmamo Index.
"
0x196fe,"Hold on now....
","Hold on now....
"
0x1970f,"He's wearing the GA-KO suit.
","He's wearing the GA-KO suit.
"
0x1972d,"Why?
","Why?
"
0x19733,"Because it looks cute.
","Because it looks cute.
"
0x1974b,"Snake, talk some sense into her!
","Snake, talk some sense into her!
"
0x1976d,"What's wrong with being cute?
","What's wrong with being cute?
"
0x1978c,"...am I the only normal person around
here...?
","...am I the only normal person around
here...?
"
0x197bc,"Eh? You mean you're not wearing any
face paint?
","Eh? You mean you're not wearing any
face paint?
"
0x197ed,"You can take off your face paint by
selecting ""NO PAINT"" from ""FACE"".
","You can take off your face paint by
selecting ""NO PAINT"" from ""FACE"".
"
0x19834,"Just select ""NO PAINT"" when you want to
skip wearing any face paint at all.
","Just select ""NO PAINT"" when you want to
skip wearing any face paint at all.
"
0x19881,"But your Camo Index is never going to be
as high without face paint as it is with it.
","But your Camo Index is never going to be
as high without face paint as it is with it.
"
0x198d8,"Unless you want the enemy to see you,
you ought to be wearing face paint.
","Unless you want the enemy to see you,
you ought to be wearing face paint.
"
0x19923,"So, you're wearing woodland face paint.
","So, you're wearing woodland face paint.
"
0x1994c,"The woodland paint is most effective in
forest environments.
","The woodland paint is most effective in
forest environments.
"
0x1998a,"It'll work best if you use it when infiltrating
forest areas.
","It'll work best if you use it when infiltrating
forest areas.
"
0x199c9,"Wearing black face paint, huh?
","Wearing black face paint, huh?
"
0x199e9,"Painting your face with black paint should
give you a high rate of camouflage in dark
areas.
","Painting your face with black paint should
give you a high rate of camouflage in dark
areas.
"
0x19a47,"Wearing the water face paint, are you?
","Wearing the water face paint, are you?
"
0x19a6f,"Water face paint should be most effective
underwater.
","Water face paint should be most effective
underwater.
"
0x19aa6,"So, put it on when you want to hide in
the water.
","So, put it on when you want to hide in
the water.
"
0x19ad9,"Looks like you got your face painted in
desert color.
","Looks like you got your face painted in
desert color.
"
0x19b10,"Desert is a brown-colored face paint used
for operations in mountainous terrain as
well.
","Desert is a brown-colored face paint used
for operations in mountainous terrain as
well.
"
0x19b6a,"It should let you blend in well in mountain
and desert environments.
","It should let you blend in well in mountain
and desert environments.
"
0x19bb0,"Looks like you're using splitter face paint.
","Looks like you're using splitter face paint.
"
0x19bde,"Splitter is an indoor face paint.
","Splitter is an indoor face paint.
"
0x19c01,"Painting your face with splitter should help
you blend in better when you're infiltrating
a building.
","Painting your face with splitter should help
you blend in better when you're infiltrating
a building.
"
0x19c68,"You're wearing snow face paint.
","You're wearing snow face paint.
"
0x19c89,"Snow face paint was designed for use in
arctic operations.
","Snow face paint was designed for use in
arctic operations.
"
0x19cc5,"It's most effective against snowy
backgrounds.
","It's most effective against snowy
backgrounds.
"
0x19cf5,"Snake, what's that face paint you're
wearing?
","Snake, what's that face paint you're
wearing?
"
0x19d24,"Kabuki.
","Kabuki.
"
0x19d2d,"Kabuki?
","Kabuki?
"
0x19d36,"Right. It's used in traditional Japanese
theater. Apparently, it gives whoever's
wearing it some kind of mystical power.
","Right. It's used in traditional Japanese
theater. Apparently, it gives whoever's
wearing it some kind of mystical power.
"
0x19db0,"Get out of here.
","Get out of here.
"
0x19dc2,"That's what I heard.
","That's what I heard.
"
0x19dd8,"From who?
","From who?
"
0x19de3,"Para-Medic.
","Para-Medic.
"
0x19df0,"Figures. Well, whatever it does, it doesn't
make for very good camouflage.
","Figures. Well, whatever it does, it doesn't
make for very good camouflage.
"
0x19e3c,"Really?
","Really?
"
0x19e45,"Yeah. You should switch to another kind
of paint.
","Yeah. You should switch to another kind
of paint.
"
0x19e78,"But I was just starting to like it...
","But I was just starting to like it...
"
0x19e9f,"...
","...
"
0x19ea4,"Snake, your face paint, it's...
","Snake, your face paint, it's...
"
0x19ec5,"I know. It's called zombie.
","I know. It's called zombie.
"
0x19ee2,"Zombie? What does that mean?
","Zombie? What does that mean?
"
0x19f00,"Beats me.
","Beats me.
"
0x19f0b,"Are you serious!?
","Are you serious!?
"
0x19f1e,"Hello, Para-Medic...
","Hello, Para-Medic...
"
0x19f34,"You mean you've never heard of zombies?
","You mean you've never heard of zombies?
"
0x19f5d,"Nope.
","Nope.
"
0x19f64,"Never.
","Never.
"
0x19f6c,"You guys don't know anything.
","You guys don't know anything.
"
0x19f8b,"A zombie is a dead body that's been cursed
and brought back to life by a master of black
magic.
","A zombie is a dead body that's been cursed
and brought back to life by a master of black
magic.
"
0x19fec,"Supposedly, they revive the dead and use
them as slaves.
","Supposedly, they revive the dead and use
them as slaves.
"
0x1a026,"It's also seen as a kind of punishment -
people who commit terrible crimes can be
forced to labor even after they're dead.
","It's also seen as a kind of punishment -
people who commit terrible crimes can be
forced to labor even after they're dead.
"
0x1a0a2,"Interesting... how do you know all this
stuff?
","Interesting... how do you know all this
stuff?
"
0x1a0d2,"I saw it in movies.
","I saw it in movies.
"
0x1a0e7,"Like ""White Zombie."" Never seen it?
","Like ""White Zombie."" Never seen it?
"
0x1a10c,"Nope.
","Nope.
"
0x1a113,"Can't say I have.
","Can't say I have.
"
0x1a126,"How about ""Plan 9 from Outer Space""?
","How about ""Plan 9 from Outer Space""?
"
0x1a14c,"No.
","No.
"
0x1a151,"Missed it.
","Missed it.
"
0x1a15d,"You can't just focus on the things you like all
the time. You have to expand your horizons,
try new things. You guys need to get out more.
","You can't just focus on the things you like all
the time. You have to expand your horizons,
try new things. You guys need to get out more.
"
0x1a1e9,"...
","...
"
0x1a1ee,"...Yeah, well, anyway, that face paint
doesn't look all that useful.
","...Yeah, well, anyway, that face paint
doesn't look all that useful.
"
0x1a234,"Go ahead and wear it if you want,
but I think you should change to...
","Go ahead and wear it if you want,
but I think you should change to...
"
0x1a27b,"You don't need to change anything.
","You don't need to change anything.
"
0x1a29f,"Why not?
","Why not?
"
0x1a2a9,"It makes him look awesome.
","It makes him look awesome.
"
0x1a2c5,"...
","...
"
0x1a2ca,"Doesn't it?
","Doesn't it?
"
0x1a2d7,"Look, arguing about it isn't going to get
us anywhere. Snake, you do whatever
you want.
","Look, arguing about it isn't going to get
us anywhere. Snake, you do whatever
you want.
"
0x1a330,"It does makes you look cool!
","It does makes you look cool!
"
0x1a34e,"Snake, what's with that face paint...?
","Snake, what's with that face paint...?
"
0x1a376,"It's called Oyama.
","It's called Oyama.
"
0x1a38a,"Oyama?
","Oyama?
"
0x1a392,"Yeah. It's the name of an androgynous
Japanese deity.
","Yeah. It's the name of an androgynous
Japanese deity.
"
0x1a3c9,"Are you serious?
","Are you serious?
"
0x1a3db,"That's what I heard.
","That's what I heard.
"
0x1a3f1,"From who?
","From who?
"
0x1a3fc,"Para-Medic.
","Para-Medic.
"
0x1a409,"...Nevermind.
","...Nevermind.
"
0x1a418,"In any case, that face paint doesn't seem
to work very well. Your Camo Index is way
down.
","In any case, that face paint doesn't seem
to work very well. Your Camo Index is way
down.
"
0x1a473,"Unless you want the enemy to see you,
I'd change to something else.
","Unless you want the enemy to see you,
I'd change to something else.
"
0x1a4b8,"Oh... OK...
","Oh... OK...
"
0x1a4c5,"Let me guess. You were just getting to
like it.
","Let me guess. You were just getting to
like it.
"
0x1a4f6,"It kind of grew on me...
","It kind of grew on me...
"
0x1a510,"...Fine. Get yourself shot.
","...Fine. Get yourself shot.
"
0x1a52d,"Ah, you're wearing the mask.
","Ah, you're wearing the mask.
"
0x1a54b,"I made it myself. Pretty good work,
don't you think?
","I made it myself. Pretty good work,
don't you think?
"
0x1a581,"A while back they were planning to disguise
someone as this one GRU officer and send
them in to steal some secret documents.
","A while back they were planning to disguise
someone as this one GRU officer and send
them in to steal some secret documents.
"
0x1a5ff,"I created the mask for that operation.
","I created the mask for that operation.
"
0x1a627,"But then the mission ended up being
canceled...
","But then the mission ended up being
canceled...
"
0x1a658,"And then the major came and told me to
throw it out? Can you believe that guy?
","And then the major came and told me to
throw it out? Can you believe that guy?
"
0x1a6a8,"But you didn't throw it out.
","But you didn't throw it out.
"
0x1a6c6,"Are you kidding? Tossing a superior quality
product like that into the garbage without
using it would be an insult to science.
","Are you kidding? Tossing a superior quality
product like that into the garbage without
using it would be an insult to science.
"
0x1a746,"So I decided to use it to hide your face from
the crew of the gunship during the Virtuous
Mission.
","So I decided to use it to hide your face from
the crew of the gunship during the Virtuous
Mission.
"
0x1a7aa,"So I decided to sneak it into your gear.
","So I decided to sneak it into your gear.
"
0x1a7d4,"OK... but is it really that big of a deal?
","OK... but is it really that big of a deal?
"
0x1a800,"Of course it is.
","Of course it is.
"
0x1a812,"What's so great about it?
","What's so great about it?
"
0x1a82d,"Everything.
","Everything.
"
0x1a83a,"But if I had to pick one reason, I'd have to
say it's because it's the first mask ever that
can blink its eyes.
","But if I had to pick one reason, I'd have to
say it's because it's the first mask ever that
can blink its eyes.
"
0x1a8ab,"What about the lips?
","What about the lips?
"
0x1a8c1,"What's that?
","What's that?
"
0x1a8cf,"Can it open its mouth?
","Can it open its mouth?
"
0x1a8e7,"Ha ha ha! That's a good one, Snake.
You're crazy, man.
","Ha ha ha! That's a good one, Snake.
You're crazy, man.
"
0x1a91f,"I'm serious...
","I'm serious...
"
0x1a92f,"Are you even listening to me, Snake?
Where's your common sense!? Damn!
","Are you even listening to me, Snake?
Where's your common sense!? Damn!
"
0x1a977,"S... sorry...????
","S... sorry...????
"
0x1a98a,"You know that army motorcycle that EVA
was riding? That's a replica of a German
model.
","You know that army motorcycle that EVA
was riding? That's a replica of a German
model.
"
0x1a9e2,"A replica?
","A replica?
"
0x1a9ee,"Yeah.
","Yeah.
"
0x1a9f5,"After World War II, the Soviets confiscated
an entire assembly line from a German
motorcycle factory - machines and all.
","After World War II, the Soviets confiscated
an entire assembly line from a German
motorcycle factory - machines and all.
"
0x1aa6f,"And then they took it back with them and
started producing replicas?
","And then they took it back with them and
started producing replicas?
"
0x1aab5,"Exactly. Originally, that motorcycle was
designed to be used with a sidecar attached.
","Exactly. Originally, that motorcycle was
designed to be used with a sidecar attached.
"
0x1ab0c,"That means it's got enough power to drag
a 200-plus pound sidecar around.
","That means it's got enough power to drag
a 200-plus pound sidecar around.
"
0x1ab57,"So that's how she could pull off all those
crazy stunts.
","So that's how she could pull off all those
crazy stunts.
"
0x1ab91,"Mm-hmm. Of course, it takes a lot of skill
to be able to control that much power.
That EVA chick is something else.
","Mm-hmm. Of course, it takes a lot of skill
to be able to control that much power.
That EVA chick is something else.
"
0x1ac06,"Snake, you said EVA said her Mauser was
a Type 17, right?
","Snake, you said EVA said her Mauser was
a Type 17, right?
"
0x1ac41,"Yeah. What about it?
","Yeah. What about it?
"
0x1ac57,"That model was produced in the 1920's in
a weapons lab in the Shanxi Province in
China.
","That model was produced in the 1920's in
a weapons lab in the Shanxi Province in
China.
"
0x1acb0,"The cartridge part sticks out lower than the
original to accommodate .45 caliber rounds.
","The cartridge part sticks out lower than the
original to accommodate .45 caliber rounds.
"
0x1ad0a,"The barrel and chamber are a little bit
thicker, too.
","The barrel and chamber are a little bit
thicker, too.
"
0x1ad41,"But most telling of all, it's got Chinese
characters engraved on both sides of the
frame, like you saw.
","But most telling of all, it's got Chinese
characters engraved on both sides of the
frame, like you saw.
"
0x1adaa,"And that firing stance EVA was talking about
where you hold the gun horizontally - that's a
trademark of the Chinese.
","And that firing stance EVA was talking about
where you hold the gun horizontally - that's a
trademark of the Chinese.
"
0x1ae21,"Just like you were saying, when you're
firing in full-auto mode, the muzzle-jump
effect gives you a horizontal strafing motion.
","Just like you were saying, when you're
firing in full-auto mode, the muzzle-jump
effect gives you a horizontal strafing motion.
"
0x1aea2,"They say it's especially deadly in indoor and
close range mop-up actions.
","They say it's especially deadly in indoor and
close range mop-up actions.
"
0x1aeed,"The Japanese called it ""Bandit Shooting""
and used to dread it.
","The Japanese called it ""Bandit Shooting""
and used to dread it.
"
0x1af2d,"Makes you wonder where she learned to shoot
like that.
","Makes you wonder where she learned to shoot
like that.
"
0x1af65,"The Davy Crocketts that The Boss took with
her when she defected are mortars that fire
nuclear warheads.
","The Davy Crocketts that The Boss took with
her when she defected are mortars that fire
nuclear warheads.
"
0x1afcf,"They're named after Davy Crockett, the hero
who died defending the Alamo in the Texan
War of Independence.
","They're named after Davy Crockett, the hero
who died defending the Alamo in the Texan
War of Independence.
"
0x1b03b,"""Remember the Alamo.""
","""Remember the Alamo.""
"
0x1b052,"That's right.
","That's right.
"
0x1b061,"The warheads are equivalent to between
10 and 20 tons of TNT.
","The warheads are equivalent to between
10 and 20 tons of TNT.
"
0x1b0a0,"Every building within 150 yards of the
hypocenter is completely obliterated.
","Every building within 150 yards of the
hypocenter is completely obliterated.
"
0x1b0ee,"But the warheads The Boss had with her were
some kind of experimental super-bomb. So
they're actually even more powerful than that.
","But the warheads The Boss had with her were
some kind of experimental super-bomb. So
they're actually even more powerful than that.
"
0x1b173,"I don't even want to think about what'd
happen if she used it again.
","I don't even want to think about what'd
happen if she used it again.
"
0x1b1b9,"Snake, you know what you have to do...
","Snake, you know what you have to do...
"
0x1b1e1,"Yeah... I know.
","Yeah... I know.
"
0x1b1f2,"Tell me something, Sigint...
","Tell me something, Sigint...
"
0x1b210,"What's that?
","What's that?
"
0x1b21e,"What does ""Sigint"" mean, anyway?
","What does ""Sigint"" mean, anyway?
"
0x1b240,"It's short for ""Signal Intelligence.""
","It's short for ""Signal Intelligence.""
"
0x1b267,"Signal Intelligence?
","Signal Intelligence?
"
0x1b27d,"The part of intelligence that deals with
electronic information.
","The part of intelligence that deals with
electronic information.
"
0x1b2bf,"Things like intercepting and analyzing
electronic communications,
","Things like intercepting and analyzing
electronic communications,
"
0x1b302,"determining enemy force strength and
positioning from radar emissions and radio
chatter - you get the idea.
","determining enemy force strength and
positioning from radar emissions and radio
chatter - you get the idea.
"
0x1b36f,"Codebreaking is considered part of SIGINT
as well.
","Codebreaking is considered part of SIGINT
as well.
"
0x1b3a3,"40 years from now, we'll be in the age of
electronic warfare.
","40 years from now, we'll be in the age of
electronic warfare.
"
0x1b3e2,"It won't be long before information replaces
firepower as the most valuable commodity
on the battlefield.
","It won't be long before information replaces
firepower as the most valuable commodity
on the battlefield.
"
0x1b44d,"So you're saying they won't need guys
like me anymore?
","So you're saying they won't need guys
like me anymore?
"
0x1b485,"Sorry to break it to you, but that's not
gonna happen.
","Sorry to break it to you, but that's not
gonna happen.
"
0x1b4bd,"No matter how advanced our technology
gets, there's still no substitute for human
beings.
","No matter how advanced our technology
gets, there's still no substitute for human
beings.
"
0x1b518,"...
","...
"
0x1b51d,"Anyway, the major is a man of foresight.
He knew the electronic age was coming,
and so he called out to me.
","Anyway, the major is a man of foresight.
He knew the electronic age was coming,
and so he called out to me.
"
0x1b58a,"And you responded.
","And you responded.
"
0x1b59e,"Well, I didn't have anyplace else to go.
","Well, I didn't have anyplace else to go.
"
0x1b5c8,"You couldn't find a job?
","You couldn't find a job?
"
0x1b5e2,"Nope. None of the places where they do
this kind of high-tech research would even
let me in the door.
","Nope. None of the places where they do
this kind of high-tech research would even
let me in the door.
"
0x1b649,"Why not? I know you've got social
problems, but...
","Why not? I know you've got social
problems, but...
"
0x1b67d,"Come again?
","Come again?
"
0x1b68a,"Nothing. I mean, someone with your talent
ought to be able to...
","Nothing. I mean, someone with your talent
ought to be able to...
"
0x1b6cc,"Yeah, well, maybe it had something to do
with the fact that I'm black.
","Yeah, well, maybe it had something to do
with the fact that I'm black.
"
0x1b714,"...
","...
"
0x1b719,"The major, though, he doesn't care about what
color you are. I've never met anyone like him
before. He's... different, you know?
","The major, though, he doesn't care about what
color you are. I've never met anyone like him
before. He's... different, you know?
"
0x1b79b,"Oh, yeah, I know.
","Oh, yeah, I know.
"
0x1b7ae,"I don't think racism's going to go away
even in the 21st century.
","I don't think racism's going to go away
even in the 21st century.
"
0x1b7f1,"But I want to work with computers and use
them to bring people closer together.
","But I want to work with computers and use
them to bring people closer together.
"
0x1b842,"In the digital world, it doesn't matter whether
you're black or white, American or Russian,
or whatever.
","In the digital world, it doesn't matter whether
you're black or white, American or Russian,
or whatever.
"
0x1b8ac,"Everybody's going to be the same.
That's what I think.
","Everybody's going to be the same.
That's what I think.
"
0x1b8e4,"I see you have the bug juice equipped.
","I see you have the bug juice equipped.
"
0x1b90c,"It's useful for keeping the bugs away.
","It's useful for keeping the bugs away.
"
0x1b934,"If you open the Item Window and press
the Enter Button,
","If you open the Item Window and press
the Enter Button,
"
0x1b96d,"you'll be able to keep the nasty critters like
hornets and leeches at bay for a brief
period of time. Use it well!
","you'll be able to keep the nasty critters like
hornets and leeches at bay for a brief
period of time. Use it well!
"
0x1b9e1,"Yo! You're Snake aren't you?
","Yo! You're Snake aren't you?
"
0x1b9ff,"And you're Sigint?
","And you're Sigint?
"
0x1ba13,"None other.
","None other.
"
0x1ba20,"I heard that you are an expert on weapons,
equipment and cutting-edge technology.
","I heard that you are an expert on weapons,
equipment and cutting-edge technology.
"
0x1ba73,"Close...
","Close...
"
0x1ba7d,"?
","?
"
0x1ba80,"I am THE expert on weapons, equipment
and cutting-edge technology.
","I am THE expert on weapons, equipment
and cutting-edge technology.
"
0x1bac4,"...
","...
"
0x1bac9,"I'm the guy that designed your tranq. gun,
active sonar, and motion detector.
","I'm the guy that designed your tranq. gun,
active sonar, and motion detector.
"
0x1bb18,"If you want to know anything about weapons
or equipment you find in the field, just SEND
me a message and ask. Later!
","If you want to know anything about weapons
or equipment you find in the field, just SEND
me a message and ask. Later!
"
0x1bb8f,"Sigint.
","Sigint.
"
0x1bb98,"What's up?
","What's up?
"
0x1bba4,"The chopper we were talking about is
parked at the heliport.
","The chopper we were talking about is
parked at the heliport.
"
0x1bbe2,"The one that was hauling the Shagohod in
the Virtuous Mission?
","The one that was hauling the Shagohod in
the Virtuous Mission?
"
0x1bc22,"Yeah.
","Yeah.
"
0x1bc29,"Sigint, the chopper we were talking about
is flying around...
","Sigint, the chopper we were talking about
is flying around...
"
0x1bc68,"The one at the heliport?
","The one at the heliport?
"
0x1bc82,"Yeah.
","Yeah.
"
0x1bc89,"Tes tenues à motifs, ta peinture sur le visage,
tes mouvements tactiques:
","Tes tenues à motifs, ta peinture sur le visage,
tes mouvements tactiques:
"
0x1bcd5,"tout ça fait partie de ton camouflage et te
servira à mieux tromper l'ennemi.
","tout ça fait partie de ton camouflage et te
servira à mieux tromper l'ennemi.
"
0x1bd26,"Pour te camoufler, appuie d'abord sur la
touche START pour afficher le Visualiseur de
survie.
","Pour te camoufler, appuie d'abord sur la
touche START pour afficher le Visualiseur de
survie.
"
0x1bd85,"Puis sélectionne CAMOUFLAGE. Tu auras le
choix entre 2 options: VISAGE et UNIFORME.
","Puis sélectionne CAMOUFLAGE. Tu auras le
choix entre 2 options: VISAGE et UNIFORME.
"
0x1bddb,"Choisis VISAGE pour mettre de la peinture sur
le visage et UNIFORME pour changer
d'uniforme. Jusqu'ici, c'est simple.
","Choisis VISAGE pour mettre de la peinture sur
le visage et UNIFORME pour changer
d'uniforme. Jusqu'ici, c'est simple.
"
0x1be52,"Fais attention de bien choisir ce qui
correspond à ton environnement.
","Fais attention de bien choisir ce qui
correspond à ton environnement.
"
0x1be9a,"Ton uniforme sur le terrain, ce n'est pas
simplement une tenue.
","Ton uniforme sur le terrain, ce n'est pas
simplement une tenue.
"
0x1bedb,"Pour un camouflage optimal, choisis celui qui
correspond à ton environnement.
","Pour un camouflage optimal, choisis celui qui
correspond à ton environnement.
"
0x1bf2b,"Où que tu sois, choisis un camouflage qui
s'intègre à ton environnement.
","Où que tu sois, choisis un camouflage qui
s'intègre à ton environnement.
"
0x1bf78,"Choisir une bonne tenue, c'est bien, mais un
visage nu trahirait même la meilleure tenue
de camouflage.
","Choisir une bonne tenue, c'est bien, mais un
visage nu trahirait même la meilleure tenue
de camouflage.
"
0x1bfe2,"Si la situation requiert un indice de camouflage
élevé, mets de la peinture sur ton visage.
","Si la situation requiert un indice de camouflage
élevé, mets de la peinture sur ton visage.
"
0x1c041,"Pour mettre de la peinture, sélectionne
VISAGE dans le menu CAMOUFLAGE du
Visualiseur de survie.
","Pour mettre de la peinture, sélectionne
VISAGE dans le menu CAMOUFLAGE du
Visualiseur de survie.
"
0x1c0a4,"Ensuite, choisis une peinture qui s'intègre à
ton environnement.
","Ensuite, choisis une peinture qui s'intègre à
ton environnement.
"
0x1c0e8,"L'indice de camouflage, en haut à droite de
l'écran, t'indique si ton camouflage est
efficace.
","L'indice de camouflage, en haut à droite de
l'écran, t'indique si ton camouflage est
efficace.
"
0x1c14a,"Plus cet indice est élevé, plus l'ennemi aura du
mal à te repérer.
","Plus cet indice est élevé, plus l'ennemi aura du
mal à te repérer.
"
0x1c192,"Essaie de garder un indice de camouflage le
plus élevé possible.
","Essaie de garder un indice de camouflage le
plus élevé possible.
"
0x1c1d6,"Tu as ton uniforme et ta peinture, mais tout ça
ne suffit pas à faire un bon camouflage.
","Tu as ton uniforme et ta peinture, mais tout ça
ne suffit pas à faire un bon camouflage.
"
0x1c232,"Se camoufler, ça veut dire se confondre avec
la nature.
","Se camoufler, ça veut dire se confondre avec
la nature.
"
0x1c26c,"Pour compléter ton camouflage, garde le profil
bas et évite les mouvements brusques.
","Pour compléter ton camouflage, garde le profil
bas et évite les mouvements brusques.
"
0x1c2c4,"Tant que tu as ton uniforme et ta peinture sur
le visage
","Tant que tu as ton uniforme et ta peinture sur
le visage
"
0x1c2fe,"et que tu restes sans bouger à ras du sol, tu
ne risques pas de te faire remarquer à
distance.
","et que tu restes sans bouger à ras du sol, tu
ne risques pas de te faire remarquer à
distance.
"
0x1c360,"Par contre, ton camouflage ne servira à rien si
tu fais le zouave devant ton ennemi.
","Par contre, ton camouflage ne servira à rien si
tu fais le zouave devant ton ennemi.
"
0x1c3b7,"Donc si l'ennemi te recherche et qu'il
s'approche un peu trop près de toi, reste à ras
du sol pendant un moment.
","Donc si l'ennemi te recherche et qu'il
s'approche un peu trop près de toi, reste à ras
du sol pendant un moment.
"
0x1c42b,"Quand tu trouves une nouvelle arme ou un
nouvel équipement, tu le mets dans ton sac à
dos, pas vrai?
","Quand tu trouves une nouvelle arme ou un
nouvel équipement, tu le mets dans ton sac à
dos, pas vrai?
"
0x1c493,"Mais toutes tes trouvailles ne te serviront à
rien dans ton sac à dos.
","Mais toutes tes trouvailles ne te serviront à
rien dans ton sac à dos.
"
0x1c4dd,"Pour utiliser une arme ou un équipement,
sors-le d'abord de ton sac à dos et porte-le sur
toi.
","Pour utiliser une arme ou un équipement,
sors-le d'abord de ton sac à dos et porte-le sur
toi.
"
0x1c53f,"Pour sortir un objet de ton sac à dos, utilise
l'option SAC A DOS du Visualiseur de survie.
","Pour sortir un objet de ton sac à dos, utilise
l'option SAC A DOS du Visualiseur de survie.
"
0x1c59d,"Pour porter une arme sur toi, sélectionne
ARME dans le menu SAC A DOS du
Visualiseur de survie.
","Pour porter une arme sur toi, sélectionne
ARME dans le menu SAC A DOS du
Visualiseur de survie.
"
0x1c5ff,"Tu vois cette fenêtre à gauche? C'est la
liste de toutes les armes que tu possèdes.
","Tu vois cette fenêtre à gauche? C'est la
liste de toutes les armes que tu possèdes.
"
0x1c657,"Choisis une arme à porter dans cette liste et
appuie sur la touche Entrée pour la sortir de
ton sac à dos.
","Choisis une arme à porter dans cette liste et
appuie sur la touche Entrée pour la sortir de
ton sac à dos.
"
0x1c6c6,"Rappelle-toi que tu ne portes sur toi qu'un
nombre d'objets limité.
","Rappelle-toi que tu ne portes sur toi qu'un
nombre d'objets limité.
"
0x1c70c,"Range donc tous les trucs inutiles dans ton
sac à dos.
","Range donc tous les trucs inutiles dans ton
sac à dos.
"
0x1c745,"Pour remettre un objet dans ton sac à dos,
","Pour remettre un objet dans ton sac à dos,
"
0x1c772,"choisis une arme que tu es déjà en train de
porter dans la liste des armes et appuie sur la
touche Entrée.
","choisis une arme que tu es déjà en train de
porter dans la liste des armes et appuie sur la
touche Entrée.
"
0x1c7e1,"Tu peux aussi aligner l'icône de l'arme que
tu veux ranger avec celle en bas à droite et
appuyer sur la touche Entrée.
","Tu peux aussi aligner l'icône de l'arme que
tu veux ranger avec celle en bas à droite et
appuyer sur la touche Entrée.
"
0x1c85c,"Utilise la méthode que tu préfères.
","Utilise la méthode que tu préfères.
"
0x1c884,"N'oublie pas que tes armes et tes équipements
sont lourds à porter.
","N'oublie pas que tes armes et tes équipements
sont lourds à porter.
"
0x1c8cb,"Plus ce que tu portes sur toi sera lourd, plus
vite tu consommeras de l'endurance.
","Plus ce que tu portes sur toi sera lourd, plus
vite tu consommeras de l'endurance.
"
0x1c91f,"Tu peux voir le poids de ton équipement en
retournant à l'écran SAC A DOS dans le
Visualiseur de survie.
","Tu peux voir le poids de ton équipement en
retournant à l'écran SAC A DOS dans le
Visualiseur de survie.
"
0x1c98c,"Si tu veux économiser de l'endurance, essaie
de ranger dans ton sac à dos les équipements
que tu n'utilises pas.
","Si tu veux économiser de l'endurance, essaie
de ranger dans ton sac à dos les équipements
que tu n'utilises pas.
"
0x1ca01,"Quand tu utilises le fusil d'assaut, appuie sur
la touche Arme pour le tenir au niveau de la
taille.
","Quand tu utilises le fusil d'assaut, appuie sur
la touche Arme pour le tenir au niveau de la
taille.
"
0x1ca67,"C'est pratique si tu dois vite sauter au milieu
des ennemis. Mais difficile de viser juste dans
cette position.
","C'est pratique si tu dois vite sauter au milieu
des ennemis. Mais difficile de viser juste dans
cette position.
"
0x1cad8,"Si tu veux viser avec plus de précision, par ex.
quand tu veux tirer sur des points vitaux à
distance, utilise plutôt la touche Viser.
","Si tu veux viser avec plus de précision, par ex.
quand tu veux tirer sur des points vitaux à
distance, utilise plutôt la touche Viser.
"
0x1cb63,"Equipe-toi de l'arme en Observation à la
première personne et appuie sur la touche
Viser pour viser au niveau de l'épaule.
","Equipe-toi de l'arme en Observation à la
première personne et appuie sur la touche
Viser pour viser au niveau de l'épaule.
"
0x1cbe2,"Tu pourras viser avec précision avec les
visées avant et arrière.
","Tu pourras viser avec précision avec les
visées avant et arrière.
"
0x1cc28,"Lorsque tu te concentres sur ta cible, tu auras
la même précision que si tu faisais un zoom
avant.
","Lorsque tu te concentres sur ta cible, tu auras
la même précision que si tu faisais un zoom
avant.
"
0x1cc8e,"Lorsque tu tires plusieurs fois de suite avec
une arme comme le fusil d'assaut, le recul de
l'arme te fera dévier de ta cible.
","Lorsque tu tires plusieurs fois de suite avec
une arme comme le fusil d'assaut, le recul de
l'arme te fera dévier de ta cible.
"
0x1cd0f,"Si tu te mets accroupi ou au sol, tu n'auras
pas ce problème de recul et tes tirs seront plus
précis.
","Si tu te mets accroupi ou au sol, tu n'auras
pas ce problème de recul et tes tirs seront plus
précis.
"
0x1cd78,"Alors si tu dois tirer en plein dans le mille,
rapproche-toi du sol pour tirer.
","Alors si tu dois tirer en plein dans le mille,
rapproche-toi du sol pour tirer.
"
0x1cdc9,"Tu es en mission d'infiltration en solitaire. Ton
succès dépend de ta capacité à survivre.
","Tu es en mission d'infiltration en solitaire. Ton
succès dépend de ta capacité à survivre.
"
0x1ce29,"C'est là que ton Visualiseur de survie entre en
jeu.
","C'est là que ton Visualiseur de survie entre en
jeu.
"
0x1ce60,"Le Visualiseur de survie contient tout ce dont
tu as besoin pour survivre sur le terrain.
","Le Visualiseur de survie contient tout ce dont
tu as besoin pour survivre sur le terrain.
"
0x1cebb,"Utilise CAMOUFLAGE pour changer de
camouflage et SAC A DOS pour sélectionner
ton équipement.
","Utilise CAMOUFLAGE pour changer de
camouflage et SAC A DOS pour sélectionner
ton équipement.
"
0x1cf1b,"Utilise NOURRITURE pour manger, GUERIR
pour guérir tes blessures et CARTE pour
afficher une carte de la région.
","Utilise NOURRITURE pour manger, GUERIR
pour guérir tes blessures et CARTE pour
afficher une carte de la région.
"
0x1cf8e,"Avec OPTIONS, tu pourras changer les
réglages en fonction de tes préférences
personnelles.
","Avec OPTIONS, tu pourras changer les
réglages en fonction de tes préférences
personnelles.
"
0x1cfed,"Tu as compris?
","Tu as compris?
"
0x1cffd,"Il paraît que tu as combattu les troupes du
KGB pendant la Mission Vertueuse. Cette
fois-ci, tu affronteras les Spetsnaz.
","Il paraît que tu as combattu les troupes du
KGB pendant la Mission Vertueuse. Cette
fois-ci, tu affronteras les Spetsnaz.
"
0x1d079,"Les Spetsnaz sont des forces spéciales du
GRU, les renseignements généraux du
ministère de la défense soviétique.
","Les Spetsnaz sont des forces spéciales du
GRU, les renseignements généraux du
ministère de la défense soviétique.
"
0x1d0f2,"Les Spetsnaz subissent un entraînement
rigoureux pour tous types d'opérations:
assassinats, démolitions, espionnage, etc.
","Les Spetsnaz subissent un entraînement
rigoureux pour tous types d'opérations:
assassinats, démolitions, espionnage, etc.
"
0x1d170,"Et en plus, Volgin est plein aux as. Son unité
est l'une des mieux équipées de toute l'Union
Soviétique, pour ne pas dire LA mieux équipée.
","Et en plus, Volgin est plein aux as. Son unité
est l'une des mieux équipées de toute l'Union
Soviétique, pour ne pas dire LA mieux équipée.
"
0x1d203,"Il paraît que les ennemis que tu as
rencontrés en Mission Vertueuse ne portaient
que des armes comme des AK ou des
grenades.
","Il paraît que les ennemis que tu as
rencontrés en Mission Vertueuse ne portaient
que des armes comme des AK ou des
grenades.
"
0x1d283,"Eh bien, les choses vont se corser.
","Eh bien, les choses vont se corser.
"
0x1d2a8,"En plus des AK, certaines patrouilles que tu
vas rencontrer sont équipées de mitraillettes et
de fusils Scorpion.
","En plus des AK, certaines patrouilles que tu
vas rencontrer sont équipées de mitraillettes et
de fusils Scorpion.
"
0x1d31d,"Le Scorpion est plus léger qu'un AK, et donc
plus facile à manipuler.
","Le Scorpion est plus léger qu'un AK, et donc
plus facile à manipuler.
"
0x1d366,"En gros, un mec avec un Scorpion aura
beaucoup moins de chances de te rater
qu'avec un AK.
","En gros, un mec avec un Scorpion aura
beaucoup moins de chances de te rater
qu'avec un AK.
"
0x1d3c2,"Le fusil Scorpion est une arme redoutable.
","Le fusil Scorpion est une arme redoutable.
"
0x1d3ee,"Une seule balle suffirait à te mettre au sol et
tu serais sérieusement blessé. Alors mec, fais
gaffe.
","Une seule balle suffirait à te mettre au sol et
tu serais sérieusement blessé. Alors mec, fais
gaffe.
"
0x1d458,"Hé Snake, tu te souviens... quand tu avais
taillé le manche de ce calibre .45 à l'usine
désaffectée?
","Hé Snake, tu te souviens... quand tu avais
taillé le manche de ce calibre .45 à l'usine
désaffectée?
"
0x1d4c3,"Ouais.
","Ouais.
"
0x1d4cb,"Je n'ai jamais entendu parler d'un truc pareil.
Pourquoi personnaliser ton manche?
","Je n'ai jamais entendu parler d'un truc pareil.
Pourquoi personnaliser ton manche?
"
0x1d51f,"Pour pouvoir y mettre un couteau.
","Pour pouvoir y mettre un couteau.
"
0x1d542,"Un couteau? Tu veux garder à portée de ta
main ton couteau et ton fusil?
","Un couteau? Tu veux garder à portée de ta
main ton couteau et ton fusil?
"
0x1d58e,"Ouais, c'est un peu ça.
","Ouais, c'est un peu ça.
"
0x1d5a8,"Pourquoi tu veux faire ça?
","Pourquoi tu veux faire ça?
"
0x1d5c5,"Des fois, un couteau est plus efficace en
combat rapproché.
","Des fois, un couteau est plus efficace en
combat rapproché.
"
0x1d603,"Alors je m'équipe des deux à la fois. Comme
ça, je peux passer de l'un à l'autre en un
instant.
","Alors je m'équipe des deux à la fois. Comme
ça, je peux passer de l'un à l'autre en un
instant.
"
0x1d668,"Punaise... Alors c'est ça...
","Punaise... Alors c'est ça...
"
0x1d687,"... le CQC, ouais.
","... le CQC, ouais.
"
0x1d69b,"Snake, fais gaffe à toi. Cette zone est truffée
de clapets.
","Snake, fais gaffe à toi. Cette zone est truffée
de clapets.
"
0x1d6da,"Un clapet est un type de système d'alarme
utilisé pour localiser les intrus.
","Un clapet est un type de système d'alarme
utilisé pour localiser les intrus.
"
0x1d72a,"Ce sont des cordes tendues au sol et
auxquelles on a attaché des boîtes de
conserve vides.
","Ce sont des cordes tendues au sol et
auxquelles on a attaché des boîtes de
conserve vides.
"
0x1d788,"Si on fait bouger la corde, les boîtes
s'entrechoquent en faisant beaucoup de bruit.
","Si on fait bouger la corde, les boîtes
s'entrechoquent en faisant beaucoup de bruit.
"
0x1d7df,"Les ennemis entreront probablement en phase
de Prudence. Ils viendront te chercher à
l'endroit où la corde a bougé.
","Les ennemis entreront probablement en phase
de Prudence. Ils viendront te chercher à
l'endroit où la corde a bougé.
"
0x1d857,"Si tu penses que des clapets ont été posés
quelque part, fais attention où tu marches. Si
tu vois une corde, arrête-toi et trouve un
autre chemin.
","Si tu penses que des clapets ont été posés
quelque part, fais attention où tu marches. Si
tu vois une corde, arrête-toi et trouve un
autre chemin.
"
0x1d8f0,"Si c'est trop compliqué, essaie de rouler par
dessus.
","Si c'est trop compliqué, essaie de rouler par
dessus.
"
0x1d928,"Si par malchance, tu déclenches un clapet, tu
ferais bien de filer avant que les ennemis ne
rappliquent.
","Si par malchance, tu déclenches un clapet, tu
ferais bien de filer avant que les ennemis ne
rappliquent.
"
0x1d993,"Bien sûr, ces clapets sont déjà démodés. Au
XXIe siècle, ils seront tous remplacés par des
capteurs à infrarouges.
","Bien sûr, ces clapets sont déjà démodés. Au
XXIe siècle, ils seront tous remplacés par des
capteurs à infrarouges.
"
0x1da0f,"A infrarouges?
","A infrarouges?
"
0x1da1f,"Ouais. A la place d'une corde, un rayon de
lumière invisible déclenchera une alarme si on
passe devant.
","Ouais. A la place d'une corde, un rayon de
lumière invisible déclenchera une alarme si on
passe devant.
"
0x1da8a,"Et ça sera impossible d'éviter ces trucs-là.
","Et ça sera impossible d'éviter ces trucs-là.
"
0x1dabb,"Ou peut-être pas. Chaque fois que quelqu'un
invente un piège, un autre invente un moyen
de les contourner.
","Ou peut-être pas. Chaque fois que quelqu'un
invente un piège, un autre invente un moyen
de les contourner.
"
0x1db29,"Et c'est généralement de façon bien moins
high-tech que le piège en question.
","Et c'est généralement de façon bien moins
high-tech que le piège en question.
"
0x1db7c,"Après tout, la meilleure technologie est inutile
si vous ne savez pas l'utiliser.
","Après tout, la meilleure technologie est inutile
si vous ne savez pas l'utiliser.
"
0x1dbd0,"On dirait que les noms des membres de l'unité
Cobra dérivent des différentes émotions qu'ils
expriment au combat.
","On dirait que les noms des membres de l'unité
Cobra dérivent des différentes émotions qu'ils
expriment au combat.
"
0x1dc47,"Des émotions?
","Des émotions?
"
0x1dc57,"Ouais.
","Ouais.
"
0x1dc5f,"Pour une douleur insoutenable, The Pain.
","Pour une douleur insoutenable, The Pain.
"
0x1dc89,"Pour l'oubli éternel, The End.
","Pour l'oubli éternel, The End.
"
0x1dcaa,"Pour la colère infinie, The Fury.
","Pour la colère infinie, The Fury.
"
0x1dcce,"Pour la terreur absolue, The Fear.
","Pour la terreur absolue, The Fear.
"
0x1dcf2,"Pour la joie suprême, The Joy.
","Pour la joie suprême, The Joy.
"
0x1dd13,"The Joy?
","The Joy?
"
0x1dd1d,"C'est l'autre nom de The Boss. En raison de la
joie qu'elle éprouve au combat, j'imagine.
","C'est l'autre nom de The Boss. En raison de la
joie qu'elle éprouve au combat, j'imagine.
"
0x1dd79,"...
","...
"
0x1dd7e,"Pendant la guerre, elle avait un partenaire du
nom de The Sorrow. Sorrow et Joy. La joie et
la peine, un couple parfait, pour ainsi dire.
","Pendant la guerre, elle avait un partenaire du
nom de The Sorrow. Sorrow et Joy. La joie et
la peine, un couple parfait, pour ainsi dire.
"
0x1de09,"L'Ordre de Lénine dont Granin parlait est la
récompense la plus prestigieuse de l'Union
Soviétique.
","L'Ordre de Lénine dont Granin parlait est la
récompense la plus prestigieuse de l'Union
Soviétique.
"
0x1de71,"Il est attribué aux individus, aux organisations
et aux villes ayant réalisé des choses
exceptionnelles dans les domaines de la
guerre,
","Il est attribué aux individus, aux organisations
et aux villes ayant réalisé des choses
exceptionnelles dans les domaines de la
guerre,
"
0x1defd,"de la science, de l'industrie, des arts, etc.
","de la science, de l'industrie, des arts, etc.
"
0x1df2c,"On pourrait dire que c'est la distinction
suprême du bloc est.
","On pourrait dire que c'est la distinction
suprême du bloc est.
"
0x1df6d,"Tu as dit que Granin a participé au
développement du SS-1C?
","Tu as dit que Granin a participé au
développement du SS-1C?
"
0x1dfac,"Le SS-1C est le tout dernier missile soviétique
balistique tactique à courte portée.
","Le SS-1C est le tout dernier missile soviétique
balistique tactique à courte portée.
"
0x1e005,"Selon les espions occidentaux, ce missile
pourrait être lancé à partir d'une plateforme
mobile.
","Selon les espions occidentaux, ce missile
pourrait être lancé à partir d'une plateforme
mobile.
"
0x1e069,"Une plateforme mobile?
","Une plateforme mobile?
"
0x1e081,"Oui. Un véhicule de transport fonctionnant
comme une plateforme de lancement,
","Oui. Un véhicule de transport fonctionnant
comme une plateforme de lancement,
"
0x1e0d1,"capable de voyager sur les routes et d'envoyer
des missiles de n'importe où.
","capable de voyager sur les routes et d'envoyer
des missiles de n'importe où.
"
0x1e120,"Bien sûr, en plus des explosifs
conventionnels, les missiles peuvent être
équipés de têtes chimiques ou nucléaires.
","Bien sûr, en plus des explosifs
conventionnels, les missiles peuvent être
équipés de têtes chimiques ou nucléaires.
"
0x1e19b,"Un missile nucléaire pouvant être lancé de
n'importe quel endroit...
","Un missile nucléaire pouvant être lancé de
n'importe quel endroit...
"
0x1e1e4,"Je parie que ce n'est pas le missile que Granin
a développé, mais plutôt la plateforme
mobile.
","Je parie que ce n'est pas le missile que Granin
a développé, mais plutôt la plateforme
mobile.
"
0x1e247,"D'après ce que j'ai entendu, le SS-1C devrait
déjà pouvoir être utilisé l'année prochaine.
","D'après ce que j'ai entendu, le SS-1C devrait
déjà pouvoir être utilisé l'année prochaine.
"
0x1e2a9,"De quoi donner la chair de poule aux membres
de l'OTAN.
","De quoi donner la chair de poule aux membres
de l'OTAN.
"
0x1e2e2,"Sigint, Granin a dit qu'il voulait ajouter des
jambes à un tank. Tu sais de quoi il voulait
parler?
","Sigint, Granin a dit qu'il voulait ajouter des
jambes à un tank. Tu sais de quoi il voulait
parler?
"
0x1e348,"A mon avis, c'est sûrement une blague.
","A mon avis, c'est sûrement une blague.
"
0x1e371,"D'un point de vue technique, donner deux
jambes à un tank relève du défi technique,
mais en plus, ça ne servirait à rien d'avoir un
tank qui marche.
","D'un point de vue technique, donner deux
jambes à un tank relève du défi technique,
mais en plus, ça ne servirait à rien d'avoir un
tank qui marche.
"
0x1e40c,"Mettre des jambes à un tank ne ferait que le
rendre plus vulnérable. Il serait également
moins stable.
","Mettre des jambes à un tank ne ferait que le
rendre plus vulnérable. Il serait également
moins stable.
"
0x1e477,"Imagine que ces jambes permettent au tank
d'aller sur des terrains accidentés. Et les
chenilles des tanks, elles servent à quoi?
","Imagine que ces jambes permettent au tank
d'aller sur des terrains accidentés. Et les
chenilles des tanks, elles servent à quoi?
"
0x1e4fb,"Ah je te dis, la personne qui inventerait un truc
pareil serait complètement dingue.
","Ah je te dis, la personne qui inventerait un truc
pareil serait complètement dingue.
"
0x1e552,"...Maintenant que j'y pense, il y a un type aux
Etats-Unis qui a écrit une thèse sur ce sujet.
","...Maintenant que j'y pense, il y a un type aux
Etats-Unis qui a écrit une thèse sur ce sujet.
"
0x1e5b4,"Il s'appelait... Emerson? Heinrich?... Un truc
dans ce genre, je ne me rappelle plus
vraiment.
","Il s'appelait... Emerson? Heinrich?... Un truc
dans ce genre, je ne me rappelle plus
vraiment.
"
0x1e614,"Bien sûr, personne ne l'a pris au sérieux.
","Bien sûr, personne ne l'a pris au sérieux.
"
0x1e642,"Sigint, Granin a dit que le projet de recherche
de Sokolov était un tank équipé de fusées...
","Sigint, Granin a dit que le projet de recherche
de Sokolov était un tank équipé de fusées...
"
0x1e6a4,"Mm mm.
","Mm mm.
"
0x1e6ac,"Tu as une idée de ce que ça veut dire?
","Tu as une idée de ce que ça veut dire?
"
0x1e6d6,"...Désolé. Ça ne me dit rien du tout.
","...Désolé. Ça ne me dit rien du tout.
"
0x1e700,"Mmm...
","Mmm...
"
0x1e708,"Je me demande si c'est pour rendre le tank
plus mobile... ou pour permettre au tank de
tirer des missiles à courte portée.
","Je me demande si c'est pour rendre le tank
plus mobile... ou pour permettre au tank de
tirer des missiles à courte portée.
"
0x1e786,"Mais tu es sûr que ça a un rapport avec la
Phase 2 du Shagohod, pas vrai?
","Mais tu es sûr que ça a un rapport avec la
Phase 2 du Shagohod, pas vrai?
"
0x1e7d3,"Ouais.
","Ouais.
"
0x1e7db,"Khrouchtchev a laissé Cuba pour pouvoir
terminer ce truc et Volgin a détruit un labo de
recherche soviétique pour l'obtenir.
","Khrouchtchev a laissé Cuba pour pouvoir
terminer ce truc et Volgin a détruit un labo de
recherche soviétique pour l'obtenir.
"
0x1e85c,"Quoi qu'il en soit, ce truc doit être super
important.
","Quoi qu'il en soit, ce truc doit être super
important.
"
0x1e895,"Sigint, tu as des renseignements sur
""L'Héritage des Philosophes"" dont Granin a
parlé?
","Sigint, tu as des renseignements sur
""L'Héritage des Philosophes"" dont Granin a
parlé?
"
0x1e8ef,"Non, aucune idée. Je n'en avais même
jamais entendu parler.
","Non, aucune idée. Je n'en avais même
jamais entendu parler.
"
0x1e92e,"OK...
","OK...
"
0x1e935,"Un truc est sûr, en tout cas. Volgin possède
une somme d'argent monumentale cachée
quelque part.
","Un truc est sûr, en tout cas. Volgin possède
une somme d'argent monumentale cachée
quelque part.
"
0x1e99a,"L'Héritage des Philosophes mm... Ça existe
peut-être.
","L'Héritage des Philosophes mm... Ça existe
peut-être.
"
0x1e9d4,"Tu as vu des ennemis avec des
lance-flammes?
","Tu as vu des ennemis avec des
lance-flammes?
"
0x1ea02,"Ce sont des M2. Ils ont été utilisés pour la
1ère fois pendant la Deuxième Guerre
mondiale, lors de l'invasion de Guam.
","Ce sont des M2. Ils ont été utilisés pour la
1ère fois pendant la Deuxième Guerre
mondiale, lors de l'invasion de Guam.
"
0x1ea80,"Les M2 utilisent de l'azote sous pression pour
lancer un mélange de napalm et d'essence.
","Les M2 utilisent de l'azote sous pression pour
lancer un mélange de napalm et d'essence.
"
0x1eadb,"Très utile pour incendier des endroits difficiles
à sécuriser avec des armes conventionnelles,
","Très utile pour incendier des endroits difficiles
à sécuriser avec des armes conventionnelles,
"
0x1eb3e,"par ex. des tranchées, des bunkers ou des
emplacements de tirs abrités.
","par ex. des tranchées, des bunkers ou des
emplacements de tirs abrités.
"
0x1eb89,"Attention. Si l'ennemi t'attaque avec un
lance-flammes quand tu es dans un placard ou
une tranchée, tu vas finir en brochette.
","Attention. Si l'ennemi t'attaque avec un
lance-flammes quand tu es dans un placard ou
une tranchée, tu vas finir en brochette.
"
0x1ec0a,"Ne t'approche pas trop des ennemis qui
portent un lance-flammes.
","Ne t'approche pas trop des ennemis qui
portent un lance-flammes.
"
0x1ec4c,"Débarrasse-toi de lui à distance, pour éviter
que les flammes ne t'atteignent.
","Débarrasse-toi de lui à distance, pour éviter
que les flammes ne t'atteignent.
"
0x1ec9f,"Mais comment se sont-ils procuré des
lance-flammes américains?
","Mais comment se sont-ils procuré des
lance-flammes américains?
"
0x1ece1,"Eh bien, comme beaucoup d'armes
occidentales, ces M2 ont sûrement été
modifiés pour la recherche.
","Eh bien, comme beaucoup d'armes
occidentales, ces M2 ont sûrement été
modifiés pour la recherche.
"
0x1ed48,"Mais s'ils les utilisent vraiment... eh bien, mec,
ils t'en veulent vraiment.
","Mais s'ils les utilisent vraiment... eh bien, mec,
ils t'en veulent vraiment.
"
0x1ed97,"Qu'est-ce que tu veux dire par là?
","Qu'est-ce que tu veux dire par là?
"
0x1edbc,"Les lance-flammes sont des armes lourdes à
courte portée et à autonomie limitée.
","Les lance-flammes sont des armes lourdes à
courte portée et à autonomie limitée.
"
0x1ee12,"Et en plus, si un soldat avec un lance-flammes
est capturé, il est presque toujours mis à mort.
","Et en plus, si un soldat avec un lance-flammes
est capturé, il est presque toujours mis à mort.
"
0x1ee75,"En gros, leur utilisation n'est pas une bonne
idée, sauf si on veut balayer une zone.
","En gros, leur utilisation n'est pas une bonne
idée, sauf si on veut balayer une zone.
"
0x1eecd,"Et malgré cela, ils les gardent, prêts à
être utilisés, rien que pour toi. Qu'est-ce que
tu en penses?
","Et malgré cela, ils les gardent, prêts à
être utilisés, rien que pour toi. Qu'est-ce que
tu en penses?
"
0x1ef3a,"...Ils veulent se venger.
","...Ils veulent se venger.
"
0x1ef55,"T'as dégommé pas mal de soldats de Volgin.
Normal qu'ils te détestent.
","T'as dégommé pas mal de soldats de Volgin.
Normal qu'ils te détestent.
"
0x1efa0,"Et tu as déjà tué 3 membres de l'unité Cobra.
Tu comprendras pourquoi Volgin a une dent
contre toi.
","Et tu as déjà tué 3 membres de l'unité Cobra.
Tu comprendras pourquoi Volgin a une dent
contre toi.
"
0x1f009,"Tu as dit qu'il y avait un émetteur dans les
chaussures de Granin?
","Tu as dit qu'il y avait un émetteur dans les
chaussures de Granin?
"
0x1f04e,"On dirait un de ces gadgets développés par le
KGB.
","On dirait un de ces gadgets développés par le
KGB.
"
0x1f084,"C'est ça, un émetteur miniaturisé pouvant
être mis dans une chaussure.
","C'est ça, un émetteur miniaturisé pouvant
être mis dans une chaussure.
"
0x1f0d0,"D'après Granin, c'est une certaine Tatyana qui
lui a donné ces chaussures... Tu crois que
c'est un agent du KGB?
","D'après Granin, c'est une certaine Tatyana qui
lui a donné ces chaussures... Tu crois que
c'est un agent du KGB?
"
0x1f144,"Peut-être. Ou alors une ruse pour que nous
la soupçonnions.
","Peut-être. Ou alors une ruse pour que nous
la soupçonnions.
"
0x1f183,"...
","...
"
0x1f188,"De toute façon, c'est à toi de découvrir la
vérité.
","De toute façon, c'est à toi de découvrir la
vérité.
"
0x1f1c2,"...Tu as raison.
","...Tu as raison.
"
0x1f1d4,"Ce truc qu'EVA portait sur elle, c'est un
pistolet déguisé en tube de rouge à lèvres
connu sous le nom de ""Baiser de la Mort"".
","Ce truc qu'EVA portait sur elle, c'est un
pistolet déguisé en tube de rouge à lèvres
connu sous le nom de ""Baiser de la Mort"".
"
0x1f258,"C'est une arme secrète utilisée par les espions
du KGB depuis 1950.
","C'est une arme secrète utilisée par les espions
du KGB depuis 1950.
"
0x1f29f,"Le pistolet utilise des balles de 4,5mm.
","Le pistolet utilise des balles de 4,5mm.
"
0x1f2c9,"L'arme n'a qu'une seule balle, mais c'est
suffisant si on tire au bon endroit et à bout
portant.
","L'arme n'a qu'une seule balle, mais c'est
suffisant si on tire au bon endroit et à bout
portant.
"
0x1f32c,"Et on ne l'appelle pas le Baiser de la Mort pour
rien.
","Et on ne l'appelle pas le Baiser de la Mort pour
rien.
"
0x1f364,"Cette idée de Sokolov de mettre du C3 sur les
réservoirs de carburant liquide... C'est une
bonne idée.
","Cette idée de Sokolov de mettre du C3 sur les
réservoirs de carburant liquide... C'est une
bonne idée.
"
0x1f3cf,"Ce carburant, c'est sûrement du DMHD: du
dyméthylhydrazine dissymétrique.
","Ce carburant, c'est sûrement du DMHD: du
dyméthylhydrazine dissymétrique.
"
0x1f41d,"Un produit hautement inflammable, difficile à
manipuler. Si tu peux faire exploser toutes les
réserves avec le C3, le labo sera rayé de la
carte, c'est sûr.
","Un produit hautement inflammable, difficile à
manipuler. Si tu peux faire exploser toutes les
réserves avec le C3, le labo sera rayé de la
carte, c'est sûr.
"
0x1f4bf,"Mais tu dois mettre le C3 aux endroits
stratégiques sur chaque réservoir. Alors fais
pas de bêtises.
","Mais tu dois mettre le C3 aux endroits
stratégiques sur chaque réservoir. Alors fais
pas de bêtises.
"
0x1f528,"Alors tu as trouvé un pistolet narcotique en
forme de cigarette.
","Alors tu as trouvé un pistolet narcotique en
forme de cigarette.
"
0x1f56b,"Le pistolet narcotique en forme de cigarette,
comme son nom l'indique, est un pistolet à
somnifère qui ressemble à une cigarette.
","Le pistolet narcotique en forme de cigarette,
comme son nom l'indique, est un pistolet à
somnifère qui ressemble à une cigarette.
"
0x1f5f1,"C'est sûrement un modèle qu'ils sont en
train de tester dans le labo de Granin pour les
espions du KGB.
","C'est sûrement un modèle qu'ils sont en
train de tester dans le labo de Granin pour les
espions du KGB.
"
0x1f65c,"Une fois équipé de ce pistolet, appuie sur la
touche Arme pour tirer le somnifère.
","Une fois équipé de ce pistolet, appuie sur la
touche Arme pour tirer le somnifère.
"
0x1f6b3,"C'est une arme à courte portée, mais elle
suffira à envoyer ton ennemi dans les bras de
Morphée.
","C'est une arme à courte portée, mais elle
suffira à envoyer ton ennemi dans les bras de
Morphée.
"
0x1f719,"Déguisé en scientifique, tu ne peux pas te
permettre de transporter une arme.
","Déguisé en scientifique, tu ne peux pas te
permettre de transporter une arme.
"
0x1f76a,"Mais tu devrais pouvoir t'équiper de ce
pistolet-cigarette sans attirer l'attention.
","Mais tu devrais pouvoir t'équiper de ce
pistolet-cigarette sans attirer l'attention.
"
0x1f7c1,"Utilise-le à bon escient.
","Utilise-le à bon escient.
"
0x1f7dd,"Un mouchoir imbibé de somnifère, tu disais?
","Un mouchoir imbibé de somnifère, tu disais?
"
0x1f80c,"Avec ça, tu pourras endormir un ennemi en
l'attrapant tout simplement en CQC.
","Avec ça, tu pourras endormir un ennemi en
l'attrapant tout simplement en CQC.
"
0x1f85c,"Tu pourras aussi appuyer sur la touche Arme
pour agiter le mouchoir et disséminer le
somnifère dans cette direction.
","Tu pourras aussi appuyer sur la touche Arme
pour agiter le mouchoir et disséminer le
somnifère dans cette direction.
"
0x1f8d4,"Mais il ne peut être utilisé qu'une fois. Si tu
en as encore besoin, tu devras aller l'imbiber à
nouveau.
","Mais il ne peut être utilisé qu'une fois. Si tu
en as encore besoin, tu devras aller l'imbiber à
nouveau.
"
0x1f942,"Tu devrais pouvoir trouver un anesthésique
dans les environs.
","Tu devrais pouvoir trouver un anesthésique
dans les environs.
"
0x1f982,"Le MK-22 est un pistolet tranquillisant. Tu peux
t'en servir pour endormir tes ennemis sans les
blesser.
","Le MK-22 est un pistolet tranquillisant. Tu peux
t'en servir pour endormir tes ennemis sans les
blesser.
"
0x1f9ec,"La durée que met le somnifère avant d'agir
dépend de l'endroit où tu as visé ton ennemi.
","La durée que met le somnifère avant d'agir
dépend de l'endroit où tu as visé ton ennemi.
"
0x1fa4b,"Si tu veux l'endormir d'un seul coup, vise la
tête.
","Si tu veux l'endormir d'un seul coup, vise la
tête.
"
0x1fa81,"Le MK-22 est également équipé d'un
silencieux.
","Le MK-22 est également équipé d'un
silencieux.
"
0x1fab4,"Si tu t'en équipes, tu n'auras à te soucier du
bruit qu'il fait.
","Si tu t'en équipes, tu n'auras à te soucier du
bruit qu'il fait.
"
0x1faf8,"Mais le silencieux se détériore au fur et à
mesure que tu l'utilises.
","Mais le silencieux se détériore au fur et à
mesure que tu l'utilises.
"
0x1fb42,"La durée de vie de ton silencieux est affichée
sur l'icône Arme lorsque le silencieux est
équipé.
","La durée de vie de ton silencieux est affichée
sur l'icône Arme lorsque le silencieux est
équipé.
"
0x1fbaa,"Garde toujours un œil dessus.
","Garde toujours un œil dessus.
"
0x1fbca,"Tu peux enlever le silencieux en appuyant sur
la touche Entrée lorsque la fenêtre Arme est
ouverte.
","Tu peux enlever le silencieux en appuyant sur
la touche Entrée lorsque la fenêtre Arme est
ouverte.
"
0x1fc31,"Pense à enlever le silencieux de ton pistolet si
tu n'en as pas besoin.
","Pense à enlever le silencieux de ton pistolet si
tu n'en as pas besoin.
"
0x1fc7b,"L'arme dont tu es équipé actuellement est un
prototype du MK-22,
","L'arme dont tu es équipé actuellement est un
prototype du MK-22,
"
0x1fcbf,"un pistolet à silencieux en train d'être
développé par la Navy.
","un pistolet à silencieux en train d'être
développé par la Navy.
"
0x1fd04,"Ils le modifient pour le transformer en pistolet
tranquillisant.
","Ils le modifient pour le transformer en pistolet
tranquillisant.
"
0x1fd46,"Le MK-22 est une version modifiée par les
opérations spéciales du M39, un pistolet utilisé
par les SEALS.
","Le MK-22 est une version modifiée par les
opérations spéciales du M39, un pistolet utilisé
par les SEALS.
"
0x1fdb5,"Le principal changement, c'est qu'il a un canon
plus long que le M39, ce qui lui permet de
l'équiper d'un silencieux.
","Le principal changement, c'est qu'il a un canon
plus long que le M39, ce qui lui permet de
l'équiper d'un silencieux.
"
0x1fe2d,"Et il utilise un mécanisme de verrouillage de la
glissière.
","Et il utilise un mécanisme de verrouillage de la
glissière.
"
0x1fe6c,"Ainsi, l'arme est plus silencieuse, mais il faut
la recharger manuellement après chaque tir.
","Ainsi, l'arme est plus silencieuse, mais il faut
la recharger manuellement après chaque tir.
"
0x1fecb,"Elle est également équipée de visées
ajustables. Tu peux donc utiliser les visées
avant et arrière pour aligner tes tirs, même
équipé du silencieux.
","Elle est également équipée de visées
ajustables. Tu peux donc utiliser les visées
avant et arrière pour aligner tes tirs, même
équipé du silencieux.
"
0x1ff6a,"On dirait qu'ils ont aussi enlevé la sécurité du
chargeur.
","On dirait qu'ils ont aussi enlevé la sécurité du
chargeur.
"
0x1ffa9,"Bien vu. Cette caractéristique n'était pas du
goût de types comme toi qui connaissent
bien leur arme.
","Bien vu. Cette caractéristique n'était pas du
goût de types comme toi qui connaissent
bien leur arme.
"
0x20013,"Ils ont aussi enlevé le levier de détente, donc
le chien ne s'enlevera pas, même avec la
sécurité.
","Ils ont aussi enlevé le levier de détente, donc
le chien ne s'enlevera pas, même avec la
sécurité.
"
0x2007c,"Je peux donc juste armer et viser?
","Je peux donc juste armer et viser?
"
0x200a0,"C'est ça. Et en plus, tu n'auras aucun bruit
mécanique en désarmant, même avec la
sécurité activée.
","C'est ça. Et en plus, tu n'auras aucun bruit
mécanique en désarmant, même avec la
sécurité activée.
"
0x2010c,"Le pistolet parfait pour une mission
d'infiltration, hein.
","Le pistolet parfait pour une mission
d'infiltration, hein.
"
0x20148,"Ah, je vois que tu t'es procuré un M37.
","Ah, je vois que tu t'es procuré un M37.
"
0x20172,"Le M37 est un fusil à pompe de calibre 12.
","Le M37 est un fusil à pompe de calibre 12.
"
0x2019f,"Ce n'est pas une arme très précise mais vu
sa puissance de tir, une seule balle suffira à
faire voler tes ennemis.
","Ce n'est pas une arme très précise mais vu
sa puissance de tir, une seule balle suffira à
faire voler tes ennemis.
"
0x20216,"Bref, une arme utile en combat rapproché.
","Bref, une arme utile en combat rapproché.
"
0x20242,"Mais son rechargement est assez lent, ne
l'oublie pas.
","Mais son rechargement est assez lent, ne
l'oublie pas.
"
0x2027a,"Le vrai avantage du M37, c'est sa légèreté.
","Le vrai avantage du M37, c'est sa légèreté.
"
0x202aa,"Il pèse environ 1kg de moins que les autres
fusils à pompe. En fait, il est si léger qu'on l'a
surnommé le ""poids plume"".
","Il pèse environ 1kg de moins que les autres
fusils à pompe. En fait, il est si léger qu'on l'a
surnommé le ""poids plume"".
"
0x20329,"Ouais, et en plus, ils ont scié le canon et la
crosse de ce modèle.
","Ouais, et en plus, ils ont scié le canon et la
crosse de ce modèle.
"
0x20370,"Probablement pour le rendre plus maniable
dans la jungle. Ces Soviétiques, ils savent
vraiment ce qu'ils font.
","Probablement pour le rendre plus maniable
dans la jungle. Ces Soviétiques, ils savent
vraiment ce qu'ils font.
"
0x203e1,"Une autre caractéristique, qui le distingue des
autres, c'est l'absence de fenêtre d'éjection
sur le côté du châssis.
","Une autre caractéristique, qui le distingue des
autres, c'est l'absence de fenêtre d'éjection
sur le côté du châssis.
"
0x2045e,"Un modèle ambidextre?
","Un modèle ambidextre?
"
0x20476,"Tout à fait. Il a été conçu pour que les droitiers
et les gauchers puissent l'utiliser avec la
même facilité.
","Tout à fait. Il a été conçu pour que les droitiers
et les gauchers puissent l'utiliser avec la
même facilité.
"
0x204eb,"Mais ce n'est pas tout.
","Mais ce n'est pas tout.
"
0x20504,"Il a peu d'ouvertures, il s'enraye donc moins
souvent à cause de la boue et de la poussière
une fois sur le terrain.
","Il a peu d'ouvertures, il s'enraye donc moins
souvent à cause de la boue et de la poussière
une fois sur le terrain.
"
0x2057c,"Bref, une arme parfaite pour la jungle.
","Bref, une arme parfaite pour la jungle.
"
0x205a5,"C'est bon à savoir.
","C'est bon à savoir.
"
0x205bb,"Mais qu'est-ce qu'ils font avec un fusil à
pompe de fabrication américaine?
","Mais qu'est-ce qu'ils font avec un fusil à
pompe de fabrication américaine?
"
0x2060a,"Bonne question. J'imagine qu'ils font
peut-être des recherches sur les armes
occidentales, mais...
","Bonne question. J'imagine qu'ils font
peut-être des recherches sur les armes
occidentales, mais...
"
0x2066f,"Tu as entendu dire que les SAS aurait utilisé
des fusils à pompe pour les combats dans la
jungle en Malaisie?
","Tu as entendu dire que les SAS aurait utilisé
des fusils à pompe pour les combats dans la
jungle en Malaisie?
"
0x206e0,"Ce sont des histoires.
","Ce sont des histoires.
"
0x206f8,"Dans la jungle, tu tombes toujours sur l'ennemi
quand tu t'y attends le moins.
","Dans la jungle, tu tombes toujours sur l'ennemi
quand tu t'y attends le moins.
"
0x20748,"Les SAS ont trouvé ce fusil très efficace
grâce à sa puissance de tir impressionnante
et sa réactivité.
","Les SAS ont trouvé ce fusil très efficace
grâce à sa puissance de tir impressionnante
et sa réactivité.
"
0x207b7,"Pour cette raison, un grand nombre de tireurs
d'élite choisissent les fusils à pompe comme
arme de prédilection.
","Pour cette raison, un grand nombre de tireurs
d'élite choisissent les fusils à pompe comme
arme de prédilection.
"
0x2082c,"Les hommes de Volgin essaient peut-être
cette tactique pour eux-mêmes.
","Les hommes de Volgin essaient peut-être
cette tactique pour eux-mêmes.
"
0x20876,"Une torche? C'est un peu primitif, mais si tu
n'as que ça.
","Une torche? C'est un peu primitif, mais si tu
n'as que ça.
"
0x208b3,"A ce que je vois, cette torche est en bouleau
blanc trempé dans de la térébenthine.
","A ce que je vois, cette torche est en bouleau
blanc trempé dans de la térébenthine.
"
0x2090b,"Ça brûle pendant très longtemps, alors elle
ne risque pas de s'éteindre.
","Ça brûle pendant très longtemps, alors elle
ne risque pas de s'éteindre.
"
0x20959,"Si tu t'en équipes et que tu appuies sur la
touche CQC, tu pourras t'en servir pour
frapper tes ennemis.
","Si tu t'en équipes et que tu appuies sur la
touche CQC, tu pourras t'en servir pour
frapper tes ennemis.
"
0x209c4,"Tu peux aussi faire virevolter ta torche en
appuyant plusieurs fois de suite. Utile pour
faire partir des chauves-souris ou d'autres
trucs dans ce genre.
","Tu peux aussi faire virevolter ta torche en
appuyant plusieurs fois de suite. Utile pour
faire partir des chauves-souris ou d'autres
trucs dans ce genre.
"
0x20a5f,"Avec la touche Arme, tu pourras allumer ou
éteindre ta torche, alors rappelle-toi de
l'éteindre si un ennemi s'approche.
Familiarise-toi avec cette fonction.
","Avec la touche Arme, tu pourras allumer ou
éteindre ta torche, alors rappelle-toi de
l'éteindre si un ennemi s'approche.
Familiarise-toi avec cette fonction.
"
0x20b00,"Mais attention, la lumière de cette torche est
visible de très loin.
","Mais attention, la lumière de cette torche est
visible de très loin.
"
0x20b48,"Cela va sans dire, mais entrer en bataille avec
une torche à la main, ce n'est l'option la plus
sensée.
","Cela va sans dire, mais entrer en bataille avec
une torche à la main, ce n'est l'option la plus
sensée.
"
0x20bb3,"Utilise une torche uniquement dans des
endroits les plus sombres, comme pour trouver
ton chemin dans une grotte.
","Utilise une torche uniquement dans des
endroits les plus sombres, comme pour trouver
ton chemin dans une grotte.
"
0x20c25,"OK, j'ai compris.
","OK, j'ai compris.
"
0x20c38,"Tu vas utiliser une grenade, hein?
","Tu vas utiliser une grenade, hein?
"
0x20c5c,"C'est une RGD-5, une grenade à déflagration
et fragmentation standard de l'armée
soviétique.
","C'est une RGD-5, une grenade à déflagration
et fragmentation standard de l'armée
soviétique.
"
0x20cbe,"La grenade est composée de deux enveloppes
en acier plaqué.
","La grenade est composée de deux enveloppes
en acier plaqué.
"
0x20cfd,"Chacune de ces enveloppes contient un isolant
qui explose en plus de 300 petits fragments.
","Chacune de ces enveloppes contient un isolant
qui explose en plus de 300 petits fragments.
"
0x20d59,"Cette grenade va causer des dommages
importants à tout ennemi pris dans l'explosion.
","Cette grenade va causer des dommages
importants à tout ennemi pris dans l'explosion.
"
0x20db0,"La goupille de sécurité est de l'autre côté
par rapport à la M26, alors tiens bien cette
goupille enfoncée quand tu l'as entre les
mains.
","La goupille de sécurité est de l'autre côté
par rapport à la M26, alors tiens bien cette
goupille enfoncée quand tu l'as entre les
mains.
"
0x20e41,"La sécurité s'enlève dès que tu jettes la
grenade et elle explose au bout de 3 secondes
environ.
","La sécurité s'enlève dès que tu jettes la
grenade et elle explose au bout de 3 secondes
environ.
"
0x20ea7,"Ce que tu veux dire, c'est qu'elle ne risque pas
de m'exploser dans les mains?
","Ce que tu veux dire, c'est qu'elle ne risque pas
de m'exploser dans les mains?
"
0x20ef7,"Mais bien au contraire!
","Mais bien au contraire!
"
0x20f10,"Oh...
","Oh...
"
0x20f17,"Pour lancer une grenade, appuie sur la touche
Arme et relâche-la. Plus tu appuieras fort,
plus tu la lanceras loin.
","Pour lancer une grenade, appuie sur la touche
Arme et relâche-la. Plus tu appuieras fort,
plus tu la lanceras loin.
"
0x20f8d,"Appuie doucement pour lancer la grenade près
de toi, et plus fort pour la lancer en chandelle
loin de toi.
","Appuie doucement pour lancer la grenade près
de toi, et plus fort pour la lancer en chandelle
loin de toi.
"
0x20ffa,"Pour mieux contrôler ton tir, utilise
l'Observation à la première personne.
","Pour mieux contrôler ton tir, utilise
l'Observation à la première personne.
"
0x2104a,"Tu veux utiliser une grenade à phosphore
blanc?
","Tu veux utiliser une grenade à phosphore
blanc?
"
0x2107c,"Comme son nom l'indique, c'est une grenade
incendiaire qui utilise du phosphore blanc pour
mettre le feu à une zone.
","Comme son nom l'indique, c'est une grenade
incendiaire qui utilise du phosphore blanc pour
mettre le feu à une zone.
"
0x210f3,"Ces grenades étaient utilisées par l'armée
américaine pendant la Deuxième Guerre
mondiale.
","Ces grenades étaient utilisées par l'armée
américaine pendant la Deuxième Guerre
mondiale.
"
0x21154,"A l'époque, on les appelait les ""Willy Petes"",
pour les initiales de ""White Phosphorus"".
","A l'époque, on les appelait les ""Willy Petes"",
pour les initiales de ""White Phosphorus"".
"
0x211af,"Cette grenade que tu as là est probablement
exactement du même type.
","Cette grenade que tu as là est probablement
exactement du même type.
"
0x211f7,"Le phosphore blanc est une substance blanche
qui entre en combustion en contact avec
l'oxygène.
","Le phosphore blanc est une substance blanche
qui entre en combustion en contact avec
l'oxygène.
"
0x21259,"La température de combustion dépasse les
2700 degrés Celsius.
","La température de combustion dépasse les
2700 degrés Celsius.
"
0x2129b,"Tout être humain dans la zone de
combustion sera gravement brûlé.
","Tout être humain dans la zone de
combustion sera gravement brûlé.
"
0x212e1,"Fais attention à ne pas te faire incendier
accidentellement.
","Fais attention à ne pas te faire incendier
accidentellement.
"
0x21320,"Si tu prends feu, plonge dans l'eau ou enlève
tes vêtements en feu et mets-en d'autres.
","Si tu prends feu, plonge dans l'eau ou enlève
tes vêtements en feu et mets-en d'autres.
"
0x2137b,"Si tu fais plusieurs roulades sur toi-même,
les flammes devraient aussi s'éteindre
rapidement.
","Si tu fais plusieurs roulades sur toi-même,
les flammes devraient aussi s'éteindre
rapidement.
"
0x213dd,"Mmm, je n'ai jamais vu une grenade comme
celle-ci auparavant.
","Mmm, je n'ai jamais vu une grenade comme
celle-ci auparavant.
"
0x2141c,"Il y a deux principaux types de grenades :
","Il y a deux principaux types de grenades :
"
0x21448,"celles à fragmentation, qui utilisent des éclats
d'obus pour tuer ou blesser leurs victimes,
","celles à fragmentation, qui utilisent des éclats
d'obus pour tuer ou blesser leurs victimes,
"
0x214a8,"et les grenades explosives, qui utilisent
l'explosion en tant que telle pour causer des
dégâts.
","et les grenades explosives, qui utilisent
l'explosion en tant que telle pour causer des
dégâts.
"
0x2150b,"Mais la grenade que tu as là n'appartient à
aucun de ces deux types.
","Mais la grenade que tu as là n'appartient à
aucun de ces deux types.
"
0x21553,"A mon avis, c'est sûrement une grenade
pour paralyser l'ennemi sans lui faire de mal.
","A mon avis, c'est sûrement une grenade
pour paralyser l'ennemi sans lui faire de mal.
"
0x215ab,"Probablement un tout nouveau type d'arme
développé exclusivement à Groznyj Grad.
","Probablement un tout nouveau type d'arme
développé exclusivement à Groznyj Grad.
"
0x21600,"Il paraît que les SAS travaillent sur des
grenades à impact bas pour leur
entraînement...
","Il paraît que les SAS travaillent sur des
grenades à impact bas pour leur
entraînement...
"
0x2165e,"mais je n'aurais pas cru qu'ils l'utiliseraient au
combat...
","mais je n'aurais pas cru qu'ils l'utiliseraient au
combat...
"
0x2169c,"Le flash lumineux de cette grenade provient
probablement du magnésium.
","Le flash lumineux de cette grenade provient
probablement du magnésium.
"
0x216e5,"C'est le même principe utilisé pour les flashs
des appareils photos.
","C'est le même principe utilisé pour les flashs
des appareils photos.
"
0x2172d,"Ils ont probablement réduit sa capacité létale
en réduisant la quantité d'explosif
","Ils ont probablement réduit sa capacité létale
en réduisant la quantité d'explosif
"
0x21786,"et en augmentant l'intensité sonore et
lumineuse pour paralyser l'ennemi.
","et en augmentant l'intensité sonore et
lumineuse pour paralyser l'ennemi.
"
0x217d2,"On pourrait même l'appeler une ""grenade
paralysante"".
","On pourrait même l'appeler une ""grenade
paralysante"".
"
0x2180a,"Si je devais être paralysé, je préfèrerais être
paralysé par une femme.
","Si je devais être paralysé, je préfèrerais être
paralysé par une femme.
"
0x21859,"Arrête ton char. Quand ce truc explose, tout
le monde aux alentours est mis KO.
","Arrête ton char. Quand ce truc explose, tout
le monde aux alentours est mis KO.
"
0x218ab,"C'est le genre d'arme utile si tu veux
t'introduire rapidement dans une pièce ou dans
les cas où tu ne veux pas tuer tes ennemis.
","C'est le genre d'arme utile si tu veux
t'introduire rapidement dans une pièce ou dans
les cas où tu ne veux pas tuer tes ennemis.
"
0x21930,"Tu veux utiliser une grenade fumigène, hein?
","Tu veux utiliser une grenade fumigène, hein?
"
0x2195f,"Comme son nom l'indique, les grenades
fumigènes servent à créer des écrans de
fumée.
","Comme son nom l'indique, les grenades
fumigènes servent à créer des écrans de
fumée.
"
0x219ba,"L'agent de combustion est un mélange d'oxyde
de zinc, de chlorure d'ammonium et
d'aluminium, entre autres.
","L'agent de combustion est un mélange d'oxyde
de zinc, de chlorure d'ammonium et
d'aluminium, entre autres.
"
0x21a27,"Lorsqu'elle explose, la grenade déploie un
nuage de fumée grisâtre qui a du mal à se
disperser. Utilise-la si tu as besoin d'une
bonne couverture.
","Lorsqu'elle explose, la grenade déploie un
nuage de fumée grisâtre qui a du mal à se
disperser. Utilise-la si tu as besoin d'une
bonne couverture.
"
0x21abf,"La fumée bloquera le champ de vision de tes
ennemis.
","La fumée bloquera le champ de vision de tes
ennemis.
"
0x21af6,"Cela devrait t'aider lorsque tu tentes de
t'échapper rapidement.
","Cela devrait t'aider lorsque tu tentes de
t'échapper rapidement.
"
0x21b39,"Et ça marche aussi dans les deux sens: tu
peux l'utiliser pour t'infiltrer dans une position
ennemie.
","Et ça marche aussi dans les deux sens: tu
peux l'utiliser pour t'infiltrer dans une position
ennemie.
"
0x21ba1,"L'écran de fumée fonctionne aussi assez bien
quand tu es poursuivi par des chiens.
","L'écran de fumée fonctionne aussi assez bien
quand tu es poursuivi par des chiens.
"
0x21bf7,"Tu as dit que tu utilisais un chargeur?
","Tu as dit que tu utilisais un chargeur?
"
0x21c20,"Un chargeur, c'est ce qui reste quand on vide
une arme.
","Un chargeur, c'est ce qui reste quand on vide
une arme.
"
0x21c59,"Tu as l'intention de l'utiliser de quelle façon?
","Tu as l'intention de l'utiliser de quelle façon?
"
0x21c8c,"Je vais le lancer.
","Je vais le lancer.
"
0x21ca0,"Le lancer?
","Le lancer?
"
0x21cac,"Ouais. Je me servirai du bruit qu'il fait en
tombant au sol pour attirer l'attention de
l'ennemi.
","Ouais. Je me servirai du bruit qu'il fait en
tombant au sol pour attirer l'attention de
l'ennemi.
"
0x21d0f,"Ah... pour faire diversion!
","Ah... pour faire diversion!
"
0x21d2c,"C'est vrai que ce ne sont pas les armes les
plus high-tech qui déterminent la victoire ou la
défaite.
","C'est vrai que ce ne sont pas les armes les
plus high-tech qui déterminent la victoire ou la
défaite.
"
0x21d95,"Je vois que tu utilises des jumelles.
","Je vois que tu utilises des jumelles.
"
0x21dbc,"Ce sont des jumelles hautes performances
spécialement conçues pour l'armée.
","Ce sont des jumelles hautes performances
spécialement conçues pour l'armée.
"
0x21e0c,"Elles sont étanches à 100% et remplies
d'azote pour éviter la formation de buée.
","Elles sont étanches à 100% et remplies
d'azote pour éviter la formation de buée.
"
0x21e62,"L'oculaire de visée, les lentilles et le prisme
sont traités anti-reflets. Ces jumelles devraient
donc être assez utile même dans le noir.
","L'oculaire de visée, les lentilles et le prisme
sont traités anti-reflets. Ces jumelles devraient
donc être assez utile même dans le noir.
"
0x21ef2,"Elles sont même équipées d'une fonction
zoom et autofocus. Je te le dis, tu pourras pas
trouver mieux.
","Elles sont même équipées d'une fonction
zoom et autofocus. Je te le dis, tu pourras pas
trouver mieux.
"
0x21f5d,"Dis donc, tu t'es reconverti en vendeur de
jumelles?
","Dis donc, tu t'es reconverti en vendeur de
jumelles?
"
0x21f93,"Hé, je sais reconnaître un bon produit quand
j'en vois un, c'est tout.
","Hé, je sais reconnaître un bon produit quand
j'en vois un, c'est tout.
"
0x21fdd,"...?
","...?
"
0x21fe3,"Je sais.
","Je sais.
"
0x21fed,"Tu sais quoi?
","Tu sais quoi?
"
0x21ffc,"C'est toi qui a fabriqué ces jumelles, pas vrai?
","C'est toi qui a fabriqué ces jumelles, pas vrai?
"
0x2202f,"!! Ouais, mais... elles sont vachement bien,
non?
","!! Ouais, mais... elles sont vachement bien,
non?
"
0x22062,"...
","...
"
0x22067,"Hé... c'est quoi, ce que tu as là?
","Hé... c'est quoi, ce que tu as là?
"
0x2208d,"Des lunettes thermiques. A ce que je vois,
elles sont capables de détecter les sources de
chaleur.
","Des lunettes thermiques. A ce que je vois,
elles sont capables de détecter les sources de
chaleur.
"
0x220f2,"Sans déconner! Ils ont réussi à miniaturiser un
dispositif à infra-rouges de vision nocturne
pour le rendre portable...
","Sans déconner! Ils ont réussi à miniaturiser un
dispositif à infra-rouges de vision nocturne
pour le rendre portable...
"
0x2216f,"Quoi, qu'est-ce qu'il a de si spécial?
","Quoi, qu'est-ce qu'il a de si spécial?
"
0x22198,"De si spécial? Ici, à l'Ouest, on a tout juste la
technologie pour l'installer à bord des avions.
","De si spécial? Ici, à l'Ouest, on a tout juste la
technologie pour l'installer à bord des avions.
"
0x221fe,"Ah, c'est donc ça, ce truc dont ils ont équipé
leur hélicoptère armé...
","Ah, c'est donc ça, ce truc dont ils ont équipé
leur hélicoptère armé...
"
0x2224d,"Mais l'armée n'a pas un truc similaire pour
conduire les véhicules la nuit? Je croyais avoir
vu...
","Mais l'armée n'a pas un truc similaire pour
conduire les véhicules la nuit? Je croyais avoir
vu...
"
0x222b3,"Tu veux dire un AN-PAS-5.
","Tu veux dire un AN-PAS-5.
"
0x222ce,"C'est un dispositif actif de vision nocturne à
infrarouges.
","C'est un dispositif actif de vision nocturne à
infrarouges.
"
0x2230c,"Il utilise un projecteur pour envoyer des rayons
infrarouges et utilise le reflet pour construire
une image.
","Il utilise un projecteur pour envoyer des rayons
infrarouges et utilise le reflet pour construire
une image.
"
0x2237a,"Ces lunettes-là sont complètement différentes.
","Ces lunettes-là sont complètement différentes.
"
0x223ad,"En gros, lorsque tu en es équipé, tu pourras
repérer facilement tes ennemis dans la jungle,
même s'ils sont en tenue de camouflage.
","En gros, lorsque tu en es équipé, tu pourras
repérer facilement tes ennemis dans la jungle,
même s'ils sont en tenue de camouflage.
"
0x22436,"Elles pourront même t'aider à localiser les
pièges. Mais tu n'auras pas une bonne vision
du terrain, alors fais attention où tu marches.
","Elles pourront même t'aider à localiser les
pièges. Mais tu n'auras pas une bonne vision
du terrain, alors fais attention où tu marches.
"
0x224c4,"Je vois que tu utilises le capteur
anti-personnel.
","Je vois que tu utilises le capteur
anti-personnel.
"
0x224f8,"Ce capteur vibre lorsqu'il détecte les
mouvements de cibles humaines.
","Ce capteur vibre lorsqu'il détecte les
mouvements de cibles humaines.
"
0x22540,"Il a été ajusté pour détecter uniquement les
êtres humains. Donc, contrairement aux
autres capteurs, il ignorera totalement les
animaux.
","Il a été ajusté pour détecter uniquement les
êtres humains. Donc, contrairement aux
autres capteurs, il ignorera totalement les
animaux.
"
0x225cf,"Il détectera même les ennemis qui ne
bougent pas et il ne révèlera pas ta position.
","Il détectera même les ennemis qui ne
bougent pas et il ne révèlera pas ta position.
"
0x22628,"Par contre, il ne te donnera pas l'emplacement
exact de ta cible. Ne l'oublie pas quand tu
l'utiliseras.
","Par contre, il ne te donnera pas l'emplacement
exact de ta cible. Ne l'oublie pas quand tu
l'utiliseras.
"
0x22692,"Et quand tu l'utiliseras en Observation à la
première personne, il ne scannera que la zone
en face de toi.
","Et quand tu l'utiliseras en Observation à la
première personne, il ne scannera que la zone
en face de toi.
"
0x22700,"?
","?
"
0x22703,"Il y a un truc qui ne va pas?
","Il y a un truc qui ne va pas?
"
0x22722,"Le Major m'a dit exactement les mêmes
trucs?
","Le Major m'a dit exactement les mêmes
trucs?
"
0x22751,"Tu veux dire pendant la Mission Vertueuse?
","Tu veux dire pendant la Mission Vertueuse?
"
0x2277d,"Ouais.
","Ouais.
"
0x22785,"Il a sûrement lu mot pour mot les notes que
je lui ai données. Question technique, il est
nul.
","Il a sûrement lu mot pour mot les notes que
je lui ai données. Question technique, il est
nul.
"
0x227e7,"...
","...
"
0x227ec,"Le détecteur de mouvements capte les
mouvements dans ton voisinage proche.
","Le détecteur de mouvements capte les
mouvements dans ton voisinage proche.
"
0x22839,"Mais dans la jungle, il n'y a pas que tes
ennemis qui bougent.
","Mais dans la jungle, il n'y a pas que tes
ennemis qui bougent.
"
0x22879,"Les animaux apparaîtront également sur ton
détecteur.
","Les animaux apparaîtront également sur ton
détecteur.
"
0x228b3,"En plus, le détecteur de mouvement n'est pas
infaillible.
","En plus, le détecteur de mouvement n'est pas
infaillible.
"
0x228ef,"Il ne captera pas la présence d'animaux ou
d'ennemis qui se déplacent très lentement.
","Il ne captera pas la présence d'animaux ou
d'ennemis qui se déplacent très lentement.
"
0x22949,"Ça aussi, il te l'a déjà dit?
","Ça aussi, il te l'a déjà dit?
"
0x2296b,"Ouais. Tu lui avais aussi donné des notes sur
ça?
","Ouais. Tu lui avais aussi donné des notes sur
ça?
"
0x229a0,"Eh ouais.
","Eh ouais.
"
0x229ab,"...
","...
"
0x229b0,"Le sonar actif émet une onde sonique spéciale
lorsque tu appuies sur la touche .
","Le sonar actif émet une onde sonique spéciale
lorsque tu appuies sur la touche .
"
0x22a07,"Il utilise la réverbération des ondes pour
t'indiquer la position des objets aux alentours.
","Il utilise la réverbération des ondes pour
t'indiquer la position des objets aux alentours.
"
0x22a66,"Contrairement au détecteur de mouvement, il
détecte aussi les objets immobiles.
","Contrairement au détecteur de mouvement, il
détecte aussi les objets immobiles.
"
0x22ab9,"Mais en diffusant des ondes soniques, il
risquera de révéler ta position aux ennemis ou
aux animaux aux alentours.
","Mais en diffusant des ondes soniques, il
risquera de révéler ta position aux ennemis ou
aux animaux aux alentours.
"
0x22b2f,"Alors fais attention en l'utilisant.
","Alors fais attention en l'utilisant.
"
0x22b55,"Celle-là aussi, je l'ai entendue.
","Celle-là aussi, je l'ai entendue.
"
0x22b79,"Est-ce qu'il te l'a expliqué de la même
façon?
","Est-ce qu'il te l'a expliqué de la même
façon?
"
0x22bac,"Ouais.
","Ouais.
"
0x22bb4,"Mais ce type est encore à l'Age de Pierre.
Tiens, l'autre jour, il a acheté une machine à
laver toute neuve et...
","Mais ce type est encore à l'Age de Pierre.
Tiens, l'autre jour, il a acheté une machine à
laver toute neuve et...
"
0x22c2a,"Sigint!
","Sigint!
"
0x22c33,"...Oups. Je dois y aller. A plus, Snake.
","...Oups. Je dois y aller. A plus, Snake.
"
0x22c5d,"Une casquette en forme de tête de
crocodile, hein?
","Une casquette en forme de tête de
crocodile, hein?
"
0x22c92,"Ouais. Tu en dis quoi?
","Ouais. Tu en dis quoi?
"
0x22caa,"A mon avis, c'est une idée géniale!
","A mon avis, c'est une idée géniale!
"
0x22cd1,"Tu sais, se déguiser en animal, pour les
services secrets, ça n'a rien de nouveau.
","Tu sais, se déguiser en animal, pour les
services secrets, ça n'a rien de nouveau.
"
0x22d27,"Il paraîtrait que, pendant la Deuxième
Guerre mondiale, les membres de l'OSS se
déguisaient en vaches.
","Il paraîtrait que, pendant la Deuxième
Guerre mondiale, les membres de l'OSS se
déguisaient en vaches.
"
0x22d92,"Apparemment, ils envoyaient des agents au
milieu de troupeaux de vaches pour espionner
les unités ennemies.
","Apparemment, ils envoyaient des agents au
milieu de troupeaux de vaches pour espionner
les unités ennemies.
"
0x22e00,"De nos jours, en voyant une casquette en
forme de crocodile, la plupart des gens
penseraient que c'est une blague.
","De nos jours, en voyant une casquette en
forme de crocodile, la plupart des gens
penseraient que c'est une blague.
"
0x22e74,"Mais si tu l'utilises à bon escient, ça peut
être un bon moyen d'espionnage.
","Mais si tu l'utilises à bon escient, ça peut
être un bon moyen d'espionnage.
"
0x22ec5,"Je dois le reconnaître, Snake, t'es
vachement rusé.
","Je dois le reconnaître, Snake, t'es
vachement rusé.
"
0x22efc,"...
","...
"
0x22f01,"Ça va, Snake?
","Ça va, Snake?
"
0x22f11,"Laisse tomber...
","Laisse tomber...
"
0x22f23,"???
","???
"
0x22f28,"Snake, si tu tires sans silencieux, le bruit de
ton arme et son feu de bouche risquent de
trahir ta position auprès de l'ennemi.
","Snake, si tu tires sans silencieux, le bruit de
ton arme et son feu de bouche risquent de
trahir ta position auprès de l'ennemi.
"
0x22fab,"Equipe-la d'un silencieux et tu n'auras pas à te
soucier de ce problème.
","Equipe-la d'un silencieux et tu n'auras pas à te
soucier de ce problème.
"
0x22ff7,"Pour munir ton arme d'un silencieux, ouvre la
fenêtre Arme et appuie sur la touche Entrée.
","Pour munir ton arme d'un silencieux, ouvre la
fenêtre Arme et appuie sur la touche Entrée.
"
0x23055,"Snake, ils utilisent des grenades paralysantes,
attention!
","Snake, ils utilisent des grenades paralysantes,
attention!
"
0x23091,"Des grenades paralysantes?
","Des grenades paralysantes?
"
0x230ad,"Ouais. C'est une arme qu'ils viennent
d'inventer. Elle utilise un flash lumineux et le
bruit de l'explosion pour mettre les adversaires
KO pendant un moment.
","Ouais. C'est une arme qu'ils viennent
d'inventer. Elle utilise un flash lumineux et le
bruit de l'explosion pour mettre les adversaires
KO pendant un moment.
"
0x2314c,"Si tu regardes cette lumière quand une de ces
grenades explose, tu n'y verras plus rien.
","Si tu regardes cette lumière quand une de ces
grenades explose, tu n'y verras plus rien.
"
0x231a7,"Si on t'en jette une, retourne-toi et vite.
","Si on t'en jette une, retourne-toi et vite.
"
0x231d4,"Attention, Snake. On dirait que quelque-uns de
ces types sont équipés de M63.
","Attention, Snake. On dirait que quelque-uns de
ces types sont équipés de M63.
"
0x23225,"Le M63 est une mitraillette légère de
fabrication américaine. Sa puissance de feu
est plus impressionnante qu'il n'y paraît.
","Le M63 est une mitraillette légère de
fabrication américaine. Sa puissance de feu
est plus impressionnante qu'il n'y paraît.
"
0x232a7,"Elle peut même faire des trous dans les
murs, alors attention.
","Elle peut même faire des trous dans les
murs, alors attention.
"
0x232e8,"Tu as dit que certains d'entre eux utilisaient
des fusils à pompe?
","Tu as dit que certains d'entre eux utilisaient
des fusils à pompe?
"
0x2332d,"Ces fusils à pompe sont des M37. C'est un
modèle américain conçu pour les combats sur
le terrain.
","Ces fusils à pompe sont des M37. C'est un
modèle américain conçu pour les combats sur
le terrain.
"
0x23394,"Ils ne sont pas trop dangereux à distance,
mais à proximité, ils te réduiront en miettes.
Fais attention à toi.
","Ils ne sont pas trop dangereux à distance,
mais à proximité, ils te réduiront en miettes.
Fais attention à toi.
"
0x2340a,"On dirait que certains d'entre eux utilisent des
Scorpions.
","On dirait que certains d'entre eux utilisent des
Scorpions.
"
0x23447,"Le Scorpion est une mitraillette
tchécoslovaque.
","Le Scorpion est une mitraillette
tchécoslovaque.
"
0x2347a,"A proximité, elle n'a pas la même puissance
de tir qu'un fusil à pompe mais elle est plus
facile à manier et mortelle à moyenne portée.
","A proximité, elle n'a pas la même puissance
de tir qu'un fusil à pompe mais elle est plus
facile à manier et mortelle à moyenne portée.
"
0x23509,"S'ils arrivent à te mitrailler, ça ne va pas
être beau à voir.
","S'ils arrivent à te mitrailler, ça ne va pas
être beau à voir.
"
0x2354d,"Ne te fais pas surprendre.
","Ne te fais pas surprendre.
"
0x23569,"Snake, fais gaffe aux grenades qu'ils te
lancent.
","Snake, fais gaffe aux grenades qu'ils te
lancent.
"
0x2359c,"Si tu es pris dans leur explosion, tu pourras
compter tes blessures. Sans oublier tes
brûlures.
","Si tu es pris dans leur explosion, tu pourras
compter tes blessures. Sans oublier tes
brûlures.
"
0x235fe,"Si quelqu'un te jette une grenade, casse-toi le
plus vite possible.
","Si quelqu'un te jette une grenade, casse-toi le
plus vite possible.
"
0x23643,"Ces fusils que les Ocelots utilisent, ce sont
des AK-47, non?
","Ces fusils que les Ocelots utilisent, ce sont
des AK-47, non?
"
0x23682,"Non. Ils ressemblent à des AKM, mais ils sont
différents.
","Non. Ils ressemblent à des AKM, mais ils sont
différents.
"
0x236bf,"Dans quel sens?
","Dans quel sens?
"
0x236d0,"Ils sont équipés de protège-mains en acier et
de poignées avant verticales. Et le silencieux
est plus gros.
","Ils sont équipés de protège-mains en acier et
de poignées avant verticales. Et le silencieux
est plus gros.
"
0x23741,"Une version carabine de l'AKM, hein.
","Une version carabine de l'AKM, hein.
"
0x23767,"Les Hongrois ont une version unique de l'AKM
qu'ils appellent l'AMD-63.
","Les Hongrois ont une version unique de l'AKM
qu'ils appellent l'AMD-63.
"
0x237b0,"On dit qu'ils préparent une version carabine de
cette arme en prototype.
","On dit qu'ils préparent une version carabine de
cette arme en prototype.
"
0x237fb,"A ce que je vois, ils ont sûrement importé
certains de ces prototypes.
","A ce que je vois, ils ont sûrement importé
certains de ces prototypes.
"
0x23845,"Eh bien, mon coco, s'ils utilisent une version
carabine de l'AMD-63, il va falloir te méfier
d'eux.
","Eh bien, mon coco, s'ils utilisent une version
carabine de l'AMD-63, il va falloir te méfier
d'eux.
"
0x238ab,"Ces trucs-là sont encore plus faciles à manier
que les AK-47, surtout à proximité.
","Ces trucs-là sont encore plus faciles à manier
que les AK-47, surtout à proximité.
"
0x23903,"Et n'oublie pas que les Ocelots font partie de
l'élite.
","Et n'oublie pas que les Ocelots font partie de
l'élite.
"
0x2393d,"Ce sont de meilleurs tireurs que les Spetsnaz,
et tes blessures risquent d'être bien plus
sérieuses.
","Ce sont de meilleurs tireurs que les Spetsnaz,
et tes blessures risquent d'être bien plus
sérieuses.
"
0x239a5,"Ouvre l'œil.
","Ouvre l'œil.
"
0x239b4,"Ils ont lancé des chiens d'attaque à tes
trousses?
","Ils ont lancé des chiens d'attaque à tes
trousses?
"
0x239ea,"Les chiens sont utilisés à des fins guerrières
depuis des siècles.
","Les chiens sont utilisés à des fins guerrières
depuis des siècles.
"
0x23a32,"Les Grecs et les Romains envoyaient des
meutes de chiens avec des colliers hérissés de
pointes attaquer leurs ennemis.
","Les Grecs et les Romains envoyaient des
meutes de chiens avec des colliers hérissés de
pointes attaquer leurs ennemis.
"
0x23aac,"Les chiens d'attaque ont aussi régulièrement
été utilisés pendant la Première et la Deuxième
Guerre mondiale.
","Les chiens d'attaque ont aussi régulièrement
été utilisés pendant la Première et la Deuxième
Guerre mondiale.
"
0x23b22,"Les chiens sont généralement utilisés pour
monter la garde, envoyer des messages ou
aider aux opérations de secours.
","Les chiens sont généralement utilisés pour
monter la garde, envoyer des messages ou
aider aux opérations de secours.
"
0x23b9c,"Et un jour, les Soviétiques ont eu une idée:
leur faire porter des bombes.
","Et un jour, les Soviétiques ont eu une idée:
leur faire porter des bombes.
"
0x23bea,"Des chiens avec des bombes?
","Des chiens avec des bombes?
"
0x23c07,"Oui, ils les avaient dressés pour se jeter,
armés de bombes, sous les chars d'assaut.
","Oui, ils les avaient dressés pour se jeter,
armés de bombes, sous les chars d'assaut.
"
0x23c60,"Apparemment, ça marchait assez bien, mais
les Russes ont foiré: ils ont utilisé leurs
propres chars à l'entraînement.
","Apparemment, ça marchait assez bien, mais
les Russes ont foiré: ils ont utilisé leurs
propres chars à l'entraînement.
"
0x23cdc,"Les chiens se jetaient toujours sous les chars
russes et les faisaient exploser. Alors ce projet
a été abandonné avant même de voir le jour.
","Les chiens se jetaient toujours sous les chars
russes et les faisaient exploser. Alors ce projet
a été abandonné avant même de voir le jour.
"
0x23d6e,"Pas la peine de t'inquiéter, ces chiens ne vont
pas t'exploser à la figure. Je ne pense pas
qu'ils transportent des bombes.
","Pas la peine de t'inquiéter, ces chiens ne vont
pas t'exploser à la figure. Je ne pense pas
qu'ils transportent des bombes.
"
0x23ded,"Mais ils ont été spécialement dressés pour
traquer et retrouver des personnes.
","Mais ils ont été spécialement dressés pour
traquer et retrouver des personnes.
"
0x23e41,"Ne les sous-estime pas: ils sont très bons à la
traque et féroces au combat.
","Ne les sous-estime pas: ils sont très bons à la
traque et féroces au combat.
"
0x23e92,"Les chiens d'attaque se déplacent rapidement
et sont mortels en combat rapproché.
","Les chiens d'attaque se déplacent rapidement
et sont mortels en combat rapproché.
"
0x23ee7,"Ils vont sentir ton odeur et te suivre à la trace:
donc difficile de s'en débarrasser.
","Ils vont sentir ton odeur et te suivre à la trace:
donc difficile de s'en débarrasser.
"
0x23f41,"D'une certaine façon, ils sont plus dangereux
que tout adversaire humain. Je t'aurai prévenu.
","D'une certaine façon, ils sont plus dangereux
que tout adversaire humain. Je t'aurai prévenu.
"
0x23fa2,"Ces grenades fumigènes soviétiques que tu
vas trouver par ici, on dirait qu'elles
fonctionnent un peu comme des gaz
lacrymogènes.
","Ces grenades fumigènes soviétiques que tu
vas trouver par ici, on dirait qu'elles
fonctionnent un peu comme des gaz
lacrymogènes.
"
0x24028,"Elles ne seront sûrement pas très efficaces
sur des cibles humaines avec des
passe-montagnes, mais elles devraient déjouer
l'odorat des chiens.
","Elles ne seront sûrement pas très efficaces
sur des cibles humaines avec des
passe-montagnes, mais elles devraient déjouer
l'odorat des chiens.
"
0x240bc,"Si tu es poursuivi par des chiens d'attaque,
lance-leur une grenade fumigène.
","Si tu es poursuivi par des chiens d'attaque,
lance-leur une grenade fumigène.
"
0x2410c,"Ce type utilise un Single Action Army. C'est un
revolver à six coups de calibre .45.
","Ce type utilise un Single Action Army. C'est un
revolver à six coups de calibre .45.
"
0x24163,"Le seul problème, c'est que c'est un revolver,
donc la galère à recharger.
","Le seul problème, c'est que c'est un revolver,
donc la galère à recharger.
"
0x241b2,"Il sera plus facile d'attaquer Ocelot quand il
rechargera son arme. Utilise cet intervalle de
temps pour lui foutre une pâtée.
","Il sera plus facile d'attaquer Ocelot quand il
rechargera son arme. Utilise cet intervalle de
temps pour lui foutre une pâtée.
"
0x24234,"Ocelot possède deux revolvers Single Action
Army. Soit 12 balles en tout.
","Ocelot possède deux revolvers Single Action
Army. Soit 12 balles en tout.
"
0x24280,"Essaie de compter le nombre de balles qu'il lui
reste. Quand il s'arrête pour recharger,
ouvre le feu!
","Essaie de compter le nombre de balles qu'il lui
reste. Quand il s'arrête pour recharger,
ouvre le feu!
"
0x242e9,"On dit que The Pain est capable de
contrôler ses frelons selon son bon vouloir.
","On dit que The Pain est capable de
contrôler ses frelons selon son bon vouloir.
"
0x2433b,"Attention à ses attaques d'insectes, ses
tristement célèbres 'balles-abeilles'.
","Attention à ses attaques d'insectes, ses
tristement célèbres 'balles-abeilles'.
"
0x2438f,"The Pain n'utilise pas seulement des frelons. Il
a aussi des armes et des grenades dans son
arsenal.
","The Pain n'utilise pas seulement des frelons. Il
a aussi des armes et des grenades dans son
arsenal.
"
0x243f5,"Fais particulièrement attention à ses grenades.
","Fais particulièrement attention à ses grenades.
"
0x24428,"Snake, fais attention à ces balles-abeilles.
","Snake, fais attention à ces balles-abeilles.
"
0x24457,"Les 'balles-abeilles', c'est le surnom que The
Pain a donné aux frelons qu'il garde à
l'intérieur de son corps.
","Les 'balles-abeilles', c'est le surnom que The
Pain a donné aux frelons qu'il garde à
l'intérieur de son corps.
"
0x244cb,"Quand The Pain leur en donne l'ordre, elles
volent vers leur cible comme des balles,
pénètrent à l'intérieur du corps et le détruisent
de l'intérieur jusqu'à sa mort.
","Quand The Pain leur en donne l'ordre, elles
volent vers leur cible comme des balles,
pénètrent à l'intérieur du corps et le détruisent
de l'intérieur jusqu'à sa mort.
"
0x2457a,"Si tu es touché par une balle-abeille, ouvre
immédiatement le Visualiseur de survie et
traite ta blessure à partir de l'écran GUERIR.
","Si tu es touché par une balle-abeille, ouvre
immédiatement le Visualiseur de survie et
traite ta blessure à partir de l'écran GUERIR.
"
0x24605,"Malgré son nom, une balle-abeille est en fait
une espèce de frelon. Elle ne te suivra pas
dans l'eau.
","Malgré son nom, une balle-abeille est en fait
une espèce de frelon. Elle ne te suivra pas
dans l'eau.
"
0x2466e,"Si The Pain te lance une attaque, plonge sous
l'eau.
","Si The Pain te lance une attaque, plonge sous
l'eau.
"
0x246a4,"On dit que The Pain peut utiliser ses frelons
pour créer une copie de lui-même et
confondre ses ennemis.
","On dit que The Pain peut utiliser ses frelons
pour créer une copie de lui-même et
confondre ses ennemis.
"
0x24710,"Si c'est le cas, essaie de trouver le vrai The
Pain, et attaque-le.
","Si c'est le cas, essaie de trouver le vrai The
Pain, et attaque-le.
"
0x24755,"Lorsqu'il se duplique, les frelons qui
normalement le protègent servent à créer son
double.
","Lorsqu'il se duplique, les frelons qui
normalement le protègent servent à créer son
double.
"
0x247b5,"Cela veut dire que tu pourras le blesser avec
ton arme.
","Cela veut dire que tu pourras le blesser avec
ton arme.
"
0x247ee,"Mais attention. Si tu te plantes et tires sur son
double, ou si tu mets trop de temps à tirer, il
va contre-attaquer.
","Mais attention. Si tu te plantes et tires sur son
double, ou si tu mets trop de temps à tirer, il
va contre-attaquer.
"
0x24866,"Tu dis qu'il utilise une mitraillette?
","Tu dis qu'il utilise une mitraillette?
"
0x2488e,"Oui, une mitraillette Thompson.
","Oui, une mitraillette Thompson.
"
0x248af,"La mitraillette Thompson est une arme qui a
été largement utilisée pendant la Deuxième
Guerre mondiale.
","La mitraillette Thompson est une arme qui a
été largement utilisée pendant la Deuxième
Guerre mondiale.
"
0x2491c,"Elle a une cadence de 700 coups par minute,
avec un calibre .45.
","Elle a une cadence de 700 coups par minute,
avec un calibre .45.
"
0x2495e,"Elle est solide et fiable, d'où sa popularité
pendant la Guerre de Corée,
","Elle est solide et fiable, d'où sa popularité
pendant la Guerre de Corée,
"
0x249ac,"et c'est encore l'arme de prédilection de
beaucoup d'unités spéciales armées.
","et c'est encore l'arme de prédilection de
beaucoup d'unités spéciales armées.
"
0x249ff,"Bon, elle commence à dater mais elle est
toujours aussi redoutable.
","Bon, elle commence à dater mais elle est
toujours aussi redoutable.
"
0x24a45,"Tu as dit qu'il y avait là-bas des plateformes
volantes?
","Tu as dit qu'il y avait là-bas des plateformes
volantes?
"
0x24a80,"C'est un type d'avion à décollage et
atterrissage vertical.
","C'est un type d'avion à décollage et
atterrissage vertical.
"
0x24abf,"Ils ne faisaient pas aussi des recherches dans
ce domaine en Amérique?
","Ils ne faisaient pas aussi des recherches dans
ce domaine en Amérique?
"
0x24b08,"Oui, dans les années 50.
","Oui, dans les années 50.
"
0x24b23,"On devait les utiliser pour des missions de
reconnaissance
","On devait les utiliser pour des missions de
reconnaissance
"
0x24b5f,"pour repérer les unités d'artillerie et transporter
les troupes sur le champ de bataille.
","pour repérer les unités d'artillerie et transporter
les troupes sur le champ de bataille.
"
0x24bbc,"Ils avaient même sorti un prototype en 1955.
","Ils avaient même sorti un prototype en 1955.
"
0x24beb,"Mais ce truc n'était pas assez rapide et il y a
avait des difficultés à s'arrêter et à tourner
en l'air.
","Mais ce truc n'était pas assez rapide et il y a
avait des difficultés à s'arrêter et à tourner
en l'air.
"
0x24c5a,"Ils ont donc fini par abandonner ce projet.
","Ils ont donc fini par abandonner ce projet.
"
0x24c87,"Ceux-ci ont été construits par les Soviétiques
quand ils ont mis la main sur les plans du
modèle américain.
","Ceux-ci ont été construits par les Soviétiques
quand ils ont mis la main sur les plans du
modèle américain.
"
0x24cf9,"Pour son décollage, le modèle américain
utilisait une paire de rotors contrarotatifs.
","Pour son décollage, le modèle américain
utilisait une paire de rotors contrarotatifs.
"
0x24d53,"Mais le modèle soviétique semble utiliser des
turboréacteurs.
","Mais le modèle soviétique semble utiliser des
turboréacteurs.
"
0x24d95,"Ils ont dû continuer les recherches là où les
Etats-Unis s'étaient arrêtés.
","Ils ont dû continuer les recherches là où les
Etats-Unis s'étaient arrêtés.
"
0x24de8,"Et maintenant, ils nous ont dépassé. Il faut
saluer leurs efforts et leur ténacité.
","Et maintenant, ils nous ont dépassé. Il faut
saluer leurs efforts et leur ténacité.
"
0x24e41,"Si tu es repéré par une de ces plateformes
volantes, tu passeras en Phase d'Alerte.
","Si tu es repéré par une de ces plateformes
volantes, tu passeras en Phase d'Alerte.
"
0x24e98,"Les plateformes volantes en tant que telles ne
sont pas armées, mais les pilotes utilisent des
mitraillettes Scorpion et des grenades.
","Les plateformes volantes en tant que telles ne
sont pas armées, mais les pilotes utilisent des
mitraillettes Scorpion et des grenades.
"
0x24f21,"Le Scorpion n'a pas un recul très important, ce
qui leur permet de tirer d'une main en mode
automatique.
","Le Scorpion n'a pas un recul très important, ce
qui leur permet de tirer d'une main en mode
automatique.
"
0x24f8c,"Ce qui leur donne une puissance de feu assez
effrayante.
","Ce qui leur donne une puissance de feu assez
effrayante.
"
0x24fc6,"Le blindage de ces plateformes volantes est
sûrement assez épais.
","Le blindage de ces plateformes volantes est
sûrement assez épais.
"
0x2500b,"Je ne pense pas que tu pourras le percer avec
juste un revolver ou un fusil d'assaut.
","Je ne pense pas que tu pourras le percer avec
juste un revolver ou un fusil d'assaut.
"
0x25062,"En combat avec une plateforme volante,
essaie de viser le pilote ou le moteur en
dessous de l'appareil.
","En combat avec une plateforme volante,
essaie de viser le pilote ou le moteur en
dessous de l'appareil.
"
0x250cb,"Ces plateformes volantes sont équipées d'un
projecteur à l'avant.
","Ces plateformes volantes sont équipées d'un
projecteur à l'avant.
"
0x25111,"Si tu arrives à le détruire, elles devraient avoir
plus de mal à te repérer.
","Si tu arrives à le détruire, elles devraient avoir
plus de mal à te repérer.
"
0x25163,"Et dans certains cas, elles retourneront à la
base pour être réparées.
","Et dans certains cas, elles retourneront à la
base pour être réparées.
"
0x251af,"Snake, The Fear est censé porter une sorte de
camouflage optique.
","Snake, The Fear est censé porter une sorte de
camouflage optique.
"
0x251f3,"Je ne sais pas comment ça marche
exactement, mais ça semble réfléchir la
lumière autour de lui pour le camoufler.
","Je ne sais pas comment ça marche
exactement, mais ça semble réfléchir la
lumière autour de lui pour le camoufler.
"
0x2526b,"C'est le meilleur camouflage que j'ai jamais vu.
Il va donc être difficile de savoir où il se
trouve.
","C'est le meilleur camouflage que j'ai jamais vu.
Il va donc être difficile de savoir où il se
trouve.
"
0x252d4,"Mais cela ne veut pas dire qu'il n'a pas un
talon d'Achille.
","Mais cela ne veut pas dire qu'il n'a pas un
talon d'Achille.
"
0x25312,"Porter un camouflage optique semble utiliser
beaucoup d'endurance.
","Porter un camouflage optique semble utiliser
beaucoup d'endurance.
"
0x25356,"Quand il n'aura plus d'endurance, le
camouflage ne fonctionnera plus. Profite alors
de cette occasion.
","Quand il n'aura plus d'endurance, le
camouflage ne fonctionnera plus. Profite alors
de cette occasion.
"
0x253be,"Ce n'est pas parce qu'il porte un camouflage
optique qu'il n'est pas là. Tu pourras toujours
déterminer son emplacement à l'aide de tes
capteurs.
","Ce n'est pas parce qu'il porte un camouflage
optique qu'il n'est pas là. Tu pourras toujours
déterminer son emplacement à l'aide de tes
capteurs.
"
0x25454,"Utilise ton détecteur de mouvements et ton
sonar actif.
","Utilise ton détecteur de mouvements et ton
sonar actif.
"
0x2548e,"Les lunettes thermiques devraient également
t'aider.
","Les lunettes thermiques devraient également
t'aider.
"
0x254c5,"The Fear utilise deux types d'arbalètes: Little
Joe et Guillaume Tell.
","The Fear utilise deux types d'arbalètes: Little
Joe et Guillaume Tell.
"
0x2550e,"La Little Joe a été conçue pour le combat
rapproché. Elle n'est pas très puissante, mais
elle se recharge rapidement.
","La Little Joe a été conçue pour le combat
rapproché. Elle n'est pas très puissante, mais
elle se recharge rapidement.
"
0x2558a,"Quant à la Guillaume Tell, elle est utilisée
dans les combats sur longue distance. Elle est
longue à recharger, mais sa puissance de tir
est impressionnante.
","Quant à la Guillaume Tell, elle est utilisée
dans les combats sur longue distance. Elle est
longue à recharger, mais sa puissance de tir
est impressionnante.
"
0x2562c,"Fais attention.
","Fais attention.
"
0x2563d,"En plus des flèches normales de ses arbalètes,
The Fear utilise une variété de flèches
spéciales, comme des flèches empoisonnées
ou géantes.
","En plus des flèches normales de ses arbalètes,
The Fear utilise une variété de flèches
spéciales, comme des flèches empoisonnées
ou géantes.
"
0x256d4,"On dit même qu'il utilise des grenades
fixées à ses flèches.
","On dit même qu'il utilise des grenades
fixées à ses flèches.
"
0x25716,"S'il te tire dessus avec l'une de ses grenades,
tu vas subir des dommages conséquents. Fais
attention!
","S'il te tire dessus avec l'une de ses grenades,
tu vas subir des dommages conséquents. Fais
attention!
"
0x2577f,"La forêt de Sokrovenno est très grande.
C'est là que la fonction CARTE du Visualiseur
de survie va devenir très utile.
","La forêt de Sokrovenno est très grande.
C'est là que la fonction CARTE du Visualiseur
de survie va devenir très utile.
"
0x257fb,"Elle t'indiquera non seulement le terrain et les
endroits où tu es allé,
","Elle t'indiquera non seulement le terrain et les
endroits où tu es allé,
"
0x25847,"mais tu pourras aussi l'utiliser pour déterminer
les emplacements sélectionnés par The End
pour tirer en embuscade.
","mais tu pourras aussi l'utiliser pour déterminer
les emplacements sélectionnés par The End
pour tirer en embuscade.
"
0x258bf,"Familiarise-toi avec le terrain et essaie de
surprendre The End par derrière.
","Familiarise-toi avec le terrain et essaie de
surprendre The End par derrière.
"
0x2590f,"Hé, tu as des lunettes thermiques, non?
","Hé, tu as des lunettes thermiques, non?
"
0x25939,"Utilise-les pour trouver The End, même s'il
utilise son camouflage.
","Utilise-les pour trouver The End, même s'il
utilise son camouflage.
"
0x2597f,"Un mot d'avertissement cependant:
","Un mot d'avertissement cependant:
"
0x259a2,"j'ai entendu dire que lorsqu'il est en
communication avec la forêt, la température
de son corps est tout juste supérieure à celle
de l'air ambiant.
","j'ai entendu dire que lorsqu'il est en
communication avec la forêt, la température
de son corps est tout juste supérieure à celle
de l'air ambiant.
"
0x25a3b,"Il va être plus difficile à repérer que
n'importe quel autre bidasse.
","Il va être plus difficile à repérer que
n'importe quel autre bidasse.
"
0x25a85,"Snake, attention aux embuscades des Ocelots.
Utilise ton détecteur de mouvements et ton
sonar actif pour devancer leurs attaques.
","Snake, attention aux embuscades des Ocelots.
Utilise ton détecteur de mouvements et ton
sonar actif pour devancer leurs attaques.
"
0x25b09,"Le Hind est armé d'une mitraillette 12,7mm à
l'avant et de paniers à roquettes et de missiles
anti-chars sur les moignons d'ailes...
","Le Hind est armé d'une mitraillette 12,7mm à
l'avant et de paniers à roquettes et de missiles
anti-chars sur les moignons d'ailes...
"
0x25b92,"Il faut être fou pour l'affronter à pied.
","Il faut être fou pour l'affronter à pied.
"
0x25bbf,"S'il commence à t'attaquer avec sa mitraillette
ou ses roquettes, abrite-toi illico presto.
","S'il commence à t'attaquer avec sa mitraillette
ou ses roquettes, abrite-toi illico presto.
"
0x25c1d,"Quant aux missiles, tu devrais pouvoir brouiller
le signal radio de leur système de guidage
avec une grenade à particules métalliques.
","Quant aux missiles, tu devrais pouvoir brouiller
le signal radio de leur système de guidage
avec une grenade à particules métalliques.
"
0x25ca8,"Ton fusil d'assaut ne va pas pénétrer le
blindage du Hind.
","Ton fusil d'assaut ne va pas pénétrer le
blindage du Hind.
"
0x25ce6,"Essaie le RPG-7.
","Essaie le RPG-7.
"
0x25cf8,"Si tu n'utilises pas un lance-roquettes ou une
arme similaire, tu ne pourras pas le descendre.
","Si tu n'utilises pas un lance-roquettes ou une
arme similaire, tu ne pourras pas le descendre.
"
0x25d58,"EVA a bien dit qu'il y avait un RPG-7 dans ces
montagnes?
","EVA a bien dit qu'il y avait un RPG-7 dans ces
montagnes?
"
0x25d93,"Avec un RPG-7, tu auras peut-être une
chance contre le Hind. Essaie de le trouver.
","Avec un RPG-7, tu auras peut-être une
chance contre le Hind. Essaie de le trouver.
"
0x25de8,"Si tu t'empares d'un des canons anti-aériens
de ces montagnes, tu pourras sûrement
affronter le Hind.
","Si tu t'empares d'un des canons anti-aériens
de ces montagnes, tu pourras sûrement
affronter le Hind.
"
0x25e51,"Le Hind est un hélicoptère d'attaque qui peut
transporter du personnel. Il va peut-être
déposer des troupes près de toi. Ne te fais pas
surprendre.
","Le Hind est un hélicoptère d'attaque qui peut
transporter du personnel. Il va peut-être
déposer des troupes près de toi. Ne te fais pas
surprendre.
"
0x25eeb,"Le Hind est protégé par un solide blindage,
mais tu pourras peut-être pénétrer le cockpit
d'une balle de fusil.
","Le Hind est protégé par un solide blindage,
mais tu pourras peut-être pénétrer le cockpit
d'une balle de fusil.
"
0x25f61,"Utilise le SVD.
","Utilise le SVD.
"
0x25f72,"Sigint.
","Sigint.
"
0x25f7b,"Ouaip.
","Ouaip.
"
0x25f83,"EVA a dit qu'elle avait prévu que nous allions
nous échapper en aéroglisseur.
","EVA a dit qu'elle avait prévu que nous allions
nous échapper en aéroglisseur.
"
0x25fd5,"Oui, à ce qu'il paraît.
","Oui, à ce qu'il paraît.
"
0x25ff0,"Cet aéroglisseur, ou WIG, est à mi-chemin
entre un avion et un bateau. Il utilise l'effet de
sol pour voler.
","Cet aéroglisseur, ou WIG, est à mi-chemin
entre un avion et un bateau. Il utilise l'effet de
sol pour voler.
"
0x26060,"En gros, l'effet de sol, c'est ça: quand un avion
vole près du sol,
","En gros, l'effet de sol, c'est ça: quand un avion
vole près du sol,
"
0x260a7,"l'air entre l'aile et le sol est comprimé, ce qui
confère à l'aile une poussée supplémentaire.
","l'air entre l'aile et le sol est comprimé, ce qui
confère à l'aile une poussée supplémentaire.
"
0x2610c,"D'après les services d'espionnage occidentaux,
les Russes cherchent sérieusement à
développer ces WIG.
","D'après les services d'espionnage occidentaux,
les Russes cherchent sérieusement à
développer ces WIG.
"
0x26178,"Apparemment, ils prévoient de les utiliser pour
effectuer des patrouilles anti-sous-marins.
","Apparemment, ils prévoient de les utiliser pour
effectuer des patrouilles anti-sous-marins.
"
0x261d6,"Je crois comprendre pourquoi. Avec leur
autonomie très importante et leur vitesse
élevée, ils seraient l'embarcation idéale pour
ce genre de mission.
","Je crois comprendre pourquoi. Avec leur
autonomie très importante et leur vitesse
élevée, ils seraient l'embarcation idéale pour
ce genre de mission.
"
0x26271,"EVA a dû mettre les mains sur l'un des
premiers prototypes alors qu'ils étaient testés
sur le terrain comme embarcation de transport.
","EVA a dû mettre les mains sur l'un des
premiers prototypes alors qu'ils étaient testés
sur le terrain comme embarcation de transport.
"
0x262fb,"Le WIG a une vitesse supérieure à 700km/h.
Et il peut aussi voyager sur une très grande
distance.
","Le WIG a une vitesse supérieure à 700km/h.
Et il peut aussi voyager sur une très grande
distance.
"
0x26361,"Bon, cela ne vous aidera pas si vous êtes
poursuivis par un avion de chasse
supersonique,
","Bon, cela ne vous aidera pas si vous êtes
poursuivis par un avion de chasse
supersonique,
"
0x263bd,"mais en restant à la surface, les radars ne
vous repéreront pas et vous devriez vous
échapper sans problème.
","mais en restant à la surface, les radars ne
vous repéreront pas et vous devriez vous
échapper sans problème.
"
0x2642f,"The Fury n'utilise pas un lance-flammes
ordinaire.
","The Fury n'utilise pas un lance-flammes
ordinaire.
"
0x26463,"Normalement, les lance-flammes utilisent un
mélange de napalm et d'essence.
","Normalement, les lance-flammes utilisent un
mélange de napalm et d'essence.
"
0x264b1,"Mais on dit que le sien utilise du carburant de
fusée liquide.
","Mais on dit que le sien utilise du carburant de
fusée liquide.
"
0x264f2,"C'est probablement un mélange de DMHD
(dyméthylhydrazine dissymétrique) et de
tétroxyde d'azote.
","C'est probablement un mélange de DMHD
(dyméthylhydrazine dissymétrique) et de
tétroxyde d'azote.
"
0x26558,"Tu as sûrement vu à quel point ce mélange
était puissant.
","Tu as sûrement vu à quel point ce mélange
était puissant.
"
0x26597,"Le lance-flammes que porte The Fury est une
arme diabolique. Toute attaque frontale sera
facilement repoussée par les flammes.
","Le lance-flammes que porte The Fury est une
arme diabolique. Toute attaque frontale sera
facilement repoussée par les flammes.
"
0x26618,"Tu vas devoir l'encercler et l'attaquer par
derrière ou sur le côté.
","Tu vas devoir l'encercler et l'attaquer par
derrière ou sur le côté.
"
0x26661,"The Fury porte une combinaison résistante aux
flammes conçue à partir d'une combinaison
spatiale.
","The Fury porte une combinaison résistante aux
flammes conçue à partir d'une combinaison
spatiale.
"
0x266c7,"S'il est déjà assez difficile de résister aux
flammes qu'il t'envoie,
","S'il est déjà assez difficile de résister aux
flammes qu'il t'envoie,
"
0x26711,"les grenades et les grenades au phosphore
blanc n'auront aucun effet sur lui.
","les grenades et les grenades au phosphore
blanc n'auront aucun effet sur lui.
"
0x26760,"Bien sûr, si tu arrives à faire un trou dans
sa combinaison, ça va être une autre
histoire.
","Bien sûr, si tu arrives à faire un trou dans
sa combinaison, ça va être une autre
histoire.
"
0x267c1,"Si tu utilises un couteau pour l'attaquer en
combat rapproché, tu devrais pouvoir
endommager sa combinaison anti-flammes.
","Si tu utilises un couteau pour l'attaquer en
combat rapproché, tu devrais pouvoir
endommager sa combinaison anti-flammes.
"
0x2683d,"Pour l'attaquer avec ton couteau, approche-toi
de lui par derrière en mode Traque.
","Pour l'attaquer avec ton couteau, approche-toi
de lui par derrière en mode Traque.
"
0x26892,"Mais tu devras te soucier de choses bien plus
importantes que de ne pas faire de bruit. Toute
lumière que tu transportes, comme un cigare
ou une torche, va trahir ta présence.
","Mais tu devras te soucier de choses bien plus
importantes que de ne pas faire de bruit. Toute
lumière que tu transportes, comme un cigare
ou une torche, va trahir ta présence.
"
0x26945,"Alors quand tu t'approches lentement de lui,
déséquipe-toi de ton cigare ou de ta torche.
","Alors quand tu t'approches lentement de lui,
déséquipe-toi de ton cigare ou de ta torche.
"
0x269a2,"Tu as fais un trou dans la combinaison
anti-flammes de The Fury?!
","Tu as fais un trou dans la combinaison
anti-flammes de The Fury?!
"
0x269e5,"C'est le moment d'utiliser des grenades et des
grenades au phosphore blanc sur lui.
","C'est le moment d'utiliser des grenades et des
grenades au phosphore blanc sur lui.
"
0x26a3a,"S'il se tient debout à proximité d'un baril, tu
peux aussi essayer de le faire exploser.
","S'il se tient debout à proximité d'un baril, tu
peux aussi essayer de le faire exploser.
"
0x26a96,"Tu ne pourras pas te battre si tu ne vois rien
en face de toi. Tu dois pouvoir te fier à ta
vision.
","Tu ne pourras pas te battre si tu ne vois rien
en face de toi. Tu dois pouvoir te fier à ta
vision.
"
0x26afc,"Essaie les lunettes de vision thermique mais
fais attention aux piles.
","Essaie les lunettes de vision thermique mais
fais attention aux piles.
"
0x26b44,"Quand tu portes les lunettes de vision
nocturne, ne regarde pas directement les
flammes de The Fury
","Quand tu portes les lunettes de vision
nocturne, ne regarde pas directement les
flammes de The Fury
"
0x26ba9,"ou tu seras momentanément aveuglé par
l'image différée.
","ou tu seras momentanément aveuglé par
l'image différée.
"
0x26be6,"S'il tire avec son lance-flammes, regarde
ailleurs ou enlève tes lunettes.
","S'il tire avec son lance-flammes, regarde
ailleurs ou enlève tes lunettes.
"
0x26c33,"Si tes lunettes de vision nocturne n'ont plus de
pile, utilise un cigare ou une torche.
","Si tes lunettes de vision nocturne n'ont plus de
pile, utilise un cigare ou une torche.
"
0x26c8c,"Mais si tu t'approches de lui avec une lumière,
il saura que tu es là. Ne l'oublie pas.
","Mais si tu t'approches de lui avec une lumière,
il saura que tu es là. Ne l'oublie pas.
"
0x26ce7,"Snake, la porte de cette cellule est réglée pour
s'ouvrir à une fréquence radio bien précise.
","Snake, la porte de cette cellule est réglée pour
s'ouvrir à une fréquence radio bien précise.
"
0x26d4b,"Si seulement tu connaissais la fréquence, tu
pourrais utiliser ta radio pour ouvrir cette
porte...
","Si seulement tu connaissais la fréquence, tu
pourrais utiliser ta radio pour ouvrir cette
porte...
"
0x26db0,"Snake, tu vas bien?
","Snake, tu vas bien?
"
0x26dc5,"Ouais. J'ai fait un rêve horrible.
","Ouais. J'ai fait un rêve horrible.
"
0x26dea,"Sans rire. Qu'est-ce qui s'est passé?
","Sans rire. Qu'est-ce qui s'est passé?
"
0x26e12,"Je préfère ne pas y penser. J'étais attaqué par
une horde de monstres humanoïdes. Et je... ne
suis pas sûr que c'était moi.
","Je préfère ne pas y penser. J'étais attaqué par
une horde de monstres humanoïdes. Et je... ne
suis pas sûr que c'était moi.
"
0x26e96,"Au moins, ce n'était qu'un rêve. Tout se
termine quand tu te réveilles.
","Au moins, ce n'était qu'un rêve. Tout se
termine quand tu te réveilles.
"
0x26ee2,"C'est vrai.
","C'est vrai.
"
0x26eef,"A y penser, le fait que tu puisses imaginer une
situation pire que la tienne veut dire que ça ne
va pas si mal que ça...
","A y penser, le fait que tu puisses imaginer une
situation pire que la tienne veut dire que ça ne
va pas si mal que ça...
"
0x26f6b,"J'espère bien.
","J'espère bien.
"
0x26f7c,"Laisse-moi te raconter le pire cauchemar que
j'ai fait. Du style interdit aux moins de 18 ans.
","Laisse-moi te raconter le pire cauchemar que
j'ai fait. Du style interdit aux moins de 18 ans.
"
0x26fdc,"Bon, alors imagine un grand tas de merde,
OK? Ça a la forme d'un char géant,
","Bon, alors imagine un grand tas de merde,
OK? Ça a la forme d'un char géant,
"
0x2702c,"mais avec deux jambes, et qui se déplacent en
détruisant tout sur son passage, les maisons,
les gens, tout.
","mais avec deux jambes, et qui se déplacent en
détruisant tout sur son passage, les maisons,
les gens, tout.
"
0x2709b,"Et cette merde géante transporte les pires
missiles jamais inventés. Et quand il lance un
de ses missiles de merde...
","Et cette merde géante transporte les pires
missiles jamais inventés. Et quand il lance un
de ses missiles de merde...
"
0x27114,"... tout ce qu'il frappe - les gens, les arbres,
les bâtiments - se transforme en merde.
","... tout ce qu'il frappe - les gens, les arbres,
les bâtiments - se transforme en merde.
"
0x2716f,"Ma ville natale, l'école où j'allais, ma famille,
ma copine, le vieux John...
","Ma ville natale, l'école où j'allais, ma famille,
ma copine, le vieux John...
"
0x271c0,"Tout ce qui est sur son chemin est transformé
en merde.
","Tout ce qui est sur son chemin est transformé
en merde.
"
0x271fa,"Arrête, c'est dégoûtant.
","Arrête, c'est dégoûtant.
"
0x27217,"Encore heureux, ce n'était qu'un rêve.
","Encore heureux, ce n'était qu'un rêve.
"
0x27241,"Oui, heureusement.
","Oui, heureusement.
"
0x27255,"Tu te sens mieux maintenant?
","Tu te sens mieux maintenant?
"
0x27273,"Ouais.
","Ouais.
"
0x2727b,"Tant mieux. Alors retournons aux choses
sérieuses.
","Tant mieux. Alors retournons aux choses
sérieuses.
"
0x272b0,"Tu vois, Snake, les gens sont comme des sacs
remplis de merde, avec plein de trous.
Remplis-les d'eau et l'eau va bien devoir sortir
quelque part.
","Tu vois, Snake, les gens sont comme des sacs
remplis de merde, avec plein de trous.
Remplis-les d'eau et l'eau va bien devoir sortir
quelque part.
"
0x27344,"... OK, peut-être que c'est un mauvais
exemple. Ce que je veux dire, c'est que, quelle
que soit la situation, il y a toujours une
échappatoire.
","... OK, peut-être que c'est un mauvais
exemple. Ce que je veux dire, c'est que, quelle
que soit la situation, il y a toujours une
échappatoire.
"
0x273d7,"Ne baisse pas les bras. Libère ton esprit.
Réfléchis. Examine la situation. Tu vas trouver
un moyen pour t'échapper.
","Ne baisse pas les bras. Libère ton esprit.
Réfléchis. Examine la situation. Tu vas trouver
un moyen pour t'échapper.
"
0x27451,"J'ai compris.
","J'ai compris.
"
0x27460,"Pour que mon cauchemar ne devienne pas une
réalité...
","Pour que mon cauchemar ne devienne pas une
réalité...
"
0x27499,"OK.
","OK.
"
0x2749e,"Snake, tu dois poser les charges C3 qu'EVA
t'a données sur les cuves de carburant liquide.
","Snake, tu dois poser les charges C3 qu'EVA
t'a données sur les cuves de carburant liquide.
"
0x274fb,"Mais tu en as tout juste assez pour les cuves.
Pose les charges sur les cuves, et c'est tout.
","Mais tu en as tout juste assez pour les cuves.
Pose les charges sur les cuves, et c'est tout.
"
0x2755a,"Et même si tu les poses au bon endroit, ça
ne servira à rien si l'ennemi les trouve.
","Et même si tu les poses au bon endroit, ça
ne servira à rien si l'ennemi les trouve.
"
0x275b3,"Pose les C3 aussi loin que possible des
regards indiscrets.
","Pose les C3 aussi loin que possible des
regards indiscrets.
"
0x275f0,"Quand tu auras posé toutes les charges C3,
mets en route le détonateur.
","Quand tu auras posé toutes les charges C3,
mets en route le détonateur.
"
0x2763b,"Le compte à rebours commencera
immédiatement.
","Le compte à rebours commencera
immédiatement.
"
0x2766c,"Quand il atteindra zéro, le hangar va voler en
éclats. Mieux vaut que tu sois sorti de là avant
l'explosion.
","Quand il atteindra zéro, le hangar va voler en
éclats. Mieux vaut que tu sois sorti de là avant
l'explosion.
"
0x276dd,"Snake, je te le répète, mais il va falloir faire
attention près de ces cuves à carburant
liquide.
","Snake, je te le répète, mais il va falloir faire
attention près de ces cuves à carburant
liquide.
"
0x27744,"Elles sont remplies de DMHD: du
dyméthylhydrazine dissymétrique. C'est le
carburant utilisé pour propulser les fusées et
les missiles.
","Elles sont remplies de DMHD: du
dyméthylhydrazine dissymétrique. C'est le
carburant utilisé pour propulser les fusées et
les missiles.
"
0x277d0,"Un faux-pas et BOUM! Tu seras transformé en
chair à pâté.
","Un faux-pas et BOUM! Tu seras transformé en
chair à pâté.
"
0x2780f,"Alors, s'il te plaît, pas d'armes à feux ni de
grenades près de ces cuves à carburant
liquide.
","Alors, s'il te plaît, pas d'armes à feux ni de
grenades près de ces cuves à carburant
liquide.
"
0x27873,"Fais attention aux chocs électriques de Volgin!
","Fais attention aux chocs électriques de Volgin!
"
0x278a5,"S'il te touche alors que tu es équipé d'une
arme, le choc mettra le feu aux balles à
l'intérieur de ton chargeur et ton arme
explosera!
","S'il te touche alors que tu es équipé d'une
arme, le choc mettra le feu aux balles à
l'intérieur de ton chargeur et ton arme
explosera!
"
0x27932,"Bats-toi sans arme
","Bats-toi sans arme
"
0x27946,"ou appuie rapidement sur la touche fenêtre
Arme pour déséquiper ton arme quand tu es
sur le point de te faire toucher.
","ou appuie rapidement sur la touche fenêtre
Arme pour déséquiper ton arme quand tu es
sur le point de te faire toucher.
"
0x279c1,"Après une attaque électrique de Volgin, tu
auras un court instant pour réagir. Utilise-le
pour l'attaquer!
","Après une attaque électrique de Volgin, tu
auras un court instant pour réagir. Utilise-le
pour l'attaquer!
"
0x27a30,"La technique de Volgin consiste à tenir une
balle de fusil entre ses doigts
","La technique de Volgin consiste à tenir une
balle de fusil entre ses doigts
"
0x27a7e,"et de frapper son adversaire tout en faisant
exploser la balle avec un choc électrique.
","et de frapper son adversaire tout en faisant
exploser la balle avec un choc électrique.
"
0x27ad8,"C'est un coup de poing, un choc électrique et
un coup de fusil en une seule attaque.
","C'est un coup de poing, un choc électrique et
un coup de fusil en une seule attaque.
"
0x27b2f,"Tu as vu les dégâts que ça pouvait faire s'il
parvient à ses fins. Esquive ses coups, Snake!
","Tu as vu les dégâts que ça pouvait faire s'il
parvient à ses fins. Esquive ses coups, Snake!
"
0x27b91,"Volgin utilise un choc électrique pour faire
exploser la poudre à l'intérieur d'une
cartouche.
","Volgin utilise un choc électrique pour faire
exploser la poudre à l'intérieur d'une
cartouche.
"
0x27bf4,"En d'autres termes, il peut tirer une balle avec
ses mains nues.
","En d'autres termes, il peut tirer une balle avec
ses mains nues.
"
0x27c36,"S'il commence à faire exploser une balle dans
ta direction, abrite-toi! Tu vas te faire
descendre si tu restes planté là!
","S'il commence à faire exploser une balle dans
ta direction, abrite-toi! Tu vas te faire
descendre si tu restes planté là!
"
0x27cb4,"Volgin semble faire dévier les balles en créant
un champ électromagnétique très puissant
autour de son corps.
","Volgin semble faire dévier les balles en créant
un champ électromagnétique très puissant
autour de son corps.
"
0x27d28,"Tu ne le toucheras pas en attaque frontale. Si
tu veux l'avoir avec une arme, attaque-le par
derrière ou sur les côtés.
","Tu ne le toucheras pas en attaque frontale. Si
tu veux l'avoir avec une arme, attaque-le par
derrière ou sur les côtés.
"
0x27da4,"Snake, essaie d'utiliser une grenade Chaff.
","Snake, essaie d'utiliser une grenade Chaff.
"
0x27dd1,"Ses particules métalliques qui flottent en l'air
permettent de dissiper les chocs électriques,
les rendant moins douloureux.
","Ses particules métalliques qui flottent en l'air
permettent de dissiper les chocs électriques,
les rendant moins douloureux.
"
0x27e51,"Snake, il ne te reste plus beaucoup de temps!
Dépêche-toi de le battre!
","Snake, il ne te reste plus beaucoup de temps!
Dépêche-toi de le battre!
"
0x27e9c,"Snake, laisse EVA conduire et contente-toi
d'attaquer.
","Snake, laisse EVA conduire et contente-toi
d'attaquer.
"
0x27ed4,"Elimine les ennemis autour de toi en
Observation à la première personne.
","Elimine les ennemis autour de toi en
Observation à la première personne.
"
0x27f20,"Si un side-car est à vos trousses, dégomme
d'abord l'ennemi dans le siège passager.
","Si un side-car est à vos trousses, dégomme
d'abord l'ennemi dans le siège passager.
"
0x27f78,"Ça devrait limiter sa puissance de tir.
","Ça devrait limiter sa puissance de tir.
"
0x27fa2,"La mitraillette du Shagohod est super
puissante.
","La mitraillette du Shagohod est super
puissante.
"
0x27fd4,"Mais tu dois pouvoir endommager son système
de visée en tirant sur la mitraillette
elle-même.
","Mais tu dois pouvoir endommager son système
de visée en tirant sur la mitraillette
elle-même.
"
0x28036,"Si elle commence à te mitrailler, ouvre aussi le
feu!
","Si elle commence à te mitrailler, ouvre aussi le
feu!
"
0x2806e,"Les missiles du Shagohod sont téléguidés. Tu
pourras désamorcer le système de guidage
avec une grenade Chaff. Alors essaie!
","Les missiles du Shagohod sont téléguidés. Tu
pourras désamorcer le système de guidage
avec une grenade Chaff. Alors essaie!
"
0x280f0,"S'il est trop tard pour utiliser une Chaff, tire-lui
dessus avec ton fusil. Je sais, c'est
peut-être fou, mais tu es sûrement le seul
à pouvoir le faire!
","S'il est trop tard pour utiliser une Chaff, tire-lui
dessus avec ton fusil. Je sais, c'est
peut-être fou, mais tu es sûrement le seul
à pouvoir le faire!
"
0x2818e,"Si le Shagohod essaie de te rentrer dedans,
canarde-le avec le RPG-7 ou une grenade!
","Si le Shagohod essaie de te rentrer dedans,
canarde-le avec le RPG-7 ou une grenade!
"
0x281e4,"Même si tu n'arrives pas à le détruire, tu
devrais au moins le retarder un petit peu!
","Même si tu n'arrives pas à le détruire, tu
devrais au moins le retarder un petit peu!
"
0x2823e,"Snake, tire sur les bombes C3 placées sur le
pont pour le faire exploser.
","Snake, tire sur les bombes C3 placées sur le
pont pour le faire exploser.
"
0x2828a,"Normalement, le C3 est un composé chimique
stable. Mais ça devient un explosif s'il reçoit
un choc externe.
","Normalement, le C3 est un composé chimique
stable. Mais ça devient un explosif s'il reçoit
un choc externe.
"
0x282fa,"EVA a probablement posé un détonateur sur
ces bombes pour qu'elles explosent quand
elles reçoivent un choc externe.
","EVA a probablement posé un détonateur sur
ces bombes pour qu'elles explosent quand
elles reçoivent un choc externe.
"
0x28372,"Elle a dû le faire pour que personne ne les
désamorce. Punaise, elle a pensé à tout.
","Elle a dû le faire pour que personne ne les
désamorce. Punaise, elle a pensé à tout.
"
0x283cc,"Tire sur ces bombes C3, ça devrait déclencher
les détonateurs et faire sauter le pont.
","Tire sur ces bombes C3, ça devrait déclencher
les détonateurs et faire sauter le pont.
"
0x28427,"Pour cela, le SVD ou le RPG-7 devraient faire
l'affaire. Si tu es vraiment un bon tireur, tu
pourras aussi utiliser un fusil d'assaut ou un
revolver.
","Pour cela, le SVD ou le RPG-7 devraient faire
l'affaire. Si tu es vraiment un bon tireur, tu
pourras aussi utiliser un fusil d'assaut ou un
revolver.
"
0x284be,"Mais que je ne te vois pas utiliser un pistolet
tranquillisant.
","Mais que je ne te vois pas utiliser un pistolet
tranquillisant.
"
0x284ff,"Ne pense à rien et concentre-toi sur ta cible.
","Ne pense à rien et concentre-toi sur ta cible.
"
0x28530,"Snake, le Shagohod va bientôt traverser le
pont! Il n'y a pas de temps à perdre!
Dépêche-toi de tirer sur ces bombes!
","Snake, le Shagohod va bientôt traverser le
pont! Il n'y a pas de temps à perdre!
Dépêche-toi de tirer sur ces bombes!
"
0x285ab,"La mitraillette de ce truc est mortelle.
","La mitraillette de ce truc est mortelle.
"
0x285d5,"Mais tu peux le forcer à interrompre ses
attaques en tirant avec le RPG-7 sur la
structure du Shagohod.
","Mais tu peux le forcer à interrompre ses
attaques en tirant avec le RPG-7 sur la
structure du Shagohod.
"
0x2863f,"S'il commence à te mitrailler, lance une
roquette sur le Shagohod avant d'être
transformé en gruyère.
","S'il commence à te mitrailler, lance une
roquette sur le Shagohod avant d'être
transformé en gruyère.
"
0x286aa,"Le blindage de ce truc est quasiment
impénétrable, mais tu arriveras peut-être à
lancer une roquette à l'intérieur.
","Le blindage de ce truc est quasiment
impénétrable, mais tu arriveras peut-être à
lancer une roquette à l'intérieur.
"
0x28725,"A chaque fois qu'il utilise la mitraillette, la
trappe du blindage s'ouvre. C'est le moment
pour tirer!
","A chaque fois qu'il utilise la mitraillette, la
trappe du blindage s'ouvre. C'est le moment
pour tirer!
"
0x2878e,"Lorsqu'il te pilonne avec cette foreuse, il a une
force phénoménale derrière lui. Il t'infligera des
dommages importants.
","Lorsqu'il te pilonne avec cette foreuse, il a une
force phénoménale derrière lui. Il t'infligera des
dommages importants.
"
0x2880c,"Si le Shagohod essaie de te pilonner,
canarde-le avec le RPG-7 pour le désarçonner!
","Si le Shagohod essaie de te pilonner,
canarde-le avec le RPG-7 pour le désarçonner!
"
0x28863,"N'essaie pas de tirer sur Volgin de l'avant. Il
fera dévier tes balles avec son champ
électromagnétique.
","N'essaie pas de tirer sur Volgin de l'avant. Il
fera dévier tes balles avec son champ
électromagnétique.
"
0x288d0,"Passe derrière le Shagohod ou sur ses
côtés et tire sur Volgin de là!
","Passe derrière le Shagohod ou sur ses
côtés et tire sur Volgin de là!
"
0x2891b,"Snake, ne laisse pas tes ennemis te rattraper!
Utilise l'Observation à la première personne
pour les dégommer!
","Snake, ne laisse pas tes ennemis te rattraper!
Utilise l'Observation à la première personne
pour les dégommer!
"
0x2898e,"Snake, tu es presque arrivé au lac. Tu vas y
arriver, mon pote!
","Snake, tu es presque arrivé au lac. Tu vas y
arriver, mon pote!
"
0x289d0,"Snake, EVA et toi, vous êtes en mauvais
état. A votre place, je n'imaginerais même
pas affronter l'ennemi en combat frontal.
","Snake, EVA et toi, vous êtes en mauvais
état. A votre place, je n'imaginerais même
pas affronter l'ennemi en combat frontal.
"
0x28a51,"Il est temps de poser quelques pièges.
","Il est temps de poser quelques pièges.
"
0x28a7a,"Pose un piège de manière intelligente et tu
pourras stopper l'ennemi dans sa traque. Et ça
vous permettra de gagner un peu de temps.
","Pose un piège de manière intelligente et tu
pourras stopper l'ennemi dans sa traque. Et ça
vous permettra de gagner un peu de temps.
"
0x28b03,"Utilise du TNT ou des Claymores pour rendre
leur travail plus difficile.
","Utilise du TNT ou des Claymores pour rendre
leur travail plus difficile.
"
0x28b4d,"Pas la peine de battre tous les mecs à votre
poursuite. Votre souci majeur, c'est de vous
échapper vivants.
","Pas la peine de battre tous les mecs à votre
poursuite. Votre souci majeur, c'est de vous
échapper vivants.
"
0x28bbc,"Les grenades fumigènes et paralysantes ne
causeront pas beaucoup de dommages, mais
elles ralentiront à coup sûr vos ennemis.
","Les grenades fumigènes et paralysantes ne
causeront pas beaucoup de dommages, mais
elles ralentiront à coup sûr vos ennemis.
"
0x28c3d,"Alors The Boss a fait appel aux MiGs?
","Alors The Boss a fait appel aux MiGs?
"
0x28c64,"Ce sont probablement des MiG-21, des
chasseurs soviétiques.
","Ce sont probablement des MiG-21, des
chasseurs soviétiques.
"
0x28ca2,"Ils peuvent transporter des roquettes et des
bombes pour des attaques air-sol.
","Ils peuvent transporter des roquettes et des
bombes pour des attaques air-sol.
"
0x28cf2,"Si un MiG te lance une attaque au napalm, tu
peux dire adieu à la vie. Tu vas devoir battre
The Boss avant qu'ils n'arrivent!
","Si un MiG te lance une attaque au napalm, tu
peux dire adieu à la vie. Tu vas devoir battre
The Boss avant qu'ils n'arrivent!
"
0x28d72,"L'arme utilisée par The Boss est une arme
unique qu'elle a spécialement conçue. On
l'appelle le 'Patriot'.
","L'arme utilisée par The Boss est une arme
unique qu'elle a spécialement conçue. On
l'appelle le 'Patriot'.
"
0x28de1,"En gros, ils ont pris le XM16E1 expérimental
de l'armée, coupé le canon et enlevé le talon.
","En gros, ils ont pris le XM16E1 expérimental
de l'armée, coupé le canon et enlevé le talon.
"
0x28e42,"Ça se manie comme un revolver mais ça a la
puissance de tir d'un fusil.
","Ça se manie comme un revolver mais ça a la
puissance de tir d'un fusil.
"
0x28e8d,"Mais étant donné que le canon est si court, le
recul de l'arme est vachement important.
","Mais étant donné que le canon est si court, le
recul de l'arme est vachement important.
"
0x28ee8,"Et dire qu'elle le manie d'une seule main! Je
comprends pourquoi elle est devenue ce héros
de légende, à la tête des Cobras.
","Et dire qu'elle le manie d'une seule main! Je
comprends pourquoi elle est devenue ce héros
de légende, à la tête des Cobras.
"
0x28f6a,"Tant que The Boss t'attaque avec ce Patriot,
tes attaques frontales seront inutiles.
","Tant que The Boss t'attaque avec ce Patriot,
tes attaques frontales seront inutiles.
"
0x28fc0,"Passe derrière elle ou sur ses côtés pour
l'attaquer. Allez, presto!
","Passe derrière elle ou sur ses côtés pour
l'attaquer. Allez, presto!
"
0x29009,"Si The Boss t'attaque en CQC,
","Si The Boss t'attaque en CQC,
"
0x29028,"elle risque de désassembler l'arme dont tu es
équipé à ce moment-là.
","elle risque de désassembler l'arme dont tu es
équipé à ce moment-là.
"
0x29073,"L'arme désassemblée sera transformée en
Boîtes à Objets éparpillées un peu partout
autour de toi. Essaie de les récupérer le plus
vite possible.
","L'arme désassemblée sera transformée en
Boîtes à Objets éparpillées un peu partout
autour de toi. Essaie de les récupérer le plus
vite possible.
"
0x2910e,"Tu peux aussi essayer de l'aveugler avec une
grenade paralysante ou une grenade fumigène.
","Tu peux aussi essayer de l'aveugler avec une
grenade paralysante ou une grenade fumigène.
"
0x2916a,"Quand elle t'aura perdu de vue, déplace-toi
derrière elle ou sur ses côtés et attaque-la!
","Quand elle t'aura perdu de vue, déplace-toi
derrière elle ou sur ses côtés et attaque-la!
"
0x291c9,"Snake, déplace-toi dans ce champ de fleurs de
façon à ce que The Boss ne puisse pas te voir
et essaie de passer derrière elle.
","Snake, déplace-toi dans ce champ de fleurs de
façon à ce que The Boss ne puisse pas te voir
et essaie de passer derrière elle.
"
0x2924d,"Utilise ton sonar actif ou ton détecteur de
mouvements pour la localiser.
","Utilise ton sonar actif ou ton détecteur de
mouvements pour la localiser.
"
0x29299,"Mais garde un œil sur les piles!
","Mais garde un œil sur les piles!
"
0x292bc,"Snake! Il ne te reste plus beaucoup de temps!
Débarrasse-toi d'elle et vite!
","Snake! Il ne te reste plus beaucoup de temps!
Débarrasse-toi d'elle et vite!
"
0x2930b,"Il est trop tard pour reculer, Snake! Ramasse
ce pistolet!
","Il est trop tard pour reculer, Snake! Ramasse
ce pistolet!
"
0x29347,"Ah, tu utilises le couteau de survie.
","Ah, tu utilises le couteau de survie.
"
0x2936e,"Ouais. Ce truc me fournit tout ce dont j'ai
besoin pour survivre sur le terrain.
","Ouais. Ce truc me fournit tout ce dont j'ai
besoin pour survivre sur le terrain.
"
0x293c0,"Hé, une minute. Qu'est-ce que tu as fait du
couteau que je t'avais fabriqué? C'était une
œuvre d'art.
","Hé, une minute. Qu'est-ce que tu as fait du
couteau que je t'avais fabriqué? C'était une
œuvre d'art.
"
0x2942b,"J'avais mis des allumettes, des hameçons, du
fil et plein de trucs dans le manche.
","J'avais mis des allumettes, des hameçons, du
fil et plein de trucs dans le manche.
"
0x29480,"Désolé de te décevoir mais ce truc était
totalement inutile au combat.
","Désolé de te décevoir mais ce truc était
totalement inutile au combat.
"
0x294cc,"Tu déconnes! Vraiment?
","Tu déconnes! Vraiment?
"
0x294e5,"Ouais. Lorsque le manche est creux comme
ça, il n'y a pas assez d'espace pour stabiliser
la lame.
","Ouais. Lorsque le manche est creux comme
ça, il n'y a pas assez d'espace pour stabiliser
la lame.
"
0x29549,"Et le joint entre la lame et le manche n'est pas
assez solide. Et donc il se casse plus
facilement.
","Et le joint entre la lame et le manche n'est pas
assez solide. Et donc il se casse plus
facilement.
"
0x295ae,"J'ai compris. Tu as raison - ce couteau-là ne
risque pas de se casser, même si tu
l'utilises beaucoup.
","J'ai compris. Tu as raison - ce couteau-là ne
risque pas de se casser, même si tu
l'utilises beaucoup.
"
0x29618,"Le truc important, c'est la durabilité... mon
pote, il va falloir que je note ça.
","Le truc important, c'est la durabilité... mon
pote, il va falloir que je note ça.
"
0x2966d,"La prochaine fois, je mettrai les allumettes et
les hameçons dans le fourreau.
","La prochaine fois, je mettrai les allumettes et
les hameçons dans le fourreau.
"
0x296be,"...
","...
"
0x296c3,"Snake, qu'est-ce que tu as dans les mains?
","Snake, qu'est-ce que tu as dans les mains?
"
0x296ef,"Une fourchette. Pourquoi?
","Une fourchette. Pourquoi?
"
0x2970a,"Une fourchette? Qu'est-ce que tu as fait de
ton couteau? C'est pas encore l'heure du
dîner!
","Une fourchette? Qu'est-ce que tu as fait de
ton couteau? C'est pas encore l'heure du
dîner!
"
0x29768,"Sigint, il faut voir plus loin que ça. Une
fourchette ne sert pas seulement à manger.
","Sigint, il faut voir plus loin que ça. Une
fourchette ne sert pas seulement à manger.
"
0x297c1,"Ah oui? A quoi d'autre?
","Ah oui? A quoi d'autre?
"
0x297da,"C'est une arme.
","C'est une arme.
"
0x297eb,"Une arme?
","Une arme?
"
0x297f6,"Ouais. Tu peux l'utiliser avec la touche Arme
de la même façon que le couteau de survie.
","Ouais. Tu peux l'utiliser avec la touche Arme
de la même façon que le couteau de survie.
"
0x29852,"Bien sûr, ça sera un peu inutile en CQC.
","Bien sûr, ça sera un peu inutile en CQC.
"
0x2987e,"Dans cette mission, je dois tout trouver sur
place.
","Dans cette mission, je dois tout trouver sur
place.
"
0x298b3,"Et utiliser les équipements que je trouve pour
atteindre mes objectifs.
","Et utiliser les équipements que je trouve pour
atteindre mes objectifs.
"
0x298fd,"Je dois donc utiliser chaque objet au maximum
et l'adapter en fonction de la situation.
","Je dois donc utiliser chaque objet au maximum
et l'adapter en fonction de la situation.
"
0x29956,"Prends cette fourchette, par exemple. A
première vue, elle a l'air inutile, mais ça peut
être une arme efficace si elle est bien
utilisée.
","Prends cette fourchette, par exemple. A
première vue, elle a l'air inutile, mais ça peut
être une arme efficace si elle est bien
utilisée.
"
0x299e6,"Il faut apprendre à être flexible et à imaginer
toutes les différentes possibilités.
","Il faut apprendre à être flexible et à imaginer
toutes les différentes possibilités.
"
0x29a41,"Etre flexible, hein... Merci pour le conseil, mon
pote.
","Etre flexible, hein... Merci pour le conseil, mon
pote.
"
0x29a7a,"De rien.
","De rien.
"
0x29a84,"Et le mieux avec cette fourchette, c'est que je
peux manger un snack tout de suite, sans
avoir à le mettre d'abord dans mon sac à dos.
","Et le mieux avec cette fourchette, c'est que je
peux manger un snack tout de suite, sans
avoir à le mettre d'abord dans mon sac à dos.
"
0x29b0e,"... Je le savais! Tu l'utilises pour manger!
","... Je le savais! Tu l'utilises pour manger!
"
0x29b3c,"Aha, je vois que tu utilises l'EZ Gun.
","Aha, je vois que tu utilises l'EZ Gun.
"
0x29b64,"Ouais. Au fait, c'est quoi ce pistolet? Je n'en
ai rien vu de pareil...
","Ouais. Au fait, c'est quoi ce pistolet? Je n'en
ai rien vu de pareil...
"
0x29bad,"Bien sûr que non. C'est un pistolet
tranquillisant avec silencieux que j'ai conçu
spécialement pour FOX.
","Bien sûr que non. C'est un pistolet
tranquillisant avec silencieux que j'ai conçu
spécialement pour FOX.
"
0x29c1a,"Un pistolet tranquillisant avec silencieux? Mais
il n'a pas de...
","Un pistolet tranquillisant avec silencieux? Mais
il n'a pas de...
"
0x29c5d,"Tu n'as pas besoin d'un silencieux.
","Tu n'as pas besoin d'un silencieux.
"
0x29c82,"Comment ça?
","Comment ça?
"
0x29c90,"Le mécanisme de silencieux est intégré aux
balles tranquillisantes elles-mêmes.
","Le mécanisme de silencieux est intégré aux
balles tranquillisantes elles-mêmes.
"
0x29ce5,"L'intérieur de la balle contient un mini-piston.
","L'intérieur de la balle contient un mini-piston.
"
0x29d18,"Lorsque le gaz du tir appuie sur le piston,
celui-ci pousse la balle hors de la chambre.
","Lorsque le gaz du tir appuie sur le piston,
celui-ci pousse la balle hors de la chambre.
"
0x29d72,"Le gaz du tir est enfermé à l'intérieur de la
chambre par le piston, ce qui l'empêche de
s'échapper.
","Le gaz du tir est enfermé à l'intérieur de la
chambre par le piston, ce qui l'empêche de
s'échapper.
"
0x29ddd,"C'est pourquoi on n'entend rien quand on tire.
","C'est pourquoi on n'entend rien quand on tire.
"
0x29e0d,"Fascinant...
","Fascinant...
"
0x29e1b,"Pendant que j'y étais, je l'ai aussi équipé d'une
visée laser expérimentale.
","Pendant que j'y étais, je l'ai aussi équipé d'une
visée laser expérimentale.
"
0x29e6e,"Ça devrait te permettre de bien viser, même
en tirant à hauteur de la taille.
","Ça devrait te permettre de bien viser, même
en tirant à hauteur de la taille.
"
0x29ec0,"Et rien qu'en t'équipant de l'EZ Gun, ton Indice
de camouflage diminuera plus difficilement.
","Et rien qu'en t'équipant de l'EZ Gun, ton Indice
de camouflage diminuera plus difficilement.
"
0x29f1f,"Waouh.
","Waouh.
"
0x29f27,"Et il t'aidera même à récupérer de
l'endurance.
","Et il t'aidera même à récupérer de
l'endurance.
"
0x29f5c,"Joli.
","Joli.
"
0x29f63,"En plus, il ressemble comme deux gouttes
d'eau à un Liberator.
","En plus, il ressemble comme deux gouttes
d'eau à un Liberator.
"
0x29fa4,"... Un quoi?
","... Un quoi?
"
0x29fb2,"Un Liberator. On en a fourni à la Résistance
en Europe pendant la Deuxième Guerre
mondiale. Et ils se ressemblent, c'est ça?
","Un Liberator. On en a fourni à la Résistance
en Europe pendant la Deuxième Guerre
mondiale. Et ils se ressemblent, c'est ça?
"
0x2a034,"... Ouais.
","... Ouais.
"
0x2a040,"A tout te dire, c'est là où j'ai eu le plus de mal.
","A tout te dire, c'est là où j'ai eu le plus de mal.
"
0x2a077,"Faire fonctionner ce truc sur un pistolet de
cette taille et de cette forme, c'était pas du
gâteau.
","Faire fonctionner ce truc sur un pistolet de
cette taille et de cette forme, c'était pas du
gâteau.
"
0x2a0de,"Mais pourquoi?
","Mais pourquoi?
"
0x2a0ee,"Pourquoi quoi?
","Pourquoi quoi?
"
0x2a0fe,"Pourquoi se donner tant de mal pour qu'il
ressemble à un Liberator?
","Pourquoi se donner tant de mal pour qu'il
ressemble à un Liberator?
"
0x2a144,"Pour qu'il soit classe, mon pote. Qu'est-ce que
tu crois?
","Pour qu'il soit classe, mon pote. Qu'est-ce que
tu crois?
"
0x2a17f,"...
","...
"
0x2a184,"Hé, tu as un M1911A1.
","Hé, tu as un M1911A1.
"
0x2a19c,"Ouais, un calibre .45. L'armée a adopté le 1er
modèle il y a cinquante ans, et elle l'utilise
toujours.
","Ouais, un calibre .45. L'armée a adopté le 1er
modèle il y a cinquante ans, et elle l'utilise
toujours.
"
0x2a208,"Ce pistolet automatique est un vrai petit bijou.
","Ce pistolet automatique est un vrai petit bijou.
"
0x2a23a,"Mais tu ne vas pas avoir besoin d'un peu
mieux qu'un simple revolver?
","Mais tu ne vas pas avoir besoin d'un peu
mieux qu'un simple revolver?
"
0x2a281,"Pas du tout.
","Pas du tout.
"
0x2a28f,"Dans les situations difficiles ou en combat
rapproché, un revolver marche parfois mieux
qu'un fusil.
","Dans les situations difficiles ou en combat
rapproché, un revolver marche parfois mieux
qu'un fusil.
"
0x2a2f6,"Et si je m'équipe en même temps d'un
couteau, je peux passer rapidement à un
combat de main à main.
","Et si je m'équipe en même temps d'un
couteau, je peux passer rapidement à un
combat de main à main.
"
0x2a35f,"Je vois.
","Je vois.
"
0x2a369,"Mais ce calibre .45 que tu as là est très
différent de l'original.
","Mais ce calibre .45 que tu as là est très
différent de l'original.
"
0x2a3b0,"On dirait que quelqu'un a passé du temps à le
modifier.
","On dirait que quelqu'un a passé du temps à le
modifier.
"
0x2a3eb,"Je vois que tu as un M1911A1?
","Je vois que tu as un M1911A1?
"
0x2a40a,"Ouais. EVA me l'a donné. Elle m'a dit qu'il
appartenait à un officier de l'Ouest.
","Ouais. EVA me l'a donné. Elle m'a dit qu'il
appartenait à un officier de l'Ouest.
"
0x2a45f,"On dirait que quelqu'un a aussi passé du
temps à le modifier.
","On dirait que quelqu'un a aussi passé du
temps à le modifier.
"
0x2a4a0,"Et pas mal de temps.
","Et pas mal de temps.
"
0x2a4b6,"Tout d'abord, la rampe d'alimentation a été
polie pour briller comme un miroir. Tu n'auras
aucun problème de chargement.
","Tout d'abord, la rampe d'alimentation a été
polie pour briller comme un miroir. Tu n'auras
aucun problème de chargement.
"
0x2a533,"La culasse a été renforcée. Et elle s'intègre
parfaitement au châssis.
","La culasse a été renforcée. Et elle s'intègre
parfaitement au châssis.
"
0x2a580,"Le châssis lui-même a été soudé au fer et
réduit plusieurs fois pour une précision
maximale.
","Le châssis lui-même a été soudé au fer et
réduit plusieurs fois pour une précision
maximale.
"
0x2a5e5,"La partie avant du châssis a été striée pour
que l'arme tienne mieux dans la main. Ceci
permet une meilleure prise.
","La partie avant du châssis a été striée pour
que l'arme tienne mieux dans la main. Ceci
permet une meilleure prise.
"
0x2a65e,"Le système de visée est également original.
","Le système de visée est également original.
"
0x2a68e,"C'est un système à 3 points. La visée avant a
été élargie pour mieux voir la cible.
","C'est un système à 3 points. La visée avant a
été élargie pour mieux voir la cible.
"
0x2a6e9,"Le chien a été remplacé par un chien en forme
d'anneau.
","Le chien a été remplacé par un chien en forme
d'anneau.
"
0x2a725,"Ceci permet de mieux armer ton arme et
d'augmenter la vitesse de frappe du chien.
","Ceci permet de mieux armer ton arme et
d'augmenter la vitesse de frappe du chien.
"
0x2a778,"Ils ont également repensé le manche à cause
du chien en forme d'anneau.
","Ils ont également repensé le manche à cause
du chien en forme d'anneau.
"
0x2a7c4,"On dirait qu'ils l'ont totalement éliminé. C'est
une arme de pros.
","On dirait qu'ils l'ont totalement éliminé. C'est
une arme de pros.
"
0x2a80a,"Le protège-pouce et l'arrêtoir de glissière
ont été allongé pour permettre un maniement
plus précis.
","Le protège-pouce et l'arrêtoir de glissière
ont été allongé pour permettre un maniement
plus précis.
"
0x2a877,"La base du cran de sûreté a été taillée, de
façon à permettre une prise haute.
","La base du cran de sûreté a été taillée, de
façon à permettre une prise haute.
"
0x2a8ce,"Et la détente a été allongée pour être plus
accessible du doigt.
","Et la détente a été allongée pour être plus
accessible du doigt.
"
0x2a915,"Le poids de la détente est d'environ 1,5 kg.
Soit environ 700 g de moins que la normale.
","Le poids de la détente est d'environ 1,5 kg.
Soit environ 700 g de moins que la normale.
"
0x2a970,"Le logement du chargeur a été élargi pour
faciliter la mise en place d'un nouveau
chargeur.
","Le logement du chargeur a été élargi pour
faciliter la mise en place d'un nouveau
chargeur.
"
0x2a9d0,"Le bouton de l'arrêtoir du chargeur a été
abaissé pour éviter qu'on ne l'actionne par
erreur.
","Le bouton de l'arrêtoir du chargeur a été
abaissé pour éviter qu'on ne l'actionne par
erreur.
"
0x2aa34,"Le logement du ressort a été changé pour un
modèle plat pour une meilleure prise.
","Le logement du ressort a été changé pour un
modèle plat pour une meilleure prise.
"
0x2aa8b,"Et il a même été équipé de façon à ne pas
glisser avec le recul de l'arme.
","Et il a même été équipé de façon à ne pas
glisser avec le recul de l'arme.
"
0x2aade,"En plus, ils ont ajouté des cannelures
d'armement à l'avant de la glissière.
","En plus, ils ont ajouté des cannelures
d'armement à l'avant de la glissière.
"
0x2ab2f,"Ça permet de charger et d'éjecter les
cartouches plus rapidement en cas d'urgence.
","Ça permet de charger et d'éjecter les
cartouches plus rapidement en cas d'urgence.
"
0x2ab85,"Je ne sais pas qui a fait ça, mais c'est un pro.
C'est clair: dans un support d'arme, cette arme
ferait qu'un seul trou à 25 mètres.
","Je ne sais pas qui a fait ça, mais c'est un pro.
C'est clair: dans un support d'arme, cette arme
ferait qu'un seul trou à 25 mètres.
"
0x2ac0e,"Eh bien, j'y crois pas. C'est une sacrée arme.
","Eh bien, j'y crois pas. C'est une sacrée arme.
"
0x2ac3f,"Ouais. Je n'ai jamais utilisé une si bonne
arme.
","Ouais. Je n'ai jamais utilisé une si bonne
arme.
"
0x2ac72,"Tu as dit que tu utilisais un Single Action
Army?
","Tu as dit que tu utilisais un Single Action
Army?
"
0x2aca5,"Il a été fabriqué pour la première fois en 1873.
Depuis, il a toujours été en production, sauf
pendant une courte période.
","Il a été fabriqué pour la première fois en 1873.
Depuis, il a toujours été en production, sauf
pendant une courte période.
"
0x2ad28,"On l'a appelé le Single Action Army car l'armée
l'a adopté comme arme à main officielle en
1875.
","On l'a appelé le Single Action Army car l'armée
l'a adopté comme arme à main officielle en
1875.
"
0x2ad8e,"On l'appelle aussi parfois le Peacemaker, car
beaucoup de shérifs l'utilisaient au Far West
pour faire régner la loi.
","On l'appelle aussi parfois le Peacemaker, car
beaucoup de shérifs l'utilisaient au Far West
pour faire régner la loi.
"
0x2ae07,"Il y a plusieurs modèles différents. Celui que tu
as là est sûrement le modèle Black Powder.
","Il y a plusieurs modèles différents. Celui que tu
as là est sûrement le modèle Black Powder.
"
0x2ae6a,"Le seul problème, c'est qu'il est long à
recharger.
","Le seul problème, c'est qu'il est long à
recharger.
"
0x2aea1,"Ce revolver a une histoire. Avec lui, tu pourras
faire toutes sortes de trucs. Et si tu te
familiarisais avec cette arme pendant un
moment?
","Ce revolver a une histoire. Avec lui, tu pourras
faire toutes sortes de trucs. Et si tu te
familiarisais avec cette arme pendant un
moment?
"
0x2af2e,"Ouvre l'Observation à la première personne et
utilise le joystick analogique droit.
","Ouvre l'Observation à la première personne et
utilise le joystick analogique droit.
"
0x2af85,"Alors, tu utilises le Patriot?
","Alors, tu utilises le Patriot?
"
0x2afa5,"Ouais. C'est le même modèle que celui que
The Boss utilisait.
","Ouais. C'est le même modèle que celui que
The Boss utilisait.
"
0x2afe6,"Tu l'as trouvé où?
","Tu l'as trouvé où?
"
0x2affc,"Hmm?
","Hmm?
"
0x2b002,"J'ai dit, tu l'as trouvé où?
","J'ai dit, tu l'as trouvé où?
"
0x2b022,"Sigint, t'énerve pas pour ce détail.
","Sigint, t'énerve pas pour ce détail.
"
0x2b04a,"???
","???
"
0x2b04f,"Oublie. The Patriot est une arme à main
unique conçue spécialement pour The Boss.
","Oublie. The Patriot est une arme à main
unique conçue spécialement pour The Boss.
"
0x2b0a5,"En gros, c'est un XM16E1 sans talon et avec
un canon raccourci.
","En gros, c'est un XM16E1 sans talon et avec
un canon raccourci.
"
0x2b0e6,"L'idée, c'était de créer un gros pistolet, alliant
la facilité de maniement d'un revolver et la
force d'un fusil.
","L'idée, c'était de créer un gros pistolet, alliant
la facilité de maniement d'un revolver et la
force d'un fusil.
"
0x2b15d,"Mais comme le canon est très court, le recul
est impressionnant. Avec lui, difficile de viser,
mais il compense ce défaut en puissance de
tir.
","Mais comme le canon est très court, le recul
est impressionnant. Avec lui, difficile de viser,
mais il compense ce défaut en puissance de
tir.
"
0x2b1ef,"A première vue, il est équipé d'un chargeur de
100 balles... et il n'est jamais à court de
munition?
","A première vue, il est équipé d'un chargeur de
100 balles... et il n'est jamais à court de
munition?
"
0x2b259,"Jamais.
","Jamais.
"
0x2b262,"Et pourquoi ça?
","Et pourquoi ça?
"
0x2b274,"Parce que son mécanisme interne
d'alimentation a la forme du symbole infini.
","Parce que son mécanisme interne
d'alimentation a la forme du symbole infini.
"
0x2b2c3,"Ah, je vois. Ouaip, tu ne seras jamais à court
de munitions.
","Ah, je vois. Ouaip, tu ne seras jamais à court
de munitions.
"
0x2b302,"Je vois que tu es équipé d'un Scorpion.
","Je vois que tu es équipé d'un Scorpion.
"
0x2b32d,"Le Scorpion est un nouveau type de petite
mitraillette fabriquée en Tchécoslovaquie.
","Le Scorpion est un nouveau type de petite
mitraillette fabriquée en Tchécoslovaquie.
"
0x2b385,"J'en ai entendu parler, mais...
","J'en ai entendu parler, mais...
"
0x2b3a6,"... Mais tu n'en as jamais utilisé, c'est ça?
C'est vrai qu'ils ont commencé à en fabriquer il
y a seulement 3 ans.
","... Mais tu n'en as jamais utilisé, c'est ça?
C'est vrai qu'ils ont commencé à en fabriquer il
y a seulement 3 ans.
"
0x2b41f,"Il y a plusieurs modèles de Scorpions... quel
type de balles tu utilises?
","Il y a plusieurs modèles de Scorpions... quel
type de balles tu utilises?
"
0x2b46b,"32 ACP.
","32 ACP.
"
0x2b474,"Alors, ça doit être le Vz-61.
","Alors, ça doit être le Vz-61.
"
0x2b495,"A la différence des autres mitraillettes, le
Scorpion a un système de verrouillage fermé.
","A la différence des autres mitraillettes, le
Scorpion a un système de verrouillage fermé.
"
0x2b4f3,"Tu bénéficies donc d'une très grande précision,
même en mode semi-automatique.
","Tu bénéficies donc d'une très grande précision,
même en mode semi-automatique.
"
0x2b548,"Le Scorpion a aussi un réducteur de cadence,
un mécanisme spécial qui fonctionne
également comme amortisseur.
","Le Scorpion a aussi un réducteur de cadence,
un mécanisme spécial qui fonctionne
également comme amortisseur.
"
0x2b5bb,"Ceci permet de verrouiller la culasse pendant
un court instant, au moment où elle est en
position arrière.
","Ceci permet de verrouiller la culasse pendant
un court instant, au moment où elle est en
position arrière.
"
0x2b629,"Ceci permet de garder une cadence de tir à un
niveau raisonnable. En plus, il sera plus facile
à manipuler en mode automatique.
","Ceci permet de garder une cadence de tir à un
niveau raisonnable. En plus, il sera plus facile
à manipuler en mode automatique.
"
0x2b6ac,"Le Scorpion a une cadence de tir de 750
tirs/minute.
","Le Scorpion a une cadence de tir de 750
tirs/minute.
"
0x2b6e2,"Ça devrait être bien plus facile à contrôler
qu'un MAC11, qui a une cadence de 1200
tirs/minute.
","Ça devrait être bien plus facile à contrôler
qu'un MAC11, qui a une cadence de 1200
tirs/minute.
"
0x2b748,"Tu ne devrais avoir aucun problème à le
manier d'une main en mode semi-automatique.
","Tu ne devrais avoir aucun problème à le
manier d'une main en mode semi-automatique.
"
0x2b79f,"En mode automatique, tu devrais pouvoir
lancer quelques salves rapides.
","En mode automatique, tu devrais pouvoir
lancer quelques salves rapides.
"
0x2b7e8,"Et on dirait que celui-ci a aussi été équipé
d'une visée laser.
","Et on dirait que celui-ci a aussi été équipé
d'une visée laser.
"
0x2b82e,"Les Soviétiques l'ont sûrement développé
seuls.
","Les Soviétiques l'ont sûrement développé
seuls.
"
0x2b863,"Tu ne peux pas utiliser la touche Viser pour
viser avec l'arme à l'épaule, mais avec la visée
laser, tu ne devrais pas avoir de problèmes de
précision.
","Tu ne peux pas utiliser la touche Viser pour
viser avec l'arme à l'épaule, mais avec la visée
laser, tu ne devrais pas avoir de problèmes de
précision.
"
0x2b901,"Snake, tu as un...
","Snake, tu as un...
"
0x2b915,"Je sais. C'est un nouveau fusil développé à
l'Ouest. Ça ressemble à un 'fusil noir'...
","Je sais. C'est un nouveau fusil développé à
l'Ouest. Ça ressemble à un 'fusil noir'...
"
0x2b972,"Non, ce n'est pas un AR-15. C'est un XM16E1,
un fusil haut de gamme récemment adopté par
l'Armée pour une période d'essai.
","Non, ce n'est pas un AR-15. C'est un XM16E1,
un fusil haut de gamme récemment adopté par
l'Armée pour une période d'essai.
"
0x2b9f2,"L'armée américaine a cherché à développer
une nouvelle arme d'infanterie légère de la fin
des années 40 jusqu'à la moitié des années
50.
","L'armée américaine a cherché à développer
une nouvelle arme d'infanterie légère de la fin
des années 40 jusqu'à la moitié des années
50.
"
0x2ba87,"Ils ont fini par décider qu'ils voulaient un fusil
très rapide, entièrement automatique et de
calibre .22.
","Ils ont fini par décider qu'ils voulaient un fusil
très rapide, entièrement automatique et de
calibre .22.
"
0x2baf6,"Et ils ont inventé l'AR-15, aussi connu sous le
nom de 'fusil noir'.
","Et ils ont inventé l'AR-15, aussi connu sous le
nom de 'fusil noir'.
"
0x2bb3d,"Celui que tu as là, le XM16E1, est un AR-15
modifié et équipé d'un système de verrouillage
de culasse.
","Celui que tu as là, le XM16E1, est un AR-15
modifié et équipé d'un système de verrouillage
de culasse.
"
0x2bbaa,"J'ai entendu dire qu'ils évaluaient ses
performances en Asie du Sud-Est.
","J'ai entendu dire qu'ils évaluaient ses
performances en Asie du Sud-Est.
"
0x2bbf5,"Alors ils en ont pris un au Vietnam et ils l'ont
amené ici?
","Alors ils en ont pris un au Vietnam et ils l'ont
amené ici?
"
0x2bc33,"Oui, j'imagine.
","Oui, j'imagine.
"
0x2bc44,"Mais ce truc a l'air différent d'un XM16E1.
","Mais ce truc a l'air différent d'un XM16E1.
"
0x2bc72,"Il devait y avoir un armurier présent sur le
terrain et il a apporté toutes ces modifications
sur place.
","Il devait y avoir un armurier présent sur le
terrain et il a apporté toutes ces modifications
sur place.
"
0x2bcde,"Le fait qu'il ait été peint avec des couleurs de
camouflage
","Le fait qu'il ait été peint avec des couleurs de
camouflage
"
0x2bd1d,"montre bien que l'on commence à réaliser
l'importance du camouflage.
","montre bien que l'on commence à réaliser
l'importance du camouflage.
"
0x2bd65,"Il a aussi été modifié pour être utilisé avec
un silencieux.
","Il a aussi été modifié pour être utilisé avec
un silencieux.
"
0x2bda8,"Ouaip. Une option sympa pour une unité de
reconnaissance en mission d'infiltration en
territoire ennemi.
","Ouaip. Une option sympa pour une unité de
reconnaissance en mission d'infiltration en
territoire ennemi.
"
0x2be13,"Tu peux mettre ou enlever le silencieux en
ouvrant la fenêtre Arme et en appuyant sur
la touche Entrée.
","Tu peux mettre ou enlever le silencieux en
ouvrant la fenêtre Arme et en appuyant sur
la touche Entrée.
"
0x2be7e,"Oh, et le mécanisme de tir a été modifié pour
permettre des salves à trois coups.
","Oh, et le mécanisme de tir a été modifié pour
permettre des salves à trois coups.
"
0x2bed6,"Mais pourquoi ils ont fait ça?
","Mais pourquoi ils ont fait ça?
"
0x2bef7,"Aujourd'hui, beaucoup de nouvelles recrues ne
savent pas tirer en mode automatique.
","Aujourd'hui, beaucoup de nouvelles recrues ne
savent pas tirer en mode automatique.
"
0x2bf4c,"Ils n'ont aucun contrôle de la gâchette et
vident le chargeur en une fois.
","Ils n'ont aucun contrôle de la gâchette et
vident le chargeur en une fois.
"
0x2bf9a,"Peut-être qu'ils cherchaient un moyen
d'éviter cela et qu'ils ont inventé ce mécanisme
comme solution possible.
","Peut-être qu'ils cherchaient un moyen
d'éviter cela et qu'ils ont inventé ce mécanisme
comme solution possible.
"
0x2c00f,"Moi, je trouve ça idiot.
","Moi, je trouve ça idiot.
"
0x2c02a,"Essaie-le, ça pourra peut-être t'être utile.
","Essaie-le, ça pourra peut-être t'être utile.
"
0x2c05b,"Ouvre la fenêtre Arme et appuie sur la
touche Action pour passer du mode
semi-automatique au mode automatique ou 3
coups.
","Ouvre la fenêtre Arme et appuie sur la
touche Action pour passer du mode
semi-automatique au mode automatique ou 3
coups.
"
0x2c0d7,"Amuse-toi à tous les tester.
","Amuse-toi à tous les tester.
"
0x2c0f6,"Alors tu as dégoté un AK-47?
","Alors tu as dégoté un AK-47?
"
0x2c116,"L'AK-47 est le fusil d'assaut officiel de l'armée
soviétique.
","L'AK-47 est le fusil d'assaut officiel de l'armée
soviétique.
"
0x2c157,"Le premier modèle a été terminé en 1946,
","Le premier modèle a été terminé en 1946,
"
0x2c185,"et en 49, il a battu tous ses adversaires et est
devenu le fusil d'assaut officiel de l'Armée
soviétique.
","et en 49, il a battu tous ses adversaires et est
devenu le fusil d'assaut officiel de l'Armée
soviétique.
"
0x2c1f2,"Il utilise 39 balles de calibre 7,62mm, conçues
en 1943, et un magasin de 30 balles développé
à l'origine pour un autre fusil d'assaut.
","Il utilise 39 balles de calibre 7,62mm, conçues
en 1943, et un magasin de 30 balles développé
à l'origine pour un autre fusil d'assaut.
"
0x2c27f,"Tu peux viser le fusil à l'épaule en t'en
équipant en Observation à la première
personne et en maintenant la touche Viser
enfoncée.
","Tu peux viser le fusil à l'épaule en t'en
équipant en Observation à la première
personne et en maintenant la touche Viser
enfoncée.
"
0x2c30a,"C'est une arme solide, puissante, précise et
extrêmement fiable. Il n'y a pas de meilleur
fusil d'assaut au monde.
","C'est une arme solide, puissante, précise et
extrêmement fiable. Il n'y a pas de meilleur
fusil d'assaut au monde.
"
0x2c380,"Je vois que tu as dégoté un M63.
","Je vois que tu as dégoté un M63.
"
0x2c3a4,"Le M63 est un système d'arme de fabrication
américaine.
","Le M63 est un système d'arme de fabrication
américaine.
"
0x2c3df,"Oui, j'en ai entendu parler, mais...
","Oui, j'en ai entendu parler, mais...
"
0x2c405,"... Mais tu n'en as jamais eu une entre les
mains, c'est ça? Ça ne m'étonne pas: il est
toute neuf. Il est sorti l'année dernière.
","... Mais tu n'en as jamais eu une entre les
mains, c'est ça? Ça ne m'étonne pas: il est
toute neuf. Il est sorti l'année dernière.
"
0x2c48e,"Ils en ont probablement volé quelques-uns en
Asie du Sud-Est et les ont ramenés pour les
étudier.
","Ils en ont probablement volé quelques-uns en
Asie du Sud-Est et les ont ramenés pour les
étudier.
"
0x2c4f4,"Le terme 'système d'arme' désigne une arme
où la plupart des pièces sont interchangeables,
","Le terme 'système d'arme' désigne une arme
où la plupart des pièces sont interchangeables,
"
0x2c554,"ce qui permet de créer plusieurs combinaisons
à partir d'un seul modèle.
","ce qui permet de créer plusieurs combinaisons
à partir d'un seul modèle.
"
0x2c5a1,"En partant de certains composants de base, on
peut ajouter ou enlever des pièces pour créer
différentes armes.
","En partant de certains composants de base, on
peut ajouter ou enlever des pièces pour créer
différentes armes.
"
0x2c614,"C'est un peu comme un fusil convertible.
","C'est un peu comme un fusil convertible.
"
0x2c63e,"En déplaçant les canons et les chargeurs, tu
peux passer d'un fusil d'assaut à une carabine
","En déplaçant les canons et les chargeurs, tu
peux passer d'un fusil d'assaut à une carabine
"
0x2c69e,"en passant par une mitraillette légère et
même une mitraillette moyenne alimentée
par bande.
","en passant par une mitraillette légère et
même une mitraillette moyenne alimentée
par bande.
"
0x2c700,"Non seulement ça permet d'éviter d'avoir à
organiser plusieurs armes différentes sur
plusieurs lignes,
","Non seulement ça permet d'éviter d'avoir à
organiser plusieurs armes différentes sur
plusieurs lignes,
"
0x2c76c,"mais ça permet aussi de simplifier la formation
nécessaire pour chaque soldat.
","mais ça permet aussi de simplifier la formation
nécessaire pour chaque soldat.
"
0x2c7be,"La plupart des pièces sont fabriquées à la
presse ou par moulage à la cire perdue
","La plupart des pièces sont fabriquées à la
presse ou par moulage à la cire perdue
"
0x2c815,"et peuvent donc être fabriquées dans des
pays aux technologies moins avancées.
","et peuvent donc être fabriquées dans des
pays aux technologies moins avancées.
"
0x2c868,"C'est bien pensé.
","C'est bien pensé.
"
0x2c87c,"La variation que tu as là est une mitraillette
légère alimentée par bande. A l'origine, elle a
été conçue pour des missions de renforts.
","La variation que tu as là est une mitraillette
légère alimentée par bande. A l'origine, elle a
été conçue pour des missions de renforts.
"
0x2c90d,"C'est bien plus léger qu'un M60.
","C'est bien plus léger qu'un M60.
"
0x2c930,"Ouais. Tu ne trouveras pas une mitraillette
légère plus légère que ça.
","Ouais. Tu ne trouveras pas une mitraillette
légère plus légère que ça.
"
0x2c97d,"Elle devrait être facile à manipuler dans la
jungle. Fais-en bon usage.
","Elle devrait être facile à manipuler dans la
jungle. Fais-en bon usage.
"
0x2c9c8,"Ah, tu as un SVD.
","Ah, tu as un SVD.
"
0x2c9db,"C'est un fusil d'assaut semi-automatique haut
de gamme adopté par les Soviétiques l'année
dernière.
","C'est un fusil d'assaut semi-automatique haut
de gamme adopté par les Soviétiques l'année
dernière.
"
0x2ca44,"SVD sont les initiales du russe pour 'fusil
sniper semi-automatique Dragunov'
","SVD sont les initiales du russe pour 'fusil
sniper semi-automatique Dragunov'
"
0x2ca93,"Pendant longtemps, le Mosin Nagant a été le
fusil Sniper standard des Russes.
","Pendant longtemps, le Mosin Nagant a été le
fusil Sniper standard des Russes.
"
0x2cae4,"Au début des années 1950, les Soviétiques ont
commencé à porter des fusils automatiques et
des fusils d'assaut,
","Au début des années 1950, les Soviétiques ont
commencé à porter des fusils automatiques et
des fusils d'assaut,
"
0x2cb5a,"et on a alors ressenti le besoin d'utiliser des
fusils Sniper automatiques.
","et on a alors ressenti le besoin d'utiliser des
fusils Sniper automatiques.
"
0x2cba7,"Pour répondre à ce besoin, on a développé le
SVD.
","Pour répondre à ce besoin, on a développé le
SVD.
"
0x2cbde,"Il utilise les mêmes munitions que le Mosin
Nagant, des cartouches 7.62 mm x 54,
","Il utilise les mêmes munitions que le Mosin
Nagant, des cartouches 7.62 mm x 54,
"
0x2cc31,"mais ils ont développé un nouveau type de
munitions permettant des tirs plus serrés.
","mais ils ont développé un nouveau type de
munitions permettant des tirs plus serrés.
"
0x2cc8a,"On dit que ces nouvelles balles ont un centre
en acier et sont 2,5 fois plus précises que les
balles de fusil normales.
","On dit que ces nouvelles balles ont un centre
en acier et sont 2,5 fois plus précises que les
balles de fusil normales.
"
0x2cd04,"Rien ne peut égaler cette arme en termes de
précision. Essaie-la toi-même pour te rendre
compte de sa puissance.
","Rien ne peut égaler cette arme en termes de
précision. Essaie-la toi-même pour te rendre
compte de sa puissance.
"
0x2cd79,"Quand tu t'équipes d'un fusil Sniper, tu passes
immédiatement en Observation à la première
personne.
","Quand tu t'équipes d'un fusil Sniper, tu passes
immédiatement en Observation à la première
personne.
"
0x2cde3,"Une fois en position, appuie sur la touche
Viser pour regarder à travers la visée. La
gâchette, c'est la touche Arme, comme
d'habitude.
","Une fois en position, appuie sur la touche
Viser pour regarder à travers la visée. La
gâchette, c'est la touche Arme, comme
d'habitude.
"
0x2ce6f,"Tu pourras changer le grossissement en
appuyant sur la touche Action.
","Tu pourras changer le grossissement en
appuyant sur la touche Action.
"
0x2ceb6,"Tu pourras tirer debout, mais tes tirs seront
vachement plus précis si tu es au sol.
","Tu pourras tirer debout, mais tes tirs seront
vachement plus précis si tu es au sol.
"
0x2cf0d,"Alors essaie.
","Alors essaie.
"
0x2cf1c,"Tu utilises un Mosin Nagant?
","Tu utilises un Mosin Nagant?
"
0x2cf3a,"Ouais. The End l'utilisait.
","Ouais. The End l'utilisait.
"
0x2cf57,"Je vois.
","Je vois.
"
0x2cf61,"Le M1891/30 Mosin Nagant est un magnifique
fusil Sniper à répétition manuelle. Il est utilisé
depuis la Deuxième Guerre mondiale.
","Le M1891/30 Mosin Nagant est un magnifique
fusil Sniper à répétition manuelle. Il est utilisé
depuis la Deuxième Guerre mondiale.
"
0x2cfe9,"Les Mosin Nagants ont été créés en
","Les Mosin Nagants ont été créés en
"
0x2d011,"sélectionnant les meilleurs fusils M1891/30
fabriqués à la chaîne en terme de précision
","sélectionnant les meilleurs fusils M1891/30
fabriqués à la chaîne en terme de précision
"
0x2d06f,"puis en les transformant en fusils Sniper.
","puis en les transformant en fusils Sniper.
"
0x2d09b,"Une visée optique a été ajoutée, le poids de la
gâchette a été réduit, la poignée de
chargement en dessus a été tordue, ce genre
de choses.
","Une visée optique a été ajoutée, le poids de la
gâchette a été réduit, la poignée de
chargement en dessus a été tordue, ce genre
de choses.
"
0x2d133,"Depuis la guerre, le Mosin Nagant est
mondialement renommé pour ses
caractéristiques supérieures.
","Depuis la guerre, le Mosin Nagant est
mondialement renommé pour ses
caractéristiques supérieures.
"
0x2d199,"Ils étaient si prisés
","Ils étaient si prisés
"
0x2d1b2,"que beaucoup de snipers allemands sur le
front oriental préféraient utiliser des Mosin
Nagants capturés plutôt que leurs propres
fusils.
","que beaucoup de snipers allemands sur le
front oriental préféraient utiliser des Mosin
Nagants capturés plutôt que leurs propres
fusils.
"
0x2d240,"The End a dû prendre celui qu'il utilisait
pendant la guerre et le modifier pour tirer des
balles tranquillisantes.
","The End a dû prendre celui qu'il utilisait
pendant la guerre et le modifier pour tirer des
balles tranquillisantes.
"
0x2d2b6,"Ouais. Il a aussi été équipé d'une poignée
escamotable et d'une poignée pistolet.
","Ouais. Il a aussi été équipé d'une poignée
escamotable et d'une poignée pistolet.
"
0x2d30f,"Peut-être pour les sauts en parachute?
","Peut-être pour les sauts en parachute?
"
0x2d338,"Ben, j'en sais rien, mais c'est l'arme d'un
Sniper de légende. C'est forcément une belle
pièce.
","Ben, j'en sais rien, mais c'est l'arme d'un
Sniper de légende. C'est forcément une belle
pièce.
"
0x2d39c,"Mais souviens-toi que le Mosin Nagant est un
fusil à répétition manuelle:
","Mais souviens-toi que le Mosin Nagant est un
fusil à répétition manuelle:
"
0x2d3ea,"tu vas devoir charger une nouvelle balle
tranquillisante à la main à chaque fois que tu
tires.
","tu vas devoir charger une nouvelle balle
tranquillisante à la main à chaque fois que tu
tires.
"
0x2d44c,"Donc pas de tir répété. Chaque coup devra
toucher sa cible.
","Donc pas de tir répété. Chaque coup devra
toucher sa cible.
"
0x2d48c,"Dis donc, tu utilises un RPG-7?
","Dis donc, tu utilises un RPG-7?
"
0x2d4ad,"Le RPG-7 est une arme antichar portable à la
pointe du progrès, développée pour succéder
au RPG-2.
","Le RPG-7 est une arme antichar portable à la
pointe du progrès, développée pour succéder
au RPG-2.
"
0x2d516,"Sa première utilisation sur le terrain date de
1962, il y a 2 ans de cela.
","Sa première utilisation sur le terrain date de
1962, il y a 2 ans de cela.
"
0x2d563,"En fait, 'portable' n'est peut-être pas le bon
mot.
","En fait, 'portable' n'est peut-être pas le bon
mot.
"
0x2d599,"Ensemble, le dispositif de lancement et la
grenade pèsent plus de 10 kg. Pas le genre
d'arme avec lequel tu pourras te déplacer.
","Ensemble, le dispositif de lancement et la
grenade pèsent plus de 10 kg. Pas le genre
d'arme avec lequel tu pourras te déplacer.
"
0x2d61d,"Quand tu t'en équipes, utilise l'Observation à
la première personne pour viser.
","Quand tu t'en équipes, utilise l'Observation à
la première personne pour viser.
"
0x2d671,"J'ai compris.
","J'ai compris.
"
0x2d680,"Tu pourras tirer dès que tu es en position,
","Tu pourras tirer dès que tu es en position,
"
0x2d6ae,"mais si tu utilises la touche Viser, tu pourras
tirer avec assez de précision.
","mais si tu utilises la touche Viser, tu pourras
tirer avec assez de précision.
"
0x2d6ff,"Puis utilise la touche Arme pour appuyer sur la
gâchette et le propulseur lancera la grenade
du dispositif de lancement.
","Puis utilise la touche Arme pour appuyer sur la
gâchette et le propulseur lancera la grenade
du dispositif de lancement.
"
0x2d77a,"Tout de suite après, des ailerons de
stabilisations s'ouvriront à l'arrière de la
grenade.
","Tout de suite après, des ailerons de
stabilisations s'ouvriront à l'arrière de la
grenade.
"
0x2d7d9,"Après environ 10 m, le carburant à l'intérieur
de la grenade s'enflamme, accélérant ainsi la
grenade vers sa cible.
","Après environ 10 m, le carburant à l'intérieur
de la grenade s'enflamme, accélérant ainsi la
grenade vers sa cible.
"
0x2d853,"Même si elle n'atteint pas sa cible,
","Même si elle n'atteint pas sa cible,
"
0x2d87a,"le mécanisme de sécurité déclenche
l'autodestruction de la grenade si elle dépasse
la portée de la cible ou après plusieurs
secondes en l'air.
","le mécanisme de sécurité déclenche
l'autodestruction de la grenade si elle dépasse
la portée de la cible ou après plusieurs
secondes en l'air.
"
0x2d911,"L'ogive est composée d'un explosif plastique
HEAT.
","L'ogive est composée d'un explosif plastique
HEAT.
"
0x2d946,"Il est capable de pénétrer des blindages de
plus de 30 cm d'épaisseur. Cela devrait suffire
à descendre un hélicoptère d'attaque, même
blindé.
","Il est capable de pénétrer des blindages de
plus de 30 cm d'épaisseur. Cela devrait suffire
à descendre un hélicoptère d'attaque, même
blindé.
"
0x2d9de,"Oh, encore une chose: la fusée est lancée
lorsque la grenade commence sa descente.
Alors ne tire très près du sol.
","Oh, encore une chose: la fusée est lancée
lorsque la grenade commence sa descente.
Alors ne tire très près du sol.
"
0x2da56,"On ne peut donc pas l'utiliser allongé?
","On ne peut donc pas l'utiliser allongé?
"
0x2da80,"Exact. Ne l'oublie pas.
","Exact. Ne l'oublie pas.
"
0x2da99,"Ça risque pas.
","Ça risque pas.
"
0x2daaa,"T'as du C3, à ce que je vois.
","T'as du C3, à ce que je vois.
"
0x2daca,"Le C3 est un explosif plastique développé à
l'Ouest pour des opérations spéciales pendant
la Deuxième Guerre mondiale.
","Le C3 est un explosif plastique développé à
l'Ouest pour des opérations spéciales pendant
la Deuxième Guerre mondiale.
"
0x2db48,"Il est composé à 77% de RDX et à 23% de
plastique malléable.
","Il est composé à 77% de RDX et à 23% de
plastique malléable.
"
0x2db8a,"Comme EVA l'a mentionné, tu peux lui donner
la forme que tu veux, comme de l'argile.
","Comme EVA l'a mentionné, tu peux lui donner
la forme que tu veux, comme de l'argile.
"
0x2dbe1,"Moins volatile que le TNT, le C3 n'explose pas
au moindre choc ou à la moindre hausse de
température. Il est très facile à manipuler et
hautement efficace.
","Moins volatile que le TNT, le C3 n'explose pas
au moindre choc ou à la moindre hausse de
température. Il est très facile à manipuler et
hautement efficace.
"
0x2dc82,"On dirait qu'EVA a posé un mécanisme spécial
de compte à rebours sur les détonateurs.
","On dirait qu'EVA a posé un mécanisme spécial
de compte à rebours sur les détonateurs.
"
0x2dcde,"Ouais. Quand le compte à rebours atteindra
zéro, les 4 charges exploseront en même
temps.
","Ouais. Quand le compte à rebours atteindra
zéro, les 4 charges exploseront en même
temps.
"
0x2dd3c,"Ah, elle a fait ça. Alors tu ferais bien de poser
les 4 charges sur les cuves de carburant
liquide avant de mettre en marche le compte à
rebours.
","Ah, elle a fait ça. Alors tu ferais bien de poser
les 4 charges sur les cuves de carburant
liquide avant de mettre en marche le compte à
rebours.
"
0x2ddd1,"Et attention: tu as tout juste assez de C3 pour
les 4 cuves.
","Et attention: tu as tout juste assez de C3 pour
les 4 cuves.
"
0x2de0f,"Pose du C3 uniquement sur les cuves de
carburant liquide de ce hangar, entendu?
","Pose du C3 uniquement sur les cuves de
carburant liquide de ce hangar, entendu?
"
0x2de60,"C'est noté.
","C'est noté.
"
0x2de6e,"Pour poser une charge C3 sur une cuve,
équipe-toi du C3 et appuie sur la touche Arme
une fois à proximité de la cuve.
","Pour poser une charge C3 sur une cuve,
équipe-toi du C3 et appuie sur la touche Arme
une fois à proximité de la cuve.
"
0x2dee8,"Fais attention à leur emplacement.
","Fais attention à leur emplacement.
"
0x2df0d,"Ah, tu as dégoté des Claymores.
","Ah, tu as dégoté des Claymores.
"
0x2df30,"La Claymore M18A1 est un nouveau type de
mine anti-personnel développée par les
Etats-Unis après la Guerre de Corée.
","La Claymore M18A1 est un nouveau type de
mine anti-personnel développée par les
Etats-Unis après la Guerre de Corée.
"
0x2dfaa,"Son boîtier joliment incurvé contient un peu
moins d'1kg d'un violent explosif.
","Son boîtier joliment incurvé contient un peu
moins d'1kg d'un violent explosif.
"
0x2dffd,"Le côté de la mine faisant face à l'ennemi
contient 700 projectiles en acier.
","Le côté de la mine faisant face à l'ennemi
contient 700 projectiles en acier.
"
0x2e04f,"Quand la mine explose, les projectiles sont
projetés simultanément à l'extérieur du
boîtier.
","Quand la mine explose, les projectiles sont
projetés simultanément à l'extérieur du
boîtier.
"
0x2e0b2,"Toute personne se trouvant dans la zone
létale, ami ou ennemi, est transformée en chair
à pâté.
","Toute personne se trouvant dans la zone
létale, ami ou ennemi, est transformée en chair
à pâté.
"
0x2e118,"L'explosion de la mine est activée par un
détonateur électrique. Apparemment, celui-ci
aurait un détecteur de mouvement spécial
intégré.
","L'explosion de la mine est activée par un
détonateur électrique. Apparemment, celui-ci
aurait un détecteur de mouvement spécial
intégré.
"
0x2e1a9,"Ouais. Une fois la mine posée, il réagit à tout
ce qui s'approche en explosant
automatiquement.
","Ouais. Une fois la mine posée, il réagit à tout
ce qui s'approche en explosant
automatiquement.
"
0x2e20d,"Fais donc attention de ne pas marcher sur ta
propre mine ou une bêtise dans ce genre.
","Fais donc attention de ne pas marcher sur ta
propre mine ou une bêtise dans ce genre.
"
0x2e265,"Je ferai attention.
","Je ferai attention.
"
0x2e27a,"Tu peux ramasser une mine Claymore en
rampant par-dessus.
","Tu peux ramasser une mine Claymore en
rampant par-dessus.
"
0x2e2b5,"Tu pourras aussi récupérer les mines posées
par l'ennemi de cette façon,
","Tu pourras aussi récupérer les mines posées
par l'ennemi de cette façon,
"
0x2e303,"donc si tu dois traverser un champ de mine,
rampe et récupère les mines.
","donc si tu dois traverser un champ de mine,
rampe et récupère les mines.
"
0x2e34f,"Mais pourquoi est-ce qu'ils font des champs de
mines à partir de mines occidentales?
","Mais pourquoi est-ce qu'ils font des champs de
mines à partir de mines occidentales?
"
0x2e3a6,"Ils effectuent sûrement des tests pour
évaluer les performances sur le terrain de
mines capturées ou volées à l'Ouest.
","Ils effectuent sûrement des tests pour
évaluer les performances sur le terrain de
mines capturées ou volées à l'Ouest.
"
0x2e423,"La structure d'une Claymore n'est d'ailleurs
pas si compliquée. Ils doivent apprendre
beaucoup de choses sur elles.
","La structure d'une Claymore n'est d'ailleurs
pas si compliquée. Ils doivent apprendre
beaucoup de choses sur elles.
"
0x2e499,"On devrait bientôt voir apparaître des
mines 'Claymorasky'.
","On devrait bientôt voir apparaître des
mines 'Claymorasky'.
"
0x2e4d8,"Bizarre, cette grenade que tu as là.
","Bizarre, cette grenade que tu as là.
"
0x2e4ff,"A ce que je vois, elle permet d'envoyer des
particules métalliques
","A ce que je vois, elle permet d'envoyer des
particules métalliques
"
0x2e544,"en l'air pour brouiller le signal radio des
appareils électroniques.
","en l'air pour brouiller le signal radio des
appareils électroniques.
"
0x2e58b,"Une grenade à particules métalliques ou Chaff,
si tu préfères.
","Une grenade à particules métalliques ou Chaff,
si tu préfères.
"
0x2e5cf,"En utilisant une grenade Chaff, tu pourras
brouiller les dispositifs électroniques et radio
de l'ennemi pendant une courte durée.
","En utilisant une grenade Chaff, tu pourras
brouiller les dispositifs électroniques et radio
de l'ennemi pendant une courte durée.
"
0x2e654,"Mais n'oublie pas que tant que la grenade
Chaff sera efficace, tu ne pourras pas utiliser
ton détecteur de mouvements ou ton sonar
actif.
","Mais n'oublie pas que tant que la grenade
Chaff sera efficace, tu ne pourras pas utiliser
ton détecteur de mouvements ou ton sonar
actif.
"
0x2e6e0,"On dirait que tu as trouvé du TNT.
","On dirait que tu as trouvé du TNT.
"
0x2e705,"Le trinitroluène, ou TNT, est un composé
cristallin jaune pâle fabriqué à partir d'un
mélange trinitrifié d'acide nitrique et d'acide
sulfurique.
","Le trinitroluène, ou TNT, est un composé
cristallin jaune pâle fabriqué à partir d'un
mélange trinitrifié d'acide nitrique et d'acide
sulfurique.
"
0x2e79f,"Il est utilisé comme explosif militaire dans le
monde entier.
","Il est utilisé comme explosif militaire dans le
monde entier.
"
0x2e7df,"D'une sensibilité basse, il est stable
chimiquement, ce qui facilite sa manipulation.
","D'une sensibilité basse, il est stable
chimiquement, ce qui facilite sa manipulation.
"
0x2e837,"Son point de fusion est également bas et on
peut le façonner en le faisant bouillir ou cuire à
l'étuvée.
","Son point de fusion est également bas et on
peut le façonner en le faisant bouillir ou cuire à
l'étuvée.
"
0x2e8a6,"Mais étant donné que sa sensibilité est basse,
il requiert un apport d'énergie pour exploser.
","Mais étant donné que sa sensibilité est basse,
il requiert un apport d'énergie pour exploser.
"
0x2e909,"Ce n'est pas un problème. Il est fourni avec
son propre détonateur télécommandé.
","Ce n'est pas un problème. Il est fourni avec
son propre détonateur télécommandé.
"
0x2e960,"Tant mieux. Il te suffit alors d'appuyer sur la
touche Arme pour poser le TNT et d'appuyer
sur la touche CQC pour le faire exploser.
","Tant mieux. Il te suffit alors d'appuyer sur la
touche Arme pour poser le TNT et d'appuyer
sur la touche CQC pour le faire exploser.
"
0x2e9e6,"L'écran CARTE du Visualiseur de survie va
t'indiquer les endroits où tu as posé du TNT.
","L'écran CARTE du Visualiseur de survie va
t'indiquer les endroits où tu as posé du TNT.
"
0x2ea42,"Mais attention: le signal radio du détonateur
est assez faible.
","Mais attention: le signal radio du détonateur
est assez faible.
"
0x2ea84,"N'oublie pas qu'en appuyant sur la touche
CQC, tu ne feras exploser que le TNT posé
dans le même secteur.
","N'oublie pas qu'en appuyant sur la touche
CQC, tu ne feras exploser que le TNT posé
dans le même secteur.
"
0x2eaf1,"Hé, tu as trouvé un piège à souris!
","Hé, tu as trouvé un piège à souris!
"
0x2eb1a,"Ce piège te servira à capturer de petits
animaux vivants.
","Ce piège te servira à capturer de petits
animaux vivants.
"
0x2eb57,"Appuie sur la touche Arme pour le poser au
sol.
","Appuie sur la touche Arme pour le poser au
sol.
"
0x2eb88,"Reviens un peu plus tard pour voir si une
grenouille ou un serpent n'a pas été pris au
piège.
","Reviens un peu plus tard pour voir si une
grenouille ou un serpent n'a pas été pris au
piège.
"
0x2ebea,"Pour attraper une proie, tout dépendra de ta
chance.
","Pour attraper une proie, tout dépendra de ta
chance.
"
0x2ec21,"Ne te décourage pas si tu ne trouves rien dans
ton piège. Essaie jusqu'à ce que ça marche.
","Ne te décourage pas si tu ne trouves rien dans
ton piège. Essaie jusqu'à ce que ça marche.
"
0x2ec81,"Et n'oublie pas que tu auras besoin d'un
appât pour attirer ta proie dans le piège.
","Et n'oublie pas que tu auras besoin d'un
appât pour attirer ta proie dans le piège.
"
0x2ecd8,"Si tu captures un animal avec ce piège,
l'appât disparaîtra.
","Si tu captures un animal avec ce piège,
l'appât disparaîtra.
"
0x2ed19,"Rampe pour le ramasser. Puis remets un autre
appât et repose le piège.
","Rampe pour le ramasser. Puis remets un autre
appât et repose le piège.
"
0x2ed63,"Utilise la CARTE dans le Visualiseur de survie
pour voir les endroits où tu as posé des
pièges.
","Utilise la CARTE dans le Visualiseur de survie
pour voir les endroits où tu as posé des
pièges.
"
0x2edc7,"Si tu as oublié les endroits où tu as posé tes
pièges, ouvre la CARTE.
","Si tu as oublié les endroits où tu as posé tes
pièges, ouvre la CARTE.
"
0x2ee13,"Je vois que tu as dégoté un micro directionnel.
","Je vois que tu as dégoté un micro directionnel.
"
0x2ee46,"Le micro directionnel, c'est exactement ça: un
système d'écoute.
","Le micro directionnel, c'est exactement ça: un
système d'écoute.
"
0x2ee8b,"Une fois équipé du micro, tu passeras en
Observation à la 1ère personne et il captera
les sons dans la direction dans laquelle tu le
pointes.
","Une fois équipé du micro, tu passeras en
Observation à la 1ère personne et il captera
les sons dans la direction dans laquelle tu le
pointes.
"
0x2ef1e,"Le micro directionnel te permettra d'écouter
des choses que tu n'aurais autrement pas
entendues,
","Le micro directionnel te permettra d'écouter
des choses que tu n'aurais autrement pas
entendues,
"
0x2ef81,"comme des bruits très légers ou des pas de
soldats au loin.
","comme des bruits très légers ou des pas de
soldats au loin.
"
0x2efc0,"Il devrait t'être utile quand tu veux savoir s'il
y a des ennemis de l'autre côté d'une
forêt ou un truc dans ce genre.
","Il devrait t'être utile quand tu veux savoir s'il
y a des ennemis de l'autre côté d'une
forêt ou un truc dans ce genre.
"
0x2f03d,"Alors essaie-le!!
","Alors essaie-le!!
"
0x2f050,"Hé, qu'est-ce que tu portes...?
","Hé, qu'est-ce que tu portes...?
"
0x2f072,"Des lunettes de vision nocturne. Ce gadget me
permet de voir la nuit en amplifiant la lumière
et en me l'affichant sous forme d'images.
","Des lunettes de vision nocturne. Ce gadget me
permet de voir la nuit en amplifiant la lumière
et en me l'affichant sous forme d'images.
"
0x2f0fc,"Ça amplifie la lumière?
","Ça amplifie la lumière?
"
0x2f117,"En tout cas, ça y ressemble.
","En tout cas, ça y ressemble.
"
0x2f136,"Eh bien, c'est incroyable.
","Eh bien, c'est incroyable.
"
0x2f152,"Ils travaillent sur un truc similaire ici aux
Etats-Unis, mais pour l'instant, on doit l'utiliser
avec un projecteur à infrarouges.
","Ils travaillent sur un truc similaire ici aux
Etats-Unis, mais pour l'instant, on doit l'utiliser
avec un projecteur à infrarouges.
"
0x2f1d8,"Et maintenant, les Russes ont développé un
dispositif portable...
","Et maintenant, les Russes ont développé un
dispositif portable...
"
0x2f21d,"... Bon, la portée de ces lunettes est assez
bonne, même dans l'obscurité.
","... Bon, la portée de ces lunettes est assez
bonne, même dans l'obscurité.
"
0x2f26c,"Mais ne regarde rien de lumineux, comme des
flammes, ou tu seras aveuglé pendant un
moment. Fais attention.
","Mais ne regarde rien de lumineux, comme des
flammes, ou tu seras aveuglé pendant un
moment. Fais attention.
"
0x2f2da,"On utilise le détecteur de mines, à ce que je
vois?
","On utilise le détecteur de mines, à ce que je
vois?
"
0x2f311,"Une fois équipé du détecteur de mines, un
signal sonore t'avertira de la présence de
mines Claymore à proximité.
","Une fois équipé du détecteur de mines, un
signal sonore t'avertira de la présence de
mines Claymore à proximité.
"
0x2f389,"En gros, un détecteur de mines est un
détecteur de métal, donc il réagira de la
même façon en présence d'un tas de
ferraille.
","En gros, un détecteur de mines est un
détecteur de métal, donc il réagira de la
même façon en présence d'un tas de
ferraille.
"
0x2f40f,"On dit que seulement 1 objet détecté sur 100
est en réalité une mine.
","On dit que seulement 1 objet détecté sur 100
est en réalité une mine.
"
0x2f45a,"Pas vraiment ce qu'on pourrait appeler fiable.
","Pas vraiment ce qu'on pourrait appeler fiable.
"
0x2f48a,"Alors ils recherchent d'autres moyens de
détecter des mines, par ex.
","Alors ils recherchent d'autres moyens de
détecter des mines, par ex.
"
0x2f4d1,"en détectant les molécules émises par les
explosifs ou en utilisant un type de radar
souterrain.
","en détectant les molécules émises par les
explosifs ou en utilisant un type de radar
souterrain.
"
0x2f536,"Un de ces jours, ils trouveront sûrement un
truc qui marche.
","Un de ces jours, ils trouveront sûrement un
truc qui marche.
"
0x2f575,"Mais apparemment, celui dont tu es équipé
détecte uniquement les mines Claymore au sol.
","Mais apparemment, celui dont tu es équipé
détecte uniquement les mines Claymore au sol.
"
0x2f5d1,"Donc le détecteur de mine ne risque pas de se
tromper pour un autre objet.
","Donc le détecteur de mine ne risque pas de se
tromper pour un autre objet.
"
0x2f61e,"Euh, Snake... qu'est-ce que tu fais?
","Euh, Snake... qu'est-ce que tu fais?
"
0x2f644,"Je suis dans un carton.
","Je suis dans un carton.
"
0x2f65d,"Un carton? Pourquoi tu es...?
","Un carton? Pourquoi tu es...?
"
0x2f67c,"Je sais pas. Je le regardais juste, et tout à
coup, j'ai eu cette envie irrésistible de me
mettre à l'intérieur.
","Je sais pas. Je le regardais juste, et tout à
coup, j'ai eu cette envie irrésistible de me
mettre à l'intérieur.
"
0x2f6f2,"Pas seulement une envie... plus que ça. C'était
ma destinée d'être là, dans ce carton.
","Pas seulement une envie... plus que ça. C'était
ma destinée d'être là, dans ce carton.
"
0x2f74f,"Ta destinée...?
","Ta destinée...?
"
0x2f761,"Oui. Et dès que je me suis mis à l'intérieur, j'ai
eu cette sensation de paix intérieure.
","Oui. Et dès que je me suis mis à l'intérieur, j'ai
eu cette sensation de paix intérieure.
"
0x2f7c0,"Je n'arrive pas vraiment à l'exprimer. Je me
sens... en sécurité. Comme si c'était là où je
devais être. Comme si j'avais trouvé la vraie
clé du bonheur.
","Je n'arrive pas vraiment à l'exprimer. Je me
sens... en sécurité. Comme si c'était là où je
devais être. Comme si j'avais trouvé la vraie
clé du bonheur.
"
0x2f864,"...
","...
"
0x2f869,"Est-ce que je me fais bien comprendre?
","Est-ce que je me fais bien comprendre?
"
0x2f891,"Absolument pas.
","Absolument pas.
"
0x2f8a2,"Tu devrais venir à l'intérieur du carton... Après,
tu comprendras ce que je voulais dire.
","Tu devrais venir à l'intérieur du carton... Après,
tu comprendras ce que je voulais dire.
"
0x2f900,"Mais mon pote, je n'ai pas l'intention de
comprendre.
","Mais mon pote, je n'ai pas l'intention de
comprendre.
"
0x2f937,"Entre toi et Para-Medic, il n'y a donc que moi
de normal à travailler pour le Major?!
","Entre toi et Para-Medic, il n'y a donc que moi
de normal à travailler pour le Major?!
"
0x2f98f,"...
","...
"
0x2f994,"Bon, j'imagine que ce carton débile ferait un
bon déguisement si tu l'utilisais à l'intérieur
d'un bâtiment.
","Bon, j'imagine que ce carton débile ferait un
bon déguisement si tu l'utilisais à l'intérieur
d'un bâtiment.
"
0x2fa07,"Snake, tu fumes une cigarette?
","Snake, tu fumes une cigarette?
"
0x2fa27,"C'est pas une cigarette. C'est un cigare.
","C'est pas une cigarette. C'est un cigare.
"
0x2fa52,"Ah, c'est pareil.
","Ah, c'est pareil.
"
0x2fa65,"Non, c'est pas pareil.
","Non, c'est pas pareil.
"
0x2fa7d,"Pourquoi suis-je le seul à faire la différence...?
","Pourquoi suis-je le seul à faire la différence...?
"
0x2fab3,"Pour moi, je m'en fous. Ce que je veux savoir,
c'est pourquoi tu as emmené ça?
","Pour moi, je m'en fous. Ce que je veux savoir,
c'est pourquoi tu as emmené ça?
"
0x2fb05,"Parce que j'en ai besoin.
","Parce que j'en ai besoin.
"
0x2fb20,"Pour quoi?
","Pour quoi?
"
0x2fb2c,"Je ne peux pas fumer un cigare, si je n'en ai
pas, non?
","Je ne peux pas fumer un cigare, si je n'en ai
pas, non?
"
0x2fb65,"Alors tu veux juste le fumer?
","Alors tu veux juste le fumer?
"
0x2fb84,"Ouais.
","Ouais.
"
0x2fb8c,"... Mec, t'as un problème.
","... Mec, t'as un problème.
"
0x2fba9,"Fais ce que tu veux. Mais n'oublie pas que ta
VIE va diminuer tant que tu seras en train de
fumer.
","Fais ce que tu veux. Mais n'oublie pas que ta
VIE va diminuer tant que tu seras en train de
fumer.
"
0x2fc0d,"C'est quoi, ce truc, Snake?
","C'est quoi, ce truc, Snake?
"
0x2fc2a,"Un genre de médicament. L'étiquette dit
'Pentazémine'.
","Un genre de médicament. L'étiquette dit
'Pentazémine'.
"
0x2fc65,"Pentazémine? C'est quoi, ce truc?
","Pentazémine? C'est quoi, ce truc?
"
0x2fc89,"Connaît pas.
","Connaît pas.
"
0x2fc98,"Demandons à Para-Medic.
","Demandons à Para-Medic.
"
0x2fcb2,"Oh, Para-Medic!
","Oh, Para-Medic!
"
0x2fcc3,"Ouais?
","Ouais?
"
0x2fccb,"Tu as déjà entendu parler de ce médicament,
la pentazémine?
","Tu as déjà entendu parler de ce médicament,
la pentazémine?
"
0x2fd0c,"Oui, c'est un anxyolitique de la famille de la
benzodiazépine.
","Oui, c'est un anxyolitique de la famille de la
benzodiazépine.
"
0x2fd4d,"C'est un léger tranquillisant utilisé pour traiter
des dépressions, des ataxies, des névroses
d'angoisse et des maladies dans ce genre.
","C'est un léger tranquillisant utilisé pour traiter
des dépressions, des ataxies, des névroses
d'angoisse et des maladies dans ce genre.
"
0x2fdda,"En plus de ses propriétés calmantes et
anti-dépressives, c'est aussi un anti-épileptique
efficace.
","En plus de ses propriétés calmantes et
anti-dépressives, c'est aussi un anti-épileptique
efficace.
"
0x2fe42,"Un anti-épileptique?
","Un anti-épileptique?
"
0x2fe59,"Ouais.
","Ouais.
"
0x2fe61,"Il peut donc empêcher les mains de
trembler?
","Il peut donc empêcher les mains de
trembler?
"
0x2fe90,"Oui, j'imagine...
","Oui, j'imagine...
"
0x2fea3,"Ça pourrait être utile.
","Ça pourrait être utile.
"
0x2febe,"De quoi est-ce que tu parles?
","De quoi est-ce que tu parles?
"
0x2fedd,"Non, rien. Mais si j'utilise ce médicament
pendant que j'utilise un fusil sniper, ça pourrait
m'aider à être plus stable.
","Non, rien. Mais si j'utilise ce médicament
pendant que j'utilise un fusil sniper, ça pourrait
m'aider à être plus stable.
"
0x2ff5c,"Oh, je vois. C'est une idée intéressante. Ça
devrait marcher. Tu devrais essayer.
","Oh, je vois. C'est une idée intéressante. Ça
devrait marcher. Tu devrais essayer.
"
0x2ffb2,"Tu as des médicaments de VIE, hein?
","Tu as des médicaments de VIE, hein?
"
0x2ffd8,"Le médicament VIE est un...
","Le médicament VIE est un...
"
0x2fff6,"Le médicament VIE est un nouveau
médicament développé par l'Union Soviétique
pour être utilisé au combat.
","Le médicament VIE est un nouveau
médicament développé par l'Union Soviétique
pour être utilisé au combat.
"
0x30068,"Les comp...
","Les comp...
"
0x30075,"Ses composants sont encore tenus secrets,
mais il semble activer les processus de
régénération du corps et guérir plus
rapidement les blessures.
","Ses composants sont encore tenus secrets,
mais il semble activer les processus de
régénération du corps et guérir plus
rapidement les blessures.
"
0x3010b,"Eh bien, ouvre le...
","Eh bien, ouvre le...
"
0x30121,"Ouvre la fenêtre et appuie sur la touche
Entrée pour récupérer toute ta VIE. Utile, non?
","Ouvre la fenêtre et appuie sur la touche
Entrée pour récupérer toute ta VIE. Utile, non?
"
0x3017f,"...
","...
"
0x30184,"Hein? Il y a un truc qui ne va pas, Sigint?
","Hein? Il y a un truc qui ne va pas, Sigint?
"
0x301b1,"Rien, oublie...
","Rien, oublie...
"
0x301c2,"Snake, qu'est-ce qu'il y a? Pourquoi tu es tout
nu?
","Snake, qu'est-ce qu'il y a? Pourquoi tu es tout
nu?
"
0x301f7,"Je sais qu'il y a une option NU sous
UNIFORME pour enlever le haut de ton
uniforme.
","Je sais qu'il y a une option NU sous
UNIFORME pour enlever le haut de ton
uniforme.
"
0x3024c,"Mais sans chemise, ton camouflage sera nul et
ton endurance diminuera plus rapidement. Tu
n'as donc aucun avantage à être comme ça.
","Mais sans chemise, ton camouflage sera nul et
ton endurance diminuera plus rapidement. Tu
n'as donc aucun avantage à être comme ça.
"
0x302d4,"Bien sûr que si.
","Bien sûr que si.
"
0x302e7,"Quoi par exemple?
","Quoi par exemple?
"
0x302fa,"Je me sens à l'aise.
","Je me sens à l'aise.
"
0x30311,"... Mon pote, fais ce que tu veux.
","... Mon pote, fais ce que tu veux.
"
0x30335,"Oui, merci. Mais j'ai une seule question.
","Oui, merci. Mais j'ai une seule question.
"
0x30360,"Quoi?
","Quoi?
"
0x30367,"Est-ce qu'il y a un moyen pour que j'enlève
mon pantalon?
","Est-ce qu'il y a un moyen pour que j'enlève
mon pantalon?
"
0x303a3,"QUOI?!
","QUOI?!
"
0x303ab,"Mon pantalon, est-ce que...
","Mon pantalon, est-ce que...
"
0x303c8,"Ah, ça non! Cette unité FOX, c'est un vrai
repère de barjos!
","Ah, ça non! Cette unité FOX, c'est un vrai
repère de barjos!
"
0x30409,"Je vois que tu portes un uniforme kaki.
","Je vois que tu portes un uniforme kaki.
"
0x30432,"Le kaki est l'uniforme de combat standard des
GI.
","Le kaki est l'uniforme de combat standard des
GI.
"
0x30465,"C'est un uniforme uni, sans motif de
camouflage, donc il ne te sera pas très utile
pour te camoufler.
","C'est un uniforme uni, sans motif de
camouflage, donc il ne te sera pas très utile
pour te camoufler.
"
0x304cd,"A ta place, je le changerais pour un autre
uniforme.
","A ta place, je le changerais pour un autre
uniforme.
"
0x30503,"Je vois que tu portes un camouflage Rayure de
tigre?
","Je vois que tu portes un camouflage Rayure de
tigre?
"
0x30539,"C'est un camouflage pour la forêt. Comme
son nom l'indique, ses motifs imitent les
rayures d'un tigre.
","C'est un camouflage pour la forêt. Comme
son nom l'indique, ses motifs imitent les
rayures d'un tigre.
"
0x305a2,"Il était, à l'origine, porté par les Marines au
Vietnam du Sud.
","Il était, à l'origine, porté par les Marines au
Vietnam du Sud.
"
0x305e6,"Il a ensuite attiré l'attention d'un conseiller
militaire américain
","Il a ensuite attiré l'attention d'un conseiller
militaire américain
"
0x3062d,"et maintenant, ils pensent l'introduire dans
différentes unités spéciales.
","et maintenant, ils pensent l'introduire dans
différentes unités spéciales.
"
0x3067c,"Il est surtout efficace dans les endroits où il y
a beaucoup d'arbres et d'herbes, mais aussi
dans la poussière et la boue.
","Il est surtout efficace dans les endroits où il y
a beaucoup d'arbres et d'herbes, mais aussi
dans la poussière et la boue.
"
0x306fb,"Alors, tu portes un camouflage à motif de
feuilles?
","Alors, tu portes un camouflage à motif de
feuilles?
"
0x30731,"C'est un camouflage qui a été créé pour fournir
une couverture dans les zones boisées.
","C'est un camouflage qui a été créé pour fournir
une couverture dans les zones boisées.
"
0x3078e,"Maintenant que notre présence au Vietnam va
se renforcer, ils pensent l'adopter
officiellement.
","Maintenant que notre présence au Vietnam va
se renforcer, ils pensent l'adopter
officiellement.
"
0x307f0,"C'est un camouflage particulièrement efficace
dans les buissons.
","C'est un camouflage particulièrement efficace
dans les buissons.
"
0x30833,"Je vois que tu portes un camouflage Ecorce
d'arbre.
","Je vois que tu portes un camouflage Ecorce
d'arbre.
"
0x30868,"L'écorce d'arbre est un motif principalement
créé pour être utilisé par les chasseurs.
","L'écorce d'arbre est un motif principalement
créé pour être utilisé par les chasseurs.
"
0x308c5,"Il sera particulièrement efficace si tu le portes
une fois plaqué contre un arbre.
","Il sera particulièrement efficace si tu le portes
une fois plaqué contre un arbre.
"
0x3091b,"Ah, je vois que tu portes le camouflage Grains
de chocolat.
","Ah, je vois que tu portes le camouflage Grains
de chocolat.
"
0x30958,"Grains de chocolat? C'est le nom de ce
camouflage?
","Grains de chocolat? C'est le nom de ce
camouflage?
"
0x3098c,"Ouais.
","Ouais.
"
0x30994,"Je n'ai jamais entendu parler d'un nom pareil...
","Je n'ai jamais entendu parler d'un nom pareil...
"
0x309c6,"Oui, je sais. C'est moi... Je viens de l'inventer.
","Oui, je sais. C'est moi... Je viens de l'inventer.
"
0x309fa,"Le motif Grains de chocolat a sûrement été
conçu pour se camoufler dans le désert.
","Le motif Grains de chocolat a sûrement été
conçu pour se camoufler dans le désert.
"
0x30a53,"Il devrait surtout être efficace au milieu de
sable ou de rochers.
","Il devrait surtout être efficace au milieu de
sable ou de rochers.
"
0x30a98,"Logique. Pourquoi tu l'as appelé Grains de
chocolat?
","Logique. Pourquoi tu l'as appelé Grains de
chocolat?
"
0x30acf,"Parce que ça m'y a fait penser.
","Parce que ça m'y a fait penser.
"
0x30af1,"Quoi?
","Quoi?
"
0x30af8,"Ces petits cookies que le Major est toujours en
train de grignoter.
","Ces petits cookies que le Major est toujours en
train de grignoter.
"
0x30b3d,"Ce ne sont pas des cookies. Ce sont des
scones.
","Ce ne sont pas des cookies. Ce sont des
scones.
"
0x30b6e,"Major!
","Major!
"
0x30b76,"Et je ne les grignote pas. C'est mon 5 o'clock
tea.
","Et je ne les grignote pas. C'est mon 5 o'clock
tea.
"
0x30bab,"Ah, pour moi, c'est pareil.
","Ah, pour moi, c'est pareil.
"
0x30bc8,"Mais pas du tout! Le 5 o'clock tea est une
tradition anglaise.
","Mais pas du tout! Le 5 o'clock tea est une
tradition anglaise.
"
0x30c08,"Mm mm. Et c'est reparti. A plus tard, Snake.
","Mm mm. Et c'est reparti. A plus tard, Snake.
"
0x30c36,"Les origines du 5 o'clock tea remontent à
l'époque victorienne. Anna Maria, la septième
Duchesse de Bedford, était...
","Les origines du 5 o'clock tea remontent à
l'époque victorienne. Anna Maria, la septième
Duchesse de Bedford, était...
"
0x30cb1,"On dirait que tu portes le camouflage Eclats.
","On dirait que tu portes le camouflage Eclats.
"
0x30ce0,"Il a beaucoup été utilisé pendant la Deuxième
Guerre mondiale sur les avions allemands et
autres.
","Il a beaucoup été utilisé pendant la Deuxième
Guerre mondiale sur les avions allemands et
autres.
"
0x30d47,"Le motif aidait à masquer l'altitude et la
direction des avions en combat aérien.
","Le motif aidait à masquer l'altitude et la
direction des avions en combat aérien.
"
0x30d9c,"On l'utilise encore aujourd'hui comme
camouflage dans certains endroits.
","On l'utilise encore aujourd'hui comme
camouflage dans certains endroits.
"
0x30de6,"Il est particulièrement efficace sur un fond
d'acier ou de pierres.
","Il est particulièrement efficace sur un fond
d'acier ou de pierres.
"
0x30e2c,"Alors comme ça, on porte le camouflage
Gouttes d'eau?
","Alors comme ça, on porte le camouflage
Gouttes d'eau?
"
0x30e64,"Il était utilisé en Allemagne pendant la
Deuxième Guerre mondiale. Il est encore
aujourd'hui assez souvent utilisé en Europe de
l'Est.
","Il était utilisé en Allemagne pendant la
Deuxième Guerre mondiale. Il est encore
aujourd'hui assez souvent utilisé en Europe de
l'Est.
"
0x30ef0,"Il a été conçu pour passer inaperçu sous la
pluie, alors porte-le quand il se met à pleuvoir.
","Il a été conçu pour passer inaperçu sous la
pluie, alors porte-le quand il se met à pleuvoir.
"
0x30f54,"On dirait que tu portes le motif à carrés.
","On dirait que tu portes le motif à carrés.
"
0x30f82,"Le motif Carrés est un camouflage de
montagne, en gros un patchwork de motifs
carrés.
","Le motif Carrés est un camouflage de
montagne, en gros un patchwork de motifs
carrés.
"
0x30fdb,"A première vue, il a l'air assez voyant
","A première vue, il a l'air assez voyant
"
0x31005,"mais il permet en fait de brouiller les contours
de la personne qui le porte, le rendant plus
difficile à repérer.
","mais il permet en fait de brouiller les contours
de la personne qui le porte, le rendant plus
difficile à repérer.
"
0x3107b,"Ça devrait te servir pour te camoufler contre
du rouge, par ex. contre des briques ou du
métal rouillé.
","Ça devrait te servir pour te camoufler contre
du rouge, par ex. contre des briques ou du
métal rouillé.
"
0x310e7,"Alors comme ça, on porte le motif Eau?
","Alors comme ça, on porte le motif Eau?
"
0x31110,"Il a été largement utilisé par les anciennes
Forces de défense allemandes.
","Il a été largement utilisé par les anciennes
Forces de défense allemandes.
"
0x31160,"Malgré son nom, il n'a pas été spécialement
conçu pour être utilisé sous l'eau.
","Malgré son nom, il n'a pas été spécialement
conçu pour être utilisé sous l'eau.
"
0x311b8,"On lui a donné ce nom parce qu'il ressemble à
des vagues à la surface de l'eau.
","On lui a donné ce nom parce qu'il ressemble à
des vagues à la surface de l'eau.
"
0x3120c,"Et on pourrait en effet le confondre pour des
vagues. Ça pourrait te servir à te cacher sous
l'eau.
","Et on pourrait en effet le confondre pour des
vagues. Ça pourrait te servir à te cacher sous
l'eau.
"
0x31273,"Alors, tu portes le camouflage noir.
","Alors, tu portes le camouflage noir.
"
0x31299,"L'uniforme noir ne sert pas vraiment à se
camoufler.
","L'uniforme noir ne sert pas vraiment à se
camoufler.
"
0x312d0,"Il a plutôt été conçu pour son effet de choc
psychologique sur les ennemis lors des
opérations de secours des otages ou des trucs
comme ça.
","Il a plutôt été conçu pour son effet de choc
psychologique sur les ennemis lors des
opérations de secours des otages ou des trucs
comme ça.
"
0x31363,"Mais si tu le portes dans l'obscurité, on aura
beaucoup de mal à te repérer.
","Mais si tu le portes dans l'obscurité, on aura
beaucoup de mal à te repérer.
"
0x313b4,"Et ça marchera peut-être aussi sur la terre
qu'on trouve parfois dans les marais.
","Et ça marchera peut-être aussi sur la terre
qu'on trouve parfois dans les marais.
"
0x31409,"Le motif de camouflage que tu portes
actuellement s'appelle 'neige'.
","Le motif de camouflage que tu portes
actuellement s'appelle 'neige'.
"
0x3144f,"Comme tu l'auras deviné, c'est un camouflage
d'hiver, développé pour se camoufler dans la
neige.
","Comme tu l'auras deviné, c'est un camouflage
d'hiver, développé pour se camoufler dans la
neige.
"
0x314b4,"Mais il n'est pas entièrement blanc. Il a aussi
des petits motifs végétaux mélangés.
","Mais il n'est pas entièrement blanc. Il a aussi
des petits motifs végétaux mélangés.
"
0x3150f,"Il devrait surtout être efficace sur un fond
blanc.
","Il devrait surtout être efficace sur un fond
blanc.
"
0x31545,"Sympa, les vêtements que tu portes.
","Sympa, les vêtements que tu portes.
"
0x3156b,"On dirait que tu as trouvé des vêtements
vachement sympa.
","On dirait que tu as trouvé des vêtements
vachement sympa.
"
0x315a8,"Ouais. Ça s'appelle une combinaison furtive.
","Ouais. Ça s'appelle une combinaison furtive.
"
0x315d7,"Une combinaison furtive? C'est quoi, ce truc?
","Une combinaison furtive? C'est quoi, ce truc?
"
0x31606,"Pas sûr, mais ça ressemble à ce que The
Boss portait...
","Pas sûr, mais ça ressemble à ce que The
Boss portait...
"
0x31642,"Hmm. Eh bien, quoi qu'il en soit, beau travail.
","Hmm. Eh bien, quoi qu'il en soit, beau travail.
"
0x31673,"Cette combinaison semble être fabriquée
d'une fibre pare-balles spéciale. En la portant,
tu devrais diminuer de moitié les dommages
que tu reçois.
","Cette combinaison semble être fabriquée
d'une fibre pare-balles spéciale. En la portant,
tu devrais diminuer de moitié les dommages
que tu reçois.
"
0x3170c,"L'imperméabilisation et l'isolation thermique
sont excellentes. Rien qu'en la portant, tu
dépenseras moins d'endurance.
","L'imperméabilisation et l'isolation thermique
sont excellentes. Rien qu'en la portant, tu
dépenseras moins d'endurance.
"
0x31787,"Ça augmentera même ton Indice général de
camouflage. T'as trouvé un truc vraiment
unique, Snake.
","Ça augmentera même ton Indice général de
camouflage. T'as trouvé un truc vraiment
unique, Snake.
"
0x317ee,"Ouais. On devrait peut-être en faire
l'uniforme officiel de FOX.
","Ouais. On devrait peut-être en faire
l'uniforme officiel de FOX.
"
0x31831,"Tu portes donc l'uniforme de scientifique.
","Tu portes donc l'uniforme de scientifique.
"
0x3185d,"En portant cet uniforme, tu passeras pour un
scientifique.
","En portant cet uniforme, tu passeras pour un
scientifique.
"
0x31899,"Mais tu seras prévenu: tu ne pourras pas
t'équiper de la plupart de tes armes déguisé en
scientifique.
","Mais tu seras prévenu: tu ne pourras pas
t'équiper de la plupart de tes armes déguisé en
scientifique.
"
0x31905,"Même déguisé, tu te feras repérer si tes
habits sont tachés de sang.
","Même déguisé, tu te feras repérer si tes
habits sont tachés de sang.
"
0x31950,"Si tu as du sang sur tes vêtements,
enlève-les et change de tenue.
","Si tu as du sang sur tes vêtements,
enlève-les et change de tenue.
"
0x31996,"Le sang devrait partir tout seul au bout d'un
moment.
","Le sang devrait partir tout seul au bout d'un
moment.
"
0x319cd,"Mais, euh, Snake...
","Mais, euh, Snake...
"
0x319e2,"Quoi?
","Quoi?
"
0x319e9,"Porter un uniforme de scientifique ici, ça ne
sert vraiment à rien.
","Porter un uniforme de scientifique ici, ça ne
sert vraiment à rien.
"
0x31a30,"Pourquoi pas?
","Pourquoi pas?
"
0x31a3f,"Pourquoi pas? Regarde autour de toi! Tu vois
des scientifiques?
","Pourquoi pas? Regarde autour de toi! Tu vois
des scientifiques?
"
0x31a80,"Non.
","Non.
"
0x31a86,"Alors pourquoi tu portes cet uniforme?
","Alors pourquoi tu portes cet uniforme?
"
0x31aae,"Parce que j'en ai envie.
","Parce que j'en ai envie.
"
0x31ac8,"... T'es vraiment tordu, comme type.
","... T'es vraiment tordu, comme type.
"
0x31aee,"OK, tu es habillé en Raikov.
","OK, tu es habillé en Raikov.
"
0x31b0d,"Tu devrais te faire passer pour lui dans cette
tenue.
","Tu devrais te faire passer pour lui dans cette
tenue.
"
0x31b44,"Tu pourras aller n'importe où et personne ne te
posera de questions.
","Tu pourras aller n'importe où et personne ne te
posera de questions.
"
0x31b8b,"Mais n'oublie pas que tu ne pourras pas
t'équiper de la plupart de tes armes habillé
comme ça.
","Mais n'oublie pas que tu ne pourras pas
t'équiper de la plupart de tes armes habillé
comme ça.
"
0x31bee,"OK, tu portes l'uniforme de Raikov. Mais il
manque encore un truc.
","OK, tu portes l'uniforme de Raikov. Mais il
manque encore un truc.
"
0x31c32,"Je ne crois pas que ce déguisement va
marcher, sauf si tu ressemblais un peu plus à
lui.
","Je ne crois pas que ce déguisement va
marcher, sauf si tu ressemblais un peu plus à
lui.
"
0x31c8e,"Tu portes l'uniforme de Raikov?
","Tu portes l'uniforme de Raikov?
"
0x31caf,"Mais l'ennemi sait déjà que tu es déguisé en
Raikov, et en plus, tu as perdu ta casquette.
","Mais l'ennemi sait déjà que tu es déguisé en
Raikov, et en plus, tu as perdu ta casquette.
"
0x31d0f,"A mon avis, ce déguisement ne va plus
tromper qui que ce soit.
","A mon avis, ce déguisement ne va plus
tromper qui que ce soit.
"
0x31d50,"En plus, cet uniforme n'a pas de motifs de
camouflage, donc ton Indice de camouflage va
être bas.
","En plus, cet uniforme n'a pas de motifs de
camouflage, donc ton Indice de camouflage va
être bas.
"
0x31db4,"Tu ne crois pas que tu ferais bien de changer
de tenue?
","Tu ne crois pas que tu ferais bien de changer
de tenue?
"
0x31ded,"Tu portes un uniforme du personnel de
maintenance?
","Tu portes un uniforme du personnel de
maintenance?
"
0x31e21,"En portant un uniforme de maintenance, tu
pourras te faire passer pour un technicien
travaillant dans le hangar du Shagohod.
","En portant un uniforme de maintenance, tu
pourras te faire passer pour un technicien
travaillant dans le hangar du Shagohod.
"
0x31e9f,"Mais les gens vont se douter de quelque chose
si tu te mets tout à coup sur ton ventre ou si
tu te mets à donner des coups de poings.
","Mais les gens vont se douter de quelque chose
si tu te mets tout à coup sur ton ventre ou si
tu te mets à donner des coups de poings.
"
0x31f28,"Ne fais rien qui pourrait attirer l'attention.
","Ne fais rien qui pourrait attirer l'attention.
"
0x31f58,"Mais là-bas, il n'y a pas beaucoup de
personnel de maintenance. Cette tenue risque
de te faire remarquer.
","Mais là-bas, il n'y a pas beaucoup de
personnel de maintenance. Cette tenue risque
de te faire remarquer.
"
0x31fc4,"A ta place, je mettrais autre chose.
","A ta place, je mettrais autre chose.
"
0x31fea,"Snake, mais qu'est-ce que tu portes?
","Snake, mais qu'est-ce que tu portes?
"
0x32010,"Un smoking.
","Un smoking.
"
0x3201d,"Tu vas à un mariage ou quoi?
","Tu vas à un mariage ou quoi?
"
0x3203c,"Après tout, un smoking est entièrement noir.
Ça devrait t'aider à te fondre dans un
environnement sombre.
","Après tout, un smoking est entièrement noir.
Ça devrait t'aider à te fondre dans un
environnement sombre.
"
0x320ab,"Par contre, tu ne pourras pas t'équiper d'armes
comme ton couteau. Et tu ne pourras pas non
plus utiliser les CQC. Ne l'oublie pas.
","Par contre, tu ne pourras pas t'équiper d'armes
comme ton couteau. Et tu ne pourras pas non
plus utiliser les CQC. Ne l'oublie pas.
"
0x32131,"Snake, c'est quoi, ce camouflage...?
","Snake, c'est quoi, ce camouflage...?
"
0x32157,"Cela s'appelle 'dard de guêpe'. Je l'ai eu
grâce à The Pain.
","Cela s'appelle 'dard de guêpe'. Je l'ai eu
grâce à The Pain.
"
0x32198,"Sans rire. On dirait un design unique.
","Sans rire. On dirait un design unique.
"
0x321c0,"A première vue, il semble regorger de la
puissance des frelons.
","A première vue, il semble regorger de la
puissance des frelons.
"
0x32202,"La puissance des frelons?
","La puissance des frelons?
"
0x3221d,"Bien sûr. Quand tu portes cet uniforme, les
frelons ne t'attaqueront pas. Ni les araignées
ou les sangsues.
","Bien sûr. Quand tu portes cet uniforme, les
frelons ne t'attaqueront pas. Ni les araignées
ou les sangsues.
"
0x3228c,"Tu pourras peut-être même dompter les
frelons qui sortent d'un nid.
","Tu pourras peut-être même dompter les
frelons qui sortent d'un nid.
"
0x322d3,"Hé Snake, qu'est-ce que tu portes...?
","Hé Snake, qu'est-ce que tu portes...?
"
0x322fb,"Un camouflage araignée. Ça appartenait à The
Fear.
","Un camouflage araignée. Ça appartenait à The
Fear.
"
0x32332,"Ah bon?
","Ah bon?
"
0x3233b,"Ça n'est pas aussi bon que la tenue de The
Fear, mais ça semble être assez efficace
pour fournir un bon camouflage optique.
","Ça n'est pas aussi bon que la tenue de The
Fear, mais ça semble être assez efficace
pour fournir un bon camouflage optique.
"
0x323bb,"A première vue, celui qui le porte utilise son
endurance pour activer la fonction de
camouflage optique.
","A première vue, celui qui le porte utilise son
endurance pour activer la fonction de
camouflage optique.
"
0x32426,"Avec cette tenue, ton Indice de camouflage
sera toujours élevé, où que tu ailles.
","Avec cette tenue, ton Indice de camouflage
sera toujours élevé, où que tu ailles.
"
0x3247c,"Mais quand tu n'auras plus d'endurance, le
camouflage optique ne fonctionnera plus. Ne
l'oublie pas.
","Mais quand tu n'auras plus d'endurance, le
camouflage optique ne fonctionnera plus. Ne
l'oublie pas.
"
0x324e2,"Snake, mais qu'est-ce que tu portes...?
","Snake, mais qu'est-ce que tu portes...?
"
0x3250b,"C'est un camouflage mousse. Je l'ai eu
grâce à The End.
","C'est un camouflage mousse. Je l'ai eu
grâce à The End.
"
0x32546,"Intéressant. On dirait qu'une partie du pouvoir
de The End est enfermée à l'intérieur.
","Intéressant. On dirait qu'une partie du pouvoir
de The End est enfermée à l'intérieur.
"
0x325a2,"Si tu le portes dans un endroit où le soleil
brille, tu récupéreras automatiquement de
l'endurance.
","Si tu le portes dans un endroit où le soleil
brille, tu récupéreras automatiquement de
l'endurance.
"
0x3260a,"Et ça te donnera aussi un Indice de
camouflage élevé à Svyatogornyj et à
Sokrovenno, les territoires de base de The
End.
","Et ça te donnera aussi un Indice de
camouflage élevé à Svyatogornyj et à
Sokrovenno, les territoires de base de The
End.
"
0x32689,"Snake, qu'est-ce que tu es en train de
porter...?
","Snake, qu'est-ce que tu es en train de
porter...?
"
0x326bc,"Un camouflage feu. Celui que The Fury portait.
","Un camouflage feu. Celui que The Fury portait.
"
0x326ec,"Ce camouflage semble être résistant aux
flammes.
","Ce camouflage semble être résistant aux
flammes.
"
0x32720,"Porte-le pour diminuer de moitié les dommages
reçus par des flammes ou des explosions. Et
en plus, tu ne seras pas brûlé.
","Porte-le pour diminuer de moitié les dommages
reçus par des flammes ou des explosions. Et
en plus, tu ne seras pas brûlé.
"
0x3279f,"C'est bien le genre de truc que The Fury
utiliserait.
","C'est bien le genre de truc que The Fury
utiliserait.
"
0x327d6,"Hein? Bizarre, le camouflage que tu portes,
Snake...
","Hein? Bizarre, le camouflage que tu portes,
Snake...
"
0x3280c,"C'est un camouflage esprit. Un cadeau de The
Sorrow, je crois.
","C'est un camouflage esprit. Un cadeau de The
Sorrow, je crois.
"
0x3284c,"The Sorrow? Mais il est...
","The Sorrow? Mais il est...
"
0x32868,"Bon, je veux même pas le savoir. En tout
cas, ce camouflage semble avoir un pouvoir
spécial.
","Bon, je veux même pas le savoir. En tout
cas, ce camouflage semble avoir un pouvoir
spécial.
"
0x328c8,"Si tu le portes et fais une prise à un ennemi en
CQC, tu pourras épuiser son endurance en
l'étranglant.
","Si tu le portes et fais une prise à un ennemi en
CQC, tu pourras épuiser son endurance en
l'étranglant.
"
0x32934,"Et tu ne feras pas de bruit en te déplaçant.
","Et tu ne feras pas de bruit en te déplaçant.
"
0x32964,"Ça a l'air utile.
","Ça a l'air utile.
"
0x32978,"... Dis-moi la vérité. C'est vraiment grâce à
The Sorrow que tu l'as eu?
","... Dis-moi la vérité. C'est vraiment grâce à
The Sorrow que tu l'as eu?
"
0x329c6,"Ouais.
","Ouais.
"
0x329ce,"... Bon sang, le Major dit qu'il a été enlevé par
un OVNI, alors pourquoi pas...?
","... Bon sang, le Major dit qu'il a été enlevé par
un OVNI, alors pourquoi pas...?
"
0x32a24,"???
","???
"
0x32a29,"Snake, c'est quoi ce camouflage-là...?
","Snake, c'est quoi ce camouflage-là...?
"
0x32a52,"Il s'appelle Guerre froide. Volgin l'avait sur lui.
","Il s'appelle Guerre froide. Volgin l'avait sur lui.
"
0x32a87,"Un camouflage Guerre froide, hein. Eh bien,
j'imagine que si tu le portes, les Soviétiques ne
vont pas t'attaquer par derrière.
","Un camouflage Guerre froide, hein. Eh bien,
j'imagine que si tu le portes, les Soviétiques ne
vont pas t'attaquer par derrière.
"
0x32b0a,"Vraiment? Tu veux dire qu'en plus d'être
élégant, il est aussi utile?
","Vraiment? Tu veux dire qu'en plus d'être
élégant, il est aussi utile?
"
0x32b54,"Elégant?
","Elégant?
"
0x32b5f,"Ouais. Tu ne trouves pas?
","Ouais. Tu ne trouves pas?
"
0x32b7a,"... Ah... Ouais, comme tu veux.
","... Ah... Ouais, comme tu veux.
"
0x32b9b,"Hein? Le camouflage que tu portes est
complètement dingue.
","Hein? Le camouflage que tu portes est
complètement dingue.
"
0x32bd8,"Ouais. C'est un camouflage serpent.
","Ouais. C'est un camouflage serpent.
"
0x32bfd,"Serpent? J'imagine que ça doit bien t'aller.
","Serpent? J'imagine que ça doit bien t'aller.
"
0x32c2c,"Merci du compliment.
","Merci du compliment.
"
0x32c42,"... Pourtant, ça a l'air assez efficace.
","... Pourtant, ça a l'air assez efficace.
"
0x32c6d,"C'est un bon camouflage multi-usages: il
devrait te donner un Indice de camouflage
élevé quel que soit ton environnement.
","C'est un bon camouflage multi-usages: il
devrait te donner un Indice de camouflage
élevé quel que soit ton environnement.
"
0x32cea,"Snake, c'est quoi, ce truc que tu portes?
","Snake, c'est quoi, ce truc que tu portes?
"
0x32d15,"Je sais pas. Ça s'appelle un camouflage
GA-KO, je sais pas pourquoi...
","Je sais pas. Ça s'appelle un camouflage
GA-KO, je sais pas pourquoi...
"
0x32d5e,"Quoi?!
","Quoi?!
"
0x32d66,"Para-Medic...?
","Para-Medic...?
"
0x32d76,"Tu n'as jamais entendu parler de GA-KO?
","Tu n'as jamais entendu parler de GA-KO?
"
0x32d9f,"Non.
","Non.
"
0x32da5,"Jamais.
","Jamais.
"
0x32dae,"Tu vis dans une grotte ou quoi...
","Tu vis dans une grotte ou quoi...
"
0x32dd1,"Eh bien, désolé.
","Eh bien, désolé.
"
0x32de5,"Au fait, Snake, cette tenue est nulle, question
Indice de camouflage.
","Au fait, Snake, cette tenue est nulle, question
Indice de camouflage.
"
0x32e2c,"Sauf si tu veux te faire repérer par l'ennemi,
je te suggère de changer de tenue...
","Sauf si tu veux te faire repérer par l'ennemi,
je te suggère de changer de tenue...
"
0x32e83,"Pourquoi?
","Pourquoi?
"
0x32e8e,"Pourquoi? Parce que son Indice de
camouflage est...
","Pourquoi? Parce que son Indice de
camouflage est...
"
0x32ec3,"L'Indice de camouflage, on s'en fout.
","L'Indice de camouflage, on s'en fout.
"
0x32eea,"Attends une minute...
","Attends une minute...
"
0x32f01,"Il porte le camouflage GA-KO.
","Il porte le camouflage GA-KO.
"
0x32f20,"Pourquoi?
","Pourquoi?
"
0x32f2b,"Parce qu'il est mignon habillé comme ça.
","Parce qu'il est mignon habillé comme ça.
"
0x32f57,"Snake, essaie de la raisonner!
","Snake, essaie de la raisonner!
"
0x32f77,"Je ne vois pas ce qu'il y a de mal à être
mignon?
","Je ne vois pas ce qu'il y a de mal à être
mignon?
"
0x32fac,"... suis-je la seule personne sensée dans cette
mission...?
","... suis-je la seule personne sensée dans cette
mission...?
"
0x32fea,"Hein? Tu ne portes pas de peinture sur le
visage?
","Hein? Tu ne portes pas de peinture sur le
visage?
"
0x3301d,"Tu peux enlever la peinture en sélectionnant
l'option PAS DE PEINTURE dans VISAGE.
","Tu peux enlever la peinture en sélectionnant
l'option PAS DE PEINTURE dans VISAGE.
"
0x33072,"Sélectionne PAS DE PEINTURE si tu préfères
ne pas porter de peinture sur ton visage.
","Sélectionne PAS DE PEINTURE si tu préfères
ne pas porter de peinture sur ton visage.
"
0x330cb,"Mais ton Indice de camouflage ne sera jamais
aussi élevé sans peinture sur le visage.
","Mais ton Indice de camouflage ne sera jamais
aussi élevé sans peinture sur le visage.
"
0x33124,"Sauf si tu veux que l'ennemi te repère, je te
conseille de porter de la peinture sur le visage.
","Sauf si tu veux que l'ennemi te repère, je te
conseille de porter de la peinture sur le visage.
"
0x33186,"Oh... OK...
","Oh... OK...
"
0x33193,"Laisse-moi deviner. Ça commençait à te
plaire.
","Laisse-moi deviner. Ça commençait à te
plaire.
"
0x331c6,"Oui, je m'y étais habitué...
","Oui, je m'y étais habitué...
"
0x331e6,"... Bien. Fais-toi tirer dessus.
","... Bien. Fais-toi tirer dessus.
"
0x33208,"Alors, je vois que tu portes la peinture 'forêt'
sur ton visage.
","Alors, je vois que tu portes la peinture 'forêt'
sur ton visage.
"
0x3324b,"La peinture forêt est surtout efficace dans la
forêt.
","La peinture forêt est surtout efficace dans la
forêt.
"
0x33284,"Utilise-la lorsque tu dois t'infiltrer dans une
forêt.
","Utilise-la lorsque tu dois t'infiltrer dans une
forêt.
"
0x332bd,"Tu portes la peinture noire sur ton visage,
hein?
","Tu portes la peinture noire sur ton visage,
hein?
"
0x332f0,"En peignant ton visage en noir, ton camouflage
sera très efficace dans les endroits sombres.
","En peignant ton visage en noir, ton camouflage
sera très efficace dans les endroits sombres.
"
0x3334f,"Alors, on porte le peinture de visage 'eau'?
","Alors, on porte le peinture de visage 'eau'?
"
0x3337d,"La peinture 'eau' est surtout efficace sous
l'eau.
","La peinture 'eau' est surtout efficace sous
l'eau.
"
0x333b1,"Alors mets-la quand tu veux te cacher dans
l'eau.
","Alors mets-la quand tu veux te cacher dans
l'eau.
"
0x333e4,"On dirait que tu t'es peint le visage couleur
'désert'.
","On dirait que tu t'es peint le visage couleur
'désert'.
"
0x3341e,"Avec ses coloris marron, la peinture désert est
aussi utilisée pour les opérations en terrains
montagneux.
","Avec ses coloris marron, la peinture désert est
aussi utilisée pour les opérations en terrains
montagneux.
"
0x3348d,"Avec ça, tu devrais te confondre aux paysages
dans le désert ou les montagnes.
","Avec ça, tu devrais te confondre aux paysages
dans le désert ou les montagnes.
"
0x334df,"On dirait que tu utilises la peinture pour le
visage 'éclats'.
","On dirait que tu utilises la peinture pour le
visage 'éclats'.
"
0x33520,"La peinture éclats est une peinture à utiliser à
l'intérieur.
","La peinture éclats est une peinture à utiliser à
l'intérieur.
"
0x33563,"En peignant ton visage en 'éclats', tu devrais
mieux te fondre à l'intérieur des bâtiments.
","En peignant ton visage en 'éclats', tu devrais
mieux te fondre à l'intérieur des bâtiments.
"
0x335c4,"Tu portes une peinture de visage 'neige'.
","Tu portes une peinture de visage 'neige'.
"
0x335ef,"La peinture 'neige' a été conçue pour des
opérations dans l'Arctique.
","La peinture 'neige' a été conçue pour des
opérations dans l'Arctique.
"
0x3363a,"Elle est surtout efficace sur un fond de neige.
","Elle est surtout efficace sur un fond de neige.
"
0x3366b,"Snake, c'est quoi, la peinture de visage que tu
portes?
","Snake, c'est quoi, la peinture de visage que tu
portes?
"
0x336a4,"Kabuki.
","Kabuki.
"
0x336ad,"Kabuki?
","Kabuki?
"
0x336b6,"Exact. On l'utilise dans le théâtre
traditionnel japonais. Apparemment, ça donne
à la personne qui le porte une certaine
puissance mystique.
","Exact. On l'utilise dans le théâtre
traditionnel japonais. Apparemment, ça donne
à la personne qui le porte une certaine
puissance mystique.
"
0x33748,"Arrête ton char.
","Arrête ton char.
"
0x3375b,"C'est ce qu'on dit.
","C'est ce qu'on dit.
"
0x33770,"Mais qui?
","Mais qui?
"
0x3377b,"Para-Medic.
","Para-Medic.
"
0x33788,"Ça ne m'étonne pas. En tout cas, ça ne fait
pas un bon camouflage.
","Ça ne m'étonne pas. En tout cas, ça ne fait
pas un bon camouflage.
"
0x337cf,"Vraiment?
","Vraiment?
"
0x337da,"Oui. Tu ferais bien de changer de peinture de
visage.
","Oui. Tu ferais bien de changer de peinture de
visage.
"
0x33811,"Mais ça commençait à me plaire...
","Mais ça commençait à me plaire...
"
0x33837,"...
","...
"
0x3383c,"Snake, ta peinture sur ton visage, c'est...
","Snake, ta peinture sur ton visage, c'est...
"
0x33869,"Je sais. Cela s'appelle 'zombie'.
","Je sais. Cela s'appelle 'zombie'.
"
0x3388c,"Zombie? Qu'est-ce que ça veut dire?
","Zombie? Qu'est-ce que ça veut dire?
"
0x338b2,"Je sais pas.
","Je sais pas.
"
0x338c0,"Tu es sérieux?!
","Tu es sérieux?!
"
0x338d2,"Salut, Para-Medic...
","Salut, Para-Medic...
"
0x338e8,"Tu n'as jamais entendu parler de zombies?
","Tu n'as jamais entendu parler de zombies?
"
0x33913,"Non.
","Non.
"
0x33919,"Jamais.
","Jamais.
"
0x33922,"Mais vous connaissez rien à rien.
","Mais vous connaissez rien à rien.
"
0x33946,"Un zombie est un cadavre qui a reçu une
malédiction et qui a été ressuscité par un
maître de magie noir.
","Un zombie est un cadavre qui a reçu une
malédiction et qui a été ressuscité par un
maître de magie noir.
"
0x339b6,"Le maître est censé leur redonner la vie et
les utiliser comme esclaves.
","Le maître est censé leur redonner la vie et
les utiliser comme esclaves.
"
0x33a02,"C'est aussi une forme de punition: ceux qui ont
commis des crimes atroces sont forcés à
travailler, même après la mort.
","C'est aussi une forme de punition: ceux qui ont
commis des crimes atroces sont forcés à
travailler, même après la mort.
"
0x33a7f,"Intéressant... comment tu sais tout ça?
","Intéressant... comment tu sais tout ça?
"
0x33aaa,"Je l'ai vu dans les films!
","Je l'ai vu dans les films!
"
0x33ac6,"Comme dans 'Les Morts-vivants'. Jamais vu?
","Comme dans 'Les Morts-vivants'. Jamais vu?
"
0x33af2,"Non.
","Non.
"
0x33af8,"Je ne pense pas.
","Je ne pense pas.
"
0x33b0a,"Et 'Plan 9 from Outer Space'?
","Et 'Plan 9 from Outer Space'?
"
0x33b29,"Non.
","Non.
"
0x33b2f,"Je l'ai loupé.
","Je l'ai loupé.
"
0x33b40,"Il ne faut pas toujours s'intéresser uniquement
aux choses qu'on aime. Il faut élargir ses
horizons, essayer de nouvelles choses. Les
mecs, vous devriez sortir plus souvent.
","Il ne faut pas toujours s'intéresser uniquement
aux choses qu'on aime. Il faut élargir ses
horizons, essayer de nouvelles choses. Les
mecs, vous devriez sortir plus souvent.
"
0x33bf1,"...
","...
"
0x33bf6,"... Ouais, eh bien, cette peinture de visage ne
m'a pas vraiment l'air utile.
","... Ouais, eh bien, cette peinture de visage ne
m'a pas vraiment l'air utile.
"
0x33c45,"N'hésite pas à la porter si tu veux, mais je
crois que tu devrais changer pour...
","N'hésite pas à la porter si tu veux, mais je
crois que tu devrais changer pour...
"
0x33c9a,"Tu n'as rien à changer.
","Tu n'as rien à changer.
"
0x33cb4,"Pourquoi pas?
","Pourquoi pas?
"
0x33cc3,"Ça lui donne un look d'enfer.
","Ça lui donne un look d'enfer.
"
0x33ce3,"...
","...
"
0x33ce8,"N'est-ce pas?
","N'est-ce pas?
"
0x33cf7,"Ecoute, ça ne sert à rien de nous disputer sur
ça. Snake, fais ce que tu veux.
","Ecoute, ça ne sert à rien de nous disputer sur
ça. Snake, fais ce que tu veux.
"
0x33d4a,"Ça te donne vraiment un look d'enfer!
","Ça te donne vraiment un look d'enfer!
"
0x33d72,"Snake, c'est quoi, cette peinture de visage...?
","Snake, c'est quoi, cette peinture de visage...?
"
0x33da3,"Cela s'appelle 'Oyama'.
","Cela s'appelle 'Oyama'.
"
0x33dbc,"Oyama?
","Oyama?
"
0x33dc4,"Oui. C'est le nom d'une divinité japonaise
androgyne.
","Oui. C'est le nom d'une divinité japonaise
androgyne.
"
0x33dfc,"Tu es sérieux?
","Tu es sérieux?
"
0x33e0d,"C'est ce qu'on dit.
","C'est ce qu'on dit.
"
0x33e22,"Mais qui?
","Mais qui?
"
0x33e2d,"Para-Medic.
","Para-Medic.
"
0x33e3a,"... Laisse béton.
","... Laisse béton.
"
0x33e4e,"En tout cas, cette peinture de visage n'a pas
l'air de bien fonctionner. Ton Indice de
camouflage est au plus bas...
","En tout cas, cette peinture de visage n'a pas
l'air de bien fonctionner. Ton Indice de
camouflage est au plus bas...
"
0x33ec4,"Sauf si tu veux que l'ennemi te repère, à ta
place, je me changerais.
","Sauf si tu veux que l'ennemi te repère, à ta
place, je me changerais.
"
0x33f0d,"Oh... OK...
","Oh... OK...
"
0x33f1a,"Laisse-moi deviner. Ça commençait à te
plaire.
","Laisse-moi deviner. Ça commençait à te
plaire.
"
0x33f4d,"Oui, je m'y étais habitué...
","Oui, je m'y étais habitué...
"
0x33f6d,"... Bien. Fais-toi tirer dessus.
","... Bien. Fais-toi tirer dessus.
"
0x33f8f,"Ah, tu portes le masque.
","Ah, tu portes le masque.
"
0x33fa9,"C'est moi qui l'ai fabriqué. Joli travail, non?
","C'est moi qui l'ai fabriqué. Joli travail, non?
"
0x33fdb,"Autrefois, ils avaient prévu d'envoyer un agent
déguisé en cet officier du GRU pour voler des
documents secrets.
","Autrefois, ils avaient prévu d'envoyer un agent
déguisé en cet officier du GRU pour voler des
documents secrets.
"
0x34050,"J'ai alors créé ce masque pour cette opération.
","J'ai alors créé ce masque pour cette opération.
"
0x34084,"Mais la mission a finalement été annulée...
","Mais la mission a finalement été annulée...
"
0x340b4,"Et le Major est venu me voir et m'a demandé
de le jeter. Non mais tu y crois, ce type?
","Et le Major est venu me voir et m'a demandé
de le jeter. Non mais tu y crois, ce type?
"
0x3410d,"Mais tu ne l'as pas jeté.
","Mais tu ne l'as pas jeté.
"
0x34129,"Tu plaisantes? Jeter un produit de qualité
supérieure comme ça sans l'utiliser, ça serait
une insulte à la science.
","Tu plaisantes? Jeter un produit de qualité
supérieure comme ça sans l'utiliser, ça serait
une insulte à la science.
"
0x341a3,"Alors j'ai décidé de l'utiliser pour cacher ton
visage à l'équipage de l'hélico armé pendant la
Mission Vertueuse.
","Alors j'ai décidé de l'utiliser pour cacher ton
visage à l'équipage de l'hélico armé pendant la
Mission Vertueuse.
"
0x3421d,"Et je l'ai donc mis à ton insu dans ton matériel.
","Et je l'ai donc mis à ton insu dans ton matériel.
"
0x34252,"OK... mais il n'y a pas vraiment de problème,
si?
","OK... mais il n'y a pas vraiment de problème,
si?
"
0x34286,"Bien sûr que si.
","Bien sûr que si.
"
0x34299,"Qu'est-ce qu'il a de si spécial?
","Qu'est-ce qu'il a de si spécial?
"
0x342bc,"Mais tout.
","Mais tout.
"
0x342c8,"Pour ne choisir qu'un aspect, je dirais que
c'est le premier masque au monde pouvant
cligner des yeux.
","Pour ne choisir qu'un aspect, je dirais que
c'est le premier masque au monde pouvant
cligner des yeux.
"
0x34330,"Et les lèvres?
","Et les lèvres?
"
0x34341,"Comment?
","Comment?
"
0x3434b,"Est-ce qu'il peut ouvrir la bouche?
","Est-ce qu'il peut ouvrir la bouche?
"
0x34370,"Ha ha ha! C'est la meilleure, Snake. T'es
complètement dingue, mec.
","Ha ha ha! C'est la meilleure, Snake. T'es
complètement dingue, mec.
"
0x343b6,"Je ne plaisante pas...
","Je ne plaisante pas...
"
0x343ce,"Est-ce que tu m'écoutes, Snake? Tu as perdu
tout sens commun?! Enfin!
","Est-ce que tu m'écoutes, Snake? Tu as perdu
tout sens commun?! Enfin!
"
0x34416,"D... désolé...???
","D... désolé...???
"
0x3442b,"Tu sais, cette moto de l'armée sur laquelle
EVA est montée? C'est une réplique d'un
modèle allemand.
","Tu sais, cette moto de l'armée sur laquelle
EVA est montée? C'est une réplique d'un
modèle allemand.
"
0x34495,"Une réplique?
","Une réplique?
"
0x344a5,"Oui.
","Oui.
"
0x344ab,"Après la Deuxième Guerre mondiale, les
Soviétiques ont confisqué toute une usine de
fabrication allemande... les machines et tout.
","Après la Deuxième Guerre mondiale, les
Soviétiques ont confisqué toute une usine de
fabrication allemande... les machines et tout.
"
0x34533,"Et ils ont tout ramené et commencé à produire
des répliques?
","Et ils ont tout ramené et commencé à produire
des répliques?
"
0x34575,"Exactement. Au départ, cette moto avait été
conçue pour être utilisée avec un side-car.
","Exactement. Au départ, cette moto avait été
conçue pour être utilisée avec un side-car.
"
0x345d4,"Elle est donc assez puissante pour tracter un
side-car de plus de 100 kg.
","Elle est donc assez puissante pour tracter un
side-car de plus de 100 kg.
"
0x3461f,"C'est donc pour ça qu'elle a pu faire toutes ces
cascades.
","C'est donc pour ça qu'elle a pu faire toutes ces
cascades.
"
0x3465c,"Mm mmm. Bien sûr, il faut pas mal
d'expérience pour contrôler une telle
puissance. Cette EVA, c'est un sacré
personnage.
","Mm mmm. Bien sûr, il faut pas mal
d'expérience pour contrôler une telle
puissance. Cette EVA, c'est un sacré
personnage.
"
0x346da,"Snake, EVA t'a bien dit que son Mauser était
un Type 17, pas vrai?
","Snake, EVA t'a bien dit que son Mauser était
un Type 17, pas vrai?
"
0x3471f,"Oui. Et alors?
","Oui. Et alors?
"
0x3472f,"Ce modèle a été produit dans les années 1920
dans un laboratoire d'armes de la province de
Shanxi en Chine.
","Ce modèle a été produit dans les années 1920
dans un laboratoire d'armes de la province de
Shanxi en Chine.
"
0x347a0,"La partie cartouche dépasse un peu plus que
l'original pour accommoder les cartouches de
calibre .45.
","La partie cartouche dépasse un peu plus que
l'original pour accommoder les cartouches de
calibre .45.
"
0x34808,"Le canon et la chambre sont aussi un peu plus
larges.
","Le canon et la chambre sont aussi un peu plus
larges.
"
0x3483f,"Mais il a surtout des caractères chinois gravés
sur les deux côtés de la carcasse, comme tu
l'as remarqué.
","Mais il a surtout des caractères chinois gravés
sur les deux côtés de la carcasse, comme tu
l'as remarqué.
"
0x348b0,"Et cette position de tir dont EVA t'a parlé, le
fait de tenir l'arme à l'horizontale - c'est la
marque de fabrication des Chinois.
","Et cette position de tir dont EVA t'a parlé, le
fait de tenir l'arme à l'horizontale - c'est la
marque de fabrication des Chinois.
"
0x34936,"Comme tu le disais, quand tu tires en mode
automatique, l'effet de saut du canon te
procure un mouvement de mitraillage au sol.
","Comme tu le disais, quand tu tires en mode
automatique, l'effet de saut du canon te
procure un mouvement de mitraillage au sol.
"
0x349b7,"Il paraît que c'est spécialement mortel pour
les opérations de nettoyage de terrain en
intérieur et à proximité.
","Il paraît que c'est spécialement mortel pour
les opérations de nettoyage de terrain en
intérieur et à proximité.
"
0x34a2f,"Les Japonais appelait ça le 'Tir du bandit', et
ils le redoutaient.
","Les Japonais appelait ça le 'Tir du bandit', et
ils le redoutaient.
"
0x34a75,"A se demander où elle a appris à tirer comme
ça.
","A se demander où elle a appris à tirer comme
ça.
"
0x34aaa,"Les Davy Crocketts que The Boss a emmené
avec elle lors de son transfuge sont des
mortiers tirant des ogives nucléaires.
","Les Davy Crocketts que The Boss a emmené
avec elle lors de son transfuge sont des
mortiers tirant des ogives nucléaires.
"
0x34b26,"Leur nom est un hommage au héros de la
Guerre d'indépendance du Texas, Davy
Crockett, qui est mort en défendant Fort
Alamo.
","Leur nom est un hommage au héros de la
Guerre d'indépendance du Texas, Davy
Crockett, qui est mort en défendant Fort
Alamo.
"
0x34ba6,"Souviens-toi d'Alamo...
","Souviens-toi d'Alamo...
"
0x34bbf,"Exactement.
","Exactement.
"
0x34bcc,"Les ogives correspondent à entre 10 et 20
tonnes de TNT.
","Les ogives correspondent à entre 10 et 20
tonnes de TNT.
"
0x34c07,"Tout bâtiment dans un rayon de 150 mètres
du foyer est complètement détruit.
","Tout bâtiment dans un rayon de 150 mètres
du foyer est complètement détruit.
"
0x34c59,"Mais les ogives dont disposait The Boss
étaient une sorte de super-bombe
expérimentale. Donc elles sont en fait encore
plus puissantes que ça.
","Mais les ogives dont disposait The Boss
étaient une sorte de super-bombe
expérimentale. Donc elles sont en fait encore
plus puissantes que ça.
"
0x34cec,"Je préfère ne pas penser à ce qui arriverait si
elle les utilisait encore.
","Je préfère ne pas penser à ce qui arriverait si
elle les utilisait encore.
"
0x34d3b,"Snake, tu sais ce que tu dois faire...
","Snake, tu sais ce que tu dois faire...
"
0x34d63,"Ouais... Je sais.
","Ouais... Je sais.
"
0x34d76,"Dis moi, Sigint...
","Dis moi, Sigint...
"
0x34d8a,"Qu'est-ce qu'il y a?
","Qu'est-ce qu'il y a?
"
0x34da0,"Ça veut dire quoi, 'Sigint'?
","Ça veut dire quoi, 'Sigint'?
"
0x34dbf,"C'est le diminutif de 'Signal Intelligence'.
","C'est le diminutif de 'Signal Intelligence'.
"
0x34ded,"Signal Intelligence?
","Signal Intelligence?
"
0x34e03,"C'est la section des services secrets chargée
des informations électroniques.
","C'est la section des services secrets chargée
des informations électroniques.
"
0x34e54,"Comme l'interception et l'analyse des
communications électroniques,
","Comme l'interception et l'analyse des
communications électroniques,
"
0x34e9a,"l'évaluation de la puissance et la position des
forces ennemis à partir des émissions radar et
des écoutes radio, enfin tu vois le genre.
","l'évaluation de la puissance et la position des
forces ennemis à partir des émissions radar et
des écoutes radio, enfin tu vois le genre.
"
0x34f29,"Le décodage fait aussi partie de SIGINT.
","Le décodage fait aussi partie de SIGINT.
"
0x34f54,"Dans 40 ans, nous serons entrés dans l'ère de
la guerre électronique.
","Dans 40 ans, nous serons entrés dans l'ère de
la guerre électronique.
"
0x34f9e,"Bien vite, les renseignements seront plus utiles
sur le terrain que la puissance de tir.
","Bien vite, les renseignements seront plus utiles
sur le terrain que la puissance de tir.
"
0x34ff8,"Tu veux dire qu'on n'aura plus besoin de types
comme moi?
","Tu veux dire qu'on n'aura plus besoin de types
comme moi?
"
0x35033,"Désolé, mais ça n'est pas près d'arriver.
","Désolé, mais ça n'est pas près d'arriver.
"
0x35062,"Malgré toutes les avancées de la technologie,
l'être humain sera toujours irremplaçable.
","Malgré toutes les avancées de la technologie,
l'être humain sera toujours irremplaçable.
"
0x350c0,"...
","...
"
0x350c5,"Bon, le fait est que le Major est un homme
prévoyant. Il a prévu l'avènement de l'ère
électronique, alors il m'a appelé.
","Bon, le fait est que le Major est un homme
prévoyant. Il a prévu l'avènement de l'ère
électronique, alors il m'a appelé.
"
0x35145,"Et tu as répondu présent.
","Et tu as répondu présent.
"
0x35162,"Eh bien, je n'avais pas d'autre endroit où aller.
","Eh bien, je n'avais pas d'autre endroit où aller.
"
0x35196,"Tu ne trouvais pas de boulot?
","Tu ne trouvais pas de boulot?
"
0x351b5,"Non. Aucun des centres de recherche
high-tech ne me laissaient passer le pas de la
porte.
","Non. Aucun des centres de recherche
high-tech ne me laissaient passer le pas de la
porte.
"
0x35210,"Pourquoi pas? Je sais que tu es pas facile à
vivre, mais...
","Pourquoi pas? Je sais que tu es pas facile à
vivre, mais...
"
0x3524e,"Pardon?
","Pardon?
"
0x35257,"Non, rien. Je veux dire, avec ton talent, tu
aurais dû...
","Non, rien. Je veux dire, avec ton talent, tu
aurais dû...
"
0x35293,"Ouais, eh bien peut-être que ça avait
quelque chose à voir avec le fait que je suis
noir.
","Ouais, eh bien peut-être que ça avait
quelque chose à voir avec le fait que je suis
noir.
"
0x352f1,"...
","...
"
0x352f6,"Par contre, le Major s'en fout de la couleur de
ma peau. Je n'en ai jamais rencontré quelqu'un
comme lui. Il est... différent, tu comprends?
","Par contre, le Major s'en fout de la couleur de
ma peau. Je n'en ai jamais rencontré quelqu'un
comme lui. Il est... différent, tu comprends?
"
0x35386,"Ouais, je sais.
","Ouais, je sais.
"
0x35397,"Je ne crois pas que le racisme va
disparaître, même au XXIe siècle.
","Je ne crois pas que le racisme va
disparaître, même au XXIe siècle.
"
0x353df,"Mais je veux travailler avec des ordinateurs et
les utiliser pour rapprocher les gens.
","Mais je veux travailler avec des ordinateurs et
les utiliser pour rapprocher les gens.
"
0x35437,"Dans le monde numérique, peu importe si tu
es blanc ou noir, américain ou russe, ou quoi
que ce soit.
","Dans le monde numérique, peu importe si tu
es blanc ou noir, américain ou russe, ou quoi
que ce soit.
"
0x354a0,"Tout le monde sera traité de la même façon.
C'est ce que je pense.
","Tout le monde sera traité de la même façon.
C'est ce que je pense.
"
0x354e7,"Je vois que tu t'es équipé de l'insecticide.
","Je vois que tu t'es équipé de l'insecticide.
"
0x35517,"Ça devrait t'aider à tenir les insectes à
distance.
","Ça devrait t'aider à tenir les insectes à
distance.
"
0x3554f,"Ouvre la fenêtre Objet et appuie sur la
touche Entrée
","Ouvre la fenêtre Objet et appuie sur la
touche Entrée
"
0x35588,"pour éloigner pendant une courte période les
petites bêtes énervantes comme les frelons
ou les sangsues. Fais-en bon usage!
","pour éloigner pendant une courte période les
petites bêtes énervantes comme les frelons
ou les sangsues. Fais-en bon usage!
"
0x35609,"Salut! C'est bien toi Snake, non?
","Salut! C'est bien toi Snake, non?
"
0x3562c,"Et toi, c'est Sigint?
","Et toi, c'est Sigint?
"
0x35643,"En personne.
","En personne.
"
0x35651,"On m'a dit que tu étais un expert en armes, en
équipements et en technologies de pointe.
","On m'a dit que tu étais un expert en armes, en
équipements et en technologies de pointe.
"
0x356ad,"C'est presque ça...
","C'est presque ça...
"
0x356c3,"?
","?
"
0x356c6,"Je suis LE grand expert en armes, en
équipements et en technologies de pointe.
","Je suis LE grand expert en armes, en
équipements et en technologies de pointe.
"
0x35717,"...
","...
"
0x3571c,"C'est moi qui ai conçu ton pistolet
tranquillisant, ton sonar actif et ton détecteur
de mouvements.
","C'est moi qui ai conçu ton pistolet
tranquillisant, ton sonar actif et ton détecteur
de mouvements.
"
0x35783,"Si tu as des questions sur une arme ou un
équipement, tu n'auras qu'à m'ENVOYER un
message pour me demander. A plus!
","Si tu as des questions sur une arme ou un
équipement, tu n'auras qu'à m'ENVOYER un
message pour me demander. A plus!
"
0x357fb,"Sigint.
","Sigint.
"
0x35804,"Qu'est-ce qu'il y a?
","Qu'est-ce qu'il y a?
"
0x3581a,"L'hélicoptère dont on a parlé est stationné sur
l'héliport.
","L'hélicoptère dont on a parlé est stationné sur
l'héliport.
"
0x3585c,"Celui qui remorquait le Shagohod pendant la
Mission Vertueuse?
","Celui qui remorquait le Shagohod pendant la
Mission Vertueuse?
"
0x3589c,"Oui.
","Oui.
"
0x358a2,"Sigint, l'hélico dont on a parlé est en train de
voler dans les alentours...
","Sigint, l'hélico dont on a parlé est en train de
voler dans les alentours...
"
0x358f2,"Celui qui était à l'héliport?
","Celui qui était à l'héliport?
"
0x35914,"Oui.
","Oui.
"
0x3591a,"Perhaps it's an armed variation of
the Mi-8 Hip?
","Perhaps it's an armed variation of
the Mi-8 Hip?
"
0x3594c,"No. Some of it looks the same,
but the overall shape is different.
","No. Some of it looks the same,
but the overall shape is different.
"
0x35990,"It's got stub wings, and the cockpit canopy
looks like an angular greenhouse.
","It's got stub wings, and the cockpit canopy
looks like an angular greenhouse.
"
0x359df,"No kidding. Then it must be some kind
of new model.
","No kidding. Then it must be some kind
of new model.
"
0x35a14,"I've heard stories recently that the Soviets
are developing a ""flying infantry combat
vehicle."" That's got to be it.
","I've heard stories recently that the Soviets
are developing a ""flying infantry combat
vehicle."" That's got to be it.
"
0x35a8a,"A flying infantry combat vehicle?
","A flying infantry combat vehicle?
"
0x35aad,"Yeah. A transport chopper with troop
carrying capabilities.
","Yeah. A transport chopper with troop
carrying capabilities.
"
0x35aea,"Think of it as a attack-transport chopper
version of France's AMX-VCI or
the Soviet BMP.
","Think of it as a attack-transport chopper
version of France's AMX-VCI or
the Soviet BMP.
"
0x35b44,"They must be doing field tests on
the initial prototype.
","They must be doing field tests on
the initial prototype.
"
0x35b7e,"A next-generation chopper that's a little
smaller than the Hip... Maybe we should
call it a Hind.
","A next-generation chopper that's a little
smaller than the Hip... Maybe we should
call it a Hind.
"
0x35be1,"Hmm, not bad. It's cool with me.
","Hmm, not bad. It's cool with me.
"
0x35c03,"Then it's settled. We'll refer to that
new-type helicopter as a Hind from
now on.
","Then it's settled. We'll refer to that
new-type helicopter as a Hind from
now on.
"
0x35c56,"What the hell, man...!!
","What the hell, man...!!
"
0x35c6f,"I can't believe you!!
","I can't believe you!!
"
0x35c86,"Of all the - ! I can see now I chose
the wrong man for this mission...!
","Of all the - ! I can see now I chose
the wrong man for this mission...!
"
0x35ccf,"Snake, the C3 exploded without a hitch.
","Snake, the C3 exploded without a hitch.
"
0x35cf8,"Yeah, but the hangar is still intact.
","Yeah, but the hangar is still intact.
"
0x35d1f,"The explosion was smaller than what we
had hoped for because the fuel tanks
didn't catch on fire.
","The explosion was smaller than what we
had hoped for because the fuel tanks
didn't catch on fire.
"
0x35d82,"But the fuel tanks were definitely...
","But the fuel tanks were definitely...
"
0x35da9,"Remember how the enemy spotted the C3
while you were busy with Volgin?
","Remember how the enemy spotted the C3
while you were busy with Volgin?
"
0x35df1,"They must have called in the EOD to
remove the fuel from the tanks then.
","They must have called in the EOD to
remove the fuel from the tanks then.
"
0x35e3b,"But still, the C3 alone should've been
enough to take out the manufacturing line.
","But still, the C3 alone should've been
enough to take out the manufacturing line.
"
0x35e8e,"That'll probably be the last one they'll ever
make. You succeeded in preventing its
mass production.
","That'll probably be the last one they'll ever
make. You succeeded in preventing its
mass production.
"
0x35ef4,"Now you just have to do something about
the one that Volgin is riding in. It's all
yours!
","Now you just have to do something about
the one that Volgin is riding in. It's all
yours!
"
0x35f4f,"C'est peut-être une version armée du Mi-8
Hip?
","C'est peut-être une version armée du Mi-8
Hip?
"
0x35f81,"Non. Sous certains aspects, il y ressemble,
mais sa forme est différente.
","Non. Sous certains aspects, il y ressemble,
mais sa forme est différente.
"
0x35fcd,"Il possède des moignons d'ailes et la verrière
du cockpit est assez carrée.
","Il possède des moignons d'ailes et la verrière
du cockpit est assez carrée.
"
0x3601d,"Sans rire. Alors ça doit être un nouveau
modèle.
","Sans rire. Alors ça doit être un nouveau
modèle.
"
0x36052,"J'ai entendu dire que les Soviétiques
développaient un 'véhicule volant de combat
d'infanterie'. C'est sûrement ça.
","J'ai entendu dire que les Soviétiques
développaient un 'véhicule volant de combat
d'infanterie'. C'est sûrement ça.
"
0x360cc,"Un véhicule volant de combat d'infanterie?
","Un véhicule volant de combat d'infanterie?
"
0x360f9,"Oui. Un hélicoptère capable de transporter des
troupes.
","Oui. Un hélicoptère capable de transporter des
troupes.
"
0x36134,"Pense à une version d'un hélicoptère armé de
transport, à mi-chemin entre l'AMX-VCI
français et le BMP soviétique.
","Pense à une version d'un hélicoptère armé de
transport, à mi-chemin entre l'AMX-VCI
français et le BMP soviétique.
"
0x361af,"Ils doivent faire des tests sur le terrain de ce
prototype initial.
","Ils doivent faire des tests sur le terrain de ce
prototype initial.
"
0x361f4,"Un hélico nouvelle génération un peu plus petit
que le Hip... On devrait peut-être l'appeler
un Hind.
","Un hélico nouvelle génération un peu plus petit
que le Hip... On devrait peut-être l'appeler
un Hind.
"
0x3625f,"Mmm, pas une mauvaise idée. Je suis
d'accord.
","Mmm, pas une mauvaise idée. Je suis
d'accord.
"
0x3628f,"Alors, c'est décidé. A partir de maintenant,
nous appellerons ce nouveau type d'hélico un
Hind.
","Alors, c'est décidé. A partir de maintenant,
nous appellerons ce nouveau type d'hélico un
Hind.
"
0x362f3,"Mais enfin, Snake...!!
","Mais enfin, Snake...!!
"
0x3630b,"Je n'y crois pas!!
","Je n'y crois pas!!
"
0x3631f,"De tous les...! Je vois que j'ai choisi la
mauvaise personne pour cette mission...!
","De tous les...! Je vois que j'ai choisi la
mauvaise personne pour cette mission...!
"
0x36374,"Snake, les C3 ont explosé sans problème.
","Snake, les C3 ont explosé sans problème.
"
0x363a0,"Oui, mais le hangar est toujours intact.
","Oui, mais le hangar est toujours intact.
"
0x363ca,"L'explosion a été moins importante que nous
l'avions espéré car les cuves à carburant n'ont
pas pris feu.
","L'explosion a été moins importante que nous
l'avions espéré car les cuves à carburant n'ont
pas pris feu.
"
0x3643a,"Mais les cuves à carburant ont définitivement...
","Mais les cuves à carburant ont définitivement...
"
0x3646e,"Tu te souviens que l'ennemi a repéré les C3
alors que tu étais occupé avec Volgin?
","Tu te souviens que l'ennemi a repéré les C3
alors que tu étais occupé avec Volgin?
"
0x364c6,"Ils ont dû alors appeler leur unité de
neutralisation des explosifs pour retirer le
carburant des cuves.
","Ils ont dû alors appeler leur unité de
neutralisation des explosifs pour retirer le
carburant des cuves.
"
0x36532,"Et pourtant, le C3 aurait dû suffire à détruire
la chaîne de fabrication.
","Et pourtant, le C3 aurait dû suffire à détruire
la chaîne de fabrication.
"
0x36581,"Ce sera probablement la dernière qu'ils
construisent. Tu as réussi à stopper sa
production à grande échelle.
","Ce sera probablement la dernière qu'ils
construisent. Tu as réussi à stopper sa
production à grande échelle.
"
0x365f4,"Maintenant, il ne te reste plus qu'à détruire
celui piloté par Volgin. A toi de jouer!
","Maintenant, il ne te reste plus qu'à détruire
celui piloté par Volgin. A toi de jouer!
"
