0x3ab0,"PERSONAL DATA [1/4]

CODENAME:MAJOR TOM
SEX:MALE
AGE:55
NATIONALITY:U.K
BIRTHDATE:8/12/1909
BIRTHPLACE:EXETER,ENG.
ADDRESS:PORTSMOUTH,NH.
","PERSONAL DATA [1/4]

CODENAME:MAJOR TOM
SEX:MALE
AGE:55
NATIONALITY:U.K
BIRTHDATE:8/12/1909
BIRTHPLACE:EXETER,ENG.
ADDRESS:PORTSMOUTH,NH.
"
0x3b3b,"PERSONAL DATA [1/4]

CODENAME:MAJOR ZERO
SEX:MALE
AGE:55
NATIONALITY:U.K
BIRTHDATE:8/12/1909
BIRTHPLACE:EXETER,ENG.
ADDRESS:PORTSMOUTH,NH.
","PERSONAL DATA [1/4]

CODENAME:MAJOR ZERO
SEX:MALE
AGE:55
NATIONALITY:U.K
BIRTHDATE:8/12/1909
BIRTHPLACE:EXETER,ENG.
ADDRESS:PORTSMOUTH,NH.
"
0x3bc7,"PERSONAL DATA [2/4]

HEIGHT:6% 5/8~
WEIGHT:174q
HAIR:GREY
EYE:GREYISH BLUE
SKIN:WHITE
VOICE:JIM PIDDOCK
MTN ACTR:TAKASHI KUBO
","PERSONAL DATA [2/4]

HEIGHT:6% 5/8~
WEIGHT:174q
HAIR:GREY
EYE:GREYISH BLUE
SKIN:WHITE
VOICE:JIM PIDDOCK
MTN ACTR:TAKASHI KUBO
"
0x3c46,"PERSONAL DATA [3/4]

EYESIGHT:20/13
BLOOD TYPE:A
PAST ILLNESSES:GOUT
FAMILY:PARENTS,A SISTER
HOBBY:MOVIE,HUNTING
FVRT FOOD:SHEPHERD'S PIE
UNFVRT FOOD:HAMBURGER
","PERSONAL DATA [3/4]

EYESIGHT:20/13
BLOOD TYPE:A
PAST ILLNESSES:GOUT
FAMILY:PARENTS,A SISTER
HOBBY:MOVIE,HUNTING
FVRT FOOD:SHEPHERD'S PIE
UNFVRT FOOD:HAMBURGER
"
0x3ce7,"PERSONAL DATA [4/4]

FVRT MOVIE:SPY/WAR MOVIE
FVRT ANIMAL:HORSE
FVRT LIQUOR:WHISKEY
FVRT SPORT:RUGBY
FVRT TEA:DIMBULA
FVRT UMA:NESSIE
MOTTO:WHO DARES WINS
","PERSONAL DATA [4/4]

FVRT MOVIE:SPY/WAR MOVIE
FVRT ANIMAL:HORSE
FVRT LIQUOR:WHISKEY
FVRT SPORT:RUGBY
FVRT TEA:DIMBULA
FVRT UMA:NESSIE
MOTTO:WHO DARES WINS
"
0x3d83,"PERSONAL DATA [1/3]

CODENAME:MAJOR TOM
SEX:MALE
AGE:55
NATIONALITY:U.K
BIRTHDATE:8/12/1909
BIRTHPLACE:EXETER,ENG.
ADDRESS:PORTSMOUTH,NH.
","PERSONAL DATA [1/3]

CODENAME:MAJOR TOM
SEX:MALE
AGE:55
NATIONALITY:U.K
BIRTHDATE:8/12/1909
BIRTHPLACE:EXETER,ENG.
ADDRESS:PORTSMOUTH,NH.
"
0x3e0e,"PERSONAL DATA [1/3]

CODENAME:MAJOR ZERO
SEX:MALE
AGE:55
NATIONALITY:U.K
BIRTHDATE:8/12/1909
BIRTHPLACE:EXETER,ENG.
ADDRESS:PORTSMOUTH,NH.
","PERSONAL DATA [1/3]

CODENAME:MAJOR ZERO
SEX:MALE
AGE:55
NATIONALITY:U.K
BIRTHDATE:8/12/1909
BIRTHPLACE:EXETER,ENG.
ADDRESS:PORTSMOUTH,NH.
"
0x3e9a,"PERSONAL DATA [2/3]

HEIGHT:6% 5/8~
WEIGHT:174q
HAIR:GREY
EYE:GREYISH BLUE
SKIN:WHITE
VOICE:JIM PIDDOCK
MTN ACTR:TAKASHI KUBO
","PERSONAL DATA [2/3]

HEIGHT:6% 5/8~
WEIGHT:174q
HAIR:GREY
EYE:GREYISH BLUE
SKIN:WHITE
VOICE:JIM PIDDOCK
MTN ACTR:TAKASHI KUBO
"
0x3f19,"PERSONAL DATA [3/3]

EYESIGHT:20/13
BLOOD TYPE:A
PAST ILLNESSES:GOUT
FAMILY:PARENTS,A SISTER
HOBBY:MOVIE,HUNTING
FVRT FOOD:SHEPHERD'S PIE
UNFVRT FOOD:HAMBURGER
","PERSONAL DATA [3/3]

EYESIGHT:20/13
BLOOD TYPE:A
PAST ILLNESSES:GOUT
FAMILY:PARENTS,A SISTER
HOBBY:MOVIE,HUNTING
FVRT FOOD:SHEPHERD'S PIE
UNFVRT FOOD:HAMBURGER
"
0x3fba,"PERSONAL DATA [1/2]

CODENAME:MAJOR TOM
SEX:MALE
AGE:55
NATIONALITY:U.K
BIRTHDATE:8/12/1909
BIRTHPLACE:EXETER,ENG.
ADDRESS:PORTSMOUTH,NH.
","PERSONAL DATA [1/2]

CODENAME:MAJOR TOM
SEX:MALE
AGE:55
NATIONALITY:U.K
BIRTHDATE:8/12/1909
BIRTHPLACE:EXETER,ENG.
ADDRESS:PORTSMOUTH,NH.
"
0x4045,"PERSONAL DATA [1/2]

CODENAME:MAJOR ZERO
SEX:MALE
AGE:55
NATIONALITY:U.K
BIRTHDATE:8/12/1909
BIRTHPLACE:EXETER,ENG.
ADDRESS:PORTSMOUTH,NH.
","PERSONAL DATA [1/2]

CODENAME:MAJOR ZERO
SEX:MALE
AGE:55
NATIONALITY:U.K
BIRTHDATE:8/12/1909
BIRTHPLACE:EXETER,ENG.
ADDRESS:PORTSMOUTH,NH.
"
0x40d1,"PERSONAL DATA [2/2]

HEIGHT:6% 5/8~
WEIGHT:174q
HAIR:GREY
EYE:GREYISH BLUE
SKIN:WHITE
VOICE:JIM PIDDOCK
MTN ACTR:TAKASHI KUBO
","PERSONAL DATA [2/2]

HEIGHT:6% 5/8~
WEIGHT:174q
HAIR:GREY
EYE:GREYISH BLUE
SKIN:WHITE
VOICE:JIM PIDDOCK
MTN ACTR:TAKASHI KUBO
"
0x4150,"PERSONAL DATA [1/1]

CODENAME:MAJOR TOM
SEX:MALE
AGE:55
NATIONALITY:U.K
BIRTHDATE:8/12/1909
BIRTHPLACE:EXETER,ENG.
ADDRESS:PORTSMOUTH,NH.
","PERSONAL DATA [1/1]

CODENAME:MAJOR TOM
SEX:MALE
AGE:55
NATIONALITY:U.K
BIRTHDATE:8/12/1909
BIRTHPLACE:EXETER,ENG.
ADDRESS:PORTSMOUTH,NH.
"
0x41db,"PERSONAL DATA [1/1]

CODENAME:MAJOR ZERO
SEX:MALE
AGE:55
NATIONALITY:U.K
BIRTHDATE:8/12/1909
BIRTHPLACE:EXETER,ENG.
ADDRESS:PORTSMOUTH,NH.
","PERSONAL DATA [1/1]

CODENAME:MAJOR ZERO
SEX:MALE
AGE:55
NATIONALITY:U.K
BIRTHDATE:8/12/1909
BIRTHPLACE:EXETER,ENG.
ADDRESS:PORTSMOUTH,NH.
"
0x4267,"PERSONAL DATA [1/1]

CODENAME:THE BOSS
SEX:FEMALE
AGE:UNKNOWN
NATIONALITY:U.S.A
BIRTHDATE:UNKNOWN
BIRTHPLACE:UNKNOWN
ADDRESS:UNKNOWN
","PERSONAL DATA [1/1]

CODENAME:THE BOSS
SEX:FEMALE
AGE:UNKNOWN
NATIONALITY:U.S.A
BIRTHDATE:UNKNOWN
BIRTHPLACE:UNKNOWN
ADDRESS:UNKNOWN
"
0x42ed,"PERSONAL DATA [1/2]

CODENAME:THE BOSS
SEX:FEMALE
AGE:UNKNOWN
NATIONALITY:U.S.A
BIRTHDATE:UNKNOWN
BIRTHPLACE:UNKNOWN
ADDRESS:UNKNOWN
","PERSONAL DATA [1/2]

CODENAME:THE BOSS
SEX:FEMALE
AGE:UNKNOWN
NATIONALITY:U.S.A
BIRTHDATE:UNKNOWN
BIRTHPLACE:UNKNOWN
ADDRESS:UNKNOWN
"
0x4373,"PERSONAL DATA [2/2]

HEIGHT:5% 10~
WEIGHT:UNKNOWN
HAIR:BROWNISH GREY
EYE:BLUE
VOICE:LORI ALAN
MTN ACTR:ERIKO HIRATA
BLOOD TYPE:UNKNOWN
","PERSONAL DATA [2/2]

HEIGHT:5% 10~
WEIGHT:UNKNOWN
HAIR:BROWNISH GREY
EYE:BLUE
VOICE:LORI ALAN
MTN ACTR:ERIKO HIRATA
BLOOD TYPE:UNKNOWN
"
0x43fb,"PERSONAL DATA [1/4]

CODENAME:PARA-MEDIC
SEX:FEMALE
AGE:28
NATIONALITY:U.S.A
BIRTHDATE:6/22/1936
BIRTHPLACE:BOSTON,MA.
ADDRESS:BOSTON,MA.
","PERSONAL DATA [1/4]

CODENAME:PARA-MEDIC
SEX:FEMALE
AGE:28
NATIONALITY:U.S.A
BIRTHDATE:6/22/1936
BIRTHPLACE:BOSTON,MA.
ADDRESS:BOSTON,MA.
"
0x4486,"PERSONAL DATA [2/4]

HEIGHT:5% 5 7/8~
WEIGHT:TOP SECRET
HAIR:RED
EYE:BROWN
SKIN:WHITE
VOICE:HEATHER HALLEY
MTN ACTR:ERIKO HIRATA
","PERSONAL DATA [2/4]

HEIGHT:5% 5 7/8~
WEIGHT:TOP SECRET
HAIR:RED
EYE:BROWN
SKIN:WHITE
VOICE:HEATHER HALLEY
MTN ACTR:ERIKO HIRATA
"
0x4508,"PERSONAL DATA [3/4]

EYESIGHT:20/25
BLOOD TYPE:B
PAST ILLNESSES:NONE
FAMILY:PARENTS,2 BROTHERS
HOBBY:MOVIE
FVRT FOOD:SUSHI
UNFVRT FOOD:CRAB
","PERSONAL DATA [3/4]

EYESIGHT:20/25
BLOOD TYPE:B
PAST ILLNESSES:NONE
FAMILY:PARENTS,2 BROTHERS
HOBBY:MOVIE
FVRT FOOD:SUSHI
UNFVRT FOOD:CRAB
"
0x4595,"PERSONAL DATA [4/4]

FVRT MOVIE:EVERY MOVIE
FVRT ANIMAL:LITTLE BIRD
FVRT LIQUOR:JAPANESE SAKE
MEASUREMENTS:TOP SECRET!
TRETMNT SPCLTY:INJECTION
FVRT MASCOT:KEROTAN,GA-KO
FVRT MNSTR:VENUSIAN
","PERSONAL DATA [4/4]

FVRT MOVIE:EVERY MOVIE
FVRT ANIMAL:LITTLE BIRD
FVRT LIQUOR:JAPANESE SAKE
MEASUREMENTS:TOP SECRET!
TRETMNT SPCLTY:INJECTION
FVRT MASCOT:KEROTAN,GA-KO
FVRT MNSTR:VENUSIAN
"
0x4654,"PERSONAL DATA [1/3]

CODENAME:PARA-MEDIC
SEX:FEMALE
AGE:28
NATIONALITY:U.S.A
BIRTHDATE:6/22/1936
BIRTHPLACE:BOSTON,MA.
ADDRESS:BOSTON,MA.
","PERSONAL DATA [1/3]

CODENAME:PARA-MEDIC
SEX:FEMALE
AGE:28
NATIONALITY:U.S.A
BIRTHDATE:6/22/1936
BIRTHPLACE:BOSTON,MA.
ADDRESS:BOSTON,MA.
"
0x46df,"PERSONAL DATA [2/3]

HEIGHT:5% 5 7/8~
WEIGHT:TOP SECRET
HAIR:RED
EYE:BROWN
SKIN:WHITE
VOICE:HEATHER HALLEY
MTN ACTR:ERIKO HIRATA
","PERSONAL DATA [2/3]

HEIGHT:5% 5 7/8~
WEIGHT:TOP SECRET
HAIR:RED
EYE:BROWN
SKIN:WHITE
VOICE:HEATHER HALLEY
MTN ACTR:ERIKO HIRATA
"
0x4761,"PERSONAL DATA [3/3]

EYESIGHT:20/25
BLOOD TYPE:B
PAST ILLNESSES:NONE
FAMILY:PARENTS,2 BROTHERS
HOBBY:MOVIE
FVRT FOOD:SUSHI
UNFVRT FOOD:CRAB
","PERSONAL DATA [3/3]

EYESIGHT:20/25
BLOOD TYPE:B
PAST ILLNESSES:NONE
FAMILY:PARENTS,2 BROTHERS
HOBBY:MOVIE
FVRT FOOD:SUSHI
UNFVRT FOOD:CRAB
"
0x47ee,"PERSONAL DATA [1/2]

CODENAME:PARA-MEDIC
SEX:FEMALE
AGE:28
NATIONALITY:U.S.A
BIRTHDATE:6/22/1936
BIRTHPLACE:BOSTON,MA.
ADDRESS:BOSTON,MA.
","PERSONAL DATA [1/2]

CODENAME:PARA-MEDIC
SEX:FEMALE
AGE:28
NATIONALITY:U.S.A
BIRTHDATE:6/22/1936
BIRTHPLACE:BOSTON,MA.
ADDRESS:BOSTON,MA.
"
0x4879,"PERSONAL DATA [2/2]

HEIGHT:5% 5 7/8~
WEIGHT:TOP SECRET
HAIR:RED
EYE:BROWN
SKIN:WHITE
VOICE:HEATHER HALLEY
MTN ACTR:ERIKO HIRATA
","PERSONAL DATA [2/2]

HEIGHT:5% 5 7/8~
WEIGHT:TOP SECRET
HAIR:RED
EYE:BROWN
SKIN:WHITE
VOICE:HEATHER HALLEY
MTN ACTR:ERIKO HIRATA
"
0x48fb,"PERSONAL DATA [1/1]

CODENAME:PARA-MEDIC
SEX:FEMALE
AGE:28
NATIONALITY:U.S.A
BIRTHDATE:6/22/1936
BIRTHPLACE:BOSTON,MA.
ADDRESS:BOSTON,MA.
","PERSONAL DATA [1/1]

CODENAME:PARA-MEDIC
SEX:FEMALE
AGE:28
NATIONALITY:U.S.A
BIRTHDATE:6/22/1936
BIRTHPLACE:BOSTON,MA.
ADDRESS:BOSTON,MA.
"
0x4986,"PERSONAL DATA [1/4]

CODENAME:SIGINT
SEX:MALE
AGE:24
NATIONALITY:U.S.A
BIRTHDATE:11/11/1939
BIRTHPLACE:NASHVILLE,TN.
ADDRESS:LANGLEY,VA.
","PERSONAL DATA [1/4]

CODENAME:SIGINT
SEX:MALE
AGE:24
NATIONALITY:U.S.A
BIRTHDATE:11/11/1939
BIRTHPLACE:NASHVILLE,TN.
ADDRESS:LANGLEY,VA.
"
0x4a10,"PERSONAL DATA [2/4]

HEIGHT:6% 5/8~
WEIGHT:171q
HAIR:BALD
EYE:BROWN
SKIN:BLACK
VOICE:JAMES MATHIS
EYESIGHT:20/16
","PERSONAL DATA [2/4]

HEIGHT:6% 5/8~
WEIGHT:171q
HAIR:BALD
EYE:BROWN
SKIN:BLACK
VOICE:JAMES MATHIS
EYESIGHT:20/16
"
0x4a82,"PERSONAL DATA [3/4]

BLOOD TYPE:O
PAST ILLNESSES:NONE
FAMILY:PARENTS,A SISTER
HOBBY:BASKETBALL
FVRT FOOD:BUFFALO WINGS
UNFVRT FOOD:FISH & CHIPS
MST INTRSTD TECH:COMPUTER
","PERSONAL DATA [3/4]

BLOOD TYPE:O
PAST ILLNESSES:NONE
FAMILY:PARENTS,A SISTER
HOBBY:BASKETBALL
FVRT FOOD:BUFFALO WINGS
UNFVRT FOOD:FISH & CHIPS
MST INTRSTD TECH:COMPUTER
"
0x4b2d,"PERSONAL DATA [4/4]

FVRT ANIMAL:CAT
FVRT LIQUOR:BEER
FVRT UMA:SNOWMAN
FVRT UFO:ADAMSKI TYPE
PRIMARY INVNTNS:EZ GUN
NO. OF THIS YEAR'S WRRTN
APOLOGY:21
","PERSONAL DATA [4/4]

FVRT ANIMAL:CAT
FVRT LIQUOR:BEER
FVRT UMA:SNOWMAN
FVRT UFO:ADAMSKI TYPE
PRIMARY INVNTNS:EZ GUN
NO. OF THIS YEAR'S WRRTN
APOLOGY:21
"
0x4bc6,"PERSONAL DATA [1/3]

CODENAME:SIGINT
SEX:MALE
AGE:24
NATIONALITY:U.S.A
BIRTHDATE:11/11/1939
BIRTHPLACE:NASHVILLE,TN.
ADDRESS:LANGLEY,VA.
","PERSONAL DATA [1/3]

CODENAME:SIGINT
SEX:MALE
AGE:24
NATIONALITY:U.S.A
BIRTHDATE:11/11/1939
BIRTHPLACE:NASHVILLE,TN.
ADDRESS:LANGLEY,VA.
"
0x4c50,"PERSONAL DATA [2/3]

HEIGHT:6% 5/8~
WEIGHT:171q
HAIR:BALD
EYE:BROWN
SKIN:BLACK
VOICE:JAMES MATHIS
EYESIGHT:20/16
","PERSONAL DATA [2/3]

HEIGHT:6% 5/8~
WEIGHT:171q
HAIR:BALD
EYE:BROWN
SKIN:BLACK
VOICE:JAMES MATHIS
EYESIGHT:20/16
"
0x4cc2,"PERSONAL DATA [3/3]

BLOOD TYPE:O
PAST ILLNESSES:NONE
FAMILY:PARENTS,A SISTER
HOBBY:BASKETBALL
FVRT FOOD:BUFFALO WINGS
UNFVRT FOOD:FISH & CHIPS
MST INTRSTD TECH:COMPUTER
","PERSONAL DATA [3/3]

BLOOD TYPE:O
PAST ILLNESSES:NONE
FAMILY:PARENTS,A SISTER
HOBBY:BASKETBALL
FVRT FOOD:BUFFALO WINGS
UNFVRT FOOD:FISH & CHIPS
MST INTRSTD TECH:COMPUTER
"
0x4d6d,"PERSONAL DATA [1/2]

CODENAME:SIGINT
SEX:MALE
AGE:24
NATIONALITY:U.S.A
BIRTHDATE:11/11/1939
BIRTHPLACE:NASHVILLE,TN.
ADDRESS:LANGLEY,VA.
","PERSONAL DATA [1/2]

CODENAME:SIGINT
SEX:MALE
AGE:24
NATIONALITY:U.S.A
BIRTHDATE:11/11/1939
BIRTHPLACE:NASHVILLE,TN.
ADDRESS:LANGLEY,VA.
"
0x4df7,"PERSONAL DATA [2/2]

HEIGHT:6% 5/8~
WEIGHT:171q
HAIR:BALD
EYE:BROWN
SKIN:BLACK
VOICE:JAMES MATHIS
EYESIGHT:20/16
","PERSONAL DATA [2/2]

HEIGHT:6% 5/8~
WEIGHT:171q
HAIR:BALD
EYE:BROWN
SKIN:BLACK
VOICE:JAMES MATHIS
EYESIGHT:20/16
"
0x4e69,"PERSONAL DATA [1/1]

CODENAME:SIGINT
SEX:MALE
AGE:24
NATIONALITY:U.S.A
BIRTHDATE:11/11/1939
BIRTHPLACE:NASHVILLE,TN.
ADDRESS:LANGLEY,VA.
","PERSONAL DATA [1/1]

CODENAME:SIGINT
SEX:MALE
AGE:24
NATIONALITY:U.S.A
BIRTHDATE:11/11/1939
BIRTHPLACE:NASHVILLE,TN.
ADDRESS:LANGLEY,VA.
"
0x4ef3,"Snake, see that fallen tree?
","Snake, see that fallen tree?
"
0x4f11,"Yeah.
","Yeah.
"
0x4f18,"Check it out.
","Check it out.
"
0x4f27,"Why?
","Why?
"
0x4f2d,"Just do it.
","Just do it.
"
0x4f3a,"It's empty.
","It's empty.
"
0x4f47,"You can hide by lying down and crawling
inside of hollow fallen trees.
","You can hide by lying down and crawling
inside of hollow fallen trees.
"
0x4f8f,"If you want to leave, just crawl out.
","If you want to leave, just crawl out.
"
0x4fb6,"There's a crevice under this fallen tree...
","There's a crevice under this fallen tree...
"
0x4fe3,"If you lie down and crawl, you can wedge
yourself into the crevice.
","If you lie down and crawl, you can wedge
yourself into the crevice.
"
0x5028,"To lie down and crawl from a standing
position, press and hold the Crawl Button.
","To lie down and crawl from a standing
position, press and hold the Crawl Button.
"
0x507a,"When you want to stand back up,
press and hold the Crawl Button again.
","When you want to stand back up,
press and hold the Crawl Button again.
"
0x50c2,"Got it?
","Got it?
"
0x50cb,"Yeah, but...
","Yeah, but...
"
0x50d9,"But what?
","But what?
"
0x50e4,"Was that the only reason?
","Was that the only reason?
"
0x50ff,"What do you mean?
","What do you mean?
"
0x5112,"You had me check it just so you could
tell me that?
","You had me check it just so you could
tell me that?
"
0x5147,"That's right.
","That's right.
"
0x5156,"...
","...
"
0x515b,"Pretty useful huh?
","Pretty useful huh?
"
0x516f,"...Right.
","...Right.
"
0x517a,"Shall we carry on?
","Shall we carry on?
"
0x518e,"By all means.
","By all means.
"
0x519d,"When you're out in nature, you'll find lots
of places that you can crawl inside.
","When you're out in nature, you'll find lots
of places that you can crawl inside.
"
0x51ef,"You can use those places to hide from
enemies.
","You can use those places to hide from
enemies.
"
0x521f,"You'd be a fool not to take advantage of
those hiding places.
","You'd be a fool not to take advantage of
those hiding places.
"
0x525e,"So always look around with First Person
View, and survey your surroundings.
","So always look around with First Person
View, and survey your surroundings.
"
0x52ab,"When you're inside a fallen tree,
the view automatically switches to
the Intrusion View.
","When you're inside a fallen tree,
the view automatically switches to
the Intrusion View.
"
0x5305,"Control is the same as normal intrusion.
","Control is the same as normal intrusion.
"
0x532f,"It's perfect for hiding from enemies.
But if your enemies notice you going
inside, you'll become target practice.
","It's perfect for hiding from enemies.
But if your enemies notice you going
inside, you'll become target practice.
"
0x53a2,"So, be careful.
","So, be careful.
"
0x53b3,"Snake, do you see any tufts of grass?
","Snake, do you see any tufts of grass?
"
0x53da,"Yeah.
","Yeah.
"
0x53e1,"What kind of grass?
","What kind of grass?
"
0x53f6,"Just ordinary grass.
Nothing special...
","Just ordinary grass.
Nothing special...
"
0x541f,"You should check it anyhow.
","You should check it anyhow.
"
0x543c,"...It's pretty thick grass.
About waist-high.
","...It's pretty thick grass.
About waist-high.
"
0x546b,"If you crawl into the grass, you can
advance undercover.
","If you crawl into the grass, you can
advance undercover.
"
0x54a5,"When you do, the camera automatically
switches to Intrusion View.
","When you do, the camera automatically
switches to Intrusion View.
"
0x54e8,"If you want to stand up again, press
and hold the Crawl Button once more.
","If you want to stand up again, press
and hold the Crawl Button once more.
"
0x5533,"If you press the Crawl Button briefly,
you'll crouch in that spot.
","If you press the Crawl Button briefly,
you'll crouch in that spot.
"
0x5577,"This allows you to observe things without
blowing your cover.
","This allows you to observe things without
blowing your cover.
"
0x55b6,"Even when hidden in grass, if you make
a noise, your enemies will locate you.
","Even when hidden in grass, if you make
a noise, your enemies will locate you.
"
0x5605,"When enemies are nearby, move with
slight movements of the left analog stick.
","When enemies are nearby, move with
slight movements of the left analog stick.
"
0x5654,"That way you can proceed with minimal
disturbance.
","That way you can proceed with minimal
disturbance.
"
0x5688,"You can get inside trees that are hollowed
out from decay.
","You can get inside trees that are hollowed
out from decay.
"
0x56c4,"Entering a hollow is an effective method
for gaining temporary cover from enemies.
","Entering a hollow is an effective method
for gaining temporary cover from enemies.
"
0x5718,"However, if you're caught entering the
tree, you'll take concentrated fire.
","However, if you're caught entering the
tree, you'll take concentrated fire.
"
0x5765,"If they throw a grenade in on you, you'll
be torn to shreds. Be careful.
","If they throw a grenade in on you, you'll
be torn to shreds. Be careful.
"
0x57af,"Snake, if you fall from that cliff you're
dead meat.
","Snake, if you fall from that cliff you're
dead meat.
"
0x57e5,"Climb up before you lose your grip
strength. Whatever happens, don't let go.
","Climb up before you lose your grip
strength. Whatever happens, don't let go.
"
0x5833,"Snake, did you find food?
","Snake, did you find food?
"
0x584e,"Yeah.
","Yeah.
"
0x5855,"You sound happy.
","You sound happy.
"
0x5867,"I am!
","I am!
"
0x586e,"Do you know how to eat it?
","Do you know how to eat it?
"
0x588a,"...
","...
"
0x588f,"Then let me explain.
","Then let me explain.
"
0x58a5,"To eat food, press the START button
to enter the Survival Viewer, then
select FOOD.
","To eat food, press the START button
to enter the Survival Viewer, then
select FOOD.
"
0x58fa,"Select the food you want to eat, and
press the Enter Button.
","Select the food you want to eat, and
press the Enter Button.
"
0x5938,"Select EAT and you will eat
the selected food.
","Select EAT and you will eat
the selected food.
"
0x5968,"When you eat, you will recover your
stamina, but the extent of recovery
depends on what you eat.
","When you eat, you will recover your
stamina, but the extent of recovery
depends on what you eat.
"
0x59ca,"When your stamina is down only slightly,
you should save your tastier morsels for
later.
","When your stamina is down only slightly,
you should save your tastier morsels for
later.
"
0x5a24,"But don't leave food for too long, or it'll
rot. This is where a little planning ahead
goes a long way.
","But don't leave food for too long, or it'll
rot. This is where a little planning ahead
goes a long way.
"
0x5a8d,"Besides eating food, you can throw it
at enemies to confuse them.
","Besides eating food, you can throw it
at enemies to confuse them.
"
0x5ad0,"So remember, food is not just for eating.
Be creative.
","So remember, food is not just for eating.
Be creative.
"
0x5b08,"Your sensors and other electronic devices
cannot be used indefinitely. Once they are
activated, they consume battery power.
","Your sensors and other electronic devices
cannot be used indefinitely. Once they are
activated, they consume battery power.
"
0x5b85,"Remember, all items draw power from a
single battery. Once your battery runs out,
all electronic gear becomes inoperable.
","Remember, all items draw power from a
single battery. Once your battery runs out,
all electronic gear becomes inoperable.
"
0x5c00,"You can check your remaining battery
power with the icon of any item that uses
electricity. Take care not to waste power.
","You can check your remaining battery
power with the icon of any item that uses
electricity. Take care not to waste power.
"
0x5c7b,"The battery recharges automatically when
not in use.
","The battery recharges automatically when
not in use.
"
0x5cb1,"When you want to recharge the battery,
unequip all electronic devices and give
it some time.
","When you want to recharge the battery,
unequip all electronic devices and give
it some time.
"
0x5d0f,"The higher your Stamina Gauge, the faster
your battery recharges.
","The higher your Stamina Gauge, the faster
your battery recharges.
"
0x5d52,"If you want it to recharge faster, eat food
and recover your stamina.
","If you want it to recharge faster, eat food
and recover your stamina.
"
0x5d99,"Also, if you run, roll, or do other dramatic
actions, the battery will recharge faster.
","Also, if you run, roll, or do other dramatic
actions, the battery will recharge faster.
"
0x5df2,"Wait a second.
","Wait a second.
"
0x5e02,"What is it?
","What is it?
"
0x5e0f,"The higher my stamina, the faster
my battery recharges?
","The higher my stamina, the faster
my battery recharges?
"
0x5e48,"That's what I said.
","That's what I said.
"
0x5e5d,"But what does my stamina have to do
with the battery?
","But what does my stamina have to do
with the battery?
"
0x5e94,"Oh, I see what you're getting at.
Let's have Para-Medic explain that.
Para-Medic?
","Oh, I see what you're getting at.
Let's have Para-Medic explain that.
Para-Medic?
"
0x5ee7,"Yes, sir. It's because Snake's battery
uses bioelectricity.
","Yes, sir. It's because Snake's battery
uses bioelectricity.
"
0x5f24,"Bioelectricity?
","Bioelectricity?
"
0x5f35,"Bioelectricity is electricity emitted from
cells.
","Bioelectricity is electricity emitted from
cells.
"
0x5f68,"When the cells of living things are
stimulated,
","When the cells of living things are
stimulated,
"
0x5f99,"sodium and potassium ions move rapidly
through the cell membrane's ion channel,
creating a difference in electric potential.
","sodium and potassium ions move rapidly
through the cell membrane's ion channel,
creating a difference in electric potential.
"
0x6017,"The battery uses that energy to recharge.
","The battery uses that energy to recharge.
"
0x6042,"So, unless your cells have plenty of
nutrients, the recharge won't work well.
","So, unless your cells have plenty of
nutrients, the recharge won't work well.
"
0x6091,"Amazing the kind of machines that are
available now...
","Amazing the kind of machines that are
available now...
"
0x60c9,"But this machine has not been made
public.
","But this machine has not been made
public.
"
0x60f5,"It was designed by a scientist at the CIA's
Directorate of Science and Technology.
","It was designed by a scientist at the CIA's
Directorate of Science and Technology.
"
0x6149,"What kind of person was he?
","What kind of person was he?
"
0x6166,"The person who designed it?
","The person who designed it?
"
0x6183,"Yeah.
","Yeah.
"
0x618a,"I heard he was pretty strange.
","I heard he was pretty strange.
"
0x61aa,"Stranger than the Major?
","Stranger than the Major?
"
0x61c4,"There's nothing strange about the Major.
","There's nothing strange about the Major.
"
0x61ee,"My tea is gone! Who drank it!? How am
I supposed to have teatime without tea!?
","My tea is gone! Who drank it!? How am
I supposed to have teatime without tea!?
"
0x623e,"Well, not too strange, at least.
","Well, not too strange, at least.
"
0x6260,"...
","...
"
0x6265,"Hey, my scone's gone, too!!
","Hey, my scone's gone, too!!
"
0x6282,"You can climb up onto waist-high objects
by pressing the Action Button.
","You can climb up onto waist-high objects
by pressing the Action Button.
"
0x62cb,"Climbing can get you to locations that
can't be accessed by walking,
","Climbing can get you to locations that
can't be accessed by walking,
"
0x6311,"and it may help you reach items that
can't be found normally.
","and it may help you reach items that
can't be found normally.
"
0x6350,"Don't forget to try climbing things.
","Don't forget to try climbing things.
"
0x6376,"Snake, be careful.
","Snake, be careful.
"
0x638a,"The way to change between standing,
crouching, and crawling has changed
slightly from the methods learned in training.
","The way to change between standing,
crouching, and crawling has changed
slightly from the methods learned in training.
"
0x6402,"When standing, press the Crawl Button
briefly to crouch, and press and hold to
take a crawling position.
","When standing, press the Crawl Button
briefly to crouch, and press and hold to
take a crawling position.
"
0x646c,"Since by crouching you take a lower
position, it has a higher Camo Index
than standing.
","Since by crouching you take a lower
position, it has a higher Camo Index
than standing.
"
0x64c5,"And the added stability of crouching
lessens the effect of gun recoil.
","And the added stability of crouching
lessens the effect of gun recoil.
"
0x650d,"If you try shooting while crouching, you'll
notice your shots will bunch together more
consistently than when standing.
","If you try shooting while crouching, you'll
notice your shots will bunch together more
consistently than when standing.
"
0x6586,"Press the Crawl Button while crouching to
stand up, and move the left analog stick to
crawl in a direction.
","Press the Crawl Button while crouching to
stand up, and move the left analog stick to
crawl in a direction.
"
0x65f3,"When crawling, your Camo Index becomes
extremely high,
","When crawling, your Camo Index becomes
extremely high,
"
0x662b,"and your firing of guns becomes even
more stable than while crouching.
","and your firing of guns becomes even
more stable than while crouching.
"
0x6673,"You can move the left analog stick while
on your stomach to crawl in a particular
direction.
","You can move the left analog stick while
on your stomach to crawl in a particular
direction.
"
0x66d1,"When you are crawling, use small
movements of the left analog stick to
crawl silently at the expense of speed.
","When you are crawling, use small
movements of the left analog stick to
crawl silently at the expense of speed.
"
0x6741,"However, be warned that crawling
consumes more stamina than simply
walking.
","However, be warned that crawling
consumes more stamina than simply
walking.
"
0x678e,"Press and hold the Crawl Button while in
crawl position to stand up. Press the Crawl
Button briefly to switch to crouch position.
","Press and hold the Crawl Button while in
crawl position to stand up. Press the Crawl
Button briefly to switch to crouch position.
"
0x6811,"Don't forget - if you want to stand up
quickly from a crawling position, press
and hold the Crawl Button.
","Don't forget - if you want to stand up
quickly from a crawling position, press
and hold the Crawl Button.
"
0x687c,"Snake, I recommend against leaving
the bodies of your victims lying around.
","Snake, I recommend against leaving
the bodies of your victims lying around.
"
0x68c9,"If the enemy spots a fallen comrade, they
will realize that they have been infiltrated,
and strengthen their guard.
","If the enemy spots a fallen comrade, they
will realize that they have been infiltrated,
and strengthen their guard.
"
0x693e,"When you kill an enemy, hide the body in
the grass or at some other location where
it won't be spotted.
","When you kill an enemy, hide the body in
the grass or at some other location where
it won't be spotted.
"
0x69a7,"Stand near a fallen enemy and press
the Weapon Button with no weapon
equipped to grab the body.
","Stand near a fallen enemy and press
the Weapon Button with no weapon
equipped to grab the body.
"
0x6a08,"Hold the Weapon Button and move to drag
the body. Release the Weapon Button to
put the body down.
","Hold the Weapon Button and move to drag
the body. Release the Weapon Button to
put the body down.
"
0x6a6b,"Snake, I don't recommend running around
wildly.
","Snake, I don't recommend running around
wildly.
"
0x6a9c,"You need to determine when it is best to
run, and when it is best just to walk.
","You need to determine when it is best to
run, and when it is best just to walk.
"
0x6aed,"Move the left analog stick slightly to walk.
","Move the left analog stick slightly to walk.
"
0x6b1b,"You won't move very fast, but it consumes
little stamina, and enemies are less likely
to detect you.
","You won't move very fast, but it consumes
little stamina, and enemies are less likely
to detect you.
"
0x6b81,"When you are near enemies or when you
need to conserve stamina, those are good
times to walk.
","When you are near enemies or when you
need to conserve stamina, those are good
times to walk.
"
0x6be0,"Snake, press the left analog stick down
on the Radio Screen to open the Memory
Window.
","Snake, press the left analog stick down
on the Radio Screen to open the Memory
Window.
"
0x6c38,"In the Memory Window, select a person to
contact and press the Enter Button.
","In the Memory Window, select a person to
contact and press the Enter Button.
"
0x6c86,"This saves you the time of adjusting
the frequency.
","This saves you the time of adjusting
the frequency.
"
0x6cbb,"The battlefield airwaves are littered with
various transmissions. You can find a real
catch if you fiddle around enough.
","The battlefield airwaves are littered with
various transmissions. You can find a real
catch if you fiddle around enough.
"
0x6d35,"Press the CQC Button when you are up
against a wall to knock on the wall and
make a sound.
","Press the CQC Button when you are up
against a wall to knock on the wall and
make a sound.
"
0x6d91,"Creating sounds can attract the attention
of enemies.
","Creating sounds can attract the attention
of enemies.
"
0x6dc8,"There are many ways to use sound to your
advantage.
","There are many ways to use sound to your
advantage.
"
0x6dfd,"Use it to lure an enemy in the wrong
direction, then use that opportunity to
slip by.
","Use it to lure an enemy in the wrong
direction, then use that opportunity to
slip by.
"
0x6e54,"Or, lure an enemy near you, then ambush
the enemy from behind.
","Or, lure an enemy near you, then ambush
the enemy from behind.
"
0x6e94,"Use it to your utmost advantage.
","Use it to your utmost advantage.
"
0x6eb6,"Snake, if you find an item box, use First
Person View to take a good look and find
out what's inside.
","Snake, if you find an item box, use First
Person View to take a good look and find
out what's inside.
"
0x6f1d,"Sometimes it's dangerous to blindly
go after an item.
","Sometimes it's dangerous to blindly
go after an item.
"
0x6f54,"That's why you should check first to make
sure the item in the item box is worth the
trouble.
","That's why you should check first to make
sure the item in the item box is worth the
trouble.
"
0x6fb3,"If you can't get a good look, you can use
your binoculars.
","If you can't get a good look, you can use
your binoculars.
"
0x6fef,"Snake, the damage that an enemy takes
from your gun depends on where you hit
him.
","Snake, the damage that an enemy takes
from your gun depends on where you hit
him.
"
0x7042,"If you hit an arm or leg, one shot won't be
enough to finish him.
","If you hit an arm or leg, one shot won't be
enough to finish him.
"
0x7085,"If you want to take an enemy out in one
shot, you have to use a First Person View
attack and get a solid shot to the head.
","If you want to take an enemy out in one
shot, you have to use a First Person View
attack and get a solid shot to the head.
"
0x7101,"Snake, when you stand up against a tree
or put your back against the wall near
a corner,
","Snake, when you stand up against a tree
or put your back against the wall near
a corner,
"
0x715b,"the camera lowers and gives you a view
of behind. This is the Corner View.
","the camera lowers and gives you a view
of behind. This is the Corner View.
"
0x71a7,"This allows you to keep track of what's
occurring behind you when hiding in
protected areas.
","This allows you to keep track of what's
occurring behind you when hiding in
protected areas.
"
0x7205,"Also, there are a variety of actions
possible while hiding,
","Also, there are a variety of actions
possible while hiding,
"
0x7242,"including using the Left and Right Step
Buttons to peek, and the Weapon Button
to take jumpout shots.
","including using the Left and Right Step
Buttons to peek, and the Weapon Button
to take jumpout shots.
"
0x72a9,"Learning how to take advantage of the
Corner View is the first step toward
mission success.
","Learning how to take advantage of the
Corner View is the first step toward
mission success.
"
0x7306,"Use it to your utmost advantage.
","Use it to your utmost advantage.
"
0x7328,"In the Corner View,
","In the Corner View,
"
0x733d,"press the Left Step Button or the Right Step
Button to stick yourself out from a protected
area and look over your shoulder.
","press the Left Step Button or the Right Step
Button to stick yourself out from a protected
area and look over your shoulder.
"
0x73bb,"We'll call this action peeking.
","We'll call this action peeking.
"
0x73dc,"Peeking is effective for observation, since
it gives you a wider range of vision than
the normal Corner View.
","Peeking is effective for observation, since
it gives you a wider range of vision than
the normal Corner View.
"
0x744b,"However, since it involves revealing part of
your body, you put yourself at risk of being
spotted by the enemy.
","However, since it involves revealing part of
your body, you put yourself at risk of being
spotted by the enemy.
"
0x74bc,"Move the right analog stick with the Corner
View on to shift the camera in that
direction.
","Move the right analog stick with the Corner
View on to shift the camera in that
direction.
"
0x7518,"This won't give you the same wide angle
as peeking with the Left and Right Step
Buttons,
","This won't give you the same wide angle
as peeking with the Left and Right Step
Buttons,
"
0x7572,"but it is safer since it will keep you from
exposing your body too much.
","but it is safer since it will keep you from
exposing your body too much.
"
0x75bc,"You'll do well to get accustomed to it.
","You'll do well to get accustomed to it.
"
0x75e5,"If you have a gun equipped during the
Corner View, press the Weapon Button
to jump out and take a jumpout shot.
","If you have a gun equipped during the
Corner View, press the Weapon Button
to jump out and take a jumpout shot.
"
0x7656,"With the jumpout shot technique, you can
stay protected from enemy fire behind
an obstruction,
","With the jumpout shot technique, you can
stay protected from enemy fire behind
an obstruction,
"
0x76b6,"and launch a burst attack when the time
is right.
","and launch a burst attack when the time
is right.
"
0x76e9,"This is a crucial technique for firefights.
Use it well.
","This is a crucial technique for firefights.
Use it well.
"
0x7723,"When you press the Weapon Button with
the handgun, you aim, and when you
release it, you fire.
","When you press the Weapon Button with
the handgun, you aim, and when you
release it, you fire.
"
0x7783,"If, after aiming, you wish to withdraw your
aim without firing, release the Weapon
Button slowly.
","If, after aiming, you wish to withdraw your
aim without firing, release the Weapon
Button slowly.
"
0x77e6,"You'll just have to practice until you get
the hang of it.
","You'll just have to practice until you get
the hang of it.
"
0x7822,"I've heard a lot of cases where fresh
recruits accidentally fired on enemies
during a holdup.
","I've heard a lot of cases where fresh
recruits accidentally fired on enemies
during a holdup.
"
0x7881,"If you train yourself now, you won't be
liable to misfire when the pressure's on.
","If you train yourself now, you won't be
liable to misfire when the pressure's on.
"
0x78d4,"If you're unsure of yourself, you should
practice.
","If you're unsure of yourself, you should
practice.
"
0x7908,"The assault rifle works a little differently
from the handgun.
","The assault rifle works a little differently
from the handgun.
"
0x7948,"Press the Weapon Button lightly to aim,
and press the Weapon Button fully to fire.
","Press the Weapon Button lightly to aim,
and press the Weapon Button fully to fire.
"
0x799c,"If you want to lower the weapon without
firing, such as during a holdup,
","If you want to lower the weapon without
firing, such as during a holdup,
"
0x79e6,"just release the Weapon Button without
fully pressing it.
","just release the Weapon Button without
fully pressing it.
"
0x7a21,"Be careful not to fire the weapon
the moment you aim.
","Be careful not to fire the weapon
the moment you aim.
"
0x7a58,"The distance that you throw grenades and
other throwable weapons is determined by
how hard you press the Weapon Button.
","The distance that you throw grenades and
other throwable weapons is determined by
how hard you press the Weapon Button.
"
0x7ad1,"A light press of the Weapon Button will
toss the weapon nearby, while a hard
press of the button will hurl it farther.
","A light press of the Weapon Button will
toss the weapon nearby, while a hard
press of the button will hurl it farther.
"
0x7b49,"Adjust the strength of the button press
as appropriate.
","Adjust the strength of the button press
as appropriate.
"
0x7b82,"You can also throw in First Person View.
With this view, you can throw more
accurately at specific targets.
","You can also throw in First Person View.
With this view, you can throw more
accurately at specific targets.
"
0x7bef,"Use it as necessary.
","Use it as necessary.
"
0x7c05,"Thermal goggles create a thermal image
based on the heat emitted by objects in
view.
","Thermal goggles create a thermal image
based on the heat emitted by objects in
view.
"
0x7c5b,"With the thermal goggles equipped, you
will be able to quickly spot enemies hidden
deep within the jungle.
","With the thermal goggles equipped, you
will be able to quickly spot enemies hidden
deep within the jungle.
"
0x7cc7,"Also, you can locate plants, animals,
and traps. Use it to your advantage.
","Also, you can locate plants, animals,
and traps. Use it to your advantage.
"
0x7d13,"However, once you activate the thermal
goggles, you begin draining battery energy.
","However, once you activate the thermal
goggles, you begin draining battery energy.
"
0x7d67,"And remember - once you're out of battery
juice, you won't be able to use your other
electronic devices.
","And remember - once you're out of battery
juice, you won't be able to use your other
electronic devices.
"
0x7dd1,"Press the Action Button when you are on
top of a branch or in front of a railing to
hang down from that spot.
","Press the Action Button when you are on
top of a branch or in front of a railing to
hang down from that spot.
"
0x7e40,"This action is called hanging.
","This action is called hanging.
"
0x7e60,"Sometimes it is advantageous to move
while hanging rather than walking on
the surface.
","Sometimes it is advantageous to move
while hanging rather than walking on
the surface.
"
0x7eb8,"Also, by hanging, you can hide by staying
out of the sight of your enemies.
","Also, by hanging, you can hide by staying
out of the sight of your enemies.
"
0x7f05,"While hanging, use the left analog stick,
Left Step Button, and Right Step Button
to move left and right.
","While hanging, use the left analog stick,
Left Step Button, and Right Step Button
to move left and right.
"
0x7f70,"When you want to climb back up from your
hanging position, press the Action Button
once more.
","When you want to climb back up from your
hanging position, press the Action Button
once more.
"
0x7fcf,"If you want to drop down, press the Crawl
Button.
","If you want to drop down, press the Crawl
Button.
"
0x8002,"You can't keep hanging forever. Once you
run out of grip strength, you'll fall.
","You can't keep hanging forever. Once you
run out of grip strength, you'll fall.
"
0x8053,"Check your grip strength with the Grip
Gauge. When you hang, a blue gauge
appears above the Stamina Gauge.
","Check your grip strength with the Grip
Gauge. When you hang, a blue gauge
appears above the Stamina Gauge.
"
0x80bf,"This is the Grip Gauge.
","This is the Grip Gauge.
"
0x80d8,"It indicates the status of your grip.
When hanging, the Grip Gauge drops.
","It indicates the status of your grip.
When hanging, the Grip Gauge drops.
"
0x8123,"When the Grip Gauge expires, you will fall.
So you must climb back up before that
happens.
","When the Grip Gauge expires, you will fall.
So you must climb back up before that
happens.
"
0x817f,"The length of the Grip Gauge depends
upon your stamina.
","The length of the Grip Gauge depends
upon your stamina.
"
0x81b8,"If you need to hang for a long period,
you'll have to revive your stamina first.
","If you need to hang for a long period,
you'll have to revive your stamina first.
"
0x820a,"If there's something to grab onto during
a fall, press the Action Button when you
pass in front of it.
","If there's something to grab onto during
a fall, press the Action Button when you
pass in front of it.
"
0x8272,"If you get the timing right, you'll be able
to grab and hang onto that area.
","If you get the timing right, you'll be able
to grab and hang onto that area.
"
0x82c0,"With this technique, you can reach
locations that are inaccessible by
other means.
","With this technique, you can reach
locations that are inaccessible by
other means.
"
0x8314,"You may even find some rare items
this way.
","You may even find some rare items
this way.
"
0x8341,"Observe your geographic surroundings,
and try to find spots that you could grab
during a fall.
","Observe your geographic surroundings,
and try to find spots that you could grab
during a fall.
"
0x83a1,"Press the Crawl Button while hanging to
drop straight down.
","Press the Crawl Button while hanging to
drop straight down.
"
0x83de,"You can knock an enemy instantly
unconscious with this technique
if you land on top of him.
","You can knock an enemy instantly
unconscious with this technique
if you land on top of him.
"
0x843b,"When you're in a tree, try aiming for
an enemy passing beneath.
","When you're in a tree, try aiming for
an enemy passing beneath.
"
0x847c,"If you approach an enemy undetected,
you can render him defenseless by jutting
a gun into his body from behind.
","If you approach an enemy undetected,
you can render him defenseless by jutting
a gun into his body from behind.
"
0x84ed,"This is called a holdup.
","This is called a holdup.
"
0x8507,"However, even after rendering an enemy
defenseless,
","However, even after rendering an enemy
defenseless,
"
0x853c,"if he notices you put your
weapon away or start to walk away,
he will attack. So, be careful.
","if he notices you put your
weapon away or start to walk away,
he will attack. So, be careful.
"
0x859b,"When you hold an enemy up, sometimes
he will give you an item.
","When you hold an enemy up, sometimes
he will give you an item.
"
0x85db,"Conducting a holdup presents risks,
","Conducting a holdup presents risks,
"
0x8600,"but it is a useful technique when you are
running low on ammunition or medical
items.
","but it is a useful technique when you are
running low on ammunition or medical
items.
"
0x8657,"After you have received an item from a
hold up, you might try holding the enemy
up again.
","After you have received an item from a
hold up, you might try holding the enemy
up again.
"
0x86b2,"He might give up a more
precious, hidden item.
","He might give up a more
precious, hidden item.
"
0x86e2,"With an equipped weapon in overhead view,
press and hold the Aim Button to lock your
line of fire while moving in any given direction.
","With an equipped weapon in overhead view,
press and hold the Aim Button to lock your
line of fire while moving in any given direction.
"
0x876a,"Use this for charges or retreats, or any
other time that you want to concentrate fire
in one direction while moving.
","Use this for charges or retreats, or any
other time that you want to concentrate fire
in one direction while moving.
"
0x87e0,"You ate some food?
","You ate some food?
"
0x87f4,"Yes.
","Yes.
"
0x87fa,"You aren't expecting food to recover LIFE,
are you?
","You aren't expecting food to recover LIFE,
are you?
"
0x882f,"Of course not. Food alone doesn't heal
wounds. Food only recovers stamina.
","Of course not. Food alone doesn't heal
wounds. Food only recovers stamina.
"
0x887b,"Good.
","Good.
"
0x8882,"Why do you ask?
","Why do you ask?
"
0x8893,"I once had a guy who thought that eating
canned food would recover his LIFE.
","I once had a guy who thought that eating
canned food would recover his LIFE.
"
0x88e1,"What was he? Some kind of idiot?
","What was he? Some kind of idiot?
"
0x8903,"Of sorts, yes. But in the 21st century
they'll probably come up with something
that does just that.
","Of sorts, yes. But in the 21st century
they'll probably come up with something
that does just that.
"
0x8968,"In First Person View, use the Right Step
Button to take one step right, and the Left
Step Button to take a step left.
","In First Person View, use the Right Step
Button to take one step right, and the Left
Step Button to take a step left.
"
0x89df,"Use it to attack while hiding behind
barriers and to step out of hidden
spots to scout.
","Use it to attack while hiding behind
barriers and to step out of hidden
spots to scout.
"
0x8a38,"During First Person View, press the Left
and Right Step Buttons at the same time
to stretch up slightly from that position.
","During First Person View, press the Left
and Right Step Buttons at the same time
to stretch up slightly from that position.
"
0x8ab5,"It's useful when you are hiding behind
barriers and scouting or in a shoot-out.
","It's useful when you are hiding behind
barriers and scouting or in a shoot-out.
"
0x8b06,"When you creep inside of a small space,
the Overhead View switches to the
Intrusion View.
","When you creep inside of a small space,
the Overhead View switches to the
Intrusion View.
"
0x8b61,"Movement during the Intrusion View is a
bit different from movement during the
Overhead View.
","Movement during the Intrusion View is a
bit different from movement during the
Overhead View.
"
0x8bc0,"Use up on the left analog stick to advance,
down to go backwards, and left and right
to rotate.
","Use up on the left analog stick to advance,
down to go backwards, and left and right
to rotate.
"
0x8c21,"Use directional button left and right to
shift left and right.
","Use directional button left and right to
shift left and right.
"
0x8c61,"With large movements of the left analog
stick, you move faster, but create sound.
Nearby enemies might notice you.
","With large movements of the left analog
stick, you move faster, but create sound.
Nearby enemies might notice you.
"
0x8cd5,"With slight movements of the left analog
stick, you can move without making a
sound, but at the expense of speed.
","With slight movements of the left analog
stick, you can move without making a
sound, but at the expense of speed.
"
0x8d48,"Use both types of movement in appropriate
situations.
","Use both types of movement in appropriate
situations.
"
0x8d7f,"After you have grabbed an enemy from
behind with CQC, you can interrogate him
by pressing the  button.
","After you have grabbed an enemy from
behind with CQC, you can interrogate him
by pressing the  button.
"
0x8dea,"This is an opportunity to gain intelligence.
","This is an opportunity to gain intelligence.
"
0x8e18,"Some of your enemies have valuable
information, so give the technique a try,
and see what you can learn.
","Some of your enemies have valuable
information, so give the technique a try,
and see what you can learn.
"
0x8e82,"The degree to which you move the left
analog stick
","The degree to which you move the left
analog stick
"
0x8eb6,"not only changes your walking speed, but
changes your speed when crawling and
for instrusion movement.
","not only changes your walking speed, but
changes your speed when crawling and
for instrusion movement.
"
0x8f1e,"With large movements of the left analog
stick, you can move faster,
","With large movements of the left analog
stick, you can move faster,
"
0x8f63,"but you'll make noise and give yourself
away to nearby enemies.
","but you'll make noise and give yourself
away to nearby enemies.
"
0x8fa4,"With slight movements of the left analog
stick, you can move in silence.
","With slight movements of the left analog
stick, you can move in silence.
"
0x8fee,"It sacrifices speed, but it's the best choice
for the times when creating noise presents
significant risk.
","It sacrifices speed, but it's the best choice
for the times when creating noise presents
significant risk.
"
0x905a,"Snake, the Mk22 is a tranquilizer gun.
Use it to put enemies to sleep without
harming them.
","Snake, the Mk22 is a tranquilizer gun.
Use it to put enemies to sleep without
harming them.
"
0x90b7,"The speed with which the tranquilizer takes
effect depends on the point of impact on
the enemy.
","The speed with which the tranquilizer takes
effect depends on the point of impact on
the enemy.
"
0x9118,"If a target is hit on the arm or leg, the
tranquilizer won't take effect immediately.
","If a target is hit on the arm or leg, the
tranquilizer won't take effect immediately.
"
0x916f,"But a target hit on the head will drop like
a fly.
","But a target hit on the head will drop like
a fly.
"
0x91a3,"If you want to take an enemy out in
a flash, aim for the head.
","If you want to take an enemy out in
a flash, aim for the head.
"
0x91e3,"Equip food as a weapon and press
the Weapon Button to throw the food.
","Equip food as a weapon and press
the Weapon Button to throw the food.
"
0x922a,"If you throw a live animal near an enemy,
you may be able to distract him.
","If you throw a live animal near an enemy,
you may be able to distract him.
"
0x9276,"If an enemy is really hungry, he may
pounce at the prospect of food.
","If an enemy is really hungry, he may
pounce at the prospect of food.
"
0x92bc,"You have minimal gear on this mission and
have to make the most use out of anything
you can procure on the ground.
","You have minimal gear on this mission and
have to make the most use out of anything
you can procure on the ground.
"
0x9330,"Move the right analog stick in a direction
during overhead view to look in that direction.
","Move the right analog stick in a direction
during overhead view to look in that direction.
"
0x938c,"Move the right analog stick left to see
what's nearby on screen left,
","Move the right analog stick left to see
what's nearby on screen left,
"
0x93d3,"move right for screen right, up to see
what's further ahead, and down to see
what's nearby.
","move right for screen right, up to see
what's further ahead, and down to see
what's nearby.
"
0x9430,"If you press the  button while the right
analog stick is pointed in a direction, you
can lock the camera on that position.
","If you press the  button while the right
analog stick is pointed in a direction, you
can lock the camera on that position.
"
0x94af,"For example, if you're heading north, move
the right analog stick up and press the 
button to lock the camera,
","For example, if you're heading north, move
the right analog stick up and press the 
button to lock the camera,
"
0x9522,"allowing you to observe things in the
direction of movement.
","allowing you to observe things in the
direction of movement.
"
0x9560,"Then, if you later spot an enemy patrol to
the east, lock the camera to the right so
you can hide while observing the threat.
","Then, if you later spot an enemy patrol to
the east, lock the camera to the right so
you can hide while observing the threat.
"
0x95df,"Use of this technique can be greatly
advantageous to your mission. Make
sure to get the most out of it.
","Use of this technique can be greatly
advantageous to your mission. Make
sure to get the most out of it.
"
0x9648,"Press the Crawl Button during a run to
commence a roll.
","Press the Crawl Button during a run to
commence a roll.
"
0x9681,"For a brief interval you will perform
a jump which can be used to knock
down enemies.
","For a brief interval you will perform
a jump which can be used to knock
down enemies.
"
0x96d8,"In contrast to the training you've done
so far, you can use rolling to jump
waist-high objects.
","In contrast to the training you've done
so far, you can use rolling to jump
waist-high objects.
"
0x9739,"However, remember that rolling
consumes more stamina than
standard running.
","However, remember that rolling
consumes more stamina than
standard running.
"
0x9786,"Snake, when your stamina gets low,
it negatively affects your physical abilities.
","Snake, when your stamina gets low,
it negatively affects your physical abilities.
"
0x97d9,"You've got to replenish your stamina
before it runs out.
","You've got to replenish your stamina
before it runs out.
"
0x9813,"The gauge below your Life Gauge
is your Stamina Gauge.
","The gauge below your Life Gauge
is your Stamina Gauge.
"
0x984b,"It shows, as the name suggests,
your remaining stamina.
","It shows, as the name suggests,
your remaining stamina.
"
0x9884,"As you consume stamina, your natural
LIFE regeneration is slowed, and your
hands shake more.
","As you consume stamina, your natural
LIFE regeneration is slowed, and your
hands shake more.
"
0x98e2,"Your O2 Gauge and Grip Gauge also
become shorter.
","Your O2 Gauge and Grip Gauge also
become shorter.
"
0x9915,"Excessively low stamina can often impede
your mission objectives.
","Excessively low stamina can often impede
your mission objectives.
"
0x9958,"Make sure you replenish stamina
before that occurs.
","Make sure you replenish stamina
before that occurs.
"
0x998d,"Eat food to recover stamina.
","Eat food to recover stamina.
"
0x99ab,"Capture plants and animals to get food.
","Capture plants and animals to get food.
"
0x99d4,"I have information on the local plants and
animals, so don't hesitate to ask.
","I have information on the local plants and
animals, so don't hesitate to ask.
"
0x9a23,"My frequency is 145.73.
","My frequency is 145.73.
"
0x9a3c,"Your actions can lower your stamina.
The more demanding the activity,
the more stamina consumed.
","Your actions can lower your stamina.
The more demanding the activity,
the more stamina consumed.
"
0x9a9e,"Exactly.
","Exactly.
"
0x9aa8,"Walking slowly will conserve stamina,
while actions like rolling, crawling, and
stalking consume large amounts of it.
","Walking slowly will conserve stamina,
while actions like rolling, crawling, and
stalking consume large amounts of it.
"
0x9b1f,"Try your best to avoid unnecessary actions
in order to conserve stamina.
","Try your best to avoid unnecessary actions
in order to conserve stamina.
"
0x9b69,"Snake, remember that the suppressor
is a limited commodity.
","Snake, remember that the suppressor
is a limited commodity.
"
0x9ba6,"I know. No suppressor lasts forever.
","I know. No suppressor lasts forever.
"
0x9bcc,"Exactly.
","Exactly.
"
0x9bd6,"When the suppressor's durability wears
away, it breaks beyond repair.
","When the suppressor's durability wears
away, it breaks beyond repair.
"
0x9c1d,"See the weapon icon to check the
suppressor's present level of durability.
","See the weapon icon to check the
suppressor's present level of durability.
"
0x9c69,"Remove the suppressor from your gun
if you want to make it last.
","Remove the suppressor from your gun
if you want to make it last.
"
0x9cab,"Select the weapon that the suppressor is
on with the Weapon Window Button,
","Select the weapon that the suppressor is
on with the Weapon Window Button,
"
0x9cf7,"and press the Enter Button to attach or
detach the suppressor.
","and press the Enter Button to attach or
detach the suppressor.
"
0x9d37,"Regulate usage of the suppressor based
on the situation.
","Regulate usage of the suppressor based
on the situation.
"
0x9d71,"Snake, certain enemy soldiers are
equipped with radios.
","Snake, certain enemy soldiers are
equipped with radios.
"
0x9daa,"These signalers can use their radios to
transmit information to and from the
command headquarters.
","These signalers can use their radios to
transmit information to and from the
command headquarters.
"
0x9e0e,"If a signaler realizes your presence,
you can bet he'll be on the horn calling
backup from headquarters.
","If a signaler realizes your presence,
you can bet he'll be on the horn calling
backup from headquarters.
"
0x9e78,"After headquarters receives the call for
backup, they contact a nearby unit and
order them to head over to give support.
","After headquarters receives the call for
backup, they contact a nearby unit and
order them to head over to give support.
"
0x9ef2,"Once backup arrives, your enemies will
outnumber you beyond hope for victory.
It'll be too much for even you to handle.
","Once backup arrives, your enemies will
outnumber you beyond hope for victory.
It'll be too much for even you to handle.
"
0x9f6b,"If you notice a signaler making a call
for backup with his radio, take him out
before he has the chance.
","If you notice a signaler making a call
for backup with his radio, take him out
before he has the chance.
"
0x9fd5,"If the call gets through, retreat before
the backup unit arrives.
","If the call gets through, retreat before
the backup unit arrives.
"
0xa018,"If you hang around too long, you'll find
yourself immensely outmatched. Got it?
","If you hang around too long, you'll find
yourself immensely outmatched. Got it?
"
0xa069,"It's possible to destroy the radio that
enemy correspondents use.
","It's possible to destroy the radio that
enemy correspondents use.
"
0xa0ac,"If you must get involved in a fight,
","If you must get involved in a fight,
"
0xa0d2,"destroying the radio first will allow you
to concentrate on the battle without
worrying about reinforcements.
","destroying the radio first will allow you
to concentrate on the battle without
worrying about reinforcements.
"
0xa141,"Snake, this operation is a sneaking
mission. You'll be doing your job right
under the enemy's nose.
","Snake, this operation is a sneaking
mission. You'll be doing your job right
under the enemy's nose.
"
0xa1a6,"In the event that you are spotted by an
enemy, disable him before he can alert
nearby soldiers.
","In the event that you are spotted by an
enemy, disable him before he can alert
nearby soldiers.
"
0xa207,"If you can take him out before he alerts
other enemies of your presence,
","If you can take him out before he alerts
other enemies of your presence,
"
0xa251,"then the Alert Phase will quickly be
restored to Normal Phase.
","then the Alert Phase will quickly be
restored to Normal Phase.
"
0xa291,"But don't forget - even this should only
happen in emergencies.
","But don't forget - even this should only
happen in emergencies.
"
0xa2d2,"Your top priority is to avoid being spotted
by the enemy in the first place.
Be effective.
","Your top priority is to avoid being spotted
by the enemy in the first place.
Be effective.
"
0xa32e,"Snake, did you notice that when you knock
an enemy unconscious, stars appear over
his head?
","Snake, did you notice that when you knock
an enemy unconscious, stars appear over
his head?
"
0xa38b,"If you take a close look at the stars above
the enemy's head, you'll notice that they
gradually disappear, one at a time.
","If you take a close look at the stars above
the enemy's head, you'll notice that they
gradually disappear, one at a time.
"
0xa406,"Once the stars are all gone, the enemy
becomes conscious again, and returns
to battle.
","Once the stars are all gone, the enemy
becomes conscious again, and returns
to battle.
"
0xa45e,"So, when you knock out an enemy,
be sure to plan for his recovery.
","So, when you knock out an enemy,
be sure to plan for his recovery.
"
0xa4a2,"Snake, camouflage uniforms alone are not
enough. You'll need to put on face paint
as well.
","Snake, camouflage uniforms alone are not
enough. You'll need to put on face paint
as well.
"
0xa4fe,"Snake, camouflage and face paint alone
won't make you blend in completely.
","Snake, camouflage and face paint alone
won't make you blend in completely.
"
0xa54a,"In addition to the camouflage itself, your
physical position is a crucial dynamic you
should keep in mind.
","In addition to the camouflage itself, your
physical position is a crucial dynamic you
should keep in mind.
"
0xa5b6,"Snake, in order to carry out the mission
without being spotted, you must learn to detect
an approaching enemy well ahead of time.
","Snake, in order to carry out the mission
without being spotted, you must learn to detect
an approaching enemy well ahead of time.
"
0xa639,"Press the First Person View Button and
use the First Person View to constantly
check your surroundings as you proceed.
","Press the First Person View Button and
use the First Person View to constantly
check your surroundings as you proceed.
"
0xa6b1,"You can use an equipped weapon during
First Person View. This is called a First
Person View attack.
","You can use an equipped weapon during
First Person View. This is called a First
Person View attack.
"
0xa716,"When using First Person View attack, you
can direct your line of fire up, down,
left or right.
","When using First Person View attack, you
can direct your line of fire up, down,
left or right.
"
0xa776,"Press the Action Button from on top
a branch to hang down from the tree.
","Press the Action Button from on top
a branch to hang down from the tree.
"
0xa7c0,"But you can only remain hanging as long
as your grip strength lasts.
","But you can only remain hanging as long
as your grip strength lasts.
"
0xa806,"Keep an eye on your Grip Gauge when
dangling from a tree.
","Keep an eye on your Grip Gauge when
dangling from a tree.
"
0xa841,"Be careful -- with low stamina, your
grip won't last long.
","Be careful -- with low stamina, your
grip won't last long.
"
0xa87d,"Even while hanging, you can fire your
handgun with one arm.
","Even while hanging, you can fire your
handgun with one arm.
"
0xa8ba,"And if you are attacked during a hanging
maneuver, don't panic and claim
the advantage.
","And if you are attacked during a hanging
maneuver, don't panic and claim
the advantage.
"
0xa913,"NO RESPONSE
","NO RESPONSE
"
0xa920,"Snake, remember that this operation is
a solo sneaking mission.
","Snake, remember that this operation is
a solo sneaking mission.
"
0xa961,"We'll be providing you with support over
the radio, but out in the field, you're on
your own. There's no backup.
","We'll be providing you with support over
the radio, but out in the field, you're on
your own. There's no backup.
"
0xa9d3,"And there's no way you'll survive a battle
with a large enemy contingent.
","And there's no way you'll survive a battle
with a large enemy contingent.
"
0xaa1e,"Avoid engagement whenever possible.
Your highest priority in this mission is
staying out of sight.
","Avoid engagement whenever possible.
Your highest priority in this mission is
staying out of sight.
"
0xaa82,"Snake, the fake death and revival pills we
gave you
","Snake, the fake death and revival pills we
gave you
"
0xaab7,"are the latest in internal medicines developed
for intelligence ops by the CIA's technology
division.
","are the latest in internal medicines developed
for intelligence ops by the CIA's technology
division.
"
0xab1e,"You can use the fake death pill to send
yourself into a death-like state for a limited
period of time.
","You can use the fake death pill to send
yourself into a death-like state for a limited
period of time.
"
0xab86,"Use it wisely and you should be able to
fool the enemy into thinking you're
really dead.
","Use it wisely and you should be able to
fool the enemy into thinking you're
really dead.
"
0xabe0,"It may come in handy if you ever find
yourself cornered.
","It may come in handy if you ever find
yourself cornered.
"
0xac1a,"To revive yourself from the fake-death
state, use the revival pill.
","To revive yourself from the fake-death
state, use the revival pill.
"
0xac5f,"But remember - timing is critical.
The effect will be ruined if you revive
right in front of your enemy.
","But remember - timing is critical.
The effect will be ruined if you revive
right in front of your enemy.
"
0xacc9,"Interesting. But how does it work?
","Interesting. But how does it work?
"
0xaced,"What do you mean?
","What do you mean?
"
0xad00,"I don't feel right taking some pill I don't know
anything about. How does it make me look
dead? How's it gonna affect my body?
","I don't feel right taking some pill I don't know
anything about. How does it make me look
dead? How's it gonna affect my body?
"
0xad80,"Well, Snake...about that...
","Well, Snake...about that...
"
0xad9d,"I get it. I should ask Para-Medic.
Para-Medic!
","I get it. I should ask Para-Medic.
Para-Medic!
"
0xadcd,"Allow me to explain.
","Allow me to explain.
"
0xade3,"You know how there are animals in nature
that play dead, like weevils, ladybugs,
chickadees, opossums and the like.
","You know how there are animals in nature
that play dead, like weevils, ladybugs,
chickadees, opossums and the like.
"
0xae58,"Well, the fake death pill takes the natural
art of playing dead and applies it to the
spy world.
","Well, the fake death pill takes the natural
art of playing dead and applies it to the
spy world.
"
0xaeba,"When you take the fake death pill,
it causes your body to rapidly secrete a
number of chemicals -
","When you take the fake death pill,
it causes your body to rapidly secrete a
number of chemicals -
"
0xaf1d,"adenosine and serotonin as well as opioid
peptides such as methionin enkephalin.
","adenosine and serotonin as well as opioid
peptides such as methionin enkephalin.
"
0xaf6f,"Those chemicals act to induce a state
of hibernation,
","Those chemicals act to induce a state
of hibernation,
"
0xafa6,"causing your heart rate, your breathing
rate, and your body temperature to drop
dramatically.
","causing your heart rate, your breathing
rate, and your body temperature to drop
dramatically.
"
0xb005,"It'll truly look like you've dropped dead upon
initial inspection.
","It'll truly look like you've dropped dead upon
initial inspection.
"
0xb049,"The revival pill, to put it simply, is a
counteracting agent to the fake death pill.
","The revival pill, to put it simply, is a
counteracting agent to the fake death pill.
"
0xb09f,"When you take it, it causes your body to
secrete stimulants, like noradrenaline and
other chemicals such as naloxone,
","When you take it, it causes your body to
secrete stimulants, like noradrenaline and
other chemicals such as naloxone,
"
0xb116,"which block the effects of the fake death
pill.
","which block the effects of the fake death
pill.
"
0xb147,"Basically, it wakes you up.
","Basically, it wakes you up.
"
0xb164,"Does that help?
","Does that help?
"
0xb175,"...Yeah
","...Yeah
"
0xb17e,"OK, I'll try and explain it in more detail.
","OK, I'll try and explain it in more detail.
"
0xb1ab,"The secretion of methionin enkephalin
triggered by the fake death pill causes
the opioid receptors...
","The secretion of methionin enkephalin
triggered by the fake death pill causes
the opioid receptors...
"
0xb212,"O... OK, I think I get it now.
","O... OK, I think I get it now.
"
0xb232,"You sure?
","You sure?
"
0xb23d,"Yeah.
","Yeah.
"
0xb244,"But you must want to know a little bit more.
","But you must want to know a little bit more.
"
0xb272,"There are three types of receptors: delta,
kappa, and mu. Methionin enkephalin acts
on the...
","There are three types of receptors: delta,
kappa, and mu. Methionin enkephalin acts
on the...
"
0xb2d1,"Ah, Para-Medic, I think Snake understands
now. Isn't that right, Snake?
","Ah, Para-Medic, I think Snake understands
now. Isn't that right, Snake?
"
0xb31a,"Yeah, clear as crystal.
","Yeah, clear as crystal.
"
0xb333,"But...
","But...
"
0xb33b,"Major, I've got enough info about the pills,
so I'm going to get back to the mission now.
","Major, I've got enough info about the pills,
so I'm going to get back to the mission now.
"
0xb396,"Yes. You do that.
","Yes. You do that.
"
0xb3a9,"Hey, wait a--!
","Hey, wait a--!
"
0xb3b9,"...
","...
"
0xb3be,"Snake, let me explain the enemy's various
states of alert.
","Snake, let me explain the enemy's various
states of alert.
"
0xb3fa,"First of all, there's the state in which the
enemy in that area doesn't know that you're
there. This is called Normal Phase.
","First of all, there's the state in which the
enemy in that area doesn't know that you're
there. This is called Normal Phase.
"
0xb478,"In Normal Phase, the enemy will follow
normal procedures for patrols and other
activities.
","In Normal Phase, the enemy will follow
normal procedures for patrols and other
activities.
"
0xb4d4,"They won't present much of a danger to
you.
","They won't present much of a danger to
you.
"
0xb501,"But if they spot an intruder - that means
you - they'll attack in an attempt to neutralize
you. This is called Alert Phase.
","But if they spot an intruder - that means
you - they'll attack in an attempt to neutralize
you. This is called Alert Phase.
"
0xb57e,"Alert Phase will last until the enemy loses
sight of you.
","Alert Phase will last until the enemy loses
sight of you.
"
0xb5b9,"Even after they lose sight of you, the
enemy will continue to search the area for
a while. This is called Evasion Phase.
","Even after they lose sight of you, the
enemy will continue to search the area for
a while. This is called Evasion Phase.
"
0xb633,"Evasion Phase will last until the enemy
exhausts their search effort.
","Evasion Phase will last until the enemy
exhausts their search effort.
"
0xb67a,"Once Evasion Phase is over, the enemy
should return to base.
","Once Evasion Phase is over, the enemy
should return to base.
"
0xb6b8,"After the search is aborted, the enemy will
enter Caution Phase.
","After the search is aborted, the enemy will
enter Caution Phase.
"
0xb6fa,"In Caution Phase, enemy soldiers will be
more cautious in their patrols, and they'll
likely be more difficult to detect.
","In Caution Phase, enemy soldiers will be
more cautious in their patrols, and they'll
likely be more difficult to detect.
"
0xb774,"In addition to the regular patrols, there's
also a chance that they'll send out additional
search units. Keep on your toes.
","In addition to the regular patrols, there's
also a chance that they'll send out additional
search units. Keep on your toes.
"
0xb7f1,"By equipping grenades and pressing the
Weapon Button in corner view mode, you can
throw a grenade while hiding behind a barrier.
","By equipping grenades and pressing the
Weapon Button in corner view mode, you can
throw a grenade while hiding behind a barrier.
"
0xb873,"This technique should come in handy during
a firefight. Use it well.
","This technique should come in handy during
a firefight. Use it well.
"
0xb8b9,"Snake, are you all right? You seem
awfully tired.
","Snake, are you all right? You seem
awfully tired.
"
0xb8ec,"No, not at all.
","No, not at all.
"
0xb8fd,"You don't have to act tough.
","You don't have to act tough.
"
0xb91b,"I'm not acting.
","I'm not acting.
"
0xb92c,"Really? You lose your grip strength after
only a few seconds when hanging. I'll bet
you can't even hold your gun straight.
","Really? You lose your grip strength after
only a few seconds when hanging. I'll bet
you can't even hold your gun straight.
"
0xb9a8,"...
","...
"
0xb9ad,"Your body is exhausted. Look at your
Stamina Gauge. It's almost empty, isn't it?
","Your body is exhausted. Look at your
Stamina Gauge. It's almost empty, isn't it?
"
0xb9ff,"You can't continue your mission in this
state. You need to eat something and
recover your stamina.
","You can't continue your mission in this
state. You need to eat something and
recover your stamina.
"
0xba63,"You've got some food, don't you?
","You've got some food, don't you?
"
0xba85,"Yeah.
","Yeah.
"
0xba8c,"To eat food, press the START button to
enter the Survival Viewer, then select
FOOD.
","To eat food, press the START button to
enter the Survival Viewer, then select
FOOD.
"
0xbae1,"Use the left analog stick to choose the food
you want to consume and press the Enter
Button to eat it.
","Use the left analog stick to choose the food
you want to consume and press the Enter
Button to eat it.
"
0xbb49,"You'll have to put the mission on hold for
a little while. First, you've got to capture
some food.
","You'll have to put the mission on hold for
a little while. First, you've got to capture
some food.
"
0xbbad,"But...
","But...
"
0xbbb5,"Did you hear me? Go hunting!
","Did you hear me? Go hunting!
"
0xbbd3,"...
","...
"
0xbbd8,"Eating is a necessary part of your mission.
When your stamina gets low, make sure
you eat something. Got it?
","Eating is a necessary part of your mission.
When your stamina gets low, make sure
you eat something. Got it?
"
0xbc46,"Snake, there are other ways to recover
your stamina besides eating.
","Snake, there are other ways to recover
your stamina besides eating.
"
0xbc8b,"Such as?
","Such as?
"
0xbc95,"Such as taking a rest.
","Such as taking a rest.
"
0xbcad,"A rest?
","A rest?
"
0xbcb6,"To take a rest, all you have to do is save
and exit the game.
","To take a rest, all you have to do is save
and exit the game.
"
0xbcf5,"The next time you load your save data and
continue the game, your stamina and LIFE
will have recovered.
","The next time you load your save data and
continue the game, your stamina and LIFE
will have recovered.
"
0xbd5e,"How much they recover depends on how
long of a rest you take.
","How much they recover depends on how
long of a rest you take.
"
0xbd9d,"So the longer I rest, the more I'll recover?
","So the longer I rest, the more I'll recover?
"
0xbdcb,"That's right.
","That's right.
"
0xbdda,"If you're so exhausted that you don't even
have the strength to find food,
","If you're so exhausted that you don't even
have the strength to find food,
"
0xbe26,"save the game and take a rest and you'll
be back on your feet.
","save the game and take a rest and you'll
be back on your feet.
"
0xbe66,"I hope that never happens.
","I hope that never happens.
"
0xbe82,"So do I. But you never know. Just don't
forget okay?
","So do I. But you never know. Just don't
forget okay?
"
0xbeb8,"I won't.
","I won't.
"
0xbec2,"Snake, your first task is to meet up with
ADAM, the contact provided by the KGB.
","Snake, your first task is to meet up with
ADAM, the contact provided by the KGB.
"
0xbf14,"The rendezvous point is the abandoned
factory to the north of your current position.
Head north.
","The rendezvous point is the abandoned
factory to the north of your current position.
Head north.
"
0xbf76,"The abandoned factory... that's where I met
Sokolov during the Virtuous Mission.
","The abandoned factory... that's where I met
Sokolov during the Virtuous Mission.
"
0xbfc8,"Correct. But we can't afford to have the
same thing happen this time.
","Correct. But we can't afford to have the
same thing happen this time.
"
0xc00f,"I know.
","I know.
"
0xc018,"Like the Virtuous Mission, Operation Snake
Eater is a solo sneaking mission.
","Like the Virtuous Mission, Operation Snake
Eater is a solo sneaking mission.
"
0xc066,"There are no units in the field to back you
up.
","There are no units in the field to back you
up.
"
0xc097,"Avoid engaging the enemy whenever possible.
Your first priority is to remain unseen.
","Avoid engaging the enemy whenever possible.
Your first priority is to remain unseen.
"
0xc0ed,"Use the ""CAMOUFLAGE"" option in
the Survival Viewer and choose your
camouflage wisely. Proceed with caution.
","Use the ""CAMOUFLAGE"" option in
the Survival Viewer and choose your
camouflage wisely. Proceed with caution.
"
0xc15a,"Unlike the Virtuous Mission, this is
a night operation.
","Unlike the Virtuous Mission, this is
a night operation.
"
0xc193,"You'll get lost more easily in the dark,
","You'll get lost more easily in the dark,
"
0xc1bd,"but it will also make your camouflage more
effective and make it harder for the enemy
to see you.
","but it will also make your camouflage more
effective and make it harder for the enemy
to see you.
"
0xc220,"On the other hand, it will also be more
difficult for you to see them.
","On the other hand, it will also be more
difficult for you to see them.
"
0xc268,"You'll also find that different animals are
active. Some of these nocturnal animals
are poisonous. So stay alert.
","You'll also find that different animals are
active. Some of these nocturnal animals
are poisonous. So stay alert.
"
0xc2db,"Para-Medic is with us again to provide
information on the local plants and animals.
","Para-Medic is with us again to provide
information on the local plants and animals.
"
0xc330,"Give her a call if there's anything you need
to know.
","Give her a call if there's anything you need
to know.
"
0xc367,"Operation Snake Eater is different from the
Virtuous Mission in that you won't be able
to complete it in just a few hours.
","Operation Snake Eater is different from the
Virtuous Mission in that you won't be able
to complete it in just a few hours.
"
0xc3e3,"The time limit set by Khrushchev is one week.
Within that time, you'll have to rescue Sokolov,
defeat Volgin, destroy the Shagohod and...
","The time limit set by Khrushchev is one week.
Within that time, you'll have to rescue Sokolov,
defeat Volgin, destroy the Shagohod and...
"
0xc46e,"I know.
","I know.
"
0xc477,"...Good.
","...Good.
"
0xc481,"In any event, you will not be allowed to
return until you've accomplished your
objectives.
","In any event, you will not be allowed to
return until you've accomplished your
objectives.
"
0xc4dd,"Survival in the field will be critical in this
mission. And the most important survival
technique of all is, of course, finding food.
","Survival in the field will be critical in this
mission. And the most important survival
technique of all is, of course, finding food.
"
0xc564,"You can get food in the same way you did
during the Virtuous Mission - by capturing it.
","You can get food in the same way you did
during the Virtuous Mission - by capturing it.
"
0xc5bd,"The enemy presence in that area is still
light. You should try and get as much food
as possible while you can.
","The enemy presence in that area is still
light. You should try and get as much food
as possible while you can.
"
0xc62d,"You just heard a horse?
","You just heard a horse?
"
0xc646,"Yeah.
","Yeah.
"
0xc64d,"You're sure it wasn't something else?
","You're sure it wasn't something else?
"
0xc674,"I know a horse when I hear one.
","I know a horse when I hear one.
"
0xc695,"Para-Medic, are there any wild horses
in Tselinoyarsk?
","Para-Medic, are there any wild horses
in Tselinoyarsk?
"
0xc6cd,"Do you really expect me to say ""yes""?
","Do you really expect me to say ""yes""?
"
0xc6f4,"No.
","No.
"
0xc6f9,"So what should I do?
","So what should I do?
"
0xc70f,"There's only one way through that area.
All you can do is move forward.
","There's only one way through that area.
All you can do is move forward.
"
0xc758,"Head towards the sound of that horse.
It came from the north. Be careful.
","Head towards the sound of that horse.
It came from the north. Be careful.
"
0xc7a3,"Major...
","Major...
"
0xc7ad,"Snake, The Boss is your enemy.
You've got to accept that reality.
","Snake, The Boss is your enemy.
You've got to accept that reality.
"
0xc7f0,"...
","...
"
0xc7f5,"ADAM is waiting for you at the abandoned
factory to the north of your current position.
Head north.
","ADAM is waiting for you at the abandoned
factory to the north of your current position.
Head north.
"
0xc85a,"Remember that you've lost your gun.
You don't stand a chance in a fight
against an enemy unit.
","Remember that you've lost your gun.
You don't stand a chance in a fight
against an enemy unit.
"
0xc8ba,"Use your camouflage and don't let the
enemy see you.
","Use your camouflage and don't let the
enemy see you.
"
0xc8f0,"The enemy must have seen the drone
explode. They've probably already sent
out patrol units.
","The enemy must have seen the drone
explode. They've probably already sent
out patrol units.
"
0xc94d,"You never know when you'll encounter the
enemy. Use your camouflage wisely and
proceed with caution.
","You never know when you'll encounter the
enemy. Use your camouflage wisely and
proceed with caution.
"
0xc9b3,"Major, why was The Boss there... did they
detect my infiltration?
","Major, why was The Boss there... did they
detect my infiltration?
"
0xc9f6,"That's impossible. The drone shouldn't have
been picked up by their radar at all.
","That's impossible. The drone shouldn't have
been picked up by their radar at all.
"
0xca49,"Then how did she know? It couldn't have
been...?
","Then how did she know? It couldn't have
been...?
"
0xca7b,"That's also out of the question. We've
taken all measures to ensure this mission
stays secret.
","That's also out of the question. We've
taken all measures to ensure this mission
stays secret.
"
0xcadb,"...Then what's going on?
","...Then what's going on?
"
0xcaf5,"I don't know.
","I don't know.
"
0xcb04,"...
","...
"
0xcb09,"It won't do you any good to dwell on it,
Snake.
","It won't do you any good to dwell on it,
Snake.
"
0xcb3a,"Hurry to your rendezvous with ADAM.
Head for the abandoned factory to the north.
","Hurry to your rendezvous with ADAM.
Head for the abandoned factory to the north.
"
0xcb8c,"Watch out for enemy patrols. Stay alert
at all times. Okay?
","Watch out for enemy patrols. Stay alert
at all times. Okay?
"
0xcbc9,"Snake, you don't have a tranquilizer
gun right now.
","Snake, you don't have a tranquilizer
gun right now.
"
0xcbfe,"That means you'll just have to capture
animals with your bare hands or with
your survival knife.
","That means you'll just have to capture
animals with your bare hands or with
your survival knife.
"
0xcc60,"You should be able to harvest mushrooms
and other low-lying plants with no problem
by punching them or using your knife.
","You should be able to harvest mushrooms
and other low-lying plants with no problem
by punching them or using your knife.
"
0xccda,"It'll be tougher to catch small animals, but
you might have a chance if you use stalking
from behind.
","It'll be tougher to catch small animals, but
you might have a chance if you use stalking
from behind.
"
0xcd41,"Major...
","Major...
"
0xcd4b,"What is it.
","What is it.
"
0xcd58,"...Why did The Boss betray us?
","...Why did The Boss betray us?
"
0xcd78,"Leave it alone, Snake.
","Leave it alone, Snake.
"
0xcd90,"But...
","But...
"
0xcd98,"We've been through this before. Besides,
asking for reasons now won't change
anything.
","We've been through this before. Besides,
asking for reasons now won't change
anything.
"
0xcdf0,"I thought I'd find out if I met her face to
face. I thought for sure she'd tell me. But...
","I thought I'd find out if I met her face to
face. I thought for sure she'd tell me. But...
"
0xce4c,"Then you'll have to find your own answers.
","Then you'll have to find your own answers.
"
0xce78,"...By completing my ""mission""?
","...By completing my ""mission""?
"
0xce98,"Yes.
","Yes.
"
0xce9e,"...
","...
"
0xcea3,"A rope bridge, huh...
You'll stick out like a sore thumb if you walk
on top of it.
","A rope bridge, huh...
You'll stick out like a sore thumb if you walk
on top of it.
"
0xcef7,"To cross it without being seen, you'll
have to do something about the enemies.
","To cross it without being seen, you'll
have to do something about the enemies.
"
0xcf47,"Seems that way.
","Seems that way.
"
0xcf58,"You told me this before.
","You told me this before.
"
0xcf72,"Did I?
","Did I?
"
0xcf7a,"Yeah.
","Yeah.
"
0xcf81,"In the Virtuous Mission, you had your
tranquilizer gun to use, but this time around
you're unarmed.
","In the Virtuous Mission, you had your
tranquilizer gun to use, but this time around
you're unarmed.
"
0xcfe6,"You won't be able to take out the enemies
safely from a distance.
","You won't be able to take out the enemies
safely from a distance.
"
0xd029,"You'll have to find some way of reeling
them in close.
","You'll have to find some way of reeling
them in close.
"
0xd061,"Try distracting the enemy by making a
noise or throwing something.
","Try distracting the enemy by making a
noise or throwing something.
"
0xd0a5,"You might also try cutting one of the ropes
with your survival knife to make the bridge
shake...
","You might also try cutting one of the ropes
with your survival knife to make the bridge
shake...
"
0xd107,"You've arrived at the factory, I see.
","You've arrived at the factory, I see.
"
0xd12e,"Yeah. Now to meet up with this ADAM guy.
","Yeah. Now to meet up with this ADAM guy.
"
0xd158,"Good, go to it.
","Good, go to it.
"
0xd169,"So where is he?
","So where is he?
"
0xd17a,"We weren't given an exact location.
","We weren't given an exact location.
"
0xd19f,"How about a time?
","How about a time?
"
0xd1b2,"Nothing was specified.
","Nothing was specified.
"
0xd1ca,"A physical description.
","A physical description.
"
0xd1e3,"I'm not sure.
","I'm not sure.
"
0xd1f2,"...How am I supposed to find him, then?
","...How am I supposed to find him, then?
"
0xd21b,"You won't need to.
","You won't need to.
"
0xd22f,"?
","?
"
0xd232,"He'll find you.
","He'll find you.
"
0xd243,"...
","...
"
0xd248,"Why don't you try the room to the northeast
where you met Sokolov? ADAM might be
in there.
","Why don't you try the room to the northeast
where you met Sokolov? ADAM might be
in there.
"
0xd2a4,"Why don't you give the room to the
northeast where you met Sokolov another
try? ADAM might be there this time.
","Why don't you give the room to the
northeast where you met Sokolov another
try? ADAM might be there this time.
"
0xd314,"ADAM is a spy sent by the KGB to infiltrate
Volgin's ranks. You'll need to be extremely
careful in how you approach him.
","ADAM is a spy sent by the KGB to infiltrate
Volgin's ranks. You'll need to be extremely
careful in how you approach him.
"
0xd38e,"Obviously. He can't let Volgin know he's
meeting me.
","Obviously. He can't let Volgin know he's
meeting me.
"
0xd3c4,"That's right.
","That's right.
"
0xd3d3,"ADAM won't show up if you're being
pursued by the enemy.
","ADAM won't show up if you're being
pursued by the enemy.
"
0xd40d,"Before you go to rendezvous with ADAM,
make sure you haven't been seen by the
enemy.
","Before you go to rendezvous with ADAM,
make sure you haven't been seen by the
enemy.
"
0xd463,"Meet up with him in Normal Phase. Got it?
","Meet up with him in Normal Phase. Got it?
"
0xd48e,"It looks like you've got rid of all of
the Ocelots.
","It looks like you've got rid of all of
the Ocelots.
"
0xd4c3,"Yeah.
","Yeah.
"
0xd4ca,"Now, proceed with the rescue of Sokolov.
According to EVA, you should start by going
to the crevice to the north and...
","Now, proceed with the rescue of Sokolov.
According to EVA, you should start by going
to the crevice to the north and...
"
0xd543,"Can we trust her?
","Can we trust her?
"
0xd556,"What's that?
","What's that?
"
0xd564,"EVA is with the KGB, isn't she? Can I
really believe what she says? How do I
know she won't double cross me?
","EVA is with the KGB, isn't she? Can I
really believe what she says? How do I
know she won't double cross me?
"
0xd5d2,"There are no guarantees in espionage,
Snake. Only calculated guesses.
","There are no guarantees in espionage,
Snake. Only calculated guesses.
"
0xd619,"At this point in time, the KGB stands nothing
to gain by stabbing us in the back.
","At this point in time, the KGB stands nothing
to gain by stabbing us in the back.
"
0xd66c,"So you're saying I can trust her?
","So you're saying I can trust her?
"
0xd68f,"I'm saying the chance that she'll betray you
is low.
","I'm saying the chance that she'll betray you
is low.
"
0xd6c5,"...
","...
"
0xd6ca,"Of course, we checked the route
she gave you against our own data.
","Of course, we checked the route
she gave you against our own data.
"
0xd70e,"It looks like a pretty solid infiltration route.
","It looks like a pretty solid infiltration route.
"
0xd740,"It makes good use of weak spots in the
enemy's defenses. You shouldn't have
any problems.
","It makes good use of weak spots in the
enemy's defenses. You shouldn't have
any problems.
"
0xd79b,"Follow the route EVA showed you and
proceed with the mission.
","Follow the route EVA showed you and
proceed with the mission.
"
0xd7da,"Roger.
","Roger.
"
0xd7e2,"First, enter the cave through the crevice.
EVA said it was to the north. So head that
way.
","First, enter the cave through the crevice.
EVA said it was to the north. So head that
way.
"
0xd83e,"Snake, I heard you got a scientist disguise
from EVA.
","Snake, I heard you got a scientist disguise
from EVA.
"
0xd875,"Yeah.
","Yeah.
"
0xd87c,"Go to ""UNIFORM"" on the ""CAMOUFLAGE""
screen and choose ""SCIENTIST"" to disguise
yourself as a scientist.
","Go to ""UNIFORM"" on the ""CAMOUFLAGE""
screen and choose ""SCIENTIST"" to disguise
yourself as a scientist.
"
0xd8e4,"""SCIENTIST"", huh.
","""SCIENTIST"", huh.
"
0xd8f7,"But it won't do you any good to go around
the jungle wearing a scientist disguise.
","But it won't do you any good to go around
the jungle wearing a scientist disguise.
"
0xd94b,"No one would be that stupid.
","No one would be that stupid.
"
0xd969,"You're right. No one would think of going
around the jungle in a scientist disguise.
If they did, they'd have to be a fool.
","You're right. No one would think of going
around the jungle in a scientist disguise.
If they did, they'd have to be a fool.
"
0xd9e6,"No, more than a fool -- a complete
dumbass.
","No, more than a fool -- a complete
dumbass.
"
0xda13,"Don't you think so, Snake?
","Don't you think so, Snake?
"
0xda2f,"Yeah...
","Yeah...
"
0xda38,"Snake...
","Snake...
"
0xda42,"What's wrong, Major?
","What's wrong, Major?
"
0xda58,"I should be asking you the same question.
Why are you wearing that outfit?
","I should be asking you the same question.
Why are you wearing that outfit?
"
0xdaa4,"Wanted to try it on.
","Wanted to try it on.
"
0xdaba,"Did you listen to a word that I said?
","Did you listen to a word that I said?
"
0xdae1,"What are you thinking, dressing like a
scientist in the middle of the jungle?
","What are you thinking, dressing like a
scientist in the middle of the jungle?
"
0xdb30,"Look at your Camo Index. You're a walking
bull's-eye.
","Look at your Camo Index. You're a walking
bull's-eye.
"
0xdb67,"Get back into your camouflage, now!
","Get back into your camouflage, now!
"
0xdb8c,"...lighten up...
","...lighten up...
"
0xdb9e,"What was that!?
","What was that!?
"
0xdbaf,"Nothing.
","Nothing.
"
0xdbb9,"Snake, your number one priority in this
mission is rescuing Sokolov. EVA said he
is in the lab, so head over there.
","Snake, your number one priority in this
mission is rescuing Sokolov. EVA said he
is in the lab, so head over there.
"
0xdc2e,"Right.
","Right.
"
0xdc36,"Do you remember how to get to the lab?
","Do you remember how to get to the lab?
"
0xdc5e,"You mean what EVA told me?
","You mean what EVA told me?
"
0xdc7a,"Yes.
","Yes.
"
0xdc80,"Of course I do.
","Of course I do.
"
0xdc91,"Alright, repeat it for me.
","Alright, repeat it for me.
"
0xdcad,"Major, do you think I'd forget something
like that?
","Major, do you think I'd forget something
like that?
"
0xdce2,"Let's hear it then.
","Let's hear it then.
"
0xdcf7,"First, I head north.
","First, I head north.
"
0xdd0d,"Mmm.
","Mmm.
"
0xdd13,"Then I'll come to a crevice...
","Then I'll come to a crevice...
"
0xdd33,"...First, I head toward the back of this cave.
","...First, I head toward the back of this cave.
"
0xdd63,"Mmm.
","Mmm.
"
0xdd69,"And then I'll come to an aqueduct.
","And then I'll come to an aqueduct.
"
0xdd8d,"...First, I follow this aqueduct north.
","...First, I follow this aqueduct north.
"
0xddb6,"Mmm.
","Mmm.
"
0xddbc,"Then I'll come to a warehouse.
","Then I'll come to a warehouse.
"
0xdddc,"And then?
","And then?
"
0xdde7,"And then...
","And then...
"
0xddf4,"...
","...
"
0xddf9,"All right, let's go over this one more time.
","All right, let's go over this one more time.
"
0xde27,"First, head north through the jungle. Enter
the cave through the crevice to the north.
","First, head north through the jungle. Enter
the cave through the crevice to the north.
"
0xde7f,"Follow the cave to the end and you'll come
out in an aqueduct surrounded by mangrove.
","Follow the cave to the end and you'll come
out in an aqueduct surrounded by mangrove.
"
0xded6,"Follow the aqueduct to the north and you
should arrive at a warehouse. Climb out of
the water and enter the warehouse.
","Follow the aqueduct to the north and you
should arrive at a warehouse. Climb out of
the water and enter the warehouse.
"
0xdf4e,"After you've infiltrated the warehouse, pass
through it to the north.
","After you've infiltrated the warehouse, pass
through it to the north.
"
0xdf95,"Then you'll emerge in the woods again.
The lab will be directly to the north.
","Then you'll emerge in the woods again.
The lab will be directly to the north.
"
0xdfe4,"Are we clear now?
","Are we clear now?
"
0xdff7,"Y-yeah.
","Y-yeah.
"
0xe000,"Snake...
","Snake...
"
0xe00a,"I got it, I got it. Basically I just head north,
right?
","I got it, I got it. Basically I just head north,
right?
"
0xe043,"...
","...
"
0xe048,"EVA was right when she said that operating
in an unknown jungle at night is extremely
dangerous.
","EVA was right when she said that operating
in an unknown jungle at night is extremely
dangerous.
"
0xe0aa,"In my former outfit, the SAS, we'd always
be sure to set up camp before sunset and
wait until daybreak before setting out again.
","In my former outfit, the SAS, we'd always
be sure to set up camp before sunset and
wait until daybreak before setting out again.
"
0xe12c,"Being able to stay in that abandoned factory
made things a lot easier for you. You ought
to be thanking EVA.
","Being able to stay in that abandoned factory
made things a lot easier for you. You ought
to be thanking EVA.
"
0xe19a,"Unlike what you've experienced in training,
you will be able to fire handguns and assault
rifles underwater. Keep that in mind.
","Unlike what you've experienced in training,
you will be able to fire handguns and assault
rifles underwater. Keep that in mind.
"
0xe21b,"While underwater, pay attention to your
O2 Gauge.
","While underwater, pay attention to your
O2 Gauge.
"
0xe24e,"The O2 Gauge is displayed whenever you
hold your breath. It indicates how long you
can continue to hold your breath.
","The O2 Gauge is displayed whenever you
hold your breath. It indicates how long you
can continue to hold your breath.
"
0xe2c4,"The O2 Gauge will decrease over time
while you're holding your breath.
","The O2 Gauge will decrease over time
while you're holding your breath.
"
0xe30c,"When the O2 Gauge is depleted, your LIFE
will begin to decrease.
","When the O2 Gauge is depleted, your LIFE
will begin to decrease.
"
0xe34e,"To replenish your O2 Gauge, you need
fresh air. Make sure to take a breath before
you asphyxiate.
","To replenish your O2 Gauge, you need
fresh air. Make sure to take a breath before
you asphyxiate.
"
0xe3b1,"The length of your O2 Gauge is affected by
how much stamina you have at the time.
","The length of your O2 Gauge is affected by
how much stamina you have at the time.
"
0xe404,"If you anticipate operating for a long time
underwater, you'll have to eat something
beforehand to replenish your stamina.
","If you anticipate operating for a long time
underwater, you'll have to eat something
beforehand to replenish your stamina.
"
0xe480,"Snake, what in God's name...
","Snake, what in God's name...
"
0xe49e,"How does it look?
","How does it look?
"
0xe4b1,"It looks cool!
","It looks cool!
"
0xe4c1,"Huh?
","Huh?
"
0xe4c7,"It looks cool on you.
","It looks cool on you.
"
0xe4de,"It does?
","It does?
"
0xe4e8,"Yeah!
","Yeah!
"
0xe4ef,"I don't think ""cool"" is the right word.
","I don't think ""cool"" is the right word.
"
0xe518,"Why? What's wrong with it?
","Why? What's wrong with it?
"
0xe534,"What's wrong...
","What's wrong...
"
0xe545,"Don't you think it looks silly? Doesn't it
make you laugh? Aren't you going to ask
me what the hell was I thinking?
","Don't you think it looks silly? Doesn't it
make you laugh? Aren't you going to ask
me what the hell was I thinking?
"
0xe5ba,"No.
","No.
"
0xe5bf,"...
","...
"
0xe5c4,"I think it really does look good. It reminds
me of ""The Alligator People.""
","I think it really does look good. It reminds
me of ""The Alligator People.""
"
0xe610,"Oh...the what?
","Oh...the what?
"
0xe620,"""The Alligator People."" It's a science fiction
movie. You've never heard of it?
","""The Alligator People."" It's a science fiction
movie. You've never heard of it?
"
0xe671,"No.
","No.
"
0xe676,"Oh... well, you should see it sometime.
","Oh... well, you should see it sometime.
"
0xe69f,"It's about this guy who gets hurt in a car
accident and tries to heal his wounds by
injecting himself with a crocodile serum,
","It's about this guy who gets hurt in a car
accident and tries to heal his wounds by
injecting himself with a crocodile serum,
"
0xe71e,"but then his head turns into a crocodile
head.
","but then his head turns into a crocodile
head.
"
0xe74e,"You look just like him with that mask on.
That's awesome.
","You look just like him with that mask on.
That's awesome.
"
0xe789,"Right...
","Right...
"
0xe793,"???
","???
"
0xe798,"Ah, never mind.
","Ah, never mind.
"
0xe7a9,"I suppose you might be able to disguise
yourself as a crocodile by wearing that cap
and sticking your head out of the water.
","I suppose you might be able to disguise
yourself as a crocodile by wearing that cap
and sticking your head out of the water.
"
0xe827,"Good, you've reached the relay station.
But stay alert. That station is an enemy
strong point. The security is bound to be tight.
","Good, you've reached the relay station.
But stay alert. That station is an enemy
strong point. The security is bound to be tight.
"
0xe8aa,"But there's no other way to get to the
crevice if I don't make it through.
","But there's no other way to get to the
crevice if I don't make it through.
"
0xe8f6,"Exactly.
","Exactly.
"
0xe900,"The crevice leading to the cave is in the
north of that area. Find a way to slip past
the enemy and head north.
","The crevice leading to the cave is in the
north of that area. Find a way to slip past
the enemy and head north.
"
0xe971,"Snake, are you OK? Snake!!
","Snake, are you OK? Snake!!
"
0xe98d,"Major...
","Major...
"
0xe997,"Snake...
","Snake...
"
0xe9a1,"Are you all right? You're not hurt?
","Are you all right? You're not hurt?
"
0xe9c6,"No. That was a hell of a drop, but I'm fine.
...Looks like there's no way back up though.
","No. That was a hell of a drop, but I'm fine.
...Looks like there's no way back up though.
"
0xea21,"I see... Well, anyway, it's good to hear
you're not injured.
","I see... Well, anyway, it's good to hear
you're not injured.
"
0xea5f,"Slipping and falling may not have been part
of the plan, but getting into that cave was.
Proceed further into the cave.
","Slipping and falling may not have been part
of the plan, but getting into that cave was.
Proceed further into the cave.
"
0xead8,"The cave seems to be structured like a maze,
but there's an exit somewhere. Find a way
out of the cave and head for the aqueduct.
","The cave seems to be structured like a maze,
but there's an exit somewhere. Find a way
out of the cave and head for the aqueduct.
"
0xeb5b,"All right. But it might take me a while to get
through this cave.
","All right. But it might take me a while to get
through this cave.
"
0xeb9e,"Are you hurt?
","Are you hurt?
"
0xebad,"No.
","No.
"
0xebb2,"Is it the enemy? Did they set a trap for
you?
","Is it the enemy? Did they set a trap for
you?
"
0xebe1,"Not that, either.
","Not that, either.
"
0xebf4,"Then what is it?
","Then what is it?
"
0xec06,"It's dark in here.
","It's dark in here.
"
0xec1a,"Dark?
","Dark?
"
0xec21,"Yeah. There's no light anywhere. I should
have brought a flashlight with me...
","Yeah. There's no light anywhere. I should
have brought a flashlight with me...
"
0xec71,"So what you're saying is that it's going to
take you a while because you don't have
a flashlight?
","So what you're saying is that it's going to
take you a while because you don't have
a flashlight?
"
0xecd4,"Right.
","Right.
"
0xecdc,"Snake, if you don't have a flashlight, you
should be looking for a substitute.
","Snake, if you don't have a flashlight, you
should be looking for a substitute.
"
0xed2c,"I tell you, American soldiers these days rely
too much on ready-made equipment.
","I tell you, American soldiers these days rely
too much on ready-made equipment.
"
0xed7d,"Here we go again...
","Here we go again...
"
0xed92,"What was that?
","What was that?
"
0xeda2,"Nothing.
","Nothing.
"
0xedac,"American soldiers rely too much on
ready-made equipment.
","American soldiers rely too much on
ready-made equipment.
"
0xede6,"And not only that, they can't seem to grasp
that one piece of equipment can have multiple
functions.
","And not only that, they can't seem to grasp
that one piece of equipment can have multiple
functions.
"
0xee4c,"Back when I was in the SAS, we never
had that problem.
","Back when I was in the SAS, we never
had that problem.
"
0xee84,"We were trained to use every piece of
equipment in as many ways as possible.
","We were trained to use every piece of
equipment in as many ways as possible.
"
0xeed2,"If you don't have a flashlight, look for
something else. You need to develop flexible
innovative thinking if you want to...
","If you don't have a flashlight, look for
something else. You need to develop flexible
innovative thinking if you want to...
"
0xef4f,"Hey, are you listening to me?
","Hey, are you listening to me?
"
0xef6e,"Yeah, of course I am.
","Yeah, of course I am.
"
0xef85,"First, take a look at what you're carrying with
you now. Don't you have anything that can
provide you with some light?
","First, take a look at what you're carrying with
you now. Don't you have anything that can
provide you with some light?
"
0xeffd,"I know you have your cigars. You should at
least be able to see the ground in front of
you if you use a cigar. Try lighting one up.
","I know you have your cigars. You should at
least be able to see the ground in front of
you if you use a cigar. Try lighting one up.
"
0xf082,"Snake, those hornets that attacked you
while you were fighting Ocelot...
","Snake, those hornets that attacked you
while you were fighting Ocelot...
"
0xf0cc,"I know. They look familiar - like the ones
I saw during the Virtuous Mission.
","I know. They look familiar - like the ones
I saw during the Virtuous Mission.
"
0xf11b,"So it was one of the Cobras?
","So it was one of the Cobras?
"
0xf139,"That's what Ocelot was saying, too.
","That's what Ocelot was saying, too.
"
0xf15e,"...Keep your guard up.
","...Keep your guard up.
"
0xf176,"I will.
","I will.
"
0xf17f,"I heard you defeated The Pain.
","I heard you defeated The Pain.
"
0xf19f,"Yeah. It wasn't easy.
","Yeah. It wasn't easy.
"
0xf1b6,"And there's still three more of them left.
","And there's still three more of them left.
"
0xf1e2,"Four.
","Four.
"
0xf1e9,"?
","?
"
0xf1ec,"There are still four more Cobras left -
including their leader, The Boss.
","There are still four more Cobras left -
including their leader, The Boss.
"
0xf237,"...I'm aware of that...
","...I'm aware of that...
"
0xf250,"Good.
","Good.
"
0xf257,"The exit from the cave should be toward
the back. Proceed through the cave and
find the exit to the swamp aqueduct.
","The exit from the cave should be toward
the back. Proceed through the cave and
find the exit to the swamp aqueduct.
"
0xf2cc,"Major, why did The Pain explode like
that...?
","Major, why did The Pain explode like
that...?
"
0xf2fb,"Major, why do they keep exploding...?
","Major, why do they keep exploding...?
"
0xf322,"It's part of their legend.
","It's part of their legend.
"
0xf33e,"Legend?
","Legend?
"
0xf347,"The legend of the Cobra unit. I'll let Sigint
explain. Sigint?
","The legend of the Cobra unit. I'll let Sigint
explain. Sigint?
"
0xf387,"Yeah, that. That's a microbomb.
","Yeah, that. That's a microbomb.
"
0xf3a8,"A microbomb?
","A microbomb?
"
0xf3b6,"Yep.
","Yep.
"
0xf3bc,"During World War II, the Cobra unit was used
for the nastiest kinds of wet works, the kind
that could never be let out into the open.
","During World War II, the Cobra unit was used
for the nastiest kinds of wet works, the kind
that could never be let out into the open.
"
0xf443,"Their missions were so top secret that not
only were they forbidden to be taken prisoner,
they couldn't even leave their corpse behind.
","Their missions were so top secret that not
only were they forbidden to be taken prisoner,
they couldn't even leave their corpse behind.
"
0xf4cc,"Because of this, or so the legend goes,
","Because of this, or so the legend goes,
"
0xf4f5,"they carried a microbomb with them on
their missions in case they needed to
commit suicide.
","they carried a microbomb with them on
their missions in case they needed to
commit suicide.
"
0xf552,"I always thought it was just a rumor...
I never expected it'd turn out to be true.
","I always thought it was just a rumor...
I never expected it'd turn out to be true.
"
0xf5a6,"...
","...
"
0xf5ab,"But why would they be carrying bombs this
time around? It's not like they're in hostile
territory.
","But why would they be carrying bombs this
time around? It's not like they're in hostile
territory.
"
0xf60f,"...Maybe they're ready to die.
","...Maybe they're ready to die.
"
0xf62f,"Ready to die?
","Ready to die?
"
0xf63e,"Yeah... They've got no unit to go back to.
Not even a country.
","Yeah... They've got no unit to go back to.
Not even a country.
"
0xf67e,"So they've got no place to die except
the battlefield, huh.
","So they've got no place to die except
the battlefield, huh.
"
0xf6bb,"Yeah, no turning back for them...
","Yeah, no turning back for them...
"
0xf6de,"I wonder if The Boss feels the same...
","I wonder if The Boss feels the same...
"
0xf706,"I see you've found your way to the aqueduct.
If you follow it to the north, you'll come to a
warehouse used for transporting supplies.
","I see you've found your way to the aqueduct.
If you follow it to the north, you'll come to a
warehouse used for transporting supplies.
"
0xf78e,"Pass through the warehouse and you'll
come out into a forest.
","Pass through the warehouse and you'll
come out into a forest.
"
0xf7cd,"The lab where Sokolov is being held is
directly to the north of that forest, so head
north.
","The lab where Sokolov is being held is
directly to the north of that forest, so head
north.
"
0xf82a,"Major, EVA isn't responding to the radio...
","Major, EVA isn't responding to the radio...
"
0xf857,"Right.
","Right.
"
0xf85f,"Right?
","Right?
"
0xf867,"Snake, she's been talking to you from inside
an enemy facility. She's not always going to
be able to answer the radio.
","Snake, she's been talking to you from inside
an enemy facility. She's not always going to
be able to answer the radio.
"
0xf8df,"Don't assume something's wrong just
because you're not getting a response.
","Don't assume something's wrong just
because you're not getting a response.
"
0xf92b,"Don't worry about EVA. Stay focused on
your mission.
","Don't worry about EVA. Stay focused on
your mission.
"
0xf961,"Got it.
","Got it.
"
0xf96a,"Major, Sokolov's been hauled off.
","Major, Sokolov's been hauled off.
"
0xf98d,"Yes. They probably caught him trying to
escape from the lab...
","Yes. They probably caught him trying to
escape from the lab...
"
0xf9cd,"Didn't Volgin say they still needed to perform
the final test?
","Didn't Volgin say they still needed to perform
the final test?
"
0xfa0d,"Yeah.
","Yeah.
"
0xfa14,"Then Sokolov must have been taken back
to the lab. Get to the lab and get Sokolov
the hell out of there.
","Then Sokolov must have been taken back
to the lab. Get to the lab and get Sokolov
the hell out of there.
"
0xfa7e,"Pass through that warehouse and you'll
come out south of the lab.
","Pass through that warehouse and you'll
come out south of the lab.
"
0xfac1,"Make your way inside the warehouse.
Watch out for enemy sentries.
","Make your way inside the warehouse.
Watch out for enemy sentries.
"
0xfb04,"Major, do you know anything about this
Tanya?
","Major, do you know anything about this
Tanya?
"
0xfb33,"No.
","No.
"
0xfb38,"Nothing?
","Nothing?
"
0xfb42,"Not a thing.
","Not a thing.
"
0xfb50,"Why not? You must have checked up on
Sokolov when he defected two years ago.
If he had a lover...
","Why not? You must have checked up on
Sokolov when he defected two years ago.
If he had a lover...
"
0xfbb3,"Make no mistake, we conducted a thorough
investigation, but there was nothing about
him having a mistress.
","Make no mistake, we conducted a thorough
investigation, but there was nothing about
him having a mistress.
"
0xfc1f,"Maybe you didn't notice.
","Maybe you didn't notice.
"
0xfc39,"That's impossible.
","That's impossible.
"
0xfc4d,"Then he must have become involved with
her after he was taken back to Russia.
","Then he must have become involved with
her after he was taken back to Russia.
"
0xfc9c,"I wonder...
","I wonder...
"
0xfca9,"What is it, Major? Something wrong?
","What is it, Major? Something wrong?
"
0xfcce,"I don't think Sokolov would take a lover.
","I don't think Sokolov would take a lover.
"
0xfcf9,"Why not?
","Why not?
"
0xfd03,"I still remember him two years ago.
","I still remember him two years ago.
"
0xfd28,"After we got him across the border, the
first words he spoke from his hospital bed
after he regained consciousness were,
","After we got him across the border, the
first words he spoke from his hospital bed
after he regained consciousness were,
"
0xfda2,"""Are my wife and daughter safe?""
","""Are my wife and daughter safe?""
"
0xfdc4,"And right up until the time he was taken
back to Russia,
","And right up until the time he was taken
back to Russia,
"
0xfdfe,"he kept begging me over and over to take
care of his family, almost as if he was
delirious.
","he kept begging me over and over to take
care of his family, almost as if he was
delirious.
"
0xfe5b,"Sokolov is a man who loves his family.
Betraying his wife is something he'd...
","Sokolov is a man who loves his family.
Betraying his wife is something he'd...
"
0xfeab,"Major.
","Major.
"
0xfeb3,"What is it?
","What is it?
"
0xfec0,"People change.
","People change.
"
0xfed0,"...Maybe you're right.
","...Maybe you're right.
"
0xfee8,"Yeah, maybe...
","Yeah, maybe...
"
0xfef8,"Snake, did you kill another one of
the Cobras?
","Snake, did you kill another one of
the Cobras?
"
0xff28,"Yeah.
","Yeah.
"
0xff2f,"I'm pretty sure it was The End. Good work.
Now you won't have to deal with him later.
","I'm pretty sure it was The End. Good work.
Now you won't have to deal with him later.
"
0xff86,"I guess so...
","I guess so...
"
0xff95,"What's wrong?
","What's wrong?
"
0xffa4,"It's nothing.
","It's nothing.
"
0xffb3,"Surely you're not going to tell me you
wanted to test your skills against a legendary
sniper that even The Boss respected.
","Surely you're not going to tell me you
wanted to test your skills against a legendary
sniper that even The Boss respected.
"
0x1002f,"...
","...
"
0x10034,"Snake, this isn't a contest or sport. This is
war. The only thing you should be thinking
about is carrying out your mission.
","Snake, this isn't a contest or sport. This is
war. The only thing you should be thinking
about is carrying out your mission.
"
0x100b2,"Yeah... I know.
","Yeah... I know.
"
0x100c3,"Snake, get out of the water and infiltrate
the warehouse.
","Snake, get out of the water and infiltrate
the warehouse.
"
0x100fe,"To get out of the water, move next to the
place from which you want to emerge.
","To get out of the water, move next to the
place from which you want to emerge.
"
0x1014e,"Then, while you're treading water, press
the Action Button.
","Then, while you're treading water, press
the Action Button.
"
0x1018b,"The assault rifle can punch through
materials like wooden boards.
","The assault rifle can punch through
materials like wooden boards.
"
0x101ce,"That means you can fire on enemies
standing on top of the pier from underneath.
Keep that in mind.
","That means you can fire on enemies
standing on top of the pier from underneath.
Keep that in mind.
"
0x10232,"Good, you've infiltrated the warehouse.
","Good, you've infiltrated the warehouse.
"
0x1025b,"Pass through it and you'll come out south
of the lab where Sokolov is being held.
","Pass through it and you'll come out south
of the lab where Sokolov is being held.
"
0x102ae,"The exit should be on the north side of the
top floor. Climb up the stairs and pass
through the warehouse to the north.
","The exit should be on the north side of the
top floor. Climb up the stairs and pass
through the warehouse to the north.
"
0x10327,"Snake, the lab where Sokolov is being held
is to the north of that forest. Keep on
heading north.
","Snake, the lab where Sokolov is being held
is to the north of that forest. Keep on
heading north.
"
0x1038a,"Snake, watch out. It seems that forest is
rigged with a number of traps.
","Snake, watch out. It seems that forest is
rigged with a number of traps.
"
0x103d4,"Yeah, I noticed...
","Yeah, I noticed...
"
0x103e8,"Most of the traps seem to be triggered by
tripping a rope stretched across the ground.
","Most of the traps seem to be triggered by
tripping a rope stretched across the ground.
"
0x10440,"Don't just run around like a fool. Keep
an eye on the ground and watch where
you step.
","Don't just run around like a fool. Keep
an eye on the ground and watch where
you step.
"
0x10498,"Some ropes may be placed so that they're
hidden in the vegetation. Be extra careful
when you're cutting through the underbrush.
","Some ropes may be placed so that they're
hidden in the vegetation. Be extra careful
when you're cutting through the underbrush.
"
0x10519,"If you use the directional buttons to move
around stalking, you should be able to spot
the traps before you step on them.
","If you use the directional buttons to move
around stalking, you should be able to spot
the traps before you step on them.
"
0x10594,"Use stalking to move safely through
suspicious-looking areas.
","Use stalking to move safely through
suspicious-looking areas.
"
0x105d3,"So there's a high wall around the perimeter
of the lab... Climbing over it probably isn't
an option.
","So there's a high wall around the perimeter
of the lab... Climbing over it probably isn't
an option.
"
0x10639,"But there must be an entrance somewhere.
Keep your eyes open.
","But there must be an entrance somewhere.
Keep your eyes open.
"
0x10678,"The best source of information about a
facility is the people going in and out of it.
","The best source of information about a
facility is the people going in and out of it.
"
0x106cf,"Try interrogating one of the enemies about
the entrance.
","Try interrogating one of the enemies about
the entrance.
"
0x10709,"To interrogate an enemy, grab him from
behind using CQC and press the 
button to put your knife to his throat.
","To interrogate an enemy, grab him from
behind using CQC and press the 
button to put your knife to his throat.
"
0x1077c,"Major, Sokolov's already been moved to
the fortress.
","Major, Sokolov's already been moved to
the fortress.
"
0x107b2,"But that's only what Granin told you, right?
He may have been giving you false info...
","But that's only what Granin told you, right?
He may have been giving you false info...
"
0x1080a,"No, he wasn't lying.
","No, he wasn't lying.
"
0x10820,"How can you be so sure?
","How can you be so sure?
"
0x10839,"Gut feeling.
","Gut feeling.
"
0x10847,"...Good enough for me.
","...Good enough for me.
"
0x1085f,"According to Granin, you should be able to get
to the mountains through a passage located
deep in the jungle beyond the warehouse.
","According to Granin, you should be able to get
to the mountains through a passage located
deep in the jungle beyond the warehouse.
"
0x108e3,"Right. Then if I climb the mountains, there'll
be an underground tunnel leading to Groznyj
Grad near the summit.
","Right. Then if I climb the mountains, there'll
be an underground tunnel leading to Groznyj
Grad near the summit.
"
0x10955,"Start out by going back to the warehouse.
","Start out by going back to the warehouse.
"
0x10980,"Use the key you got from Granin to open
the door and proceed into the jungle.
","Use the key you got from Granin to open
the door and proceed into the jungle.
"
0x109cf,"You remember where the door is, don't you?
It's directly north of the door you went in
when you came from the aqueduct.
","You remember where the door is, don't you?
It's directly north of the door you went in
when you came from the aqueduct.
"
0x10a48,"Snake, have you been contacted by EVA?
","Snake, have you been contacted by EVA?
"
0x10a70,"Yeah. She said we'd meet up in the ruins
at the top of the mountains.
","Yeah. She said we'd meet up in the ruins
at the top of the mountains.
"
0x10ab7,"She also said she's picked up the key to get
into the tunnel that leads to Groznyj Grad.
","She also said she's picked up the key to get
into the tunnel that leads to Groznyj Grad.
"
0x10b11,"Good. Hurry to the rendezvous with EVA.
Head for the mountains.
","Good. Hurry to the rendezvous with EVA.
Head for the mountains.
"
0x10b52,"Proceed north through the woods. There's
an entrance to a mine shaft at the far
northeast corner.
","Proceed north through the woods. There's
an entrance to a mine shaft at the far
northeast corner.
"
0x10bb5,"Climb up the shaft and you'll come out in
the mountains. Head north.
","Climb up the shaft and you'll come out in
the mountains. Head north.
"
0x10bfb,"I'm on it.
","I'm on it.
"
0x10c07,"But stay on your toes.
","But stay on your toes.
"
0x10c1f,"Isn't the Cobra unit's sniper lying in wait
for you?
","Isn't the Cobra unit's sniper lying in wait
for you?
"
0x10c55,"Yeah, The End. But there's no other way.
","Yeah, The End. But there's no other way.
"
0x10c7f,"Watch yourself. Your opponent is a
legendary sniper.
","Watch yourself. Your opponent is a
legendary sniper.
"
0x10cb5,"Your fight with The End will likely be a long
and grueling one.
","Your fight with The End will likely be a long
and grueling one.
"
0x10cf6,"You should stock up on battle necessities
like ammunition and provisions now, while
you still can.
","You should stock up on battle necessities
like ammunition and provisions now, while
you still can.
"
0x10d5a,"The Ocelots are supposed to be lying in
wait for you. They may even have snipers
in position...
","The Ocelots are supposed to be lying in
wait for you. They may even have snipers
in position...
"
0x10dbb,"I know. But there's no other way.
","I know. But there's no other way.
"
0x10dde,"Proceed with caution.
","Proceed with caution.
"
0x10df5,"Roger that.
","Roger that.
"
0x10e02,"Snake, that forest is immense. It's too
dangerous to proceed without adequate
information. Give EVA a call.
","Snake, that forest is immense. It's too
dangerous to proceed without adequate
information. Give EVA a call.
"
0x10e6f,"EVA said there was a provisions storehouse
in the east of that forest. Why don't you go
and pay it a visit?
","EVA said there was a provisions storehouse
in the east of that forest. Why don't you go
and pay it a visit?
"
0x10edc,"Rendezvous with EVA at the top of
the mountains.
","Rendezvous with EVA at the top of
the mountains.
"
0x10f0e,"According to her, the shaft leading to
the mountains should be located in the
far northeastern corner of the forest.
","According to her, the shaft leading to
the mountains should be located in the
far northeastern corner of the forest.
"
0x10f84,"Enter the shaft and head into the mountains.
Proceed to the northeast.
","Enter the shaft and head into the mountains.
Proceed to the northeast.
"
0x10fcc,"Snake, the ladder at the end of that shaft
should take you up into the mountains.
Proceed to the back and climb the ladder.
","Snake, the ladder at the end of that shaft
should take you up into the mountains.
Proceed to the back and climb the ladder.
"
0x11049,"You've found your way to the mountains,
I see.
","You've found your way to the mountains,
I see.
"
0x11079,"There's an underground tunnel near the top.
You can use it to sneak into Groznyj Grad.
","There's an underground tunnel near the top.
You can use it to sneak into Groznyj Grad.
"
0x110d1,"But EVA said the door to the tunnel is
sealed off.
","But EVA said the door to the tunnel is
sealed off.
"
0x11105,"Yeah. She's supposed to bring me the key.
","Yeah. She's supposed to bring me the key.
"
0x11130,"First, rendezvous with EVA and get the key
from her. The rendezvous point is in the
ruins at the summit.
","First, rendezvous with EVA and get the key
from her. The rendezvous point is in the
ruins at the summit.
"
0x1119a,"The summit is still further up the mountain.
Keep heading up towards the summit.
","The summit is still further up the mountain.
Keep heading up towards the summit.
"
0x111ec,"The summit is just up ahead. Proceed to
the ruins at the top of the mountain. EVA
should be waiting for you there.
","The summit is just up ahead. Proceed to
the ruins at the top of the mountain. EVA
should be waiting for you there.
"
0x11260,"Snake, EVA is a KGB spy placed in GRU.
She can't be seen by the enemy making
direct contact with you.
","Snake, EVA is a KGB spy placed in GRU.
She can't be seen by the enemy making
direct contact with you.
"
0x112c7,"If you're being pursued by the enemy, don't
expect EVA to come out to meet you.
","If you're being pursued by the enemy, don't
expect EVA to come out to meet you.
"
0x11318,"Make sure it's Normal Phase before you
attempt to make contact with EVA.
","Make sure it's Normal Phase before you
attempt to make contact with EVA.
"
0x11362,"You've got the key from EVA.
Now use it to enter the underground tunnel.
","You've got the key from EVA.
Now use it to enter the underground tunnel.
"
0x113ac,"The great fortress of Groznyj Grad is at the
end of that tunnel.
","The great fortress of Groznyj Grad is at the
end of that tunnel.
"
0x113ee,"The door to the underground tunnel is near
the center of that area, a little to the east.
Get over there fast.
","The door to the underground tunnel is near
the center of that area, a little to the east.
Get over there fast.
"
0x1145e,"The door to the underground tunnel is
in the summit area. Hurry.
","The door to the underground tunnel is
in the summit area. Hurry.
"
0x114a0,"Major, I saw that Tatyana woman again.
","Major, I saw that Tatyana woman again.
"
0x114c8,"Hmm. We've been analyzing our data, but
so far we've been unable to find anyone
matching that description.
","Hmm. We've been analyzing our data, but
so far we've been unable to find anyone
matching that description.
"
0x11534,"Maybe her posting was so obscure that we
simply overlooked it...
","Maybe her posting was so obscure that we
simply overlooked it...
"
0x11576,"Or maybe she's such a VIP that all the data
on her has been classified.
","Or maybe she's such a VIP that all the data
on her has been classified.
"
0x115bf,"That's a possibility. But I'd be tempted to
go with the first explanation. We'll keep
going over the data.
","That's a possibility. But I'd be tempted to
go with the first explanation. We'll keep
going over the data.
"
0x1162b,"Thanks.
","Thanks.
"
0x11634,"Snake, hold on.
","Snake, hold on.
"
0x11645,"What?
","What?
"
0x1164c,"Do you know where you're supposed to be
going?
","Do you know where you're supposed to be
going?
"
0x1167c,"Of course I do.
","Of course I do.
"
0x1168d,"Tell me, then.
","Tell me, then.
"
0x1169d,"The tunnel to Groznyj Grad.
","The tunnel to Groznyj Grad.
"
0x116ba,"And do you know where the entrance to
that tunnel is?
","And do you know where the entrance to
that tunnel is?
"
0x116f1,"Yeah...
","Yeah...
"
0x116fa,"Where is it.
","Where is it.
"
0x11708,"It's... over there.
","It's... over there.
"
0x1171d,"Over where?
","Over where?
"
0x1172a,"No, I mean, it's over here.
","No, I mean, it's over here.
"
0x11747,"...
","...
"
0x1174c,"...Or was it over that way?
","...Or was it over that way?
"
0x11769,"...
","...
"
0x1176e,"The entrance to the underground tunnel
leading to Groznyj Grad is near the center
of the summit area.
","The entrance to the underground tunnel
leading to Groznyj Grad is near the center
of the summit area.
"
0x117d5,"Sokolov is in grave danger. Get a move on.
","Sokolov is in grave danger. Get a move on.
"
0x11801,"...So it was over there...
","...So it was over there...
"
0x1181d,"Follow that tunnel to the north and you'll
come out inside Groznyj Grad. Keep going
north.
","Follow that tunnel to the north and you'll
come out inside Groznyj Grad. Keep going
north.
"
0x11879,"You defeated The Fury, huh?
","You defeated The Fury, huh?
"
0x11896,"Yeah.
","Yeah.
"
0x1189d,"That only leaves...
","That only leaves...
"
0x118b2,"I haven't forgotten.
","I haven't forgotten.
"
0x118c8,"Good.
","Good.
"
0x118cf,"But your first priority is to get Sokolov out
of the fortress.
","But your first priority is to get Sokolov out
of the fortress.
"
0x1190f,"Right.
","Right.
"
0x11917,"The ladder at the end of that underground
tunnel should take you up into Groznyj Grad.
","The ladder at the end of that underground
tunnel should take you up into Groznyj Grad.
"
0x1196f,"Once the Shagohod is completed, there's
no telling how long they'll let Sokolov live.
You've got to hurry.
","Once the Shagohod is completed, there's
no telling how long they'll let Sokolov live.
You've got to hurry.
"
0x119db,"Good, you've finally made it inside Groznyj
Grad.
","Good, you've finally made it inside Groznyj
Grad.
"
0x11a0e,"Finally.
","Finally.
"
0x11a18,"Stay alert. This is the enemy's main base.
The security here is on a scale you haven't
encountered yet.
","Stay alert. This is the enemy's main base.
The security here is on a scale you haven't
encountered yet.
"
0x11a81,"No kidding.
","No kidding.
"
0x11a8e,"Your objective is the weapons lab.
","Your objective is the weapons lab.
"
0x11ab2,"It's the giant building in the center of the
fortress. Sokolov is in the west wing of that
building.
","It's the giant building in the center of the
fortress. Sokolov is in the west wing of that
building.
"
0x11b18,"To get into the area where Sokolov is
imprisoned, you'll need to find Major Raikov,
steal his clothes, and disguise yourself as him.
","To get into the area where Sokolov is
imprisoned, you'll need to find Major Raikov,
steal his clothes, and disguise yourself as him.
"
0x11b9e,"Raikov is supposed to be in the east wing
of the weapons lab.
","Raikov is supposed to be in the east wing
of the weapons lab.
"
0x11bdd,"Start out by sneaking into the east wing of
the weapons lab. Then, neutralize Raikov,
and take his clothes.
","Start out by sneaking into the east wing of
the weapons lab. Then, neutralize Raikov,
and take his clothes.
"
0x11c4a,"The weapons lab is to the north of the area
you're in now. Head north.
","The weapons lab is to the north of the area
you're in now. Head north.
"
0x11c92,"The weapons lab is located in the center of
the area you're in now. Head for the east
wing of the weapons lab.
","The weapons lab is located in the center of
the area you're in now. Head for the east
wing of the weapons lab.
"
0x11d02,"The weapons lab is to the east of the area
you're in now. Head east.
","The weapons lab is to the east of the area
you're in now. Head east.
"
0x11d48,"The weapons lab is to the northeast of the
area you're in now. Head northeast.
","The weapons lab is to the northeast of the
area you're in now. Head northeast.
"
0x11d98,"Did you manage to escape?
","Did you manage to escape?
"
0x11db3,"Yeah, I'm out.
","Yeah, I'm out.
"
0x11dc3,"Be careful. In your present state,
you're practically naked.
","Be careful. In your present state,
you're practically naked.
"
0x11e01,"You don't have a single decent weapon,
and you'll never survive in a battle.
","You don't have a single decent weapon,
and you'll never survive in a battle.
"
0x11e4f,"Take some time and pull yourself together.
","Take some time and pull yourself together.
"
0x11e7b,"EVA says she's recovered your equipment,
so rendezvous with her as soon as possible
to get your gear back.
","EVA says she's recovered your equipment,
so rendezvous with her as soon as possible
to get your gear back.
"
0x11ee7,"Use the escape route EVA set up for you.
Go down into the sewers through the manhole
in the northwest section of Groznyj Grad.
","Use the escape route EVA set up for you.
Go down into the sewers through the manhole
in the northwest section of Groznyj Grad.
"
0x11f67,"Start out by exiting the holding cells and
heading northwest.
","Start out by exiting the holding cells and
heading northwest.
"
0x11fa6,"The manhole is in the northwest section of
the fortress. Head northwest.
","The manhole is in the northwest section of
the fortress. Head northwest.
"
0x11ff0,"The manhole is in the northwest section of
the fortress. Head north.
","The manhole is in the northwest section of
the fortress. Head north.
"
0x12036,"Snake, have you found any weapons?
","Snake, have you found any weapons?
"
0x1205a,"No...
","No...
"
0x12061,"That's too bad...
","That's too bad...
"
0x12074,"I've only got a few Single Action Army
rounds.
","I've only got a few Single Action Army
rounds.
"
0x120a4,"Those aren't going to do you much good.
","Those aren't going to do you much good.
"
0x120cd,"I've got a fork.
","I've got a fork.
"
0x120df,"You call that a weapon...?
","You call that a weapon...?
"
0x120fb,"Without a decent weapon, attacking
the enemy head on is suicide.
","Without a decent weapon, attacking
the enemy head on is suicide.
"
0x1213d,"Until you get your gear back, your main
focus should be staying out of sight.
","Until you get your gear back, your main
focus should be staying out of sight.
"
0x1218c,"If by chance the enemy does see you,
don't try to fight. Just run away. Got it?
","If by chance the enemy does see you,
don't try to fight. Just run away. Got it?
"
0x121dd,"Major, EVA's escape route is...
","Major, EVA's escape route is...
"
0x121fe,"I heard.
","I heard.
"
0x12208,"For now, you've got no choice but to do as
EVA says and head north.
","For now, you've got no choice but to do as
EVA says and head north.
"
0x1224d,"Enemy search parties are already headed
your way. Don't just stand there. Run!
","Enemy search parties are already headed
your way. Don't just stand there. Run!
"
0x1229d,"Snake, the enemy has sent attack dogs
after you.
","Snake, the enemy has sent attack dogs
after you.
"
0x122cf,"Without weapons, you won't be able to
put up a fight.
","Without weapons, you won't be able to
put up a fight.
"
0x12306,"Don't even think about fighting - just run!
Go north!
","Don't even think about fighting - just run!
Go north!
"
0x1233d,"Snake, wake up! Open your eyes!!
","Snake, wake up! Open your eyes!!
"
0x1235f,"Snake! Wake up! The revival pill! Use
the revival pill on the Game Over screen!!
","Snake! Wake up! The revival pill! Use
the revival pill on the Game Over screen!!
"
0x123b1,"Snake.
","Snake.
"
0x123b9,"...
","...
"
0x123be,"Snake!
","Snake!
"
0x123c6,"Wh-what... oh, Major...What do you want?
","Wh-what... oh, Major...What do you want?
"
0x123f0,"What happened? You've been acting
strangely ever since you were washed
down the river.
","What happened? You've been acting
strangely ever since you were washed
down the river.
"
0x12448,"I'm fine.
","I'm fine.
"
0x12453,"I disagree.
","I disagree.
"
0x12460,"Really?
","Really?
"
0x12469,"Yes.
","Yes.
"
0x1246f,"...
","...
"
0x12474,"Did something happen to you in that river?
","Did something happen to you in that river?
"
0x124a0,"No...
","No...
"
0x124a7,"Don't lie, Snake. I'm trying to help you.
","Don't lie, Snake. I'm trying to help you.
"
0x124d2,"...All right. But you might not believe me
when I tell you.
","...All right. But you might not believe me
when I tell you.
"
0x1250f,"I'll believe it. I trust you.
","I'll believe it. I trust you.
"
0x1252e,"Ok, then. When I was in that river...
","Ok, then. When I was in that river...
"
0x12555,"Yes?
","Yes?
"
0x1255b,"I saw...the other side.
","I saw...the other side.
"
0x12574,"The other side?
","The other side?
"
0x12585,"Yeah.
","Yeah.
"
0x1258c,"...And by the other side, you mean...?
","...And by the other side, you mean...?
"
0x125b4,"Well, the world of the dead...I guess.
","Well, the world of the dead...I guess.
"
0x125dc,"...
","...
"
0x125e1,"And The Sorrow was there. He was sad...
no, more than that. He said I was part of
his sorrow...
","And The Sorrow was there. He was sad...
no, more than that. He said I was part of
his sorrow...
"
0x12642,"I... see... um, Snake, would you excuse
me for a moment?
","I... see... um, Snake, would you excuse
me for a moment?
"
0x1267c,"Huh? Sure...
","Huh? Sure...
"
0x1268a,"Para-Medic, what in the hell is wrong with
Snake?
","Para-Medic, what in the hell is wrong with
Snake?
"
0x126bd,"Beats me... Maybe he got a nasty bump
on the head.
","Beats me... Maybe he got a nasty bump
on the head.
"
0x126f1,"...You really think that's all?
","...You really think that's all?
"
0x12712,"What are you implying?
","What are you implying?
"
0x1272a,"Major?
","Major?
"
0x12732,"I mean, he's always been a little bit...
different... I thought maybe...
","I mean, he's always been a little bit...
different... I thought maybe...
"
0x1277c,"Good point... I was just thinking that myself.
","Good point... I was just thinking that myself.
"
0x127ac,"MAJOR!
","MAJOR!
"
0x127b4,"Wh--what is it, Snake?
","Wh--what is it, Snake?
"
0x127cc,"I can hear you.
","I can hear you.
"
0x127dd,"!! W... well, in any case, I'm glad you're
all right.
","!! W... well, in any case, I'm glad you're
all right.
"
0x12814,"Y... yeah. Me, too. It's good to see you're
back to ah... normal...
","Y... yeah. Me, too. It's good to see you're
back to ah... normal...
"
0x12859,"...
","...
"
0x1285e,"The waterfall where EVA said she'd meet
you is up ahead to the north. Head that
direction.
","The waterfall where EVA said she'd meet
you is up ahead to the north. Head that
direction.
"
0x128ba,"Snake, are you being pursued by the
enemy?
","Snake, are you being pursued by the
enemy?
"
0x128e6,"Yeah. It's the Ocelot unit.
","Yeah. It's the Ocelot unit.
"
0x12903,"Even taking into account the time you were
unconscious, it's still too early for them to
have caught up to you.
","Even taking into account the time you were
unconscious, it's still too early for them to
have caught up to you.
"
0x12974,"It's almost as if they know exactly where
you are...
","It's almost as if they know exactly where
you are...
"
0x129aa,"In any case, you can't launch a counterattack
until you meet EVA and get your gear back.
","In any case, you can't launch a counterattack
until you meet EVA and get your gear back.
"
0x12a04,"Just shake them off and head behind the
waterfall!
","Just shake them off and head behind the
waterfall!
"
0x12a38,"Snake, I see you've recovered your weapons
and equipment.
","Snake, I see you've recovered your weapons
and equipment.
"
0x12a73,"Now I can finally go on the offensive.
","Now I can finally go on the offensive.
"
0x12a9b,"Time to pay Volgin back for what he did
to you.
","Time to pay Volgin back for what he did
to you.
"
0x12acc,"Yeah. And then some.
","Yeah. And then some.
"
0x12ae2,"But first you've got to destroy
the Shagohod.
","But first you've got to destroy
the Shagohod.
"
0x12b11,"The Shagohod is in the hangar in the main
wing of the weapons lab.
","The Shagohod is in the hangar in the main
wing of the weapons lab.
"
0x12b55,"Go back to Groznyj Grad, make your way
into the hangar, and destroy the Shagohod.
","Go back to Groznyj Grad, make your way
into the hangar, and destroy the Shagohod.
"
0x12ba8,"You can get back into Groznyj Grad by
going to the end of the cave behind the
waterfall. Head back to Groznyj Grad.
","You can get back into Groznyj Grad by
going to the end of the cave behind the
waterfall. Head back to Groznyj Grad.
"
0x12c1d,"""I'll be your eyes""...
","""I'll be your eyes""...
"
0x12c35,"...makes me want to cry.
","...makes me want to cry.
"
0x12c4f,"Why's that?
","Why's that?
"
0x12c5c,"It reminds me of something a certain spy
once said.
","It reminds me of something a certain spy
once said.
"
0x12c91,"His name was Oleg Penkovsky, a Western
spy who worked inside GRU. He was
arrested by the KGB and executed last year.
","His name was Oleg Penkovsky, a Western
spy who worked inside GRU. He was
arrested by the KGB and executed last year.
"
0x12d07,"They say he sent a letter to the DCI at the
time, saying, ""I must remain on this front line
in order to be your eyes and ears.""
","They say he sent a letter to the DCI at the
time, saying, ""I must remain on this front line
in order to be your eyes and ears.""
"
0x12d88,"His code name was ""Hero.""
","His code name was ""Hero.""
"
0x12da3,"A hero whose name will never be known.
","A hero whose name will never be known.
"
0x12dcb,"Yes.
","Yes.
"
0x12dd1,"That's the world we live in.
","That's the world we live in.
"
0x12def,"Snake, you've got to destroy the Shagohod.
It's located in the hangar in the main wing
of the weapons lab.
","Snake, you've got to destroy the Shagohod.
It's located in the hangar in the main wing
of the weapons lab.
"
0x12e5b,"To get into the hangar, use the door
just inside the main wing as you enter
it from the second floor of the east wing.
","To get into the hangar, use the door
just inside the main wing as you enter
it from the second floor of the east wing.
"
0x12ed3,"You can enter the main wing from the west
side of the second floor. Head for the main
wing.
","You can enter the main wing from the west
side of the second floor. Head for the main
wing.
"
0x12f30,"Start out by heading for the east wing of
the weapons lab.
","Start out by heading for the east wing of
the weapons lab.
"
0x12f6c,"The east wing is to the northeast of your
location. Head northeast.
","The east wing is to the northeast of your
location. Head northeast.
"
0x12fb1,"The east wing is to the north of your location.
Head north.
","The east wing is to the north of your location.
Head north.
"
0x12fee,"It appears you've been completely
surrounded.
","It appears you've been completely
surrounded.
"
0x1301d,"Yeah. So I gathered.
","Yeah. So I gathered.
"
0x13033,"If EVA is to escape from there...
","If EVA is to escape from there...
"
0x13056,"Right. I'll have to take them all out.
","Right. I'll have to take them all out.
"
0x1307e,"Snake, you must defeat all the Ocelots.
That's the only way to ensure EVA's safe
escape, as well as your own.
","Snake, you must defeat all the Ocelots.
That's the only way to ensure EVA's safe
escape, as well as your own.
"
0x130ed,"But you're up against a lot of them.
Don't try to take them head on.
","But you're up against a lot of them.
Don't try to take them head on.
"
0x13133,"Approach them without being seen, and
dispatch them one by one. And don't
forget to use your camouflage.
","Approach them without being seen, and
dispatch them one by one. And don't
forget to use your camouflage.
"
0x1319d,"Snake, they're conducting a sweep of
the inside of the factory. Sooner or later,
they'll come to your room.
","Snake, they're conducting a sweep of
the inside of the factory. Sooner or later,
they'll come to your room.
"
0x1320a,"If you're just standing there doing nothing,
they'll find you and they will kill you.
","If you're just standing there doing nothing,
they'll find you and they will kill you.
"
0x13261,"Get out of that room, quickly.
Use the trapdoor that EVA showed you!
","Get out of that room, quickly.
Use the trapdoor that EVA showed you!
"
0x132a7,"You might be able to wait it out by hiding
in a locker as well.
","You might be able to wait it out by hiding
in a locker as well.
"
0x132e8,"Snake, don't try to engage the Ocelots
head on. There are too many of them.
If they surround you, you'll be finished.
","Snake, don't try to engage the Ocelots
head on. There are too many of them.
If they surround you, you'll be finished.
"
0x1335f,"Use your camouflage to approach them
without being seen, and take them out
one by one.
","Use your camouflage to approach them
without being seen, and take them out
one by one.
"
0x133b7,"If you don't camouflage yourself properly, you
run the risk of being spotted and attacked by
snipers or other far away enemies.
","If you don't camouflage yourself properly, you
run the risk of being spotted and attacked by
snipers or other far away enemies.
"
0x13438,"Don't forget to use the ""CAMOUFLAGE""
screen in the Survival Viewer to disguise
yourself.
","Don't forget to use the ""CAMOUFLAGE""
screen in the Survival Viewer to disguise
yourself.
"
0x13492,"Always maintain a high Camo Index.
","Always maintain a high Camo Index.
"
0x134b6,"Snake, enemy soldiers who move in file
pose a serious threat.
","Snake, enemy soldiers who move in file
pose a serious threat.
"
0x134f5,"Try to take them out one at a time starting
with the one at the back.
","Try to take them out one at a time starting
with the one at the back.
"
0x1353c,"Snake, there were drums filled with fuel
in the factory.
","Snake, there were drums filled with fuel
in the factory.
"
0x13576,"If you shoot a bullet into one of those
drums, the resulting explosion should send
any nearby enemies flying.
","If you shoot a bullet into one of those
drums, the resulting explosion should send
any nearby enemies flying.
"
0x135e5,"Use them to your advantage!
","Use them to your advantage!
"
0x13602,"Snake, there's no telling where the enemy
might be hiding. Be sure to check the ceilings
and the bushes.
","Snake, there's no telling where the enemy
might be hiding. Be sure to check the ceilings
and the bushes.
"
0x1366c,"Don't let your guard down, even for
an instant.
","Don't let your guard down, even for
an instant.
"
0x1369d,"EVA needs you to distract the enemies
until she can escape on her motorcycle.
","EVA needs you to distract the enemies
until she can escape on her motorcycle.
"
0x136ec,"She's probably out there somewhere
waiting for her chance.
","She's probably out there somewhere
waiting for her chance.
"
0x13728,"Don't worry about her. Focus on defeating
the enemy. Understood?
","Don't worry about her. Focus on defeating
the enemy. Understood?
"
0x1376a,"Snake, it's too early to relax yet. There
are still enemies out there somewhere.
Find them and eliminate them.
","Snake, it's too early to relax yet. There
are still enemies out there somewhere.
Find them and eliminate them.
"
0x137da,"Snake, it appears they've got snipers
in place.
","Snake, it appears they've got snipers
in place.
"
0x1380b,"Snipers are excellent shots.
If they hit you, you're likely to be wounded.
","Snipers are excellent shots.
If they hit you, you're likely to be wounded.
"
0x13857,"Find the snipers and neutralize them
before they can shoot you.
","Find the snipers and neutralize them
before they can shoot you.
"
0x13898,"If you do get shot at, take cover behind
something. Understood?
","If you do get shot at, take cover behind
something. Understood?
"
0x138d9,"Major...
","Major...
"
0x138e3,"What is it?
","What is it?
"
0x138f0,"That attack chopper is parked on
the heliport.
","That attack chopper is parked on
the heliport.
"
0x13920,"The one from before?
","The one from before?
"
0x13936,"Yeah. The one that was took away
the Shagohod during the Virtuous Mission.
","Yeah. The one that was took away
the Shagohod during the Virtuous Mission.
"
0x13982,"Major, that attack chopper is here...
","Major, that attack chopper is here...
"
0x139a9,"The one from the heliport?
","The one from the heliport?
"
0x139c5,"Yeah.
","Yeah.
"
0x139cc,"Perhaps it's an armed variation of
the Mi-8 Hip?
","Perhaps it's an armed variation of
the Mi-8 Hip?
"
0x139fe,"No. Some of it looks the same,
but the overall shape is different.
","No. Some of it looks the same,
but the overall shape is different.
"
0x13a42,"It's got stub wings, and the cockpit canopy
looks like an angular greenhouse.
","It's got stub wings, and the cockpit canopy
looks like an angular greenhouse.
"
0x13a91,"No kidding. Then it must be some kind
of new model.
","No kidding. Then it must be some kind
of new model.
"
0x13ac6,"I've heard stories recently that the Soviets
are developing a ""flying infantry combat
vehicle."" That's got to be it.
","I've heard stories recently that the Soviets
are developing a ""flying infantry combat
vehicle."" That's got to be it.
"
0x13b3c,"A flying infantry combat vehicle?
","A flying infantry combat vehicle?
"
0x13b5f,"Yeah. A transport chopper with troop
carrying capabilities.
","Yeah. A transport chopper with troop
carrying capabilities.
"
0x13b9c,"Think of it as a attack-transport chopper
version of France's AMX-VCI or
the Soviet BMP.
","Think of it as a attack-transport chopper
version of France's AMX-VCI or
the Soviet BMP.
"
0x13bf6,"They must be doing field tests on
the initial prototype.
","They must be doing field tests on
the initial prototype.
"
0x13c30,"A next-generation chopper that's a little
smaller than the Hip... Maybe we should
call it a Hind.
","A next-generation chopper that's a little
smaller than the Hip... Maybe we should
call it a Hind.
"
0x13c93,"Hmm, not bad. It's cool with me.
","Hmm, not bad. It's cool with me.
"
0x13cb5,"Then it's settled. We'll refer to that
new-type helicopter as a Hind from
now on.
","Then it's settled. We'll refer to that
new-type helicopter as a Hind from
now on.
"
0x13d08,"Snake, the only way to proceed is to fight.
You have to defeat Ocelot.
","Snake, the only way to proceed is to fight.
You have to defeat Ocelot.
"
0x13d50,"You can't jump over that crevice. And
hand-to-hand combat is out of the question.
You'll have to shoot it out with him.
","You can't jump over that crevice. And
hand-to-hand combat is out of the question.
You'll have to shoot it out with him.
"
0x13dc9,"Take cover behind something and wait
for an opening, then attack him in First
Person View.
","Take cover behind something and wait
for an opening, then attack him in First
Person View.
"
0x13e25,"I think what Ocelot really wants is
a showdown with you.
","I think what Ocelot really wants is
a showdown with you.
"
0x13e5f,"As long as you keep your gun holstered,
he'll probably do the same.
","As long as you keep your gun holstered,
he'll probably do the same.
"
0x13ea4,"This will be a quick-draw contest.
You'd better have sharp reflexes.
","This will be a quick-draw contest.
You'd better have sharp reflexes.
"
0x13eea,"Watch Ocelot in First Person View.
When you see an opening, quickly draw
your gun and shoot him!
","Watch Ocelot in First Person View.
When you see an opening, quickly draw
your gun and shoot him!
"
0x13f4c,"Ocelot is using a revolver. Revolvers take
a long time to reload when they run out of
bullets.
","Ocelot is using a revolver. Revolvers take
a long time to reload when they run out of
bullets.
"
0x13fac,"When he stops to reload, that's your
chance to attack.
","When he stops to reload, that's your
chance to attack.
"
0x13fe4,"Ocelot can use ricochet shots to attack!?
","Ocelot can use ricochet shots to attack!?
"
0x1400f,"Then you won't be safe anywhere, not
even behind an obstacle.
","Then you won't be safe anywhere, not
even behind an obstacle.
"
0x1404e,"Don't stay in one spot for too long, or
you'll make yourself an easy target.
Stay alert!
","Don't stay in one spot for too long, or
you'll make yourself an easy target.
Stay alert!
"
0x140a8,"Snake, you won't survive a fall into that
crevice. Make sure you don't fall into it
while rolling by mistake.
","Snake, you won't survive a fall into that
crevice. Make sure you don't fall into it
while rolling by mistake.
"
0x14117,"Even if Ocelot hides in a blind spot, you
can still shoot him from up in the trees.
","Even if Ocelot hides in a blind spot, you
can still shoot him from up in the trees.
"
0x1416c,"If he hides from you, climb a tree and
attack him from there.
","If he hides from you, climb a tree and
attack him from there.
"
0x141ab,"Snake, as long as The Pain is using his
hornets to protect his body, you won't be
able to damage him with gun attacks.
","Snake, as long as The Pain is using his
hornets to protect his body, you won't be
able to damage him with gun attacks.
"
0x14223,"You'll need to use a grenade to get rid of
the hornet swarm first.
","You'll need to use a grenade to get rid of
the hornet swarm first.
"
0x14267,"Go into First Person View and throw
a grenade at him!
","Go into First Person View and throw
a grenade at him!
"
0x1429e,"The shotgun should work as well.
","The shotgun should work as well.
"
0x142c0,"Get rid of those hornets protecting him and
then attack him with a gun!
","Get rid of those hornets protecting him and
then attack him with a gun!
"
0x14309,"The Pain seems to be directing swarms
of hornets to attack you.
","The Pain seems to be directing swarms
of hornets to attack you.
"
0x1434a,"Be careful. If you're attacked by a swarm
of hornets, your LIFE will steadily
decrease.
","Be careful. If you're attacked by a swarm
of hornets, your LIFE will steadily
decrease.
"
0x143a3,"When the hornets come to attack you,
you can cause the swarm to scatter by
shooting at it with your gun.
","When the hornets come to attack you,
you can cause the swarm to scatter by
shooting at it with your gun.
"
0x1440d,"Also, the hornets can't follow you into
the water, so you can get away by diving
into the water.
","Also, the hornets can't follow you into
the water, so you can get away by diving
into the water.
"
0x1446f,"Hornets are also vulnerable to fire
and smoke.
","Hornets are also vulnerable to fire
and smoke.
"
0x1449f,"You can keep them away from you by
using a smoke grenade.
","You can keep them away from you by
using a smoke grenade.
"
0x144da,"Swinging a torch around using the CQC
Button should also work.
","Swinging a torch around using the CQC
Button should also work.
"
0x1451a,"Snake, if The Pain's hornets stick to you,
you won't be able to move freely.
","Snake, if The Pain's hornets stick to you,
you won't be able to move freely.
"
0x14568,"If hornets start to stick to you, take care
of them before they prevent you from
moving altogether.
","If hornets start to stick to you, take care
of them before they prevent you from
moving altogether.
"
0x145cd,"Either jump into the water, or wave your
survival knife around to drive them away.
","Either jump into the water, or wave your
survival knife around to drive them away.
"
0x14621,"If you become unable to move,
","If you become unable to move,
"
0x14640,"wiggle the left analog stick and press
the buttons rapidly to shake them off
before you get shot. Understood?
","wiggle the left analog stick and press
the buttons rapidly to shake them off
before you get shot. Understood?
"
0x146af,"Snake, bullet bees are digging into your
body!
","Snake, bullet bees are digging into your
body!
"
0x146df,"Snake, watch out for those bullet bees
he shoots!
","Snake, watch out for those bullet bees
he shoots!
"
0x14712,"""Bullet bees"" are the name The Pain gives
to the special hornets he raises inside his
own body.
","""Bullet bees"" are the name The Pain gives
to the special hornets he raises inside his
own body.
"
0x14773,"If they get into your body, your wounds
will become worse and worse until you
get rid of them.
","If they get into your body, your wounds
will become worse and worse until you
get rid of them.
"
0x147d3,"And if you're afflicted by bullet bees, go into
the Survival Viewer immediately and use
""CURE"" to dig them out with your knife.
","And if you're afflicted by bullet bees, go into
the Survival Viewer immediately and use
""CURE"" to dig them out with your knife.
"
0x14854,"Once the bullet bees are out, don't forget
to apply styptic and disinfectant to the
wound!
","Once the bullet bees are out, don't forget
to apply styptic and disinfectant to the
wound!
"
0x148b0,"Snake, not even The Pain's special
hornets can pursue you into the water.
","Snake, not even The Pain's special
hornets can pursue you into the water.
"
0x148fb,"And the grenades he throws will only be
half as deadly underwater.
","And the grenades he throws will only be
half as deadly underwater.
"
0x1493f,"If you sense danger, escape by diving into
the water.
","If you sense danger, escape by diving into
the water.
"
0x14976,"To dive underwater, press the Crawl
Button while you're swimming on the
surface.
","To dive underwater, press the Crawl
Button while you're swimming on the
surface.
"
0x149c8,"To move forward underwater, press either
the CQC Button or the Crawl Button.
","To move forward underwater, press either
the CQC Button or the Crawl Button.
"
0x14a16,"Use the left analog stick to control your
direction.
","Use the left analog stick to control your
direction.
"
0x14a4c,"In a pinch, you can press the Action
Button to quickly rise to the surface.
","In a pinch, you can press the Action
Button to quickly rise to the surface.
"
0x14a99,"Also, handguns and rifles can be fired
underwater. You can use these to attack
targets above the surface as well.
","Also, handguns and rifles can be fired
underwater. You can use these to attack
targets above the surface as well.
"
0x14b0c,"Snake, you've got alarm pheromones all
over your clothes.
","Snake, you've got alarm pheromones all
over your clothes.
"
0x14b47,"When The Pain hits you with alarm
pheromones, the hornets' attacks will
become more aggressive.
","When The Pain hits you with alarm
pheromones, the hornets' attacks will
become more aggressive.
"
0x14ba8,"They'll assault you more often,
so be careful.
","They'll assault you more often,
so be careful.
"
0x14bd8,"If you get covered in the alarm pheromones,
you should go into the Survival Viewer
and change your clothes immediately.
","If you get covered in the alarm pheromones,
you should go into the Survival Viewer
and change your clothes immediately.
"
0x14c51,"The Pain can utilize the hornets under his
control to seek out his enemies.
","The Pain can utilize the hornets under his
control to seek out his enemies.
"
0x14c9e,"Being spotted by the hornets is the same
as being spotted by him.
","Being spotted by the hornets is the same
as being spotted by him.
"
0x14ce1,"Keep an eye out for hornets above you
when you emerge from underwater!
","Keep an eye out for hornets above you
when you emerge from underwater!
"
0x14d29,"Snake, the enemies in that area will use
flares against you.
","Snake, the enemies in that area will use
flares against you.
"
0x14d67,"When you're near the light from a flare,
your Camo Index will go down.
","When you're near the light from a flare,
your Camo Index will go down.
"
0x14daf,"If the enemy fires a flare at you, you'd
best dive underwater and hide.
","If the enemy fires a flare at you, you'd
best dive underwater and hide.
"
0x14df8,"If you're spotted by the enemy in that area,
they'll call in for mortar support from afar.
","If you're spotted by the enemy in that area,
they'll call in for mortar support from afar.
"
0x14e54,"Mortar fire is nothing to trifle with.
","Mortar fire is nothing to trifle with.
"
0x14e7c,"If the enemy calls in for mortar support,
get out of the area immediately.
Is that clear?
","If the enemy calls in for mortar support,
get out of the area immediately.
Is that clear?
"
0x14ed7,"Snake, EVA mentioned something about
a sniper rifle in the western part of
Ponizovje.
","Snake, EVA mentioned something about
a sniper rifle in the western part of
Ponizovje.
"
0x14f2e,"A sniper rifle would certainly be a valuable
asset to your mission. Swing by the
western area and acquire that sniper rifle.
","A sniper rifle would certainly be a valuable
asset to your mission. Swing by the
western area and acquire that sniper rifle.
"
0x14fac,"I see you've made it inside the outer wall.
","I see you've made it inside the outer wall.
"
0x14fd9,"Sokolov is inside the lab. Look for a way
in and use it to infiltrate the lab.
","Sokolov is inside the lab. Look for a way
in and use it to infiltrate the lab.
"
0x15029,"Good, you've infiltrated the lab.
The security on the inside is very tight.
","Good, you've infiltrated the lab.
The security on the inside is very tight.
"
0x15076,"You'll find it difficult to look for Sokolov
unless you're disguised as a scientist.
","You'll find it difficult to look for Sokolov
unless you're disguised as a scientist.
"
0x150cc,"Use the clothes that EVA gave you to
disguise yourself as a scientist.
","Use the clothes that EVA gave you to
disguise yourself as a scientist.
"
0x15114,"To disguise yourself as a scientist,
","To disguise yourself as a scientist,
"
0x1513a,"go into the Survival Viewer and select
""SCIENTIST"" from the ""UNIFORM"" option
on the ""CAMOUFLAGE"" screen.
","go into the Survival Viewer and select
""SCIENTIST"" from the ""UNIFORM"" option
on the ""CAMOUFLAGE"" screen.
"
0x151a4,"Just remember to remove your face paint.
","Just remember to remove your face paint.
"
0x151ce,"To remove your face paint, choose
""NO PAINT"" from the ""FACE"" option
of the ""CAMOUFLAGE"" screen.
","To remove your face paint, choose
""NO PAINT"" from the ""FACE"" option
of the ""CAMOUFLAGE"" screen.
"
0x1522f,"Be careful, though. If you get blood on
your clothes, the enemy will see through
your disguise.
","Be careful, though. If you get blood on
your clothes, the enemy will see through
your disguise.
"
0x15290,"If you do get blood on your clothes, go
into the Survival Viewer and change into
a different outfit.
","If you do get blood on your clothes, go
into the Survival Viewer and change into
a different outfit.
"
0x152f6,"After a while, the blood should come out
on its own.
","After a while, the blood should come out
on its own.
"
0x1532c,"I see you're disguised as a scientist.
It suits you rather nicely.
","I see you're disguised as a scientist.
It suits you rather nicely.
"
0x15370,"As long as you don't do anything
suspicious, like roll or crawl, the enemy
should have no reason to suspect you.
","As long as you don't do anything
suspicious, like roll or crawl, the enemy
should have no reason to suspect you.
"
0x153e2,"Sokolov is somewhere inside that lab.
Find out where he is and make contact
with him.
","Sokolov is somewhere inside that lab.
Find out where he is and make contact
with him.
"
0x15439,"If you want to know where Sokolov is,
why don't you ask one of the people
around there?
","If you want to know where Sokolov is,
why don't you ask one of the people
around there?
"
0x15492,"Snake, your disguise seems to be working.
","Snake, your disguise seems to be working.
"
0x154bd,"But don't forget that you're trying to pass
as a scientist.
","But don't forget that you're trying to pass
as a scientist.
"
0x154fa,"Don't do anything that a scientist wouldn't
do, like roll or crawl. And certainly don't go
around punching people.
","Don't do anything that a scientist wouldn't
do, like roll or crawl. And certainly don't go
around punching people.
"
0x1556e,"If an enemy starts to suspect something,
don't run away.
","If an enemy starts to suspect something,
don't run away.
"
0x155a8,"Stay where you are and remain still.
That should get you out of most situations.
","Stay where you are and remain still.
That should get you out of most situations.
"
0x155fa,"As long as you're disguised as a scientist,
you won't be able to equip guns and
knives.
","As long as you're disguised as a scientist,
you won't be able to equip guns and
knives.
"
0x15653,"On the other hand, you might be able to
equip items that don't look like weapons
at first glance...
","On the other hand, you might be able to
equip items that don't look like weapons
at first glance...
"
0x156b8,"Snake, be careful of those scientists
as well.
","Snake, be careful of those scientists
as well.
"
0x156e8,"If they get a good look at your face,
they'll know that you're not one of
the scientists assigned to the lab.
","If they get a good look at your face,
they'll know that you're not one of
the scientists assigned to the lab.
"
0x15757,"Take care to keep your face hidden
from the scientists.
","Take care to keep your face hidden
from the scientists.
"
0x15790,"Even if they figure out who you are,
the scientists won't attack you,
","Even if they figure out who you are,
the scientists won't attack you,
"
0x157d7,"but you'll be in for it if they cry out or
press one of the alarm switches on
the walls.
","but you'll be in for it if they cry out or
press one of the alarm switches on
the walls.
"
0x15831,"If a scientist starts to suspect something,
turn your face away until the suspicion
passes.
","If a scientist starts to suspect something,
turn your face away until the suspicion
passes.
"
0x1588e,"If you get a chance, try interrogating a
scientist. He might have some valuable
information for you.
","If you get a chance, try interrogating a
scientist. He might have some valuable
information for you.
"
0x158f4,"Remove your disguise temporarily and use
CQC to grab a scientist, then press
the  button.
","Remove your disguise temporarily and use
CQC to grab a scientist, then press
the  button.
"
0x15952,"It'll be difficult to keep a low profile inside
a building, even if you're wearing
camouflage.
","It'll be difficult to keep a low profile inside
a building, even if you're wearing
camouflage.
"
0x159b2,"Keep a constant watch on your
surroundings, stay alert, and don't
enter the enemy's line of sight...
","Keep a constant watch on your
surroundings, stay alert, and don't
enter the enemy's line of sight...
"
0x15a18,"You may be able to fool the enemy by
disguising yourself as an object commonly
found inside buildings...
","You may be able to fool the enemy by
disguising yourself as an object commonly
found inside buildings...
"
0x15a82,"The Fear is using something called stealth
camouflage to conceal himself.
","The Fear is using something called stealth
camouflage to conceal himself.
"
0x15acd,"But you should be able to spot him if you
look closely in First Person View.
","But you should be able to spot him if you
look closely in First Person View.
"
0x15b1b,"Watch for rustling grass, falling leaves,
anything that will betray his presence.
","Watch for rustling grass, falling leaves,
anything that will betray his presence.
"
0x15b6e,"Find him and shoot him in First Person
View.
","Find him and shoot him in First Person
View.
"
0x15b9c,"You can knock down The Fear's bolts with
your gun or knife.
","You can knock down The Fear's bolts with
your gun or knife.
"
0x15bd9,"If you can't dodge a bolt, go into First
Person View and shoot it down.
","If you can't dodge a bolt, go into First
Person View and shoot it down.
"
0x15c22,"Snake, are you all right!?
","Snake, are you all right!?
"
0x15c3e,"You've been shot with a poison bolt!
The poison is spreading throughout your
body!
","You've been shot with a poison bolt!
The poison is spreading throughout your
body!
"
0x15c92,"Your LIFE is going to keep decreasing
unless you do something about it!
Hurry and neutralize the poison!
","Your LIFE is going to keep decreasing
unless you do something about it!
Hurry and neutralize the poison!
"
0x15cfc,"Go into the Survival Viewer and use
""CURE"" to give yourself a serum
injection!
","Go into the Survival Viewer and use
""CURE"" to give yourself a serum
injection!
"
0x15d4c,"But I don't have any serum...
","But I don't have any serum...
"
0x15d6b,"The rabbits in that area have
poison-resistant properties.
Capture a rabbit and use it to get serum!
","The rabbits in that area have
poison-resistant properties.
Capture a rabbit and use it to get serum!
"
0x15dd1,"The serum will neutralize the poison,
but don't forget to treat the bolt wound
itself as well.
","The serum will neutralize the poison,
but don't forget to treat the bolt wound
itself as well.
"
0x15e31,"To treat a bolt wound, you'll need your
knife, a styptic, and a disinfectant.
","To treat a bolt wound, you'll need your
knife, a styptic, and a disinfectant.
"
0x15e80,"Use your knife to dig out the bolt, and
then apply styptic and disinfectant to
the wound.
","Use your knife to dig out the bolt, and
then apply styptic and disinfectant to
the wound.
"
0x15edb,"Follow those steps and the wound should
heal right up.
","Follow those steps and the wound should
heal right up.
"
0x15f13,"Now start the treatment. Hurry!!
","Now start the treatment. Hurry!!
"
0x15f35,"Snake, watch out for The Fear's poison
bolts.
","Snake, watch out for The Fear's poison
bolts.
"
0x15f64,"If you're hit with a poison bolt, the poison
will enter your bloodstream.
","If you're hit with a poison bolt, the poison
will enter your bloodstream.
"
0x15faf,"Unless you neutralize it with serum,
your LIFE will just keep diminishing.
","Unless you neutralize it with serum,
your LIFE will just keep diminishing.
"
0x15ffb,"If you're hit by a poison bolt, go into
the Survival Viewer immediately and use
""CURE"" to give yourself a serum injection.
","If you're hit by a poison bolt, go into
the Survival Viewer immediately and use
""CURE"" to give yourself a serum injection.
"
0x16077,"You can get serum by capturing the rabbits
that live in that area.
","You can get serum by capturing the rabbits
that live in that area.
"
0x160bb,"After you neutralize the poison with the
serum, don't forget to treat the wound
itself, too.
","After you neutralize the poison with the
serum, don't forget to treat the wound
itself, too.
"
0x16119,"The Fear's stealth camouflage apparently
drains his stamina rather quickly.
","The Fear's stealth camouflage apparently
drains his stamina rather quickly.
"
0x16166,"Once he's used up his stamina, he'll
have no choice but to go looking for food.
","Once he's used up his stamina, he'll
have no choice but to go looking for food.
"
0x161b7,"That's your chance. Throw one of your
food items to set a trap for him.
","That's your chance. Throw one of your
food items to set a trap for him.
"
0x16200,"Plant a Claymore or some TNT and lure
him into it, or lure him into one of his own
traps.
","Plant a Claymore or some TNT and lure
him into it, or lure him into one of his own
traps.
"
0x1625b,"Giving him poisoned or rotten food may
also work well.
","Giving him poisoned or rotten food may
also work well.
"
0x16293,"Used properly, your food can be a weapon.
","Used properly, your food can be a weapon.
"
0x162be,"Snake, be careful. Those woods are
riddled with traps. Watch your step as
you go along.
","Snake, be careful. Those woods are
riddled with traps. Watch your step as
you go along.
"
0x16317,"And look out for areas of bottomless
swamp!
","And look out for areas of bottomless
swamp!
"
0x16344,"Even if you don't trigger a trap, The Fear
can still use it to attack you by setting it
off himself.
","Even if you don't trigger a trap, The Fear
can still use it to attack you by setting it
off himself.
"
0x163aa,"Be careful about standing too close to
traps.
","Be careful about standing too close to
traps.
"
0x163d9,"On the other hand, you might be able to
use his own traps against him.
","On the other hand, you might be able to
use his own traps against him.
"
0x16421,"For example, you could place some food
next to a trap and lure him over to it.
Use your head!
","For example, you could place some food
next to a trap and lure him over to it.
Use your head!
"
0x16480,"Snake, The End is a veteran sniper.
He's hiding somewhere in those woods
waiting for you to appear.
","Snake, The End is a veteran sniper.
He's hiding somewhere in those woods
waiting for you to appear.
"
0x164e5,"If he sees you, he'll shoot without
hesitation.
","If he sees you, he'll shoot without
hesitation.
"
0x16516,"Make your way through the forest, hiding
along the way, and watch out for signs of
The End.
","Make your way through the forest, hiding
along the way, and watch out for signs of
The End.
"
0x16573,"Anticipate his movements and come up on
his side or get behind him for a chance to
attack.
","Anticipate his movements and come up on
his side or get behind him for a chance to
attack.
"
0x165cf,"Be careful. The End uses a special kind
of tranquilizer round.
","Be careful. The End uses a special kind
of tranquilizer round.
"
0x1660f,"If he shoots you with one of those
tranquilizer rounds, you'll start to lose
stamina fast.
","If he shoots you with one of those
tranquilizer rounds, you'll start to lose
stamina fast.
"
0x1666b,"When your stamina gauge reaches zero,
you'll pass out.
","When your stamina gauge reaches zero,
you'll pass out.
"
0x166a3,"If you're hit by a tranquilizer round, go into
the Survival Viewer right away and treat
the wound.
","If you're hit by a tranquilizer round, go into
the Survival Viewer right away and treat
the wound.
"
0x16707,"Use your knife to dig out the needle.
","Use your knife to dig out the needle.
"
0x1672e,"If you run out of stamina, it's all over.
Make sure you keep your stamina up by
hunting for food on a regular basis.
","If you run out of stamina, it's all over.
Make sure you keep your stamina up by
hunting for food on a regular basis.
"
0x167a4,"This battle will be a long, grueling sniper
duel.
","This battle will be a long, grueling sniper
duel.
"
0x167d7,"But don't let your guard down, not even
for a single moment!
","But don't let your guard down, not even
for a single moment!
"
0x16815,"The End is a renowned sniper, but he's
also an expert in camouflage.
","The End is a renowned sniper, but he's
also an expert in camouflage.
"
0x1685b,"He's lying low somewhere in those woods
and waiting for his chance.
","He's lying low somewhere in those woods
and waiting for his chance.
"
0x168a0,"You'll only get yourself shot if you run
around like a fool.
","You'll only get yourself shot if you run
around like a fool.
"
0x168de,"Use your camouflage to blend in, take
cover behind rocks and trees, and find
where he's hiding.
","Use your camouflage to blend in, take
cover behind rocks and trees, and find
where he's hiding.
"
0x1693f,"Make use of your binoculars. Keep a close
eye out for the flash from his scope.
","Make use of your binoculars. Keep a close
eye out for the flash from his scope.
"
0x16990,"You can also try using the thermal
goggles.
","You can also try using the thermal
goggles.
"
0x169bd,"You've been shot by The End!?
","You've been shot by The End!?
"
0x169dc,"Yeah...
","Yeah...
"
0x169e5,"Snake, The End is using a special type
of tranquilizer round.
","Snake, The End is using a special type
of tranquilizer round.
"
0x16a24,"If you're hit by one of The End's
tranquilizer rounds, the tranquilizer
needle will stay stuck in your body.
","If you're hit by one of The End's
tranquilizer rounds, the tranquilizer
needle will stay stuck in your body.
"
0x16a92,"Until you remove the needle, you'll keep
losing stamina rapidly.
","Until you remove the needle, you'll keep
losing stamina rapidly.
"
0x16ad4,"When your stamina reaches zero, you'll
lose consciousness. You've got to dig
that needle out!
","When your stamina reaches zero, you'll
lose consciousness. You've got to dig
that needle out!
"
0x16b33,"To get the needle out, go to ""CURE"" in
the Survival Viewer and use your knife.
","To get the needle out, go to ""CURE"" in
the Survival Viewer and use your knife.
"
0x16b83,"You'd better take care of it before you
pass out. Now, get to it!
","You'd better take care of it before you
pass out. Now, get to it!
"
0x16bc6,"If you reach the spot where you think
The End is hiding and he's not there
anymore, don't give up.
","If you reach the spot where you think
The End is hiding and he's not there
anymore, don't give up.
"
0x16c2a,"Take a close look at the ground. He may
have left footprints behind. You can use
those to determine which way he went.
","Take a close look at the ground. He may
have left footprints behind. You can use
those to determine which way he went.
"
0x16ca2,"Anticipate his movements and get behind
him.
","Anticipate his movements and get behind
him.
"
0x16cd0,"Snake, you've been caught in a snare
trap? You're going to get yourself shot
if you stay up there!
","Snake, you've been caught in a snare
trap? You're going to get yourself shot
if you stay up there!
"
0x16d34,"Use the Action Button to cut the rope and
escape from the trap. Hurry before he
finds you!
","Use the Action Button to cut the rope and
escape from the trap. Hurry before he
finds you!
"
0x16d90,"The best locations for sniping are
determined naturally by the terrain.
","The best locations for sniping are
determined naturally by the terrain.
"
0x16dd9,"The End may use the same location
multiple times.
","The End may use the same location
multiple times.
"
0x16e0c,"Memorize the spots he chooses for
sniping, and sneak up behind him.
","Memorize the spots he chooses for
sniping, and sneak up behind him.
"
0x16e51,"You can tell which locations The End has
used for sniping by looking at the ""MAP""
in the Survival Viewer.
","You can tell which locations The End has
used for sniping by looking at the ""MAP""
in the Survival Viewer.
"
0x16ebc,"Anticipate where he'll be sniping from and
approach him from the side or rear.
","Anticipate where he'll be sniping from and
approach him from the side or rear.
"
0x16f0c,"Snake, it appears you were knocked out
by The End's tranquilizer rounds.
","Snake, it appears you were knocked out
by The End's tranquilizer rounds.
"
0x16f56,"Yeah... but why didn't he kill me?
","Yeah... but why didn't he kill me?
"
0x16f7a,"I don't know. But I expect he's still
in Sokrovenno.
","I don't know. But I expect he's still
in Sokrovenno.
"
0x16fb0,"Until you defeat The End, you won't
be able to reach the mountains.
","Until you defeat The End, you won't
be able to reach the mountains.
"
0x16ff5,"Snake, go back to Sokrovenno.
And this time, finish him!
","Snake, go back to Sokrovenno.
And this time, finish him!
"
0x1702f,"Snake, be careful. Aren't the Ocelots
supposed to be setting an ambush for
you in those woods?
","Snake, be careful. Aren't the Ocelots
supposed to be setting an ambush for
you in those woods?
"
0x1708f,"Yeah. And I hear they've got snipers, too.
","Yeah. And I hear they've got snipers, too.
"
0x170bb,"The Ocelots are an elite unit handpicked
from the ranks of GRU. You won't find
them so easy to deal with.
","The Ocelots are an elite unit handpicked
from the ranks of GRU. You won't find
them so easy to deal with.
"
0x17126,"Use your camouflage to avoid being seen.
Proceed with caution.
","Use your camouflage to avoid being seen.
Proceed with caution.
"
0x17166,"Your primary objective is to climb the
mountains and rendezvous with EVA. There's
no need to face the Ocelots in battle.
","Your primary objective is to climb the
mountains and rendezvous with EVA. There's
no need to face the Ocelots in battle.
"
0x171e0,"The shaft leading to the mountains is
located in the northeast part of the
northern area of the woods.
","The shaft leading to the mountains is
located in the northeast part of the
northern area of the woods.
"
0x17248,"Keep an eye out for ambushes and
head northeast.
","Keep an eye out for ambushes and
head northeast.
"
0x1727a,"Snake, be on the lookout for ambushes by
the Ocelots. They may be hiding in the
bushes and similar places.
","Snake, be on the lookout for ambushes by
the Ocelots. They may be hiding in the
bushes and similar places.
"
0x172e6,"Make sure you're fully camouflaged and
proceed with caution.
","Make sure you're fully camouflaged and
proceed with caution.
"
0x17324,"The binoculars and First Person View will
prove useful in detecting the enemy's
presence.
","The binoculars and First Person View will
prove useful in detecting the enemy's
presence.
"
0x1737f,"You should also be making use of your
motion detector, active sonar, and
Anti-Personnel Sensor.
","You should also be making use of your
motion detector, active sonar, and
Anti-Personnel Sensor.
"
0x173e0,"You might also try using the directional
microphone.
","You might also try using the directional
microphone.
"
0x17416,"The thermal goggles should also be
effective.
","The thermal goggles should also be
effective.
"
0x17445,"Snake, Para-Medic has something to tell
you.
","Snake, Para-Medic has something to tell
you.
"
0x17473,"Snake, the altitude in those mountains is
pretty high.
","Snake, the altitude in those mountains is
pretty high.
"
0x174ab,"That means the oxygen concentration in
the air is lower than normal.
","That means the oxygen concentration in
the air is lower than normal.
"
0x174f1,"When there's less oxygen in the air,
naturally you'll be breathing less oxygen
as well,
","When there's less oxygen in the air,
naturally you'll be breathing less oxygen
as well,
"
0x1754a,"and the oxygen content of your blood
will go down.
","and the oxygen content of your blood
will go down.
"
0x1757e,"In other words, you run the risk of
becoming hypoxic.
","In other words, you run the risk of
becoming hypoxic.
"
0x175b5,"Hypoxia is a very serious condition.
In the worst cases, it can lead to
pulmonary and cerebral edema.
","Hypoxia is a very serious condition.
In the worst cases, it can lead to
pulmonary and cerebral edema.
"
0x1761c,"I don't think you need to worry right now,
but all the same, be careful.
","I don't think you need to worry right now,
but all the same, be careful.
"
0x17666,"So... what do I need to be careful about?
","So... what do I need to be careful about?
"
0x17691,"In high-altitude areas, you will tire quicker
than normal.
","In high-altitude areas, you will tire quicker
than normal.
"
0x176cd,"Okay.
","Okay.
"
0x176d4,"Snake, climbing uphill takes a lot of
stamina as it is. But on top of that,
the air up there is thinner than normal.
","Snake, climbing uphill takes a lot of
stamina as it is. But on top of that,
the air up there is thinner than normal.
"
0x1774a,"You're burning through stamina a lot faster
now than ever before.
","You're burning through stamina a lot faster
now than ever before.
"
0x1778d,"Keep an eye on your stamina gauge.
Be sure to eat something to restore your
stamina before you run out.
","Keep an eye on your stamina gauge.
Be sure to eat something to restore your
stamina before you run out.
"
0x177f6,"Snake, watch out for enemy troops
carrying flamethrowers.
","Snake, watch out for enemy troops
carrying flamethrowers.
"
0x17831,"Under no circumstances should you get
close to the flame troops.
","Under no circumstances should you get
close to the flame troops.
"
0x17873,"Either sneak by without being seen, or
take them out from a distance.
","Either sneak by without being seen, or
take them out from a distance.
"
0x178ba,"If you get blasted by a flamethrower,
your body will catch on fire.
","If you get blasted by a flamethrower,
your body will catch on fire.
"
0x178ff,"If your body catches on fire, either roll
around repeatedly to put it out,
","If your body catches on fire, either roll
around repeatedly to put it out,
"
0x1794b,"or go into the Survival Viewer and change
out of the burning clothes.
","or go into the Survival Viewer and change
out of the burning clothes.
"
0x17992,"When you catch fire, you'll get burned
unless you put the flames out quickly.
","When you catch fire, you'll get burned
unless you put the flames out quickly.
"
0x179e1,"So be sure to extinguish the flames right
away, OK?
","So be sure to extinguish the flames right
away, OK?
"
0x17a16,"If the enemies in that area catch sight of
you, they'll call in for support from
the Hind.
","If the enemies in that area catch sight of
you, they'll call in for support from
the Hind.
"
0x17a72,"The Hind's armor is impenetrable to normal
fire such as rifle bullets.
","The Hind's armor is impenetrable to normal
fire such as rifle bullets.
"
0x17aba,"But if you take over one of the anti-aircraft
guns placed throughout the mountains,
you should be able to take it on.
","But if you take over one of the anti-aircraft
guns placed throughout the mountains,
you should be able to take it on.
"
0x17b31,"You can also try using the RPG-7.
","You can also try using the RPG-7.
"
0x17b54,"What else could you use against a Hind...
I suppose a rocket launcher might do
the trick...
","What else could you use against a Hind...
I suppose a rocket launcher might do
the trick...
"
0x17bb1,"It looks like you can get a nice panoramic
view of Groznyj Grad from there. Perhaps
you should scout it out now while you can.
","It looks like you can get a nice panoramic
view of Groznyj Grad from there. Perhaps
you should scout it out now while you can.
"
0x17c31,"Just don't do anything too conspicuous.
Remember that the attack chopper is still
on patrol.
","Just don't do anything too conspicuous.
Remember that the attack chopper is still
on patrol.
"
0x17c8f,"The Fury is equipped with a powerful
flamethrower. Whatever you do, don't
attack him from the front.
","The Fury is equipped with a powerful
flamethrower. Whatever you do, don't
attack him from the front.
"
0x17cf5,"Get behind him and attack him from there.
","Get behind him and attack him from there.
"
0x17d20,"You'll never get anywhere fumbling around
in the dark. You need to be able to see
first.
","You'll never get anywhere fumbling around
in the dark. You need to be able to see
first.
"
0x17d7a,"Use the night-vision goggles.
","Use the night-vision goggles.
"
0x17d99,"You could also try using a torch or a cigar.
","You could also try using a torch or a cigar.
"
0x17dc7,"The Fury's flamethrower is immensely
powerful. Do not under any circumstances
try to approach him from the front.
","The Fury's flamethrower is immensely
powerful. Do not under any circumstances
try to approach him from the front.
"
0x17e3a,"Those flames are incredibly intense. If you
get blasted at close range, it's likely to
result in a severe burn.
","Those flames are incredibly intense. If you
get blasted at close range, it's likely to
result in a severe burn.
"
0x17eab,"If you get burned, go into the Survival
Viewer right away and use ""CURE"" to
treat it!
","If you get burned, go into the Survival
Viewer right away and use ""CURE"" to
treat it!
"
0x17f02,"If your body catches on fire, you can put
it out by rolling around repeatedly.
","If your body catches on fire, you can put
it out by rolling around repeatedly.
"
0x17f52,"You can also go into the Survival Viewer
and change out of the burning clothes.
","You can also go into the Survival Viewer
and change out of the burning clothes.
"
0x17fa3,"So if you catch on fire, take care of it
immediately!
","So if you catch on fire, take care of it
immediately!
"
0x17fda,"Watch out for The Fury's flying attacks.
Even if he's far away from you, he can
close in on you in an instant.
","Watch out for The Fury's flying attacks.
Even if he's far away from you, he can
close in on you in an instant.
"
0x1804a,"But he should be vulnerable for an instant
when he takes off and when he lands.
That's your chance!
","But he should be vulnerable for an instant
when he takes off and when he lands.
That's your chance!
"
0x180af,"Good, you've infiltrated the east wing.
Raikov should be somewhere in that
building.
","Good, you've infiltrated the east wing.
Raikov should be somewhere in that
building.
"
0x18105,"Take him down and steal his clothes!
","Take him down and steal his clothes!
"
0x1812b,"But you can't simply wander around
the enemy's home base looking like that.
","But you can't simply wander around
the enemy's home base looking like that.
"
0x18178,"For now, disguise yourself as a scientist
while you look for Raikov.
","For now, disguise yourself as a scientist
while you look for Raikov.
"
0x181be,"Raikov is somewhere within the east wing.
Find him and dispatch him!
","Raikov is somewhere within the east wing.
Find him and dispatch him!
"
0x18204,"Snake, have you found Raikov?
","Snake, have you found Raikov?
"
0x18223,"Yeah. But he got away...
","Yeah. But he got away...
"
0x1823d,"What!?
","What!?
"
0x18245,"Sorry, Major. I'll get...
","Sorry, Major. I'll get...
"
0x18260,"Stop your blathering and go take him
out already!
","Stop your blathering and go take him
out already!
"
0x18293,"OK... But...
","OK... But...
"
0x182a1,"What are you waiting for? Get going!
","What are you waiting for? Get going!
"
0x182c7,"Major, why are you so pissed off all of
a sudden? You have something against
this guy?
","Major, why are you so pissed off all of
a sudden? You have something against
this guy?
"
0x1831f,"No... just, every time I think of that face,
it makes me furious. Doesn't it make you?
","No... just, every time I think of that face,
it makes me furious. Doesn't it make you?
"
0x18377,"...
","...
"
0x1837c,"Just get moving! Knock him out and
steal his clothes!
","Just get moving! Knock him out and
steal his clothes!
"
0x183b3,"Good, you've taken care of Raikov.
Now to take those clothes he's wearing.
","Good, you've taken care of Raikov.
Now to take those clothes he's wearing.
"
0x183ff,"But don't take his clothes off there, out
in the open. It's far too conspicuous.
","But don't take his clothes off there, out
in the open. It's far too conspicuous.
"
0x18451,"Also, once you've disguised yourself as
Raikov, you'll need to find someplace to
hide the real Raikov's body.
","Also, once you've disguised yourself as
Raikov, you'll need to find someplace to
hide the real Raikov's body.
"
0x184c0,"There must a place where you can take
Raikov's clothes and hide his body. Drag
Raikov's body over there.
","There must a place where you can take
Raikov's clothes and hide his body. Drag
Raikov's body over there.
"
0x1852a,"EVA might know a suitable location.
Try asking her.
","EVA might know a suitable location.
Try asking her.
"
0x1855f,"Drag Raikov's body into the locker room.
The locker room is on the southwest side
of the second floor.
","Drag Raikov's body into the locker room.
The locker room is on the southwest side
of the second floor.
"
0x185c7,"Be careful not to wake Raikov up while
you're dragging him. And make sure you're
not seen by enemy soldiers or scientists.
","Be careful not to wake Raikov up while
you're dragging him. And make sure you're
not seen by enemy soldiers or scientists.
"
0x18643,"If Raikov's corpse is found, you'll no longer
be able to disguise yourself as him.
","If Raikov's corpse is found, you'll no longer
be able to disguise yourself as him.
"
0x18697,"Whatever you do, don't let them find
the body. Is that clear?
","Whatever you do, don't let them find
the body. Is that clear?
"
0x186d6,"I see you've got Raikov's clothes from him.
","I see you've got Raikov's clothes from him.
"
0x18703,"Disguise yourself as Raikov and infiltrate
the west wing, where Sokolov is being
held.
","Disguise yourself as Raikov and infiltrate
the west wing, where Sokolov is being
held.
"
0x1875b,"Select ""OFFICER"" from ""UNIFORM"" on
the ""CAMOUFLAGE"" screen to change
into Raikov's uniform.
","Select ""OFFICER"" from ""UNIFORM"" on
the ""CAMOUFLAGE"" screen to change
into Raikov's uniform.
"
0x187b8,"However, that won't be enough to pass
as Raikov.
","However, that won't be enough to pass
as Raikov.
"
0x187ea,"To really become Raikov, you'll need to
make your face look like his as well as
your clothes.
","To really become Raikov, you'll need to
make your face look like his as well as
your clothes.
"
0x18849,"As for how to do that... Well, I'll let you
think about it.
","As for how to do that... Well, I'll let you
think about it.
"
0x18886,"You can use the mask to make your face
look like Raikov's.
","You can use the mask to make your face
look like Raikov's.
"
0x188c2,"To wear the mask, select ""MASK"" from
""FACE"" on the ""CAMOUFLAGE"" screen.
","To wear the mask, select ""MASK"" from
""FACE"" on the ""CAMOUFLAGE"" screen.
"
0x1890b,"Major, I disguised myself as Raikov.
","Major, I disguised myself as Raikov.
"
0x18931,"...
","...
"
0x18936,"...No good?
","...No good?
"
0x18943,"No.
","No.
"
0x18948,"Snake, you can't pass yourself off as
Raikov simply by wearing his clothes.
","Snake, you can't pass yourself off as
Raikov simply by wearing his clothes.
"
0x18995,"You need to make your face look like
his as well.
","You need to make your face look like
his as well.
"
0x189c8,"There must be a way to make your face
look like Raikov's. Think, Snake.
","There must be a way to make your face
look like Raikov's. Think, Snake.
"
0x18a11,"Ah, your Raikov disguise has turned out
nicely.
","Ah, your Raikov disguise has turned out
nicely.
"
0x18a42,"Yeah. Not even his own mother could tell
the difference.
","Yeah. Not even his own mother could tell
the difference.
"
0x18a7c,"Indeed. You're starting to irritate me
already.
","Indeed. You're starting to irritate me
already.
"
0x18aad,"Why? This look should make me more
popular.
","Why? This look should make me more
popular.
"
0x18ada,"I wouldn't bet on it.
...But whatever.
","I wouldn't bet on it.
...But whatever.
"
0x18b02,"Now that you're indistinguishable from the real
Raikov, you'll be able to get into the west wing,
to which only Volgin and Raikov have access.
","Now that you're indistinguishable from the real
Raikov, you'll be able to get into the west wing,
to which only Volgin and Raikov have access.
"
0x18b92,"Head for the west wing of the weapons
lab. That's where Sokolov is being held.
","Head for the west wing of the weapons
lab. That's where Sokolov is being held.
"
0x18be2,"Enter the main wing from the second floor
of the east wing.
","Enter the main wing from the second floor
of the east wing.
"
0x18c1f,"Pass west through the main wing and
you'll come to a connecting passageway.
","Pass west through the main wing and
you'll come to a connecting passageway.
"
0x18c6c,"The west wing is at the other end of
that passageway.
","The west wing is at the other end of
that passageway.
"
0x18ca3,"Infiltrate the west wing and rescue
Sokolov.
","Infiltrate the west wing and rescue
Sokolov.
"
0x18cd1,"While you're disguised as Raikov,
you can press the Action Button
to perform a salute.
","While you're disguised as Raikov,
you can press the Action Button
to perform a salute.
"
0x18d29,"If you want, why don't you try saluting
some of the soldiers and scientists?
","If you want, why don't you try saluting
some of the soldiers and scientists?
"
0x18d77,"Now that you're the spitting image of
Raikov, no one will have cause to
suspect you.
","Now that you're the spitting image of
Raikov, no one will have cause to
suspect you.
"
0x18dcd,"But if someone finds Raikov hidden in the
locker, your disguise will become useless.
","But if someone finds Raikov hidden in the
locker, your disguise will become useless.
"
0x18e23,"If that happens, your mission will end in
failure.
","If that happens, your mission will end in
failure.
"
0x18e57,"Whatever you do, don't open the locker.
Is that clear?
","Whatever you do, don't open the locker.
Is that clear?
"
0x18e8f,"As long as you're disguised as Raikov,
you'll be able to go anywhere in the
fortress and no one will suspect a thing.
","As long as you're disguised as Raikov,
you'll be able to go anywhere in the
fortress and no one will suspect a thing.
"
0x18f06,"Now may be a good time to do a little
exploring around the place.
","Now may be a good time to do a little
exploring around the place.
"
0x18f49,"Snake, that passageway leads to the west
wing where Sokolov is being held captive.
","Snake, that passageway leads to the west
wing where Sokolov is being held captive.
"
0x18f9d,"But the only ones who can open the door
to the west wing are those sentries there.
","But the only ones who can open the door
to the west wing are those sentries there.
"
0x18ff1,"The only way to get into the west wing is
to disguise yourself as Raikov and get
the sentries to open the door for you.
","The only way to get into the west wing is
to disguise yourself as Raikov and get
the sentries to open the door for you.
"
0x1906a,"Quickly, change into your Raikov disguise.
","Quickly, change into your Raikov disguise.
"
0x19096,"You should be able to fool them with that
disguise. Pretend you're Raikov and get
them to open the door.
","You should be able to fool them with that
disguise. Pretend you're Raikov and get
them to open the door.
"
0x19100,"You'll need to get Raikov's clothes from
him first. Go back to the east wing and
take him down.
","You'll need to get Raikov's clothes from
him first. Go back to the east wing and
take him down.
"
0x19161,"What a strange coincidence, though.
","What a strange coincidence, though.
"
0x19186,"Coincidence?
","Coincidence?
"
0x19194,"Well, Raikov's full name is Ivan
Raidenovitch Raikov.
","Well, Raikov's full name is Ivan
Raidenovitch Raikov.
"
0x191cb,"And?
","And?
"
0x191d1,"Ivan is the Russian equivalent of John.
And a common nickname for John is Jack.
","Ivan is the Russian equivalent of John.
And a common nickname for John is Jack.
"
0x19222,"...
","...
"
0x19227,"You know, in Russian folklore, the
youngest son in a family often receives
the shabbiest treatment,
","You know, in Russian folklore, the
youngest son in a family often receives
the shabbiest treatment,
"
0x1928c,"but is actually cleverer than his brothers
and has the happiest ending of all.
That son is usually named Ivan.
","but is actually cleverer than his brothers
and has the happiest ending of all.
That son is usually named Ivan.
"
0x192fc,"I don't have any brothers.
","I don't have any brothers.
"
0x19318,"Really? I could have sworn you had
several.
","Really? I could have sworn you had
several.
"
0x19345,"???
","???
"
0x1934a,"Snake!
","Snake!
"
0x19352,"...Major...
","...Major...
"
0x1935f,"You're all right...
","You're all right...
"
0x19374,"I wouldn't say all right... but at least
I'm alive.
","I wouldn't say all right... but at least
I'm alive.
"
0x193a9,"That's good enough...
","That's good enough...
"
0x193c0,"But they took all my weapons and
equipment from me.
","But they took all my weapons and
equipment from me.
"
0x193f5,"Well, you've still got your radio and
medical items with you.
","Well, you've still got your radio and
medical items with you.
"
0x19434,"Yeah.
","Yeah.
"
0x1943b,"I wonder why that is?
","I wonder why that is?
"
0x19452,"Perhaps Volgin's not finished with you just
yet.
","Perhaps Volgin's not finished with you just
yet.
"
0x19484,"Yeah, well, I'm not finished with him yet,
either.
","Yeah, well, I'm not finished with him yet,
either.
"
0x194b8,"Snake, you've got to escape from that cell
somehow. There must be a way. Use your
head.
","Snake, you've got to escape from that cell
somehow. There must be a way. Use your
head.
"
0x19511,"The door of the cell seems to open in
response to a specific radio frequency.
","The door of the cell seems to open in
response to a specific radio frequency.
"
0x19560,"Perhaps you've seen or heard it
somewhere already?
","Perhaps you've seen or heard it
somewhere already?
"
0x19594,"I don't think so.
","I don't think so.
"
0x195a7,"That's a shame...
","That's a shame...
"
0x195ba,"...
","...
"
0x195bf,"Come on, I know you've seen it.
I remember it.
","Come on, I know you've seen it.
I remember it.
"
0x195ef,"What was it, then?
","What was it, then?
"
0x19603,"...
","...
"
0x19608,"You can't remember, either, can you?
","You can't remember, either, can you?
"
0x1962e,"No, no, I remember it... it just...
slipped my mind temporarily.
","No, no, I remember it... it just...
slipped my mind temporarily.
"
0x19670,"...
","...
"
0x19675,"Snake, I remember it now. The frequency
was 144.75, I'm sure of it.
","Snake, I remember it now. The frequency
was 144.75, I'm sure of it.
"
0x196ba,"Stand in front of the door and use your
radio to SEND a signal on 144.75.
","Stand in front of the door and use your
radio to SEND a signal on 144.75.
"
0x19705,"Major, I dug out the bullet The Boss
shot into me...
","Major, I dug out the bullet The Boss
shot into me...
"
0x1973b,"Yes?
","Yes?
"
0x19741,"There was a fake death pill inside.
","There was a fake death pill inside.
"
0x19766,"A fake death pill?
","A fake death pill?
"
0x1977a,"Yeah. What does it mean...?
","Yeah. What does it mean...?
"
0x19797,"I haven't a clue.
","I haven't a clue.
"
0x197aa,"But if it's the work of The Boss, then it
probably means something...
","But if it's the work of The Boss, then it
probably means something...
"
0x197f1,"I wonder if it's meant to help you escape
from the cell...?
","I wonder if it's meant to help you escape
from the cell...?
"
0x1982e,"You're saying The Boss was trying to help
me? But why?
","You're saying The Boss was trying to help
me? But why?
"
0x19866,"If you don't know, how am I supposed to
know?
","If you don't know, how am I supposed to
know?
"
0x19895,"...
","...
"
0x1989a,"Snake, the guard has opened the door!
Knock him out and get out of there!!
","Snake, the guard has opened the door!
Knock him out and get out of there!!
"
0x198e6,"Snake, the door to the cell is open.
There's no time to lose. Get out of there,
quickly!
","Snake, the door to the cell is open.
There's no time to lose. Get out of there,
quickly!
"
0x19940,"Snake, you say you've discovered
a transmitter?
","Snake, you say you've discovered
a transmitter?
"
0x19971,"It was buried in a wound. I think Ocelot
did it.
","It was buried in a wound. I think Ocelot
did it.
"
0x199a3,"He must be expecting me to get out of
here...
","He must be expecting me to get out of
here...
"
0x199d2,"Then you mustn't disappoint him.
","Then you mustn't disappoint him.
"
0x199f4,"All right.
","All right.
"
0x19a00,"He must have been expecting me to
escape from that cell...
","He must have been expecting me to
escape from that cell...
"
0x19a3c,"And you didn't disappoint him.
","And you didn't disappoint him.
"
0x19a5c,"Of course not...
","Of course not...
"
0x19a6e,"Major, I'm sorry... Sokolov, I couldn't...
","Major, I'm sorry... Sokolov, I couldn't...
"
0x19a9a,"Don't say it.
","Don't say it.
"
0x19aa9,"...
","...
"
0x19aae,"You weren't able to rescue him. But that
doesn't mean your mission has failed yet.
","You weren't able to rescue him. But that
doesn't mean your mission has failed yet.
"
0x19b02,"EVA said they've completed Phase 2.
There's no time left. You must destroy
the Shagohod at all costs.
","EVA said they've completed Phase 2.
There's no time left. You must destroy
the Shagohod at all costs.
"
0x19b69,"...That will be our final tribute to him.
","...That will be our final tribute to him.
"
0x19b94,"Right.
","Right.
"
0x19b9c,"Snake, what happened?
","Snake, what happened?
"
0x19bb3,"...Major, what year is this?
","...Major, what year is this?
"
0x19bd1,"Beg your pardon?
","Beg your pardon?
"
0x19be3,"...Where am I?
","...Where am I?
"
0x19bf3,"It's 1964. You're in a cell in Groznyj Grad.
What did they do Snake, make you drink
an entire keg of vodka?
","It's 1964. You're in a cell in Groznyj Grad.
What did they do Snake, make you drink
an entire keg of vodka?
"
0x19c60,"No...
","No...
"
0x19c67,"You know, I hear they've got 98-proof
vodka in the East. Back in England, we
don't call stuff like that ""fine spirit.""
","You know, I hear they've got 98-proof
vodka in the East. Back in England, we
don't call stuff like that ""fine spirit.""
"
0x19cdf,"We call it sulfuric acid.
","We call it sulfuric acid.
"
0x19cfa,"Imagine, if you will, your internal organs
being slowly eaten away as smoke pours
out of your mouth.
","Imagine, if you will, your internal organs
being slowly eaten away as smoke pours
out of your mouth.
"
0x19d60,"Really, Snake, you shouldn't be touching
that...
","Really, Snake, you shouldn't be touching
that...
"
0x19d92,"Was it a dream...
","Was it a dream...
"
0x19da5,"A dream? Well, how nice. And here I
thought I sat up all night worrying about
you for nothing.
","A dream? Well, how nice. And here I
thought I sat up all night worrying about
you for nothing.
"
0x19e05,"It was almost real... I was holding this
sword in my hand...
","It was almost real... I was holding this
sword in my hand...
"
0x19e43,"Snake, are you OK? You're not going
loony on me, are you?
","Snake, are you OK? You're not going
loony on me, are you?
"
0x19e7e,"Not at all. I'll make it back no matter how
much of that sulfuric acid they make me
drink.
","Not at all. I'll make it back no matter how
much of that sulfuric acid they make me
drink.
"
0x19eda,"Good show! I'm sure you'll find a way
out of there.
","Good show! I'm sure you'll find a way
out of there.
"
0x19f0f,"Yeah. Dream a little dream of your own
while you wait for word from me.
","Yeah. Dream a little dream of your own
while you wait for word from me.
"
0x19f58,"The Boss gave you a gun?
","The Boss gave you a gun?
"
0x19f72,"Yeah. A Single Action Army.
","Yeah. A Single Action Army.
"
0x19f8f,"For what?
","For what?
"
0x19f9a,"...I'm not sure.
","...I'm not sure.
"
0x19fac,"Hmm...
","Hmm...
"
0x19fb4,"Anyway, why don't you use that gun
to shoot...
","Anyway, why don't you use that gun
to shoot...
"
0x19fe4,"I can't.
","I can't.
"
0x19fee,"Why not?
","Why not?
"
0x19ff8,"No bullets.
","No bullets.
"
0x1a005,"I see... well, you'll be able to get some
once you're outside.
","I see... well, you'll be able to get some
once you're outside.
"
0x1a045,"First, you've got to escape from that cell.
There must be a way. Don't give up.
","First, you've got to escape from that cell.
There must be a way. Don't give up.
"
0x1a096,"The enemy appears to have released
attack dogs into the sewers.
","The enemy appears to have released
attack dogs into the sewers.
"
0x1a0d7,"Without any decent weapons, it's too
dangerous to take those dogs on.
","Without any decent weapons, it's too
dangerous to take those dogs on.
"
0x1a11e,"Stay away from the dogs and keep
heading north. That's an order!
","Stay away from the dogs and keep
heading north. That's an order!
"
0x1a160,"Snake, you're really going to feel the cold
with no clothes on.
","Snake, you're really going to feel the cold
with no clothes on.
"
0x1a1a1,"The major's right. You'll burn stamina
a lot faster when you're naked. Be sure
to eat regularly.
","The major's right. You'll burn stamina
a lot faster when you're naked. Be sure
to eat regularly.
"
0x1a203,"Snake, now that you've lost even your CQC
knife, you won't be able to use CQC. You
won't be able to grab or throw enemies, either.
","Snake, now that you've lost even your CQC
knife, you won't be able to use CQC. You
won't be able to grab or throw enemies, either.
"
0x1a287,"You can still throw punches by pressing
the CQC Button and launch combos by
pressing it several times in a row.
","You can still throw punches by pressing
the CQC Button and launch combos by
pressing it several times in a row.
"
0x1a2f8,"That'll have to do for now.
","That'll have to do for now.
"
0x1a315,"Snake, now that all your clothing has been
taken from you, you won't be able to
camouflage yourself.
","Snake, now that all your clothing has been
taken from you, you won't be able to
camouflage yourself.
"
0x1a37b,"Remember the basics of a sneaking
mission.
","Remember the basics of a sneaking
mission.
"
0x1a3a7,"Stay out of the enemy's line of sight and
proceed from one hiding spot to the next.
Use caution.
","Stay out of the enemy's line of sight and
proceed from one hiding spot to the next.
Use caution.
"
0x1a409,"Huh? Snake, take a look in your
backpack.
","Huh? Snake, take a look in your
backpack.
"
0x1a434,"What the... My food's gone!
","What the... My food's gone!
"
0x1a451,"Major!! What the hell is going on here!?
","Major!! What the hell is going on here!?
"
0x1a47b,"Don't ask me. Ask EVA.
","Don't ask me. Ask EVA.
"
0x1a493,"EVA...!
","EVA...!
"
0x1a49c,"Snake, your job is to plant the C3 charges
on the liquid fuel tanks.
","Snake, your job is to plant the C3 charges
on the liquid fuel tanks.
"
0x1a4e2,"There are four liquid fuel tanks. You need
to place a C3 charge on each of them.
","There are four liquid fuel tanks. You need
to place a C3 charge on each of them.
"
0x1a534,"The tanks should all be located close to
the Shagohod.
","The tanks should all be located close to
the Shagohod.
"
0x1a56c,"You've got three more tanks to plant C3
on.
","You've got three more tanks to plant C3
on.
"
0x1a599,"You've still got two more tanks to plant C3
on. Hurry!
","You've still got two more tanks to plant C3
on. Hurry!
"
0x1a5d1,"One more tank remains. You're almost
there.
","One more tank remains. You're almost
there.
"
0x1a5fe,"Snake, be careful when you approach
the liquid fuel tanks.
","Snake, be careful when you approach
the liquid fuel tanks.
"
0x1a63a,"Apparently even the smallest disturbance
will cause them to explode. Don't use
firearms near the tanks.
","Apparently even the smallest disturbance
will cause them to explode. Don't use
firearms near the tanks.
"
0x1a6a3,"Snake, watch out for Volgin's electric
shock attacks.
","Snake, watch out for Volgin's electric
shock attacks.
"
0x1a6da,"If you're shocked while equipping a gun,
the bullets inside the magazine will ignite
and the gun will explode!
","If you're shocked while equipping a gun,
the bullets inside the magazine will ignite
and the gun will explode!
"
0x1a74a,"But he should be vulnerable just after
launching a series of shock attacks.
","But he should be vulnerable just after
launching a series of shock attacks.
"
0x1a797,"Avoid the attacks and either shoot him
from his blind side, or engage him directly
with punches or CQC.
","Avoid the attacks and either shoot him
from his blind side, or engage him directly
with punches or CQC.
"
0x1a800,"And don't forget that the timer is still
ticking on the C3 detonators.
","And don't forget that the timer is still
ticking on the C3 detonators.
"
0x1a848,"When it reaches zero, it's all over.
You've got to finish him off before then!
","When it reaches zero, it's all over.
You've got to finish him off before then!
"
0x1a898,"Snake, don't forget that the timer is still
ticking on the C3 detonators.
","Snake, don't forget that the timer is still
ticking on the C3 detonators.
"
0x1a8e3,"You must defeat Volgin and escape from
the hangar before that count reaches zero.
Get to it!
","You must defeat Volgin and escape from
the hangar before that count reaches zero.
Get to it!
"
0x1a941,"Snake, don't concern yourself with Ocelot
up there. Concentrate on defeating Volgin!
","Snake, don't concern yourself with Ocelot
up there. Concentrate on defeating Volgin!
"
0x1a997,"Major, they found the C3...
","Major, they found the C3...
"
0x1a9b4,"I heard.
","I heard.
"
0x1a9be,"But I don't think they've found all of them
yet. And even if they have found them,
they may not be able to disarm them.
","But I don't think they've found all of them
yet. And even if they have found them,
they may not be able to disarm them.
"
0x1aa37,"Don't worry about the C3. Concentrate on
defeating Volgin!
","Don't worry about the C3. Concentrate on
defeating Volgin!
"
0x1aa73,"Snake, look at the countdown timer.
The bombs are about to explode!
Hurry and finish him off!!
","Snake, look at the countdown timer.
The bombs are about to explode!
Hurry and finish him off!!
"
0x1aad3,"Snake, your ultimate objective is to
escape. There's no need to defeat
every last enemy.
","Snake, your ultimate objective is to
escape. There's no need to defeat
every last enemy.
"
0x1ab2d,"Rather than attacking the enemies you've
put behind you,
","Rather than attacking the enemies you've
put behind you,
"
0x1ab67,"focus on dispatching the ones that are
blocking the way in front of you.
","focus on dispatching the ones that are
blocking the way in front of you.
"
0x1abb1,"The enemy will be coming at you from all
sides - front and back, left and right.
","The enemy will be coming at you from all
sides - front and back, left and right.
"
0x1ac03,"Use First Person View to take them out.
Listen closely to what EVA tells you!
","Use First Person View to take them out.
Listen closely to what EVA tells you!
"
0x1ac52,"Watch out for those guard towers. You
don't want them sniping at you from
above.
","Watch out for those guard towers. You
don't want them sniping at you from
above.
"
0x1aca4,"If you see an enemy in one of the guard
towers, take him out first!
","If you see an enemy in one of the guard
towers, take him out first!
"
0x1ace9,"Snake, you must destroy all the objects
that block the sidecar's path. Do as EVA
tells you!
","Snake, you must destroy all the objects
that block the sidecar's path. Do as EVA
tells you!
"
0x1ad46,"Snake, keep an eye on EVA's LIFE as
well. If she is killed, you're finished.
","Snake, keep an eye on EVA's LIFE as
well. If she is killed, you're finished.
"
0x1ad94,"Make sure you don't shoot EVA by
mistake!
","Make sure you don't shoot EVA by
mistake!
"
0x1adbf,"Snake! Why are you attacking EVA!?
","Snake! Why are you attacking EVA!?
"
0x1ade3,"What were you thinking!? I thought you
were better than that!
","What were you thinking!? I thought you
were better than that!
"
0x1ae22,"I can't believe you, man!! You got a lot
of nerve pulling something like that!
","I can't believe you, man!! You got a lot
of nerve pulling something like that!
"
0x1ae72,"Pull yourself together and focus on the
enemy! That's an order!!
","Pull yourself together and focus on the
enemy! That's an order!!
"
0x1aeb4,"You can blow up the drums placed throughout
the fortress by shooting them. That should trip
the enemy up a bit. Aim for the drums!
","You can blow up the drums placed throughout
the fortress by shooting them. That should trip
the enemy up a bit. Aim for the drums!
"
0x1af38,"Major, the Shagohod...!
","Major, the Shagohod...!
"
0x1af51,"Yes, I know.
","Yes, I know.
"
0x1af5f,"Pummel the Shagohod with the RPG-7!
Even if you can't destroy it, you should
at least be able to slow it down.
","Pummel the Shagohod with the RPG-7!
Even if you can't destroy it, you should
at least be able to slow it down.
"
0x1afcf,"Whatever you do, don't let it catch up
to you!!
","Whatever you do, don't let it catch up
to you!!
"
0x1b000,"It looks like the Shagohod's fallen quite
far behind.
","It looks like the Shagohod's fallen quite
far behind.
"
0x1b037,"You're in the barracks area now.
In just a few moments, you'll come upon
Groznyj Grad's northern runway.
","You're in the barracks area now.
In just a few moments, you'll come upon
Groznyj Grad's northern runway.
"
0x1b0a1,"Keep going! You're almost there!
","Keep going! You're almost there!
"
0x1b0c3,"Major, we're about to head for the rail
bridge.
","Major, we're about to head for the rail
bridge.
"
0x1b0f4,"So I heard. You're going to take out
the bridge and the Shagohod with it, eh?
Nice plan.
","So I heard. You're going to take out
the bridge and the Shagohod with it, eh?
Nice plan.
"
0x1b14e,"Let EVA do the driving. Concentrate on
fending off your pursuers. You've got to
make it to that bridge somehow!
","Let EVA do the driving. Concentrate on
fending off your pursuers. You've got to
make it to that bridge somehow!
"
0x1b1bf,"Good, you've reached the runway. The rail
bridge is just up ahead. You've got to hold on
until you reach the bridge!
","Good, you've reached the runway. The rail
bridge is just up ahead. You've got to hold on
until you reach the bridge!
"
0x1b235,"Snake, the Shagohod is coming up behind
you! It'll overtake you unless you do
something!
","Snake, the Shagohod is coming up behind
you! It'll overtake you unless you do
something!
"
0x1b28f,"Attack it with the RPG-7! You might not be
able to destroy it, but you can certainly
slow it down!
","Attack it with the RPG-7! You might not be
able to destroy it, but you can certainly
slow it down!
"
0x1b2f3,"Snake, when the Shagohod approaches
the bridge, that's your cue to start sniping
the C3 bombs planted on the struts.
","Snake, when the Shagohod approaches
the bridge, that's your cue to start sniping
the C3 bombs planted on the struts.
"
0x1b369,"Use the SVD.
","Use the SVD.
"
0x1b377,"The C3 bombs are planted on the support
beams on the front center side of the
bridge.
","The C3 bombs are planted on the support
beams on the front center side of the
bridge.
"
0x1b3ce,"There appears to be a total of two bombs.
","There appears to be a total of two bombs.
"
0x1b3f9,"EVA appears to have planted three bombs.
","EVA appears to have planted three bombs.
"
0x1b423,"EVA has planted a total of four bombs.
","EVA has planted a total of four bombs.
"
0x1b44b,"Three more to go.
","Three more to go.
"
0x1b45e,"Two more to go.
","Two more to go.
"
0x1b46f,"One more left.
","One more left.
"
0x1b47f,"Concentrate on your target. You must
destroy the bridge before the Shagohod
makes it across!
","Concentrate on your target. You must
destroy the bridge before the Shagohod
makes it across!
"
0x1b4dd,"You'll be crushed if the Shagohod makes it
across the bridge.
","You'll be crushed if the Shagohod makes it
across the bridge.
"
0x1b51c,"On the other hand, if you blow it up it too
early, the plan will be a failure.
","On the other hand, if you blow it up it too
early, the plan will be a failure.
"
0x1b56c,"Wait until the Shagohod is on top of the
rail bridge to shoot the C3 bombs and
destroy it.
","Wait until the Shagohod is on top of the
rail bridge to shoot the C3 bombs and
destroy it.
"
0x1b5c8,"Hurry, Snake! The Shagohod is about to
reach the other side! Shoot the C3
bombs, quickly!!
","Hurry, Snake! The Shagohod is about to
reach the other side! Shoot the C3
bombs, quickly!!
"
0x1b624,"Snake, the rear frame of the Shagohod
was destroyed when the bridge collapsed.
","Snake, the rear frame of the Shagohod
was destroyed when the bridge collapsed.
"
0x1b674,"The backside of the front frame is now
exposed.
","The backside of the front frame is now
exposed.
"
0x1b6a5,"Even the Shagohod is bound to have less
armor plating on its backside. I'm sure you
can penetrate it with the RPG-7.
","Even the Shagohod is bound to have less
armor plating on its backside. I'm sure you
can penetrate it with the RPG-7.
"
0x1b71b,"Attack the Shagohod from behind with
the RPG-7!
","Attack the Shagohod from behind with
the RPG-7!
"
0x1b74c,"The area around the Shagohod's
underbody seems to have sustained
heavy damage as well.
","The area around the Shagohod's
underbody seems to have sustained
heavy damage as well.
"
0x1b7a4,"By hitting its base with the RPG-7 or
a grenade, you can force it to change
direction.
","By hitting its base with the RPG-7 or
a grenade, you can force it to change
direction.
"
0x1b7fc,"That will surely make it easier to get
behind it. Aim for the base!
","That will surely make it easier to get
behind it. Aim for the base!
"
0x1b841,"Snake, it looks like Volgin is using his own
electricity to power the Shagohod now.
","Snake, it looks like Volgin is using his own
electricity to power the Shagohod now.
"
0x1b896,"Attacking the Shagohod itself at this point
will have little effect. You need to aim for
Volgin himself!
","Attacking the Shagohod itself at this point
will have little effect. You need to aim for
Volgin himself!
"
0x1b900,"If you attack Volgin from the front, he'll
simply deflect the bullet with his
electromagnetic field.
","If you attack Volgin from the front, he'll
simply deflect the bullet with his
electromagnetic field.
"
0x1b966,"Target him from the back and sides!
","Target him from the back and sides!
"
0x1b98b,"You should be able to slow the Shagohod's
movement by attacking its base. Aim for
the base and immobilize it!
","You should be able to slow the Shagohod's
movement by attacking its base. Aim for
the base and immobilize it!
"
0x1b9fa,"There's a gun emplacement and an
anti-aircraft cannon over there.
","There's a gun emplacement and an
anti-aircraft cannon over there.
"
0x1ba3d,"They should deal a fair bit of damage to him
as well. But stay there too long, and you make
yourself an easy target.
","They should deal a fair bit of damage to him
as well. But stay there too long, and you make
yourself an easy target.
"
0x1bab3,"If the Shagohod draws too close, get away
from the emplacement immediately.
","If the Shagohod draws too close, get away
from the emplacement immediately.
"
0x1bb00,"Snake, pay attention to EVA's LIFE as
well. If she dies, you won't be able to
complete your mission.
","Snake, pay attention to EVA's LIFE as
well. If she dies, you won't be able to
complete your mission.
"
0x1bb66,"Don't let EVA get caught in the crossfire
by mistake, or there'll be hell to pay!
","Don't let EVA get caught in the crossfire
by mistake, or there'll be hell to pay!
"
0x1bbb9,"Snake, you've got to make it to the lake!
Leave the driving to EVA like before. And
stay vigilant. The enemy is still in pursuit!
","Snake, you've got to make it to the lake!
Leave the driving to EVA like before. And
stay vigilant. The enemy is still in pursuit!
"
0x1bc3c,"Snake, you've got to make it to the lake
somehow. She's... waiting for you.
","Snake, you've got to make it to the lake
somehow. She's... waiting for you.
"
0x1bc89,"I know.
","I know.
"
0x1bc92,"Snake, you must shoot the fallen logs and
branches that block your path. Follow
EVA's instructions!
","Snake, you must shoot the fallen logs and
branches that block your path. Follow
EVA's instructions!
"
0x1bcf7,"Watch out for the flying platforms, too.
You can't afford to have them shooting at
you from the air.
","Watch out for the flying platforms, too.
You can't afford to have them shooting at
you from the air.
"
0x1bd5d,"Don't let them get too close, or else!
","Don't let them get too close, or else!
"
0x1bd85,"Snake, the engine seems to have caught
on fire.
","Snake, the engine seems to have caught
on fire.
"
0x1bdb6,"We're almost out of fuel, too.
","We're almost out of fuel, too.
"
0x1bdd6,"But it only needs to get us to the lake.
Just a little further.
","But it only needs to get us to the lake.
Just a little further.
"
0x1be17,"Hang in there.
","Hang in there.
"
0x1be27,"Snake, are you all right?
","Snake, are you all right?
"
0x1be42,"I've been better.
","I've been better.
"
0x1be55,"What about EVA?
","What about EVA?
"
0x1be66,"I healed her up. She can manage.
","I healed her up. She can manage.
"
0x1be88,"Good...
","Good...
"
0x1be91,"Snake, stay on your toes. The enemy
hasn't given up coming after you yet.
They should be there any minute now.
","Snake, stay on your toes. The enemy
hasn't given up coming after you yet.
They should be there any minute now.
"
0x1bf01,"If you go southeast from there, you'll come
to a road leading to the lake. Take EVA
with you and head southeast.
","If you go southeast from there, you'll come
to a road leading to the lake. Take EVA
with you and head southeast.
"
0x1bf73,"Snake, what do you think you're doing?
The enemy search party will be there any
minute. Head to the southeast, quickly!
","Snake, what do you think you're doing?
The enemy search party will be there any
minute. Head to the southeast, quickly!
"
0x1bfec,"Snake, you'll take the lead and break
through the enemy's line of defense.
","Snake, you'll take the lead and break
through the enemy's line of defense.
"
0x1c038,"EVA will ordinarily be following behind you.
If you lie on your belly, she'll lie down as
well.
","EVA will ordinarily be following behind you.
If you lie on your belly, she'll lie down as
well.
"
0x1c099,"If you slip and fall off a cliff, she'll follow
right behind.
","If you slip and fall off a cliff, she'll follow
right behind.
"
0x1c0d8,"You can call out to EVA by pressing
the Action Button.
","You can call out to EVA by pressing
the Action Button.
"
0x1c110,"Head to the lake along with EVA.
","Head to the lake along with EVA.
"
0x1c132,"You've given her treatment, but EVA is still
badly injured. Don't stray too far from her
side.
","You've given her treatment, but EVA is still
badly injured. Don't stray too far from her
side.
"
0x1c192,"If you get too far apart, she might just sit
down and refuse to move.
","If you get too far apart, she might just sit
down and refuse to move.
"
0x1c1d9,"Make sure EVA stays with you on your
way to the lake.
","Make sure EVA stays with you on your
way to the lake.
"
0x1c210,"Snake, where's EVA? You're too far away
from her. Go back and get her
immediately.
","Snake, where's EVA? You're too far away
from her. Go back and get her
immediately.
"
0x1c264,"She should be to your east.
","She should be to your east.
"
0x1c281,"She should be to your west.
","She should be to your west.
"
0x1c29e,"She should be to your south.
","She should be to your south.
"
0x1c2bc,"She should be to your north.
","She should be to your north.
"
0x1c2da,"Snake, if the enemy catches up to you, stop
where you are and fight them off. However,
there's no need to defeat them all.
","Snake, if the enemy catches up to you, stop
where you are and fight them off. However,
there's no need to defeat them all.
"
0x1c356,"As soon as you've beaten them back,
continue on toward the lake.
","As soon as you've beaten them back,
continue on toward the lake.
"
0x1c398,"If you find a hollow tree or clump of
bushes, you can hide there until the
enemy passes you by.
","If you find a hollow tree or clump of
bushes, you can hide there until the
enemy passes you by.
"
0x1c3f9,"The enemy may try to get ahead and
ambush you. Keep a constant watch on
your surroundings.
","The enemy may try to get ahead and
ambush you. Keep a constant watch on
your surroundings.
"
0x1c455,"Use your sensors to stay aware of their
locale.
","Use your sensors to stay aware of their
locale.
"
0x1c486,"Snake, the lake is in the northeast of that
area. You're almost there. Head to the
northeast, and don't forget EVA.
","Snake, the lake is in the northeast of that
area. You're almost there. Head to the
northeast, and don't forget EVA.
"
0x1c4fb,"Snake, what are you doing!? EVA is in
danger! Hurry and save her!!
","Snake, what are you doing!? EVA is in
danger! Hurry and save her!!
"
0x1c53f,"Snake, The Boss is waiting for you at
the lake.
","Snake, The Boss is waiting for you at
the lake.
"
0x1c570,"I know.
","I know.
"
0x1c579,"That's all I can tell you.
","That's all I can tell you.
"
0x1c595,"Finish the mission, Snake.
","Finish the mission, Snake.
"
0x1c5b1,"...
","...
"
0x1c5b6,"Yeah.
","Yeah.
"
0x1c5bd,"Snake, it's time to complete your final
mission.
","Snake, it's time to complete your final
mission.
"
0x1c5ef,"This is where you fulfill your loyalty to
your country - and perhaps to her as well.
","This is where you fulfill your loyalty to
your country - and perhaps to her as well.
"
0x1c645,"You must defeat The Boss!
","You must defeat The Boss!
"
0x1c660,"The firepower of that Patriot pistol The
Boss is using is beyond compare. In a
straight shoot-out, you'd lose every time.
","The firepower of that Patriot pistol The
Boss is using is beyond compare. In a
straight shoot-out, you'd lose every time.
"
0x1c6db,"Your first concern should be to hide
yourself while using camouflage.
","Your first concern should be to hide
yourself while using camouflage.
"
0x1c722,"Maneuver towards The Boss' blind side,
wait for an opening, and attack her with
a gun or CQC.
","Maneuver towards The Boss' blind side,
wait for an opening, and attack her with
a gun or CQC.
"
0x1c781,"Watch out for The Boss' Patriot pistol.
","Watch out for The Boss' Patriot pistol.
"
0x1c7aa,"Any attack you make is going to be futile
in the face of such overwhelming
firepower.
","Any attack you make is going to be futile
in the face of such overwhelming
firepower.
"
0x1c801,"Attack her from the back or side.
Use your camouflage to sneak into
her blind spot!
","Attack her from the back or side.
Use your camouflage to sneak into
her blind spot!
"
0x1c856,"You can also crawl through the flowers in
Intrusion View.
","You can also crawl through the flowers in
Intrusion View.
"
0x1c891,"Use this technique to maneuver discreetly
into The Boss' blind spot.
","Use this technique to maneuver discreetly
into The Boss' blind spot.
"
0x1c8d7,"In First Person View, you can press the
Left and Right Step Buttons simultaneously
to prop yourself up.
","In First Person View, you can press the
Left and Right Step Buttons simultaneously
to prop yourself up.
"
0x1c940,"That way, you can keep track of The Boss'
position as you move.
","That way, you can keep track of The Boss'
position as you move.
"
0x1c981,"The motion detector and active sonar will
also prove useful.
","The motion detector and active sonar will
also prove useful.
"
0x1c9bf,"Sneak behind The Boss so that she
remains unaware of your position.
","Sneak behind The Boss so that she
remains unaware of your position.
"
0x1ca04,"In a proximity encounter, The Boss will
obviously try to use CQC on you.
","In a proximity encounter, The Boss will
obviously try to use CQC on you.
"
0x1ca4e,"By pressing the CQC Button at the very
moment The Boss launches a CQC strike,
you can parry the attack.
","By pressing the CQC Button at the very
moment The Boss launches a CQC strike,
you can parry the attack.
"
0x1cab7,"If you're successful, you can maneuver
around to her side. That's your chance
to use CQC on her.
","If you're successful, you can maneuver
around to her side. That's your chance
to use CQC on her.
"
0x1cb19,"But if you fail, not only will she throw you,
but she'll disassemble your weapon as
well.
","But if you fail, not only will she throw you,
but she'll disassemble your weapon as
well.
"
0x1cb74,"Watch The Boss' movements carefully.
Timing is everything!
","Watch The Boss' movements carefully.
Timing is everything!
"
0x1cbb0,"The Boss has ordered MiGs to launch an air
strike. If you don't finish the battle within 10
minutes, you'll both be blown to bits.
","The Boss has ordered MiGs to launch an air
strike. If you don't finish the battle within 10
minutes, you'll both be blown to bits.
"
0x1cc34,"You must defeat The Boss before
the MiGs get there!
","You must defeat The Boss before
the MiGs get there!
"
0x1cc69,"Hurry, Snake! You're running out of time!
","Hurry, Snake! You're running out of time!
"
0x1cc94,"I won't allow you to die with her! Finish
her off, now, Snake!
","I won't allow you to die with her! Finish
her off, now, Snake!
"
0x1ccd4,"Snake, pick up one of the Item Boxes
on the floor.
","Snake, pick up one of the Item Boxes
on the floor.
"
0x1cd08,"One of them contains a loaded revolver.
","One of them contains a loaded revolver.
"
0x1cd31,"My bet's on you, Snake! Pick up
the gun!!
","My bet's on you, Snake! Pick up
the gun!!
"
0x1cd5c,"Snake, making it harder for the enemy to
spot you isn't the only advantage to
maintaining a high Camo Index.
","Snake, making it harder for the enemy to
spot you isn't the only advantage to
maintaining a high Camo Index.
"
0x1cdca,"The harder you are to distinguish from
your surroundings, the harder you are
to hit.
","The harder you are to distinguish from
your surroundings, the harder you are
to hit.
"
0x1ce20,"In other words, the enemy's shots will miss
more often.
","In other words, the enemy's shots will miss
more often.
"
0x1ce59,"Do everything you can to keep your Camo
Index high at all times.
","Do everything you can to keep your Camo
Index high at all times.
"
0x1ce9b,"Snake, when you knock down a hornets'
nest, a large swarm of hornets will come
flying out.
","Snake, when you knock down a hornets'
nest, a large swarm of hornets will come
flying out.
"
0x1cef7,"If used wisely, this can sow panic among
the enemy, but if you're not careful, the
hornets may end up attacking you.
","If used wisely, this can sow panic among
the enemy, but if you're not careful, the
hornets may end up attacking you.
"
0x1cf6d,"If you're attacked by hornets, wiggle the
left analog stick around or wave your
survival knife to shoo them away.
","If you're attacked by hornets, wiggle the
left analog stick around or wave your
survival knife to shoo them away.
"
0x1cfe0,"Waving a torch around with the CQC
Button should do the trick, too.
","Waving a torch around with the CQC
Button should do the trick, too.
"
0x1d025,"Smoke is another useful tool in keeping
hornets away.
","Smoke is another useful tool in keeping
hornets away.
"
0x1d05c,"If you're attacked by hornets, I'd advise
you to try using a smoke grenade.
","If you're attacked by hornets, I'd advise
you to try using a smoke grenade.
"
0x1d0a9,"And if you use the insecticidal bug juice,
the hornets should stay away as long as
the effect lasts.
","And if you use the insecticidal bug juice,
the hornets should stay away as long as
the effect lasts.
"
0x1d10f,"Hornets are prone to becoming agitated
and aggressive when they see the color
black.
","Hornets are prone to becoming agitated
and aggressive when they see the color
black.
"
0x1d165,"Their attacks will be more vicious if you're
wearing black clothes.
","Their attacks will be more vicious if you're
wearing black clothes.
"
0x1d1aa,"If you're attacked by hornets, you should
change into white clothes.
","If you're attacked by hornets, you should
change into white clothes.
"
0x1d1f0,"Snake, this is a solo sneaking operation.
","Snake, this is a solo sneaking operation.
"
0x1d21b,"There are no medics there to assist you.
You'll have to treat your own injuries.
Are we clear?
","There are no medics there to assist you.
You'll have to treat your own injuries.
Are we clear?
"
0x1d27b,"I had a little bit of training, but I'm
no doctor...
","I had a little bit of training, but I'm
no doctor...
"
0x1d2b1,"That's where I come in.
","That's where I come in.
"
0x1d2ca,"To treat an injury, first press the START
button to open the Survival Viewer.
Then select ""CURE"" to start the treatment.
","To treat an injury, first press the START
button to open the Survival Viewer.
Then select ""CURE"" to start the treatment.
"
0x1d344,"Healing is divided into treatment using
medicine with the Item Window Button,
","Healing is divided into treatment using
medicine with the Item Window Button,
"
0x1d393,"and surgical treatment using the Weapon
Window Button.
","and surgical treatment using the Weapon
Window Button.
"
0x1d3cb,"Treatment with medicine involves
administering oral remedies and serum
injections.
","Treatment with medicine involves
administering oral remedies and serum
injections.
"
0x1d41f,"You'll use this treatment method when you
have food poisoning or when you've been
bitten by a venomous animal.
","You'll use this treatment method when you
have food poisoning or when you've been
bitten by a venomous animal.
"
0x1d48f,"Surgical treatment involves applying
surgical techniques to injured areas.
","Surgical treatment involves applying
surgical techniques to injured areas.
"
0x1d4db,"You'll use this method to take care of
burns and gunshot wounds.
","You'll use this method to take care of
burns and gunshot wounds.
"
0x1d51d,"As long as you do everything you're
supposed to, your injuries should heal
completely.
","As long as you do everything you're
supposed to, your injuries should heal
completely.
"
0x1d575,"Be sure to follow the proper procedures.
","Be sure to follow the proper procedures.
"
0x1d59f,"Snake, it looks like they've got attack dogs
in that area.
","Snake, it looks like they've got attack dogs
in that area.
"
0x1d5db,"Attack dogs generally receive extensive
military training in tracking and combat
techniques.
","Attack dogs generally receive extensive
military training in tracking and combat
techniques.
"
0x1d639,"They're formidable close-range fighters,
and difficult to elude.
","They're formidable close-range fighters,
and difficult to elude.
"
0x1d67b,"Their barking can alert enemy patrols to
your presence as well.
","Their barking can alert enemy patrols to
your presence as well.
"
0x1d6bc,"Take care not to let attack dogs catch
sight of you.
","Take care not to let attack dogs catch
sight of you.
"
0x1d6f2,"Attack dogs may be dangerous, but they
can't climb trees. If you've been cornered
by attack dogs, try climbing a tree.
","Attack dogs may be dangerous, but they
can't climb trees. If you've been cornered
by attack dogs, try climbing a tree.
"
0x1d76a,"Smoke grenades should prove useful
as well.
","Smoke grenades should prove useful
as well.
"
0x1d797,"EVA mentioned that that area was guarded
by flying platforms.
","EVA mentioned that that area was guarded
by flying platforms.
"
0x1d7d6,"That area seems to be guarded by flying
platforms.
","That area seems to be guarded by flying
platforms.
"
0x1d80a,"Be careful. They can see a great distance
from up there.
","Be careful. They can see a great distance
from up there.
"
0x1d844,"If a flying platform starts to draw near,
you'd do well to dive underwater and hide
until it passes.
","If a flying platform starts to draw near,
you'd do well to dive underwater and hide
until it passes.
"
0x1d8aa,"Be careful of enemy soldiers carrying
shields.
","Be careful of enemy soldiers carrying
shields.
"
0x1d8da,"It'll be difficult to destroy those shields
with just a handgun or an assault rifle.
","It'll be difficult to destroy those shields
with just a handgun or an assault rifle.
"
0x1d930,"Either aim for their feet, or use a grenade.
","Either aim for their feet, or use a grenade.
"
0x1d95e,"Taking control of a gun emplacement
might be a good idea too.
","Taking control of a gun emplacement
might be a good idea too.
"
0x1d99d,"Snake, watch out for enemy soldiers
carrying RPG-7s.
","Snake, watch out for enemy soldiers
carrying RPG-7s.
"
0x1d9d3,"A full-on rocket blast is not something
you can just walk away from.
","A full-on rocket blast is not something
you can just walk away from.
"
0x1da19,"However, it takes some time to reload a
rocket launcher. Use that opening to your
advantage.
","However, it takes some time to reload a
rocket launcher. Use that opening to your
advantage.
"
0x1da77,"Snake, the food you catch will gradually
spoil over time.
","Snake, the food you catch will gradually
spoil over time.
"
0x1dab2,"Some types of food spoil faster than
others.
","Some types of food spoil faster than
others.
"
0x1dae0,"Animal and fish meat goes bad relatively
fast, but plants and mushrooms generally
last a little longer.
","Animal and fish meat goes bad relatively
fast, but plants and mushrooms generally
last a little longer.
"
0x1db49,"Animals won't go bad if you capture them
alive, though.
","Animals won't go bad if you capture them
alive, though.
"
0x1db82,"You can tell whether food has gone bad
or not by looking closely at the icon on
the ""FOOD"" screen in the Survival Viewer.
","You can tell whether food has gone bad
or not by looking closely at the icon on
the ""FOOD"" screen in the Survival Viewer.
"
0x1dbfd,"So be sure to check the icon before you
eat the food.
","So be sure to check the icon before you
eat the food.
"
0x1dc34,"If you eat spoiled food, you'll get sick and
end up with a stomach ache.
","If you eat spoiled food, you'll get sick and
end up with a stomach ache.
"
0x1dc7e,"It'll get better eventually if you leave it
alone, but that means you throw up and
lose a lot of stamina.
","It'll get better eventually if you leave it
alone, but that means you throw up and
lose a lot of stamina.
"
0x1dce9,"If you get a stomach ache, go to ""CURE""
in the Survival Viewer and take some
digestive medicine.
","If you get a stomach ache, go to ""CURE""
in the Survival Viewer and take some
digestive medicine.
"
0x1dd4b,"Digestive medicine and antidotes aren't
the only ways to cure stomach aches and
food poisoning.
","Digestive medicine and antidotes aren't
the only ways to cure stomach aches and
food poisoning.
"
0x1ddac,"You can also induce vomiting.
","You can also induce vomiting.
"
0x1ddcb,"Go into the Survival Viewer and press
the Viewer Button to enter Viewer Mode.
","Go into the Survival Viewer and press
the Viewer Button to enter Viewer Mode.
"
0x1de1a,"Then rotate the right analog stick to spin
your body around and eventually you'll
start feeling queasy.
","Then rotate the right analog stick to spin
your body around and eventually you'll
start feeling queasy.
"
0x1de83,"When you get dizzy enough, exit the
Survival Viewer and you'll throw up.
","When you get dizzy enough, exit the
Survival Viewer and you'll throw up.
"
0x1decd,"That should get rid of any stomach ache
and food poisoning you have. Give it a try.
","That should get rid of any stomach ache
and food poisoning you have. Give it a try.
"
0x1df22,"Snake, I see you're in the water.
","Snake, I see you're in the water.
"
0x1df45,"The controls when you're underwater are
quite different from when you're on land.
","The controls when you're underwater are
quite different from when you're on land.
"
0x1df98,"The left analog stick controls the direction
you're facing. Press up, down, left, or right
to turn in that direction.
","The left analog stick controls the direction
you're facing. Press up, down, left, or right
to turn in that direction.
"
0x1e00f,"Press the CQC Button or the Crawl Button
to move forward.
","Press the CQC Button or the Crawl Button
to move forward.
"
0x1e04a,"Each button press will move you one
stroke forward. Press the button
repeatedly to swim faster.
","Each button press will move you one
stroke forward. Press the button
repeatedly to swim faster.
"
0x1e0ab,"You can also press the Action Button to
surface in an emergency.
","You can also press the Action Button to
surface in an emergency.
"
0x1e0ed,"While you're swimming,
","While you're swimming,
"
0x1e105,"you can use the right analog stick to look
in a different direction without changing
the direction you're going.
","you can use the right analog stick to look
in a different direction without changing
the direction you're going.
"
0x1e177,"Snake, the water in that aqueduct comes
up to your waist. Naturally, you won't be
able to walk as fast as usual.
","Snake, the water in that aqueduct comes
up to your waist. Naturally, you won't be
able to walk as fast as usual.
"
0x1e1e9,"But you can jump into the water with a roll
or press the Crawl Button to go underwater
and swim your way through.
","But you can jump into the water with a roll
or press the Crawl Button to go underwater
and swim your way through.
"
0x1e25c,"Snake, let's go over the controls for
CQC one more time.
","Snake, let's go over the controls for
CQC one more time.
"
0x1e296,"Press the CQC Button once to throw a
punch. Press it repeatedly to launch a
combo attack.
","Press the CQC Button once to throw a
punch. Press it repeatedly to launch a
combo attack.
"
0x1e2f1,"CQC doesn't really start to shine,
however, until you grab an enemy.
","CQC doesn't really start to shine,
however, until you grab an enemy.
"
0x1e337,"Press and hold the CQC Button to extend
your right hand and grab the enemy.
","Press and hold the CQC Button to extend
your right hand and grab the enemy.
"
0x1e384,"Move the left analog stick at the same time
and you can knock the enemy to the
ground.
","Move the left analog stick at the same time
and you can knock the enemy to the
ground.
"
0x1e3dc,"If you don't move the left analog stick,
you can get behind the enemy and hold
him prisoner.
","If you don't move the left analog stick,
you can get behind the enemy and hold
him prisoner.
"
0x1e43a,"When you're holding an enemy from
behind, he'll be almost completely
helpless.
","When you're holding an enemy from
behind, he'll be almost completely
helpless.
"
0x1e48a,"From there, there are a number of things
you can do.
","From there, there are a number of things
you can do.
"
0x1e4c0,"By pressing the CQC Button again firmly,
you can slit his throat using your knife.
","By pressing the CQC Button again firmly,
you can slit his throat using your knife.
"
0x1e514,"By moving the left analog stick along with
the CQC Button, you can knock him to
the ground.
","By moving the left analog stick along with
the CQC Button, you can knock him to
the ground.
"
0x1e571,"You can also choke the enemy by tapping
the CQC Button rapidly.
","You can also choke the enemy by tapping
the CQC Button rapidly.
"
0x1e5b2,"You can either render him unconscious
or kill him outright - it's up to you.
","You can either render him unconscious
or kill him outright - it's up to you.
"
0x1e600,"If you keep the CQC Button pressed, you
can use the left analog stick to move
around with the enemy in your grip.
","If you keep the CQC Button pressed, you
can use the left analog stick to move
around with the enemy in your grip.
"
0x1e673,"You can also press the Weapon Button to
use the weapon you have equipped.
","You can also press the Weapon Button to
use the weapon you have equipped.
"
0x1e6be,"The enemy will be hesitant to attack
as long as you're using one of their
comrades as a human shield.
","The enemy will be hesitant to attack
as long as you're using one of their
comrades as a human shield.
"
0x1e725,"Use that moment of hesitation to attack
in First Person View.
","Use that moment of hesitation to attack
in First Person View.
"
0x1e764,"By pressing the  button,
you can interrogate the enemy.
","By pressing the  button,
you can interrogate the enemy.
"
0x1e7a0,"You might be surprised at the things
you can learn.
","You might be surprised at the things
you can learn.
"
0x1e7d5,"But stay alert. While the enemy is nearly
helpless in your grasp, if you give him
a chance, he'll turn the tables on you.
","But stay alert. While the enemy is nearly
helpless in your grasp, if you give him
a chance, he'll turn the tables on you.
"
0x1e850,"You can only grab an enemy using CQC
when you're using a weapon that will allow
you to reach out with your right hand,
","You can only grab an enemy using CQC
when you're using a weapon that will allow
you to reach out with your right hand,
"
0x1e8c8,"such as the survival knife, a handgun,
or your bare hands.
","such as the survival knife, a handgun,
or your bare hands.
"
0x1e904,"You can't grab the enemy when using
weapons that take both hands to use,
","You can't grab the enemy when using
weapons that take both hands to use,
"
0x1e94e,"such as assault rifles, or that prevent you
from controlling the enemy with your
right hand, like hand grenades.
","such as assault rifles, or that prevent you
from controlling the enemy with your
right hand, like hand grenades.
"
0x1e9c0,"In short, you can't use CQC when
equipped with assault rifles or hand
grenades.
","In short, you can't use CQC when
equipped with assault rifles or hand
grenades.
"
0x1ea11,"You can tell whether a weapon is
compatible with CQC or not by looking
at its icon.
","You can tell whether a weapon is
compatible with CQC or not by looking
at its icon.
"
0x1ea66,"Major, what should I do with this wreck
of a drone?
","Major, what should I do with this wreck
of a drone?
"
0x1ea9b,"Just leave it there.
","Just leave it there.
"
0x1eab1,"Are you sure?
","Are you sure?
"
0x1eac0,"Yes.
","Yes.
"
0x1eac6,"But isn't this thing top secret?
","But isn't this thing top secret?
"
0x1eae8,"Yeah, it is.
","Yeah, it is.
"
0x1eaf6,"After the U2 spy plane incident four years
ago,
","After the U2 spy plane incident four years
ago,
"
0x1eb27,"plans were laid out for future spy missions
in Soviet airspace to be carried out by an
unmanned craft.
","plans were laid out for future spy missions
in Soviet airspace to be carried out by an
unmanned craft.
"
0x1eb8f,"That craft was the D21 spy drone,
the basis of the one you came in on.
","That craft was the D21 spy drone,
the basis of the one you came in on.
"
0x1ebd7,"The D21 is launched from a craft called
the M21.
","The D21 is launched from a craft called
the M21.
"
0x1ec09,"The M21 itself is a derivative of the A-12,
","The M21 itself is a derivative of the A-12,
"
0x1ec36,"a supersonic long-range spy plane
currently being developed as the
successor to the U2.
","a supersonic long-range spy plane
currently being developed as the
successor to the U2.
"
0x1ec8f,"However, for this mission we used a
modified YF-12A, a long-range interceptor
version of the A-12.
","However, for this mission we used a
modified YF-12A, a long-range interceptor
version of the A-12.
"
0x1ecf3,"After being released from the mother ship, the
drone can achieve speeds upwards of Mach 3
at high altitude using its ramjet engine.
","After being released from the mother ship, the
drone can achieve speeds upwards of Mach 3
at high altitude using its ramjet engine.
"
0x1ed78,"It can't be shot down by ground-to-air
missiles, and it's nearly undetectable by
radar.
","It can't be shot down by ground-to-air
missiles, and it's nearly undetectable by
radar.
"
0x1edd1,"With Tselinoyarsk in such a high state of
alert after our last escapade, this was
the only reliable way to get you in.
","With Tselinoyarsk in such a high state of
alert after our last escapade, this was
the only reliable way to get you in.
"
0x1ee49,"This is all top-secret military technology.
Are you telling me I'm supposed to just
leave it here?
","This is all top-secret military technology.
Are you telling me I'm supposed to just
leave it here?
"
0x1eead,"That's right.
","That's right.
"
0x1eebc,"Why?
","Why?
"
0x1eec2,"The purpose of Operation Snake Eater is
to send an American agent into the field
in order to eliminate a defector and traitor
","The purpose of Operation Snake Eater is
to send an American agent into the field
in order to eliminate a defector and traitor
"
0x1ef41,"- namely, The Boss.
","- namely, The Boss.
"
0x1ef56,"Part of that mission involves making sure
the Soviets find out what we're doing.
","Part of that mission involves making sure
the Soviets find out what we're doing.
"
0x1efa8,"So we have to leave behind some kind
of evidence that the U.S. was involved.
","So we have to leave behind some kind
of evidence that the U.S. was involved.
"
0x1eff6,"Don't worry. The technologically sensitive
components of the craft were rigged to
self-destruct when it landed.
","Don't worry. The technologically sensitive
components of the craft were rigged to
self-destruct when it landed.
"
0x1f067,"The only thing the Soviets are going to find
is a pile of American-made scrap metal.
","The only thing the Soviets are going to find
is a pile of American-made scrap metal.
"
0x1f0bd,"Got it. Just one thing, though.
","Got it. Just one thing, though.
"
0x1f0de,"What is it?
","What is it?
"
0x1f0eb,"I think they'd better redesign the landing
impact buffer. People are gonna get hurt
landing that thing.
","I think they'd better redesign the landing
impact buffer. People are gonna get hurt
landing that thing.
"
0x1f154,"I'll let them know.
","I'll let them know.
"
0x1f169,"The Soviet intelligence community must be
up in arms about The Boss' defection.
","The Soviet intelligence community must be
up in arms about The Boss' defection.
"
0x1f1ba,"The great Voyevoda has abandoned
America and embraced the Soviet Union.
","The great Voyevoda has abandoned
America and embraced the Soviet Union.
"
0x1f203,"Voyevoda?
","Voyevoda?
"
0x1f20e,"Apparently that's what they call The Boss
behind the Iron Curtain.
","Apparently that's what they call The Boss
behind the Iron Curtain.
"
0x1f252,"It means ""warrior"" or ""mighty soldier"" in
Russian. When used to refer to a woman,
it means something close to ""lady knight.""
","It means ""warrior"" or ""mighty soldier"" in
Russian. When used to refer to a woman,
it means something close to ""lady knight.""
"
0x1f2d0,"In Russia, where they've had a number of
female emperors throughout their history,
it's a term of great respect.
","In Russia, where they've had a number of
female emperors throughout their history,
it's a term of great respect.
"
0x1f342,"Well, poetic, in a way.
","Well, poetic, in a way.
"
0x1f35b,"The Boss' exploits have made her name
famous in the East as well.
","The Boss' exploits have made her name
famous in the East as well.
"
0x1f39e,"Major, why did The Boss defect?
","Major, why did The Boss defect?
"
0x1f3bf,"I don't know. But I will tell you this.
America is all too eager to get rid of her.
","I don't know. But I will tell you this.
America is all too eager to get rid of her.
"
0x1f414,"What do you mean?
","What do you mean?
"
0x1f427,"She knows too many of our secrets.
","She knows too many of our secrets.
"
0x1f44b,"If she were to relay all the top-secret
information she knows to the Soviet bloc,
it would put us at a severe disadvantage.
","If she were to relay all the top-secret
information she knows to the Soviet bloc,
it would put us at a severe disadvantage.
"
0x1f4c8,"It might even lead to the downfall of
the West.
","It might even lead to the downfall of
the West.
"
0x1f4f9,"Even if we survive, The Boss is still too
much of a hero to us.
","Even if we survive, The Boss is still too
much of a hero to us.
"
0x1f53a,"With her in the Soviet camp, we'd suffer
a fatal loss of morale at home.
","With her in the Soviet camp, we'd suffer
a fatal loss of morale at home.
"
0x1f584,"There are even whispers that some of the less
stalwart elements of the military might follow
her example and defect themselves.
","There are even whispers that some of the less
stalwart elements of the military might follow
her example and defect themselves.
"
0x1f605,"I assume you're aware that since your last
mission, several key figures within the CIA
have been placed under house arrest.
","I assume you're aware that since your last
mission, several key figures within the CIA
have been placed under house arrest.
"
0x1f682,"Yeah.
","Yeah.
"
0x1f689,"The loss of The Boss has been
a painful one indeed.
","The loss of The Boss has been
a painful one indeed.
"
0x1f6be,"What about you?
","What about you?
"
0x1f6cf,"Me? I still can't believe it. As a comrade,
I would have placed my trust in her before
my own family.
","Me? I still can't believe it. As a comrade,
I would have placed my trust in her before
my own family.
"
0x1f736,"But now that I think about it, The Boss
always seemed to have an aura of
mystery about her.
","But now that I think about it, The Boss
always seemed to have an aura of
mystery about her.
"
0x1f793,"I never would have expected it to manifest
in this way, though.
","I never would have expected it to manifest
in this way, though.
"
0x1f7d4,"...
","...
"
0x1f7d9,"Ah well, it won't do to get all misty-eyed
about it. She's an enemy now, worthy of
nothing more than our contempt.
","Ah well, it won't do to get all misty-eyed
about it. She's an enemy now, worthy of
nothing more than our contempt.
"
0x1f84d,"Understood.
","Understood.
"
0x1f85a,"Major, what's this temptation EVA was
talking about?
","Major, what's this temptation EVA was
talking about?
"
0x1f890,"In the Old Testament of the Bible, Eve was
seduced by a snake into tasting the fruit
of knowledge.
","In the Old Testament of the Bible, Eve was
seduced by a snake into tasting the fruit
of knowledge.
"
0x1f8f4,"By eating the forbidden fruit, Adam and
Eve disobeyed God's command and were
cast out from the Garden of Eden.
","By eating the forbidden fruit, Adam and
Eve disobeyed God's command and were
cast out from the Garden of Eden.
"
0x1f964,"Thus, it was the snake who led mankind
into original sin.
","Thus, it was the snake who led mankind
into original sin.
"
0x1f99f,"Come to think of it, I did break a rib in
the Virtuous Mission. Maybe that's where
EVA came from.
","Come to think of it, I did break a rib in
the Virtuous Mission. Maybe that's where
EVA came from.
"
0x1fa02,"But the one who tempted Adam into eating
the forbidden fruit was Eve.
","But the one who tempted Adam into eating
the forbidden fruit was Eve.
"
0x1fa49,"You may be working together, but she's
still a KGB operative. Don't let your guard
down.
","You may be working together, but she's
still a KGB operative. Don't let your guard
down.
"
0x1faa3,"I don't intend to.
","I don't intend to.
"
0x1fab7,"Major, I appreciate you allowing me to use
weapons, but shouldn't I be carrying some
rubles?
","Major, I appreciate you allowing me to use
weapons, but shouldn't I be carrying some
rubles?
"
0x1fb15,"You mean fake currency?
","You mean fake currency?
"
0x1fb2e,"Right.
","Right.
"
0x1fb36,"Snake, do you remember the Francis Gary
Powers incident back in 1960?
","Snake, do you remember the Francis Gary
Powers incident back in 1960?
"
0x1fb7d,"Powers was flying a U2 on a spy mission
for the CIA in Soviet airspace. He was
shot down and taken prisoner.
","Powers was flying a U2 on a spy mission
for the CIA in Soviet airspace. He was
shot down and taken prisoner.
"
0x1fbeb,"His confession brought to light the fact
that the CIA was spying in Soviet airspace.
","His confession brought to light the fact
that the CIA was spying in Soviet airspace.
"
0x1fc41,"As a result, the U.S.-Soviet summit
scheduled for two weeks later was
canceled.
","As a result, the U.S.-Soviet summit
scheduled for two weeks later was
canceled.
"
0x1fc92,"Yeah, I remember.
","Yeah, I remember.
"
0x1fca5,"U2 pilots are required to carry items that
mask their identity.
","U2 pilots are required to carry items that
mask their identity.
"
0x1fce6,"Powers was carrying ruble, mark, and lira
coins as well as French gold coins.
","Powers was carrying ruble, mark, and lira
coins as well as French gold coins.
"
0x1fd35,"He was also carrying two gold watches
and seven women's rings.
","He was also carrying two gold watches
and seven women's rings.
"
0x1fd75,"All of these objects were meant to
conceal his national origins.
","All of these objects were meant to
conceal his national origins.
"
0x1fdb7,"But for this mission, we've got to
demonstrate to the Khrushchev regime
that America is involved.
","But for this mission, we've got to
demonstrate to the Khrushchev regime
that America is involved.
"
0x1fe1a,"There's no need to conceal your origins.
And besides...
","There's no need to conceal your origins.
And besides...
"
0x1fe53,"All you need to do is complete your mission.
As long as you're not captured or killed,
the details will take care of themselves.
","All you need to do is complete your mission.
As long as you're not captured or killed,
the details will take care of themselves.
"
0x1fed5,"OK.
","OK.
"
0x1feda,"Major, tell me a little bit more about
the space race.
","Major, tell me a little bit more about
the space race.
"
0x1ff12,"In 1957, the Soviet Union succeeded
in launching their first artificial satellite,
Sputnik, into orbit.
","In 1957, the Soviet Union succeeded
in launching their first artificial satellite,
Sputnik, into orbit.
"
0x1ff7b,"Having been beaten to the chase by
the Soviets,
","Having been beaten to the chase by
the Soviets,
"
0x1ffac,"the U.S. government accelerated its own
space program in an effort to catch up.
","the U.S. government accelerated its own
space program in an effort to catch up.
"
0x1fffd,"The following year, the space development
programs of the various service branches
","The following year, the space development
programs of the various service branches
"
0x20051,"were united to form the National
Aeronautics and Space Administration,
or NASA.
","were united to form the National
Aeronautics and Space Administration,
or NASA.
"
0x200a2,"That same year, the Mercury program
was launched with the goal of putting
a man into space.
","That same year, the Mercury program
was launched with the goal of putting
a man into space.
"
0x200ff,"Seven candidates were chosen from
the military as the first astronauts.
These were the men with the ""right stuff.""
","Seven candidates were chosen from
the military as the first astronauts.
These were the men with the ""right stuff.""
"
0x20173,"But as you know, it was a Soviet cosmonaut,
Yuri Gagarin, who made the first successful
manned space flight three years ago.
","But as you know, it was a Soviet cosmonaut,
Yuri Gagarin, who made the first successful
manned space flight three years ago.
"
0x201f1,"NASA's first successful ballistic flight came
one month after Gagarin's mission,
","NASA's first successful ballistic flight came
one month after Gagarin's mission,
"
0x20243,"with the Freedom 7 carrying Alan Shepard
into space.
","with the Freedom 7 carrying Alan Shepard
into space.
"
0x20279,"After that, with America still lagging behind
the Soviets in orbital flight, President
Kennedy made a momentous decision.
","After that, with America still lagging behind
the Soviets in orbital flight, President
Kennedy made a momentous decision.
"
0x202f4,"That America would put a man on the
moon before the end of the decade.
","That America would put a man on the
moon before the end of the decade.
"
0x2033c,"Yeah, I heard that speech. But a lot of
guys I knew weren't real happy about it...
","Yeah, I heard that speech. But a lot of
guys I knew weren't real happy about it...
"
0x20390,"They said no one was gonna make them
go on a mission to blow up some damn
moon base.
","They said no one was gonna make them
go on a mission to blow up some damn
moon base.
"
0x203e6,"But rocket research and missile research
are closely related.
","But rocket research and missile research
are closely related.
"
0x20425,"Imagine, if you will, a Soviet Union able to
send wave after wave of nuclear missiles
","Imagine, if you will, a Soviet Union able to
send wave after wave of nuclear missiles
"
0x2047c,"raining down on Washington from a base
on the surface of the moon.
","raining down on Washington from a base
on the surface of the moon.
"
0x204c0,"Even if that's still a long way from reality...
","Even if that's still a long way from reality...
"
0x204f1,"If we lose the initiative, we may never get
it back. We're left with no choice but to
keep moving forward, one step at a time.
","If we lose the initiative, we may never get
it back. We're left with no choice but to
keep moving forward, one step at a time.
"
0x20571,"The Gemini program launched two years
ago represents the initial step toward
establishing a moon base.
","The Gemini program launched two years
ago represents the initial step toward
establishing a moon base.
"
0x205d9,"And yet...
","And yet...
"
0x205e5,"I don't want to call President Kennedy a
liar, but I simply can't imagine that in six
years, man will have reached the moon.
","I don't want to call President Kennedy a
liar, but I simply can't imagine that in six
years, man will have reached the moon.
"
0x20663,"I don't know. I never even thought we'd
make it up into space.
","I don't know. I never even thought we'd
make it up into space.
"
0x206a3,"Guess it all depends on whether you have
the will to make it happen.
","Guess it all depends on whether you have
the will to make it happen.
"
0x206e9,"Perhaps you're right.
","Perhaps you're right.
"
0x20700,"Thanks to last week's nuclear incident,
the Soviet Union is now on secondary
alert.
","Thanks to last week's nuclear incident,
the Soviet Union is now on secondary
alert.
"
0x20755,"We're one step away from a nuclear war.
","We're one step away from a nuclear war.
"
0x2077e,"Defcon 2, huh.
","Defcon 2, huh.
"
0x2078e,"In American parlance, yes.
","In American parlance, yes.
"
0x207aa,"From what Western intelligence has been able
to gather, the radical elements in the Soviet
command are showing signs of impatience.
","From what Western intelligence has been able
to gather, the radical elements in the Soviet
command are showing signs of impatience.
"
0x2082f,"They say we're on the brink of World War
III here.
","They say we're on the brink of World War
III here.
"
0x20863,"And with Khrushchev's position getting
weaker every day, I worry whether he'll
be able to hold them back...
","And with Khrushchev's position getting
weaker every day, I worry whether he'll
be able to hold them back...
"
0x208d0,"...One week.
","...One week.
"
0x208de,"Yes. America must eliminate The Boss by
its own hand to prove its ""innocence.""
There is no other way to resolve the crisis.
","Yes. America must eliminate The Boss by
its own hand to prove its ""innocence.""
There is no other way to resolve the crisis.
"
0x2095b,"Everything rests on your shoulders, Snake.
","Everything rests on your shoulders, Snake.
"
0x20987,"Failure is not an option.
","Failure is not an option.
"
0x209a2,"...I know.
","...I know.
"
0x209ae,"I see you've equipped the binoculars.
","I see you've equipped the binoculars.
"
0x209d5,"Yep. Scouting is the bread and butter
of sneaking missions.
","Yep. Scouting is the bread and butter
of sneaking missions.
"
0x20a12,"Are you finding them useful?
","Are you finding them useful?
"
0x20a30,"Yeah. The performance is top notch,
and they're easy to use. These are
some good binoculars.
","Yeah. The performance is top notch,
and they're easy to use. These are
some good binoculars.
"
0x20a8e,"Really. Sigint will be pleased to hear that.
","Really. Sigint will be pleased to hear that.
"
0x20abc,"Why does Sigint care?
","Why does Sigint care?
"
0x20ad3,"Because he made them.
","Because he made them.
"
0x20aea,"Now I get it...
","Now I get it...
"
0x20afb,"What do you mean?
","What do you mean?
"
0x20b0e,"Don't worry about it...
","Don't worry about it...
"
0x20b27,"From what I hear, it took him more than
a year to finish them.
","From what I hear, it took him more than
a year to finish them.
"
0x20b67,"I'll admit they're good binoculars, but what
took him so long? Was it grinding the
lenses?
","I'll admit they're good binoculars, but what
took him so long? Was it grinding the
lenses?
"
0x20bc3,"No, it was the style.
","No, it was the style.
"
0x20bda,"The style?
","The style?
"
0x20be6,"Yes. He said he could never get the body
design just right.
","Yes. He said he could never get the body
design just right.
"
0x20c23,"Thanks to all his blasted tinkering, we went
three times over budget. He better have a will
ready before I get done with him.
","Thanks to all his blasted tinkering, we went
three times over budget. He better have a will
ready before I get done with him.
"
0x20ca2,"...
","...
"
0x20ca7,"The Cynthia that EVA mentioned was a
famous lady spy who worked for Britain
during the Second World War.
","The Cynthia that EVA mentioned was a
famous lady spy who worked for Britain
during the Second World War.
"
0x20d11,"Her real name was Amy Elizabeth Thorpe.
","Her real name was Amy Elizabeth Thorpe.
"
0x20d3a,"She was a lovely, intelligent woman, and
she used those charms as a weapon to
extract numerous secrets from the enemy.
","She was a lovely, intelligent woman, and
she used those charms as a weapon to
extract numerous secrets from the enemy.
"
0x20db2,"They say her most brilliant achievement
was getting the French Vichy government's
naval ciphers.
","They say her most brilliant achievement
was getting the French Vichy government's
naval ciphers.
"
0x20e14,"But don't let yourself be taken in by EVA's
charms.
","But don't let yourself be taken in by EVA's
charms.
"
0x20e49,"I'll be careful.
","I'll be careful.
"
0x20e5b,"Snake, enemy soldiers who operate
indoors aren't equipped with radios.
","Snake, enemy soldiers who operate
indoors aren't equipped with radios.
"
0x20ea3,"To communicate with command, they'll
have to use the radio-equipped alarm
systems located on the walls.
","To communicate with command, they'll
have to use the radio-equipped alarm
systems located on the walls.
"
0x20f0c,"If you're spotted by an enemy, you can
avoid going into Alert Phase by taking him
out before he can use the alarm system.
","If you're spotted by an enemy, you can
avoid going into Alert Phase by taking him
out before he can use the alarm system.
"
0x20f87,"Major.
","Major.
"
0x20f8f,"Yes?
","Yes?
"
0x20f95,"I was just wondering... why do they
call you ""Zero""?
","I was just wondering... why do they
call you ""Zero""?
"
0x20fcb,"What do you mean?
","What do you mean?
"
0x20fde,"We go back a long ways, but I just
realized I never asked you why you're
called ""Zero"".
","We go back a long ways, but I just
realized I never asked you why you're
called ""Zero"".
"
0x21037,"You want to know where it comes from?
","You want to know where it comes from?
"
0x2105e,"Yeah. If that's all right.
","Yeah. If that's all right.
"
0x2107a,"...that's a bit nostalgic, really.
","...that's a bit nostalgic, really.
"
0x2109e,"Nostalgic?
","Nostalgic?
"
0x210aa,"The first British intelligence outfit was
established in 1909.
","The first British intelligence outfit was
established in 1909.
"
0x210ea,"The head of the foreign intelligence
division was a man named Mansfield
George Smith Cumming.
","The head of the foreign intelligence
division was a man named Mansfield
George Smith Cumming.
"
0x21149,"He was referred to simply as ""C,""
after the first letter of his last name.
","He was referred to simply as ""C,""
after the first letter of his last name.
"
0x21195,"Since then, out of respect for Cumming,
the heads of the SIS have traditionally
taken the name of ""C.""
","Since then, out of respect for Cumming,
the heads of the SIS have traditionally
taken the name of ""C.""
"
0x211fd,"And James Bond's boss is called ""M.""
","And James Bond's boss is called ""M.""
"
0x21223,"That's right. I myself was once known
as ""O.""
","That's right. I myself was once known
as ""O.""
"
0x21252,"And that's where ""Zero"" comes from?
","And that's where ""Zero"" comes from?
"
0x21277,"Precisely.
","Precisely.
"
0x21283,"In another sense though, it signifies a
ghost - one whose true identity must
remain a mystery.
","In another sense though, it signifies a
ghost - one whose true identity must
remain a mystery.
"
0x212e3,"The primogenitor of the solo sneaking
operation.
","The primogenitor of the solo sneaking
operation.
"
0x21315,"Is that so...
","Is that so...
"
0x21324,"Snake, if you step in any water or mud,
your feet will get wet.
","Snake, if you step in any water or mud,
your feet will get wet.
"
0x21365,"If you walk like that, you'll leave footprints
behind, and the enemy may follow them
straight to you.
","If you walk like that, you'll leave footprints
behind, and the enemy may follow them
straight to you.
"
0x213cc,"Try to avoid walking through any water
or mud as much as possible.
","Try to avoid walking through any water
or mud as much as possible.
"
0x21410,"However, if your feet do get wet, just crawl
to avoid leaving any footprints behind.
","However, if your feet do get wet, just crawl
to avoid leaving any footprints behind.
"
0x21466,"When you don't want anybody following
your trail, make sure to crawl.
","When you don't want anybody following
your trail, make sure to crawl.
"
0x214ad,"Snake, those sentries are the only ones
who can open the door.
","Snake, those sentries are the only ones
who can open the door.
"
0x214ed,"You won't be able to get into the West
Wing if you knock them all out.
","You won't be able to get into the West
Wing if you knock them all out.
"
0x21535,"You'll just have to go some place else and
wait for new sentries to be posted.
","You'll just have to go some place else and
wait for new sentries to be posted.
"
0x21585,"Major.
","Major.
"
0x2158d,"Snake, are you all right!?
","Snake, are you all right!?
"
0x215a9,"Yeah.
","Yeah.
"
0x215b0,"The explosion went off successfully.
","The explosion went off successfully.
"
0x215d6,"Yeah, but the hangar is still standing.
","Yeah, but the hangar is still standing.
"
0x215ff,"The explosion was smaller than what we
had hoped for because the fuel tanks
didn't catch on fire.
","The explosion was smaller than what we
had hoped for because the fuel tanks
didn't catch on fire.
"
0x21662,"But the fuel tanks were definitely...
","But the fuel tanks were definitely...
"
0x21689,"Remember how the enemy spotted the C3
while you were busy with Volgin?
","Remember how the enemy spotted the C3
while you were busy with Volgin?
"
0x216d1,"They must have called in the EOD to
remove the fuel from the tanks then.
","They must have called in the EOD to
remove the fuel from the tanks then.
"
0x2171b,"But still, the C3 alone should've been
enough to take out the manufacturing line.
","But still, the C3 alone should've been
enough to take out the manufacturing line.
"
0x2176e,"That'll probably be the last one they'll ever
make. You succeeded in preventing its
mass production.
","That'll probably be the last one they'll ever
make. You succeeded in preventing its
mass production.
"
0x217d4,"Snake, if you can take out the Shagohod
that Volgin is in, the world will be safe
from that monstrosity of a weapon.
","Snake, if you can take out the Shagohod
that Volgin is in, the world will be safe
from that monstrosity of a weapon.
"
0x2184a,"But you won't to be able to take it down
with the weapons you have on you.
","But you won't to be able to take it down
with the weapons you have on you.
"
0x21896,"You have to come up with something else.
It's time to rethink your plan of attack.
","You have to come up with something else.
It's time to rethink your plan of attack.
"
0x218ea,"First, get out of there. You need to shake
your pursuers.
","First, get out of there. You need to shake
your pursuers.
"
0x21925,"Snake, leave the driving to EVA.
","Snake, leave the driving to EVA.
"
0x21947,"You concentrate on fending off your
pursuers and clearing the way for her.
","You concentrate on fending off your
pursuers and clearing the way for her.
"
0x21993,"Don't worry about running out of
ammunition - the sidecar seems to
be loaded with plenty of it.
","Don't worry about running out of
ammunition - the sidecar seems to
be loaded with plenty of it.
"
0x219f4,"Use First Person View to eliminate
your attackers!
","Use First Person View to eliminate
your attackers!
"
0x21a28,"Snake, if you can take out the Shagohod that
Volgin is in at the bridge, the world will be safe
from that monstrosity of a weapon.
","Snake, if you can take out the Shagohod that
Volgin is in at the bridge, the world will be safe
from that monstrosity of a weapon.
"
0x21aac,"Now hurry up and get to the bridge!
","Now hurry up and get to the bridge!
"
0x21ad1,"Snake! Respond! Snake! SNAKE!!
","Snake! Respond! Snake! SNAKE!!
"
0x21af1,"Snake! What happened!? Snake!
SNAKE!!
","Snake! What happened!? Snake!
SNAKE!!
"
0x21b18,"What's going on!? Snake! SNAKE!!
","What's going on!? Snake! SNAKE!!
"
0x21b3a,"Snake! Are you all right!? Snake!
SNAKE!!
","Snake! Are you all right!? Snake!
SNAKE!!
"
0x21b65,"Snake!? What's your status!?
Snake! SNAKE!!
","Snake!? What's your status!?
Snake! SNAKE!!
"
0x21b92,"Snake, tu vois cet arbre abattu?
","Snake, tu vois cet arbre abattu?
"
0x21bb4,"Ouais.
","Ouais.
"
0x21bbc,"Va voir de plus près.
","Va voir de plus près.
"
0x21bd4,"Pourquoi?
","Pourquoi?
"
0x21bdf,"Fais ce que je te dis.
","Fais ce que je te dis.
"
0x21bf7,"C'est vide.
","C'est vide.
"
0x21c04,"Tu peux te cacher à l'intérieur de troncs vides
en rampant à l'intérieur.
","Tu peux te cacher à l'intérieur de troncs vides
en rampant à l'intérieur.
"
0x21c53,"Si tu veux partir, il suffit de sortir en rampant.
","Si tu veux partir, il suffit de sortir en rampant.
"
0x21c87,"Il y a une fente sous cet arbre abattu...
","Il y a une fente sous cet arbre abattu...
"
0x21cb2,"Si tu te baisses et que tu rampes, tu pourras
entrer dans cette fente.
","Si tu te baisses et que tu rampes, tu pourras
entrer dans cette fente.
"
0x21cfa,"Pour te baisser et ramper, appuie quand tu es
debout sur la touche Ramper et maintiens-la
enfoncée.
","Pour te baisser et ramper, appuie quand tu es
debout sur la touche Ramper et maintiens-la
enfoncée.
"
0x21d60,"Si tu veux te relever, appuie à nouveau sur la
touche Ramper et maintiens-la enfoncée.
","Si tu veux te relever, appuie à nouveau sur la
touche Ramper et maintiens-la enfoncée.
"
0x21dba,"Tu as compris?
","Tu as compris?
"
0x21dca,"Oui, mais...
","Oui, mais...
"
0x21dd8,"Mais quoi?
","Mais quoi?
"
0x21de4,"C'était la seule raison?
","C'était la seule raison?
"
0x21dff,"La seule raison pour quoi?
","La seule raison pour quoi?
"
0x21e1b,"Vous m'avez fait vérifier à l'intérieur rien que
pour me dire ça?
","Vous m'avez fait vérifier à l'intérieur rien que
pour me dire ça?
"
0x21e62,"C'est exact.
","C'est exact.
"
0x21e70,"...
","...
"
0x21e75,"Vachement utile, non?
","Vachement utile, non?
"
0x21e8c,"... Oui.
","... Oui.
"
0x21e96,"Alors, on continue?
","Alors, on continue?
"
0x21eab,"Je vous en prie.
","Je vous en prie.
"
0x21ebd,"Dans la nature, tu trouveras plein d'endroits
dans lesquels tu pourras ramper
","Dans la nature, tu trouveras plein d'endroits
dans lesquels tu pourras ramper
"
0x21f0c,"pour te cacher de tes ennemis.
","pour te cacher de tes ennemis.
"
0x21f2c,"Tu serais bien bête de ne pas en tirer parti.
","Tu serais bien bête de ne pas en tirer parti.
"
0x21f5c,"Alors regarde bien en Observation à la
première personne et inspecte tes alentours.
","Alors regarde bien en Observation à la
première personne et inspecte tes alentours.
"
0x21fb3,"A l'intérieur d'un arbre abattu, l'observation
passe automatiquement en mode Intrusion.
","A l'intérieur d'un arbre abattu, l'observation
passe automatiquement en mode Intrusion.
"
0x2200d,"Les commandes sont les mêmes que pour
ce mode.
","Les commandes sont les mêmes que pour
ce mode.
"
0x2203e,"Ces endroits sont parfaits pour se cacher de
ses ennemis, mais s'ils te voient entrer, ils
vont te transformer en chair à pâté.
","Ces endroits sont parfaits pour se cacher de
ses ennemis, mais s'ils te voient entrer, ils
vont te transformer en chair à pâté.
"
0x220c2,"Alors sois prudent.
","Alors sois prudent.
"
0x220d7,"Snake, est-ce que tu vois des touffes d'herbe?
","Snake, est-ce que tu vois des touffes d'herbe?
"
0x22107,"Ouais.
","Ouais.
"
0x2210f,"Quel genre d'herbes?
","Quel genre d'herbes?
"
0x22125,"Des herbes normales. Rien de spécial...
","Des herbes normales. Rien de spécial...
"
0x2214f,"Vérifie quand même.
","Vérifie quand même.
"
0x22166,"...Ce sont des herbes assez denses. Qui
t'arrivent à la taille.
","...Ce sont des herbes assez denses. Qui
t'arrivent à la taille.
"
0x221a8,"Si tu rampes dans ces herbes, tu pourras
avancer en étant à l'abri.
","Si tu rampes dans ces herbes, tu pourras
avancer en étant à l'abri.
"
0x221ef,"Dans cette position, la caméra passe
automatiquement en point de vue d'intrusion.
","Dans cette position, la caméra passe
automatiquement en point de vue d'intrusion.
"
0x22243,"Si tu veux te relever, appuie à nouveau sur la
touche Ramper et maintiens-la enfoncée.
","Si tu veux te relever, appuie à nouveau sur la
touche Ramper et maintiens-la enfoncée.
"
0x2229d,"Appuie brièvement sur la touche Ramper pour
te mettre accroupi.
","Appuie brièvement sur la touche Ramper pour
te mettre accroupi.
"
0x222df,"Comme ça, tu pourras scruter les alentours
sans te faire remarquer.
","Comme ça, tu pourras scruter les alentours
sans te faire remarquer.
"
0x22325,"Mais si tu fais du bruit, même caché dans
l'herbe, tu vas te faire repérer.
","Mais si tu fais du bruit, même caché dans
l'herbe, tu vas te faire repérer.
"
0x22375,"Lorsque les ennemis approchent, déplace-toi à
l'aide de mouvements très lents du joystick
analogique gauche.
","Lorsque les ennemis approchent, déplace-toi à
l'aide de mouvements très lents du joystick
analogique gauche.
"
0x223e6,"Comme ça, tu éviteras de faire du bruit.
","Comme ça, tu éviteras de faire du bruit.
"
0x22412,"Tu pourras entrer dans les arbres creux, dont
le bois est en décomposition.
","Tu pourras entrer dans les arbres creux, dont
le bois est en décomposition.
"
0x22460,"Se cacher dans les arbres creux est un moyen
efficace d'échapper temporairement à ses
ennemis.
","Se cacher dans les arbres creux est un moyen
efficace d'échapper temporairement à ses
ennemis.
"
0x224c2,"Cependant, si l'ennemi te voit entrer dans
l'arbre, tu seras une cible idéale.
","Cependant, si l'ennemi te voit entrer dans
l'arbre, tu seras une cible idéale.
"
0x22513,"S'il te jette une grenade, tu seras transformé
en chair à pâté. Sois prudent.
","S'il te jette une grenade, tu seras transformé
en chair à pâté. Sois prudent.
"
0x22566,"Snake, si tu tombes de cette falaise, c'est la
fin assurée.
","Snake, si tu tombes de cette falaise, c'est la
fin assurée.
"
0x225a4,"Remonte avant que ta jauge de prise n'arrive à
zéro. En tout cas, ne lâche pas prise.
","Remonte avant que ta jauge de prise n'arrive à
zéro. En tout cas, ne lâche pas prise.
"
0x225fe,"Snake, tu as trouvé de la nourriture?
","Snake, tu as trouvé de la nourriture?
"
0x22626,"Ouais.
","Ouais.
"
0x2262e,"Tu as l'air content.
","Tu as l'air content.
"
0x22644,"Mais je le suis!
","Mais je le suis!
"
0x22656,"Tu sais comment te nourrir?
","Tu sais comment te nourrir?
"
0x22673,"...
","...
"
0x22678,"Alors je vais te l'expliquer.
","Alors je vais te l'expliquer.
"
0x22697,"Pour manger de la nourriture, appuie sur la
touche START pour ouvrir le Visualiseur de
survie, puis sélectionne ""NOURRITURE"".
","Pour manger de la nourriture, appuie sur la
touche START pour ouvrir le Visualiseur de
survie, puis sélectionne ""NOURRITURE"".
"
0x22717,"Choisis la nourriture que tu veux manger et
appuie sur la touche Entrée.
","Choisis la nourriture que tu veux manger et
appuie sur la touche Entrée.
"
0x22762,"Sélectionne ""MANGER"" pour manger la
nourriture sélectionnée.
","Sélectionne ""MANGER"" pour manger la
nourriture sélectionnée.
"
0x227a3,"Quand tu manges, tu récupères de
l'endurance, en fonction du type de nourriture
consommé.
","Quand tu manges, tu récupères de
l'endurance, en fonction du type de nourriture
consommé.
"
0x22801,"Si ton endurance n'a pas beaucoup diminué,
garde les morceaux les plus énergétiques pour
plus tard.
","Si ton endurance n'a pas beaucoup diminué,
garde les morceaux les plus énergétiques pour
plus tard.
"
0x22869,"Mais ne garde pas ta nourriture trop longtemps
ou elle va pourrir. Il suffit d'être un peu
prévoyant.
","Mais ne garde pas ta nourriture trop longtemps
ou elle va pourrir. Il suffit d'être un peu
prévoyant.
"
0x228d2,"En plus, tu peux jeter de la nourriture à tes
ennemis pour faire diversion.
","En plus, tu peux jeter de la nourriture à tes
ennemis pour faire diversion.
"
0x22920,"Souviens-toi que la nourriture ne te servira pas
qu'à manger. Utilise-la de différentes façons.
","Souviens-toi que la nourriture ne te servira pas
qu'à manger. Utilise-la de différentes façons.
"
0x22984,"Tes capteurs et des gadgets électroniques ont
une durée de vie limitée. Une fois activés, ils
consomment les piles.
","Tes capteurs et des gadgets électroniques ont
une durée de vie limitée. Une fois activés, ils
consomment les piles.
"
0x229fd,"Et souviens-toi que tous tes gadgets utilisent
la même pile. Une fois épuisée, tu ne
pourras plus utiliser ton équipement
électronique.
","Et souviens-toi que tous tes gadgets utilisent
la même pile. Une fois épuisée, tu ne
pourras plus utiliser ton équipement
électronique.
"
0x22a8b,"Tu peux vérifier l'alimentation qui te reste à
l'aide de l'icône de ton équipement
électrique. Attention, ne gaspille pas l'énergie.
","Tu peux vérifier l'alimentation qui te reste à
l'aide de l'icône de ton équipement
électrique. Attention, ne gaspille pas l'énergie.
"
0x22b17,"La pile se recharge automatiquement si elle
n'est pas utilisée.
","La pile se recharge automatiquement si elle
n'est pas utilisée.
"
0x22b59,"Si tu veux recharger la pile, désélectionne tous
les équipements électroniques pendant un
moment.
","Si tu veux recharger la pile, désélectionne tous
les équipements électroniques pendant un
moment.
"
0x22bc0,"Plus ta jauge d'endurance est élevée, plus tes
piles se rechargeront vite.
","Plus ta jauge d'endurance est élevée, plus tes
piles se rechargeront vite.
"
0x22c0e,"Si tu veux recharger plus rapidement, mange
de la nourriture et récupère de l'endurance.
","Si tu veux recharger plus rapidement, mange
de la nourriture et récupère de l'endurance.
"
0x22c6a,"Aussi tes batteries se rechargeront plus vite si
tu cours, si tu fais des roulades ou d'autres
acrobaties.
","Aussi tes batteries se rechargeront plus vite si
tu cours, si tu fais des roulades ou d'autres
acrobaties.
"
0x22cd6,"Attends une seconde
","Attends une seconde
"
0x22ceb,"Qu'est-ce qu'il y a?
","Qu'est-ce qu'il y a?
"
0x22d01,"Plus mon endurance est élevée, plus mes piles
se rechargent vite?
","Plus mon endurance est élevée, plus mes piles
se rechargent vite?
"
0x22d46,"C'est ce que j'ai dit.
","C'est ce que j'ai dit.
"
0x22d5e,"Mais qu'est-ce que mon endurance a à voir
avec cette pile.
","Mais qu'est-ce que mon endurance a à voir
avec cette pile.
"
0x22d9b,"Ah, je vois. Para-Medic va t'expliquer.
Para-Medic?
","Ah, je vois. Para-Medic va t'expliquer.
Para-Medic?
"
0x22dd0,"Oui, Major. C'est parce que les piles de Snake
utilisent la bioélectricité.
","Oui, Major. C'est parce que les piles de Snake
utilisent la bioélectricité.
"
0x22e1f,"La bioélectricité?
","La bioélectricité?
"
0x22e35,"C'est l'électricité émise par les cellules.
","C'est l'électricité émise par les cellules.
"
0x22e65,"Lorsque les cellules vivantes sont stimulées,
","Lorsque les cellules vivantes sont stimulées,
"
0x22e95,"des ions sodium et potassium traversent
rapidement le canal ionique de la cellule,
créant une différence de potentiel électrique.
","des ions sodium et potassium traversent
rapidement le canal ionique de la cellule,
créant une différence de potentiel électrique.
"
0x22f1b,"La pile utilise cette énergie pour se recharger.
","La pile utilise cette énergie pour se recharger.
"
0x22f4e,"Donc, pour que ta pile se recharge bien, il faut
que tes cellules soient bien nourries.
","Donc, pour que ta pile se recharge bien, il faut
que tes cellules soient bien nourries.
"
0x22fa7,"Incroyable le type de machines qu'on fait
aujourd'hui...
","Incroyable le type de machines qu'on fait
aujourd'hui...
"
0x22fe1,"Mais cette machine n'a pas été rendue
publique.
","Mais cette machine n'a pas été rendue
publique.
"
0x23014,"Elle a été conçue par la Direction scientifique
et technologique de la CIA.
","Elle a été conçue par la Direction scientifique
et technologique de la CIA.
"
0x23064,"Quel type de personne est-ce que c'était?
","Quel type de personne est-ce que c'était?
"
0x23090,"Qui, la personne qui l'a conçue?
","Qui, la personne qui l'a conçue?
"
0x230b3,"Ouais.
","Ouais.
"
0x230bb,"On dit qu'il était assez étrange.
","On dit qu'il était assez étrange.
"
0x230e0,"Plus étrange que le Major?
","Plus étrange que le Major?
"
0x230fd,"Le Major n'a rien d'étrange.
","Le Major n'a rien d'étrange.
"
0x2311c,"Mon thé a disparu! Qui l'a volé?! Comment je
vais faire pour prendre mon thé?!
","Mon thé a disparu! Qui l'a volé?! Comment je
vais faire pour prendre mon thé?!
"
0x2316f,"Enfin, pas si étrange que ça.
","Enfin, pas si étrange que ça.
"
0x23190,"...
","...
"
0x23195,"Et ma madeleine, qui a volé ma madeleine?!
","Et ma madeleine, qui a volé ma madeleine?!
"
0x231c2,"Tu peux grimper sur des objets qui t'arrivent à
la taille en appuyant sur la touche Action.
","Tu peux grimper sur des objets qui t'arrivent à
la taille en appuyant sur la touche Action.
"
0x23220,"En grimpant sur des endroits où tu ne peux
pas accéder en marchant,
","En grimpant sur des endroits où tu ne peux
pas accéder en marchant,
"
0x23267,"tu trouveras peut-être des objets que tu ne
trouverais pas normalement.
","tu trouveras peut-être des objets que tu ne
trouverais pas normalement.
"
0x232b1,"N'oublie pas, pense à grimper là où c'est
possible.
","N'oublie pas, pense à grimper là où c'est
possible.
"
0x232e9,"Snake, fais attention.
","Snake, fais attention.
"
0x23301,"La façon de changer de position (debout,
accroupi et au sol) a légèrement changé
depuis ton dernier entraînement.
","La façon de changer de position (debout,
accroupi et au sol) a légèrement changé
depuis ton dernier entraînement.
"
0x23379,"Si tu es debout, appuie brièvement sur la
touche Ramper pour t'accroupir, et maintiens
la touche enfoncée pour ramper.
","Si tu es debout, appuie brièvement sur la
touche Ramper pour t'accroupir, et maintiens
la touche enfoncée pour ramper.
"
0x233f3,"En te mettant accroupi, tu es plus près du sol,
donc ton indice de camouflage augmente.
","En te mettant accroupi, tu es plus près du sol,
donc ton indice de camouflage augmente.
"
0x2344d,"En plus, en étant accroupi, le recul de ton
arme est moins important.
","En plus, en étant accroupi, le recul de ton
arme est moins important.
"
0x23495,"Essaie de tirer accroupi, tu remarqueras que
tes tirs sont plus réguliers et ciblés que
debout.
","Essaie de tirer accroupi, tu remarqueras que
tes tirs sont plus réguliers et ciblés que
debout.
"
0x234f8,"En étant accroupi, appuie sur la touche
Ramper pour te lever et déplace le joystick
analogique gauche pour ramper dans cette
direction.
","En étant accroupi, appuie sur la touche
Ramper pour te lever et déplace le joystick
analogique gauche pour ramper dans cette
direction.
"
0x23583,"En rampant, ton index de camouflage est très
élevé
","En rampant, ton index de camouflage est très
élevé
"
0x235ba,"et tes tirs seront encore plus stables qu'en
étant accroupi.
","et tes tirs seront encore plus stables qu'en
étant accroupi.
"
0x235f9,"Tu peux te déplacer en rampant en utilisant le
joystick analogique gauche.
","Tu peux te déplacer en rampant en utilisant le
joystick analogique gauche.
"
0x23646,"En rampant, fais de petits mouvements à l'aide
du joystick analogique gauche pour ramper en
silence, mais lentement.
","En rampant, fais de petits mouvements à l'aide
du joystick analogique gauche pour ramper en
silence, mais lentement.
"
0x236bd,"Mais attention, en rampant, tu utiliseras plus
ton endurance qu'en marchant normalement.
","Mais attention, en rampant, tu utiliseras plus
ton endurance qu'en marchant normalement.
"
0x23717,"Une fois au sol, appuie sur la touche Ramper
et maintiens-la enfoncée pour te relever.
Appuie brièvement pour passer en position
accroupi.
","Une fois au sol, appuie sur la touche Ramper
et maintiens-la enfoncée pour te relever.
Appuie brièvement pour passer en position
accroupi.
"
0x237a5,"N'oublie pas, si tu veux te relever rapidement
alors que tu es en train de ramper, maintiens
la touche Ramper enfoncée.
","N'oublie pas, si tu veux te relever rapidement
alors que tu es en train de ramper, maintiens
la touche Ramper enfoncée.
"
0x2381f,"Snake, tu ne devrais pas laisser le corps de
tes victimes traîner au sol.
","Snake, tu ne devrais pas laisser le corps de
tes victimes traîner au sol.
"
0x2386b,"Si l'ennemi remarque qu'un de ses camarades
a été tué, il devinera qu'il y a un intrus et il
renforcera sa garde.
","Si l'ennemi remarque qu'un de ses camarades
a été tué, il devinera qu'il y a un intrus et il
renforcera sa garde.
"
0x238e1,"Si tu tues un ennemi, cache son corps dans
les herbes ou dans un autre endroit où on ne
le remarquera pas.
","Si tu tues un ennemi, cache son corps dans
les herbes ou dans un autre endroit où on ne
le remarquera pas.
"
0x2394e,"Sans être équipé d'une arme, tiens-toi près
d'un cadavre et appuie sur la touche Arme
pour soulever son corps.
","Sans être équipé d'une arme, tiens-toi près
d'un cadavre et appuie sur la touche Arme
pour soulever son corps.
"
0x239c2,"Maintiens la touche Arme enfoncée et déplace
le corps. Relâche la touche Arme pour
relâcher le corps.
","Maintiens la touche Arme enfoncée et déplace
le corps. Relâche la touche Arme pour
relâcher le corps.
"
0x23a2d,"Snake, tu ne devrais pas courir comme un
dératé.
","Snake, tu ne devrais pas courir comme un
dératé.
"
0x23a61,"Parfois, il est préférable de simplement
marcher.
","Parfois, il est préférable de simplement
marcher.
"
0x23a96,"Déplace lentement le joystick analogique
gauche pour marcher.
","Déplace lentement le joystick analogique
gauche pour marcher.
"
0x23ad6,"Tu ne te déplaceras pas très vite, mais tu
utiliseras moins d'endurance et tes ennemis
auront moins de chance de te remarquer.
","Tu ne te déplaceras pas très vite, mais tu
utiliseras moins d'endurance et tes ennemis
auront moins de chance de te remarquer.
"
0x23b58,"Lorsque tes ennemis sont proches ou que tu
veux garder de l'endurance, il est préférable de
marcher.
","Lorsque tes ennemis sont proches ou que tu
veux garder de l'endurance, il est préférable de
marcher.
"
0x23bc0,"Snake, dans l'écran Radio, appuie sur le
joystick analogique gauche pour ouvrir la
fenêtre Mémoire.
","Snake, dans l'écran Radio, appuie sur le
joystick analogique gauche pour ouvrir la
fenêtre Mémoire.
"
0x23c28,"Dans la fenêtre Mémoire, choisis une
personne à contacter et appuie sur la touche
Entrée.
","Dans la fenêtre Mémoire, choisis une
personne à contacter et appuie sur la touche
Entrée.
"
0x23c87,"Cela t'évite d'avoir à ajuster la fréquence radio.
","Cela t'évite d'avoir à ajuster la fréquence radio.
"
0x23cbe,"Sur le champ de bataille, les transmissions
radio sont innombrables. En changeant de
fréquence, tu trouveras peut-être des
choses intéressantes.
","Sur le champ de bataille, les transmissions
radio sont innombrables. En changeant de
fréquence, tu trouveras peut-être des
choses intéressantes.
"
0x23d53,"Appuie sur la touche CQC quand tu es adossé
à un mur pour taper contre ce mur et faire du
bruit.
","Appuie sur la touche CQC quand tu es adossé
à un mur pour taper contre ce mur et faire du
bruit.
"
0x23db7,"En faisant du bruit, tu pourras faire diversion.
","En faisant du bruit, tu pourras faire diversion.
"
0x23de9,"Il y a beaucoup de façons d'utiliser les bruits à
ton avantage.
","Il y a beaucoup de façons d'utiliser les bruits à
ton avantage.
"
0x23e2c,"Essaie d'attirer ton ennemi dans une autre
direction et profite de l'occasion pour t'infiltrer.
","Essaie d'attirer ton ennemi dans une autre
direction et profite de l'occasion pour t'infiltrer.
"
0x23e8d,"Ou attire un ennemi pour l'attaquer par
derrière.
","Ou attire un ennemi pour l'attaquer par
derrière.
"
0x23ec1,"Utilise donc les bruits au maximum.
","Utilise donc les bruits au maximum.
"
0x23ee6,"Snake, si tu trouves une boîte à objets,
utilise l'Observation à la première personne
pour examiner ce qu'il y a à l'intérieur.
","Snake, si tu trouves une boîte à objets,
utilise l'Observation à la première personne
pour examiner ce qu'il y a à l'intérieur.
"
0x23f6d,"Il est parfois dangereux de prendre un objet
sans regarder ce que c'est.
","Il est parfois dangereux de prendre un objet
sans regarder ce que c'est.
"
0x23fb7,"Vérifie donc toujours que l'objet dans la
boîte à objets vaut la peine d'être
ramassé.
","Vérifie donc toujours que l'objet dans la
boîte à objets vaut la peine d'être
ramassé.
"
0x24014,"Si tu ne vois pas bien, utilise tes jumelles.
","Si tu ne vois pas bien, utilise tes jumelles.
"
0x24043,"Snake, les dommages que tu infliges à
l'ennemi dépendent de l'endroit où tu vises.
","Snake, les dommages que tu infliges à
l'ennemi dépendent de l'endroit où tu vises.
"
0x2409a,"Si tu vises son bras ou sa jambe, un coup ne
suffira pas à le tuer.
","Si tu vises son bras ou sa jambe, un coup ne
suffira pas à le tuer.
"
0x240e0,"Si tu veux tuer ton ennemi en un seul coup,
utilise l'Observation à la première personne et
vise la tête.
","Si tu veux tuer ton ennemi en un seul coup,
utilise l'Observation à la première personne et
vise la tête.
"
0x2414e,"Snake, quand tu es debout contre un arbre ou
adossé à un mur près d'un coin,
","Snake, quand tu es debout contre un arbre ou
adossé à un mur près d'un coin,
"
0x2419f,"la caméra se baisse et te donne une vue de
derrière. C'est ça, la Vue en coin.
","la caméra se baisse et te donne une vue de
derrière. C'est ça, la Vue en coin.
"
0x241f2,"Ceci te permet de garder l'œil sur ce qui se
passe derrière toi après t'être mis à l'abri.
","Ceci te permet de garder l'œil sur ce qui se
passe derrière toi après t'être mis à l'abri.
"
0x24253,"De plus, il y a plusieurs actions possibles en te
cachant,
","De plus, il y a plusieurs actions possibles en te
cachant,
"
0x2428f,"notamment les touches Pas à droite ou à
gauche pour jeter un coup d'œil et la touche
Arme pour tirer en sautant.
","notamment les touches Pas à droite ou à
gauche pour jeter un coup d'œil et la touche
Arme pour tirer en sautant.
"
0x24304,"En apprenant à utiliser au maximum la Vue en
coin, tu auras plus de chances de réussir ta
mission.
","En apprenant à utiliser au maximum la Vue en
coin, tu auras plus de chances de réussir ta
mission.
"
0x2436a,"Utilise-la à ton avantage.
","Utilise-la à ton avantage.
"
0x24387,"En Vue en coin,
","En Vue en coin,
"
0x24398,"appuie sur la touche Pas à gauche ou Pas à
droite pour sortir de ta cachette jeter un coup
d'œil au-dessus de ton épaule.
","appuie sur la touche Pas à gauche ou Pas à
droite pour sortir de ta cachette jeter un coup
d'œil au-dessus de ton épaule.
"
0x24417,"On appellera cette action le coup d'œil
furtif.
","On appellera cette action le coup d'œil
furtif.
"
0x24449,"Le coup d'œil furtif est utile à l'observation,
car il te donne une plus grande vision
d'ensemble que la Vue en coin normale.
","Le coup d'œil furtif est utile à l'observation,
car il te donne une plus grande vision
d'ensemble que la Vue en coin normale.
"
0x244ca,"Cependant, le coup d'œil furtif t'oblige à te
montrer en partie, et tu risques de te faire
remarquer par l'ennemi.
","Cependant, le coup d'œil furtif t'oblige à te
montrer en partie, et tu risques de te faire
remarquer par l'ennemi.
"
0x24540,"Déplace le joystick analogique gauche pendant
la Vue en coin pour déplacer la caméra dans
cette direction.
","Déplace le joystick analogique gauche pendant
la Vue en coin pour déplacer la caméra dans
cette direction.
"
0x245af,"Tu n'auras pas le même angle de vue
qu'avec un coup d'œil furtif à l'aide des
touches Pas à droite et à gauche,
","Tu n'auras pas le même angle de vue
qu'avec un coup d'œil furtif à l'aide des
touches Pas à droite et à gauche,
"
0x24625,"mais c'est plus sûr car tu ne te montreras
pas autant.
","mais c'est plus sûr car tu ne te montreras
pas autant.
"
0x2465e,"Tu ferais bien de te familiariser avec ces
méthodes.
","Tu ferais bien de te familiariser avec ces
méthodes.
"
0x24695,"Si tu es équipé d'une arme en Vue en coin,
appuie sur la touche Arme pour sauter et tirer.
","Si tu es équipé d'une arme en Vue en coin,
appuie sur la touche Arme pour sauter et tirer.
"
0x246f3,"Avec cette technique de tir en sautant, tu peux
rester protégé des tirs ennemis
","Avec cette technique de tir en sautant, tu peux
rester protégé des tirs ennemis
"
0x24746,"et lancer une attaque surprise lorsque le
moment s'y prête.
","et lancer une attaque surprise lorsque le
moment s'y prête.
"
0x24784,"C'est une technique essentielle dans le feu de
l'action. Utilise-la à bon escient.
","C'est une technique essentielle dans le feu de
l'action. Utilise-la à bon escient.
"
0x247d9,"Lorsque tu appuies sur la touche Arme avec
une arme à main, tu vises et en relâchant la
touche, tu tires.
","Lorsque tu appuies sur la touche Arme avec
une arme à main, tu vises et en relâchant la
touche, tu tires.
"
0x24846,"Si, après avoir visé, tu ne veux plus tirer,
relâche lentement la touche Arme.
","Si, après avoir visé, tu ne veux plus tirer,
relâche lentement la touche Arme.
"
0x24899,"Il faudra que tu t'entraînes à maîtriser
cette technique.
","Il faudra que tu t'entraînes à maîtriser
cette technique.
"
0x248d7,"Beaucoup de nouvelles recrues ont tiré par
erreur sur des ennemis pendant un braquage.
","Beaucoup de nouvelles recrues ont tiré par
erreur sur des ennemis pendant un braquage.
"
0x24930,"Si tu t'entraînes maintenant, tu auras plus
de chances de réussir quand tu seras sous
pression.
","Si tu t'entraînes maintenant, tu auras plus
de chances de réussir quand tu seras sous
pression.
"
0x24993,"En cas de doute, entraîne-toi.
","En cas de doute, entraîne-toi.
"
0x249b4,"Le fusil fonctionne un peu différemment du
pistolet.
","Le fusil fonctionne un peu différemment du
pistolet.
"
0x249eb,"Appuie à moitié sur la touche Arme pour viser
et appuie à fond sur cette touche pour tirer.
","Appuie à moitié sur la touche Arme pour viser
et appuie à fond sur cette touche pour tirer.
"
0x24a4b,"Si tu veux baisser ton arme sans tirer, par
exemple pendant un braquage,
","Si tu veux baisser ton arme sans tirer, par
exemple pendant un braquage,
"
0x24a95,"relâche simplement la touche Arme sans
avoir appuyé dessus jusqu'au bout.
","relâche simplement la touche Arme sans
avoir appuyé dessus jusqu'au bout.
"
0x24ae2,"Fais attention de ne pas tirer pendant que tu
es en train de viser ta cible.
","Fais attention de ne pas tirer pendant que tu
es en train de viser ta cible.
"
0x24b30,"La distance à laquelle tu lances des grenades
ou d'autres choses dépendent de ta pression
sur la touche Arme.
","La distance à laquelle tu lances des grenades
ou d'autres choses dépendent de ta pression
sur la touche Arme.
"
0x24ba1,"Une légère pression te permet d'envoyer ton
arme pas très loin, et une pression plus ferme
l'envoie un peu plus loin.
","Une légère pression te permet d'envoyer ton
arme pas très loin, et une pression plus ferme
l'envoie un peu plus loin.
"
0x24c1b,"Ajuste la force de pression en fonction des
circonstances.
","Ajuste la force de pression en fonction des
circonstances.
"
0x24c57,"Tu peux également lancer en Observation à la
première personne. Tu pourras alors lancer de
façon plus ciblée.
","Tu peux également lancer en Observation à la
première personne. Tu pourras alors lancer de
façon plus ciblée.
"
0x24ccb,"Utilise cette option si nécessaire.
","Utilise cette option si nécessaire.
"
0x24cf1,"Les lunettes thermiques donnent une image
correspondant aux sources de chaleur émises.
","Les lunettes thermiques donnent une image
correspondant aux sources de chaleur émises.
"
0x24d4a,"Une fois équipé des lunettes thermiques, tu
pourras repérer facilement tes ennemis cachés
dans la jungle.
","Une fois équipé des lunettes thermiques, tu
pourras repérer facilement tes ennemis cachés
dans la jungle.
"
0x24db9,"Tu pourras aussi repérer des plantes, des
animaux et des pièges. Utilise-les à bon
escient.
","Tu pourras aussi repérer des plantes, des
animaux et des pièges. Utilise-les à bon
escient.
"
0x24e19,"Cependant, une fois les lunettes thermiques
activées, elles commencent à user les piles.
","Cependant, une fois les lunettes thermiques
activées, elles commencent à user les piles.
"
0x24e75,"Et quand tu n'auras plus de piles, tu ne
pourras plus utiliser tes autres équipements
électroniques.
","Et quand tu n'auras plus de piles, tu ne
pourras plus utiliser tes autres équipements
électroniques.
"
0x24edd,"Appuie sur la touche Action lorsque tu es
au-dessus d'une branche ou en face d'une
rambarde pour t'y suspendre.
","Appuie sur la touche Action lorsque tu es
au-dessus d'une branche ou en face d'une
rambarde pour t'y suspendre.
"
0x24f4e,"Cette action s'appelle la suspension.
","Cette action s'appelle la suspension.
"
0x24f75,"Il est parfois avantageux de se déplacer en
suspension plutôt que sur la surface.
","Il est parfois avantageux de se déplacer en
suspension plutôt que sur la surface.
"
0x24fca,"En suspension, tu pourras aussi te cacher pour
échapper à tes ennemis.
","En suspension, tu pourras aussi te cacher pour
échapper à tes ennemis.
"
0x25014,"Utilise le joystick analogique gauche, la touche
Pas à droite et Pas à gauche pour te déplacer
une fois suspendu.
","Utilise le joystick analogique gauche, la touche
Pas à droite et Pas à gauche pour te déplacer
une fois suspendu.
"
0x2508a,"Si tu veux remonter après t'être suspendu,
appuie à nouveau sur la touche Action.
","Si tu veux remonter après t'être suspendu,
appuie à nouveau sur la touche Action.
"
0x250e0,"Si tu veux te laisser tomber, appuie sur la
touche Ramper.
","Si tu veux te laisser tomber, appuie sur la
touche Ramper.
"
0x2511c,"Tu ne peux pas rester sans arrêt suspendu.
Quand tu n'auras plus de force, tu vas
lâcher prise.
","Tu ne peux pas rester sans arrêt suspendu.
Quand tu n'auras plus de force, tu vas
lâcher prise.
"
0x2517f,"Vérifie ta force à l'aide de la jauge de prise. En
mode suspension, une jauge bleue apparaît
au-dessus de ta jauge d'endurance.
","Vérifie ta force à l'aide de la jauge de prise. En
mode suspension, une jauge bleue apparaît
au-dessus de ta jauge d'endurance.
"
0x25203,"C'est ta jauge de prise.
","C'est ta jauge de prise.
"
0x2521d,"Elle t'indique le statut de ta prise. Quand tu es
en suspension, cette jauge diminue.
","Elle t'indique le statut de ta prise. Quand tu es
en suspension, cette jauge diminue.
"
0x25274,"Quand la jauge arrive à zéro, tu lâches
prise. Alors pense à remonter avant.
","Quand la jauge arrive à zéro, tu lâches
prise. Alors pense à remonter avant.
"
0x252c6,"La durée de ta jauge de prise dépend de ton
endurance.
","La durée de ta jauge de prise dépend de ton
endurance.
"
0x25300,"Si tu dois rester longtemps suspendu, pense à
récupérer de l'endurance.
","Si tu dois rester longtemps suspendu, pense à
récupérer de l'endurance.
"
0x2534c,"Si tu peux t'accrocher à quelque chose
pendant ta chute, appuie sur la touche Action
au moment où tu passes devant cette chose.
","Si tu peux t'accrocher à quelque chose
pendant ta chute, appuie sur la touche Action
au moment où tu passes devant cette chose.
"
0x253cf,"Si tu appuies au bon moment, tu pourras t'y
accrocher.
","Si tu appuies au bon moment, tu pourras t'y
accrocher.
"
0x25407,"En utilisant cette technique, tu pourras accéder
à des endroits autrement inaccessibles.
","En utilisant cette technique, tu pourras accéder
à des endroits autrement inaccessibles.
"
0x25463,"Tu pourras même trouver des objets rares.
","Tu pourras même trouver des objets rares.
"
0x2548f,"Observe bien ton environnement et essaie de
trouver des endroits où tu pourras t'accrocher
pendant une chute.
","Observe bien ton environnement et essaie de
trouver des endroits où tu pourras t'accrocher
pendant une chute.
"
0x254ff,"En suspension, appuie sur la touche Ramper
pour te laisser tomber.
","En suspension, appuie sur la touche Ramper
pour te laisser tomber.
"
0x25543,"De cette façon, tu peux assommer
instantanément un ennemi si tu lui tombes
dessus.
","De cette façon, tu peux assommer
instantanément un ennemi si tu lui tombes
dessus.
"
0x25599,"Si tu es dans un arbre, essaie de viser un
ennemi qui passe en dessous.
","Si tu es dans un arbre, essaie de viser un
ennemi qui passe en dessous.
"
0x255e2,"Si tu t'approches d'un ennemi sans te faire
remarquer, tu peux le rendre sans défense en
pointant une arme dans son dos.
","Si tu t'approches d'un ennemi sans te faire
remarquer, tu peux le rendre sans défense en
pointant une arme dans son dos.
"
0x2565d,"Cela s'appelle un braquage.
","Cela s'appelle un braquage.
"
0x2567a,"Cependant, même après avoir rendu un
ennemi sans défense,
","Cependant, même après avoir rendu un
ennemi sans défense,
"
0x256b8,"s'il remarque que tu baisses ton arme ou que
tu t'en vas, il risque de t'attaquer. Alors fais
attention.
","s'il remarque que tu baisses ton arme ou que
tu t'en vas, il risque de t'attaquer. Alors fais
attention.
"
0x25722,"Lorsque tu braques un ennemi, parfois celui-ci
te donne un objet.
","Lorsque tu braques un ennemi, parfois celui-ci
te donne un objet.
"
0x25765,"Braquer tes adversaires présente des risques,
","Braquer tes adversaires présente des risques,
"
0x25795,"mais c'est une technique utile si tu es à court
de munitions ou de matériel médical.
","mais c'est une technique utile si tu es à court
de munitions ou de matériel médical.
"
0x257ee,"Après avoir reçu un objet d'un ennemi que tu
as braqué, essaie de le braquer à nouveau.
","Après avoir reçu un objet d'un ennemi que tu
as braqué, essaie de le braquer à nouveau.
"
0x2584b,"Il te donnera peut-être un autre objet encore
plus précieux.
","Il te donnera peut-être un autre objet encore
plus précieux.
"
0x2588b,"Une fois équipé d'une arme en Observation à
la verticale, appuie sur la touche Viser et
maintiens-la enfoncée pour ajuster ta cible
dans la direction voulue.
","Une fois équipé d'une arme en Observation à
la verticale, appuie sur la touche Viser et
maintiens-la enfoncée pour ajuster ta cible
dans la direction voulue.
"
0x2592e,"Utilise cette technique pour charger ou battre
en retraite, et dans tous les autres cas où tu
veux concentrer tes tirs dans une direction tout
en te déplaçant.
","Utilise cette technique pour charger ou battre
en retraite, et dans tous les autres cas où tu
veux concentrer tes tirs dans une direction tout
en te déplaçant.
"
0x259d2,"Tu as mangé?
","Tu as mangé?
"
0x259e1,"Oui.
","Oui.
"
0x259e7,"La nourriture ne te fais pas récupérer de la
VIE, tu le sais?
","La nourriture ne te fais pas récupérer de la
VIE, tu le sais?
"
0x25a28,"Bien sûr. La nourriture ne cicatrise pas les
blessures. Mais manger permet de récupérer
de l'endurance.
","Bien sûr. La nourriture ne cicatrise pas les
blessures. Mais manger permet de récupérer
de l'endurance.
"
0x25a94,"C'est bien cela.
","C'est bien cela.
"
0x25aa6,"Pourquoi vous me le demandez?
","Pourquoi vous me le demandez?
"
0x25ac5,"Oh, j'ai eu affaire à un type qui pensait
récupérer de la VIE en mangeant des boîtes
de conserve.
","Oh, j'ai eu affaire à un type qui pensait
récupérer de la VIE en mangeant des boîtes
de conserve.
"
0x25b2c,"C'était quoi, un débile mental?
","C'était quoi, un débile mental?
"
0x25b4f,"Oui, enfin presque. Mais je parie qu'au XXIème
siècle, ils vont inventer un truc pareil.
","Oui, enfin presque. Mais je parie qu'au XXIème
siècle, ils vont inventer un truc pareil.
"
0x25bab,"En Observation à la première personne, utilise
la touche Pas à droite (ou à gauche) pour faire
un pas à droite (ou à gauche).
","En Observation à la première personne, utilise
la touche Pas à droite (ou à gauche) pour faire
un pas à droite (ou à gauche).
"
0x25c30,"Utilise cette technique pour attaquer caché
derrière des barrières ou pour observer les
environs depuis ta cachette.
","Utilise cette technique pour attaquer caché
derrière des barrières ou pour observer les
environs depuis ta cachette.
"
0x25ca9,"En Observation à la première personne, appuie
en même temps sur les touches Pas à droite
et à gauche pour te relever légèrement.
","En Observation à la première personne, appuie
en même temps sur les touches Pas à droite
et à gauche pour te relever légèrement.
"
0x25d32,"C'est parfois utile si tu te caches derrière une
barrière et que tu veux jeter un coup d'œil
ou tirer sur tes ennemis.
","C'est parfois utile si tu te caches derrière une
barrière et que tu veux jeter un coup d'œil
ou tirer sur tes ennemis.
"
0x25dad,"Lorsque tu t'introduis dans un endroit confiné,
la vue à la verticale passe au point de vue
d'intrusion.
","Lorsque tu t'introduis dans un endroit confiné,
la vue à la verticale passe au point de vue
d'intrusion.
"
0x25e19,"Les mouvements en point de vue d'intrusion
sont légèrement différents de ceux du point de
vue à la verticale.
","Les mouvements en point de vue d'intrusion
sont légèrement différents de ceux du point de
vue à la verticale.
"
0x25e8c,"Pousse le joystick analogique gauche vers le
haut pour avancer, vers le bas pour aller en
arrière et vers la gauche ou la droite pour
tourner.
","Pousse le joystick analogique gauche vers le
haut pour avancer, vers le bas pour aller en
arrière et vers la gauche ou la droite pour
tourner.
"
0x25f1d,"Utilise la touche directionnelle gauche et droite
pour te déplacer à gauche ou à droite.
","Utilise la touche directionnelle gauche et droite
pour te déplacer à gauche ou à droite.
"
0x25f7a,"Avec de grands mouvements du joystick
analogique gauche, tu iras plus vite mais tu
feras du bruit. Les ennemis les plus proches
risquent de te remarquer.
","Avec de grands mouvements du joystick
analogique gauche, tu iras plus vite mais tu
feras du bruit. Les ennemis les plus proches
risquent de te remarquer.
"
0x26015,"Avec de petits mouvements du joystick
analogique gauche, tu pourras te déplacer
moins vite mais sans faire de bruit.
","Avec de petits mouvements du joystick
analogique gauche, tu pourras te déplacer
moins vite mais sans faire de bruit.
"
0x2608c,"Utilise ces deux types de mouvements en
fonction de la situation.
","Utilise ces deux types de mouvements en
fonction de la situation.
"
0x260cf,"Après avoir fait une prise à un ennemi par
derrière en CQC, interroge-le en appuyant sur
la touche .
","Après avoir fait une prise à un ennemi par
derrière en CQC, interroge-le en appuyant sur
la touche .
"
0x2613b,"Tu pourras ainsi obtenir des informations
importantes.
","Tu pourras ainsi obtenir des informations
importantes.
"
0x26173,"Certains de tes ennemis possèdent des
informations très utiles, alors essaie de les
interroger pour voir si ça peut t'être utile.
","Certains de tes ennemis possèdent des
informations très utiles, alors essaie de les
interroger pour voir si ça peut t'être utile.
"
0x261fa,"La façon dont tu déplaces le joystick
analogique gauche ne change pas seulement
ta vitesse de marche,
","La façon dont tu déplaces le joystick
analogique gauche ne change pas seulement
ta vitesse de marche,
"
0x26263,"mais aussi ta vitesse en rampant au sol et en
mode intrusion.
","mais aussi ta vitesse en rampant au sol et en
mode intrusion.
"
0x262a2,"De grands mouvements du joystick analogique
gauche te permettront d'aller plus vite,
","De grands mouvements du joystick analogique
gauche te permettront d'aller plus vite,
"
0x262f8,"mais tu feras aussi du bruit et tu risqueras de
te faire remarquer.
","mais tu feras aussi du bruit et tu risqueras de
te faire remarquer.
"
0x2633d,"Avec de petits mouvements du joystick
analogique gauche, tu pourras te déplacer en
silence.
","Avec de petits mouvements du joystick
analogique gauche, tu pourras te déplacer en
silence.
"
0x2639b,"Tu iras moins vite, mais c'est la meilleure
option dans les cas où il serait trop dangereux
de faire du bruit.
","Tu iras moins vite, mais c'est la meilleure
option dans les cas où il serait trop dangereux
de faire du bruit.
"
0x2640c,"Snake, le Mk22 est un pistolet tranquillisant.
Utilise-le pour endormir tes ennemis sans leur
faire de mal.
","Snake, le Mk22 est un pistolet tranquillisant.
Utilise-le pour endormir tes ennemis sans leur
faire de mal.
"
0x26479,"La vitesse à laquelle le tranquillisant fait effet
dépend du point d'impact sur ton ennemi.
","La vitesse à laquelle le tranquillisant fait effet
dépend du point d'impact sur ton ennemi.
"
0x264d8,"Tire-lui dans le bras ou dans la jambe et le
tranquillisant mettra longtemps à faire effet.
","Tire-lui dans le bras ou dans la jambe et le
tranquillisant mettra longtemps à faire effet.
"
0x26536,"Mais vise la tête et il tombera comme une
mouche.
","Mais vise la tête et il tombera comme une
mouche.
"
0x2656a,"Si tu veux endormir rapidement ton ennemi,
vise la tête.
","Si tu veux endormir rapidement ton ennemi,
vise la tête.
"
0x265a5,"Sélectionne de la nourriture à la place d'une
arme et appuie sur la touche Arme pour jeter
cette nourriture.
","Sélectionne de la nourriture à la place d'une
arme et appuie sur la touche Arme pour jeter
cette nourriture.
"
0x26615,"Si tu jettes un animal vivant à ton ennemi, tu
détourneras son attention.
","Si tu jettes un animal vivant à ton ennemi, tu
détourneras son attention.
"
0x26662,"Si ton ennemi a très faim, il pourra chercher à
se procurer de la nourriture.
","Si ton ennemi a très faim, il pourra chercher à
se procurer de la nourriture.
"
0x266b3,"Ton équipement est réduit au minimum pour
cette mission. Utilise donc tout ce que tu
trouves sur le terrain.
","Ton équipement est réduit au minimum pour
cette mission. Utilise donc tout ce que tu
trouves sur le terrain.
"
0x26723,"Déplace le joystick analogique gauche dans
une direction donnée en vue à la verticale
pour regarder dans cette direction.
","Déplace le joystick analogique gauche dans
une direction donnée en vue à la verticale
pour regarder dans cette direction.
"
0x267a1,"Déplace le joystick analogique droit vers la
gauche (ou droite) pour voir ce qu'il y a à
gauche
","Déplace le joystick analogique droit vers la
gauche (ou droite) pour voir ce qu'il y a à
gauche
"
0x26804,"(ou droite), vers le haut pour regarder loin de
toi et vers le bas pour regarder près de toi.
","(ou droite), vers le haut pour regarder loin de
toi et vers le bas pour regarder près de toi.
"
0x26864,"Si tu appuies sur la touche  en pointant le
joystick analogique droit dans une direction
donnée, la caméra se verrouillera dans cette
position.
","Si tu appuies sur la touche  en pointant le
joystick analogique droit dans une direction
donnée, la caméra se verrouillera dans cette
position.
"
0x268fa,"Par exemple, si tu te diriges vers le nord,
déplace le joystick analogique droit vers le
haut et appuie sur la touche  pour verrouiller
la caméra.
","Par exemple, si tu te diriges vers le nord,
déplace le joystick analogique droit vers le
haut et appuie sur la touche  pour verrouiller
la caméra.
"
0x26993,"Ton observation des choses se fera dans la
direction du mouvement.
","Ton observation des choses se fera dans la
direction du mouvement.
"
0x269d7,"Ensuite, si tu remarques une patrouille
ennemie à l'est, verrouille la caméra sur la
droite pour que tu puisses te cacher en
observant la menace potentielle.
","Ensuite, si tu remarques une patrouille
ennemie à l'est, verrouille la caméra sur la
droite pour que tu puisses te cacher en
observant la menace potentielle.
"
0x26a78,"Cette technique peut s'avérer très utile dans
cette mission. Essaie d'en tirer parti.
","Cette technique peut s'avérer très utile dans
cette mission. Essaie d'en tirer parti.
"
0x26ad1,"En courant, appuie sur la touche Ramper pour
faire une roulade.
","En courant, appuie sur la touche Ramper pour
faire une roulade.
"
0x26b12,"Pendant un moment, tu feras un saut qui te
permettra d'assommer tes ennemis.
","Pendant un moment, tu feras un saut qui te
permettra d'assommer tes ennemis.
"
0x26b60,"Contrairement à l'entraînement que tu as
reçu jusqu'ici, tu peux utiliser les roulades pour
sauter par-dessus des objets qui t'arrivent à la
taille.
","Contrairement à l'entraînement que tu as
reçu jusqu'ici, tu peux utiliser les roulades pour
sauter par-dessus des objets qui t'arrivent à la
taille.
"
0x26bfa,"Mais attention, les roulades consomment plus
d'endurance que la course.
","Mais attention, les roulades consomment plus
d'endurance que la course.
"
0x26c43,"Snake, si ton endurance atteint un niveau trop
bas, tes aptitudes physiques vont en pâtir.
","Snake, si ton endurance atteint un niveau trop
bas, tes aptitudes physiques vont en pâtir.
"
0x26ca0,"Tu dois récupérer de l'endurance avant de
perdre toutes tes forces.
","Tu dois récupérer de l'endurance avant de
perdre toutes tes forces.
"
0x26ce7,"Ta jauge d'endurance est située en-dessous de
ta jauge de vie.
","Ta jauge d'endurance est située en-dessous de
ta jauge de vie.
"
0x26d28,"Elle t'indique l'endurance qu'il te reste.
","Elle t'indique l'endurance qu'il te reste.
"
0x26d54,"En utilisant ton endurance, la régénération
naturelle de ta VIE est ralentie, et tes mains
tremblent plus.
","En utilisant ton endurance, la régénération
naturelle de ta VIE est ralentie, et tes mains
tremblent plus.
"
0x26dc3,"Tes Jauges d'oxygène et de prise sont
également réduites.
","Tes Jauges d'oxygène et de prise sont
également réduites.
"
0x26e01,"Une endurance trop faible risque de
compromettre les objectifs de ta mission.
","Une endurance trop faible risque de
compromettre les objectifs de ta mission.
"
0x26e50,"Récupère suffisamment d'endurance avant que
cela arrive.
","Récupère suffisamment d'endurance avant que
cela arrive.
"
0x26e8c,"Mange pour améliorer ton endurance.
","Mange pour améliorer ton endurance.
"
0x26eb2,"Cueille des plantes ou chasse des animaux.
","Cueille des plantes ou chasse des animaux.
"
0x26ede,"J'ai des informations sur les plantes et les
animaux de la région, alors demande-moi.
","J'ai des informations sur les plantes et les
animaux de la région, alors demande-moi.
"
0x26f36,"Je suis sur la fréquence 145.73.
","Je suis sur la fréquence 145.73.
"
0x26f59,"Tes actions peuvent faire diminuer ton
endurance. Plus ton activité demande de
l'énergie, plus ton endurance diminuera.
","Tes actions peuvent faire diminuer ton
endurance. Plus ton activité demande de
l'énergie, plus ton endurance diminuera.
"
0x26fd4,"C'est exact.
","C'est exact.
"
0x26fe2,"Marche doucement pour économiser ton
endurance. Par contre, les roulades ou la
course utilisent beaucoup d'endurance.
","Marche doucement pour économiser ton
endurance. Par contre, les roulades ou la
course utilisent beaucoup d'endurance.
"
0x2705a,"Essaie d'éviter les actions inutiles au maximum
pour garder de l'endurance.
","Essaie d'éviter les actions inutiles au maximum
pour garder de l'endurance.
"
0x270a8,"Snake, rappelle-toi que le silencieux n'a pas
une durée de vie illimitée.
","Snake, rappelle-toi que le silencieux n'a pas
une durée de vie illimitée.
"
0x270f5,"Je sais. Les silencieux se détériorent au fil du
temps.
","Je sais. Les silencieux se détériorent au fil du
temps.
"
0x27130,"Exactement.
","Exactement.
"
0x2713d,"Une fois qu'un silencieux a atteint sa durée de
vie limite, il se casse et on ne peut plus
l'utiliser.
","Une fois qu'un silencieux a atteint sa durée de
vie limite, il se casse et on ne peut plus
l'utiliser.
"
0x271a6,"Jette un coup d'œil à l'icône de l'arme
pour vérifier la durée de vie restante de ton
silencieux.
","Jette un coup d'œil à l'icône de l'arme
pour vérifier la durée de vie restante de ton
silencieux.
"
0x2720e,"Si tu veux que ton silencieux dure plus
longtemps, enlève-le de ton arme.
","Si tu veux que ton silencieux dure plus
longtemps, enlève-le de ton arme.
"
0x2725a,"Sélectionne l'arme sur lequel le silencieux est
équipé à l'aide de la touche Fenêtre Armes
","Sélectionne l'arme sur lequel le silencieux est
équipé à l'aide de la touche Fenêtre Armes
"
0x272bb,"et appuie sur la touche Entrée pour fixer ou
enlever le silencieux.
","et appuie sur la touche Entrée pour fixer ou
enlever le silencieux.
"
0x27301,"Limite l'usage de ton silencieux en fonction de
la situation.
","Limite l'usage de ton silencieux en fonction de
la situation.
"
0x27340,"Snake, certains soldats ennemis sont équipés
de radios.
","Snake, certains soldats ennemis sont équipés
de radios.
"
0x2737b,"Ils peuvent alors utiliser leur radio pour
contacter leur centre de commande.
","Ils peuvent alors utiliser leur radio pour
contacter leur centre de commande.
"
0x273ca,"Si l'un d'entre eux remarque ta présence, il ne
manquera pas d'appeler des renforts.
","Si l'un d'entre eux remarque ta présence, il ne
manquera pas d'appeler des renforts.
"
0x27421,"Si le QG reçoit cet appel, il enverra en renfort
une unité stationnée dans les environs.
","Si le QG reçoit cet appel, il enverra en renfort
une unité stationnée dans les environs.
"
0x2747e,"Quand les renforts arriveront, tes ennemis
seront plus nombreux que toi et tu auras bien
du mal à les affronter.
","Quand les renforts arriveront, tes ennemis
seront plus nombreux que toi et tu auras bien
du mal à les affronter.
"
0x274f1,"Si tu vois qu'un garde est sur le point d'appeler
des renforts, débarrasse-toi de lui avant qu'il
ne soit trop tard.
","Si tu vois qu'un garde est sur le point d'appeler
des renforts, débarrasse-toi de lui avant qu'il
ne soit trop tard.
"
0x27568,"S'il y parvient, bats en retraite avant l'arrivée
de l'unité.
","S'il y parvient, bats en retraite avant l'arrivée
de l'unité.
"
0x275a9,"Si tu restes trop longtemps dans les parages,
tu devras affronter un grand nombre
d'ennemis. OK?
","Si tu restes trop longtemps dans les parages,
tu devras affronter un grand nombre
d'ennemis. OK?
"
0x2760b,"Il est également possible de détruire la radio
utilisée par tes ennemis.
","Il est également possible de détruire la radio
utilisée par tes ennemis.
"
0x27658,"Lors d'une bataille,
","Lors d'une bataille,
"
0x2766e,"commence par détruire la radio, puis
concentre-toi sur le combat, sans avoir à
craindre l'arrivée des renforts.
","commence par détruire la radio, puis
concentre-toi sur le combat, sans avoir à
craindre l'arrivée des renforts.
"
0x276e2,"Snake, c'est une mission d'infiltration. Tu dois
la remplir au nez et à la barbe de tes ennemis.
","Snake, c'est une mission d'infiltration. Tu dois
la remplir au nez et à la barbe de tes ennemis.
"
0x27745,"Si un ennemi te repère, mets-le hors d'action
avant qu'il ne puisse alerter des soldats postés
aux alentours.
","Si un ennemi te repère, mets-le hors d'action
avant qu'il ne puisse alerter des soldats postés
aux alentours.
"
0x277b6,"Si tu peux le dégommer avant qu'il alerte les
autres de ta présence,
","Si tu peux le dégommer avant qu'il alerte les
autres de ta présence,
"
0x277fe,"la phase d'Alerte repassera rapidement à la
normale.
","la phase d'Alerte repassera rapidement à la
normale.
"
0x27835,"Mais n'oublie pas que c'est une tactique à
utiliser dans les cas d'urgence uniquement.
","Mais n'oublie pas que c'est une tactique à
utiliser dans les cas d'urgence uniquement.
"
0x2788e,"Ta priorité est de ne pas te faire repérer par
les ennemis. C'est bien compris.
","Ta priorité est de ne pas te faire repérer par
les ennemis. C'est bien compris.
"
0x278e1,"Snake, tu as remarqué qu'après avoir mis un
ennemi KO, des étoiles apparaissent
au-dessus de sa tête?
","Snake, tu as remarqué qu'après avoir mis un
ennemi KO, des étoiles apparaissent
au-dessus de sa tête?
"
0x2794c,"Si tu regardes de plus près ces étoiles, tu
remarqueras qu'elles disparaissent
graduellement, une par une.
","Si tu regardes de plus près ces étoiles, tu
remarqueras qu'elles disparaissent
graduellement, une par une.
"
0x279ba,"Quand toutes les étoiles auront disparu, ton
ennemi reprendra conscience et sera prêt à
se battre.
","Quand toutes les étoiles auront disparu, ton
ennemi reprendra conscience et sera prêt à
se battre.
"
0x27a21,"Alors quand tu mettras un ennemi KO, tu
pourras savoir quand il va se réveiller.
","Alors quand tu mettras un ennemi KO, tu
pourras savoir quand il va se réveiller.
"
0x27a74,"Snake, les tenues de camouflages ne suffisent
pas. Tu devras aussi peindre ton visage.
","Snake, les tenues de camouflages ne suffisent
pas. Tu devras aussi peindre ton visage.
"
0x27acc,"Snake, le camouflage et la peinture sur le
visage ne suffiront pas à te dissimuler
complètement.
","Snake, le camouflage et la peinture sur le
visage ne suffiront pas à te dissimuler
complètement.
"
0x27b30,"En plus de ton camouflage, ta posture
physique est un élément à ne pas négliger.
","En plus de ton camouflage, ta posture
physique est un élément à ne pas négliger.
"
0x27b86,"Snake, pour accomplir cette mission sans te
faire remarquer, tu dois apprendre à détecter à
distance un ennemi qui approche.
","Snake, pour accomplir cette mission sans te
faire remarquer, tu dois apprendre à détecter à
distance un ennemi qui approche.
"
0x27c07,"Appuie sur la touche Observation à la première
personne et utilise ce point de vue pour scruter
ton environnement.
","Appuie sur la touche Observation à la première
personne et utilise ce point de vue pour scruter
ton environnement.
"
0x27c7d,"Tu peux t'équiper d'une arme en Observation à
la première personne. Cela s'appelle une
attaque en Observation à la première
personne.
","Tu peux t'équiper d'une arme en Observation à
la première personne. Cela s'appelle une
attaque en Observation à la première
personne.
"
0x27d09,"En utilisant une attaque en Observation à la
première personne, tu peux diriger ta ligne de
tir vers le haut, le bas, la gauche ou la droite.
","En utilisant une attaque en Observation à la
première personne, tu peux diriger ta ligne de
tir vers le haut, le bas, la gauche ou la droite.
"
0x27d9a,"Dans un arbre, appuie sur la touche Action
pour t'accrocher à une branche.
","Dans un arbre, appuie sur la touche Action
pour t'accrocher à une branche.
"
0x27de7,"Mais tu ne peux rester accroché aussi
longtemps que ta force le permet.
","Mais tu ne peux rester accroché aussi
longtemps que ta force le permet.
"
0x27e31,"Pour cela, garde un œil sur ta jauge de
prise.
","Pour cela, garde un œil sur ta jauge de
prise.
"
0x27e62,"Attention, si ton endurance n'est pas très
bonne, ta prise ne durera pas longtemps.
","Attention, si ton endurance n'est pas très
bonne, ta prise ne durera pas longtemps.
"
0x27eb8,"Une fois en suspension, tu pourras tirer à
l'aide d'une arme à une main.
","Une fois en suspension, tu pourras tirer à
l'aide d'une arme à une main.
"
0x27f04,"Et si tu es attaqué en suspension, ne panique
pas et tire le meilleur parti de la situation.
","Et si tu es attaqué en suspension, ne panique
pas et tire le meilleur parti de la situation.
"
0x27f63,"AUCUNE REPONSE
","AUCUNE REPONSE
"
0x27f73,"Snake, rappelle-toi que c'est une opération
d'infiltration en solitaire.
","Snake, rappelle-toi que c'est une opération
d'infiltration en solitaire.
"
0x27fbe,"Nous t'apporterons une assistance radio, mais
une fois sur le terrain, tu seras seul. Tu
n'auras aucun renfort.
","Nous t'apporterons une assistance radio, mais
une fois sur le terrain, tu seras seul. Tu
n'auras aucun renfort.
"
0x2802f,"Et tu n'as aucune chance de survie si tu
affrontes une unité ennemie armée trop
importante.
","Et tu n'as aucune chance de survie si tu
affrontes une unité ennemie armée trop
importante.
"
0x2808e,"Evite autant que possible tout affrontement
direct. Ta priorité numéro 1 dans cette
mission, c'est de ne pas te faire remarquer.
","Evite autant que possible tout affrontement
direct. Ta priorité numéro 1 dans cette
mission, c'est de ne pas te faire remarquer.
"
0x28112,"Snake, tes pilules de mort simulée et de réveil
","Snake, tes pilules de mort simulée et de réveil
"
0x28145,"comptent parmi les plus récents médicaments
développés en interne par les services
techniques de la CIA pour les services
d'espionnage.
","comptent parmi les plus récents médicaments
développés en interne par les services
techniques de la CIA pour les services
d'espionnage.
"
0x281d2,"Utilise la pilule de mort simulée pour entrer un
état ressemblant à la mort pendant une
période de temps limitée.
","Utilise la pilule de mort simulée pour entrer un
état ressemblant à la mort pendant une
période de temps limitée.
"
0x2824a,"Utilise-la à bon escient et tu pourras tromper
tes ennemis et leur faire croire que tu es mort.
","Utilise-la à bon escient et tu pourras tromper
tes ennemis et leur faire croire que tu es mort.
"
0x282ac,"Ça peut être utile si tu es encerclé.
","Ça peut être utile si tu es encerclé.
"
0x282d6,"Pour te réveiller d'une mort simulée, utilise la
pilule de réveil.
","Pour te réveiller d'une mort simulée, utilise la
pilule de réveil.
"
0x2831d,"Mais attention, choisis le bon moment. Son
effet sera gâché si tu te réveilles quand
l'ennemi est encore présent.
","Mais attention, choisis le bon moment. Son
effet sera gâché si tu te réveilles quand
l'ennemi est encore présent.
"
0x28394,"Intéressant. Mais comment est-ce que ça
fonctionne?
","Intéressant. Mais comment est-ce que ça
fonctionne?
"
0x283cb,"Comment ça?
","Comment ça?
"
0x283d9,"Je ne veux pas vraiment prendre de pilule sans
savoir ce qu'elle contient. Comment est-ce
qu'elle donne l'apparence d'un mort? Quels
seront ses effets sur le corps humain?
","Je ne veux pas vraiment prendre de pilule sans
savoir ce qu'elle contient. Comment est-ce
qu'elle donne l'apparence d'un mort? Quels
seront ses effets sur le corps humain?
"
0x28486,"Eh bien, Snake... à ce sujet...
","Eh bien, Snake... à ce sujet...
"
0x284a8,"Je sais. Je ferais bien de demander à
Para-Medic. Para-Medic!
","Je sais. Je ferais bien de demander à
Para-Medic. Para-Medic!
"
0x284e8,"Laisse-moi t'expliquer.
","Laisse-moi t'expliquer.
"
0x28501,"Tu sais que, dans la nature, certains animaux
font le mort, comme les charançons, les
coccinelles, les mésanges à tête noire, les
opossums et bien d'autres.
","Tu sais que, dans la nature, certains animaux
font le mort, comme les charançons, les
coccinelles, les mésanges à tête noire, les
opossums et bien d'autres.
"
0x285a3,"Eh bien, la pilule de mort simulée s'inspire de
la nature et applique ces trouvailles au monde
de l'espionnage.
","Eh bien, la pilule de mort simulée s'inspire de
la nature et applique ces trouvailles au monde
de l'espionnage.
"
0x28615,"En prenant cette pilule, ton corps va produire
rapidement un certain nombre de composés
chimiques:
","En prenant cette pilule, ton corps va produire
rapidement un certain nombre de composés
chimiques:
"
0x2867a,"adénosine et sérotonine, ainsi que des
peptides opioïdes, notamment de la
méthionine-enképhaline.
","adénosine et sérotonine, ainsi que des
peptides opioïdes, notamment de la
méthionine-enképhaline.
"
0x286e2,"Ces composés enclenchent un processus
d'hibernation
","Ces composés enclenchent un processus
d'hibernation
"
0x28718,"qui ralentit ton rythme cardiaque, ta respiration
et abaisse de façon importante la température
de ton corps.
","qui ralentit ton rythme cardiaque, ta respiration
et abaisse de façon importante la température
de ton corps.
"
0x28789,"A première vue, tu auras l'air mort.
","A première vue, tu auras l'air mort.
"
0x287b0,"La pilule de réveil, pour simplifier les choses,
est un agent annihilant de la pilule de mort
simulée.
","La pilule de réveil, pour simplifier les choses,
est un agent annihilant de la pilule de mort
simulée.
"
0x2881a,"En prenant cette pilule, ton corps sécrétera
des stimulants comme de la noradrénaline et
d'autres composés chimiques comme la
naloxone,
","En prenant cette pilule, ton corps sécrétera
des stimulants comme de la noradrénaline et
d'autres composés chimiques comme la
naloxone,
"
0x288a7,"qui bloquent les effets de la pilule de mort
simulée.
","qui bloquent les effets de la pilule de mort
simulée.
"
0x288df,"En gros, elle te réveille.
","En gros, elle te réveille.
"
0x288fc,"Est-ce que ça t'aide?
","Est-ce que ça t'aide?
"
0x28914,"...
","...
"
0x28919,"OK, je vais essayer d'expliquer plus en détail.
","OK, je vais essayer d'expliquer plus en détail.
"
0x2894b,"La sécrétion de méthionine-enképhaline initiée
par la pilule de mort simulée a des effets sur
les récepteurs opioïdes qui...
","La sécrétion de méthionine-enképhaline initiée
par la pilule de mort simulée a des effets sur
les récepteurs opioïdes qui...
"
0x289d1,"O... OK, je crois que j'ai compris maintenant.
","O... OK, je crois que j'ai compris maintenant.
"
0x28a01,"Tu es sûr?
","Tu es sûr?
"
0x28a0e,"Oui, oui.
","Oui, oui.
"
0x28a19,"Mais tu dois sûrement vouloir en savoir plus.
","Mais tu dois sûrement vouloir en savoir plus.
"
0x28a49,"Il y a trois types de récepteurs: delta, kappa,
et mu. La méthionine-enképhaline agit sur le...
","Il y a trois types de récepteurs: delta, kappa,
et mu. La méthionine-enképhaline agit sur le...
"
0x28aad,"Para-Medic, je crois que Snake a compris
maintenant. C'est vrai, Snake?
","Para-Medic, je crois que Snake a compris
maintenant. C'est vrai, Snake?
"
0x28af6,"Oui, c'est clair, comme de l'eau de roche.
","Oui, c'est clair, comme de l'eau de roche.
"
0x28b22,"Mais...
","Mais...
"
0x28b2b,"Major, j'ai assez d'informations sur ces pilules
maintenant, alors je vais retourner à ma
mission.
","Major, j'ai assez d'informations sur ces pilules
maintenant, alors je vais retourner à ma
mission.
"
0x28b90,"D'accord. Comme tu veux.
","D'accord. Comme tu veux.
"
0x28baa,"Hé, attends une...!
","Hé, attends une...!
"
0x28bc0,"...
","...
"
0x28bc5,"Snake, laisse-moi t'expliquer les différentes
phases d'alerte de l'ennemi.
","Snake, laisse-moi t'expliquer les différentes
phases d'alerte de l'ennemi.
"
0x28c12,"Tout d'abord, il y a la phase où l'ennemi ne
sait pas que tu es dans leur zone. Cela
s'appelle la Phase normale.
","Tout d'abord, il y a la phase où l'ennemi ne
sait pas que tu es dans leur zone. Cela
s'appelle la Phase normale.
"
0x28c85,"En Phase normale, l'ennemi suit les
procédures normales en ce qui concerne ses
patrouilles et ses activités.
","En Phase normale, l'ennemi suit les
procédures normales en ce qui concerne ses
patrouilles et ses activités.
"
0x28cf5,"Ils ne représentent pas un grand danger pour
toi.
","Ils ne représentent pas un grand danger pour
toi.
"
0x28d29,"Mais s'ils remarquent un intrus (c'est-à-dire
toi), ils vont t'attaquer pour essayer de te
neutraliser. C'est la Phase d'alerte.
","Mais s'ils remarquent un intrus (c'est-à-dire
toi), ils vont t'attaquer pour essayer de te
neutraliser. C'est la Phase d'alerte.
"
0x28dac,"La Phase d'alerte dure aussi longtemps que
l'ennemi ne t'a pas perdu de vue.
","La Phase d'alerte dure aussi longtemps que
l'ennemi ne t'a pas perdu de vue.
"
0x28dfa,"Ensuite, l'ennemi continuera à te chercher
pendant un moment. C'est ce qu'on appelle la
Phase d'évasion.
","Ensuite, l'ennemi continuera à te chercher
pendant un moment. C'est ce qu'on appelle la
Phase d'évasion.
"
0x28e66,"La Phase d'évasion dure jusqu'à ce que
l'ennemi épuise toutes ses options de
recherche.
","La Phase d'évasion dure jusqu'à ce que
l'ennemi épuise toutes ses options de
recherche.
"
0x28ec2,"Une fois la Phase d'évasion terminée, l'ennemi
retourne à sa base.
","Une fois la Phase d'évasion terminée, l'ennemi
retourne à sa base.
"
0x28f09,"Lorsque la recherche est terminée, l'ennemi
entre en Phase Prudence.
","Lorsque la recherche est terminée, l'ennemi
entre en Phase Prudence.
"
0x28f50,"En Phase Prudence, les soldats ennemis
seront plus prudents dans leur patrouille et
plus difficiles à repérer.
","En Phase Prudence, les soldats ennemis
seront plus prudents dans leur patrouille et
plus difficiles à repérer.
"
0x28fc2,"En plus des patrouilles régulières, ils risquent
également d'envoyer des unités
supplémentaires à ta recherche. Alors reste
sur tes gardes.
","En plus des patrouilles régulières, ils risquent
également d'envoyer des unités
supplémentaires à ta recherche. Alors reste
sur tes gardes.
"
0x29055,"En t'équipant d'une grenade et en appuyant
sur la touche Arme en mode Vue arrière, tu
pourras lancer une grenade en te cachant
derrière une barrière.
","En t'équipant d'une grenade et en appuyant
sur la touche Arme en mode Vue arrière, tu
pourras lancer une grenade en te cachant
derrière une barrière.
"
0x290f0,"Cette technique est utile lors d'un échange de
tir. Fais-en bon usage.
","Cette technique est utile lors d'un échange de
tir. Fais-en bon usage.
"
0x29139,"Snake, ça va? Tu as l'air très fatigué.
","Snake, ça va? Tu as l'air très fatigué.
"
0x29165,"Non, pas du tout.
","Non, pas du tout.
"
0x29178,"Pas la peine de jouer au dur.
","Pas la peine de jouer au dur.
"
0x29197,"Je ne joue pas au dur.
","Je ne joue pas au dur.
"
0x291af,"Vraiment? Tu lâches prise au bout de
quelques secondes après t'être suspendu.
Je parie que tu n'arrives pas à tenir ton fusil
droit.
","Vraiment? Tu lâches prise au bout de
quelques secondes après t'être suspendu.
Je parie que tu n'arrives pas à tenir ton fusil
droit.
"
0x29239,"...
","...
"
0x2923e,"Tu es exténué. Regarde ta Jauge
d'endurance. Elle est presque vide, n'est-ce
pas?
","Tu es exténué. Regarde ta Jauge
d'endurance. Elle est presque vide, n'est-ce
pas?
"
0x29293,"Tu ne peux pas continuer ta mission dans cet
état. Tu dois manger quelque chose pour
récupérer de l'endurance.
","Tu ne peux pas continuer ta mission dans cet
état. Tu dois manger quelque chose pour
récupérer de l'endurance.
"
0x29306,"Tu as de la nourriture, n'est-ce pas?
","Tu as de la nourriture, n'est-ce pas?
"
0x2932d,"Ouais.
","Ouais.
"
0x29335,"Pour manger, appuie sur la touche START
pour ouvrir le Visualiseur de survie, puis
sélectionne NOURRITURE.
","Pour manger, appuie sur la touche START
pour ouvrir le Visualiseur de survie, puis
sélectionne NOURRITURE.
"
0x293a2,"A l'aide du joystick analogique gauche, choisis
la nourriture que tu veux consommer et appuie
sur la touche Entrée pour la manger.
","A l'aide du joystick analogique gauche, choisis
la nourriture que tu veux consommer et appuie
sur la touche Entrée pour la manger.
"
0x29427,"Tu vas devoir interrompre momentanément ta
mission. Tu vas devoir trouver de la
nourriture.
","Tu vas devoir interrompre momentanément ta
mission. Tu vas devoir trouver de la
nourriture.
"
0x29485,"Mais...
","Mais...
"
0x2948e,"Tu m'as bien entendue? Va à la chasse!
","Tu m'as bien entendue? Va à la chasse!
"
0x294b7,"...
","...
"
0x294bc,"Durant cette mission, tu vas devoir chasser
pour t'alimenter. Si ton endurance tombe trop
bas, mange quelque chose. Tu as compris?
","Durant cette mission, tu vas devoir chasser
pour t'alimenter. Si ton endurance tombe trop
bas, mange quelque chose. Tu as compris?
"
0x29540,"Snake, manger n'est pas l'unique moyen de
récupérer de l'endurance.
","Snake, manger n'est pas l'unique moyen de
récupérer de l'endurance.
"
0x29587,"Alors quels sont les autres?
","Alors quels sont les autres?
"
0x295a5,"Te reposer, par exemple.
","Te reposer, par exemple.
"
0x295bf,"Me reposer?
","Me reposer?
"
0x295cc,"Pour te reposer, il te suffit de sauvegarder et
de quitter ta partie.
","Pour te reposer, il te suffit de sauvegarder et
de quitter ta partie.
"
0x29613,"La prochaine fois que tu chargeras tes
données de sauvegarde pour continuer la
partie, ton endurance et ta VIE auront
augmenté.
","La prochaine fois que tu chargeras tes
données de sauvegarde pour continuer la
partie, ton endurance et ta VIE auront
augmenté.
"
0x29696,"L'importance de cette augmentation dépend de
la durée pendant laquelle tu te seras reposé.
","L'importance de cette augmentation dépend de
la durée pendant laquelle tu te seras reposé.
"
0x296f5,"Donc, plus je me repose longtemps, plus je
récupère?
","Donc, plus je me repose longtemps, plus je
récupère?
"
0x2972d,"Exactement.
","Exactement.
"
0x2973a,"Si tu es exténué à tel point que tu n'as
même plus la force de chercher de la
nourriture,
","Si tu es exténué à tel point que tu n'as
même plus la force de chercher de la
nourriture,
"
0x29799,"sauvegarde ta partie et repose-toi pour te
remettre sur pieds.
","sauvegarde ta partie et repose-toi pour te
remettre sur pieds.
"
0x297d9,"J'espère bien que ça n'arrivera jamais.
","J'espère bien que ça n'arrivera jamais.
"
0x29804,"Moi aussi. Mais on ne sait jamais. Tu
n'oublieras pas, OK?
","Moi aussi. Mais on ne sait jamais. Tu
n'oublieras pas, OK?
"
0x29840,"Non.
","Non.
"
0x29846,"Snake, ta première tâche consiste à
retrouver ADAM, le contact fourni par le KGB.
","Snake, ta première tâche consiste à
retrouver ADAM, le contact fourni par le KGB.
"
0x2989c,"Le point de rendez-vous est une usine
désaffectée au nord de ta position actuelle.
Dirige-toi vers le nord.
","Le point de rendez-vous est une usine
désaffectée au nord de ta position actuelle.
Dirige-toi vers le nord.
"
0x2990b,"L'usine désaffectée... c'est là où j'ai rencontré
Sokolov pendant la Mission Vertueuse.
","L'usine désaffectée... c'est là où j'ai rencontré
Sokolov pendant la Mission Vertueuse.
"
0x29969,"Exact. Mais cette fois, on ne peut pas se
permettre que les choses se déroulent de la
même façon.
","Exact. Mais cette fois, on ne peut pas se
permettre que les choses se déroulent de la
même façon.
"
0x299cf,"Je sais.
","Je sais.
"
0x299d9,"Comme pour la Mission Vertueuse, l'Opération
Snake Eater est une opération d'infiltration en
solitaire.
","Comme pour la Mission Vertueuse, l'Opération
Snake Eater est une opération d'infiltration en
solitaire.
"
0x29a44,"Une fois sur le terrain, tu n'auras aucun
renfort.
","Une fois sur le terrain, tu n'auras aucun
renfort.
"
0x29a78,"Evite autant que possible tout affrontement
direct avec l'ennemi. Ta priorité numéro 1 est
de ne pas te faire repérer.
","Evite autant que possible tout affrontement
direct avec l'ennemi. Ta priorité numéro 1 est
de ne pas te faire repérer.
"
0x29af3,"Utilise l'option CAMOUFLAGE dans le
Visualiseur de survie et choisis bien ton
camouflage. Avance avec prudence.
","Utilise l'option CAMOUFLAGE dans le
Visualiseur de survie et choisis bien ton
camouflage. Avance avec prudence.
"
0x29b64,"Contrairement à la Mission Vertueuse, celle-ci
est nocturne.
","Contrairement à la Mission Vertueuse, celle-ci
est nocturne.
"
0x29ba3,"Tu vas te perdre plus facilement dans le noir,
","Tu vas te perdre plus facilement dans le noir,
"
0x29bd3,"mais ton camouflage sera aussi plus efficace
et les ennemis auront plus de mal à te repérer.
","mais ton camouflage sera aussi plus efficace
et les ennemis auront plus de mal à te repérer.
"
0x29c33,"D'un autre côté, tu auras aussi plus de mal
à les repérer.
","D'un autre côté, tu auras aussi plus de mal
à les repérer.
"
0x29c73,"Tu remarqueras aussi que certains animaux
sont en pleine activité. Certains de ces
animaux nocturnes sont venimeux. Alors reste
sur tes gardes.
","Tu remarqueras aussi que certains animaux
sont en pleine activité. Certains de ces
animaux nocturnes sont venimeux. Alors reste
sur tes gardes.
"
0x29d05,"Para-Medic sera encore là pour te fournir des
informations sur la faune et la flore locale.
","Para-Medic sera encore là pour te fournir des
informations sur la faune et la flore locale.
"
0x29d63,"Appelle-la si tu as des questions à lui poser.
","Appelle-la si tu as des questions à lui poser.
"
0x29d94,"L'Opération Snake Eater est différente de la
Mission Vertueuse, car tu ne pourras pas la
terminer en quelques heures seulement.
","L'Opération Snake Eater est différente de la
Mission Vertueuse, car tu ne pourras pas la
terminer en quelques heures seulement.
"
0x29e17,"La limite de temps donnée par Khrouchtchev
est d'une semaine. Dans ce laps de temps, tu
vas devoir secourir Sokolov, battre Volgin,
détruire le Shagohod et...
","La limite de temps donnée par Khrouchtchev
est d'une semaine. Dans ce laps de temps, tu
vas devoir secourir Sokolov, battre Volgin,
détruire le Shagohod et...
"
0x29eb9,"Je sais.
","Je sais.
"
0x29ec3,"...Tant mieux.
","...Tant mieux.
"
0x29ed3,"En tout cas, tu ne pourras pas rentrer tant que
tu n'auras pas atteint tous tes objectifs.
","En tout cas, tu ne pourras pas rentrer tant que
tu n'auras pas atteint tous tes objectifs.
"
0x29f2f,"La survie sur le terrain est un élément
essentiel de cette mission. Et la technique de
survie la plus importante consiste, bien sûr,
à trouver de la nourriture.
","La survie sur le terrain est un élément
essentiel de cette mission. Et la technique de
survie la plus importante consiste, bien sûr,
à trouver de la nourriture.
"
0x29fd5,"Tu pourras obtenir de la nourriture de la
même façon que pendant la Mission
Vertueuse, c'est-à-dire en la capturant.
","Tu pourras obtenir de la nourriture de la
même façon que pendant la Mission
Vertueuse, c'est-à-dire en la capturant.
"
0x2a04e,"Il n'y a encore pas trop d'ennemis présents
dans cette zone. Tu devrais en profiter pour
faire des stocks de nourriture.
","Il n'y a encore pas trop d'ennemis présents
dans cette zone. Tu devrais en profiter pour
faire des stocks de nourriture.
"
0x2a0c9,"Tu viens d'entendre un cheval?
","Tu viens d'entendre un cheval?
"
0x2a0e9,"Ouais.
","Ouais.
"
0x2a0f1,"Tu es sûr que ce n'était pas autre chose.
","Tu es sûr que ce n'était pas autre chose.
"
0x2a11e,"Je sais encore reconnaître le bruit d'un
cheval.
","Je sais encore reconnaître le bruit d'un
cheval.
"
0x2a151,"Para-Medic, est-ce qu'il y a des chevaux
sauvages à Tselinoyarsk?
","Para-Medic, est-ce qu'il y a des chevaux
sauvages à Tselinoyarsk?
"
0x2a195,"Vous pensez vraiment que je vais répondre «
oui »?
","Vous pensez vraiment que je vais répondre «
oui »?
"
0x2a1cc,"Non.
","Non.
"
0x2a1d2,"Alors, pourquoi vous me posez la question?
","Alors, pourquoi vous me posez la question?
"
0x2a1fe,"Il n'y a qu'un seul chemin à travers cette zone.
Ta seule option, c'est d'avancer.
","Il n'y a qu'un seul chemin à travers cette zone.
Ta seule option, c'est d'avancer.
"
0x2a253,"Dirige-toi en direction du cheval que tu as
entendu. Ça venait du nord. Sois prudent.
","Dirige-toi en direction du cheval que tu as
entendu. Ça venait du nord. Sois prudent.
"
0x2a2ab,"Major...
","Major...
"
0x2a2b5,"Snake, The Boss est ton ennemi. Tu dois
accepter cet état de fait.
","Snake, The Boss est ton ennemi. Tu dois
accepter cet état de fait.
"
0x2a2fa,"...
","...
"
0x2a2ff,"ADAM t'attend à l'usine désaffectée au nord de
ta position actuelle. Dirige-toi vers le nord.
","ADAM t'attend à l'usine désaffectée au nord de
ta position actuelle. Dirige-toi vers le nord.
"
0x2a361,"Rappelle-toi que tu as perdu ton arme. Dans
un combat contre l'ennemi, tu n'auras aucune
chance de survie.
","Rappelle-toi que tu as perdu ton arme. Dans
un combat contre l'ennemi, tu n'auras aucune
chance de survie.
"
0x2a3cd,"Utilise ton camouflage pour éviter de te faire
remarquer par l'ennemi!
","Utilise ton camouflage pour éviter de te faire
remarquer par l'ennemi!
"
0x2a416,"L'ennemi a dû voir le drone exploser. Ils ont
probablement déjà envoyé des unités de
patrouille.
","L'ennemi a dû voir le drone exploser. Ils ont
probablement déjà envoyé des unités de
patrouille.
"
0x2a47d,"Tu ne sais jamais quand tu vas tomber sur
l'ennemi. Utilise ton camouflage et avance
avec prudence.
","Tu ne sais jamais quand tu vas tomber sur
l'ennemi. Utilise ton camouflage et avance
avec prudence.
"
0x2a4e2,"Major, pourquoi The Boss était là... ils savent
que je me suis infiltré?
","Major, pourquoi The Boss était là... ils savent
que je me suis infiltré?
"
0x2a52f,"C'est impossible. Le drone n'aurait pas dû
être repéré par leurs radars.
","C'est impossible. Le drone n'aurait pas dû
être repéré par leurs radars.
"
0x2a57d,"Alors, comment le sait-elle? Ça ne serait pas
peut-être...
","Alors, comment le sait-elle? Ça ne serait pas
peut-être...
"
0x2a5bb,"Egalement hors de question. Nous avons pris
toutes les mesures pour que cette mission
reste secrète.
","Egalement hors de question. Nous avons pris
toutes les mesures pour que cette mission
reste secrète.
"
0x2a622,"...Alors qu'est-ce qui se passe?
","...Alors qu'est-ce qui se passe?
"
0x2a644,"Je ne sais pas.
","Je ne sais pas.
"
0x2a655,"...
","...
"
0x2a65a,"Pas la peine d'y réfléchir pendant des heures,
Snake.
","Pas la peine d'y réfléchir pendant des heures,
Snake.
"
0x2a693,"Dépêche-toi de retrouver ADAM. Dirige-toi
vers cette usine désaffectée au nord.
","Dépêche-toi de retrouver ADAM. Dirige-toi
vers cette usine désaffectée au nord.
"
0x2a6e8,"Et attention aux patrouilles ennemies. Reste
tout le temps sur tes gardes. OK?
","Et attention aux patrouilles ennemies. Reste
tout le temps sur tes gardes. OK?
"
0x2a738,"Snake, pour l'instant, tu n'as pas de pistolet
tranquillisant.
","Snake, pour l'instant, tu n'as pas de pistolet
tranquillisant.
"
0x2a778,"Tu vas donc devoir capturer des animaux avec
tes mains ou ton couteau de survie.
","Tu vas donc devoir capturer des animaux avec
tes mains ou ton couteau de survie.
"
0x2a7ca,"Tu devrais pouvoir récolter des champignons
ou d'autres plantes au ras du sol assez
facilement en donnant un coup de poing ou en
utilisant ton couteau.
","Tu devrais pouvoir récolter des champignons
ou d'autres plantes au ras du sol assez
facilement en donnant un coup de poing ou en
utilisant ton couteau.
"
0x2a864,"Pour les petits animaux, ça va être plus
difficile. Tu vas peut-être y arriver si tu
t'approches d'eux par derrière en mode
Traque.
","Pour les petits animaux, ça va être plus
difficile. Tu vas peut-être y arriver si tu
t'approches d'eux par derrière en mode
Traque.
"
0x2a8ed,"Major...
","Major...
"
0x2a8f7,"Qu'est-ce qu'il y a.
","Qu'est-ce qu'il y a.
"
0x2a90d,"...Pourquoi The Boss nous a trahit?
","...Pourquoi The Boss nous a trahit?
"
0x2a932,"Laisse tomber, Snake.
","Laisse tomber, Snake.
"
0x2a949,"Mais...
","Mais...
"
0x2a952,"Je croyais te l'avoir déjà expliqué. En plus,
maintenant, les réponses à ces questions ne
changeront rien.
","Je croyais te l'avoir déjà expliqué. En plus,
maintenant, les réponses à ces questions ne
changeront rien.
"
0x2a9c3,"Je croyais avoir la réponse en la rencontrant
en face à face. J'étais sûr qu'elle allait me
le dire. Mais...
","Je croyais avoir la réponse en la rencontrant
en face à face. J'étais sûr qu'elle allait me
le dire. Mais...
"
0x2aa35,"Tu vas donc devoir trouver la réponse
toi-même.
","Tu vas donc devoir trouver la réponse
toi-même.
"
0x2aa68,"...En complétant ma « mission »?
","...En complétant ma « mission »?
"
0x2aa8d,"Oui.
","Oui.
"
0x2aa93,"...
","...
"
0x2aa98,"Un pont de cordage, hein... Tu te ferais vite
remarquer si tu le traversais.
","Un pont de cordage, hein... Tu te ferais vite
remarquer si tu le traversais.
"
0x2aae6,"Pour traverser sans te faire remarquer, tu vas
devoir régler le sort de ces ennemis.
","Pour traverser sans te faire remarquer, tu vas
devoir régler le sort de ces ennemis.
"
0x2ab3d,"On dirait bien.
","On dirait bien.
"
0x2ab4e,"Vous me l'avez déjà dit.
","Vous me l'avez déjà dit.
"
0x2ab6a,"Ah bon?
","Ah bon?
"
0x2ab73,"Oui.
","Oui.
"
0x2ab79,"Pendant la Mission Vertueuse, tu pouvais
utiliser ton pistolet tranquillisant, mais cette
fois, tu n'as pas d'arme.
","Pendant la Mission Vertueuse, tu pouvais
utiliser ton pistolet tranquillisant, mais cette
fois, tu n'as pas d'arme.
"
0x2abee,"Tu ne pourras donc pas dégommer tes
ennemis à distance en toute sécurité.
","Tu ne pourras donc pas dégommer tes
ennemis à distance en toute sécurité.
"
0x2ac3d,"Tu vas devoir trouver un moyen de les faire
venir vers toi.
","Tu vas devoir trouver un moyen de les faire
venir vers toi.
"
0x2ac7a,"Essaie de faire du bruit ou de jeter quelque
chose pour détourner leur attention.
","Essaie de faire du bruit ou de jeter quelque
chose pour détourner leur attention.
"
0x2acce,"Tu pourras aussi essayer de couper l'une des
cordes avec ton couteau de survie pour que le
pont devienne instable...
","Tu pourras aussi essayer de couper l'une des
cordes avec ton couteau de survie pour que le
pont devienne instable...
"
0x2ad44,"Je vois que tu es arrivé à l'usine.
","Je vois que tu es arrivé à l'usine.
"
0x2ad6b,"Oui. Je m'apprête à aller trouver cet ADAM.
","Oui. Je m'apprête à aller trouver cet ADAM.
"
0x2ad9a,"Bien, vas-y.
","Bien, vas-y.
"
0x2ada8,"Alors, où est-il?!
","Alors, où est-il?!
"
0x2adbd,"On ne nous a pas donné un emplacement
exact.
","On ne nous a pas donné un emplacement
exact.
"
0x2adec,"Et une heure?
","Et une heure?
"
0x2adfb,"Rien n'a été spécifié.
","Rien n'a été spécifié.
"
0x2ae17,"Une description physique.
","Une description physique.
"
0x2ae32,"Pas sûr.
","Pas sûr.
"
0x2ae3d,"...Alors, comment est-ce que je vais le
trouver?
","...Alors, comment est-ce que je vais le
trouver?
"
0x2ae6f,"Tu n'auras pas à le trouver.
","Tu n'auras pas à le trouver.
"
0x2ae8e,"?
","?
"
0x2ae91,"C'est lui qui te trouvera.
","C'est lui qui te trouvera.
"
0x2aead,"...
","...
"
0x2aeb2,"Et si tu essayais cette pièce, au nord-est d'où
tu as rencontré Sokolov? ADAM sera
peut-être à l'intérieur.
","Et si tu essayais cette pièce, au nord-est d'où
tu as rencontré Sokolov? ADAM sera
peut-être à l'intérieur.
"
0x2af25,"Et si tu essayais à nouveau cette pièce au
nord-est, là où tu as rencontré Sokolov? Cette
fois, ADAM sera peut-être à l'intérieur.
","Et si tu essayais à nouveau cette pièce au
nord-est, là où tu as rencontré Sokolov? Cette
fois, ADAM sera peut-être à l'intérieur.
"
0x2afb1,"ADAM est un espion envoyé par le KGB pour
s'infiltrer dans les rangs de Volgin. Tu devras
être très prudent dans ta façon de
l'approcher.
","ADAM est un espion envoyé par le KGB pour
s'infiltrer dans les rangs de Volgin. Tu devras
être très prudent dans ta façon de
l'approcher.
"
0x2b040,"Cela va de soi. Il ne veut pas que Volgin
sache qu'il m'a donné rendez-vous.
","Cela va de soi. Il ne veut pas que Volgin
sache qu'il m'a donné rendez-vous.
"
0x2b08f,"Exactement.
","Exactement.
"
0x2b09c,"ADAM ne se montrera pas si l'ennemi est à tes
trousses.
","ADAM ne se montrera pas si l'ennemi est à tes
trousses.
"
0x2b0d6,"Avant de te rendre au point de rendez-vous
avec ADAM, assure-toi que l'ennemi ne t'a pas
vu.
","Avant de te rendre au point de rendez-vous
avec ADAM, assure-toi que l'ennemi ne t'a pas
vu.
"
0x2b134,"Va au rendez-vous en Phase normale. Tu as
compris?
","Va au rendez-vous en Phase normale. Tu as
compris?
"
0x2b168,"On dirait que tu t'es débarrassé de tous les
Ocelots.
","On dirait que tu t'es débarrassé de tous les
Ocelots.
"
0x2b1a1,"Ouais.
","Ouais.
"
0x2b1a9,"Maintenant, va sauver Sokolov. D'après EVA,
tu devrais aller vers cette crevasse, au nord,
et...
","Maintenant, va sauver Sokolov. D'après EVA,
tu devrais aller vers cette crevasse, au nord,
et...
"
0x2b20c,"Est-ce qu'on peut lui faire confiance?
","Est-ce qu'on peut lui faire confiance?
"
0x2b234,"Comment?
","Comment?
"
0x2b23e,"EVA est du côté du KGB, pas vrai? Est-ce
que je peux vraiment croire ce qu'elle dit?
Comment savoir si elle ne va pas me trahir?
","EVA est du côté du KGB, pas vrai? Est-ce
que je peux vraiment croire ce qu'elle dit?
Comment savoir si elle ne va pas me trahir?
"
0x2b2c2,"Dans le monde de l'espionnage, il n'y a aucune
garantie, Snake. Seulement des hypothèses
calculées.
","Dans le monde de l'espionnage, il n'y a aucune
garantie, Snake. Seulement des hypothèses
calculées.
"
0x2b329,"Pour l'instant, le KGB ne gagnerait rien en
nous donnant un coup de couteau dans le dos.
","Pour l'instant, le KGB ne gagnerait rien en
nous donnant un coup de couteau dans le dos.
"
0x2b383,"Alors je peux lui faire confiance?
","Alors je peux lui faire confiance?
"
0x2b3a7,"C'est juste que les chances qu'elle nous
trahisse sont basses.
","C'est juste que les chances qu'elle nous
trahisse sont basses.
"
0x2b3e7,"...
","...
"
0x2b3ec,"Bien sûr, on a comparé l'itinéraire qu'elle t'a
donné à nos propres données.
","Bien sûr, on a comparé l'itinéraire qu'elle t'a
donné à nos propres données.
"
0x2b440,"On dirait que c'est un itinéraire d'infiltration
assez sûr.
","On dirait que c'est un itinéraire d'infiltration
assez sûr.
"
0x2b47f,"Un itinéraire qui utilise bien les faiblesses de la
défense ennemie. Ça ne devrait pas te poser
de problème.
","Un itinéraire qui utilise bien les faiblesses de la
défense ennemie. Ça ne devrait pas te poser
de problème.
"
0x2b4f1,"Suis la route qu'EVA t'a montrée et continue
dans ta mission.
","Suis la route qu'EVA t'a montrée et continue
dans ta mission.
"
0x2b531,"Compris.
","Compris.
"
0x2b53b,"Tout d'abord, entre dans la grotte en passant
par la crevasse. EVA a dit qu'elle était au
nord. Alors dirige-toi dans cette direction.
","Tout d'abord, entre dans la grotte en passant
par la crevasse. EVA a dit qu'elle était au
nord. Alors dirige-toi dans cette direction.
"
0x2b5c4,"Snake, j'ai entendu dire qu'EVA t'avait donné
un uniforme de scientifique.
","Snake, j'ai entendu dire qu'EVA t'avait donné
un uniforme de scientifique.
"
0x2b611,"Ouais.
","Ouais.
"
0x2b619,"Pour te déguiser en scientifique, choisis
UNIFORME dans l'écran CAMOUFLAGE, puis
choisis SCIENTIFIQUE.
","Pour te déguiser en scientifique, choisis
UNIFORME dans l'écran CAMOUFLAGE, puis
choisis SCIENTIFIQUE.
"
0x2b683,"SCIENTIFIQUE, hein.
","SCIENTIFIQUE, hein.
"
0x2b698,"Attention, il vaut mieux ne pas se balader dans
la jungle avec un uniforme de scientifique.
","Attention, il vaut mieux ne pas se balader dans
la jungle avec un uniforme de scientifique.
"
0x2b6f5,"Personne ne serait aussi bête.
","Personne ne serait aussi bête.
"
0x2b716,"Tout à fait. Personne n'aurait l'idée de se
balader dans la jungle habillé en scientifique.
Personne, sauf un fou.
","Tout à fait. Personne n'aurait l'idée de se
balader dans la jungle habillé en scientifique.
Personne, sauf un fou.
"
0x2b78d,"Enfin, un fou, plutôt un déjanté de première.
","Enfin, un fou, plutôt un déjanté de première.
"
0x2b7c0,"Tu ne crois pas, Snake?
","Tu ne crois pas, Snake?
"
0x2b7d9,"Si, si...
","Si, si...
"
0x2b7e4,"Snake...
","Snake...
"
0x2b7ee,"Quelque chose qui ne va pas, Major?
","Quelque chose qui ne va pas, Major?
"
0x2b813,"Je devrais te poser la même question.
Pourquoi est-ce que tu portes cet uniforme?
","Je devrais te poser la même question.
Pourquoi est-ce que tu portes cet uniforme?
"
0x2b867,"Je voulais l'essayer.
","Je voulais l'essayer.
"
0x2b87e,"Tu n'as donc rien écouté de ce que je t'ai dit?
","Tu n'as donc rien écouté de ce que je t'ai dit?
"
0x2b8b1,"Mais qu'est-ce que tu fais au beau milieu de la
jungle, accoutré en scientifique?
","Mais qu'est-ce que tu fais au beau milieu de la
jungle, accoutré en scientifique?
"
0x2b905,"Regarde ton Indice de camouflage. Une vraie
cible ambulante.
","Regarde ton Indice de camouflage. Une vraie
cible ambulante.
"
0x2b943,"Remets ton uniforme de camouflage, et vite!
","Remets ton uniforme de camouflage, et vite!
"
0x2b970,"...pas la peine d'en faire un drame...
","...pas la peine d'en faire un drame...
"
0x2b998,"Qu'est-ce que tu as dit!?
","Qu'est-ce que tu as dit!?
"
0x2b9b3,"Non, rien.
","Non, rien.
"
0x2b9bf,"Snake, ta priorité numéro 1 dans cette mission
est d'aller sauver Sokolov. D'après EVA, il est
dans le laboratoire, alors va vérifier.
","Snake, ta priorité numéro 1 dans cette mission
est d'aller sauver Sokolov. D'après EVA, il est
dans le laboratoire, alors va vérifier.
"
0x2ba4b,"Oui.
","Oui.
"
0x2ba51,"Tu te rappelles le chemin à emprunter pour
aller au labo?
","Tu te rappelles le chemin à emprunter pour
aller au labo?
"
0x2ba8d,"Le chemin qu'EVA m'a décrit?
","Le chemin qu'EVA m'a décrit?
"
0x2baac,"Oui.
","Oui.
"
0x2bab2,"Bien sûr que oui.
","Bien sûr que oui.
"
0x2bac6,"OK, alors vas-y, répète.
","OK, alors vas-y, répète.
"
0x2bae2,"Major, comment est-ce que j'oublierais un truc
pareil?
","Major, comment est-ce que j'oublierais un truc
pareil?
"
0x2bb1a,"Alors, vas-y.
","Alors, vas-y.
"
0x2bb29,"D'abord, je vais au nord.
","D'abord, je vais au nord.
"
0x2bb44,"Mmm.
","Mmm.
"
0x2bb4a,"Ensuite, j'arrive à une crevasse...
","Ensuite, j'arrive à une crevasse...
"
0x2bb70,"...Je commence par me diriger vers le fond de
cette grotte.
","...Je commence par me diriger vers le fond de
cette grotte.
"
0x2bbad,"Mmm.
","Mmm.
"
0x2bbb3,"Ensuite, j'arrive à un aqueduc.
","Ensuite, j'arrive à un aqueduc.
"
0x2bbd5,"...Je commence par suivre cet aqueduc en
direction du nord.
","...Je commence par suivre cet aqueduc en
direction du nord.
"
0x2bc12,"Mmm.
","Mmm.
"
0x2bc18,"Ensuite, j'arrive à un entrepôt.
","Ensuite, j'arrive à un entrepôt.
"
0x2bc3c,"Et alors?
","Et alors?
"
0x2bc47,"Et alors...
","Et alors...
"
0x2bc54,"...
","...
"
0x2bc59,"OK, laisse-moi récapituler encore une fois.
","OK, laisse-moi récapituler encore une fois.
"
0x2bc87,"D'abord, traverse la jungle en direction du
nord. Entre dans la grotte en passant par la
crevasse au nord.
","D'abord, traverse la jungle en direction du
nord. Entre dans la grotte en passant par la
crevasse au nord.
"
0x2bcf3,"Suis cette grotte jusqu'au fond, tu arriveras à
un aqueduc entouré de mangroves.
","Suis cette grotte jusqu'au fond, tu arriveras à
un aqueduc entouré de mangroves.
"
0x2bd47,"Suis cet aqueduc jusqu'au nord et tu arriveras
à un entrepôt. Sors de l'eau et entre dans
cet entrepôt.
","Suis cet aqueduc jusqu'au nord et tu arriveras
à un entrepôt. Sors de l'eau et entre dans
cet entrepôt.
"
0x2bdb3,"Une fois à l'intérieur de l'entrepôt,
traverse-le en direction du nord.
","Une fois à l'intérieur de l'entrepôt,
traverse-le en direction du nord.
"
0x2bdff,"Tu ressortiras à nouveau au niveau d'un bois.
Le laboratoire sera en face de toi, au nord.
","Tu ressortiras à nouveau au niveau d'un bois.
Le laboratoire sera en face de toi, au nord.
"
0x2be5c,"C'est clair maintenant?
","C'est clair maintenant?
"
0x2be75,"O-ouais.
","O-ouais.
"
0x2be7f,"Snake...
","Snake...
"
0x2be89,"J'ai compris, j'ai compris. En gros, je prends
la direction du nord, pas vrai?
","J'ai compris, j'ai compris. En gros, je prends
la direction du nord, pas vrai?
"
0x2bed9,"...
","...
"
0x2bede,"EVA avait raison quand elle disait que les
opérations nocturnes dans une jungle inconnue
étaient très dangereuses.
","EVA avait raison quand elle disait que les
opérations nocturnes dans une jungle inconnue
étaient très dangereuses.
"
0x2bf55,"Quand j'étais dans les SAS, on montait
toujours le camp avant le coucher du soleil et
on attendait l'aube avant de pouvoir repartir.
","Quand j'étais dans les SAS, on montait
toujours le camp avant le coucher du soleil et
on attendait l'aube avant de pouvoir repartir.
"
0x2bfdc,"Pouvoir rester dans cette usine désaffectée, ça
t'a vraiment simplifié les choses. Mais tu
devrais plutôt remercier EVA.
","Pouvoir rester dans cette usine désaffectée, ça
t'a vraiment simplifié les choses. Mais tu
devrais plutôt remercier EVA.
"
0x2c05b,"Contrairement à l'entraînement, tu pourras
utiliser des armes à feu et des fusils d'assaut
sous l'eau. Alors penses-y...
","Contrairement à l'entraînement, tu pourras
utiliser des armes à feu et des fusils d'assaut
sous l'eau. Alors penses-y...
"
0x2c0d8,"Sous l'eau, garde un œil sur ta Jauge
d'oxygène.
","Sous l'eau, garde un œil sur ta Jauge
d'oxygène.
"
0x2c10c,"Ta Jauge d'oxygène s'affiche dans toutes les
situations où tu retiens ton souffle. Elle
indique la durée pendant laquelle tu peux
retenir ton souffle.
","Ta Jauge d'oxygène s'affiche dans toutes les
situations où tu retiens ton souffle. Elle
indique la durée pendant laquelle tu peux
retenir ton souffle.
"
0x2c1a7,"La Jauge d'oxygène diminue au fur et à
mesure que tu retiens ton souffle.
","La Jauge d'oxygène diminue au fur et à
mesure que tu retiens ton souffle.
"
0x2c1f4,"Quand ta Jauge d'oxygène arrive à zéro, ta
VIE commence à baisser.
","Quand ta Jauge d'oxygène arrive à zéro, ta
VIE commence à baisser.
"
0x2c23c,"Pour remplir ta Jauge d'oxygène, tu vas devoir
à nouveau respirer. Alors n'oublie pas de
respirer avant de t'asphyxier.
","Pour remplir ta Jauge d'oxygène, tu vas devoir
à nouveau respirer. Alors n'oublie pas de
respirer avant de t'asphyxier.
"
0x2c2b7,"La durée de ta Jauge d'oxygène dépend de ton
niveau d'endurance.
","La durée de ta Jauge d'oxygène dépend de ton
niveau d'endurance.
"
0x2c2fc,"Si tu envisages de rester longtemps sous
l'eau, pense à manger quelque chose pour
récupérer de l'endurance.
","Si tu envisages de rester longtemps sous
l'eau, pense à manger quelque chose pour
récupérer de l'endurance.
"
0x2c36c,"Snake, mais que diable...
","Snake, mais que diable...
"
0x2c387,"Comment tu me trouves?
","Comment tu me trouves?
"
0x2c39f,"Plutôt cool!
","Plutôt cool!
"
0x2c3ae,"Hein?
","Hein?
"
0x2c3b5,"Sur toi, c'est plutôt cool!
","Sur toi, c'est plutôt cool!
"
0x2c3d3,"Vraiment?
","Vraiment?
"
0x2c3de,"Ouais!
","Ouais!
"
0x2c3e6,"Je ne crois pas que ""cool"" soit le bon mot.
","Je ne crois pas que ""cool"" soit le bon mot.
"
0x2c413,"Pourquoi? Qu'est-ce qu'il y a qui ne va pas?
","Pourquoi? Qu'est-ce qu'il y a qui ne va pas?
"
0x2c441,"Ce qui ne va pas...
","Ce qui ne va pas...
"
0x2c456,"Tu ne crois pas que j'ai l'air idiot? Ça ne te fait
pas rire? Tu vas pas me demander ce qui
m'est passé par la tête?
","Tu ne crois pas que j'ai l'air idiot? Ça ne te fait
pas rire? Tu vas pas me demander ce qui
m'est passé par la tête?
"
0x2c4cf,"Non.
","Non.
"
0x2c4d5,"...
","...
"
0x2c4da,"Ça te va bien, sincèrement. Ça me rappelle
""The Alligator People"".
","Ça te va bien, sincèrement. Ça me rappelle
""The Alligator People"".
"
0x2c521,"...Quoi?
","...Quoi?
"
0x2c52b,"The Alligator People. Un film de
science-fiction. T'en as jamais entendu parler?
","The Alligator People. Un film de
science-fiction. T'en as jamais entendu parler?
"
0x2c57d,"Non.
","Non.
"
0x2c583,"Oh... eh bien, tu devrais le voir.
","Oh... eh bien, tu devrais le voir.
"
0x2c5a7,"C'est l'histoire d'un type qui est blessé dans un
accident de voiture et qui essaie de se soigner
en s'injectant du sérum de crocodile,
","C'est l'histoire d'un type qui est blessé dans un
accident de voiture et qui essaie de se soigner
en s'injectant du sérum de crocodile,
"
0x2c632,"et sa tête se transforme en tête de
crocodile.
","et sa tête se transforme en tête de
crocodile.
"
0x2c664,"Avec ce masque, tu lui ressembles vraiment.
C'est incroyable.
","Avec ce masque, tu lui ressembles vraiment.
C'est incroyable.
"
0x2c6a3,"Ah oui...
","Ah oui...
"
0x2c6ae,"???
","???
"
0x2c6b3,"Bon oublie, ça fait rien.
","Bon oublie, ça fait rien.
"
0x2c6cf,"J'imagine que cette casquette pourra t'aider à
te déguiser en crocodile pour sortir la tête
de l'eau.
","J'imagine que cette casquette pourra t'aider à
te déguiser en crocodile pour sortir la tête
de l'eau.
"
0x2c739,"Bravo, tu es arrivé à la station de relais. Mais
reste sur tes gardes. Cette station est un point
fort de l'ennemi. La sécurité y a probablement
été renforcée.
","Bravo, tu es arrivé à la station de relais. Mais
reste sur tes gardes. Cette station est un point
fort de l'ennemi. La sécurité y a probablement
été renforcée.
"
0x2c7e1,"Mais tu vas devoir la traverser si tu veux
arriver à la crevasse.
","Mais tu vas devoir la traverser si tu veux
arriver à la crevasse.
"
0x2c825,"Exactement.
","Exactement.
"
0x2c832,"La crevasse qui mène à la grotte est située au
nord de cette zone. Essaie de passer devant
l'ennemi sans te faire remarquer et dirige-toi
vers le nord.
","La crevasse qui mène à la grotte est située au
nord de cette zone. Essaie de passer devant
l'ennemi sans te faire remarquer et dirige-toi
vers le nord.
"
0x2c8ce,"Snake, ça va? Snake!!
","Snake, ça va? Snake!!
"
0x2c8e6,"Major...
","Major...
"
0x2c8f0,"Snake...
","Snake...
"
0x2c8fa,"Ça va? Tu n'as pas mal?
","Ça va? Tu n'as pas mal?
"
0x2c914,"Non. C'était une sacrée chute, mais ça
va. ...On dirait que je ne vais pas pouvoir
remonter.
","Non. C'était une sacrée chute, mais ça
va. ...On dirait que je ne vais pas pouvoir
remonter.
"
0x2c975,"Je vois... Eh bien, en tout cas, je suis content
de savoir que tu n'es pas blessé.
","Je vois... Eh bien, en tout cas, je suis content
de savoir que tu n'es pas blessé.
"
0x2c9ca,"La glissade et la chute ne faisaient pas partie
de la mission, mais la grotte oui. Continue à
avancer dans cette grotte.
","La glissade et la chute ne faisaient pas partie
de la mission, mais la grotte oui. Continue à
avancer dans cette grotte.
"
0x2ca45,"La structure de cette grotte fait penser à un
labyrinthe, mais il y a une sortie quelque part.
Trouve une sortie et dirige-toi vers l'aqueduc.
","La structure de cette grotte fait penser à un
labyrinthe, mais il y a une sortie quelque part.
Trouve une sortie et dirige-toi vers l'aqueduc.
"
0x2cad6,"D'accord. Mais ça risque de me prendre du
temps pour traverser cette grotte.
","D'accord. Mais ça risque de me prendre du
temps pour traverser cette grotte.
"
0x2cb25,"Tu t'es fait mal?
","Tu t'es fait mal?
"
0x2cb38,"Non.
","Non.
"
0x2cb3e,"C'est l'ennemi? Est-ce qu'ils t'ont posé des
pièges?
","C'est l'ennemi? Est-ce qu'ils t'ont posé des
pièges?
"
0x2cb76,"Non, pas ça non plus.
","Non, pas ça non plus.
"
0x2cb8e,"Alors qu'est-ce que c'est?
","Alors qu'est-ce que c'est?
"
0x2cbaa,"Il fait sombre ici.
","Il fait sombre ici.
"
0x2cbbf,"Sombre?
","Sombre?
"
0x2cbc8,"Ouais. Il n'y a aucune lumière. J'aurais dû
amener une lampe torche avec moi...
","Ouais. Il n'y a aucune lumière. J'aurais dû
amener une lampe torche avec moi...
"
0x2cc1b,"Tu veux dire que ça va te prendre du temps
parce que tu n'as pas de torche?
","Tu veux dire que ça va te prendre du temps
parce que tu n'as pas de torche?
"
0x2cc69,"Oui.
","Oui.
"
0x2cc6f,"Snake, si tu n'as pas de lampe torche, essaie
de trouver une alternative.
","Snake, si tu n'as pas de lampe torche, essaie
de trouver une alternative.
"
0x2ccba,"Ah vraiment, les soldats américains
aujourd'hui, ils dépendent beaucoup trop des
équipements modernes.
","Ah vraiment, les soldats américains
aujourd'hui, ils dépendent beaucoup trop des
équipements modernes.
"
0x2cd25,"Et c'est reparti...
","Et c'est reparti...
"
0x2cd3a,"Qu'est-ce que tu as dit?
","Qu'est-ce que tu as dit?
"
0x2cd54,"Non, rien.
","Non, rien.
"
0x2cd60,"Les soldats américains dépendent beaucoup
trop des équipements modernes.
","Les soldats américains dépendent beaucoup
trop des équipements modernes.
"
0x2cdad,"Et pas seulement, ils n'ont même l'idée de
penser qu'un équipement pourrait avoir
plusieurs fonctions.
","Et pas seulement, ils n'ont même l'idée de
penser qu'un équipement pourrait avoir
plusieurs fonctions.
"
0x2ce18,"Quand j'étais dans les SAS, nous n'avions
jamais ce genre de problème.
","Quand j'étais dans les SAS, nous n'avions
jamais ce genre de problème.
"
0x2ce62,"On nous formait à utiliser tous nos
équipements de manière aussi variée que
possible.
","On nous formait à utiliser tous nos
équipements de manière aussi variée que
possible.
"
0x2cebd,"Si tu n'as pas de torche, essaie de trouver
autre chose. Il va falloir faire preuve
d'imagination si tu veux...
","Si tu n'as pas de torche, essaie de trouver
autre chose. Il va falloir faire preuve
d'imagination si tu veux...
"
0x2cf2e,"Hé, tu m'écoutes?
","Hé, tu m'écoutes?
"
0x2cf43,"Oui, bien sûr que oui.
","Oui, bien sûr que oui.
"
0x2cf5c,"Tout d'abord, regarde ce que tu as sur toi. Tu
n'as rien qui pourrait te procurer de la lumière?
","Tout d'abord, regarde ce que tu as sur toi. Tu
n'as rien qui pourrait te procurer de la lumière?
"
0x2cfbf,"Je sais, tu as tes cigares. Ça devrait au moins
éclairer le sol en face de toi. Essaie d'en
allumer un.
","Je sais, tu as tes cigares. Ça devrait au moins
éclairer le sol en face de toi. Essaie d'en
allumer un.
"
0x2d02a,"Snake, ces frelons qui t'ont attaqué quand tu
te battais contre Ocelot...
","Snake, ces frelons qui t'ont attaqué quand tu
te battais contre Ocelot...
"
0x2d076,"Je sais. Ils ressemblent à ceux que j'ai vus
pendant la Mission Vertueuse.
","Je sais. Ils ressemblent à ceux que j'ai vus
pendant la Mission Vertueuse.
"
0x2d0c3,"Alors, c'était un des Cobras?
","Alors, c'était un des Cobras?
"
0x2d0e3,"C'est ce qu'Ocelot disait, lui aussi.
","C'est ce qu'Ocelot disait, lui aussi.
"
0x2d10a,"...Ne baisse pas la garde.
","...Ne baisse pas la garde.
"
0x2d126,"Ne vous inquiétez pas.
","Ne vous inquiétez pas.
"
0x2d13f,"Il paraît que tu as battu The Pain.
","Il paraît que tu as battu The Pain.
"
0x2d165,"Ouais. C'était pas facile.
","Ouais. C'était pas facile.
"
0x2d182,"Et il en reste encore trois.
","Et il en reste encore trois.
"
0x2d1a0,"Quatre.
","Quatre.
"
0x2d1a9,"?
","?
"
0x2d1ac,"Il reste encore quatre Cobras... en comptant
leur leader, The Boss.
","Il reste encore quatre Cobras... en comptant
leur leader, The Boss.
"
0x2d1f1,"...Je sais...
","...Je sais...
"
0x2d200,"Tant mieux.
","Tant mieux.
"
0x2d20d,"La sortie de cette grotte devrait se trouver à
l'arrière. Avance dans cette grotte et trouve la
sortie vers l'aqueduc du marais.
","La sortie de cette grotte devrait se trouver à
l'arrière. Avance dans cette grotte et trouve la
sortie vers l'aqueduc du marais.
"
0x2d291,"Major, pourquoi The Pain a explosé comme
ça...?
","Major, pourquoi The Pain a explosé comme
ça...?
"
0x2d2c4,"Major, pourquoi ces monstres explosent
comme ça...?
","Major, pourquoi ces monstres explosent
comme ça...?
"
0x2d2fa,"Ça fait partie de la légende.
","Ça fait partie de la légende.
"
0x2d31b,"La légende?
","La légende?
"
0x2d329,"La légende de l'unité Cobra. Je vais laisser
Sigint t'expliquer. Sigint?
","La légende de l'unité Cobra. Je vais laisser
Sigint t'expliquer. Sigint?
"
0x2d375,"Ouais! Ca, c'est une microbombe.
","Ouais! Ca, c'est une microbombe.
"
0x2d397,"Une microbombe?
","Une microbombe?
"
0x2d3a8,"Ouaip.
","Ouaip.
"
0x2d3b0,"Pendant la Deuxième Guerre mondiale, on a
utilisé l'unité Cobra pour accomplir les pires
tâches, le genre de mission qu'on ne voulait
ébruiter.
","Pendant la Deuxième Guerre mondiale, on a
utilisé l'unité Cobra pour accomplir les pires
tâches, le genre de mission qu'on ne voulait
ébruiter.
"
0x2d446,"Leurs missions étaient tellement classées
secret-défense qu'ils n'avaient pas le droit
d'être fait prisonniers, ni de laisser le
cadavre derrière eux.
","Leurs missions étaient tellement classées
secret-défense qu'ils n'avaient pas le droit
d'être fait prisonniers, ni de laisser le
cadavre derrière eux.
"
0x2d4e3,"Pour cette raison, en tout cas selon la
légende,
","Pour cette raison, en tout cas selon la
légende,
"
0x2d516,"on les avait équipés d'une microbombe au cas
où ils devraient se suicider pendant leur
mission.
","on les avait équipés d'une microbombe au cas
où ils devraient se suicider pendant leur
mission.
"
0x2d57a,"J'ai toujours cru que ce n'était qu'une rumeur...
Je n'aurais jamais pensé que ça aurait pu
être vrai.
","J'ai toujours cru que ce n'était qu'une rumeur...
Je n'aurais jamais pensé que ça aurait pu
être vrai.
"
0x2d5e6,"...
","...
"
0x2d5eb,"Mais pourquoi est-ce qu'ils portent des bombes
dans cette mission? Ils ne sont pas en
territoire ennemi.
","Mais pourquoi est-ce qu'ils portent des bombes
dans cette mission? Ils ne sont pas en
territoire ennemi.
"
0x2d655,"...Ils sont peut-être prêts à mourir.
","...Ils sont peut-être prêts à mourir.
"
0x2d67f,"Prêts à mourir?
","Prêts à mourir?
"
0x2d692,"Ouais... Ils n'ont pas d'unité où retourner. Pas
même de pays.
","Ouais... Ils n'ont pas d'unité où retourner. Pas
même de pays.
"
0x2d6d5,"A part le champ de bataille, ils n'ont pas
d'autre endroit où mourir, hein.
","A part le champ de bataille, ils n'ont pas
d'autre endroit où mourir, hein.
"
0x2d723,"Oui, pour eux, impossible de faire marche
arrière...
","Oui, pour eux, impossible de faire marche
arrière...
"
0x2d75a,"Je me demande si The Boss ressent la
même chose...
","Je me demande si The Boss ressent la
même chose...
"
0x2d78f,"Je vois que tu as trouvé l'aqueduc. Si tu le
suis en direction du nord, tu arriveras à un
entrepôt utilisé pour le transport des
marchandises.
","Je vois que tu as trouvé l'aqueduc. Si tu le
suis en direction du nord, tu arriveras à un
entrepôt utilisé pour le transport des
marchandises.
"
0x2d823,"Traverse cet entrepôt et tu arriveras à une
forêt.
","Traverse cet entrepôt et tu arriveras à une
forêt.
"
0x2d85a,"Le laboratoire où Sokolov est retenu prisonnier
est directement au nord de cette forêt, alors
prends la direction nord.
","Le laboratoire où Sokolov est retenu prisonnier
est directement au nord de cette forêt, alors
prends la direction nord.
"
0x2d8d5,"Major, EVA ne répond plus à mes appels
radio...
","Major, EVA ne répond plus à mes appels
radio...
"
0x2d908,"OK.
","OK.
"
0x2d90d,"OK?
","OK?
"
0x2d912,"Snake, elle te parle de l'intérieur d'une
installation ennemie. Elle ne va pas toujours
pouvoir répondre à tes appels radio.
","Snake, elle te parle de l'intérieur d'une
installation ennemie. Elle ne va pas toujours
pouvoir répondre à tes appels radio.
"
0x2d993,"Ne te fais pas un film parce que tu n'obtiens
aucune réponse.
","Ne te fais pas un film parce que tu n'obtiens
aucune réponse.
"
0x2d9d3,"Ne t'inquiète pas pour EVA. Reste concentré
sur ta mission.
","Ne t'inquiète pas pour EVA. Reste concentré
sur ta mission.
"
0x2da12,"Compris.
","Compris.
"
0x2da1c,"Major, ils ont emmené Sokolov.
","Major, ils ont emmené Sokolov.
"
0x2da3d,"Ouais. Ils l'ont probablement attrapé en train
d'essayer de s'échapper du labo...
","Ouais. Ils l'ont probablement attrapé en train
d'essayer de s'échapper du labo...
"
0x2da92,"Volgin n'a pas dit qu'ils devaient encore
effectuer le dernier test?
","Volgin n'a pas dit qu'ils devaient encore
effectuer le dernier test?
"
0x2dad8,"Ouais.
","Ouais.
"
0x2dae0,"Alors ils ont dû ramener Sokolov au labo.
Va au labo et fais sortir Sokolov de là, et vite.
","Alors ils ont dû ramener Sokolov au labo.
Va au labo et fais sortir Sokolov de là, et vite.
"
0x2db3f,"Traverse cet entrepôt et tu ressortiras au
sud du labo.
","Traverse cet entrepôt et tu ressortiras au
sud du labo.
"
0x2db79,"Infiltre-toi à l'intérieur de l'entrepôt. Et
attention aux sentinelles ennemies.
","Infiltre-toi à l'intérieur de l'entrepôt. Et
attention aux sentinelles ennemies.
"
0x2dbce,"Major, vous avez des informations sur cette
Tanya?
","Major, vous avez des informations sur cette
Tanya?
"
0x2dc02,"Non.
","Non.
"
0x2dc08,"Rien?
","Rien?
"
0x2dc0f,"Pas la moindre information.
","Pas la moindre information.
"
0x2dc2c,"Pourquoi ça? Vous avez dû faire une
enquête sur Sokolov quand il a déserté il y a
deux ans de cela. Pour savoir s'il avait une
maîtresse...
","Pourquoi ça? Vous avez dû faire une
enquête sur Sokolov quand il a déserté il y a
deux ans de cela. Pour savoir s'il avait une
maîtresse...
"
0x2dcbf,"Que les choses soient claires, nous avons
effectué une enquête très fouillée, et rien
n'indiquait qu'il avait une maîtresse.
","Que les choses soient claires, nous avons
effectué une enquête très fouillée, et rien
n'indiquait qu'il avait une maîtresse.
"
0x2dd42,"Cela vous a peut-être échappé.
","Cela vous a peut-être échappé.
"
0x2dd65,"C'est impossible.
","C'est impossible.
"
0x2dd78,"Alors il a dû faire sa connaissance après
son retour en Russie.
","Alors il a dû faire sa connaissance après
son retour en Russie.
"
0x2ddbb,"Je me demande...
","Je me demande...
"
0x2ddcd,"Qu'est-ce qu'il y a, Major? Quelque chose ne
va pas?
","Qu'est-ce qu'il y a, Major? Quelque chose ne
va pas?
"
0x2de03,"Ce n'est pas le style de Sokolov de prendre
une maîtresse.
","Ce n'est pas le style de Sokolov de prendre
une maîtresse.
"
0x2de40,"Pourquoi ça?
","Pourquoi ça?
"
0x2de4f,"Je me souviens de lui, il y a encore deux ans.
","Je me souviens de lui, il y a encore deux ans.
"
0x2de7f,"Après lui avoir fait traverser la frontière, ses
premiers mots sur son lit d'hôpital, après
avoir repris conscience, étaient
","Après lui avoir fait traverser la frontière, ses
premiers mots sur son lit d'hôpital, après
avoir repris conscience, étaient
"
0x2df02,"« Est-ce que ma femme et ma fille sont en
sécurité? »
","« Est-ce que ma femme et ma fille sont en
sécurité? »
"
0x2df3d,"Et jusqu'à ce qu'on le renvoie en Russie,
","Et jusqu'à ce qu'on le renvoie en Russie,
"
0x2df69,"il n'arrêtait pas me supplier de m'occuper de
sa famille, c'était quasiment obsessionnel.
","il n'arrêtait pas me supplier de m'occuper de
sa famille, c'était quasiment obsessionnel.
"
0x2dfc6,"Sokolov est un homme qui aime sa famille.
Trahir sa femme n'est pas quelque chose qui...
","Sokolov est un homme qui aime sa famille.
Trahir sa femme n'est pas quelque chose qui...
"
0x2e020,"Major...
","Major...
"
0x2e02a,"Qu'est-ce qu'il y a?
","Qu'est-ce qu'il y a?
"
0x2e040,"Les gens changent.
","Les gens changent.
"
0x2e054,"...Tu as peut-être raison.
","...Tu as peut-être raison.
"
0x2e071,"Oui, peut-être...
","Oui, peut-être...
"
0x2e085,"Snake, tu as tué un autre Cobra?
","Snake, tu as tué un autre Cobra?
"
0x2e0a8,"Ouais.
","Ouais.
"
0x2e0b0,"Je parie que c'était The End. C'est du bon
boulot. Tu n'auras plus à te débarrasser de lui
plus tard.
","Je parie que c'était The End. C'est du bon
boulot. Tu n'auras plus à te débarrasser de lui
plus tard.
"
0x2e11a,"Oui, j'imagine...
","Oui, j'imagine...
"
0x2e12d,"Qu'est-ce qui ne va pas?
","Qu'est-ce qui ne va pas?
"
0x2e147,"Rien.
","Rien.
"
0x2e14e,"Tu ne vas pas me dire que tu voulais tester
tes aptitudes contre ce Sniper de légende que
même The Boss respectait.
","Tu ne vas pas me dire que tu voulais tester
tes aptitudes contre ce Sniper de légende que
même The Boss respectait.
"
0x2e1c5,"...
","...
"
0x2e1ca,"Snake, ce n'est pas une compétition sportive.
C'est la guerre. La seule chose à laquelle tu
dois penser, c'est accomplir ta mission.
","Snake, ce n'est pas une compétition sportive.
C'est la guerre. La seule chose à laquelle tu
dois penser, c'est accomplir ta mission.
"
0x2e252,"Ouais... Je sais.
","Ouais... Je sais.
"
0x2e265,"Snake, sors de l'eau et infiltre-toi à l'intérieur
de l'entrepôt.
","Snake, sors de l'eau et infiltre-toi à l'intérieur
de l'entrepôt.
"
0x2e2ab,"Pour sortir de l'eau, déplace-toi près de
l'endroit où tu veux sortir.
","Pour sortir de l'eau, déplace-toi près de
l'endroit où tu veux sortir.
"
0x2e2f6,"Et alors, en marchant dans l'eau, appuie sur la
touche Action.
","Et alors, en marchant dans l'eau, appuie sur la
touche Action.
"
0x2e336,"Le fusil d'assaut peut traverser des matériaux
comme des planches en bois.
","Le fusil d'assaut peut traverser des matériaux
comme des planches en bois.
"
0x2e383,"Tu peux donc tirer depuis dessous sur des
ennemis qui se tiennent sur un ponton .
Penses-y.
","Tu peux donc tirer depuis dessous sur des
ennemis qui se tiennent sur un ponton .
Penses-y.
"
0x2e3e0,"Bravo, tu t'es infiltré dans l'entrepôt.
","Bravo, tu t'es infiltré dans l'entrepôt.
"
0x2e40c,"Traverse-le et tu ressortiras au sud du labo où
Sokolov est détenu prisonnier.
","Traverse-le et tu ressortiras au sud du labo où
Sokolov est détenu prisonnier.
"
0x2e45e,"La sortie devrait se situer sur le côté nord
de l'étage supérieur. Monte ces escaliers et
traverse l'entrepôt en direction du nord.
","La sortie devrait se situer sur le côté nord
de l'étage supérieur. Monte ces escaliers et
traverse l'entrepôt en direction du nord.
"
0x2e4e8,"Snake, le laboratoire où Sokolov est détenu
prisonnier est directement au nord de cette
forêt. Continue à te diriger vers le nord.
","Snake, le laboratoire où Sokolov est détenu
prisonnier est directement au nord de cette
forêt. Continue à te diriger vers le nord.
"
0x2e570,"Snake, fais attention à toi. On dirait que cette
forêt est truffée de pièges.
","Snake, fais attention à toi. On dirait que cette
forêt est truffée de pièges.
"
0x2e5c3,"Ouais, j'ai remarqué...
","Ouais, j'ai remarqué...
"
0x2e5dd,"La plupart de ces pièges sont déclenchés
lorsque tu te prends les pieds dans une corde
tendue au sol.
","La plupart de ces pièges sont déclenchés
lorsque tu te prends les pieds dans une corde
tendue au sol.
"
0x2e647,"Arrête de courir dans tous les sens comme
un dératé. Ne quitte pas le sol des yeux et
regarde où tu marches.
","Arrête de courir dans tous les sens comme
un dératé. Ne quitte pas le sol des yeux et
regarde où tu marches.
"
0x2e6b9,"Certaines cordes ont été volontairement
cachées dans la végétation. Fais très attention
en coupant à travers les herbes basses.
","Certaines cordes ont été volontairement
cachées dans la végétation. Fais très attention
en coupant à travers les herbes basses.
"
0x2e741,"Si tu utilises la touche directionnelle pour te
déplacer en mode Traque, tu devrais pouvoir
repérer les pièges avant de marcher dessus.
","Si tu utilises la touche directionnelle pour te
déplacer en mode Traque, tu devrais pouvoir
repérer les pièges avant de marcher dessus.
"
0x2e7cd,"Utilise la traque pour te déplacer en toute
sécurité dans les zones qui te paraissent
dangereuses.
","Utilise la traque pour te déplacer en toute
sécurité dans les zones qui te paraissent
dangereuses.
"
0x2e834,"Il y a donc un mur élevé tout autour du
laboratoire... Impossible de grimper par-dessus
le mur.
","Il y a donc un mur élevé tout autour du
laboratoire... Impossible de grimper par-dessus
le mur.
"
0x2e897,"Par contre, il doit y avoir une entrée quelque
part. Ouvre l'œil.
","Par contre, il doit y avoir une entrée quelque
part. Ouvre l'œil.
"
0x2e8dc,"La meilleure source d'information sur un
bâtiment, ce sont les gens qui entrent et qui
sortent.
","La meilleure source d'information sur un
bâtiment, ce sont les gens qui entrent et qui
sortent.
"
0x2e93e,"Essaie d'interroger l'un des ennemis à propos
de cette entrée.
","Essaie d'interroger l'un des ennemis à propos
de cette entrée.
"
0x2e980,"Pour interroger un ennemi, fais-lui une prise
par derrière en CQC et appuie sur la touche 
pour lui mettre ton couteau à la gorge.
","Pour interroger un ennemi, fais-lui une prise
par derrière en CQC et appuie sur la touche 
pour lui mettre ton couteau à la gorge.
"
0x2ea09,"Major, ils ont déjà emmené Sokolov à la
forteresse.
","Major, ils ont déjà emmené Sokolov à la
forteresse.
"
0x2ea42,"Mais c'est seulement ce que Granin t'a dit, pas
vrai? Il t'a peut-être donné de fausses
informations...
","Mais c'est seulement ce que Granin t'a dit, pas
vrai? Il t'a peut-être donné de fausses
informations...
"
0x2eaad,"Non, il ne mentait pas.
","Non, il ne mentait pas.
"
0x2eac6,"Comment peux-tu en être si sûr?
","Comment peux-tu en être si sûr?
"
0x2eae9,"Je le ressens au fond de moi.
","Je le ressens au fond de moi.
"
0x2eb08,"...Eh bien si tu le dis.
","...Eh bien si tu le dis.
"
0x2eb22,"Selon Granin, tu devrais pouvoir arriver aux
montagnes à travers un passage situé au bout
de la jungle, après l'entrepôt.
","Selon Granin, tu devrais pouvoir arriver aux
montagnes à travers un passage situé au bout
de la jungle, après l'entrepôt.
"
0x2eba1,"OK. Et en grimpant en haut de ces montagnes,
je vais trouver près du sommet un tunnel
souterrain qui va me mener à Groznyj Grad.
","OK. Et en grimpant en haut de ces montagnes,
je vais trouver près du sommet un tunnel
souterrain qui va me mener à Groznyj Grad.
"
0x2ec25,"D'abord, retourne à l'entrepôt.
","D'abord, retourne à l'entrepôt.
"
0x2ec48,"Utilise la clé que Granin t'a donnée pour ouvrir
la porte et continue à avancer dans la jungle.
","Utilise la clé que Granin t'a donnée pour ouvrir
la porte et continue à avancer dans la jungle.
"
0x2ecac,"Tu te souviens où est cette porte, n'est-ce
pas? Elle est tout de suite au nord de la porte
où tu es entré quand tu arrivais de l'aqueduc.
","Tu te souviens où est cette porte, n'est-ce
pas? Elle est tout de suite au nord de la porte
où tu es entré quand tu arrivais de l'aqueduc.
"
0x2ed3b,"Snake, est-ce qu'EVA t'a contacté?
","Snake, est-ce qu'EVA t'a contacté?
"
0x2ed60,"Ouais. Elle m'a donné rendez-vous dans les
ruines au sommet de la montagne.
","Ouais. Elle m'a donné rendez-vous dans les
ruines au sommet de la montagne.
"
0x2edae,"Elle m'a aussi dit qu'elle récupérerait la clé
pour entrer dans le tunnel qui mène à Groznyj
Grad.
","Elle m'a aussi dit qu'elle récupérerait la clé
pour entrer dans le tunnel qui mène à Groznyj
Grad.
"
0x2ee17,"Tant mieux. Dépêche-toi de retrouver EVA.
Dirige-toi vers les montagnes.
","Tant mieux. Dépêche-toi de retrouver EVA.
Dirige-toi vers les montagnes.
"
0x2ee63,"D'abord, traverse la forêt en direction du
nord. L'entrée du puits de la mine se situe à
l'extrémité nord-est.
","D'abord, traverse la forêt en direction du
nord. L'entrée du puits de la mine se situe à
l'extrémité nord-est.
"
0x2eed8,"Grimpe dans ce puits et tu ressortiras dans les
montagnes. Dirige-toi vers le nord.
","Grimpe dans ce puits et tu ressortiras dans les
montagnes. Dirige-toi vers le nord.
"
0x2ef2d,"J'y vais tout de suite.
","J'y vais tout de suite.
"
0x2ef46,"Mais reste sur tes gardes.
","Mais reste sur tes gardes.
"
0x2ef62,"Le sniper des Cobras t'y attend pour te tendre
une embuscade...
","Le sniper des Cobras t'y attend pour te tendre
une embuscade...
"
0x2efa3,"Oui, The End. Mais il n'y a pas d'autre chemin.
","Oui, The End. Mais il n'y a pas d'autre chemin.
"
0x2efd4,"Fais attention à toi. Ton adversaire est un
sniper légendaire.
","Fais attention à toi. Ton adversaire est un
sniper légendaire.
"
0x2f016,"Ton combat avec The End risque d'être long
et difficile.
","Ton combat avec The End risque d'être long
et difficile.
"
0x2f051,"Tu ferais bien de faire le plein de provisions et
de munitions, pendant que tu en as l'occasion.
","Tu ferais bien de faire le plein de provisions et
de munitions, pendant que tu en as l'occasion.
"
0x2f0b3,"Il paraît que les Ocelots t'attendent là-bas
en embuscade... Ils ont même peut-être
mis des snipers en position...
","Il paraît que les Ocelots t'attendent là-bas
en embuscade... Ils ont même peut-être
mis des snipers en position...
"
0x2f12b,"Je sais. Mais il n'y a pas d'autre chemin.
","Je sais. Mais il n'y a pas d'autre chemin.
"
0x2f157,"Avance avec prudence.
","Avance avec prudence.
"
0x2f16e,"Bien reçu.
","Bien reçu.
"
0x2f17b,"Snake, cette forêt est immense. Il serait trop
dangereux d'avancer sans plus d'informations.
Appelle EVA.
","Snake, cette forêt est immense. Il serait trop
dangereux d'avancer sans plus d'informations.
Appelle EVA.
"
0x2f1e7,"D'après EVA, il devrait y avoir un dépôt à
provisions à l'est de cette forêt. Et si tu
allais y jeter un coup d'œil?
","D'après EVA, il devrait y avoir un dépôt à
provisions à l'est de cette forêt. Et si tu
allais y jeter un coup d'œil?
"
0x2f264,"Va retrouver EVA au sommet de la montagne.
","Va retrouver EVA au sommet de la montagne.
"
0x2f290,"D'après elle, l'entrée du puits qui mène aux
montagnes est située à l'extrémité nord-est de
cette forêt.
","D'après elle, l'entrée du puits qui mène aux
montagnes est située à l'extrémité nord-est de
cette forêt.
"
0x2f302,"Entre dans le puits et dirige-toi vers les
montagnes. Prends la direction nord-est.
","Entre dans le puits et dirige-toi vers les
montagnes. Prends la direction nord-est.
"
0x2f357,"Snake, l'échelle au fond du puits devrait te
permettre de grimper jusqu'aux montagnes.
Va au fond de la mine et monte à l'échelle.
","Snake, l'échelle au fond du puits devrait te
permettre de grimper jusqu'aux montagnes.
Va au fond de la mine et monte à l'échelle.
"
0x2f3de,"Je vois que tu es arrivé aux montagnes.
","Je vois que tu es arrivé aux montagnes.
"
0x2f408,"Il y a un tunnel souterrain près du sommet.
Emprunte-le pour t'infiltrer dans Groznyj Grad.
","Il y a un tunnel souterrain près du sommet.
Emprunte-le pour t'infiltrer dans Groznyj Grad.
"
0x2f466,"Mais d'après EVA, la porte de ce tunnel a été
condamnée.
","Mais d'après EVA, la porte de ce tunnel a été
condamnée.
"
0x2f4a4,"Oui. Elle est censée m'amener la clé.
","Oui. Elle est censée m'amener la clé.
"
0x2f4cd,"Commence par retrouver EVA et récupère
cette clé. Elle t'a donné rendez-vous au
sommet, dans les ruines.
","Commence par retrouver EVA et récupère
cette clé. Elle t'a donné rendez-vous au
sommet, dans les ruines.
"
0x2f53b,"Le sommet est encore un peu plus haut.
Continue à grimper jusqu'au sommet.
","Le sommet est encore un peu plus haut.
Continue à grimper jusqu'au sommet.
"
0x2f588,"Le sommet est juste en face de toi. Rends-toi
dans les ruines au sommet de la montagne.
EVA devrait t'y attendre.
","Le sommet est juste en face de toi. Rends-toi
dans les ruines au sommet de la montagne.
EVA devrait t'y attendre.
"
0x2f5fb,"Snake, EVA est un espion du KGB placé par le
GRU. L'ennemi ne doit pas la voir entrer en
contact avec toi.
","Snake, EVA est un espion du KGB placé par le
GRU. L'ennemi ne doit pas la voir entrer en
contact avec toi.
"
0x2f668,"Si tu es poursuivi par l'ennemi, EVA ne viendra
pas au rendez-vous.
","Si tu es poursuivi par l'ennemi, EVA ne viendra
pas au rendez-vous.
"
0x2f6ad,"Tu dois être en Phase normale avant
d'essayer d'entrer en contact avec EVA.
","Tu dois être en Phase normale avant
d'essayer d'entrer en contact avec EVA.
"
0x2f6fb,"EVA t'a donné la clé. Utilise-la pour entrer
dans le tunnel souterrain.
","EVA t'a donné la clé. Utilise-la pour entrer
dans le tunnel souterrain.
"
0x2f746,"La grande forteresse de Groznyj Grad est au
bout de ce tunnel.
","La grande forteresse de Groznyj Grad est au
bout de ce tunnel.
"
0x2f786,"La porte de ce tunnel souterrain est près du
centre de cette zone, un peu à l'est. Vas-y et
vite.
","La porte de ce tunnel souterrain est près du
centre de cette zone, un peu à l'est. Vas-y et
vite.
"
0x2f7eb,"La porte de ce tunnel souterrain est près du
sommet. Dépêche-toi.
","La porte de ce tunnel souterrain est près du
sommet. Dépêche-toi.
"
0x2f831,"Major, j'ai à nouveau vu cette Tatyana.
","Major, j'ai à nouveau vu cette Tatyana.
"
0x2f85b,"Hmm. Nous analysons nos données, mais pour
l'instant, nous n'avons rien trouvé
correspondant à cette description.
","Hmm. Nous analysons nos données, mais pour
l'instant, nous n'avons rien trouvé
correspondant à cette description.
"
0x2f8d1,"Son affectation était peut-être si obscure
que nous l'avons simplement oubliée...
","Son affectation était peut-être si obscure
que nous l'avons simplement oubliée...
"
0x2f927,"Ou c'est une personnalité si importante que
toutes les données sur elles sont classées.
","Ou c'est une personnalité si importante que
toutes les données sur elles sont classées.
"
0x2f983,"C'est une possibilité. Mais j'aurais tendance à
retenir la première explication. Nous allons
continuer à examiner les données.
","C'est une possibilité. Mais j'aurais tendance à
retenir la première explication. Nous allons
continuer à examiner les données.
"
0x2fa08,"Merci.
","Merci.
"
0x2fa10,"Snake, attends un peu.
","Snake, attends un peu.
"
0x2fa28,"Quoi?
","Quoi?
"
0x2fa2f,"Tu sais où tu es censé aller?
","Tu sais où tu es censé aller?
"
0x2fa50,"Bien sûr que oui.
","Bien sûr que oui.
"
0x2fa64,"Alors, dis moi.
","Alors, dis moi.
"
0x2fa75,"Au tunnel qui mène à Groznyj Grad.
","Au tunnel qui mène à Groznyj Grad.
"
0x2fa9b,"Et tu sais où est l'entrée de ce tunnel?
","Et tu sais où est l'entrée de ce tunnel?
"
0x2fac7,"Ouais...
","Ouais...
"
0x2fad1,"Où est-ce qu'elle est?
","Où est-ce qu'elle est?
"
0x2faea,"Euh... par-là.
","Euh... par-là.
"
0x2fafb,"Par-là, où?
","Par-là, où?
"
0x2fb0a,"Enfin, je veux dire, par ici.
","Enfin, je veux dire, par ici.
"
0x2fb29,"...
","...
"
0x2fb2e,"...Ou peut-être par là-bas?
","...Ou peut-être par là-bas?
"
0x2fb4d,"...
","...
"
0x2fb52,"L'entrée du tunnel souterrain qui mène à
Groznyj Grad est située au sommet, près du
centre.
","L'entrée du tunnel souterrain qui mène à
Groznyj Grad est située au sommet, près du
centre.
"
0x2fbb4,"Sokolov est en danger de mort. Alors
bouge-toi un peu.
","Sokolov est en danger de mort. Alors
bouge-toi un peu.
"
0x2fbec,"...Alors c'était par-là...
","...Alors c'était par-là...
"
0x2fc0a,"Suis ce tunnel au nord et tu ressortiras à
l'intérieur de Groznyj Grad. Continue à te
diriger vers le nord.
","Suis ce tunnel au nord et tu ressortiras à
l'intérieur de Groznyj Grad. Continue à te
diriger vers le nord.
"
0x2fc7a,"Alors, tu as battu The Fury, hein?
","Alors, tu as battu The Fury, hein?
"
0x2fc9e,"Oui.
","Oui.
"
0x2fca4,"Il ne reste plus que...
","Il ne reste plus que...
"
0x2fcbd,"Je n'ai pas oublié.
","Je n'ai pas oublié.
"
0x2fcd3,"Tant mieux.
","Tant mieux.
"
0x2fce0,"Ta priorité numéro 1 est de faire sortir Sokolov
de cette forteresse.
","Ta priorité numéro 1 est de faire sortir Sokolov
de cette forteresse.
"
0x2fd29,"OK.
","OK.
"
0x2fd2e,"L'échelle au fond de ce tunnel souterrain
devrait te permettre d'accéder à Groznyj Grad.
","L'échelle au fond de ce tunnel souterrain
devrait te permettre d'accéder à Groznyj Grad.
"
0x2fd8b,"Une fois le Shagohod terminé, Sokolov n'aura
plus pour très longtemps à vivre. Il faut que tu
te dépêches.
","Une fois le Shagohod terminé, Sokolov n'aura
plus pour très longtemps à vivre. Il faut que tu
te dépêches.
"
0x2fdfc,"Bravo, tu es enfin arrivé à l'intérieur de
Groznyj Grad.
","Bravo, tu es enfin arrivé à l'intérieur de
Groznyj Grad.
"
0x2fe39,"Enfin.
","Enfin.
"
0x2fe41,"Reste sur tes gardes. C'est la base principale
de l'ennemi. La sécurité y a été renforcée
jusqu'à un niveau qui t'est jusqu'ici inconnu.
","Reste sur tes gardes. C'est la base principale
de l'ennemi. La sécurité y a été renforcée
jusqu'à un niveau qui t'est jusqu'ici inconnu.
"
0x2fed1,"Je ne plaisante pas.
","Je ne plaisante pas.
"
0x2fee7,"Ton objectif: le laboratoire d'armes.
","Ton objectif: le laboratoire d'armes.
"
0x2ff0e,"C'est l'énorme bâtiment au centre de la
forteresse. Sokolov est dans l'aile ouest de ce
bâtiment.
","C'est l'énorme bâtiment au centre de la
forteresse. Sokolov est dans l'aile ouest de ce
bâtiment.
"
0x2ff74,"Pour entrer dans la zone où Sokolov est retenu
prisonnier, tu vas devoir trouver le Major
Raikov, voler ses vêtements et te faire
passer pour lui.
","Pour entrer dans la zone où Sokolov est retenu
prisonnier, tu vas devoir trouver le Major
Raikov, voler ses vêtements et te faire
passer pour lui.
"
0x3000a,"Raikov est censé être dans l'aile est du
laboratoire d'armes.
","Raikov est censé être dans l'aile est du
laboratoire d'armes.
"
0x3004b,"Commence par t'introduire dans l'aile est du
laboratoire d'armes. Ensuite, neutralise Raikov
et prends ses vêtements.
","Commence par t'introduire dans l'aile est du
laboratoire d'armes. Ensuite, neutralise Raikov
et prends ses vêtements.
"
0x300c3,"Le laboratoire d'armes est au nord de la zone
dans laquelle tu te trouves. Dirige-toi vers le
nord.
","Le laboratoire d'armes est au nord de la zone
dans laquelle tu te trouves. Dirige-toi vers le
nord.
"
0x30128,"Le laboratoire d'armes est au centre de la zone
dans laquelle tu te trouves. Dirige-toi vers l'aile
est du laboratoire d'armes.
","Le laboratoire d'armes est au centre de la zone
dans laquelle tu te trouves. Dirige-toi vers l'aile
est du laboratoire d'armes.
"
0x301a9,"Le laboratoire d'armes est situé à l'est de la
zone dans laquelle tu te trouves. Dirige-toi vers
l'est.
","Le laboratoire d'armes est situé à l'est de la
zone dans laquelle tu te trouves. Dirige-toi vers
l'est.
"
0x30214,"Le laboratoire d'armes est au nord-est de la
zone dans laquelle tu te trouves. Dirige-toi vers
le nord-est.
","Le laboratoire d'armes est au nord-est de la
zone dans laquelle tu te trouves. Dirige-toi vers
le nord-est.
"
0x30281,"Est-ce que tu as réussi à t'échapper?
","Est-ce que tu as réussi à t'échapper?
"
0x302ab,"Oui, je suis arrivé à sortir.
","Oui, je suis arrivé à sortir.
"
0x302cc,"Sois prudent. En ce moment, tu es
pratiquement nu.
","Sois prudent. En ce moment, tu es
pratiquement nu.
"
0x30300,"Tu n'as aucune arme digne de ce nom. En
combat, tu n'auras aucune chance de survie.
","Tu n'as aucune arme digne de ce nom. En
combat, tu n'auras aucune chance de survie.
"
0x30355,"Prends du temps pour récupérer.
","Prends du temps pour récupérer.
"
0x30378,"EVA a dit qu'elle avait récupéré ton
équipement alors va la retrouver aussi vite que
possible.
","EVA a dit qu'elle avait récupéré ton
équipement alors va la retrouver aussi vite que
possible.
"
0x303dc,"Utilise la voie de secours qu'EVA t'a préparée.
Passe par la bouche d'égout pour entrer dans
les égouts dans la partie nord-ouest de
Groznyj Grad.
","Utilise la voie de secours qu'EVA t'a préparée.
Passe par la bouche d'égout pour entrer dans
les égouts dans la partie nord-ouest de
Groznyj Grad.
"
0x30474,"Commence par sortir des cellules et dirige-toi
vers le nord-ouest.
","Commence par sortir des cellules et dirige-toi
vers le nord-ouest.
"
0x304b8,"La bouche d'égout est dans la partie
nord-ouest de la forteresse. Dirige-toi vers le
nord-ouest.
","La bouche d'égout est dans la partie
nord-ouest de la forteresse. Dirige-toi vers le
nord-ouest.
"
0x3051b,"La bouche d'égout est dans la partie
nord-ouest de la forteresse. Dirige-toi vers le
nord.
","La bouche d'égout est dans la partie
nord-ouest de la forteresse. Dirige-toi vers le
nord.
"
0x30578,"Snake, tu as trouvé des armes?
","Snake, tu as trouvé des armes?
"
0x30599,"Non...
","Non...
"
0x305a1,"C'est fâcheux...
","C'est fâcheux...
"
0x305b4,"Seulement quelques munitions pour un Single
Army Action.
","Seulement quelques munitions pour un Single
Army Action.
"
0x305ee,"Ça ne va pas vraiment te servir.
","Ça ne va pas vraiment te servir.
"
0x30611,"J'ai trouvé une fourchette.
","J'ai trouvé une fourchette.
"
0x3062f,"Et tu appelles ça une arme...?
","Et tu appelles ça une arme...?
"
0x30650,"Sans arme digne de ce nom, une attaque
frontale avec l'ennemi serait du pur suicide.
","Sans arme digne de ce nom, une attaque
frontale avec l'ennemi serait du pur suicide.
"
0x306a6,"Tant que tu n'auras pas récupéré ton
équipement, tu devras éviter à tout prix de te
faire remarquer.
","Tant que tu n'auras pas récupéré ton
équipement, tu devras éviter à tout prix de te
faire remarquer.
"
0x30712,"Si, par malchance, l'ennemi te voit, n'essaie
pas de te battre. Pars en courant. Tu as
compris?
","Si, par malchance, l'ennemi te voit, n'essaie
pas de te battre. Pars en courant. Tu as
compris?
"
0x30773,"Major, la voie de secours qu'EVA...
","Major, la voie de secours qu'EVA...
"
0x30798,"Je sais.
","Je sais.
"
0x307a2,"Pour l'instant, tu dois suivre les instructions
d'EVA et aller au nord.
","Pour l'instant, tu dois suivre les instructions
d'EVA et aller au nord.
"
0x307eb,"Des unités ennemies ont déjà été envoyées à
ta recherche. Ne reste pas planté là. Cours!
","Des unités ennemies ont déjà été envoyées à
ta recherche. Ne reste pas planté là. Cours!
"
0x3084e,"Snake, l'ennemi a envoyé des chiens à tes
trousses.
","Snake, l'ennemi a envoyé des chiens à tes
trousses.
"
0x30885,"Sans arme, tu ne pourras pas te battre.
","Sans arme, tu ne pourras pas te battre.
"
0x308ae,"Ne pense même pas à te battre - cours vite!
Va en direction du nord!
","Ne pense même pas à te battre - cours vite!
Va en direction du nord!
"
0x308f6,"Snake, réveille-toi! Ouvre les yeux!!
","Snake, réveille-toi! Ouvre les yeux!!
"
0x3091e,"Snake! Réveille-toi! La pilule de réveil! Utilise
la pilule de réveil dans l'écran Fin de partie!!
","Snake! Réveille-toi! La pilule de réveil! Utilise
la pilule de réveil dans l'écran Fin de partie!!
"
0x30986,"Snake.
","Snake.
"
0x3098e,"...
","...
"
0x30993,"Snake!
","Snake!
"
0x3099b,"Q-quoi... oh, Major... Qu'est-ce que vous
voulez?
","Q-quoi... oh, Major... Qu'est-ce que vous
voulez?
"
0x309ce,"Qu'est-ce qui s'est passé? Tu es bizarre
depuis que tu as été emporté par cette rivière.
","Qu'est-ce qui s'est passé? Tu es bizarre
depuis que tu as été emporté par cette rivière.
"
0x30a2d,"Je vais bien.
","Je vais bien.
"
0x30a3c,"Je ne suis pas d'accord.
","Je ne suis pas d'accord.
"
0x30a56,"Vraiment?
","Vraiment?
"
0x30a61,"Oui.
","Oui.
"
0x30a67,"...
","...
"
0x30a6c,"Il t'est arrivé quelque chose à cette rivière,
non?
","Il t'est arrivé quelque chose à cette rivière,
non?
"
0x30aa4,"Non...
","Non...
"
0x30aac,"Ne mens pas, Snake. J'essaie de t'aider.
","Ne mens pas, Snake. J'essaie de t'aider.
"
0x30ad6,"...D'accord. Mais si je vous le dis, vous ne me
croirez peut-être pas.
","...D'accord. Mais si je vous le dis, vous ne me
croirez peut-être pas.
"
0x30b1f,"Je te croirai. J'ai confiance en toi.
","Je te croirai. J'ai confiance en toi.
"
0x30b46,"OK, alors. Quand j'étais dans cette rivière...
","OK, alors. Quand j'étais dans cette rivière...
"
0x30b78,"Ouais?
","Ouais?
"
0x30b80,"J'ai vu... de l'autre côté.
","J'ai vu... de l'autre côté.
"
0x30b9f,"L'autre côté?
","L'autre côté?
"
0x30bb0,"Oui
","Oui
"
0x30bb5,"...Et par l'autre côté, tu veux dire...?
","...Et par l'autre côté, tu veux dire...?
"
0x30be1,"Eh bien, le monde des morts... j'imagine.
","Eh bien, le monde des morts... j'imagine.
"
0x30c0c,"...
","...
"
0x30c11,"Et The Sorrow était là. Il était triste... Non,
plus que triste. Il a dit que je faisais partie de
sa tristesse...
","Et The Sorrow était là. Il était triste... Non,
plus que triste. Il a dit que je faisais partie de
sa tristesse...
"
0x30c88,"Je... vois... Snake, tu veux bien m'excuser un
petit moment?
","Je... vois... Snake, tu veux bien m'excuser un
petit moment?
"
0x30cc6,"Hein? Oui, bien sûr...
","Hein? Oui, bien sûr...
"
0x30cdf,"Para-Medic, mais bon sang, il y a un truc qui
ne tourne pas rond chez Snake?
","Para-Medic, mais bon sang, il y a un truc qui
ne tourne pas rond chez Snake?
"
0x30d2d,"Ça me dépasse. Il a peut-être reçu un
mauvais coup sur la tête.
","Ça me dépasse. Il a peut-être reçu un
mauvais coup sur la tête.
"
0x30d73,"...Tu crois vraiment que c'est ça?
","...Tu crois vraiment que c'est ça?
"
0x30d98,"Qu'est-ce que vous voulez dire?
","Qu'est-ce que vous voulez dire?
"
0x30db9,"Major?
","Major?
"
0x30dc1,"Je veux dire, il a toujours été un peu...
différent... et je croyais peut-être...
","Je veux dire, il a toujours été un peu...
différent... et je croyais peut-être...
"
0x30e18,"Vous avez raison... Je pensais exactement la
même chose.
","Vous avez raison... Je pensais exactement la
même chose.
"
0x30e53,"MAJOR!
","MAJOR!
"
0x30e5b,"Q--qu'est-ce qu'il y a, Snake?
","Q--qu'est-ce qu'il y a, Snake?
"
0x30e7b,"Je vous entends.
","Je vous entends.
"
0x30e8d,"!! Euh... eh bien, je suis content que tout aille
bien...
","!! Euh... eh bien, je suis content que tout aille
bien...
"
0x30ec8,"O... ouais. Moi aussi. Content de te voir
revenu à la euh... normale...
","O... ouais. Moi aussi. Content de te voir
revenu à la euh... normale...
"
0x30f12,"...
","...
"
0x30f17,"La cascade où EVA t'a donné rendez-vous est
située au nord. Prends cette direction.
","La cascade où EVA t'a donné rendez-vous est
située au nord. Prends cette direction.
"
0x30f6f,"Snake, est-ce que l'ennemi est à tes trousses?
","Snake, est-ce que l'ennemi est à tes trousses?
"
0x30fa0,"Oui. C'est l'unité Ocelot.
","Oui. C'est l'unité Ocelot.
"
0x30fbd,"Même en prenant en compte le temps où tu
étais inconscient, ils semblent t'avoir rattrapé
bien trop vite.
","Même en prenant en compte le temps où tu
étais inconscient, ils semblent t'avoir rattrapé
bien trop vite.
"
0x3102c,"C'est comme s'ils savaient exactement où tu
étais...
","C'est comme s'ils savaient exactement où tu
étais...
"
0x31064,"En tout cas, tu ne peux pas contre-attaquer
tant qu'EVA ne t'a pas rendu ton équipement.
","En tout cas, tu ne peux pas contre-attaquer
tant qu'EVA ne t'a pas rendu ton équipement.
"
0x310bf,"Sème-les et passe derrière la cascade!
","Sème-les et passe derrière la cascade!
"
0x310e9,"Snake, je vois que tu as récupéré tes armes et
ton équipement.
","Snake, je vois que tu as récupéré tes armes et
ton équipement.
"
0x3112d,"Maintenant, je vais pouvoir passer à
l'offensive.
","Maintenant, je vais pouvoir passer à
l'offensive.
"
0x31161,"Il est l'heure de faire payer Volgin pour tout ce
qu'il t'a fait.
","Il est l'heure de faire payer Volgin pour tout ce
qu'il t'a fait.
"
0x311a4,"Oui. Et encore un peu plus.
","Oui. Et encore un peu plus.
"
0x311c1,"Mais d'abord, tu dois détruire le Shagohod.
","Mais d'abord, tu dois détruire le Shagohod.
"
0x311ef,"Le Shagohod est dans le hangar, dans l'aile
principale du laboratoire d'armes.
","Le Shagohod est dans le hangar, dans l'aile
principale du laboratoire d'armes.
"
0x3123f,"Retourne à Groznyj Grad, va dans le hangar et
détruis le Shagohod.
","Retourne à Groznyj Grad, va dans le hangar et
détruis le Shagohod.
"
0x31285,"Tu pourras retourner à Groznyj Grad en allant
au fond de la grotte derrière la cascade.
Retourne à Groznyj Grad.
","Tu pourras retourner à Groznyj Grad en allant
au fond de la grotte derrière la cascade.
Retourne à Groznyj Grad.
"
0x312fa,"Je serai tes yeux...
","Je serai tes yeux...
"
0x31310,"ça me donne envie de pleurer.
","ça me donne envie de pleurer.
"
0x31330,"Pourquoi ça?
","Pourquoi ça?
"
0x3133f,"Ça me rappelle un truc qu'un espion m'avait
dit.
","Ça me rappelle un truc qu'un espion m'avait
dit.
"
0x31372,"Il s'appelait Oleg Penkovsky, c'était un espion
occidental qui avait infiltré le GRU. Il a été
arrêté par le KGB et exécuté l'année
dernière.
","Il s'appelait Oleg Penkovsky, c'était un espion
occidental qui avait infiltré le GRU. Il a été
arrêté par le KGB et exécuté l'année
dernière.
"
0x3140b,"Il paraît qu'il aurait envoyé une lettre au DCI
à l'époque disant « Je dois rester sur le front
pour être vos yeux et vos oreilles ».
","Il paraît qu'il aurait envoyé une lettre au DCI
à l'époque disant « Je dois rester sur le front
pour être vos yeux et vos oreilles ».
"
0x31499,"Son nom de code était « Héros ».
","Son nom de code était « Héros ».
"
0x314bf,"Un héros qui restera à jamais inconnu.
","Un héros qui restera à jamais inconnu.
"
0x314e9,"Oui.
","Oui.
"
0x314ef,"Un bien triste monde dans lequel nous vivons.
","Un bien triste monde dans lequel nous vivons.
"
0x3151e,"Snake, tu dois détruire le Shagohod. Il est
dans le hangar, dans l'aile principale du
laboratoire d'armes.
","Snake, tu dois détruire le Shagohod. Il est
dans le hangar, dans l'aile principale du
laboratoire d'armes.
"
0x3158b,"Pour entrer dans le hangar, passe par la porte
à l'intérieur de l'aile principale du labo, quand
tu entres au 2ème étage de l'aile est.
","Pour entrer dans le hangar, passe par la porte
à l'intérieur de l'aile principale du labo, quand
tu entres au 2ème étage de l'aile est.
"
0x31618,"Tu pourras entrer dans l'aile principale du
côté ouest du deuxième étage. Dirige-toi
vers l'aile principale.
","Tu pourras entrer dans l'aile principale du
côté ouest du deuxième étage. Dirige-toi
vers l'aile principale.
"
0x3168a,"D'abord, va dans l'aile est du laboratoire
d'armes.
","D'abord, va dans l'aile est du laboratoire
d'armes.
"
0x316bf,"L'aile est se situe au nord-est de ton
emplacement actuel. Dirige-toi vers le nord-est.
","L'aile est se situe au nord-est de ton
emplacement actuel. Dirige-toi vers le nord-est.
"
0x31718,"L'aile est se situe au nord de ton emplacement
actuel. Dirige-toi vers le nord.
","L'aile est se situe au nord de ton emplacement
actuel. Dirige-toi vers le nord.
"
0x31769,"On dirait que tu es entouré de toutes parts.
","On dirait que tu es entouré de toutes parts.
"
0x31798,"Oui, on dirait.
","Oui, on dirait.
"
0x317a9,"Si EVA veut s'échapper de là...
","Si EVA veut s'échapper de là...
"
0x317cc,"OK. Je vais devoir me débarrasser d'eux.
","OK. Je vais devoir me débarrasser d'eux.
"
0x317f7,"Snake, tu dois battre tous les Ocelots. C'est le
seul moyen pour qu'EVA puisse s'échapper en
toute sécurité, et toi également.
","Snake, tu dois battre tous les Ocelots. C'est le
seul moyen pour qu'EVA puisse s'échapper en
toute sécurité, et toi également.
"
0x3187b,"Mais tu es seul contre un grand nombre. Ne
les affronte pas frontalement.
","Mais tu es seul contre un grand nombre. Ne
les affronte pas frontalement.
"
0x318c6,"Approche-toi d'eux sans te faire remarquer et
débarrasse-toi d'eux un par un. Et n'oublie pas
d'utiliser ton camouflage.
","Approche-toi d'eux sans te faire remarquer et
débarrasse-toi d'eux un par un. Et n'oublie pas
d'utiliser ton camouflage.
"
0x31941,"Snake, ils sont en train de ratisser l'intérieur
de l'usine. A un moment ou à un autre, ils vont
arriver dans cette pièce.
","Snake, ils sont en train de ratisser l'intérieur
de l'usine. A un moment ou à un autre, ils vont
arriver dans cette pièce.
"
0x319c0,"S'ils te trouvent là, debout à rien faire, ils te
tueront.
","S'ils te trouvent là, debout à rien faire, ils te
tueront.
"
0x319fe,"Sors de cette pièce, et vite. Utilise la trappe
qu'EVA t'a montrée!
","Sors de cette pièce, et vite. Utilise la trappe
qu'EVA t'a montrée!
"
0x31a45,"Tu peux aussi te cacher dans un casier en
attendant qu'ils s'en aillent.
","Tu peux aussi te cacher dans un casier en
attendant qu'ils s'en aillent.
"
0x31a8f,"Snake, pas d'affrontement frontal avec les
Ocelots. Ils sont trop nombreux. S'ils
t'entourent, ça sera fini pour toi.
","Snake, pas d'affrontement frontal avec les
Ocelots. Ils sont trop nombreux. S'ils
t'entourent, ça sera fini pour toi.
"
0x31b07,"Utilise ton camouflage pour t'approcher d'eux
sans te faire remarquer et débarrasse-toi d'eux
un par un.
","Utilise ton camouflage pour t'approcher d'eux
sans te faire remarquer et débarrasse-toi d'eux
un par un.
"
0x31b72,"Si tu n'utilises pas un bon camouflage, tu
risques de te faire repérer et attaquer par des
snipers ou d'autres ennemis au loin.
","Si tu n'utilises pas un bon camouflage, tu
risques de te faire repérer et attaquer par des
snipers ou d'autres ennemis au loin.
"
0x31bf4,"N'oublie pas d'utiliser l'écran CAMOUFLAGE
du Visualiseur de survie pour te camoufler.
","N'oublie pas d'utiliser l'écran CAMOUFLAGE
du Visualiseur de survie pour te camoufler.
"
0x31c4d,"Garde toujours un Indice de camouflage élevé.
","Garde toujours un Indice de camouflage élevé.
"
0x31c7e,"Snake, les soldats ennemis en file indienne
présentent une menace importante.
","Snake, les soldats ennemis en file indienne
présentent une menace importante.
"
0x31cce,"Essaie de les dégommer l'un après l'autre, en
commençant par la fin.
","Essaie de les dégommer l'un après l'autre, en
commençant par la fin.
"
0x31d17,"Snake, il y avait des barils remplis de
carburant dans cette usine.
","Snake, il y avait des barils remplis de
carburant dans cette usine.
"
0x31d5c,"Si tu tires dans l'un de ces barils, ils vont
exploser et tuer tes ennemis aux alentours.
","Si tu tires dans l'un de ces barils, ils vont
exploser et tuer tes ennemis aux alentours.
"
0x31db7,"Utilise ces barils à ton avantage!
","Utilise ces barils à ton avantage!
"
0x31ddc,"Snake, impossible de prévoir où l'ennemi va se
cacher. Vérifie bien les plafonds et les
buissons.
","Snake, impossible de prévoir où l'ennemi va se
cacher. Vérifie bien les plafonds et les
buissons.
"
0x31e42,"Ne baisse pas la garde, même pour un
instant.
","Ne baisse pas la garde, même pour un
instant.
"
0x31e72,"Tu dois faire diversion pour qu'EVA puisse
s'échapper sur sa moto.
","Tu dois faire diversion pour qu'EVA puisse
s'échapper sur sa moto.
"
0x31eb7,"Elle est probablement dehors, en train
d'attendre le moment opportun.
","Elle est probablement dehors, en train
d'attendre le moment opportun.
"
0x31efe,"Ne t'inquiète pas pour elle. Cherche avant tout
à battre l'ennemi. Compris?
","Ne t'inquiète pas pour elle. Cherche avant tout
à battre l'ennemi. Compris?
"
0x31f4d,"Snake, ce n'est pas le moment de se reposer!
Il reste encore des ennemis à battre.
Trouve-les et débarrasse-toi d'eux.
","Snake, ce n'est pas le moment de se reposer!
Il reste encore des ennemis à battre.
Trouve-les et débarrasse-toi d'eux.
"
0x31fc7,"Snake, on dirait qu'ils ont posté des snipers
dans cette zone.
","Snake, on dirait qu'ils ont posté des snipers
dans cette zone.
"
0x32008,"Les Snipers sont de très bons tireurs. S'ils te
touchent, tu seras gravement blessé.
","Les Snipers sont de très bons tireurs. S'ils te
touchent, tu seras gravement blessé.
"
0x32060,"Trouve ces snipers et débarrasse-toi d'eux
avant qu'ils ne te tirent dessus.
","Trouve ces snipers et débarrasse-toi d'eux
avant qu'ils ne te tirent dessus.
"
0x320af,"Si on te tire dessus, mets-toi à l'abri derrière
quelque chose. C'est compris?
","Si on te tire dessus, mets-toi à l'abri derrière
quelque chose. C'est compris?
"
0x32101,"Major...
","Major...
"
0x3210b,"Qu'est-ce qu'il y a?
","Qu'est-ce qu'il y a?
"
0x32121,"Cet hélicoptère armé est stationné sur
l'héliport.
","Cet hélicoptère armé est stationné sur
l'héliport.
"
0x3215a,"Celui de la dernière fois?
","Celui de la dernière fois?
"
0x32177,"Oui. Celui qui a emporté le Shagohod pendant
la Mission Vertueuse.
","Oui. Celui qui a emporté le Shagohod pendant
la Mission Vertueuse.
"
0x321bc,"Major, cet hélicoptère armé qui est ici...
","Major, cet hélicoptère armé qui est ici...
"
0x321eb,"Celui de l'héliport?
","Celui de l'héliport?
"
0x32202,"Oui.
","Oui.
"
0x32208,"C'est peut-être une version armée du Mi-8
Hip?
","C'est peut-être une version armée du Mi-8
Hip?
"
0x3223a,"Non. Sous certains aspects, il y ressemble,
mais sa forme est différente.
","Non. Sous certains aspects, il y ressemble,
mais sa forme est différente.
"
0x32286,"Il possède des moignons d'ailes et la verrière
du cockpit est assez carrée.
","Il possède des moignons d'ailes et la verrière
du cockpit est assez carrée.
"
0x322d6,"Sans rire. Alors ça doit être un nouveau
modèle.
","Sans rire. Alors ça doit être un nouveau
modèle.
"
0x3230b,"J'ai entendu dire que les Soviétiques
développaient un 'véhicule volant de combat
d'infanterie'. C'est sûrement ça.
","J'ai entendu dire que les Soviétiques
développaient un 'véhicule volant de combat
d'infanterie'. C'est sûrement ça.
"
0x32385,"Un véhicule volant de combat d'infanterie?
","Un véhicule volant de combat d'infanterie?
"
0x323b2,"Oui. Un hélicoptère capable de transporter des
troupes.
","Oui. Un hélicoptère capable de transporter des
troupes.
"
0x323ed,"Pense à une version d'un hélicoptère armé de
transport, à mi-chemin entre l'AMX-VCI
français et le BMP soviétique.
","Pense à une version d'un hélicoptère armé de
transport, à mi-chemin entre l'AMX-VCI
français et le BMP soviétique.
"
0x32468,"Ils doivent faire des tests sur le terrain de ce
prototype initial.
","Ils doivent faire des tests sur le terrain de ce
prototype initial.
"
0x324ad,"Un hélico nouvelle génération un peu plus petit
que le Hip... On devrait peut-être l'appeler
un Hind.
","Un hélico nouvelle génération un peu plus petit
que le Hip... On devrait peut-être l'appeler
un Hind.
"
0x32518,"Mmm, pas une mauvaise idée. Je suis
d'accord.
","Mmm, pas une mauvaise idée. Je suis
d'accord.
"
0x32548,"Alors, c'est décidé. A partir de maintenant,
nous appellerons ce nouveau type d'hélico un
Hind.
","Alors, c'est décidé. A partir de maintenant,
nous appellerons ce nouveau type d'hélico un
Hind.
"
0x325ac,"Snake, le seul moyen de continuer, c'est de te
battre. Tu dois battre Ocelot.
","Snake, le seul moyen de continuer, c'est de te
battre. Tu dois battre Ocelot.
"
0x325fb,"Tu ne peux pas sauter par-dessus cette
crevasse. Et un corps à corps est hors de
question. Tu vas devoir lui tirer dessus.
","Tu ne peux pas sauter par-dessus cette
crevasse. Et un corps à corps est hors de
question. Tu vas devoir lui tirer dessus.
"
0x32678,"Abrite-toi derrière quelque chose et attends le
bon moment, puis attaque en Observation à la
première personne.
","Abrite-toi derrière quelque chose et attends le
bon moment, puis attaque en Observation à la
première personne.
"
0x326ec,"Je crois qu'Ocelot cherche une épreuve de
force avec toi.
","Je crois qu'Ocelot cherche une épreuve de
force avec toi.
"
0x32728,"Tant que ton pistolet sera dans son étui, il en
fera probablement de même.
","Tant que ton pistolet sera dans son étui, il en
fera probablement de même.
"
0x32776,"C'est à celui qui dégaine le plus vite. Tu ferais
bien d'avoir de bons réflexes.
","C'est à celui qui dégaine le plus vite. Tu ferais
bien d'avoir de bons réflexes.
"
0x327cb,"Regarde Ocelot en Observation à la première
personne. Quand c'est le bon moment, dégaine
et tire-lui dessus!
","Regarde Ocelot en Observation à la première
personne. Quand c'est le bon moment, dégaine
et tire-lui dessus!
"
0x3283c,"Ocelot utilise un revolver. Les revolvers sont
longs à recharger lorsqu'ils n'ont plus de balle.
","Ocelot utilise un revolver. Les revolvers sont
longs à recharger lorsqu'ils n'ont plus de balle.
"
0x3289f,"Lorsqu'il s'arrête pour recharger, c'est le bon
moment pour l'attaquer.
","Lorsqu'il s'arrête pour recharger, c'est le bon
moment pour l'attaquer.
"
0x328e9,"Ocelot sait faire ricocher ses balles?!
","Ocelot sait faire ricocher ses balles?!
"
0x32912,"Tu ne seras donc à l'abri nulle part, pas
même derrière un obstacle.
","Tu ne seras donc à l'abri nulle part, pas
même derrière un obstacle.
"
0x3295b,"Ne reste pas trop longtemps au même
endroit ou tu deviendras une cible facile. Reste
sur tes gardes!
","Ne reste pas trop longtemps au même
endroit ou tu deviendras une cible facile. Reste
sur tes gardes!
"
0x329c2,"Snake, tu ne survivras pas si tu tombes dans
cette crevasse. Fais attention de ne pas
tomber dedans en faisant une roulade.
","Snake, tu ne survivras pas si tu tombes dans
cette crevasse. Fais attention de ne pas
tomber dedans en faisant une roulade.
"
0x32a3f,"Même si Ocelot se met à l'abri, tu pourras
lui tirer dessus depuis les arbres.
","Même si Ocelot se met à l'abri, tu pourras
lui tirer dessus depuis les arbres.
"
0x32a91,"S'il se cache, grimpe à un arbre et attaque-le
depuis là.
","S'il se cache, grimpe à un arbre et attaque-le
depuis là.
"
0x32ace,"Snake, tant que The Pain utilise ses frelons
pour protéger son corps, tu ne pourras pas
l'attaquer avec une arme à feu.
","Snake, tant que The Pain utilise ses frelons
pour protéger son corps, tu ne pourras pas
l'attaquer avec une arme à feu.
"
0x32b49,"Utilise d'abord une grenade pour te
débarrasser de cet essaim de frelons.
","Utilise d'abord une grenade pour te
débarrasser de cet essaim de frelons.
"
0x32b95,"Va en Observation à la première personne et
lance-lui une grenade!
","Va en Observation à la première personne et
lance-lui une grenade!
"
0x32bdb,"Le fusil devrait aussi être efficace.
","Le fusil devrait aussi être efficace.
"
0x32c03,"Débarrasse-toi des frelons qui le protègent,
puis attaque-le avec un fusil!
","Débarrasse-toi des frelons qui le protègent,
puis attaque-le avec un fusil!
"
0x32c52,"The Pain semble diriger les attaques de ces
essaims de frelons.
","The Pain semble diriger les attaques de ces
essaims de frelons.
"
0x32c93,"Fais attention. Si tu es attaqué par un essaim
de frelons, ta VIE va commencer à diminuer
régulièrement.
","Fais attention. Si tu es attaqué par un essaim
de frelons, ta VIE va commencer à diminuer
régulièrement.
"
0x32d01,"Lorsque les frelons t'attaquent, tu peux
éparpiller l'essaim en lui tirant dessus avec ton
fusil.
","Lorsque les frelons t'attaquent, tu peux
éparpiller l'essaim en lui tirant dessus avec ton
fusil.
"
0x32d65,"De plus, les frelons ne te suivront pas dans
l'eau, alors tu peux leur échapper en plongeant
dans l'eau.
","De plus, les frelons ne te suivront pas dans
l'eau, alors tu peux leur échapper en plongeant
dans l'eau.
"
0x32dd0,"Les frelons sont également vulnérables face au
feu et à la fumée.
","Les frelons sont également vulnérables face au
feu et à la fumée.
"
0x32e17,"Tu peux les éloigner de toi en utilisant une
grenade fumigène.
","Tu peux les éloigner de toi en utilisant une
grenade fumigène.
"
0x32e59,"Agite une torche à l'aide de la touche CQC, ça
devrait aussi marcher.
","Agite une torche à l'aide de la touche CQC, ça
devrait aussi marcher.
"
0x32ea2,"Snake, si les frelons de The Pain se collent à
toi, tu ne pourras plus bouger librement.
","Snake, si les frelons de The Pain se collent à
toi, tu ne pourras plus bouger librement.
"
0x32efd,"Si les frelons commencent à se coller à toi,
occupe-toi d'eux avant de ne plus pouvoir
bouger.
","Si les frelons commencent à se coller à toi,
occupe-toi d'eux avant de ne plus pouvoir
bouger.
"
0x32f5f,"Saute dans l'eau ou agite ton couteau de
survie pour les faire partir.
","Saute dans l'eau ou agite ton couteau de
survie pour les faire partir.
"
0x32fa7,"Si tu ne peux plus bouger,
","Si tu ne peux plus bouger,
"
0x32fc3,"remue le joystick analogique gauche et appuie
rapidement sur les touches pour les faire partir
avant qu'on te tire dessus. C'est compris?
","remue le joystick analogique gauche et appuie
rapidement sur les touches pour les faire partir
avant qu'on te tire dessus. C'est compris?
"
0x3304e,"Snake, les balles-abeilles creusent des trous
dans ton corps!
","Snake, les balles-abeilles creusent des trous
dans ton corps!
"
0x3308d,"Snake, fais attention à ces balles-abeilles qu'il
te tire!
","Snake, fais attention à ces balles-abeilles qu'il
te tire!
"
0x330ca,"Les balles-abeilles sont le nom que The Pain a
donné aux frelons spéciaux qu'il élève à
l'intérieur de son corps.
","Les balles-abeilles sont le nom que The Pain a
donné aux frelons spéciaux qu'il élève à
l'intérieur de son corps.
"
0x33143,"Si elles entrent dans ton corps, tes blessures
vont empirer jusqu'à ce que tu t'en
débarrasses.
","Si elles entrent dans ton corps, tes blessures
vont empirer jusqu'à ce que tu t'en
débarrasses.
"
0x331a6,"Et si tu es touché par une balle-abeille, ouvre
immédiatement le Visualiseur de survie et
utilise GUERIR pour l'enlever avec ton
couteau.
","Et si tu es touché par une balle-abeille, ouvre
immédiatement le Visualiseur de survie et
utilise GUERIR pour l'enlever avec ton
couteau.
"
0x33233,"Une fois la balle-abeille retirée, n'oublie pas de
mettre du styptique et du désinfectant sur la
blessure!
","Une fois la balle-abeille retirée, n'oublie pas de
mettre du styptique et du désinfectant sur la
blessure!
"
0x332a1,"Snake, même les frelons spéciaux de The
Pain ne pourront pas te suivre sous l'eau.
","Snake, même les frelons spéciaux de The
Pain ne pourront pas te suivre sous l'eau.
"
0x332f7,"Et les grenades qu'il te lance ne seront pas
aussi mortelles sous l'eau.
","Et les grenades qu'il te lance ne seront pas
aussi mortelles sous l'eau.
"
0x33341,"Si tu ressens un danger, échappe-toi en
plongeant sous l'eau.
","Si tu ressens un danger, échappe-toi en
plongeant sous l'eau.
"
0x33381,"Pour plonger sous l'eau, appuie sur la touche
Ramper alors que tu nages à la surface.
","Pour plonger sous l'eau, appuie sur la touche
Ramper alors que tu nages à la surface.
"
0x333d9,"Pour avancer sous l'eau, appuie sur la touche
CQC ou la touche Ramper.
","Pour avancer sous l'eau, appuie sur la touche
CQC ou la touche Ramper.
"
0x33421,"Utilise le joystick analogique gauche pour
changer de direction.
","Utilise le joystick analogique gauche pour
changer de direction.
"
0x33463,"En cas de problème, tu peux appuyer sur la
touche Action pour remonter rapidement à la
surface.
","En cas de problème, tu peux appuyer sur la
touche Action pour remonter rapidement à la
surface.
"
0x334c6,"De plus, tu pourras utiliser tes fusils et tes
revolvers sous l'eau. Tu pourras aussi les
utiliser pour attaquer des cibles au-dessus de
la surface de l'eau.
","De plus, tu pourras utiliser tes fusils et tes
revolvers sous l'eau. Tu pourras aussi les
utiliser pour attaquer des cibles au-dessus de
la surface de l'eau.
"
0x33565,"Snake, tes vêtements sont recouverts de
phéromones d'alarme!
","Snake, tes vêtements sont recouverts de
phéromones d'alarme!
"
0x335a5,"Lorsque The Pain te touche avec des
phéromones d'alarme, les attaques des frelons
seront plus agressives.
","Lorsque The Pain te touche avec des
phéromones d'alarme, les attaques des frelons
seront plus agressives.
"
0x33611,"Ils t'attaqueront aussi plus souvent, alors fais
attention.
","Ils t'attaqueront aussi plus souvent, alors fais
attention.
"
0x3364e,"Si tu es recouvert de phéromones d'alarme,
ouvre le Visualiseur de survie et change de
vêtements immédiatement.
","Si tu es recouvert de phéromones d'alarme,
ouvre le Visualiseur de survie et change de
vêtements immédiatement.
"
0x336c2,"The Pain peut utiliser les frelons qu'il
contrôle pour localiser ses ennemis.
","The Pain peut utiliser les frelons qu'il
contrôle pour localiser ses ennemis.
"
0x33712,"Si tu es repéré par ses frelons, c'est comme si
tu étais repéré par lui.
","Si tu es repéré par ses frelons, c'est comme si
tu étais repéré par lui.
"
0x33761,"Ouvre l'œil pour voir s'il n'y a pas de frelons
au-dessus de ta tête en sortant de l'eau!
","Ouvre l'œil pour voir s'il n'y a pas de frelons
au-dessus de ta tête en sortant de l'eau!
"
0x337be,"Snake, les ennemis de cette zone vont utiliser
des fusées lumineuses contre toi.
","Snake, les ennemis de cette zone vont utiliser
des fusées lumineuses contre toi.
"
0x33811,"Si tu es près d'une lumière de fusée, ton
Indice de camouflage va diminuer.
","Si tu es près d'une lumière de fusée, ton
Indice de camouflage va diminuer.
"
0x33861,"Si un ennemi tire une fusée lumineuse sur toi,
tu ferais bien de plonger sous l'eau et de te
cacher.
","Si un ennemi tire une fusée lumineuse sur toi,
tu ferais bien de plonger sous l'eau et de te
cacher.
"
0x338c8,"Si l'ennemi te repère dans cette zone, des
renforts lanceront des obus de mortier à
distance.
","Si l'ennemi te repère dans cette zone, des
renforts lanceront des obus de mortier à
distance.
"
0x33929,"Les obus de mortier sont redoutables.
","Les obus de mortier sont redoutables.
"
0x33950,"Si l'ennemi utilise des obus de mortier, quitte
immédiatement cette zone. C'est bien clair?
","Si l'ennemi utilise des obus de mortier, quitte
immédiatement cette zone. C'est bien clair?
"
0x339ae,"Snake, EVA a parlé d'un fusil Sniper à l'ouest
de Ponizovje.
","Snake, EVA a parlé d'un fusil Sniper à l'ouest
de Ponizovje.
"
0x339ee,"Un fusil Sniper serait un atout essentiel pour
réussir ta mission. Dirige vers l'ouest de cette
zone et trouve ce fusil Sniper.
","Un fusil Sniper serait un atout essentiel pour
réussir ta mission. Dirige vers l'ouest de cette
zone et trouve ce fusil Sniper.
"
0x33a70,"Je vois que tu as réussi à passer le mur
extérieur.
","Je vois que tu as réussi à passer le mur
extérieur.
"
0x33aa8,"Sokolov est à l'intérieur du laboratoire. Trouve
un chemin pour t'y infiltrer.
","Sokolov est à l'intérieur du laboratoire. Trouve
un chemin pour t'y infiltrer.
"
0x33afa,"Bravo, tu t'es infiltré à l'intérieur du laboratoire.
La sécurité à l'intérieur a été vraiment
renforcée.
","Bravo, tu t'es infiltré à l'intérieur du laboratoire.
La sécurité à l'intérieur a été vraiment
renforcée.
"
0x33b6f,"Tu vas avoir du mal à chercher Sokolov si tu
n'es pas déguisé en scientifique.
","Tu vas avoir du mal à chercher Sokolov si tu
n'es pas déguisé en scientifique.
"
0x33bc2,"Utilise les vêtements qu'EVA t'a donnés
pour te déguiser en scientifique.
","Utilise les vêtements qu'EVA t'a donnés
pour te déguiser en scientifique.
"
0x33c10,"Pour te déguiser en scientifique,
","Pour te déguiser en scientifique,
"
0x33c34,"ouvre le Visualiseur de survie et sélectionne
SCIENTIFIQUE sous l'option UNIFORME de
l'écran CAMOUFLAGE.
","ouvre le Visualiseur de survie et sélectionne
SCIENTIFIQUE sous l'option UNIFORME de
l'écran CAMOUFLAGE.
"
0x33ca0,"Et n'oublie pas d'enlever la peinture sur ton
visage.
","Et n'oublie pas d'enlever la peinture sur ton
visage.
"
0x33cd7,"Pour enlever la peinture sur ton visage, choisis
PAS DE PEINTURE dans l'option VISAGE de
l'écran CAMOUFLAGE.
","Pour enlever la peinture sur ton visage, choisis
PAS DE PEINTURE dans l'option VISAGE de
l'écran CAMOUFLAGE.
"
0x33d46,"Mais fais attention. Si tes vêtements sont
tachés de sang, l'ennemi va voir que tu n'es
pas un scientifique.
","Mais fais attention. Si tes vêtements sont
tachés de sang, l'ennemi va voir que tu n'es
pas un scientifique.
"
0x33db6,"Si tu as du sang sur tes vêtements, ouvre le
Visualiseur de survie et change de tenue.
","Si tu as du sang sur tes vêtements, ouvre le
Visualiseur de survie et change de tenue.
"
0x33e0f,"Au bout d'un moment, le sang devrait partir
tout seul.
","Au bout d'un moment, le sang devrait partir
tout seul.
"
0x33e47,"Je vois que tu es déguisé en scientifique.
D'ailleurs, ça te va plutôt bien.
","Je vois que tu es déguisé en scientifique.
D'ailleurs, ça te va plutôt bien.
"
0x33e99,"Tant que tu ne fais rien de suspect, comme
faire des roulades ou ramper, l'ennemi ne
devrait se douter de rien.
","Tant que tu ne fais rien de suspect, comme
faire des roulades ou ramper, l'ennemi ne
devrait se douter de rien.
"
0x33f0a,"Sokolov est quelque part à l'intérieur du labo.
Trouve-le et entre en contact avec lui.
","Sokolov est quelque part à l'intérieur du labo.
Trouve-le et entre en contact avec lui.
"
0x33f65,"Si tu veux savoir où est Sokolov, pourquoi tu
n'essaies pas de demander autour de toi?
","Si tu veux savoir où est Sokolov, pourquoi tu
n'essaies pas de demander autour de toi?
"
0x33fbe,"Snake, ton déguisement a l'air de fonctionner.
","Snake, ton déguisement a l'air de fonctionner.
"
0x33fef,"Mais n'oublie pas que tu essaies de te faire
passer pour un scientifique.
","Mais n'oublie pas que tu essaies de te faire
passer pour un scientifique.
"
0x3403a,"Ne fais rien d'inhabituel pour un scientifique;
ne rampe pas et ne fais pas de roulades. Et
surtout, ne va pas te mettre à donner des
coups de poing aux gens.
","Ne fais rien d'inhabituel pour un scientifique;
ne rampe pas et ne fais pas de roulades. Et
surtout, ne va pas te mettre à donner des
coups de poing aux gens.
"
0x340db,"Si un ennemi commence à se douter de
quelque chose, ne pars pas en courant.
","Si un ennemi commence à se douter de
quelque chose, ne pars pas en courant.
"
0x34129,"Reste où tu es et ne bouge pas. Ça devrait te
permettre de sortir de la plupart des situations.
","Reste où tu es et ne bouge pas. Ça devrait te
permettre de sortir de la plupart des situations.
"
0x3418c,"Tant que tu sera habillé en scientifique, tu ne
pourras pas t'équiper d'armes et de couteaux.
","Tant que tu sera habillé en scientifique, tu ne
pourras pas t'équiper d'armes et de couteaux.
"
0x341ed,"Mais tu pourras aussi t'équiper d'objets qui, au
premier coup d'œil, ne ressemblent pas à
des armes...
","Mais tu pourras aussi t'équiper d'objets qui, au
premier coup d'œil, ne ressemblent pas à
des armes...
"
0x34258,"Snake, fais également attention aux
scientifiques.
","Snake, fais également attention aux
scientifiques.
"
0x3428d,"S'ils arrivent à bien voir ton visage, ils sauront
que tu n'es pas l'un des leurs.
","S'ils arrivent à bien voir ton visage, ils sauront
que tu n'es pas l'un des leurs.
"
0x342e2,"Fais attention de bien cacher ton visage aux
scientifiques.
","Fais attention de bien cacher ton visage aux
scientifiques.
"
0x3431f,"Même s'ils te voient, ils ne t'attaqueront
probablement pas,
","Même s'ils te voient, ils ne t'attaqueront
probablement pas,
"
0x3435e,"mais ils risquent de te faire repérer en
appelant à l'aide ou en appuyant sur les
sonnettes d'alarme aux murs.
","mais ils risquent de te faire repérer en
appelant à l'aide ou en appuyant sur les
sonnettes d'alarme aux murs.
"
0x343d0,"Si un scientifique commence à se douter de
quelque chose, tourne ton visage jusqu'à ce
qu'il arrête de te soupçonner.
","Si un scientifique commence à se douter de
quelque chose, tourne ton visage jusqu'à ce
qu'il arrête de te soupçonner.
"
0x3444b,"Si tu en as l'occasion, essaie d'interroger un
scientifique. Il aura peut-être des
informations utiles pour toi.
","Si tu en as l'occasion, essaie d'interroger un
scientifique. Il aura peut-être des
informations utiles pour toi.
"
0x344be,"Enlève temporairement ton déguisement et
utilise le CQC pour faire une prise à un
scientifique, puis appuie sur la touche .
","Enlève temporairement ton déguisement et
utilise le CQC pour faire une prise à un
scientifique, puis appuie sur la touche .
"
0x34541,"Difficile de ne pas se faire remarquer à
l'intérieur d'un bâtiment, même avec du
camouflage.
","Difficile de ne pas se faire remarquer à
l'intérieur d'un bâtiment, même avec du
camouflage.
"
0x345a3,"Garde toujours l'œil sur ton environnement,
reste sur tes gardes et n'entre pas dans la
ligne de vue de l'ennemi...
","Garde toujours l'œil sur ton environnement,
reste sur tes gardes et n'entre pas dans la
ligne de vue de l'ennemi...
"
0x34619,"Tu pourras tromper l'ennemi en te déguisant
en un objet que l'on trouve souvent à l'intérieur
de bâtiments...
","Tu pourras tromper l'ennemi en te déguisant
en un objet que l'on trouve souvent à l'intérieur
de bâtiments...
"
0x3468c,"The Fear utilise ce qu'on appelle un
camouflage optique pour se dissimuler.
","The Fear utilise ce qu'on appelle un
camouflage optique pour se dissimuler.
"
0x346d9,"Mais tu devrais pouvoir le repérer en
Observation à la première personne.
","Mais tu devrais pouvoir le repérer en
Observation à la première personne.
"
0x34727,"Attention aux herbes qui bruissent, aux feuilles
qui tombent et à tout ce qui pourrait trahir ta
présence.
","Attention aux herbes qui bruissent, aux feuilles
qui tombent et à tout ce qui pourrait trahir ta
présence.
"
0x34795,"Trouve-le et tire-lui dessus en Observation à la
première personne.
","Trouve-le et tire-lui dessus en Observation à la
première personne.
"
0x347dc,"Dégomme les flèches de The Fear avec ton
fusil ou ton couteau.
","Dégomme les flèches de The Fear avec ton
fusil ou ton couteau.
"
0x3481e,"Si tu ne peux pas esquiver une flèche, va en
Observation à la première personne et
dégomme-la.
","Si tu ne peux pas esquiver une flèche, va en
Observation à la première personne et
dégomme-la.
"
0x34882,"Snake, ça va?!
","Snake, ça va?!
"
0x34893,"Tu as été touché par une flèche empoisonnée!
Le poison est en train de se répandre dans
tout ton corps!
","Tu as été touché par une flèche empoisonnée!
Le poison est en train de se répandre dans
tout ton corps!
"
0x34902,"Ta VIE va continuer à diminuer si tu ne fais
rien! Dépêche-toi de neutraliser le poison!
","Ta VIE va continuer à diminuer si tu ne fais
rien! Dépêche-toi de neutraliser le poison!
"
0x3495f,"Ouvre le Visualiseur de survie et utilise
GUERIR pour t'injecter une dose de sérum!
","Ouvre le Visualiseur de survie et utilise
GUERIR pour t'injecter une dose de sérum!
"
0x349b5,"Mais je n'ai pas de sérum...
","Mais je n'ai pas de sérum...
"
0x349d4,"Les lapins de cette zone ont développé une
résistance au poison. Capture un lapin et
utilise-le pour obtenir du sérum!
","Les lapins de cette zone ont développé une
résistance au poison. Capture un lapin et
utilise-le pour obtenir du sérum!
"
0x34a50,"Le sérum te permettra de neutraliser le poison,
mais n'oublie pas de traiter aussi la blessure
par flèche.
","Le sérum te permettra de neutraliser le poison,
mais n'oublie pas de traiter aussi la blessure
par flèche.
"
0x34abe,"Pour traiter une blessure par flèche, tu auras
besoin de ton couteau, d'un styptique et d'un
désinfectant.
","Pour traiter une blessure par flèche, tu auras
besoin de ton couteau, d'un styptique et d'un
désinfectant.
"
0x34b2c,"Utilise ton couteau pour enlever la flèche et
applique un styptique et du désinfectant sur la
blessure.
","Utilise ton couteau pour enlever la flèche et
applique un styptique et du désinfectant sur la
blessure.
"
0x34b97,"Si tu fais tout cela, ta blessure devrait guérir
rapidement.
","Si tu fais tout cela, ta blessure devrait guérir
rapidement.
"
0x34bd6,"Maintenant, commence le traitement.
Dépêche-toi!!
","Maintenant, commence le traitement.
Dépêche-toi!!
"
0x34c0b,"Snake, attention aux flèches empoisonnées de
The Fear.
","Snake, attention aux flèches empoisonnées de
The Fear.
"
0x34c45,"Si tu es touché par une flèche empoisonnée, le
poison va entrer dans ton système sanguin.
","Si tu es touché par une flèche empoisonnée, le
poison va entrer dans ton système sanguin.
"
0x34ca4,"Si tu ne le neutralises pas avec du sérum, ta
VIE va continuer à diminuer.
","Si tu ne le neutralises pas avec du sérum, ta
VIE va continuer à diminuer.
"
0x34cf2,"Si tu es blessé par une flèche empoisonnée,
ouvre tout de suite le Visualiseur de survie et
utilise GUERIR pour t'injecter du sérum!
","Si tu es blessé par une flèche empoisonnée,
ouvre tout de suite le Visualiseur de survie et
utilise GUERIR pour t'injecter du sérum!
"
0x34d7c,"Tu pourras te procurer du sérum en capturant
les lapins vivant dans cette zone.
","Tu pourras te procurer du sérum en capturant
les lapins vivant dans cette zone.
"
0x34dce,"Après avoir neutralisé le poison avec le sérum,
n'oublie pas de traiter aussi ta blessure.
","Après avoir neutralisé le poison avec le sérum,
n'oublie pas de traiter aussi ta blessure.
"
0x34e2d,"Apparemment, le camouflage optique de The
Fear lui fait baisser rapidement son endurance.
","Apparemment, le camouflage optique de The
Fear lui fait baisser rapidement son endurance.
"
0x34e88,"Quand il n'aura plus d'endurance, il sera obligé
d'aller chercher de la nourriture.
","Quand il n'aura plus d'endurance, il sera obligé
d'aller chercher de la nourriture.
"
0x34ede,"C'est là le bon moment! Jette-lui de la
nourriture pour le piéger.
","C'est là le bon moment! Jette-lui de la
nourriture pour le piéger.
"
0x34f24,"Pose une Claymore ou du TNT et attire-le vers
ce piège, ou attire-le dans l'un de ses propres
pièges.
","Pose une Claymore ou du TNT et attire-le vers
ce piège, ou attire-le dans l'un de ses propres
pièges.
"
0x34f8d,"Tu peux aussi lui donner de la nourriture
pourrie ou empoisonnée.
","Tu peux aussi lui donner de la nourriture
pourrie ou empoisonnée.
"
0x34fd1,"Utilisé à bon escient, la nourriture peut aussi
devenir une arme.
","Utilisé à bon escient, la nourriture peut aussi
devenir une arme.
"
0x35016,"Snake, sois prudent. Ces bois sont truffés de
pièges. Attention où tu marches.
","Snake, sois prudent. Ces bois sont truffés de
pièges. Attention où tu marches.
"
0x35069,"Et attention aux marais sans fond!
","Et attention aux marais sans fond!
"
0x3508d,"Même si tu ne déclenches pas un piège,
The Fear pourra toujours t'attaquer en le
déclenchant à ta place.
","Même si tu ne déclenches pas un piège,
The Fear pourra toujours t'attaquer en le
déclenchant à ta place.
"
0x350fc,"Fais attention de ne pas rester trop près des
pièges.
","Fais attention de ne pas rester trop près des
pièges.
"
0x35135,"Mais tu pourras aussi utiliser ses propres
pièges contre lui.
","Mais tu pourras aussi utiliser ses propres
pièges contre lui.
"
0x35175,"Par exemple, tu peux mettre de la nourriture
près d'un piège puis l'attirer dedans. Fais
preuve d'imagination!
","Par exemple, tu peux mettre de la nourriture
près d'un piège puis l'attirer dedans. Fais
preuve d'imagination!
"
0x351e7,"Snake, The End est un sniper de légende. Il se
cache quelque part dans cette forêt en
attendant que tu arrives.
","Snake, The End est un sniper de légende. Il se
cache quelque part dans cette forêt en
attendant que tu arrives.
"
0x3525a,"S'il te voit, il n'hésitera pas à te tirer dessus.
","S'il te voit, il n'hésitera pas à te tirer dessus.
"
0x35290,"Va dans la forêt en te cachant en chemin et
essaie de trouver des signes trahissant la
présence de The End.
","Va dans la forêt en te cachant en chemin et
essaie de trouver des signes trahissant la
présence de The End.
"
0x352ff,"Anticipe ses mouvements et essaie de
l'attaquer sur le côté ou par derrière.
","Anticipe ses mouvements et essaie de
l'attaquer sur le côté ou par derrière.
"
0x35350,"Fais attention. The End utilise des balles
tranquillisantes spéciales.
","Fais attention. The End utilise des balles
tranquillisantes spéciales.
"
0x35399,"S'il te touche avec ses balles tranquillisantes,
tu vas vite perdre de l'endurance.
","S'il te touche avec ses balles tranquillisantes,
tu vas vite perdre de l'endurance.
"
0x353ee,"Quand ta Jauge d'endurance atteindra zéro, tu
vas t'évanouir.
","Quand ta Jauge d'endurance atteindra zéro, tu
vas t'évanouir.
"
0x3542f,"Si tu es touché par une balle tranquillisante,
ouvre immédiatement le Visualiseur de survie
et traite ta blessure.
","Si tu es touché par une balle tranquillisante,
ouvre immédiatement le Visualiseur de survie
et traite ta blessure.
"
0x354a5,"Utilise ton couteau pour enlever l'aiguille.
","Utilise ton couteau pour enlever l'aiguille.
"
0x354d3,"Si tu n'as plus d'endurance, tout sera terminé.
Fais attention de bien garder de l'endurance en
cherchant régulièrement de la nourriture.
","Si tu n'as plus d'endurance, tout sera terminé.
Fais attention de bien garder de l'endurance en
cherchant régulièrement de la nourriture.
"
0x35561,"Cette bataille va être longue, un vrai duel de
snipers.
","Cette bataille va être longue, un vrai duel de
snipers.
"
0x3559b,"Mais ne baisse jamais la garde, même pour
un seul instant!
","Mais ne baisse jamais la garde, même pour
un seul instant!
"
0x355d8,"The End est un sniper renommé, mais c'est
aussi un expert en camouflage.
","The End est un sniper renommé, mais c'est
aussi un expert en camouflage.
"
0x35623,"Il se cache quelque part dans ces bois en
attendant sa chance.
","Il se cache quelque part dans ces bois en
attendant sa chance.
"
0x35663,"Si tu cours comme un dératé, tu vas finir par
te faire tirer dessus.
","Si tu cours comme un dératé, tu vas finir par
te faire tirer dessus.
"
0x356ab,"Utilise ton camouflage pour te fondre au
paysage, abrite-toi derrière les rochers et les
arbres et trouve où il se cache.
","Utilise ton camouflage pour te fondre au
paysage, abrite-toi derrière les rochers et les
arbres et trouve où il se cache.
"
0x35728,"Utilise tes jumelles. Essaie de repérer la
lumière clignotante de son télescope.
","Utilise tes jumelles. Essaie de repérer la
lumière clignotante de son télescope.
"
0x3577d,"Tu peux aussi utiliser tes lunettes thermiques.
","Tu peux aussi utiliser tes lunettes thermiques.
"
0x357ae,"Tu as été touché par The End?!
","Tu as été touché par The End?!
"
0x357d1,"Ouais...
","Ouais...
"
0x357db,"Snake, The End utilise des balles
tranquillisantes spéciales.
","Snake, The End utilise des balles
tranquillisantes spéciales.
"
0x3581b,"Si tu es touché par une de ses balles, l'aiguille
tranquillisante restera coincée dans ton corps.
","Si tu es touché par une de ses balles, l'aiguille
tranquillisante restera coincée dans ton corps.
"
0x35880,"Tant que tu n'auras pas enlevé cette aiguille,
tu vas perdre rapidement de l'endurance.
","Tant que tu n'auras pas enlevé cette aiguille,
tu vas perdre rapidement de l'endurance.
"
0x358da,"Quand ton endurance aura atteint zéro, tu vas
perdre connaissance. Il faut que tu t'enlèves
cette aiguille!
","Quand ton endurance aura atteint zéro, tu vas
perdre connaissance. Il faut que tu t'enlèves
cette aiguille!
"
0x35949,"Pour t'enlever cette aiguille, ouvre GUERIR
dans le Visualiseur de survie et utilise ton
couteau.
","Pour t'enlever cette aiguille, ouvre GUERIR
dans le Visualiseur de survie et utilise ton
couteau.
"
0x359ac,"Tu ferais bien de t'en occuper avant de
t'évanouir. Maintenant, vas-y!
","Tu ferais bien de t'en occuper avant de
t'évanouir. Maintenant, vas-y!
"
0x359f5,"Si tu arrives à l'endroit où tu penses que The
End se cache et qu'il n'y est plus, n'abandonne
pas.
","Si tu arrives à l'endroit où tu penses que The
End se cache et qu'il n'y est plus, n'abandonne
pas.
"
0x35a5c,"Regarde le sol de plus près. Il aura
peut-être laissé des empreintes derrière lui.
Tu pourras alors savoir dans quelle direction il
est parti.
","Regarde le sol de plus près. Il aura
peut-être laissé des empreintes derrière lui.
Tu pourras alors savoir dans quelle direction il
est parti.
"
0x35af0,"Anticipe ses mouvements et passe derrière lui.
","Anticipe ses mouvements et passe derrière lui.
"
0x35b21,"Snake, tu as été pris dans un piège à collet?
Si tu restes là-haut, tu vas te faire tirer
dessus!
","Snake, tu as été pris dans un piège à collet?
Si tu restes là-haut, tu vas te faire tirer
dessus!
"
0x35b89,"Utilise la touche Action pour couper la corde et
te libérer du piège. Dépêche-toi avant qu'il
ne te trouve!
","Utilise la touche Action pour couper la corde et
te libérer du piège. Dépêche-toi avant qu'il
ne te trouve!
"
0x35bfa,"Les meilleurs endroits pour les tireurs
embusqués sont déterminés par
l'environnement naturel.
","Les meilleurs endroits pour les tireurs
embusqués sont déterminés par
l'environnement naturel.
"
0x35c5d,"The End pourra utiliser plusieurs fois les
mêmes endroits.
","The End pourra utiliser plusieurs fois les
mêmes endroits.
"
0x35c9a,"Mémorise les endroits qu'il choisit pour
s'embusquer et approche-toi de lui par
derrière.
","Mémorise les endroits qu'il choisit pour
s'embusquer et approche-toi de lui par
derrière.
"
0x35cf7,"Tu pourras voir les emplacements où The End
s'est mis en embuscade en affichant la CARTE
dans le Visualiseur de survie.
","Tu pourras voir les emplacements où The End
s'est mis en embuscade en affichant la CARTE
dans le Visualiseur de survie.
"
0x35d71,"Anticipe les endroits où il va s'embusquer et
approche-toi de lui par derrière ou par le
côté.
","Anticipe les endroits où il va s'embusquer et
approche-toi de lui par derrière ou par le
côté.
"
0x35dd5,"Snake, il semble que tu te sois évanoui après
avoir été touché par les balles tranquillisantes
de The End.
","Snake, il semble que tu te sois évanoui après
avoir été touché par les balles tranquillisantes
de The End.
"
0x35e46,"Ouais... mais pourquoi est-ce qu'il ne m'a pas
tué?
","Ouais... mais pourquoi est-ce qu'il ne m'a pas
tué?
"
0x35e7c,"Je ne sais pas. Mais à mon avis, il est toujours
à Sokrovenno.
","Je ne sais pas. Mais à mon avis, il est toujours
à Sokrovenno.
"
0x35ebe,"Tant que tu n'auras pas battu The End, tu ne
pourras pas atteindre les montagnes.
","Tant que tu n'auras pas battu The End, tu ne
pourras pas atteindre les montagnes.
"
0x35f11,"Snake, retourne à Sokrovenno. Et cette fois,
débarrasse-toi de lui!
","Snake, retourne à Sokrovenno. Et cette fois,
débarrasse-toi de lui!
"
0x35f58,"Snake, sois prudent. Les Ocelots ne t'ont-ils
pas tendu une embuscade dans cette forêt?
","Snake, sois prudent. Les Ocelots ne t'ont-ils
pas tendu une embuscade dans cette forêt?
"
0x35fb2,"Oui. Et il paraît qu'ils ont aussi des snipers.
","Oui. Et il paraît qu'ils ont aussi des snipers.
"
0x35fe4,"Les Ocelots sont une unité d'élite triée sur le
volet dans les rangs du GRU. Ils ne vont pas
être faciles à affronter.
","Les Ocelots sont une unité d'élite triée sur le
volet dans les rangs du GRU. Ils ne vont pas
être faciles à affronter.
"
0x36061,"Utilise ton camouflage pour éviter d'être vu.
Avance avec prudence.
","Utilise ton camouflage pour éviter d'être vu.
Avance avec prudence.
"
0x360a8,"Ton objectif premier est de grimper sur les
montagnes pour retrouver EVA. Il n'est pas
nécessaire d'affronter les Ocelots au combat.
","Ton objectif premier est de grimper sur les
montagnes pour retrouver EVA. Il n'est pas
nécessaire d'affronter les Ocelots au combat.
"
0x3612f,"Le puits qui mène aux montagnes est situé
dans la partie nord-est de la zone nord de
cette forêt.
","Le puits qui mène aux montagnes est situé
dans la partie nord-est de la zone nord de
cette forêt.
"
0x36195,"Fais attention aux embuscades et prends la
direction nord-est.
","Fais attention aux embuscades et prends la
direction nord-est.
"
0x361d5,"Snake, fais attention aux embuscades des
Ocelots. Ils se cachent peut-être dans des
buissons ou des endroits similaires.
","Snake, fais attention aux embuscades des
Ocelots. Ils se cachent peut-être dans des
buissons ou des endroits similaires.
"
0x36250,"Assure-toi que tu es bien camouflé et avance
avec prudence.
","Assure-toi que tu es bien camouflé et avance
avec prudence.
"
0x3628e,"Les jumelles et l'Observation à la première
personne te seront utiles pour détecter la
présence de l'ennemi.
","Les jumelles et l'Observation à la première
personne te seront utiles pour détecter la
présence de l'ennemi.
"
0x36300,"Tu devrais aussi pouvoir utiliser ton détecteur
de mouvements, ton sonar actif et ton capteur
anti-personnel.
","Tu devrais aussi pouvoir utiliser ton détecteur
de mouvements, ton sonar actif et ton capteur
anti-personnel.
"
0x36370,"Tu peux aussi essayer d'utiliser ton micro
directionnel.
","Tu peux aussi essayer d'utiliser ton micro
directionnel.
"
0x363aa,"Les lunettes thermiques devraient aussi être
efficaces.
","Les lunettes thermiques devraient aussi être
efficaces.
"
0x363e4,"Snake, Para-Medic a un truc à te dire.
","Snake, Para-Medic a un truc à te dire.
"
0x3640d,"Snake, ces montagnes sont très élevées.
","Snake, ces montagnes sont très élevées.
"
0x36439,"Cela veut dire que la teneur en oxygène est
moins importante qu'à la normale.
","Cela veut dire que la teneur en oxygène est
moins importante qu'à la normale.
"
0x3648a,"Quand il y a moins d'oxygène dans l'air, tu
respires aussi moins d'oxygène
","Quand il y a moins d'oxygène dans l'air, tu
respires aussi moins d'oxygène
"
0x364d8,"et la teneur en oxygène de ton sang diminue.
","et la teneur en oxygène de ton sang diminue.
"
0x36507,"En d'autres termes, cela risque de provoquer
une hypoxie.
","En d'autres termes, cela risque de provoquer
une hypoxie.
"
0x36542,"L'hypoxie est une condition très grave. Au pire,
elle peut engendrer un oedème pulmonaire ou
cérébral.
","L'hypoxie est une condition très grave. Au pire,
elle peut engendrer un oedème pulmonaire ou
cérébral.
"
0x365ae,"Tu n'as pas à t'inquiéter pour l'instant, mais
fais quand même attention.
","Tu n'as pas à t'inquiéter pour l'instant, mais
fais quand même attention.
"
0x365fc,"Mais... de quoi je dois faire attention?
","Mais... de quoi je dois faire attention?
"
0x36626,"A haute altitude, tu vas te fatiguer plus
rapidement qu'à la normale.
","A haute altitude, tu vas te fatiguer plus
rapidement qu'à la normale.
"
0x3666e,"OK.
","OK.
"
0x36673,"Snake, grimper une montagne utilise déjà
beaucoup d'endurance. En plus, l'air a moins
d'oxygène en altitude.
","Snake, grimper une montagne utilise déjà
beaucoup d'endurance. En plus, l'air a moins
d'oxygène en altitude.
"
0x366e4,"En ce moment, tu utilises beaucoup plus
d'endurance que d'habitude.
","En ce moment, tu utilises beaucoup plus
d'endurance que d'habitude.
"
0x36729,"Garde un œil sur ta Jauge d'endurance.
Mange quelque chose pour récupérer de
l'endurance avant d'être trop fatigué.
","Garde un œil sur ta Jauge d'endurance.
Mange quelque chose pour récupérer de
l'endurance avant d'être trop fatigué.
"
0x367a3,"Snake, attention aux ennemis qui portent des
lance-flammes.
","Snake, attention aux ennemis qui portent des
lance-flammes.
"
0x367e0,"Tu ne dois en aucun cas t'approcher des
soldats équipés de lance-flammes.
","Tu ne dois en aucun cas t'approcher des
soldats équipés de lance-flammes.
"
0x3682d,"Approche-toi d'eux sans être vu ou
débarrasse-toi d'eux à distance.
","Approche-toi d'eux sans être vu ou
débarrasse-toi d'eux à distance.
"
0x36875,"Si tu reçois un coup de lance-flammes, ton
corps prendra feu.
","Si tu reçois un coup de lance-flammes, ton
corps prendra feu.
"
0x368b5,"Si ton corps prend feu, fais plusieurs roulades
au sol pour l'éteindre
","Si ton corps prend feu, fais plusieurs roulades
au sol pour l'éteindre
"
0x368fe,"ou ouvre le Visualiseur de survie pour changer
de tenue.
","ou ouvre le Visualiseur de survie pour changer
de tenue.
"
0x36938,"Lorsque tu prends feu, tu va rapidement
brûler sauf si tu éteins très vite les flammes.
","Lorsque tu prends feu, tu va rapidement
brûler sauf si tu éteins très vite les flammes.
"
0x36994,"N'oublie pas d'éteindre immédiatement les
flammes, d'accord?
","N'oublie pas d'éteindre immédiatement les
flammes, d'accord?
"
0x369d4,"Si les ennemis te repèrent dans cette zone, ils
appelleront le Hind en renfort.
","Si les ennemis te repèrent dans cette zone, ils
appelleront le Hind en renfort.
"
0x36a26,"Le blindage du Hind résiste aux armes
conventionnelles comme les balles de fusil.
","Le blindage du Hind résiste aux armes
conventionnelles comme les balles de fusil.
"
0x36a7a,"Mais si tu t'empares de l'un des canons
anti-aériens de ces montagnes, tu devrais
pouvoir le descendre.
","Mais si tu t'empares de l'un des canons
anti-aériens de ces montagnes, tu devrais
pouvoir le descendre.
"
0x36ae4,"Tu peux aussi essayer d'utiliser le RPG-7.
","Tu peux aussi essayer d'utiliser le RPG-7.
"
0x36b10,"Qu'est-ce que tu pourrais utiliser d'autre contre
le Hind... J'imagine qu'un lance-roquettes ferait
l'affaire...
","Qu'est-ce que tu pourrais utiliser d'autre contre
le Hind... J'imagine qu'un lance-roquettes ferait
l'affaire...
"
0x36b82,"On dirait que de là-bas, il y a une vue
panoramique de Groznyj Grad. Tu ferais bien
de scruter la zone pendant qu'il est encore
temps.
","On dirait que de là-bas, il y a une vue
panoramique de Groznyj Grad. Tu ferais bien
de scruter la zone pendant qu'il est encore
temps.
"
0x36c0b,"Mais ne fais rien de trop visible. Rappelle-toi
que l'hélicoptère armé patrouille toujours la
zone.
","Mais ne fais rien de trop visible. Rappelle-toi
que l'hélicoptère armé patrouille toujours la
zone.
"
0x36c73,"The Fury est équipé d'un lance-flammes très
puissant. Quoi que tu fasses, pas d'attaque
frontale avec lui.
","The Fury est équipé d'un lance-flammes très
puissant. Quoi que tu fasses, pas d'attaque
frontale avec lui.
"
0x36ce2,"Passe derrière lui pour l'attaquer.
","Passe derrière lui pour l'attaquer.
"
0x36d08,"Tu n'iras pas très loin à tâtonner dans le
noir. Avant tout, tu dois pouvoir voir ce que tu
fais.
","Tu n'iras pas très loin à tâtonner dans le
noir. Avant tout, tu dois pouvoir voir ce que tu
fais.
"
0x36d6e,"Utilise tes lunettes de vision nocturne.
","Utilise tes lunettes de vision nocturne.
"
0x36d98,"Tu peux aussi essayer d'utiliser une torche ou
un cigare.
","Tu peux aussi essayer d'utiliser une torche ou
un cigare.
"
0x36dd3,"Le lance-flammes que porte The Fury est
particulièrement puissant. Quelles que soient
les circonstances, ne t'approche pas de lui par
devant.
","Le lance-flammes que porte The Fury est
particulièrement puissant. Quelles que soient
les circonstances, ne t'approche pas de lui par
devant.
"
0x36e63,"Ces flammes sont extrêmement puissantes.
Si tu te fais toucher à bout portant, tu auras
des brûlures très graves.
","Ces flammes sont extrêmement puissantes.
Si tu te fais toucher à bout portant, tu auras
des brûlures très graves.
"
0x36eda,"En cas de brûlures, ouvre immédiatement le
Visualiseur de survie et traite-les à l'aide de
GUERIR!
","En cas de brûlures, ouvre immédiatement le
Visualiseur de survie et traite-les à l'aide de
GUERIR!
"
0x36f41,"Si ton corps prend feu, fais plusieurs roulades
au sol pour l'éteindre.
","Si ton corps prend feu, fais plusieurs roulades
au sol pour l'éteindre.
"
0x36f8b,"Tu peux aussi ouvrir le Visualiseur de survie
pour changer de tenue.
","Tu peux aussi ouvrir le Visualiseur de survie
pour changer de tenue.
"
0x36fd1,"Alors si tu prends feu, éteins vite ces flammes!
","Alors si tu prends feu, éteins vite ces flammes!
"
0x37004,"Alors fais attention aux attaques volantes de
The Fury. Même s'il est loin, il peut se
rapprocher de toi en un instant.
","Alors fais attention aux attaques volantes de
The Fury. Même s'il est loin, il peut se
rapprocher de toi en un instant.
"
0x3707e,"Mais il devrait être vulnérable pendant un
instant au décollage et à l'atterrissage. C'est là
le bon moment!
","Mais il devrait être vulnérable pendant un
instant au décollage et à l'atterrissage. C'est là
le bon moment!
"
0x370f1,"Bravo, tu t'es infiltré dans l'aile est. Raikov
devrait être quelque part à l'intérieur de ce
bâtiment.
","Bravo, tu t'es infiltré dans l'aile est. Raikov
devrait être quelque part à l'intérieur de ce
bâtiment.
"
0x3715f,"Dégomme-le et vole ses vêtements!
","Dégomme-le et vole ses vêtements!
"
0x37184,"Mais tu ne pourras pas te balader dans la base
ennemie habillé comme ça.
","Mais tu ne pourras pas te balader dans la base
ennemie habillé comme ça.
"
0x371d0,"Habille-toi en scientifique pendant que tu
cherches Raikov.
","Habille-toi en scientifique pendant que tu
cherches Raikov.
"
0x3720d,"Raikov se trouve quelque part dans l'aile est.
Trouve-le et débarrasse-toi de lui!
","Raikov se trouve quelque part dans l'aile est.
Trouve-le et débarrasse-toi de lui!
"
0x37262,"Snake, tu as trouvé Raikov?
","Snake, tu as trouvé Raikov?
"
0x37280,"Oui. Mais il s'est échappé...
","Oui. Mais il s'est échappé...
"
0x372a1,"Quoi?!
","Quoi?!
"
0x372a9,"Désolé, Major. Je vais...
","Désolé, Major. Je vais...
"
0x372c6,"Arrête de blablater et va te débarrasser de
lui, et vite!
","Arrête de blablater et va te débarrasser de
lui, et vite!
"
0x37303,"OK... Mais...
","OK... Mais...
"
0x37312,"Qu'est-ce que tu attends? En route!
","Qu'est-ce que tu attends? En route!
"
0x37337,"Major, pourquoi vous vous emportez tout à
coup? Vous avez une dent contre ce type?
","Major, pourquoi vous vous emportez tout à
coup? Vous avez une dent contre ce type?
"
0x3738c,"Non... mais à chaque fois que je pense à ce
visage, ça me rend furieux. Pas toi?
","Non... mais à chaque fois que je pense à ce
visage, ça me rend furieux. Pas toi?
"
0x373e1,"...
","...
"
0x373e6,"Allez, en route! Débarrasse-toi de lui et vole
ses vêtements!
","Allez, en route! Débarrasse-toi de lui et vole
ses vêtements!
"
0x37427,"Bravo, tu t'es débarrassé de Raikov.
Maintenant, enlève-lui ses vêtements.
","Bravo, tu t'es débarrassé de Raikov.
Maintenant, enlève-lui ses vêtements.
"
0x37477,"Mais ne lui enlève pas ses vêtements ici, à
découvert. Ça serait bien trop voyant.
","Mais ne lui enlève pas ses vêtements ici, à
découvert. Ça serait bien trop voyant.
"
0x374d0,"Une fois habillé en Raikov, tu vas devoir
trouver un endroit où cacher le corps du vrai
Raikov.
","Une fois habillé en Raikov, tu vas devoir
trouver un endroit où cacher le corps du vrai
Raikov.
"
0x37533,"Il doit y avoir un endroit où tu dois pouvoir
prendre les vêtements de Raikov et cacher
son corps. Traîne le corps de Raikov par
là-bas.
","Il doit y avoir un endroit où tu dois pouvoir
prendre les vêtements de Raikov et cacher
son corps. Traîne le corps de Raikov par
là-bas.
"
0x375c1,"EVA aura peut-être une suggestion quant à
l'emplacement. Pose-lui la question.
","EVA aura peut-être une suggestion quant à
l'emplacement. Pose-lui la question.
"
0x37613,"Traîne le corps de Raikov dans les
vestiaires. Les vestiaires sont situés dans la
partie sud-est du deuxième étage.
","Traîne le corps de Raikov dans les
vestiaires. Les vestiaires sont situés dans la
partie sud-est du deuxième étage.
"
0x3768c,"Fais attention à ce que Raikov ne se réveille
pas pendant que tu le traînes. Et attention
de ne pas être vu pas des soldats ennemis
ou des scientifiques.
","Fais attention à ce que Raikov ne se réveille
pas pendant que tu le traînes. Et attention
de ne pas être vu pas des soldats ennemis
ou des scientifiques.
"
0x3772b,"Si quelqu'un trouve le cadavre de Raikov, tu
ne pourras plus te faire passer pour lui.
","Si quelqu'un trouve le cadavre de Raikov, tu
ne pourras plus te faire passer pour lui.
"
0x37783,"Quoi que tu fasses, ne les laisse pas trouver
son corps. C'est bien clair?
","Quoi que tu fasses, ne les laisse pas trouver
son corps. C'est bien clair?
"
0x377cf,"Je vois que tu as pris les vêtements de
Raikov.
","Je vois que tu as pris les vêtements de
Raikov.
"
0x37801,"Déguise-toi en Raikov et infiltre-toi dans l'aile
ouest où Sokolov est retenu prisonnier.
","Déguise-toi en Raikov et infiltre-toi dans l'aile
ouest où Sokolov est retenu prisonnier.
"
0x3785e,"Dans l'écran CAMOUFLAGE, sélectionne
OFFICIER dans UNIFORME pour mettre
l'uniforme de Raikov.
","Dans l'écran CAMOUFLAGE, sélectionne
OFFICIER dans UNIFORME pour mettre
l'uniforme de Raikov.
"
0x378bf,"Mais ça ne va pas suffire à passer pour
Raikov.
","Mais ça ne va pas suffire à passer pour
Raikov.
"
0x378f2,"Pour vraiment ressembler à Raikov, ton visage
devra ressembler au sien, pas seulement tes
vêtements.
","Pour vraiment ressembler à Raikov, ton visage
devra ressembler au sien, pas seulement tes
vêtements.
"
0x3795a,"Pour cela... Eh bien, je te laisse y réfléchir.
","Pour cela... Eh bien, je te laisse y réfléchir.
"
0x3798d,"Utilise le masque pour que ton visage
ressemble à celui de Raikov.
","Utilise le masque pour que ton visage
ressemble à celui de Raikov.
"
0x379d2,"Pour mettre le masque, sélectionne MASQUE
dans l'option VISAGE de l'écran
CAMOUFLAGE.
","Pour mettre le masque, sélectionne MASQUE
dans l'option VISAGE de l'écran
CAMOUFLAGE.
"
0x37a2b,"Major, je me suis déguisé en Raikov.
","Major, je me suis déguisé en Raikov.
"
0x37a53,"...
","...
"
0x37a58,"... Pas convaincant?
","... Pas convaincant?
"
0x37a6e,"Non.
","Non.
"
0x37a74,"Snake, tu ne pourras pas passer pour Raikov
en portant simplement ses vêtements.
","Snake, tu ne pourras pas passer pour Raikov
en portant simplement ses vêtements.
"
0x37ac7,"Ton visage devra également ressembler au
sien.
","Ton visage devra également ressembler au
sien.
"
0x37af8,"Il doit y avoir un moyen pour que ton visage
ressemble à celui de Raikov. Réfléchis, Snake.
","Il doit y avoir un moyen pour que ton visage
ressemble à celui de Raikov. Réfléchis, Snake.
"
0x37b58,"Ah, ton déguisement en Raikov est plutôt
convaincant.
","Ah, ton déguisement en Raikov est plutôt
convaincant.
"
0x37b91,"Oui. Sa propre mère ne verrait pas la
différence.
","Oui. Sa propre mère ne verrait pas la
différence.
"
0x37bc6,"En effet. Tu commences déjà à m'énerver.
","En effet. Tu commences déjà à m'énerver.
"
0x37bf4,"Pourquoi? Habillé comme ça, je devrais être
populaire.
","Pourquoi? Habillé comme ça, je devrais être
populaire.
"
0x37c2f,"Je n'en mettrais ma main au feu ... mais peu
importe.
","Je n'en mettrais ma main au feu ... mais peu
importe.
"
0x37c66,"Maintenant que tu ressembles au vrai Raikov,
tu vas pouvoir t'infiltrer dans l'aile ouest, à
laquelle seuls Volgin et Raikov ont accès.
","Maintenant que tu ressembles au vrai Raikov,
tu vas pouvoir t'infiltrer dans l'aile ouest, à
laquelle seuls Volgin et Raikov ont accès.
"
0x37cf1,"Dirige-toi vers l'aile ouest du laboratoire
d'armes. C'est là où Sokolov est retenu
prisonnier.
","Dirige-toi vers l'aile ouest du laboratoire
d'armes. C'est là où Sokolov est retenu
prisonnier.
"
0x37d54,"L'entrée de l'aile principale est au deuxième
étage de l'aile est.
","L'entrée de l'aile principale est au deuxième
étage de l'aile est.
"
0x37d9b,"Passe à l'ouest à travers l'aile principale et tu
arriveras à une coursive de connexion.
","Passe à l'ouest à travers l'aile principale et tu
arriveras à une coursive de connexion.
"
0x37df8,"L'aile ouest est de l'autre côté de cette
coursive.
","L'aile ouest est de l'autre côté de cette
coursive.
"
0x37e2f,"Infiltre-toi dans l'aile ouest et va secourir
Sokolov.
","Infiltre-toi dans l'aile ouest et va secourir
Sokolov.
"
0x37e67,"Une fois déguisé en Raikov, tu pourras
appuyer sur la touche Action pour faire un
salut militaire.
","Une fois déguisé en Raikov, tu pourras
appuyer sur la touche Action pour faire un
salut militaire.
"
0x37ecd,"Et si tu essayais de saluer les soldats et les
scientifiques?
","Et si tu essayais de saluer les soldats et les
scientifiques?
"
0x37f0c,"Maintenant que tu ressembles comme deux
gouttes d'eau à Raikov, personne ne te
soupçonnera.
","Maintenant que tu ressembles comme deux
gouttes d'eau à Raikov, personne ne te
soupçonnera.
"
0x37f6b,"Mais si on trouve Raikov dans le casier, ton
déguisement deviendra inutile.
","Mais si on trouve Raikov dans le casier, ton
déguisement deviendra inutile.
"
0x37fb9,"Si cela arrive, tu auras échoué dans ta
mission.
","Si cela arrive, tu auras échoué dans ta
mission.
"
0x37fed,"Quoi que tu fasses, n'ouvre pas le casier.
C'est bien clair?
","Quoi que tu fasses, n'ouvre pas le casier.
C'est bien clair?
"
0x3802b,"Tant que tu es déguisé en Raikov, tu pourras
aller n'importe où dans la forteresse et
personne ne se doutera de rien.
","Tant que tu es déguisé en Raikov, tu pourras
aller n'importe où dans la forteresse et
personne ne se doutera de rien.
"
0x380a5,"C'est peut-être donc le moment idéal pour
bien explorer cet endroit.
","C'est peut-être donc le moment idéal pour
bien explorer cet endroit.
"
0x380ed,"Snake, cette coursive mène à l'aile ouest, là
où Sokolov est détenu prisonnier.
","Snake, cette coursive mène à l'aile ouest, là
où Sokolov est détenu prisonnier.
"
0x38143,"Mais ces sentinelles sont les seules personnes
qui puissent ouvrir la porte de l'aile ouest.
","Mais ces sentinelles sont les seules personnes
qui puissent ouvrir la porte de l'aile ouest.
"
0x381a1,"Le seul moyen d'entrer dans l'aile ouest, c'est
de faire croire aux sentinelles que tu es Raikov
et de leur demander d'ouvrir la porte.
","Le seul moyen d'entrer dans l'aile ouest, c'est
de faire croire aux sentinelles que tu es Raikov
et de leur demander d'ouvrir la porte.
"
0x3822a,"Enfile vite l'uniforme de Raikov.
","Enfile vite l'uniforme de Raikov.
"
0x3824d,"Tu devrais pouvoir les tromper avec ce
déguisement. Fais-toi passer pour Raikov et
demande-leur d'ouvrir la porte.
","Tu devrais pouvoir les tromper avec ce
déguisement. Fais-toi passer pour Raikov et
demande-leur d'ouvrir la porte.
"
0x382c2,"D'abord, tu vas devoir te procurer les
vêtements de Raikov. Retourne à l'aile est
et descends-le.
","D'abord, tu vas devoir te procurer les
vêtements de Raikov. Retourne à l'aile est
et descends-le.
"
0x38327,"Quand même, quelle coïncidence étrange.
","Quand même, quelle coïncidence étrange.
"
0x38353,"Quelle coïncidence?
","Quelle coïncidence?
"
0x38369,"Eh bien, le nom complet de Raikov, c'est Ivan
Raidenovitch Raikov.
","Eh bien, le nom complet de Raikov, c'est Ivan
Raidenovitch Raikov.
"
0x383ad,"Et alors?
","Et alors?
"
0x383b8,"Ivan est l'équivalent russe de John. Et un
diminutif courant de John est Jack.
","Ivan est l'équivalent russe de John. Et un
diminutif courant de John est Jack.
"
0x38409,"...
","...
"
0x3840e,"Tu sais, dans le folklore familial russe, le fils
cadet d'une famille est celui qui reçoit le pire
traitement,
","Tu sais, dans le folklore familial russe, le fils
cadet d'une famille est celui qui reçoit le pire
traitement,
"
0x3847f,"mais il est aussi plus intelligent que ses frères
aînés et il finit par être plus heureux dans
la vie. Ce fils s'appelle généralement Ivan.
","mais il est aussi plus intelligent que ses frères
aînés et il finit par être plus heureux dans
la vie. Ce fils s'appelle généralement Ivan.
"
0x38512,"Je n'ai pas de frères.
","Je n'ai pas de frères.
"
0x3852b,"Vraiment? J'aurais juré que tu en avais
plusieurs.
","Vraiment? J'aurais juré que tu en avais
plusieurs.
"
0x38560,"???
","???
"
0x38565,"Snake!
","Snake!
"
0x3856d,"... Major...
","... Major...
"
0x3857b,"Ça va...
","Ça va...
"
0x38586,"Je ne dirais pas que ça va... mais au moins, je
suis vivant.
","Je ne dirais pas que ça va... mais au moins, je
suis vivant.
"
0x385c5,"C'est déjà bien...
","C'est déjà bien...
"
0x385db,"Mais ils m'ont pris toutes mes armes et mon
équipement.
","Mais ils m'ont pris toutes mes armes et mon
équipement.
"
0x38615,"Eh bien, tu as toujours ta radio et tes
fournitures médicales.
","Eh bien, tu as toujours ta radio et tes
fournitures médicales.
"
0x38656,"Oui.
","Oui.
"
0x3865c,"Je me demande pourquoi?
","Je me demande pourquoi?
"
0x38675,"Peut-être que Volgin n'a pas encore fini
avec toi.
","Peut-être que Volgin n'a pas encore fini
avec toi.
"
0x386aa,"Oui, eh bien moi, je n'ai pas fini avec lui.
","Oui, eh bien moi, je n'ai pas fini avec lui.
"
0x386d8,"Snake, tu dois pouvoir t'échapper de cette
cellule. Il doit bien y avoir un moyen.
Réfléchis.
","Snake, tu dois pouvoir t'échapper de cette
cellule. Il doit bien y avoir un moyen.
Réfléchis.
"
0x3873a,"La porte de cette cellule semble s'ouvrir en
réponse à une fréquence radio bien précise.
","La porte de cette cellule semble s'ouvrir en
réponse à une fréquence radio bien précise.
"
0x38798,"Tu l'as peut-être déjà vue ou entendue
quelque part?
","Tu l'as peut-être déjà vue ou entendue
quelque part?
"
0x387d1,"Je ne crois pas.
","Je ne crois pas.
"
0x387e3,"C'est dommage...
","C'est dommage...
"
0x387f5,"...
","...
"
0x387fa,"Enfin, je sais que tu l'as vu. Je m'en rappelle.
","Enfin, je sais que tu l'as vu. Je m'en rappelle.
"
0x3882c,"Alors, qu'est-ce que c'était?
","Alors, qu'est-ce que c'était?
"
0x3884c,"...
","...
"
0x38851,"Vous ne vous en rappelez pas non plus, c'est
ça?
","Vous ne vous en rappelez pas non plus, c'est
ça?
"
0x38884,"Non, je m'en souviens... ça m'est juste... sorti
de la tête.
","Non, je m'en souviens... ça m'est juste... sorti
de la tête.
"
0x388c4,"...
","...
"
0x388c9,"Snake, maintenant, je m'en souviens. La
fréquence était le 144.75, j'en suis sûr.
","Snake, maintenant, je m'en souviens. La
fréquence était le 144.75, j'en suis sûr.
"
0x3891f,"Mets-toi en face de la porte et utilise ta radio
pour ENVOYER un signal sur la fréquence
144.75.
","Mets-toi en face de la porte et utilise ta radio
pour ENVOYER un signal sur la fréquence
144.75.
"
0x38982,"Major, j'ai sorti la balle avec laquelle The Boss
m'avait touché...
","Major, j'ai sorti la balle avec laquelle The Boss
m'avait touché...
"
0x389c8,"Oui?
","Oui?
"
0x389ce,"Il y avait une pilule de mort simulée à
l'intérieur.
","Il y avait une pilule de mort simulée à
l'intérieur.
"
0x38a07,"Une pilule de mort simulée?
","Une pilule de mort simulée?
"
0x38a25,"Oui. Qu'est-ce que ça veut dire...?
","Oui. Qu'est-ce que ça veut dire...?
"
0x38a4b,"Je n'en ai aucune idée.
","Je n'en ai aucune idée.
"
0x38a65,"Mais si c'est The Boss qui a fait ça, ça doit
vouloir dire quelque chose...
","Mais si c'est The Boss qui a fait ça, ça doit
vouloir dire quelque chose...
"
0x38ab4,"Je me demande si ce n'est pas pour t'aider à
t'échapper de ta cellule...?
","Je me demande si ce n'est pas pour t'aider à
t'échapper de ta cellule...?
"
0x38b01,"The Boss aurait voulu m'aider? Mais pourquoi?
","The Boss aurait voulu m'aider? Mais pourquoi?
"
0x38b30,"Si tu ne sais pas pourquoi, comment je suis
censé le savoir?
","Si tu ne sais pas pourquoi, comment je suis
censé le savoir?
"
0x38b6f,"...
","...
"
0x38b74,"Snake, le garde a ouvert la porte! Mets-le KO
et sors de là!!
","Snake, le garde a ouvert la porte! Mets-le KO
et sors de là!!
"
0x38bb4,"Snake, la porte de la cellule est ouverte. Il n'y
a pas de temps à perdre. Sors de là et vite!
","Snake, la porte de la cellule est ouverte. Il n'y
a pas de temps à perdre. Sors de là et vite!
"
0x38c16,"Snake, tu as dit que tu avais trouvé un
émetteur?
","Snake, tu as dit que tu avais trouvé un
émetteur?
"
0x38c4b,"Oui. Il était caché dans une blessure. Je crois
qu'Ocelot a fait ça.
","Oui. Il était caché dans une blessure. Je crois
qu'Ocelot a fait ça.
"
0x38c94,"Il s'attend sûrement à ce que je sorte de
là...
","Il s'attend sûrement à ce que je sorte de
là...
"
0x38cc8,"Alors tu ne dois pas le décevoir.
","Alors tu ne dois pas le décevoir.
"
0x38cec,"D'accord.
","D'accord.
"
0x38cf7,"Il devait s'attendre à ce que je m'échappe de
cette cellule...
","Il devait s'attendre à ce que je m'échappe de
cette cellule...
"
0x38d39,"Et tu ne l'auras pas déçu.
","Et tu ne l'auras pas déçu.
"
0x38d57,"Bien sûr que non...
","Bien sûr que non...
"
0x38d6d,"Major, je suis désolé... Sokolov, je n'ai pas
pu...
","Major, je suis désolé... Sokolov, je n'ai pas
pu...
"
0x38da4,"Arrête-toi là.
","Arrête-toi là.
"
0x38db6,"...
","...
"
0x38dbb,"Tu n'as pas pu lui porter secours. Mais cela ne
veut pas dire que ta mission a échoué.
","Tu n'as pas pu lui porter secours. Mais cela ne
veut pas dire que ta mission a échoué.
"
0x38e15,"EVA a dit qu'ils avaient terminé la Phase 2. Il
n'y a plus de temps à perdre. Tu dois à tout
prix détruire le Shagohod.
","EVA a dit qu'ils avaient terminé la Phase 2. Il
n'y a plus de temps à perdre. Tu dois à tout
prix détruire le Shagohod.
"
0x38e92,"... Ce sera notre dernier hommage à Sokolov.
","... Ce sera notre dernier hommage à Sokolov.
"
0x38ec1,"OK.
","OK.
"
0x38ec6,"Snake, qu'est-ce qui s'est passé?
","Snake, qu'est-ce qui s'est passé?
"
0x38eea,"... Major, nous sommes en quelle année?
","... Major, nous sommes en quelle année?
"
0x38f14,"Je te demande pardon?
","Je te demande pardon?
"
0x38f2b,"... Où suis-je?
","... Où suis-je?
"
0x38f3d,"Nous sommes en 1964. Tu es dans une cellule
à Groznyj Grad. Qu'est-ce qu'ils t'ont fait,
Snake? Forcé à boire un baril de vodka?
","Nous sommes en 1964. Tu es dans une cellule
à Groznyj Grad. Qu'est-ce qu'ils t'ont fait,
Snake? Forcé à boire un baril de vodka?
"
0x38fc2,"Non...
","Non...
"
0x38fca,"Tu sais, il paraît qu'à l'Est, ils ont de la
vodka à 98 degrés. En Angleterre, on n'appelle
pas ça 'de l'eau-de-vie'.
","Tu sais, il paraît qu'à l'Est, ils ont de la
vodka à 98 degrés. En Angleterre, on n'appelle
pas ça 'de l'eau-de-vie'.
"
0x39046,"Mais de l'acide sulfurique.
","Mais de l'acide sulfurique.
"
0x39063,"Imagine un peu tes organes internes,
lentement rongés alors que de la fumée sort
de ta bouche.
","Imagine un peu tes organes internes,
lentement rongés alors que de la fumée sort
de ta bouche.
"
0x390c5,"Vraiment Snake, tu ne devrais pas y toucher...
","Vraiment Snake, tu ne devrais pas y toucher...
"
0x390f5,"Etait-ce un rêve...
","Etait-ce un rêve...
"
0x3910b,"Un rêve? Eh bien, heureux de l'entendre. Et
moi qui me suis fait du souci toute la nuit pour
rien.
","Un rêve? Eh bien, heureux de l'entendre. Et
moi qui me suis fait du souci toute la nuit pour
rien.
"
0x39170,"C'était presque réel... Je tenais cette épée
dans ma main...
","C'était presque réel... Je tenais cette épée
dans ma main...
"
0x391b2,"Snake, ça va? Tu n'es pas en train de devenir
gaga?
","Snake, ça va? Tu n'es pas en train de devenir
gaga?
"
0x391e8,"Non, pas du tout. Je reviendrai, quelle que soit
la quantité d'acide sulfurique qu'ils me font
boire.
","Non, pas du tout. Je reviendrai, quelle que soit
la quantité d'acide sulfurique qu'ils me font
boire.
"
0x39250,"Je suis fier de toi! Je suis sûr que tu vas
arriver à sortir de là.
","Je suis fier de toi! Je suis sûr que tu vas
arriver à sortir de là.
"
0x39298,"Oui. A vous de faire de beaux rêves en
attendant de mes nouvelles.
","Oui. A vous de faire de beaux rêves en
attendant de mes nouvelles.
"
0x392dd,"The Boss t'a donné un revolver?
","The Boss t'a donné un revolver?
"
0x392ff,"Oui. Un Single Action Army.
","Oui. Un Single Action Army.
"
0x3931c,"Mais pourquoi?
","Mais pourquoi?
"
0x3932c,"... J'n'en suis pas sûr.
","... J'n'en suis pas sûr.
"
0x39347,"Hmm...
","Hmm...
"
0x3934f,"Peu importe... Et si tu l'utilisais pour tirer sur...
","Peu importe... Et si tu l'utilisais pour tirer sur...
"
0x39386,"Je ne peux pas.
","Je ne peux pas.
"
0x39397,"Pourquoi pas?
","Pourquoi pas?
"
0x393a6,"Je n'ai pas de balles.
","Je n'ai pas de balles.
"
0x393be,"Je vois... eh bien, tu en trouveras quand tu
sortiras.
","Je vois... eh bien, tu en trouveras quand tu
sortiras.
"
0x393f6,"Tu dois d'abord t'échapper de ta cellule. Il doit
bien y avoir un moyen. Ne baisse pas les bras.
","Tu dois d'abord t'échapper de ta cellule. Il doit
bien y avoir un moyen. Ne baisse pas les bras.
"
0x39459,"On dirait que l'ennemi a lâché des chiens
d'attaque dans les égouts.
","On dirait que l'ennemi a lâché des chiens
d'attaque dans les égouts.
"
0x394a2,"Sans arme digne de ce nom, il serait trop
dangereux d'attaquer ces chiens.
","Sans arme digne de ce nom, il serait trop
dangereux d'attaquer ces chiens.
"
0x394ee,"Evite ces chiens et continue à te diriger vers le
nord. C'est un ordre!
","Evite ces chiens et continue à te diriger vers le
nord. C'est un ordre!
"
0x39538,"Snake, sans vêtements, tu vas vraiment
ressentir le froid.
","Snake, sans vêtements, tu vas vraiment
ressentir le froid.
"
0x39575,"Le Major a raison. Ton endurance diminuera
bien plus rapidement si tu es nu. N'oublie pas
de manger régulièrement.
","Le Major a raison. Ton endurance diminuera
bien plus rapidement si tu es nu. N'oublie pas
de manger régulièrement.
"
0x395eb,"Snake, tu as perdu ton couteau CQC, donc tu
ne pourras plus utiliser le CQC. Tu ne pourras
pas non plus faire une prise à tes ennemis, ni
les faire tomber.
","Snake, tu as perdu ton couteau CQC, donc tu
ne pourras plus utiliser le CQC. Tu ne pourras
pas non plus faire une prise à tes ennemis, ni
les faire tomber.
"
0x39689,"Tu pourras toujours donner des coups de poing
en appuyant sur la touche CQC et lancer des
attaques combos en appuyant sur cette touche
plusieurs fois de suite.
","Tu pourras toujours donner des coups de poing
en appuyant sur la touche CQC et lancer des
attaques combos en appuyant sur cette touche
plusieurs fois de suite.
"
0x3972a,"Pour l'instant, tu vas devoir t'en contenter.
","Pour l'instant, tu vas devoir t'en contenter.
"
0x39759,"Snake, maintenant que tu n'as plus d'habits, tu
ne vas plus pouvoir te camoufler.
","Snake, maintenant que tu n'as plus d'habits, tu
ne vas plus pouvoir te camoufler.
"
0x397ac,"Souviens-toi des bases d'une mission
d'infiltration.
","Souviens-toi des bases d'une mission
d'infiltration.
"
0x397e2,"Reste en dehors de la ligne de visée de
l'ennemi et déplace-toi en passant de cachette
en cachette. Sois prudent.
","Reste en dehors de la ligne de visée de
l'ennemi et déplace-toi en passant de cachette
en cachette. Sois prudent.
"
0x39857,"Hein? Snake, regarde dans ton sac à dos.
","Hein? Snake, regarde dans ton sac à dos.
"
0x39882,"Mais enfin... Ma nourriture a disparu!
","Mais enfin... Ma nourriture a disparu!
"
0x398aa,"Major!! Bon sang, qu'est-ce qui se passe?!
","Major!! Bon sang, qu'est-ce qui se passe?!
"
0x398d6,"Ne me demande pas à moi. Demande à EVA.
","Ne me demande pas à moi. Demande à EVA.
"
0x39901,"EVA...!
","EVA...!
"
0x3990a,"Snake, tu dois poser les charges C3 sur les
cuves de carburant liquide.
","Snake, tu dois poser les charges C3 sur les
cuves de carburant liquide.
"
0x39953,"Il y a quatre cuves au total. Tu dois placer une
charge C3 sur chacune d'entre elles.
","Il y a quatre cuves au total. Tu dois placer une
charge C3 sur chacune d'entre elles.
"
0x399aa,"Les cuves doivent toutes se situer près du
Shagohod.
","Les cuves doivent toutes se situer près du
Shagohod.
"
0x399e1,"Il te reste encore trois cuves où poser du C3.
","Il te reste encore trois cuves où poser du C3.
"
0x39a12,"Il te reste encore deux cuves où poser du C3.
Dépêche-toi!
","Il te reste encore deux cuves où poser du C3.
Dépêche-toi!
"
0x39a51,"Encore une cuve. Tu y es presque.
","Encore une cuve. Tu y es presque.
"
0x39a74,"Snake, sois prudent quand tu t'approches des
cuves de carburant liquide.
","Snake, sois prudent quand tu t'approches des
cuves de carburant liquide.
"
0x39abe,"Apparemment, le moindre choc les ferait
exploser. N'utilise pas de grosses armes à feu
près des cuves.
","Apparemment, le moindre choc les ferait
exploser. N'utilise pas de grosses armes à feu
près des cuves.
"
0x39b28,"Snake, fais attention aux attaques électriques
de Volgin.
","Snake, fais attention aux attaques électriques
de Volgin.
"
0x39b64,"Si tu es touché en étant équipé d'une arme, le
choc va mettre le feu aux balles à l'intérieur du
chargeur et ton arme va exploser!
","Si tu es touché en étant équipé d'une arme, le
choc va mettre le feu aux balles à l'intérieur du
chargeur et ton arme va exploser!
"
0x39bee,"Mais il devrait être vulnérable après avoir
lancé une série d'attaques électriques.
","Mais il devrait être vulnérable après avoir
lancé une série d'attaques électriques.
"
0x39c49,"Evite ses attaques et tire dans son angle mort
ou attaque-le directement à coups de poing ou
en CQC.
","Evite ses attaques et tire dans son angle mort
ou attaque-le directement à coups de poing ou
en CQC.
"
0x39cb0,"Et n'oublie pas que le compte à rebours
continue avant l'explosion des C3.
","Et n'oublie pas que le compte à rebours
continue avant l'explosion des C3.
"
0x39cfd,"Quand il aura atteint zéro, tout sera terminé. Il
faudra l'achever avant qu'il n'atteigne zéro!
","Quand il aura atteint zéro, tout sera terminé. Il
faudra l'achever avant qu'il n'atteigne zéro!
"
0x39d61,"Et n'oublie pas que le compte à rebours
continue pour les détonateurs des C3.
","Et n'oublie pas que le compte à rebours
continue pour les détonateurs des C3.
"
0x39db2,"Tu dois battre Volgin et sortir de ce hangar
avant que le compteur n'atteigne zéro. Vas-y!
","Tu dois battre Volgin et sortir de ce hangar
avant que le compteur n'atteigne zéro. Vas-y!
"
0x39e0f,"Snake, ne t'occupe pas des Ocelots, là-bas en
haut. Essaie avant tout de battre Volgin!
","Snake, ne t'occupe pas des Ocelots, là-bas en
haut. Essaie avant tout de battre Volgin!
"
0x39e69,"Major, ils ont trouvé le C3...
","Major, ils ont trouvé le C3...
"
0x39e8a,"Je sais.
","Je sais.
"
0x39e94,"Mais je ne crois pas qu'ils ont trouvé toutes les
charges. Et si c'était le cas, ils ne seraient
peut-être pas capables de les désamorcer.
","Mais je ne crois pas qu'ils ont trouvé toutes les
charges. Et si c'était le cas, ils ne seraient
peut-être pas capables de les désamorcer.
"
0x39f24,"Ne t'inquiète pas des C3. Essaie avant tout de
battre Volgin!
","Ne t'inquiète pas des C3. Essaie avant tout de
battre Volgin!
"
0x39f64,"Snake, regarde le compte à rebours. Les
bombes vont bientôt exploser!
Débarrasse-toi de lui et vite!
","Snake, regarde le compte à rebours. Les
bombes vont bientôt exploser!
Débarrasse-toi de lui et vite!
"
0x39fcd,"Snake, ton objectif ultime est de t'échapper.
Pas la peine de battre absolument tous vos
ennemis.
","Snake, ton objectif ultime est de t'échapper.
Pas la peine de battre absolument tous vos
ennemis.
"
0x3a031,"Plutôt que d'attaquer les ennemis qui sont
derrière toi,
","Plutôt que d'attaquer les ennemis qui sont
derrière toi,
"
0x3a06d,"occupe-toi de ceux qui te bloquent le passage
en face de toi.
","occupe-toi de ceux qui te bloquent le passage
en face de toi.
"
0x3a0ac,"Les ennemis vont t'attaquer de toutes parts: à
l'avant et à l'arrière, à droite et à gauche.
","Les ennemis vont t'attaquer de toutes parts: à
l'avant et à l'arrière, à droite et à gauche.
"
0x3a10f,"Elimine-les en Observation à la première
personne. Ecoute attentivement ce que te dit
EVA!
","Elimine-les en Observation à la première
personne. Ecoute attentivement ce que te dit
EVA!
"
0x3a16d,"Attention à ces miradors. Evite que les gardes
ne vous tirent dessus de là-haut.
","Attention à ces miradors. Evite que les gardes
ne vous tirent dessus de là-haut.
"
0x3a1c1,"Si tu vois un ennemi dans l'un de ces
miradors, dégomme-le!
","Si tu vois un ennemi dans l'un de ces
miradors, dégomme-le!
"
0x3a1ff,"Snake, tu dois détruire tous les objets qui
bloquent le passage du side-car. Fais ce
qu'EVA te dit de faire!
","Snake, tu dois détruire tous les objets qui
bloquent le passage du side-car. Fais ce
qu'EVA te dit de faire!
"
0x3a26e,"Snake, garde un œil sur la Jauge de VIE
d'EVA! Si elle meurt, tu es fichu.
","Snake, garde un œil sur la Jauge de VIE
d'EVA! Si elle meurt, tu es fichu.
"
0x3a2bb,"Fais attention de ne pas tirer sur EVA par
erreur!
","Fais attention de ne pas tirer sur EVA par
erreur!
"
0x3a2ef,"Snake! Pourquoi est-ce que tu attaques EVA?!
","Snake! Pourquoi est-ce que tu attaques EVA?!
"
0x3a31d,"Mais tu pensais à quoi?! Je te croyais meilleur
que ça.
","Mais tu pensais à quoi?! Je te croyais meilleur
que ça.
"
0x3a358,"Je n'arrive pas à y croire, mec!! Tu as un
sacré toupet pour faire ça!
","Je n'arrive pas à y croire, mec!! Tu as un
sacré toupet pour faire ça!
"
0x3a3a3,"Ressaisis-toi et concentre-toi sur l'ennemi!
C'est un ordre!!
","Ressaisis-toi et concentre-toi sur l'ennemi!
C'est un ordre!!
"
0x3a3e2,"Tu peux faire exploser les barils un peu partout
dans la forteresse en leur tirant dessus. Ça
devrait retarder l'ennemi. Vise les barils!
","Tu peux faire exploser les barils un peu partout
dans la forteresse en leur tirant dessus. Ça
devrait retarder l'ennemi. Vise les barils!
"
0x3a46e,"Major, le Shagohod...!
","Major, le Shagohod...!
"
0x3a486,"Oui, je sais.
","Oui, je sais.
"
0x3a495,"Canarde le Shagohod avec ton RPG-7!
Même si tu n'arrives pas à le détruire, tu
devrais au moins le retarder.
","Canarde le Shagohod avec ton RPG-7!
Même si tu n'arrives pas à le détruire, tu
devrais au moins le retarder.
"
0x3a506,"Quoi que tu fasses, ne les laisse pas te
rattraper!!
","Quoi que tu fasses, ne les laisse pas te
rattraper!!
"
0x3a53c,"On dirait que le Shagohod a pris pas mal de
retard.
","On dirait que le Shagohod a pris pas mal de
retard.
"
0x3a571,"Tu es maintenant dans la zone des casernes.
Dans quelques instants, tu vas arriver sur la
piste de décollage nord de Groznyj Grad.
","Tu es maintenant dans la zone des casernes.
Dans quelques instants, tu vas arriver sur la
piste de décollage nord de Groznyj Grad.
"
0x3a5f6,"Continue! Tu y es presque!
","Continue! Tu y es presque!
"
0x3a612,"Major, nous allons nous diriger vers le pont
ferroviaire.
","Major, nous allons nous diriger vers le pont
ferroviaire.
"
0x3a64d,"Oui, à ce qu'il paraît. Vous allez faire
exploser le pont quand le Shagohod sera
dessus? Pas mal, votre plan.
","Oui, à ce qu'il paraît. Vous allez faire
exploser le pont quand le Shagohod sera
dessus? Pas mal, votre plan.
"
0x3a6be,"Laisse EVA conduire. Essaie avant tout de
repousser les ennemis à vos trousses. Vous
devez trouver un moyen d'arriver à ce pont!
","Laisse EVA conduire. Essaie avant tout de
repousser les ennemis à vos trousses. Vous
devez trouver un moyen d'arriver à ce pont!
"
0x3a742,"Bravo, vous êtes arrivés à la piste de
décollage. Le pont ferroviaire est juste en face.
Tenez bon jusqu'à ce que vous arriviez au
pont!
","Bravo, vous êtes arrivés à la piste de
décollage. Le pont ferroviaire est juste en face.
Tenez bon jusqu'à ce que vous arriviez au
pont!
"
0x3a7d1,"Snake, le Shagohod est derrière vous et il
s'approche! Il va vous rattraper si vous ne
faites rien!
","Snake, le Shagohod est derrière vous et il
s'approche! Il va vous rattraper si vous ne
faites rien!
"
0x3a837,"Canarde-le avec ton RPG-7! Même si tu ne
le détruis pas, tu pourras au moins le ralentir!
","Canarde-le avec ton RPG-7! Même si tu ne
le détruis pas, tu pourras au moins le ralentir!
"
0x3a894,"Snake, lorsque le Shagohod approche du pont,
commence à tirer sur ces bombes C3 placées
sur les traverses.
","Snake, lorsque le Shagohod approche du pont,
commence à tirer sur ces bombes C3 placées
sur les traverses.
"
0x3a902,"Utilise le SVD.
","Utilise le SVD.
"
0x3a913,"Les bombes C3 ont été posées sur les
supports à l'avant et au centre du pont.
","Les bombes C3 ont été posées sur les
supports à l'avant et au centre du pont.
"
0x3a966,"Il semble y avoir deux bombes au total.
","Il semble y avoir deux bombes au total.
"
0x3a98f,"Il semble qu'EVA a posé trois bombes.
","Il semble qu'EVA a posé trois bombes.
"
0x3a9b7,"EVA a posé quatre bombes au total.
","EVA a posé quatre bombes au total.
"
0x3a9dc,"Encore trois bombes.
","Encore trois bombes.
"
0x3a9f2,"Encore deux bombes.
","Encore deux bombes.
"
0x3aa07,"Plus qu'une bombe.
","Plus qu'une bombe.
"
0x3aa1b,"Essaie avant tout d'atteindre ta cible. Tu dois
détruire le pont avant que le Shagohod n'arrive
de l'autre côté!
","Essaie avant tout d'atteindre ta cible. Tu dois
détruire le pont avant que le Shagohod n'arrive
de l'autre côté!
"
0x3aa90,"Tu seras écrasé si le Shagohod arrive de
l'autre côté!
","Tu seras écrasé si le Shagohod arrive de
l'autre côté!
"
0x3aacc,"D'un autre côté, si tu le fais sauter trop
tôt, le plan va aussi échouer.
","D'un autre côté, si tu le fais sauter trop
tôt, le plan va aussi échouer.
"
0x3ab1b,"Attends que le Shagohod soit sur le pont
ferroviaire pour tirer sur les bombes C3 et le
détruire.
","Attends que le Shagohod soit sur le pont
ferroviaire pour tirer sur les bombes C3 et le
détruire.
"
0x3ab7f,"Dépêche-toi, Snake! Le Shagohod va
bientôt arriver à l'autre bout du pont! Tire
sur les C3, et vite!!
","Dépêche-toi, Snake! Le Shagohod va
bientôt arriver à l'autre bout du pont! Tire
sur les C3, et vite!!
"
0x3abea,"Snake, le cadre arrière du Shagohod a été
détruit lorsque le pont s'est effondré.
","Snake, le cadre arrière du Shagohod a été
détruit lorsque le pont s'est effondré.
"
0x3ac42,"L'arrière du cadre avant est maintenant
exposé.
","L'arrière du cadre avant est maintenant
exposé.
"
0x3ac75,"Je parie que le Shagohod a un blindage moins
important à l'arrière. Je suis sûr que tu
pourras pénétrer le blindage avec le RPG-7.
","Je parie que le Shagohod a un blindage moins
important à l'arrière. Je suis sûr que tu
pourras pénétrer le blindage avec le RPG-7.
"
0x3acfe,"Attaque le Shagohod par derrière avec le
RPG-7!
","Attaque le Shagohod par derrière avec le
RPG-7!
"
0x3ad30,"La zone autour du blindage inférieur du
Shagohod semble aussi avoir subi des
dommages importants.
","La zone autour du blindage inférieur du
Shagohod semble aussi avoir subi des
dommages importants.
"
0x3ad94,"En frappant sa base avec le RPG-7 ou une
grenade, tu pourras le forcer à changer de
direction.
","En frappant sa base avec le RPG-7 ou une
grenade, tu pourras le forcer à changer de
direction.
"
0x3adf5,"Ça devrait alors être plus facile de passer
derrière lui. Vise la base!
","Ça devrait alors être plus facile de passer
derrière lui. Vise la base!
"
0x3ae41,"Snake, on dirait maintenant que Volgin utilise
sa propre électricité pour alimenter le
Shagohod.
","Snake, on dirait maintenant que Volgin utilise
sa propre électricité pour alimenter le
Shagohod.
"
0x3aea5,"Pour l'instant, le fait d'attaquer le Shagohod
n'aura pas beaucoup d'effet. Tu dois viser
Volgin en personne!
","Pour l'instant, le fait d'attaquer le Shagohod
n'aura pas beaucoup d'effet. Tu dois viser
Volgin en personne!
"
0x3af14,"Si tu attaques Volgin frontalement, il
repoussera les balles avec son champ
électromagnétique.
","Si tu attaques Volgin frontalement, il
repoussera les balles avec son champ
électromagnétique.
"
0x3af76,"Vise-le depuis l'arrière et sur les côtés!
","Vise-le depuis l'arrière et sur les côtés!
"
0x3afa5,"Tu devrais pouvoir ralentir les mouvements du
Shagohod en attaquant sa base. Vise la base
et immobilise-le!
","Tu devrais pouvoir ralentir les mouvements du
Shagohod en attaquant sa base. Vise la base
et immobilise-le!
"
0x3b012,"Un emplacement à mitrailleuse et un canon
anti-aérien ont été installés là-bas.
","Un emplacement à mitrailleuse et un canon
anti-aérien ont été installés là-bas.
"
0x3b069,"Ils devraient aussi lui infliger pas mal de
dommages. Mais ne reste pas trop longtemps
à cet endroit ou tu deviendras une cible facile.
","Ils devraient aussi lui infliger pas mal de
dommages. Mais ne reste pas trop longtemps
à cet endroit ou tu deviendras une cible facile.
"
0x3b0f3,"Si le Shagohod s'approche de trop près, quitte
immédiatement cet emplacement.
","Si le Shagohod s'approche de trop près, quitte
immédiatement cet emplacement.
"
0x3b144,"Snake, fais aussi attention à la VIE d'EVA. Si
elle meurt, tu ne pourras pas terminer ta
mission.
","Snake, fais aussi attention à la VIE d'EVA. Si
elle meurt, tu ne pourras pas terminer ta
mission.
"
0x3b1a8,"Fais attention à ce qu'EVA ne soit pas prise
dans les tirs croisés ou tu vas le regretter!
","Fais attention à ce qu'EVA ne soit pas prise
dans les tirs croisés ou tu vas le regretter!
"
0x3b206,"Snake, il faut que tu réussisses à arriver au
lac! Laisse EVA conduire, comme avant. Mais
reste vigilent. L'ennemi est toujours à vos
trousses!
","Snake, il faut que tu réussisses à arriver au
lac! Laisse EVA conduire, comme avant. Mais
reste vigilent. L'ennemi est toujours à vos
trousses!
"
0x3b29a,"Snake, il faut que tu trouves un moyen
d'arriver au lac! Elle... t'attend.
","Snake, il faut que tu trouves un moyen
d'arriver au lac! Elle... t'attend.
"
0x3b2e6,"Je sais.
","Je sais.
"
0x3b2f0,"Snake, tu dois tirer sur les branches et les
troncs d'arbres tombés qui bloquent votre
passage. Suis les instructions d'EVA!
","Snake, tu dois tirer sur les branches et les
troncs d'arbres tombés qui bloquent votre
passage. Suis les instructions d'EVA!
"
0x3b36f,"Fais également attention aux plateformes
volantes. Tu ne peux pas les laisser te tirer
dessus en l'air.
","Fais également attention aux plateformes
volantes. Tu ne peux pas les laisser te tirer
dessus en l'air.
"
0x3b3d9,"Ne les laisse pas t'approcher, sinon!
","Ne les laisse pas t'approcher, sinon!
"
0x3b400,"Snake, on dirait que le moteur a pris feu.
","Snake, on dirait que le moteur a pris feu.
"
0x3b42c,"Nous sommes aussi bientôt à court de
carburant.
","Nous sommes aussi bientôt à court de
carburant.
"
0x3b45f,"Mais nous n'avons plus qu'à aller au lac.
Encore un peu plus loin.
","Mais nous n'avons plus qu'à aller au lac.
Encore un peu plus loin.
"
0x3b4a4,"Tiens bon.
","Tiens bon.
"
0x3b4b0,"Snake, ça va?
","Snake, ça va?
"
0x3b4c0,"J'ai été mieux.
","J'ai été mieux.
"
0x3b4d3,"Et EVA, ça va?
","Et EVA, ça va?
"
0x3b4e4,"Je l'ai soignée. Elle s'en sortira.
","Je l'ai soignée. Elle s'en sortira.
"
0x3b50a,"Tant mieux...
","Tant mieux...
"
0x3b519,"Snake, reste sur tes gardes. L'ennemi est
toujours à vos trousses. Il devrait être là
d'une minute à l'autre.
","Snake, reste sur tes gardes. L'ennemi est
toujours à vos trousses. Il devrait être là
d'une minute à l'autre.
"
0x3b58c,"Si tu vas au sud-est d'où tu es, tu arriveras à
la route qui mène au lac. Emmène EVA avec
toi et prenez la direction sud-est.
","Si tu vas au sud-est d'où tu es, tu arriveras à
la route qui mène au lac. Emmène EVA avec
toi et prenez la direction sud-est.
"
0x3b60f,"Snake, mais qu'est-ce que tu fais? La
patrouille ennemie va être là d'une minute à
l'autre. Dirige-toi vers le sud-est et vite!
","Snake, mais qu'est-ce que tu fais? La
patrouille ennemie va être là d'une minute à
l'autre. Dirige-toi vers le sud-est et vite!
"
0x3b693,"Snake, prends les devants et fais une percée
dans la ligne de défense ennemie.
","Snake, prends les devants et fais une percée
dans la ligne de défense ennemie.
"
0x3b6e5,"Normalement, EVA devrait te suivre. Si tu te
couches sur ton ventre, elle fera pareil.
","Normalement, EVA devrait te suivre. Si tu te
couches sur ton ventre, elle fera pareil.
"
0x3b73d,"Si tu glisses ou tombes dans un ravin, elle te
suivra de près.
","Si tu glisses ou tombes dans un ravin, elle te
suivra de près.
"
0x3b77e,"Tu peux demander EVA de venir en appuyant
sur la touche Action.
","Tu peux demander EVA de venir en appuyant
sur la touche Action.
"
0x3b7bf,"Va en direction du lac avec EVA.
","Va en direction du lac avec EVA.
"
0x3b7e1,"Tu lui as donné un traitement, mais EVA est
toujours grièvement blessée. Ne t'éloigne pas
trop d'elle.
","Tu lui as donné un traitement, mais EVA est
toujours grièvement blessée. Ne t'éloigne pas
trop d'elle.
"
0x3b84d,"Si tu t'éloignes trop d'elle, elle risquerait de
s'asseoir et de se laisser aller.
","Si tu t'éloignes trop d'elle, elle risquerait de
s'asseoir et de se laisser aller.
"
0x3b8a2,"Assure-toi qu'EVA reste près de toi en te
dirigeant vers le lac.
","Assure-toi qu'EVA reste près de toi en te
dirigeant vers le lac.
"
0x3b8e5,"Snake, où est EVA? Tu t'es trop éloigné d'elle.
Retourne la chercher immédiatement.
","Snake, où est EVA? Tu t'es trop éloigné d'elle.
Retourne la chercher immédiatement.
"
0x3b93e,"Elle devrait être dans la direction est.
","Elle devrait être dans la direction est.
"
0x3b969,"Elle devrait être dans la direction ouest.
","Elle devrait être dans la direction ouest.
"
0x3b996,"Elle devrait être dans la direction sud.
","Elle devrait être dans la direction sud.
"
0x3b9c1,"Elle devrait être dans la direction nord.
","Elle devrait être dans la direction nord.
"
0x3b9ed,"Snake, si l'ennemi te rattrape, arrête-toi et
affronte-le pour t'en débarrasser. Cependant, il
n'est pas nécessaire de battre tous vos
ennemis.
","Snake, si l'ennemi te rattrape, arrête-toi et
affronte-le pour t'en débarrasser. Cependant, il
n'est pas nécessaire de battre tous vos
ennemis.
"
0x3ba81,"Dès que tu as réussi à les repousser, continue
à te diriger vers le lac.
","Dès que tu as réussi à les repousser, continue
à te diriger vers le lac.
"
0x3bacf,"Si tu trouves un tronc d'arbre creux ou des
buissons épais, cache-toi en attendant que
l'ennemi passe.
","Si tu trouves un tronc d'arbre creux ou des
buissons épais, cache-toi en attendant que
l'ennemi passe.
"
0x3bb38,"L'ennemi va peut-être prendre de l'avance
pour vous tendre une embuscade. Ouvre
toujours l'œil sur ton environnement.
","L'ennemi va peut-être prendre de l'avance
pour vous tendre une embuscade. Ouvre
toujours l'œil sur ton environnement.
"
0x3bbb1,"Utilise tes capteurs pour localiser tes ennemis.
","Utilise tes capteurs pour localiser tes ennemis.
"
0x3bbe3,"Snake, le lac est au nord-est de cette zone. Tu
y es presque. Prends la direction nord-est et
n'oublie pas EVA.
","Snake, le lac est au nord-est de cette zone. Tu
y es presque. Prends la direction nord-est et
n'oublie pas EVA.
"
0x3bc54,"Snake, qu'est-ce que tu fais?! EVA est en
danger! Dépêche-toi de la sauver!!
","Snake, qu'est-ce que tu fais?! EVA est en
danger! Dépêche-toi de la sauver!!
"
0x3bca4,"Snake, The Boss t'attend au lac.
","Snake, The Boss t'attend au lac.
"
0x3bcc6,"Je sais.
","Je sais.
"
0x3bcd0,"C'est tout ce que je peux te dire.
","C'est tout ce que je peux te dire.
"
0x3bcf4,"Remplis ta mission, Snake.
","Remplis ta mission, Snake.
"
0x3bd10,"...
","...
"
0x3bd15,"Oui.
","Oui.
"
0x3bd1b,"Snake, il est temps de remplir ta mission
finale.
","Snake, il est temps de remplir ta mission
finale.
"
0x3bd4e,"C'est là que tu vas prouver ta loyauté envers
ton pays... et peut-être envers elle aussi.
","C'est là que tu vas prouver ta loyauté envers
ton pays... et peut-être envers elle aussi.
"
0x3bdac,"Tu dois battre The Boss!
","Tu dois battre The Boss!
"
0x3bdc6,"La puissance de feu du pistolet Patriot de The
Boss est exceptionnelle. Dans un affrontement
direct, tu perdrais à coup sûr.
","La puissance de feu du pistolet Patriot de The
Boss est exceptionnelle. Dans un affrontement
direct, tu perdrais à coup sûr.
"
0x3be46,"Tu dois avant tout chercher à te cacher en
utilisant ton camouflage.
","Tu dois avant tout chercher à te cacher en
utilisant ton camouflage.
"
0x3be8d,"Trouve l'angle mort de The Boss, attend le
moment propice et attaque-la avec ton fusil ou
le CQC.
","Trouve l'angle mort de The Boss, attend le
moment propice et attaque-la avec ton fusil ou
le CQC.
"
0x3bef0,"Fais attention au pistolet Patriot de The Boss.
","Fais attention au pistolet Patriot de The Boss.
"
0x3bf21,"Tes attaques seront bien futiles face à une
puissance de feu si importante.
","Tes attaques seront bien futiles face à une
puissance de feu si importante.
"
0x3bf6f,"Attaque-la par derrière ou sur les côtés.
Utilise ton camouflage pour t'infiltrer dans son
angle mort!
","Attaque-la par derrière ou sur les côtés.
Utilise ton camouflage pour t'infiltrer dans son
angle mort!
"
0x3bfda,"Tu peux également ramper à travers les fleurs
en point de vue d'intrusion.
","Tu peux également ramper à travers les fleurs
en point de vue d'intrusion.
"
0x3c028,"Utilise cette technique pour te rendre
discrètement dans l'angle mort de The Boss.
","Utilise cette technique pour te rendre
discrètement dans l'angle mort de The Boss.
"
0x3c07d,"En Observation à la première personne, appuie
en même temps sur les touches Pas à
gauche et à droite pour relever la tête.
","En Observation à la première personne, appuie
en même temps sur les touches Pas à
gauche et à droite pour relever la tête.
"
0x3c0ff,"De cette façon, tu pourras vérifier la position
de The Boss en te déplaçant.
","De cette façon, tu pourras vérifier la position
de The Boss en te déplaçant.
"
0x3c151,"Ton détecteur de mouvements et ton sonar
actif pourront aussi t'être utiles.
","Ton détecteur de mouvements et ton sonar
actif pourront aussi t'être utiles.
"
0x3c1a1,"Approche-toi de The Boss par derrière sans te
faire remarquer.
","Approche-toi de The Boss par derrière sans te
faire remarquer.
"
0x3c1e2,"A proximité de The Boss, elle essaiera
sûrement de t'affronter en CQC.
","A proximité de The Boss, elle essaiera
sûrement de t'affronter en CQC.
"
0x3c22c,"En appuyant sur la touche CQC au moment
exact où The Boss t'attaque en CQC, tu
pourras parer cette attaque.
","En appuyant sur la touche CQC au moment
exact où The Boss t'attaque en CQC, tu
pourras parer cette attaque.
"
0x3c29a,"Si tu réussis, tu pourras te placer sur son
côté. C'est alors le bon moment pour
l'attaquer en CQC.
","Si tu réussis, tu pourras te placer sur son
côté. C'est alors le bon moment pour
l'attaquer en CQC.
"
0x3c302,"Mais si tu échoues, non seulement elle te fera
tomber, mais elle démontera aussi ton arme.
","Mais si tu échoues, non seulement elle te fera
tomber, mais elle démontera aussi ton arme.
"
0x3c360,"Regarde attentivement les mouvements de The
Boss. Tout est dans le timing!
","Regarde attentivement les mouvements de The
Boss. Tout est dans le timing!
"
0x3c3ac,"The Boss a donné l'ordre aux MiG de lancer
une attaque aérienne. Si tu n'as pas terminé la
bataille dans 10 minutes, vous serez tous les
deux réduits en miettes.
","The Boss a donné l'ordre aux MiG de lancer
une attaque aérienne. Si tu n'as pas terminé la
bataille dans 10 minutes, vous serez tous les
deux réduits en miettes.
"
0x3c453,"Tu dois battre The Boss avant l'arrivée des
MiG!
","Tu dois battre The Boss avant l'arrivée des
MiG!
"
0x3c486,"Dépêche-toi, Snake! Il ne te reste plus
beaucoup de temps!
","Dépêche-toi, Snake! Il ne te reste plus
beaucoup de temps!
"
0x3c4c4,"Je ne vais pas te laisser mourir avec elle!
Achève-la, Snake, et vite!
","Je ne vais pas te laisser mourir avec elle!
Achève-la, Snake, et vite!
"
0x3c50d,"Snake, ramasse l'une de ces boîtes à objets
au sol.
","Snake, ramasse l'une de ces boîtes à objets
au sol.
"
0x3c544,"L'une d'entre elles contient un revolver chargé.
","L'une d'entre elles contient un revolver chargé.
"
0x3c577,"Je parie que tu vas gagner, Snake! Ramasse
ce pistolet!!
","Je parie que tu vas gagner, Snake! Ramasse
ce pistolet!!
"
0x3c5b1,"Snake, un Indice de camouflage élevé ne te
permettra pas uniquement d'être plus
difficile à repérer pour l'ennemi.
","Snake, un Indice de camouflage élevé ne te
permettra pas uniquement d'être plus
difficile à repérer pour l'ennemi.
"
0x3c62a,"Plus tu te confondras à ton environnement,
plus tu seras difficile à atteindre.
","Plus tu te confondras à ton environnement,
plus tu seras difficile à atteindre.
"
0x3c67d,"Donc les tirs ennemis te louperont plus
souvent.
","Donc les tirs ennemis te louperont plus
souvent.
"
0x3c6af,"Fais tout ce que tu peux pour toujours garder
un Indice de camouflage élevé.
","Fais tout ce que tu peux pour toujours garder
un Indice de camouflage élevé.
"
0x3c6ff,"Snake, si tu fais tomber un nid de frelons, un
essaim va en sortir.
","Snake, si tu fais tomber un nid de frelons, un
essaim va en sortir.
"
0x3c744,"En l'utilisant bien, tu pourras semer la panique
chez l'ennemi, mais attention à ce que les
frelons ne t'attaquent pas.
","En l'utilisant bien, tu pourras semer la panique
chez l'ennemi, mais attention à ce que les
frelons ne t'attaquent pas.
"
0x3c7be,"Si des frelons t'attaquent, agite le joystick
analogique gauche dans tous les sens ou
brandis ton couteau pour les faire partir.
","Si des frelons t'attaquent, agite le joystick
analogique gauche dans tous les sens ou
brandis ton couteau pour les faire partir.
"
0x3c840,"Tu peux aussi essayer d'agiter une torche à
l'aide de la touche CQC.
","Tu peux aussi essayer d'agiter une torche à
l'aide de la touche CQC.
"
0x3c887,"La fumée te permettra également de te
débarrasser des frelons.
","La fumée te permettra également de te
débarrasser des frelons.
"
0x3c8ca,"Si tu es attaqué par des frelons, je te conseille
d'utiliser une grenade fumigène.
","Si tu es attaqué par des frelons, je te conseille
d'utiliser une grenade fumigène.
"
0x3c920,"Et si tu utilises l'insecticide, les frelons
devraient rester à distance tant que le produit
fait effet.
","Et si tu utilises l'insecticide, les frelons
devraient rester à distance tant que le produit
fait effet.
"
0x3c98b,"Les frelons s'agitent et deviennent agressifs en
voyant la couleur noire.
","Les frelons s'agitent et deviennent agressifs en
voyant la couleur noire.
"
0x3c9d6,"Leurs attaques seront plus virulentes si tu
portes du noir.
","Leurs attaques seront plus virulentes si tu
portes du noir.
"
0x3ca13,"Si tu es attaqué par des frelons, change de
tenue pour des habits blancs.
","Si tu es attaqué par des frelons, change de
tenue pour des habits blancs.
"
0x3ca5f,"Snake, c'est une opération d'infiltration en
solitaire.
","Snake, c'est une opération d'infiltration en
solitaire.
"
0x3ca99,"Aucun médecin ne viendra t'assister. Il va
falloir traiter tes blessures toi-même. C'est
bien clair?
","Aucun médecin ne viendra t'assister. Il va
falloir traiter tes blessures toi-même. C'est
bien clair?
"
0x3cb01,"J'ai eu une formation, mais je ne suis pas un
docteur...
","J'ai eu une formation, mais je ne suis pas un
docteur...
"
0x3cb3b,"C'est là que j'interviens.
","C'est là que j'interviens.
"
0x3cb58,"Pour traiter une blessure, appuie sur la touche
START pour ouvrir le Visualiseur de survie.
Puis sélectionne GUERIR pour commencer le
traitement.
","Pour traiter une blessure, appuie sur la touche
START pour ouvrir le Visualiseur de survie.
Puis sélectionne GUERIR pour commencer le
traitement.
"
0x3cbec,"La guérison est divisée en 2 parties: traitement
médicinal avec la touche fenêtre Objet
","La guérison est divisée en 2 parties: traitement
médicinal avec la touche fenêtre Objet
"
0x3cc49,"et traitement chirurgical avec la touche
fenêtre Arme.
","et traitement chirurgical avec la touche
fenêtre Arme.
"
0x3cc82,"Le traitement médicinal comprend
l'administration de médicaments par voie orale
et des injections de sérum.
","Le traitement médicinal comprend
l'administration de médicaments par voie orale
et des injections de sérum.
"
0x3ccf2,"Tu utiliseras cette méthode lors d'une
intoxication alimentaire ou si tu as été mordu
ou piqué par un animal venimeux.
","Tu utiliseras cette méthode lors d'une
intoxication alimentaire ou si tu as été mordu
ou piqué par un animal venimeux.
"
0x3cd6e,"En traitement chirurgical, tu devras utiliser la
chirurgie pour traiter les zones blessées.
","En traitement chirurgical, tu devras utiliser la
chirurgie pour traiter les zones blessées.
"
0x3cdcc,"Tu utiliseras cette méthode pour guérir tes
brûlures et tes blessures par balle.
","Tu utiliseras cette méthode pour guérir tes
brûlures et tes blessures par balle.
"
0x3ce21,"Si tu fais tout ça, tes blessures devraient
cicatriser complètement.
","Si tu fais tout ça, tes blessures devraient
cicatriser complètement.
"
0x3ce69,"Suis pas à pas les procédures qui te sont
données.
","Suis pas à pas les procédures qui te sont
données.
"
0x3cea0,"Snake, on dirait qu'ils ont des chiens d'attaque
dans ce secteur.
","Snake, on dirait qu'ils ont des chiens d'attaque
dans ce secteur.
"
0x3cee3,"Ces chiens ont suivi un dressage militaire pour
qu'ils assimilent des techniques de traque et
de combat.
","Ces chiens ont suivi un dressage militaire pour
qu'ils assimilent des techniques de traque et
de combat.
"
0x3cf4d,"Ils sont farouches en combat rapproché et
difficiles à repousser.
","Ils sont farouches en combat rapproché et
difficiles à repousser.
"
0x3cf92,"Leurs aboiements risquent aussi d'alerter les
patrouilles alentours de ta présence.
","Leurs aboiements risquent aussi d'alerter les
patrouilles alentours de ta présence.
"
0x3cfe8,"Fais attention à ce que ces chiens d'attaque
ne te voient pas.
","Fais attention à ce que ces chiens d'attaque
ne te voient pas.
"
0x3d029,"Les chiens d'attaque sont dangereux mais ils
ne peuvent pas grimper aux arbres. Si tu es
encerclé par des chiens d'attaque, grimpe à un
arbre.
","Les chiens d'attaque sont dangereux mais ils
ne peuvent pas grimper aux arbres. Si tu es
encerclé par des chiens d'attaque, grimpe à un
arbre.
"
0x3d0bb,"Les grenades fumigènes devraient également
être utiles.
","Les grenades fumigènes devraient également
être utiles.
"
0x3d0f7,"D'après EVA, ce secteur est surveillé par des
plateformes volantes.
","D'après EVA, ce secteur est surveillé par des
plateformes volantes.
"
0x3d13e,"Ce secteur semble être surveillé par des
plateformes volantes.
","Ce secteur semble être surveillé par des
plateformes volantes.
"
0x3d180,"Fais attention. De là-haut, leur champ de
vision est très important.
","Fais attention. De là-haut, leur champ de
vision est très important.
"
0x3d1c8,"Si une plateforme volante s'approche de toi,
plonge sous l'eau et cache-toi en attendant
qu'elle s'en aille.
","Si une plateforme volante s'approche de toi,
plonge sous l'eau et cache-toi en attendant
qu'elle s'en aille.
"
0x3d236,"Fais attention aux soldats ennemis qui portent
des boucliers.
","Fais attention aux soldats ennemis qui portent
des boucliers.
"
0x3d275,"Ces boucliers sont difficiles à détruire avec
juste un revolver ou un fusil d'assaut.
","Ces boucliers sont difficiles à détruire avec
juste un revolver ou un fusil d'assaut.
"
0x3d2ce,"Vise leurs pieds ou utilise une grenade.
","Vise leurs pieds ou utilise une grenade.
"
0x3d2f8,"C'est aussi parfois une bonne idée de prendre
le contrôle d'un emplacement à mitrailleuse.
","C'est aussi parfois une bonne idée de prendre
le contrôle d'un emplacement à mitrailleuse.
"
0x3d357,"Snake, attention aux soldats ennemis qui
portent des RPG-7.
","Snake, attention aux soldats ennemis qui
portent des RPG-7.
"
0x3d394,"Tu ne sortiras sûrement pas indemne d'une
explosion de roquette.
","Tu ne sortiras sûrement pas indemne d'une
explosion de roquette.
"
0x3d3d7,"Cependant, recharger un lance-roquettes prend
du temps. Utilise ce temps de recharge à ton
avantage.
","Cependant, recharger un lance-roquettes prend
du temps. Utilise ce temps de recharge à ton
avantage.
"
0x3d43e,"Snake, la nourriture que tu possèdes va finir
par pourrir.
","Snake, la nourriture que tu possèdes va finir
par pourrir.
"
0x3d47b,"Certains aliments pourrissent plus rapidement
que d'autres.
","Certains aliments pourrissent plus rapidement
que d'autres.
"
0x3d4b8,"Les animaux et les poissons pourrissent vite,
mais les plantes et les champignons se
conservent un peu plus longtemps.
","Les animaux et les poissons pourrissent vite,
mais les plantes et les champignons se
conservent un peu plus longtemps.
"
0x3d530,"Mais si tu captures des animaux vivants, ils ne
vont pas pourrir.
","Mais si tu captures des animaux vivants, ils ne
vont pas pourrir.
"
0x3d573,"Tu pourras voir si un aliment a pourri en
regardant de près son icône dans l'écran
NOURRITURE du Visualiseur de survie.
","Tu pourras voir si un aliment a pourri en
regardant de près son icône dans l'écran
NOURRITURE du Visualiseur de survie.
"
0x3d5ef,"Alors vérifie l'icône avant de manger
quelque chose.
","Alors vérifie l'icône avant de manger
quelque chose.
"
0x3d627,"Si tu manges de la nourriture avariée, tu vas
vomir et tu auras mal au ventre.
","Si tu manges de la nourriture avariée, tu vas
vomir et tu auras mal au ventre.
"
0x3d678,"Au bout d'un moment, tu iras mieux, mais
avant, tu devras vomir et perdre beaucoup
d'endurance.
","Au bout d'un moment, tu iras mieux, mais
avant, tu devras vomir et perdre beaucoup
d'endurance.
"
0x3d6d9,"Si tu as mal au ventre, utilise GUERIR dans
le Visualiseur de survie et prend un
médicament pour la digestion.
","Si tu as mal au ventre, utilise GUERIR dans
le Visualiseur de survie et prend un
médicament pour la digestion.
"
0x3d74a,"Les médicaments et antidotes contre le mal de
ventre ne sont pas le seul moyen de guérir
d'un mal de ventre ou d'une intoxication.
","Les médicaments et antidotes contre le mal de
ventre ne sont pas le seul moyen de guérir
d'un mal de ventre ou d'une intoxication.
"
0x3d7d0,"Tu peux aussi te faire vomir.
","Tu peux aussi te faire vomir.
"
0x3d7ef,"Ouvre le Visualiseur de Survie et appuie sur la
touche Visualisation pour accéder au mode
Visualisation.
","Ouvre le Visualiseur de Survie et appuie sur la
touche Visualisation pour accéder au mode
Visualisation.
"
0x3d85a,"Puis fais tourner le joystick analogique droit
pour tourner sur place. Au bout d'un certain
temps, tu auras le tournis.
","Puis fais tourner le joystick analogique droit
pour tourner sur place. Au bout d'un certain
temps, tu auras le tournis.
"
0x3d8d3,"Quand tu auras assez le tournis, quitte le
Visualiseur de survie et tu vomiras.
","Quand tu auras assez le tournis, quitte le
Visualiseur de survie et tu vomiras.
"
0x3d924,"Cela devrait te débarrasser de ton mal de
ventre ou de ton intoxication alimentaire. Tu
devrais essayer.
","Cela devrait te débarrasser de ton mal de
ventre ou de ton intoxication alimentaire. Tu
devrais essayer.
"
0x3d98f,"Snake, je vois que tu es dans l'eau.
","Snake, je vois que tu es dans l'eau.
"
0x3d9b5,"Une fois sous l'eau, les commandes sont très
différentes de celles utilisées à la surface.
","Une fois sous l'eau, les commandes sont très
différentes de celles utilisées à la surface.
"
0x3da15,"Le joystick analogique gauche contrôle la
direction à laquelle tu fais face. Appuie sur
Haut, Bas, Gauche et Droite pour tourner dans
cette direction.
","Le joystick analogique gauche contrôle la
direction à laquelle tu fais face. Appuie sur
Haut, Bas, Gauche et Droite pour tourner dans
cette direction.
"
0x3daaf,"Pour avancer, appuie sur la touche CQC ou la
touche Ramper.
","Pour avancer, appuie sur la touche CQC ou la
touche Ramper.
"
0x3daec,"A chaque fois que tu appuieras sur la touche,
tu feras un mouvement des bras. Appuie
plusieurs fois de suite sur la touche pour nager
plus vite.
","A chaque fois que tu appuieras sur la touche,
tu feras un mouvement des bras. Appuie
plusieurs fois de suite sur la touche pour nager
plus vite.
"
0x3db7e,"Tu peux aussi appuyer sur la touche Action
pour remonter à la surface en cas d'urgence.
","Tu peux aussi appuyer sur la touche Action
pour remonter à la surface en cas d'urgence.
"
0x3dbd8,"En nageant,
","En nageant,
"
0x3dbe5,"utilise le joystick analogique droit pour regarder
dans une autre direction sans changer de
direction.
","utilise le joystick analogique droit pour regarder
dans une autre direction sans changer de
direction.
"
0x3dc4d,"Snake, dans cet aqueduc, l'eau t'arrive à la
taille. Tu ne pourras donc pas marcher aussi
vite que d'habitude.
","Snake, dans cet aqueduc, l'eau t'arrive à la
taille. Tu ne pourras donc pas marcher aussi
vite que d'habitude.
"
0x3dcbe,"Mais tu pourras sauter dans l'eau en faisant
une roulade ou appuyer sur la touche Ramper
pour aller sous l'eau et nager.
","Mais tu pourras sauter dans l'eau en faisant
une roulade ou appuyer sur la touche Ramper
pour aller sous l'eau et nager.
"
0x3dd38,"Snake, récapitulons encore une fois les
commandes pour le CQC.
","Snake, récapitulons encore une fois les
commandes pour le CQC.
"
0x3dd79,"Appuie une fois sur la touche CQC pour
donner un coup de poing. Appuie plusieurs fois
pour faire une attaque combinée.
","Appuie une fois sur la touche CQC pour
donner un coup de poing. Appuie plusieurs fois
pour faire une attaque combinée.
"
0x3ddf2,"Tu comprendras la véritable utilité du CQC en
faisant une prise à ton ennemi.
","Tu comprendras la véritable utilité du CQC en
faisant une prise à ton ennemi.
"
0x3de44,"Appuie sur la touche CQC et maintiens-la
enfoncée pour tendre ton bras droit et faire
une prise à ton ennemi.
","Appuie sur la touche CQC et maintiens-la
enfoncée pour tendre ton bras droit et faire
une prise à ton ennemi.
"
0x3deb5,"En même temps, déplace le joystick
analogique gauche pour faire tomber ton
ennemi au sol.
","En même temps, déplace le joystick
analogique gauche pour faire tomber ton
ennemi au sol.
"
0x3df12,"Si tu ne déplaces pas le joystick analogique
gauche, tu pourras maintenir ton ennemi
prisonnier par derrière.
","Si tu ne déplaces pas le joystick analogique
gauche, tu pourras maintenir ton ennemi
prisonnier par derrière.
"
0x3df83,"En tenant ton ennemi prisonnier par derrière, il
sera presque totalement impuissant.
","En tenant ton ennemi prisonnier par derrière, il
sera presque totalement impuissant.
"
0x3dfda,"Dans cette position, tu as le choix entre
plusieurs options.
","Dans cette position, tu as le choix entre
plusieurs options.
"
0x3e018,"En appuyant fermement sur la touche CQC, tu
pourras lui trancher la gorge avec ton couteau.
","En appuyant fermement sur la touche CQC, tu
pourras lui trancher la gorge avec ton couteau.
"
0x3e075,"En déplaçant le joystick analogique gauche en
appuyant sur la touche CQC, tu pourras le
faire tomber.
","En déplaçant le joystick analogique gauche en
appuyant sur la touche CQC, tu pourras le
faire tomber.
"
0x3e0de,"Tu pourras aussi l'étouffer en appuyant
rapidement et de façon répétée sur la touche
CQC.
","Tu pourras aussi l'étouffer en appuyant
rapidement et de façon répétée sur la touche
CQC.
"
0x3e13e,"Tu peux le rendre KO ou le tuer: c'est à toi de
choisir.
","Tu peux le rendre KO ou le tuer: c'est à toi de
choisir.
"
0x3e179,"Si tu maintiens la touche CQC enfoncée, tu
pourras utiliser le joystick analogique gauche
pour te déplacer avec l'ennemi.
","Si tu maintiens la touche CQC enfoncée, tu
pourras utiliser le joystick analogique gauche
pour te déplacer avec l'ennemi.
"
0x3e1f6,"Tu peux aussi appuyer sur la touche Arme
pour utiliser l'arme dont tu es équipé.
","Tu peux aussi appuyer sur la touche Arme
pour utiliser l'arme dont tu es équipé.
"
0x3e24a,"L'ennemi hésitera à t'attaquer tant que tu
utilises l'un de leurs camarades comme
bouclier humain.
","L'ennemi hésitera à t'attaquer tant que tu
utilises l'un de leurs camarades comme
bouclier humain.
"
0x3e2b0,"Utilise ce moment d'hésitation pour attaquer en
Observation à la première personne.
","Utilise ce moment d'hésitation pour attaquer en
Observation à la première personne.
"
0x3e308,"Appuie sur la touche  pour interroger ton
ennemi.
","Appuie sur la touche  pour interroger ton
ennemi.
"
0x3e33e,"Tu seras surpris du nombre de choses que tu
pourras apprendre.
","Tu seras surpris du nombre de choses que tu
pourras apprendre.
"
0x3e37e,"Mais reste sur tes gardes. Si ton ennemi est
impuissant entre tes mains, il profitera de la
moindre occasion pour t'attaquer.
","Mais reste sur tes gardes. Si ton ennemi est
impuissant entre tes mains, il profitera de la
moindre occasion pour t'attaquer.
"
0x3e3fd,"Tu ne pourras faire une prise CQC à un
ennemi que si tu utilises une arme qui te laisse
la main droite libre,
","Tu ne pourras faire une prise CQC à un
ennemi que si tu utilises une arme qui te laisse
la main droite libre,
"
0x3e46d,"par exemple ton couteau de survie, ton
revolver ou si tu as les mains libres.
","par exemple ton couteau de survie, ton
revolver ou si tu as les mains libres.
"
0x3e4bc,"Tu ne pourras pas attraper tes ennemis si tu
es équipé d'une arme qu'il faut tenir à deux
mains,
","Tu ne pourras pas attraper tes ennemis si tu
es équipé d'une arme qu'il faut tenir à deux
mains,
"
0x3e521,"comme le fusil d'assaut, ou qui ne te laisse
pas la main droite libre pour contrôler ton
ennemi, comme une grenade à main.
","comme le fusil d'assaut, ou qui ne te laisse
pas la main droite libre pour contrôler ton
ennemi, comme une grenade à main.
"
0x3e59f,"Donc tu ne peux utiliser le CQC si tu es équipé
d'un fusil d'assaut ou d'une grenade à main.
","Donc tu ne peux utiliser le CQC si tu es équipé
d'un fusil d'assaut ou d'une grenade à main.
"
0x3e600,"Tu pourras voir si une arme est compatible
avec le CQC en regardant son icône.
","Tu pourras voir si une arme est compatible
avec le CQC en regardant son icône.
"
0x3e651,"Major, je fais quoi des débris du drone?
","Major, je fais quoi des débris du drone?
"
0x3e67c,"Laisse-les là où ils sont.
","Laisse-les là où ils sont.
"
0x3e69a,"Vous êtes sûr?
","Vous êtes sûr?
"
0x3e6ac,"Oui.
","Oui.
"
0x3e6b2,"Mais ce truc n'était pas classé secret-défense?
","Mais ce truc n'était pas classé secret-défense?
"
0x3e6e6,"Oui, en effet.
","Oui, en effet.
"
0x3e6f6,"Après l'incident de l'avion espion U2 il y a
quatre ans,
","Après l'incident de l'avion espion U2 il y a
quatre ans,
"
0x3e731,"on a décidé qu'à l'avenir, les missions
d'espionnage en Union Soviétique seraient
effectuées par des avions sans pilote.
","on a décidé qu'à l'avenir, les missions
d'espionnage en Union Soviétique seraient
effectuées par des avions sans pilote.
"
0x3e7b0,"Ce drone espion était le D21 - celui que tu as
rencontré est un de ses descendants.
","Ce drone espion était le D21 - celui que tu as
rencontré est un de ses descendants.
"
0x3e807,"Le D21 est basé sur un avion appelé le M21.
","Le D21 est basé sur un avion appelé le M21.
"
0x3e836,"Le M21 lui-même dérive du A-12,
","Le M21 lui-même dérive du A-12,
"
0x3e859,"un avion espion supersonique longue portée
actuellement développé pour remplacer ce U2.
","un avion espion supersonique longue portée
actuellement développé pour remplacer ce U2.
"
0x3e8b5,"Cependant, pour cette mission, nous avons
utilisé un YF-12A modifié, un avion
intercepteur longue portée dérivé du A-12.
","Cependant, pour cette mission, nous avons
utilisé un YF-12A modifié, un avion
intercepteur longue portée dérivé du A-12.
"
0x3e934,"Après avoir été lancé du navire-mère, ce drone
peut atteindre des vitesses supérieures à Mach
3 à haute altitude grâce à ses
statoréacteurs.
","Après avoir été lancé du navire-mère, ce drone
peut atteindre des vitesses supérieures à Mach
3 à haute altitude grâce à ses
statoréacteurs.
"
0x3e9cd,"Les missiles sol-air ne peuvent pas le détruire
et il ne peut quasiment pas être décelé par
les radars.
","Les missiles sol-air ne peuvent pas le détruire
et il ne peut quasiment pas être décelé par
les radars.
"
0x3ea3a,"Vu l'état d'alerte très élevé à Tselinoyarsk
après notre dernière escapade, c'était notre
seul moyen fiable pour t'infiltrer ici.
","Vu l'état d'alerte très élevé à Tselinoyarsk
après notre dernière escapade, c'était notre
seul moyen fiable pour t'infiltrer ici.
"
0x3eac5,"C'est de la technologie militaire classée
secret-défense. Je suis donc censé laisser tout
ça ici?
","C'est de la technologie militaire classée
secret-défense. Je suis donc censé laisser tout
ça ici?
"
0x3eb2c,"Exactement.
","Exactement.
"
0x3eb39,"Pourquoi?
","Pourquoi?
"
0x3eb44,"Le but de l'Opération Snake Eater est
d'envoyer un agent américain sur le terrain
pour éliminer un traître et un transfuge -
","Le but de l'Opération Snake Eater est
d'envoyer un agent américain sur le terrain
pour éliminer un traître et un transfuge -
"
0x3ebc6,"à savoir, The Boss.
","à savoir, The Boss.
"
0x3ebdc,"Dans le cadre de cette mission, nous voulons
aussi que les Soviétiques sachent ce que nous
faisons.
","Dans le cadre de cette mission, nous voulons
aussi que les Soviétiques sachent ce que nous
faisons.
"
0x3ec42,"Nous devons donc laisser quelques preuves
pour montrer que les Etats-Unis sont
impliqués.
","Nous devons donc laisser quelques preuves
pour montrer que les Etats-Unis sont
impliqués.
"
0x3ec9e,"Ne t'inquiète pas. Les composants sensibles
d'un point de vue technologique ont été conçus
pour s'auto-détruire à l'atterrissage.
","Ne t'inquiète pas. Les composants sensibles
d'un point de vue technologique ont été conçus
pour s'auto-détruire à l'atterrissage.
"
0x3ed27,"Tout ce que les Soviétiques vont trouver, c'est
un tas de métal fabriqué aux Etats-Unis.
","Tout ce que les Soviétiques vont trouver, c'est
un tas de métal fabriqué aux Etats-Unis.
"
0x3ed84,"J'ai compris. Une chose encore.
","J'ai compris. Une chose encore.
"
0x3eda5,"Qu'est-ce qu'il y a?
","Qu'est-ce qu'il y a?
"
0x3edbb,"Je crois qu'ils feraient bien de revoir les
amortisseurs. Il risque d'y avoir des blessés à
l'atterrissage.
","Je crois qu'ils feraient bien de revoir les
amortisseurs. Il risque d'y avoir des blessés à
l'atterrissage.
"
0x3ee2a,"Je leur transmettrai cette information.
","Je leur transmettrai cette information.
"
0x3ee53,"Les services d'espionnage soviétiques doivent
être en pleine rébellion après le transfuge de
The Boss.
","Les services d'espionnage soviétiques doivent
être en pleine rébellion après le transfuge de
The Boss.
"
0x3eebf,"La grande Voyevoda a abandonné l'Amérique
pour une liaison avec l'Union Soviétique.
","La grande Voyevoda a abandonné l'Amérique
pour une liaison avec l'Union Soviétique.
"
0x3ef17,"Voyevoda?
","Voyevoda?
"
0x3ef22,"Apparemment, c'est comme ça qu'ils appellent
The Boss derrière le rideau de fer.
","Apparemment, c'est comme ça qu'ils appellent
The Boss derrière le rideau de fer.
"
0x3ef76,"En russe, cela veut dire ""guerrier"" ou ""grand
soldat"". En référence à une femme, cela veut
dire un truc du genre ""Chevaleresse"".
","En russe, cela veut dire ""guerrier"" ou ""grand
soldat"". En référence à une femme, cela veut
dire un truc du genre ""Chevaleresse"".
"
0x3effb,"En Russie, où il y a eu beaucoup
d'impératrices tout au long de l'histoire, c'est
une marque de respect.
","En Russie, où il y a eu beaucoup
d'impératrices tout au long de l'histoire, c'est
une marque de respect.
"
0x3f067,"D'une certaine façon, c'est poétique.
","D'une certaine façon, c'est poétique.
"
0x3f090,"Les exploits de The Boss l'ont aussi rendue
célèbre à l'Est.
","Les exploits de The Boss l'ont aussi rendue
célèbre à l'Est.
"
0x3f0d1,"Major, pourquoi The Boss est passé à l'Est?
","Major, pourquoi The Boss est passé à l'Est?
"
0x3f100,"Je ne sais pas. Mais je vais te dire cela.
L'Amérique est impatiente de se débarrasser
d'elle.
","Je ne sais pas. Mais je vais te dire cela.
L'Amérique est impatiente de se débarrasser
d'elle.
"
0x3f162,"Que voulez-vous dire par-là?
","Que voulez-vous dire par-là?
"
0x3f181,"Elle connaît beaucoup trop de nos secrets.
","Elle connaît beaucoup trop de nos secrets.
"
0x3f1ae,"Si elle devait partager ces informations avec le
bloc soviétique, cela nous désavantagerait
grandement.
","Si elle devait partager ces informations avec le
bloc soviétique, cela nous désavantagerait
grandement.
"
0x3f219,"Cela pourrait même conduire à la chute de
l'Occident.
","Cela pourrait même conduire à la chute de
l'Occident.
"
0x3f252,"Même si nous survivons, The Boss sera
toujours un héros à nos yeux.
","Même si nous survivons, The Boss sera
toujours un héros à nos yeux.
"
0x3f29a,"Sa défection au camp soviétique affecterait
grandement le moral de nos compatriotes.
","Sa défection au camp soviétique affecterait
grandement le moral de nos compatriotes.
"
0x3f2f2,"On murmure même que, parmi les militaires,
certains des éléments les plus faibles pensent
suivre son exemple et passer à l'Est.
","On murmure même que, parmi les militaires,
certains des éléments les plus faibles pensent
suivre son exemple et passer à l'Est.
"
0x3f377,"Tu sais que, depuis ta dernière mission,
plusieurs figures clés de la CIA ont été placées
en résidence surveillée.
","Tu sais que, depuis ta dernière mission,
plusieurs figures clés de la CIA ont été placées
en résidence surveillée.
"
0x3f3f2,"Oui.
","Oui.
"
0x3f3f8,"La perte de The Boss s'est fait vivement
ressentir.
","La perte de The Boss s'est fait vivement
ressentir.
"
0x3f42d,"Et vous?
","Et vous?
"
0x3f437,"Moi? Je n'arrive toujours pas à y croire. En
tant que camarade, j'aurais eu plus confiance
envers elle qu'envers ma famille.
","Moi? Je n'arrive toujours pas à y croire. En
tant que camarade, j'aurais eu plus confiance
envers elle qu'envers ma famille.
"
0x3f4b6,"Mais avec le recul, The Boss était toujours
entourée d'un certain mystère.
","Mais avec le recul, The Boss était toujours
entourée d'un certain mystère.
"
0x3f505,"Mais je n'aurais jamais pensé que ça se
manifesterait de cette façon.
","Mais je n'aurais jamais pensé que ça se
manifesterait de cette façon.
"
0x3f54f,"...
","...
"
0x3f554,"Bon, ce n'est plus la peine d'avoir la larme à
l'œil. Maintenant, c'est notre ennemi et elle
mérite notre dédain.
","Bon, ce n'est plus la peine d'avoir la larme à
l'œil. Maintenant, c'est notre ennemi et elle
mérite notre dédain.
"
0x3f5cb,"C'est compris.
","C'est compris.
"
0x3f5db,"Major, c'était quoi cette tentation dont EVA a
parlé?
","Major, c'était quoi cette tentation dont EVA a
parlé?
"
0x3f614,"Dans l'Ancien Testament de la Bible, Eve a été
incitée par le serpent à manger le fruit de la
connaissance.
","Dans l'Ancien Testament de la Bible, Eve a été
incitée par le serpent à manger le fruit de la
connaissance.
"
0x3f685,"En mangeant ce fruit interdit, Adam et Eve ont
désobéi aux ordres divins et ont été expulsés
du Jardin d'Eden.
","En mangeant ce fruit interdit, Adam et Eve ont
désobéi aux ordres divins et ont été expulsés
du Jardin d'Eden.
"
0x3f6fa,"C'est donc le serpent qui a conduit l'humanité
au péché originel.
","C'est donc le serpent qui a conduit l'humanité
au péché originel.
"
0x3f740,"A y réfléchir, je me suis bien cassé une côte
pendant la Mission Vertueuse. EVA a
peut-être été créée à partir de là.
","A y réfléchir, je me suis bien cassé une côte
pendant la Mission Vertueuse. EVA a
peut-être été créée à partir de là.
"
0x3f7c2,"Mais c'est Eve qui a incité Adam à manger le
fruit interdit.
","Mais c'est Eve qui a incité Adam à manger le
fruit interdit.
"
0x3f802,"Vous travaillez ensemble, mais elle n'en
demeure pas moins un agent du KGB. Ne
baisse jamais la garde.
","Vous travaillez ensemble, mais elle n'en
demeure pas moins un agent du KGB. Ne
baisse jamais la garde.
"
0x3f86a,"Je n'en avais pas l'intention.
","Je n'en avais pas l'intention.
"
0x3f88a,"Major, j'apprécie le fait que vous m'autorisiez à
utiliser des armes, mais je ne devrais pas
aussi avoir quelques roubles?
","Major, j'apprécie le fait que vous m'autorisiez à
utiliser des armes, mais je ne devrais pas
aussi avoir quelques roubles?
"
0x3f908,"Tu veux dire des fausses devises?
","Tu veux dire des fausses devises?
"
0x3f92b,"Exactement.
","Exactement.
"
0x3f938,"Snake, tu te souviens de l'incident avec
Francis Gary Powers en 1960?
","Snake, tu te souviens de l'incident avec
Francis Gary Powers en 1960?
"
0x3f97f,"Envoyé en mission d'espionnage par la CIA,
Powers survolait l'espace aérien soviétique en
U2. Son avion a été descendu et il a été fait
prisonnier.
","Envoyé en mission d'espionnage par la CIA,
Powers survolait l'espace aérien soviétique en
U2. Son avion a été descendu et il a été fait
prisonnier.
"
0x3fa1b,"Il a avoué que la CIA était en train d'espionner
l'espace aérien soviétique.
","Il a avoué que la CIA était en train d'espionner
l'espace aérien soviétique.
"
0x3fa6d,"En conséquence, un Sommet USA-Union
Soviétique prévu 2 semaines plus tard a été
annulé.
","En conséquence, un Sommet USA-Union
Soviétique prévu 2 semaines plus tard a été
annulé.
"
0x3facc,"Oui, je me souviens.
","Oui, je me souviens.
"
0x3fae2,"Les pilotes d'U2 doivent porter sur eux des
objets destinés à masquer leur identité.
","Les pilotes d'U2 doivent porter sur eux des
objets destinés à masquer leur identité.
"
0x3fb3b,"Powers portait sur lui des roubles, des marks,
des lires et pièces d'or françaises.
","Powers portait sur lui des roubles, des marks,
des lires et pièces d'or françaises.
"
0x3fb92,"Il portait aussi deux montres en or et sept
alliances de femmes.
","Il portait aussi deux montres en or et sept
alliances de femmes.
"
0x3fbd4,"Tous ces objets étaient censés dissimuler ses
origines.
","Tous ces objets étaient censés dissimuler ses
origines.
"
0x3fc0f,"Mais pour cette mission, nous devons montrer
au régime de Khrouchtchev que l'Amérique est
impliquée.
","Mais pour cette mission, nous devons montrer
au régime de Khrouchtchev que l'Amérique est
impliquée.
"
0x3fc78,"Pas la peine de masquer tes origines. Et en
plus...
","Pas la peine de masquer tes origines. Et en
plus...
"
0x3fcad,"Ton objectif est de remplir cette mission. Tant
que tu n'es pas tué ou capturé, nous nous
occuperons nous-même des détails.
","Ton objectif est de remplir cette mission. Tant
que tu n'es pas tué ou capturé, nous nous
occuperons nous-même des détails.
"
0x3fd2e,"OK.
","OK.
"
0x3fd33,"Major, parlez-moi un peu de cette course à
l'espace.
","Major, parlez-moi un peu de cette course à
l'espace.
"
0x3fd6a,"En 1957, l'Union Soviétique a réussi à lancer
dans l'espace son premier satellite artificiel,
Spoutnik.
","En 1957, l'Union Soviétique a réussi à lancer
dans l'espace son premier satellite artificiel,
Spoutnik.
"
0x3fdd6,"Battus par les Soviétiques,
","Battus par les Soviétiques,
"
0x3fdf4,"les Américains accélèrent leur programme
spatial pour essayer de rattraper leur retard.
","les Américains accélèrent leur programme
spatial pour essayer de rattraper leur retard.
"
0x3fe50,"L'année suivante, les divers services des
programmes de développement spatial
","L'année suivante, les divers services des
programmes de développement spatial
"
0x3fea1,"ont été rassemblés pour créer la National
Aeronautics and Space Administration, ou
NASA.
","ont été rassemblés pour créer la National
Aeronautics and Space Administration, ou
NASA.
"
0x3feff,"La même année, le programme Mercury a
été lancé avec, pour objectif, d'envoyer
l'homme dans l'espace.
","La même année, le programme Mercury a
été lancé avec, pour objectif, d'envoyer
l'homme dans l'espace.
"
0x3ff6b,"Sept candidats ont été choisis parmi des
militaires pour devenir les premiers
astronautes. Ces hommes avaient ""l'étoffe des
héros"".
","Sept candidats ont été choisis parmi des
militaires pour devenir les premiers
astronautes. Ces hommes avaient ""l'étoffe des
héros"".
"
0x3fff4,"Mais comme tu le sais, c'était un cosmonaute
soviétique, Youri Gagarin, qui a été le premier
homme dans l'espace il y a trois ans.
","Mais comme tu le sais, c'était un cosmonaute
soviétique, Youri Gagarin, qui a été le premier
homme dans l'espace il y a trois ans.
"
0x4007c,"Le premier vol balistique réussi de la NASA a
eu lieu un mois après la mission de Gagarin,
","Le premier vol balistique réussi de la NASA a
eu lieu un mois après la mission de Gagarin,
"
0x400da,"le Freedom 7 emportant Alan Shepard dans
l'espace.
","le Freedom 7 emportant Alan Shepard dans
l'espace.
"
0x4010e,"Après cela, les Américains étant toujours
derrière les Soviétiques en terme de vol
orbital, le Président Kennedy a pris une
décision légendaire.
","Après cela, les Américains étant toujours
derrière les Soviétiques en terme de vol
orbital, le Président Kennedy a pris une
décision légendaire.
"
0x401a8,"L'Amérique allait envoyer un homme sur la
Lune avant la fin de la décennie.
","L'Amérique allait envoyer un homme sur la
Lune avant la fin de la décennie.
"
0x401f7,"Ah oui, j'ai entendu son discours. Mais
beaucoup de mes connaissances n'étaient pas
très contents d'entendre ça...
","Ah oui, j'ai entendu son discours. Mais
beaucoup de mes connaissances n'étaient pas
très contents d'entendre ça...
"
0x4026e,"Pour eux, personne n'allait partir en mission
pour faire sauter une satanée base lunaire.
","Pour eux, personne n'allait partir en mission
pour faire sauter une satanée base lunaire.
"
0x402ca,"Mais la recherche dans le domaine des fusées
est intimement liée à celle sur les missiles.
","Mais la recherche dans le domaine des fusées
est intimement liée à celle sur les missiles.
"
0x40329,"Essaie d'imaginer l'Union Soviétique capable
d'envoyer des vagues successives de missiles
nucléaires
","Essaie d'imaginer l'Union Soviétique capable
d'envoyer des vagues successives de missiles
nucléaires
"
0x40391,"sur Washington à partir d'une base lunaire.
","sur Washington à partir d'une base lunaire.
"
0x403bf,"Même si on est encore loin de la réalité...
","Même si on est encore loin de la réalité...
"
0x403ef,"Si nous ne sautons pas sur cette occasion,
nous ne le pourrons peut-être plus jamais.
Nous n'avons pas d'autre choix, nous devons
avancer, un pas après l'autre.
","Si nous ne sautons pas sur cette occasion,
nous ne le pourrons peut-être plus jamais.
Nous n'avons pas d'autre choix, nous devons
avancer, un pas après l'autre.
"
0x40493,"Le programme Gemini lancé il y a deux ans
représente l'étape initiale vers l'établissement
d'une base lunaire.
","Le programme Gemini lancé il y a deux ans
représente l'étape initiale vers l'établissement
d'une base lunaire.
"
0x40507,"Et pourtant...
","Et pourtant...
"
0x40517,"Je ne traiterais pas le Président Kennedy de
menteur, mais je ne vois pas comment, dans
six ans, l'homme pourra aller sur la Lune.
","Je ne traiterais pas le Président Kennedy de
menteur, mais je ne vois pas comment, dans
six ans, l'homme pourra aller sur la Lune.
"
0x4059c,"Je ne sais pas. Je ne croyais même pas
qu'on irait dans l'espace.
","Je ne sais pas. Je ne croyais même pas
qu'on irait dans l'espace.
"
0x405e0,"J'imagine qu'il suffit d'avoir assez de volonté
pour pouvoir y arriver.
","J'imagine qu'il suffit d'avoir assez de volonté
pour pouvoir y arriver.
"
0x4062a,"Tu as peut-être raison.
","Tu as peut-être raison.
"
0x40644,"A cause de l'incident nucléaire de la semaine
dernière, l'Union Soviétique est en alerte
orange.
","A cause de l'incident nucléaire de la semaine
dernière, l'Union Soviétique est en alerte
orange.
"
0x406a9,"Nous sommes à deux doigts d'un conflit
nucléaire.
","Nous sommes à deux doigts d'un conflit
nucléaire.
"
0x406de,"Defcon 2, hein.
","Defcon 2, hein.
"
0x406ef,"En langage américain, oui.
","En langage américain, oui.
"
0x4070c,"D'après les services d'espionnage occidentaux,
les éléments radicaux du commandement
soviétique commencent à s'impatienter.
","D'après les services d'espionnage occidentaux,
les éléments radicaux du commandement
soviétique commencent à s'impatienter.
"
0x4078e,"Ici, ils disent que nous sommes à deux doigts
de la Troisième Guerre mondiale.
","Ici, ils disent que nous sommes à deux doigts
de la Troisième Guerre mondiale.
"
0x407e0,"Et puisque le pouvoir de Khrouchtchev
s'affaiblit de jour en jour, je me demande s'il
va arriver à les retenir pendant...
","Et puisque le pouvoir de Khrouchtchev
s'affaiblit de jour en jour, je me demande s'il
va arriver à les retenir pendant...
"
0x4085c,"... Une semaine.
","... Une semaine.
"
0x4086e,"Oui. L'Amérique va devoir éliminer The Boss
pour prouver son ""innocence"". Il n'y a pas
d'autre moyen pour résoudre cette crise.
","Oui. L'Amérique va devoir éliminer The Boss
pour prouver son ""innocence"". Il n'y a pas
d'autre moyen pour résoudre cette crise.
"
0x408f2,"Notre avenir est entre tes mains, Snake.
","Notre avenir est entre tes mains, Snake.
"
0x4091c,"Tu ne peux pas échouer.
","Tu ne peux pas échouer.
"
0x40936,"...Je sais.
","...Je sais.
"
0x40943,"Je vois que tu t'es équipé des jumelles.
","Je vois que tu t'es équipé des jumelles.
"
0x4096f,"Ouaip. La reconnaissance est à la base de
toute mission d'infiltration.
","Ouaip. La reconnaissance est à la base de
toute mission d'infiltration.
"
0x409b9,"Est-ce qu'elles te sont utiles?
","Est-ce qu'elles te sont utiles?
"
0x409da,"Oui. Leurs performances sont excellentes et
elles sont faciles à utiliser. Ce sont vraiment
de bonnes jumelles.
","Oui. Leurs performances sont excellentes et
elles sont faciles à utiliser. Ce sont vraiment
de bonnes jumelles.
"
0x40a4c,"Ah bon. Sigint sera content d'entendre ça.
","Ah bon. Sigint sera content d'entendre ça.
"
0x40a79,"Pourquoi Sigint se préoccupe de cela?
","Pourquoi Sigint se préoccupe de cela?
"
0x40aa1,"C'est lui qui les a fabriquées.
","C'est lui qui les a fabriquées.
"
0x40ac3,"Maintenant, je comprends...
","Maintenant, je comprends...
"
0x40ae0,"Qu'est-ce que tu veux dire?
","Qu'est-ce que tu veux dire?
"
0x40afd,"Rien, oubliez...
","Rien, oubliez...
"
0x40b0f,"On dit qu'il a mis plus d'un an à les terminer.
","On dit qu'il a mis plus d'un an à les terminer.
"
0x40b41,"OK, ce sont de bonnes jumelles mais pourquoi
il a mis si longtemps? Pour polir les lentilles?
","OK, ce sont de bonnes jumelles mais pourquoi
il a mis si longtemps? Pour polir les lentilles?
"
0x40ba0,"Non, c'était pour leur style.
","Non, c'était pour leur style.
"
0x40bc0,"Leur style?
","Leur style?
"
0x40bcd,"Oui. Il disait toujours qu'il n'était pas satisfait
du design des jumelles.
","Oui. Il disait toujours qu'il n'était pas satisfait
du design des jumelles.
"
0x40c1b,"A cause de son obstination, nous avons
multiplié le budget initial par trois. J'espère
qu'il a préparé son testament avant que je
m'occupe de lui.
","A cause de son obstination, nous avons
multiplié le budget initial par trois. J'espère
qu'il a préparé son testament avant que je
m'occupe de lui.
"
0x40cb3,"...
","...
"
0x40cb8,"Cette Cynthia dont EVA a parlé était une
espionne célèbre qui a travaillé pour la
Grande-Bretagne pendant la Deuxième Guerre
mondiale.
","Cette Cynthia dont EVA a parlé était une
espionne célèbre qui a travaillé pour la
Grande-Bretagne pendant la Deuxième Guerre
mondiale.
"
0x40d46,"Elle s'appelait en fait Amy Elizabeth Thorpe.
","Elle s'appelait en fait Amy Elizabeth Thorpe.
"
0x40d75,"C'était une femme charmante et intelligente,
qui s'est servi de ses charmes pour soutirer
des secrets à l'ennemi.
","C'était une femme charmante et intelligente,
qui s'est servi de ses charmes pour soutirer
des secrets à l'ennemi.
"
0x40dea,"On dit que sa plus grande réussite, ça a été
d'obtenir les codes de la marine du
gouvernement de Vichy.
","On dit que sa plus grande réussite, ça a été
d'obtenir les codes de la marine du
gouvernement de Vichy.
"
0x40e57,"Mais ne tombe pas sous le charme d'EVA.
","Mais ne tombe pas sous le charme d'EVA.
"
0x40e80,"Je ferai attention.
","Je ferai attention.
"
0x40e95,"Snake, les soldats ennemis qui opèrent à
l'intérieur ne sont pas équipés de radios.
","Snake, les soldats ennemis qui opèrent à
l'intérieur ne sont pas équipés de radios.
"
0x40eef,"Pour communiquer avec le centre de
commande, ils utilisent les systèmes d'alarme
radio situés sur les murs.
","Pour communiquer avec le centre de
commande, ils utilisent les systèmes d'alarme
radio situés sur les murs.
"
0x40f5e,"Si un ennemi te repère, tu pourras éviter de
passer en phase d'Alerte en te débarrassant
de lui avant qu'il n'utilise le système d'alarme.
","Si un ennemi te repère, tu pourras éviter de
passer en phase d'Alerte en te débarrassant
de lui avant qu'il n'utilise le système d'alarme.
"
0x40fee,"Major.
","Major.
"
0x40ff6,"Oui?
","Oui?
"
0x40ffc,"Je me demandais... pourquoi on vous appelle
'Zéro'?
","Je me demandais... pourquoi on vous appelle
'Zéro'?
"
0x41032,"Qu'est-ce que tu veux dire par là?
","Qu'est-ce que tu veux dire par là?
"
0x41057,"On se connaît depuis longtemps, mais je ne
vous ai jamais demandé pourquoi on vous
appelait Zéro.
","On se connaît depuis longtemps, mais je ne
vous ai jamais demandé pourquoi on vous
appelait Zéro.
"
0x410bd,"Tu veux savoir d'où ça vient?
","Tu veux savoir d'où ça vient?
"
0x410de,"Oui. Si vous êtes d'accord.
","Oui. Si vous êtes d'accord.
"
0x410fc,"... en réalité, c'est un peu nostalgique.
","... en réalité, c'est un peu nostalgique.
"
0x41129,"Nostalgique?
","Nostalgique?
"
0x41137,"Le premier service d'espionnage britannique a
été établi en 1909.
","Le premier service d'espionnage britannique a
été établi en 1909.
"
0x4117d,"Un certain Mansfield George Smith Cumming
fut nommé à la tête des services
d'espionnage internationaux.
","Un certain Mansfield George Smith Cumming
fut nommé à la tête des services
d'espionnage internationaux.
"
0x411e9,"On l'appelait simplement 'C', en référence à la
première lettre de son nom.
","On l'appelait simplement 'C', en référence à la
première lettre de son nom.
"
0x4123a,"Depuis, en hommage à Cumming, les chefs
des SIS sont traditionnellement appelés 'C'.
","Depuis, en hommage à Cumming, les chefs
des SIS sont traditionnellement appelés 'C'.
"
0x41292,"Et le patron de James Bond s'appelle 'M'.
","Et le patron de James Bond s'appelle 'M'.
"
0x412bd,"Exactement. Moi-même, on m'appelait
autrefois 'O'.
","Exactement. Moi-même, on m'appelait
autrefois 'O'.
"
0x412f2,"Et c'est de là que vient 'Zéro'?
","Et c'est de là que vient 'Zéro'?
"
0x41316,"Exactement.
","Exactement.
"
0x41323,"Mais dans un sens, cela veut aussi dire un
fantôme, quelqu'un dont l'identité doit rester
secrète.
","Mais dans un sens, cela veut aussi dire un
fantôme, quelqu'un dont l'identité doit rester
secrète.
"
0x4138a,"Le patriarche des opérations d'infiltration en
solitaire.
","Le patriarche des opérations d'infiltration en
solitaire.
"
0x413c6,"Ah, c'est donc ça...
","Ah, c'est donc ça...
"
0x413dd,"Snake, si tu marches dans l'eau ou dans la
boue, tes pieds vont être mouillés.
","Snake, si tu marches dans l'eau ou dans la
boue, tes pieds vont être mouillés.
"
0x4142f,"Si c'est le cas, tu laisseras des traces de pas
derrière toi et l'ennemi risque de les suivre.
","Si c'est le cas, tu laisseras des traces de pas
derrière toi et l'ennemi risque de les suivre.
"
0x41490,"Essaie autant que possible de marcher dans la
boue ou dans l'eau.
","Essaie autant que possible de marcher dans la
boue ou dans l'eau.
"
0x414d3,"Cependant, si tes pieds sont mouillés, rampe
pour éviter de laisser des empreintes de pas.
","Cependant, si tes pieds sont mouillés, rampe
pour éviter de laisser des empreintes de pas.
"
0x41531,"Rampe si tu ne veux pas que les ennemis te
suivent à la trace.
","Rampe si tu ne veux pas que les ennemis te
suivent à la trace.
"
0x41572,"Snake, ces sentinelles sont les seules à
pouvoir ouvrir cette porte.
","Snake, ces sentinelles sont les seules à
pouvoir ouvrir cette porte.
"
0x415b9,"Tu ne pourras entrer dans l'aile ouest si tu te
débarrasses d'eux.
","Tu ne pourras entrer dans l'aile ouest si tu te
débarrasses d'eux.
"
0x415fe,"Tu vas devoir repartir et attendre que de
nouvelles sentinelles soient postées à cet
endroit.
","Tu vas devoir repartir et attendre que de
nouvelles sentinelles soient postées à cet
endroit.
"
0x4165f,"Major.
","Major.
"
0x41667,"Snake, ça va!?
","Snake, ça va!?
"
0x41678,"Oui.
","Oui.
"
0x4167e,"L'explosion a été un succès.
","L'explosion a été un succès.
"
0x4169f,"Oui, mais le hangar n'a toujours pas été
détruit.
","Oui, mais le hangar n'a toujours pas été
détruit.
"
0x416d5,"L'explosion a été moins importante que nous
l'avions espéré car les cuves à carburant n'ont
pas pris feu.
","L'explosion a été moins importante que nous
l'avions espéré car les cuves à carburant n'ont
pas pris feu.
"
0x41745,"Mais les cuves à carburant ont définitivement...
","Mais les cuves à carburant ont définitivement...
"
0x41779,"Tu te souviens que l'ennemi a repéré les C3
alors que tu étais occupé avec Volgin?
","Tu te souviens que l'ennemi a repéré les C3
alors que tu étais occupé avec Volgin?
"
0x417d1,"Ils ont dû alors appeler leur unité de
neutralisation des explosifs pour retirer le
carburant des cuves.
","Ils ont dû alors appeler leur unité de
neutralisation des explosifs pour retirer le
carburant des cuves.
"
0x4183d,"Et pourtant, le C3 aurait dû suffire à détruire
la chaîne de fabrication.
","Et pourtant, le C3 aurait dû suffire à détruire
la chaîne de fabrication.
"
0x4188c,"Ce sera probablement la dernière qu'ils
construisent. Tu as réussi à stopper sa
production à grande échelle.
","Ce sera probablement la dernière qu'ils
construisent. Tu as réussi à stopper sa
production à grande échelle.
"
0x418ff,"Snake, si tu arrives à détruire le Shagohod
piloté par Volgin, le monde sera un monde plus
sûr sans cette arme monstrueuse.
","Snake, si tu arrives à détruire le Shagohod
piloté par Volgin, le monde sera un monde plus
sûr sans cette arme monstrueuse.
"
0x41980,"Mais tu n'y arriveras pas avec les armes que
tu as sur toi. Tu vas devoir trouver un autre
plan d'action.
","Mais tu n'y arriveras pas avec les armes que
tu as sur toi. Tu vas devoir trouver un autre
plan d'action.
"
0x419eb,"Il est temps de repenser à ton plan d'attaque.
","Il est temps de repenser à ton plan d'attaque.
"
0x41a1c,"Commence par sortir de là. Tu dois te
débarrasser de tes poursuivants.
","Commence par sortir de là. Tu dois te
débarrasser de tes poursuivants.
"
0x41a66,"Snake, laisse EVA conduire.
","Snake, laisse EVA conduire.
"
0x41a83,"Essaie avant tout de repousser vos
poursuivants et de lui libérer le passage.
","Essaie avant tout de repousser vos
poursuivants et de lui libérer le passage.
"
0x41ad3,"N'aie pas peur d'être à court de munitions:
le side-car semble en être rempli.
","N'aie pas peur d'être à court de munitions:
le side-car semble en être rempli.
"
0x41b26,"Elimine tes ennemis en Observation à la
première personne!
","Elimine tes ennemis en Observation à la
première personne!
"
0x41b64,"Snake, si tu arrives à détruire le Shagohod
piloté par Volgin une fois arrivé au pont, le
monde sera un monde plus sûr sans cette
arme monstrueuse.
","Snake, si tu arrives à détruire le Shagohod
piloté par Volgin une fois arrivé au pont, le
monde sera un monde plus sûr sans cette
arme monstrueuse.
"
0x41bfe,"Maintenant, dépêche-toi d'aller à ce pont!
","Maintenant, dépêche-toi d'aller à ce pont!
"
0x41c2d,"Snake! Réponds-moi!
","Snake! Réponds-moi!
"
0x41c43,"Snake! Qu'est-ce qui s'est passé!?
","Snake! Qu'est-ce qui s'est passé!?
"
0x41c68,"Qu'est-ce qui se passe!? Snake!
","Qu'est-ce qui se passe!? Snake!
"
0x41c89,"Snake! Tout va bien!?
","Snake! Tout va bien!?
"
0x41ca0,"Snake!? Comment vas-tu!?
","Snake!? Comment vas-tu!?
"
