0x1ff0,"PERSONAL DATA [1/4]

CODENAME:MAJOR TOM
SEX:MALE
AGE:55
NATIONALITY:U.K
BIRTHDATE:8/12/1909
BIRTHPLACE:EXETER,ENG.
ADDRESS:PORTSMOUTH,NH.
","PERSONAL DATA [1/4]

CODENAME:MAJOR TOM
SEX:MALE
AGE:55
NATIONALITY:U.K
BIRTHDATE:8/12/1909
BIRTHPLACE:EXETER,ENG.
ADDRESS:PORTSMOUTH,NH.
"
0x207b,"PERSONAL DATA [1/4]

CODENAME:MAJOR ZERO
SEX:MALE
AGE:55
NATIONALITY:U.K
BIRTHDATE:8/12/1909
BIRTHPLACE:EXETER,ENG.
ADDRESS:PORTSMOUTH,NH.
","PERSONAL DATA [1/4]

CODENAME:MAJOR ZERO
SEX:MALE
AGE:55
NATIONALITY:U.K
BIRTHDATE:8/12/1909
BIRTHPLACE:EXETER,ENG.
ADDRESS:PORTSMOUTH,NH.
"
0x2107,"PERSONAL DATA [2/4]

HEIGHT:6% 5/8~
WEIGHT:174q
HAIR:GREY
EYE:GREYISH BLUE
SKIN:WHITE
VOICE:JIM PIDDOCK
MTN ACTR:TAKASHI KUBO
","PERSONAL DATA [2/4]

HEIGHT:6% 5/8~
WEIGHT:174q
HAIR:GREY
EYE:GREYISH BLUE
SKIN:WHITE
VOICE:JIM PIDDOCK
MTN ACTR:TAKASHI KUBO
"
0x2186,"PERSONAL DATA [3/4]

EYESIGHT:20/13
BLOOD TYPE:A
PAST ILLNESSES:GOUT
FAMILY:PARENTS,A SISTER
HOBBY:MOVIE,HUNTING
FVRT FOOD:SHEPHERD'S PIE
UNFVRT FOOD:HAMBURGER
","PERSONAL DATA [3/4]

EYESIGHT:20/13
BLOOD TYPE:A
PAST ILLNESSES:GOUT
FAMILY:PARENTS,A SISTER
HOBBY:MOVIE,HUNTING
FVRT FOOD:SHEPHERD'S PIE
UNFVRT FOOD:HAMBURGER
"
0x2227,"PERSONAL DATA [4/4]

FVRT MOVIE:SPY/WAR MOVIE
FVRT ANIMAL:HORSE
FVRT LIQUOR:WHISKEY
FVRT SPORT:RUGBY
FVRT TEA:DIMBULA
FVRT UMA:NESSIE
MOTTO:WHO DARES WINS
","PERSONAL DATA [4/4]

FVRT MOVIE:SPY/WAR MOVIE
FVRT ANIMAL:HORSE
FVRT LIQUOR:WHISKEY
FVRT SPORT:RUGBY
FVRT TEA:DIMBULA
FVRT UMA:NESSIE
MOTTO:WHO DARES WINS
"
0x22c3,"PERSONAL DATA [1/3]

CODENAME:MAJOR TOM
SEX:MALE
AGE:55
NATIONALITY:U.K
BIRTHDATE:8/12/1909
BIRTHPLACE:EXETER,ENG.
ADDRESS:PORTSMOUTH,NH.
","PERSONAL DATA [1/3]

CODENAME:MAJOR TOM
SEX:MALE
AGE:55
NATIONALITY:U.K
BIRTHDATE:8/12/1909
BIRTHPLACE:EXETER,ENG.
ADDRESS:PORTSMOUTH,NH.
"
0x234e,"PERSONAL DATA [1/3]

CODENAME:MAJOR ZERO
SEX:MALE
AGE:55
NATIONALITY:U.K
BIRTHDATE:8/12/1909
BIRTHPLACE:EXETER,ENG.
ADDRESS:PORTSMOUTH,NH.
","PERSONAL DATA [1/3]

CODENAME:MAJOR ZERO
SEX:MALE
AGE:55
NATIONALITY:U.K
BIRTHDATE:8/12/1909
BIRTHPLACE:EXETER,ENG.
ADDRESS:PORTSMOUTH,NH.
"
0x23da,"PERSONAL DATA [2/3]

HEIGHT:6% 5/8~
WEIGHT:174q
HAIR:GREY
EYE:GREYISH BLUE
SKIN:WHITE
VOICE:JIM PIDDOCK
MTN ACTR:TAKASHI KUBO
","PERSONAL DATA [2/3]

HEIGHT:6% 5/8~
WEIGHT:174q
HAIR:GREY
EYE:GREYISH BLUE
SKIN:WHITE
VOICE:JIM PIDDOCK
MTN ACTR:TAKASHI KUBO
"
0x2459,"PERSONAL DATA [3/3]

EYESIGHT:20/13
BLOOD TYPE:A
PAST ILLNESSES:GOUT
FAMILY:PARENTS,A SISTER
HOBBY:MOVIE,HUNTING
FVRT FOOD:SHEPHERD'S PIE
UNFVRT FOOD:HAMBURGER
","PERSONAL DATA [3/3]

EYESIGHT:20/13
BLOOD TYPE:A
PAST ILLNESSES:GOUT
FAMILY:PARENTS,A SISTER
HOBBY:MOVIE,HUNTING
FVRT FOOD:SHEPHERD'S PIE
UNFVRT FOOD:HAMBURGER
"
0x24fa,"PERSONAL DATA [1/2]

CODENAME:MAJOR TOM
SEX:MALE
AGE:55
NATIONALITY:U.K
BIRTHDATE:8/12/1909
BIRTHPLACE:EXETER,ENG.
ADDRESS:PORTSMOUTH,NH.
","PERSONAL DATA [1/2]

CODENAME:MAJOR TOM
SEX:MALE
AGE:55
NATIONALITY:U.K
BIRTHDATE:8/12/1909
BIRTHPLACE:EXETER,ENG.
ADDRESS:PORTSMOUTH,NH.
"
0x2585,"PERSONAL DATA [1/2]

CODENAME:MAJOR ZERO
SEX:MALE
AGE:55
NATIONALITY:U.K
BIRTHDATE:8/12/1909
BIRTHPLACE:EXETER,ENG.
ADDRESS:PORTSMOUTH,NH.
","PERSONAL DATA [1/2]

CODENAME:MAJOR ZERO
SEX:MALE
AGE:55
NATIONALITY:U.K
BIRTHDATE:8/12/1909
BIRTHPLACE:EXETER,ENG.
ADDRESS:PORTSMOUTH,NH.
"
0x2611,"PERSONAL DATA [2/2]

HEIGHT:6% 5/8~
WEIGHT:174q
HAIR:GREY
EYE:GREYISH BLUE
SKIN:WHITE
VOICE:JIM PIDDOCK
MTN ACTR:TAKASHI KUBO
","PERSONAL DATA [2/2]

HEIGHT:6% 5/8~
WEIGHT:174q
HAIR:GREY
EYE:GREYISH BLUE
SKIN:WHITE
VOICE:JIM PIDDOCK
MTN ACTR:TAKASHI KUBO
"
0x2690,"PERSONAL DATA [1/1]

CODENAME:MAJOR TOM
SEX:MALE
AGE:55
NATIONALITY:U.K
BIRTHDATE:8/12/1909
BIRTHPLACE:EXETER,ENG.
ADDRESS:PORTSMOUTH,NH.
","PERSONAL DATA [1/1]

CODENAME:MAJOR TOM
SEX:MALE
AGE:55
NATIONALITY:U.K
BIRTHDATE:8/12/1909
BIRTHPLACE:EXETER,ENG.
ADDRESS:PORTSMOUTH,NH.
"
0x271b,"PERSONAL DATA [1/1]

CODENAME:MAJOR ZERO
SEX:MALE
AGE:55
NATIONALITY:U.K
BIRTHDATE:8/12/1909
BIRTHPLACE:EXETER,ENG.
ADDRESS:PORTSMOUTH,NH.
","PERSONAL DATA [1/1]

CODENAME:MAJOR ZERO
SEX:MALE
AGE:55
NATIONALITY:U.K
BIRTHDATE:8/12/1909
BIRTHPLACE:EXETER,ENG.
ADDRESS:PORTSMOUTH,NH.
"
0x27a7,"PERSONAL DATA [1/1]

CODENAME:THE BOSS
SEX:FEMALE
AGE:UNKNOWN
NATIONALITY:U.S.A
BIRTHDATE:UNKNOWN
BIRTHPLACE:UNKNOWN
ADDRESS:UNKNOWN
","PERSONAL DATA [1/1]

CODENAME:THE BOSS
SEX:FEMALE
AGE:UNKNOWN
NATIONALITY:U.S.A
BIRTHDATE:UNKNOWN
BIRTHPLACE:UNKNOWN
ADDRESS:UNKNOWN
"
0x282d,"PERSONAL DATA [1/2]

CODENAME:THE BOSS
SEX:FEMALE
AGE:UNKNOWN
NATIONALITY:U.S.A
BIRTHDATE:UNKNOWN
BIRTHPLACE:UNKNOWN
ADDRESS:UNKNOWN
","PERSONAL DATA [1/2]

CODENAME:THE BOSS
SEX:FEMALE
AGE:UNKNOWN
NATIONALITY:U.S.A
BIRTHDATE:UNKNOWN
BIRTHPLACE:UNKNOWN
ADDRESS:UNKNOWN
"
0x28b3,"PERSONAL DATA [2/2]

HEIGHT:5% 10~
WEIGHT:UNKNOWN
HAIR:BROWNISH GREY
EYE:BLUE
VOICE:LORI ALAN
MTN ACTR:ERIKO HIRATA
BLOOD TYPE:UNKNOWN
","PERSONAL DATA [2/2]

HEIGHT:5% 10~
WEIGHT:UNKNOWN
HAIR:BROWNISH GREY
EYE:BLUE
VOICE:LORI ALAN
MTN ACTR:ERIKO HIRATA
BLOOD TYPE:UNKNOWN
"
0x293b,"PERSONAL DATA [1/4]

CODENAME:PARA-MEDIC
SEX:FEMALE
AGE:28
NATIONALITY:U.S.A
BIRTHDATE:6/22/1936
BIRTHPLACE:BOSTON,MA.
ADDRESS:BOSTON,MA.
","PERSONAL DATA [1/4]

CODENAME:PARA-MEDIC
SEX:FEMALE
AGE:28
NATIONALITY:U.S.A
BIRTHDATE:6/22/1936
BIRTHPLACE:BOSTON,MA.
ADDRESS:BOSTON,MA.
"
0x29c6,"PERSONAL DATA [2/4]

HEIGHT:5% 5 7/8~
WEIGHT:TOP SECRET
HAIR:RED
EYE:BROWN
SKIN:WHITE
VOICE:HEATHER HALLEY
MTN ACTR:ERIKO HIRATA
","PERSONAL DATA [2/4]

HEIGHT:5% 5 7/8~
WEIGHT:TOP SECRET
HAIR:RED
EYE:BROWN
SKIN:WHITE
VOICE:HEATHER HALLEY
MTN ACTR:ERIKO HIRATA
"
0x2a48,"PERSONAL DATA [3/4]

EYESIGHT:20/25
BLOOD TYPE:B
PAST ILLNESSES:NONE
FAMILY:PARENTS,2 BROTHERS
HOBBY:MOVIE
FVRT FOOD:SUSHI
UNFVRT FOOD:CRAB
","PERSONAL DATA [3/4]

EYESIGHT:20/25
BLOOD TYPE:B
PAST ILLNESSES:NONE
FAMILY:PARENTS,2 BROTHERS
HOBBY:MOVIE
FVRT FOOD:SUSHI
UNFVRT FOOD:CRAB
"
0x2ad5,"PERSONAL DATA [4/4]

FVRT MOVIE:EVERY MOVIE
FVRT ANIMAL:LITTLE BIRD
FVRT LIQUOR:JAPANESE SAKE
MEASUREMENTS:TOP SECRET!
TRETMNT SPCLTY:INJECTION
FVRT MASCOT:KEROTAN,GA-KO
FVRT MNSTR:VENUSIAN
","PERSONAL DATA [4/4]

FVRT MOVIE:EVERY MOVIE
FVRT ANIMAL:LITTLE BIRD
FVRT LIQUOR:JAPANESE SAKE
MEASUREMENTS:TOP SECRET!
TRETMNT SPCLTY:INJECTION
FVRT MASCOT:KEROTAN,GA-KO
FVRT MNSTR:VENUSIAN
"
0x2b94,"PERSONAL DATA [1/3]

CODENAME:PARA-MEDIC
SEX:FEMALE
AGE:28
NATIONALITY:U.S.A
BIRTHDATE:6/22/1936
BIRTHPLACE:BOSTON,MA.
ADDRESS:BOSTON,MA.
","PERSONAL DATA [1/3]

CODENAME:PARA-MEDIC
SEX:FEMALE
AGE:28
NATIONALITY:U.S.A
BIRTHDATE:6/22/1936
BIRTHPLACE:BOSTON,MA.
ADDRESS:BOSTON,MA.
"
0x2c1f,"PERSONAL DATA [2/3]

HEIGHT:5% 5 7/8~
WEIGHT:TOP SECRET
HAIR:RED
EYE:BROWN
SKIN:WHITE
VOICE:HEATHER HALLEY
MTN ACTR:ERIKO HIRATA
","PERSONAL DATA [2/3]

HEIGHT:5% 5 7/8~
WEIGHT:TOP SECRET
HAIR:RED
EYE:BROWN
SKIN:WHITE
VOICE:HEATHER HALLEY
MTN ACTR:ERIKO HIRATA
"
0x2ca1,"PERSONAL DATA [3/3]

EYESIGHT:20/25
BLOOD TYPE:B
PAST ILLNESSES:NONE
FAMILY:PARENTS,2 BROTHERS
HOBBY:MOVIE
FVRT FOOD:SUSHI
UNFVRT FOOD:CRAB
","PERSONAL DATA [3/3]

EYESIGHT:20/25
BLOOD TYPE:B
PAST ILLNESSES:NONE
FAMILY:PARENTS,2 BROTHERS
HOBBY:MOVIE
FVRT FOOD:SUSHI
UNFVRT FOOD:CRAB
"
0x2d2e,"PERSONAL DATA [1/2]

CODENAME:PARA-MEDIC
SEX:FEMALE
AGE:28
NATIONALITY:U.S.A
BIRTHDATE:6/22/1936
BIRTHPLACE:BOSTON,MA.
ADDRESS:BOSTON,MA.
","PERSONAL DATA [1/2]

CODENAME:PARA-MEDIC
SEX:FEMALE
AGE:28
NATIONALITY:U.S.A
BIRTHDATE:6/22/1936
BIRTHPLACE:BOSTON,MA.
ADDRESS:BOSTON,MA.
"
0x2db9,"PERSONAL DATA [2/2]

HEIGHT:5% 5 7/8~
WEIGHT:TOP SECRET
HAIR:RED
EYE:BROWN
SKIN:WHITE
VOICE:HEATHER HALLEY
MTN ACTR:ERIKO HIRATA
","PERSONAL DATA [2/2]

HEIGHT:5% 5 7/8~
WEIGHT:TOP SECRET
HAIR:RED
EYE:BROWN
SKIN:WHITE
VOICE:HEATHER HALLEY
MTN ACTR:ERIKO HIRATA
"
0x2e3b,"PERSONAL DATA [1/1]

CODENAME:PARA-MEDIC
SEX:FEMALE
AGE:28
NATIONALITY:U.S.A
BIRTHDATE:6/22/1936
BIRTHPLACE:BOSTON,MA.
ADDRESS:BOSTON,MA.
","PERSONAL DATA [1/1]

CODENAME:PARA-MEDIC
SEX:FEMALE
AGE:28
NATIONALITY:U.S.A
BIRTHDATE:6/22/1936
BIRTHPLACE:BOSTON,MA.
ADDRESS:BOSTON,MA.
"
0x2ec6,"Snake, first you need to find that backpack
you lost on the way down.
","Snake, first you need to find that backpack
you lost on the way down.
"
0x2f0d,"Your backpack got caught on a tree to
the north. Try heading in that direction.
","Your backpack got caught on a tree to
the north. Try heading in that direction.
"
0x2f5e,"Snake, you said your backpack got caught
on a tree branch, right?
","Snake, you said your backpack got caught
on a tree branch, right?
"
0x2fa1,"Yeah.
","Yeah.
"
0x2fa8,"Was there ivy growing on the tree?
","Was there ivy growing on the tree?
"
0x2fcc,"There was but...
","There was but...
"
0x2fde,"Perfect.
","Perfect.
"
0x2fe8,"Perfect?
","Perfect?
"
0x2ff2,"Indeed.
","Indeed.
"
0x2ffb,"You can climb any ivy-covered tree by
standing in front of the ivy and pressing
the Action Button.
","You can climb any ivy-covered tree by
standing in front of the ivy and pressing
the Action Button.
"
0x305f,"Climb the tree and retrieve your backpack.
","Climb the tree and retrieve your backpack.
"
0x308b,"Sokolov should be at the abandoned
factory to the north, so head in that
direction.
","Sokolov should be at the abandoned
factory to the north, so head in that
direction.
"
0x30e0,"Snake, intelligence indicates that that area
is outside the enemy's cordon.
","Snake, intelligence indicates that that area
is outside the enemy's cordon.
"
0x312d,"So, you shouldn't have any unexpected
encounters with enemy patrols.
","So, you shouldn't have any unexpected
encounters with enemy patrols.
"
0x3173,"I think it will be a good idea to take this
time to get accustomed to using your
camouflage, hunting for food,
","I think it will be a good idea to take this
time to get accustomed to using your
camouflage, hunting for food,
"
0x31e3,"and navigating the Survival Viewer.
","and navigating the Survival Viewer.
"
0x3208,"If you have any questions about
camouflage or CQC, ask The Boss.
","If you have any questions about
camouflage or CQC, ask The Boss.
"
0x324a,"The Boss' frequency is 141.80.
","The Boss' frequency is 141.80.
"
0x326a,"Para-Medic is the medical correspondent
for this mission. Ask her about hunting for
food and medical treatment.
","Para-Medic is the medical correspondent
for this mission. Ask her about hunting for
food and medical treatment.
"
0x32db,"Also, she has documents detailing flora
and fauna in the operation locale.
","Also, she has documents detailing flora
and fauna in the operation locale.
"
0x3327,"Contact her if you need detailed
information on any of the plants and
animals in your area.
","Contact her if you need detailed
information on any of the plants and
animals in your area.
"
0x3384,"Para-Medic's frequency is 145.73.
","Para-Medic's frequency is 145.73.
"
0x33a7,"Snake, Sokolov is imprisoned in
the northeast area of the factory.
","Snake, Sokolov is imprisoned in
the northeast area of the factory.
"
0x33eb,"Got it. To the northeast.
","Got it. To the northeast.
"
0x3406,"Yes. And don't engage the enemy.
","Yes. And don't engage the enemy.
"
0x3428,"The object of this mission is to bring
Sokolov back safely, and nothing more.
","The object of this mission is to bring
Sokolov back safely, and nothing more.
"
0x3477,"Contact Sokolov without being spotted by
the enemy, and bring him out discreetly.
","Contact Sokolov without being spotted by
the enemy, and bring him out discreetly.
"
0x34ca,"If you must dispose of an enemy,
do it with the tranquilizer gun.
","If you must dispose of an enemy,
do it with the tranquilizer gun.
"
0x350d,"Snake, as I said before, this mission is
only to bring Sokolov back safely.
","Snake, as I said before, this mission is
only to bring Sokolov back safely.
"
0x355a,"You must not put Sokolov in danger.
You're not allowed to contact him
during the Alert Phase. Period.
","You must not put Sokolov in danger.
You're not allowed to contact him
during the Alert Phase. Period.
"
0x35c1,"Snake!
","Snake!
"
0x35c9,"!!
","!!
"
0x35cd,"Where are you going?
","Where are you going?
"
0x35e3,"Uh, I...
","Uh, I...
"
0x35ed,"Are you abandoning your mission?
","Are you abandoning your mission?
"
0x360f,"Absolutely not.
","Absolutely not.
"
0x3620,"I didn't think so.
","I didn't think so.
"
0x3634,"I didn't think you thought so.
","I didn't think you thought so.
"
0x3654,"Hah hah hah.
","Hah hah hah.
"
0x3662,"Hah hah hah!
","Hah hah hah!
"
0x3670,"Sokolov is back there in the factory.
Head back north.
","Sokolov is back there in the factory.
Head back north.
"
0x36a8,"Roger...
","Roger...
"
0x36b2,"Snake, see that fallen tree?
","Snake, see that fallen tree?
"
0x36d0,"Yeah.
","Yeah.
"
0x36d7,"Check it out.
","Check it out.
"
0x36e6,"Why?
","Why?
"
0x36ec,"Just do it.
","Just do it.
"
0x36f9,"You can hide by lying down and crawling
inside of hollow fallen trees.
","You can hide by lying down and crawling
inside of hollow fallen trees.
"
0x3741,"If you want to leave, just crawl out.
","If you want to leave, just crawl out.
"
0x3768,"There's a crevice under this fallen tree...
","There's a crevice under this fallen tree...
"
0x3795,"If you lie down and crawl, you can wedge
yourself into the crevice.
","If you lie down and crawl, you can wedge
yourself into the crevice.
"
0x37da,"To lie down and crawl from a standing
position, press and hold the Crawl Button.
","To lie down and crawl from a standing
position, press and hold the Crawl Button.
"
0x382c,"When you want to stand back up,
press and hold the Crawl Button again.
","When you want to stand back up,
press and hold the Crawl Button again.
"
0x3874,"Got it?
","Got it?
"
0x387d,"Yeah, but...
","Yeah, but...
"
0x388b,"But what?
","But what?
"
0x3896,"Was that the only reason?
","Was that the only reason?
"
0x38b1,"What do you mean?
","What do you mean?
"
0x38c4,"You had me check it just so you could
tell me that?
","You had me check it just so you could
tell me that?
"
0x38f9,"That's right.
","That's right.
"
0x3908,"...
","...
"
0x390d,"Pretty useful huh?
","Pretty useful huh?
"
0x3921,"...Right.
","...Right.
"
0x392c,"Shall we carry on?
","Shall we carry on?
"
0x3940,"By all means.
","By all means.
"
0x394f,"When you're out in nature, you'll find lots
of places that you can crawl inside.
","When you're out in nature, you'll find lots
of places that you can crawl inside.
"
0x39a1,"You can use those places to hide from
enemies.
","You can use those places to hide from
enemies.
"
0x39d1,"You'd be a fool not to take advantage of
those hiding places.
","You'd be a fool not to take advantage of
those hiding places.
"
0x3a10,"So always look around with First Person
View, and survey your surroundings.
","So always look around with First Person
View, and survey your surroundings.
"
0x3a5d,"Snake, do you see any tufts of grass?
","Snake, do you see any tufts of grass?
"
0x3a84,"Yeah.
","Yeah.
"
0x3a8b,"What kind of grass?
","What kind of grass?
"
0x3aa0,"Just ordinary grass.
Nothing special...
","Just ordinary grass.
Nothing special...
"
0x3ac9,"You should check it anyhow.
","You should check it anyhow.
"
0x3ae6,"...It's pretty thick grass.
About waist-high.
","...It's pretty thick grass.
About waist-high.
"
0x3b15,"If you crawl into the grass, you can
advance undercover.
","If you crawl into the grass, you can
advance undercover.
"
0x3b4f,"When you do, the camera automatically
switches to Intrusion View.
","When you do, the camera automatically
switches to Intrusion View.
"
0x3b92,"If you want to stand up again, press
and hold the Crawl Button once more.
","If you want to stand up again, press
and hold the Crawl Button once more.
"
0x3bdd,"If you press the Crawl Button briefly,
you'll crouch in that spot.
","If you press the Crawl Button briefly,
you'll crouch in that spot.
"
0x3c21,"This allows you to observe things without
blowing your cover.
","This allows you to observe things without
blowing your cover.
"
0x3c60,"Even when hidden in grass, if you make
a noise, your enemies will locate you.
","Even when hidden in grass, if you make
a noise, your enemies will locate you.
"
0x3caf,"When enemies are nearby, move with
slight movements of the left analog stick.
","When enemies are nearby, move with
slight movements of the left analog stick.
"
0x3cfe,"That way you can proceed with minimal
disturbance.
","That way you can proceed with minimal
disturbance.
"
0x3d32,"You can get inside trees that are hollowed
out from decay.
","You can get inside trees that are hollowed
out from decay.
"
0x3d6e,"Entering a hollow is an effective method
for gaining temporary cover from enemies.
","Entering a hollow is an effective method
for gaining temporary cover from enemies.
"
0x3dc2,"However, if you're caught entering the
tree, you'll take concentrated fire.
","However, if you're caught entering the
tree, you'll take concentrated fire.
"
0x3e0f,"If they throw a grenade in on you, you'll
be torn to shreds. Be careful.
","If they throw a grenade in on you, you'll
be torn to shreds. Be careful.
"
0x3e59,"Snake, did you find food?
","Snake, did you find food?
"
0x3e74,"Yeah.
","Yeah.
"
0x3e7b,"You sound happy.
","You sound happy.
"
0x3e8d,"I am!
","I am!
"
0x3e94,"Do you know how to eat it?
","Do you know how to eat it?
"
0x3eb0,"...
","...
"
0x3eb5,"Then let me explain.
","Then let me explain.
"
0x3ecb,"To eat food, press the START button
to enter the Survival Viewer, then
select FOOD.
","To eat food, press the START button
to enter the Survival Viewer, then
select FOOD.
"
0x3f20,"Select the food you want to eat, and
press the Enter Button.
","Select the food you want to eat, and
press the Enter Button.
"
0x3f5e,"Select EAT and you will eat
the selected food.
","Select EAT and you will eat
the selected food.
"
0x3f8e,"When you eat, you will recover your
stamina, but the extent of recovery
depends on what you eat.
","When you eat, you will recover your
stamina, but the extent of recovery
depends on what you eat.
"
0x3ff0,"When your stamina is down only slightly,
you should save your tastier morsels for
later.
","When your stamina is down only slightly,
you should save your tastier morsels for
later.
"
0x404a,"But don't leave food for too long, or it'll
rot. This is where a little planning ahead
goes a long way.
","But don't leave food for too long, or it'll
rot. This is where a little planning ahead
goes a long way.
"
0x40b3,"Besides eating food, you can throw it
at enemies to confuse them.
","Besides eating food, you can throw it
at enemies to confuse them.
"
0x40f6,"So remember, food is not just for eating.
Be creative.
","So remember, food is not just for eating.
Be creative.
"
0x412e,"When you're in the jungle, determining
the position of your enemies is important.
","When you're in the jungle, determining
the position of your enemies is important.
"
0x4181,"That's why you've been supplied with
sensors. Use them well.
","That's why you've been supplied with
sensors. Use them well.
"
0x41bf,"The Motion Detector senses activity
in your immediate vicinity.
","The Motion Detector senses activity
in your immediate vicinity.
"
0x4200,"However, in the jungle, a lot of things
other than your enemies are moving.
","However, in the jungle, a lot of things
other than your enemies are moving.
"
0x424d,"Animals moving around will show up
on the sensor just like anything else.
","Animals moving around will show up
on the sensor just like anything else.
"
0x4298,"Also, the Motion Detector is only so
sensitive.
","Also, the Motion Detector is only so
sensitive.
"
0x42c9,"Don't forget that certain enemies, and
animals, that make only slight movements
will not be detected.
","Don't forget that certain enemies, and
animals, that make only slight movements
will not be detected.
"
0x4330,"Press the  button to initiate
the active sonar and emit a special
sonic wave.
","Press the  button to initiate
the active sonar and emit a special
sonic wave.
"
0x4382,"The reflected sound from the sonic wave
reveals the positions of targeted objects.
","The reflected sound from the sonic wave
reveals the positions of targeted objects.
"
0x43d6,"In contrast to the Motion Detector,
the active sonar reveals still objects
as well.
","In contrast to the Motion Detector,
the active sonar reveals still objects
as well.
"
0x442b,"However, there is a risk that the sound of
the sonic wave will reveal your position to
enemies and animals,
","However, there is a risk that the sound of
the sonic wave will reveal your position to
enemies and animals,
"
0x4498,"so be careful when using the active
sonar.
","so be careful when using the active
sonar.
"
0x44c4,"The Anti-Personnel Sensor vibrates
when it detects human life forms.
","The Anti-Personnel Sensor vibrates
when it detects human life forms.
"
0x450a,"Unlike other sensors, the Anti-Personnel
Sensor has been adjusted to react to
humans only,
","Unlike other sensors, the Anti-Personnel
Sensor has been adjusted to react to
humans only,
"
0x4566,"eliminating noise from animal detection.
","eliminating noise from animal detection.
"
0x4590,"It can detect hidden, unmoving enemies,
and the use of it doesn't betray your
own position.
","It can detect hidden, unmoving enemies,
and the use of it doesn't betray your
own position.
"
0x45ed,"But on the other hand, its accuracy lacks
a bit as it has trouble revealing the exact
position of detected bodies.
","But on the other hand, its accuracy lacks
a bit as it has trouble revealing the exact
position of detected bodies.
"
0x4661,"Keep that in mind.
","Keep that in mind.
"
0x4675,"When you use it during First Person View,
it will work only in the direction you are
facing.
","When you use it during First Person View,
it will work only in the direction you are
facing.
"
0x46d3,"Your sensors and other electronic devices
cannot be used indefinitely. Once they are
activated, they consume battery power.
","Your sensors and other electronic devices
cannot be used indefinitely. Once they are
activated, they consume battery power.
"
0x4750,"Remember, all items draw power from a
single battery. Once your battery runs out,
all electronic gear becomes inoperable.
","Remember, all items draw power from a
single battery. Once your battery runs out,
all electronic gear becomes inoperable.
"
0x47cb,"You can check your remaining battery
power with the icon of any item that uses
electricity. Take care not to waste power.
","You can check your remaining battery
power with the icon of any item that uses
electricity. Take care not to waste power.
"
0x4846,"The battery recharges automatically when
not in use.
","The battery recharges automatically when
not in use.
"
0x487c,"When you want to recharge the battery,
unequip all electronic devices and give
it some time.
","When you want to recharge the battery,
unequip all electronic devices and give
it some time.
"
0x48da,"The higher your Stamina Gauge, the faster
your battery recharges.
","The higher your Stamina Gauge, the faster
your battery recharges.
"
0x491d,"If you want it to recharge faster, eat food
and recover your stamina.
","If you want it to recharge faster, eat food
and recover your stamina.
"
0x4964,"Also, if you run, roll, or do other dramatic
actions, the battery will recharge faster.
","Also, if you run, roll, or do other dramatic
actions, the battery will recharge faster.
"
0x49bd,"Wait a second.
","Wait a second.
"
0x49cd,"What is it?
","What is it?
"
0x49da,"The higher my stamina, the faster
my battery recharges?
","The higher my stamina, the faster
my battery recharges?
"
0x4a13,"That's what I said.
","That's what I said.
"
0x4a28,"But what does my stamina have to do
with the battery?
","But what does my stamina have to do
with the battery?
"
0x4a5f,"Oh, I see what you're getting at.
Let's have Para-Medic explain that.
Para-Medic?
","Oh, I see what you're getting at.
Let's have Para-Medic explain that.
Para-Medic?
"
0x4ab2,"Yes, sir. It's because Snake's battery
uses bioelectricity.
","Yes, sir. It's because Snake's battery
uses bioelectricity.
"
0x4aef,"Bioelectricity?
","Bioelectricity?
"
0x4b00,"Bioelectricity is electricity emitted from
cells.
","Bioelectricity is electricity emitted from
cells.
"
0x4b33,"When the cells of living things are
stimulated,
","When the cells of living things are
stimulated,
"
0x4b64,"sodium and potassium ions move rapidly
through the cell membrane's ion channel,
creating a difference in electric potential.
","sodium and potassium ions move rapidly
through the cell membrane's ion channel,
creating a difference in electric potential.
"
0x4be2,"The battery uses that energy to recharge.
","The battery uses that energy to recharge.
"
0x4c0d,"So, unless your cells have plenty of
nutrients, the recharge won't work well.
","So, unless your cells have plenty of
nutrients, the recharge won't work well.
"
0x4c5c,"Amazing the kind of machines that are
available now...
","Amazing the kind of machines that are
available now...
"
0x4c94,"But this machine has not been made
public.
","But this machine has not been made
public.
"
0x4cc0,"It was designed by a scientist at the CIA's
Directorate of Science and Technology.
","It was designed by a scientist at the CIA's
Directorate of Science and Technology.
"
0x4d14,"What kind of person was he?
","What kind of person was he?
"
0x4d31,"The person who designed it?
","The person who designed it?
"
0x4d4e,"Yeah.
","Yeah.
"
0x4d55,"I heard he was pretty strange.
","I heard he was pretty strange.
"
0x4d75,"Stranger than the Major?
","Stranger than the Major?
"
0x4d8f,"There's nothing strange about the Major.
","There's nothing strange about the Major.
"
0x4db9,"My tea is gone! Who drank it!? How am
I supposed to have teatime without tea!?
","My tea is gone! Who drank it!? How am
I supposed to have teatime without tea!?
"
0x4e09,"Well, not too strange, at least.
","Well, not too strange, at least.
"
0x4e2b,"...
","...
"
0x4e30,"Hey, my scone's gone, too!!
","Hey, my scone's gone, too!!
"
0x4e4d,"You can climb up onto waist-high objects
by pressing the Action Button.
","You can climb up onto waist-high objects
by pressing the Action Button.
"
0x4e96,"Climbing can get you to locations that
can't be accessed by walking,
","Climbing can get you to locations that
can't be accessed by walking,
"
0x4edc,"and it may help you reach items that
can't be found normally.
","and it may help you reach items that
can't be found normally.
"
0x4f1b,"Don't forget to try climbing things.
","Don't forget to try climbing things.
"
0x4f41,"Snake, be careful.
","Snake, be careful.
"
0x4f55,"The way to change between standing,
crouching, and crawling has changed
slightly from the methods learned in training.
","The way to change between standing,
crouching, and crawling has changed
slightly from the methods learned in training.
"
0x4fcd,"When standing, press the Crawl Button
briefly to crouch, and press and hold to
take a crawling position.
","When standing, press the Crawl Button
briefly to crouch, and press and hold to
take a crawling position.
"
0x5037,"Since by crouching you take a lower
position, it has a higher Camo Index
than standing.
","Since by crouching you take a lower
position, it has a higher Camo Index
than standing.
"
0x5090,"And the added stability of crouching
lessens the effect of gun recoil.
","And the added stability of crouching
lessens the effect of gun recoil.
"
0x50d8,"If you try shooting while crouching, you'll
notice your shots will bunch together more
consistently than when standing.
","If you try shooting while crouching, you'll
notice your shots will bunch together more
consistently than when standing.
"
0x5151,"Press the Crawl Button while crouching to
stand up, and move the left analog stick to
crawl in a direction.
","Press the Crawl Button while crouching to
stand up, and move the left analog stick to
crawl in a direction.
"
0x51be,"When crawling, your Camo Index becomes
extremely high,
","When crawling, your Camo Index becomes
extremely high,
"
0x51f6,"and your firing of guns becomes even
more stable than while crouching.
","and your firing of guns becomes even
more stable than while crouching.
"
0x523e,"You can move the left analog stick while
on your stomach to crawl in a particular
direction.
","You can move the left analog stick while
on your stomach to crawl in a particular
direction.
"
0x529c,"When you are crawling, use small
movements of the left analog stick to
crawl silently at the expense of speed.
","When you are crawling, use small
movements of the left analog stick to
crawl silently at the expense of speed.
"
0x530c,"However, be warned that crawling
consumes more stamina than simply
walking.
","However, be warned that crawling
consumes more stamina than simply
walking.
"
0x5359,"Press and hold the Crawl Button while in
crawl position to stand up. Press the Crawl
Button briefly to switch to crouch position.
","Press and hold the Crawl Button while in
crawl position to stand up. Press the Crawl
Button briefly to switch to crouch position.
"
0x53dc,"Don't forget - if you want to stand up
quickly from a crawling position, press
and hold the Crawl Button.
","Don't forget - if you want to stand up
quickly from a crawling position, press
and hold the Crawl Button.
"
0x5447,"Snake, I recommend against leaving
the bodies of your victims lying around.
","Snake, I recommend against leaving
the bodies of your victims lying around.
"
0x5494,"If the enemy spots a fallen comrade, they
will realize that they have been infiltrated,
and strengthen their guard.
","If the enemy spots a fallen comrade, they
will realize that they have been infiltrated,
and strengthen their guard.
"
0x5509,"When you kill an enemy, hide the body in
the grass or at some other location where
it won't be spotted.
","When you kill an enemy, hide the body in
the grass or at some other location where
it won't be spotted.
"
0x5572,"Stand near a fallen enemy and press
the Weapon Button with no weapon
equipped to grab the body.
","Stand near a fallen enemy and press
the Weapon Button with no weapon
equipped to grab the body.
"
0x55d3,"Hold the Weapon Button and move to drag
the body. Release the Weapon Button to
put the body down.
","Hold the Weapon Button and move to drag
the body. Release the Weapon Button to
put the body down.
"
0x5636,"Snake, I don't recommend running around
wildly.
","Snake, I don't recommend running around
wildly.
"
0x5667,"You need to determine when it is best to
run, and when it is best just to walk.
","You need to determine when it is best to
run, and when it is best just to walk.
"
0x56b8,"Move the left analog stick slightly to walk.
","Move the left analog stick slightly to walk.
"
0x56e6,"You won't move very fast, but it consumes
little stamina, and enemies are less likely
to detect you.
","You won't move very fast, but it consumes
little stamina, and enemies are less likely
to detect you.
"
0x574c,"When you are near enemies or when you
need to conserve stamina, those are good
times to walk.
","When you are near enemies or when you
need to conserve stamina, those are good
times to walk.
"
0x57ab,"Snake, press the left analog stick down
on the Radio Screen to open the Memory
Window.
","Snake, press the left analog stick down
on the Radio Screen to open the Memory
Window.
"
0x5803,"In the Memory Window, select a person to
contact and press the Enter Button.
","In the Memory Window, select a person to
contact and press the Enter Button.
"
0x5851,"This saves you the time of adjusting
the frequency.
","This saves you the time of adjusting
the frequency.
"
0x5886,"The battlefield airwaves are littered with
various transmissions. You can find a real
catch if you fiddle around enough.
","The battlefield airwaves are littered with
various transmissions. You can find a real
catch if you fiddle around enough.
"
0x5900,"Press the CQC Button when you are up
against a wall to knock on the wall and
make a sound.
","Press the CQC Button when you are up
against a wall to knock on the wall and
make a sound.
"
0x595c,"Creating sounds can attract the attention
of enemies.
","Creating sounds can attract the attention
of enemies.
"
0x5993,"There are many ways to use sound to your
advantage.
","There are many ways to use sound to your
advantage.
"
0x59c8,"Use it to lure an enemy in the wrong
direction, then use that opportunity to
slip by.
","Use it to lure an enemy in the wrong
direction, then use that opportunity to
slip by.
"
0x5a1f,"Or, lure an enemy near you, then ambush
the enemy from behind.
","Or, lure an enemy near you, then ambush
the enemy from behind.
"
0x5a5f,"Use it to your utmost advantage.
","Use it to your utmost advantage.
"
0x5a81,"Snake, if you find an item box, use First
Person View to take a good look and find
out what's inside.
","Snake, if you find an item box, use First
Person View to take a good look and find
out what's inside.
"
0x5ae8,"Sometimes it's dangerous to blindly
go after an item.
","Sometimes it's dangerous to blindly
go after an item.
"
0x5b1f,"That's why you should check first to make
sure the item in the item box is worth the
trouble.
","That's why you should check first to make
sure the item in the item box is worth the
trouble.
"
0x5b7e,"If you can't get a good look, you can use
your binoculars.
","If you can't get a good look, you can use
your binoculars.
"
0x5bba,"Snake, the damage that an enemy takes
from your gun depends on where you hit
him.
","Snake, the damage that an enemy takes
from your gun depends on where you hit
him.
"
0x5c0d,"If you hit an arm or leg, one shot won't be
enough to finish him.
","If you hit an arm or leg, one shot won't be
enough to finish him.
"
0x5c50,"If you want to take an enemy out in one
shot, you have to use a First Person View
attack and get a solid shot to the head.
","If you want to take an enemy out in one
shot, you have to use a First Person View
attack and get a solid shot to the head.
"
0x5ccc,"Snake, when you stand up against a tree
or put your back against the wall near
a corner,
","Snake, when you stand up against a tree
or put your back against the wall near
a corner,
"
0x5d26,"the camera lowers and gives you a view
of behind. This is the Corner View.
","the camera lowers and gives you a view
of behind. This is the Corner View.
"
0x5d72,"This allows you to keep track of what's
occurring behind you when hiding in
protected areas.
","This allows you to keep track of what's
occurring behind you when hiding in
protected areas.
"
0x5dd0,"Also, there are a variety of actions
possible while hiding,
","Also, there are a variety of actions
possible while hiding,
"
0x5e0d,"including using the Left and Right Step
Buttons to peek, and the Weapon Button
to take jumpout shots.
","including using the Left and Right Step
Buttons to peek, and the Weapon Button
to take jumpout shots.
"
0x5e74,"Learning how to take advantage of the
Corner View is the first step toward
mission success.
","Learning how to take advantage of the
Corner View is the first step toward
mission success.
"
0x5ed1,"Use it to your utmost advantage.
","Use it to your utmost advantage.
"
0x5ef3,"In the Corner View,
","In the Corner View,
"
0x5f08,"press the Left Step Button or the Right Step
Button to stick yourself out from a protected
area and look over your shoulder.
","press the Left Step Button or the Right Step
Button to stick yourself out from a protected
area and look over your shoulder.
"
0x5f86,"We'll call this action peeking.
","We'll call this action peeking.
"
0x5fa7,"Peeking is effective for observation, since
it gives you a wider range of vision than
the normal Corner View.
","Peeking is effective for observation, since
it gives you a wider range of vision than
the normal Corner View.
"
0x6016,"However, since it involves revealing part of
your body, you put yourself at risk of being
spotted by the enemy.
","However, since it involves revealing part of
your body, you put yourself at risk of being
spotted by the enemy.
"
0x6087,"Move the right analog stick with the Corner
View on to shift the camera in that
direction.
","Move the right analog stick with the Corner
View on to shift the camera in that
direction.
"
0x60e3,"This won't give you the same wide angle
as peeking with the Left and Right Step
Buttons,
","This won't give you the same wide angle
as peeking with the Left and Right Step
Buttons,
"
0x613d,"but it is safer since it will keep you from
exposing your body too much.
","but it is safer since it will keep you from
exposing your body too much.
"
0x6187,"You'll do well to get accustomed to it.
","You'll do well to get accustomed to it.
"
0x61b0,"If you have a gun equipped during the
Corner View, press the Weapon Button
to jump out and take a jumpout shot.
","If you have a gun equipped during the
Corner View, press the Weapon Button
to jump out and take a jumpout shot.
"
0x6221,"With the jumpout shot technique, you can
stay protected from enemy fire behind
an obstruction,
","With the jumpout shot technique, you can
stay protected from enemy fire behind
an obstruction,
"
0x6281,"and launch a burst attack when the time
is right.
","and launch a burst attack when the time
is right.
"
0x62b4,"This is a crucial technique for firefights.
Use it well.
","This is a crucial technique for firefights.
Use it well.
"
0x62ee,"When you press the Weapon Button with
the handgun, you aim, and when you
release it, you fire.
","When you press the Weapon Button with
the handgun, you aim, and when you
release it, you fire.
"
0x634e,"If, after aiming, you wish to withdraw your
aim without firing, release the Weapon
Button slowly.
","If, after aiming, you wish to withdraw your
aim without firing, release the Weapon
Button slowly.
"
0x63b1,"You'll just have to practice until you get
the hang of it.
","You'll just have to practice until you get
the hang of it.
"
0x63ed,"I've heard a lot of cases where fresh
recruits accidentally fired on enemies
during a holdup.
","I've heard a lot of cases where fresh
recruits accidentally fired on enemies
during a holdup.
"
0x644c,"If you train yourself now, you won't be
liable to misfire when the pressure's on.
","If you train yourself now, you won't be
liable to misfire when the pressure's on.
"
0x649f,"If you're unsure of yourself, you should
practice.
","If you're unsure of yourself, you should
practice.
"
0x64d3,"The assault rifle works a little differently
from the handgun.
","The assault rifle works a little differently
from the handgun.
"
0x6513,"Press the Weapon Button lightly to aim,
and press the Weapon Button fully to fire.
","Press the Weapon Button lightly to aim,
and press the Weapon Button fully to fire.
"
0x6567,"If you want to lower the weapon without
firing, such as during a holdup,
","If you want to lower the weapon without
firing, such as during a holdup,
"
0x65b1,"just release the Weapon Button without
fully pressing it.
","just release the Weapon Button without
fully pressing it.
"
0x65ec,"Be careful not to fire the weapon
the moment you aim.
","Be careful not to fire the weapon
the moment you aim.
"
0x6623,"The distance that you throw grenades and
other throwable weapons is determined by
how hard you press the Weapon Button.
","The distance that you throw grenades and
other throwable weapons is determined by
how hard you press the Weapon Button.
"
0x669c,"A light press of the Weapon Button will
toss the weapon nearby, while a hard
press of the button will hurl it farther.
","A light press of the Weapon Button will
toss the weapon nearby, while a hard
press of the button will hurl it farther.
"
0x6714,"Adjust the strength of the button press
as appropriate.
","Adjust the strength of the button press
as appropriate.
"
0x674d,"You can also throw in First Person View.
With this view, you can throw more
accurately at specific targets.
","You can also throw in First Person View.
With this view, you can throw more
accurately at specific targets.
"
0x67ba,"Use it as necessary.
","Use it as necessary.
"
0x67d0,"Thermal goggles create a thermal image
based on the heat emitted by objects in
view.
","Thermal goggles create a thermal image
based on the heat emitted by objects in
view.
"
0x6826,"With the thermal goggles equipped, you
will be able to quickly spot enemies hidden
deep within the jungle.
","With the thermal goggles equipped, you
will be able to quickly spot enemies hidden
deep within the jungle.
"
0x6892,"Also, you can locate plants, animals,
and traps. Use it to your advantage.
","Also, you can locate plants, animals,
and traps. Use it to your advantage.
"
0x68de,"However, once you activate the thermal
goggles, you begin draining battery energy.
","However, once you activate the thermal
goggles, you begin draining battery energy.
"
0x6932,"And remember - once you're out of battery
juice, you won't be able to use your other
electronic devices.
","And remember - once you're out of battery
juice, you won't be able to use your other
electronic devices.
"
0x699c,"Press the Action Button when you are on
top of a branch or in front of a railing to
hang down from that spot.
","Press the Action Button when you are on
top of a branch or in front of a railing to
hang down from that spot.
"
0x6a0b,"This action is called hanging.
","This action is called hanging.
"
0x6a2b,"Sometimes it is advantageous to move
while hanging rather than walking on
the surface.
","Sometimes it is advantageous to move
while hanging rather than walking on
the surface.
"
0x6a83,"Also, by hanging, you can hide by staying
out of the sight of your enemies.
","Also, by hanging, you can hide by staying
out of the sight of your enemies.
"
0x6ad0,"While hanging, use the left analog stick,
Left Step Button, and Right Step Button
to move left and right.
","While hanging, use the left analog stick,
Left Step Button, and Right Step Button
to move left and right.
"
0x6b3b,"When you want to climb back up from your
hanging position, press the Action Button
once more.
","When you want to climb back up from your
hanging position, press the Action Button
once more.
"
0x6b9a,"If you want to drop down, press the Crawl
Button.
","If you want to drop down, press the Crawl
Button.
"
0x6bcd,"You can't keep hanging forever. Once you
run out of grip strength, you'll fall.
","You can't keep hanging forever. Once you
run out of grip strength, you'll fall.
"
0x6c1e,"Check your grip strength with the Grip
Gauge. When you hang, a blue gauge
appears above the Stamina Gauge.
","Check your grip strength with the Grip
Gauge. When you hang, a blue gauge
appears above the Stamina Gauge.
"
0x6c8a,"This is the Grip Gauge.
","This is the Grip Gauge.
"
0x6ca3,"It indicates the status of your grip.
When hanging, the Grip Gauge drops.
","It indicates the status of your grip.
When hanging, the Grip Gauge drops.
"
0x6cee,"When the Grip Gauge expires, you will fall.
So you must climb back up before that
happens.
","When the Grip Gauge expires, you will fall.
So you must climb back up before that
happens.
"
0x6d4a,"The length of the Grip Gauge depends
upon your stamina.
","The length of the Grip Gauge depends
upon your stamina.
"
0x6d83,"If you need to hang for a long period,
you'll have to revive your stamina first.
","If you need to hang for a long period,
you'll have to revive your stamina first.
"
0x6dd5,"If there's something to grab onto during
a fall, press the Action Button when you
pass in front of it.
","If there's something to grab onto during
a fall, press the Action Button when you
pass in front of it.
"
0x6e3d,"If you get the timing right, you'll be able
to grab and hang onto that area.
","If you get the timing right, you'll be able
to grab and hang onto that area.
"
0x6e8b,"With this technique, you can reach
locations that are inaccessible by
other means.
","With this technique, you can reach
locations that are inaccessible by
other means.
"
0x6edf,"You may even find some rare items
this way.
","You may even find some rare items
this way.
"
0x6f0c,"Observe your geographic surroundings,
and try to find spots that you could grab
during a fall.
","Observe your geographic surroundings,
and try to find spots that you could grab
during a fall.
"
0x6f6c,"Press the Crawl Button while hanging to
drop straight down.
","Press the Crawl Button while hanging to
drop straight down.
"
0x6fa9,"You can knock an enemy instantly
unconscious with this technique
if you land on top of him.
","You can knock an enemy instantly
unconscious with this technique
if you land on top of him.
"
0x7006,"When you're in a tree, try aiming for
an enemy passing beneath.
","When you're in a tree, try aiming for
an enemy passing beneath.
"
0x7047,"If you approach an enemy undetected,
you can render him defenseless by jutting
a gun into his body from behind.
","If you approach an enemy undetected,
you can render him defenseless by jutting
a gun into his body from behind.
"
0x70b8,"This is called a holdup.
","This is called a holdup.
"
0x70d2,"However, even after rendering an enemy
defenseless,
","However, even after rendering an enemy
defenseless,
"
0x7107,"if he notices you put your
weapon away or start to walk away,
he will attack. So, be careful.
","if he notices you put your
weapon away or start to walk away,
he will attack. So, be careful.
"
0x7166,"When you hold an enemy up, sometimes
he will give you an item.
","When you hold an enemy up, sometimes
he will give you an item.
"
0x71a6,"Conducting a holdup presents risks,
","Conducting a holdup presents risks,
"
0x71cb,"but it is a useful technique when you are
running low on ammunition or medical
items.
","but it is a useful technique when you are
running low on ammunition or medical
items.
"
0x7222,"After you have received an item from a
hold up, you might try holding the enemy
up again.
","After you have received an item from a
hold up, you might try holding the enemy
up again.
"
0x727d,"He might give up a more
precious, hidden item.
","He might give up a more
precious, hidden item.
"
0x72ad,"With an equipped weapon in overhead view,
press and hold the Aim Button to lock your
line of fire while moving in any given direction.
","With an equipped weapon in overhead view,
press and hold the Aim Button to lock your
line of fire while moving in any given direction.
"
0x7335,"Use this for charges or retreats, or any
other time that you want to concentrate fire
in one direction while moving.
","Use this for charges or retreats, or any
other time that you want to concentrate fire
in one direction while moving.
"
0x73ab,"You ate some food?
","You ate some food?
"
0x73bf,"Yes.
","Yes.
"
0x73c5,"You aren't expecting food to recover LIFE,
are you?
","You aren't expecting food to recover LIFE,
are you?
"
0x73fa,"Of course not. Food alone doesn't heal
wounds. Food only recovers stamina.
","Of course not. Food alone doesn't heal
wounds. Food only recovers stamina.
"
0x7446,"Good.
","Good.
"
0x744d,"Why do you ask?
","Why do you ask?
"
0x745e,"I once had a guy who thought that eating
canned food would recover his LIFE.
","I once had a guy who thought that eating
canned food would recover his LIFE.
"
0x74ac,"What was he? Some kind of idiot?
","What was he? Some kind of idiot?
"
0x74ce,"Of sorts, yes. But in the 21st century
they'll probably come up with something
that does just that.
","Of sorts, yes. But in the 21st century
they'll probably come up with something
that does just that.
"
0x7533,"In First Person View, use the Right Step
Button to take one step right, and the Left
Step Button to take a step left.
","In First Person View, use the Right Step
Button to take one step right, and the Left
Step Button to take a step left.
"
0x75aa,"Use it to attack while hiding behind
barriers and to step out of hidden
spots to scout.
","Use it to attack while hiding behind
barriers and to step out of hidden
spots to scout.
"
0x7603,"During First Person View, press the Left
and Right Step Buttons at the same time
to stretch up slightly from that position.
","During First Person View, press the Left
and Right Step Buttons at the same time
to stretch up slightly from that position.
"
0x7680,"It's useful when you are hiding behind
barriers and scouting or in a shoot-out.
","It's useful when you are hiding behind
barriers and scouting or in a shoot-out.
"
0x76d1,"When you creep inside of a small space,
the Overhead View switches to the
Intrusion View.
","When you creep inside of a small space,
the Overhead View switches to the
Intrusion View.
"
0x772c,"Movement during the Intrusion View is a
bit different from movement during the
Overhead View.
","Movement during the Intrusion View is a
bit different from movement during the
Overhead View.
"
0x778b,"Use up on the left analog stick to advance,
down to go backwards, and left and right
to rotate.
","Use up on the left analog stick to advance,
down to go backwards, and left and right
to rotate.
"
0x77ec,"Use directional button left and right to
shift left and right.
","Use directional button left and right to
shift left and right.
"
0x782c,"With large movements of the left analog
stick, you move faster, but create sound.
Nearby enemies might notice you.
","With large movements of the left analog
stick, you move faster, but create sound.
Nearby enemies might notice you.
"
0x78a0,"With slight movements of the left analog
stick, you can move without making a
sound, but at the expense of speed.
","With slight movements of the left analog
stick, you can move without making a
sound, but at the expense of speed.
"
0x7913,"Use both types of movement in appropriate
situations.
","Use both types of movement in appropriate
situations.
"
0x794a,"After you have grabbed an enemy from
behind with CQC, you can interrogate him
by pressing the  button.
","After you have grabbed an enemy from
behind with CQC, you can interrogate him
by pressing the  button.
"
0x79b5,"This is an opportunity to gain intelligence.
","This is an opportunity to gain intelligence.
"
0x79e3,"Some of your enemies have valuable
information, so give the technique a try,
and see what you can learn.
","Some of your enemies have valuable
information, so give the technique a try,
and see what you can learn.
"
0x7a4d,"The degree to which you move the left
analog stick
","The degree to which you move the left
analog stick
"
0x7a81,"not only changes your walking speed, but
changes your speed when crawling and
for instrusion movement.
","not only changes your walking speed, but
changes your speed when crawling and
for instrusion movement.
"
0x7ae9,"With large movements of the left analog
stick, you can move faster,
","With large movements of the left analog
stick, you can move faster,
"
0x7b2e,"but you'll make noise and give yourself
away to nearby enemies.
","but you'll make noise and give yourself
away to nearby enemies.
"
0x7b6f,"With slight movements of the left analog
stick, you can move in silence.
","With slight movements of the left analog
stick, you can move in silence.
"
0x7bb9,"It sacrifices speed, but it's the best choice
for the times when creating noise presents
significant risk.
","It sacrifices speed, but it's the best choice
for the times when creating noise presents
significant risk.
"
0x7c25,"Snake, the Mk22 is a tranquilizer gun.
Use it to put enemies to sleep without
harming them.
","Snake, the Mk22 is a tranquilizer gun.
Use it to put enemies to sleep without
harming them.
"
0x7c82,"The speed with which the tranquilizer takes
effect depends on the point of impact on
the enemy.
","The speed with which the tranquilizer takes
effect depends on the point of impact on
the enemy.
"
0x7ce3,"If a target is hit on the arm or leg, the
tranquilizer won't take effect immediately.
","If a target is hit on the arm or leg, the
tranquilizer won't take effect immediately.
"
0x7d3a,"But a target hit on the head will drop like
a fly.
","But a target hit on the head will drop like
a fly.
"
0x7d6e,"If you want to take an enemy out in
a flash, aim for the head.
","If you want to take an enemy out in
a flash, aim for the head.
"
0x7dae,"Equip food as a weapon and press
the Weapon Button to throw the food.
","Equip food as a weapon and press
the Weapon Button to throw the food.
"
0x7df5,"If you throw a live animal near an enemy,
you may be able to distract him.
","If you throw a live animal near an enemy,
you may be able to distract him.
"
0x7e41,"If an enemy is really hungry, he may
pounce at the prospect of food.
","If an enemy is really hungry, he may
pounce at the prospect of food.
"
0x7e87,"You have minimal gear on this mission and
have to make the most use out of anything
you can procure on the ground.
","You have minimal gear on this mission and
have to make the most use out of anything
you can procure on the ground.
"
0x7efb,"Move the right analog stick in a direction
during overhead view to look in that direction.
","Move the right analog stick in a direction
during overhead view to look in that direction.
"
0x7f57,"Move the right analog stick left to see
what's nearby on screen left,
","Move the right analog stick left to see
what's nearby on screen left,
"
0x7f9e,"move right for screen right, up to see
what's further ahead, and down to see
what's nearby.
","move right for screen right, up to see
what's further ahead, and down to see
what's nearby.
"
0x7ffb,"If you press the  button while the right
analog stick is pointed in a direction, you
can lock the camera on that position.
","If you press the  button while the right
analog stick is pointed in a direction, you
can lock the camera on that position.
"
0x807a,"For example, if you're heading north, move
the right analog stick up and press the 
button to lock the camera,
","For example, if you're heading north, move
the right analog stick up and press the 
button to lock the camera,
"
0x80ed,"allowing you to observe things in the
direction of movement.
","allowing you to observe things in the
direction of movement.
"
0x812b,"Then, if you later spot an enemy patrol to
the east, lock the camera to the right so
you can hide while observing the threat.
","Then, if you later spot an enemy patrol to
the east, lock the camera to the right so
you can hide while observing the threat.
"
0x81aa,"Use of this technique can be greatly
advantageous to your mission. Make
sure to get the most out of it.
","Use of this technique can be greatly
advantageous to your mission. Make
sure to get the most out of it.
"
0x8213,"Press the Crawl Button during a run to
commence a roll.
","Press the Crawl Button during a run to
commence a roll.
"
0x824c,"For a brief interval you will perform
a jump which can be used to knock
down enemies.
","For a brief interval you will perform
a jump which can be used to knock
down enemies.
"
0x82a3,"In contrast to the training you've done
so far, you can use rolling to jump
waist-high objects.
","In contrast to the training you've done
so far, you can use rolling to jump
waist-high objects.
"
0x8304,"However, remember that rolling
consumes more stamina than
standard running.
","However, remember that rolling
consumes more stamina than
standard running.
"
0x8351,"Snake, in order to maintain your stamina,
you'll have to feed yourself.
","Snake, in order to maintain your stamina,
you'll have to feed yourself.
"
0x839a,"The idea behind this mission is
procure-on-site. This goes for food,
as well.
","The idea behind this mission is
procure-on-site. This goes for food,
as well.
"
0x83e9,"Procure-on-site...
","Procure-on-site...
"
0x83fd,"That's right.
","That's right.
"
0x840c,"But, don't you think I should've at least
brought a few rations?
","But, don't you think I should've at least
brought a few rations?
"
0x844e,"Americans have a terrible habit of taking
everything with them.
","Americans have a terrible habit of taking
everything with them.
"
0x848f,"Nowadays, nobody can get anything done
without a lot of fancy equipment.
","Nowadays, nobody can get anything done
without a lot of fancy equipment.
"
0x84d9,"It wasn't like that in SAS, I'll tell you that.
And with FOX, we're running things my way.
","It wasn't like that in SAS, I'll tell you that.
And with FOX, we're running things my way.
"
0x8535,"Roger that sir.
","Roger that sir.
"
0x8546,"You're not convinced, are you?
Well think of it this way -
","You're not convinced, are you?
Well think of it this way -
"
0x8582,"the stuff you'll find out there tastes a lot
better than army rations anyway.
","the stuff you'll find out there tastes a lot
better than army rations anyway.
"
0x85d1,"Hope you're right.
","Hope you're right.
"
0x85e5,"You'll be procuring food by capturing
local plants and animals.
","You'll be procuring food by capturing
local plants and animals.
"
0x8626,"Para-Medic has information on the flora
and fauna available in the mission area.
","Para-Medic has information on the flora
and fauna available in the mission area.
"
0x8678,"Ask her if you have any questions about
the plants and animals you find.
","Ask her if you have any questions about
the plants and animals you find.
"
0x86c2,"Snake, when your stamina gets low,
it negatively affects your physical abilities.
","Snake, when your stamina gets low,
it negatively affects your physical abilities.
"
0x8715,"You've got to replenish your stamina
before it runs out.
","You've got to replenish your stamina
before it runs out.
"
0x874f,"The gauge below your Life Gauge
is your Stamina Gauge.
","The gauge below your Life Gauge
is your Stamina Gauge.
"
0x8787,"It shows, as the name suggests,
your remaining stamina.
","It shows, as the name suggests,
your remaining stamina.
"
0x87c0,"As you consume stamina, your natural
LIFE regeneration is slowed, and your
hands shake more.
","As you consume stamina, your natural
LIFE regeneration is slowed, and your
hands shake more.
"
0x881e,"Your O2 Gauge and Grip Gauge also
become shorter.
","Your O2 Gauge and Grip Gauge also
become shorter.
"
0x8851,"Excessively low stamina can often impede
your mission objectives.
","Excessively low stamina can often impede
your mission objectives.
"
0x8894,"Make sure you replenish stamina
before that occurs.
","Make sure you replenish stamina
before that occurs.
"
0x88c9,"Eat food to recover stamina.
","Eat food to recover stamina.
"
0x88e7,"Capture plants and animals to get food.
","Capture plants and animals to get food.
"
0x8910,"I have information on the local plants and
animals, so don't hesitate to ask.
","I have information on the local plants and
animals, so don't hesitate to ask.
"
0x895f,"My frequency is 145.73.
","My frequency is 145.73.
"
0x8978,"Your actions can lower your stamina.
The more demanding the activity,
the more stamina consumed.
","Your actions can lower your stamina.
The more demanding the activity,
the more stamina consumed.
"
0x89da,"Exactly.
","Exactly.
"
0x89e4,"Walking slowly will conserve stamina,
while actions like rolling, crawling, and
stalking consume large amounts of it.
","Walking slowly will conserve stamina,
while actions like rolling, crawling, and
stalking consume large amounts of it.
"
0x8a5b,"Try your best to avoid unnecessary actions
in order to conserve stamina.
","Try your best to avoid unnecessary actions
in order to conserve stamina.
"
0x8aa5,"Snake, use the Survival Viewer to pick
your camouflage, treat wounds,
and eat food.
","Snake, use the Survival Viewer to pick
your camouflage, treat wounds,
and eat food.
"
0x8afa,"Ask The Boss or Para-Medic about
the details.
","Ask The Boss or Para-Medic about
the details.
"
0x8b29,"Snake, remember that the suppressor
is a limited commodity.
","Snake, remember that the suppressor
is a limited commodity.
"
0x8b66,"I know. No suppressor lasts forever.
","I know. No suppressor lasts forever.
"
0x8b8c,"Exactly.
","Exactly.
"
0x8b96,"When the suppressor's durability wears
away, it breaks beyond repair.
","When the suppressor's durability wears
away, it breaks beyond repair.
"
0x8bdd,"See the weapon icon to check the
suppressor's present level of durability.
","See the weapon icon to check the
suppressor's present level of durability.
"
0x8c29,"Remove the suppressor from your gun
if you want to make it last.
","Remove the suppressor from your gun
if you want to make it last.
"
0x8c6b,"Select the weapon that the suppressor is
on with the Weapon Window Button,
","Select the weapon that the suppressor is
on with the Weapon Window Button,
"
0x8cb7,"and press the Enter Button to attach or
detach the suppressor.
","and press the Enter Button to attach or
detach the suppressor.
"
0x8cf7,"Regulate usage of the suppressor based
on the situation.
","Regulate usage of the suppressor based
on the situation.
"
0x8d31,"Snake, certain enemy soldiers are
equipped with radios.
","Snake, certain enemy soldiers are
equipped with radios.
"
0x8d6a,"These signalers can use their radios to
transmit information to and from the
command headquarters.
","These signalers can use their radios to
transmit information to and from the
command headquarters.
"
0x8dce,"If a signaler realizes your presence,
you can bet he'll be on the horn calling
backup from headquarters.
","If a signaler realizes your presence,
you can bet he'll be on the horn calling
backup from headquarters.
"
0x8e38,"After headquarters receives the call for
backup, they contact a nearby unit and
order them to head over to give support.
","After headquarters receives the call for
backup, they contact a nearby unit and
order them to head over to give support.
"
0x8eb2,"Once backup arrives, your enemies will
outnumber you beyond hope for victory.
It'll be too much for even you to handle.
","Once backup arrives, your enemies will
outnumber you beyond hope for victory.
It'll be too much for even you to handle.
"
0x8f2b,"If you notice a signaler making a call
for backup with his radio, take him out
before he has the chance.
","If you notice a signaler making a call
for backup with his radio, take him out
before he has the chance.
"
0x8f95,"If the call gets through, retreat before
the backup unit arrives.
","If the call gets through, retreat before
the backup unit arrives.
"
0x8fd8,"If you hang around too long, you'll find
yourself immensely outmatched. Got it?
","If you hang around too long, you'll find
yourself immensely outmatched. Got it?
"
0x9029,"It's possible to destroy the radio that
enemy correspondents use.
","It's possible to destroy the radio that
enemy correspondents use.
"
0x906c,"If you must get involved in a fight,
","If you must get involved in a fight,
"
0x9092,"destroying the radio first will allow you
to concentrate on the battle without
worrying about reinforcements.
","destroying the radio first will allow you
to concentrate on the battle without
worrying about reinforcements.
"
0x9101,"Snake, this operation is a sneaking
mission. You'll be doing your job right
under the enemy's nose.
","Snake, this operation is a sneaking
mission. You'll be doing your job right
under the enemy's nose.
"
0x9166,"In the event that you are spotted by an
enemy, disable him before he can alert
nearby soldiers.
","In the event that you are spotted by an
enemy, disable him before he can alert
nearby soldiers.
"
0x91c7,"If you can take him out before he alerts
other enemies of your presence,
","If you can take him out before he alerts
other enemies of your presence,
"
0x9211,"then the Alert Phase will quickly be
restored to Normal Phase.
","then the Alert Phase will quickly be
restored to Normal Phase.
"
0x9251,"But don't forget - even this should only
happen in emergencies.
","But don't forget - even this should only
happen in emergencies.
"
0x9292,"Your top priority is to avoid being spotted
by the enemy in the first place.
Be effective.
","Your top priority is to avoid being spotted
by the enemy in the first place.
Be effective.
"
0x92ee,"Snake, did you notice that when you knock
an enemy unconscious, stars appear over
his head?
","Snake, did you notice that when you knock
an enemy unconscious, stars appear over
his head?
"
0x934b,"If you take a close look at the stars above
the enemy's head, you'll notice that they
gradually disappear, one at a time.
","If you take a close look at the stars above
the enemy's head, you'll notice that they
gradually disappear, one at a time.
"
0x93c6,"Once the stars are all gone, the enemy
becomes conscious again, and returns
to battle.
","Once the stars are all gone, the enemy
becomes conscious again, and returns
to battle.
"
0x941e,"So, when you knock out an enemy,
be sure to plan for his recovery.
","So, when you knock out an enemy,
be sure to plan for his recovery.
"
0x9462,"Snake, that region is inside the enemy's
area of control.
","Snake, that region is inside the enemy's
area of control.
"
0x949d,"I know. Time for the real deal.
","I know. Time for the real deal.
"
0x94be,"The enemy is running regular patrols.
You don't know when or where you
might run into them.
","The enemy is running regular patrols.
You don't know when or where you
might run into them.
"
0x951b,"Use camouflage prudently,
and proceed with caution.
","Use camouflage prudently,
and proceed with caution.
"
0x9550,"To use camouflage, first press the START
button to go to the Survival Viewer.
","To use camouflage, first press the START
button to go to the Survival Viewer.
"
0x959f,"Then select CAMOUFLAGE and press
the Enter Button.
","Then select CAMOUFLAGE and press
the Enter Button.
"
0x95d3,"Select UNIFORM to select battle fatigues,
and FACE to select face paint.
","Select UNIFORM to select battle fatigues,
and FACE to select face paint.
"
0x961d,"Choose battle fatigues that match
the surrounding environment.
","Choose battle fatigues that match
the surrounding environment.
"
0x965d,"The most effective camouflage is attained
by selecting fatigues that blend in with
the environment.
","The most effective camouflage is attained
by selecting fatigues that blend in with
the environment.
"
0x96c2,"Camouflage patterns that stand out in
your surroundings will attract attention.
","Camouflage patterns that stand out in
your surroundings will attract attention.
"
0x9713,"Snake, camouflage uniforms alone are not
enough. You'll need to put on face paint
as well.
","Snake, camouflage uniforms alone are not
enough. You'll need to put on face paint
as well.
"
0x976f,"Face paint is camouflage applied to
the face.
","Face paint is camouflage applied to
the face.
"
0x979e,"Bare skin sticks out like a sore thumb in
the jungle, so always protect yourself with
face paint.
","Bare skin sticks out like a sore thumb in
the jungle, so always protect yourself with
face paint.
"
0x9801,"Choose a color that matches the features
of your surroundings, and use your finger
to apply the face paint.
","Choose a color that matches the features
of your surroundings, and use your finger
to apply the face paint.
"
0x986e,"Start by applying a light color, then
gradually move up in darkness.
","Start by applying a light color, then
gradually move up in darkness.
"
0x98b4,"That way, even if you make a mistake,
you can cover it up with a later, darker
color.
","That way, even if you make a mistake,
you can cover it up with a later, darker
color.
"
0x990b,"In order to flatten the appearance of
your face,
","In order to flatten the appearance of
your face,
"
0x993d,"use light colors on areas of the face
that recede, and dark colors on areas
that protrude.
","use light colors on areas of the face
that recede, and dark colors on areas
that protrude.
"
0x9999,"Open the Survival Viewer, go to
CAMOUFLAGE, then select FACE,
and you'll find the selection of face paints.
","Open the Survival Viewer, go to
CAMOUFLAGE, then select FACE,
and you'll find the selection of face paints.
"
0x9a06,"Be sure to select a face paint that makes
you blend right into your surroundings.
Okay?
","Be sure to select a face paint that makes
you blend right into your surroundings.
Okay?
"
0x9a5f,"Snake, camouflage and face paint alone
won't make you blend in completely.
","Snake, camouflage and face paint alone
won't make you blend in completely.
"
0x9aab,"In addition to the camouflage itself, your
physical position is a crucial dynamic you
should keep in mind.
","In addition to the camouflage itself, your
physical position is a crucial dynamic you
should keep in mind.
"
0x9b17,"Camouflage is about blending in with
nature. To ensure effective camouflage,
you have to stay low and keep still.
","Camouflage is about blending in with
nature. To ensure effective camouflage,
you have to stay low and keep still.
"
0x9b8a,"As long as you have camouflage fatigues,
face paint that matches the environment,
and lay on your stomach,
","As long as you have camouflage fatigues,
face paint that matches the environment,
and lay on your stomach,
"
0x9bf6,"you don't need to be concerned with being
spotted by distant enemies.
","you don't need to be concerned with being
spotted by distant enemies.
"
0x9c3d,"On the other hand, no amount of
camouflage will keep you hidden from
the enemy if you're running around.
","On the other hand, no amount of
camouflage will keep you hidden from
the enemy if you're running around.
"
0x9ca7,"So, when you need to hide from the
enemy, lie as low as possible, and
stay still.
","So, when you need to hide from the
enemy, lie as low as possible, and
stay still.
"
0x9cfa,"You can check the Camo Index to see
how your movement and position affects
the quality of your disguise.
","You can check the Camo Index to see
how your movement and position affects
the quality of your disguise.
"
0x9d64,"Snake, in order to carry out the mission
without being spotted, you must learn to detect
an approaching enemy well ahead of time.
","Snake, in order to carry out the mission
without being spotted, you must learn to detect
an approaching enemy well ahead of time.
"
0x9de7,"Press the First Person View Button and
use the First Person View to constantly
check your surroundings as you proceed.
","Press the First Person View Button and
use the First Person View to constantly
check your surroundings as you proceed.
"
0x9e5f,"Press the First Person View Button to
switch to the First Person View.
","Press the First Person View Button to
switch to the First Person View.
"
0x9ea7,"In First Person View, you can look at your
surroundings through your own eyes.
","In First Person View, you can look at your
surroundings through your own eyes.
"
0x9ef7,"The Overhead View's range is limited.
","The Overhead View's range is limited.
"
0x9f1e,"If you plow ahead using only the Overhead
View, you put yourself in danger of running into
an enemy without even realizing he was there.
","If you plow ahead using only the Overhead
View, you put yourself in danger of running into
an enemy without even realizing he was there.
"
0x9fa8,"Make regular stops, and check your
surroundings with First Person View.
Okay, Snake?
","Make regular stops, and check your
surroundings with First Person View.
Okay, Snake?
"
0x9ffe,"You can use an equipped weapon during
First Person View. This is called a First
Person View attack.
","You can use an equipped weapon during
First Person View. This is called a First
Person View attack.
"
0xa063,"When using First Person View attack, you
can direct your line of fire up, down,
left or right.
","When using First Person View attack, you
can direct your line of fire up, down,
left or right.
"
0xa0c3,"The First Person View attack is
a fundamental part of gunfighting.
","The First Person View attack is
a fundamental part of gunfighting.
"
0xa107,"It allows you to aim in directions impossible
to hit with the overhead view like shooting
enemies that are above or below you.
","It allows you to aim in directions impossible
to hit with the overhead view like shooting
enemies that are above or below you.
"
0xa187,"It also makes it possible to aim for your
enemies' weak points.
","It also makes it possible to aim for your
enemies' weak points.
"
0xa1c8,"When you need to take an enemy out in
one shot, use a First Person View attack
and aim for the head.
","When you need to take an enemy out in
one shot, use a First Person View attack
and aim for the head.
"
0xa22e,"Each time you use up the ammunition
in a magazine, you'll need to load the
next one.
","Each time you use up the ammunition
in a magazine, you'll need to load the
next one.
"
0xa284,"You'll be vulnerable while changing
magazines, so always be aware of
your remaining bullets.
","You'll be vulnerable while changing
magazines, so always be aware of
your remaining bullets.
"
0xa2e2,"Remaining bullets are displayed
in an icon.
","Remaining bullets are displayed
in an icon.
"
0xa30f,"You may want to carry out a tactical reload
before the magazine is fully used.
","You may want to carry out a tactical reload
before the magazine is fully used.
"
0xa35f,"A tactical reload is a change of magazines
carried out before the bullets in the
magazine are completely used up.
","A tactical reload is a change of magazines
carried out before the bullets in the
magazine are completely used up.
"
0xa3d2,"It keeps you from running out of bullets
near your enemies, so that you can keep
up your level of firepower,
","It keeps you from running out of bullets
near your enemies, so that you can keep
up your level of firepower,
"
0xa440,"and you will always have a bullet in your
chamber.
","and you will always have a bullet in your
chamber.
"
0xa474,"The trick is: don't lower your gun or your
line of sight when reloading.
","The trick is: don't lower your gun or your
line of sight when reloading.
"
0xa4be,"Keep your line of sight up and concentrate
on your surroundings while changing
magazines.
","Keep your line of sight up and concentrate
on your surroundings while changing
magazines.
"
0xa519,"And don't forget to retrieve magazines that
still have bullets remaining in them.
","And don't forget to retrieve magazines that
still have bullets remaining in them.
"
0xa56c,"The actual procedure involves unequipping
your gun, and then equipping it once
again.
","The actual procedure involves unequipping
your gun, and then equipping it once
again.
"
0xa5c3,"That will load the gun with a new
magazine.
","That will load the gun with a new
magazine.
"
0xa5f0,"I recommend pressing the Weapon
Window Button quickly to carry out
a quick reload.
","I recommend pressing the Weapon
Window Button quickly to carry out
a quick reload.
"
0xa644,"Press the Action Button from on top
a branch to hang down from the tree.
","Press the Action Button from on top
a branch to hang down from the tree.
"
0xa68e,"But you can only remain hanging as long
as your grip strength lasts.
","But you can only remain hanging as long
as your grip strength lasts.
"
0xa6d4,"Keep an eye on your Grip Gauge when
dangling from a tree.
","Keep an eye on your Grip Gauge when
dangling from a tree.
"
0xa70f,"Be careful -- with low stamina, your
grip won't last long.
","Be careful -- with low stamina, your
grip won't last long.
"
0xa74b,"Even while hanging, you can fire your
handgun with one arm.
","Even while hanging, you can fire your
handgun with one arm.
"
0xa788,"And if you are attacked during a hanging
maneuver, don't panic and claim
the advantage.
","And if you are attacked during a hanging
maneuver, don't panic and claim
the advantage.
"
0xa7e1,"Snake, what do you do when you get
a new weapon or item?
","Snake, what do you do when you get
a new weapon or item?
"
0xa81b,"I put it in my backpack first.
","I put it in my backpack first.
"
0xa83b,"But you know that you can't equip items
that are still in your backpack, right?
","But you know that you can't equip items
that are still in your backpack, right?
"
0xa88c,"Yeah. The only things that can be
equipped with the Weapon and Item
Window Buttons are items on my person.
","Yeah. The only things that can be
equipped with the Weapon and Item
Window Buttons are items on my person.
"
0xa8f8,"Correct. If you want to equip an item,
first you have to remove it from your
backpack.
","Correct. If you want to equip an item,
first you have to remove it from your
backpack.
"
0xa950,"To place a weapon on your person, go to
the Survival Viewer, then BACKPACK,
then select WEAPON.
","To place a weapon on your person, go to
the Survival Viewer, then BACKPACK,
then select WEAPON.
"
0xa9b1,"A list of weapons will be shown in a
window in the upper left.
","A list of weapons will be shown in a
window in the upper left.
"
0xa9f1,"Select the weapon you wish to put on
your person with the left analog stick
","Select the weapon you wish to put on
your person with the left analog stick
"
0xaa3e,"and press the Enter Button to remove
the weapon from your backpack and
equip it to your person.
","and press the Enter Button to remove
the weapon from your backpack and
equip it to your person.
"
0xaa9f,"However, you can only carry so many
weapons at once on your person.
","However, you can only carry so many
weapons at once on your person.
"
0xaae4,"Put unnecessary weapons back into
your backpack.
","Put unnecessary weapons back into
your backpack.
"
0xab16,"Select a weapon on your person from the
weapon list and press the Enter Button to
put that weapon into your backpack.
","Select a weapon on your person from the
weapon list and press the Enter Button to
put that weapon into your backpack.
"
0xab8d,"Your situation determines what weapons
are most useful.
","Your situation determines what weapons
are most useful.
"
0xabc6,"Consider this when choosing which
weapons to put on your person.
Okay, Snake?
","Consider this when choosing which
weapons to put on your person.
Okay, Snake?
"
0xac15,"Snake, aiming your gun during First
Person View is a bit different from
what you're used to in training.
","Snake, aiming your gun during First
Person View is a bit different from
what you're used to in training.
"
0xac7f,"When you aim your handgun in First Person
View, align the front sight and the rear sight
of the gun with the target, then fire.
","When you aim your handgun in First Person
View, align the front sight and the rear sight
of the gun with the target, then fire.
"
0xad00,"No laser sight?
","No laser sight?
"
0xad11,"What?
","What?
"
0xad18,"A laser sight. I heard the military was
developing them but...
","A laser sight. I heard the military was
developing them but...
"
0xad58,"You want a laser sight?
","You want a laser sight?
"
0xad71,"...
","...
"
0xad76,"A well-trained soldier has no use for
a laser sight. No training-wheels on this
mission Snake.
","A well-trained soldier has no use for
a laser sight. No training-wheels on this
mission Snake.
"
0xadd6,"...
","...
"
0xaddb,"For the assault rifle and certain other weapons,
pressing the Weapon Button will first ready
the gun for shooting from the hip.
","For the assault rifle and certain other weapons,
pressing the Weapon Button will first ready
the gun for shooting from the hip.
"
0xae5c,"If you're in a close-quarters fight or other
situation that requires immediate action,
fire from that position.
","If you're in a close-quarters fight or other
situation that requires immediate action,
fire from that position.
"
0xaecd,"Observe where your shots are hitting,
and correct your aim accordingly.
","Observe where your shots are hitting,
and correct your aim accordingly.
"
0xaf16,"I understand, but that doesn't sound
too accurate.
","I understand, but that doesn't sound
too accurate.
"
0xaf4a,"Of course not. So when you require
pinpoint targeting, like when firing from
afar or sniping, hold the Aim Button to aim.
","Of course not. So when you require
pinpoint targeting, like when firing from
afar or sniping, hold the Aim Button to aim.
"
0xafc5,"Carefully align your front and rear sights
to concentrate fire and gain a sharper view
on your target.
","Carefully align your front and rear sights
to concentrate fire and gain a sharper view
on your target.
"
0xb02d,"Snake, the Soviet troops are not your
only enemies.
","Snake, the Soviet troops are not your
only enemies.
"
0xb062,"How do you mean?
","How do you mean?
"
0xb074,"Nature...
","Nature...
"
0xb07f,"Boss...
","Boss...
"
0xb088,"Poisonous snakes, scorpions, crocodiles,
hornets - there are dozens of dangerous
life forms living in Tselinoyarsk.
","Poisonous snakes, scorpions, crocodiles,
hornets - there are dozens of dangerous
life forms living in Tselinoyarsk.
"
0xb0fd,"There are even poisonous mushrooms and
frogs, and other plants and animals that
you must not eat.
","There are even poisonous mushrooms and
frogs, and other plants and animals that
you must not eat.
"
0xb160,"In order to survive in nature, you have to
know nature.
","In order to survive in nature, you have to
know nature.
"
0xb199,"Para-Medic has information on the flora
and fauna in each area. Ask her for
the details.
","Para-Medic has information on the flora
and fauna in each area. Ask her for
the details.
"
0xb1f3,"In most areas outdoors, your footsteps will
create some noise even if you walk slowly by
using small movements of the left analog stick.
","In most areas outdoors, your footsteps will
create some noise even if you walk slowly by
using small movements of the left analog stick.
"
0xb27d,"This could alert nearby enemies to your
presence.
","This could alert nearby enemies to your
presence.
"
0xb2b0,"If you need to sneak up behind an enemy,
use a directional button to utilize stalking.
","If you need to sneak up behind an enemy,
use a directional button to utilize stalking.
"
0xb308,"Stalking is a movement technique that
eliminates even the sound of your
footsteps.
","Stalking is a movement technique that
eliminates even the sound of your
footsteps.
"
0xb35c,"Stalking involves putting your weight on
your rear foot, then stepping forward
slowly with your front foot.
","Stalking involves putting your weight on
your rear foot, then stepping forward
slowly with your front foot.
"
0xb3c9,"Before putting down the front foot,
","Before putting down the front foot,
"
0xb3ee,"use the tip of your foot to check for dangerous
objects or branches that might create a noise
when stepped upon.
","use the tip of your foot to check for dangerous
objects or branches that might create a noise
when stepped upon.
"
0xb460,"Once you've determined the spot is safe
to step on, slowly lower your foot to
the ground,
","Once you've determined the spot is safe
to step on, slowly lower your foot to
the ground,
"
0xb4bb,"placing it down from the outside edge first,
and then slowly lowering your weight onto
the foot.
","placing it down from the outside edge first,
and then slowly lowering your weight onto
the foot.
"
0xb51d,"Throughout the entire process, you have
to strain your calves to retain balance.
","Throughout the entire process, you have
to strain your calves to retain balance.
"
0xb56f,"...
","...
"
0xb574,"But all you need to do is press the
directional button in the direction
you wish to move.
","But all you need to do is press the
directional button in the direction
you wish to move.
"
0xb5cf,"When stalking, you can move without
creating sound with your footsteps.
","When stalking, you can move without
creating sound with your footsteps.
"
0xb618,"And, since your posture is low while
stalking, you are that much less likely
to be spotted by the enemy.
","And, since your posture is low while
stalking, you are that much less likely
to be spotted by the enemy.
"
0xb682,"Since you move cautiously while stalking,
you will be able to detect a trap on
the ground before it is set off.
","Since you move cautiously while stalking,
you will be able to detect a trap on
the ground before it is set off.
"
0xb6f3,"However, the slow, concentrated
movement while stalking consumes
high amounts of stamina.
","However, the slow, concentrated
movement while stalking consumes
high amounts of stamina.
"
0xb74e,"Switch between walking and running with
the left analog stick,
","Switch between walking and running with
the left analog stick,
"
0xb78e,"and stalking with the directional buttons
depending on the situation.
","and stalking with the directional buttons
depending on the situation.
"
0xb7d5,"Listen up, Snake. Keep in mind that this
operation is strictly covert.
","Listen up, Snake. Keep in mind that this
operation is strictly covert.
"
0xb81d,"Engagements should be avoided.
If you must dispose of an enemy,
do it with the tranquilizer gun.
","Engagements should be avoided.
If you must dispose of an enemy,
do it with the tranquilizer gun.
"
0xb87f,"Yup. Sweet dreams, boy scout.
","Yup. Sweet dreams, boy scout.
"
0xb89e,"That's right. And by the time he wakes up,
you and Sokolov will be safely out of
the country.
","That's right. And by the time he wakes up,
you and Sokolov will be safely out of
the country.
"
0xb8fd,"Sipping hot coffee on a plane back home.
","Sipping hot coffee on a plane back home.
"
0xb927,"...What did you say?
","...What did you say?
"
0xb93d,"?
","?
"
0xb940,"WHAT did you say?
","WHAT did you say?
"
0xb953,"Sipping hot coffee on a...
","Sipping hot coffee on a...
"
0xb96f,"You're going to drink that foul mud?
On the victory flight home?
","You're going to drink that foul mud?
On the victory flight home?
"
0xb9b1,"Okay, then what would you drink?
","Okay, then what would you drink?
"
0xb9d3,"Tea, of course!
","Tea, of course!
"
0xb9e4,"In the two years since Sokolov's asylum
operation, I've spent all my time making
preparations.
","In the two years since Sokolov's asylum
operation, I've spent all my time making
preparations.
"
0xba44,"And now is the time to show some results.
","And now is the time to show some results.
"
0xba6f,"FOX is a next-generation espionage
organization
","FOX is a next-generation espionage
organization
"
0xbaa0,"designed to update us for 21st century
operations that I proposed to the CIA.
","designed to update us for 21st century
operations that I proposed to the CIA.
"
0xbaef,"FOX sends individuals who excel in
espionage and special tactics on solo
sneaking missions like this one...
","FOX sends individuals who excel in
espionage and special tactics on solo
sneaking missions like this one...
"
0xbb5c,"...A next-generation unit that combines
the skills of special forces units
like the SAS and Green Berets
","...A next-generation unit that combines
the skills of special forces units
like the SAS and Green Berets
"
0xbbc6,"with the know-how of an infiltration and
espionage unit.
","with the know-how of an infiltration and
espionage unit.
"
0xbc00,"Military politics never was my strong suit...
","Military politics never was my strong suit...
"
0xbc2f,"What I'm trying to say is...stealth.
This is a stealth mission.
","What I'm trying to say is...stealth.
This is a stealth mission.
"
0xbc70,"Crucial to the coming cold war.
","Crucial to the coming cold war.
"
0xbc91,"The CIA director has always frowned upon
FOX, but if this mission succeeds, FOX
will be added to the CIA as an official unit.
","The CIA director has always frowned upon
FOX, but if this mission succeeds, FOX
will be added to the CIA as an official unit.
"
0xbd10,"I intend to make FOX the leader in
special operations.
","I intend to make FOX the leader in
special operations.
"
0xbd48,"And to that end, this mission must
succeed.
","And to that end, this mission must
succeed.
"
0xbd75,"Right.
","Right.
"
0xbd7d,"I'm counting on you, Snake.
","I'm counting on you, Snake.
"
0xbd9a,"Part of your mission is to demonstrate to
the brass the core concepts behind FOX.
","Part of your mission is to demonstrate to
the brass the core concepts behind FOX.
"
0xbded,"Leave no evidence. That's the essence
of FOX. And avoid engagement with
the enemy.
","Leave no evidence. That's the essence
of FOX. And avoid engagement with
the enemy.
"
0xbe41,"Understood.
","Understood.
"
0xbe4e,"Not only that. I mean leave NOTHING
behind, including weapons, equipment,
footprints, sweat...even bodily waste.
","Not only that. I mean leave NOTHING
behind, including weapons, equipment,
footprints, sweat...even bodily waste.
"
0xbec0,"Yeah. When I do my business,
I bury it good.
","Yeah. When I do my business,
I bury it good.
"
0xbeee,"What!?
","What!?
"
0xbef6,"What's wrong?
","What's wrong?
"
0xbf05,"That's the American way?
","That's the American way?
"
0xbf1f,"American way for what?
","American way for what?
"
0xbf37,"To handle defecation.
You're going to BURY it?
","To handle defecation.
You're going to BURY it?
"
0xbf67,"Yeah.
","Yeah.
"
0xbf6e,"Bring it home with you.
","Bring it home with you.
"
0xbf87,"What?
","What?
"
0xbf8e,"That's what we did in SAS.
","That's what we did in SAS.
"
0xbfaa,"...
","...
"
0xbfaf,"The U.S. army is sloppy. They do things
well, but not perfectly. Here in FOX, we're
doing things my way. Got it?
","The U.S. army is sloppy. They do things
well, but not perfectly. Here in FOX, we're
doing things my way. Got it?
"
0xc021,"...Yes, sir...
","...Yes, sir...
"
0xc031,"Major.
","Major.
"
0xc039,"What is it?
","What is it?
"
0xc046,"It's about your code name...
","It's about your code name...
"
0xc064,"Major Tom?
","Major Tom?
"
0xc070,"Yeah. Where did you get that name?
","Yeah. Where did you get that name?
"
0xc094,"From a tunnel.
","From a tunnel.
"
0xc0a4,"A tunnel?
","A tunnel?
"
0xc0af,"That's right. Snake, have you seen
the movie ""The Great Escape""?
","That's right. Snake, have you seen
the movie ""The Great Escape""?
"
0xc0f1,"No.
","No.
"
0xc0f6,"It's a movie about a determined group of
allied POWs trapped in a German POW
camp who plan an escape.
","It's a movie about a determined group of
allied POWs trapped in a German POW
camp who plan an escape.
"
0xc15d,"The POWs dig three tunnels for their
escape. They named them Dick, Harry,
and Tom.
","The POWs dig three tunnels for their
escape. They named them Dick, Harry,
and Tom.
"
0xc1b1,"I see. So Tom was an escape tunnel.
Did they make it?
","I see. So Tom was an escape tunnel.
Did they make it?
"
0xc1e8,"Out of the camp? Of course.
","Out of the camp? Of course.
"
0xc205,"One of the tunnels was even discovered
before it was finished, but eventually,
they do make it out.
","One of the tunnels was even discovered
before it was finished, but eventually,
they do make it out.
"
0xc26a,"I get it now. So Tom was the tunnel
they used to escape.
","I get it now. So Tom was the tunnel
they used to escape.
"
0xc2a4,"...Uh, yes, that's right.
","...Uh, yes, that's right.
"
0xc2bf,"What is it?
","What is it?
"
0xc2cc,"Mmm, actually, I'm not sure if I remember
correctly...
","Mmm, actually, I'm not sure if I remember
correctly...
"
0xc304,"Major...
","Major...
"
0xc30e,"It's all right. It's Tom, Snake, Tom is
the escape tunnel. Yes, no question about
it.
","It's all right. It's Tom, Snake, Tom is
the escape tunnel. Yes, no question about
it.
"
0xc365,"...
","...
"
0xc36a,"Major, what about my code name?
","Major, what about my code name?
"
0xc38b,"You mean, Naked Snake?
","You mean, Naked Snake?
"
0xc3a3,"Yeah. What does it mean?
","Yeah. What does it mean?
"
0xc3bd,"It's because snakes slither through
the grass, unnoticed to those around
them...
","It's because snakes slither through
the grass, unnoticed to those around
them...
"
0xc40f,"No, I mean the ""naked"" part.
","No, I mean the ""naked"" part.
"
0xc42d,"It means without embellishment, devoid
of a specified quality - in other words,
basic.
","It means without embellishment, devoid
of a specified quality - in other words,
basic.
"
0xc485,"Why's that my code name?
","Why's that my code name?
"
0xc49f,"I explained that the Virtuous Mission
is designed to test the effectiveness
of FOX, right?
","I explained that the Virtuous Mission
is designed to test the effectiveness
of FOX, right?
"
0xc4fb,"Right.
","Right.
"
0xc503,"And the procedure used for this mission
will represent the modus operandi of FOX
for future missions. In other words...
","And the procedure used for this mission
will represent the modus operandi of FOX
for future missions. In other words...
"
0xc57c,"The essence of FOX, naked and pure?
","The essence of FOX, naked and pure?
"
0xc5a1,"Exactly. And there's the fact that you went
in practically naked - no weapons,
no equipment.
","Exactly. And there's the fact that you went
in practically naked - no weapons,
no equipment.
"
0xc5ff,"I see. Means more than I realized.
","I see. Means more than I realized.
"
0xc623,"Yes, clever isn't it? But don't leave
yourself naked to the enemy.
","Yes, clever isn't it? But don't leave
yourself naked to the enemy.
"
0xc667,"Roger that.
","Roger that.
"
0xc674,"Snake, I've completed the double-check
on the Fulton Recovery System.
","Snake, I've completed the double-check
on the Fulton Recovery System.
"
0xc6bb,"Any problems?
","Any problems?
"
0xc6ca,"None. Leave your recovery to us.
","None. Leave your recovery to us.
"
0xc6ec,"Excellent.
","Excellent.
"
0xc6f8,"I suppose I should explain the procedure
once more before the actual maneuver?
","I suppose I should explain the procedure
once more before the actual maneuver?
"
0xc748,"No...
","No...
"
0xc74f,"I see. Well, the Fulton recovery system
allows for rapid recovery of personnel from
enemy territory,
","I see. Well, the Fulton recovery system
allows for rapid recovery of personnel from
enemy territory,
"
0xc7b5,"and is perfect for these kinds of
special operations.
","and is perfect for these kinds of
special operations.
"
0xc7ec,"...
","...
"
0xc7f1,"Basically how it works is the plane flies by
and snags a nylon lift line that the soldier
has grabbed onto,
","Basically how it works is the plane flies by
and snags a nylon lift line that the soldier
has grabbed onto,
"
0xc85e,"and that has been elevated by a balloon.
","and that has been elevated by a balloon.
"
0xc888,"The Fulton recovery system was first designed
in the 1940s as a method of picking up mail for
the American postal service.
","The Fulton recovery system was first designed
in the 1940s as a method of picking up mail for
the American postal service.
"
0xc904,"During the Korean war, that system was
redesigned to recover personnel. JACK,
an ancillary organization to the CIA...
","During the Korean war, that system was
redesigned to recover personnel. JACK,
an ancillary organization to the CIA...
"
0xc97b,"Yes, good ol' JACK...It stands for Joint
Advisory Commission, Korea. Isn't that
something?
","Yes, good ol' JACK...It stands for Joint
Advisory Commission, Korea. Isn't that
something?
"
0xc9d7,"...
","...
"
0xc9dc,"So, JACK first used the Fulton Surface-To-
Air Recovery System to extract agents
from North Korea and mainland China.
","So, JACK first used the Fulton Surface-To-
Air Recovery System to extract agents
from North Korea and mainland China.
"
0xca53,"Let's go over the procedure once more
- to be on the safe side.
","Let's go over the procedure once more
- to be on the safe side.
"
0xca94,"First, the plane drops a canister about
the size of a coffin to you.
","First, the plane drops a canister about
the size of a coffin to you.
"
0xcada,"Inside, you'll find a balloon, a 1500-foot
cable, and a harness that attaches to
your suit.
","Inside, you'll find a balloon, a 1500-foot
cable, and a harness that attaches to
your suit.
"
0xcb37,"Take the items out, attach the line to
your suit, fill the balloon with helium,
and send the line up.
","Take the items out, attach the line to
your suit, fill the balloon with helium,
and send the line up.
"
0xcb9e,"The plane will approach at 125 miles per
hour, snag the cable just below the balloon
with a hook on the nose of the aircraft,
","The plane will approach at 125 miles per
hour, snag the cable just below the balloon
with a hook on the nose of the aircraft,
"
0xcc1d,"and whisk you away.
","and whisk you away.
"
0xcc32,"Assuming the pickup is successful, you'll
be reeled in with a winch, and pulled to
safety into the rear of the aircraft. Got it?
","Assuming the pickup is successful, you'll
be reeled in with a winch, and pulled to
safety into the rear of the aircraft. Got it?
"
0xccb4,"...
","...
"
0xccb9,"Snake?
","Snake?
"
0xccc1,"Yeah, I got it.
I got it real good.
","Yeah, I got it.
I got it real good.
"
0xcce6,"Were you listening?
","Were you listening?
"
0xccfb,"Yeah.
","Yeah.
"
0xcd02,"Alright then.
","Alright then.
"
0xcd11,"You did an excellent HALO jump.
","You did an excellent HALO jump.
"
0xcd32,"Not really. I didn't land in the right spot.
","Not really. I didn't land in the right spot.
"
0xcd60,"A jumper who lost his pack on the first
real HALO jump - that'll make a good
story for you.
","A jumper who lost his pack on the first
real HALO jump - that'll make a good
story for you.
"
0xcdbd,"Who cares? There are no records of
your operations.
","Who cares? There are no records of
your operations.
"
0xcdf2,"I know, but...
","I know, but...
"
0xce02,"What, you're embarrassed?
","What, you're embarrassed?
"
0xce1d,"No, I'm not embarrassed.
","No, I'm not embarrassed.
"
0xce37,"It's The Boss, isn't it?
","It's The Boss, isn't it?
"
0xce51,"What about The Boss?
","What about The Boss?
"
0xce67,"Nothing, Para-Medic.
","Nothing, Para-Medic.
"
0xce7d,"Doesn't sound like nothing.
","Doesn't sound like nothing.
"
0xce9a,"Nothing to do with The Boss, I mean.
","Nothing to do with The Boss, I mean.
"
0xcec0,"It has something to do with The Boss,
but you don't want to say so?
","It has something to do with The Boss,
but you don't want to say so?
"
0xcf05,"...Yeah, kinda...
","...Yeah, kinda...
"
0xcf18,"...I understand, Snake.
","...I understand, Snake.
"
0xcf31,"The Boss has done a lot of work on
the military study of HALO jumps.
","The Boss has done a lot of work on
the military study of HALO jumps.
"
0xcf77,"And Snake here wanted to give a perfect
performance on the first real jump, you know,
to show respect to the mother of the technique.
","And Snake here wanted to give a perfect
performance on the first real jump, you know,
to show respect to the mother of the technique.
"
0xcffe,"Major!
","Major!
"
0xd006,"Snake!? I thought you were over and out?
","Snake!? I thought you were over and out?
"
0xd030,"...
","...
"
0xd035,"Wow, is that right?
","Wow, is that right?
"
0xd04a,"You got something to say?
","You got something to say?
"
0xd065,"No.
","No.
"
0xd06a,"I bet you do.
","I bet you do.
"
0xd079,"Not really. I just think it's kinda sweet of
you to think like that.
","Not really. I just think it's kinda sweet of
you to think like that.
"
0xd0bf,"I don't know whether to take that as
a compliment, or an insult.
","I don't know whether to take that as
a compliment, or an insult.
"
0xd101,"It's a compliment, Snake!
So tell me, is it true?
","It's a compliment, Snake!
So tell me, is it true?
"
0xd134,"What!?
","What!?
"
0xd13c,"Not that. Is it true that The Boss really
worked on research for HALO jumps?
","Not that. Is it true that The Boss really
worked on research for HALO jumps?
"
0xd18a,"Oh, that...
","Oh, that...
"
0xd197,"Yes, it's true.
","Yes, it's true.
"
0xd1a8,"HALO stands for High Altitude,
Low Opening.
","HALO stands for High Altitude,
Low Opening.
"
0xd1d5,"It's a jump technique developed for covert
insertions into enemy territory, just like
the area you're in.
","It's a jump technique developed for covert
insertions into enemy territory, just like
the area you're in.
"
0xd240,"A plane flies at 10,000 feet or above to
avoid detection by ground forces,
","A plane flies at 10,000 feet or above to
avoid detection by ground forces,
"
0xd28c,"and the jumper freefalls until he's within
a 1000-foot altitude above the target area,
when he finally opens his chute.
","and the jumper freefalls until he's within
a 1000-foot altitude above the target area,
when he finally opens his chute.
"
0xd305,"By using this technique, the chances of
revealing the parachute landing to
the enemy are marginal.
","By using this technique, the chances of
revealing the parachute landing to
the enemy are marginal.
"
0xd369,"The HALO technique was originally
developed in France.
","The HALO technique was originally
developed in France.
"
0xd3a1,"This was partly due to popularity of
parachuting as a sport since the end
of World War II.
","This was partly due to popularity of
parachuting as a sport since the end
of World War II.
"
0xd3fd,"And The Boss was an instructor for
the research that was carried out there.
","And The Boss was an instructor for
the research that was carried out there.
"
0xd44a,"In 1957 at the JFK Special Operations
Center at Fort Bragg,
","In 1957 at the JFK Special Operations
Center at Fort Bragg,
"
0xd487,"The Boss was invited to instruct at
the first ever U.S. Military HALO School.
","The Boss was invited to instruct at
the first ever U.S. Military HALO School.
"
0xd4d6,"Of course, none of this is on the record.
But she's the mother of modern-day
special forces.
","Of course, none of this is on the record.
But she's the mother of modern-day
special forces.
"
0xd534,"NO RESPONSE
","NO RESPONSE
"
0xd541,"Snake, remember that this operation is
a solo sneaking mission.
","Snake, remember that this operation is
a solo sneaking mission.
"
0xd582,"We'll be providing you with support over
the radio, but out in the field, you're on
your own. There's no backup.
","We'll be providing you with support over
the radio, but out in the field, you're on
your own. There's no backup.
"
0xd5f4,"And there's no way you'll survive a battle
with a large enemy contingent.
","And there's no way you'll survive a battle
with a large enemy contingent.
"
0xd63f,"Avoid engagement whenever possible.
Your highest priority in this mission is
staying out of sight.
","Avoid engagement whenever possible.
Your highest priority in this mission is
staying out of sight.
"
0xd6a3,"Snake, the fake death and revival pills we
gave you
","Snake, the fake death and revival pills we
gave you
"
0xd6d8,"are the latest in internal medicines developed
for intelligence ops by the CIA's technology
division.
","are the latest in internal medicines developed
for intelligence ops by the CIA's technology
division.
"
0xd73f,"You can use the fake death pill to send
yourself into a death-like state for a limited
period of time.
","You can use the fake death pill to send
yourself into a death-like state for a limited
period of time.
"
0xd7a7,"Use it wisely and you should be able to
fool the enemy into thinking you're
really dead.
","Use it wisely and you should be able to
fool the enemy into thinking you're
really dead.
"
0xd801,"It may come in handy if you ever find
yourself cornered.
","It may come in handy if you ever find
yourself cornered.
"
0xd83b,"To revive yourself from the fake-death
state, use the revival pill.
","To revive yourself from the fake-death
state, use the revival pill.
"
0xd880,"But remember - timing is critical.
The effect will be ruined if you revive
right in front of your enemy.
","But remember - timing is critical.
The effect will be ruined if you revive
right in front of your enemy.
"
0xd8ea,"Interesting. But how does it work?
","Interesting. But how does it work?
"
0xd90e,"What do you mean?
","What do you mean?
"
0xd921,"I don't feel right taking some pill I don't know
anything about. How does it make me look
dead? How's it gonna affect my body?
","I don't feel right taking some pill I don't know
anything about. How does it make me look
dead? How's it gonna affect my body?
"
0xd9a1,"Well, Snake...about that...
","Well, Snake...about that...
"
0xd9be,"I get it. I should ask Para-Medic.
Para-Medic!
","I get it. I should ask Para-Medic.
Para-Medic!
"
0xd9ee,"Allow me to explain.
","Allow me to explain.
"
0xda04,"You know how there are animals in nature
that play dead, like weevils, ladybugs,
chickadees, opossums and the like.
","You know how there are animals in nature
that play dead, like weevils, ladybugs,
chickadees, opossums and the like.
"
0xda79,"Well, the fake death pill takes the natural
art of playing dead and applies it to the
spy world.
","Well, the fake death pill takes the natural
art of playing dead and applies it to the
spy world.
"
0xdadb,"When you take the fake death pill,
it causes your body to rapidly secrete a
number of chemicals -
","When you take the fake death pill,
it causes your body to rapidly secrete a
number of chemicals -
"
0xdb3e,"adenosine and serotonin as well as opioid
peptides such as methionin enkephalin.
","adenosine and serotonin as well as opioid
peptides such as methionin enkephalin.
"
0xdb90,"Those chemicals act to induce a state
of hibernation,
","Those chemicals act to induce a state
of hibernation,
"
0xdbc7,"causing your heart rate, your breathing
rate, and your body temperature to drop
dramatically.
","causing your heart rate, your breathing
rate, and your body temperature to drop
dramatically.
"
0xdc26,"It'll truly look like you've dropped dead upon
initial inspection.
","It'll truly look like you've dropped dead upon
initial inspection.
"
0xdc6a,"The revival pill, to put it simply, is a
counteracting agent to the fake death pill.
","The revival pill, to put it simply, is a
counteracting agent to the fake death pill.
"
0xdcc0,"When you take it, it causes your body to
secrete stimulants, like noradrenaline and
other chemicals such as naloxone,
","When you take it, it causes your body to
secrete stimulants, like noradrenaline and
other chemicals such as naloxone,
"
0xdd37,"which block the effects of the fake death
pill.
","which block the effects of the fake death
pill.
"
0xdd68,"Basically, it wakes you up.
","Basically, it wakes you up.
"
0xdd85,"Does that help?
","Does that help?
"
0xdd96,"...Yeah
","...Yeah
"
0xdd9f,"OK, I'll try and explain it in more detail.
","OK, I'll try and explain it in more detail.
"
0xddcc,"The secretion of methionin enkephalin
triggered by the fake death pill causes
the opioid receptors...
","The secretion of methionin enkephalin
triggered by the fake death pill causes
the opioid receptors...
"
0xde33,"O... OK, I think I get it now.
","O... OK, I think I get it now.
"
0xde53,"You sure?
","You sure?
"
0xde5e,"Yeah.
","Yeah.
"
0xde65,"But you must want to know a little bit more.
","But you must want to know a little bit more.
"
0xde93,"There are three types of receptors: delta,
kappa, and mu. Methionin enkephalin acts
on the...
","There are three types of receptors: delta,
kappa, and mu. Methionin enkephalin acts
on the...
"
0xdef2,"Ah, Para-Medic, I think Snake understands
now. Isn't that right, Snake?
","Ah, Para-Medic, I think Snake understands
now. Isn't that right, Snake?
"
0xdf3b,"Yeah, clear as crystal.
","Yeah, clear as crystal.
"
0xdf54,"But...
","But...
"
0xdf5c,"Major, I've got enough info about the pills,
so I'm going to get back to the mission now.
","Major, I've got enough info about the pills,
so I'm going to get back to the mission now.
"
0xdfb7,"Yes. You do that.
","Yes. You do that.
"
0xdfca,"Hey, wait a--!
","Hey, wait a--!
"
0xdfda,"...
","...
"
0xdfdf,"Major, what kind of place is this secret
Design Bureau that Sokolov is heading?
","Major, what kind of place is this secret
Design Bureau that Sokolov is heading?
"
0xe030,"Mmm. The Soviets have a number of secret
Design Bureaus like this one, each engaged
in cutting-edge research.
","Mmm. The Soviets have a number of secret
Design Bureaus like this one, each engaged
in cutting-edge research.
"
0xe09f,"OKB-1, the bureau where the Voskhod
spacecraft was developed and which plays
a leading role in the Soviet space program,
","OKB-1, the bureau where the Voskhod
spacecraft was developed and which plays
a leading role in the Soviet space program,
"
0xe119,"is one of those installations.
","is one of those installations.
"
0xe139,"Most of them are located in secret cities
built in isolated areas,
","Most of them are located in secret cities
built in isolated areas,
"
0xe17d,"and we don't even know their exact locations,
much less the nature of their research.
","and we don't even know their exact locations,
much less the nature of their research.
"
0xe1d4,"And Sokolov's OKB-754 is the most secret
bureau of them all.
","And Sokolov's OKB-754 is the most secret
bureau of them all.
"
0xe212,"The intelligence communities of the West have
tried time and again to find out what they're
working on, but they've failed consistently.
","The intelligence communities of the West have
tried time and again to find out what they're
working on, but they've failed consistently.
"
0xe29c,"So you have absolutely no idea what
Sokolov is developing?
","So you have absolutely no idea what
Sokolov is developing?
"
0xe2d8,"We've got nothing.
","We've got nothing.
"
0xe2ec,"Then how did you get the information for
this mission? It can't have been from
Sokolov...
","Then how did you get the information for
this mission? It can't have been from
Sokolov...
"
0xe347,"From The Boss.
","From The Boss.
"
0xe357,"The Boss?
","The Boss?
"
0xe362,"That's right. She has her own intelligence
channels that she cultivated during the last
war.
","That's right. She has her own intelligence
channels that she cultivated during the last
war.
"
0xe3c0,"She shared what she learned with us.
","She shared what she learned with us.
"
0xe3e6,"That we were able to get the green light for
this mission at all is thanks to her pull with
the powers that be at the CIA.
","That we were able to get the green light for
this mission at all is thanks to her pull with
the powers that be at the CIA.
"
0xe462,"In other words, this mission would never
have come together without The Boss' help
in a number of respects.
","In other words, this mission would never
have come together without The Boss' help
in a number of respects.
"
0xe4cf,"Major, tell me about Sokolov's past work.
","Major, tell me about Sokolov's past work.
"
0xe4fa,"Mmm. I assume you already know that
Sokolov was the developer of the
multi-engine cluster.
","Mmm. I assume you already know that
Sokolov was the developer of the
multi-engine cluster.
"
0xe556,"The multi-engine cluster is exactly that -
a system for fitting a single rocket with
multiple engines.
","The multi-engine cluster is exactly that -
a system for fitting a single rocket with
multiple engines.
"
0xe5be,"The Vostok rocket, for instance,
had 32 engines.
","The Vostok rocket, for instance,
had 32 engines.
"
0xe5f0,"With the technology they had, it was difficult
for the Soviets to develop large engines with
massive thrust.
","With the technology they had, it was difficult
for the Soviets to develop large engines with
massive thrust.
"
0xe65e,"So instead, they decided to focus on using
multiple smaller engines to achieve the
desired thrust.
","So instead, they decided to focus on using
multiple smaller engines to achieve the
desired thrust.
"
0xe6c2,"With this method, though, maintaining the
fuel balance between the various engines
was a major problem.
","With this method, though, maintaining the
fuel balance between the various engines
was a major problem.
"
0xe72b,"Sokolov was the man who provided
the solution.
","Sokolov was the man who provided
the solution.
"
0xe75b,"And that's what earned him the job as head
of the Design Bureau?
","And that's what earned him the job as head
of the Design Bureau?
"
0xe79d,"Apparently so.
","Apparently so.
"
0xe7ad,"So this secret weapon is some kind of
ballistic device?
","So this secret weapon is some kind of
ballistic device?
"
0xe7e6,"That's my best guess. We don't know for
sure, but...
","That's my best guess. We don't know for
sure, but...
"
0xe81c,"You'll find out soon. As soon as I get
Sokolov out of here.
","You'll find out soon. As soon as I get
Sokolov out of here.
"
0xe859,"I'm counting on you.
","I'm counting on you.
"
0xe86f,"Snake, are you wearing that mask again?
","Snake, are you wearing that mask again?
"
0xe898,"Yeah. For some reason it feels kind of...
nostalgic.
","Yeah. For some reason it feels kind of...
nostalgic.
"
0xe8ce,"Yeah well... For some reason I don't like it.
","Yeah well... For some reason I don't like it.
"
0xe8fd,"Why not?
","Why not?
"
0xe907,"Something about that face just rubs me
the wrong way.
","Something about that face just rubs me
the wrong way.
"
0xe93e,"It looks fine to me... but if you hate it that
much, why did you give it to me in the first
place?
","It looks fine to me... but if you hate it that
much, why did you give it to me in the first
place?
"
0xe9a2,"Well... that mask was originally created for
use in another mission.
","Well... that mask was originally created for
use in another mission.
"
0xe9e8,"An agent was supposed to disguise himself
as a Soviet officer and sneak into an enemy
installation.
","An agent was supposed to disguise himself
as a Soviet officer and sneak into an enemy
installation.
"
0xea4d,"We had it all set to go, but certain
circumstances forced us to abort the
mission.
","We had it all set to go, but certain
circumstances forced us to abort the
mission.
"
0xeaa1,"With the mission cancelled, the mask was
going to be thrown away... but the guy at the
CIA's tech division who created it pitched a fit.
","With the mission cancelled, the mask was
going to be thrown away... but the guy at the
CIA's tech division who created it pitched a fit.
"
0xeb2b,"Why'd he do that?
","Why'd he do that?
"
0xeb3e,"He said it was too good to throw away.
","He said it was too good to throw away.
"
0xeb66,"...
","...
"
0xeb6b,"According to him, that mask is a revolutionary
new design that lets the wearer blink,
something that wasn't possible up until now.
","According to him, that mask is a revolutionary
new design that lets the wearer blink,
something that wasn't possible up until now.
"
0xebef,"I'd think you'd want to make the lips move
before bothering with the blinking.
","I'd think you'd want to make the lips move
before bothering with the blinking.
"
0xec3f,"Yeah, I thought so too, but for some
reason he's obsessed with making it
blink...
","Yeah, I thought so too, but for some
reason he's obsessed with making it
blink...
"
0xec92,"...Whoever he is, he sounds like a
crackpot.
","...Whoever he is, he sounds like a
crackpot.
"
0xecc0,"Mmm. Well, he does good work.
","Mmm. Well, he does good work.
"
0xecdf,"But I spend three days a month just dealing
with the complaints we get about him... ah
well, never mind.
","But I spend three days a month just dealing
with the complaints we get about him... ah
well, never mind.
"
0xed49,"Anyway, I decided to put this mask we had
in storage to good use by hiding your
identity from the gunship crew.
","Anyway, I decided to put this mask we had
in storage to good use by hiding your
identity from the gunship crew.
"
0xedba,"I get it... so this mask is based on a model
somewhere.
","I get it... so this mask is based on a model
somewhere.
"
0xedf3,"That's right.
","That's right.
"
0xee02,"What do I do if I meet that guy?
","What do I do if I meet that guy?
"
0xee24,"That's not going to be a problem.
","That's not going to be a problem.
"
0xee47,"Why not?
","Why not?
"
0xee51,"The man the mask is based on is a GRU
officer.
","The man the mask is based on is a GRU
officer.
"
0xee81,"You're in the KGB's sphere of influence.
Chances are you won't run into him.
","You're in the KGB's sphere of influence.
Chances are you won't run into him.
"
0xeecf,"If I do?
","If I do?
"
0xeed9,"Beat the crap out of him.
","Beat the crap out of him.
"
0xeef4,"Snake, when you meet Sokolov, don't go
in wearing that mask.
","Snake, when you meet Sokolov, don't go
in wearing that mask.
"
0xef32,"Why?
","Why?
"
0xef38,"He won't like it.
","He won't like it.
"
0xef4b,"Won't like it?
","Won't like it?
"
0xef5b,"No.
","No.
"
0xef60,"Why not?
","Why not?
"
0xef6a,"Just trust me. He won't.
","Just trust me. He won't.
"
0xef84,"...?
","...?
"
0xef8a,"You'll need Sokolov's full cooperation to
complete this mission successfully. Don't do
anything to make him lose confidence in you.
","You'll need Sokolov's full cooperation to
complete this mission successfully. Don't do
anything to make him lose confidence in you.
"
0xf00f,"When you go in to meet Sokolov, make sure
you remove your disguise. Got it?
","When you go in to meet Sokolov, make sure
you remove your disguise. Got it?
"
0xf05c,"Snake, stay alert. The KGB and GRU both
have their sights set on Sokolov.
","Snake, stay alert. The KGB and GRU both
have their sights set on Sokolov.
"
0xf0a7,"GRU is a military espionage outfit, the
intelligence wing of the Soviet Defense
Ministry's General Staff Office.
","GRU is a military espionage outfit, the
intelligence wing of the Soviet Defense
Ministry's General Staff Office.
"
0xf119,"It competes with the KGB, which is under
the Ministry of Internal Affairs, and the
two are always watching each other.
","It competes with the KGB, which is under
the Ministry of Internal Affairs, and the
two are always watching each other.
"
0xf191,"Never let the left hand know what
the right hand is doing.
","Never let the left hand know what
the right hand is doing.
"
0xf1cd,"Exactly. Now, added to that rivalry,
","Exactly. Now, added to that rivalry,
"
0xf1f3,"there's a vicious power struggle going on
between the Khrushchev faction and
the anti-Khrushchev faction.
","there's a vicious power struggle going on
between the Khrushchev faction and
the anti-Khrushchev faction.
"
0xf25e,"So Khrushchev is using the KGB, and
Volgin and the anti-Khrushchev forces
are using the GRU?
","So Khrushchev is using the KGB, and
Volgin and the anti-Khrushchev forces
are using the GRU?
"
0xf2bc,"That's the idea. The two factions are fighting
over Sokolov. We're in an extremely
dangerous situation here.
","That's the idea. The two factions are fighting
over Sokolov. We're in an extremely
dangerous situation here.
"
0xf32a,"Yeah. I'm aware of that.
","Yeah. I'm aware of that.
"
0xf344,"Get Sokolov out of there safely.
He must not be turned over to the KGB
or to the GRU.
","Get Sokolov out of there safely.
He must not be turned over to the KGB
or to the GRU.
"
0xf39b,"Sokolov took off in the direction of the rope
bridge. Get after him. Hurry!
","Sokolov took off in the direction of the rope
bridge. Get after him. Hurry!
"
0xf3e8,"Major, have you been able to contact
The Boss?
","Major, have you been able to contact
The Boss?
"
0xf418,"No.
","No.
"
0xf41d,"What about you?
","What about you?
"
0xf42e,"No good.
","No good.
"
0xf438,"You really think it's bad reception?
","You really think it's bad reception?
"
0xf45e,"We're looking into it.
","We're looking into it.
"
0xf476,"Major...
","Major...
"
0xf480,"Snake, you've got more important things
to worry about than contacting The Boss.
","Snake, you've got more important things
to worry about than contacting The Boss.
"
0xf4d2,"Right now, Sokolov is out there wandering
around the jungle alone. What are you going
to do if he gets caught by the enemy?
","Right now, Sokolov is out there wandering
around the jungle alone. What are you going
to do if he gets caught by the enemy?
"
0xf54f,"...
","...
"
0xf554,"We're still looking into why we lost contact
with The Boss. I'll let you know as soon as
we find anything out.
","We're still looking into why we lost contact
with The Boss. I'll let you know as soon as
we find anything out.
"
0xf5c4,"In the meantime, it's your job to find
Sokolov and get him to safety. Got it?
","In the meantime, it's your job to find
Sokolov and get him to safety. Got it?
"
0xf613,"By the way, Snake, what were you doing
back there?
","By the way, Snake, what were you doing
back there?
"
0xf647,"Back where?
","Back where?
"
0xf654,"You were giving some kind of advice to
a GRU commander, weren't you?
","You were giving some kind of advice to
a GRU commander, weren't you?
"
0xf69a,"Yeah...
","Yeah...
"
0xf6a3,"He's your enemy. What the hell were you
think...
","He's your enemy. What the hell were you
think...
"
0xf6d5,"Really! What was all that about doing
the thing with your hand on the first
round or whatever?
","Really! What was all that about doing
the thing with your hand on the first
round or whatever?
"
0xf735,"Mmm...
","Mmm...
"
0xf73d,"Whenever he put a new clip in his gun he'd
always load the first round by hand, whether
there was a round left in the chamber or not.
","Whenever he put a new clip in his gun he'd
always load the first round by hand, whether
there was a round left in the chamber or not.
"
0xf7c4,"It's a technique they teach in the Middle
East.
","It's a technique they teach in the Middle
East.
"
0xf7f5,"By making sure there's always a round in
the chamber, you eliminate the risk of pulling
the trigger with nothing to fire.
","By making sure there's always a round in
the chamber, you eliminate the risk of pulling
the trigger with nothing to fire.
"
0xf870,"He must have heard about it from someone,
or read it somewhere... in any case, he
probably wanted to try it out for himself.
","He must have heard about it from someone,
or read it somewhere... in any case, he
probably wanted to try it out for himself.
"
0xf8ee,"And he was obviously motivated by vanity
to show off his new technique. That's when
you make mistakes.
","And he was obviously motivated by vanity
to show off his new technique. That's when
you make mistakes.
"
0xf956,"The battlefield is an unforgiving place.
","The battlefield is an unforgiving place.
"
0xf980,"The only techniques you can rely on are
the ones you've mastered through
experience and practice.
","The only techniques you can rely on are
the ones you've mastered through
experience and practice.
"
0xf9e3,"Uh huh. And what were you saying about
him being more suited to revolvers?
","Uh huh. And what were you saying about
him being more suited to revolvers?
"
0xfa2f,"When he fired, he was bending his elbow
sharply to avoid the recoil.
","When he fired, he was bending his elbow
sharply to avoid the recoil.
"
0xfa75,"It looked like he wasn't aware he was doing
it, but that habit can be either a fatal flaw or
a gift.
","It looked like he wasn't aware he was doing
it, but that habit can be either a fatal flaw or
a gift.
"
0xfadb,"What do you mean?
","What do you mean?
"
0xfaee,"Automatic weapons use recoil to operate,
so if you don't let the recoil hit you, it
interferes with the operating cycle of the gun.
","Automatic weapons use recoil to operate,
so if you don't let the recoil hit you, it
interferes with the operating cycle of the gun.
"
0xfb73,"Basically, he shouldn't be trying to avoid
the impact like that.
","Basically, he shouldn't be trying to avoid
the impact like that.
"
0xfbb5,"But with a revolver, there's no need to
let the recoil hit you.
","But with a revolver, there's no need to
let the recoil hit you.
"
0xfbf6,"Just the opposite - avoiding the recoil lets
you reduce the strain on your hand and arm.
","Just the opposite - avoiding the recoil lets
you reduce the strain on your hand and arm.
"
0xfc50,"That kid might just be handy with a
high-caliber revolver.
","That kid might just be handy with a
high-caliber revolver.
"
0xfc8c,"Handy...?
","Handy...?
"
0xfc97,"Are you listening to yourself?
","Are you listening to yourself?
"
0xfcb7,"What do you mean?
","What do you mean?
"
0xfcca,"He's the enemy! Why are you giving him
advice?
","He's the enemy! Why are you giving him
advice?
"
0xfcfa,"I...
","I...
"
0xfd00,"Snake?
","Snake?
"
0xfd08,"...I don't know. For some reason, I couldn't
help but point it out to him...
","...I don't know. For some reason, I couldn't
help but point it out to him...
"
0xfd56,"...Snake, are you all right?
","...Snake, are you all right?
"
0xfd74,"...Yeah...
","...Yeah...
"
0xfd80,"Snake, let me explain the enemy's various
states of alert.
","Snake, let me explain the enemy's various
states of alert.
"
0xfdbc,"First of all, there's the state in which the
enemy in that area doesn't know that you're
there. This is called Normal Phase.
","First of all, there's the state in which the
enemy in that area doesn't know that you're
there. This is called Normal Phase.
"
0xfe3a,"In Normal Phase, the enemy will follow
normal procedures for patrols and other
activities.
","In Normal Phase, the enemy will follow
normal procedures for patrols and other
activities.
"
0xfe96,"They won't present much of a danger to
you.
","They won't present much of a danger to
you.
"
0xfec3,"But if they spot an intruder - that means
you - they'll attack in an attempt to neutralize
you. This is called Alert Phase.
","But if they spot an intruder - that means
you - they'll attack in an attempt to neutralize
you. This is called Alert Phase.
"
0xff40,"Alert Phase will last until the enemy loses
sight of you.
","Alert Phase will last until the enemy loses
sight of you.
"
0xff7b,"Even after they lose sight of you, the
enemy will continue to search the area for
a while. This is called Evasion Phase.
","Even after they lose sight of you, the
enemy will continue to search the area for
a while. This is called Evasion Phase.
"
0xfff5,"Evasion Phase will last until the enemy
exhausts their search effort.
","Evasion Phase will last until the enemy
exhausts their search effort.
"
0x1003c,"Once Evasion Phase is over, the enemy
should return to base.
","Once Evasion Phase is over, the enemy
should return to base.
"
0x1007a,"After the search is aborted, the enemy will
enter Caution Phase.
","After the search is aborted, the enemy will
enter Caution Phase.
"
0x100bc,"In Caution Phase, enemy soldiers will be
more cautious in their patrols, and they'll
likely be more difficult to detect.
","In Caution Phase, enemy soldiers will be
more cautious in their patrols, and they'll
likely be more difficult to detect.
"
0x10136,"In addition to the regular patrols, there's
also a chance that they'll send out additional
search units. Keep on your toes.
","In addition to the regular patrols, there's
also a chance that they'll send out additional
search units. Keep on your toes.
"
0x101b3,"What's wrong? You were expecting
something different?
","What's wrong? You were expecting
something different?
"
0x101ea,"Now go and find Sokolov and get him
out of there.
","Now go and find Sokolov and get him
out of there.
"
0x1021d,"By equipping grenades and pressing the
Weapon Button in corner view mode, you can
throw a grenade while hiding behind a barrier.
","By equipping grenades and pressing the
Weapon Button in corner view mode, you can
throw a grenade while hiding behind a barrier.
"
0x1029f,"This technique should come in handy during
a firefight. Use it well.
","This technique should come in handy during
a firefight. Use it well.
"
0x102e5,"Snake, are you all right? You seem
awfully tired.
","Snake, are you all right? You seem
awfully tired.
"
0x10318,"No, not at all.
","No, not at all.
"
0x10329,"You don't have to act tough.
","You don't have to act tough.
"
0x10347,"I'm not acting.
","I'm not acting.
"
0x10358,"Really? You lose your grip strength after
only a few seconds when hanging. I'll bet
you can't even hold your gun straight.
","Really? You lose your grip strength after
only a few seconds when hanging. I'll bet
you can't even hold your gun straight.
"
0x103d4,"...
","...
"
0x103d9,"Your body is exhausted. Look at your
Stamina Gauge. It's almost empty, isn't it?
","Your body is exhausted. Look at your
Stamina Gauge. It's almost empty, isn't it?
"
0x1042b,"You can't continue your mission in this
state. You need to eat something and
recover your stamina.
","You can't continue your mission in this
state. You need to eat something and
recover your stamina.
"
0x1048f,"You've got some food, don't you?
","You've got some food, don't you?
"
0x104b1,"Yeah.
","Yeah.
"
0x104b8,"To eat food, press the START button to
enter the Survival Viewer, then select
FOOD.
","To eat food, press the START button to
enter the Survival Viewer, then select
FOOD.
"
0x1050d,"Use the left analog stick to choose the food
you want to consume and press the Enter
Button to eat it.
","Use the left analog stick to choose the food
you want to consume and press the Enter
Button to eat it.
"
0x10575,"You'll have to put the mission on hold for
a little while. First, you've got to capture
some food.
","You'll have to put the mission on hold for
a little while. First, you've got to capture
some food.
"
0x105d9,"But...
","But...
"
0x105e1,"Did you hear me? Go hunting!
","Did you hear me? Go hunting!
"
0x105ff,"...
","...
"
0x10604,"Eating is a necessary part of your mission.
When your stamina gets low, make sure
you eat something. Got it?
","Eating is a necessary part of your mission.
When your stamina gets low, make sure
you eat something. Got it?
"
0x10672,"Snake, there are other ways to recover
your stamina besides eating.
","Snake, there are other ways to recover
your stamina besides eating.
"
0x106b7,"Such as?
","Such as?
"
0x106c1,"Such as taking a rest.
","Such as taking a rest.
"
0x106d9,"A rest?
","A rest?
"
0x106e2,"To take a rest, all you have to do is save
and exit the game.
","To take a rest, all you have to do is save
and exit the game.
"
0x10721,"The next time you load your save data and
continue the game, your stamina and LIFE
will have recovered.
","The next time you load your save data and
continue the game, your stamina and LIFE
will have recovered.
"
0x1078a,"How much they recover depends on how
long of a rest you take.
","How much they recover depends on how
long of a rest you take.
"
0x107c9,"So the longer I rest, the more I'll recover?
","So the longer I rest, the more I'll recover?
"
0x107f7,"That's right.
","That's right.
"
0x10806,"If you're so exhausted that you don't even
have the strength to find food,
","If you're so exhausted that you don't even
have the strength to find food,
"
0x10852,"save the game and take a rest and you'll
be back on your feet.
","save the game and take a rest and you'll
be back on your feet.
"
0x10892,"I hope that never happens.
","I hope that never happens.
"
0x108ae,"So do I. But you never know. Just don't
forget okay?
","So do I. But you never know. Just don't
forget okay?
"
0x108e4,"I won't.
","I won't.
"
0x108ee,"Snake, what in God's name...
","Snake, what in God's name...
"
0x1090c,"How does it look?
","How does it look?
"
0x1091f,"It looks cool!
","It looks cool!
"
0x1092f,"Huh?
","Huh?
"
0x10935,"It looks cool on you.
","It looks cool on you.
"
0x1094c,"It does?
","It does?
"
0x10956,"Yeah!
","Yeah!
"
0x1095d,"I don't think ""cool"" is the right word.
","I don't think ""cool"" is the right word.
"
0x10986,"Why? What's wrong with it?
","Why? What's wrong with it?
"
0x109a2,"What's wrong...
","What's wrong...
"
0x109b3,"Don't you think it looks silly? Doesn't it
make you laugh? Aren't you going to ask
me what the hell was I thinking?
","Don't you think it looks silly? Doesn't it
make you laugh? Aren't you going to ask
me what the hell was I thinking?
"
0x10a28,"No.
","No.
"
0x10a2d,"...
","...
"
0x10a32,"I think it really does look good. It reminds
me of ""The Alligator People.""
","I think it really does look good. It reminds
me of ""The Alligator People.""
"
0x10a7e,"Oh...the what?
","Oh...the what?
"
0x10a8e,"""The Alligator People."" It's a science fiction
movie. You've never heard of it?
","""The Alligator People."" It's a science fiction
movie. You've never heard of it?
"
0x10adf,"No.
","No.
"
0x10ae4,"Oh... well, you should see it sometime.
","Oh... well, you should see it sometime.
"
0x10b0d,"It's about this guy who gets hurt in a car
accident and tries to heal his wounds by
injecting himself with a crocodile serum,
","It's about this guy who gets hurt in a car
accident and tries to heal his wounds by
injecting himself with a crocodile serum,
"
0x10b8c,"but then his head turns into a crocodile
head.
","but then his head turns into a crocodile
head.
"
0x10bbc,"You look just like him with that mask on.
That's awesome.
","You look just like him with that mask on.
That's awesome.
"
0x10bf7,"Right...
","Right...
"
0x10c01,"???
","???
"
0x10c06,"Ah, never mind.
","Ah, never mind.
"
0x10c17,"I suppose you might be able to disguise
yourself as a crocodile by wearing that cap
and sticking your head out of the water.
","I suppose you might be able to disguise
yourself as a crocodile by wearing that cap
and sticking your head out of the water.
"
0x10c95,"Snake, hurry and get those injuries
treated!
","Snake, hurry and get those injuries
treated!
"
0x10cc3,"Snake, you're not done treating your
injuries. Go into the Survival Viewer and
treat the rest of your injuries!
","Snake, you're not done treating your
injuries. Go into the Survival Viewer and
treat the rest of your injuries!
"
0x10d34,"Snake, making it harder for the enemy to
spot you isn't the only advantage to
maintaining a high Camo Index.
","Snake, making it harder for the enemy to
spot you isn't the only advantage to
maintaining a high Camo Index.
"
0x10da2,"The harder you are to distinguish from
your surroundings, the harder you are
to hit.
","The harder you are to distinguish from
your surroundings, the harder you are
to hit.
"
0x10df8,"In other words, the enemy's shots will miss
more often.
","In other words, the enemy's shots will miss
more often.
"
0x10e31,"Do everything you can to keep your Camo
Index high at all times.
","Do everything you can to keep your Camo
Index high at all times.
"
0x10e73,"Snake, when you knock down a hornets'
nest, a large swarm of hornets will come
flying out.
","Snake, when you knock down a hornets'
nest, a large swarm of hornets will come
flying out.
"
0x10ecf,"If used wisely, this can sow panic among
the enemy, but if you're not careful, the
hornets may end up attacking you.
","If used wisely, this can sow panic among
the enemy, but if you're not careful, the
hornets may end up attacking you.
"
0x10f45,"If you're attacked by hornets, wiggle the
left analog stick around or wave your
survival knife to shoo them away.
","If you're attacked by hornets, wiggle the
left analog stick around or wave your
survival knife to shoo them away.
"
0x10fb8,"Waving a torch around with the CQC
Button should do the trick, too.
","Waving a torch around with the CQC
Button should do the trick, too.
"
0x10ffd,"Smoke is another useful tool in keeping
hornets away.
","Smoke is another useful tool in keeping
hornets away.
"
0x11034,"If you're attacked by hornets, I'd advise
you to try using a smoke grenade.
","If you're attacked by hornets, I'd advise
you to try using a smoke grenade.
"
0x11081,"And if you use the insecticidal bug juice,
the hornets should stay away as long as
the effect lasts.
","And if you use the insecticidal bug juice,
the hornets should stay away as long as
the effect lasts.
"
0x110e7,"Hornets are prone to becoming agitated
and aggressive when they see the color
black.
","Hornets are prone to becoming agitated
and aggressive when they see the color
black.
"
0x1113d,"Their attacks will be more vicious if you're
wearing black clothes.
","Their attacks will be more vicious if you're
wearing black clothes.
"
0x11182,"If you're attacked by hornets, you should
change into white clothes.
","If you're attacked by hornets, you should
change into white clothes.
"
0x111c8,"Major, what's this Granin Design Bureau
Sokolov was talking about?
","Major, what's this Granin Design Bureau
Sokolov was talking about?
"
0x1120c,"OKB-812. It's the same type of top-secret
facility as Sokolov's own OKB-754.
","OKB-812. It's the same type of top-secret
facility as Sokolov's own OKB-754.
"
0x1125a,"The director is a man by the name of
Aleksandr Leonovitch Granin.
","The director is a man by the name of
Aleksandr Leonovitch Granin.
"
0x1129d,"He's Sokolov's archrival, and the two have
competed fiercely against each other since
the days of the war.
","He's Sokolov's archrival, and the two have
competed fiercely against each other since
the days of the war.
"
0x11309,"To hear Sokolov tell it, though, the rivalry
was really all in Granin's head.
","To hear Sokolov tell it, though, the rivalry
was really all in Granin's head.
"
0x11358,"In any case, Granin seems to harbor
an unusually intense hatred for Sokolov.
","In any case, Granin seems to harbor
an unusually intense hatred for Sokolov.
"
0x113a6,"Knowing that Sokolov was protected under
the aegis of Khrushchev,
","Knowing that Sokolov was protected under
the aegis of Khrushchev,
"
0x113e9,"Granin threw in his lot with Volgin,
the vanguard of the anti-Khrushchev
movement.
","Granin threw in his lot with Volgin,
the vanguard of the anti-Khrushchev
movement.
"
0x1143d,"Apparently, Granin meant to use the funds
provided by these opposition forces in
order to defeat his old foe.
","Apparently, Granin meant to use the funds
provided by these opposition forces in
order to defeat his old foe.
"
0x114ac,"Volgin, for his part,
","Volgin, for his part,
"
0x114c3,"was intrigued by the possibility of using
the high-tech weapons Granin created in
the fight against Khrushchev.
","was intrigued by the possibility of using
the high-tech weapons Granin created in
the fight against Khrushchev.
"
0x11534,"Thus, the two formed an alliance, and
Volgin took the Granin Design Bureau
under his control.
","Thus, the two formed an alliance, and
Volgin took the Granin Design Bureau
under his control.
"
0x11593,"But now Volgin's got his sights set
on Sokolov?
","But now Volgin's got his sights set
on Sokolov?
"
0x115c4,"Yes. It would seem he and Granin aren't
getting along so well after all.
","Yes. It would seem he and Granin aren't
getting along so well after all.
"
0x1160e,"Major, tell me a little bit more about
the space race.
","Major, tell me a little bit more about
the space race.
"
0x11646,"In 1957, the Soviet Union succeeded
in launching their first artificial satellite,
Sputnik, into orbit.
","In 1957, the Soviet Union succeeded
in launching their first artificial satellite,
Sputnik, into orbit.
"
0x116af,"Having been beaten to the chase by
the Soviets,
","Having been beaten to the chase by
the Soviets,
"
0x116e0,"the U.S. government accelerated its own
space program in an effort to catch up.
","the U.S. government accelerated its own
space program in an effort to catch up.
"
0x11731,"The following year, the space development
programs of the various service branches
","The following year, the space development
programs of the various service branches
"
0x11785,"were united to form the National
Aeronautics and Space Administration,
or NASA.
","were united to form the National
Aeronautics and Space Administration,
or NASA.
"
0x117d6,"That same year, the Mercury program
was launched with the goal of putting
a man into space.
","That same year, the Mercury program
was launched with the goal of putting
a man into space.
"
0x11833,"Seven candidates were chosen from
the military as the first astronauts.
These were the men with the ""right stuff.""
","Seven candidates were chosen from
the military as the first astronauts.
These were the men with the ""right stuff.""
"
0x118a7,"But as you know, it was a Soviet cosmonaut,
Yuri Gagarin, who made the first successful
manned space flight three years ago.
","But as you know, it was a Soviet cosmonaut,
Yuri Gagarin, who made the first successful
manned space flight three years ago.
"
0x11925,"NASA's first successful ballistic flight came
one month after Gagarin's mission,
","NASA's first successful ballistic flight came
one month after Gagarin's mission,
"
0x11977,"with the Freedom 7 carrying Alan Shepard
into space.
","with the Freedom 7 carrying Alan Shepard
into space.
"
0x119ad,"After that, with America still lagging behind
the Soviets in orbital flight, President
Kennedy made a momentous decision.
","After that, with America still lagging behind
the Soviets in orbital flight, President
Kennedy made a momentous decision.
"
0x11a28,"That America would put a man on the
moon before the end of the decade.
","That America would put a man on the
moon before the end of the decade.
"
0x11a70,"Yeah, I heard that speech. But a lot of
guys I knew weren't real happy about it...
","Yeah, I heard that speech. But a lot of
guys I knew weren't real happy about it...
"
0x11ac4,"They said no one was gonna make them
go on a mission to blow up some damn
moon base.
","They said no one was gonna make them
go on a mission to blow up some damn
moon base.
"
0x11b1a,"But rocket research and missile research
are closely related.
","But rocket research and missile research
are closely related.
"
0x11b59,"Imagine, if you will, a Soviet Union able to
send wave after wave of nuclear missiles
","Imagine, if you will, a Soviet Union able to
send wave after wave of nuclear missiles
"
0x11bb0,"raining down on Washington from a base
on the surface of the moon.
","raining down on Washington from a base
on the surface of the moon.
"
0x11bf4,"Even if that's still a long way from reality...
","Even if that's still a long way from reality...
"
0x11c25,"If we lose the initiative, we may never get
it back. We're left with no choice but to
keep moving forward, one step at a time.
","If we lose the initiative, we may never get
it back. We're left with no choice but to
keep moving forward, one step at a time.
"
0x11ca5,"The Gemini program launched two years
ago represents the initial step toward
establishing a moon base.
","The Gemini program launched two years
ago represents the initial step toward
establishing a moon base.
"
0x11d0d,"And yet...
","And yet...
"
0x11d19,"I don't want to call President Kennedy a
liar, but I simply can't imagine that in six
years, man will have reached the moon.
","I don't want to call President Kennedy a
liar, but I simply can't imagine that in six
years, man will have reached the moon.
"
0x11d97,"I don't know. I never even thought we'd
make it up into space.
","I don't know. I never even thought we'd
make it up into space.
"
0x11dd7,"Guess it all depends on whether you have
the will to make it happen.
","Guess it all depends on whether you have
the will to make it happen.
"
0x11e1d,"Perhaps you're right.
","Perhaps you're right.
"
0x11e34,"Major, you said the enemy was KGB,
right?
","Major, you said the enemy was KGB,
right?
"
0x11e5f,"I did.
","I did.
"
0x11e67,"What unit are they from?
The Sixth Directorate?
","What unit are they from?
The Sixth Directorate?
"
0x11e98,"No, the Ninth Directorate.
","No, the Ninth Directorate.
"
0x11eb4,"The Ninth?
","The Ninth?
"
0x11ec0,"Yes.
","Yes.
"
0x11ec6,"But I thought that was...
","But I thought that was...
"
0x11ee1,"Exactly. It's the unit that protects the
Kremlin and provides bodyguards for
high-level VIPs.
","Exactly. It's the unit that protects the
Kremlin and provides bodyguards for
high-level VIPs.
"
0x11f40,"But they're assigned to protect ""Party and
government"" figures.
","But they're assigned to protect ""Party and
government"" figures.
"
0x11f81,"I thought that only meant high-ranking
officials and their families.
","I thought that only meant high-ranking
officials and their families.
"
0x11fc7,"And now they're being sent out to stand
watch over a field exercise?
","And now they're being sent out to stand
watch over a field exercise?
"
0x1200d,"That's the idea.
","That's the idea.
"
0x1201f,"What's really going on?
","What's really going on?
"
0x12038,"I don't know.
","I don't know.
"
0x12047,"...
","...
"
0x1204c,"What I do know is that the director of the
Ninth Directorate is a well-known protégée
of Khrushchev.
","What I do know is that the director of the
Ninth Directorate is a well-known protégée
of Khrushchev.
"
0x120b4,"The premier may have wanted to assign
this mission to someone he knew he could
trust.
","The premier may have wanted to assign
this mission to someone he knew he could
trust.
"
0x1210b,"So he can't trust any other units?
","So he can't trust any other units?
"
0x1212f,"Ever since the withdrawal from Cuba,
Khrushchev's position has been getting
weaker day by day.
","Ever since the withdrawal from Cuba,
Khrushchev's position has been getting
weaker day by day.
"
0x1218f,"This secret test is an act of desperation
by a cornered man.
","This secret test is an act of desperation
by a cornered man.
"
0x121cd,"If nothing else, the completion of
Sokolov's new weapon in this test
","If nothing else, the completion of
Sokolov's new weapon in this test
"
0x12213,"should help reestablish Khrushchev's
authority in Moscow.
","should help reestablish Khrushchev's
authority in Moscow.
"
0x1224e,"So what you're saying is, there's also a good
chance that whoever doesn't want to see that
happen is going to try and interfere?
","So what you're saying is, there's also a good
chance that whoever doesn't want to see that
happen is going to try and interfere?
"
0x122d0,"Most likely. Khrushchev must have anticipated
this and sent his most loyal unit - his trump
card - to make sure all goes well.
","Most likely. Khrushchev must have anticipated
this and sent his most loyal unit - his trump
card - to make sure all goes well.
"
0x12350,"Major, do you know anything about this
GRU colonel Sokolov was talking about?
","Major, do you know anything about this
GRU colonel Sokolov was talking about?
"
0x1239f,"Yes.
","Yes.
"
0x123a5,"Who is he?
","Who is he?
"
0x123b1,"A most dangerous man indeed.
","A most dangerous man indeed.
"
0x123cf,"His name is Yevgeny Borisovitch Volgin.
His code name in the West is
""Thunderbolt.""
","His name is Yevgeny Borisovitch Volgin.
His code name in the West is
""Thunderbolt.""
"
0x12424,"He's gained a reputation as the most brutal
and cold-blooded of the Soviet spymasters.
","He's gained a reputation as the most brutal
and cold-blooded of the Soviet spymasters.
"
0x1247c,"During the war, Volgin was assigned to
the domestic branch of the NKVD.
","During the war, Volgin was assigned to
the domestic branch of the NKVD.
"
0x124c5,"He was stationed in the rear of the Soviet
line to catch and punish any troops who
tried to retreat or desert.
","He was stationed in the rear of the Soviet
line to catch and punish any troops who
tried to retreat or desert.
"
0x12535,"He's also notorious for his ""accomplish-
ments"" in anti-guerilla operations in the
Ukraine and the Baltic states.
","He's also notorious for his ""accomplish-
ments"" in anti-guerilla operations in the
Ukraine and the Baltic states.
"
0x125a8,"Apparently, he likes to boast that he
""disposed of"" over 100,000
anti-communists.
","Apparently, he likes to boast that he
""disposed of"" over 100,000
anti-communists.
"
0x125fb,"We also know that he was instrumental in
putting down the 1953 insurrection in East
Germany and the 1956 uprising in Hungary.
","We also know that he was instrumental in
putting down the 1953 insurrection in East
Germany and the 1956 uprising in Hungary.
"
0x1267a,"He is truly a fearsome man.
There's no telling what he might be
plotting. Be careful.
","He is truly a fearsome man.
There's no telling what he might be
plotting. Be careful.
"
0x126d1,"I will.
","I will.
"
0x126da,"Major, didn't you say that The Boss was
in the SAS with you?
","Major, didn't you say that The Boss was
in the SAS with you?
"
0x12718,"Yes. We formed the 22nd SAS Regiment
together.
","Yes. We formed the 22nd SAS Regiment
together.
"
0x12748,"When the SAS, the British Special Air
Service, was first established, they invited
The Boss on board as a special advisor.
","When the SAS, the British Special Air
Service, was first established, they invited
The Boss on board as a special advisor.
"
0x127c4,"In fact, you might say that it was
The Boss who put together Rayforce
and L Detachment,
","In fact, you might say that it was
The Boss who put together Rayforce
and L Detachment,
"
0x1281d,"which laid the groundwork for today's SAS.
","which laid the groundwork for today's SAS.
"
0x12849,"You won't find her name in the history
books, but her contributions were many
and great.
","You won't find her name in the history
books, but her contributions were many
and great.
"
0x128a3,"The real heroes are never made public.
","The real heroes are never made public.
"
0x128cb,"Not in our line of work, anyway.
","Not in our line of work, anyway.
"
0x128ed,"The dummy run on Heliopolis and the
nighttime raids on German air bases in
North Africa were her idea as well.
","The dummy run on Heliopolis and the
nighttime raids on German air bases in
North Africa were her idea as well.
"
0x1295d,"Yes, she was always one step ahead of
the rest of us, both in thought and action.
","Yes, she was always one step ahead of
the rest of us, both in thought and action.
"
0x129b0,"It's true what they say:
""Who Dares, Wins.""
","It's true what they say:
""Who Dares, Wins.""
"
0x129dd,"The motto of the SAS.
","The motto of the SAS.
"
0x129f4,"Precisely. The motto itself is a tribute to
her service.
","Precisely. The motto itself is a tribute to
her service.
"
0x12a2e,"Needless to say, the SAS has become
a model for special forces units all over
the world.
","Needless to say, the SAS has become
a model for special forces units all over
the world.
"
0x12a88,"In that sense, The Boss really is the
mother of special forces.
","In that sense, The Boss really is the
mother of special forces.
"
0x12ac9,"Snake, if you step in any water or mud,
your feet will get wet.
","Snake, if you step in any water or mud,
your feet will get wet.
"
0x12b0a,"If you walk like that, you'll leave footprints
behind, and the enemy may follow them
straight to you.
","If you walk like that, you'll leave footprints
behind, and the enemy may follow them
straight to you.
"
0x12b71,"Try to avoid walking through any water
or mud as much as possible.
","Try to avoid walking through any water
or mud as much as possible.
"
0x12bb5,"However, if your feet do get wet, just crawl
to avoid leaving any footprints behind.
","However, if your feet do get wet, just crawl
to avoid leaving any footprints behind.
"
0x12c0b,"When you don't want anybody following
your trail, make sure to crawl.
","When you don't want anybody following
your trail, make sure to crawl.
"
0x12c52,"Snake, antes tienes que encontrar la mochila
que perdiste durante el salto.
","Snake, antes tienes que encontrar la mochila
que perdiste durante el salto.
"
0x12c9f,"Tu mochila está en un árbol, hacia el norte.
Dirígete en esa dirección.
","Tu mochila está en un árbol, hacia el norte.
Dirígete en esa dirección.
"
0x12cec,"Snake, has dicho que tu mochila se ha
enganchado en la rama de un árbol, ¿no?
","Snake, has dicho que tu mochila se ha
enganchado en la rama de un árbol, ¿no?
"
0x12d3d,"Sí.
","Sí.
"
0x12d43,"¿Había plantas trepadoras en ese árbol?
","¿Había plantas trepadoras en ese árbol?
"
0x12d6f,"Había pero...
","Había pero...
"
0x12d7f,"Perfecto.
","Perfecto.
"
0x12d8a,"¿Perfecto?
","¿Perfecto?
"
0x12d97,"Sí.
","Sí.
"
0x12d9d,"Puedes trepar por un árbol con ellas,
colocándote frente a él y pulsando el botón
Acción.
","Puedes trepar por un árbol con ellas,
colocándote frente a él y pulsando el botón
Acción.
"
0x12dfd,"Trepa por el árbol y recupera tu mochila.
","Trepa por el árbol y recupera tu mochila.
"
0x12e29,"Sokolov estará en la fábrica que hay abandona
hacia el norte. Dirígete en esa dirección.
","Sokolov estará en la fábrica que hay abandona
hacia el norte. Dirígete en esa dirección.
"
0x12e87,"Snake, la inteligencia señala que esa zona
está fuera del cordón enemigo.
","Snake, la inteligencia señala que esa zona
está fuera del cordón enemigo.
"
0x12ed5,"Y por lo tanto no te encontrarás con las
patrullas enemigas.
","Y por lo tanto no te encontrarás con las
patrullas enemigas.
"
0x12f14,"Aprovecha estos momentos para
acostumbrarte al camuflaje, para cazar
alimentos
","Aprovecha estos momentos para
acostumbrarte al camuflaje, para cazar
alimentos
"
0x12f64,"y para navegar en Visión Supervivencia.
","y para navegar en Visión Supervivencia.
"
0x12f8e,"Si tienes alguna pregunta sobre camuflaje o
CQC, pregúntale a The Boss.
","Si tienes alguna pregunta sobre camuflaje o
CQC, pregúntale a The Boss.
"
0x12fd8,"Su frecuencia es 141.80.
","Su frecuencia es 141.80.
"
0x12ff2,"Para-Medic es el experto en medicina de esta
misión. Contacta con ella si tienes dudas sobre
caza o sobre tratamientos médicos.
","Para-Medic es el experto en medicina de esta
misión. Contacta con ella si tienes dudas sobre
caza o sobre tratamientos médicos.
"
0x13075,"Además, tiene información sobre la flora y la
fauna del lugar.
","Además, tiene información sobre la flora y la
fauna del lugar.
"
0x130b7,"Contacta con ella si quieres información sobre
las plantas y los animales de la zona.
","Contacta con ella si quieres información sobre
las plantas y los animales de la zona.
"
0x1310f,"La frecuencia de Para-Medic es 145.73.
","La frecuencia de Para-Medic es 145.73.
"
0x13137,"Snake, tienen a Sokolov retenido en la sección
noreste de la fábrica.
","Snake, tienen a Sokolov retenido en la sección
noreste de la fábrica.
"
0x13180,"Vale, en el noreste.
","Vale, en el noreste.
"
0x13196,"Sí, y no te enfrentes al enemigo.
","Sí, y no te enfrentes al enemigo.
"
0x131ba,"El objetivo de la misión es traer sano y salvo a
Sokolov, nada más.
","El objetivo de la misión es traer sano y salvo a
Sokolov, nada más.
"
0x13201,"Contacta con Sokolov sin que el enemigo te
descubra, y sácale discretamente.
","Contacta con Sokolov sin que el enemigo te
descubra, y sácale discretamente.
"
0x13250,"Si tienes que deshacerte de un enemigo, hazlo
con la pistola tranquilizadora.
","Si tienes que deshacerte de un enemigo, hazlo
con la pistola tranquilizadora.
"
0x1329f,"Snake, te repito que tu misión sólo consiste en
liberar a Sokolov, nada más.
","Snake, te repito que tu misión sólo consiste en
liberar a Sokolov, nada más.
"
0x132f0,"No pongas su vida en peligro. No puedes
contactar con él durante la Fase de Alerta.
Corto.
","No pongas su vida en peligro. No puedes
contactar con él durante la Fase de Alerta.
Corto.
"
0x1334d,"¡Snake!
","¡Snake!
"
0x13357,"¡¡!!
","¡¡!!
"
0x1335f,"¿Dónde vas?
","¿Dónde vas?
"
0x1336e,"Eh, yo...
","Eh, yo...
"
0x13379,"¿Estás abandonando la misión?
","¿Estás abandonando la misión?
"
0x1339b,"Por supuesto que no.
","Por supuesto que no.
"
0x133b1,"Eso es lo que yo creía.
","Eso es lo que yo creía.
"
0x133cb,"Yo no pensé que tú pensabas eso.
","Yo no pensé que tú pensabas eso.
"
0x133ef,"Ja, ja, ja.
","Ja, ja, ja.
"
0x133fc,"¡Ja, ja, ja!
","¡Ja, ja, ja!
"
0x1340b,"Sokolov está dentro de la fábrica. Vuelve hacia
el norte.
","Sokolov está dentro de la fábrica. Vuelve hacia
el norte.
"
0x13448,"Recibido...
","Recibido...
"
0x13455,"Snake, ¿ves ese árbol caído?
","Snake, ¿ves ese árbol caído?
"
0x13476,"Sí.
","Sí.
"
0x1347c,"Échale un vistazo.
","Échale un vistazo.
"
0x13491,"¿Por qué?
","¿Por qué?
"
0x1349e,"Haz lo que te digo.
","Haz lo que te digo.
"
0x134b3,"Te puedes esconder agachándote y
escondiéndote en el interior de árboles caídos.
","Te puedes esconder agachándote y
escondiéndote en el interior de árboles caídos.
"
0x13509,"Si quieres salir, gatea hacia afuera.
","Si quieres salir, gatea hacia afuera.
"
0x13530,"En ese árbol caído, hay una grieta...
","En ese árbol caído, hay una grieta...
"
0x13559,"Si te tumbas y gateas, podrás entrar por la
grieta.
","Si te tumbas y gateas, podrás entrar por la
grieta.
"
0x1358f,"Para tumbarte y gatear cuando estés de pie,
pulsa y mantén pulsado el botón Gatear.
","Para tumbarte y gatear cuando estés de pie,
pulsa y mantén pulsado el botón Gatear.
"
0x135e7,"Si te quieres volver a levantar, vuelve a pulsar
y a mantener pulsado el botón Gatear.
","Si te quieres volver a levantar, vuelve a pulsar
y a mantener pulsado el botón Gatear.
"
0x13640,"¿Entendido?
","¿Entendido?
"
0x1364e,"Sí, pero...
","Sí, pero...
"
0x1365c,"¿Pero qué?
","¿Pero qué?
"
0x1366a,"¿Era ésa la única razón?
","¿Era ésa la única razón?
"
0x13688,"¿La única razón de qué?
","¿La única razón de qué?
"
0x136a5,"¿Has hecho que le eche un vistazo, sólo para
decirme esto?
","¿Has hecho que le eche un vistazo, sólo para
decirme esto?
"
0x136e3,"Así es.
","Así es.
"
0x136ed,"...
","...
"
0x136f2,"Muy útil, ¿eh?
","Muy útil, ¿eh?
"
0x13704,"... Ya.
","... Ya.
"
0x1370d,"¿Proseguimos?
","¿Proseguimos?
"
0x1371d,"Por supuesto.
","Por supuesto.
"
0x1372c,"Cuando estés en el bosque, encontrarás un
montón de lugares
","Cuando estés en el bosque, encontrarás un
montón de lugares
"
0x1376c,"en los que te puedes esconder del enemigo.
","en los que te puedes esconder del enemigo.
"
0x13798,"Aprovecha bien esos lugares.
","Aprovecha bien esos lugares.
"
0x137b6,"Así que echa un vistazo siempre en Visión
Primera Persona para inspeccionar tus
alrededores.
","Así que echa un vistazo siempre en Visión
Primera Persona para inspeccionar tus
alrededores.
"
0x13816,"Snake, ¿ves alguna mata de hierba?
","Snake, ¿ves alguna mata de hierba?
"
0x1383b,"Sí.
","Sí.
"
0x13841,"¿Qué tipo de hierba?
","¿Qué tipo de hierba?
"
0x13859,"Hierba normal, nada especial...
","Hierba normal, nada especial...
"
0x1387a,"Échale un vistazo, de todas las formas.
","Échale un vistazo, de todas las formas.
"
0x138a4,"... Es una hierba muy gorda y me llega hasta
la cintura.
","... Es una hierba muy gorda y me llega hasta
la cintura.
"
0x138de,"Si gateas entre la hierba, podrás avanzar sin
ser descubierto.
","Si gateas entre la hierba, podrás avanzar sin
ser descubierto.
"
0x1391f,"Cuando lo hagas, la cámara pasará
automáticamente a Visión Intrusión.
","Cuando lo hagas, la cámara pasará
automáticamente a Visión Intrusión.
"
0x1396b,"Si te quieres levantar, pulsa y mantén pulsado
una vez más el botón Gatear.
","Si te quieres levantar, pulsa y mantén pulsado
una vez más el botón Gatear.
"
0x139bb,"Si pulsas el botón Gatear suavemente, te
pondrás de cuclillas en ese mismo lugar,
","Si pulsas el botón Gatear suavemente, te
pondrás de cuclillas en ese mismo lugar,
"
0x13a10,"y podrás echar un vistazo sin ser descubierto.
","y podrás echar un vistazo sin ser descubierto.
"
0x13a41,"Incluso cuando estés entre la hierba, si haces
algún ruido, tus enemigos te encontrarán.
","Incluso cuando estés entre la hierba, si haces
algún ruido, tus enemigos te encontrarán.
"
0x13a9e,"Cuando los enemigos estén cerca, muévete
sigilosamente moviendo el joystick analógico
izquierdo.
","Cuando los enemigos estén cerca, muévete
sigilosamente moviendo el joystick analógico
izquierdo.
"
0x13b03,"Así podrás proseguir sin hacer mucho ruido.
","Así podrás proseguir sin hacer mucho ruido.
"
0x13b32,"Puedes meterte dentro de árboles que estén
huecos, que se hayan descompuesto.
","Puedes meterte dentro de árboles que estén
huecos, que se hayan descompuesto.
"
0x13b83,"Al meterte dentro de árboles, te esconderás
temporalmente del enemigo.
","Al meterte dentro de árboles, te esconderás
temporalmente del enemigo.
"
0x13bcd,"Sin embargo, si te pillan entrando al árbol, te
dispararán.
","Sin embargo, si te pillan entrando al árbol, te
dispararán.
"
0x13c0c,"Si te lanzan una granada, te harán pedazos.
Ten cuidado.
","Si te lanzan una granada, te harán pedazos.
Ten cuidado.
"
0x13c47,"Snake, ¿has encontrado comida?
","Snake, ¿has encontrado comida?
"
0x13c68,"Sí.
","Sí.
"
0x13c6e,"Pareces contento.
","Pareces contento.
"
0x13c81,"Lo estoy.
","Lo estoy.
"
0x13c8c,"¿Sabes cómo comerlo?
","¿Sabes cómo comerlo?
"
0x13ca4,"...
","...
"
0x13ca9,"Te lo voy a explicar.
","Te lo voy a explicar.
"
0x13cc0,"Para comer algo, pulsa el botón START para
entrar al Visualizador de Supervivencia y
selecciona ""COMIDA"".
","Para comer algo, pulsa el botón START para
entrar al Visualizador de Supervivencia y
selecciona ""COMIDA"".
"
0x13d2c,"Selecciona la comida que quieras comer y
pulsa el botón Enter.
","Selecciona la comida que quieras comer y
pulsa el botón Enter.
"
0x13d6d,"Selecciona ""COMER"" para ingerir la comida
seleccionada.
","Selecciona ""COMER"" para ingerir la comida
seleccionada.
"
0x13da6,"Cuando comas, recuperarás tu energía y,
dependiendo de lo que comas, recuperarás
más o menos energía.
","Cuando comas, recuperarás tu energía y,
dependiendo de lo que comas, recuperarás
más o menos energía.
"
0x13e12,"Cuando tu nivel de energía esté sólo un poco
bajo, guarda tus viandas más energéticas para
más tarde.
","Cuando tu nivel de energía esté sólo un poco
bajo, guarda tus viandas más energéticas para
más tarde.
"
0x13e7f,"Pero no guardes tu comida durante mucho
tiempo o se pudrirá. La planificación es la
clave.
","Pero no guardes tu comida durante mucho
tiempo o se pudrirá. La planificación es la
clave.
"
0x13edd,"Además de comerla, puedes tirar la comida
para distraer al enemigo.
","Además de comerla, puedes tirar la comida
para distraer al enemigo.
"
0x13f23,"Recuerda, la comida no sirve sólo para comer,
utiliza tu imaginación.
","Recuerda, la comida no sirve sólo para comer,
utiliza tu imaginación.
"
0x13f6c,"Cuando estés en la jungla, será muy
importante adivinar la situación de tus
enemigos.
","Cuando estés en la jungla, será muy
importante adivinar la situación de tus
enemigos.
"
0x13fc6,"Por eso tienes sensores. Utilízalos bien.
","Por eso tienes sensores. Utilízalos bien.
"
0x13ff2,"El Detector de Movimiento detecta la actividad
que se desarrolle cerca de ti.
","El Detector de Movimiento detecta la actividad
que se desarrolle cerca de ti.
"
0x14041,"Sin embargo, en la jungla, se mueven muchas
más cosas que tus enemigos.
","Sin embargo, en la jungla, se mueven muchas
más cosas que tus enemigos.
"
0x1408b,"Tu sensor también mostrará los animales que
se muevan por los alrededores.
","Tu sensor también mostrará los animales que
se muevan por los alrededores.
"
0x140d9,"Además, el detector de movimiento no es
super sensitivo,
","Además, el detector de movimiento no es
super sensitivo,
"
0x14114,"y por lo tanto, si los enemigos o animales se
mueven despacio, no serán detectados.
","y por lo tanto, si los enemigos o animales se
mueven despacio, no serán detectados.
"
0x1416a,"Pulsa el botón  para iniciar el sonar activo y
emitir una onda de sonido especial.
","Pulsa el botón  para iniciar el sonar activo y
emitir una onda de sonido especial.
"
0x141c2,"El sonido reflejado de la onda de sonido
revelará las posiciones de los objetos.
","El sonido reflejado de la onda de sonido
revelará las posiciones de los objetos.
"
0x14215,"A diferencia del detector de movimiento, el
sonar activo también muestra la situación de
objetos que no se muevan.
","A diferencia del detector de movimiento, el
sonar activo también muestra la situación de
objetos que no se muevan.
"
0x1428b,"Sin embargo, el ruido que produce la onda de
sonido podrá alertar de tu presencia a los
enemigos y animales.
","Sin embargo, el ruido que produce la onda de
sonido podrá alertar de tu presencia a los
enemigos y animales.
"
0x142fa,"Ten mucho cuidado.
","Ten mucho cuidado.
"
0x1430e,"El sensor anti persona vibra cuando detecta
forma de vida humana.
","El sensor anti persona vibra cuando detecta
forma de vida humana.
"
0x14351,"A diferencia de otros sensores, el sensor anti
persona, ha sido ajustado para que se active
sólo con los humanos,
","A diferencia de otros sensores, el sensor anti
persona, ha sido ajustado para que se active
sólo con los humanos,
"
0x143c5,"y elimina los ruidos producidos por animales.
","y elimina los ruidos producidos por animales.
"
0x143f4,"Puede detectar enemigos que estén
escondidos y quietos, y al usarlo, no alertarás
al enemigo.
","Puede detectar enemigos que estén
escondidos y quietos, y al usarlo, no alertarás
al enemigo.
"
0x14455,"Pero por otro lado, no muestra la posición
exacta del enemigo.
","Pero por otro lado, no muestra la posición
exacta del enemigo.
"
0x14496,"Recuérdalo.
","Recuérdalo.
"
0x144a4,"Cuando lo utilices en Visión Primera Persona,
sólo funcionará en la dirección en la que estés
mirando.
","Cuando lo utilices en Visión Primera Persona,
sólo funcionará en la dirección en la que estés
mirando.
"
0x14511,"No podrás utilizar indefinidamente tus sensores
y otros aparatos electrónicos. Cuando estén
activados, consumen energía.
","No podrás utilizar indefinidamente tus sensores
y otros aparatos electrónicos. Cuando estén
activados, consumen energía.
"
0x1458f,"Recuerda, todos los objetos consumen energía
de una misma pila. Y cuando tu pila se gaste,
no podrás utilizar ningún aparato electrónico.
","Recuerda, todos los objetos consumen energía
de una misma pila. Y cuando tu pila se gaste,
no podrás utilizar ningún aparato electrónico.
"
0x1461e,"Podrás ver el estado de tu pila en el icono de
cualquier objeto que necesite de la pila para
funcionar. No malgastes la pila.
","Podrás ver el estado de tu pila en el icono de
cualquier objeto que necesite de la pila para
funcionar. No malgastes la pila.
"
0x1469e,"La pila se carga automáticamente cuando no la
estés utilizando.
","La pila se carga automáticamente cuando no la
estés utilizando.
"
0x146e1,"Cuando quieras recargar la pila, desequípate
de todos los aparatos electrónicos durante un
rato.
","Cuando quieras recargar la pila, desequípate
de todos los aparatos electrónicos durante un
rato.
"
0x14745,"Cuanto más alto sea tu indicador de Energía,
más rápido se recargará tu pila.
","Cuanto más alto sea tu indicador de Energía,
más rápido se recargará tu pila.
"
0x14799,"Si quieres recargarla más rápidamente, come
algo para recuperar tu energía.
","Si quieres recargarla más rápidamente, come
algo para recuperar tu energía.
"
0x147e9,"Además, si corres, ruedas por el suelo o haces
otra acción rápida, la pila se recargará más
rápidamente.
","Además, si corres, ruedas por el suelo o haces
otra acción rápida, la pila se recargará más
rápidamente.
"
0x14859,"Espera un poco.
","Espera un poco.
"
0x1486a,"¿Qué pasa?
","¿Qué pasa?
"
0x14878,"¿Cuanta más energía tenga, más rápido se
recargará la pila?
","¿Cuanta más energía tenga, más rápido se
recargará la pila?
"
0x148bb,"Eso es dicho.
","Eso es dicho.
"
0x148ca,"¿Pero qué tiene que ver mi energía con la
pila?
","¿Pero qué tiene que ver mi energía con la
pila?
"
0x148fe,"Ah, ya veo lo que quieres decir. Que te lo
explique Para-Medic. ¿Para-Medic?
","Ah, ya veo lo que quieres decir. Que te lo
explique Para-Medic. ¿Para-Medic?
"
0x1494d,"Sí señor. Es porque la pila de Snake utiliza
bioelectricidad.
","Sí señor. Es porque la pila de Snake utiliza
bioelectricidad.
"
0x1498e,"¿Bioelectricidad?
","¿Bioelectricidad?
"
0x149a2,"Bioelectricidad es la electricidad emitida por
las células.
","Bioelectricidad es la electricidad emitida por
las células.
"
0x149e0,"Cuando se estimulan las células de un ser
vivo,
","Cuando se estimulan las células de un ser
vivo,
"
0x14a12,"iones de sodio y potasio se mueven
rápidamente por el canal de iones de la
membrana de la célula, creando un diferencial
en el potencial eléctrico.
","iones de sodio y potasio se mueven
rápidamente por el canal de iones de la
membrana de la célula, creando un diferencial
en el potencial eléctrico.
"
0x14aaa,"La pila utiliza esa energía para recargarse.
","La pila utiliza esa energía para recargarse.
"
0x14ad9,"Así que, a menos que tus células tengan
suficientes nutrientes, la pila no se recargará
bien.
","Así que, a menos que tus células tengan
suficientes nutrientes, la pila no se recargará
bien.
"
0x14b3b,"Qué máquinas más extrañas hay...
","Qué máquinas más extrañas hay...
"
0x14b61,"Pero esta máquina no se conoce públicamente.
","Pero esta máquina no se conoce públicamente.
"
0x14b91,"Fue diseñada por un científico de la Dirección
Científica y Tecnológica de la CIA.
","Fue diseñada por un científico de la Dirección
Científica y Tecnológica de la CIA.
"
0x14bea,"¿Qué tipo de persona era?
","¿Qué tipo de persona era?
"
0x14c07,"¿Quién, el que la diseñó?
","¿Quién, el que la diseñó?
"
0x14c26,"Sí.
","Sí.
"
0x14c2c,"Dicen que era un tipo muy extraño.
","Dicen que era un tipo muy extraño.
"
0x14c51,"¿Más extraño que el Major?
","¿Más extraño que el Major?
"
0x14c70,"El Major no es extraño.
","El Major no es extraño.
"
0x14c8a,"¡Mi té! ¿Quién se lo ha bebido? ¿Cómo
voy a tomar el té si no tengo té?
","¡Mi té! ¿Quién se lo ha bebido? ¿Cómo
voy a tomar el té si no tengo té?
"
0x14cdb,"Bueno, no demasiado extraño...
","Bueno, no demasiado extraño...
"
0x14cfc,"...
","...
"
0x14d01,"¡Eh, y mis pastas!
","¡Eh, y mis pastas!
"
0x14d16,"Podrás escalar sobre objetos que te lleguen a
la altura de la cintura pulsando el botón
Acción.
","Podrás escalar sobre objetos que te lleguen a
la altura de la cintura pulsando el botón
Acción.
"
0x14d7a,"Al escalar podrás acceder a lugares
inaccesibles andando,
","Al escalar podrás acceder a lugares
inaccesibles andando,
"
0x14db6,"y podrás alcanzar objetos que normalmente no
verías.
","y podrás alcanzar objetos que normalmente no
verías.
"
0x14dee,"Recuerda, intenta subirte a los objetos.
","Recuerda, intenta subirte a los objetos.
"
0x14e18,"Snake, ten cuidado.
","Snake, ten cuidado.
"
0x14e2d,"La forma de pasar de estar de pie, a estar
agachado o de cuclillas es algo diferente a las
técnicas que aprendiste en los entrenamientos.
","La forma de pasar de estar de pie, a estar
agachado o de cuclillas es algo diferente a las
técnicas que aprendiste en los entrenamientos.
"
0x14eb9,"Cuando estés de pie, pulsa el botón Gatear
suavemente para agacharte y púlsalo y
manténlo pulsado para ponerte a cuatro patas.
","Cuando estés de pie, pulsa el botón Gatear
suavemente para agacharte y púlsalo y
manténlo pulsado para ponerte a cuatro patas.
"
0x14f3d,"Y como es más difícil descubrirte cuando estés
agachado, el índice de camuflaje es mayor que
al estar de pie.
","Y como es más difícil descubrirte cuando estés
agachado, el índice de camuflaje es mayor que
al estar de pie.
"
0x14fb0,"Y la mayor estabilidad que tienes al estar
agachado, hace que el retroceso al disparar
sea menor.
","Y la mayor estabilidad que tienes al estar
agachado, hace que el retroceso al disparar
sea menor.
"
0x15013,"Dispara cuando estés agachado, y verás como
tus disparos serán más consistentes que si lo
haces estando de pie.
","Dispara cuando estés agachado, y verás como
tus disparos serán más consistentes que si lo
haces estando de pie.
"
0x15088,"Cuando estés agachado, pulsa el botón Gatear
para levantarte y mueve el joystick analógico
izquierdo para gatear en la dirección que
desees.
","Cuando estés agachado, pulsa el botón Gatear
para levantarte y mueve el joystick analógico
izquierdo para gatear en la dirección que
desees.
"
0x1511a,"Cuando estés gateando el índice de tu
camuflaje será muy alto
","Cuando estés gateando el índice de tu
camuflaje será muy alto
"
0x1515c,"y tu puntería será mejor que cuando estés
agachado.
","y tu puntería será mejor que cuando estés
agachado.
"
0x15194,"Cuando estés tumbado sobre tu estómago,
mueve el joystick analógico izquierdo para
gatear en la dirección deseada.
","Cuando estés tumbado sobre tu estómago,
mueve el joystick analógico izquierdo para
gatear en la dirección deseada.
"
0x1520c,"Cuando estés gateando, mueve suavemente el
joystick analógico izquierdo para gatear en
silencio, a pesar de ir muy despacio.
","Cuando estés gateando, mueve suavemente el
joystick analógico izquierdo para gatear en
silencio, a pesar de ir muy despacio.
"
0x1528c,"Sin embargo, ten en cuenta que al gatear
consumes más energía que al andar.
","Sin embargo, ten en cuenta que al gatear
consumes más energía que al andar.
"
0x152db,"Pulsa y mantén pulsado el botón Gatear
cuando estés gateando para levantarte.
Púlsalo suavemente para ponerte agachado.
","Pulsa y mantén pulsado el botón Gatear
cuando estés gateando para levantarte.
Púlsalo suavemente para ponerte agachado.
"
0x15358,"Recuerda, si te quieres levantar rápidamente
cuando estés gateando, pulsa y mantén
pulsado el botón Gatear.
","Recuerda, si te quieres levantar rápidamente
cuando estés gateando, pulsa y mantén
pulsado el botón Gatear.
"
0x153c9,"Snake, no deberías dejar los cuerpos de tus
víctimas en el suelo.
","Snake, no deberías dejar los cuerpos de tus
víctimas en el suelo.
"
0x1540e,"Si el enemigo descubre a un camarada en el
suelo, se dará cuenta de que hay un infiltrado,
y reforzarán la seguridad.
","Si el enemigo descubre a un camarada en el
suelo, se dará cuenta de que hay un infiltrado,
y reforzarán la seguridad.
"
0x15487,"Cuando mates a un enemigo, esconde su
cuerpo entre la hierba o en algún lugar en el
que no sea descubierto.
","Cuando mates a un enemigo, esconde su
cuerpo entre la hierba o en algún lugar en el
que no sea descubierto.
"
0x154f5,"Colócate cerca de un enemigo que esté en el
suelo y pulsa el botón Arma, sin ningún arma
equipada, para agarrar el cuerpo.
","Colócate cerca de un enemigo que esté en el
suelo y pulsa el botón Arma, sin ningún arma
equipada, para agarrar el cuerpo.
"
0x15575,"Mantén pulsado el botón Arma y muévete para
arrastrar el cuerpo. Suelta el botón Arma para
poner el cuerpo de nuevo en el suelo.
","Mantén pulsado el botón Arma y muévete para
arrastrar el cuerpo. Suelta el botón Arma para
poner el cuerpo de nuevo en el suelo.
"
0x155fb,"Snake, te recomiendo que no corras por ahí
como un loco.
","Snake, te recomiendo que no corras por ahí
como un loco.
"
0x15636,"Tendrás que juzgar cuándo es mejor correr y
cuándo es mejor andar.
","Tendrás que juzgar cuándo es mejor correr y
cuándo es mejor andar.
"
0x1567d,"Mueve el joystick analógico izquierdo
suavemente para andar.
","Mueve el joystick analógico izquierdo
suavemente para andar.
"
0x156bc,"No irás muy deprisa, pero gastarás poca
energía y habrá menos posibilidades de que el
enemigo te descubra.
","No irás muy deprisa, pero gastarás poca
energía y habrá menos posibilidades de que el
enemigo te descubra.
"
0x1572c,"Cuando el enemigo esté cerca o te quede poca
energía, será mejor que andes.
","Cuando el enemigo esté cerca o te quede poca
energía, será mejor que andes.
"
0x1577c,"Snake, pulsa el joystick analógico izquierdo
hacia abajo desde la Pantalla de Radio para
abrir la Ventana de Memoria.
","Snake, pulsa el joystick analógico izquierdo
hacia abajo desde la Pantalla de Radio para
abrir la Ventana de Memoria.
"
0x157f4,"En la Ventana de Memoria, selecciona la
persona con la que quieras hablar y pulsa el
botón Enter.
","En la Ventana de Memoria, selecciona la
persona con la que quieras hablar y pulsa el
botón Enter.
"
0x15858,"Así no tendrás que estar ajustando la
frecuencia.
","Así no tendrás que estar ajustando la
frecuencia.
"
0x1588d,"En el campo de batalla, se realizan muchas
transmisiones. Si cambias de frecuencia, igual
descubres algo interesante.
","En el campo de batalla, se realizan muchas
transmisiones. Si cambias de frecuencia, igual
descubres algo interesante.
"
0x15904,"Pulsa el botón CQC cuando estés contra una
pared para darle un golpe y hacer ruido.
","Pulsa el botón CQC cuando estés contra una
pared para darle un golpe y hacer ruido.
"
0x1595b,"Los ruidos llamarán la atención del enemigo.
","Los ruidos llamarán la atención del enemigo.
"
0x1598b,"Podrás utilizar el sonido de muchas formas
para tu beneficio.
","Podrás utilizar el sonido de muchas formas
para tu beneficio.
"
0x159cb,"Para que el enemigo vaya en la dirección
equivocada y así tú podrás pasar por algún
sitio.
","Para que el enemigo vaya en la dirección
equivocada y así tú podrás pasar por algún
sitio.
"
0x15a2c,"O para que el enemigo se acerque a donde tú
estés y tenderle una emboscada por detrás.
","O para que el enemigo se acerque a donde tú
estés y tenderle una emboscada por detrás.
"
0x15a87,"Sácale el máximo partido.
","Sácale el máximo partido.
"
0x15aa4,"Snake, si encuentras una caja de objetos,
echa un buen vistazo en Visión Primera
Persona para ver lo que hay dentro.
","Snake, si encuentras una caja de objetos,
echa un buen vistazo en Visión Primera
Persona para ver lo que hay dentro.
"
0x15b1b,"Algunas veces es peligroso intentar coger un
objeto que desconoces.
","Algunas veces es peligroso intentar coger un
objeto que desconoces.
"
0x15b60,"Por eso es mejor que antes mires en la caja, a
ver si el objeto que contiene te interesa.
","Por eso es mejor que antes mires en la caja, a
ver si el objeto que contiene te interesa.
"
0x15bbb,"Si no puedes verlo bien, puedes utilizar tus
prismáticos.
","Si no puedes verlo bien, puedes utilizar tus
prismáticos.
"
0x15bf7,"Snake, el daño que tu pistola le cause a un
enemigo dependerá de dónde le des.
","Snake, el daño que tu pistola le cause a un
enemigo dependerá de dónde le des.
"
0x15c4a,"Si le das en el brazo o en la pierna, con un
solo disparo no acabarás con él.
","Si le das en el brazo o en la pierna, con un
solo disparo no acabarás con él.
"
0x15c9b,"Si quieres acabar con un enemigo de un solo
disparo, tendrás que utilizar el Ataque Visión
Primera Persona y disparar directo a la
cabeza.
","Si quieres acabar con un enemigo de un solo
disparo, tendrás que utilizar el Ataque Visión
Primera Persona y disparar directo a la
cabeza.
"
0x15d29,"Snake, cuando estés contra un árbol o contra
una pared cerca de una esquina,
","Snake, cuando estés contra un árbol o contra
una pared cerca de una esquina,
"
0x15d79,"la visión de la cámara se moverá hacia abajo,
dándote una perspestiva desde atrás, es la
Visión Esquina.
","la visión de la cámara se moverá hacia abajo,
dándote una perspestiva desde atrás, es la
Visión Esquina.
"
0x15de9,"Así podrás ver lo que ocurre detrás de ti
cuando te estés escondiendo en zonas de
escasa visibilidad.
","Así podrás ver lo que ocurre detrás de ti
cuando te estés escondiendo en zonas de
escasa visibilidad.
"
0x15e54,"Además, cuando estés escondido, podrás
realizar diferentes acciones;
","Además, cuando estés escondido, podrás
realizar diferentes acciones;
"
0x15e9d,"echar un vistazo pulsando el botón de Paso
hacia la Izquierda o Derecha o disparar al salir
del escondite de un salto pulsando el botón
Arma.
","echar un vistazo pulsando el botón de Paso
hacia la Izquierda o Derecha o disparar al salir
del escondite de un salto pulsando el botón
Arma.
"
0x15f2e,"Si quieres que tu misión sea un éxito, tendrás
que aprender a sacarle partido a la Visión
Esquina.
","Si quieres que tu misión sea un éxito, tendrás
que aprender a sacarle partido a la Visión
Esquina.
"
0x15f96,"Te será muy útil.
","Te será muy útil.
"
0x15fab,"En Visión Esquina,
","En Visión Esquina,
"
0x15fc0,"pulsa el botón de paso hacia la Izquierda o
Derecha para salir de una zona protegida al
mismo tiempo que miras por encima de tu
hombro.
","pulsa el botón de paso hacia la Izquierda o
Derecha para salir de una zona protegida al
mismo tiempo que miras por encima de tu
hombro.
"
0x1604a,"A esta acción le llamaremos ""bichear"" (mirar a
hurtadillas).
","A esta acción le llamaremos ""bichear"" (mirar a
hurtadillas).
"
0x16089,"Bichear te vendrá muy bien para echar un
vistazo a tu alrededor, ya que su campo de
visión es más amplio que en Visión Esquina.
","Bichear te vendrá muy bien para echar un
vistazo a tu alrededor, ya que su campo de
visión es más amplio que en Visión Esquina.
"
0x1610e,"Sin embargo, expondrás parte de tu cuerpo, y
por lo tanto al enemigo le resultará más fácil
descubrirte.
","Sin embargo, expondrás parte de tu cuerpo, y
por lo tanto al enemigo le resultará más fácil
descubrirte.
"
0x1617c,"En Visión Esquina, mueve el joystick analógico
derecho para desplazar la cámara en la
dirección deseada.
","En Visión Esquina, mueve el joystick analógico
derecho para desplazar la cámara en la
dirección deseada.
"
0x161ea,"Tu campo de visión no será tan amplio como
al ""bichear"" con los botones de paso Izquierdo
y Derecho,
","Tu campo de visión no será tan amplio como
al ""bichear"" con los botones de paso Izquierdo
y Derecho,
"
0x16252,"pero es más seguro ya que no expondrás tu
cuerpo.
","pero es más seguro ya que no expondrás tu
cuerpo.
"
0x16287,"Será mejor que te familiarices con todo esto.
","Será mejor que te familiarices con todo esto.
"
0x162b7,"Si en Visión Esquina estás equipado con un
arma, pulsa el botón Arma para saltar de tu
escondite al mismo tiempo que disparas.
","Si en Visión Esquina estás equipado con un
arma, pulsa el botón Arma para saltar de tu
escondite al mismo tiempo que disparas.
"
0x1633a,"Con la técnica de saltar y disparar, podrás
atacar por sorpresa al enemigo mientras tú
sigues protegido,
","Con la técnica de saltar y disparar, podrás
atacar por sorpresa al enemigo mientras tú
sigues protegido,
"
0x163a7,"y atacar en el momento idóneo.
","y atacar en el momento idóneo.
"
0x163c8,"Esta técnica es crucial para los tiroteos.
Utilízala bien.
","Esta técnica es crucial para los tiroteos.
Utilízala bien.
"
0x16406,"Cuando tengas una pistola y pulses el botón
Arma, apuntarás, y para disparar tendrás que
soltar el botón.
","Cuando tengas una pistola y pulses el botón
Arma, apuntarás, y para disparar tendrás que
soltar el botón.
"
0x16475,"Si, tras apuntar, no quieres disparar, suelta el
botón Arma lentamente.
","Si, tras apuntar, no quieres disparar, suelta el
botón Arma lentamente.
"
0x164bf,"Tendrás que practicar hasta que te familiarices
con esta técnica.
","Tendrás que practicar hasta que te familiarices
con esta técnica.
"
0x16504,"Muchos novatos disparan por error a sus
enemigos cuando les están apuntando.
","Muchos novatos disparan por error a sus
enemigos cuando les están apuntando.
"
0x16553,"Si ahora entrenas lo suficiente, no tendrás esa
presión cuando llegue el momento.
","Si ahora entrenas lo suficiente, no tendrás esa
presión cuando llegue el momento.
"
0x165a8,"Si no estás muy seguro, sigue practicando.
","Si no estás muy seguro, sigue practicando.
"
0x165d5,"El fusil de asalto funciona de una forma algo
distinta que la pistola.
","El fusil de asalto funciona de una forma algo
distinta que la pistola.
"
0x1661d,"Pulsa el botón Arma suavemente para apuntar
y pulsa el botón Arma normalmente para
disparar.
","Pulsa el botón Arma suavemente para apuntar
y pulsa el botón Arma normalmente para
disparar.
"
0x1667d,"Si quieres bajar el arma sin disparar, en un
arresto por ejemplo,
","Si quieres bajar el arma sin disparar, en un
arresto por ejemplo,
"
0x166c0,"suelta el botón Arma sin llegar a pulsarlo del
todo.
","suelta el botón Arma sin llegar a pulsarlo del
todo.
"
0x166f7,"Ten cuidado y no dispares al apuntar.
","Ten cuidado y no dispares al apuntar.
"
0x1671e,"La fuerza con la que pulses el botón Arma
determinará la distancia del lanzamiento de las
granadas y de las armas que puedan ser
lanzadas.
","La fuerza con la que pulses el botón Arma
determinará la distancia del lanzamiento de las
granadas y de las armas que puedan ser
lanzadas.
"
0x167ac,"Si pulsas el botón Arma suavemente, el arma
será lanzada a un lugar cercano y si pulsas el
botón con fuerza, el arma irá más lejos.
","Si pulsas el botón Arma suavemente, el arma
será lanzada a un lugar cercano y si pulsas el
botón con fuerza, el arma irá más lejos.
"
0x16836,"Pulsa el botón con la fuerza necesaria.
","Pulsa el botón con la fuerza necesaria.
"
0x16860,"También puedes lanzar en Visión Primera
Persona. En esta Visión, podrás lanzar con
más precisión para dar en un blanco.
","También puedes lanzar en Visión Primera
Persona. En esta Visión, podrás lanzar con
más precisión para dar en un blanco.
"
0x168df,"Hazlo si fuera necesario.
","Hazlo si fuera necesario.
"
0x168fa,"Las gafas térmicas crean una imagen térmica
basada en el calor emitido por los objetos que
hay dentro de su campo de visión.
","Las gafas térmicas crean una imagen térmica
basada en el calor emitido por los objetos que
hay dentro de su campo de visión.
"
0x1697b,"Cuando estés equipado con las gafas térmicas,
podrás descubrir rápidamente a los enemigos
que estén escondidos en la jungla.
","Cuando estés equipado con las gafas térmicas,
podrás descubrir rápidamente a los enemigos
que estén escondidos en la jungla.
"
0x169fe,"Además, podrás localizar plantas, animales y
trampas. Sácale partido a este objeto.
","Además, podrás localizar plantas, animales y
trampas. Sácale partido a este objeto.
"
0x16a56,"Sin embargo, cuando actives las gafas
térmicas, tu pila comenzará a gastarse.
","Sin embargo, cuando actives las gafas
térmicas, tu pila comenzará a gastarse.
"
0x16aa7,"Y recuerda, cuando se te acabe la pila, no
podrás utilizar ninguno de tus aparatos
electrónicos.
","Y recuerda, cuando se te acabe la pila, no
podrás utilizar ninguno de tus aparatos
electrónicos.
"
0x16b0b,"Pulsa el botón Acción cuando estés sobre una
rama o enfrente de una barandilla, para
colgarte.
","Pulsa el botón Acción cuando estés sobre una
rama o enfrente de una barandilla, para
colgarte.
"
0x16b6e,"A esto se le llama ""Colgado"".
","A esto se le llama ""Colgado"".
"
0x16b8d,"A veces, será mejor moverte mientras estás
colgado que andar de la forma habitual.
","A veces, será mejor moverte mientras estás
colgado que andar de la forma habitual.
"
0x16be3,"Además, al estar colgado, podrás esconderte
del enemigo.
","Además, al estar colgado, podrás esconderte
del enemigo.
"
0x16c1f,"Cuando estés colgado, utiliza el joystick
analógico izquierdo, el botón de Paso Izquierdo
y el botón de Paso Derecho para moverte
hacia la izquierda o la derecha.
","Cuando estés colgado, utiliza el joystick
analógico izquierdo, el botón de Paso Izquierdo
y el botón de Paso Derecho para moverte
hacia la izquierda o la derecha.
"
0x16cc7,"Cuando quieras saltar del sitio del que estés
colgado, pulsa el botón Acción de nuevo.
","Cuando quieras saltar del sitio del que estés
colgado, pulsa el botón Acción de nuevo.
"
0x16d22,"Si quieres dejarte caer, pulsa el botón Gatear.
","Si quieres dejarte caer, pulsa el botón Gatear.
"
0x16d54,"No puedes estar colgado indefinidamente.
Cuando te quedes sin fuerza de agarre, te
caerás.
","No puedes estar colgado indefinidamente.
Cuando te quedes sin fuerza de agarre, te
caerás.
"
0x16db1,"Podrás ver la fuerza del agarre en el Indicador
de Agarre. Cuando estés colgado, un indicador
azul aparecerá encima del indicador de
energía.
","Podrás ver la fuerza del agarre en el Indicador
de Agarre. Cuando estés colgado, un indicador
azul aparecerá encima del indicador de
energía.
"
0x16e44,"Es el Indicador de Agarre.
","Es el Indicador de Agarre.
"
0x16e60,"Muestra el estado de tu agarre. Cuando estés
colgado, el indicador de agarre descenderá.
","Muestra el estado de tu agarre. Cuando estés
colgado, el indicador de agarre descenderá.
"
0x16ebc,"Cuando el indicador de agarre desaparezca, te
caerás. Así que bájate antes de que eso
ocurra.
","Cuando el indicador de agarre desaparezca, te
caerás. Así que bájate antes de que eso
ocurra.
"
0x16f1e,"Dependiendo de tu energía, el indicador de
agarre durará más o menos.
","Dependiendo de tu energía, el indicador de
agarre durará más o menos.
"
0x16f68,"Si tienes que estar colgado durante un largo
periodo de tiempo, antes tendrás que
recuperar energía.
","Si tienes que estar colgado durante un largo
periodo de tiempo, antes tendrás que
recuperar energía.
"
0x16fd0,"Si cuando te estés cayendo te puedes agarrar
a algo, pulsa el botón Acción al pasar junto al
objeto al que te puedes agarrar.
","Si cuando te estés cayendo te puedes agarrar
a algo, pulsa el botón Acción al pasar junto al
objeto al que te puedes agarrar.
"
0x17052,"Si lo haces en el momento justo, te podrás
agarrar y colgar de ese objeto.
","Si lo haces en el momento justo, te podrás
agarrar y colgar de ese objeto.
"
0x1709f,"Con esta técnica, podrás acceder a lugares de
otra forma inaccesibles.
","Con esta técnica, podrás acceder a lugares de
otra forma inaccesibles.
"
0x170e9,"E incluso podrás encontrar algún objeto
extraño.
","E incluso podrás encontrar algún objeto
extraño.
"
0x1711e,"Mira bien a tu alrededor para localizar objetos
a los que agarrarte en caso de caída.
","Mira bien a tu alrededor para localizar objetos
a los que agarrarte en caso de caída.
"
0x17176,"Pulsa el botón Gatear cuando estés Colgado
para saltar hacia abajo en línea recta.
","Pulsa el botón Gatear cuando estés Colgado
para saltar hacia abajo en línea recta.
"
0x171cd,"Con esta técnica, podrás dejar inconsciente a
cualquier enemigo sobre el que caigas.
","Con esta técnica, podrás dejar inconsciente a
cualquier enemigo sobre el que caigas.
"
0x17225,"Cuando estés encima de un árbol, intenta caer
encima de un enemigo que esté pasando.
","Cuando estés encima de un árbol, intenta caer
encima de un enemigo que esté pasando.
"
0x1727e,"Si te acercas a un enemigo sin que éste sepa
de tu presencia, le podrás dejar indefenso
poniendo una pistola contra su cuerpo por
detrás.
","Si te acercas a un enemigo sin que éste sepa
de tu presencia, le podrás dejar indefenso
poniendo una pistola contra su cuerpo por
detrás.
"
0x1730c,"A esto se le llama ""arresto"".
","A esto se le llama ""arresto"".
"
0x1732b,"Sin embargo, y aunque dejes al enemigo
indefenso,
","Sin embargo, y aunque dejes al enemigo
indefenso,
"
0x1735e,"en cuanto se dé cuenta de que le quitas el
arma o de que te alejas, te atacará. Ten
cuidado.
","en cuanto se dé cuenta de que le quitas el
arma o de que te alejas, te atacará. Ten
cuidado.
"
0x173be,"En ocasiones, cuando hayas detenido a un
enemigo, éste te dará un objeto.
","En ocasiones, cuando hayas detenido a un
enemigo, éste te dará un objeto.
"
0x1740b,"Arrestar a un enemigo tiene sus riesgos,
","Arrestar a un enemigo tiene sus riesgos,
"
0x17435,"aunque te vendrá muy bien cuando te quede
poca munición o medicamentos.
","aunque te vendrá muy bien cuando te quede
poca munición o medicamentos.
"
0x17480,"Cuando consigas un objeto tras un arresto,
podrás volver a arrestarle.
","Cuando consigas un objeto tras un arresto,
podrás volver a arrestarle.
"
0x174c9,"Quién sabe, igual te da más objetos valiosos.
","Quién sabe, igual te da más objetos valiosos.
"
0x174fa,"Cuando tengas un arma en Visión Por Encima
de la Cabeza, pulsa y mantén pulsado el botón
Apuntar para fijar la mira mientras te mueves.
","Cuando tengas un arma en Visión Por Encima
de la Cabeza, pulsa y mantén pulsado el botón
Apuntar para fijar la mira mientras te mueves.
"
0x17586,"Hazlo para atacar o para retirarte, o cuando
quieras disparar a un lugar en concreto
mientras te mueves.
","Hazlo para atacar o para retirarte, o cuando
quieras disparar a un lugar en concreto
mientras te mueves.
"
0x175f0,"¿Has comido algo?
","¿Has comido algo?
"
0x17604,"Sí.
","Sí.
"
0x1760a,"La comida no va a hacer que recuperes VIDA,
¿lo sabes, no?
","La comida no va a hacer que recuperes VIDA,
¿lo sabes, no?
"
0x17647,"Pues claro que no. Sólo con comida no se
curan las heridas. Con comida conseguiré más
energía.
","Pues claro que no. Sólo con comida no se
curan las heridas. Con comida conseguiré más
energía.
"
0x176ab,"Bien.
","Bien.
"
0x176b2,"¿Por qué me lo has preguntado?
","¿Por qué me lo has preguntado?
"
0x176d4,"Porque una vez tuve a un tipo que pensaba
que comiendo comida en lata su VIDA se
recuperaría.
","Porque una vez tuve a un tipo que pensaba
que comiendo comida en lata su VIDA se
recuperaría.
"
0x17734,"¿Qué era, idiota?
","¿Qué era, idiota?
"
0x17749,"Pues casi. Pero seguro que para el siglo XXI,
ya han inventado algo así.
","Pues casi. Pero seguro que para el siglo XXI,
ya han inventado algo así.
"
0x17794,"En Visión Primera Persona, utiliza el botón de
Paso Derecho para dar un paso hacia la
derecha y el botón de Paso Izquierdo para dar
un paso hacia la izquierda.
","En Visión Primera Persona, utiliza el botón de
Paso Derecho para dar un paso hacia la
derecha y el botón de Paso Izquierdo para dar
un paso hacia la izquierda.
"
0x17838,"Utilízalo para atacar cuando estés escondido
detrás de barreras y para salir de tu escondite
para inspeccionar la zona.
","Utilízalo para atacar cuando estés escondido
detrás de barreras y para salir de tu escondite
para inspeccionar la zona.
"
0x178b4,"Durante Visión Primera Persona, pulsa el
botón de Paso Izquierdo y Derecho al mismo
tiempo, para estirarte un poco en ese mismo
lugar.
","Durante Visión Primera Persona, pulsa el
botón de Paso Izquierdo y Derecho al mismo
tiempo, para estirarte un poco en ese mismo
lugar.
"
0x1793e,"Muy útil cuando estés escondido detrás de
barreras y quieras echar un vistazo o durante
un tiroteo.
","Muy útil cuando estés escondido detrás de
barreras y quieras echar un vistazo o durante
un tiroteo.
"
0x179a6,"Cuando entres dentro de un lugar pequeño, el
modo Visión por Encima de la Cabeza pasará
al modo Visión Intrusión.
","Cuando entres dentro de un lugar pequeño, el
modo Visión por Encima de la Cabeza pasará
al modo Visión Intrusión.
"
0x17a1e,"La forma de moverse en Visión Intrusión es
algo diferente a la forma de moverse en Visión
por Encima de la Cabeza.
","La forma de moverse en Visión Intrusión es
algo diferente a la forma de moverse en Visión
por Encima de la Cabeza.
"
0x17a95,"Para ir hacia delante, mueve el joystick
analógico izquierdo hacia delante, para ir hacia
atrás, hacia atrás, y para girar, hacia la
izquierda o derecha.
","Para ir hacia delante, mueve el joystick
analógico izquierdo hacia delante, para ir hacia
atrás, hacia atrás, y para girar, hacia la
izquierda o derecha.
"
0x17b33,"Para girar hacia la izquierda o derecha, mueve
el botón de dirección hacia la izquierda o
derecha.
","Para girar hacia la izquierda o derecha, mueve
el botón de dirección hacia la izquierda o
derecha.
"
0x17b99,"Si los movimientos del joystick analógico
izquierdo son amplios, te moverás más
rápidamente, pero harás ruido. Los enemigos
que estén cerca te podrán descubrir.
","Si los movimientos del joystick analógico
izquierdo son amplios, te moverás más
rápidamente, pero harás ruido. Los enemigos
que estén cerca te podrán descubrir.
"
0x17c42,"Si mueves suavemente el joystick analógico
izquierdo, no harás ruido, pero no irás muy
rápido.
","Si mueves suavemente el joystick analógico
izquierdo, no harás ruido, pero no irás muy
rápido.
"
0x17ca6,"Utiliza ambos tipos, dependiendo de la
situación.
","Utiliza ambos tipos, dependiendo de la
situación.
"
0x17cda,"Cuando hayas cogido a un enemigo por detrás
con CQC, puedes interrogarle pulsando el
botón .
","Cuando hayas cogido a un enemigo por detrás
con CQC, puedes interrogarle pulsando el
botón .
"
0x17d3d,"Podrás obtener información muy valiosa.
","Podrás obtener información muy valiosa.
"
0x17d68,"Algunos de tus enemigos tienen información
muy valiosa, así que intenta sacarles
información.
","Algunos de tus enemigos tienen información
muy valiosa, así que intenta sacarles
información.
"
0x17dca,"La inclinación al pulsar el joystick analógico
izquierdo
","La inclinación al pulsar el joystick analógico
izquierdo
"
0x17e06,"afecta a la velocidad del paso al andar, pero
también al gatear y a los movimientos de
intrusión.
","afecta a la velocidad del paso al andar, pero
también al gatear y a los movimientos de
intrusión.
"
0x17e6b,"Los grandes movimientos del joystick analógico
izquierdo harán que vayas más rápido,
","Los grandes movimientos del joystick analógico
izquierdo harán que vayas más rápido,
"
0x17ec5,"pero harás ruido que podrá alertar a los
enemigos de tu presencia.
","pero harás ruido que podrá alertar a los
enemigos de tu presencia.
"
0x17f0b,"Si los movimientos del joystick analógico
izquierdo son cortos, te moverás en silencio.
","Si los movimientos del joystick analógico
izquierdo son cortos, te moverás en silencio.
"
0x17f66,"Te moverás más lentamente, pero es la mejor
opción cuando el ruido pueda representar un
problema.
","Te moverás más lentamente, pero es la mejor
opción cuando el ruido pueda representar un
problema.
"
0x17fcc,"Snake, la Mk22 es una pistola tranquilizadora.
Utilízala para dormir a tus enemigos sin
hacerles daño.
","Snake, la Mk22 es una pistola tranquilizadora.
Utilízala para dormir a tus enemigos sin
hacerles daño.
"
0x18036,"El tiempo que tarda en hacer efecto, depende
de la zona de impacto en el cuerpo del
enemigo.
","El tiempo que tarda en hacer efecto, depende
de la zona de impacto en el cuerpo del
enemigo.
"
0x18094,"Si le das en el brazo o la pierna, el efecto
tranquilizador no será inmediato.
","Si le das en el brazo o la pierna, el efecto
tranquilizador no será inmediato.
"
0x180e5,"Pero si le das en la cabeza, caerá como una
mosca.
","Pero si le das en la cabeza, caerá como una
mosca.
"
0x1811a,"Si quieres dejar KO a un enemigo
rápidamente, apunta a la cabeza.
","Si quieres dejar KO a un enemigo
rápidamente, apunta a la cabeza.
"
0x1815e,"Equípate con comida a modo de arma y pulsa
el botón Arma para lanzarla.
","Equípate con comida a modo de arma y pulsa
el botón Arma para lanzarla.
"
0x181a9,"Si tiras un animal vivo cerca de un enemigo, le
podrás asustar.
","Si tiras un animal vivo cerca de un enemigo, le
podrás asustar.
"
0x181eb,"Si un enemigo tiene mucha hambre, podrás
atacar si cree que hay comida.
","Si un enemigo tiene mucha hambre, podrás
atacar si cree que hay comida.
"
0x18235,"En esta misión, tu equipamiento es mínimo y
por lo tanto, tendrás que hacer buen uso de
cualquier objeto que te encuentres.
","En esta misión, tu equipamiento es mínimo y
por lo tanto, tendrás que hacer buen uso de
cualquier objeto que te encuentres.
"
0x182b5,"En Visión por Encima de la Cabeza, mueve el
joystick analógico derecho para moverte en la
dirección deseada.
","En Visión por Encima de la Cabeza, mueve el
joystick analógico derecho para moverte en la
dirección deseada.
"
0x18326,"Mueve el joystick analógico derecho hacia la
izquierda, para ver lo que hay a la izquierda,
","Mueve el joystick analógico derecho hacia la
izquierda, para ver lo que hay a la izquierda,
"
0x18384,"a la derecha, para ver lo que hay a la derecha
y hacia arriba, para ver lo que hay más
adelante.
","a la derecha, para ver lo que hay a la derecha
y hacia arriba, para ver lo que hay más
adelante.
"
0x183e7,"Si pulsas el botón  mientras el joystick
analógico derecho esté apuntando en esa
dirección, podrás bloquear la cámara en esa
posición.
","Si pulsas el botón  mientras el joystick
analógico derecho esté apuntando en esa
dirección, podrás bloquear la cámara en esa
posición.
"
0x18479,"Por ejemplo, si vas hacia el norte, mueve el
joystick analógico derecho hacia arriba y pulsa
el botón  para bloquear la cámara,
","Por ejemplo, si vas hacia el norte, mueve el
joystick analógico derecho hacia arriba y pulsa
el botón  para bloquear la cámara,
"
0x18500,"pudiendo así ver lo que hay en la dirección en
la que te mueves.
","pudiendo así ver lo que hay en la dirección en
la que te mueves.
"
0x18544,"Y luego, si ves a un enemigo patrullando por el
este, bloquea la cámara hacia la derecha para
poder esconderte sin perder de vista al
enemigo.
","Y luego, si ves a un enemigo patrullando por el
este, bloquea la cámara hacia la derecha para
poder esconderte sin perder de vista al
enemigo.
"
0x185d5,"Esta técnica te puede ser muy útil.
Aprovéchate de ella al máximo.
","Esta técnica te puede ser muy útil.
Aprovéchate de ella al máximo.
"
0x1861d,"Cuando estés corriendo, pulsa el botón Gatear,
para empezar a rodar.
","Cuando estés corriendo, pulsa el botón Gatear,
para empezar a rodar.
"
0x18665,"Durante un momento, darás un salto con el
que podrás tirar a tus enemigos.
","Durante un momento, darás un salto con el
que podrás tirar a tus enemigos.
"
0x186b3,"A diferencia del entrenamiento que has hecho
hasta ahora, podrás rodar para saltar sobre
objetos que te lleguen a la altura de la cintura.
","A diferencia del entrenamiento que has hecho
hasta ahora, podrás rodar para saltar sobre
objetos que te lleguen a la altura de la cintura.
"
0x18740,"Sin embargo, recuerda que al rodar consumes
más energía que al correr.
","Sin embargo, recuerda que al rodar consumes
más energía que al correr.
"
0x1878a,"Snake, para no perder la energía, tienes que
comer.
","Snake, para no perder la energía, tienes que
comer.
"
0x187c0,"En esta misión, todo hay que conseguirlo allí,
incluso la comida.
","En esta misión, todo hay que conseguirlo allí,
incluso la comida.
"
0x18805,"Conseguirlo allí...
","Conseguirlo allí...
"
0x1881b,"Así es.
","Así es.
"
0x18825,"¿Pero no crees que debería haber traído al
menos unas raciones?
","¿Pero no crees que debería haber traído al
menos unas raciones?
"
0x18869,"Los americanos tienen la horrible costumbre de
llevarse todo.
","Los americanos tienen la horrible costumbre de
llevarse todo.
"
0x188a8,"Hoy en día, nadie sabe hacer nada sin un
montón de aparatejos.
","Hoy en día, nadie sabe hacer nada sin un
montón de aparatejos.
"
0x188ea,"En el SAS no era así. Y en FOX, hacemos las
cosas a mi manera.
","En el SAS no era así. Y en FOX, hacemos las
cosas a mi manera.
"
0x1892b,"Entendido Major.
","Entendido Major.
"
0x1893d,"No estás convencido, ¿verdad? Míralo por el
lado bueno,
","No estás convencido, ¿verdad? Míralo por el
lado bueno,
"
0x18979,"cualquier cosa que encuentres allí, estará más
buena que las raciones militares.
","cualquier cosa que encuentres allí, estará más
buena que las raciones militares.
"
0x189ce,"Espero que tengas razón.
","Espero que tengas razón.
"
0x189e9,"Conseguirás comida cogiendo plantas y
animales de la zona.
","Conseguirás comida cogiendo plantas y
animales de la zona.
"
0x18a26,"Para-Medic tiene información sobre la flora y
fauna que hay en esa zona.
","Para-Medic tiene información sobre la flora y
fauna que hay en esa zona.
"
0x18a71,"Si tienes alguna duda sobre las plantas y
animales que encuentres, habla con ella.
","Si tienes alguna duda sobre las plantas y
animales que encuentres, habla con ella.
"
0x18ac5,"Snake, cuando te quede poca energía, tus
habilidades físicas se verán negativamente
afectadas.
","Snake, cuando te quede poca energía, tus
habilidades físicas se verán negativamente
afectadas.
"
0x18b28,"Tendrás que recargar tu energía antes de que
se acabe.
","Tendrás que recargar tu energía antes de que
se acabe.
"
0x18b62,"El indicador que hay debajo de tu Indicador de
Vida, es tu Indicador de Energía.
","El indicador que hay debajo de tu Indicador de
Vida, es tu Indicador de Energía.
"
0x18bb5,"Muestra, como su nombre indica, la energía
que te queda.
","Muestra, como su nombre indica, la energía
que te queda.
"
0x18bf0,"Cuando tu energía se vaya gastando, tu
indicador de VIDA se llenará más lentamente y
te temblarán las manos.
","Cuando tu energía se vaya gastando, tu
indicador de VIDA se llenará más lentamente y
te temblarán las manos.
"
0x18c62,"Tu Indicador de OXÍGENO y de Agarre
también se irán gastando.
","Tu Indicador de OXÍGENO y de Agarre
también se irán gastando.
"
0x18ca4,"Un nivel de energía excesivamente bajo, podrá
poner en peligro los objetivos de la misión.
","Un nivel de energía excesivamente bajo, podrá
poner en peligro los objetivos de la misión.
"
0x18d03,"Antes de que eso ocurra, carga tu energía.
","Antes de que eso ocurra, carga tu energía.
"
0x18d30,"Para recuperar energía, come algo.
","Para recuperar energía, come algo.
"
0x18d55,"Para conseguir comida, coge plantas y
animales.
","Para conseguir comida, coge plantas y
animales.
"
0x18d86,"Tengo información sobre plantas y animales
autóctonos, así que no dudes en preguntar.
","Tengo información sobre plantas y animales
autóctonos, así que no dudes en preguntar.
"
0x18de0,"Mi frecuencia es 145.73.
","Mi frecuencia es 145.73.
"
0x18dfa,"Tus acciones podrán consumir toda tu energía.
Cuanto más esfuerzo requiera la actividad,
más energía consumirá.
","Tus acciones podrán consumir toda tu energía.
Cuanto más esfuerzo requiera la actividad,
más energía consumirá.
"
0x18e71,"Exactamente.
","Exactamente.
"
0x18e7f,"Si andas despacio, no gastarás energía,
mientras que si ruedas por el suelo, gateas o
acechas, gastarás mucha energía.
","Si andas despacio, no gastarás energía,
mientras que si ruedas por el suelo, gateas o
acechas, gastarás mucha energía.
"
0x18efb,"Intenta no gastar mucha energía
innecesariamente.
","Intenta no gastar mucha energía
innecesariamente.
"
0x18f2f,"Snake, utiliza tu Visualizador de Supervivencia
para elegir tu camuflaje, curar heridas y
comer.
","Snake, utiliza tu Visualizador de Supervivencia
para elegir tu camuflaje, curar heridas y
comer.
"
0x18f91,"Para más información, habla con The Boss o
con Para-Medic.
","Para más información, habla con The Boss o
con Para-Medic.
"
0x18fcf,"Snake, recuerda que el silenciador no es
ilimitado.
","Snake, recuerda que el silenciador no es
ilimitado.
"
0x19004,"Lo sé. Ningún silenciador dura eternamente.
","Lo sé. Ningún silenciador dura eternamente.
"
0x19033,"Exacto.
","Exacto.
"
0x1903c,"Cuando un silenciador ha agotado su vida, no
se puede reparar.
","Cuando un silenciador ha agotado su vida, no
se puede reparar.
"
0x1907c,"Mira el icono del arma, para ver el nivel de
durabilidad actual del silenciador.
","Mira el icono del arma, para ver el nivel de
durabilidad actual del silenciador.
"
0x190ce,"Quita el silenciador de la pistola si quieres que
te dure.
","Quita el silenciador de la pistola si quieres que
te dure.
"
0x1910a,"Con el botón de la Ventana de Arma,
selecciona el arma equipada con un silenciador
","Con el botón de la Ventana de Arma,
selecciona el arma equipada con un silenciador
"
0x1915f,"y pulsa el botón Enter para poner o quitar el
silenciador.
","y pulsa el botón Enter para poner o quitar el
silenciador.
"
0x1919c,"Utiliza el silenciador cuando sea necesario.
","Utiliza el silenciador cuando sea necesario.
"
0x191ca,"Snake, algunos soldados enemigos tienen
radios.
","Snake, algunos soldados enemigos tienen
radios.
"
0x191fb,"Estos señaladores transmiten información
desde sus radios al cuartel general.
","Estos señaladores transmiten información
desde sus radios al cuartel general.
"
0x1924c,"Si un señalador descubre tu presencia, pedirá
refuerzos al cuartel general.
","Si un señalador descubre tu presencia, pedirá
refuerzos al cuartel general.
"
0x1929b,"Y cuando el cuartel general reciba la llamada
pidiendo refuerzos, contactarán con una unidad
cercana y pedirán refuerzos.
","Y cuando el cuartel general reciba la llamada
pidiendo refuerzos, contactarán con una unidad
cercana y pedirán refuerzos.
"
0x19318,"Y cuando lleguen los refuerzos, la diferencia
numérica será considerable. Ni siquiera tú
podrías hacer nada en esa situación.
","Y cuando lleguen los refuerzos, la diferencia
numérica será considerable. Ni siquiera tú
podrías hacer nada en esa situación.
"
0x1939c,"Si ves que un señalador está pidiendo
refuerzos con su radio, acaba con él antes de
que lo haga.
","Si ves que un señalador está pidiendo
refuerzos con su radio, acaba con él antes de
que lo haga.
"
0x19401,"Si realiza la llamada, retírate antes de que
llegue la unidad de refuerzos.
","Si realiza la llamada, retírate antes de que
llegue la unidad de refuerzos.
"
0x1944f,"Si te quedas por allí mucho tiempo, te harán
pedazos. ¿Lo entiendes?
","Si te quedas por allí mucho tiempo, te harán
pedazos. ¿Lo entiendes?
"
0x19498,"Puedes destruir la radio del enemigo.
","Puedes destruir la radio del enemigo.
"
0x194bf,"Si tienes que luchar,
","Si tienes que luchar,
"
0x194d6,"antes de nada destruye la radio, y así no
podrán pedir refuerzos.
","antes de nada destruye la radio, y así no
podrán pedir refuerzos.
"
0x1951b,"Snake, ésta es una misión de infiltración.
Tendrás que llevar a cabo tus objetivos al
ladito del enemigo.
","Snake, ésta es una misión de infiltración.
Tendrás que llevar a cabo tus objetivos al
ladito del enemigo.
"
0x1958a,"Si un enemigo te descubre, acaba con él antes
de que pueda advertir a los soldados que haya
cerca.
","Si un enemigo te descubre, acaba con él antes
de que pueda advertir a los soldados que haya
cerca.
"
0x195ef,"Si consigues acabar con él antes de que alerte
a sus compañeros de tu presencia,
","Si consigues acabar con él antes de que alerte
a sus compañeros de tu presencia,
"
0x19643,"la Fase de Alerta volverá rápidamente a la
Fase Normal.
","la Fase de Alerta volverá rápidamente a la
Fase Normal.
"
0x1967e,"Pero recuerda, eso en caso de emergencia.
","Pero recuerda, eso en caso de emergencia.
"
0x196a9,"Tu prioridad es evitar ser detectado por el
enemigo. Hazlo bien.
","Tu prioridad es evitar ser detectado por el
enemigo. Hazlo bien.
"
0x196eb,"Snake, ¿has notado que cuando dejas
inconsciente a un enemigo, sobre su cabeza
aparecen estrellas?
","Snake, ¿has notado que cuando dejas
inconsciente a un enemigo, sobre su cabeza
aparecen estrellas?
"
0x19750,"Si miras las estrellas que hay sobre la cabeza
del enemigo de cerca, verás que desaparecen
gradualmente, una por una.
","Si miras las estrellas que hay sobre la cabeza
del enemigo de cerca, verás que desaparecen
gradualmente, una por una.
"
0x197c8,"Cuando no quede ninguna estrella, el enemigo
volverá en sí y volverá a luchar.
","Cuando no quede ninguna estrella, el enemigo
volverá en sí y volverá a luchar.
"
0x1981b,"Así que, cuando le dejes inconsciente,
recuerda que vuelve en sí.
","Así que, cuando le dejes inconsciente,
recuerda que vuelve en sí.
"
0x19860,"Snake, esa región está dentro de la zona de
control del enemigo.
","Snake, esa región está dentro de la zona de
control del enemigo.
"
0x198a4,"Lo sé, es la hora de la verdad.
","Lo sé, es la hora de la verdad.
"
0x198c6,"El enemigo patrulla la zona regularmente. No
sabes ni cuándo ni dónde te lo encontrarás.
","El enemigo patrulla la zona regularmente. No
sabes ni cuándo ni dónde te lo encontrarás.
"
0x19923,"Utiliza el camuflaje y ten mucho cuidado.
","Utiliza el camuflaje y ten mucho cuidado.
"
0x1994e,"Para usar el camuflaje, primero pulsa el botón
START para ir al Visualizador de
Supervivencia.
","Para usar el camuflaje, primero pulsa el botón
START para ir al Visualizador de
Supervivencia.
"
0x199af,"Luego selecciona ""CAMUFLAJE"" y pulsa el
botón Enter.
","Luego selecciona ""CAMUFLAJE"" y pulsa el
botón Enter.
"
0x199e6,"Selecciona ""UNIFORME"" para seleccionar el
uniforme de combate y ""CARA"" para elegir la
pintura de la cara.
","Selecciona ""UNIFORME"" para seleccionar el
uniforme de combate y ""CARA"" para elegir la
pintura de la cara.
"
0x19a51,"Selecciona uniformes de combate parecidos al
lugar en el que te encuentres.
","Selecciona uniformes de combate parecidos al
lugar en el que te encuentres.
"
0x19a9e,"El camuflaje más eficaz es aquél que se
confunde con el entorno.
","El camuflaje más eficaz es aquél que se
confunde con el entorno.
"
0x19ae2,"Los dibujos del camuflaje que llamen la
atención en el entorno, llamarán la atención
del enemigo.
","Los dibujos del camuflaje que llamen la
atención en el entorno, llamarán la atención
del enemigo.
"
0x19b48,"Snake, sólo los uniformes de camuflaje no son
suficiente. También tendrás que pintarte la
cara.
","Snake, sólo los uniformes de camuflaje no son
suficiente. También tendrás que pintarte la
cara.
"
0x19bac,"La pintura es camuflaje facial.
","La pintura es camuflaje facial.
"
0x19bcd,"La cara sin pintar llamará mucho la atención,
así que no olvides pintarte la cara.
","La cara sin pintar llamará mucho la atención,
así que no olvides pintarte la cara.
"
0x19c24,"Elige un color que vaya bien con los objetos
del paisaje, y píntate con el dedo.
","Elige un color que vaya bien con los objetos
del paisaje, y píntate con el dedo.
"
0x19c77,"Primero date un color claro, y poco a poco
más oscuro.
","Primero date un color claro, y poco a poco
más oscuro.
"
0x19cb0,"Así, si te equivocas, podrás rectificar
fácilmente dándote otra capa de un color más
oscuro.
","Así, si te equivocas, podrás rectificar
fácilmente dándote otra capa de un color más
oscuro.
"
0x19d13,"Y para privar de relieve tu cara,
","Y para privar de relieve tu cara,
"
0x19d36,"utiliza colores claros en las zonas hundidas de
la cara, y colores oscuros en las zonas
prominentes.
","utiliza colores claros en las zonas hundidas de
la cara, y colores oscuros en las zonas
prominentes.
"
0x19d9c,"Abre el Visualizador de Supervivencia, ve a
""CAMUFLAJE,"" luego selecciona ""CARA,"" y
encontrarás la selección de pinturas faciales.
","Abre el Visualizador de Supervivencia, ve a
""CAMUFLAJE,"" luego selecciona ""CARA,"" y
encontrarás la selección de pinturas faciales.
"
0x19e22,"Elige un color que armonice con el lugar en el
que te encuentres. ¿Vale?
","Elige un color que armonice con el lugar en el
que te encuentres. ¿Vale?
"
0x19e6d,"Snake, ni el camuflaje ni la pintura facial harán
que te confundas completamente con tu
entorno.
","Snake, ni el camuflaje ni la pintura facial harán
que te confundas completamente con tu
entorno.
"
0x19ed0,"Además del camuflaje, tu posición física juega
un papel crucial que no deberías de olvidar.
","Además del camuflaje, tu posición física juega
un papel crucial que no deberías de olvidar.
"
0x19f31,"Camuflaje consiste en confundirse con la
naturaleza. Para que sea efectivo, tienes que
estar tumbado y quieto.
","Camuflaje consiste en confundirse con la
naturaleza. Para que sea efectivo, tienes que
estar tumbado y quieto.
"
0x19fa1,"Siempre y cuando tengas un uniforme de
camuflaje y pintura facial que vayan con el
entorno y estés tumbado sobre tu estómago,
","Siempre y cuando tengas un uniforme de
camuflaje y pintura facial que vayan con el
entorno y estés tumbado sobre tu estómago,
"
0x1a022,"los enemigos que estén lejos no te
descubrirán.
","los enemigos que estén lejos no te
descubrirán.
"
0x1a055,"Pero, si vas corriendo por ahí, ni el mejor
camuflaje del mundo funcionará.
","Pero, si vas corriendo por ahí, ni el mejor
camuflaje del mundo funcionará.
"
0x1a0a4,"Así que, cuando te estés escondiendo del
enemigo, túmbate y no te muevas.
","Así que, cuando te estés escondiendo del
enemigo, túmbate y no te muevas.
"
0x1a0f2,"Podrás ver en el Índice de Camuflaje cómo
están afectando, a la calidad de tu camuflaje,
tu posición y movimiento.
","Podrás ver en el Índice de Camuflaje cómo
están afectando, a la calidad de tu camuflaje,
tu posición y movimiento.
"
0x1a16b,"Snake, para llevar a cabo la misión sin ser
descubierto, tienes que aprender a detectar
con tiempo a los enemigos que se acerquen a
ti.
","Snake, para llevar a cabo la misión sin ser
descubierto, tienes que aprender a detectar
con tiempo a los enemigos que se acerquen a
ti.
"
0x1a1f5,"Pulsa el botón Visión Primera Persona y utiliza
la Visión Primera Persona para mirar en todo
momento a tu alrededor mientras andas.
","Pulsa el botón Visión Primera Persona y utiliza
la Visión Primera Persona para mirar en todo
momento a tu alrededor mientras andas.
"
0x1a27d,"Pulsa el botón de Visión Primera Persona para
pasar a Visión Primera Persona.
","Pulsa el botón de Visión Primera Persona para
pasar a Visión Primera Persona.
"
0x1a2cf,"En Visión Primera Persona, podrás mirar a tu
alrededor con tus propios ojos.
","En Visión Primera Persona, podrás mirar a tu
alrededor con tus propios ojos.
"
0x1a31f,"El campo de visión de Visión por Encima de la
Cabeza es limitado.
","El campo de visión de Visión por Encima de la
Cabeza es limitado.
"
0x1a364,"Si andas por ahí sólo en Visión por Encima de
la Cabeza, podrás encontrarte con el enemigo
inesperadamente.
","Si andas por ahí sólo en Visión por Encima de
la Cabeza, podrás encontrarte con el enemigo
inesperadamente.
"
0x1a3d5,"Detente ocasionalmente y mira a tu alrededor
en Visión Primera Persona. ¿Vale Snake?
","Detente ocasionalmente y mira a tu alrededor
en Visión Primera Persona. ¿Vale Snake?
"
0x1a42d,"Durante Visión Primera Persona, podrás
utilizar el arma que tengas equipada. A esto se
le llama Ataque Visión Primera Persona.
","Durante Visión Primera Persona, podrás
utilizar el arma que tengas equipada. A esto se
le llama Ataque Visión Primera Persona.
"
0x1a4b0,"Cuando estés utilizando Ataque Visión Primera
Persona, podrás apuntar hacia arriba, abajo,
izquierda o derecha.
","Cuando estés utilizando Ataque Visión Primera
Persona, podrás apuntar hacia arriba, abajo,
izquierda o derecha.
"
0x1a524,"Una parte esencial del combate es el Ataque
Visión Primera Persona.
","Una parte esencial del combate es el Ataque
Visión Primera Persona.
"
0x1a56a,"Te permite apuntar en cualquier dirección,
encima y debajo de ti, algo que no es posible
en Visión por Encima de la Cabeza.
","Te permite apuntar en cualquier dirección,
encima y debajo de ti, algo que no es posible
en Visión por Encima de la Cabeza.
"
0x1a5e9,"Además, también podrás apuntar a los puntos
débiles de tus enemigos.
","Además, también podrás apuntar a los puntos
débiles de tus enemigos.
"
0x1a633,"Cuando tengas que liquidar a un enemigo de
un tiro, utiliza Ataque Visión Primera Persona
y apunta a la cabeza.
","Cuando tengas que liquidar a un enemigo de
un tiro, utiliza Ataque Visión Primera Persona
y apunta a la cabeza.
"
0x1a6a5,"Cada vez que gastes la munición de un
cargador, tendrás que recargarla.
","Cada vez que gastes la munición de un
cargador, tendrás que recargarla.
"
0x1a6f0,"Cuando estés cambiando de cargador, serás
vulnerable, así que recuerda las balas que te
quedan.
","Cuando estés cambiando de cargador, serás
vulnerable, así que recuerda las balas que te
quedan.
"
0x1a754,"En un icono aparecen las balas que te quedan.
","En un icono aparecen las balas que te quedan.
"
0x1a783,"Antes de que el cargador se vacíe del todo,
podrás cargar tácticamente.
","Antes de que el cargador se vacíe del todo,
podrás cargar tácticamente.
"
0x1a7cf,"Cargar tácticamente consiste en cambiar el
cargador antes de que se le acaben todas las
balas.
","Cargar tácticamente consiste en cambiar el
cargador antes de que se le acaben todas las
balas.
"
0x1a830,"Así no te quedarás sin balas cuando estés
frente a tus enemigos, podrás seguir
disparando
","Así no te quedarás sin balas cuando estés
frente a tus enemigos, podrás seguir
disparando
"
0x1a88f,"y siempre tendrás una bala en el cargador.
","y siempre tendrás una bala en el cargador.
"
0x1a8bc,"El truco está en no bajar tu arma ni tu mira
cuando estés recargando.
","El truco está en no bajar tu arma ni tu mira
cuando estés recargando.
"
0x1a905,"Mantén tu arma en alto y no pierdas de vista
tu entorno cuando estés cambiando de
cargador.
","Mantén tu arma en alto y no pierdas de vista
tu entorno cuando estés cambiando de
cargador.
"
0x1a964,"Y no te olvides de coger los cargadores en los
que todavía haya balas.
","Y no te olvides de coger los cargadores en los
que todavía haya balas.
"
0x1a9ad,"El procedimiento actual consiste en
desequiparte de tu pistola y volverte a equipar
con ella.
","El procedimiento actual consiste en
desequiparte de tu pistola y volverte a equipar
con ella.
"
0x1aa0c,"Así cargarás tu arma con un nuevo cargador.
","Así cargarás tu arma con un nuevo cargador.
"
0x1aa3b,"Para recargar tu arma rápidamente, te
recomiendo que pulses con rapidez el botón
Ventana Arma.
","Para recargar tu arma rápidamente, te
recomiendo que pulses con rapidez el botón
Ventana Arma.
"
0x1aa9d,"Pulsa el botón Acción cuando estés encima de
una rama para colgarte del árbol.
","Pulsa el botón Acción cuando estés encima de
una rama para colgarte del árbol.
"
0x1aaf1,"Pero sólo podrás permanecer colgado mientras
te dure la fuerza de agarre.
","Pero sólo podrás permanecer colgado mientras
te dure la fuerza de agarre.
"
0x1ab3e,"Cuando estés colgado de un árbol, no pierdas
de vista tu Indicador de Agarre.
","Cuando estés colgado de un árbol, no pierdas
de vista tu Indicador de Agarre.
"
0x1ab8f,"Ten cuidado, cuando te quede poca energía, tu
agarre no durará mucho.
","Ten cuidado, cuando te quede poca energía, tu
agarre no durará mucho.
"
0x1abd8,"Incluso cuando estés colgado, podrás disparar
con una sola mano.
","Incluso cuando estés colgado, podrás disparar
con una sola mano.
"
0x1ac1c,"Si te atacan cuando estés colgado, no te
pongas nervioso y saca provecho de la
situación.
","Si te atacan cuando estés colgado, no te
pongas nervioso y saca provecho de la
situación.
"
0x1ac79,"Snake, ¿qué haces cuándo consigues una
nueva arma u objeto?
","Snake, ¿qué haces cuándo consigues una
nueva arma u objeto?
"
0x1acb9,"Lo meto en mi mochila.
","Lo meto en mi mochila.
"
0x1acd1,"Pero sabes que no te puedes equipar con
objetos que todavía estén en tu mochila,
¿no?
","Pero sabes que no te puedes equipar con
objetos que todavía estén en tu mochila,
¿no?
"
0x1ad2b,"Sí, con los botones de Ventana de Armas y de
Objetos, sólo me podré equipar con las cosas
que lleve encima.
","Sí, con los botones de Ventana de Armas y de
Objetos, sólo me podré equipar con las cosas
que lleve encima.
"
0x1ad9b,"Correcto. Si quieres equiparte con un objeto,
antes lo tienes que sacar de tu mochila.
","Correcto. Si quieres equiparte con un objeto,
antes lo tienes que sacar de tu mochila.
"
0x1adf3,"Para coger un arma, ve al Visualizador de
Supervivencia, selecciona ""MOCHILA"" y luego
""ARMA"".
","Para coger un arma, ve al Visualizador de
Supervivencia, selecciona ""MOCHILA"" y luego
""ARMA"".
"
0x1ae52,"En la parte superior izquierda de la pantalla
aparecerá una lista de armas.
","En la parte superior izquierda de la pantalla
aparecerá una lista de armas.
"
0x1aea0,"Selecciona el arma que quieres llevar tú mismo
con el joystick analógico izquierdo
","Selecciona el arma que quieres llevar tú mismo
con el joystick analógico izquierdo
"
0x1aef6,"y pulsa el botón Enter para sacar el arma de la
mochila, cogerla y equiparte con ella.
","y pulsa el botón Enter para sacar el arma de la
mochila, cogerla y equiparte con ella.
"
0x1af4f,"Sin embargo, sólo puedes llevar un número
máximo de armas al mismo tiempo.
","Sin embargo, sólo puedes llevar un número
máximo de armas al mismo tiempo.
"
0x1af9e,"Guarda las armas que no necesites en tu
mochila.
","Guarda las armas que no necesites en tu
mochila.
"
0x1afd0,"Selecciona un arma que tengas equipada de la
lista, y pulsa el botón Enter para colocar el
arma en tu mochila.
","Selecciona un arma que tengas equipada de la
lista, y pulsa el botón Enter para colocar el
arma en tu mochila.
"
0x1b041,"En cada situación necesitarás un tipo de arma.
","En cada situación necesitarás un tipo de arma.
"
0x1b073,"Piénsalo bien antes de equiparte con las
armas, ¿vale Snake?
","Piénsalo bien antes de equiparte con las
armas, ¿vale Snake?
"
0x1b0b3,"Snake, en Visión Primera Persona no se
apunta como en las sesiones de
entrenamiento.
","Snake, en Visión Primera Persona no se
apunta como en las sesiones de
entrenamiento.
"
0x1b10a,"Cuando apuntes tu pistola en Visión Primera
Persona, alinea la parte delantera y trasera de
la mira de la pistola con el objetivo, y luego
dispara.
","Cuando apuntes tu pistola en Visión Primera
Persona, alinea la parte delantera y trasera de
la mira de la pistola con el objetivo, y luego
dispara.
"
0x1b1a0,"¿La mira no es láser?
","¿La mira no es láser?
"
0x1b1b9,"¿Qué?
","¿Qué?
"
0x1b1c2,"Mira láser. Oí que el ejército estaba trabajando
en ellas, pero...
","Mira láser. Oí que el ejército estaba trabajando
en ellas, pero...
"
0x1b209,"¿Quieres una mira láser?
","¿Quieres una mira láser?
"
0x1b225,"...
","...
"
0x1b22a,"Un buen soldado no necesita una mira láser.
En esta misión, no vas a tener mucha ayuda.
","Un buen soldado no necesita una mira láser.
En esta misión, no vas a tener mucha ayuda.
"
0x1b285,"...
","...
"
0x1b28a,"Con el fusil de asalto y otras armas, al pulsar
el botón Arma la prepararás para disparar
desde la cadera.
","Con el fusil de asalto y otras armas, al pulsar
el botón Arma la prepararás para disparar
desde la cadera.
"
0x1b2f8,"En combates a distancias cortas y en otras
situaciones en las que la acción tenga que ser
inmediata, dispara desde esa posición.
","En combates a distancias cortas y en otras
situaciones en las que la acción tenga que ser
inmediata, dispara desde esa posición.
"
0x1b37c,"Mira dónde van los tiros y mueve la mira si
fuera necesario.
","Mira dónde van los tiros y mueve la mira si
fuera necesario.
"
0x1b3bb,"Entiendo, pero es poco preciso, ¿no?
","Entiendo, pero es poco preciso, ¿no?
"
0x1b3e2,"No. Cuando quieras apuntar a un lugar en
concreto, por ejemplo cuando dispares desde
lejos, mantén pulsado el botón Apuntar para
apuntar.
","No. Cuando quieras apuntar a un lugar en
concreto, por ejemplo cuando dispares desde
lejos, mantén pulsado el botón Apuntar para
apuntar.
"
0x1b46f,"Alinea con cuidado la parte frontal y trasera de
la mira para apuntar bien y para ver mejor tu
objetivo.
","Alinea con cuidado la parte frontal y trasera de
la mira para apuntar bien y para ver mejor tu
objetivo.
"
0x1b4d9,"Snake, las tropas soviéticas no son nuestros
únicos enemigos.
","Snake, las tropas soviéticas no son nuestros
únicos enemigos.
"
0x1b51a,"¿Qué quieres decir?
","¿Qué quieres decir?
"
0x1b531,"La naturaleza...
","La naturaleza...
"
0x1b543,"Boss...
","Boss...
"
0x1b54c,"Serpientes venenosas, escorpiones, cocodrilos,
avispones... hay muchas formas de vida muy
peligrosas en Tselinoyarsk.
","Serpientes venenosas, escorpiones, cocodrilos,
avispones... hay muchas formas de vida muy
peligrosas en Tselinoyarsk.
"
0x1b5c3,"Hay incluso setas y ranas venenosas y otras
plantas y animales que no deberías comer.
","Hay incluso setas y ranas venenosas y otras
plantas y animales que no deberías comer.
"
0x1b61b,"Para poder sobrevivir en la naturaleza, hay
que conocerla.
","Para poder sobrevivir en la naturaleza, hay
que conocerla.
"
0x1b657,"Para-Medic tiene información sobre la flora y la
fauna de cada lugar. Pídele información.
","Para-Medic tiene información sobre la flora y la
fauna de cada lugar. Pídele información.
"
0x1b6b5,"En la mayoría de las zonas exteriores, tus
pasos harán ruido incluso cuando andes con
cuidado (moviendo suavemente el joystick
analógico izquierdo).
","En la mayoría de las zonas exteriores, tus
pasos harán ruido incluso cuando andes con
cuidado (moviendo suavemente el joystick
analógico izquierdo).
"
0x1b74e,"Ese ruido podrá alertar de tu presencia al
enemigo.
","Ese ruido podrá alertar de tu presencia al
enemigo.
"
0x1b784,"Si quieres acercarte por detrás a un enemigo,
mueve el botón de dirección para Acecharle.
","Si quieres acercarte por detrás a un enemigo,
mueve el botón de dirección para Acecharle.
"
0x1b7e2,"Acechar es una técnica que elimina incluso el
sonido de tus pasos.
","Acechar es una técnica que elimina incluso el
sonido de tus pasos.
"
0x1b827,"Al acechar, pondrás todo el peso de tu cuerpo
en tu pie trasero y darás un paso muy
despacio con tu pie delantero.
","Al acechar, pondrás todo el peso de tu cuerpo
en tu pie trasero y darás un paso muy
despacio con tu pie delantero.
"
0x1b89d,"Antes de pisar con el pie delantero,
","Antes de pisar con el pie delantero,
"
0x1b8c3,"utiliza la punta de tu pie para ver si hay
objetos peligrosos o ramas que podrían hacer
ruido al apoyar el pie.
","utiliza la punta de tu pie para ver si hay
objetos peligrosos o ramas que podrían hacer
ruido al apoyar el pie.
"
0x1b935,"Cuando ya veas que puedes pisar, coloca
lentamente tu pie en el suelo,
","Cuando ya veas que puedes pisar, coloca
lentamente tu pie en el suelo,
"
0x1b97d,"colocándolo de fuera hacia dentro, hasta
apoyar en él todo tu peso.
","colocándolo de fuera hacia dentro, hasta
apoyar en él todo tu peso.
"
0x1b9c4,"En todo este proceso, tendrás que tensar la
pantorrilla para guardar el equilibrio.
","En todo este proceso, tendrás que tensar la
pantorrilla para guardar el equilibrio.
"
0x1ba1a,"...
","...
"
0x1ba1f,"Pero tú lo único que tienes que hacer es
pulsar el botón de dirección en la dirección en
la que te quieras mover.
","Pero tú lo único que tienes que hacer es
pulsar el botón de dirección en la dirección en
la que te quieras mover.
"
0x1ba97,"Cuando estés acechando, podrás moverte sin
hacer ruido al andar.
","Cuando estés acechando, podrás moverte sin
hacer ruido al andar.
"
0x1badb,"Y, puesto que al acechar estarás algo
agachado, al enemigo también le costará más
descubrirte.
","Y, puesto que al acechar estarás algo
agachado, al enemigo también le costará más
descubrirte.
"
0x1bb3f,"Como al acechar andas con mucho cuidado,
podrás descubrir las trampas que haya en el
suelo antes de accionarlas.
","Como al acechar andas con mucho cuidado,
podrás descubrir las trampas que haya en el
suelo antes de accionarlas.
"
0x1bbb2,"Sin embargo, los movimientos lentos y tensos
al andar, consumen mucha energía.
","Sin embargo, los movimientos lentos y tensos
al andar, consumen mucha energía.
"
0x1bc03,"Pasa de andar a correr pulsando el joystick
analógico izquierdo
","Pasa de andar a correr pulsando el joystick
analógico izquierdo
"
0x1bc45,"y a acechar pulsando el botón de dirección.
","y a acechar pulsando el botón de dirección.
"
0x1bc74,"Escucha Snake, recuerda que esta operación
es top-secret.
","Escucha Snake, recuerda que esta operación
es top-secret.
"
0x1bcb0,"Evita los enfrentamientos. Si tienes que
deshacerte de un enemigo, utiliza la pistola
tranquilizadora.
","Evita los enfrentamientos. Si tienes que
deshacerte de un enemigo, utiliza la pistola
tranquilizadora.
"
0x1bd18,"Sí, felices sueños, chavalín.
","Sí, felices sueños, chavalín.
"
0x1bd3a,"Sí, y para cuando despierte, tú y Sokolov
estaréis sanos y salvos en vuestro país.
","Sí, y para cuando despierte, tú y Sokolov
estaréis sanos y salvos en vuestro país.
"
0x1bd92,"Disfrutando de un café en el vuelo de vuelta.
","Disfrutando de un café en el vuelo de vuelta.
"
0x1bdc2,"¿Qué has dicho...?
","¿Qué has dicho...?
"
0x1bdd8,"¿?
","¿?
"
0x1bddd,"¿QUÉ has dicho?
","¿QUÉ has dicho?
"
0x1bdf0,"Disfrutando de un café en...
","Disfrutando de un café en...
"
0x1be0f,"¿Vas a beber esa mierda? ¿En el vuelo de
la victoria?
","¿Vas a beber esa mierda? ¿En el vuelo de
la victoria?
"
0x1be48,"Bien, bien... ¿y qué debería beber?
","Bien, bien... ¿y qué debería beber?
"
0x1be70,"¡Té, por supuesto!
","¡Té, por supuesto!
"
0x1be86,"Llevo los dos años que Sokolov ha estado
arrestado, preparando esta misión,
","Llevo los dos años que Sokolov ha estado
arrestado, preparando esta misión,
"
0x1bed5,"y ha llegado la hora de ver los resultados.
","y ha llegado la hora de ver los resultados.
"
0x1bf02,"FOX es una organización de espías de nueva
generación
","FOX es una organización de espías de nueva
generación
"
0x1bf3c,"diseñada para lidiar con las operaciones del
siglo XXI, que he propuesto a la CIA.
","diseñada para lidiar con las operaciones del
siglo XXI, que he propuesto a la CIA.
"
0x1bf91,"FOX envía a individuos entrenados en las
tácticas especiales y de espionaje, en misiones
en solitario como ésta...
","FOX envía a individuos entrenados en las
tácticas especiales y de espionaje, en misiones
en solitario como ésta...
"
0x1c008,"... Una unidad de nueva generación que
combina las habilidades de las unidades de las
fuerzas especiales como el SAS
","... Una unidad de nueva generación que
combina las habilidades de las unidades de las
fuerzas especiales como el SAS
"
0x1c07f,"y la reputación como unidad de infiltración y de
espionaje de los Boinas Verdes.
","y la reputación como unidad de infiltración y de
espionaje de los Boinas Verdes.
"
0x1c0d3,"La política militar nunca ha sido mi fuerte...
","La política militar nunca ha sido mi fuerte...
"
0x1c104,"Lo que quiero decir es... infiltración. Ésta es
una misión de infiltración.
","Lo que quiero decir es... infiltración. Ésta es
una misión de infiltración.
"
0x1c155,"Crucial en la guerra fría que nos espera.
","Crucial en la guerra fría que nos espera.
"
0x1c181,"El director de la CIA nunca ha aprobado la
unidad FOX, pero si esta misión es un éxito,
FOX pasará a formar parte de la CIA, como
una unidad oficial.
","El director de la CIA nunca ha aprobado la
unidad FOX, pero si esta misión es un éxito,
FOX pasará a formar parte de la CIA, como
una unidad oficial.
"
0x1c21b,"Quiero hacer que FOX sea la unidad líder de
las operaciones especiales.
","Quiero hacer que FOX sea la unidad líder de
las operaciones especiales.
"
0x1c265,"Y por eso, esta misión tiene que ser un éxito.
","Y por eso, esta misión tiene que ser un éxito.
"
0x1c297,"De acuerdo.
","De acuerdo.
"
0x1c2a4,"Confío en ti, Snake.
","Confío en ti, Snake.
"
0x1c2bb,"Parte de tu misión consiste en demostrar a los
peces gordos la valía de la unidad FOX.
","Parte de tu misión consiste en demostrar a los
peces gordos la valía de la unidad FOX.
"
0x1c315,"No dejes huellas. Ésa es la esencia de FOX. Y
evita el enfrentamiento con el enemigo.
","No dejes huellas. Ésa es la esencia de FOX. Y
evita el enfrentamiento con el enemigo.
"
0x1c36d,"Entendido.
","Entendido.
"
0x1c379,"Y no sólo eso. No dejes NADA ahí, ni armas,
ni equipamientos, ni huellas, ni sudor... ni
siquiera excrementos.
","Y no sólo eso. No dejes NADA ahí, ni armas,
ni equipamientos, ni huellas, ni sudor... ni
siquiera excrementos.
"
0x1c3eb,"Ya, los entierro bien, ¿no?
","Ya, los entierro bien, ¿no?
"
0x1c409,"¿¡Qué!?
","¿¡Qué!?
"
0x1c415,"¿Qué pasa?
","¿Qué pasa?
"
0x1c423,"¿Ésa es la forma americana?
","¿Ésa es la forma americana?
"
0x1c442,"¿Forma americana de qué?
","¿Forma americana de qué?
"
0x1c45e,"Para deshacerte de los excrementos. ¿Los
vas a ENTERRAR?
","Para deshacerte de los excrementos. ¿Los
vas a ENTERRAR?
"
0x1c499,"SÍ.
","SÍ.
"
0x1c49f,"Tráelos de vuelta contigo.
","Tráelos de vuelta contigo.
"
0x1c4bc,"¿Qué?
","¿Qué?
"
0x1c4c5,"Eso es lo que hacíamos en el SAS.
","Eso es lo que hacíamos en el SAS.
"
0x1c4e9,"...
","...
"
0x1c4ee,"El ejército americano es descuidado, hace las
cosas bien, pero no perfectas. En FOX,
haremos las cosas a mi manera, ¿de
acuerdo?
","El ejército americano es descuidado, hace las
cosas bien, pero no perfectas. En FOX,
haremos las cosas a mi manera, ¿de
acuerdo?
"
0x1c572,"... Sí, señor...
","... Sí, señor...
"
0x1c586,"Major.
","Major.
"
0x1c58e,"¿Qué pasa?
","¿Qué pasa?
"
0x1c59c,"Acerca de tu nombre clave...
","Acerca de tu nombre clave...
"
0x1c5ba,"¿Major Tom?
","¿Major Tom?
"
0x1c5c8,"Sí. ¿De dónde lo has sacado?
","Sí. ¿De dónde lo has sacado?
"
0x1c5e9,"De un túnel.
","De un túnel.
"
0x1c5f8,"¿De un túnel?
","¿De un túnel?
"
0x1c609,"Así es. Snake, ¿has visto la película ""La
Gran Evasión""?
","Así es. Snake, ¿has visto la película ""La
Gran Evasión""?
"
0x1c647,"No.
","No.
"
0x1c64c,"Es una peli sobre un grupo de prisioneros de
guerra, atrapados en un campo de prisioneros
alemán, que planean fugarse.
","Es una peli sobre un grupo de prisioneros de
guerra, atrapados en un campo de prisioneros
alemán, que planean fugarse.
"
0x1c6c5,"Los prisioneros cavan tres túneles para
escapar. Los llaman Dick, Harry y Tom.
","Los prisioneros cavan tres túneles para
escapar. Los llaman Dick, Harry y Tom.
"
0x1c716,"Entiendo. Y escaparon por el túnel Tom. ¿Lo
consiguieron?
","Entiendo. Y escaparon por el túnel Tom. ¿Lo
consiguieron?
"
0x1c753,"¿Qué? ¿Fugarse del campo? Sí.
","¿Qué? ¿Fugarse del campo? Sí.
"
0x1c776,"Incluso descubrieron uno de los túneles antes
de que lo acabaran, pero al final, consiguieron
escapar.
","Incluso descubrieron uno de los túneles antes
de que lo acabaran, pero al final, consiguieron
escapar.
"
0x1c7df,"Ya, y el túnel por el que escaparon era Tom.
","Ya, y el túnel por el que escaparon era Tom.
"
0x1c80e,"... Sí, así es.
","... Sí, así es.
"
0x1c821,"¿Qué pasa?
","¿Qué pasa?
"
0x1c82f,"Bueno, que no me acuerdo muy bien...
","Bueno, que no me acuerdo muy bien...
"
0x1c855,"Major...
","Major...
"
0x1c85f,"No pasa nada Snake, fue Tom, seguro. Se
escaparon por el túnel Tom, sin duda.
","No pasa nada Snake, fue Tom, seguro. Se
escaparon por el túnel Tom, sin duda.
"
0x1c8af,"...
","...
"
0x1c8b4,"Major, ¿y mi nombre clave?
","Major, ¿y mi nombre clave?
"
0x1c8d1,"¿Te refieres a Naked Snake?
","¿Te refieres a Naked Snake?
"
0x1c8ef,"Sí, ¿por qué ese nombre?
","Sí, ¿por qué ese nombre?
"
0x1c90c,"Porque las serpientes se arrastran por la
hierba, sin ser descubiertas...
","Porque las serpientes se arrastran por la
hierba, sin ser descubiertas...
"
0x1c957,"No, me refiero a lo de ""naked"".
","No, me refiero a lo de ""naked"".
"
0x1c978,"Quiere decir desprovisto de adornos
superfluos, en otras palabras, básico.
","Quiere decir desprovisto de adornos
superfluos, en otras palabras, básico.
"
0x1c9c5,"¿Y por qué es ése mi nombre clave?
","¿Y por qué es ése mi nombre clave?
"
0x1c9ec,"Te expliqué que el objetivo de la misión
Virtuosa es probar la efectividad de FOX,
¿no?
","Te expliqué que el objetivo de la misión
Virtuosa es probar la efectividad de FOX,
¿no?
"
0x1ca48,"Sí.
","Sí.
"
0x1ca4e,"Y el procedimiento usado en esta misión será
el modus operandi de FOX en futuras
misiones. En otras palabras...
","Y el procedimiento usado en esta misión será
el modus operandi de FOX en futuras
misiones. En otras palabras...
"
0x1cac1,"¿La esencia misma de FOX, desnuda y
pura?
","¿La esencia misma de FOX, desnuda y
pura?
"
0x1caed,"Exactamente. Y además vas prácticamente
desnudo, sin armas y sin equipamiento.
","Exactamente. Y además vas prácticamente
desnudo, sin armas y sin equipamiento.
"
0x1cb3f,"Ya veo, tiene más lógica de lo que yo
pensaba.
","Ya veo, tiene más lógica de lo que yo
pensaba.
"
0x1cb71,"Sí, ¿está bien, eh? Pero no te quedes
""desnudo"" frente al enemigo.
","Sí, ¿está bien, eh? Pero no te quedes
""desnudo"" frente al enemigo.
"
0x1cbb8,"Entendido.
","Entendido.
"
0x1cbc4,"Snake, ya he comprobado el sistema de
Recuperación Fulton.
","Snake, ya he comprobado el sistema de
Recuperación Fulton.
"
0x1cc01,"¿Hay algún problema?
","¿Hay algún problema?
"
0x1cc19,"Ninguno, nosotros nos ocuparemos de la
recuperación.
","Ninguno, nosotros nos ocuparemos de la
recuperación.
"
0x1cc50,"Perfecto.
","Perfecto.
"
0x1cc5b,"¿Tengo que volver a explicar los pasos a
seguir antes de efectuar las maniobras?
","¿Tengo que volver a explicar los pasos a
seguir antes de efectuar las maniobras?
"
0x1ccae,"No.
","No.
"
0x1ccb3,"Bien, el sistema de recuperación Fulton
permite la recuperación rápida del personal en
el territorio enemigo
","Bien, el sistema de recuperación Fulton
permite la recuperación rápida del personal en
el territorio enemigo
"
0x1cd24,"y es perfecto para este tipo de operaciones
especiales.
","y es perfecto para este tipo de operaciones
especiales.
"
0x1cd5d,"...
","...
"
0x1cd62,"Explicándolo a groso modo, el avión
sobrevuela y lanza una cuerda de nylon a la
que se agarra el soldado
","Explicándolo a groso modo, el avión
sobrevuela y lanza una cuerda de nylon a la
que se agarra el soldado
"
0x1cdce,"y que se elevada por un globo.
","y que se elevada por un globo.
"
0x1cdee,"El sistema de recuperación Fulton fue
diseñado en 1.940 para recoger el correo de
servicio postal americano.
","El sistema de recuperación Fulton fue
diseñado en 1.940 para recoger el correo de
servicio postal americano.
"
0x1ce5e,"Durante la guerra de Korea, el sistema se
actualizó, para recoger personal. JACK, una
organización auxiliar de la CIA...
","Durante la guerra de Korea, el sistema se
actualizó, para recoger personal. JACK, una
organización auxiliar de la CIA...
"
0x1ceda,"Sí JACK... o sea, las iniciales de Joint
Advisory Commission, Korea. ¿Está bien,
eh?
","Sí JACK... o sea, las iniciales de Joint
Advisory Commission, Korea. ¿Está bien,
eh?
"
0x1cf33,"...
","...
"
0x1cf38,"Bueno, pues JACK utilizó por primera vez el
sistema de recuperación Fulton tierra-aire para
sacar a sus agentes del Norte de Korea y de
China.
","Bueno, pues JACK utilizó por primera vez el
sistema de recuperación Fulton tierra-aire para
sacar a sus agentes del Norte de Korea y de
China.
"
0x1cfca,"Vamos a recordar los pasos una vez más, para
estar seguros.
","Vamos a recordar los pasos una vez más, para
estar seguros.
"
0x1d008,"Primero, el avión te lanzará un bote del
tamaño aproximado de un ataúd.
","Primero, el avión te lanzará un bote del
tamaño aproximado de un ataúd.
"
0x1d055,"Dentro habrá un globo con un cable de unos
450 metros y un arnés para engancharlo a tu
traje.
","Dentro habrá un globo con un cable de unos
450 metros y un arnés para engancharlo a tu
traje.
"
0x1d0b6,"Saca los objetos, ata el cable a tu traje, llena
el globo de helio y manda el cable hacia arriba.
","Saca los objetos, ata el cable a tu traje, llena
el globo de helio y manda el cable hacia arriba.
"
0x1d119,"El avión se acercará a 200 km/h
aproximadamente, lanza el cable con un garfio
para engancharlo a la nariz del avión,
","El avión se acercará a 200 km/h
aproximadamente, lanza el cable con un garfio
para engancharlo a la nariz del avión,
"
0x1d192,"y ¡a volar!
","y ¡a volar!
"
0x1d1a0,"Si todo va bien, se te subirá con la ayuda de
un cabestrante y pasarás a la parte trasera del
avión. ¿Entendido?
","Si todo va bien, se te subirá con la ayuda de
un cabestrante y pasarás a la parte trasera del
avión. ¿Entendido?
"
0x1d216,"...
","...
"
0x1d21b,"¿Snake?
","¿Snake?
"
0x1d225,"Sí, claro, lo tengo todo muy claro.
","Sí, claro, lo tengo todo muy claro.
"
0x1d24b,"¿Estabas escuchando?
","¿Estabas escuchando?
"
0x1d262,"Sí.
","Sí.
"
0x1d268,"Bien, vale.
","Bien, vale.
"
0x1d275,"Un salto HALO excelente.
","Un salto HALO excelente.
"
0x1d28f,"No del todo. No he aterrizado en el lugar
correcto.
","No del todo. No he aterrizado en el lugar
correcto.
"
0x1d2c4,"Un paracaidista que pierde su mochila en su
primer salto HALO, ¡esto va a pasar a la
historia!
","Un paracaidista que pierde su mochila en su
primer salto HALO, ¡esto va a pasar a la
historia!
"
0x1d325,"¿Y qué importa? No habrá ningún informe
sobre esta operación.
","¿Y qué importa? No habrá ningún informe
sobre esta operación.
"
0x1d369,"Ya lo sé, pero...
","Ya lo sé, pero...
"
0x1d37d,"¿Qué, estás avergonzado?
","¿Qué, estás avergonzado?
"
0x1d39a,"No, no estoy avergonzado.
","No, no estoy avergonzado.
"
0x1d3b5,"Es por The Boss, ¿no?
","Es por The Boss, ¿no?
"
0x1d3cd,"¿Qué pasa con el Boss?
","¿Qué pasa con el Boss?
"
0x1d3e7,"Nada, Para-Medic.
","Nada, Para-Medic.
"
0x1d3fa,"Pues no parece que no sea nada.
","Pues no parece que no sea nada.
"
0x1d41b,"Quiero decir que no tiene nada que ver con
The Boss.
","Quiero decir que no tiene nada que ver con
The Boss.
"
0x1d451,"Tiene algo que ver con The Boss, pero no me
lo quieres decir.
","Tiene algo que ver con The Boss, pero no me
lo quieres decir.
"
0x1d490,"... Sí, de alguna forma...
","... Sí, de alguna forma...
"
0x1d4ad,"Te entiendo, Snake...
","Te entiendo, Snake...
"
0x1d4c4,"The Boss ha trabajado mucho en los estudios
militares de los saltos HALO.
","The Boss ha trabajado mucho en los estudios
militares de los saltos HALO.
"
0x1d50f,"Y Snake quería impresionar con el primer salto
real, en honor a la madre de esta técnica.
","Y Snake quería impresionar con el primer salto
real, en honor a la madre de esta técnica.
"
0x1d56c,"¡Major!
","¡Major!
"
0x1d576,"¿¡Snake!? Pensaba que ya no estabas al
otro lado.
","¿¡Snake!? Pensaba que ya no estabas al
otro lado.
"
0x1d5ab,"...
","...
"
0x1d5b0,"Guau, ¿es verdad?
","Guau, ¿es verdad?
"
0x1d5c4,"¿Tienes algo que decir?
","¿Tienes algo que decir?
"
0x1d5de,"No.
","No.
"
0x1d5e3,"Seguro que sí.
","Seguro que sí.
"
0x1d5f4,"No, de verdad, es que me hace gracia que
pienses así.
","No, de verdad, es que me hace gracia que
pienses así.
"
0x1d62c,"No sé si tomármelo como un cumplido o como
un insulto.
","No sé si tomármelo como un cumplido o como
un insulto.
"
0x1d666,"¡Snake, es un cumplido! Dime, ¿es verdad?
","¡Snake, es un cumplido! Dime, ¿es verdad?
"
0x1d693,"¿¡Qué!?
","¿¡Qué!?
"
0x1d69f,"Eso no, ¿es verdad que The Boss trabajó en
el desarrollo de los saltos HALO?
","Eso no, ¿es verdad que The Boss trabajó en
el desarrollo de los saltos HALO?
"
0x1d6ef,"Ah... eso...
","Ah... eso...
"
0x1d6fd,"Sí, es verdad.
","Sí, es verdad.
"
0x1d70e,"HALO son las iniciales de High Altitude, Low
Opening.
","HALO son las iniciales de High Altitude, Low
Opening.
"
0x1d745,"Es una técnica de salto desarrollada para
infiltrarse en el territorio enemigo, como este
caso.
","Es una técnica de salto desarrollada para
infiltrarse en el territorio enemigo, como este
caso.
"
0x1d7a7,"Un avión vuela a 3000 metros o más para
evitar ser detectado por las fuerzas de tierra,
","Un avión vuela a 3000 metros o más para
evitar ser detectado por las fuerzas de tierra,
"
0x1d802,"y el paracaidista hace una caída libre hasta
llegar a 300 metros del objetivo, y es entonces
cuando abre el paracaídas.
","y el paracaidista hace una caída libre hasta
llegar a 300 metros del objetivo, y es entonces
cuando abre el paracaídas.
"
0x1d87d,"Con esta técnica, hay muy pocas posibilidades
de que el enemigo vea al paracaidista
aterrizar.
","Con esta técnica, hay muy pocas posibilidades
de que el enemigo vea al paracaidista
aterrizar.
"
0x1d8de,"La técnica HALO fue originalmente
desarrollada en Francia,
","La técnica HALO fue originalmente
desarrollada en Francia,
"
0x1d91b,"debido a la popularidad del paracaidismo como
deporte tras la Segunda Guerra Mundial.
","debido a la popularidad del paracaidismo como
deporte tras la Segunda Guerra Mundial.
"
0x1d972,"Y The Boss ha sido la instructora a cargo de
las investigaciones realizadas allí.
","Y The Boss ha sido la instructora a cargo de
las investigaciones realizadas allí.
"
0x1d9c6,"En 1.957, en el Centro de Operaciones
Especiales JFK en Fort Bragg,
","En 1.957, en el Centro de Operaciones
Especiales JFK en Fort Bragg,
"
0x1da0b,"invitó a The Boss a instruir en la primera
escuela militar americana de saltos HALO.
","invitó a The Boss a instruir en la primera
escuela militar americana de saltos HALO.
"
0x1da62,"Claro, nada de esto es oficial. Pero ella es la
madre fundadora de las fuerzas especiales tal
y como se conocen hoy.
","Claro, nada de esto es oficial. Pero ella es la
madre fundadora de las fuerzas especiales tal
y como se conocen hoy.
"
0x1dad8,"SIN RESPUESTA
","SIN RESPUESTA
"
0x1dae7,"Snake, recuerda que esta operación es una
misión en solitario.
","Snake, recuerda que esta operación es una
misión en solitario.
"
0x1db29,"Te ayudaremos por radio, pero en el campo de
batalla, estarás solo. No habrá refuerzos.
","Te ayudaremos por radio, pero en el campo de
batalla, estarás solo. No habrá refuerzos.
"
0x1db84,"Y no lograrás sobrevivir si te enfrentas al
enemigo.
","Y no lograrás sobrevivir si te enfrentas al
enemigo.
"
0x1dbbb,"Evita los enfrentamientos siempre que sea
posible. Tu prioridad en esta misión es pasar
inadvertido.
","Evita los enfrentamientos siempre que sea
posible. Tu prioridad en esta misión es pasar
inadvertido.
"
0x1dc22,"Snake, la pastilla de muerte falsa y la píldora
resucitadora que te dimos
","Snake, la pastilla de muerte falsa y la píldora
resucitadora que te dimos
"
0x1dc6e,"son lo último en medicina, desarrollada para
las operaciones de inteligencia por la división
tecnológica de la CIA.
","son lo último en medicina, desarrollada para
las operaciones de inteligencia por la división
tecnológica de la CIA.
"
0x1dce6,"Puedes utilizar la pastilla de la muerte falsa
para ""morir"" durante un periodo limitado de
tiempo.
","Puedes utilizar la pastilla de la muerte falsa
para ""morir"" durante un periodo limitado de
tiempo.
"
0x1dd4a,"Si la utilizas bien, podrás engañar al enemigo
haciéndole creer que estás realmente muerto.
","Si la utilizas bien, podrás engañar al enemigo
haciéndole creer que estás realmente muerto.
"
0x1ddab,"Te puede venir muy bien en situaciones
extremas.
","Te puede venir muy bien en situaciones
extremas.
"
0x1dddd,"Y para salir de esa ""falsa muerte"", utiliza la
píldora resucitadora.
","Y para salir de esa ""falsa muerte"", utiliza la
píldora resucitadora.
"
0x1de24,"Pero recuerda, es primordial tomarla en el
momento justo. El efecto no habrá servido de
nada si resucitas enfrente del enemigo.
","Pero recuerda, es primordial tomarla en el
momento justo. El efecto no habrá servido de
nada si resucitas enfrente del enemigo.
"
0x1dea6,"Interesante. ¿Pero cómo funciona?
","Interesante. ¿Pero cómo funciona?
"
0x1decb,"¿Qué quieres decir?
","¿Qué quieres decir?
"
0x1dee2,"No me fío, tomarme una pastilla de la que no
sé nada. ¿Cómo hace para dejarte ""muerto""
sin estarlo? ¿Qué efectos puede tener en
mi cuerpo?
","No me fío, tomarme una pastilla de la que no
sé nada. ¿Cómo hace para dejarte ""muerto""
sin estarlo? ¿Qué efectos puede tener en
mi cuerpo?
"
0x1df74,"Bien Snake... en relación a eso...
","Bien Snake... en relación a eso...
"
0x1df99,"Ya, se lo tengo que preguntar a Para-Medic.
¡Para-Medic!
","Ya, se lo tengo que preguntar a Para-Medic.
¡Para-Medic!
"
0x1dfd4,"Permíteme que te lo explique.
","Permíteme que te lo explique.
"
0x1dff4,"Sabes que hay animales que pueden hacerse
pasar por muertos, como por ejemplo; los
gorgojos, las mariquitas, los carboneros, las
zarigüeyas y otros más.
","Sabes que hay animales que pueden hacerse
pasar por muertos, como por ejemplo; los
gorgojos, las mariquitas, los carboneros, las
zarigüeyas y otros más.
"
0x1e090,"Pues bien, la pastilla de la muerte falsa es una
extrapolación del proceso de muerte simulada
de la naturaleza al mundo del espionaje.
","Pues bien, la pastilla de la muerte falsa es una
extrapolación del proceso de muerte simulada
de la naturaleza al mundo del espionaje.
"
0x1e119,"Cuando tomas la pastilla de la muerte falsa, tu
cuerpo segrega rápidamente ciertas sustancias
químicas,
","Cuando tomas la pastilla de la muerte falsa, tu
cuerpo segrega rápidamente ciertas sustancias
químicas,
"
0x1e184,"como la serotonina y la adenosina y también
los neuropéptidos opioides como la metionina.
","como la serotonina y la adenosina y también
los neuropéptidos opioides como la metionina.
"
0x1e1e1,"Esas sustancias químicas provocan un estado
de hibernación
","Esas sustancias químicas provocan un estado
de hibernación
"
0x1e21f,"y hacen que tu ritmo cardiaco y respiratorio así
como tu temperatura corporal disminuyan
drásticamente.
","y hacen que tu ritmo cardiaco y respiratorio así
como tu temperatura corporal disminuyan
drásticamente.
"
0x1e28a,"En una primera inspección, realmente pareces
estar muerto.
","En una primera inspección, realmente pareces
estar muerto.
"
0x1e2c7,"Y la píldora resucitadora es, a grosso modo,
un agente neutralizante de la pastilla de la
muerte falsa.
","Y la píldora resucitadora es, a grosso modo,
un agente neutralizante de la pastilla de la
muerte falsa.
"
0x1e331,"Cuando la tomas, tu cuerpo segrega
estimulantes, como la noradrenalina y otras
sustancias químicas como el naloxone,
","Cuando la tomas, tu cuerpo segrega
estimulantes, como la noradrenalina y otras
sustancias químicas como el naloxone,
"
0x1e3a8,"que bloquean el efecto de la pastilla de la
muerte falsa.
","que bloquean el efecto de la pastilla de la
muerte falsa.
"
0x1e3e3,"O sea, que te despierta.
","O sea, que te despierta.
"
0x1e3fd,"¿Ahora lo entiendes mejor?
","¿Ahora lo entiendes mejor?
"
0x1e41a,"...
","...
"
0x1e41f,"Venga, pues te lo voy a explicar más
detalladamente.
","Venga, pues te lo voy a explicar más
detalladamente.
"
0x1e456,"La secreción de la metionina provocada por la
pastilla de la muerte falsa hace que los
receptores de opioides...
","La secreción de la metionina provocada por la
pastilla de la muerte falsa hace que los
receptores de opioides...
"
0x1e4c9,"Ah... vale, vale, creo que ya lo entiendo.
","Ah... vale, vale, creo que ya lo entiendo.
"
0x1e4f5,"¿Seguro?
","¿Seguro?
"
0x1e500,"Sí.
","Sí.
"
0x1e506,"Pero seguro que quieres saber más.
","Pero seguro que quieres saber más.
"
0x1e52b,"Hay tres tipos de receptores; delta, kappa y
mu. La metionina actúa en el...
","Hay tres tipos de receptores; delta, kappa y
mu. La metionina actúa en el...
"
0x1e57a,"Para-Medic, creo que Snake ya lo entiende,
¿no Snake?
","Para-Medic, creo que Snake ya lo entiende,
¿no Snake?
"
0x1e5b2,"Sí, está ya clarísimo.
","Sí, está ya clarísimo.
"
0x1e5cd,"Pero...
","Pero...
"
0x1e5d6,"Major, ya tengo suficiente información sobre
las pastillas, así que voy a volver a la misión.
","Major, ya tengo suficiente información sobre
las pastillas, así que voy a volver a la misión.
"
0x1e638,"Vale, de acuerdo.
","Vale, de acuerdo.
"
0x1e64b,"¡Eh, espera un poco!
","¡Eh, espera un poco!
"
0x1e662,"...
","...
"
0x1e667,"Major, ¿qué clase de lugar es esa oficina
de diseño a la que se dirige Sokolov?
","Major, ¿qué clase de lugar es esa oficina
de diseño a la que se dirige Sokolov?
"
0x1e6bb,"Mmm, los soviéticos tienen varias oficinas de
diseño secretas como ésta, cada una de ellas
trabajando en un tipo de tecnología puntera.
","Mmm, los soviéticos tienen varias oficinas de
diseño secretas como ésta, cada una de ellas
trabajando en un tipo de tecnología puntera.
"
0x1e748,"La OKB-1, la oficina desde la cual se
desarrolló la nave espacial Voskhod, nave
clave en el programa espacial soviético,
","La OKB-1, la oficina desde la cual se
desarrolló la nave espacial Voskhod, nave
clave en el programa espacial soviético,
"
0x1e7c4,"es una de esas estaciones.
","es una de esas estaciones.
"
0x1e7e0,"La mayor parte de ellas están en ciudades
secretas construidas en lugares muy remotos.
","La mayor parte de ellas están en ciudades
secretas construidas en lugares muy remotos.
"
0x1e839,"Desconocemos su ubicación exacta y más aún
la naturaleza de sus investigaciones.
","Desconocemos su ubicación exacta y más aún
la naturaleza de sus investigaciones.
"
0x1e88e,"Y la OKB-754 de Sokolov es la oficina más
secreta de todas ellas.
","Y la OKB-754 de Sokolov es la oficina más
secreta de todas ellas.
"
0x1e8d2,"El servicio de inteligencia occidental ha
intentado en numerosas ocasiones descubrir
en qué están trabajando, pero nunca lo han
conseguido.
","El servicio de inteligencia occidental ha
intentado en numerosas ocasiones descubrir
en qué están trabajando, pero nunca lo han
conseguido.
"
0x1e961,"¿Así que no sabéis cuál es el proyecto de
Sokolov?
","¿Así que no sabéis cuál es el proyecto de
Sokolov?
"
0x1e999,"No, no sabemos nada.
","No, no sabemos nada.
"
0x1e9af,"Y entonces, ¿cómo habéis conseguido la
información para esta misión? Si no ha sido
por parte de Sokolov...
","Y entonces, ¿cómo habéis conseguido la
información para esta misión? Si no ha sido
por parte de Sokolov...
"
0x1ea20,"De The Boss.
","De The Boss.
"
0x1ea2e,"¿De The Boss?
","¿De The Boss?
"
0x1ea3e,"Así es. Tiene sus propios servicios de
inteligencia que cultivó durante la última
guerra.
","Así es. Tiene sus propios servicios de
inteligencia que cultivó durante la última
guerra.
"
0x1ea9c,"Nos contó todo lo que sabía.
","Nos contó todo lo que sabía.
"
0x1eabc,"Y si nos han dando la luz verde en esta
misión, ha sido gracias a sus contactos en la
CIA.
","Y si nos han dando la luz verde en esta
misión, ha sido gracias a sus contactos en la
CIA.
"
0x1eb19,"En otras palabras, esta misión nunca hubiera
sido posible sin la ayuda de The Boss.
","En otras palabras, esta misión nunca hubiera
sido posible sin la ayuda de The Boss.
"
0x1eb6f,"Major, háblame del pasado laboral de Sokolov.
","Major, háblame del pasado laboral de Sokolov.
"
0x1eb9f,"Mmm, imagino que ya sabrás que Sokolov
estuvo a cargo del desarrollo del cohete con
múltiples motores.
","Mmm, imagino que ya sabrás que Sokolov
estuvo a cargo del desarrollo del cohete con
múltiples motores.
"
0x1ec09,"Como su nombre indica, el proyecto consiste
en dotar a un solo cohete con varios motores.
","Como su nombre indica, el proyecto consiste
en dotar a un solo cohete con varios motores.
"
0x1ec64,"El cohete Vostok, por ejemplo, tiene 32
motores.
","El cohete Vostok, por ejemplo, tiene 32
motores.
"
0x1ec96,"Con los medios tecnológicos que contaban, a
los soviéticos les resultaba muy difícil instalar
un motor con mucha potencia en un cohete.
","Con los medios tecnológicos que contaban, a
los soviéticos les resultaba muy difícil instalar
un motor con mucha potencia en un cohete.
"
0x1ed22,"Por eso, decidieron incorporar muchos
motores pequeños para conseguir la potencia
deseada.
","Por eso, decidieron incorporar muchos
motores pequeños para conseguir la potencia
deseada.
"
0x1ed7f,"Sin embargo, con este método, era muy difícil
mantener el equilibrio de carburante entre los
distintos motores.
","Sin embargo, con este método, era muy difícil
mantener el equilibrio de carburante entre los
distintos motores.
"
0x1edf2,"Sokolov fue el hombre que encontró una
solución.
","Sokolov fue el hombre que encontró una
solución.
"
0x1ee26,"¿Y por eso consiguió un trabajo en la Oficina
de Diseño?
","¿Y por eso consiguió un trabajo en la Oficina
de Diseño?
"
0x1ee63,"Eso parece.
","Eso parece.
"
0x1ee70,"¿Y esta arma secreta es algún tipo de
dispositivo balístico?
","¿Y esta arma secreta es algún tipo de
dispositivo balístico?
"
0x1eeb1,"Eso creo yo. No estamos seguros, pero...
","Eso creo yo. No estamos seguros, pero...
"
0x1eedb,"Lo descubrirás pronto. Tan pronto como saque
a Sokolov de aquí.
","Lo descubrirás pronto. Tan pronto como saque
a Sokolov de aquí.
"
0x1ef1e,"Confío en ti.
","Confío en ti.
"
0x1ef2e,"Snake, ¿otra vez te has puesto esa
máscara?
","Snake, ¿otra vez te has puesto esa
máscara?
"
0x1ef5d,"Sí. Por alguna razón, me siento... nostálgico.
","Sí. Por alguna razón, me siento... nostálgico.
"
0x1ef90,"Bien, bien... pues por alguna razón, a mí no
me gusta.
","Bien, bien... pues por alguna razón, a mí no
me gusta.
"
0x1efca,"¿Por qué no?
","¿Por qué no?
"
0x1efda,"Hay algo en esa cara que no me gusta.
","Hay algo en esa cara que no me gusta.
"
0x1f001,"A mí no me disgusta... pero si tú la odias
tanto, ¿por qué me la diste?
","A mí no me disgusta... pero si tú la odias
tanto, ¿por qué me la diste?
"
0x1f04e,"Bueno... en un principio crearon esa máscara
para utilizarla en otra misión.
","Bueno... en un principio crearon esa máscara
para utilizarla en otra misión.
"
0x1f09e,"Un agente tenía que disfrazarse de oficial
soviético para infiltrarse en una base enemiga.
","Un agente tenía que disfrazarse de oficial
soviético para infiltrarse en una base enemiga.
"
0x1f0fc,"Estaba todo preparado, pero ciertas
circunstancias nos obligaron a abortar la
misión.
","Estaba todo preparado, pero ciertas
circunstancias nos obligaron a abortar la
misión.
"
0x1f154,"Y cuando cancelaron la misión, iban a tirar la
máscara... pero al tío en la división tecnológica
de la CIA que la creó, le dio un ataque de
locura.
","Y cuando cancelaron la misión, iban a tirar la
máscara... pero al tío en la división tecnológica
de la CIA que la creó, le dio un ataque de
locura.
"
0x1f1ef,"¿Por qué?
","¿Por qué?
"
0x1f1fc,"Dijo que era demasiado buena para tirarla.
","Dijo que era demasiado buena para tirarla.
"
0x1f228,"...
","...
"
0x1f22d,"Según él, la máscara es un diseño
revolucionario que permite parpadear a la
persona que la lleva, algo que no era posible
hasta el momento.
","Según él, la máscara es un diseño
revolucionario que permite parpadear a la
persona que la lleva, algo que no era posible
hasta el momento.
"
0x1f2be,"Pensaba que hubiera sido más importante
poder mover los labios en vez de parpadear.
","Pensaba que hubiera sido más importante
poder mover los labios en vez de parpadear.
"
0x1f314,"Yo también pensaba lo mismo, pero por alguna
razón estaba obsesionado con el parpadeo...
","Yo también pensaba lo mismo, pero por alguna
razón estaba obsesionado con el parpadeo...
"
0x1f370,"... Ese tipo, debía de estar un poco loco...
","... Ese tipo, debía de estar un poco loco...
"
0x1f39f,"Mmm, ha hecho un buen trabajo.
","Mmm, ha hecho un buen trabajo.
"
0x1f3bf,"Aunque me paso tres días al mes ocupándome
de todas las quejas que recibo sobre
él...bueno, qué más da.
","Aunque me paso tres días al mes ocupándome
de todas las quejas que recibo sobre
él...bueno, qué más da.
"
0x1f42d,"A lo que vamos, pensé que podías utilizar esta
máscara para ocultar tu identidad al personal
del helicóptero de combate.
","A lo que vamos, pensé que podías utilizar esta
máscara para ocultar tu identidad al personal
del helicóptero de combate.
"
0x1f4ab,"Ya entiendo...así que esta máscara es la
réplica de una persona.
","Ya entiendo...así que esta máscara es la
réplica de una persona.
"
0x1f4f0,"Exacto.
","Exacto.
"
0x1f4f9,"¿Y qué hago si me encuentro con esa
persona?
","¿Y qué hago si me encuentro con esa
persona?
"
0x1f529,"Ése no va a ser un problema.
","Ése no va a ser un problema.
"
0x1f548,"¿Por qué no?
","¿Por qué no?
"
0x1f558,"El hombre en el que la máscara está basada,
es un oficial del GRU.
","El hombre en el que la máscara está basada,
es un oficial del GRU.
"
0x1f59e,"Estás en un ámbito de influencia de la KGB.
No hay muchas posibilidades de cruzarte con
él.
","Estás en un ámbito de influencia de la KGB.
No hay muchas posibilidades de cruzarte con
él.
"
0x1f5fe,"¿Y si lo hago?
","¿Y si lo hago?
"
0x1f60f,"Dale una buena paliza.
","Dale una buena paliza.
"
0x1f627,"Snake, cuando te encuentres con Sokolov, no
te pongas esa máscara.
","Snake, cuando te encuentres con Sokolov, no
te pongas esa máscara.
"
0x1f66c,"¿Por qué?
","¿Por qué?
"
0x1f679,"Porque no le va a gustar.
","Porque no le va a gustar.
"
0x1f694,"¿No le va a gustar?
","¿No le va a gustar?
"
0x1f6aa,"No.
","No.
"
0x1f6af,"¿Por qué no?
","¿Por qué no?
"
0x1f6bf,"Confía en mí. No le va a gustar.
","Confía en mí. No le va a gustar.
"
0x1f6e3,"¿...?
","¿...?
"
0x1f6eb,"Para completar esta misión con éxito,
necesitas la ayuda de Sokolov. No hagas nada
que pueda hacer que pierda confianza en ti.
","Para completar esta misión con éxito,
necesitas la ayuda de Sokolov. No hagas nada
que pueda hacer que pierda confianza en ti.
"
0x1f76d,"Cuando entres para encontrarte con Sokolov,
quítate el disfraz, ¿entendido?
","Cuando entres para encontrarte con Sokolov,
quítate el disfraz, ¿entendido?
"
0x1f7bc,"Snake, ten cuidado. La KGB y la GRU tienen
puesto su objetivo en Sokolov.
","Snake, ten cuidado. La KGB y la GRU tienen
puesto su objetivo en Sokolov.
"
0x1f807,"La GRU, es un grupo de espionaje militar, el
ala de inteligencia de la Oficina General del
Ministerio de Defensa de la Unión Soviética.
","La GRU, es un grupo de espionaje militar, el
ala de inteligencia de la Oficina General del
Ministerio de Defensa de la Unión Soviética.
"
0x1f892,"Compite con la KGB, que trabaja bajo órdenes
del Ministerio de Interior, y ambas están
siempre al tanto de la otra.
","Compite con la KGB, que trabaja bajo órdenes
del Ministerio de Interior, y ambas están
siempre al tanto de la otra.
"
0x1f909,"Nunca dejes que tu mano izquierda sepa lo
que hace tu mano derecha.
","Nunca dejes que tu mano izquierda sepa lo
que hace tu mano derecha.
"
0x1f94e,"Exactamente. Y ahora, además de esa
rivalidad,
","Exactamente. Y ahora, además de esa
rivalidad,
"
0x1f97f,"hay una gran lucha entre la facción por
Kruschev y la facción contra Kruschev.
","hay una gran lucha entre la facción por
Kruschev y la facción contra Kruschev.
"
0x1f9d1,"Así que Kruschev está utilizando la KGB, y
Volgin y la facción anti Kruschev están
utilizando la GRU.
","Así que Kruschev está utilizando la KGB, y
Volgin y la facción anti Kruschev están
utilizando la GRU.
"
0x1fa3c,"Eso es. Ambas facciones luchan para
conseguir a Sokolov. Estamos en una situación
sumamente peligrosa.
","Eso es. Ambas facciones luchan para
conseguir a Sokolov. Estamos en una situación
sumamente peligrosa.
"
0x1faa5,"Sí, soy consciente de ello.
","Sí, soy consciente de ello.
"
0x1fac3,"Saca a Sokolov de ahí sano y salvo. No puede
caer en manos de la KGB o de la GRU.
","Saca a Sokolov de ahí sano y salvo. No puede
caer en manos de la KGB o de la GRU.
"
0x1fb17,"Sokolov se fue en dirección del puente
colgante. Ve tras él. ¡Rápido!
","Sokolov se fue en dirección del puente
colgante. Ve tras él. ¡Rápido!
"
0x1fb62,"Major, ¿has podido contactar con The Boss?
","Major, ¿has podido contactar con The Boss?
"
0x1fb8f,"No.
","No.
"
0x1fb94,"¿Y tú?
","¿Y tú?
"
0x1fb9e,"Tampoco.
","Tampoco.
"
0x1fba8,"¿Crees que es por la cobertura?
","¿Crees que es por la cobertura?
"
0x1fbca,"Lo estamos mirando.
","Lo estamos mirando.
"
0x1fbdf,"Major...
","Major...
"
0x1fbe9,"Snake, tienes cosas más importantes de las
que preocuparte que contactar con The Boss.
","Snake, tienes cosas más importantes de las
que preocuparte que contactar con The Boss.
"
0x1fc42,"Ahora mismo Sokolov está por ahí solo en la
jungla. ¿Qué vas a hacer si le captura el
enemigo?
","Ahora mismo Sokolov está por ahí solo en la
jungla. ¿Qué vas a hacer si le captura el
enemigo?
"
0x1fca6,"...
","...
"
0x1fcab,"Seguimos investigando la pérdida de contacto
con The Boss. Te informaré en cuanto
descubramos algo.
","Seguimos investigando la pérdida de contacto
con The Boss. Te informaré en cuanto
descubramos algo.
"
0x1fd12,"Mientras tanto, tu trabajo consiste en
encontrar a Sokolov y llevarle a un lugar
seguro. ¿Entendido?
","Mientras tanto, tu trabajo consiste en
encontrar a Sokolov y llevarle a un lugar
seguro. ¿Entendido?
"
0x1fd79,"Por cierto Snake, ¿qué haces otra vez ahí?
","Por cierto Snake, ¿qué haces otra vez ahí?
"
0x1fda8,"¿Ahí dónde?
","¿Ahí dónde?
"
0x1fdb8,"Estabas dando consejos a un comandante de
la GRU, ¿no?
","Estabas dando consejos a un comandante de
la GRU, ¿no?
"
0x1fdf1,"Sí...
","Sí...
"
0x1fdf9,"Es tu enemigo, ¿qué demonios crees
que...?
","Es tu enemigo, ¿qué demonios crees
que...?
"
0x1fe27,"¡Además de verdad! Qué era eso que le
estabas contando sobre cómo mover la mano
en el primer disparo...
","¡Además de verdad! Qué era eso que le
estabas contando sobre cómo mover la mano
en el primer disparo...
"
0x1fe94,"Mmm...
","Mmm...
"
0x1fe9c,"Cada vez que ponga un nuevo cargador en su
pistola, tiene que cargar la primera ronda de
balas a mano, haya o no una ronda en la
recámara...
","Cada vez que ponga un nuevo cargador en su
pistola, tiene que cargar la primera ronda de
balas a mano, haya o no una ronda en la
recámara...
"
0x1ff2b,"Es una técnica que enseñan en Oriente Medio.
","Es una técnica que enseñan en Oriente Medio.
"
0x1ff5b,"Asegurándote que siempre hay una ronda de
balas en la recámara, no corres el riesgo de
quedarte sin balas.
","Asegurándote que siempre hay una ronda de
balas en la recámara, no corres el riesgo de
quedarte sin balas.
"
0x1ffc9,"Lo ha debido de oír o leer en algún lado... en
cualquier caso, probablemente lo quería probar
él mismo.
","Lo ha debido de oír o leer en algún lado... en
cualquier caso, probablemente lo quería probar
él mismo.
"
0x20036,"Y claro, su orgullo ha hecho que pruebe esa
nueva técnica. Entonces es cuando se
cometen los errores.
","Y claro, su orgullo ha hecho que pruebe esa
nueva técnica. Entonces es cuando se
cometen los errores.
"
0x2009e,"El campo de batalla no tiene vuelta atrás.
","El campo de batalla no tiene vuelta atrás.
"
0x200cb,"Las únicas técnicas en las que puedes confiar,
son las que dominas tras práctica y
experiencia.
","Las únicas técnicas en las que puedes confiar,
son las que dominas tras práctica y
experiencia.
"
0x2012f,"Umm, ¿y qué decías de que a él le iban
mejor los revólveres?
","Umm, ¿y qué decías de que a él le iban
mejor los revólveres?
"
0x20172,"Cuando disparaba, doblaba mucho el codo
para evitar el retroceso.
","Cuando disparaba, doblaba mucho el codo
para evitar el retroceso.
"
0x201b5,"Parecía que no se daba cuenta de que lo
hacía, pero ese hábito es o bien un error muy
grave o un don.
","Parecía que no se daba cuenta de que lo
hacía, pero ese hábito es o bien un error muy
grave o un don.
"
0x2021f,"¿Qué quieres decir?
","¿Qué quieres decir?
"
0x20236,"Todas las armas automáticas reculan, y si no
dejas que el retroceso te empuje, el
funcionamiento del arma se ve afectado.
","Todas las armas automáticas reculan, y si no
dejas que el retroceso te empuje, el
funcionamiento del arma se ve afectado.
"
0x202b2,"Es decir, que no debería de evitar el retroceso
de esa forma.
","Es decir, que no debería de evitar el retroceso
de esa forma.
"
0x202f2,"Pero con un revólver, no hace falta que te dé
el retroceso.
","Pero con un revólver, no hace falta que te dé
el retroceso.
"
0x20331,"Más bien todo lo contrario, si evitas el
retroceso, tu mano y brazo sufrirán menos.
","Más bien todo lo contrario, si evitas el
retroceso, tu mano y brazo sufrirán menos.
"
0x20388,"A ese chico le puede venir muy bien un
revólver de alto calibre.
","A ese chico le puede venir muy bien un
revólver de alto calibre.
"
0x203cb,"¿Puede venir bien...?
","¿Puede venir bien...?
"
0x203e3,"¿Te estás escuchando?
","¿Te estás escuchando?
"
0x203fc,"¿Qué quieres decir?
","¿Qué quieres decir?
"
0x20413,"¡Es el enemigo! ¿Por qué le das consejos?
","¡Es el enemigo! ¿Por qué le das consejos?
"
0x20441,"...
","...
"
0x20446,"¿Snake?
","¿Snake?
"
0x20450,"... No lo sé, no lo he podido evitar...
","... No lo sé, no lo he podido evitar...
"
0x2047a,"Snake, ¿estás bien?
","Snake, ¿estás bien?
"
0x20491,"... Sí...
","... Sí...
"
0x2049d,"Snake, te voy a explicar los diferentes estados
de alerta del enemigo.
","Snake, te voy a explicar los diferentes estados
de alerta del enemigo.
"
0x204e5,"El primero de todos, hay un estado en el que
el enemigo desconoce tu presencia. Es la Fase
Normal.
","El primero de todos, hay un estado en el que
el enemigo desconoce tu presencia. Es la Fase
Normal.
"
0x20549,"En la Fase Normal, el enemigo hará su trabajo
normalmente,
","En la Fase Normal, el enemigo hará su trabajo
normalmente,
"
0x20586,"y no representará un grave problema para ti.
","y no representará un grave problema para ti.
"
0x205b5,"Pero si ven a un intruso, es decir si te ven, te
atacarán para neutralizarte. A esto se le llama
Fase Alerta.
","Pero si ven a un intruso, es decir si te ven, te
atacarán para neutralizarte. A esto se le llama
Fase Alerta.
"
0x20625,"La Fase Alerta durará hasta que el enemigo te
pierda de vista.
","La Fase Alerta durará hasta que el enemigo te
pierda de vista.
"
0x20666,"E incluso cuando te pierdan de vista, el
enemigo rastreará la zona durante un rato. Es
la Fase Evasiva.
","E incluso cuando te pierdan de vista, el
enemigo rastreará la zona durante un rato. Es
la Fase Evasiva.
"
0x206d0,"La Fase Evasiva durará hasta que el enemigo
se canse de buscar.
","La Fase Evasiva durará hasta que el enemigo
se canse de buscar.
"
0x20712,"Cuando termine la Fase Evasiva, el enemigo
volverá a la base.
","Cuando termine la Fase Evasiva, el enemigo
volverá a la base.
"
0x20752,"Cuando se acabe la búsqueda, el enemigo
entrará la Fase Precaución.
","Cuando se acabe la búsqueda, el enemigo
entrará la Fase Precaución.
"
0x2079a,"En la Fase Precaución, los soldados enemigos
prestarán más atención a las rutas que
patrullan y será más difícil detectarlos.
","En la Fase Precaución, los soldados enemigos
prestarán más atención a las rutas que
patrullan y será más difícil detectarlos.
"
0x20820,"Además de las patrullas normales, puede que
envíen a unidades de refuerzo. Ten mucho
cuidado.
","Además de las patrullas normales, puede que
envíen a unidades de refuerzo. Ten mucho
cuidado.
"
0x20881,"¿Qué pasa? ¿Te esperabas algo
diferente?
","¿Qué pasa? ¿Te esperabas algo
diferente?
"
0x208ae,"Ve a buscar a Sokolov y sácale de ahí.
","Ve a buscar a Sokolov y sácale de ahí.
"
0x208d8,"Si te equipas con granadas y pulsas el botón
Arma en el modo visión desde atrás, podrás
lanzar una granada escondido tras una
barrera.
","Si te equipas con granadas y pulsas el botón
Arma en el modo visión desde atrás, podrás
lanzar una granada escondido tras una
barrera.
"
0x20964,"Esta técnica te será muy útil durante un
tiroteo. Recuérdalo.
","Esta técnica te será muy útil durante un
tiroteo. Recuérdalo.
"
0x209a7,"Snake, ¿estás bien? Pareces estar muy
cansado.
","Snake, ¿estás bien? Pareces estar muy
cansado.
"
0x209d9,"No, en absoluto.
","No, en absoluto.
"
0x209eb,"No tienes porqué hacerte el ""machito"".
","No tienes porqué hacerte el ""machito"".
"
0x20a14,"No me lo estoy haciendo.
","No me lo estoy haciendo.
"
0x20a2e,"¿De verdad? Pues te caíste nada más
colgarte, y seguro que no puedes ni agarrar el
arma recta.
","¿De verdad? Pues te caíste nada más
colgarte, y seguro que no puedes ni agarrar el
arma recta.
"
0x20a91,"...
","...
"
0x20a96,"Tu cuerpo no puede más. Mira el indicador de
Energía, está casi vacío, ¿no?
","Tu cuerpo no puede más. Mira el indicador de
Energía, está casi vacío, ¿no?
"
0x20ae8,"No puedes continuar así, tienes que comer
algo y recuperar energía.
","No puedes continuar así, tienes que comer
algo y recuperar energía.
"
0x20b2f,"Tienes algo de comida, ¿no?
","Tienes algo de comida, ¿no?
"
0x20b4d,"Sí.
","Sí.
"
0x20b53,"Para comer, pulsa el botón START para
acceder al Visualizador de Supervivencia y
selecciona COMIDA.
","Para comer, pulsa el botón START para
acceder al Visualizador de Supervivencia y
selecciona COMIDA.
"
0x20bb9,"Utiliza el joystick analógico izquierdo para
elegir el tipo de comida que quieres consumir y
pulsa el botón Enter para consumirla.
","Utiliza el joystick analógico izquierdo para
elegir el tipo de comida que quieres consumir y
pulsa el botón Enter para consumirla.
"
0x20c3f,"Tendrás que interrumpir momentáneamente la
misión. Antes tienes que buscar algo para
comer.
","Tendrás que interrumpir momentáneamente la
misión. Antes tienes que buscar algo para
comer.
"
0x20c9f,"Pero...
","Pero...
"
0x20ca8,"¿Me has oído? ¡Vete de caza!
","¿Me has oído? ¡Vete de caza!
"
0x20cc9,"...
","...
"
0x20cce,"Cazar es esencial en la misión. Cuando tu
indicador de energía esté bajo, ve a comer
algo, ¿entendido?
","Cazar es esencial en la misión. Cuando tu
indicador de energía esté bajo, ve a comer
algo, ¿entendido?
"
0x20d3a,"Snake, además de comer, hay otras formas de
recuperar energía.
","Snake, además de comer, hay otras formas de
recuperar energía.
"
0x20d7c,"¿Cómo cuáles?
","¿Cómo cuáles?
"
0x20d8e,"Pues descansando.
","Pues descansando.
"
0x20da1,"¿Descansando?
","¿Descansando?
"
0x20db1,"Para descansar, sólo tienes que guardar y salir
del juego.
","Para descansar, sólo tienes que guardar y salir
del juego.
"
0x20dee,"La próxima vez que cargues los datos sobre el
juego guardados y continúes jugando, tu
indicador de energía y VIDA se habrán
recuperado.
","La próxima vez que cargues los datos sobre el
juego guardados y continúes jugando, tu
indicador de energía y VIDA se habrán
recuperado.
"
0x20e7b,"El nivel de la recuperación dependerá del
tiempo que estés descansando.
","El nivel de la recuperación dependerá del
tiempo que estés descansando.
"
0x20ec7,"¿Así que cuanto más tiempo descanse,
más me recuperaré?
","¿Así que cuanto más tiempo descanse,
más me recuperaré?
"
0x20f05,"Eso es.
","Eso es.
"
0x20f0e,"Si estás tan cansado que no tienes fuerzas ni
para buscar comida,
","Si estás tan cansado que no tienes fuerzas ni
para buscar comida,
"
0x20f52,"guarda el juego para descansar un rato.
","guarda el juego para descansar un rato.
"
0x20f7b,"Espero que eso no me ocurra nunca.
","Espero que eso no me ocurra nunca.
"
0x20f9f,"Yo también, pero nunca se sabe, así que no lo
olvides.
","Yo también, pero nunca se sabe, así que no lo
olvides.
"
0x20fd9,"No lo olvidaré.
","No lo olvidaré.
"
0x20feb,"Snake, en nombre de Dios...
","Snake, en nombre de Dios...
"
0x21008,"¿Cómo me sienta?
","¿Cómo me sienta?
"
0x2101c,"¡Te queda chachi!
","¡Te queda chachi!
"
0x21030,"¿Eh?
","¿Eh?
"
0x21037,"Que te queda chachi.
","Que te queda chachi.
"
0x2104d,"¿De verdad?
","¿De verdad?
"
0x2105b,"¡Sí!
","¡Sí!
"
0x21063,"No creo que ""chachi"" sea la palabra correcta.
","No creo que ""chachi"" sea la palabra correcta.
"
0x21092,"¿Por qué? ¿Qué tiene de malo?
","¿Por qué? ¿Qué tiene de malo?
"
0x210b5,"Qué que tiene de malo...
","Qué que tiene de malo...
"
0x210d0,"¿No crees que me queda fatal? ¿Que doy
risa? ¿No me vas a preguntar qué demonios
hago con eso puesto?
","¿No crees que me queda fatal? ¿Que doy
risa? ¿No me vas a preguntar qué demonios
hago con eso puesto?
"
0x2113b,"No.
","No.
"
0x21140,"...
","...
"
0x21145,"Creo que te queda muy bien. Me recuerda a
""The Alligator People"".
","Creo que te queda muy bien. Me recuerda a
""The Alligator People"".
"
0x21188,"¿A qué?
","¿A qué?
"
0x21193,"A ""The Alligator People"". Es una película de
ciencia ficción. ¿Nunca has oído hablar de
ella?
","A ""The Alligator People"". Es una película de
ciencia ficción. ¿Nunca has oído hablar de
ella?
"
0x211f6,"No.
","No.
"
0x211fb,"Pues bueno... la deberías ver.
","Pues bueno... la deberías ver.
"
0x2121c,"Trata sobre un tipo que tiene un accidente de
coche y para curarse de las heridas sufridas
se inyecta el suero de cocodrilo,
","Trata sobre un tipo que tiene un accidente de
coche y para curarse de las heridas sufridas
se inyecta el suero de cocodrilo,
"
0x2129a,"tras lo cual su cabeza se transforma en la de
un cocodrilo.
","tras lo cual su cabeza se transforma en la de
un cocodrilo.
"
0x212d7,"Con esa máscara te pareces a él. Es increíble.
","Con esa máscara te pareces a él. Es increíble.
"
0x2130a,"Entiendo...
","Entiendo...
"
0x21317,"¿¿¿???
","¿¿¿???
"
0x21322,"Venga, vale ya.
","Venga, vale ya.
"
0x21333,"Supongo que te podrás hacer pasar por un
cocodrilo poniéndote esa máscara y sacando la
cabeza del agua.
","Supongo que te podrás hacer pasar por un
cocodrilo poniéndote esa máscara y sacando la
cabeza del agua.
"
0x2139f,"Snake, ¡date prisa y cúrate las heridas!
","Snake, ¡date prisa y cúrate las heridas!
"
0x213cb,"Snake, todavía no te has curado las heridas.
¡Ve al Visualizador de Supervivencia y cúrate
el resto de las heridas!
","Snake, todavía no te has curado las heridas.
¡Ve al Visualizador de Supervivencia y cúrate
el resto de las heridas!
"
0x21443,"Snake, con un Índice de Camuflaje alto, no
sólo harás que al enemigo le cueste más
verte.
","Snake, con un Índice de Camuflaje alto, no
sólo harás que al enemigo le cueste más
verte.
"
0x214a2,"Cuanto más le cueste al enemigo verte, más le
costará darte y herirte.
","Cuanto más le cueste al enemigo verte, más le
costará darte y herirte.
"
0x214ed,"En otras palabras, los disparos del enemigo
errarán más a menudo.
","En otras palabras, los disparos del enemigo
errarán más a menudo.
"
0x21532,"Haz todo lo que puedas para que tu Índice de
Camuflaje esté siempre alto.
","Haz todo lo que puedas para que tu Índice de
Camuflaje esté siempre alto.
"
0x2157f,"Snake, cuando tires un enjambre de
avispones, de él saldrán un montón de
avispones.
","Snake, cuando tires un enjambre de
avispones, de él saldrán un montón de
avispones.
"
0x215d7,"Si lo haces bien, puedes sembrar el pánico
entre las filas enemigas. Pero ten cuidado,
los avispones también te pueden atacar a ti.
","Si lo haces bien, puedes sembrar el pánico
entre las filas enemigas. Pero ten cuidado,
los avispones también te pueden atacar a ti.
"
0x2165e,"Si los avispones te están atacando, mueve el
joystick analógico izquierdo o agita tu cuchillo
de supervivencia para espantarlos.
","Si los avispones te están atacando, mueve el
joystick analógico izquierdo o agita tu cuchillo
de supervivencia para espantarlos.
"
0x216e2,"También podrás espantarlos, agitando una
linterna al pulsar el botón CQC.
","También podrás espantarlos, agitando una
linterna al pulsar el botón CQC.
"
0x21730,"Con el humo también podrás espantar a los
avispones.
","Con el humo también podrás espantar a los
avispones.
"
0x21768,"Si te están atacando los avispones, utiliza una
granada de humo.
","Si te están atacando los avispones, utiliza una
granada de humo.
"
0x217ab,"Y si usas repelente, los avispones no se te
acercarán mientras dure su efecto.
","Y si usas repelente, los avispones no se te
acercarán mientras dure su efecto.
"
0x217fc,"Cuando ven el color negro, los avispones
están más agitados y se vuelven más
agresivos.
","Cuando ven el color negro, los avispones
están más agitados y se vuelven más
agresivos.
"
0x21858,"Atacarán con mayor agresividad si vas vestido
de negro.
","Atacarán con mayor agresividad si vas vestido
de negro.
"
0x21892,"Cuando te estén atacando los avispones,
ponte ropa de color blanco.
","Cuando te estén atacando los avispones,
ponte ropa de color blanco.
"
0x218d8,"Major, ¿qué es la Oficina de Diseño de
Granin de la que hablaba Sokolov?
","Major, ¿qué es la Oficina de Diseño de
Granin de la que hablaba Sokolov?
"
0x21925,"La OKB-812. Es el mismo tipo de laboratorio
secreto que el de Sokolov, la OKB-754.
","La OKB-812. Es el mismo tipo de laboratorio
secreto que el de Sokolov, la OKB-754.
"
0x21979,"El director es un nombre llamado Aleksandr
Leonovitch Granin.
","El director es un nombre llamado Aleksandr
Leonovitch Granin.
"
0x219b8,"Es el archi-rival de Sokolov, y ambos han
luchado duramente desde tiempos de guerra.
","Es el archi-rival de Sokolov, y ambos han
luchado duramente desde tiempos de guerra.
"
0x21a0e,"Pero según Sokolov, su rivalidad es sólo una
invención de Granin.
","Pero según Sokolov, su rivalidad es sólo una
invención de Granin.
"
0x21a54,"En cualquier caso, parece que Granin le tiene
muchísimo odio a Sokolov.
","En cualquier caso, parece que Granin le tiene
muchísimo odio a Sokolov.
"
0x21a9e,"Y como Sokolov era el protegido de Kruschev,
","Y como Sokolov era el protegido de Kruschev,
"
0x21acc,"pues Granin se puso de parte de Volgin, el
líder del movimiento anti-Kruschev.
","pues Granin se puso de parte de Volgin, el
líder del movimiento anti-Kruschev.
"
0x21b1d,"Al parecer, Granin tenía que utilizar los fondos
recibidos de la oposición para derrotar a su
viejo enemigo.
","Al parecer, Granin tenía que utilizar los fondos
recibidos de la oposición para derrotar a su
viejo enemigo.
"
0x21b8d,"A Volgin, por su parte,
","A Volgin, por su parte,
"
0x21ba6,"le atraía la idea de poder utilizar las armas de
gran tecnología que Granin había creado para
luchar contra Kruschev.
","le atraía la idea de poder utilizar las armas de
gran tecnología que Granin había creado para
luchar contra Kruschev.
"
0x21c20,"Y por lo tanto, ambos formaron una
alianza, y Volgin comenzó a controlar
la Oficina de Diseño de Granin.
","Y por lo tanto, ambos formaron una
alianza, y Volgin comenzó a controlar
la Oficina de Diseño de Granin.
"
0x21c8c,"¿Pero ahora Volgin está interesado por
Sokolov?
","¿Pero ahora Volgin está interesado por
Sokolov?
"
0x21cbf,"Sí. Parece que, después de todo, él y Granin
no se llevan tan bien.
","Sí. Parece que, después de todo, él y Granin
no se llevan tan bien.
"
0x21d07,"Major, cuéntame algo más sobre la carrera
espacial.
","Major, cuéntame algo más sobre la carrera
espacial.
"
0x21d3e,"En 1957, la Unión Soviética consiguió lanzar a
órbita a su primer satélite artificial, el Sputnik.
","En 1957, la Unión Soviética consiguió lanzar a
órbita a su primer satélite artificial, el Sputnik.
"
0x21da7,"Y como los soviéticos se les adelantaron,
","Y como los soviéticos se les adelantaron,
"
0x21dd3,"los americanos decidieron acelerar su propio
programa espacial.
","los americanos decidieron acelerar su propio
programa espacial.
"
0x21e14,"Al año siguiente, los diferentes programas de
desarrollo espacial
","Al año siguiente, los diferentes programas de
desarrollo espacial
"
0x21e58,"se unieron para formar la National Aeronautics
and Space Administration, es decir, la NASA.
","se unieron para formar la National Aeronautics
and Space Administration, es decir, la NASA.
"
0x21eb5,"Y ese mismo año, se lanzó el programa
Mercury, cuyo objetivo era enviar a un hombre
al espacio.
","Y ese mismo año, se lanzó el programa
Mercury, cuyo objetivo era enviar a un hombre
al espacio.
"
0x21f18,"Se eligieron siete candidatos de entre hombres
del ejército como primeros astronautas. Eran
hombres que ""tenían lo que había que tener"".
","Se eligieron siete candidatos de entre hombres
del ejército como primeros astronautas. Eran
hombres que ""tenían lo que había que tener"".
"
0x21fa5,"Pero como ya sabes, fue precisamente un
soviético, Yuri Gagarin, quien realizó
satisfactoriamente el primer vuelo espacial,
hace ahora tres años.
","Pero como ya sabes, fue precisamente un
soviético, Yuri Gagarin, quien realizó
satisfactoriamente el primer vuelo espacial,
hace ahora tres años.
"
0x2203b,"El primer intento satisfactorio de la NASA se
produjo un mes después del vuelo de Gagarin,
","El primer intento satisfactorio de la NASA se
produjo un mes después del vuelo de Gagarin,
"
0x22098,"con Freedom 7 que condujo a Alan Shepard al
espacio.
","con Freedom 7 que condujo a Alan Shepard al
espacio.
"
0x220ce,"Y por eso, estando América todavía por detrás
de los soviéticos en temas espaciales, el
presidente Kennedy tomó una decisión
histórica.
","Y por eso, estando América todavía por detrás
de los soviéticos en temas espaciales, el
presidente Kennedy tomó una decisión
histórica.
"
0x2215e,"América mandaría a un hombre a la luna antes
del final de la década.
","América mandaría a un hombre a la luna antes
del final de la década.
"
0x221a7,"Ya, ya he escuchado ese discurso. Pero a
muchos de los hombres que conozco, eso no
les hizo mucha gracia...
","Ya, ya he escuchado ese discurso. Pero a
muchos de los hombres que conozco, eso no
les hizo mucha gracia...
"
0x22214,"Decían que nadie les iba a enviar en una
misión para saltar por los aires una maldita
base lunar.
","Decían que nadie les iba a enviar en una
misión para saltar por los aires una maldita
base lunar.
"
0x22279,"Pero la investigación de cohetes y misiles está
muy relacionada.
","Pero la investigación de cohetes y misiles está
muy relacionada.
"
0x222bd,"Imagínate, si puedes, que la Unión Soviética
fuera capaz de enviar oleadas de misiles
nucleares
","Imagínate, si puedes, que la Unión Soviética
fuera capaz de enviar oleadas de misiles
nucleares
"
0x22321,"a Washington desde una base lunar.
","a Washington desde una base lunar.
"
0x22345,"Aunque para eso todavía quede tanto tiempo...
","Aunque para eso todavía quede tanto tiempo...
"
0x22375,"Si perdíamos la iniciativa, ya nunca podríamos
alcanzarles. No teníamos más alternativa que
seguir adelante, paso a paso.
","Si perdíamos la iniciativa, ya nunca podríamos
alcanzarles. No teníamos más alternativa que
seguir adelante, paso a paso.
"
0x223f4,"El programa Gemini lanzado hace dos años, es
el primer paso para establecer una base lunar.
","El programa Gemini lanzado hace dos años, es
el primer paso para establecer una base lunar.
"
0x22452,"Y sin embargo...
","Y sin embargo...
"
0x22464,"Yo no quiero decir que el presidente Kennedy
sea un mentiroso, pero me cuesta creer que
en seis años el hombre llegará a la luna.
","Yo no quiero decir que el presidente Kennedy
sea un mentiroso, pero me cuesta creer que
en seis años el hombre llegará a la luna.
"
0x224e9,"No lo sé. Yo nunca pensé que íbamos a llegar
al espacio.
","No lo sé. Yo nunca pensé que íbamos a llegar
al espacio.
"
0x22526,"Imagino que todo depende de las ganas de
que ocurra.
","Imagino que todo depende de las ganas de
que ocurra.
"
0x2255c,"Puede que tengas razón.
","Puede que tengas razón.
"
0x22576,"Major, ¿has dicho que el enemigo es la KGB,
no?
","Major, ¿has dicho que el enemigo es la KGB,
no?
"
0x225a8,"Sí.
","Sí.
"
0x225ae,"¿Y de qué unidad son? ¿Del Sexto
Directorio?
","¿Y de qué unidad son? ¿Del Sexto
Directorio?
"
0x225df,"No, del Noveno Directorio.
","No, del Noveno Directorio.
"
0x225fb,"¿Del Noveno?
","¿Del Noveno?
"
0x2260a,"Sí.
","Sí.
"
0x22610,"Pero yo pensaba que...
","Pero yo pensaba que...
"
0x22628,"Exacto. Es la unidad que protege al Kremlin y
proporciona guardaespaldas para los peces
gordos más importantes.
","Exacto. Es la unidad que protege al Kremlin y
proporciona guardaespaldas para los peces
gordos más importantes.
"
0x2269a,"Pero su trabajo consiste en proteger a
personas ""del partido y del gobierno"".
","Pero su trabajo consiste en proteger a
personas ""del partido y del gobierno"".
"
0x226e9,"Yo pensaba que se trataba de oficiales de alto
rango y sus familiares.
","Yo pensaba que se trataba de oficiales de alto
rango y sus familiares.
"
0x22731,"¿Y ahora les envían a controlar un ejercicio
de campo?
","¿Y ahora les envían a controlar un ejercicio
de campo?
"
0x2276b,"Eso es.
","Eso es.
"
0x22774,"¿Qué está ocurriendo realmente?
","¿Qué está ocurriendo realmente?
"
0x22798,"No lo sé.
","No lo sé.
"
0x227a4,"...
","...
"
0x227a9,"Lo que sé es que el director del Noveno
Directorio es un conocido protegido de
Kruschev.
","Lo que sé es que el director del Noveno
Directorio es un conocido protegido de
Kruschev.
"
0x22804,"Puede que Kruschev haya querido asignar esta
misión a alguien digno de su total confianza.
","Puede que Kruschev haya querido asignar esta
misión a alguien digno de su total confianza.
"
0x22861,"¿Así que no puede confiar en ninguna otra
unidad?
","¿Así que no puede confiar en ninguna otra
unidad?
"
0x22896,"Desde la retirada de Cuba, la posición de
Kruschev se debilita día a día.
","Desde la retirada de Cuba, la posición de
Kruschev se debilita día a día.
"
0x228e4,"Esta prueba secreta es un acto de
desesperación de un hombre acorralado.
","Esta prueba secreta es un acto de
desesperación de un hombre acorralado.
"
0x2292f,"Al menos, al terminar en esta prueba la nueva
arma de Sokolov,
","Al menos, al terminar en esta prueba la nueva
arma de Sokolov,
"
0x2296f,"Kruschev podrá restablecer la autoridad en
Moscú.
","Kruschev podrá restablecer la autoridad en
Moscú.
"
0x229a4,"¿Quieres decir que hay muchas
probabilidades de que los que no quieren que
eso ocurra intenten interferir en la prueba?
","¿Quieres decir que hay muchas
probabilidades de que los que no quieren que
eso ocurra intenten interferir en la prueba?
"
0x22a1e,"Seguramente. Kruschev seguro que también lo
ha pensado y por eso ha enviado a su más
leal unidad, su carta ganadora, para
asegurarse de que todo vaya bien.
","Seguramente. Kruschev seguro que también lo
ha pensado y por eso ha enviado a su más
leal unidad, su carta ganadora, para
asegurarse de que todo vaya bien.
"
0x22abd,"Major, ¿sabes algo del coronel de la GRU del
que hablaba Sokolov?
","Major, ¿sabes algo del coronel de la GRU del
que hablaba Sokolov?
"
0x22b01,"Sí.
","Sí.
"
0x22b07,"¿Quién es?
","¿Quién es?
"
0x22b15,"Un hombre terriblemente peligroso.
","Un hombre terriblemente peligroso.
"
0x22b39,"Su nombre es Yevgeny Borisovitch Volgin. Su
nombre en clave es ""Thunderbolt"".
","Su nombre es Yevgeny Borisovitch Volgin. Su
nombre en clave es ""Thunderbolt"".
"
0x22b88,"Se le conoce por ser el espía soviético más
frío y violento que jamás haya existido.
","Se le conoce por ser el espía soviético más
frío y violento que jamás haya existido.
"
0x22be3,"Durante la guerra, a Volgin le asignaron a
unidades internas.
","Durante la guerra, a Volgin le asignaron a
unidades internas.
"
0x22c22,"Trabajaba en la retaguardia para capturar y
castigar a aquellos soldados que quisieran
retirarse o desertar.
","Trabajaba en la retaguardia para capturar y
castigar a aquellos soldados que quisieran
retirarse o desertar.
"
0x22c90,"También es conocido por sus ""logros"" en las
operaciones de antiguerrilla de los estados de
Ucrania y Bálticos.
","También es conocido por sus ""logros"" en las
operaciones de antiguerrilla de los estados de
Ucrania y Bálticos.
"
0x22d02,"Se regodea de haberse ""deshecho"" de más de
100.000 anticomunistas.
","Se regodea de haberse ""deshecho"" de más de
100.000 anticomunistas.
"
0x22d47,"También sabemos que fue una pieza clave en
la represión de las insurrecciones de 1953 en
Alemania del Este y de 1956 en Hungría.
","También sabemos que fue una pieza clave en
la represión de las insurrecciones de 1953 en
Alemania del Este y de 1956 en Hungría.
"
0x22dcc,"Es realmente un hombre a temer. Nunca se
sabe qué puede estar tramando. Ten mucho
cuidado.
","Es realmente un hombre a temer. Nunca se
sabe qué puede estar tramando. Ten mucho
cuidado.
"
0x22e29,"Lo tendré.
","Lo tendré.
"
0x22e36,"Major, ¿no dijiste que The Boss estuvo
contigo en las filas de la SAS?
","Major, ¿no dijiste que The Boss estuvo
contigo en las filas de la SAS?
"
0x22e7f,"Sí. Formamos juntos el 22º regimiento de la
SAS.
","Sí. Formamos juntos el 22º regimiento de la
SAS.
"
0x22eb3,"Cuando fundaron la SAS, el Servicio Especial
Aéreo Británico, invitaron a The Boss como
tutor especial.
","Cuando fundaron la SAS, el Servicio Especial
Aéreo Británico, invitaron a The Boss como
tutor especial.
"
0x22f1e,"Es más, yo diría que fue The Boss quien creó
Rayforce y el Destacamento L,
","Es más, yo diría que fue The Boss quien creó
Rayforce y el Destacamento L,
"
0x22f6d,"bases de la actual SAS.
","bases de la actual SAS.
"
0x22f86,"No encontrarás su nombre en ningún libro de
historia, pero su ayuda fue sin duda
importantísima.
","No encontrarás su nombre en ningún libro de
historia, pero su ayuda fue sin duda
importantísima.
"
0x22feb,"Los verdaderos héroes nunca se hacen
públicos.
","Los verdaderos héroes nunca se hacen
públicos.
"
0x2301d,"Al menos, no en nuestra línea de trabajo.
","Al menos, no en nuestra línea de trabajo.
"
0x23049,"Y también fueron ideas suyas la prueba de
Heliopolis y las redadas nocturnas en las
bases aéreas alemanas del Norte de África.
","Y también fueron ideas suyas la prueba de
Heliopolis y las redadas nocturnas en las
bases aéreas alemanas del Norte de África.
"
0x230cc,"Sí, siempre estaba un paso por delante de los
demás, tanto en pensamiento como en acción.
","Sí, siempre estaba un paso por delante de los
demás, tanto en pensamiento como en acción.
"
0x2312a,"Es verdad lo que dicen, ""Quien arriesga,
gana"".
","Es verdad lo que dicen, ""Quien arriesga,
gana"".
"
0x2315b,"El lema de la SAS.
","El lema de la SAS.
"
0x2316f,"Precisamente, ese lema es un tributo a su
servicio.
","Precisamente, ese lema es un tributo a su
servicio.
"
0x231a4,"Y ni decir tiene que la SAS se ha convertido
en un modelo a seguir por el resto de las
unidades de fuerzas especiales del resto del
mundo.
","Y ni decir tiene que la SAS se ha convertido
en un modelo a seguir por el resto de las
unidades de fuerzas especiales del resto del
mundo.
"
0x23230,"En ese sentido, The Boss es realmente la
madre de las fuerzas especiales.
","En ese sentido, The Boss es realmente la
madre de las fuerzas especiales.
"
0x2327b,"Snake, si pisas agua o barro, te mojarás los
pies.
","Snake, si pisas agua o barro, te mojarás los
pies.
"
0x232b0,"Y si andas así, dejarás huellas, que el enemigo
podrá seguir para buscarte.
","Y si andas así, dejarás huellas, que el enemigo
podrá seguir para buscarte.
"
0x23300,"Evita andar por lugares en los que haya agua
o barro.
","Evita andar por lugares en los que haya agua
o barro.
"
0x23337,"Sin embargo, si se te mojan los pies, gatea
para evitar dejar huellas de tus pisadas.
","Sin embargo, si se te mojan los pies, gatea
para evitar dejar huellas de tus pisadas.
"
0x2338e,"Cuando no quieras que nadie te siga el rastro,
avanza gateando.
","Cuando no quieras que nadie te siga el rastro,
avanza gateando.
"
