0x1034,"PERSONAL DATA [1/4]

CODENAME:MAJOR TOM
SEX:MALE
AGE:55
NATIONALITY:U.K
BIRTHDATE:8/12/1909
BIRTHPLACE:EXETER,ENG.
ADDRESS:PORTSMOUTH,NH.
","PERSONAL DATA [1/4]

CODENAME:MAJOR TOM
SEX:MALE
AGE:55
NATIONALITY:U.K
BIRTHDATE:8/12/1909
BIRTHPLACE:EXETER,ENG.
ADDRESS:PORTSMOUTH,NH.
"
0x10bf,"PERSONAL DATA [1/4]

CODENAME:MAJOR ZERO
SEX:MALE
AGE:55
NATIONALITY:U.K
BIRTHDATE:8/12/1909
BIRTHPLACE:EXETER,ENG.
ADDRESS:PORTSMOUTH,NH.
","PERSONAL DATA [1/4]

CODENAME:MAJOR ZERO
SEX:MALE
AGE:55
NATIONALITY:U.K
BIRTHDATE:8/12/1909
BIRTHPLACE:EXETER,ENG.
ADDRESS:PORTSMOUTH,NH.
"
0x114b,"PERSONAL DATA [2/4]

HEIGHT:6% 5/8~
WEIGHT:174q
HAIR:GREY
EYE:GREYISH BLUE
SKIN:WHITE
VOICE:JIM PIDDOCK
MTN ACTR:TAKASHI KUBO
","PERSONAL DATA [2/4]

HEIGHT:6% 5/8~
WEIGHT:174q
HAIR:GREY
EYE:GREYISH BLUE
SKIN:WHITE
VOICE:JIM PIDDOCK
MTN ACTR:TAKASHI KUBO
"
0x11ca,"PERSONAL DATA [3/4]

EYESIGHT:20/13
BLOOD TYPE:A
PAST ILLNESSES:GOUT
FAMILY:PARENTS,A SISTER
HOBBY:MOVIE,HUNTING
FVRT FOOD:SHEPHERD'S PIE
UNFVRT FOOD:HAMBURGER
","PERSONAL DATA [3/4]

EYESIGHT:20/13
BLOOD TYPE:A
PAST ILLNESSES:GOUT
FAMILY:PARENTS,A SISTER
HOBBY:MOVIE,HUNTING
FVRT FOOD:SHEPHERD'S PIE
UNFVRT FOOD:HAMBURGER
"
0x126b,"PERSONAL DATA [4/4]

FVRT MOVIE:SPY/WAR MOVIE
FVRT ANIMAL:HORSE
FVRT LIQUOR:WHISKEY
FVRT SPORT:RUGBY
FVRT TEA:DIMBULA
FVRT UMA:NESSIE
MOTTO:WHO DARES WINS
","PERSONAL DATA [4/4]

FVRT MOVIE:SPY/WAR MOVIE
FVRT ANIMAL:HORSE
FVRT LIQUOR:WHISKEY
FVRT SPORT:RUGBY
FVRT TEA:DIMBULA
FVRT UMA:NESSIE
MOTTO:WHO DARES WINS
"
0x1307,"PERSONAL DATA [1/3]

CODENAME:MAJOR TOM
SEX:MALE
AGE:55
NATIONALITY:U.K
BIRTHDATE:8/12/1909
BIRTHPLACE:EXETER,ENG.
ADDRESS:PORTSMOUTH,NH.
","PERSONAL DATA [1/3]

CODENAME:MAJOR TOM
SEX:MALE
AGE:55
NATIONALITY:U.K
BIRTHDATE:8/12/1909
BIRTHPLACE:EXETER,ENG.
ADDRESS:PORTSMOUTH,NH.
"
0x1392,"PERSONAL DATA [1/3]

CODENAME:MAJOR ZERO
SEX:MALE
AGE:55
NATIONALITY:U.K
BIRTHDATE:8/12/1909
BIRTHPLACE:EXETER,ENG.
ADDRESS:PORTSMOUTH,NH.
","PERSONAL DATA [1/3]

CODENAME:MAJOR ZERO
SEX:MALE
AGE:55
NATIONALITY:U.K
BIRTHDATE:8/12/1909
BIRTHPLACE:EXETER,ENG.
ADDRESS:PORTSMOUTH,NH.
"
0x141e,"PERSONAL DATA [2/3]

HEIGHT:6% 5/8~
WEIGHT:174q
HAIR:GREY
EYE:GREYISH BLUE
SKIN:WHITE
VOICE:JIM PIDDOCK
MTN ACTR:TAKASHI KUBO
","PERSONAL DATA [2/3]

HEIGHT:6% 5/8~
WEIGHT:174q
HAIR:GREY
EYE:GREYISH BLUE
SKIN:WHITE
VOICE:JIM PIDDOCK
MTN ACTR:TAKASHI KUBO
"
0x149d,"PERSONAL DATA [3/3]

EYESIGHT:20/13
BLOOD TYPE:A
PAST ILLNESSES:GOUT
FAMILY:PARENTS,A SISTER
HOBBY:MOVIE,HUNTING
FVRT FOOD:SHEPHERD'S PIE
UNFVRT FOOD:HAMBURGER
","PERSONAL DATA [3/3]

EYESIGHT:20/13
BLOOD TYPE:A
PAST ILLNESSES:GOUT
FAMILY:PARENTS,A SISTER
HOBBY:MOVIE,HUNTING
FVRT FOOD:SHEPHERD'S PIE
UNFVRT FOOD:HAMBURGER
"
0x153e,"PERSONAL DATA [1/2]

CODENAME:MAJOR TOM
SEX:MALE
AGE:55
NATIONALITY:U.K
BIRTHDATE:8/12/1909
BIRTHPLACE:EXETER,ENG.
ADDRESS:PORTSMOUTH,NH.
","PERSONAL DATA [1/2]

CODENAME:MAJOR TOM
SEX:MALE
AGE:55
NATIONALITY:U.K
BIRTHDATE:8/12/1909
BIRTHPLACE:EXETER,ENG.
ADDRESS:PORTSMOUTH,NH.
"
0x15c9,"PERSONAL DATA [1/2]

CODENAME:MAJOR ZERO
SEX:MALE
AGE:55
NATIONALITY:U.K
BIRTHDATE:8/12/1909
BIRTHPLACE:EXETER,ENG.
ADDRESS:PORTSMOUTH,NH.
","PERSONAL DATA [1/2]

CODENAME:MAJOR ZERO
SEX:MALE
AGE:55
NATIONALITY:U.K
BIRTHDATE:8/12/1909
BIRTHPLACE:EXETER,ENG.
ADDRESS:PORTSMOUTH,NH.
"
0x1655,"PERSONAL DATA [2/2]

HEIGHT:6% 5/8~
WEIGHT:174q
HAIR:GREY
EYE:GREYISH BLUE
SKIN:WHITE
VOICE:JIM PIDDOCK
MTN ACTR:TAKASHI KUBO
","PERSONAL DATA [2/2]

HEIGHT:6% 5/8~
WEIGHT:174q
HAIR:GREY
EYE:GREYISH BLUE
SKIN:WHITE
VOICE:JIM PIDDOCK
MTN ACTR:TAKASHI KUBO
"
0x16d4,"PERSONAL DATA [1/1]

CODENAME:MAJOR TOM
SEX:MALE
AGE:55
NATIONALITY:U.K
BIRTHDATE:8/12/1909
BIRTHPLACE:EXETER,ENG.
ADDRESS:PORTSMOUTH,NH.
","PERSONAL DATA [1/1]

CODENAME:MAJOR TOM
SEX:MALE
AGE:55
NATIONALITY:U.K
BIRTHDATE:8/12/1909
BIRTHPLACE:EXETER,ENG.
ADDRESS:PORTSMOUTH,NH.
"
0x175f,"PERSONAL DATA [1/1]

CODENAME:MAJOR ZERO
SEX:MALE
AGE:55
NATIONALITY:U.K
BIRTHDATE:8/12/1909
BIRTHPLACE:EXETER,ENG.
ADDRESS:PORTSMOUTH,NH.
","PERSONAL DATA [1/1]

CODENAME:MAJOR ZERO
SEX:MALE
AGE:55
NATIONALITY:U.K
BIRTHDATE:8/12/1909
BIRTHPLACE:EXETER,ENG.
ADDRESS:PORTSMOUTH,NH.
"
0x17eb,"PERSONAL DATA [1/1]

CODENAME:THE BOSS
SEX:FEMALE
AGE:UNKNOWN
NATIONALITY:U.S.A
BIRTHDATE:UNKNOWN
BIRTHPLACE:UNKNOWN
ADDRESS:UNKNOWN
","PERSONAL DATA [1/1]

CODENAME:THE BOSS
SEX:FEMALE
AGE:UNKNOWN
NATIONALITY:U.S.A
BIRTHDATE:UNKNOWN
BIRTHPLACE:UNKNOWN
ADDRESS:UNKNOWN
"
0x1871,"PERSONAL DATA [1/2]

CODENAME:THE BOSS
SEX:FEMALE
AGE:UNKNOWN
NATIONALITY:U.S.A
BIRTHDATE:UNKNOWN
BIRTHPLACE:UNKNOWN
ADDRESS:UNKNOWN
","PERSONAL DATA [1/2]

CODENAME:THE BOSS
SEX:FEMALE
AGE:UNKNOWN
NATIONALITY:U.S.A
BIRTHDATE:UNKNOWN
BIRTHPLACE:UNKNOWN
ADDRESS:UNKNOWN
"
0x18f7,"PERSONAL DATA [2/2]

HEIGHT:5% 10~
WEIGHT:UNKNOWN
HAIR:BROWNISH GREY
EYE:BLUE
VOICE:LORI ALAN
MTN ACTR:ERIKO HIRATA
BLOOD TYPE:UNKNOWN
","PERSONAL DATA [2/2]

HEIGHT:5% 10~
WEIGHT:UNKNOWN
HAIR:BROWNISH GREY
EYE:BLUE
VOICE:LORI ALAN
MTN ACTR:ERIKO HIRATA
BLOOD TYPE:UNKNOWN
"
0x197f,"PERSONAL DATA [1/4]

CODENAME:PARA-MEDIC
SEX:FEMALE
AGE:28
NATIONALITY:U.S.A
BIRTHDATE:6/22/1936
BIRTHPLACE:BOSTON,MA.
ADDRESS:BOSTON,MA.
","PERSONAL DATA [1/4]

CODENAME:PARA-MEDIC
SEX:FEMALE
AGE:28
NATIONALITY:U.S.A
BIRTHDATE:6/22/1936
BIRTHPLACE:BOSTON,MA.
ADDRESS:BOSTON,MA.
"
0x1a0a,"PERSONAL DATA [2/4]

HEIGHT:5% 5 7/8~
WEIGHT:TOP SECRET
HAIR:RED
EYE:BROWN
SKIN:WHITE
VOICE:HEATHER HALLEY
MTN ACTR:ERIKO HIRATA
","PERSONAL DATA [2/4]

HEIGHT:5% 5 7/8~
WEIGHT:TOP SECRET
HAIR:RED
EYE:BROWN
SKIN:WHITE
VOICE:HEATHER HALLEY
MTN ACTR:ERIKO HIRATA
"
0x1a8c,"PERSONAL DATA [3/4]

EYESIGHT:20/25
BLOOD TYPE:B
PAST ILLNESSES:NONE
FAMILY:PARENTS,2 BROTHERS
HOBBY:MOVIE
FVRT FOOD:SUSHI
UNFVRT FOOD:CRAB
","PERSONAL DATA [3/4]

EYESIGHT:20/25
BLOOD TYPE:B
PAST ILLNESSES:NONE
FAMILY:PARENTS,2 BROTHERS
HOBBY:MOVIE
FVRT FOOD:SUSHI
UNFVRT FOOD:CRAB
"
0x1b19,"PERSONAL DATA [4/4]

FVRT MOVIE:EVERY MOVIE
FVRT ANIMAL:LITTLE BIRD
FVRT LIQUOR:JAPANESE SAKE
MEASUREMENTS:TOP SECRET!
TRETMNT SPCLTY:INJECTION
FVRT MASCOT:KEROTAN,GA-KO
FVRT MNSTR:VENUSIAN
","PERSONAL DATA [4/4]

FVRT MOVIE:EVERY MOVIE
FVRT ANIMAL:LITTLE BIRD
FVRT LIQUOR:JAPANESE SAKE
MEASUREMENTS:TOP SECRET!
TRETMNT SPCLTY:INJECTION
FVRT MASCOT:KEROTAN,GA-KO
FVRT MNSTR:VENUSIAN
"
0x1bd8,"PERSONAL DATA [1/3]

CODENAME:PARA-MEDIC
SEX:FEMALE
AGE:28
NATIONALITY:U.S.A
BIRTHDATE:6/22/1936
BIRTHPLACE:BOSTON,MA.
ADDRESS:BOSTON,MA.
","PERSONAL DATA [1/3]

CODENAME:PARA-MEDIC
SEX:FEMALE
AGE:28
NATIONALITY:U.S.A
BIRTHDATE:6/22/1936
BIRTHPLACE:BOSTON,MA.
ADDRESS:BOSTON,MA.
"
0x1c63,"PERSONAL DATA [2/3]

HEIGHT:5% 5 7/8~
WEIGHT:TOP SECRET
HAIR:RED
EYE:BROWN
SKIN:WHITE
VOICE:HEATHER HALLEY
MTN ACTR:ERIKO HIRATA
","PERSONAL DATA [2/3]

HEIGHT:5% 5 7/8~
WEIGHT:TOP SECRET
HAIR:RED
EYE:BROWN
SKIN:WHITE
VOICE:HEATHER HALLEY
MTN ACTR:ERIKO HIRATA
"
0x1ce5,"PERSONAL DATA [3/3]

EYESIGHT:20/25
BLOOD TYPE:B
PAST ILLNESSES:NONE
FAMILY:PARENTS,2 BROTHERS
HOBBY:MOVIE
FVRT FOOD:SUSHI
UNFVRT FOOD:CRAB
","PERSONAL DATA [3/3]

EYESIGHT:20/25
BLOOD TYPE:B
PAST ILLNESSES:NONE
FAMILY:PARENTS,2 BROTHERS
HOBBY:MOVIE
FVRT FOOD:SUSHI
UNFVRT FOOD:CRAB
"
0x1d72,"PERSONAL DATA [1/2]

CODENAME:PARA-MEDIC
SEX:FEMALE
AGE:28
NATIONALITY:U.S.A
BIRTHDATE:6/22/1936
BIRTHPLACE:BOSTON,MA.
ADDRESS:BOSTON,MA.
","PERSONAL DATA [1/2]

CODENAME:PARA-MEDIC
SEX:FEMALE
AGE:28
NATIONALITY:U.S.A
BIRTHDATE:6/22/1936
BIRTHPLACE:BOSTON,MA.
ADDRESS:BOSTON,MA.
"
0x1dfd,"PERSONAL DATA [2/2]

HEIGHT:5% 5 7/8~
WEIGHT:TOP SECRET
HAIR:RED
EYE:BROWN
SKIN:WHITE
VOICE:HEATHER HALLEY
MTN ACTR:ERIKO HIRATA
","PERSONAL DATA [2/2]

HEIGHT:5% 5 7/8~
WEIGHT:TOP SECRET
HAIR:RED
EYE:BROWN
SKIN:WHITE
VOICE:HEATHER HALLEY
MTN ACTR:ERIKO HIRATA
"
0x1e7f,"PERSONAL DATA [1/1]

CODENAME:PARA-MEDIC
SEX:FEMALE
AGE:28
NATIONALITY:U.S.A
BIRTHDATE:6/22/1936
BIRTHPLACE:BOSTON,MA.
ADDRESS:BOSTON,MA.
","PERSONAL DATA [1/1]

CODENAME:PARA-MEDIC
SEX:FEMALE
AGE:28
NATIONALITY:U.S.A
BIRTHDATE:6/22/1936
BIRTHPLACE:BOSTON,MA.
ADDRESS:BOSTON,MA.
"
0x1f0a,"Snake, devi prima trovare lo zaino che hai
perso durante la discesa.
","Snake, devi prima trovare lo zaino che hai
perso durante la discesa.
"
0x1f50,"Lo zaino è rimasto incastrato su un albero a
nord. Prova ad andare in quella direzione.
","Lo zaino è rimasto incastrato su un albero a
nord. Prova ad andare in quella direzione.
"
0x1faa,"Snake, hai detto che lo zaino è rimasto
incastrato sul ramo di un albero, vero?
","Snake, hai detto che lo zaino è rimasto
incastrato sul ramo di un albero, vero?
"
0x1ffc,"Sì.
","Sì.
"
0x2002,"Sull'albero cresceva l'edera?
","Sull'albero cresceva l'edera?
"
0x2021,"C'era, ma...
","C'era, ma...
"
0x202f,"Perfetto.
","Perfetto.
"
0x203a,"Perfetto?
","Perfetto?
"
0x2045,"Ma certo.
","Ma certo.
"
0x2050,"Puoi arrampicarti su un albero ricoperto di
edera piazzandoti davanti all'edera e premendo
il tasto Azione.
","Puoi arrampicarti su un albero ricoperto di
edera piazzandoti davanti all'edera e premendo
il tasto Azione.
"
0x20bd,"Sali sull'albero e recupera lo zaino.
","Sali sull'albero e recupera lo zaino.
"
0x20e4,"Sokolov dovrebbe trovarsi nella fabbrica
abbandonata a nord, quindi vai in quella
direzione.
","Sokolov dovrebbe trovarsi nella fabbrica
abbandonata a nord, quindi vai in quella
direzione.
"
0x2142,"Snake, secondo i servizi segreti quella zona è
all'esterno del cordone del nemico.
","Snake, secondo i servizi segreti quella zona è
all'esterno del cordone del nemico.
"
0x2197,"Quindi non dovresti imbatterti nelle pattuglie
nemiche.
","Quindi non dovresti imbatterti nelle pattuglie
nemiche.
"
0x21d0,"Penso che sarà una buona idea impiegare
questo tempo per abituarti a usare la mimetica,
cacciare per il cibo
","Penso che sarà una buona idea impiegare
questo tempo per abituarti a usare la mimetica,
cacciare per il cibo
"
0x223f,"e navigare con il Visore di Sopravvivenza.
","e navigare con il Visore di Sopravvivenza.
"
0x226b,"Se hai domande sulla mimetica o il
combattimento ravvicinato, chiedi a The Boss.
","Se hai domande sulla mimetica o il
combattimento ravvicinato, chiedi a The Boss.
"
0x22bd,"La frequenza di The Boss è 141.80.
","La frequenza di The Boss è 141.80.
"
0x22e2,"Para-Medic è la corrispondente medica per
questa missione. Chiedile informazioni sulla
ricerca di cibo e sulle cure mediche.
","Para-Medic è la corrispondente medica per
questa missione. Chiedile informazioni sulla
ricerca di cibo e sulle cure mediche.
"
0x2361,"Inoltre, ha documenti con informazioni sulla
flora e la fauna locale.
","Inoltre, ha documenti con informazioni sulla
flora e la fauna locale.
"
0x23a8,"Contattala se ti servono informazioni
dettagliate sulle piante e gli animali della zona.
","Contattala se ti servono informazioni
dettagliate sulle piante e gli animali della zona.
"
0x2402,"La frequenza di Para-Medic è 145.73.
","La frequenza di Para-Medic è 145.73.
"
0x2429,"Snake, Sokolov è imprigionato nell'area a
nord-est della fabbrica.
","Snake, Sokolov è imprigionato nell'area a
nord-est della fabbrica.
"
0x246e,"Ricevuto. A nord-est.
","Ricevuto. A nord-est.
"
0x2485,"Sì. E non scontrarti con il nemico.
","Sì. E non scontrarti con il nemico.
"
0x24ab,"Obiettivo di questa missione è riportare indietro
Sokolov sano e salvo, niente di più.
","Obiettivo di questa missione è riportare indietro
Sokolov sano e salvo, niente di più.
"
0x2505,"Contatta Sokolov senza farti vedere dal nemico
e portalo fuori con prudenza.
","Contatta Sokolov senza farti vedere dal nemico
e portalo fuori con prudenza.
"
0x2553,"Se devi sbarazzarti di un nemico, usa l'arma ai
tranquillanti.
","Se devi sbarazzarti di un nemico, usa l'arma ai
tranquillanti.
"
0x2593,"Snake, come ho detto prima, questa missione
consiste soltanto nel riportare Sokolov sano e
salvo.
","Snake, come ho detto prima, questa missione
consiste soltanto nel riportare Sokolov sano e
salvo.
"
0x25f6,"Non devi mettere Sokolov in pericolo. Non hai
il permesso di contattarlo durante la fase di
Allerta. Punto e basta.
","Non devi mettere Sokolov in pericolo. Non hai
il permesso di contattarlo durante la fase di
Allerta. Punto e basta.
"
0x266b,"Snake!
","Snake!
"
0x2673,"!!
","!!
"
0x2677,"Dove stai andando?
","Dove stai andando?
"
0x268b,"Eh, io...
","Eh, io...
"
0x2696,"Stai abbandonando la missione?
","Stai abbandonando la missione?
"
0x26b6,"Assolutamente no.
","Assolutamente no.
"
0x26c9,"Non mi sembrava.
","Non mi sembrava.
"
0x26db,"Non pensavo che pensasse così.
","Non pensavo che pensasse così.
"
0x26fc,"Ah ah ah.
","Ah ah ah.
"
0x2707,"Ah ah ah!
","Ah ah ah!
"
0x2712,"Sokolov è nella fabbrica che hai superato.
Dirigiti di nuovo a nord.
","Sokolov è nella fabbrica che hai superato.
Dirigiti di nuovo a nord.
"
0x2759,"Ricevuto...
","Ricevuto...
"
0x2766,"Snake, vedi quell'albero caduto?
","Snake, vedi quell'albero caduto?
"
0x2788,"Sì.
","Sì.
"
0x278e,"Dagli un'occhiata.
","Dagli un'occhiata.
"
0x27a2,"Perché?
","Perché?
"
0x27ac,"Fallo e basta.
","Fallo e basta.
"
0x27bc,"È vuoto.
","È vuoto.
"
0x27c7,"Puoi nasconderti stando disteso e strisciando
all'interno degli alberi caduti cavi.
","Puoi nasconderti stando disteso e strisciando
all'interno degli alberi caduti cavi.
"
0x281c,"Se vuoi andartene, non devi fare altro che
strisciare fuori.
","Se vuoi andartene, non devi fare altro che
strisciare fuori.
"
0x285a,"È chiaro?
","È chiaro?
"
0x2866,"Sì, ma...
","Sì, ma...
"
0x2872,"Ma cosa?
","Ma cosa?
"
0x287c,"Era quello l'unico motivo?
","Era quello l'unico motivo?
"
0x2898,"In che senso?
","In che senso?
"
0x28a7,"Mi ha fatto dare un'occhiata solo per dirmi
questo?
","Mi ha fatto dare un'occhiata solo per dirmi
questo?
"
0x28dc,"Esatto.
","Esatto.
"
0x28e5,"...
","...
"
0x28ea,"Piuttosto utile, eh?
","Piuttosto utile, eh?
"
0x2900,"...Direi di sì.
","...Direi di sì.
"
0x2912,"Vogliamo continuare?
","Vogliamo continuare?
"
0x2928,"Ma certo!
","Ma certo!
"
0x2933,"Quando sei in mezzo alla natura, potrai
strisciare all'interno di tanti posti
","Quando sei in mezzo alla natura, potrai
strisciare all'interno di tanti posti
"
0x2982,"e usarli per nasconderti dai nemici.
","e usarli per nasconderti dai nemici.
"
0x29a8,"Sarebbe sciocco non approfittare di quei
nascondigli.
","Sarebbe sciocco non approfittare di quei
nascondigli.
"
0x29df,"Quindi guardati sempre intorno in visuale
Soggettiva ed esamina l'ambiente circostante.
","Quindi guardati sempre intorno in visuale
Soggettiva ed esamina l'ambiente circostante.
"
0x2a38,"Quando sei dentro un albero caduto, la visuale
passa automaticamente alla modalità
Incursione.
","Quando sei dentro un albero caduto, la visuale
passa automaticamente alla modalità
Incursione.
"
0x2a99,"I controlli sono identici alla normale
incursione.
","I controlli sono identici alla normale
incursione.
"
0x2acd,"È perfetto per nascondersi dai nemici, ma se i
nemici ti notano mentre ci entri dentro,
diventerai oggetto di un tiro al bersaglio,
","È perfetto per nascondersi dai nemici, ma se i
nemici ti notano mentre ci entri dentro,
diventerai oggetto di un tiro al bersaglio,
"
0x2b53,"quindi fai attenzione.
","quindi fai attenzione.
"
0x2b6b,"Snake, vedi dei ciuffi d'erba?
","Snake, vedi dei ciuffi d'erba?
"
0x2b8b,"Sì.
","Sì.
"
0x2b91,"Che tipo di erba?
","Che tipo di erba?
"
0x2ba4,"Erba comune. Niente di speciale...
","Erba comune. Niente di speciale...
"
0x2bc8,"Comunque dovresti controllare.
","Comunque dovresti controllare.
"
0x2be8,"...È erba piuttosto spessa, alta quasi fino alla
cintola.
","...È erba piuttosto spessa, alta quasi fino alla
cintola.
"
0x2c24,"Se strisci in mezzo all'erba, puoi avanzare di
nascosto.
","Se strisci in mezzo all'erba, puoi avanzare di
nascosto.
"
0x2c5e,"Quando ti muovi così, la telecamera passa
automaticamente in visuale Incursione.
","Quando ti muovi così, la telecamera passa
automaticamente in visuale Incursione.
"
0x2cb1,"Se vuoi rialzarti in piedi, premi e tieni premuto
il tasto Strisciare ancora una volta.
","Se vuoi rialzarti in piedi, premi e tieni premuto
il tasto Strisciare ancora una volta.
"
0x2d0a,"Se eserciti una breve pressione sul tasto
Strisciare, ti accovacci sul posto.
","Se eserciti una breve pressione sul tasto
Strisciare, ti accovacci sul posto.
"
0x2d59,"Così puoi osservare le cose senza farti
scoprire.
","Così puoi osservare le cose senza farti
scoprire.
"
0x2d8d,"Anche nascosto tra l'erba, se fai un rumore
verrai individuato dai nemici.
","Anche nascosto tra l'erba, se fai un rumore
verrai individuato dai nemici.
"
0x2dd9,"Quando i nemici sono vicini, sposta con
movimenti leggeri la levetta analogica sinistra,
","Quando i nemici sono vicini, sposta con
movimenti leggeri la levetta analogica sinistra,
"
0x2e33,"in modo da procedere facendo il minimo
rumore.
","in modo da procedere facendo il minimo
rumore.
"
0x2e63,"Puoi entrare negli alberi scavati dall'erosione.
","Puoi entrare negli alberi scavati dall'erosione.
"
0x2e95,"Entrare negli alberi cavi è un ottimo metodo
per ripararsi temporaneamente dai nemici.
","Entrare negli alberi cavi è un ottimo metodo
per ripararsi temporaneamente dai nemici.
"
0x2eee,"Se però ti beccano mentre entri nell'albero,
concentreranno i colpi su di te.
","Se però ti beccano mentre entri nell'albero,
concentreranno i colpi su di te.
"
0x2f3e,"Se ti tirano una granata, ti faranno a pezzetti.
Fai attenzione.
","Se ti tirano una granata, ti faranno a pezzetti.
Fai attenzione.
"
0x2f80,"Snake, hai trovato del cibo?
","Snake, hai trovato del cibo?
"
0x2f9e,"Sì.
","Sì.
"
0x2fa4,"Sembri contento.
","Sembri contento.
"
0x2fb6,"Lo sono!
","Lo sono!
"
0x2fc0,"Sai come va mangiato?
","Sai come va mangiato?
"
0x2fd7,"...
","...
"
0x2fdc,"Allora lascia che te lo spieghi.
","Allora lascia che te lo spieghi.
"
0x2ffe,"Per mangiare il cibo, premi il tasto START per
attivare il Visore di Sopravvivenza, quindi
seleziona ""CIBO"".
","Per mangiare il cibo, premi il tasto START per
attivare il Visore di Sopravvivenza, quindi
seleziona ""CIBO"".
"
0x306c,"Seleziona il cibo che vuoi mangiare e premi il
tasto Invio.
","Seleziona il cibo che vuoi mangiare e premi il
tasto Invio.
"
0x30a9,"Seleziona ""MANGIA"" per mangiare il cibo
selezionato.
","Seleziona ""MANGIA"" per mangiare il cibo
selezionato.
"
0x30df,"Quando mangi, recuperi il vigore, ma la
quantità di ripresa dipende da quello che
mangi.
","Quando mangi, recuperi il vigore, ma la
quantità di ripresa dipende da quello che
mangi.
"
0x313a,"Quando il vigore è diminuito solo leggermente,
faresti meglio a lasciare per dopo i bocconi
migliori.
","Quando il vigore è diminuito solo leggermente,
faresti meglio a lasciare per dopo i bocconi
migliori.
"
0x31a2,"Ma non lasciare il cibo per troppo tempo,
altrimenti andrà a male. Per questo conviene
organizzarsi in tempo.
","Ma non lasciare il cibo per troppo tempo,
altrimenti andrà a male. Per questo conviene
organizzarsi in tempo.
"
0x3212,"Oltre ad essere mangiato, il cibo può anche
essere lanciato contro i nemici per confonderli.
","Oltre ad essere mangiato, il cibo può anche
essere lanciato contro i nemici per confonderli.
"
0x3271,"Quindi ricordati che il cibo non serve solo ad
essere mangiato. Scatena la tua fantasia.
","Quindi ricordati che il cibo non serve solo ad
essere mangiato. Scatena la tua fantasia.
"
0x32cb,"Quando sei nella giungla, è importante
determinare la posizione dei nemici.
","Quando sei nella giungla, è importante
determinare la posizione dei nemici.
"
0x3319,"Per questo sei stato dotato di sensori. Fanne
buon uso.
","Per questo sei stato dotato di sensori. Fanne
buon uso.
"
0x3352,"Il sistema d'intercettazione di movimenti rileva
le attività nelle immediate vicinanze.
","Il sistema d'intercettazione di movimenti rileva
le attività nelle immediate vicinanze.
"
0x33ac,"Nella giungla, tuttavia, oltre ai nemici ci sono
tante altre cose in movimento,
","Nella giungla, tuttavia, oltre ai nemici ci sono
tante altre cose in movimento,
"
0x33fd,"ad esempio gli animali, che compariranno sul
sensore come qualunque altra cosa.
","ad esempio gli animali, che compariranno sul
sensore come qualunque altra cosa.
"
0x344e,"Il sistema d'intercettazione di movimenti,
inoltre, è sensibile fino a un certo punto.
","Il sistema d'intercettazione di movimenti,
inoltre, è sensibile fino a un certo punto.
"
0x34a7,"Non dimenticare che certi nemici e animali che
fanno solo dei movimenti leggeri, non verranno
rilevati.
","Non dimenticare che certi nemici e animali che
fanno solo dei movimenti leggeri, non verranno
rilevati.
"
0x3510,"Premi il tasto  per attivare il sonar attivo ed
emettere una speciale onda acustica.
","Premi il tasto  per attivare il sonar attivo ed
emettere una speciale onda acustica.
"
0x3569,"Il suono riflesso dall'onda acustica rivela le
posizioni dei bersagli.
","Il suono riflesso dall'onda acustica rivela le
posizioni dei bersagli.
"
0x35b1,"A differenza del sistema d'intercettazione di
movimenti, il sonar attivo rivela anche la
presenza di oggetti immobili.
","A differenza del sistema d'intercettazione di
movimenti, il sonar attivo rivela anche la
presenza di oggetti immobili.
"
0x3629,"C'è però il rischio che il suono dell'onda
acustica riveli la tua posizione ai nemici e agli
animali,
","C'è però il rischio che il suono dell'onda
acustica riveli la tua posizione ai nemici e agli
animali,
"
0x3692,"quindi fai attenzione quando usi il sonar attivo.
","quindi fai attenzione quando usi il sonar attivo.
"
0x36c5,"Il sensore antiuomo vibra quando rileva forme
di vita umane.
","Il sensore antiuomo vibra quando rileva forme
di vita umane.
"
0x3703,"A differenza degli altri sensori, quello antiuomo
è stato regolato per reagire solo in presenza di
umani,
","A differenza degli altri sensori, quello antiuomo
è stato regolato per reagire solo in presenza di
umani,
"
0x376f,"eliminando le interferenze di individuazione
degli animali.
","eliminando le interferenze di individuazione
degli animali.
"
0x37ac,"È in grado di individuare nemici nascosti e
immobili e il suo uso non rivela la tua
posizione.
","È in grado di individuare nemici nascosti e
immobili e il suo uso non rivela la tua
posizione.
"
0x380d,"D'altro canto, però, manca un po' di precisione,
infatti ha qualche problema a rivelare la
posizione esatta dei corpi individuati.
","D'altro canto, però, manca un po' di precisione,
infatti ha qualche problema a rivelare la
posizione esatta dei corpi individuati.
"
0x3892,"Tienilo presente.
","Tienilo presente.
"
0x38a5,"Quando lo usi in visuale Soggettiva, funziona
solo nella direzione in cui sei rivolto.
","Quando lo usi in visuale Soggettiva, funziona
solo nella direzione in cui sei rivolto.
"
0x38fd,"I sensori e gli altri apparecchi elettrici non
possono essere usati continuamente: una volta
attivati, consumano l'energia delle batterie.
","I sensori e gli altri apparecchi elettrici non
possono essere usati continuamente: una volta
attivati, consumano l'energia delle batterie.
"
0x3989,"Ricordati che tutti gli oggetti traggono energia
da un'unica batteria. Quando la batteria si
esaurisce, tutti i dispositivi elettronici smettono
di funzionare.
","Ricordati che tutti gli oggetti traggono energia
da un'unica batteria. Quando la batteria si
esaurisce, tutti i dispositivi elettronici smettono
di funzionare.
"
0x3a2a,"Puoi controllare la batteria rimasta per mezzo
dell'icona di qualsiasi oggetto che usi
l'elettricità. Fai attenzione a non sprecare
l'energia.
","Puoi controllare la batteria rimasta per mezzo
dell'icona di qualsiasi oggetto che usi
l'elettricità. Fai attenzione a non sprecare
l'energia.
"
0x3abb,"La batteria si ricarica automaticamente quando
non è in uso.
","La batteria si ricarica automaticamente quando
non è in uso.
"
0x3afa,"Se vuoi ricaricare la batteria, rimuovi tutti i
dispositivi elettronici e dalle il tempo di
ricaricarsi.
","Se vuoi ricaricare la batteria, rimuovi tutti i
dispositivi elettronici e dalle il tempo di
ricaricarsi.
"
0x3b64,"Maggiore è il livello nell'Indicatore del Vigore,
più in fretta si ricarica la batteria.
","Maggiore è il livello nell'Indicatore del Vigore,
più in fretta si ricarica la batteria.
"
0x3bc0,"Se vuoi ricaricarla più rapidamente, mangia del
cibo e recupera il vigore.
","Se vuoi ricaricarla più rapidamente, mangia del
cibo e recupera il vigore.
"
0x3c0d,"Se, inoltre, corri, rotoli o esegui altre azioni
speciali, la batteria si ricarica più rapidamente.
","Se, inoltre, corri, rotoli o esegui altre azioni
speciali, la batteria si ricarica più rapidamente.
"
0x3c73,"Aspetti un secondo.
","Aspetti un secondo.
"
0x3c88,"Che c'è?
","Che c'è?
"
0x3c93,"Maggiore è il vigore, più in fretta si ricarica la
batteria?
","Maggiore è il vigore, più in fretta si ricarica la
batteria?
"
0x3cd3,"È quello che ho detto.
","È quello che ho detto.
"
0x3cec,"Ma cosa c'entra il mio vigore con la batteria?
","Ma cosa c'entra il mio vigore con la batteria?
"
0x3d1c,"Oh, capisco a cosa vuoi arrivare.
Facciamocelo spiegare da Para-Medic.
Para-Medic?
","Oh, capisco a cosa vuoi arrivare.
Facciamocelo spiegare da Para-Medic.
Para-Medic?
"
0x3d70,"Sissignore. Il motivo è che la batteria di Snake
usa la bioelettricità.
","Sissignore. Il motivo è che la batteria di Snake
usa la bioelettricità.
"
0x3dbb,"Bioelettricità?
","Bioelettricità?
"
0x3dcd,"La bioelettricità è l'elettricità emessa dalle
cellule.
","La bioelettricità è l'elettricità emessa dalle
cellule.
"
0x3e09,"Quando le cellule degli esseri viventi sono
stimolate,
","Quando le cellule degli esseri viventi sono
stimolate,
"
0x3e41,"gli ioni di sodio e potassio si spostano
rapidamente attraverso il canale ionico della
membrana cellulare, creando una differenza di
potenziale elettrico.
","gli ioni di sodio e potassio si spostano
rapidamente attraverso il canale ionico della
membrana cellulare, creando una differenza di
potenziale elettrico.
"
0x3edd,"La batteria utilizza tale energia per ricaricarsi.
","La batteria utilizza tale energia per ricaricarsi.
"
0x3f11,"Quindi, se le tue cellule non hanno parecchi
nutrienti, la ricarica non avverrà correttamente.
","Quindi, se le tue cellule non hanno parecchi
nutrienti, la ricarica non avverrà correttamente.
"
0x3f72,"Oggi sono disponibili delle macchine davvero
incredibili...
","Oggi sono disponibili delle macchine davvero
incredibili...
"
0x3faf,"Ma questa macchina non è stata resa nota.
","Ma questa macchina non è stata resa nota.
"
0x3fdb,"Fu progettata da uno scienziato presso il
dipartimento di scienza e tecnologia della CIA.
","Fu progettata da uno scienziato presso il
dipartimento di scienza e tecnologia della CIA.
"
0x4036,"Che tipo di persona era?
","Che tipo di persona era?
"
0x4050,"La persona che l'ha progettata?
","La persona che l'ha progettata?
"
0x4071,"Sì.
","Sì.
"
0x4077,"Ho sentito dire che era piuttosto strana.
","Ho sentito dire che era piuttosto strana.
"
0x40a2,"Più strana del Major?
","Più strana del Major?
"
0x40ba,"Il Major non ha niente di strano.
","Il Major non ha niente di strano.
"
0x40dd,"Dov'è finito il mio tè? Chi l'ha bevuto?! Come
faccio a fare la pausa del tè senza il tè?!
","Dov'è finito il mio tè? Chi l'ha bevuto?! Come
faccio a fare la pausa del tè senza il tè?!
"
0x413d,"Be', non troppo strano, almeno.
","Be', non troppo strano, almeno.
"
0x415e,"...
","...
"
0x4163,"Ehi, anche la tortina è sparita!
","Ehi, anche la tortina è sparita!
"
0x4186,"Puoi arrampicarti sugli oggetti che ti arrivano
alla cintola premendo il tasto Azione.
","Puoi arrampicarti sugli oggetti che ti arrivano
alla cintola premendo il tasto Azione.
"
0x41de,"Arrampicandoti, puoi raggiungere posti non
accessibili camminando
","Arrampicandoti, puoi raggiungere posti non
accessibili camminando
"
0x4221,"e puoi anche raggiungere oggetti altrimenti
introvabili.
","e puoi anche raggiungere oggetti altrimenti
introvabili.
"
0x425b,"Non dimenticare di provare ad arrampicarti
sugli oggetti.
","Non dimenticare di provare ad arrampicarti
sugli oggetti.
"
0x4296,"Fai attenzione, Snake.
","Fai attenzione, Snake.
"
0x42ae,"Il modo di alternare le posizioni eretta,
accovacciata e strisciante è leggermente
cambiato rispetto ai metodi appresi in
addestramento.
","Il modo di alternare le posizioni eretta,
accovacciata e strisciante è leggermente
cambiato rispetto ai metodi appresi in
addestramento.
"
0x4339,"Quando sei in piedi, premi brevemente il tasto
Strisciare per accovacciarti, poi premilo e
tienilo premuto per assumere la posizione
strisciante.
","Quando sei in piedi, premi brevemente il tasto
Strisciare per accovacciarti, poi premilo e
tienilo premuto per assumere la posizione
strisciante.
"
0x43cc,"Dato che accovacciandoti assumi una
posizione più bassa, l'Indice di Mimetizzazione
è più alto di quando stai in piedi.
","Dato che accovacciandoti assumi una
posizione più bassa, l'Indice di Mimetizzazione
è più alto di quando stai in piedi.
"
0x4448,"E la maggiore stabilità della posizione
accovacciata riduce l'effetto del rinculo.
","E la maggiore stabilità della posizione
accovacciata riduce l'effetto del rinculo.
"
0x449d,"Se provi a sparare mentre sei accovacciato,
noterai che i tiri si raggrupperanno meglio di
quando sei in posizione eretta.
","Se provi a sparare mentre sei accovacciato,
noterai che i tiri si raggrupperanno meglio di
quando sei in posizione eretta.
"
0x4519,"Premi il tasto Strisciare mentre sei
accovacciato per alzarti, e muovi la levetta
analogica sinistra per strisciare in quella
direzione.
","Premi il tasto Strisciare mentre sei
accovacciato per alzarti, e muovi la levetta
analogica sinistra per strisciare in quella
direzione.
"
0x45a3,"Quando strisci, l'Indice di Mimetizzazione sale
tantissimo
","Quando strisci, l'Indice di Mimetizzazione sale
tantissimo
"
0x45df,"e i colpi sparati diventano più stabili di quando
sei accovacciato.
","e i colpi sparati diventano più stabili di quando
sei accovacciato.
"
0x4625,"Puoi muovere la levetta analogica sinistra
mentre sei prono per strisciare in una
posizione particolare.
","Puoi muovere la levetta analogica sinistra
mentre sei prono per strisciare in una
posizione particolare.
"
0x468f,"Mentre strisci, sposta leggermente la levetta
analogica sinistra per strisciare in silenzio, a
scapito della velocità.
","Mentre strisci, sposta leggermente la levetta
analogica sinistra per strisciare in silenzio, a
scapito della velocità.
"
0x4708,"Sappi però che strisciando consumi più vigore
che camminando.
","Sappi però che strisciando consumi più vigore
che camminando.
"
0x4749,"Premi e tieni premuto il tasto Strisciare mentre
sei in posizione strisciante per alzarti. Premi
brevemente il tasto Strisciare per passare alla
posizione accovacciata.
","Premi e tieni premuto il tasto Strisciare mentre
sei in posizione strisciante per alzarti. Premi
brevemente il tasto Strisciare per passare alla
posizione accovacciata.
"
0x47f3,"Non dimenticare che se vuoi alzarti
rapidamente da una posizione strisciante,
premi e tieni premuto il tasto Strisciare.
","Non dimenticare che se vuoi alzarti
rapidamente da una posizione strisciante,
premi e tieni premuto il tasto Strisciare.
"
0x486d,"Snake, ti raccomando di non lasciare in giro i
corpi delle tue vittime.
","Snake, ti raccomando di non lasciare in giro i
corpi delle tue vittime.
"
0x48b6,"Se i nemici individuano un compagno morto, si
accorgeranno che c'è un intruso e
rafforzeranno la guardia.
","Se i nemici individuano un compagno morto, si
accorgeranno che c'è un intruso e
rafforzeranno la guardia.
"
0x4922,"Quando uccidi un nemico, nascondine il corpo
tra l'erba o in un altro posto dove non sarà
visto.
","Quando uccidi un nemico, nascondine il corpo
tra l'erba o in un altro posto dove non sarà
visto.
"
0x4985,"Posizionati vicino a un nemico morto e premi il
tasto Armi senza un'arma equipaggiata per
afferrare il corpo.
","Posizionati vicino a un nemico morto e premi il
tasto Armi senza un'arma equipaggiata per
afferrare il corpo.
"
0x49f4,"Tieni premuto il tasto Armi e spostati per
trascinare il corpo. Rilascia il tasto Armi per
adagiare il corpo.
","Tieni premuto il tasto Armi e spostati per
trascinare il corpo. Rilascia il tasto Armi per
adagiare il corpo.
"
0x4a63,"Snake, non ti consiglio di correre di qua e di là
come un forsennato.
","Snake, non ti consiglio di correre di qua e di là
come un forsennato.
"
0x4aab,"Devi capire qual è il momento giusto per
correre e quale quello per camminare.
","Devi capire qual è il momento giusto per
correre e quale quello per camminare.
"
0x4afc,"Per camminare, sposta leggermente la levetta
analogica sinistra.
","Per camminare, sposta leggermente la levetta
analogica sinistra.
"
0x4b3e,"Non ti muoverai molto velocemente, ma
consumerai poco vigore ed è più probabile che
i nemici non t'individueranno.
","Non ti muoverai molto velocemente, ma
consumerai poco vigore ed è più probabile che
i nemici non t'individueranno.
"
0x4bb4,"Momenti opportuni per camminare sono
quando sei vicino ai nemici o quando devi
conservare il vigore.
","Momenti opportuni per camminare sono
quando sei vicino ai nemici o quando devi
conservare il vigore.
"
0x4c1a,"Snake, premi la levetta analogica sinistra in giù
sulla schermata Radio per aprire la finestra
della Memoria.
","Snake, premi la levetta analogica sinistra in giù
sulla schermata Radio per aprire la finestra
della Memoria.
"
0x4c8a,"Nella finestra della Memoria, seleziona una
persona da contattare e premi il tasto Invio.
","Nella finestra della Memoria, seleziona una
persona da contattare e premi il tasto Invio.
"
0x4ce5,"In questo modo non perderai tempo a regolare
la frequenza.
","In questo modo non perderai tempo a regolare
la frequenza.
"
0x4d21,"Nelle radioonde del campo di battaglia sono
disseminate diverse trasmissioni. Se ti metti a
cercare, puoi fare scoperte davvero
interessanti.
","Nelle radioonde del campo di battaglia sono
disseminate diverse trasmissioni. Se ti metti a
cercare, puoi fare scoperte davvero
interessanti.
"
0x4db0,"Premi il tasto CQC quando sei appoggiato a un
muro per battere sul muro e fare rumore.
","Premi il tasto CQC quando sei appoggiato a un
muro per battere sul muro e fare rumore.
"
0x4e08,"Facendo dei suoni, puoi attirare l'attenzione dei
nemici.
","Facendo dei suoni, puoi attirare l'attenzione dei
nemici.
"
0x4e43,"Ci sono diversi modi di usare il suono a tuo
favore.
","Ci sono diversi modi di usare il suono a tuo
favore.
"
0x4e79,"Puoi usarlo per attirare il nemico nella
direzione sbagliata, per poi approfittare della
situazione e allontanarti.
","Puoi usarlo per attirare il nemico nella
direzione sbagliata, per poi approfittare della
situazione e allontanarti.
"
0x4eee,"Oppure puoi attirare il nemico vicino a te, per
poi aggredirlo alle spalle.
","Oppure puoi attirare il nemico vicino a te, per
poi aggredirlo alle spalle.
"
0x4f3b,"Usa il suono a tuo massimo vantaggio.
","Usa il suono a tuo massimo vantaggio.
"
0x4f62,"Snake, se trovi una scatola di oggetti, usa la
visuale Soggettiva per darle un'occhiata e
scoprire cosa contiene.
","Snake, se trovi una scatola di oggetti, usa la
visuale Soggettiva per darle un'occhiata e
scoprire cosa contiene.
"
0x4fd5,"A volte è pericoloso armeggiare con un oggetto
alla cieca.
","A volte è pericoloso armeggiare con un oggetto
alla cieca.
"
0x5012,"Per questo ti conviene prima controllare per
essere sicuro che valga la pena recuperare
l'oggetto contenuto nella scatola.
","Per questo ti conviene prima controllare per
essere sicuro che valga la pena recuperare
l'oggetto contenuto nella scatola.
"
0x508e,"Se non riesci a dare una bella occhiata, puoi
usare il binocolo.
","Se non riesci a dare una bella occhiata, puoi
usare il binocolo.
"
0x50d0,"Snake, i danni che infliggi a un nemico con la
tua arma dipendono dal punto in cui lo colpisci.
","Snake, i danni che infliggi a un nemico con la
tua arma dipendono dal punto in cui lo colpisci.
"
0x5131,"Se lo colpisci a un braccio o a una gamba, un
colpo non basterà a finirlo.
","Se lo colpisci a un braccio o a una gamba, un
colpo non basterà a finirlo.
"
0x517e,"Se vuoi fare fuori un nemico con un solo colpo,
dovrai usare un attacco in visuale Soggettiva e
assestargli un colpo alla testa.
","Se vuoi fare fuori un nemico con un solo colpo,
dovrai usare un attacco in visuale Soggettiva e
assestargli un colpo alla testa.
"
0x5200,"Snake, quando ti appoggi a un albero o stai
con le spalle contro un muro vicino a un
angolo,
","Snake, quando ti appoggi a un albero o stai
con le spalle contro un muro vicino a un
angolo,
"
0x525e,"la telecamera si abbassa e riprende la visuale
dietro l'angolo. Questa è la visuale Angolare.
","la telecamera si abbassa e riprende la visuale
dietro l'angolo. Questa è la visuale Angolare.
"
0x52be,"Questa visuale ti consente di vedere cosa
succede dietro l'angolo quando ti nascosti in
zone protette.
","Questa visuale ti consente di vedere cosa
succede dietro l'angolo quando ti nascosti in
zone protette.
"
0x5326,"Inoltre, mentre ti nascondi puoi eseguire
diverse azioni,
","Inoltre, mentre ti nascondi puoi eseguire
diverse azioni,
"
0x5361,"tra cui usare i tasti Passo sinistro e Passo
destro per sbirciare e il tasto Armi per sparare
mentre balzi fuori.
","tra cui usare i tasti Passo sinistro e Passo
destro per sbirciare e il tasto Armi per sparare
mentre balzi fuori.
"
0x53d4,"Il primo passo verso il successo della missione
consiste nell'imparare ad approfittare della
visuale Angolare.
","Il primo passo verso il successo della missione
consiste nell'imparare ad approfittare della
visuale Angolare.
"
0x5444,"Usala a tuo massimo vantaggio.
","Usala a tuo massimo vantaggio.
"
0x5464,"Nella visuale Angolare,
","Nella visuale Angolare,
"
0x547d,"premi il tasto Passo sinistro o il tasto Passo
destro per sporgerti da un'area protetta e
guardarti dietro le spalle.
","premi il tasto Passo sinistro o il tasto Passo
destro per sporgerti da un'area protetta e
guardarti dietro le spalle.
"
0x54f4,"Questa azione la chiameremo sbirciare.
","Questa azione la chiameremo sbirciare.
"
0x551c,"Sbirciare ti aiuta nell'osservazione, poiché ti dà
una visuale più ampia rispetto alla normale
visuale Angolare.
","Sbirciare ti aiuta nell'osservazione, poiché ti dà
una visuale più ampia rispetto alla normale
visuale Angolare.
"
0x5591,"Tuttavia, poiché per sbirciare devi esporre
parte del corpo, rischi di essere avvistato dal
nemico.
","Tuttavia, poiché per sbirciare devi esporre
parte del corpo, rischi di essere avvistato dal
nemico.
"
0x55f7,"Sposta la levetta analogica destra con la
visuale Angolare attivata per muovere la
telecamera in quella direzione.
","Sposta la levetta analogica destra con la
visuale Angolare attivata per muovere la
telecamera in quella direzione.
"
0x566b,"In questo modo non avrai la stessa
angolazione ampia che hai quando sbirci con i
tasti Passo sinistro e destro,
","In questo modo non avrai la stessa
angolazione ampia che hai quando sbirci con i
tasti Passo sinistro e destro,
"
0x56dc,"ma è più sicura perché non ti richiede di
esporre troppo il tuo corpo.
","ma è più sicura perché non ti richiede di
esporre troppo il tuo corpo.
"
0x5727,"Faresti meglio ad abituartici.
","Faresti meglio ad abituartici.
"
0x5747,"Se hai un fucile equipaggiato durante la visuale
Angolare, premi il tasto Armi per saltare fuori e
fare fuoco mentre esegui il balzo.
","Se hai un fucile equipaggiato durante la visuale
Angolare, premi il tasto Armi per saltare fuori e
fare fuoco mentre esegui il balzo.
"
0x57ce,"Con la tecnica del colpire mentre balzi fuori,
puoi proteggerti dal fuoco nemico dietro un
riparo
","Con la tecnica del colpire mentre balzi fuori,
puoi proteggerti dal fuoco nemico dietro un
riparo
"
0x5831,"e sferrare un attacco a raffica al momento
giusto.
","e sferrare un attacco a raffica al momento
giusto.
"
0x5865,"Questa è una tecnica fondamentale per gli
scontri a fuoco. Usala bene.
","Questa è una tecnica fondamentale per gli
scontri a fuoco. Usala bene.
"
0x58ae,"Quando premi il tasto Armi con la pistola,
prendi la mira, e quando lo rilasci, fai fuoco.
","Quando premi il tasto Armi con la pistola,
prendi la mira, e quando lo rilasci, fai fuoco.
"
0x590a,"Se, dopo avere preso la mira, vuoi ritirare
l'arma senza fare fuoco, rilascia il tasto Armi
lentamente.
","Se, dopo avere preso la mira, vuoi ritirare
l'arma senza fare fuoco, rilascia il tasto Armi
lentamente.
"
0x5973,"Dovrai solo fare pratica finché non ti ci
abituerai.
","Dovrai solo fare pratica finché non ti ci
abituerai.
"
0x59aa,"Ho sentito di molti casi di reclute alle prime
armi che hanno fatto fuoco accidentalmente sui
nemici mentre gli puntavano addosso un'arma.
","Ho sentito di molti casi di reclute alle prime
armi che hanno fatto fuoco accidentalmente sui
nemici mentre gli puntavano addosso un'arma.
"
0x5a36,"Se ti alleni adesso, non tenderai a sbagliare
mira quando sarai sotto pressione.
","Se ti alleni adesso, non tenderai a sbagliare
mira quando sarai sotto pressione.
"
0x5a88,"Se non ti senti sicuro di te stesso, dovresti
esercitarti.
","Se non ti senti sicuro di te stesso, dovresti
esercitarti.
"
0x5ac4,"Il fucile d'assalto funziona in modo
leggermente diverso dalla pistola.
","Il fucile d'assalto funziona in modo
leggermente diverso dalla pistola.
"
0x5b0d,"Premi leggermente il tasto Armi per mirare e
premi fino in fondo il tasto Armi per fare fuoco.
","Premi leggermente il tasto Armi per mirare e
premi fino in fondo il tasto Armi per fare fuoco.
"
0x5b6d,"Se vuoi abbassare l'arma senza fare fuoco, ad
esempio mentre minacci un nemico con
un'arma alle spalle,
","Se vuoi abbassare l'arma senza fare fuoco, ad
esempio mentre minacci un nemico con
un'arma alle spalle,
"
0x5bd6,"rilascia il tasto Armi senza premerlo fino in
fondo.
","rilascia il tasto Armi senza premerlo fino in
fondo.
"
0x5c0c,"Stai attento a non sparare nel momento in cui
prendi la mira.
","Stai attento a non sparare nel momento in cui
prendi la mira.
"
0x5c4b,"La distanza a cui lanci le granate e altri oggetti
lanciabili dipende dalla pressione che eserciti
sul tasto Armi.
","La distanza a cui lanci le granate e altri oggetti
lanciabili dipende dalla pressione che eserciti
sul tasto Armi.
"
0x5cbf,"Con una pressione leggera del tasto Armi,
l'arma viene lanciata vicino, mentre con una
forte pressione del tasto, l'arma viene lanciata
più lontano.
","Con una pressione leggera del tasto Armi,
l'arma viene lanciata vicino, mentre con una
forte pressione del tasto, l'arma viene lanciata
più lontano.
"
0x5d56,"Regola la potenza della pressione sul tasto in
base alle esigenze.
","Regola la potenza della pressione sul tasto in
base alle esigenze.
"
0x5d9a,"Puoi lanciare anche in visuale Soggettiva. In
questa visuale, puoi lanciare oggetti contro
determinati bersagli con maggiore precisione.
","Puoi lanciare anche in visuale Soggettiva. In
questa visuale, puoi lanciare oggetti contro
determinati bersagli con maggiore precisione.
"
0x5e24,"Usala in base alle necessità.
","Usala in base alle necessità.
"
0x5e44,"Il visore termico crea un'immagine termica in
base al calore emesso dagli oggetti in vista.
","Il visore termico crea un'immagine termica in
base al calore emesso dagli oggetti in vista.
"
0x5ea1,"Con il visore termico equipaggiato, potrai
individuare rapidamente i nemici nascosti nel
fitto della giungla.
","Con il visore termico equipaggiato, potrai
individuare rapidamente i nemici nascosti nel
fitto della giungla.
"
0x5f10,"Inoltre, puoi localizzare piante, animali e
trappole. Usalo a tuo vantaggio.
","Inoltre, puoi localizzare piante, animali e
trappole. Usalo a tuo vantaggio.
"
0x5f5e,"Una volta attivato il visore termico, tuttavia,
cominci a consumare l'energia della batteria.
","Una volta attivato il visore termico, tuttavia,
cominci a consumare l'energia della batteria.
"
0x5fbd,"E ricordati che, una volta scaricata la batteria,
non potrai usare gli altri dispositivi elettronici.
","E ricordati che, una volta scaricata la batteria,
non potrai usare gli altri dispositivi elettronici.
"
0x6024,"Premi il tasto Azione quando sei su un ramo o
davanti a una ringhiera per sospenderti da
essi.
","Premi il tasto Azione quando sei su un ramo o
davanti a una ringhiera per sospenderti da
essi.
"
0x6084,"Questa azione è chiamata sospensione.
","Questa azione è chiamata sospensione.
"
0x60ac,"A volte conviene spostarsi mentre si è sospesi
piuttosto che camminare sulla superficie.
","A volte conviene spostarsi mentre si è sospesi
piuttosto che camminare sulla superficie.
"
0x6107,"Inoltre, stando sospeso, puoi nasconderti non
facendoti vedere dai nemici.
","Inoltre, stando sospeso, puoi nasconderti non
facendoti vedere dai nemici.
"
0x6153,"Mentre sei sospeso, usa la levetta analogica
sinistra, il tasto Passo sinistro e il tasto Passo
destro per spostarti a sinistra e a destra.
","Mentre sei sospeso, usa la levetta analogica
sinistra, il tasto Passo sinistro e il tasto Passo
destro per spostarti a sinistra e a destra.
"
0x61e0,"Quando vuoi risalire dalla posizione in
sospensione, premi ancora una volta il tasto
Azione.
","Quando vuoi risalire dalla posizione in
sospensione, premi ancora una volta il tasto
Azione.
"
0x623e,"Se vuoi calarti, premi il tasto Strisciare.
","Se vuoi calarti, premi il tasto Strisciare.
"
0x626b,"Non puoi rimanere in sospensione per sempre.
Una volta esaurita la forza della presa, cadrai.
","Non puoi rimanere in sospensione per sempre.
Una volta esaurita la forza della presa, cadrai.
"
0x62ca,"Controlla la forza della tua presa con
l'indicatore della Presa. Quando sei sospeso,
sopra l'indicatore del Vigore compare un
indicatore blu:
","Controlla la forza della tua presa con
l'indicatore della Presa. Quando sei sospeso,
sopra l'indicatore del Vigore compare un
indicatore blu:
"
0x6359,"è l'indicatore della Presa.
","è l'indicatore della Presa.
"
0x6377,"Mostra lo stato della tua presa. Quando sei
sospeso, il livello nell'indicatore della Presa
cala.
","Mostra lo stato della tua presa. Quando sei
sospeso, il livello nell'indicatore della Presa
cala.
"
0x63da,"Quando il livello nell'indicatore della Presa si
esaurisce, cadrai. Quindi devi risalire prima
che succeda questo.
","Quando il livello nell'indicatore della Presa si
esaurisce, cadrai. Quindi devi risalire prima
che succeda questo.
"
0x644e,"La forza della presa mostrata nell'apposito
indicatore dipende dal tuo vigore.
","La forza della presa mostrata nell'apposito
indicatore dipende dal tuo vigore.
"
0x649e,"Se devi restare sospeso per parecchio tempo,
devi prima rafforzare il tuo vigore.
","Se devi restare sospeso per parecchio tempo,
devi prima rafforzare il tuo vigore.
"
0x64f1,"Se c'è qualcosa da afferrare durante una
caduta, premi il tasto Azione mentre gli passi
davanti.
","Se c'è qualcosa da afferrare durante una
caduta, premi il tasto Azione mentre gli passi
davanti.
"
0x6554,"Se agisci con tempismo, potrai afferrare e
sospenderti da quell'area.
","Se agisci con tempismo, potrai afferrare e
sospenderti da quell'area.
"
0x659b,"Con questa tecnica puoi raggiungere posti
inaccessibili in altro modo.
","Con questa tecnica puoi raggiungere posti
inaccessibili in altro modo.
"
0x65e3,"In questo modo puoi anche trovare degli
oggetti rari.
","In questo modo puoi anche trovare degli
oggetti rari.
"
0x661a,"Osserva l'ambiente geografico e cerca di
trovare dei punti da afferrare durante una
caduta.
","Osserva l'ambiente geografico e cerca di
trovare dei punti da afferrare durante una
caduta.
"
0x6677,"Premi il tasto Strisciare mentre sei sospeso
per saltare e atterrare direttamente.
","Premi il tasto Strisciare mentre sei sospeso
per saltare e atterrare direttamente.
"
0x66cb,"Con questa tecnica puoi fare perdere
conoscenza a un nemico piombandogli sopra.
","Con questa tecnica puoi fare perdere
conoscenza a un nemico piombandogli sopra.
"
0x671c,"Quando sei su un albero, prova a mirare a un
nemico che passa sotto.
","Quando sei su un albero, prova a mirare a un
nemico che passa sotto.
"
0x6762,"Se ti avvicini a un nemico senza farti vedere,
puoi renderlo inoffensivo puntandogli contro
un'arma alle spalle.
","Se ti avvicini a un nemico senza farti vedere,
puoi renderlo inoffensivo puntandogli contro
un'arma alle spalle.
"
0x67d4,"Questa si chiama minaccia con un'arma alle
spalle.
","Questa si chiama minaccia con un'arma alle
spalle.
"
0x6808,"Tuttavia, anche se reso inoffensivo,
","Tuttavia, anche se reso inoffensivo,
"
0x682e,"se il nemico si accorge che metti via l'arma o
inizi ad allontanarti, attaccherà. Quindi fai
attenzione.
","se il nemico si accorge che metti via l'arma o
inizi ad allontanarti, attaccherà. Quindi fai
attenzione.
"
0x6899,"Quando blocchi un nemico puntandogli un'arma
addosso, a volte ti darà un oggetto.
","Quando blocchi un nemico puntandogli un'arma
addosso, a volte ti darà un oggetto.
"
0x68ed,"Questo tipo di azione presenta dei rischi,
","Questo tipo di azione presenta dei rischi,
"
0x6919,"ma è una tecnica utile quando sei a corto di
munizioni o di materiali medici.
","ma è una tecnica utile quando sei a corto di
munizioni o di materiali medici.
"
0x6969,"Dopo avere ricevuto un oggetto minacciando il
nemico con un'arma, potresti provare a
minacciarlo di nuovo e
","Dopo avere ricevuto un oggetto minacciando il
nemico con un'arma, potresti provare a
minacciarlo di nuovo e
"
0x69d6,"lui potrebbe darti un oggetto nascosto ancora
più prezioso.
","lui potrebbe darti un oggetto nascosto ancora
più prezioso.
"
0x6a14,"Con un'arma equipaggiata in visuale Globale,
premi e tieni premuto il tasto Puntamento per
agganciare la linea di tiro mentre ti sposti in
una determinata direzione.
","Con un'arma equipaggiata in visuale Globale,
premi e tieni premuto il tasto Puntamento per
agganciare la linea di tiro mentre ti sposti in
una determinata direzione.
"
0x6abb,"Usala per caricare o per ritirarti o qualsiasi
altra volta che vuoi concentrare il fuoco in una
direzione mentre ti sposti.
","Usala per caricare o per ritirarti o qualsiasi
altra volta che vuoi concentrare il fuoco in una
direzione mentre ti sposti.
"
0x6b38,"Ha mangiato del cibo?
","Ha mangiato del cibo?
"
0x6b4f,"Sì.
","Sì.
"
0x6b55,"Non crederai mica che il cibo ti faccia
recuperare l'ENERGIA VITALE?
","Non crederai mica che il cibo ti faccia
recuperare l'ENERGIA VITALE?
"
0x6b9b,"Certo che no. Il cibo, da solo, non cura le
ferite. Il cibo fa solo recuperare il vigore.
","Certo che no. Il cibo, da solo, non cura le
ferite. Il cibo fa solo recuperare il vigore.
"
0x6bf6,"Bene.
","Bene.
"
0x6bfd,"Perché lo chiede?
","Perché lo chiede?
"
0x6c11,"Una volta c'era un tizio che pensava che,
mangiando il cibo in scatola, avrebbe
recuperato la sua ENERGIA VITALE.
","Una volta c'era un tizio che pensava che,
mangiando il cibo in scatola, avrebbe
recuperato la sua ENERGIA VITALE.
"
0x6c84,"Ma era un idiota o cosa?
","Ma era un idiota o cosa?
"
0x6c9e,"Più o meno. Ma nel 21º secolo è probabile che
escogitino qualcosa che lo faccia.
","Più o meno. Ma nel 21º secolo è probabile che
escogitino qualcosa che lo faccia.
"
0x6cf3,"Quando usi la visuale Soggettiva, usa il tasto
Passo destro per fare un passo a destra e il
tasto Passo sinistro per fare un passo a
sinistra.
","Quando usi la visuale Soggettiva, usa il tasto
Passo destro per fare un passo a destra e il
tasto Passo sinistro per fare un passo a
sinistra.
"
0x6d83,"Usalo per attaccare mentre ti nascondi dietro
barriere e per uscire dai nascondigli per andare
in perlustrazione.
","Usalo per attaccare mentre ti nascondi dietro
barriere e per uscire dai nascondigli per andare
in perlustrazione.
"
0x6df6,"Quando usi la visuale Soggettiva, premi i tasti
Passo sinistro e Passo destro
contemporaneamente per allungarti
leggermente da quella posizione.
","Quando usi la visuale Soggettiva, premi i tasti
Passo sinistro e Passo destro
contemporaneamente per allungarti
leggermente da quella posizione.
"
0x6e88,"È utile quando ti nascondi dietro barriere e vai
in perlustrazione, oppure nelle sparatorie.
","È utile quando ti nascondi dietro barriere e vai
in perlustrazione, oppure nelle sparatorie.
"
0x6ee7,"Quando strisci all'interno di uno spazio
angusto, passi dalla visuale Globale a quella
Incursione.
","Quando strisci all'interno di uno spazio
angusto, passi dalla visuale Globale a quella
Incursione.
"
0x6f4b,"Lo spostamento in visuale Incursione è
leggermente diverso dal movimento in visuale
Globale.
","Lo spostamento in visuale Incursione è
leggermente diverso dal movimento in visuale
Globale.
"
0x6faa,"Premi la levetta analogica sinistra in su per
avanzare, in giù per arretrare e a destra e
sinistra per ruotare.
","Premi la levetta analogica sinistra in su per
avanzare, in giù per arretrare e a destra e
sinistra per ruotare.
"
0x701c,"Usa il tasto direzionale a destra e sinistra per
alternare destra e sinistra.
","Usa il tasto direzionale a destra e sinistra per
alternare destra e sinistra.
"
0x706b,"Con movimenti ampi della levetta analogica
sinistra, ti muovi più velocemente, ma fai
rumore e i nemici vicini potrebbero notarti.
","Con movimenti ampi della levetta analogica
sinistra, ti muovi più velocemente, ma fai
rumore e i nemici vicini potrebbero notarti.
"
0x70f0,"Con movimenti ridotti della levetta analogica
sinistra, ti puoi muovere senza fare rumore,
ma a scapito della velocità.
","Con movimenti ridotti della levetta analogica
sinistra, ti puoi muovere senza fare rumore,
ma a scapito della velocità.
"
0x716a,"Usa entrambi i tipi di movimento in base alle
circostanze.
","Usa entrambi i tipi di movimento in base alle
circostanze.
"
0x71a6,"Dopo avere afferrato un nemico alle spalle con
le tecniche CQC, puoi interrogarlo premendo il
tasto .
","Dopo avere afferrato un nemico alle spalle con
le tecniche CQC, puoi interrogarlo premendo il
tasto .
"
0x7210,"In questo modo hai la possibilità di raccogliere
informazioni.
","In questo modo hai la possibilità di raccogliere
informazioni.
"
0x7251,"Alcuni dei tuoi nemici hanno informazioni
preziose, quindi usa questa tecnica e vedi cosa
puoi imparare.
","Alcuni dei tuoi nemici hanno informazioni
preziose, quindi usa questa tecnica e vedi cosa
puoi imparare.
"
0x72bb,"Il tipo di spostamento della levetta analogica
sinistra
","Il tipo di spostamento della levetta analogica
sinistra
"
0x72f4,"non solo cambia la velocità di camminata, ma
anche la velocità quando strisci e per lo
spostamento in incursione.
","non solo cambia la velocità di camminata, ma
anche la velocità quando strisci e per lo
spostamento in incursione.
"
0x7369,"Con movimenti ampi della levetta analogica
sinistra, ti muovi più velocemente,
","Con movimenti ampi della levetta analogica
sinistra, ti muovi più velocemente,
"
0x73ba,"ma fai rumore e ti fai scoprire dai nemici vicini.
","ma fai rumore e ti fai scoprire dai nemici vicini.
"
0x73ee,"Con movimenti ridotti della levetta analogica
sinistra, ti puoi muovere in silenzio.
","Con movimenti ridotti della levetta analogica
sinistra, ti puoi muovere in silenzio.
"
0x7444,"La velocità è inferiore, ma questa è la scelta
migliore nei casi in cui fare rumore sarebbe
molto rischioso.
","La velocità è inferiore, ma questa è la scelta
migliore nei casi in cui fare rumore sarebbe
molto rischioso.
"
0x74b5,"Snake, l'Mk22 è un'arma che spara
tranquillanti. Usala per addormentare i nemici
senza fargli male.
","Snake, l'Mk22 è un'arma che spara
tranquillanti. Usala per addormentare i nemici
senza fargli male.
"
0x751b,"La velocità con cui il tranquillante fa effetto
dipende dal punto del corpo in cui viene colpito
il nemico.
","La velocità con cui il tranquillante fa effetto
dipende dal punto del corpo in cui viene colpito
il nemico.
"
0x7589,"Se un bersaglio viene colpito al braccio o alla
gamba, il tranquillante non farà effetto subito.
","Se un bersaglio viene colpito al braccio o alla
gamba, il tranquillante non farà effetto subito.
"
0x75ec,"Ma se il bersaglio viene colpito alla testa,
cadrà a terra come una mosca.
","Ma se il bersaglio viene colpito alla testa,
cadrà a terra come una mosca.
"
0x7639,"Se vuoi sbarazzarti di un nemico in un attimo,
mira alla testa.
","Se vuoi sbarazzarti di un nemico in un attimo,
mira alla testa.
"
0x767a,"Equipaggia il cibo come se fosse un'arma e
premi il tasto Armi per lanciarlo.
","Equipaggia il cibo come se fosse un'arma e
premi il tasto Armi per lanciarlo.
"
0x76c9,"Se lanci un animale vivo vicino a un nemico,
potresti riuscire a distrarlo.
","Se lanci un animale vivo vicino a un nemico,
potresti riuscire a distrarlo.
"
0x7716,"Se un nemico è davvero affamato, potrebbe
attaccare all'idea del cibo.
","Se un nemico è davvero affamato, potrebbe
attaccare all'idea del cibo.
"
0x775f,"In questa missione hai il minimo in dotazione e
devi usare al meglio tutto ciò che riesci a
procurarti sul campo.
","In questa missione hai il minimo in dotazione e
devi usare al meglio tutto ciò che riesci a
procurarti sul campo.
"
0x77d3,"Nella visuale Globale, sposta la levetta
analogica destra in una direzione per guardare
in quella direzione.
","Nella visuale Globale, sposta la levetta
analogica destra in una direzione per guardare
in quella direzione.
"
0x7841,"Sposta la levetta analogica destra a sinistra
per vedere cosa c'è vicino sulla schermata a
sinistra,
","Sposta la levetta analogica destra a sinistra
per vedere cosa c'è vicino sulla schermata a
sinistra,
"
0x78a8,"sposta a destra per la schermata a destra, in
su per vedere cosa si trova avanti e in giù per
vedere cosa si trova nelle vicinanze.
","sposta a destra per la schermata a destra, in
su per vedere cosa si trova avanti e in giù per
vedere cosa si trova nelle vicinanze.
"
0x792e,"Se premi il tasto  mentre la levetta
analogica destra punta in una direzione, puoi
bloccare la telecamera su quella posizione.
","Se premi il tasto  mentre la levetta
analogica destra punta in una direzione, puoi
bloccare la telecamera su quella posizione.
"
0x79b1,"Ad esempio, se sei diretto a nord, sposta la
levetta analogica destra in su e premi il tasto
 per bloccare la telecamera,
","Ad esempio, se sei diretto a nord, sposta la
levetta analogica destra in su e premi il tasto
 per bloccare la telecamera,
"
0x7a2f,"così puoi osservare le cose che si trovano
nella relativa direzione di spostamento.
","così puoi osservare le cose che si trovano
nella relativa direzione di spostamento.
"
0x7a85,"Se successivamente individui una pattuglia
nemica a est, blocca la telecamera a destra in
modo da poterti nascondere mentre osservi i
nemici.
","Se successivamente individui una pattuglia
nemica a est, blocca la telecamera a destra in
modo da poterti nascondere mentre osservi i
nemici.
"
0x7b14,"L'impiego di questa tecnica può tornarti
utilissimo nella tua missione. Bada bene di
trarne il massimo vantaggio.
","L'impiego di questa tecnica può tornarti
utilissimo nella tua missione. Bada bene di
trarne il massimo vantaggio.
"
0x7b88,"Premi il tasto Strisciare durante una corsa per
iniziare a rotolare.
","Premi il tasto Strisciare durante una corsa per
iniziare a rotolare.
"
0x7bce,"Per un breve intervallo eseguirai un salto che
può essere usato per atterrare i nemici.
","Per un breve intervallo eseguirai un salto che
può essere usato per atterrare i nemici.
"
0x7c28,"A differenza dell'addestramento che hai
eseguito finora, puoi usare il rotolamento per
saltare oggetti all'altezza della cintola.
","A differenza dell'addestramento che hai
eseguito finora, puoi usare il rotolamento per
saltare oggetti all'altezza della cintola.
"
0x7cab,"Ricordati, tuttavia, che rotolando consumi più
vigore che non correndo normalmente.
","Ricordati, tuttavia, che rotolando consumi più
vigore che non correndo normalmente.
"
0x7d01,"Snake, per mantenere il vigore, dovrai nutrirti.
","Snake, per mantenere il vigore, dovrai nutrirti.
"
0x7d33,"Questa missione si basa sul principio del
""procurato sul posto"". Il discorso vale anche
per il cibo.
","Questa missione si basa sul principio del
""procurato sul posto"". Il discorso vale anche
per il cibo.
"
0x7d99,"Procurato sul posto...
","Procurato sul posto...
"
0x7db1,"Esattamente.
","Esattamente.
"
0x7dbf,"Ma non pensa che avrei dovuto portare almeno
qualche razione?
","Ma non pensa che avrei dovuto portare almeno
qualche razione?
"
0x7dfe,"Gli americani hanno la terribile abitudine di
portarsi tutto dietro.
","Gli americani hanno la terribile abitudine di
portarsi tutto dietro.
"
0x7e44,"Oggi, nessuno può farsi fare qualcosa senza
un mucchio di strani equipaggiamenti.
","Oggi, nessuno può farsi fare qualcosa senza
un mucchio di strani equipaggiamenti.
"
0x7e98,"Nel SAS le cose erano diverse, credimi. E
quanto alla FOX, gestiamo le cose a modo
mio.
","Nel SAS le cose erano diverse, credimi. E
quanto alla FOX, gestiamo le cose a modo
mio.
"
0x7ef1,"Ricevuto, signore.
","Ricevuto, signore.
"
0x7f05,"Non sei convinto, eh? Be', le cose stanno così:
","Non sei convinto, eh? Be', le cose stanno così:
"
0x7f37,"la roba che troverai là fuori ha un sapore di
gran lunga migliore delle razioni dell'esercito.
","la roba che troverai là fuori ha un sapore di
gran lunga migliore delle razioni dell'esercito.
"
0x7f98,"Spero che abbia ragione.
","Spero che abbia ragione.
"
0x7fb2,"Ti procurerai il cibo catturando gli animali e
raccogliendo le piante del luogo.
","Ti procurerai il cibo catturando gli animali e
raccogliendo le piante del luogo.
"
0x8004,"Para-Medic ha informazioni sulla flora e sulla
fauna presenti nell'area di missione.
","Para-Medic ha informazioni sulla flora e sulla
fauna presenti nell'area di missione.
"
0x805a,"Se hai domande sulle piante e gli animali che
trovi, chiedi a lei.
","Se hai domande sulle piante e gli animali che
trovi, chiedi a lei.
"
0x809e,"Snake, se il vigore cala parecchio, ciò influirà
negativamente sulle tue doti fisiche.
","Snake, se il vigore cala parecchio, ciò influirà
negativamente sulle tue doti fisiche.
"
0x80f8,"Devi recuperare il vigore prima che si
esaurisca.
","Devi recuperare il vigore prima che si
esaurisca.
"
0x812b,"Sotto l'indicatore dell'energia vitale (Life) si
trova l'indicatore del vigore (Stamina).
","Sotto l'indicatore dell'energia vitale (Life) si
trova l'indicatore del vigore (Stamina).
"
0x8186,"Come suggerisce il nome, mostra il vigore che
ti rimane.
","Come suggerisce il nome, mostra il vigore che
ti rimane.
"
0x81c0,"Mentre consumi il vigore la rigenerazione
naturale dell'ENERGIA VITALE è rallentata e
le mani ti tremano di più.
","Mentre consumi il vigore la rigenerazione
naturale dell'ENERGIA VITALE è rallentata e
le mani ti tremano di più.
"
0x8234,"Anche il livello nell'indicatore O2 dell'ossigeno
e della Presa cala.
","Anche il livello nell'indicatore O2 dell'ossigeno
e della Presa cala.
"
0x827b,"Se il vigore è eccessivamente basso, spesso
potrebbe ostacolare gli obiettivi della missione.
","Se il vigore è eccessivamente basso, spesso
potrebbe ostacolare gli obiettivi della missione.
"
0x82db,"Assicurati di recuperare il vigore prima che
accada questo.
","Assicurati di recuperare il vigore prima che
accada questo.
"
0x8318,"Mangia del cibo per recuperare vigore.
","Mangia del cibo per recuperare vigore.
"
0x8340,"Raccogli piante e cattura animali per mangiarli.
","Raccogli piante e cattura animali per mangiarli.
"
0x8372,"Ho informazioni sulle piante e gli animali del
luogo, quindi non esitare a chiedere.
","Ho informazioni sulle piante e gli animali del
luogo, quindi non esitare a chiedere.
"
0x83c8,"La mia frequenza è 145.73.
","La mia frequenza è 145.73.
"
0x83e5,"Le tue azioni possono fare calare il vigore. Più
l'attività è impegnativa, più vigore viene
consumato.
","Le tue azioni possono fare calare il vigore. Più
l'attività è impegnativa, più vigore viene
consumato.
"
0x8451,"Esattamente.
","Esattamente.
"
0x845f,"Se cammini lentamente risparmi il vigore,
mentre se rotoli, strisci e ti muovi furtivamente,
ne consumi grandi quantità.
","Se cammini lentamente risparmi il vigore,
mentre se rotoli, strisci e ti muovi furtivamente,
ne consumi grandi quantità.
"
0x84da,"Cerca di evitare più che puoi le azioni
superflue per conservare il vigore.
","Cerca di evitare più che puoi le azioni
superflue per conservare il vigore.
"
0x8528,"Snake, usa il Visore di Sopravvivenza per
scegliere la mimetica, curare le ferite e
mangiare cibo.
","Snake, usa il Visore di Sopravvivenza per
scegliere la mimetica, curare le ferite e
mangiare cibo.
"
0x858c,"Per i dettagli, chiedi a The Boss o a
Para-Medic.
","Per i dettagli, chiedi a The Boss o a
Para-Medic.
"
0x85bf,"Snake, ricordati che l'uso del silenziatore non è
illimitato.
","Snake, ricordati che l'uso del silenziatore non è
illimitato.
"
0x85ff,"Lo so. Nessun silenziatore dura per sempre.
","Lo so. Nessun silenziatore dura per sempre.
"
0x862c,"Proprio così.
","Proprio così.
"
0x863c,"Quando raggiunge il limite di durata, il
silenziatore si rompe e non può essere
riparato.
","Quando raggiunge il limite di durata, il
silenziatore si rompe e non può essere
riparato.
"
0x8698,"Guarda l'icona dell'arma per controllare
l'attuale livello di durata del silenziatore.
","Guarda l'icona dell'arma per controllare
l'attuale livello di durata del silenziatore.
"
0x86f0,"Rimuovi il silenziatore dall'arma se vuoi farlo
durare.
","Rimuovi il silenziatore dall'arma se vuoi farlo
durare.
"
0x8729,"Seleziona l'arma dotata di silenziatore con il
tasto della finestra Armi
","Seleziona l'arma dotata di silenziatore con il
tasto della finestra Armi
"
0x8773,"e premi il tasto Invio per applicare o togliere il
silenziatore.
","e premi il tasto Invio per applicare o togliere il
silenziatore.
"
0x87b5,"Regola l'uso del silenziatore in base alla
situazione.
","Regola l'uso del silenziatore in base alla
situazione.
"
0x87ed,"Snake, certi soldati nemici sono dotati di radio.
","Snake, certi soldati nemici sono dotati di radio.
"
0x8820,"Questi segnalatori possono usare le loro radio
per trasmettere informazioni alla base di
comando e per riceverne.
","Questi segnalatori possono usare le loro radio
per trasmettere informazioni alla base di
comando e per riceverne.
"
0x8893,"Se un segnalatore si accorge della tua
presenza, stai sicuro che si farà mandare i
rinforzi dalla base.
","Se un segnalatore si accorge della tua
presenza, stai sicuro che si farà mandare i
rinforzi dalla base.
"
0x88fd,"Una volta ricevuta la richiesta di rinforzi, il
quartier generale contatta una unità vicina e
ordina loro di andare in appoggio.
","Una volta ricevuta la richiesta di rinforzi, il
quartier generale contatta una unità vicina e
ordina loro di andare in appoggio.
"
0x8980,"Una volta arrivati i rinforzi, i nemici ti
supereranno di numero e non avrai speranza di
vincere. Sarà troppo anche per te da gestire.
","Una volta arrivati i rinforzi, i nemici ti
supereranno di numero e non avrai speranza di
vincere. Sarà troppo anche per te da gestire.
"
0x8a09,"Se ti accorgi che un segnalatore invia una
richiesta di rinforzi con la radio, eliminalo prima
che riesca a farlo.
","Se ti accorgi che un segnalatore invia una
richiesta di rinforzi con la radio, eliminalo prima
che riesca a farlo.
"
0x8a7d,"Se la chiamata viene inoltrata, ritirati prima
dell'arrivo dell'unità di appoggio.
","Se la chiamata viene inoltrata, ritirati prima
dell'arrivo dell'unità di appoggio.
"
0x8ad2,"Se rimani in circolazione per troppo tempo, ti
sopraffaranno di numero. Hai capito?
","Se rimani in circolazione per troppo tempo, ti
sopraffaranno di numero. Hai capito?
"
0x8b27,"È possibile distruggere la radio usata dai
corrispondenti nemici.
","È possibile distruggere la radio usata dai
corrispondenti nemici.
"
0x8b6b,"Se devi farti coinvolgere in una battaglia,
","Se devi farti coinvolgere in una battaglia,
"
0x8b98,"distruggi prima la radio per poterti concentrare
sulla battaglia senza preoccuparti dei rinforzi.
","distruggi prima la radio per poterti concentrare
sulla battaglia senza preoccuparti dei rinforzi.
"
0x8bfb,"Snake, questa operazione è una missione di
infiltrazione. Svolgerai il tuo lavoro proprio
sotto il naso del nemico.
","Snake, questa operazione è una missione di
infiltrazione. Svolgerai il tuo lavoro proprio
sotto il naso del nemico.
"
0x8c71,"Semmai dovessi essere individuato da un
nemico, mettilo k.o. prima che allerti i soldati
nelle vicinanze.
","Semmai dovessi essere individuato da un
nemico, mettilo k.o. prima che allerti i soldati
nelle vicinanze.
"
0x8cdc,"Se riesci a eliminarlo prima che avvisi altri
nemici della tua presenza,
","Se riesci a eliminarlo prima che avvisi altri
nemici della tua presenza,
"
0x8d26,"allora la fase di Allerta tornerà rapidamente
alla fase Normale.
","allora la fase di Allerta tornerà rapidamente
alla fase Normale.
"
0x8d69,"Ma non dimenticare che anche questo
dovrebbe accadere solo nelle emergenze.
","Ma non dimenticare che anche questo
dovrebbe accadere solo nelle emergenze.
"
0x8db6,"Il tuo compito prioritario è, prima di tutto,
evitare di essere avvistato dal nemico. Agisci
con efficacia.
","Il tuo compito prioritario è, prima di tutto,
evitare di essere avvistato dal nemico. Agisci
con efficacia.
"
0x8e24,"Snake, hai notato che quando stordisci un
nemico, sulla sua testa compaiono delle stelle?
","Snake, hai notato che quando stordisci un
nemico, sulla sua testa compaiono delle stelle?
"
0x8e7f,"Se osservi bene le stelle sopra la testa del
nemico, noterai che scompaiono gradualmente,
una alla volta.
","Se osservi bene le stelle sopra la testa del
nemico, noterai che scompaiono gradualmente,
una alla volta.
"
0x8eea,"Una volta sparite tutte le stelle, il nemico
riprende i sensi e torna a combattere.
","Una volta sparite tutte le stelle, il nemico
riprende i sensi e torna a combattere.
"
0x8f3f,"Quindi, quando stordisci un nemico,
programma bene le tue azioni prima che si
riprenda.
","Quindi, quando stordisci un nemico,
programma bene le tue azioni prima che si
riprenda.
"
0x8f98,"Snake, quella zona è all'interno dell'area
controllata dal nemico.
","Snake, quella zona è all'interno dell'area
controllata dal nemico.
"
0x8fdd,"Lo so. Adesso la cosa si fa seria.
","Lo so. Adesso la cosa si fa seria.
"
0x9001,"I nemici pattugliano regolarmente la zona. Non
sai quando o dove potresti incontrarli.
","I nemici pattugliano regolarmente la zona. Non
sai quando o dove potresti incontrarli.
"
0x9059,"Usa la mimetica con accortezza e procedi con
cautela.
","Usa la mimetica con accortezza e procedi con
cautela.
"
0x9090,"Per indossare la mimetica, prima premi il tasto
START per passare al Visore di
Sopravvivenza.
","Per indossare la mimetica, prima premi il tasto
START per passare al Visore di
Sopravvivenza.
"
0x90ef,"Poi seleziona ""MIMETICA"" e premi il tasto
Invio.
","Poi seleziona ""MIMETICA"" e premi il tasto
Invio.
"
0x9121,"Seleziona ""UNIFORME"" per scegliere le tute
da battaglia e ""FACCIA"" per scegliere la pittura
facciale.
","Seleziona ""UNIFORME"" per scegliere le tute
da battaglia e ""FACCIA"" per scegliere la pittura
facciale.
"
0x9188,"Scegli delle tute adatte all'ambiente
circostante.
","Scegli delle tute adatte all'ambiente
circostante.
"
0x91bc,"Perché il mimetismo sia efficace, occorre
selezionare tute che si confondano con
l'ambiente.
","Perché il mimetismo sia efficace, occorre
selezionare tute che si confondano con
l'ambiente.
"
0x921b,"Se i disegni della mimetica risaltano
nell'ambiente in cui ti trovi, attirerai
l'attenzione.
","Se i disegni della mimetica risaltano
nell'ambiente in cui ti trovi, attirerai
l'attenzione.
"
0x9279,"Snake, le mimetiche da sole non bastano.
Dovrai anche applicarti la pittura facciale.
","Snake, le mimetiche da sole non bastano.
Dovrai anche applicarti la pittura facciale.
"
0x92d0,"La pittura facciale è una forma di mimetismo
applicato al viso.
","La pittura facciale è una forma di mimetismo
applicato al viso.
"
0x9312,"La pelle nuda spicca notevolmente nella
giungla, quindi devi proteggerti sempre con la
pittura facciale.
","La pelle nuda spicca notevolmente nella
giungla, quindi devi proteggerti sempre con la
pittura facciale.
"
0x937c,"Scegli un colore adatto alle caratteristiche
dell'ambiente e usa il dito per pitturarti il viso.
","Scegli un colore adatto alle caratteristiche
dell'ambiente e usa il dito per pitturarti il viso.
"
0x93de,"Inizia applicando un colore chiaro, poi procedi
gradualmente ad applicarne uno scuro.
","Inizia applicando un colore chiaro, poi procedi
gradualmente ad applicarne uno scuro.
"
0x9435,"In questo modo, anche se sbagli, puoi
rimediare con un ulteriore colore più scuro.
","In questo modo, anche se sbagli, puoi
rimediare con un ulteriore colore più scuro.
"
0x948a,"Per appiattire l'aspetto del viso,
","Per appiattire l'aspetto del viso,
"
0x94ae,"applica colori chiari sulle zone incavate del
viso e colori scuri sulle zone sporgenti.
","applica colori chiari sulle zone incavate del
viso e colori scuri sulle zone sporgenti.
"
0x9507,"Apri il Visore di Sopravvivenza, vai a
""MIMETICA"", seleziona ""FACCIA"" e scegli tra
le pitture facciali disponibili.
","Apri il Visore di Sopravvivenza, vai a
""MIMETICA"", seleziona ""FACCIA"" e scegli tra
le pitture facciali disponibili.
"
0x957c,"Bada di selezionare una pittura facciale che si
mimetizzi bene con l'ambiente. Okay?
","Bada di selezionare una pittura facciale che si
mimetizzi bene con l'ambiente. Okay?
"
0x95d2,"Snake, con solo la mimetica e la pittura
facciale, non ti confonderai completamente.
","Snake, con solo la mimetica e la pittura
facciale, non ti confonderai completamente.
"
0x9628,"Oltre alla mimetica, anche la posizione fisica è
da tenere in considerazione.
","Oltre alla mimetica, anche la posizione fisica è
da tenere in considerazione.
"
0x9678,"Il mimetismo consiste nel fondersi con la
natura e, perché funzioni, devi rimanere
abbassato e immobile.
","Il mimetismo consiste nel fondersi con la
natura e, perché funzioni, devi rimanere
abbassato e immobile.
"
0x96e3,"Se indossi la mimetica, applichi la pittura
facciale in base all'ambiente e rimani a pancia
sotto,
","Se indossi la mimetica, applichi la pittura
facciale in base all'ambiente e rimani a pancia
sotto,
"
0x9747,"non devi preoccuparti di essere avvistato da
nemici in lontananza.
","non devi preoccuparti di essere avvistato da
nemici in lontananza.
"
0x978b,"Se invece vai in giro correndo, non c'è
mimetica che impedisca al nemico di
individuarti.
","Se invece vai in giro correndo, non c'è
mimetica che impedisca al nemico di
individuarti.
"
0x97e7,"Quindi, se devi nasconderti dal nemico, sdraiati
più in basso possibile e rimani immobile.
","Quindi, se devi nasconderti dal nemico, sdraiati
più in basso possibile e rimani immobile.
"
0x9844,"Puoi controllare l'Indicatore di Mimetizzazione
per vedere in che modo i tuoi spostamenti e la
posizione agiscono sulla qualità della
mimetizzazione.
","Puoi controllare l'Indicatore di Mimetizzazione
per vedere in che modo i tuoi spostamenti e la
posizione agiscono sulla qualità della
mimetizzazione.
"
0x98dc,"Snake, per eseguire la missione senza farti
vedere, devi imparare a individuare per tempo
un nemico che si avvicina.
","Snake, per eseguire la missione senza farti
vedere, devi imparare a individuare per tempo
un nemico che si avvicina.
"
0x9952,"Premi il tasto Vista Soggettiva per usare la
visuale Soggettiva e controllare costantemente
i dintorni mentre procedi.
","Premi il tasto Vista Soggettiva per usare la
visuale Soggettiva e controllare costantemente
i dintorni mentre procedi.
"
0x99ca,"Premi il tasto Vista Soggettiva per passare alla
visuale Soggettiva,
","Premi il tasto Vista Soggettiva per passare alla
visuale Soggettiva,
"
0x9a10,"in cui puoi guardare i dintorni con i tuoi stessi
occhi.
","in cui puoi guardare i dintorni con i tuoi stessi
occhi.
"
0x9a4a,"Il campo visivo della visuale Globale è limitato.
","Il campo visivo della visuale Globale è limitato.
"
0x9a7e,"Se procedi usando soltanto la visuale Globale,
corri il pericolo di imbatterti in un nemico senza
neanche accorgerti della sua presenza.
","Se procedi usando soltanto la visuale Globale,
corri il pericolo di imbatterti in un nemico senza
neanche accorgerti della sua presenza.
"
0x9b08,"Fai regolarmente delle soste e controlla i
dintorni con la visuale Soggettiva. Okay,
Snake?
","Fai regolarmente delle soste e controlla i
dintorni con la visuale Soggettiva. Okay,
Snake?
"
0x9b65,"Nella visuale Soggettiva, puoi usare un'arma
equipaggiata. L'azione si chiama attacco in
visuale Soggettiva.
","Nella visuale Soggettiva, puoi usare un'arma
equipaggiata. L'azione si chiama attacco in
visuale Soggettiva.
"
0x9bd3,"Quando usi l'attacco in visuale Soggettiva, puoi
dirigere la linea di fuoco in alto, in basso, a
destra o a sinistra.
","Quando usi l'attacco in visuale Soggettiva, puoi
dirigere la linea di fuoco in alto, in basso, a
destra o a sinistra.
"
0x9c4a,"L'attacco in visuale Soggettiva è un elemento
fondamentale negli scontri a fuoco.
","L'attacco in visuale Soggettiva è un elemento
fondamentale negli scontri a fuoco.
"
0x9c9e,"Ti consente di mirare in direzioni impossibili da
colpire in visuale Globale, come sparare ai
nemici che sono sopra o sotto di te,
","Ti consente di mirare in direzioni impossibili da
colpire in visuale Globale, come sparare ai
nemici che sono sopra o sotto di te,
"
0x9d22,"inoltre consente di mirare ai punti deboli dei
nemici.
","inoltre consente di mirare ai punti deboli dei
nemici.
"
0x9d5a,"Quando devi eliminare un nemico con un colpo
solo, usa l'attacco in visuale Soggettiva e mira
alla testa.
","Quando devi eliminare un nemico con un colpo
solo, usa l'attacco in visuale Soggettiva e mira
alla testa.
"
0x9dc5,"Ogni volta che finisci le munizioni contenute in
un caricatore, devi caricarne un altro.
","Ogni volta che finisci le munizioni contenute in
un caricatore, devi caricarne un altro.
"
0x9e1f,"Mentre cambi i caricatori sei vulnerabile, quindi
calcola sempre i proiettili che ti rimangono,
","Mentre cambi i caricatori sei vulnerabile, quindi
calcola sempre i proiettili che ti rimangono,
"
0x9e80,"i quali sono visualizzati in un'icona.
","i quali sono visualizzati in un'icona.
"
0x9ea8,"Prima che il caricatore sia completamente
vuoto, potresti anche eseguire una ricarica
tattica.
","Prima che il caricatore sia completamente
vuoto, potresti anche eseguire una ricarica
tattica.
"
0x9f08,"La ricarica tattica è il cambiamento del
caricatore prima che i proiettili in esso
contenuti siano completamente esauriti.
","La ricarica tattica è il cambiamento del
caricatore prima che i proiettili in esso
contenuti siano completamente esauriti.
"
0x9f85,"Ti evita di finire a corto di proiettili quando i
nemici sono vicini, così potrai mantenere alta
la potenza di fuoco
","Ti evita di finire a corto di proiettili quando i
nemici sono vicini, così potrai mantenere alta
la potenza di fuoco
"
0x9ffc,"e avrai sempre un proiettile nella camera.
","e avrai sempre un proiettile nella camera.
"
0xa028,"Il trucco sta nel non abbassare l'arma o la
linea di mira durante la ricarica.
","Il trucco sta nel non abbassare l'arma o la
linea di mira durante la ricarica.
"
0xa078,"Mantieni la linea di mira e concentrati
sull'ambiente mentre cambi i caricatori.
","Mantieni la linea di mira e concentrati
sull'ambiente mentre cambi i caricatori.
"
0xa0ca,"E non dimenticare di recuperare i caricatori
che contengono ancora dei proiettili all'interno.
","E non dimenticare di recuperare i caricatori
che contengono ancora dei proiettili all'interno.
"
0xa12a,"La procedura vera e propria consiste nel
rimuovere l'arma per poi equipaggiarla di
nuovo.
","La procedura vera e propria consiste nel
rimuovere l'arma per poi equipaggiarla di
nuovo.
"
0xa185,"In questo modo all'arma viene applicato
un nuovo caricatore.
","In questo modo all'arma viene applicato
un nuovo caricatore.
"
0xa1c3,"Ti consiglio di premere velocemente il tasto
della finestra Armi per sveltire l'operazione di
ricarica.
","Ti consiglio di premere velocemente il tasto
della finestra Armi per sveltire l'operazione di
ricarica.
"
0xa22c,"Premi il tasto Azione da sopra un ramo per
sospenderti dall'albero.
","Premi il tasto Azione da sopra un ramo per
sospenderti dall'albero.
"
0xa271,"Ma puoi rimanere appeso solo finché dura la
tua forza di presa.
","Ma puoi rimanere appeso solo finché dura la
tua forza di presa.
"
0xa2b3,"Quando sei sospeso a un albero, tieni d'occhio
l'indicatore della presa.
","Quando sei sospeso a un albero, tieni d'occhio
l'indicatore della presa.
"
0xa2fd,"Fai attenzione: se il vigore è ridotto, la presa
non durerà molto.
","Fai attenzione: se il vigore è ridotto, la presa
non durerà molto.
"
0xa343,"Anche mentre pendi da un albero, puoi fare
fuoco con il braccio libero.
","Anche mentre pendi da un albero, puoi fare
fuoco con il braccio libero.
"
0xa38c,"E se ti attaccano durante una manovra di
sospensione, non disperare e sfrutta bene il
vantaggio.
","E se ti attaccano durante una manovra di
sospensione, non disperare e sfrutta bene il
vantaggio.
"
0xa3ee,"Snake, cosa fai quando ottieni una nuova arma
o un nuovo oggetto?
","Snake, cosa fai quando ottieni una nuova arma
o un nuovo oggetto?
"
0xa431,"Prima di tutto li metto nello zaino.
","Prima di tutto li metto nello zaino.
"
0xa457,"Ma sai che non puoi equipaggiare gli oggetti
ancora contenuti nello zaino, vero?
","Ma sai che non puoi equipaggiare gli oggetti
ancora contenuti nello zaino, vero?
"
0xa4a9,"Già. Le uniche cose che possono essere
equipaggiate con i tasti delle finestre Armi e
Oggetti sono gli oggetti che porto addosso.
","Già. Le uniche cose che possono essere
equipaggiate con i tasti delle finestre Armi e
Oggetti sono gli oggetti che porto addosso.
"
0xa52d,"Esatto. Se vuoi equipaggiare un oggetto, devi
prima tirarlo fuori dallo zaino.
","Esatto. Se vuoi equipaggiare un oggetto, devi
prima tirarlo fuori dallo zaino.
"
0xa57d,"Prima di poggiare a terra il piede anteriore, usa
la punta del piede per controllare se ci sono
oggetti pericolosi o rami che potrebbero fare
rumore se ci cammini sopra.
","Prima di poggiare a terra il piede anteriore, usa
la punta del piede per controllare se ci sono
oggetti pericolosi o rami che potrebbero fare
rumore se ci cammini sopra.
"
0xa628,"In alto a sinistra compare una finestra con
l'elenco delle armi.
","In alto a sinistra compare una finestra con
l'elenco delle armi.
"
0xa66a,"Seleziona l'arma che vuoi prendere con la
levetta analogica sinistra
","Seleziona l'arma che vuoi prendere con la
levetta analogica sinistra
"
0xa6b0,"e premi il tasto Invio per rimuovere l'arma dallo
zaino ed equipaggiarla addosso.
","e premi il tasto Invio per rimuovere l'arma dallo
zaino ed equipaggiarla addosso.
"
0xa703,"Tuttavia puoi portare addosso solo una certa
quantità di armi.
","Tuttavia puoi portare addosso solo una certa
quantità di armi.
"
0xa744,"Riponi nello zaino le armi che non ti servono.
","Riponi nello zaino le armi che non ti servono.
"
0xa774,"Scegli un'arma che porti addosso dall'elenco
delle armi e premi il tasto Invio per riporre
quell'arma nello zaino.
","Scegli un'arma che porti addosso dall'elenco
delle armi e premi il tasto Invio per riporre
quell'arma nello zaino.
"
0xa7e8,"A seconda dei casi, un'arma sarà più utile di
un'altra.
","A seconda dei casi, un'arma sarà più utile di
un'altra.
"
0xa823,"Tienilo presente quando scegli le armi da
portare addosso. Okay, Snake?
","Tienilo presente quando scegli le armi da
portare addosso. Okay, Snake?
"
0xa86c,"Snake, puntare l'arma in visuale Soggettiva è
leggermente diverso da come sei abituato a
fare in addestramento.
","Snake, puntare l'arma in visuale Soggettiva è
leggermente diverso da come sei abituato a
fare in addestramento.
"
0xa8de,"Quando punti la pistola in visuale Soggettiva,
allinea il mirino anteriore e il mirino posteriore
dell'arma con il bersaglio, poi fai fuoco.
","Quando punti la pistola in visuale Soggettiva,
allinea il mirino anteriore e il mirino posteriore
dell'arma con il bersaglio, poi fai fuoco.
"
0xa96c,"Niente mirino al laser?
","Niente mirino al laser?
"
0xa985,"Cosa?
","Cosa?
"
0xa98c,"Un mirino al laser. Ho sentito dire che lo
stavano sviluppando in ambito militare, ma...
","Un mirino al laser. Ho sentito dire che lo
stavano sviluppando in ambito militare, ma...
"
0xa9e6,"Vuoi un mirino al laser?
","Vuoi un mirino al laser?
"
0xaa00,"...
","...
"
0xaa05,"A un soldato bene addestrato non serve un
mirino al laser. Niente facilitazioni in questa
missione, Snake.
","A un soldato bene addestrato non serve un
mirino al laser. Niente facilitazioni in questa
missione, Snake.
"
0xaa71,"...
","...
"
0xaa76,"Per il fucile d'assalto e altre armi, premendo il
tasto Armi prima viene preparata l'arma per
sparare dal fianco.
","Per il fucile d'assalto e altre armi, premendo il
tasto Armi prima viene preparata l'arma per
sparare dal fianco.
"
0xaae9,"Durante un combattimento ravvicinato o in altre
situazioni che richiedono un'azione immediata,
fai fuoco da quella posizione.
","Durante un combattimento ravvicinato o in altre
situazioni che richiedono un'azione immediata,
fai fuoco da quella posizione.
"
0xab68,"Osserva dove vanno a colpire gli spari e
correggi il tiro di conseguenza.
","Osserva dove vanno a colpire gli spari e
correggi il tiro di conseguenza.
"
0xabb3,"Ho capito, ma non mi sembra troppo preciso.
","Ho capito, ma non mi sembra troppo preciso.
"
0xabe0,"È ovvio. Quindi, per mirare bene quando spari
da lontano o in azioni di cecchinaggio, tieni
premuto il tasto Puntamento.
","È ovvio. Quindi, per mirare bene quando spari
da lontano o in azioni di cecchinaggio, tieni
premuto il tasto Puntamento.
"
0xac5b,"Allinea attentamente i mirini anteriore e
posteriore per concentrare il fuoco e avere una
visuale più nitida del bersaglio.
","Allinea attentamente i mirini anteriore e
posteriore per concentrare il fuoco e avere una
visuale più nitida del bersaglio.
"
0xacd9,"Snake, le truppe sovietiche non sono i tuoi
unici nemici.
","Snake, le truppe sovietiche non sono i tuoi
unici nemici.
"
0xad14,"Sarebbe a dire?
","Sarebbe a dire?
"
0xad25,"La natura...
","La natura...
"
0xad33,"Boss...
","Boss...
"
0xad3c,"Serpenti velenosi, scorpioni, coccodrilli,
calabroni...a Tselinoyarsk prosperano decine di
forme di vita pericolose.
","Serpenti velenosi, scorpioni, coccodrilli,
calabroni...a Tselinoyarsk prosperano decine di
forme di vita pericolose.
"
0xadb2,"Ci sono anche funghi e rane velenosi e altre
piante e animali che non devi mangiare.
","Ci sono anche funghi e rane velenosi e altre
piante e animali che non devi mangiare.
"
0xae08,"Per sopravvivere nella natura, devi conoscere
la natura.
","Per sopravvivere nella natura, devi conoscere
la natura.
"
0xae42,"Para-Medic ha informazioni sulla flora e la
fauna di ogni zona. Chiedile i dettagli.
","Para-Medic ha informazioni sulla flora e la
fauna di ogni zona. Chiedile i dettagli.
"
0xae98,"Nella maggior parte delle zone all'aperto, i tuoi
passi produrranno del rumore anche se
cammini lentamente, con piccoli movimenti
della levetta analogica sinistra.
","Nella maggior parte delle zone all'aperto, i tuoi
passi produrranno del rumore anche se
cammini lentamente, con piccoli movimenti
della levetta analogica sinistra.
"
0xaf3d,"Ciò potrebbe allertare i nemici vicini della tua
presenza.
","Ciò potrebbe allertare i nemici vicini della tua
presenza.
"
0xaf7a,"Se devi avvicinarti di soppiatto alle spalle di un
nemico, usa il tasto direzionale per usare il
movimento furtivo.
","Se devi avvicinarti di soppiatto alle spalle di un
nemico, usa il tasto direzionale per usare il
movimento furtivo.
"
0xafef,"La tecnica del movimento furtivo elimina
persino il rumore prodotto dai passi.
","La tecnica del movimento furtivo elimina
persino il rumore prodotto dai passi.
"
0xb03f,"Il segreto sta nel concentrare il peso sul piede
posteriore, per poi avanzare lentamente con il
piede anteriore.
","Il segreto sta nel concentrare il peso sul piede
posteriore, per poi avanzare lentamente con il
piede anteriore.
"
0xb0b1,"Prima di poggiare a terra il piede anteriore,
","Prima di poggiare a terra il piede anteriore,
"
0xb0e0,"usa la punta del piede per controllare se ci
sono oggetti pericolosi o rami che potrebbero
fare rumore se ci cammini sopra.
","usa la punta del piede per controllare se ci
sono oggetti pericolosi o rami che potrebbero
fare rumore se ci cammini sopra.
"
0xb15d,"Dopo esserti accertato che il posto sia sicuro
per camminarci sopra, abbassa lentamente il
piede al suolo,
","Dopo esserti accertato che il posto sia sicuro
per camminarci sopra, abbassa lentamente il
piede al suolo,
"
0xb1c9,"appoggiando per primo il margine esterno, poi
abbassa lentamente il tuo peso sul piede.
","appoggiando per primo il margine esterno, poi
abbassa lentamente il tuo peso sul piede.
"
0xb222,"In tutta questa procedura, devi sforzare i
polpacci per mantenere l'equilibrio.
","In tutta questa procedura, devi sforzare i
polpacci per mantenere l'equilibrio.
"
0xb273,"...
","...
"
0xb278,"Ma tutto quello che devi fare è premere il tasto
direzionale nella direzione in cui vuoi muoverti.
","Ma tutto quello che devi fare è premere il tasto
direzionale nella direzione in cui vuoi muoverti.
"
0xb2dd,"Mentre ti muovi furtivamente, puoi spostarti
senza fare rumore con i passi.
","Mentre ti muovi furtivamente, puoi spostarti
senza fare rumore con i passi.
"
0xb32a,"Quando ti muovi furtivamente sei in posizione
abbassata. In questo modo è molto meno
probabile che il nemico ti avvisti.
","Quando ti muovi furtivamente sei in posizione
abbassata. In questo modo è molto meno
probabile che il nemico ti avvisti.
"
0xb3a5,"Muovendoti con cautela negli spostamenti
furtivi, riuscirai a individuare le trappole sul
terreno prima che si attivino.
","Muovendoti con cautela negli spostamenti
furtivi, riuscirai a individuare le trappole sul
terreno prima che si attivino.
"
0xb41f,"Il movimento furtivo è uno spostamento in
posizione abbassata che richiede
concentrazione e quindi consuma quantità
elevate di vigore.
","Il movimento furtivo è uno spostamento in
posizione abbassata che richiede
concentrazione e quindi consuma quantità
elevate di vigore.
"
0xb4a9,"Alterna la camminata e la corsa con la levetta
analogica sinistra
","Alterna la camminata e la corsa con la levetta
analogica sinistra
"
0xb4ec,"e il movimento furtivo con il tasto direzionale, a
seconda della situazione.
","e il movimento furtivo con il tasto direzionale, a
seconda della situazione.
"
0xb53a,"Stammi a sentire, Snake. Ricordati che questa
è un'operazione segretissima.
","Stammi a sentire, Snake. Ricordati che questa
è un'operazione segretissima.
"
0xb588,"Gli scontri andrebbero evitati. Se devi
sbarazzarti di un nemico, fallo con l'arma che
spara tranquillanti.
","Gli scontri andrebbero evitati. Se devi
sbarazzarti di un nemico, fallo con l'arma che
spara tranquillanti.
"
0xb5f5,"Certo. Dormi bene, mio boy scout.
","Certo. Dormi bene, mio boy scout.
"
0xb618,"Proprio così. E quando si sveglierà, tu e
Sokolov sarete al sicuro, fuori del Paese.
","Proprio così. E quando si sveglierà, tu e
Sokolov sarete al sicuro, fuori del Paese.
"
0xb670,"A sorseggiare del caffè caldo su un aereo di
ritorno a casa.
","A sorseggiare del caffè caldo su un aereo di
ritorno a casa.
"
0xb6af,"...Cosa hai detto?
","...Cosa hai detto?
"
0xb6c3,"?
","?
"
0xb6c6,"COSA hai detto?
","COSA hai detto?
"
0xb6d7,"Sorseggiando un caffè caldo su...
","Sorseggiando un caffè caldo su...
"
0xb6fb,"Hai intenzione di bere quella schifezza? Sul
volo della vittoria verso casa?
","Hai intenzione di bere quella schifezza? Sul
volo della vittoria verso casa?
"
0xb749,"E allora lei cosa berrebbe?
","E allora lei cosa berrebbe?
"
0xb766,"Del tè, naturalmente!
","Del tè, naturalmente!
"
0xb77e,"Nei due anni successivi all'arresto di Sokolov
nell'istituto, ho impiegato tutto il mio tempo a
fare preparativi.
","Nei due anni successivi all'arresto di Sokolov
nell'istituto, ho impiegato tutto il mio tempo a
fare preparativi.
"
0xb7f1,"Ora è il momento di produrre dei risultati.
","Ora è il momento di produrre dei risultati.
"
0xb81f,"FOX è un'organizzazione di spionaggio
all'avanguardia
","FOX è un'organizzazione di spionaggio
all'avanguardia
"
0xb857,"intesa ad aggiornarci per le operazioni del 21º
secolo che ho proposto alla CIA.
","intesa ad aggiornarci per le operazioni del 21º
secolo che ho proposto alla CIA.
"
0xb8aa,"FOX invia individui esperti di spionaggio e
tattiche speciali per missioni d'infiltrazione
come questa...
","FOX invia individui esperti di spionaggio e
tattiche speciali per missioni d'infiltrazione
come questa...
"
0xb915,"...Un reparto modernissimo che riunisce le
abilità dei reparti delle forze speciali, come il
SAS e i Berretti Verdi,
","...Un reparto modernissimo che riunisce le
abilità dei reparti delle forze speciali, come il
SAS e i Berretti Verdi,
"
0xb98c,"con l'esperienza di un reparto d'infiltrazione e
spionaggio.
","con l'esperienza di un reparto d'infiltrazione e
spionaggio.
"
0xb9ca,"La politica militare non è mai stato il mio
forte...
","La politica militare non è mai stato il mio
forte...
"
0xba01,"Quello che sto cercando di dire è...segretezza.
Questa è una missione segreta.
","Quello che sto cercando di dire è...segretezza.
Questa è una missione segreta.
"
0xba53,"Fondamentale per l'imminente guerra fredda.
","Fondamentale per l'imminente guerra fredda.
"
0xba80,"Il direttore della CIA ha sempre disapprovato la
FOX, ma se questa missione riesce, la FOX
sarà aggiunta alla CIA come unità speciale.
","Il direttore della CIA ha sempre disapprovato la
FOX, ma se questa missione riesce, la FOX
sarà aggiunta alla CIA come unità speciale.
"
0xbb0a,"Voglio fare della FOX il leader nelle operazioni
speciali.
","Voglio fare della FOX il leader nelle operazioni
speciali.
"
0xbb46,"E a tal fine, questa missione deve riuscire.
","E a tal fine, questa missione deve riuscire.
"
0xbb74,"D'accordo.
","D'accordo.
"
0xbb80,"Conto su di te, Snake.
","Conto su di te, Snake.
"
0xbb98,"Parte della tua missione è dimostrare ai pezzi
grossi i principi su cui si basa la FOX.
","Parte della tua missione è dimostrare ai pezzi
grossi i principi su cui si basa la FOX.
"
0xbbf2,"Non lasciare prove. Questa è la caratteristica
principale di FOX. Ed evitare gli scontri con il
nemico.
","Non lasciare prove. Questa è la caratteristica
principale di FOX. Ed evitare gli scontri con il
nemico.
"
0xbc5c,"Tutto chiaro.
","Tutto chiaro.
"
0xbc6b,"Non solo quello. Intendo non lasciarsi dietro
NIENTE, incluse armi, equipaggiamenti, orme,
sudore...persino i rifiuti corporei.
","Non solo quello. Intendo non lasciarsi dietro
NIENTE, incluse armi, equipaggiamenti, orme,
sudore...persino i rifiuti corporei.
"
0xbcec,"Già. Quando faccio i miei bisogni, li seppellisco
bene.
","Già. Quando faccio i miei bisogni, li seppellisco
bene.
"
0xbd26,"Cosa?!
","Cosa?!
"
0xbd2e,"Che c'è che non va?
","Che c'è che non va?
"
0xbd44,"È così che si fa in America?
","È così che si fa in America?
"
0xbd64,"Si fa cosa, in America?
","Si fa cosa, in America?
"
0xbd7d,"Gestire la defecazione. Hai intenzione di
SEPPELLIRLA?
","Gestire la defecazione. Hai intenzione di
SEPPELLIRLA?
"
0xbdb5,"Già.
","Già.
"
0xbdbc,"Portatela a casa con te.
","Portatela a casa con te.
"
0xbdd6,"Cosa?
","Cosa?
"
0xbddd,"Nel SAS facevamo così.
","Nel SAS facevamo così.
"
0xbdf6,"...
","...
"
0xbdfb,"L'esercito USA è sciatto: fa le cose per bene,
ma non in modo perfetto. Qui nella FOX,
facciamo le cose come dico io. Intesi?
","L'esercito USA è sciatto: fa le cose per bene,
ma non in modo perfetto. Qui nella FOX,
facciamo le cose come dico io. Intesi?
"
0xbe7b,"...Sì, signore...
","...Sì, signore...
"
0xbe8f,"Major.
","Major.
"
0xbe97,"Cosa c'è?
","Cosa c'è?
"
0xbea3,"Riguardo al suo nome in codice...
","Riguardo al suo nome in codice...
"
0xbec6,"Major Tom?
","Major Tom?
"
0xbed2,"Già. Dove l'ha preso?
","Già. Dove l'ha preso?
"
0xbeea,"Da un tunnel.
","Da un tunnel.
"
0xbef9,"Un tunnel?
","Un tunnel?
"
0xbf05,"Esattamente. Snake, hai visto il film ""La
grande fuga""?
","Esattamente. Snake, hai visto il film ""La
grande fuga""?
"
0xbf3e,"No.
","No.
"
0xbf43,"È un film che parla di un ostinato gruppo di
prigionieri di guerra alleati, detenuti in un
campo di prigionia tedesca, che progettano la
fuga.
","È un film che parla di un ostinato gruppo di
prigionieri di guerra alleati, detenuti in un
campo di prigionia tedesca, che progettano la
fuga.
"
0xbfd4,"Per fuggire, i prigionieri di guerra scavano tre
tunnel, ai quali danno i nomi Dick, Harry e
Tom.
","Per fuggire, i prigionieri di guerra scavano tre
tunnel, ai quali danno i nomi Dick, Harry e
Tom.
"
0xc037,"Ho capito. Quindi Tom era un tunnel di fuga.
Ce l'hanno fatta?
","Ho capito. Quindi Tom era un tunnel di fuga.
Ce l'hanno fatta?
"
0xc077,"A uscire dal campo? Certo.
","A uscire dal campo? Certo.
"
0xc093,"Uno dei tunnel venne scoperto prima che fosse
completato, ma alla fine riuscirono nel loro
intento.
","Uno dei tunnel venne scoperto prima che fosse
completato, ma alla fine riuscirono nel loro
intento.
"
0xc0f8,"Adesso capisco. Tom era il tunnel che usarono
per evadere.
","Adesso capisco. Tom era il tunnel che usarono
per evadere.
"
0xc134,"...Ehm, sì, proprio così.
","...Ehm, sì, proprio così.
"
0xc151,"Che c'è?
","Che c'è?
"
0xc15c,"Ehm, veramente, non sono così sicuro di
ricordare bene...
","Ehm, veramente, non sono così sicuro di
ricordare bene...
"
0xc198,"Major...
","Major...
"
0xc1a2,"Tutto bene. È Tom, Snake, Tom è il tunnel di
fuga. Non c'è dubbio.
","Tutto bene. È Tom, Snake, Tom è il tunnel di
fuga. Non c'è dubbio.
"
0xc1e9,"...
","...
"
0xc1ee,"Major, e il mio nome in codice?
","Major, e il mio nome in codice?
"
0xc20f,"Intendi Naked Snake, serpente nudo?
","Intendi Naked Snake, serpente nudo?
"
0xc234,"Già. Cosa significa?
","Già. Cosa significa?
"
0xc24b,"È dovuto al fatto che i serpenti strisciano
nell'erba senza essere visti da chi li circonda...
","È dovuto al fatto che i serpenti strisciano
nell'erba senza essere visti da chi li circonda...
"
0xc2ac,"No, intendo la parte del ""nudo"".
","No, intendo la parte del ""nudo"".
"
0xc2ce,"Significa senza fronzoli, privo di una qualità
precisa, in altre parole, essenziale.
","Significa senza fronzoli, privo di una qualità
precisa, in altre parole, essenziale.
"
0xc325,"Perché è quello il mio nome in codice?
","Perché è quello il mio nome in codice?
"
0xc34f,"Ho spiegato che la missione virtuosa ha lo
scopo di mettere alla prova l'efficacia della
FOX, giusto?
","Ho spiegato che la missione virtuosa ha lo
scopo di mettere alla prova l'efficacia della
FOX, giusto?
"
0xc3b6,"Giusto.
","Giusto.
"
0xc3bf,"E la procedura usata per questa missione
rappresenterà il modus operandi di FOX per le
future missioni. In altre parole...
","E la procedura usata per questa missione
rappresenterà il modus operandi di FOX per le
future missioni. In altre parole...
"
0xc43c,"L'essenza della FOX, pura e semplice?
","L'essenza della FOX, pura e semplice?
"
0xc463,"Esattamente. E poi c'è il fatto che sei partito
praticamente nudo, senza armi né
equipaggiamenti.
","Esattamente. E poi c'è il fatto che sei partito
praticamente nudo, senza armi né
equipaggiamenti.
"
0xc4c8,"Ho capito. Non ci ero arrivato a tanto.
","Ho capito. Non ci ero arrivato a tanto.
"
0xc4f1,"Già. Geniale, no? Ma non farti cogliere
indifeso dal nemico.
","Già. Geniale, no? Ma non farti cogliere
indifeso dal nemico.
"
0xc530,"Ricevuto.
","Ricevuto.
"
0xc53b,"Snake, ho completato il secondo controllo del
sistema Fulton di recupero.
","Snake, ho completato il secondo controllo del
sistema Fulton di recupero.
"
0xc586,"Ci sono problemi?
","Ci sono problemi?
"
0xc599,"Nessuno. Lascia che ci occupiamo noi del tuo
recupero.
","Nessuno. Lascia che ci occupiamo noi del tuo
recupero.
"
0xc5d1,"Ottimo.
","Ottimo.
"
0xc5da,"Suppongo che dovrei spiegare di nuovo la
procedura prima di procedere alla manovra
vera e propria?
","Suppongo che dovrei spiegare di nuovo la
procedura prima di procedere alla manovra
vera e propria?
"
0xc63e,"No.
","No.
"
0xc643,"Ho capito. Be', il sistema Fulton di recupero
consente di recuperare in fretta il personale dal
territorio nemico
","Ho capito. Be', il sistema Fulton di recupero
consente di recuperare in fretta il personale dal
territorio nemico
"
0xc6b6,"ed è indicato per questi tipi di operazioni
speciali.
","ed è indicato per questi tipi di operazioni
speciali.
"
0xc6ee,"...
","...
"
0xc6f3,"In breve, funziona così: l'aereo si avvicina e
aggancia un cavo di nylon di sollevamento che
il soldato ha afferrato
","In breve, funziona così: l'aereo si avvicina e
aggancia un cavo di nylon di sollevamento che
il soldato ha afferrato
"
0xc76a,"e che è stato sollevato da un pallone.
","e che è stato sollevato da un pallone.
"
0xc793,"Il primo progetto del sistema Fulton di
recupero risale agli anni '40 ed era un metodo
di raccolta della posta per il servizio postale
americano.
","Il primo progetto del sistema Fulton di
recupero risale agli anni '40 ed era un metodo
di raccolta della posta per il servizio postale
americano.
"
0xc826,"Durante la guerra di Corea, il sistema venne
riprogettato per il recupero del personale. La
JACK, un'organizzazione ausiliaria della CIA...
","Durante la guerra di Corea, il sistema venne
riprogettato per il recupero del personale. La
JACK, un'organizzazione ausiliaria della CIA...
"
0xc8b3,"Sì, la cara vecchia JACK...ossia Joint Advisory
Commission, Korea. Non è fantastico?
","Sì, la cara vecchia JACK...ossia Joint Advisory
Commission, Korea. Non è fantastico?
"
0xc90b,"...
","...
"
0xc910,"Allora, la JACK usò per prima il sistema Fulton
di recupero terra-aria per recuperare agenti
dalla Corea del Nord e dalla Cina continentale.
","Allora, la JACK usò per prima il sistema Fulton
di recupero terra-aria per recuperare agenti
dalla Corea del Nord e dalla Cina continentale.
"
0xc99f,"Rivediamo ancora una volta la procedura, per
maggiore sicurezza.
","Rivediamo ancora una volta la procedura, per
maggiore sicurezza.
"
0xc9e1,"Prima di tutto, dall'aereo viene calato verso di
te un contenitore delle dimensioni di una bara.
","Prima di tutto, dall'aereo viene calato verso di
te un contenitore delle dimensioni di una bara.
"
0xca43,"All'interno, vi troverai un pallone, un cavo di
circa 450 metri e un'imbracatura da applicare
alla tuta.
","All'interno, vi troverai un pallone, un cavo di
circa 450 metri e un'imbracatura da applicare
alla tuta.
"
0xcaad,"Tira fuori questi oggetti, collega il cavo alla
tuta, gonfia il pallone con l'elio e manda in alto
il cavo.
","Tira fuori questi oggetti, collega il cavo alla
tuta, gonfia il pallone con l'elio e manda in alto
il cavo.
"
0xcb1a,"L'aereo si avvicina a circa 200 chilometri orari,
afferra il cavo immediatamente sotto il pallone
con un gancio sul muso del velivolo
","L'aereo si avvicina a circa 200 chilometri orari,
afferra il cavo immediatamente sotto il pallone
con un gancio sul muso del velivolo
"
0xcba1,"e ti trascina via.
","e ti trascina via.
"
0xcbb5,"Ammesso che il recupero abbia successo,
verrai sollevato a bordo con un argano e
portato al sicuro nel retro del velivolo. Tutto
chiaro?
","Ammesso che il recupero abbia successo,
verrai sollevato a bordo con un argano e
portato al sicuro nel retro del velivolo. Tutto
chiaro?
"
0xcc3f,"...
","...
"
0xcc44,"Snake?
","Snake?
"
0xcc4c,"Sì, è chiaro. L'ho capito benissimo.
","Sì, è chiaro. L'ho capito benissimo.
"
0xcc74,"Hai ascoltato?
","Hai ascoltato?
"
0xcc84,"Ma sì.
","Ma sì.
"
0xcc8d,"Bene.
","Bene.
"
0xcc94,"Hai eseguito un eccezionale salto HALO.
","Hai eseguito un eccezionale salto HALO.
"
0xccbd,"Non direi: non sono atterrato nel punto giusto.
","Non direi: non sono atterrato nel punto giusto.
"
0xccee,"Un saltatore che perde lo zaino nel suo primo
vero salto HALO...Proprio una bella storia.
","Un saltatore che perde lo zaino nel suo primo
vero salto HALO...Proprio una bella storia.
"
0xcd49,"Cosa importa? Non ci sono registrazioni delle
tue operazioni.
","Cosa importa? Non ci sono registrazioni delle
tue operazioni.
"
0xcd88,"Lo so, ma...
","Lo so, ma...
"
0xcd96,"Sei in imbarazzo, per caso?
","Sei in imbarazzo, per caso?
"
0xcdb3,"No, non sono imbarazzato.
","No, non sono imbarazzato.
"
0xcdce,"È per via di The Boss, vero?
","È per via di The Boss, vero?
"
0xcded,"Che c'entra The Boss?
","Che c'entra The Boss?
"
0xce04,"Niente, Para-Medic.
","Niente, Para-Medic.
"
0xce19,"Non si direbbe proprio.
","Non si direbbe proprio.
"
0xce32,"Non ha niente a che vedere con The Boss,
intendo dire.
","Non ha niente a che vedere con The Boss,
intendo dire.
"
0xce6a,"Ha qualcosa a che vedere con The Boss, ma
non vuoi dirlo?
","Ha qualcosa a che vedere con The Boss, ma
non vuoi dirlo?
"
0xcea5,"...Be', più o meno...
","...Be', più o meno...
"
0xcebd,"...Capisco, Snake.
","...Capisco, Snake.
"
0xced1,"The Boss si è occupato parecchio dello studio
militare dei salti HALO.
","The Boss si è occupato parecchio dello studio
militare dei salti HALO.
"
0xcf1a,"E il nostro Snake voleva che il suo primo salto
vero e proprio fosse perfetto, sai, in segno di
rispetto per la madre della tecnica.
","E il nostro Snake voleva che il suo primo salto
vero e proprio fosse perfetto, sai, in segno di
rispetto per la madre della tecnica.
"
0xcfa0,"Major!
","Major!
"
0xcfa8,"Snake?! Pensavo che ti fossi scollegato!
","Snake?! Pensavo che ti fossi scollegato!
"
0xcfd2,"...
","...
"
0xcfd7,"Uau, è tutto vero?
","Uau, è tutto vero?
"
0xcfec,"Hai qualcosa da dire?
","Hai qualcosa da dire?
"
0xd003,"No.
","No.
"
0xd008,"Scommetto di sì.
","Scommetto di sì.
"
0xd01b,"Ma no. Penso solo che sia dolce da parte tua
pensare così.
","Ma no. Penso solo che sia dolce da parte tua
pensare così.
"
0xd058,"Non so se prenderlo come un complimento o
un insulto.
","Non so se prenderlo come un complimento o
un insulto.
"
0xd08f,"È un complimento, Snake! Allora dimmi, è
vero?
","È un complimento, Snake! Allora dimmi, è
vero?
"
0xd0c1,"Cosa?!
","Cosa?!
"
0xd0c9,"Che hai capito? È vero che The Boss si è
dedicato alle ricerche sui salti HALO?
","Che hai capito? È vero che The Boss si è
dedicato alle ricerche sui salti HALO?
"
0xd11c,"Oh, quello...
","Oh, quello...
"
0xd12b,"Sì, è vero.
","Sì, è vero.
"
0xd13a,"HALO sta per High Altitude, Low Opening, cioè
lancio da grande altezza con apertura in
basso.
","HALO sta per High Altitude, Low Opening, cioè
lancio da grande altezza con apertura in
basso.
"
0xd19a,"È una tecnica di lancio sviluppata per
l'infiltrazione segreta in territorio nemico, come
la zona in cui ti trovi tu.
","È una tecnica di lancio sviluppata per
l'infiltrazione segreta in territorio nemico, come
la zona in cui ti trovi tu.
"
0xd212,"Un aereo vola a circa 3000 metri o più per
evitare di essere individuato dalle forze di terra
","Un aereo vola a circa 3000 metri o più per
evitare di essere individuato dalle forze di terra
"
0xd272,"e il saltatore si lancia in caduta libera fino ad
arrivare a 300 metri di quota al di sopra della
zona designata, per poi aprire il paracadute.
","e il saltatore si lancia in caduta libera fino ad
arrivare a 300 metri di quota al di sopra della
zona designata, per poi aprire il paracadute.
"
0xd303,"Usando questa tecnica, le possibilità che
venga intercettato l'atterraggio del
paracadutista sono ridottissime.
","Usando questa tecnica, le possibilità che
venga intercettato l'atterraggio del
paracadutista sono ridottissime.
"
0xd375,"La tecnica HALO fu sviluppata inizialmente in
Francia.
","La tecnica HALO fu sviluppata inizialmente in
Francia.
"
0xd3ad,"Questo si deve in parte alla popolarità dello
sport del paracadutismo a partire dalla fine
della Seconda guerra mondiale.
","Questo si deve in parte alla popolarità dello
sport del paracadutismo a partire dalla fine
della Seconda guerra mondiale.
"
0xd429,"E The Boss era un istruttore per le ricerche
che vennero svolte in questo campo.
","E The Boss era un istruttore per le ricerche
che vennero svolte in questo campo.
"
0xd47b,"Nel 1957, al Centro Operazioni Speciali JFK di
Fort Bragg,
","Nel 1957, al Centro Operazioni Speciali JFK di
Fort Bragg,
"
0xd4b7,"The Boss fu invitato come istruttore alla
primissima scuola militare USA di lanci HALO.
","The Boss fu invitato come istruttore alla
primissima scuola militare USA di lanci HALO.
"
0xd510,"Naturalmente, niente di tutto questo è agli atti.
Ma è lei la madre delle forze speciali odierne.
","Naturalmente, niente di tutto questo è agli atti.
Ma è lei la madre delle forze speciali odierne.
"
0xd575,"NON RISPONDE
","NON RISPONDE
"
0xd583,"Snake, ricordati che questa operazione è una
missione d'infiltrazione solitaria.
","Snake, ricordati che questa operazione è una
missione d'infiltrazione solitaria.
"
0xd5d6,"Ti forniremo appoggio via radio, ma sul campo
sarai da solo. Non ci saranno rinforzi.
","Ti forniremo appoggio via radio, ma sul campo
sarai da solo. Non ci saranno rinforzi.
"
0xd62d,"E non potrai sopravvivere in alcun modo a una
battaglia contro parecchi nemici.
","E non potrai sopravvivere in alcun modo a una
battaglia contro parecchi nemici.
"
0xd67e,"Evita gli scontri ogni volta che è possibile. La
priorità massima in questa missione è non farsi
vedere.
","Evita gli scontri ogni volta che è possibile. La
priorità massima in questa missione è non farsi
vedere.
"
0xd6eb,"Snake, le pillole di morte apparente e del
risveglio che ti abbiamo dato
","Snake, le pillole di morte apparente e del
risveglio che ti abbiamo dato
"
0xd735,"sono gli ultimissimi ritrovati di medicina interna
sviluppati per le missioni segrete dalla
divisione tecnologica della CIA.
","sono gli ultimissimi ritrovati di medicina interna
sviluppati per le missioni segrete dalla
divisione tecnologica della CIA.
"
0xd7b3,"Puoi usare la pillola di morte apparente per
cadere in uno stato simile alla morte per un
tempo limitato.
","Puoi usare la pillola di morte apparente per
cadere in uno stato simile alla morte per un
tempo limitato.
"
0xd81e,"Usala bene e riuscirai a ingannare il nemico,
facendogli credere che sei morto davvero.
","Usala bene e riuscirai a ingannare il nemico,
facendogli credere che sei morto davvero.
"
0xd877,"Potrebbe tornarti utile semmai ti dovessi
trovare alle strette.
","Potrebbe tornarti utile semmai ti dovessi
trovare alle strette.
"
0xd8b8,"Per riprenderti dallo stato di morte apparente,
usa la pillola del risveglio,
","Per riprenderti dallo stato di morte apparente,
usa la pillola del risveglio,
"
0xd907,"ma ricordati che il tempismo è essenziale.
L'effetto andrà a farsi benedire se ti riprendi
proprio davanti al nemico.
","ma ricordati che il tempismo è essenziale.
L'effetto andrà a farsi benedire se ti riprendi
proprio davanti al nemico.
"
0xd980,"Interessante. Ma come funziona?
","Interessante. Ma come funziona?
"
0xd9a1,"Che vuoi dire?
","Che vuoi dire?
"
0xd9b1,"Non mi va di prendere pillole di cui non so
niente. Come fa a farmi sembrare morto? In
che modo ne risentirà il mio corpo?
","Non mi va di prendere pillole di cui non so
niente. Come fa a farmi sembrare morto? In
che modo ne risentirà il mio corpo?
"
0xda2e,"Be', Snake... per questo...
","Be', Snake... per questo...
"
0xda4b,"Lo so. Dovrei chiedere a Para-Medic.
Para-Medic!
","Lo so. Dovrei chiedere a Para-Medic.
Para-Medic!
"
0xda7d,"Lasciami spiegare.
","Lasciami spiegare.
"
0xda91,"Sai che ci sono animali in natura che fingono
di essere morti, come i punteruoli, le
coccinelle, le cinciallegre, gli opossum e altri.
","Sai che ci sono animali in natura che fingono
di essere morti, come i punteruoli, le
coccinelle, le cinciallegre, gli opossum e altri.
"
0xdb19,"Be', la pillola di morte apparente riprende
l'istinto naturale di fingersi morti e lo applica al
mondo dello spionaggio.
","Be', la pillola di morte apparente riprende
l'istinto naturale di fingersi morti e lo applica al
mondo dello spionaggio.
"
0xdb93,"Quando prendi la pillola di morte apparente, il
tuo corpo secerne rapidamente diverse
sostanze chimiche,
","Quando prendi la pillola di morte apparente, il
tuo corpo secerne rapidamente diverse
sostanze chimiche,
"
0xdbfd,"come l'adenosina e la serotonina, e inoltre
peptidi oppioidi come la metionina-encefalina.
","come l'adenosina e la serotonina, e inoltre
peptidi oppioidi come la metionina-encefalina.
"
0xdc59,"Queste sostanze provocano uno stato di
ibernazione,
","Queste sostanze provocano uno stato di
ibernazione,
"
0xdc8e,"così che il battito cardiaco, la frequenza
respiratoria e la temperatura corporea
diminuiscono drasticamente.
","così che il battito cardiaco, la frequenza
respiratoria e la temperatura corporea
diminuiscono drasticamente.
"
0xdcfe,"A un primo esame, sembrerai morto davvero.
","A un primo esame, sembrerai morto davvero.
"
0xdd2a,"La pillola del risveglio, in poche parole, serve a
neutralizzare l'effetto della pillola di morte
apparente.
","La pillola del risveglio, in poche parole, serve a
neutralizzare l'effetto della pillola di morte
apparente.
"
0xdd98,"Quando la prendi, il tuo corpo secerne
sostanze stimolanti, come la noradrenalina e
altri prodotti chimici come il naloxone,
","Quando la prendi, il tuo corpo secerne
sostanze stimolanti, come la noradrenalina e
altri prodotti chimici come il naloxone,
"
0xde16,"che bloccano gli effetti della pillola di morte
apparente.
","che bloccano gli effetti della pillola di morte
apparente.
"
0xde52,"In sostanza, ti sveglia.
","In sostanza, ti sveglia.
"
0xde6c,"Va meglio ora?
","Va meglio ora?
"
0xde7c,"...
","...
"
0xde81,"O.K. Cercherò di spiegartelo più in dettaglio.
","O.K. Cercherò di spiegartelo più in dettaglio.
"
0xdeb3,"La secrezione della metionina-encefalina
provocata dalla pillola di morte apparente fa sì
che i ricettori oppioidi...
","La secrezione della metionina-encefalina
provocata dalla pillola di morte apparente fa sì
che i ricettori oppioidi...
"
0xdf2b,"O...O.K., penso di avere capito adesso.
","O...O.K., penso di avere capito adesso.
"
0xdf54,"Sicuro?
","Sicuro?
"
0xdf5d,"Sì.
","Sì.
"
0xdf63,"Ma vorrai certo saperne di più.
","Ma vorrai certo saperne di più.
"
0xdf85,"Ci sono tre tipi di ricettori: delta, kappa e mu.
La metionina-encefalina funge da...
","Ci sono tre tipi di ricettori: delta, kappa e mu.
La metionina-encefalina funge da...
"
0xdfdc,"Para-Medic, penso che ora Snake abbia capito.
Non è così, Snake?
","Para-Medic, penso che ora Snake abbia capito.
Non è così, Snake?
"
0xe020,"S-sì, è tutto chiaro, cristallino.
","S-sì, è tutto chiaro, cristallino.
"
0xe046,"Ma...
","Ma...
"
0xe04d,"Major, ho abbastanza informazioni sulle pillole,
quindi ora torno alla missione.
","Major, ho abbastanza informazioni sulle pillole,
quindi ora torno alla missione.
"
0xe09f,"Sì. Fai pure così.
","Sì. Fai pure così.
"
0xe0b5,"Ehi, aspetta un--!
","Ehi, aspetta un--!
"
0xe0c9,"...
","...
"
0xe0ce,"Major, che razza di posto è questo Ufficio di
progettazione segreto diretto da Sokolov?
","Major, che razza di posto è questo Ufficio di
progettazione segreto diretto da Sokolov?
"
0xe128,"Mmm. I sovietici hanno diversi Uffici di
progettazione come questo, ognuno dedito a
ricerche avanzatissime.
","Mmm. I sovietici hanno diversi Uffici di
progettazione come questo, ognuno dedito a
ricerche avanzatissime.
"
0xe195,"L'OKB-1, ossia l'ufficio dove fu sviluppato il
velivolo spaziale Voskhod e che ha un ruolo
chiave nel programma spaziale sovietico,
","L'OKB-1, ossia l'ufficio dove fu sviluppato il
velivolo spaziale Voskhod e che ha un ruolo
chiave nel programma spaziale sovietico,
"
0xe21a,"è una di quelle installazioni.
","è una di quelle installazioni.
"
0xe23b,"Si trovano quasi tutti in città segrete, costruite
in zone isolate.
","Si trovano quasi tutti in città segrete, costruite
in zone isolate.
"
0xe281,"Non sappiamo neanche dove si trovano
esattamente e ne sappiamo ancora di meno
sulla natura delle loro ricerche.
","Non sappiamo neanche dove si trovano
esattamente e ne sappiamo ancora di meno
sulla natura delle loro ricerche.
"
0xe2f2,"L'OKB-754 di Sokolov è l'ufficio più segreto di
tutti.
","L'OKB-754 di Sokolov è l'ufficio più segreto di
tutti.
"
0xe32c,"I servizi segreti occidentali hanno più volte
tentato di scoprire a cosa stanno lavorando,
ma hanno sempre fallito.
","I servizi segreti occidentali hanno più volte
tentato di scoprire a cosa stanno lavorando,
ma hanno sempre fallito.
"
0xe3a2,"Quindi non avete idea di cosa stesse
progettando Sokolov?
","Quindi non avete idea di cosa stesse
progettando Sokolov?
"
0xe3dd,"Non abbiamo niente.
","Non abbiamo niente.
"
0xe3f2,"Allora come ha avuto le informazioni per
questa missione? Certo non da Sokolov...
","Allora come ha avuto le informazioni per
questa missione? Certo non da Sokolov...
"
0xe445,"Da The Boss.
","Da The Boss.
"
0xe453,"The Boss?
","The Boss?
"
0xe45e,"Proprio così. Ha i suoi canali informativi segreti
che si è coltivata durante l'ultima guerra.
","Proprio così. Ha i suoi canali informativi segreti
che si è coltivata durante l'ultima guerra.
"
0xe4c0,"Ha condiviso con noi ciò che ha saputo.
","Ha condiviso con noi ciò che ha saputo.
"
0xe4ea,"Se abbiamo avuto il via libera per questa
missione è grazie alle sue pressioni sui potenti
della CIA
","Se abbiamo avuto il via libera per questa
missione è grazie alle sue pressioni sui potenti
della CIA
"
0xe551,"In altre parole, questa missione non ci sarebbe
mai stata senza l'aiuto di The Boss in diversi
campi.
","In altre parole, questa missione non ci sarebbe
mai stata senza l'aiuto di The Boss in diversi
campi.
"
0xe5b8,"Major, mi racconti del passato lavorativo di
Sokolov.
","Major, mi racconti del passato lavorativo di
Sokolov.
"
0xe5ef,"Mmm. Suppongo che tu già sappia che è stato
Sokolov a progettare il plurimotore in parallelo.
","Mmm. Suppongo che tu già sappia che è stato
Sokolov a progettare il plurimotore in parallelo.
"
0xe650,"Il plurimotore in parallelo, in questo caso, è un
sistema che consente di adattare un singolo
razzo con più motori.
","Il plurimotore in parallelo, in questo caso, è un
sistema che consente di adattare un singolo
razzo con più motori.
"
0xe6c7,"Il razzo Vostok, ad esempio, ha 32 motori.
","Il razzo Vostok, ad esempio, ha 32 motori.
"
0xe6f3,"Con la tecnologia che avevano, era difficile per
i sovietici sviluppare grandi motori con enormi
spinte.
","Con la tecnologia che avevano, era difficile per
i sovietici sviluppare grandi motori con enormi
spinte.
"
0xe75d,"Allora decisero di concentrarsi sull'impiego di
motori multipli più piccoli per ottenere la spinta
desiderata.
","Allora decisero di concentrarsi sull'impiego di
motori multipli più piccoli per ottenere la spinta
desiderata.
"
0xe7ce,"Con questo metodo, però, il mantenimento
dell'equilibrio del carburante tra i vari motori
era un grave problema.
","Con questo metodo, però, il mantenimento
dell'equilibrio del carburante tra i vari motori
era un grave problema.
"
0xe841,"Fu Sokolov a escogitare la soluzione.
","Fu Sokolov a escogitare la soluzione.
"
0xe868,"Ed è per questo che ha ottenuto la qualifica di
capo dell'Ufficio di progettazione?
","Ed è per questo che ha ottenuto la qualifica di
capo dell'Ufficio di progettazione?
"
0xe8be,"Così sembra.
","Così sembra.
"
0xe8cd,"Allora quest'arma segreta è un dispositivo
balistico?
","Allora quest'arma segreta è un dispositivo
balistico?
"
0xe905,"Immagino di sì. Non lo sappiamo per certo,
ma...
","Immagino di sì. Non lo sappiamo per certo,
ma...
"
0xe938,"Lo scoprirete presto, quando avrò tirato fuori
da qui Sokolov.
","Lo scoprirete presto, quando avrò tirato fuori
da qui Sokolov.
"
0xe979,"Conto su di te.
","Conto su di te.
"
0xe98a,"Snake, indossi di nuovo quella maschera?
","Snake, indossi di nuovo quella maschera?
"
0xe9b4,"Già. Non so perché, ma mi rende... nostalgico.
","Già. Non so perché, ma mi rende... nostalgico.
"
0xe9e6,"Capisco... Non so bene perché, ma a me non
piace.
","Capisco... Non so bene perché, ma a me non
piace.
"
0xea1a,"Perché no?
","Perché no?
"
0xea27,"Ha un qualcosa che mi dà proprio fastidio.
","Ha un qualcosa che mi dà proprio fastidio.
"
0xea54,"A me non dispiace... ma se la odia così tanto,
perché l'ha data a me, allora?
","A me non dispiace... ma se la odia così tanto,
perché l'ha data a me, allora?
"
0xeaa5,"Be'... all'inizio, quella maschera era stata
creata per essere usata in un'altra missione.
","Be'... all'inizio, quella maschera era stata
creata per essere usata in un'altra missione.
"
0xeb01,"Un agente doveva travestirsi da ufficiale
sovietico e infiltrarsi in una base nemica.
","Un agente doveva travestirsi da ufficiale
sovietico e infiltrarsi in una base nemica.
"
0xeb58,"Era tutto pronto, ma per determinate
circostanze fummo costretti ad annullare la
missione.
","Era tutto pronto, ma per determinate
circostanze fummo costretti ad annullare la
missione.
"
0xebb4,"La missione era stata annullata, così la
maschera doveva essere gettata via... ma il
tizio della divisione tecnologica della CIA che
l'aveva creata andò su tutte le furie.
","La missione era stata annullata, così la
maschera doveva essere gettata via... ma il
tizio della divisione tecnologica della CIA che
l'aveva creata andò su tutte le furie.
"
0xec63,"Perché mai?
","Perché mai?
"
0xec71,"Disse che era troppo perfetta per essere
gettata via.
","Disse che era troppo perfetta per essere
gettata via.
"
0xeca8,"...
","...
"
0xecad,"Secondo lui, quella maschera ha un nuovo
design rivoluzionario che consente a chi
l'indossa di ammiccare, cosa che non era
possibile finora.
","Secondo lui, quella maschera ha un nuovo
design rivoluzionario che consente a chi
l'indossa di ammiccare, cosa che non era
possibile finora.
"
0xed3b,"Pensavo che voleste fare muovere le labbra
prima di preoccuparvi dell'ammiccamento.
","Pensavo che voleste fare muovere le labbra
prima di preoccuparvi dell'ammiccamento.
"
0xed90,"Anch'io la pensavo così, ma per qualche
motivo è ossessionato dall'idea che possa
ammiccare...
","Anch'io la pensavo così, ma per qualche
motivo è ossessionato dall'idea che possa
ammiccare...
"
0xedf2,"... Chiunque sia, dev'essere proprio fuori di
testa.
","... Chiunque sia, dev'essere proprio fuori di
testa.
"
0xee28,"Mmm. Be', fa un ottimo lavoro.
","Mmm. Be', fa un ottimo lavoro.
"
0xee48,"Ma ogni mese passo tre giorni ad occuparmi
delle lamentele nei suoi confronti... comunque,
lasciamo perdere.
","Ma ogni mese passo tre giorni ad occuparmi
delle lamentele nei suoi confronti... comunque,
lasciamo perdere.
"
0xeeb6,"Ho deciso di riutilizzare questa maschera che
avevamo in magazzino per non rivelare la tua
identità al personale dell'elicottero da attacco.
","Ho deciso di riutilizzare questa maschera che
avevamo in magazzino per non rivelare la tua
identità al personale dell'elicottero da attacco.
"
0xef45,"Ho capito... quindi questa maschera riprende le
sembianze di qualcuno.
","Ho capito... quindi questa maschera riprende le
sembianze di qualcuno.
"
0xef8d,"Esatto.
","Esatto.
"
0xef96,"E se incontro il tizio in questione?
","E se incontro il tizio in questione?
"
0xefbc,"Non sarà certo un problema.
","Non sarà certo un problema.
"
0xefda,"In che senso?
","In che senso?
"
0xefe9,"L'uomo ripreso dalla maschera è un ufficiale
del GRU.
","L'uomo ripreso dalla maschera è un ufficiale
del GRU.
"
0xf021,"Sei nell'ambito d'influenza del KGB. È poco
probabile che t'imbatterai in lui.
","Sei nell'ambito d'influenza del KGB. È poco
probabile che t'imbatterai in lui.
"
0xf072,"E se succede?
","E se succede?
"
0xf081,"Dagliele di santa ragione.
","Dagliele di santa ragione.
"
0xf09d,"Snake, quando incontri Sokolov, non ti mettere
quella maschera.
","Snake, quando incontri Sokolov, non ti mettere
quella maschera.
"
0xf0de,"Perché?
","Perché?
"
0xf0e8,"Non gradirebbe.
","Non gradirebbe.
"
0xf0f9,"Non gradirebbe?
","Non gradirebbe?
"
0xf10a,"No.
","No.
"
0xf10f,"Perché?
","Perché?
"
0xf119,"Dammi retta. Non gli piacerebbe.
","Dammi retta. Non gli piacerebbe.
"
0xf13b,"...?
","...?
"
0xf141,"Ti servirà il pieno appoggio di Sokolov per
completare questa missione. Non fare niente
che possa fargli perdere la fiducia nei tuoi
confronti.
","Ti servirà il pieno appoggio di Sokolov per
completare questa missione. Non fare niente
che possa fargli perdere la fiducia nei tuoi
confronti.
"
0xf1d3,"Quando entri per incontrare Sokolov, assicurati
di toglierti la maschera. Intesi?
","Quando entri per incontrare Sokolov, assicurati
di toglierti la maschera. Intesi?
"
0xf226,"Snake, stai all'erta. Sia il KGB che il GRU
tengono d'occhio Sokolov.
","Snake, stai all'erta. Sia il KGB che il GRU
tengono d'occhio Sokolov.
"
0xf26d,"Il GRU è un gruppo di spionaggio militare, il
reparto di intelligence dell'Ufficio di Stato
Maggiore del Ministero della Difesa sovietico.
","Il GRU è un gruppo di spionaggio militare, il
reparto di intelligence dell'Ufficio di Stato
Maggiore del Ministero della Difesa sovietico.
"
0xf2fa,"È in competizione con il KGB, che dipende dal
Ministero degli Affari Interni, e i due si tengono
sempre d'occhio a vicenda.
","È in competizione con il KGB, che dipende dal
Ministero degli Affari Interni, e i due si tengono
sempre d'occhio a vicenda.
"
0xf378,"La tua mano sinistra non sappia mai cosa fa la
tua mano destra.
","La tua mano sinistra non sappia mai cosa fa la
tua mano destra.
"
0xf3b9,"Esattamente. Ora, oltre a questa rivalità,
","Esattamente. Ora, oltre a questa rivalità,
"
0xf3e6,"è in corso una terribile lotta di potere tra la
fazione di Krusciov e quella avversaria.
","è in corso una terribile lotta di potere tra la
fazione di Krusciov e quella avversaria.
"
0xf441,"E così, Krusciov ricorre al KGB, mentre Volgin
e la fazione avversaria a Krusciov ricorrono al
GRU?
","E così, Krusciov ricorre al KGB, mentre Volgin
e la fazione avversaria a Krusciov ricorrono al
GRU?
"
0xf4a7,"Più o meno. Le due fazioni si contendono
Sokolov. Qui la situazione è estremamente
pericolosa.
","Più o meno. Le due fazioni si contendono
Sokolov. Qui la situazione è estremamente
pericolosa.
"
0xf509,"Già, me ne rendo conto.
","Già, me ne rendo conto.
"
0xf523,"Porta in salvo Sokolov da lì. Non deve essere
consegnato al KGB o al GRU.
","Porta in salvo Sokolov da lì. Non deve essere
consegnato al KGB o al GRU.
"
0xf56f,"Sokolov è scappato in direzione del ponte di
corda. Vagli dietro. Sbrigati!
","Sokolov è scappato in direzione del ponte di
corda. Vagli dietro. Sbrigati!
"
0xf5bd,"Major, è riuscito a contattare The Boss?
","Major, è riuscito a contattare The Boss?
"
0xf5e8,"No.
","No.
"
0xf5ed,"E tu?
","E tu?
"
0xf5f4,"Niente.
","Niente.
"
0xf5fd,"Crede davvero che si tratti di problemi di
ricezione?
","Crede davvero che si tratti di problemi di
ricezione?
"
0xf634,"Ci stiamo lavorando su.
","Ci stiamo lavorando su.
"
0xf64d,"Major...
","Major...
"
0xf657,"Snake, hai cose più importanti di cui occuparti
che non contattare The Boss.
","Snake, hai cose più importanti di cui occuparti
che non contattare The Boss.
"
0xf6a6,"In questo momento, Sokolov è lì fuori, nella
giungla, a vagare da solo. Che farai se viene
catturato dal nemico?
","In questo momento, Sokolov è lì fuori, nella
giungla, a vagare da solo. Che farai se viene
catturato dal nemico?
"
0xf71a,"...
","...
"
0xf71f,"Stiamo ancora accertando il motivo per cui
abbiamo perso contatto con The Boss. Ti farò
sapere non appena scopriamo qualcosa.
","Stiamo ancora accertando il motivo per cui
abbiamo perso contatto con The Boss. Ti farò
sapere non appena scopriamo qualcosa.
"
0xf79f,"Nel frattempo, è compito tuo trovare Sokolov e
portarlo in salvo. Intesi?
","Nel frattempo, è compito tuo trovare Sokolov e
portarlo in salvo. Intesi?
"
0xf7eb,"A proposito, Snake, cosa stavi facendo là?
","A proposito, Snake, cosa stavi facendo là?
"
0xf818,"Là dove?
","Là dove?
"
0xf823,"Stavi dando qualche consiglio a un
comandante del GRU, non è vero?
","Stavi dando qualche consiglio a un
comandante del GRU, non è vero?
"
0xf868,"Già...
","Già...
"
0xf871,"È tuo nemico. Cosa diavolo pensi di...
","È tuo nemico. Cosa diavolo pensi di...
"
0xf89a,"Ma senti tu! Cos'era tutto quel parlare della
mano sulla prima cartuccia, o qualcosa del
genere?
","Ma senti tu! Cos'era tutto quel parlare della
mano sulla prima cartuccia, o qualcosa del
genere?
"
0xf8fc,"Mmm...
","Mmm...
"
0xf904,"Ogni volta che metteva una nuova piastrina
nella sua arma, caricava sempre la prima
cartuccia a mano, sia che ci fosse rimasto un
altro colpo nella camera oppure no.
","Ogni volta che metteva una nuova piastrina
nella sua arma, caricava sempre la prima
cartuccia a mano, sia che ci fosse rimasto un
altro colpo nella camera oppure no.
"
0xf9ab,"È una tecnica che insegnano in Medio Oriente.
","È una tecnica che insegnano in Medio Oriente.
"
0xf9db,"Assicurandoti che rimanga sempre una
cartuccia nella camera, non corri il rischio di
premere il grilletto senza che ci sia qualcosa
da sparare.
","Assicurandoti che rimanga sempre una
cartuccia nella camera, non corri il rischio di
premere il grilletto senza che ci sia qualcosa
da sparare.
"
0xfa6c,"Deve averlo sentito dire da qualcuno, o letto
da qualche parte... in ogni caso, è probabile
che volesse provarlo di persona.
","Deve averlo sentito dire da qualcuno, o letto
da qualche parte... in ogni caso, è probabile
che volesse provarlo di persona.
"
0xfaeb,"Perché, naturalmente, la sua vanità lo ha
spinto a far sfoggio della sua nuova tecnica. È
proprio allora che si commettono gli errori.
","Perché, naturalmente, la sua vanità lo ha
spinto a far sfoggio della sua nuova tecnica. È
proprio allora che si commettono gli errori.
"
0xfb76,"Il campo di battaglia è un posto che non
perdona.
","Il campo di battaglia è un posto che non
perdona.
"
0xfbaa,"Le sole tecniche di cui puoi fidarti sono quelle
che hai acquisito con l'esperienza e la pratica.
","Le sole tecniche di cui puoi fidarti sono quelle
che hai acquisito con l'esperienza e la pratica.
"
0xfc0d,"Uh huh. E cosa dicevi del fatto che lui era più
adatto ai revolver?
","Uh huh. E cosa dicevi del fatto che lui era più
adatto ai revolver?
"
0xfc53,"Quando faceva fuoco, piegava in modo netto il
gomito per evitare il rinculo.
","Quando faceva fuoco, piegava in modo netto il
gomito per evitare il rinculo.
"
0xfca1,"Sembrava non rendersene conto, ma
quell'abitudine può rivelarsi un errore fatale
oppure un dono.
","Sembrava non rendersene conto, ma
quell'abitudine può rivelarsi un errore fatale
oppure un dono.
"
0xfd04,"In che senso?
","In che senso?
"
0xfd13,"Le armi automatiche funzionano con il rinculo,
quindi se non ti lasci colpire dal rinculo, la
rotazione dell'arma ne risente.
","Le armi automatiche funzionano con il rinculo,
quindi se non ti lasci colpire dal rinculo, la
rotazione dell'arma ne risente.
"
0xfd92,"Insomma, non dovrebbe cercare di evitare
l'impatto in quel modo.
","Insomma, non dovrebbe cercare di evitare
l'impatto in quel modo.
"
0xfdd4,"Ma con un revolver, non c'è bisogno di farsi
colpire dal rinculo.
","Ma con un revolver, non c'è bisogno di farsi
colpire dal rinculo.
"
0xfe18,"Anzi, è l'opposto: evitando il rinculo, diminuisce
lo sforzo prodotto sulla mano e sul braccio.
","Anzi, è l'opposto: evitando il rinculo, diminuisce
lo sforzo prodotto sulla mano e sul braccio.
"
0xfe7a,"Quel ragazzo potrebbe tornare utile con un
revolver di calibro elevato.
","Quel ragazzo potrebbe tornare utile con un
revolver di calibro elevato.
"
0xfec3,"Utile...?
","Utile...?
"
0xfece,"Ma ascolti quello che dici?
","Ma ascolti quello che dici?
"
0xfeeb,"Che vuoi dire?
","Che vuoi dire?
"
0xfefb,"Lui è un nemico! Perché gli dai consigli?
","Lui è un nemico! Perché gli dai consigli?
"
0xff28,"...
","...
"
0xff2d,"Snake?
","Snake?
"
0xff35,"... Che ne so. Per qualche motivo, non ho
potuto fare a meno di farglielo notare...
","... Che ne so. Per qualche motivo, non ho
potuto fare a meno di farglielo notare...
"
0xff8a,"... Snake, ti senti bene?
","... Snake, ti senti bene?
"
0xffa5,"... Ma sì...
","... Ma sì...
"
0xffb4,"Snake, lascia che ti spieghi i vari stati di allerta
del nemico.
","Snake, lascia che ti spieghi i vari stati di allerta
del nemico.
"
0xfff6,"Prima di tutto, c'è lo stato in cui il nemico in
zona è all'oscuro della tua presenza. Questa è
la fase Normale.
","Prima di tutto, c'è lo stato in cui il nemico in
zona è all'oscuro della tua presenza. Questa è
la fase Normale.
"
0x1006b,"Nella fase Normale, i nemici eseguono le
normali procedure di pattugliamento e altre
attività,
","Nella fase Normale, i nemici eseguono le
normali procedure di pattugliamento e altre
attività,
"
0x100cc,"senza rappresentare un grande pericolo per te.
","senza rappresentare un grande pericolo per te.
"
0x100fc,"Ma se individuano un intruso, cioè te,
attaccheranno nel tentativo di neutralizzarti.
Questa è la fase di Allerta.
","Ma se individuano un intruso, cioè te,
attaccheranno nel tentativo di neutralizzarti.
Questa è la fase di Allerta.
"
0x10172,"La fase di Allerta dura finché il nemico non ti
perde di vista.
","La fase di Allerta dura finché il nemico non ti
perde di vista.
"
0x101b4,"Anche dopo averti perso di vista, il nemico
continuerà a perlustrare la zona per un po' di
tempo. Questa è la fase di Fuga.
","Anche dopo averti perso di vista, il nemico
continuerà a perlustrare la zona per un po' di
tempo. Questa è la fase di Fuga.
"
0x10233,"La fase di Fuga dura finché il nemico non porta
a termine la perlustrazione.
","La fase di Fuga dura finché il nemico non porta
a termine la perlustrazione.
"
0x10282,"Una volta finita la fase di Fuga, il nemico
dovrebbe rientrare alla base.
","Una volta finita la fase di Fuga, il nemico
dovrebbe rientrare alla base.
"
0x102cd,"Una volta terminata la perlustrazione, il nemico
passa in fase di Cautela.
","Una volta terminata la perlustrazione, il nemico
passa in fase di Cautela.
"
0x10319,"In fase di Cautela, i soldati nemici saranno più
cauti durante il pattugliamento ed è più
probabile che sarà più difficile individuarli.
","In fase di Cautela, i soldati nemici saranno più
cauti durante il pattugliamento ed è più
probabile che sarà più difficile individuarli.
"
0x103a8,"Oltre alle normali pattuglie, c'è la possibilità
che inviino reparti di perlustrazione aggiuntivi.
Quindi tieni gli occhi bene aperti.
","Oltre alle normali pattuglie, c'è la possibilità
che inviino reparti di perlustrazione aggiuntivi.
Quindi tieni gli occhi bene aperti.
"
0x10432,"Che succede? Ti aspettavi qualcosa di
diverso?
","Che succede? Ti aspettavi qualcosa di
diverso?
"
0x10462,"Ora vai a cercare Sokolov e portalo via da lì.
","Ora vai a cercare Sokolov e portalo via da lì.
"
0x10493,"Se equipaggi le granate e premi il tasto Armi in
visuale Posteriore, puoi lanciare una granata
mentre ti ripari dietro una barriera.
","Se equipaggi le granate e premi il tasto Armi in
visuale Posteriore, puoi lanciare una granata
mentre ti ripari dietro una barriera.
"
0x10519,"Questa tecnica dovrebbe tornarti utile durante
gli scontri a fuoco. Fanne buon uso.
","Questa tecnica dovrebbe tornarti utile durante
gli scontri a fuoco. Fanne buon uso.
"
0x1056e,"Snake, tutto bene? Sembri stanco morto.
","Snake, tutto bene? Sembri stanco morto.
"
0x10597,"No, per niente.
","No, per niente.
"
0x105a8,"Non devi mica fare l'eroe.
","Non devi mica fare l'eroe.
"
0x105c4,"Non faccio l'eroe.
","Non faccio l'eroe.
"
0x105d8,"Davvero? Perdi la forza di presa appena dopo
pochi secondi che sei in sospensione.
Scommetto che non riesci neanche a tenere
dritta l'arma.
","Davvero? Perdi la forza di presa appena dopo
pochi secondi che sei in sospensione.
Scommetto che non riesci neanche a tenere
dritta l'arma.
"
0x10665,"...
","...
"
0x1066a,"Il tuo corpo è sfinito. Guarda l'indicatore del
Vigore. È quasi vuoto, vero?
","Il tuo corpo è sfinito. Guarda l'indicatore del
Vigore. È quasi vuoto, vero?
"
0x106ba,"Non puoi continuare la missione in questo
stato. Devi mangiare qualcosa e recuperare il
vigore.
","Non puoi continuare la missione in questo
stato. Devi mangiare qualcosa e recuperare il
vigore.
"
0x1071b,"Hai preso del cibo, vero?
","Hai preso del cibo, vero?
"
0x10736,"Già.
","Già.
"
0x1073d,"Per mangiare il cibo, premi il tasto START per
attivare il Visore di Sopravvivenza, poi
seleziona CIBO.
","Per mangiare il cibo, premi il tasto START per
attivare il Visore di Sopravvivenza, poi
seleziona CIBO.
"
0x107a6,"Usa la levetta analogica sinistra per scegliere il
cibo che vuoi consumare e premi il tasto Invio
per mangiarlo.
","Usa la levetta analogica sinistra per scegliere il
cibo che vuoi consumare e premi il tasto Invio
per mangiarlo.
"
0x10818,"Dovrai mettere la missione in pausa per un po'.
Prima devi cacciare qualcosa da mangiare.
","Dovrai mettere la missione in pausa per un po'.
Prima devi cacciare qualcosa da mangiare.
"
0x10873,"Ma...
","Ma...
"
0x1087a,"Mi hai sentito? Vai a caccia!
","Mi hai sentito? Vai a caccia!
"
0x10899,"...
","...
"
0x1089e,"Andare a caccia di cibo è una parte essenziale
della tua missione. Quando il vigore raggiunge
livelli bassi, bada di mangiare qualcosa. Intesi?
","Andare a caccia di cibo è una parte essenziale
della tua missione. Quando il vigore raggiunge
livelli bassi, bada di mangiare qualcosa. Intesi?
"
0x10930,"Snake, ci sono altri modi di recuperare il
vigore, oltre che mangiando.
","Snake, ci sono altri modi di recuperare il
vigore, oltre che mangiando.
"
0x10979,"E quali sarebbero?
","E quali sarebbero?
"
0x1098d,"Riposando, ad esempio.
","Riposando, ad esempio.
"
0x109a5,"Riposando?
","Riposando?
"
0x109b1,"Per riposarti, non devi fare altro che salvare e
uscire dal gioco.
","Per riposarti, non devi fare altro che salvare e
uscire dal gioco.
"
0x109f5,"La prossima volta che carichi i dati di gioco
salvati e continui il gioco, il vigore e
l'ENERGIA VITALE saranno aumentati.
","La prossima volta che carichi i dati di gioco
salvati e continui il gioco, il vigore e
l'ENERGIA VITALE saranno aumentati.
"
0x10a71,"La quantità di ripresa dipende dalla durata del
riposo.
","La quantità di ripresa dipende dalla durata del
riposo.
"
0x10aab,"Quindi, più mi riposo, più recupero le forze?
","Quindi, più mi riposo, più recupero le forze?
"
0x10adc,"Proprio così.
","Proprio così.
"
0x10aec,"Se sei talmente affaticato da non avere
neanche la forza di trovare del cibo,
","Se sei talmente affaticato da non avere
neanche la forza di trovare del cibo,
"
0x10b3b,"salva il gioco e riposati e ti rimetterai in sesto.
","salva il gioco e riposati e ti rimetterai in sesto.
"
0x10b70,"Spero che non succeda mai.
","Spero che non succeda mai.
"
0x10b8c,"Anche io. Ma non si sa mai. Tienilo presente,
okay?
","Anche io. Ma non si sa mai. Tienilo presente,
okay?
"
0x10bc1,"Lo farò.
","Lo farò.
"
0x10bcc,"Snake, in nome del cielo...
","Snake, in nome del cielo...
"
0x10be9,"Come mi sta?
","Come mi sta?
"
0x10bf7,"Benissimo!
","Benissimo!
"
0x10c03,"Eh?
","Eh?
"
0x10c08,"Ti sta a meraviglia.
","Ti sta a meraviglia.
"
0x10c1e,"Davvero?
","Davvero?
"
0x10c28,"Certo!
","Certo!
"
0x10c30,"Non credo che ""a meraviglia"" sia proprio
l'espressione adatta.
","Non credo che ""a meraviglia"" sia proprio
l'espressione adatta.
"
0x10c70,"Perché? Cos'ha che non va?
","Perché? Cos'ha che non va?
"
0x10c8d,"Cos'ha che...
","Cos'ha che...
"
0x10c9c,"Non lo trovi un po' ridicolo? Non ti fa ridere?
Non hai intenzione di chiedermi a cosa diavolo
stessi pensando?
","Non lo trovi un po' ridicolo? Non ti fa ridere?
Non hai intenzione di chiedermi a cosa diavolo
stessi pensando?
"
0x10d0d,"No.
","No.
"
0x10d12,"...
","...
"
0x10d17,"Penso che sia davvero carino. Mi ricorda
""Uomini coccodrillo"".
","Penso che sia davvero carino. Mi ricorda
""Uomini coccodrillo"".
"
0x10d57,"... I che?
","... I che?
"
0x10d63,"Uomini coccodrillo. È un film di fantascienza.
Non lo hai mai sentito?
","Uomini coccodrillo. È un film di fantascienza.
Non lo hai mai sentito?
"
0x10dac,"No.
","No.
"
0x10db1,"Oh... dovresti vederlo, prima o poi.
","Oh... dovresti vederlo, prima o poi.
"
0x10dd7,"Parla di un tipo che rimane ferito in un
incidente stradale e tenta di curarsi le ferite
iniettandosi un siero di coccodrillo,
","Parla di un tipo che rimane ferito in un
incidente stradale e tenta di curarsi le ferite
iniettandosi un siero di coccodrillo,
"
0x10e57,"ma poi il suo capo si trasforma in una testa di
coccodrillo.
","ma poi il suo capo si trasforma in una testa di
coccodrillo.
"
0x10e95,"Con quella maschera sei identico a lui.
Incredibile.
","Con quella maschera sei identico a lui.
Incredibile.
"
0x10ecb,"Ho capito...
","Ho capito...
"
0x10ed9,"???
","???
"
0x10ede,"Ah, lasciamo stare.
","Ah, lasciamo stare.
"
0x10ef3,"Suppongo che potresti travestirti da coccodrillo
indossando quel cappello ed emergendo
dall'acqua con la testa.
","Suppongo che potresti travestirti da coccodrillo
indossando quel cappello ed emergendo
dall'acqua con la testa.
"
0x10f64,"Snake, sbrigati a curarti le ferite!
","Snake, sbrigati a curarti le ferite!
"
0x10f8a,"Snake, non hai finito di curarti le ferite. Vai nel
Visore di Sopravvivenza e sistema le altre
ferite!
","Snake, non hai finito di curarti le ferite. Vai nel
Visore di Sopravvivenza e sistema le altre
ferite!
"
0x10ff2,"Snake, mantenendo alto l'Indice di
Mimetizzazione, il nemico avrà più difficoltà a
individuarti, ma non è questo il solo vantaggio.
","Snake, mantenendo alto l'Indice di
Mimetizzazione, il nemico avrà più difficoltà a
individuarti, ma non è questo il solo vantaggio.
"
0x1107b,"Più è difficile distinguerti dall'ambiente
circostante, più è difficile colpirti.
","Più è difficile distinguerti dall'ambiente
circostante, più è difficile colpirti.
"
0x110d2,"In altre parole, gli spari del nemico andranno a
vuoto più spesso.
","In altre parole, gli spari del nemico andranno a
vuoto più spesso.
"
0x11117,"Fai tutto ciò che puoi per tenere alto l'Indice di
Mimetizzazione, in ogni momento.
","Fai tutto ciò che puoi per tenere alto l'Indice di
Mimetizzazione, in ogni momento.
"
0x1116d,"Snake, quando abbatti un nido di calabroni, un
grande sciame di calabroni uscirà all'esterno.
","Snake, quando abbatti un nido di calabroni, un
grande sciame di calabroni uscirà all'esterno.
"
0x111cd,"Se usi questo a tuo vantaggio, puoi seminare il
panico tra i nemici, ma se non stai attento, i
calabroni potrebbero finire per attaccare te.
","Se usi questo a tuo vantaggio, puoi seminare il
panico tra i nemici, ma se non stai attento, i
calabroni potrebbero finire per attaccare te.
"
0x1125b,"Se i calabroni ti attaccano, agita da una parte
all'altra la levetta analogica sinistra oppure il
coltello di sopravvivenza per scacciarli.
","Se i calabroni ti attaccano, agita da una parte
all'altra la levetta analogica sinistra oppure il
coltello di sopravvivenza per scacciarli.
"
0x112e8,"Dovrebbe funzionare anche agitando una torcia
con il tasto CQC.
","Dovrebbe funzionare anche agitando una torcia
con il tasto CQC.
"
0x11329,"Il fumo è un'altra soluzione utile a tenere
lontani i calabroni.
","Il fumo è un'altra soluzione utile a tenere
lontani i calabroni.
"
0x1136c,"Se vieni attaccato dai calabroni, ti consiglio di
provare a usare una bomba fumogena.
","Se vieni attaccato dai calabroni, ti consiglio di
provare a usare una bomba fumogena.
"
0x113c3,"E se usi l'insetticida, i calabroni dovrebbero
tenersi a distanza finché dura l'effetto.
","E se usi l'insetticida, i calabroni dovrebbero
tenersi a distanza finché dura l'effetto.
"
0x1141e,"I calabroni tendono ad agitarsi e a diventare
aggressivi quando vedono il colore nero.
","I calabroni tendono ad agitarsi e a diventare
aggressivi quando vedono il colore nero.
"
0x11476,"I loro attacchi saranno più feroci se indossi
vestiti neri.
","I loro attacchi saranno più feroci se indossi
vestiti neri.
"
0x114b4,"Se ti attaccano i calabroni, dovresti indossare
abiti bianchi.
","Se ti attaccano i calabroni, dovresti indossare
abiti bianchi.
"
0x114f4,"Major, cos'è l'Ufficio di progettazione Granin di
cui parlava Sokolov?
","Major, cos'è l'Ufficio di progettazione Granin di
cui parlava Sokolov?
"
0x1153d,"L'OKB-812. È lo stesso tipo di struttura
top-secret come l'OKB-754 di Sokolov.
","L'OKB-812. È lo stesso tipo di struttura
top-secret come l'OKB-754 di Sokolov.
"
0x1158e,"Il direttore è un uomo di nome Aleksandr
Leonovitch Granin.
","Il direttore è un uomo di nome Aleksandr
Leonovitch Granin.
"
0x115cc,"È l'acerrimo rivale di Sokolov e i due sono in
aspra competizione fin dai tempi della guerra.
","È l'acerrimo rivale di Sokolov e i due sono in
aspra competizione fin dai tempi della guerra.
"
0x1162c,"A detta di Sokolov, tuttavia, la rivalità era solo
nella testa di Granin.
","A detta di Sokolov, tuttavia, la rivalità era solo
nella testa di Granin.
"
0x11678,"In ogni caso, Granin sembra covare un insolito
odio profondo contro Sokolov.
","In ogni caso, Granin sembra covare un insolito
odio profondo contro Sokolov.
"
0x116c6,"Sapendo che Sokolov era sotto la protezione di
Krusciov,
","Sapendo che Sokolov era sotto la protezione di
Krusciov,
"
0x11700,"Granin si mise dalla parte di Volgin, il capo del
movimento contrario a Krusciov.
","Granin si mise dalla parte di Volgin, il capo del
movimento contrario a Krusciov.
"
0x11753,"A quanto pare, Granin intendeva usare i fondi
forniti da queste forze di opposizione per
sconfiggere il suo vecchio nemico.
","A quanto pare, Granin intendeva usare i fondi
forniti da queste forze di opposizione per
sconfiggere il suo vecchio nemico.
"
0x117d0,"Da parte sua, Volgin
","Da parte sua, Volgin
"
0x117e6,"era attratto dalla possibilità di usare le armi
sofisticate che Granin aveva creato nella lotta
contro Krusciov.
","era attratto dalla possibilità di usare le armi
sofisticate che Granin aveva creato nella lotta
contro Krusciov.
"
0x11859,"Così, i due formarono un'alleanza e Volgin
assunse il controllo dell'Ufficio di progettazione
Granin.
","Così, i due formarono un'alleanza e Volgin
assunse il controllo dell'Ufficio di progettazione
Granin.
"
0x118c1,"Ma ora Volgin ha preso di mira Sokolov?
","Ma ora Volgin ha preso di mira Sokolov?
"
0x118ea,"Sì. Sembra che lui e Granin non vadano molto
d'accordo.
","Sì. Sembra che lui e Granin non vadano molto
d'accordo.
"
0x11924,"Major, mi dica qualcosa di più sulla corsa alla
conquista spaziale.
","Major, mi dica qualcosa di più sulla corsa alla
conquista spaziale.
"
0x1196a,"Nel 1957, l'Unione Sovietica lanciò con
successo in orbita il suo primo satellite
artificiale, lo Sputnik.
","Nel 1957, l'Unione Sovietica lanciò con
successo in orbita il suo primo satellite
artificiale, lo Sputnik.
"
0x119d7,"Essendo stato battuto in questa gara dai
sovietici,
","Essendo stato battuto in questa gara dai
sovietici,
"
0x11a0c,"il governo statunitense accelerò il proprio
programma spaziale nel tentativo di recuperare
il tempo perso.
","il governo statunitense accelerò il proprio
programma spaziale nel tentativo di recuperare
il tempo perso.
"
0x11a79,"L'anno successivo, i programmi di sviluppo
spaziale delle varie filiali dei servizi
","L'anno successivo, i programmi di sviluppo
spaziale delle varie filiali dei servizi
"
0x11ace,"furono riuniti per costituire la NASA, ossia
l'Ente Nazionale Aeronautico e Spaziale
americano.
","furono riuniti per costituire la NASA, ossia
l'Ente Nazionale Aeronautico e Spaziale
americano.
"
0x11b2f,"Nello stesso anno, fu lanciato il programma
Mercury allo scopo di mandare un uomo nello
spazio.
","Nello stesso anno, fu lanciato il programma
Mercury allo scopo di mandare un uomo nello
spazio.
"
0x11b90,"Come primi astronauti, furono scelti sette
candidati tra i ranghi dell'esercito. Erano questi
gli uomini con la ""stoffa giusta"".
","Come primi astronauti, furono scelti sette
candidati tra i ranghi dell'esercito. Erano questi
gli uomini con la ""stoffa giusta"".
"
0x11c12,"Ma come sai, fu il cosmonauta sovietico Yuri
Gagarin a compiere il primo volo spaziale con
equipaggio umano tre anni fa.
","Ma come sai, fu il cosmonauta sovietico Yuri
Gagarin a compiere il primo volo spaziale con
equipaggio umano tre anni fa.
"
0x11c8c,"Il primo volo balistico riuscito della NASA
avvenne un mese dopo la missione di Gagarin,
","Il primo volo balistico riuscito della NASA
avvenne un mese dopo la missione di Gagarin,
"
0x11ce6,"con la Freedom 7 che trasportò Alan Shepard
nello spazio.
","con la Freedom 7 che trasportò Alan Shepard
nello spazio.
"
0x11d22,"Dopo di allora, con l'America indietro rispetto
ai sovietici nei voli orbitali, il Presidente
Kennedy prese una decisione memorabile.
","Dopo di allora, con l'America indietro rispetto
ai sovietici nei voli orbitali, il Presidente
Kennedy prese una decisione memorabile.
"
0x11da9,"Che l'America avrebbe mandato un uomo sulla
luna prima della fine del decennio.
","Che l'America avrebbe mandato un uomo sulla
luna prima della fine del decennio.
"
0x11dfa,"Già, ho sentito quel discorso. Ma parecchie
persone che conoscevo non ne furono molto
felici...
","Già, ho sentito quel discorso. Ma parecchie
persone che conoscevo non ne furono molto
felici...
"
0x11e5c,"Dicevano che nessuno li avrebbe fatti andare
in missione per fare saltare una qualche
dannata base lunare.
","Dicevano che nessuno li avrebbe fatti andare
in missione per fare saltare una qualche
dannata base lunare.
"
0x11ec8,"Ma le ricerche nel campo dei razzi e dei missili
sono strettamente correlate.
","Ma le ricerche nel campo dei razzi e dei missili
sono strettamente correlate.
"
0x11f17,"Se vuoi, immagina una Unione Sovietica in
grado di inviare continue ondate di missili
nucleari
","Se vuoi, immagina una Unione Sovietica in
grado di inviare continue ondate di missili
nucleari
"
0x11f77,"a piovere su Washington da una base sulla
superficie lunare.
","a piovere su Washington da una base sulla
superficie lunare.
"
0x11fb5,"Anche se è ancora molto lontano dalla realtà...
","Anche se è ancora molto lontano dalla realtà...
"
0x11fe8,"Se perdiamo l'iniziativa, potremmo non riuscire
più a riprenderla in mano. Non abbiamo altra
scelta: dobbiamo continuare ad andare avanti,
un passo alla volta.
","Se perdiamo l'iniziativa, potremmo non riuscire
più a riprenderla in mano. Non abbiamo altra
scelta: dobbiamo continuare ad andare avanti,
un passo alla volta.
"
0x1208a,"Il programma Gemini lanciato due anni fa
rappresenta il primo passo verso la fondazione
di una base lunare.
","Il programma Gemini lanciato due anni fa
rappresenta il primo passo verso la fondazione
di una base lunare.
"
0x120f7,"Eppure...
","Eppure...
"
0x12102,"Non voglio dire che il Presidente Kennedy sia
un bugiardo, ma non riesco proprio a
immaginare che in sei anni l'uomo avrà
raggiunto la luna.
","Non voglio dire che il Presidente Kennedy sia
un bugiardo, ma non riesco proprio a
immaginare che in sei anni l'uomo avrà
raggiunto la luna.
"
0x12191,"Non lo so. Non avrei nemmeno pensato che ce
l'avremmo fatta ad andare nello spazio.
","Non lo so. Non avrei nemmeno pensato che ce
l'avremmo fatta ad andare nello spazio.
"
0x121e6,"Immagino che dipenda tutto dalla volontà di
farlo accadere.
","Immagino che dipenda tutto dalla volontà di
farlo accadere.
"
0x12224,"Forse hai ragione.
","Forse hai ragione.
"
0x12238,"Major, Lei ha detto che i nemici erano del
KGB, vero?
","Major, Lei ha detto che i nemici erano del
KGB, vero?
"
0x1226f,"È così.
","È così.
"
0x1227a,"Di che reparto erano? Il Sesto Direttorio?
","Di che reparto erano? Il Sesto Direttorio?
"
0x122a6,"No, il Nono Direttorio.
","No, il Nono Direttorio.
"
0x122bf,"Il Nono?
","Il Nono?
"
0x122c9,"Sì.
","Sì.
"
0x122cf,"Ma pensavo che fosse...
","Ma pensavo che fosse...
"
0x122e8,"Esattamente. È il reparto che protegge il
Cremlino e fornisce le guardie del corpo ai
pezzi grossi di alto livello.
","Esattamente. È il reparto che protegge il
Cremlino e fornisce le guardie del corpo ai
pezzi grossi di alto livello.
"
0x1235e,"Ma sono assegnati a proteggere i membri ""del
Partito e del governo"".
","Ma sono assegnati a proteggere i membri ""del
Partito e del governo"".
"
0x123a4,"Pensavo che significasse solo gli ufficiali di
alto rango e le loro famiglie.
","Pensavo che significasse solo gli ufficiali di
alto rango e le loro famiglie.
"
0x123f3,"E ora li mandano a fare la guardia a
un'esercitazione sul campo?
","E ora li mandano a fare la guardia a
un'esercitazione sul campo?
"
0x12435,"È questa l'idea.
","È questa l'idea.
"
0x12448,"Ma che sta succedendo in realtà?
","Ma che sta succedendo in realtà?
"
0x1246b,"Non lo so.
","Non lo so.
"
0x12477,"...
","...
"
0x1247c,"Quello che so è che a capo del Nono Direttorio
c'è un noto protetto di Krusciov.
","Quello che so è che a capo del Nono Direttorio
c'è un noto protetto di Krusciov.
"
0x124d0,"Il premier avrà voluto assegnare questa
missione a qualcuno di cui sapeva di potersi
fidare.
","Il premier avrà voluto assegnare questa
missione a qualcuno di cui sapeva di potersi
fidare.
"
0x1252f,"Allora non può fare affidamento su altri
reparti?
","Allora non può fare affidamento su altri
reparti?
"
0x12563,"Dal giorno del ritiro da Cuba, la posizione di
Krusciov si sta indebolendo ogni giorno di più.
","Dal giorno del ritiro da Cuba, la posizione di
Krusciov si sta indebolendo ogni giorno di più.
"
0x125c4,"Questo test segreto è un'azione disperata di
un uomo con le spalle al muro.
","Questo test segreto è un'azione disperata di
un uomo con le spalle al muro.
"
0x12612,"Se non altro, il completamento della nuova
arma di Sokolov in questo test
","Se non altro, il completamento della nuova
arma di Sokolov in questo test
"
0x1265d,"dovrebbe contribuire a ristabilire l'autorità di
Krusciov a Mosca.
","dovrebbe contribuire a ristabilire l'autorità di
Krusciov a Mosca.
"
0x126a2,"Allora sta dicendo che c'è una buona
probabilità che coloro che non vogliono che
accada proveranno a interferire con il test?
","Allora sta dicendo che c'è una buona
probabilità che coloro che non vogliono che
accada proveranno a interferire con il test?
"
0x12723,"È probabile. Krusciov deve averlo intuito e per
questo ha inviato il suo reparto più fedele, il
suo asso nella manica, per garantire la riuscita
dell'operazione.
","È probabile. Krusciov deve averlo intuito e per
questo ha inviato il suo reparto più fedele, il
suo asso nella manica, per garantire la riuscita
dell'operazione.
"
0x127c8,"Major, sa niente del colonnello del GRU di cui
parlava Sokolov?
","Major, sa niente del colonnello del GRU di cui
parlava Sokolov?
"
0x12809,"Sì.
","Sì.
"
0x1280f,"Chi è?
","Chi è?
"
0x12818,"Un uomo molto pericoloso.
","Un uomo molto pericoloso.
"
0x12833,"Si chiama Yevgeny Borisovitch Volgin. In
Occidente, il suo nome in codice è
""Thunderbolt"".
","Si chiama Yevgeny Borisovitch Volgin. In
Occidente, il suo nome in codice è
""Thunderbolt"".
"
0x12890,"Si è guadagnato la fama del maestro delle spie
sovietiche più brutale e spietato.
","Si è guadagnato la fama del maestro delle spie
sovietiche più brutale e spietato.
"
0x128e5,"Durante la guerra, Volgin fu assegnato al ramo
interno dell'NKVD.
","Durante la guerra, Volgin fu assegnato al ramo
interno dell'NKVD.
"
0x12928,"Era stato collocato nelle retrovie sovietiche per
catturare e punire gli eventuali soldati che
avessero tentato di ritirarsi o disertare.
","Era stato collocato nelle retrovie sovietiche per
catturare e punire gli eventuali soldati che
avessero tentato di ritirarsi o disertare.
"
0x129b3,"È famoso anche per le sue ""imprese"" nelle
operazioni antiguerriglia in Ucraina e negli stati
del Baltico.
","È famoso anche per le sue ""imprese"" nelle
operazioni antiguerriglia in Ucraina e negli stati
del Baltico.
"
0x12a1f,"A quanto pare, gli piace vantarsi di avere
""liquidato"" più di 100.000 anticomunisti.
","A quanto pare, gli piace vantarsi di avere
""liquidato"" più di 100.000 anticomunisti.
"
0x12a76,"Sappiamo pure che ebbe un ruolo nella
repressione dell'insurrezione del 1953 in
Germania dell'Est e nella rivolta del 1956 in
Ungheria.
","Sappiamo pure che ebbe un ruolo nella
repressione dell'insurrezione del 1953 in
Germania dell'Est e nella rivolta del 1956 in
Ungheria.
"
0x12aff,"È un uomo davvero spaventoso. Non si può
mai sapere cosa può tramare. Fai attenzione.
","È un uomo davvero spaventoso. Non si può
mai sapere cosa può tramare. Fai attenzione.
"
0x12b59,"Lo farò.
","Lo farò.
"
0x12b64,"Major, non aveva detto che The Boss era nel
SAS con lei?
","Major, non aveva detto che The Boss era nel
SAS con lei?
"
0x12b9e,"Sì. Eravamo insieme nel 22º Reggimento del
SAS.
","Sì. Eravamo insieme nel 22º Reggimento del
SAS.
"
0x12bd1,"Quando fu istituito il SAS, cioè il servizio aereo
speciale britannico, invitarono a bordo The
Boss come consulente speciale.
","Quando fu istituito il SAS, cioè il servizio aereo
speciale britannico, invitarono a bordo The
Boss come consulente speciale.
"
0x12c51,"Anzi, si potrebbe dire che fu The Boss a
riunire la Rayforce e il Distaccamento L,
","Anzi, si potrebbe dire che fu The Boss a
riunire la Rayforce e il Distaccamento L,
"
0x12ca5,"che sono alla base del moderno SAS.
","che sono alla base del moderno SAS.
"
0x12cca,"Non troverai il suo nome nei libri di storia, ma i
suoi contributi sono stati numerosi e
importanti.
","Non troverai il suo nome nei libri di storia, ma i
suoi contributi sono stati numerosi e
importanti.
"
0x12d30,"I veri eroi non sono mai resi pubblici.
","I veri eroi non sono mai resi pubblici.
"
0x12d59,"Non nel nostro mestiere, almeno.
","Non nel nostro mestiere, almeno.
"
0x12d7b,"Anche la prova di Eliopoli e i raid notturni sulle
basi aeree tedesche in Nord-Africa furono una
sua idea.
","Anche la prova di Eliopoli e i raid notturni sulle
basi aeree tedesche in Nord-Africa furono una
sua idea.
"
0x12de7,"Sì, era sempre un passo avanti a tutti noi altri,
sia nel pensiero che nell'azione.
","Sì, era sempre un passo avanti a tutti noi altri,
sia nel pensiero che nell'azione.
"
0x12e3d,"È vero il detto: ""Chi osa, vince"".
","È vero il detto: ""Chi osa, vince"".
"
0x12e62,"Il motto del SAS.
","Il motto del SAS.
"
0x12e75,"Esattamente. Lo stesso motto è un tributo ai
suoi servizi.
","Esattamente. Lo stesso motto è un tributo ai
suoi servizi.
"
0x12eb2,"Non c'è bisogno di dire che il SAS è preso a
modello dai reparti di forze speciali di tutto il
mondo.
","Non c'è bisogno di dire che il SAS è preso a
modello dai reparti di forze speciali di tutto il
mondo.
"
0x12f1b,"In quel senso, The Boss è davvero la madre
delle forze speciali.
","In quel senso, The Boss è davvero la madre
delle forze speciali.
"
0x12f5e,"Snake, se vai a finire nell'acqua o nel fango, ti
bagnerai i piedi.
","Snake, se vai a finire nell'acqua o nel fango, ti
bagnerai i piedi.
"
0x12fa3,"Se poi ti metti a camminare, ti lascerai dietro
le orme e i nemici potrebbero seguirle per
arrivare diritti a te.
","Se poi ti metti a camminare, ti lascerai dietro
le orme e i nemici potrebbero seguirle per
arrivare diritti a te.
"
0x13016,"Cerca più possibile di evitare di camminare
nell'acqua o nel fango.
","Cerca più possibile di evitare di camminare
nell'acqua o nel fango.
"
0x1305c,"Se tuttavia ti si bagnano i piedi, striscia per
evitare di lasciare orme.
","Se tuttavia ti si bagnano i piedi, striscia per
evitare di lasciare orme.
"
0x130a7,"Se non vuoi farti seguire da nessuno,
assicurati di strisciare.
","Se non vuoi farti seguire da nessuno,
assicurati di strisciare.
"
