0x177c,"PERSONAL DATA [1/4]

CODENAME:MAJOR TOM
SEX:MALE
AGE:55
NATIONALITY:U.K
BIRTHDATE:8/12/1909
BIRTHPLACE:EXETER,ENG.
ADDRESS:PORTSMOUTH,NH.
","PERSONAL DATA [1/4]

CODENAME:MAJOR TOM
SEX:MALE
AGE:55
NATIONALITY:U.K
BIRTHDATE:8/12/1909
BIRTHPLACE:EXETER,ENG.
ADDRESS:PORTSMOUTH,NH.
"
0x1807,"PERSONAL DATA [1/4]

CODENAME:MAJOR ZERO
SEX:MALE
AGE:55
NATIONALITY:U.K
BIRTHDATE:8/12/1909
BIRTHPLACE:EXETER,ENG.
ADDRESS:PORTSMOUTH,NH.
","PERSONAL DATA [1/4]

CODENAME:MAJOR ZERO
SEX:MALE
AGE:55
NATIONALITY:U.K
BIRTHDATE:8/12/1909
BIRTHPLACE:EXETER,ENG.
ADDRESS:PORTSMOUTH,NH.
"
0x1893,"PERSONAL DATA [2/4]

HEIGHT:6% 5/8~
WEIGHT:174q
HAIR:GREY
EYE:GREYISH BLUE
SKIN:WHITE
VOICE:JIM PIDDOCK
MTN ACTR:TAKASHI KUBO
","PERSONAL DATA [2/4]

HEIGHT:6% 5/8~
WEIGHT:174q
HAIR:GREY
EYE:GREYISH BLUE
SKIN:WHITE
VOICE:JIM PIDDOCK
MTN ACTR:TAKASHI KUBO
"
0x1912,"PERSONAL DATA [3/4]

EYESIGHT:20/13
BLOOD TYPE:A
PAST ILLNESSES:GOUT
FAMILY:PARENTS,A SISTER
HOBBY:MOVIE,HUNTING
FVRT FOOD:SHEPHERD'S PIE
UNFVRT FOOD:HAMBURGER
","PERSONAL DATA [3/4]

EYESIGHT:20/13
BLOOD TYPE:A
PAST ILLNESSES:GOUT
FAMILY:PARENTS,A SISTER
HOBBY:MOVIE,HUNTING
FVRT FOOD:SHEPHERD'S PIE
UNFVRT FOOD:HAMBURGER
"
0x19b3,"PERSONAL DATA [4/4]

FVRT MOVIE:SPY/WAR MOVIE
FVRT ANIMAL:HORSE
FVRT LIQUOR:WHISKEY
FVRT SPORT:RUGBY
FVRT TEA:DIMBULA
FVRT UMA:NESSIE
MOTTO:WHO DARES WINS
","PERSONAL DATA [4/4]

FVRT MOVIE:SPY/WAR MOVIE
FVRT ANIMAL:HORSE
FVRT LIQUOR:WHISKEY
FVRT SPORT:RUGBY
FVRT TEA:DIMBULA
FVRT UMA:NESSIE
MOTTO:WHO DARES WINS
"
0x1a4f,"PERSONAL DATA [1/3]

CODENAME:MAJOR TOM
SEX:MALE
AGE:55
NATIONALITY:U.K
BIRTHDATE:8/12/1909
BIRTHPLACE:EXETER,ENG.
ADDRESS:PORTSMOUTH,NH.
","PERSONAL DATA [1/3]

CODENAME:MAJOR TOM
SEX:MALE
AGE:55
NATIONALITY:U.K
BIRTHDATE:8/12/1909
BIRTHPLACE:EXETER,ENG.
ADDRESS:PORTSMOUTH,NH.
"
0x1ada,"PERSONAL DATA [1/3]

CODENAME:MAJOR ZERO
SEX:MALE
AGE:55
NATIONALITY:U.K
BIRTHDATE:8/12/1909
BIRTHPLACE:EXETER,ENG.
ADDRESS:PORTSMOUTH,NH.
","PERSONAL DATA [1/3]

CODENAME:MAJOR ZERO
SEX:MALE
AGE:55
NATIONALITY:U.K
BIRTHDATE:8/12/1909
BIRTHPLACE:EXETER,ENG.
ADDRESS:PORTSMOUTH,NH.
"
0x1b66,"PERSONAL DATA [2/3]

HEIGHT:6% 5/8~
WEIGHT:174q
HAIR:GREY
EYE:GREYISH BLUE
SKIN:WHITE
VOICE:JIM PIDDOCK
MTN ACTR:TAKASHI KUBO
","PERSONAL DATA [2/3]

HEIGHT:6% 5/8~
WEIGHT:174q
HAIR:GREY
EYE:GREYISH BLUE
SKIN:WHITE
VOICE:JIM PIDDOCK
MTN ACTR:TAKASHI KUBO
"
0x1be5,"PERSONAL DATA [3/3]

EYESIGHT:20/13
BLOOD TYPE:A
PAST ILLNESSES:GOUT
FAMILY:PARENTS,A SISTER
HOBBY:MOVIE,HUNTING
FVRT FOOD:SHEPHERD'S PIE
UNFVRT FOOD:HAMBURGER
","PERSONAL DATA [3/3]

EYESIGHT:20/13
BLOOD TYPE:A
PAST ILLNESSES:GOUT
FAMILY:PARENTS,A SISTER
HOBBY:MOVIE,HUNTING
FVRT FOOD:SHEPHERD'S PIE
UNFVRT FOOD:HAMBURGER
"
0x1c86,"PERSONAL DATA [1/2]

CODENAME:MAJOR TOM
SEX:MALE
AGE:55
NATIONALITY:U.K
BIRTHDATE:8/12/1909
BIRTHPLACE:EXETER,ENG.
ADDRESS:PORTSMOUTH,NH.
","PERSONAL DATA [1/2]

CODENAME:MAJOR TOM
SEX:MALE
AGE:55
NATIONALITY:U.K
BIRTHDATE:8/12/1909
BIRTHPLACE:EXETER,ENG.
ADDRESS:PORTSMOUTH,NH.
"
0x1d11,"PERSONAL DATA [1/2]

CODENAME:MAJOR ZERO
SEX:MALE
AGE:55
NATIONALITY:U.K
BIRTHDATE:8/12/1909
BIRTHPLACE:EXETER,ENG.
ADDRESS:PORTSMOUTH,NH.
","PERSONAL DATA [1/2]

CODENAME:MAJOR ZERO
SEX:MALE
AGE:55
NATIONALITY:U.K
BIRTHDATE:8/12/1909
BIRTHPLACE:EXETER,ENG.
ADDRESS:PORTSMOUTH,NH.
"
0x1d9d,"PERSONAL DATA [2/2]

HEIGHT:6% 5/8~
WEIGHT:174q
HAIR:GREY
EYE:GREYISH BLUE
SKIN:WHITE
VOICE:JIM PIDDOCK
MTN ACTR:TAKASHI KUBO
","PERSONAL DATA [2/2]

HEIGHT:6% 5/8~
WEIGHT:174q
HAIR:GREY
EYE:GREYISH BLUE
SKIN:WHITE
VOICE:JIM PIDDOCK
MTN ACTR:TAKASHI KUBO
"
0x1e1c,"PERSONAL DATA [1/1]

CODENAME:MAJOR TOM
SEX:MALE
AGE:55
NATIONALITY:U.K
BIRTHDATE:8/12/1909
BIRTHPLACE:EXETER,ENG.
ADDRESS:PORTSMOUTH,NH.
","PERSONAL DATA [1/1]

CODENAME:MAJOR TOM
SEX:MALE
AGE:55
NATIONALITY:U.K
BIRTHDATE:8/12/1909
BIRTHPLACE:EXETER,ENG.
ADDRESS:PORTSMOUTH,NH.
"
0x1ea7,"PERSONAL DATA [1/1]

CODENAME:MAJOR ZERO
SEX:MALE
AGE:55
NATIONALITY:U.K
BIRTHDATE:8/12/1909
BIRTHPLACE:EXETER,ENG.
ADDRESS:PORTSMOUTH,NH.
","PERSONAL DATA [1/1]

CODENAME:MAJOR ZERO
SEX:MALE
AGE:55
NATIONALITY:U.K
BIRTHDATE:8/12/1909
BIRTHPLACE:EXETER,ENG.
ADDRESS:PORTSMOUTH,NH.
"
0x1f33,"PERSONAL DATA [1/4]

CODENAME:PARA-MEDIC
SEX:FEMALE
AGE:28
NATIONALITY:U.S.A
BIRTHDATE:6/22/1936
BIRTHPLACE:BOSTON,MA.
ADDRESS:BOSTON,MA.
","PERSONAL DATA [1/4]

CODENAME:PARA-MEDIC
SEX:FEMALE
AGE:28
NATIONALITY:U.S.A
BIRTHDATE:6/22/1936
BIRTHPLACE:BOSTON,MA.
ADDRESS:BOSTON,MA.
"
0x1fbe,"PERSONAL DATA [2/4]

HEIGHT:5% 5 7/8~
WEIGHT:TOP SECRET
HAIR:RED
EYE:BROWN
SKIN:WHITE
VOICE:HEATHER HALLEY
MTN ACTR:ERIKO HIRATA
","PERSONAL DATA [2/4]

HEIGHT:5% 5 7/8~
WEIGHT:TOP SECRET
HAIR:RED
EYE:BROWN
SKIN:WHITE
VOICE:HEATHER HALLEY
MTN ACTR:ERIKO HIRATA
"
0x2040,"PERSONAL DATA [3/4]

EYESIGHT:20/25
BLOOD TYPE:B
PAST ILLNESSES:NONE
FAMILY:PARENTS,2 BROTHERS
HOBBY:MOVIE
FVRT FOOD:SUSHI
UNFVRT FOOD:CRAB
","PERSONAL DATA [3/4]

EYESIGHT:20/25
BLOOD TYPE:B
PAST ILLNESSES:NONE
FAMILY:PARENTS,2 BROTHERS
HOBBY:MOVIE
FVRT FOOD:SUSHI
UNFVRT FOOD:CRAB
"
0x20cd,"PERSONAL DATA [4/4]

FVRT MOVIE:EVERY MOVIE
FVRT ANIMAL:LITTLE BIRD
FVRT LIQUOR:JAPANESE SAKE
MEASUREMENTS:TOP SECRET!
TRETMNT SPCLTY:INJECTION
FVRT MASCOT:KEROTAN,GA-KO
FVRT MNSTR:VENUSIAN
","PERSONAL DATA [4/4]

FVRT MOVIE:EVERY MOVIE
FVRT ANIMAL:LITTLE BIRD
FVRT LIQUOR:JAPANESE SAKE
MEASUREMENTS:TOP SECRET!
TRETMNT SPCLTY:INJECTION
FVRT MASCOT:KEROTAN,GA-KO
FVRT MNSTR:VENUSIAN
"
0x218c,"PERSONAL DATA [1/3]

CODENAME:PARA-MEDIC
SEX:FEMALE
AGE:28
NATIONALITY:U.S.A
BIRTHDATE:6/22/1936
BIRTHPLACE:BOSTON,MA.
ADDRESS:BOSTON,MA.
","PERSONAL DATA [1/3]

CODENAME:PARA-MEDIC
SEX:FEMALE
AGE:28
NATIONALITY:U.S.A
BIRTHDATE:6/22/1936
BIRTHPLACE:BOSTON,MA.
ADDRESS:BOSTON,MA.
"
0x2217,"PERSONAL DATA [2/3]

HEIGHT:5% 5 7/8~
WEIGHT:TOP SECRET
HAIR:RED
EYE:BROWN
SKIN:WHITE
VOICE:HEATHER HALLEY
MTN ACTR:ERIKO HIRATA
","PERSONAL DATA [2/3]

HEIGHT:5% 5 7/8~
WEIGHT:TOP SECRET
HAIR:RED
EYE:BROWN
SKIN:WHITE
VOICE:HEATHER HALLEY
MTN ACTR:ERIKO HIRATA
"
0x2299,"PERSONAL DATA [3/3]

EYESIGHT:20/25
BLOOD TYPE:B
PAST ILLNESSES:NONE
FAMILY:PARENTS,2 BROTHERS
HOBBY:MOVIE
FVRT FOOD:SUSHI
UNFVRT FOOD:CRAB
","PERSONAL DATA [3/3]

EYESIGHT:20/25
BLOOD TYPE:B
PAST ILLNESSES:NONE
FAMILY:PARENTS,2 BROTHERS
HOBBY:MOVIE
FVRT FOOD:SUSHI
UNFVRT FOOD:CRAB
"
0x2326,"PERSONAL DATA [1/2]

CODENAME:PARA-MEDIC
SEX:FEMALE
AGE:28
NATIONALITY:U.S.A
BIRTHDATE:6/22/1936
BIRTHPLACE:BOSTON,MA.
ADDRESS:BOSTON,MA.
","PERSONAL DATA [1/2]

CODENAME:PARA-MEDIC
SEX:FEMALE
AGE:28
NATIONALITY:U.S.A
BIRTHDATE:6/22/1936
BIRTHPLACE:BOSTON,MA.
ADDRESS:BOSTON,MA.
"
0x23b1,"PERSONAL DATA [2/2]

HEIGHT:5% 5 7/8~
WEIGHT:TOP SECRET
HAIR:RED
EYE:BROWN
SKIN:WHITE
VOICE:HEATHER HALLEY
MTN ACTR:ERIKO HIRATA
","PERSONAL DATA [2/2]

HEIGHT:5% 5 7/8~
WEIGHT:TOP SECRET
HAIR:RED
EYE:BROWN
SKIN:WHITE
VOICE:HEATHER HALLEY
MTN ACTR:ERIKO HIRATA
"
0x2433,"PERSONAL DATA [1/1]

CODENAME:PARA-MEDIC
SEX:FEMALE
AGE:28
NATIONALITY:U.S.A
BIRTHDATE:6/22/1936
BIRTHPLACE:BOSTON,MA.
ADDRESS:BOSTON,MA.
","PERSONAL DATA [1/1]

CODENAME:PARA-MEDIC
SEX:FEMALE
AGE:28
NATIONALITY:U.S.A
BIRTHDATE:6/22/1936
BIRTHPLACE:BOSTON,MA.
ADDRESS:BOSTON,MA.
"
0x24be,"PERSONAL DATA [1/4]

CODENAME:SIGINT
SEX:MALE
AGE:24
NATIONALITY:U.S.A
BIRTHDATE:11/11/1939
BIRTHPLACE:NASHVILLE,TN.
ADDRESS:LANGLEY,VA.
","PERSONAL DATA [1/4]

CODENAME:SIGINT
SEX:MALE
AGE:24
NATIONALITY:U.S.A
BIRTHDATE:11/11/1939
BIRTHPLACE:NASHVILLE,TN.
ADDRESS:LANGLEY,VA.
"
0x2548,"PERSONAL DATA [2/4]

HEIGHT:6% 5/8~
WEIGHT:171q
HAIR:BALD
EYE:BROWN
SKIN:BLACK
VOICE:JAMES MATHIS
EYESIGHT:20/16
","PERSONAL DATA [2/4]

HEIGHT:6% 5/8~
WEIGHT:171q
HAIR:BALD
EYE:BROWN
SKIN:BLACK
VOICE:JAMES MATHIS
EYESIGHT:20/16
"
0x25ba,"PERSONAL DATA [3/4]

BLOOD TYPE:O
PAST ILLNESSES:NONE
FAMILY:PARENTS,A SISTER
HOBBY:BASKETBALL
FVRT FOOD:BUFFALO WINGS
UNFVRT FOOD:FISH & CHIPS
MST INTRSTD TECH:COMPUTER
","PERSONAL DATA [3/4]

BLOOD TYPE:O
PAST ILLNESSES:NONE
FAMILY:PARENTS,A SISTER
HOBBY:BASKETBALL
FVRT FOOD:BUFFALO WINGS
UNFVRT FOOD:FISH & CHIPS
MST INTRSTD TECH:COMPUTER
"
0x2665,"PERSONAL DATA [4/4]

FVRT ANIMAL:CAT
FVRT LIQUOR:BEER
FVRT UMA:SNOWMAN
FVRT UFO:ADAMSKI TYPE
PRIMARY INVNTNS:EZ GUN
NO. OF THIS YEAR'S WRRTN
APOLOGY:21
","PERSONAL DATA [4/4]

FVRT ANIMAL:CAT
FVRT LIQUOR:BEER
FVRT UMA:SNOWMAN
FVRT UFO:ADAMSKI TYPE
PRIMARY INVNTNS:EZ GUN
NO. OF THIS YEAR'S WRRTN
APOLOGY:21
"
0x26fe,"PERSONAL DATA [1/3]

CODENAME:SIGINT
SEX:MALE
AGE:24
NATIONALITY:U.S.A
BIRTHDATE:11/11/1939
BIRTHPLACE:NASHVILLE,TN.
ADDRESS:LANGLEY,VA.
","PERSONAL DATA [1/3]

CODENAME:SIGINT
SEX:MALE
AGE:24
NATIONALITY:U.S.A
BIRTHDATE:11/11/1939
BIRTHPLACE:NASHVILLE,TN.
ADDRESS:LANGLEY,VA.
"
0x2788,"PERSONAL DATA [2/3]

HEIGHT:6% 5/8~
WEIGHT:171q
HAIR:BALD
EYE:BROWN
SKIN:BLACK
VOICE:JAMES MATHIS
EYESIGHT:20/16
","PERSONAL DATA [2/3]

HEIGHT:6% 5/8~
WEIGHT:171q
HAIR:BALD
EYE:BROWN
SKIN:BLACK
VOICE:JAMES MATHIS
EYESIGHT:20/16
"
0x27fa,"PERSONAL DATA [3/3]

BLOOD TYPE:O
PAST ILLNESSES:NONE
FAMILY:PARENTS,A SISTER
HOBBY:BASKETBALL
FVRT FOOD:BUFFALO WINGS
UNFVRT FOOD:FISH & CHIPS
MST INTRSTD TECH:COMPUTER
","PERSONAL DATA [3/3]

BLOOD TYPE:O
PAST ILLNESSES:NONE
FAMILY:PARENTS,A SISTER
HOBBY:BASKETBALL
FVRT FOOD:BUFFALO WINGS
UNFVRT FOOD:FISH & CHIPS
MST INTRSTD TECH:COMPUTER
"
0x28a5,"PERSONAL DATA [1/2]

CODENAME:SIGINT
SEX:MALE
AGE:24
NATIONALITY:U.S.A
BIRTHDATE:11/11/1939
BIRTHPLACE:NASHVILLE,TN.
ADDRESS:LANGLEY,VA.
","PERSONAL DATA [1/2]

CODENAME:SIGINT
SEX:MALE
AGE:24
NATIONALITY:U.S.A
BIRTHDATE:11/11/1939
BIRTHPLACE:NASHVILLE,TN.
ADDRESS:LANGLEY,VA.
"
0x292f,"PERSONAL DATA [2/2]

HEIGHT:6% 5/8~
WEIGHT:171q
HAIR:BALD
EYE:BROWN
SKIN:BLACK
VOICE:JAMES MATHIS
EYESIGHT:20/16
","PERSONAL DATA [2/2]

HEIGHT:6% 5/8~
WEIGHT:171q
HAIR:BALD
EYE:BROWN
SKIN:BLACK
VOICE:JAMES MATHIS
EYESIGHT:20/16
"
0x29a1,"PERSONAL DATA [1/1]

CODENAME:SIGINT
SEX:MALE
AGE:24
NATIONALITY:U.S.A
BIRTHDATE:11/11/1939
BIRTHPLACE:NASHVILLE,TN.
ADDRESS:LANGLEY,VA.
","PERSONAL DATA [1/1]

CODENAME:SIGINT
SEX:MALE
AGE:24
NATIONALITY:U.S.A
BIRTHDATE:11/11/1939
BIRTHPLACE:NASHVILLE,TN.
ADDRESS:LANGLEY,VA.
"
0x2a2b,"Ropa de camuflaje, pintura en la cara y
movimientos tácticos...
","Ropa de camuflaje, pintura en la cara y
movimientos tácticos...
"
0x2a6d,"son los elementos del camuflaje con los que
podrás engañar al enemigo.
","son los elementos del camuflaje con los que
podrás engañar al enemigo.
"
0x2ab7,"Para camuflarte, pulsa primero el botón
START para acceder al Visualizador de
Supervivencia.
","Para camuflarte, pulsa primero el botón
START para acceder al Visualizador de
Supervivencia.
"
0x2b16,"A continuación, selecciona ""CAMUFLAJE"", y
aparecerán las siguientes opciones: ""CARA"" y
""UNIFORME"".
","A continuación, selecciona ""CAMUFLAJE"", y
aparecerán las siguientes opciones: ""CARA"" y
""UNIFORME"".
"
0x2b7c,"Selecciona ""CARA"" para pintarte la cara y
""UNIFORME"" para cambiarte de uniforme de
combate. Es así de fácil.
","Selecciona ""CARA"" para pintarte la cara y
""UNIFORME"" para cambiarte de uniforme de
combate. Es así de fácil.
"
0x2bec,"Pero elige siempre algo que se parezca al
lugar en el que te encuentras.
","Pero elige siempre algo que se parezca al
lugar en el que te encuentras.
"
0x2c36,"Tu uniforme de combate no es tan sólo algo
que ponerte encima.
","Tu uniforme de combate no es tan sólo algo
que ponerte encima.
"
0x2c77,"Para conseguir el efecto deseado del
camuflaje, tiene que fundirse con el lugar en el
que te encuentras.
","Para conseguir el efecto deseado del
camuflaje, tiene que fundirse con el lugar en el
que te encuentras.
"
0x2ce1,"Así que estés donde estés, selecciona un
uniforme que se confunda con el lugar en el
que estás.
","Así que estés donde estés, selecciona un
uniforme que se confunda con el lugar en el
que estás.
"
0x2d46,"El uniforme de camuflaje es un buen
comienzo, pero también necesitas pintarte la
cara.
","El uniforme de camuflaje es un buen
comienzo, pero también necesitas pintarte la
cara.
"
0x2d9f,"Si la situación requiere un nivel de camuflaje
alto, será mejor que te pintes la cara.
","Si la situación requiere un nivel de camuflaje
alto, será mejor que te pintes la cara.
"
0x2df9,"Para pintarte la cara, selecciona ""CARA"" del
menú de ""CAMUFLAJE"" del Visualizador de
Supervivencia.
","Para pintarte la cara, selecciona ""CARA"" del
menú de ""CAMUFLAJE"" del Visualizador de
Supervivencia.
"
0x2e5f,"Y luego, selecciona una pintura del mismo
color que el lugar en el que te encuentras.
","Y luego, selecciona una pintura del mismo
color que el lugar en el que te encuentras.
"
0x2eb6,"El índice de camuflaje, situado en la esquina
superior derecha de la pantalla, muestra si tu
uniforme es el indicado.
","El índice de camuflaje, situado en la esquina
superior derecha de la pantalla, muestra si tu
uniforme es el indicado.
"
0x2f2e,"Cuanto más alto sea el valor del índice, más
tardará el enemigo en descubrirte.
","Cuanto más alto sea el valor del índice, más
tardará el enemigo en descubrirte.
"
0x2f83,"Haz todo lo que puedas para que el índice del
camuflaje sea tan alto como sea posible.
","Haz todo lo que puedas para que el índice del
camuflaje sea tan alto como sea posible.
"
0x2fdc,"Ya tienes un uniforme y la cara pintada, pero
sólo eso no es todo lo necesario para un buen
camuflaje.
","Ya tienes un uniforme y la cara pintada, pero
sólo eso no es todo lo necesario para un buen
camuflaje.
"
0x3045,"El camuflaje consiste en fundirse en el
entorno.
","El camuflaje consiste en fundirse en el
entorno.
"
0x3077,"Para que el camuflaje sea completo, no tienes
que llamar la atención y evitar los movimientos
bruscos.
","Para que el camuflaje sea completo, no tienes
que llamar la atención y evitar los movimientos
bruscos.
"
0x30e0,"Siempre y cuando tengas el uniforme y la cara
pintada
","Siempre y cuando tengas el uniforme y la cara
pintada
"
0x3117,"y estés tumbado y quieto, no te podrán ver
desde lejos.
","y estés tumbado y quieto, no te podrán ver
desde lejos.
"
0x3152,"Por el contrario, si te mueves como un loco
con un buen uniforme de camuflaje, el enemigo
no tardará en descubrirte.
","Por el contrario, si te mueves como un loco
con un buen uniforme de camuflaje, el enemigo
no tardará en descubrirte.
"
0x31c9,"Así que si el enemigo te está buscando y se
está acercando demasiado, túmbate durante
un rato.
","Así que si el enemigo te está buscando y se
está acercando demasiado, túmbate durante
un rato.
"
0x322d,"Cuando encuentres un arma o un objeto, lo
primero que haces es meterlo en tu mochila,
¿no?
","Cuando encuentres un arma o un objeto, lo
primero que haces es meterlo en tu mochila,
¿no?
"
0x328a,"Pero no los podrás usar si están dentro de tu
mochila.
","Pero no los podrás usar si están dentro de tu
mochila.
"
0x32c4,"Para utilizar un arma u objeto, antes los tienes
que sacar de tu mochila y equiparte con ellos.
","Para utilizar un arma u objeto, antes los tienes
que sacar de tu mochila y equiparte con ellos.
"
0x3325,"Para sacar un objeto de tu mochila, selecciona
""MOCHILA"" del Visualizador de Supervivencia.
","Para sacar un objeto de tu mochila, selecciona
""MOCHILA"" del Visualizador de Supervivencia.
"
0x3382,"Para equiparte con un arma, selecciona la
opción ""ARMA"" del menú de ""BACKPACK"" del
Visualizador de Supervivencia.
","Para equiparte con un arma, selecciona la
opción ""ARMA"" del menú de ""BACKPACK"" del
Visualizador de Supervivencia.
"
0x33f7,"¿Has visto esa ventana de la izquierda?
Muestra una lista con todas las armas que
tienes.
","¿Has visto esa ventana de la izquierda?
Muestra una lista con todas las armas que
tienes.
"
0x3453,"Selecciona el arma con la que quieras
equiparte de la lista y pulsa el botón Enter
para sacarla de tu mochila.
","Selecciona el arma con la que quieras
equiparte de la lista y pulsa el botón Enter
para sacarla de tu mochila.
"
0x34c4,"Pero recuerda que hay máximo de armas que
puedes tener equipadas.
","Pero recuerda que hay máximo de armas que
puedes tener equipadas.
"
0x3508,"Así que deja las armas/objetos que no
necesites.
","Así que deja las armas/objetos que no
necesites.
"
0x353b,"Para meter un arma que tengas equipada en tu
mochila,
","Para meter un arma que tengas equipada en tu
mochila,
"
0x3572,"selecciona el arma que tengas de la lista de
armas y pulsa el botón Enter.
","selecciona el arma que tengas de la lista de
armas y pulsa el botón Enter.
"
0x35bf,"O si lo prefieres, puedes alinear el icono del
arma de la que te quieres desequipar con la
parte inferior y pulsar el botón Enter.
","O si lo prefieres, puedes alinear el icono del
arma de la que te quieres desequipar con la
parte inferior y pulsar el botón Enter.
"
0x3644,"Hazlo como mejor te parezca.
","Hazlo como mejor te parezca.
"
0x3662,"Y recuerda que todas las armas y objetos de
tu equipamiento pesan.
","Y recuerda que todas las armas y objetos de
tu equipamiento pesan.
"
0x36a6,"Y cuanto más pesen, más rápidamente
quemarás tu energía.
","Y cuanto más pesen, más rápidamente
quemarás tu energía.
"
0x36e5,"Podrás ver lo que pesa tu equipo desde la
pantalla de ""MOCHILA"" en el Visualizador de
Supervivencia.
","Podrás ver lo que pesa tu equipo desde la
pantalla de ""MOCHILA"" en el Visualizador de
Supervivencia.
"
0x374c,"Si quieres ahorrar energía, guarda en tu
mochila las armas y el equipamiento que no
necesites.
","Si quieres ahorrar energía, guarda en tu
mochila las armas y el equipamiento que no
necesites.
"
0x37ad,"Cuando estés utilizando un fusil de asalto,
pulsa el botón Arma para mantenerlo a la
altura de la cintura.
","Cuando estés utilizando un fusil de asalto,
pulsa el botón Arma para mantenerlo a la
altura de la cintura.
"
0x381b,"Te vendrá muy bien si tienes que disparar
rápidamente a enemigos que estén cerca, pero
te resultará difícil apuntar con precisión.
","Te vendrá muy bien si tienes que disparar
rápidamente a enemigos que estén cerca, pero
te resultará difícil apuntar con precisión.
"
0x38a5,"Si quieres disparar con mayor precisión, desde
lejos, utiliza el botón Apuntar.
","Si quieres disparar con mayor precisión, desde
lejos, utiliza el botón Apuntar.
"
0x38f8,"Equípate con el arma en Visión Primera
Persona y pulsa el botón Apuntar para apuntar
sujetando la pistola desde el hombro.
","Equípate con el arma en Visión Primera
Persona y pulsa el botón Apuntar para apuntar
sujetando la pistola desde el hombro.
"
0x3977,"Podrás apuntar con precisión gracias a las
mirillas frontales y laterales.
","Podrás apuntar con precisión gracias a las
mirillas frontales y laterales.
"
0x39c5,"Cuando estés apuntando al objetivo, la
precisión será igual que si estuvieras utilizando
el zoom.
","Cuando estés apuntando al objetivo, la
precisión será igual que si estuvieras utilizando
el zoom.
"
0x3a2b,"Cuando dispares repetidamente con un arma
como un fusil de asalto, el retroceso hará que
tu disparo se desvíe del objetivo.
","Cuando dispares repetidamente con un arma
como un fusil de asalto, el retroceso hará que
tu disparo se desvíe del objetivo.
"
0x3aaa,"Pero si te agachas o te tumbas, anularás el
efecto del retroceso.
","Pero si te agachas o te tumbas, anularás el
efecto del retroceso.
"
0x3aee,"Así que cuando quieras disparar con precisión,
agáchate o túmbate.
","Así que cuando quieras disparar con precisión,
agáchate o túmbate.
"
0x3b36,"Ésta es una misión de infiltración en solitario.
Tu supervivencia depende de tu habilidad.
","Ésta es una misión de infiltración en solitario.
Tu supervivencia depende de tu habilidad.
"
0x3b95,"Y ahí es donde entra el Visualizador de
Supervivencia.
","Y ahí es donde entra el Visualizador de
Supervivencia.
"
0x3bce,"El Visualizador de Supervivencia tiene todo lo
que necesitas para sobrevivir en el campo de
batalla.
","El Visualizador de Supervivencia tiene todo lo
que necesitas para sobrevivir en el campo de
batalla.
"
0x3c34,"Utiliza ""CAMUFLAJE"" para cambiar tu uniforme
y ""MOCHILA"" para seleccionar tu
equipamiento.
","Utiliza ""CAMUFLAJE"" para cambiar tu uniforme
y ""MOCHILA"" para seleccionar tu
equipamiento.
"
0x3c90,"""COMIDA"" para comer, ""CURA"" para curarte
las heridas y ""MAPA"" para ver un mapa de la
zona.
","""COMIDA"" para comer, ""CURA"" para curarte
las heridas y ""MAPA"" para ver un mapa de la
zona.
"
0x3cec,"También tienes la opción ""OPCIONES"" que te
permite configurar diferentes ajustes del juego.
","También tienes la opción ""OPCIONES"" que te
permite configurar diferentes ajustes del juego.
"
0x3d4b,"¿Entendido?
","¿Entendido?
"
0x3d59,"He oído que durante la Misión Virtuosa
luchaste contra tropas de la KGB. Pero esta
vez, tendrás que luchar contra Spetsnaz.
","He oído que durante la Misión Virtuosa
luchaste contra tropas de la KGB. Pero esta
vez, tendrás que luchar contra Spetsnaz.
"
0x3dd9,"Spetsnaz es la unidad de fuerzas especiales
del GRU, el ala de inteligencia de la Oficina
General del Ministerio Soviético de Defensa.
","Spetsnaz es la unidad de fuerzas especiales
del GRU, el ala de inteligencia de la Oficina
General del Ministerio Soviético de Defensa.
"
0x3e62,"La unidad Spetsnaz está entrenada en todo
tipo de operaciones, desde asesinatos, a
operaciones de demolición o a espionaje
táctico.
","La unidad Spetsnaz está entrenada en todo
tipo de operaciones, desde asesinatos, a
operaciones de demolición o a espionaje
táctico.
"
0x3eea,"Eso, y Volgin forrado. Su unión es una de las
más fuertes de toda la Unión Soviética, sino la
MÁS fuerte.
","Eso, y Volgin forrado. Su unión es una de las
más fuertes de toda la Unión Soviética, sino la
MÁS fuerte.
"
0x3f5a,"He oído que los enemigos con los que te
enfrentaste en la Misión Virtuosa sólo llevaban
AKs y granadas.
","He oído que los enemigos con los que te
enfrentaste en la Misión Virtuosa sólo llevaban
AKs y granadas.
"
0x3fc6,"Pues bien, ya no es así.
","Pues bien, ya no es así.
"
0x3fe1,"Además de AKs, algunas de las patrullas que
te cruzarás están equipadas con metralletas
Scorpion y fusiles.
","Además de AKs, algunas de las patrullas que
te cruzarás están equipadas con metralletas
Scorpion y fusiles.
"
0x4051,"Y las Scorpion son incluso más ligeras que las
AKs, y por lo tanto más fáciles de manejar.
","Y las Scorpion son incluso más ligeras que las
AKs, y por lo tanto más fáciles de manejar.
"
0x40b0,"Básicamente, un tío con una Scorpion tiene
más precisión que uno con una AK.
","Básicamente, un tío con una Scorpion tiene
más precisión que uno con una AK.
"
0x4102,"El fusil es un arma muy potente.
","El fusil es un arma muy potente.
"
0x4124,"Un sólo disparo causará muchísimos daños.
Chico, que no se te olvide.
","Un sólo disparo causará muchísimos daños.
Chico, que no se te olvide.
"
0x416f,"Eh Snake, ¿te acuerdas cuando en esa
fábrica abandonada recortaste la empuñadura
de esa .45?
","Eh Snake, ¿te acuerdas cuando en esa
fábrica abandonada recortaste la empuñadura
de esa .45?
"
0x41d0,"Sí.
","Sí.
"
0x41d6,"Nunca había visto nada igual. ¿Por qué la
empuñadura?
","Nunca había visto nada igual. ¿Por qué la
empuñadura?
"
0x4211,"Para acoplarle un cuchillo.
","Para acoplarle un cuchillo.
"
0x422e,"¿Un cuchillo? ¿Para tener al mismo tiempo
un fusil y un cuchillo?
","¿Un cuchillo? ¿Para tener al mismo tiempo
un fusil y un cuchillo?
"
0x4273,"Eso es.
","Eso es.
"
0x427c,"¿Y para qué?
","¿Y para qué?
"
0x428c,"Cuando el combate es cara a cara, un cuchillo
es más útil.
","Cuando el combate es cara a cara, un cuchillo
es más útil.
"
0x42ca,"Y si tengo ambas armas equipadas al mismo
tiempo, no tardo nada en cambiar de una a
otra.
","Y si tengo ambas armas equipadas al mismo
tiempo, no tardo nada en cambiar de una a
otra.
"
0x4325,"Puñetero... así que era eso...
","Puñetero... así que era eso...
"
0x4347,"...CQC.
","...CQC.
"
0x4350,"Snake, ten cuidado. En esa zona hay un
montón de badajos.
","Snake, ten cuidado. En esa zona hay un
montón de badajos.
"
0x438c,"Un badajo es un tipo de alarma que utilizan
para detectar a los intrusos.
","Un badajo es un tipo de alarma que utilizan
para detectar a los intrusos.
"
0x43d7,"Es una cuerda al ras del suelo unida a una lata
vacía.
","Es una cuerda al ras del suelo unida a una lata
vacía.
"
0x4410,"Cuando se tira de la cuerda, las latas se
mueven y hacen mucho ruido.
","Cuando se tira de la cuerda, las latas se
mueven y hacen mucho ruido.
"
0x4457,"Ese ruido alertará al enemigo que pasará a la
Fase Precaución. Y rastrearán la zona en la
que se movió la cuerda.
","Ese ruido alertará al enemigo que pasará a la
Fase Precaución. Y rastrearán la zona en la
que se movió la cuerda.
"
0x44cf,"Si crees que han colocado badajos por alguna
zona, ten cuidado. Si ves una cuerda, deténte
y busca una ruta alternativa.
","Si crees que han colocado badajos por alguna
zona, ten cuidado. Si ves una cuerda, deténte
y busca una ruta alternativa.
"
0x454a,"Y si no te apetece, rueda por el suelo.
","Y si no te apetece, rueda por el suelo.
"
0x4573,"Y si resulta que tiras de alguna cuerda, será
mejor que salgas huyendo antes de que llegue
el enemigo.
","Y si resulta que tiras de alguna cuerda, será
mejor que salgas huyendo antes de que llegue
el enemigo.
"
0x45dc,"Claro está, esos badajos están ya muy
superados. En el siglo XXI, probablemente
serán reemplazados por sensores infrarrojos.
","Claro está, esos badajos están ya muy
superados. En el siglo XXI, probablemente
serán reemplazados por sensores infrarrojos.
"
0x465d,"¿Infrarrojos?
","¿Infrarrojos?
"
0x466d,"Sí. En vez de una cuerda, será un haz de luz
la que accionará la alarma.
","Sí. En vez de una cuerda, será un haz de luz
la que accionará la alarma.
"
0x46ba,"Pero sería imposible evitar un haz de luz.
","Pero sería imposible evitar un haz de luz.
"
0x46e7,"No, en cuanto alguien inventa una nueva
trampa, a otro se le ocurre alguna forma de
evitarla.
","No, en cuanto alguien inventa una nueva
trampa, a otro se le ocurre alguna forma de
evitarla.
"
0x4746,"Y generalmente, el remedio es siempre mucho
más ""casero"" que la trampa.
","Y generalmente, el remedio es siempre mucho
más ""casero"" que la trampa.
"
0x4790,"Después de todo, la tecnología no vale de
nada si no se sabe cómo usarla.
","Después de todo, la tecnología no vale de
nada si no se sabe cómo usarla.
"
0x47de,"Creo el nombre de cada uno de los miembros
de la unidad Cobra les viene por las
emociones específicas que sienten en el
campo de batalla.
","Creo el nombre de cada uno de los miembros
de la unidad Cobra les viene por las
emociones específicas que sienten en el
campo de batalla.
"
0x486a,"¿Emociones?
","¿Emociones?
"
0x4878,"Sí.
","Sí.
"
0x487e,"Para el tormento insoportable, The Pain.
","Para el tormento insoportable, The Pain.
"
0x48a8,"Para el olvido total, The End.
","Para el olvido total, The End.
"
0x48c8,"Para la rabia sin límites, The Fury.
","Para la rabia sin límites, The Fury.
"
0x48ef,"Para el tremendo terror, The Fear.
","Para el tremendo terror, The Fear.
"
0x4913,"Y para la felicidad absoluta, The Joy.
","Y para la felicidad absoluta, The Joy.
"
0x493b,"¿The Joy?
","¿The Joy?
"
0x4947,"Sí, otro seudónimo de The Boss. Por la
felicidad que siente en el campo de batalla,
supongo.
","Sí, otro seudónimo de The Boss. Por la
felicidad que siente en el campo de batalla,
supongo.
"
0x49a7,"...
","...
"
0x49ac,"Durante la guerra, tuvo una pareja llamada The
Sorrow. Sorrow y Joy. Decían que estaban
hechos el uno para el otro.
","Durante la guerra, tuvo una pareja llamada The
Sorrow. Sorrow y Joy. Decían que estaban
hechos el uno para el otro.
"
0x4a22,"Esa Orden de Lenin de la que hablaba Granin
es la condecoración más prestigiosa de la
Unión Soviética.
","Esa Orden de Lenin de la que hablaba Granin
es la condecoración más prestigiosa de la
Unión Soviética.
"
0x4a8e,"Se la conceden a individuos, organizaciones y
ciudades que han destacado en el campo
bélico,
","Se la conceden a individuos, organizaciones y
ciudades que han destacado en el campo
bélico,
"
0x4aed,"científico, industrial, artístico, etc.
","científico, industrial, artístico, etc.
"
0x4b18,"Se podría decir que es el mayor
reconocimiento que se otorga en el Este.
","Se podría decir que es el mayor
reconocimiento que se otorga en el Este.
"
0x4b63,"¿Dices que Granin estuvo involucrado en el
desarrollo del SS-1C?
","¿Dices que Granin estuvo involucrado en el
desarrollo del SS-1C?
"
0x4ba6,"El SS-1C es el más novedoso misil balístico
táctico de corto alcance soviético.
","El SS-1C es el más novedoso misil balístico
táctico de corto alcance soviético.
"
0x4bfb,"Basado en la información conseguida en
Occidente, es capaz de lanzar misiles desde
una plataforma móvil.
","Basado en la información conseguida en
Occidente, es capaz de lanzar misiles desde
una plataforma móvil.
"
0x4c67,"¿Una plataforma móvil?
","¿Una plataforma móvil?
"
0x4c81,"Sí. Es un vehículo transportador que se puede
elevar y lanzar.
","Sí. Es un vehículo transportador que se puede
elevar y lanzar.
"
0x4cc3,"Puede ir por las carreteras, levantarse y lanzar
un misil desde cualquier lugar.
","Puede ir por las carreteras, levantarse y lanzar
un misil desde cualquier lugar.
"
0x4d15,"Y claro, además de los explosivos
convencionales, los misiles también se pueden
cargar con cabezas nucleares o químicas.
","Y claro, además de los explosivos
convencionales, los misiles también se pueden
cargar con cabezas nucleares o químicas.
"
0x4d92,"Un misil nuclear que se puede disparar desde
cualquier lugar...
","Un misil nuclear que se puede disparar desde
cualquier lugar...
"
0x4dd3,"Seguro que Granin no trabajó en el desarrollo
del misil, sino en el de la plataforma móvil.
","Seguro que Granin no trabajó en el desarrollo
del misil, sino en el de la plataforma móvil.
"
0x4e32,"Por lo que he oído, el SS-1C estará listo para
el año que viene.
","Por lo que he oído, el SS-1C estará listo para
el año que viene.
"
0x4e77,"¡Menudo golpe a la OTAN!
","¡Menudo golpe a la OTAN!
"
0x4e92,"Sigint, Granin mencionó algo sobre poner
patas a un tanque. ¿Sabes de qué hablaba?
","Sigint, Granin mencionó algo sobre poner
patas a un tanque. ¿Sabes de qué hablaba?
"
0x4ee9,"Si quieres mi opinión, creo que era un chiste.
","Si quieres mi opinión, creo que era un chiste.
"
0x4f1a,"No sólo es técnicamente dificilísimo hacer
andar a un tanque a dos patas, pero además,
¿para qué lo iba a hacer?
","No sólo es técnicamente dificilísimo hacer
andar a un tanque a dos patas, pero además,
¿para qué lo iba a hacer?
"
0x4f92,"Sólo sería más vulnerable al ataque del
enemigo y además, menos estable.
","Sólo sería más vulnerable al ataque del
enemigo y además, menos estable.
"
0x4fe0,"Con las patas, sería más fácil el transporte en
carreteras secundarias... pero para qué. Para
eso están los rodamientos, ¿no?
","Con las patas, sería más fácil el transporte en
carreteras secundarias... pero para qué. Para
eso están los rodamientos, ¿no?
"
0x5065,"Vamos, que el que piense hacer algo así, tiene
que estar loco perdido.
","Vamos, que el que piense hacer algo así, tiene
que estar loco perdido.
"
0x50ae,"... Y ahora que lo pienso, un tío americano
escribió un artículo sobre ese tema.
","... Y ahora que lo pienso, un tío americano
escribió un artículo sobre ese tema.
"
0x5103,"Como se llamaba... ¿Emerson?
¿Heinrich? ... Era algo así, no me acuerdo
exactamente.
","Como se llamaba... ¿Emerson?
¿Heinrich? ... Era algo así, no me acuerdo
exactamente.
"
0x515c,"Pero claro, nadie le tomó en serio.
","Pero claro, nadie le tomó en serio.
"
0x5182,"Sigint, Granin dijo que el proyecto de
investigación de Sokolov era un tanque con
cohetes...
","Sigint, Granin dijo que el proyecto de
investigación de Sokolov era un tanque con
cohetes...
"
0x51e1,"Uh, uh...
","Uh, uh...
"
0x51ec,"¿Sabes lo que quería decir?
","¿Sabes lo que quería decir?
"
0x520b,"... Lo siento. Ni idea.
","... Lo siento. Ni idea.
"
0x5224,"Mmm...
","Mmm...
"
0x522c,"Creo que será para aumentar la movilidad del
tanque... o igual teniendo en cuenta la
capacidad de lanzamiento del tanque lanzador
de misiles de corto alcance...
","Creo que será para aumentar la movilidad del
tanque... o igual teniendo en cuenta la
capacidad de lanzamiento del tanque lanzador
de misiles de corto alcance...
"
0x52cf,"Pero seguro que hablaba de la Fase 2 del
Shagohod, ¿no?
","Pero seguro que hablaba de la Fase 2 del
Shagohod, ¿no?
"
0x5309,"Sí.
","Sí.
"
0x530f,"Kruschev vendió a Cuba para acabarlo y
Volgin voló por los aires una planta de
investigación soviética para conseguirlo.
","Kruschev vendió a Cuba para acabarlo y
Volgin voló por los aires una planta de
investigación soviética para conseguirlo.
"
0x538d,"Sea lo que sea, tiene que merecer la pena.
","Sea lo que sea, tiene que merecer la pena.
"
0x53b9,"Sigint, ¿sabes algo del ""Legado de los
Filósofos"" del que hablaba Granin?
","Sigint, ¿sabes algo del ""Legado de los
Filósofos"" del que hablaba Granin?
"
0x5406,"Ni idea. Hasta ahora, nunca había oído nada
sobre ese tema.
","Ni idea. Hasta ahora, nunca había oído nada
sobre ese tema.
"
0x5445,"Vale...
","Vale...
"
0x544e,"Pero algo tengo claro. Volgin tiene un montón
de dinero en algún lado.
","Pero algo tengo claro. Volgin tiene un montón
de dinero en algún lado.
"
0x5498,"El Legado de los Filósofos, eh... Igual existe
realmente...
","El Legado de los Filósofos, eh... Igual existe
realmente...
"
0x54d6,"¿Has visto algún enemigo equipado con
lanzallamas?
","¿Has visto algún enemigo equipado con
lanzallamas?
"
0x550c,"Esos lanzallamas son M2s. Se utilizaron por
primera vez en la Segunda Guerra Mundial
durante la invasión de Guam.
","Esos lanzallamas son M2s. Se utilizaron por
primera vez en la Segunda Guerra Mundial
durante la invasión de Guam.
"
0x5580,"El M2 utiliza gas de nitrógeno a presión para
lanzar una mezcla explosiva de napalm y
gasolina.
","El M2 utiliza gas de nitrógeno a presión para
lanzar una mezcla explosiva de napalm y
gasolina.
"
0x55e3,"Son útiles para incendiar lugares que no se
pueden incendiar con fuego,
","Son útiles para incendiar lugares que no se
pueden incendiar con fuego,
"
0x562d,"como trincheras y búnkers.
","como trincheras y búnkers.
"
0x564a,"Pero ten cuidado, si te rocían con un
lanzallamas en un espacio reducido, como un
armario o una trinchera, ¡acabarás frito!
","Pero ten cuidado, si te rocían con un
lanzallamas en un espacio reducido, como un
armario o una trinchera, ¡acabarás frito!
"
0x56ca,"No te acerques demasiado a un enemigo que
tenga un lanzallamas.
","No te acerques demasiado a un enemigo que
tenga un lanzallamas.
"
0x570b,"Si quieres acabar con él, dispara desde un
lugar al que no lleguen las llamas.
","Si quieres acabar con él, dispara desde un
lugar al que no lleguen las llamas.
"
0x575c,"¿Y qué hacen con lanzallamas de fabricación
americana?
","¿Y qué hacen con lanzallamas de fabricación
americana?
"
0x5797,"Como muchas otras armas occidentales,
probablemente esos M2s se robaron para
investigarlos.
","Como muchas otras armas occidentales,
probablemente esos M2s se robaron para
investigarlos.
"
0x57f4,"Pero si los están utilizando... ¡es que van a
por ti en serio!
","Pero si los están utilizando... ¡es que van a
por ti en serio!
"
0x5836,"¿Qué quieres decir?
","¿Qué quieres decir?
"
0x584d,"El lanzallamas es un arma pesada, de corto
alcance y sólo se puede utilizar durante cortos
periodos de tiempo.
","El lanzallamas es un arma pesada, de corto
alcance y sólo se puede utilizar durante cortos
periodos de tiempo.
"
0x58be,"Y no sólo eso, si cogen a un soldado con un
lanzallamas, su muerte está prácticamente
asegurada.
","Y no sólo eso, si cogen a un soldado con un
lanzallamas, su muerte está prácticamente
asegurada.
"
0x5923,"Así que a menos que quieran limpiar la zona,
no llevan un lanzallamas consigo.
","Así que a menos que quieran limpiar la zona,
no llevan un lanzallamas consigo.
"
0x5974,"Y a pesar de todo, los tienen listos para
acabar contigo. ¿Para qué crees que lo
hacen?
","Y a pesar de todo, los tienen listos para
acabar contigo. ¿Para qué crees que lo
hacen?
"
0x59cf,"... Quieren vengarse...
","... Quieren vengarse...
"
0x59e8,"Bueno, has acabado con muchos hombres de
Volgin. No me extraña que te odien.
","Bueno, has acabado con muchos hombres de
Volgin. No me extraña que te odien.
"
0x5a37,"Bueno, has matado ya a tres miembros de la
unidad Cobra. Entenderás porqué Volgin la
tiene tomada contigo.
","Bueno, has matado ya a tres miembros de la
unidad Cobra. Entenderás porqué Volgin la
tiene tomada contigo.
"
0x5aa5,"¿Dices que los zapatos de Granin estaban
equipados con un transmisor?
","¿Dices que los zapatos de Granin estaban
equipados con un transmisor?
"
0x5aed,"En algo parecido ha estado trabajando la KGB
últimamente.
","En algo parecido ha estado trabajando la KGB
últimamente.
"
0x5b29,"Es justo como lo has descrito, un transmisor
en miniatura, suficientemente pequeño para
acoplarlo a un zapato.
","Es justo como lo has descrito, un transmisor
en miniatura, suficientemente pequeño para
acoplarlo a un zapato.
"
0x5b9a,"Granin dijo que los zapatos se los dio una
mujer llamada Tatyana... ¿Crees que es una
espía de la KGB?
","Granin dijo que los zapatos se los dio una
mujer llamada Tatyana... ¿Crees que es una
espía de la KGB?
"
0x5c04,"Puede ser. O igual todo es una treta para que
sospechemos de ella.
","Puede ser. O igual todo es una treta para que
sospechemos de ella.
"
0x5c48,"...
","...
"
0x5c4d,"Bueno, de todas formas tu trabajo es
descubrirlo.
","Bueno, de todas formas tu trabajo es
descubrirlo.
"
0x5c80,"... Tienes razón...
","... Tienes razón...
"
0x5c96,"Eso que EVA llevaba era una pistola que
parecía un pintalabios, también conocido por el
""Beso de la Muerte"".
","Eso que EVA llevaba era una pistola que
parecía un pintalabios, también conocido por el
""Beso de la Muerte"".
"
0x5d06,"Es un arma que utilizan las espías de la KGB
desde 1.950.
","Es un arma que utilizan las espías de la KGB
desde 1.950.
"
0x5d42,"La pistola utiliza balas de 4.5 mm.
","La pistola utiliza balas de 4.5 mm.
"
0x5d67,"Sólo tiene una bala, pero suficiente si se
apunta bien desde el lugar correcto.
","Sólo tiene una bala, pero suficiente si se
apunta bien desde el lugar correcto.
"
0x5db9,"No le llaman el ""Beso de la Muerte"" por nada.
","No le llaman el ""Beso de la Muerte"" por nada.
"
0x5de8,"La idea de Sokolov de plantar C3 en los
tanques de combustible líquido... no es una
mala idea.
","La idea de Sokolov de plantar C3 en los
tanques de combustible líquido... no es una
mala idea.
"
0x5e49,"El propulsor al que se refería era
probablemente UDMH, Dimetil Hidrazina
Asimétrica.
","El propulsor al que se refería era
probablemente UDMH, Dimetil Hidrazina
Asimétrica.
"
0x5ea1,"Es muy inflamable, pero muy difícil de
manejar. Si puedes hacerlo explotar con C3,
se llevará por delante todo el laboratorio de
armas, sin duda alguna.
","Es muy inflamable, pero muy difícil de
manejar. Si puedes hacerlo explotar con C3,
se llevará por delante todo el laboratorio de
armas, sin duda alguna.
"
0x5f3d,"Pero sólo si consigues colocar el C3 en el
lugar correcto de cada tanque. No la cagues.
","Pero sólo si consigues colocar el C3 en el
lugar correcto de cada tanque. No la cagues.
"
0x5f97,"Así que has encontrado una pistola de
anestesia con forma de cigarrillo.
","Así que has encontrado una pistola de
anestesia con forma de cigarrillo.
"
0x5fe2,"La pistola de anestesia con forma de cigarrillo
es, como su nombre indica, una pistola con
forma de cigarrillo que anestesia.
","La pistola de anestesia con forma de cigarrillo
es, como su nombre indica, una pistola con
forma de cigarrillo que anestesia.
"
0x6061,"Será un modelo en pruebas que están
desarrollando en el laboratorio de Granin para
los espías de la KGB.
","Será un modelo en pruebas que están
desarrollando en el laboratorio de Granin para
los espías de la KGB.
"
0x60ce,"Equípate con ella y pulsa el botón Arma para
disparar el gas adormecedor.
","Equípate con ella y pulsa el botón Arma para
disparar el gas adormecedor.
"
0x611b,"Su alcance es bastante corto, pero si le das al
enemigo, le dejarás fuera de combate.
","Su alcance es bastante corto, pero si le das al
enemigo, le dejarás fuera de combate.
"
0x6173,"Cuando estés disfrazado de científico, procura
que no te vean con un arma.
","Cuando estés disfrazado de científico, procura
que no te vean con un arma.
"
0x61c1,"Pero no llamarás la atención aunque estés
equipado con la pistola cigarrillo.
","Pero no llamarás la atención aunque estés
equipado con la pistola cigarrillo.
"
0x6213,"Aprovéchate de eso.
","Aprovéchate de eso.
"
0x6229,"¿Dices un pañuelo empapado con un
somnífero?
","¿Dices un pañuelo empapado con un
somnífero?
"
0x625a,"Con eso, podrás dormir al enemigo sólo con
agarrarle en CQC.
","Con eso, podrás dormir al enemigo sólo con
agarrarle en CQC.
"
0x629a,"También podrás pulsar el botón Arma para
mover el pañuelo y soltar el somnífero por el
aire.
","También podrás pulsar el botón Arma para
mover el pañuelo y soltar el somnífero por el
aire.
"
0x62fd,"Pero el pañuelo sólo tiene suficiente somnífero
para una vez, así que si lo quieres volver a
utilizar, lo tendrás que mojar de nuevo.
","Pero el pañuelo sólo tiene suficiente somnífero
para una vez, así que si lo quieres volver a
utilizar, lo tendrás que mojar de nuevo.
"
0x6389,"Por allí encontrarás algún tipo de somnífero.
","Por allí encontrarás algún tipo de somnífero.
"
0x63bc,"La MK-22 es una pistola tranquilizadora. La
puedes utilizar para neutralizar a enemigos sin
herirles.
","La MK-22 es una pistola tranquilizadora. La
puedes utilizar para neutralizar a enemigos sin
herirles.
"
0x6423,"El tiempo que el somnífero tarda en hacer
efecto depende de la parte del cuerpo en la
que le hayas dado al enemigo.
","El tiempo que el somnífero tarda en hacer
efecto depende de la parte del cuerpo en la
que le hayas dado al enemigo.
"
0x6499,"Si quieres que un enemigo se caiga redondo
de un solo disparo, apunta a la cabeza.
","Si quieres que un enemigo se caiga redondo
de un solo disparo, apunta a la cabeza.
"
0x64ed,"Puedes acoplar un silenciador a la MK-22.
","Puedes acoplar un silenciador a la MK-22.
"
0x6518,"Con un silenciador, no tendrás que
preocuparte de que nadie oiga los disparos.
","Con un silenciador, no tendrás que
preocuparte de que nadie oiga los disparos.
"
0x6569,"Pero, el silenciador se irá estropeando cada
vez que dispares.
","Pero, el silenciador se irá estropeando cada
vez que dispares.
"
0x65aa,"La durabilidad del silenciador aparece en el
icono del arma cuando ésta esté equipada con
un silenciador.
","La durabilidad del silenciador aparece en el
icono del arma cuando ésta esté equipada con
un silenciador.
"
0x6617,"¡No lo pierdas de vista!
","¡No lo pierdas de vista!
"
0x6632,"Para colocar un silenciador, pulsa el botón
Enter cuando la Ventana de Armas esté
abierta.
","Para colocar un silenciador, pulsa el botón
Enter cuando la Ventana de Armas esté
abierta.
"
0x6690,"Cuando no lo necesites, te recomendamos que
quites el silenciador.
","Cuando no lo necesites, te recomendamos que
quites el silenciador.
"
0x66d4,"El arma que tienes ahora equipada, es el
modelo prototipo de una MK-22,
","El arma que tienes ahora equipada, es el
modelo prototipo de una MK-22,
"
0x671d,"una pistola con silenciador que actualmente
está desarrollando la Marina.
","una pistola con silenciador que actualmente
está desarrollando la Marina.
"
0x6769,"La han modificado para que funcione como una
pistola tranquilizadora.
","La han modificado para que funcione como una
pistola tranquilizadora.
"
0x67b0,"La MK-22 es una variación para operaciones
especiales de la pistola M39 que utilizaban
como arma de costado los SEALS.
","La MK-22 es una variación para operaciones
especiales de la pistola M39 que utilizaban
como arma de costado los SEALS.
"
0x6829,"Probablemente la mayor diferencia con la M39,
es que tiene un cañón más largo, al que se le
puede acoplar un silenciador.
","Probablemente la mayor diferencia con la M39,
es que tiene un cañón más largo, al que se le
puede acoplar un silenciador.
"
0x68a7,"Y utiliza un mecanismo de seguro corredero,
","Y utiliza un mecanismo de seguro corredero,
"
0x68d4,"que la hace más silenciosa, pero que obliga a
cargar manualmente el arma cada vez que
disparas.
","que la hace más silenciosa, pero que obliga a
cargar manualmente el arma cada vez que
disparas.
"
0x6936,"También está equipada con miras altas
ajustables, así que podrás utilizar las miras
delanteras y traseras para apuntar incluso
cuando tengas un silenciador.
","También está equipada con miras altas
ajustables, así que podrás utilizar las miras
delanteras y traseras para apuntar incluso
cuando tengas un silenciador.
"
0x69d8,"Y además también han quitado el seguro.
","Y además también han quitado el seguro.
"
0x6a03,"Muy bien. Esa característica no ha sido muy
popular entre tíos como tú que conocéis bien
vuestras armas.
","Muy bien. Esa característica no ha sido muy
popular entre tíos como tú que conocéis bien
vuestras armas.
"
0x6a71,"E incluso le han quitado la palanca de
seguridad , y de esa forma, el martillo no se
caerá ni cuando esté puesto el seguro.
","E incluso le han quitado la palanca de
seguridad , y de esa forma, el martillo no se
caerá ni cuando esté puesto el seguro.
"
0x6af0,"¿Se puede entonces liberar el martillo y
disparar?
","¿Se puede entonces liberar el martillo y
disparar?
"
0x6b25,"Sí, y además el arma no hará ningún ruido al
soltar el martillo, aunque esté puesto el
seguro.
","Sí, y además el arma no hará ningún ruido al
soltar el martillo, aunque esté puesto el
seguro.
"
0x6b8a,"El arma perfecta para una misión de
infiltración.
","El arma perfecta para una misión de
infiltración.
"
0x6bbf,"Ah, veo que tienes una M37.
","Ah, veo que tienes una M37.
"
0x6bdc,"La M37 es un fusil del calibre 12 de acción
corredera.
","La M37 es un fusil del calibre 12 de acción
corredera.
"
0x6c15,"No es un arma con mucha precisión desde
lejos, pero con un solo disparo, mandarás al
enemigo por los aires.
","No es un arma con mucha precisión desde
lejos, pero con un solo disparo, mandarás al
enemigo por los aires.
"
0x6c84,"Muy útil cuando estés luchando en combates a
distancias cortas.
","Muy útil cuando estés luchando en combates a
distancias cortas.
"
0x6cc7,"Pero se tarda bastante en recargar, tenlo en
cuenta.
","Pero se tarda bastante en recargar, tenlo en
cuenta.
"
0x6cfd,"Pero lo que realmente caracteriza a la M37 es
su peso ligero.
","Pero lo que realmente caracteriza a la M37 es
su peso ligero.
"
0x6d3c,"Pesa casi un kilo menos que los otros fusiles.
Y es que es tan ligera, que se ha ganado el
apodo de ""Peso Pluma"".
","Pesa casi un kilo menos que los otros fusiles.
Y es que es tan ligera, que se ha ganado el
apodo de ""Peso Pluma"".
"
0x6daf,"Sí, y además de todo eso, a éste le han
quitado el cañón y la culata.
","Sí, y además de todo eso, a éste le han
quitado el cañón y la culata.
"
0x6dfb,"Eso lo han hecho probablemente para
manejarlo mejor en la jungla. Estos soviéticos
saben muy bien lo que se hacen.
","Eso lo han hecho probablemente para
manejarlo mejor en la jungla. Estos soviéticos
saben muy bien lo que se hacen.
"
0x6e70,"Y la otra característica es la falta de puerto de
expulsión en el lado del receptor.
","Y la otra característica es la falta de puerto de
expulsión en el lado del receptor.
"
0x6ec8,"Para ambidiestros, ¿eh?
","Para ambidiestros, ¿eh?
"
0x6ee2,"Exacto. La han diseñado para que se pueda
usar con la izquierda y la derecha de igual
forma.
","Exacto. La han diseñado para que se pueda
usar con la izquierda y la derecha de igual
forma.
"
0x6f41,"Pero eso no es todo.
","Pero eso no es todo.
"
0x6f57,"El bajo número de aperturas evita que se
bloquee cuando la utilices en el campo con el
barro y la suciedad.
","El bajo número de aperturas evita que se
bloquee cuando la utilices en el campo con el
barro y la suciedad.
"
0x6fc5,"Este arma está hecha para la jungla.
","Este arma está hecha para la jungla.
"
0x6fec,"Viene bien saberlo.
","Viene bien saberlo.
"
0x7001,"¿Pero qué están haciendo con un fusil de
fabricación americana?
","¿Pero qué están haciendo con un fusil de
fabricación americana?
"
0x7046,"Buena pregunta. Igual están investigando las
armas occidentales, pero...
","Buena pregunta. Igual están investigando las
armas occidentales, pero...
"
0x7091,"¿Has oído alguna vez que los SAS utilizaron
fusiles en los frentes de la jungla de Malasia?
","¿Has oído alguna vez que los SAS utilizaron
fusiles en los frentes de la jungla de Malasia?
"
0x70f0,"Son sólo historias.
","Son sólo historias.
"
0x7106,"En la jungla, te topas con tu enemigo cuando
menos te lo esperas.
","En la jungla, te topas con tu enemigo cuando
menos te lo esperas.
"
0x7149,"Los SAS vieron que los fusiles eran muy
eficaces, porque sus disparos son muy
potentes y rápidos.
","Los SAS vieron que los fusiles eran muy
eficaces, porque sus disparos son muy
potentes y rápidos.
"
0x71ad,"Y por eso, últimamente, muchos soldados de
élite eligen el fusil como su arma preferida.
","Y por eso, últimamente, muchos soldados de
élite eligen el fusil como su arma preferida.
"
0x7209,"Puede que los hombres de Volgin tengan la
misma opinión.
","Puede que los hombres de Volgin tengan la
misma opinión.
"
0x7244,"¿Una antorcha? Es algo primitiva, pero da
luz.
","¿Una antorcha? Es algo primitiva, pero da
luz.
"
0x7275,"Por lo que yo veo, esa antorcha es de madera
de abedul blanca mojada con aguarrás.
","Por lo que yo veo, esa antorcha es de madera
de abedul blanca mojada con aguarrás.
"
0x72ca,"Se quema muy lentamente, así que te durará
mucho tiempo.
","Se quema muy lentamente, así que te durará
mucho tiempo.
"
0x7306,"Si te equipas con ella y pulsas el botón CQC,
podrás utilizarla para aporrear al enemigo.
","Si te equipas con ella y pulsas el botón CQC,
podrás utilizarla para aporrear al enemigo.
"
0x7363,"También la puedes mover sin parar si pulsas el
botón repetidamente. Te vendrá muy bien
cuando quieras ahuyentar a murciélagos o
cosas así.
","También la puedes mover sin parar si pulsas el
botón repetidamente. Te vendrá muy bien
cuando quieras ahuyentar a murciélagos o
cosas así.
"
0x73f4,"Con el botón Arma, podrás encender y apagar
la antorcha. Y cuando el enemigo esté cerca,
no te olvides de apagarla. Familiarízate con
ella.
","Con el botón Arma, podrás encender y apagar
la antorcha. Y cuando el enemigo esté cerca,
no te olvides de apagarla. Familiarízate con
ella.
"
0x7485,"Pero la luz que la antorcha emite se ve desde
muy lejos.
","Pero la luz que la antorcha emite se ve desde
muy lejos.
"
0x74bf,"Probablemente no hace falta que lo diga, pero
sería de locos ir al campo de batalla con una
antorcha en la mano.
","Probablemente no hace falta que lo diga, pero
sería de locos ir al campo de batalla con una
antorcha en la mano.
"
0x7532,"Sólo deberías encender la antorcha cuando
estés en un lugar como una cueva, en el que
te hace falta la luz para ver por donde vas.
","Sólo deberías encender la antorcha cuando
estés en un lugar como una cueva, en el que
te hace falta la luz para ver por donde vas.
"
0x75b9,"Sí, lo entiendo.
","Sí, lo entiendo.
"
0x75cc,"¿Vas a usar una granada?
","¿Vas a usar una granada?
"
0x75e7,"Ésa es una RGD-5, la granada de
fragmentación estándar del ejército soviético.
","Ésa es una RGD-5, la granada de
fragmentación estándar del ejército soviético.
"
0x763c,"La granada está compuesta de dos cubiertas
de acero plateado.
","La granada está compuesta de dos cubiertas
de acero plateado.
"
0x767c,"Cada una de esas cubiertas tiene un forro
interno que hace que cuando la granada
explote, reviente en más de 300 fragmentos.
","Cada una de esas cubiertas tiene un forro
interno que hace que cuando la granada
explote, reviente en más de 300 fragmentos.
"
0x76fb,"La granada causará muchos daños a todos los
enemigos que se encuentren dentro de su
radio de acción.
","La granada causará muchos daños a todos los
enemigos que se encuentren dentro de su
radio de acción.
"
0x7764,"La anilla de seguridad está en el lado contrario
al de la M26, así que asegúrate de sujetar con
el dedo la anilla de seguridad hacia abajo.
","La anilla de seguridad está en el lado contrario
al de la M26, así que asegúrate de sujetar con
el dedo la anilla de seguridad hacia abajo.
"
0x77f4,"La anilla se suelta cuando lances la granada, y
explota alrededor de 3 segundos más tarde.
","La anilla se suelta cuando lances la granada, y
explota alrededor de 3 segundos más tarde.
"
0x7851,"¿Estás diciendo que no explotará en mi
mano mientras la esté sujetando?
","¿Estás diciendo que no explotará en mi
mano mientras la esté sujetando?
"
0x789e,"¡Claro que no!
","¡Claro que no!
"
0x78af,"Oh...
","Oh...
"
0x78b6,"Para lanzar una granada, pulsa y suelta el
botón Arma. Recuerda que la distancia del
lanzamiento dependerá de la fuerza con la que
pulses el botón.
","Para lanzar una granada, pulsa y suelta el
botón Arma. Recuerda que la distancia del
lanzamiento dependerá de la fuerza con la que
pulses el botón.
"
0x794e,"Púlsalo suavemente si quieres lanzar la
granada cerca y con fuerza si la quieres lanzar
lejos.
","Púlsalo suavemente si quieres lanzar la
granada cerca y con fuerza si la quieres lanzar
lejos.
"
0x79af,"Será más fácil controlar tu lanzamiento en
Visión Primera Persona.
","Será más fácil controlar tu lanzamiento en
Visión Primera Persona.
"
0x79f7,"¿Estás pensando utilizar una granada de
fósforo blanco?
","¿Estás pensando utilizar una granada de
fósforo blanco?
"
0x7a33,"Como el nombre indica, la granada de fósforo
blanco utiliza fósforo blanco para incendiar una
zona.
","Como el nombre indica, la granada de fósforo
blanco utiliza fósforo blanco para incendiar una
zona.
"
0x7a9a,"Las granadas de fósforo blanco se utilizaron
durante la Segunda Guerra Mundial por el
ejército americano.
","Las granadas de fósforo blanco se utilizaron
durante la Segunda Guerra Mundial por el
ejército americano.
"
0x7b07,"Por aquel entonces, se las llamaba ""Willy
Petes"", de las primeras letras de ""White
Phosphorus"".
","Por aquel entonces, se las llamaba ""Willy
Petes"", de las primeras letras de ""White
Phosphorus"".
"
0x7b68,"La que tienes ahí es probablemente la más
parecida a las de aquel tiempo.
","La que tienes ahí es probablemente la más
parecida a las de aquel tiempo.
"
0x7bb5,"El fósforo blanco es una sustancia blanca y
cerosa que entra en combustión
espontáneamente cuando reacciona con el
oxígeno.
","El fósforo blanco es una sustancia blanca y
cerosa que entra en combustión
espontáneamente cuando reacciona con el
oxígeno.
"
0x7c36,"La temperatura de combustión sobrepasa los
2700 grados centígrados.
","La temperatura de combustión sobrepasa los
2700 grados centígrados.
"
0x7c7d,"Cualquier humano que se encuentre dentro de
la zona de explosión, acabará seriamente
quemado.
","Cualquier humano que se encuentre dentro de
la zona de explosión, acabará seriamente
quemado.
"
0x7cde,"Cuidado y no te prendas fuego a ti mismo
accidentalmente.
","Cuidado y no te prendas fuego a ti mismo
accidentalmente.
"
0x7d19,"Si tu cuerpo se prende fuego, tírate al agua o
quítate la ropa que se esté quemando y ponte
ropa nueva.
","Si tu cuerpo se prende fuego, tírate al agua o
quítate la ropa que se esté quemando y ponte
ropa nueva.
"
0x7d85,"Y si ruedas por el suelo, las llamas también se
apagarán rápidamente.
","Y si ruedas por el suelo, las llamas también se
apagarán rápidamente.
"
0x7dcf,"Mmm, nunca he visto una granada como ésa.
","Mmm, nunca he visto una granada como ésa.
"
0x7dfb,"Hay dos tipos básicos de granadas,
","Hay dos tipos básicos de granadas,
"
0x7e20,"las granadas de fragmentación, que usan la
metralla para matar o herir al objetivo
","las granadas de fragmentación, que usan la
metralla para matar o herir al objetivo
"
0x7e75,"y las granadas con explosivos, que se sirven
del impacto de la explosión como método de
ataque.
","y las granadas con explosivos, que se sirven
del impacto de la explosión como método de
ataque.
"
0x7ed8,"Pero la granada que tú tienes no pertenece a
ninguno de esos dos tipos.
","Pero la granada que tú tienes no pertenece a
ninguno de esos dos tipos.
"
0x7f22,"Creo que ha sido diseñada para neutralizar al
enemigo sin herirle.
","Creo que ha sido diseñada para neutralizar al
enemigo sin herirle.
"
0x7f67,"Probablemente es un nuevo tipo de arma
desarrollado exclusivamente en Groznyj Grad.
","Probablemente es un nuevo tipo de arma
desarrollado exclusivamente en Groznyj Grad.
"
0x7fbc,"He oído que los SAS están trabajando en una
granada de bajo impacto para sus
entrenamientos...
","He oído que los SAS están trabajando en una
granada de bajo impacto para sus
entrenamientos...
"
0x801e,"pero nunca pensé que la utilizaran en
situaciones de combate reales...
","pero nunca pensé que la utilizaran en
situaciones de combate reales...
"
0x8067,"El flash de luz que la granada emite al explotar
probablemente será producido por el
magnesio.
","El flash de luz que la granada emite al explotar
probablemente será producido por el
magnesio.
"
0x80c8,"El mismo procedimiento que se utiliza en los
flashes de las cámaras de fotos.
","El mismo procedimiento que se utiliza en los
flashes de las cámaras de fotos.
"
0x8118,"Probablemente han reducido la cantidad de
explosivo
","Probablemente han reducido la cantidad de
explosivo
"
0x814d,"y en su defecto, con el flash y con el ruido de
la detonación, pretenden aturdir al enemigo.
","y en su defecto, con el flash y con el ruido de
la detonación, pretenden aturdir al enemigo.
"
0x81ac,"Supongo que podría llamarse la ""granada
paralizante"".
","Supongo que podría llamarse la ""granada
paralizante"".
"
0x81e4,"Si me van a paralizar, prefiero que lo haga
una mujer.
","Si me van a paralizar, prefiero que lo haga
una mujer.
"
0x821c,"Déjate de bobadas, cuando esa cosa explota,
todo el mundo a su alrededor quedará KO.
","Déjate de bobadas, cuando esa cosa explota,
todo el mundo a su alrededor quedará KO.
"
0x8274,"Te vendrá muy bien cuando quieras entrar
rápidamente en una habitación o cuando no
quieras matar al enemigo.
","Te vendrá muy bien cuando quieras entrar
rápidamente en una habitación o cuando no
quieras matar al enemigo.
"
0x82e5,"Estás pensando utilizar una granada de humo,
¿eh?
","Estás pensando utilizar una granada de humo,
¿eh?
"
0x831a,"Como te puedes imaginar, las granadas de
humo sirven para crear pantallas de humo.
","Como te puedes imaginar, las granadas de
humo sirven para crear pantallas de humo.
"
0x836e,"El agente de combustión está compuesto por
zinc, cloruro de amoniaco, aluminio y algún
que otro elemento químico.
","El agente de combustión está compuesto por
zinc, cloruro de amoniaco, aluminio y algún
que otro elemento químico.
"
0x83e5,"Al explotar, crea una nube densa de humo
grisáceo que no se dispersa fácilmente. Así
podrás esconderte y pasar inadvertido.
","Al explotar, crea una nube densa de humo
grisáceo que no se dispersa fácilmente. Así
podrás esconderte y pasar inadvertido.
"
0x8466,"El humo confundirá al enemigo bloqueando su
campo de visión.
","El humo confundirá al enemigo bloqueando su
campo de visión.
"
0x84a6,"Te ayudará cuando estés intentando huir
rápidamente.
","Te ayudará cuando estés intentando huir
rápidamente.
"
0x84df,"O también, dependiendo de la situación, te
puede ayudar a infiltrarte en el territorio
enemigo.
","O también, dependiendo de la situación, te
puede ayudar a infiltrarte en el territorio
enemigo.
"
0x8542,"La pantalla de humo también funcionará
cuando estés siendo perseguido por perros.
","La pantalla de humo también funcionará
cuando estés siendo perseguido por perros.
"
0x8598,"¿Dices que estás utilizando un cargador?
","¿Dices que estás utilizando un cargador?
"
0x85c4,"Un cargador es lo que queda al vaciar un
arma.
","Un cargador es lo que queda al vaciar un
arma.
"
0x85f4,"¿Pero qué pretendes hacer con él?
","¿Pero qué pretendes hacer con él?
"
0x861a,"Lanzarlo.
","Lanzarlo.
"
0x8625,"¿Lanzarlo?
","¿Lanzarlo?
"
0x8632,"Sí. El sonido que produce al lanzarlo distraerá
al enemigo.
","Sí. El sonido que produce al lanzarlo distraerá
al enemigo.
"
0x8671,"Ah... ¡como arma estratégica!
","Ah... ¡como arma estratégica!
"
0x8692,"Imagino que no sólo las armas de tecnología
puntera sirven para conseguir la victoria en el
campo de batalla.
","Imagino que no sólo las armas de tecnología
puntera sirven para conseguir la victoria en el
campo de batalla.
"
0x8703,"Veo que estás utilizando los prismáticos.
","Veo que estás utilizando los prismáticos.
"
0x8730,"Son prismáticos diseñados especialmente para
el ejército.
","Son prismáticos diseñados especialmente para
el ejército.
"
0x876e,"Son resistentes al agua y están recubiertos de
nitrógeno para impedir que se empañen.
","Son resistentes al agua y están recubiertos de
nitrógeno para impedir que se empañen.
"
0x87c8,"El ocular, las lentes del objetivo y el prisma
han sido tratados para reducir los brillos y
reflejos. Deberían funcionar incluso en los
lugares oscuros.
","El ocular, las lentes del objetivo y el prisma
han sido tratados para reducir los brillos y
reflejos. Deberían funcionar incluso en los
lugares oscuros.
"
0x8863,"Y además, están equipados con funciones de
auto-focus y zoom. Te resultará difícil
encontrar unos prismáticos mejores que éstos.
","Y además, están equipados con funciones de
auto-focus y zoom. Te resultará difícil
encontrar unos prismáticos mejores que éstos.
"
0x88eb,"Pero tú quién eres, ¿un vendedor de
prismáticos?
","Pero tú quién eres, ¿un vendedor de
prismáticos?
"
0x8921,"Eh, reconozco algo bueno cuando lo veo, eso
es todo.
","Eh, reconozco algo bueno cuando lo veo, eso
es todo.
"
0x8957,"¿...?
","¿...?
"
0x895f,"Lo sé.
","Lo sé.
"
0x8968,"¿Saber qué?
","¿Saber qué?
"
0x8977,"Que tú has hecho esos prismáticos, ¿no?
","Que tú has hecho esos prismáticos, ¿no?
"
0x89a3,"¡¡!! Bueno... sí, pero, ¿no me negarás que
son buenos?
","¡¡!! Bueno... sí, pero, ¿no me negarás que
son buenos?
"
0x89e0,"...
","...
"
0x89e5,"Eh... ¿qué tienes ahí?
","Eh... ¿qué tienes ahí?
"
0x8a00,"Gafas térmicas. Por lo que sé, esas gafas
detectan y reproducen las fuentes de calor.
","Gafas térmicas. Por lo que sé, esas gafas
detectan y reproducen las fuentes de calor.
"
0x8a59,"¡Estás bromeando! ¿Han conseguido hacer
un aparato de infrarrojos de visión nocturna lo
suficientemente pequeño para poder llevarlo
consigo...?
","¡Estás bromeando! ¿Han conseguido hacer
un aparato de infrarrojos de visión nocturna lo
suficientemente pequeño para poder llevarlo
consigo...?
"
0x8aef,"¿Qué encuentras tan especial en ello?
","¿Qué encuentras tan especial en ello?
"
0x8b18,"¿Especial? Aquí en Occidente, apenas
hemos conseguido instalarlo en aviones.
","¿Especial? Aquí en Occidente, apenas
hemos conseguido instalarlo en aviones.
"
0x8b68,"Así que es eso lo que pusieron en el
helicóptero de combate...
","Así que es eso lo que pusieron en el
helicóptero de combate...
"
0x8baa,"¿Pero el Ejército no tiene algo similar para
poder conducir de noche? Creo que vi...
","¿Pero el Ejército no tiene algo similar para
poder conducir de noche? Creo que vi...
"
0x8c02,"Te refieres al AN-PAS-5.
","Te refieres al AN-PAS-5.
"
0x8c1c,"Ése es un aparato de infrarrojos de visión
nocturna.
","Ése es un aparato de infrarrojos de visión
nocturna.
"
0x8c54,"Lanza rayos infrarrojos desde un proyector de
infrarrojos y usa el reflejo para construir la
imagen.
","Lanza rayos infrarrojos desde un proyector de
infrarrojos y usa el reflejo para construir la
imagen.
"
0x8cba,"Esas gafas que tú tienes son totalmente
diferentes.
","Esas gafas que tú tienes son totalmente
diferentes.
"
0x8cf0,"Básicamente, cuando estás equipado con
ellas, podrás ver a los soldados enemigos que
estén en al jungla fácilmente, incluso si están
camuflados.
","Básicamente, cuando estás equipado con
ellas, podrás ver a los soldados enemigos que
estén en al jungla fácilmente, incluso si están
camuflados.
"
0x8d88,"Te pueden ayudar incluso a encontrar trampas.
Ah, pero lo que no verás tan bien será el lugar
por el que andes, así que ten cuidado.
","Te pueden ayudar incluso a encontrar trampas.
Ah, pero lo que no verás tan bien será el lugar
por el que andes, así que ten cuidado.
"
0x8e11,"Ya veo, utilizando un sensor anti persona.
","Ya veo, utilizando un sensor anti persona.
"
0x8e3d,"El sensor vibra cuando detecta reacciones
orgánicas de objetivos humanos.
","El sensor vibra cuando detecta reacciones
orgánicas de objetivos humanos.
"
0x8e89,"Ha sido ajustado para que, a diferencia de
otros sensores, responda sólo al detectar
humanos, ignorando por ejemplo a los
animales.
","Ha sido ajustado para que, a diferencia de
otros sensores, responda sólo al detectar
humanos, ignorando por ejemplo a los
animales.
"
0x8f0f,"Detectará incluso a los enemigos que no se
estén moviendo, y no delatará tu posición.
","Detectará incluso a los enemigos que no se
estén moviendo, y no delatará tu posición.
"
0x8f6a,"Pero por otro lado, no te proporcionará la
situación exacta del objetivo. Recuérdalo
cuando lo estés utilizando.
","Pero por otro lado, no te proporcionará la
situación exacta del objetivo. Recuérdalo
cuando lo estés utilizando.
"
0x8fe0,"Además, recuerda que en Visión Primera
Persona, sólo escaneará en la dirección en la
que estés mirando.
","Además, recuerda que en Visión Primera
Persona, sólo escaneará en la dirección en la
que estés mirando.
"
0x904f,"¿?
","¿?
"
0x9054,"¿Pasa algo?
","¿Pasa algo?
"
0x9062,"El Major me ha dicho exactamente lo mismo...
","El Major me ha dicho exactamente lo mismo...
"
0x9090,"¿Durante la Misión Virtuosa?
","¿Durante la Misión Virtuosa?
"
0x90b0,"Sí.
","Sí.
"
0x90b6,"Seguro que ha estado leyendo palabra por
palabra los apuntes que le di. Ese tío no tiene
ni idea de tecnología.
","Seguro que ha estado leyendo palabra por
palabra los apuntes que le di. Ese tío no tiene
ni idea de tecnología.
"
0x9129,"...
","...
"
0x912e,"El detector de movimiento mostrará cualquier
objeto que se mueve a tu alrededor.
","El detector de movimiento mostrará cualquier
objeto que se mueve a tu alrededor.
"
0x9181,"Pero el enemigo no es lo único que se mueve
en la jungla.
","Pero el enemigo no es lo único que se mueve
en la jungla.
"
0x91bd,"Si hay animales que se están moviendo, el
detector también mostrará esos animales.
","Si hay animales que se están moviendo, el
detector también mostrará esos animales.
"
0x9214,"Y recuerda que sólo recoge cierto nivel de
movimiento,
","Y recuerda que sólo recoge cierto nivel de
movimiento,
"
0x924d,"por lo tanto no detectará a los enemigos o
animales que se muevan muy poco.
","por lo tanto no detectará a los enemigos o
animales que se muevan muy poco.
"
0x929b,"¿También te dijo esto?
","¿También te dijo esto?
"
0x92b5,"Sí. ¿También le diste los apuntes?
","Sí. ¿También le diste los apuntes?
"
0x92dc,"Sí.
","Sí.
"
0x92e2,"...
","...
"
0x92e7,"El sonar activo emite un tipo especial de onda
de sonido cuando pulses el botón .
","El sonar activo emite un tipo especial de onda
de sonido cuando pulses el botón .
"
0x933e,"Se sirve del eco de esas ondas para calcular y
reproducir la posición de los objetos cercanos.
","Se sirve del eco de esas ondas para calcular y
reproducir la posición de los objetos cercanos.
"
0x939f,"A diferencia del detector de movimiento,
muestra los objetos que no se están moviendo.
","A diferencia del detector de movimiento,
muestra los objetos que no se están moviendo.
"
0x93f8,"Pero al enviar ondas acústicas, el enemigo y
ciertos animales, podrán percatarse de tu
presencia.
","Pero al enviar ondas acústicas, el enemigo y
ciertos animales, podrán percatarse de tu
presencia.
"
0x945d,"Piensa bien dónde y cuándo utilizarlo.
","Piensa bien dónde y cuándo utilizarlo.
"
0x9487,"Eso también lo he oído antes.
","Eso también lo he oído antes.
"
0x94a8,"¿Lo dijo con las mismas palabras?
","¿Lo dijo con las mismas palabras?
"
0x94cc,"Sí.
","Sí.
"
0x94d2,"Tío, ese hombre sigue viviendo en la Edad de
Piedra. El otro día se compró una lavadora
nueva y...
","Tío, ese hombre sigue viviendo en la Edad de
Piedra. El otro día se compró una lavadora
nueva y...
"
0x9539,"¡Sigint!
","¡Sigint!
"
0x9544,"...Joo. Hablamos luego Snake.
","...Joo. Hablamos luego Snake.
"
0x9563,"¿Has dicho una lata con la forma de la
cabeza de un cocodrilo?
","¿Has dicho una lata con la forma de la
cabeza de un cocodrilo?
"
0x95a4,"Sí. ¿Qué piensas?
","Sí. ¿Qué piensas?
"
0x95ba,"¡Creo que es una gran idea!
","¡Creo que es una gran idea!
"
0x95d8,"Sabes, los disfraces de animales son uno de
los trucos más viejos en los manuales de
servicios secretos del mundo.
","Sabes, los disfraces de animales son uno de
los trucos más viejos en los manuales de
servicios secretos del mundo.
"
0x964d,"No sé si es verdad, pero dicen que durante la
Segunda Guerra Mundial, el OSS utilizó
uniformes con dibujos de vacas.
","No sé si es verdad, pero dicen que durante la
Segunda Guerra Mundial, el OSS utilizó
uniformes con dibujos de vacas.
"
0x96c5,"En teoría, enviaron a agentes para que se
escondieran entre manadas de vacas para
poder así espiar a las unidades enemigas que
por allí pasaban.
","En teoría, enviaron a agentes para que se
escondieran entre manadas de vacas para
poder así espiar a las unidades enemigas que
por allí pasaban.
"
0x975a,"Hoy en día, la mayor parte de la gente no
daría ningún valor a una lata con forma de
cabeza de cocodrilo. Pensarían que es sólo un
artículo de broma.
","Hoy en día, la mayor parte de la gente no
daría ningún valor a una lata con forma de
cabeza de cocodrilo. Pensarían que es sólo un
artículo de broma.
"
0x97f7,"Pero si lo piensas bien, es un objeto muy útil
para los espías.
","Pero si lo piensas bien, es un objeto muy útil
para los espías.
"
0x983a,"Lo tengo que admitir Snake, eres un tío muy
listo.
","Lo tengo que admitir Snake, eres un tío muy
listo.
"
0x986f,"...
","...
"
0x9874,"¿Estás bien, Snake?
","¿Estás bien, Snake?
"
0x988b,"Déjalo...
","Déjalo...
"
0x9897,"¿¿¿???
","¿¿¿???
"
0x98a2,"Snake, si disparas con eso sin ponerle un
silenciador, el ruido y la luz al disparar
alertarán de tu presencia al enemigo.
","Snake, si disparas con eso sin ponerle un
silenciador, el ruido y la luz al disparar
alertarán de tu presencia al enemigo.
"
0x991f,"Pon un silenciador, y no tendrás que
preocuparte por eso.
","Pon un silenciador, y no tendrás que
preocuparte por eso.
"
0x995b,"Para poner un silenciador, abre la Ventana de
Arma y pulsa el botón Enter.
","Para poner un silenciador, abre la Ventana de
Arma y pulsa el botón Enter.
"
0x99a8,"Snake, están utilizando granadas detonadoras,
¡ten cuidado!
","Snake, están utilizando granadas detonadoras,
¡ten cuidado!
"
0x99e7,"¿Granadas detonadoras?
","¿Granadas detonadoras?
"
0x9a00,"Sí. Es una nueva arma que han inventado ellos
mismos. Se sirve de un intenso haz de luz y
de un gran estruendo para aturdir,
temporalmente, al enemigo.
","Sí. Es una nueva arma que han inventado ellos
mismos. Se sirve de un intenso haz de luz y
de un gran estruendo para aturdir,
temporalmente, al enemigo.
"
0x9a9a,"Si miras fijamente a la granada cuando
explote, ya te puedes despedir de tu vista.
","Si miras fijamente a la granada cuando
explote, ya te puedes despedir de tu vista.
"
0x9aee,"Si tiran una hacia tu lado, date la vuelta
rápidamente.
","Si tiran una hacia tu lado, date la vuelta
rápidamente.
"
0x9b28,"Cuidado Snake. Creo que algunos de esos tíos
están equipados con M63s.
","Cuidado Snake. Creo que algunos de esos tíos
están equipados con M63s.
"
0x9b72,"La M63 es una metralleta ligera de fabricación
americana. Tiene más potencia de la que te
puedas imaginar.
","La M63 es una metralleta ligera de fabricación
americana. Tiene más potencia de la que te
puedas imaginar.
"
0x9be0,"Ten cuidado, porque puede incluso perforar
paredes.
","Ten cuidado, porque puede incluso perforar
paredes.
"
0x9c15,"¿Sabes que algunos de ellos utilizan
escopetas?
","¿Sabes que algunos de ellos utilizan
escopetas?
"
0x9c47,"Esas escopetas son las M37. Son un modelo
americano diseñado para el campo de batalla.
","Esas escopetas son las M37. Son un modelo
americano diseñado para el campo de batalla.
"
0x9ca0,"No son muy peligrosas si te atacan desde
lejos, pero cuando te ataquen desde cerca, te
harán pedazos. ¡Ten cuidado!
","No son muy peligrosas si te atacan desde
lejos, pero cuando te ataquen desde cerca, te
harán pedazos. ¡Ten cuidado!
"
0x9d17,"Veo que algunos de ellos están utilizando
Scorpions.
","Veo que algunos de ellos están utilizando
Scorpions.
"
0x9d4e,"La Scorpion es una metralleta checoslovaca.
","La Scorpion es una metralleta checoslovaca.
"
0x9d7b,"No tienen la fuerza de disparo de un rifle pero
son más fáciles de manejar, y resultan letales
en ataques a media distancia.
","No tienen la fuerza de disparo de un rifle pero
son más fáciles de manejar, y resultan letales
en ataques a media distancia.
"
0x9dfb,"Si te dan un par de proyectiles, ¡estás muerto!
","Si te dan un par de proyectiles, ¡estás muerto!
"
0x9e2e,"No hagas el loco por ahí.
","No hagas el loco por ahí.
"
0x9e4a,"Snake, cuidado con esas granadas que están
lanzando.
","Snake, cuidado con esas granadas que están
lanzando.
"
0x9e81,"Si te pilla la explosión, las consecuencias
serán graves. También te puedes quemar.
","Si te pilla la explosión, las consecuencias
serán graves. También te puedes quemar.
"
0x9ed9,"Si alguien te lanza una granada, aléjate y
échate al suelo.
","Si alguien te lanza una granada, aléjate y
échate al suelo.
"
0x9f18,"¿Los rifles que utilizan los Ocelots son los
AK-47?
","¿Los rifles que utilizan los Ocelots son los
AK-47?
"
0x9f4e,"No. Se parecen a los AKM, pero son
diferentes.
","No. Se parecen a los AKM, pero son
diferentes.
"
0x9f7e,"¿En qué?
","¿En qué?
"
0x9f8a,"Tienen protectores de acero y empuñaduras
anteriores de tipo vertical. Además, el supresor
de la boca de salida es más grande.
","Tienen protectores de acero y empuñaduras
anteriores de tipo vertical. Además, el supresor
de la boca de salida es más grande.
"
0xa00d,"Una versión de la carabina AKM, ¿no?
","Una versión de la carabina AKM, ¿no?
"
0xa035,"Hungría tiene una versión modificada de la
llamada AKM, la AMD-63.
","Hungría tiene una versión modificada de la
llamada AKM, la AMD-63.
"
0xa07b,"He oído que están haciendo una versión en
carabina de ese prototipo.
","He oído que están haciendo una versión en
carabina de ese prototipo.
"
0xa0c4,"Creo que habrán importado algunos de esos
prototipos.
","Creo que habrán importado algunos de esos
prototipos.
"
0xa0fc,"Si como yo creo, están utilizando una versión
carabina de la AMD-63, podrían representar
una seria amenaza.
","Si como yo creo, están utilizando una versión
carabina de la AMD-63, podrían representar
una seria amenaza.
"
0xa16c,"Son más fáciles de manejar que la AK-47,
especialmente en los combates a corta
distancia.
","Son más fáciles de manejar que la AK-47,
especialmente en los combates a corta
distancia.
"
0xa1c9,"Y no te olvides que los Ocelots son los
mejores.
","Y no te olvides que los Ocelots son los
mejores.
"
0xa1fb,"Disparan mejor que los Spetsnaz y por lo
tanto, tienes más posibilidades de resultar
heridos.
","Disparan mejor que los Spetsnaz y por lo
tanto, tienes más posibilidades de resultar
heridos.
"
0xa25b,"¡Abre bien los ojos!
","¡Abre bien los ojos!
"
0xa272,"¿Han soltado perros policía para seguirte?
","¿Han soltado perros policía para seguirte?
"
0xa2a0,"Los perros han sido utilizados en la guerra
desde tiempos remotos.
","Los perros han sido utilizados en la guerra
desde tiempos remotos.
"
0xa2e4,"Los ejércitos griegos y romanos solían enviar
perros con collares de pinchos para
enfrentarse al enemigo.
","Los ejércitos griegos y romanos solían enviar
perros con collares de pinchos para
enfrentarse al enemigo.
"
0xa351,"También se utilizaron los perros policía durante
la primera y segunda guerra mundial.
","También se utilizaron los perros policía durante
la primera y segunda guerra mundial.
"
0xa3aa,"Normalmente, se han utilizando los perros para
vigilar, para enviar mensajes y para ayudar en
operaciones de rescate.
","Normalmente, se han utilizando los perros para
vigilar, para enviar mensajes y para ayudar en
operaciones de rescate.
"
0xa421,"Y luego los soviéticos tuvieron otra idea,
utilizarlos para llevar bombas.
","Y luego los soviéticos tuvieron otra idea,
utilizarlos para llevar bombas.
"
0xa46e,"¿Perros bomba?
","¿Perros bomba?
"
0xa47f,"Sí, les entrenaron para que se metieran debajo
de los tanques, cargados de bombas.
","Sí, les entrenaron para que se metieran debajo
de los tanques, cargados de bombas.
"
0xa4d4,"Al parecer, funcionó bastante bien. Pero los
rusos la cagaron, ya que durante los
entrenamientos utilizaron sus propios tanques.
","Al parecer, funcionó bastante bien. Pero los
rusos la cagaron, ya que durante los
entrenamientos utilizaron sus propios tanques.
"
0xa557,"Y luego, en la batalla, los perros iban tras los
tanques rusos, haciéndolos saltar por los aires.
Así que el plan fue abortado casi antes de
haberse puesto en acción.
","Y luego, en la batalla, los perros iban tras los
tanques rusos, haciéndolos saltar por los aires.
Así que el plan fue abortado casi antes de
haberse puesto en acción.
"
0xa602,"Bueno, no creo que tengas que preocuparte
por si esos perros explotan. Creo que no
llevan explosivos.
","Bueno, no creo que tengas que preocuparte
por si esos perros explotan. Creo que no
llevan explosivos.
"
0xa669,"Pero están muy entrenados en búsqueda y
detección.
","Pero están muy entrenados en búsqueda y
detección.
"
0xa6a0,"No les infravalores, son muy buenos
rastreadores y feroces luchadores.
","No les infravalores, son muy buenos
rastreadores y feroces luchadores.
"
0xa6e8,"Los perros policía se mueven con mucha
rapidez y son mortales
","Los perros policía se mueven con mucha
rapidez y son mortales
"
0xa728,"Te olerán y por el olor, te encontrarán, por lo
que será difícil despistarles.
","Te olerán y por el olor, te encontrarán, por lo
que será difícil despistarles.
"
0xa77c,"En cierto modo, son más peligrosos que tus
contrincantes humanos. Prepárate.
","En cierto modo, son más peligrosos que tus
contrincantes humanos. Prepárate.
"
0xa7cc,"También puedes utilizar las granadas de humo
soviéticas que encuentres por ahí como gas
lacrimógeno suave.
","También puedes utilizar las granadas de humo
soviéticas que encuentres por ahí como gas
lacrimógeno suave.
"
0xa83c,"No creo que sean muy efectivas en hombres
con pasamontañas, pero sí en el olfato de los
perros.
","No creo que sean muy efectivas en hombres
con pasamontañas, pero sí en el olfato de los
perros.
"
0xa89f,"Si te están siguiendo los perros, lánzales una
granada de humo.
","Si te están siguiendo los perros, lánzales una
granada de humo.
"
0xa8e2,"Ese tío tiene una Single Action Army. Es un
revólver del calibre .45 de seis disparos.
","Ese tío tiene una Single Action Army. Es un
revólver del calibre .45 de seis disparos.
"
0xa93c,"El único inconveniente, al ser un revólver, es a
la hora de cargarlo.
","El único inconveniente, al ser un revólver, es a
la hora de cargarlo.
"
0xa985,"Podrás atacar a Ocelot cuando esté
recargando el arma. Utiliza esa ventana para
dispararle.
","Podrás atacar a Ocelot cuando esté
recargando el arma. Utiliza esa ventana para
dispararle.
"
0xa9e4,"Ocelot tiene dos revólveres Single Action
Army. O sea, que en total tiene 12 balas.
","Ocelot tiene dos revólveres Single Action
Army. O sea, que en total tiene 12 balas.
"
0xaa3a,"Intenta recordar las balas que le quedan. Y
cuando tenga que recargar su arma, ¡atácale!
","Intenta recordar las balas que le quedan. Y
cuando tenga que recargar su arma, ¡atácale!
"
0xaa96,"Dicen que The Pain sabe controlar a sus
avispones a su antojo.
","Dicen que The Pain sabe controlar a sus
avispones a su antojo.
"
0xaad6,"Ten cuidado con los ataques con insectos,
especialmente con su ataque llamado ""abejas
bala"".
","Ten cuidado con los ataques con insectos,
especialmente con su ataque llamado ""abejas
bala"".
"
0xab34,"The Pain no sólo utiliza avispones. También
cuenta, entre su arsenal, con armas de fuego
y granadas.
","The Pain no sólo utiliza avispones. También
cuenta, entre su arsenal, con armas de fuego
y granadas.
"
0xab9c,"Ten especial cuidado con esas granadas.
","Ten especial cuidado con esas granadas.
"
0xabc5,"Snake, ten cuidado con las abejas bala.
","Snake, ten cuidado con las abejas bala.
"
0xabee,"""Abeja bala"" es como llama The Pain a un tipo
especial de avispones que cría dentro de su
cuerpo.
","""Abeja bala"" es como llama The Pain a un tipo
especial de avispones que cría dentro de su
cuerpo.
"
0xac52,"Cuando The Pain les da la orden, ellos vuelan
a por su objetivo como balas, penetran su
cuerpo y se alimentan de sus órganos internos
hasta que le matan.
","Cuando The Pain les da la orden, ellos vuelan
a por su objetivo como balas, penetran su
cuerpo y se alimentan de sus órganos internos
hasta que le matan.
"
0xacee,"Si te pica una abeja bala, ve al Visualizador de
Supervivencia enseguida para curarte desde la
pantalla de ""CURA"".
","Si te pica una abeja bala, ve al Visualizador de
Supervivencia enseguida para curarte desde la
pantalla de ""CURA"".
"
0xad62,"Y dicho eso, y a pesar de su nombre, las
abejas bala son en realidad avispones. Por lo
tanto, no pueden seguirte cuando estés en el
agua.
","Y dicho eso, y a pesar de su nombre, las
abejas bala son en realidad avispones. Por lo
tanto, no pueden seguirte cuando estés en el
agua.
"
0xadee,"Si The Pain te ataca con sus abejas, tírate al
agua.
","Si The Pain te ataca con sus abejas, tírate al
agua.
"
0xae25,"Al parecer, The Pain puede utilizar a sus
avispones para crear una copia de sí mismo, y
confundir así a sus enemigos.
","Al parecer, The Pain puede utilizar a sus
avispones para crear una copia de sí mismo, y
confundir así a sus enemigos.
"
0xae9e,"Si lo hace, intenta adivinar cuál es el
verdadero Pain y atácale.
","Si lo hace, intenta adivinar cuál es el
verdadero Pain y atácale.
"
0xaee3,"Cuando se copie a sí mismo, los avispones
que normalmente le protegen, son los que
harán su copia.
","Cuando se copie a sí mismo, los avispones
que normalmente le protegen, son los que
harán su copia.
"
0xaf49,"Por lo tanto, le puedes atacar ya que perderá
su protección.
","Por lo tanto, le puedes atacar ya que perderá
su protección.
"
0xaf89,"Pero recuerda, si te equivocas y disparas a su
doble, o tardas mucho tiempo en disparar, te
contraatacará.
","Pero recuerda, si te equivocas y disparas a su
doble, o tardas mucho tiempo en disparar, te
contraatacará.
"
0xaff6,"¿Dices que está utilizando una ametralladora
Tommy?
","¿Dices que está utilizando una ametralladora
Tommy?
"
0xb02d,"Tiene una Tommy.
","Tiene una Tommy.
"
0xb03f,"La ametralladora Thompson o la Tommy, es
una ametralladora que se utilizó mucho
durante la Segunda Guerra Mundial.
","La ametralladora Thompson o la Tommy, es
una ametralladora que se utilizó mucho
durante la Segunda Guerra Mundial.
"
0xb0b4,"Es capaz de escupir 700 proyectiles del calibre
45 ACP en un minuto.
","Es capaz de escupir 700 proyectiles del calibre
45 ACP en un minuto.
"
0xb0fa,"Su seguridad y fiabilidad hicieron de ella un
arma muy popular durante la guerra de Corea,
","Su seguridad y fiabilidad hicieron de ella un
arma muy popular durante la guerra de Corea,
"
0xb156,"y todavía es el arma que utilizan muchas
unidades de fuerzas especiales.
","y todavía es el arma que utilizan muchas
unidades de fuerzas especiales.
"
0xb1a1,"Ya, está un poco pasada de moda, pero sigue
siendo muy efectiva.
","Ya, está un poco pasada de moda, pero sigue
siendo muy efectiva.
"
0xb1e4,"¿Dices que por ahí hay plataformas volantes?
","¿Dices que por ahí hay plataformas volantes?
"
0xb214,"Las plataformas volantes son un tipo de avión
de despegue y aterrizaje vertical personal.
","Las plataformas volantes son un tipo de avión
de despegue y aterrizaje vertical personal.
"
0xb270,"En América también estaban trabajando en
ellas, ¿no?
","En América también estaban trabajando en
ellas, ¿no?
"
0xb2a9,"Sí, en los 50.
","Sí, en los 50.
"
0xb2ba,"En un principio, las iban a utilizar en misiones
de reconocimiento y de patrulla
","En un principio, las iban a utilizar en misiones
de reconocimiento y de patrulla
"
0xb30c,"así como para reconocer a unidades de
artillería y de transporte en territorio abrupto.
","así como para reconocer a unidades de
artillería y de transporte en territorio abrupto.
"
0xb367,"En el 1955 incluso probaron un prototipo
inicial.
","En el 1955 incluso probaron un prototipo
inicial.
"
0xb39a,"Pero no era lo suficientemente rápido y
además, tenían problemas para parar y girar
en el aire.
","Pero no era lo suficientemente rápido y
además, tenían problemas para parar y girar
en el aire.
"
0xb3fe,"Así que acabaron por descartar el proyecto.
","Así que acabaron por descartar el proyecto.
"
0xb42c,"Las que ves ahí las construyeron los soviéticos
después de que consiguieran los planos de los
diseños americanos.
","Las que ves ahí las construyeron los soviéticos
después de que consiguieran los planos de los
diseños americanos.
"
0xb4a3,"El modelo americano utiliza un par de rotores
contra-rotantes para propulsarse.
","El modelo americano utiliza un par de rotores
contra-rotantes para propulsarse.
"
0xb4f4,"Pero los modelos soviéticos utilizan motores a
chorro.
","Pero los modelos soviéticos utilizan motores a
chorro.
"
0xb52d,"Continuaron con la investigación incluso
después de que los Estados Unidos
descartaran el proyecto.
","Continuaron con la investigación incluso
después de que los Estados Unidos
descartaran el proyecto.
"
0xb594,"Y por fin nos han adelantado. Hay que
reconocerlo, son muy perseverantes.
","Y por fin nos han adelantado. Hay que
reconocerlo, son muy perseverantes.
"
0xb5df,"Si un enemigo te ve desde una plataforma
volante, pasarán a Fase Alerta.
","Si un enemigo te ve desde una plataforma
volante, pasarán a Fase Alerta.
"
0xb62a,"Las plataformas volantes no tienen armas,
pero sus pilotos llevan metralletas Scorpion y
granadas.
","Las plataformas volantes no tienen armas,
pero sus pilotos llevan metralletas Scorpion y
granadas.
"
0xb68e,"El retroceso de las Scorpion es muy bajo, por
lo que podrás disparar con una sola mano en
modo totalmente automático.
","El retroceso de las Scorpion es muy bajo, por
lo que podrás disparar con una sola mano en
modo totalmente automático.
"
0xb707,"Y por eso son tan potentes.
","Y por eso son tan potentes.
"
0xb724,"Seguro que el blindaje de las plataformas
volantes es bastante grueso.
","Seguro que el blindaje de las plataformas
volantes es bastante grueso.
"
0xb76c,"No creo que lo puedas penetrar con una
pistola o con un fusil de combate.
","No creo que lo puedas penetrar con una
pistola o con un fusil de combate.
"
0xb7b7,"Cuando te estés enfrentando a una plataforma
volante, apunta al piloto o al motor.
","Cuando te estés enfrentando a una plataforma
volante, apunta al piloto o al motor.
"
0xb80c,"Las plataformas volantes tienen unos focos en
la parte delantera.
","Las plataformas volantes tienen unos focos en
la parte delantera.
"
0xb84f,"Si los destruyes, no podrán llevar a cabo las
misiones de reconocimiento.
","Si los destruyes, no podrán llevar a cabo las
misiones de reconocimiento.
"
0xb89b,"Y en algunos casos, tendrá que volver incluso
a la base para repararlos.
","Y en algunos casos, tendrá que volver incluso
a la base para repararlos.
"
0xb8e6,"Snake, dicen que The Fear lleva un tipo de
camuflaje de infiltración.
","Snake, dicen que The Fear lleva un tipo de
camuflaje de infiltración.
"
0xb92e,"No sé cómo funciona exactamente, pero
parece que refracta la luz de tal forma que
esconde a la persona que lo lleva.
","No sé cómo funciona exactamente, pero
parece que refracta la luz de tal forma que
esconde a la persona que lo lleva.
"
0xb9a6,"Es el mejor camuflaje que jamás haya visto.
Va a ser difícil saber dónde está.
","Es el mejor camuflaje que jamás haya visto.
Va a ser difícil saber dónde está.
"
0xb9fa,"Pero eso no quiere decir que no tenga un
punto débil.
","Pero eso no quiere decir que no tenga un
punto débil.
"
0xba32,"Al parecer, cuando tiene puesto el camuflaje
de infiltración, gasta mucha energía.
","Al parecer, cuando tiene puesto el camuflaje
de infiltración, gasta mucha energía.
"
0xba88,"Y cuando no le quede energía, su camuflaje
dejará de funcionar. No pierdas esa
oportunidad.
","Y cuando no le quede energía, su camuflaje
dejará de funcionar. No pierdas esa
oportunidad.
"
0xbae7,"Y aunque tenga el camuflaje de infiltración, no
quiere decir que no esté allí. Podrás adivinar
su posición utilizando tus sensores.
","Y aunque tenga el camuflaje de infiltración, no
quiere decir que no esté allí. Podrás adivinar
su posición utilizando tus sensores.
"
0xbb71,"Utiliza tu detector de movimiento y tu sonar
activo.
","Utiliza tu detector de movimiento y tu sonar
activo.
"
0xbba7,"También te pueden ser útiles las gafas
térmicas.
","También te pueden ser útiles las gafas
térmicas.
"
0xbbdc,"The Fear utiliza dos tipos de ballestas, la
Pequeño Joe y la Guillermo Tell.
","The Fear utiliza dos tipos de ballestas, la
Pequeño Joe y la Guillermo Tell.
"
0xbc2b,"La pequeño Joe ha sido diseñada para
combates a corta distancia. No es muy
potente, pero no se tarda mucho en cargarla.
","La pequeño Joe ha sido diseñada para
combates a corta distancia. No es muy
potente, pero no se tarda mucho en cargarla.
"
0xbca6,"Por el contrario, la Guillermo Tell es ideal para
combates a larga distancia. Se tarda un rato
en cargarla pero tiene mucha fuerza de
disparo.
","Por el contrario, la Guillermo Tell es ideal para
combates a larga distancia. Se tarda un rato
en cargarla pero tiene mucha fuerza de
disparo.
"
0xbd36,"Ten cuidado.
","Ten cuidado.
"
0xbd44,"Y además de los dardos normales para la
ballesta, The Fear utiliza unos dardos
especiales; los dardos envenenados y los
dardos gigantes.
","Y además de los dardos normales para la
ballesta, The Fear utiliza unos dardos
especiales; los dardos envenenados y los
dardos gigantes.
"
0xbdcf,"Además, dicen que también utiliza dardos con
granadas incorporadas.
","Además, dicen que también utiliza dardos con
granadas incorporadas.
"
0xbe16,"Si te da con uno de éstos, ¡las heridas serán
graves! ¡Ten cuidado!
","Si te da con uno de éstos, ¡las heridas serán
graves! ¡Ten cuidado!
"
0xbe5f,"El bosque de Sokrovenno es muy grande. Y es
en estos casos cuando el ""MAPA"" del
Visualizador de Supervivencia se convertirá en
tu mejor amigo.
","El bosque de Sokrovenno es muy grande. Y es
en estos casos cuando el ""MAPA"" del
Visualizador de Supervivencia se convertirá en
tu mejor amigo.
"
0xbef0,"No sólo muestra la zona en la que estás y en
los sitios que has estado,
","No sólo muestra la zona en la que estás y en
los sitios que has estado,
"
0xbf3b,"sino que además gracias al mapa, podrás intuir
los lugares preferidos de The End.
","sino que además gracias al mapa, podrás intuir
los lugares preferidos de The End.
"
0xbf90,"Estudia bien la zona e intenta pillar a The End
por sorpresa por detrás.
","Estudia bien la zona e intenta pillar a The End
por sorpresa por detrás.
"
0xbfdb,"Eh, ¿tú tienes gafas térmicas, no?
","Eh, ¿tú tienes gafas térmicas, no?
"
0xc002,"Póntelas y encontrarás más fácilmente a The
End, aunque esté utilizando el camuflaje.
","Póntelas y encontrarás más fácilmente a The
End, aunque esté utilizando el camuflaje.
"
0xc05e,"Una advertencia,
","Una advertencia,
"
0xc070,"dicen que cuando está en el bosque, su
temperatura corporal baja tanto que es similar
a la temperatura ambiente.
","dicen que cuando está en el bosque, su
temperatura corporal baja tanto que es similar
a la temperatura ambiente.
"
0xc0e3,"Probablemente, va a ser más difícil de
encontrar que cualquier otro enemigo.
","Probablemente, va a ser más difícil de
encontrar que cualquier otro enemigo.
"
0xc133,"Snake, cuidado con las emboscadas de los
Ocelots. Utiliza tu detector de movimiento y el
sonar activo para adelantarte.
","Snake, cuidado con las emboscadas de los
Ocelots. Utiliza tu detector de movimiento y el
sonar activo para adelantarte.
"
0xc1ac,"El Hind está equipado con una ametralladora
de 12.7 mm en la parte delantera, y
lanzacohetes y misiles antitanques en las
alas...
","El Hind está equipado con una ametralladora
de 12.7 mm en la parte delantera, y
lanzacohetes y misiles antitanques en las
alas...
"
0xc230,"En condiciones normales, es una locura
combatir desde tierra firme.
","En condiciones normales, es una locura
combatir desde tierra firme.
"
0xc275,"Así que si te empieza a atacar con la
ametralladora o con los cohetes, cúbrete tan
pronto como puedas.
","Así que si te empieza a atacar con la
ametralladora o con los cohetes, cúbrete tan
pronto como puedas.
"
0xc2df,"Y en cuanto a los misiles, podrás destruir su
sistema de guía con una granada chaff, al
bloquear la señal de la radio.
","Y en cuanto a los misiles, podrás destruir su
sistema de guía con una granada chaff, al
bloquear la señal de la radio.
"
0xc35a,"Tu fusil de asalto no penetrará el blindaje del
Hind.
","Tu fusil de asalto no penetrará el blindaje del
Hind.
"
0xc392,"Prueba con el RPG-7.
","Prueba con el RPG-7.
"
0xc3a8,"Si no utilizas un lanzacohetes u otro arma con
potencia similar, no podrás acabar con él.
","Si no utilizas un lanzacohetes u otro arma con
potencia similar, no podrás acabar con él.
"
0xc405,"EVA dijo que había un RPG-7 en esas
montañas, ¿no?
","EVA dijo que había un RPG-7 en esas
montañas, ¿no?
"
0xc43c,"Con un RPG-7 puede que tengas alguna
posibilidad al luchar contra el Hind. Ve a
buscarlo.
","Con un RPG-7 puede que tengas alguna
posibilidad al luchar contra el Hind. Ve a
buscarlo.
"
0xc497,"Si puedes hacerte con uno de los cañones
antiaéreos de las montañas, podrás mantener
una lucha entre iguales con el Hind.
","Si puedes hacerte con uno de los cañones
antiaéreos de las montañas, podrás mantener
una lucha entre iguales con el Hind.
"
0xc516,"El Hind es un helicóptero de combate que
transporta a personal. Puede que lance tropas
cuando te sobrevuele. ¡Que no te pille por
sorpresa!
","El Hind es un helicóptero de combate que
transporta a personal. Puede que lance tropas
cuando te sobrevuele. ¡Que no te pille por
sorpresa!
"
0xc5a5,"El Hind está protegido por un grueso blindaje,
pero la bala del fusil podrá penetrarlo por la
cúpula de la cabina del piloto.
","El Hind está protegido por un grueso blindaje,
pero la bala del fusil podrá penetrarlo por la
cúpula de la cabina del piloto.
"
0xc627,"Prueba con el SVD.
","Prueba con el SVD.
"
0xc63b,"Sigint.
","Sigint.
"
0xc644,"Presente.
","Presente.
"
0xc64f,"EVA dijo que tenía preparado una aeronave
efecto suelo para escapar.
","EVA dijo que tenía preparado una aeronave
efecto suelo para escapar.
"
0xc696,"Eso he oído.
","Eso he oído.
"
0xc6a5,"La aeronave efecto suelo, también conocida
como WIG o ekranoplano, es un cruce entre
un avión y un barco. Utiliza el efecto suelo
para poder volar.
","La aeronave efecto suelo, también conocida
como WIG o ekranoplano, es un cruce entre
un avión y un barco. Utiliza el efecto suelo
para poder volar.
"
0xc73c,"Efecto suelo significa, básicamente, que
cuando la aeronave toca la superficie del agua,
","Efecto suelo significa, básicamente, que
cuando la aeronave toca la superficie del agua,
"
0xc797,"el aire que hay entre la tierra y las alas se
comprime, dándole un empujón extra.
","el aire que hay entre la tierra y las alas se
comprime, dándole un empujón extra.
"
0xc7ec,"Por lo que han podido averiguar los servicios
secretos occidentales, los rusos están
trabajando muy en serio en el desarrollo de los
WIG.
","Por lo que han podido averiguar los servicios
secretos occidentales, los rusos están
trabajando muy en serio en el desarrollo de los
WIG.
"
0xc878,"Al parecer, tienen intención de usarlos para
patrullar las aguas marinas en busca de
submarinos.
","Al parecer, tienen intención de usarlos para
patrullar las aguas marinas en busca de
submarinos.
"
0xc8db,"Y entiendo el porqué. La velocidad que
alcanzan y su gran capacidad, hacen que sea
el vehículo ideal para ese tipo de misiones.
","Y entiendo el porqué. La velocidad que
alcanzan y su gran capacidad, hacen que sea
el vehículo ideal para ese tipo de misiones.
"
0xc95e,"Creo que EVA ha conseguido uno de los
primeros prototipos que estaban probando
como vehículo de transporte.
","Creo que EVA ha conseguido uno de los
primeros prototipos que estaban probando
como vehículo de transporte.
"
0xc9cc,"El WIG puede alcanzar una velocidad máxima
superior a 700 kilómetros por hora. Y su
capacidad no está nada mal.
","El WIG puede alcanzar una velocidad máxima
superior a 700 kilómetros por hora. Y su
capacidad no está nada mal.
"
0xca40,"Y de poco te va a servir esa velocidad cuando
estés compitiendo contra un caza supersónico,
","Y de poco te va a servir esa velocidad cuando
estés compitiendo contra un caza supersónico,
"
0xca9f,"pero recuerda, que si tocas la superficie del
agua, el radar no te podrá detectar.
","pero recuerda, que si tocas la superficie del
agua, el radar no te podrá detectar.
"
0xcaf4,"El lanzallamas que tiene The Fury no es
normal.
","El lanzallamas que tiene The Fury no es
normal.
"
0xcb25,"Normalmente, los lanzallamas utilizan, como
carburante, una mezcla de napalm y gasolina.
","Normalmente, los lanzallamas utilizan, como
carburante, una mezcla de napalm y gasolina.
"
0xcb7f,"Pero por lo que he oído, ese tío está utilizando
combustible líquido para cohetes.
","Pero por lo que he oído, ese tío está utilizando
combustible líquido para cohetes.
"
0xcbd7,"Creo que es una mezcla de UDMH,
dimetilhidracina asimétrica y NTO, tetróxido de
nitrógeno.
","Creo que es una mezcla de UDMH,
dimetilhidracina asimétrica y NTO, tetróxido de
nitrógeno.
"
0xcc36,"Seguro que has visto lo potente que es.
","Seguro que has visto lo potente que es.
"
0xcc5f,"El lanzallamas de The Fury es un pedazo de
arma. Cuando le ataques de frente, serás
víctima de las llamas.
","El lanzallamas de The Fury es un pedazo de
arma. Cuando le ataques de frente, serás
víctima de las llamas.
"
0xcccd,"Tienes que rodearle y atacarle por detrás o por
los laterales.
","Tienes que rodearle y atacarle por detrás o por
los laterales.
"
0xcd0e,"The Fury lleva puesto un traje antifuego
confeccionado a partir de un traje espacial.
","The Fury lleva puesto un traje antifuego
confeccionado a partir de un traje espacial.
"
0xcd65,"El traje puede resistir sus llamas,
","El traje puede resistir sus llamas,
"
0xcd8a,"granadas y granadas de fósforo blanco.
","granadas y granadas de fósforo blanco.
"
0xcdb3,"Pero claro, si consigues rasgar el traje, la
historia cambia.
","Pero claro, si consigues rasgar el traje, la
historia cambia.
"
0xcdf2,"Si peleas con él cuerpo a cuerpo con tu
cuchillo, podrás rasgarle el traje.
","Si peleas con él cuerpo a cuerpo con tu
cuchillo, podrás rasgarle el traje.
"
0xce41,"Para acercarte lo suficiente para poder utilizar
tu cuchillo, éntrale por detrás.
","Para acercarte lo suficiente para poder utilizar
tu cuchillo, éntrale por detrás.
"
0xce96,"Pero intenta no hacer ningún ruido. Y si llevas
algún objeto que dé luz, como por ejemplo un
puro o una linterna, te descubrirá.
","Pero intenta no hacer ningún ruido. Y si llevas
algún objeto que dé luz, como por ejemplo un
puro o una linterna, te descubrirá.
"
0xcf1c,"Así que cuando te estés acercando a él, deja
el puro y la linterna.
","Así que cuando te estés acercando a él, deja
el puro y la linterna.
"
0xcf64,"¿¡Has roto el traje antifuego de The Fury!?
","¿¡Has roto el traje antifuego de The Fury!?
"
0xcf93,"Ahora ya le puedes lanzar granadas y
granadas de fósforo blanco.
","Ahora ya le puedes lanzar granadas y
granadas de fósforo blanco.
"
0xcfd6,"Otro forma de atacarle es disparando a un
bidón cuando él esté cerca.
","Otro forma de atacarle es disparando a un
bidón cuando él esté cerca.
"
0xd020,"No puedes luchar si no ves lo que hay delante
de tus narices. La visión es muy importante.
","No puedes luchar si no ves lo que hay delante
de tus narices. La visión es muy importante.
"
0xd07d,"Prueba con las gafas de visión nocturna, pero
no pierdas de vista sus pilas.
","Prueba con las gafas de visión nocturna, pero
no pierdas de vista sus pilas.
"
0xd0cc,"No mires directamente a las llamas de The
Fury cuando tengas puestas las gafas de
visión nocturna,
","No mires directamente a las llamas de The
Fury cuando tengas puestas las gafas de
visión nocturna,
"
0xd131,"o perderás temporalmente la visión.
","o perderás temporalmente la visión.
"
0xd158,"Si dispara su lanzallamas, mira hacia otro lado
o quítate las gafas.
","Si dispara su lanzallamas, mira hacia otro lado
o quítate las gafas.
"
0xd19f,"Si se te han acabado las pilas de las gafas de
visión nocturna, utiliza tu puro o la linterna
para alumbrar tu camino.
","Si se te han acabado las pilas de las gafas de
visión nocturna, utiliza tu puro o la linterna
para alumbrar tu camino.
"
0xd218,"Pero si te acercas demasiado a él con algún
objeto que ilumine, te descubrirá. Recuérdalo.
","Pero si te acercas demasiado a él con algún
objeto que ilumine, te descubrirá. Recuérdalo.
"
0xd278,"Snake, la puerta de la celda se abrirá en
respuesta a cierta frecuencia de radio.
","Snake, la puerta de la celda se abrirá en
respuesta a cierta frecuencia de radio.
"
0xd2cc,"Si supieras qué frecuencia es, podrías abrir la
puerta...
","Si supieras qué frecuencia es, podrías abrir la
puerta...
"
0xd309,"Snake, ¿estás bien?
","Snake, ¿estás bien?
"
0xd320,"Sí, he tenido una terrible pesadilla.
","Sí, he tenido una terrible pesadilla.
"
0xd348,"Joe, ¿de qué se trataba?
","Joe, ¿de qué se trataba?
"
0xd364,"No quiero ni pensarlo. Me atacaban monstruos
que parecían humanos. Pero... No sé si era
yo.
","No quiero ni pensarlo. Me atacaban monstruos
que parecían humanos. Pero... No sé si era
yo.
"
0xd3c3,"Bueno, al menos era sólo una pesadilla, que
se acaba al despertar.
","Bueno, al menos era sólo una pesadilla, que
se acaba al despertar.
"
0xd408,"Cierto es.
","Cierto es.
"
0xd414,"Y si lo piensas, el hecho de que puedas
imaginarte una situación aún peor de la que
estás, quiere decir que tu vida no es tan mala.
","Y si lo piensas, el hecho de que puedas
imaginarte una situación aún peor de la que
estás, quiere decir que tu vida no es tan mala.
"
0xd49c,"Eso espero.
","Eso espero.
"
0xd4a9,"Bueno, te voy a contar la peor de las
pesadillas que jamás he tenido. No es apta
para menores.
","Bueno, te voy a contar la peor de las
pesadillas que jamás he tenido. No es apta
para menores.
"
0xd50a,"Bien, pues hay un montón de mierda, ¿vale?
Con la forma de un tanque gigante
","Bien, pues hay un montón de mierda, ¿vale?
Con la forma de un tanque gigante
"
0xd55a,"que camina sobre dos patas y que va por ahí
destruyendo casas, personas... todo lo que se
cruza en su camino.
","que camina sobre dos patas y que va por ahí
destruyendo casas, personas... todo lo que se
cruza en su camino.
"
0xd5ca,"Y este monstruo gigante tiene los misiles más
peligrosos del mundo. Y cada vez que lanza
uno de estos misiles...
","Y este monstruo gigante tiene los misiles más
peligrosos del mundo. Y cada vez que lanza
uno de estos misiles...
"
0xd63d,"... convierte en mierda todo lo que toca;
personas, árboles, edificios, etc.
","... convierte en mierda todo lo que toca;
personas, árboles, edificios, etc.
"
0xd68c,"Mi ciudad, mi colegio, mi familia, mi novia, mi
padre John...
","Mi ciudad, mi colegio, mi familia, mi novia, mi
padre John...
"
0xd6cb,"Convierte en mierda todo lo que toca.
","Convierte en mierda todo lo que toca.
"
0xd6f2,"Tío, qué asco.
","Tío, qué asco.
"
0xd704,"Menos mal que es sólo un sueño, ¿eh?
","Menos mal que es sólo un sueño, ¿eh?
"
0xd72d,"Sí, menos mal.
","Sí, menos mal.
"
0xd73e,"¿Ya te sientes mejor?
","¿Ya te sientes mejor?
"
0xd756,"Sí.
","Sí.
"
0xd75c,"Bien, pues venga, a lo que estamos.
","Bien, pues venga, a lo que estamos.
"
0xd781,"Ves Snake, las personas son como sacos de
mierda con muchos agujeros. Si les llenas de
agua, saldrá por algún lado.
","Ves Snake, las personas son como sacos de
mierda con muchos agujeros. Si les llenas de
agua, saldrá por algún lado.
"
0xd7f8,"... Vale, puede que ése haya sido un mal
ejemplo. Lo que quiero decir es que,
independientemente de cuál sea la situación,
siempre hay una salida.
","... Vale, puede que ése haya sido un mal
ejemplo. Lo que quiero decir es que,
independientemente de cuál sea la situación,
siempre hay una salida.
"
0xd88f,"No tires la toalla todavía. Despeja tu mente.
Piénsalo de nuevo. Evalúa y considera la
situación. Encontrarás una forma de escapar.
","No tires la toalla todavía. Despeja tu mente.
Piénsalo de nuevo. Evalúa y considera la
situación. Encontrarás una forma de escapar.
"
0xd919,"Vale.
","Vale.
"
0xd920,"No dejes que mi pesadilla se haga realidad.
","No dejes que mi pesadilla se haga realidad.
"
0xd94d,"De acuerdo.
","De acuerdo.
"
0xd95a,"Snake, tienes que colocar las cargas de C3
que te dio EVA en los tanques de combustible
líquido.
","Snake, tienes que colocar las cargas de C3
que te dio EVA en los tanques de combustible
líquido.
"
0xd9bd,"Pero tienes la cantidad justa, así que ya
sabes, coloca las cargas en los sitios
correctos.
","Pero tienes la cantidad justa, así que ya
sabes, coloca las cargas en los sitios
correctos.
"
0xda1b,"E incluso si las colocas en el sitio correcto, y
el enemigo las encuentra, no te servirá de
nada.
","E incluso si las colocas en el sitio correcto, y
el enemigo las encuentra, no te servirá de
nada.
"
0xda7f,"Intenta colocar las cargas de C3 tan lejos
como puedas de miradas indiscretas.
","Intenta colocar las cargas de C3 tan lejos
como puedas de miradas indiscretas.
"
0xdacf,"Y cuando hayas colocado todas las cargas de
C3, gira el interruptor para que comience la
cuenta atrás.
","Y cuando hayas colocado todas las cargas de
C3, gira el interruptor para que comience la
cuenta atrás.
"
0xdb38,"La cuenta atrás comenzará inmediatamente.
","La cuenta atrás comenzará inmediatamente.
"
0xdb65,"Cuando llegue a cero, todo el hangar saldrá
por los aires. Sal de ahí antes de que eso
ocurra.
","Cuando llegue a cero, todo el hangar saldrá
por los aires. Sal de ahí antes de que eso
ocurra.
"
0xdbc7,"Snake, como te he dicho antes, ten cuidado al
acercarte a esos tanques del combustible
líquido.
","Snake, como te he dicho antes, ten cuidado al
acercarte a esos tanques del combustible
líquido.
"
0xdc29,"Los tanques están llenos de UDMH,
dimetilhidracina asimétrica. Se utiliza como
sistema de propulsión para cohetes y misiles.
","Los tanques están llenos de UDMH,
dimetilhidracina asimétrica. Se utiliza como
sistema de propulsión para cohetes y misiles.
"
0xdcaa,"¡Toquetea un tanque y BOOM! ¡Acabarás
hecho picadillo!
","¡Toquetea un tanque y BOOM! ¡Acabarás
hecho picadillo!
"
0xdce5,"Así que hazme un favor y no dispares ni
lances granadas a los tanques de combustible
líquido.
","Así que hazme un favor y no dispares ni
lances granadas a los tanques de combustible
líquido.
"
0xdd46,"¡Cuidado con los ataques shock eléctricos de
Volgin!
","¡Cuidado con los ataques shock eléctricos de
Volgin!
"
0xdd7e,"Si te da un shock cuando estés equipado con
un arma, la munición que tengas en el
cargador se encenderá y el arma explotará.
","Si te da un shock cuando estés equipado con
un arma, la munición que tengas en el
cargador se encenderá y el arma explotará.
"
0xde00,"Bien lucha sin equiparte con un arma
","Bien lucha sin equiparte con un arma
"
0xde26,"o pulsa rápidamente el botón de la Ventana de
Arma para dejar el arma antes de que te
electrocuten.
","o pulsa rápidamente el botón de la Ventana de
Arma para dejar el arma antes de que te
electrocuten.
"
0xde8d,"Justo después del ataque shock eléctrico de
Volgin, quedará al descubierto durante un
segundo. ¡Atácale entonces!
","Justo después del ataque shock eléctrico de
Volgin, quedará al descubierto durante un
segundo. ¡Atácale entonces!
"
0xdf05,"Volgin utiliza una técnica que le permite sujetar
entre sus dedos un fusil
","Volgin utiliza una técnica que le permite sujetar
entre sus dedos un fusil
"
0xdf52,"al mismo tiempo que golpea a su enemigo y
hace que las balas del fusil exploten con
el ataque shock eléctrico.
","al mismo tiempo que golpea a su enemigo y
hace que las balas del fusil exploten con
el ataque shock eléctrico.
"
0xdfc3,"Es un puñetazo, un shock eléctrico y el
disparo de un fusil, todo al mismo tiempo.
","Es un puñetazo, un shock eléctrico y el
disparo de un fusil, todo al mismo tiempo.
"
0xe019,"Y ya has visto los daños que causa, un ataque
así te destrozaría. ¡Esquívalo y huye Snake!
","Y ya has visto los daños que causa, un ataque
así te destrozaría. ¡Esquívalo y huye Snake!
"
0xe07a,"Volgin puede utilizar su ataque shock eléctrico
para que hacer explotar la pólvora que hay
dentro de un cargador.
","Volgin puede utilizar su ataque shock eléctrico
para que hacer explotar la pólvora que hay
dentro de un cargador.
"
0xe0ef,"En otras palabras, puede disparar una bala sin
tener un arma.
","En otras palabras, puede disparar una bala sin
tener un arma.
"
0xe12e,"Si comienza a disparar balas en tu dirección,
¡escóndete! ¡Si te quedas, acabarás como un
colador!
","Si comienza a disparar balas en tu dirección,
¡escóndete! ¡Si te quedas, acabarás como un
colador!
"
0xe197,"Volgin desvía las balas rodeando su cuerpo de
un potente campo electromagnético.
","Volgin desvía las balas rodeando su cuerpo de
un potente campo electromagnético.
"
0xe1eb,"Si le disparas de frente, no le podrás dar. Si le
vas a atacar con un arma de fuego, hazlo por
detrás o por los lados.
","Si le disparas de frente, no le podrás dar. Si le
vas a atacar con un arma de fuego, hazlo por
detrás o por los lados.
"
0xe265,"Snake, intenta utilizar una granada chaff.
","Snake, intenta utilizar una granada chaff.
"
0xe291,"Los pequeños trozos de metal que lanza por
los aires disiparán el ataque shock eléctrico y
harán que sea menos doloroso.
","Los pequeños trozos de metal que lanza por
los aires disiparán el ataque shock eléctrico y
harán que sea menos doloroso.
"
0xe30f,"Snake, ¡queda muy poco tiempo! ¡Acaba con
él lo más rápido posible!
","Snake, ¡queda muy poco tiempo! ¡Acaba con
él lo más rápido posible!
"
0xe359,"Snake, deja que EVA se encargue de conducir
y concéntrate en atacar.
","Snake, deja que EVA se encargue de conducir
y concéntrate en atacar.
"
0xe3a0,"Utiliza Visión Primera Persona para detectar a
los enemigos que haya a tu alrededor.
","Utiliza Visión Primera Persona para detectar a
los enemigos que haya a tu alrededor.
"
0xe3f7,"Si te sigue un sidecar, primero acaba con el
enemigo que está en el sidecar.
","Si te sigue un sidecar, primero acaba con el
enemigo que está en el sidecar.
"
0xe446,"Así no podrá seguir atacándote.
","Así no podrá seguir atacándote.
"
0xe46a,"La potencia de la ametralladora del Shagohod
es impresionante.
","La potencia de la ametralladora del Shagohod
es impresionante.
"
0xe4aa,"Pero podrás averiar su sistema para apuntar
disparando directamente a la ametralladora.
","Pero podrás averiar su sistema para apuntar
disparando directamente a la ametralladora.
"
0xe504,"Si la ametralladora comienza disparar, ¡dispara
tú también!
","Si la ametralladora comienza disparar, ¡dispara
tú también!
"
0xe544,"Los misiles del Shagohod son dirigidos por
radio. Podrás inutilizar el sistema de guía con
una granada chaff. ¡Pruébalo!
","Los misiles del Shagohod son dirigidos por
radio. Podrás inutilizar el sistema de guía con
una granada chaff. ¡Pruébalo!
"
0xe5c2,"Ya es muy tarde para utilizar la granada chaff,
dispara con tu arma. Ya sé que parece una
locura, pero si alguien es capaz de hacerlo,
¡ése eres tú!
","Ya es muy tarde para utilizar la granada chaff,
dispara con tu arma. Ya sé que parece una
locura, pero si alguien es capaz de hacerlo,
¡ése eres tú!
"
0xe65c,"Si el Shagohod quiere chocar contra ti, ¡dale
un buen golpe con el RPG-7 o con una
granada!
","Si el Shagohod quiere chocar contra ti, ¡dale
un buen golpe con el RPG-7 o con una
granada!
"
0xe6ba,"Y aunque no lo puedas destruir, ¡le tocarás un
poco las narices!
","Y aunque no lo puedas destruir, ¡le tocarás un
poco las narices!
"
0xe6fe,"Snake, dispara a las bombas de C3 que hay
en el puente ferroviario para saltarlo por los
aires.
","Snake, dispara a las bombas de C3 que hay
en el puente ferroviario para saltarlo por los
aires.
"
0xe75f,"Normalmente, las cargas de C3 están
fabricadas con un material químico estable.
Sólo explosionan cuando reciben un shock
externo.
","Normalmente, las cargas de C3 están
fabricadas con un material químico estable.
Sólo explosionan cuando reciben un shock
externo.
"
0xe7e5,"Probablemente EVA ha colocado detonadores
en esas bombas, y por lo tanto explotarán
cuando algo las perturbe.
","Probablemente EVA ha colocado detonadores
en esas bombas, y por lo tanto explotarán
cuando algo las perturbe.
"
0xe855,"Lo hace para que no puedan ser desactivadas.
Jo, esta tía piensa en todo.
","Lo hace para que no puedan ser desactivadas.
Jo, esta tía piensa en todo.
"
0xe8a1,"Si disparas a esas bombas de C3, activarás el
detonador y destruirás el puente.
","Si disparas a esas bombas de C3, activarás el
detonador y destruirás el puente.
"
0xe8f4,"Para este trabajo, te puede servir el SVD o el
RPG-7. Si eres un buen tirador, también
puedes utilizar el fusil de combate o una
pistola.
","Para este trabajo, te puede servir el SVD o el
RPG-7. Si eres un buen tirador, también
puedes utilizar el fusil de combate o una
pistola.
"
0xe980,"¡Que no te vea utilizar esa pistola
tranquilizadora!
","¡Que no te vea utilizar esa pistola
tranquilizadora!
"
0xe9b7,"Relájate y concéntrate en el disparo.
","Relájate y concéntrate en el disparo.
"
0xe9e0,"Snake, ¡el Shagohod está a punto de cruzar el
puente! ¡No hay tiempo que perder! ¡Date
prisa y dispara a las bombas!
","Snake, ¡el Shagohod está a punto de cruzar el
puente! ¡No hay tiempo que perder! ¡Date
prisa y dispara a las bombas!
"
0xea5a,"Esa ametralladora es mortal.
","Esa ametralladora es mortal.
"
0xea78,"Pero puedes detener el ataque si dispara con
el RPG-7 a la coraza del Shagohod.
","Pero puedes detener el ataque si dispara con
el RPG-7 a la coraza del Shagohod.
"
0xeac9,"Si empieza a dispararte con la ametralladora,
lanza un cohete al Shagohod antes de que te
haga picadillo.
","Si empieza a dispararte con la ametralladora,
lanza un cohete al Shagohod antes de que te
haga picadillo.
"
0xeb34,"Su coraza es muy gruesa, pero le pondrás en
un aprieto si consigues que un cohete la
perfore.
","Su coraza es muy gruesa, pero le pondrás en
un aprieto si consigues que un cohete la
perfore.
"
0xeb94,"Cada vez que dispare la ametralladora, se
abrirá la capota de la coraza. ¡Dispara
entonces!
","Cada vez que dispare la ametralladora, se
abrirá la capota de la coraza. ¡Dispara
entonces!
"
0xebf3,"Cuando te clave ese taladro, hará mucha
fuerza. Los daños serán considerables.
","Cuando te clave ese taladro, hará mucha
fuerza. Los daños serán considerables.
"
0xec46,"Si el Shagohod intenta perforarte, ¡dispárale
con el RPG-7!
","Si el Shagohod intenta perforarte, ¡dispárale
con el RPG-7!
"
0xec85,"No intentes dispara a Volgin de frente.
Desviarás las balas con su campo
electromagnético.
","No intentes dispara a Volgin de frente.
Desviarás las balas con su campo
electromagnético.
"
0xece3,"Ve por detrás o por los laterales del Shagohod,
¡y dispara a Volgin desde allí!
","Ve por detrás o por los laterales del Shagohod,
¡y dispara a Volgin desde allí!
"
0xed37,"Snake, ¡no dejes que el enemigo te descubra!
¡Y para ver donde están, utiliza Visión Primera
Persona!
","Snake, ¡no dejes que el enemigo te descubra!
¡Y para ver donde están, utiliza Visión Primera
Persona!
"
0xeda2,"Snake, ya casi está en el lago. ¡Puedes
conseguirlo, chaval!
","Snake, ya casi está en el lago. ¡Puedes
conseguirlo, chaval!
"
0xede2,"Snake, tanto EVA como tú estáis en muy mala
condición. Yo no me enfrentaría al enemigo tal
y como os encontráis.
","Snake, tanto EVA como tú estáis en muy mala
condición. Yo no me enfrentaría al enemigo tal
y como os encontráis.
"
0xee59,"Es hora de colocar alguna trampa.
","Es hora de colocar alguna trampa.
"
0xee7c,"Si colocas las trampas en el lugar adecuado,
evitarás que el enemigo avance, y así ganarás
tiempo.
","Si colocas las trampas en el lugar adecuado,
evitarás que el enemigo avance, y así ganarás
tiempo.
"
0xeee3,"Utiliza TNT o Claymore para que lo pasen mal.
","Utiliza TNT o Claymore para que lo pasen mal.
"
0xef12,"No tienes porqué neutralizar a todos tus
enemigos, tu única preocupación debería ser
salir de ahí sano y salvo.
","No tienes porqué neutralizar a todos tus
enemigos, tu única preocupación debería ser
salir de ahí sano y salvo.
"
0xef88,"Puede que las granadas de humo y
detonadoras no causen ningún daño, pero
harán que el enemigo vaya más despacio.
","Puede que las granadas de humo y
detonadoras no causen ningún daño, pero
harán que el enemigo vaya más despacio.
"
0xeffe,"¿Así que ha sido The Boss quien ha
llamado a los MiGs?
","¿Así que ha sido The Boss quien ha
llamado a los MiGs?
"
0xf038,"Probablemente The Boss ha llamado a MiG-21,
el mejor caza soviético.
","Probablemente The Boss ha llamado a MiG-21,
el mejor caza soviético.
"
0xf07f,"Están equipado con compartimentos múltiples
para cohetes y con bombas para ataques
aire-tierra.
","Están equipado con compartimentos múltiples
para cohetes y con bombas para ataques
aire-tierra.
"
0xf0e2,"Si el MiG te lanza napalm, ya te puedes ir
despidiendo. ¡Tienes que derrotar a The Boss
antes de que eso ocurra!
","Si el MiG te lanza napalm, ya te puedes ir
despidiendo. ¡Tienes que derrotar a The Boss
antes de que eso ocurra!
"
0xf155,"The Boss tiene un arma única que ha sido
especialmente diseñada para ella. A ese arma
le llaman ""Patriot"".
","The Boss tiene un arma única que ha sido
especialmente diseñada para ella. A ese arma
le llaman ""Patriot"".
"
0xf1c3,"Lo que han hecho, básicamente, es coger el
arma experimental del ejército XM16E1,
recortarle el cañón y quitarle la culata.
","Lo que han hecho, básicamente, es coger el
arma experimental del ejército XM16E1,
recortarle el cañón y quitarle la culata.
"
0xf244,"Se maneja igual que una pistola, pero tiene la
fuerza de recule de un fusil.
","Se maneja igual que una pistola, pero tiene la
fuerza de recule de un fusil.
"
0xf292,"Y como el cañón es tan corto, pues también
evita el retroceso.
","Y como el cañón es tan corto, pues también
evita el retroceso.
"
0xf2d5,"¡Parece mentira que la pueda utilizar con una
sola mano! Ahora ya veo porqué es la líder de
los Cobras y una heroína legendaria.
","¡Parece mentira que la pueda utilizar con una
sola mano! Ahora ya veo porqué es la líder de
los Cobras y una heroína legendaria.
"
0xf35b,"Mientras The Boss te esté disparando con la
Patriot, no la ataques de frente.
","Mientras The Boss te esté disparando con la
Patriot, no la ataques de frente.
"
0xf3ab,"Aproxímate por detrás o por los lados, y
atácala desde allí. ¡Muévete!
","Aproxímate por detrás o por los lados, y
atácala desde allí. ¡Muévete!
"
0xf3f9,"Si The Boss te ataca con la técnica CQC,
","Si The Boss te ataca con la técnica CQC,
"
0xf424,"podría desmontar las armas que tú tengas.
","podría desmontar las armas que tú tengas.
"
0xf451,"Y las armas desmontadas se convertirán en
Cajas de Objetos que se esparcirán por la
zona. Intenta recuperar las cajas tan pronto
como puedas.
","Y las armas desmontadas se convertirán en
Cajas de Objetos que se esparcirán por la
zona. Intenta recuperar las cajas tan pronto
como puedas.
"
0xf4e2,"Puedes intentar cegarla lanzando una granada
de humo o detonadora.
","Puedes intentar cegarla lanzando una granada
de humo o detonadora.
"
0xf526,"Y cuando no pueda ver, ¡atácala por detrás o
por los lados!
","Y cuando no pueda ver, ¡atácala por detrás o
por los lados!
"
0xf566,"Snake, avanza por el campo de flores para
que The Boss no pueda verte, y ponte detrás
de ella.
","Snake, avanza por el campo de flores para
que The Boss no pueda verte, y ponte detrás
de ella.
"
0xf5c7,"Utiliza el sonar activo o el detector de
movimiento para adivinar cuál es su posición.
","Utiliza el sonar activo o el detector de
movimiento para adivinar cuál es su posición.
"
0xf621,"¡Pero no pierdas de vista las pilas!
","¡Pero no pierdas de vista las pilas!
"
0xf648,"¡Snake! ¡Te estás quedando sin tiempo! ¡Date
prisa y acaba con ella!
","¡Snake! ¡Te estás quedando sin tiempo! ¡Date
prisa y acaba con ella!
"
0xf692,"Ya es muy tarde para abandonar. ¡Coge el
arma!
","Ya es muy tarde para abandonar. ¡Coge el
arma!
"
0xf6c3,"¡Ah, estás utilizando el cuchillo de
supervivencia!
","¡Ah, estás utilizando el cuchillo de
supervivencia!
"
0xf6fa,"Sí. Me proporciona todo lo que necesito para
sobrevivir en el campo.
","Sí. Me proporciona todo lo que necesito para
sobrevivir en el campo.
"
0xf741,"Eh tú, espera. ¿Y qué has hecho con el
cuchillo que yo te hice? Era una obra de arte.
","Eh tú, espera. ¿Y qué has hecho con el
cuchillo que yo te hice? Era una obra de arte.
"
0xf79b,"En su empuñadura había grabado diferentes
motivos como anzuelos, hilos de pescar, etc.
","En su empuñadura había grabado diferentes
motivos como anzuelos, hilos de pescar, etc.
"
0xf7f5,"Siento tener que decírtelo, pero ése no servía
de nada en el campo de batalla.
","Siento tener que decírtelo, pero ése no servía
de nada en el campo de batalla.
"
0xf848,"¡No puede ser! ¿De verdad?
","¡No puede ser! ¿De verdad?
"
0xf866,"Sí. Cuando la empuñadura está grabada de tal
forma, no hay forma para estabilizar la
cuchilla.
","Sí. Cuando la empuñadura está grabada de tal
forma, no hay forma para estabilizar la
cuchilla.
"
0xf8c9,"Y por lo tanto, la unión entre la empuñadura y
la cuchilla es muy débil. Y se rompe con
mucha facilidad.
","Y por lo tanto, la unión entre la empuñadura y
la cuchilla es muy débil. Y se rompe con
mucha facilidad.
"
0xf936,"Lo entiendo. Tienes razón, tu cuchillo no se
rompe con facilidad, ni aún moviéndolo
incesantemente.
","Lo entiendo. Tienes razón, tu cuchillo no se
rompe con facilidad, ni aún moviéndolo
incesantemente.
"
0xf99e,"Así que lo importante es la durabilidad... Tengo
que apuntarlo en algún sitio.
","Así que lo importante es la durabilidad... Tengo
que apuntarlo en algún sitio.
"
0xf9f0,"La próxima vez, voy a grabar los motivos en la
funda.
","La próxima vez, voy a grabar los motivos en la
funda.
"
0xfa28,"...
","...
"
0xfa2d,"Snake, ¿qué tienes en las manos?
","Snake, ¿qué tienes en las manos?
"
0xfa51,"Un tenedor. ¿Por qué?
","Un tenedor. ¿Por qué?
"
0xfa6a,"¿Un tenedor? ¿Qué has hecho con tu
cuchillo? ¡Todavía no es la hora de comer!
","¿Un tenedor? ¿Qué has hecho con tu
cuchillo? ¡Todavía no es la hora de comer!
"
0xfabe,"Sigint, haber si utilizas tu imaginación. Un
tenedor no sólo sirve para comer.
","Sigint, haber si utilizas tu imaginación. Un
tenedor no sólo sirve para comer.
"
0xfb10,"¿Ah sí? ¿Para qué más sirve?
","¿Ah sí? ¿Para qué más sirve?
"
0xfb33,"Pues como arma.
","Pues como arma.
"
0xfb44,"¿Como arma?
","¿Como arma?
"
0xfb52,"Sí. Lo puedo utilizar con el botón Arma de la
misma forma que utilizo el cuchillo de
supervivencia.
","Sí. Lo puedo utilizar con el botón Arma de la
misma forma que utilizo el cuchillo de
supervivencia.
"
0xfbb9,"Pero claro, no va a servir de mucho en CQC.
","Pero claro, no va a servir de mucho en CQC.
"
0xfbe6,"En esta misión, no proporcionan ni armas ni
equipamiento.
","En esta misión, no proporcionan ni armas ni
equipamiento.
"
0xfc22,"Por lo tanto, tengo que sacarle el mayor
partido a los objetos que encuentre para
conseguir mi objetivo.
","Por lo tanto, tengo que sacarle el mayor
partido a los objetos que encuentre para
conseguir mi objetivo.
"
0xfc8c,"Así que tengo que aprovechar todos los
objetos y adaptarlos a cada situación.
","Así que tengo que aprovechar todos los
objetos y adaptarlos a cada situación.
"
0xfcdd,"Este tenedor, por ejemplo. A primera vista,
parece inservible, pero puede ser un arma muy
útil.
","Este tenedor, por ejemplo. A primera vista,
parece inservible, pero puede ser un arma muy
útil.
"
0xfd3f,"Tienes que utilizar la imaginación y buscar
todas las diferentes posibilidades.
","Tienes que utilizar la imaginación y buscar
todas las diferentes posibilidades.
"
0xfd91,"Utiliza la imaginación... Chico, gracias por el
consejo.
","Utiliza la imaginación... Chico, gracias por el
consejo.
"
0xfdcc,"No hay de qué.
","No hay de qué.
"
0xfddd,"Y lo mejor de todo, es que puedo pinchar
cualquier alimento y comerlo sin necesidad de
guardarlo antes en la mochila.
","Y lo mejor de todo, es que puedo pinchar
cualquier alimento y comerlo sin necesidad de
guardarlo antes en la mochila.
"
0xfe54,"¡Lo sabía! ¡Lo ESTÁS utilizando para comer!
","¡Lo sabía! ¡Lo ESTÁS utilizando para comer!
"
0xfe85,"Ah, ¡estás utilizando una pistola EZ!
","Ah, ¡estás utilizando una pistola EZ!
"
0xfeae,"Sí. ¿Pero qué pistola es ésta? ¡Nunca había
visto algo parecido...!
","Sí. ¿Pero qué pistola es ésta? ¡Nunca había
visto algo parecido...!
"
0xfef9,"Pues claro que no la has visto. Es un pistola
tranquilizadora equipada con un silenciador
que diseñé específicamente para FOX.
","Pues claro que no la has visto. Es un pistola
tranquilizadora equipada con un silenciador
que diseñé específicamente para FOX.
"
0xff7c,"¿Una pistola tranquilizadora con silenciador?
Pero si no tiene...
","¿Una pistola tranquilizadora con silenciador?
Pero si no tiene...
"
0xffc0,"No necesita un silenciador.
","No necesita un silenciador.
"
0xffdd,"¿Qué quieres decir?
","¿Qué quieres decir?
"
0xfff4,"El mecanismo reductor del ruido está dentro
de los proyectiles mismos.
","El mecanismo reductor del ruido está dentro
de los proyectiles mismos.
"
0x1003d,"Dentro de la misma pólvora hay un pistón
diminuto.
","Dentro de la misma pólvora hay un pistón
diminuto.
"
0x10073,"Está ajustado para que cuando el gas empuje
el pistón, el pistón empuje la bala fuera de la
recámara.
","Está ajustado para que cuando el gas empuje
el pistón, el pistón empuje la bala fuera de la
recámara.
"
0x100de,"El gas es sellado dentro de la recámara por el
pistón, evitando que salga fuera.
","El gas es sellado dentro de la recámara por el
pistón, evitando que salga fuera.
"
0x10132,"Y por eso no hace ruido al disparar.
","Y por eso no hace ruido al disparar.
"
0x10158,"Fascinante...
","Fascinante...
"
0x10167,"Y además, también le he incorporado una
mirilla láser experimental.
","Y además, también le he incorporado una
mirilla láser experimental.
"
0x101af,"Así podrás apuntar bien, incluso cuando
dispares sujentado la pistola a la altura de la
cadera.
","Así podrás apuntar bien, incluso cuando
dispares sujentado la pistola a la altura de la
cadera.
"
0x10212,"Y si eso fuera poco, cuando tengas la pistola
EZ, tu índice de Camuflaje disminuirá más
lentamente.
","Y si eso fuera poco, cuando tengas la pistola
EZ, tu índice de Camuflaje disminuirá más
lentamente.
"
0x1027a,"Guau.
","Guau.
"
0x10281,"Y te ayudará a recuperar energía.
","Y te ayudará a recuperar energía.
"
0x102a6,"No está nada mal.
","No está nada mal.
"
0x102ba,"Y además, parece una Liberator.
","Y además, parece una Liberator.
"
0x102dc,"¿Una qué?
","¿Una qué?
"
0x102e9,"Una Liberator. Se las suministramos a la
resistencia Europea durante la Segunda
Guerra Mundial. Se parecen, ¿no?
","Una Liberator. Se las suministramos a la
resistencia Europea durante la Segunda
Guerra Mundial. Se parecen, ¿no?
"
0x1035c,"... Sí.
","... Sí.
"
0x10366,"Si tengo que decir la verdad, es lo que más
me costó.
","Si tengo que decir la verdad, es lo que más
me costó.
"
0x1039f,"Conseguir ese diseño en un arma de tal
dimensión, no fue nada fácil.
","Conseguir ese diseño en un arma de tal
dimensión, no fue nada fácil.
"
0x103e8,"¿Pero por qué?
","¿Pero por qué?
"
0x103fa,"¿Por qué, qué?
","¿Por qué, qué?
"
0x1040d,"¿Por qué te molestaste en hacer que se
pareciera a la Liberator?
","¿Por qué te molestaste en hacer que se
pareciera a la Liberator?
"
0x10451,"Pues porque es muy bonita. ¿No te parece?
","Pues porque es muy bonita. ¿No te parece?
"
0x1047d,"...
","...
"
0x10482,"Eh, tienes una M1911A1.
","Eh, tienes una M1911A1.
"
0x1049b,"Sí, del calibre .45. Ya hace más de cincuenta
años desde que el ejército utilizó el primer
modelo, y todavía las utilizan.
","Sí, del calibre .45. Ya hace más de cincuenta
años desde que el ejército utilizó el primer
modelo, y todavía las utilizan.
"
0x1051d,"Es la joya de las automáticas.
","Es la joya de las automáticas.
"
0x1053e,"¿Y no vas a necesitar algo más que una
pistolita?
","¿Y no vas a necesitar algo más que una
pistolita?
"
0x10573,"En absoluto.
","En absoluto.
"
0x10581,"Cuando estás en un lugar reducido o en un
combate a corta distancia, son mucho mejor
que los fusiles.
","Cuando estás en un lugar reducido o en un
combate a corta distancia, son mucho mejor
que los fusiles.
"
0x105e9,"Y si al mismo tiempo me equipo con un
cuchillo, puedo alternar entre ambas armas
para luchar.
","Y si al mismo tiempo me equipo con un
cuchillo, puedo alternar entre ambas armas
para luchar.
"
0x10648,"Ya veo.
","Ya veo.
"
0x10651,"Pero la .45 que tienes es muy distinta a la
original.
","Pero la .45 que tienes es muy distinta a la
original.
"
0x10688,"Creo que alguien ha trabajado largo y tendido
en esa pistola.
","Creo que alguien ha trabajado largo y tendido
en esa pistola.
"
0x106c7,"Tienes una M1911A1, ¿no?
","Tienes una M1911A1, ¿no?
"
0x106e2,"Sí, me la ha dado EVA. Dijo que era de un
oficial occidental.
","Sí, me la ha dado EVA. Dijo que era de un
oficial occidental.
"
0x10722,"Pues parece que está un poco modificada.
","Pues parece que está un poco modificada.
"
0x1074d,"Yo diría que más que un poco.
","Yo diría que más que un poco.
"
0x1076e,"Lo primero de todo, la rampa de alimentación
está tan limpia que brilla como un espejo. Así
que no hay problemas de alimentación.
","Lo primero de todo, la rampa de alimentación
está tan limpia que brilla como un espejo. Así
que no hay problemas de alimentación.
"
0x107f5,"El pasador ha sido reemplazado por una nueva
versión, que encaja perfectamente con el
armazón.
","El pasador ha sido reemplazado por una nueva
versión, que encaja perfectamente con el
armazón.
"
0x10857,"Y el armazón, con una capa de hierro, le
han hecho muchas hendiduras para maximizar
la precisión.
","Y el armazón, con una capa de hierro, le
han hecho muchas hendiduras para maximizar
la precisión.
"
0x108bc,"La parte delantera de la empuñadura tiene un
grabado para que no se resbale de la mano.
","La parte delantera de la empuñadura tiene un
grabado para que no se resbale de la mano.
"
0x10916,"Y hasta el sistema de posicionamiento de la
mira también es nuevo.
","Y hasta el sistema de posicionamiento de la
mira también es nuevo.
"
0x1095b,"Es un tipo de mira de tres puntos. Tiene una
mira delantera, que hace más fácil apuntar al
objetivo.
","Es un tipo de mira de tres puntos. Tiene una
mira delantera, que hace más fácil apuntar al
objetivo.
"
0x109c3,"Y el martillo ha sido reemplazado por un
martillo percutor.
","Y el martillo ha sido reemplazado por un
martillo percutor.
"
0x10a00,"Gracias a eso, aumenta el control de la
palanca de armar y la velocidad para
desarmarla.
","Gracias a eso, aumenta el control de la
palanca de armar y la velocidad para
desarmarla.
"
0x10a5a,"También han modificado el seguro automático
para poder incorporar el martillo percutor.
","También han modificado el seguro automático
para poder incorporar el martillo percutor.
"
0x10ab5,"Yo diría que lo han eliminado incluso. Ésta es
un arma para profesionales.
","Yo diría que lo han eliminado incluso. Ésta es
un arma para profesionales.
"
0x10b03,"El seguro manual y el stop del pasador han
sido extendidos para poner manejarla con
mayor precisión.
","El seguro manual y el stop del pasador han
sido extendidos para poner manejarla con
mayor precisión.
"
0x10b6a,"La base del gatillo se ha reducido para permitir
cogerla por arriba.
","La base del gatillo se ha reducido para permitir
cogerla por arriba.
"
0x10bb0,"Y el gatillo es largo para facilitar el acceso del
dedo.
","Y el gatillo es largo para facilitar el acceso del
dedo.
"
0x10bea,"La fuerza del gatillo es de 1.5 kilos, es decir,
casi 700 gramos inferior a la de una pistola
normal.
","La fuerza del gatillo es de 1.5 kilos, es decir,
casi 700 gramos inferior a la de una pistola
normal.
"
0x10c51,"Se ha ampliado el cargador para facilitar la
colocación de un nuevo cargador.
","Se ha ampliado el cargador para facilitar la
colocación de un nuevo cargador.
"
0x10ca1,"Y el botón del cargador se ha resaltado
menos, para evitar pulsarlo por error.
","Y el botón del cargador se ha resaltado
menos, para evitar pulsarlo por error.
"
0x10cf2,"La arandela del resorte se ha cambiado para
mejorar el agarre.
","La arandela del resorte se ha cambiado para
mejorar el agarre.
"
0x10d32,"E incluso se le ha incorporado un stepping
para que no resbale con el retroceso del
disparo.
","E incluso se le ha incorporado un stepping
para que no resbale con el retroceso del
disparo.
"
0x10d90,"Y además de todo eso, han hecho hendiduras
en la parte frontal del pasador.
","Y además de todo eso, han hecho hendiduras
en la parte frontal del pasador.
"
0x10dde,"Así podrás cargar y tirar cartuchos de forma
más rápida cuando sea necesario.
","Así podrás cargar y tirar cartuchos de forma
más rápida cuando sea necesario.
"
0x10e31,"Todo esto es obra de todo un profesional. De
eso no hay duda. Poniéndola en un soporte,
podría disparar siempre al mismo punto desde
casi 25 metros de distancia.
","Todo esto es obra de todo un profesional. De
eso no hay duda. Poniéndola en un soporte,
podría disparar siempre al mismo punto desde
casi 25 metros de distancia.
"
0x10ed6,"¡Qué pasada, eso sí que es un arma!
","¡Qué pasada, eso sí que es un arma!
"
0x10efe,"Sí, nunca en mi vida he visto una pistola tan
sofisticada.
","Sí, nunca en mi vida he visto una pistola tan
sofisticada.
"
0x10f3b,"¿Dices que estás utilizando una Single Action
Army?
","¿Dices que estás utilizando una Single Action
Army?
"
0x10f72,"La Single Action Army fue fabricada por
primera vez en 1873. Y desde entonces no ha
dejado de fabricarse, bueno, se dejó de
fabricar durante un corto periodo de tiempo.
","La Single Action Army fue fabricada por
primera vez en 1873. Y desde entonces no ha
dejado de fabricarse, bueno, se dejó de
fabricar durante un corto periodo de tiempo.
"
0x1101d,"La gente la empezó a llamar ""Single Action
Army"" cuando, en el año 1875, fue elegida
como arma oficial del ejército.
","La gente la empezó a llamar ""Single Action
Army"" cuando, en el año 1875, fue elegida
como arma oficial del ejército.
"
0x11096,"A veces también se la llama la ""Peacemaker"",
ya que muchos sheriffs la utilizaban para
imponer la paz y el orden en el viejo Oeste.
","A veces también se la llama la ""Peacemaker"",
ya que muchos sheriffs la utilizaban para
imponer la paz y el orden en el viejo Oeste.
"
0x1111c,"Hay muchos modelos diferentes. Creo que la
que tú tienes es la ""Black Powder"".
","Hay muchos modelos diferentes. Creo que la
que tú tienes es la ""Black Powder"".
"
0x1116d,"El único problema, es que se tarda bastante
tiempo en recargarla.
","El único problema, es que se tarda bastante
tiempo en recargarla.
"
0x111b1,"Es una pistola con historia. Puedes hacer un
montón de cosas con ella. ¿Por qué no
practicas un rato?
","Es una pistola con historia. Puedes hacer un
montón de cosas con ella. ¿Por qué no
practicas un rato?
"
0x1121b,"Desde Visión Primera Persona, pulsa el
joystick analógico derecho.
","Desde Visión Primera Persona, pulsa el
joystick analógico derecho.
"
0x11261,"¿Estás utilizando la Patriot, eh?
","¿Estás utilizando la Patriot, eh?
"
0x11286,"Sí. La misma que utiliza The Boss.
","Sí. La misma que utiliza The Boss.
"
0x112ab,"¿De dónde la has sacado?
","¿De dónde la has sacado?
"
0x112c7,"¿Eh?
","¿Eh?
"
0x112ce,"¿Te he preguntado que de dónde la has
sacado?
","¿Te he preguntado que de dónde la has
sacado?
"
0x112ff,"Sigint, no te preocupes tanto por los detalles.
","Sigint, no te preocupes tanto por los detalles.
"
0x11330,"¿¿¿???
","¿¿¿???
"
0x1133b,"Pues bueno, la Patriot es un arma sin igual
especialmente diseñada para The Boss.
","Pues bueno, la Patriot es un arma sin igual
especialmente diseñada para The Boss.
"
0x1138f,"Es una XM16E1 con el cañón recortado y sin
culata.
","Es una XM16E1 con el cañón recortado y sin
culata.
"
0x113c5,"Querían crear una pistola más larga que
combinara la facilidad de manejo de una
pistola con la fuerza de un fusil.
","Querían crear una pistola más larga que
combinara la facilidad de manejo de una
pistola con la fuerza de un fusil.
"
0x1143b,"Pero con un cañón tan corto, el retroceso es
increíble. No resulta muy fácil apuntar, pero su
potencia justifica esa deficiencia.
","Pero con un cañón tan corto, el retroceso es
increíble. No resulta muy fácil apuntar, pero su
potencia justifica esa deficiencia.
"
0x114c2,"Por lo que puedo ver, tiene un tambor
cargador con capacidad para 100 ráfagas...
¿y nunca se queda sin munición?
","Por lo que puedo ver, tiene un tambor
cargador con capacidad para 100 ráfagas...
¿y nunca se queda sin munición?
"
0x11537,"Nunca.
","Nunca.
"
0x1153f,"¿Por qué?
","¿Por qué?
"
0x1154c,"Porque su mecanismo de alimentación interno
está grabado con un símbolo de infinito.
","Porque su mecanismo de alimentación interno
está grabado con un símbolo de infinito.
"
0x115a5,"Ah, ya lo entiendo, quiere decir que tiene
munición ilimitada.
","Ah, ya lo entiendo, quiere decir que tiene
munición ilimitada.
"
0x115e6,"Veo que estás equipado con un Scorpion.
","Veo que estás equipado con un Scorpion.
"
0x11610,"La Scorpion es un nuevo tipo de metralleta de
fabricación checoslovaca.
","La Scorpion es un nuevo tipo de metralleta de
fabricación checoslovaca.
"
0x1165a,"He oído hablar de ella, pero...
","He oído hablar de ella, pero...
"
0x1167c,"... Nunca la has utilizado, ¿no? Bueno no es
tan extraño teniendo en cuenta que sólo llevan
tres años fabricándola.
","... Nunca la has utilizado, ¿no? Bueno no es
tan extraño teniendo en cuenta que sólo llevan
tres años fabricándola.
"
0x116f6,"Hay unos cuantos modelos de Scorpion.
¿Qué tipo de proyectil tiene ésa?
","Hay unos cuantos modelos de Scorpion.
¿Qué tipo de proyectil tiene ésa?
"
0x11742,"32 ACP.
","32 ACP.
"
0x1174b,"Entonces tiene que ser una Vz-61.
","Entonces tiene que ser una Vz-61.
"
0x1176e,"La Scorpion se diferencia del resto de las
metralletas ya que funciona con un sistema de
cierre con cerrojo.
","La Scorpion se diferencia del resto de las
metralletas ya que funciona con un sistema de
cierre con cerrojo.
"
0x117dc,"Y por lo tanto es un arma muy precisa aún
disparando en modo semiautomático.
","Y por lo tanto es un arma muy precisa aún
disparando en modo semiautomático.
"
0x1182c,"También cabe destacar en las Scorpion su
reductor de velocidad, un mecanismo que
también funciona como amortiguador.
","También cabe destacar en las Scorpion su
reductor de velocidad, un mecanismo que
también funciona como amortiguador.
"
0x118a4,"Lo que hace es bloquear el cerrojo durante un
segundo cuando está en posición posterior.
","Lo que hace es bloquear el cerrojo durante un
segundo cuando está en posición posterior.
"
0x11900,"Y así controla la velocidad del disparo y hace
que sea más fácil controlarla cuando estés
disparando en modo semiautomático.
","Y así controla la velocidad del disparo y hace
que sea más fácil controlarla cuando estés
disparando en modo semiautomático.
"
0x11983,"Dispara 750 ráfagas por minuto.
","Dispara 750 ráfagas por minuto.
"
0x119a5,"Es mucho más fácil de controlar que la
MAC11, cuya velocidad es de 1200 ráfagas por
minuto.
","Es mucho más fácil de controlar que la
MAC11, cuya velocidad es de 1200 ráfagas por
minuto.
"
0x11a05,"En modo semiautomático, podrás manejarla sin
problema con una sola mano.
","En modo semiautomático, podrás manejarla sin
problema con una sola mano.
"
0x11a51,"Y en modo automático, podrás controlar los
disparos cortos.
","Y en modo automático, podrás controlar los
disparos cortos.
"
0x11a90,"Y creo que ésa, además tiene una mira láser.
","Y creo que ésa, además tiene una mira láser.
"
0x11ac1,"Creo que los soviéticos han desarrollado ésta
ellos mismos.
","Creo que los soviéticos han desarrollado ésta
ellos mismos.
"
0x11b00,"Para apuntar con el arma apoyada en el
hombro, pulsa el botón Apuntar. Con la mira
láser, apuntar no te supondrá ningún problema.
","Para apuntar con el arma apoyada en el
hombro, pulsa el botón Apuntar. Con la mira
láser, apuntar no te supondrá ningún problema.
"
0x11b87,"Snake, tienes un...
","Snake, tienes un...
"
0x11b9c,"Lo sé. Es un nuevo tipo de fusil occidental. Es
parecido al ""fusil negro""...
","Lo sé. Es un nuevo tipo de fusil occidental. Es
parecido al ""fusil negro""...
"
0x11beb,"No, no es un AR-15. Es un XM16E1, un fusil
de primera que el ejército está utilizando
últimamente.
","No, no es un AR-15. Es un XM16E1, un fusil
de primera que el ejército está utilizando
últimamente.
"
0x11c52,"El ejército estadounidense lleva trabajando
desde finales de los 40 hasta mediados de los
50 en una nueva arma ligera para la infantería.
","El ejército estadounidense lleva trabajando
desde finales de los 40 hasta mediados de los
50 en una nueva arma ligera para la infantería.
"
0x11cdf,"Al final decidieron que querían una del
calibre .22, de gran velocidad inicial y
totalmente automática.
","Al final decidieron que querían una del
calibre .22, de gran velocidad inicial y
totalmente automática.
"
0x11d4a,"El resultado fue el AR-15, el conocido como el
""fusil negro"".
","El resultado fue el AR-15, el conocido como el
""fusil negro"".
"
0x11d89,"El que tú tienes ahí es el XM16E1, una
variación del AR-15 equipado con un bloque de
cierre.
","El que tú tienes ahí es el XM16E1, una
variación del AR-15 equipado con un bloque de
cierre.
"
0x11dea,"Dicen que están realizando pruebas en el Este
Asiático.
","Dicen que están realizando pruebas en el Este
Asiático.
"
0x11e25,"¿O sea que han cogido uno de Vietnam y lo
han traído hasta aquí?
","¿O sea que han cogido uno de Vietnam y lo
han traído hasta aquí?
"
0x11e6a,"Eso es lo que yo creo.
","Eso es lo que yo creo.
"
0x11e82,"Pero no se parece mucho a un fusil XM16E1
normal.
","Pero no se parece mucho a un fusil XM16E1
normal.
"
0x11eb5,"Seguro que el campo de pruebas había un
armero que probablemente realizó todos esos
cambios ""in situ"".
","Seguro que el campo de pruebas había un
armero que probablemente realizó todos esos
cambios ""in situ"".
"
0x11f1f,"El hecho de que lo hayan pintado con colores
de camuflaje demuestra
","El hecho de que lo hayan pintado con colores
de camuflaje demuestra
"
0x11f64,"que más y más gente se va dando cuenta de
la importancia del camuflaje.
","que más y más gente se va dando cuenta de
la importancia del camuflaje.
"
0x11faf,"Y además, le han incorporado un silenciador.
","Y además, le han incorporado un silenciador.
"
0x11fde,"Sí. Esa mejora le viene muy bien a una unidad
de reconocimiento que se encuentre en una
misión de infiltración en territorio enemigo.
","Sí. Esa mejora le viene muy bien a una unidad
de reconocimiento que se encuentre en una
misión de infiltración en territorio enemigo.
"
0x12068,"Puedes quitar y poner el silenciador abriendo
la Ventana de Armas y pulsando el botón
Enter.
","Puedes quitar y poner el silenciador abriendo
la Ventana de Armas y pulsando el botón
Enter.
"
0x120c7,"Ah, y también han modificado el mecanismo de
disparo para hacer posible las ráfagas de tres
disparos.
","Ah, y también han modificado el mecanismo de
disparo para hacer posible las ráfagas de tres
disparos.
"
0x12130,"¿Y para qué demonios han hecho eso?
","¿Y para qué demonios han hecho eso?
"
0x12157,"Hoy en día, hay muchos soldados que no
están acostumbrados a fusiles totalmente
automáticos.
","Hoy en día, hay muchos soldados que no
están acostumbrados a fusiles totalmente
automáticos.
"
0x121b8,"No saben controlar el gatillo y vacían el
cargador muy rápidamente.
","No saben controlar el gatillo y vacían el
cargador muy rápidamente.
"
0x121ff,"Posiblemente querían evitar ese problema, y
pensaron que ésa sería una buena solución.
","Posiblemente querían evitar ese problema, y
pensaron que ésa sería una buena solución.
"
0x1225b,"Pues a mí me parece un estupidez.
","Pues a mí me parece un estupidez.
"
0x1227f,"Eh, pruébalo, puede serte útil.
","Eh, pruébalo, puede serte útil.
"
0x122a2,"Abre la Ventana de Arma y pulsa el botón
Acción para alternar entre el modo de disparar
semiautomático, automático y ráfagas de tres
disparos.
","Abre la Ventana de Arma y pulsa el botón
Acción para alternar entre el modo de disparar
semiautomático, automático y ráfagas de tres
disparos.
"
0x12337,"¡Que te diviertas!
","¡Que te diviertas!
"
0x1234c,"Tienes un AK-47, ¿eh?
","Tienes un AK-47, ¿eh?
"
0x12364,"El AK-47 es el fusil de combate oficial del
ejército soviético.
","El AK-47 es el fusil de combate oficial del
ejército soviético.
"
0x123a7,"El primer modelo se finalizó en el año 1946
","El primer modelo se finalizó en el año 1946
"
0x123d6,"y en el 49 superó a todos los fusiles de asalto
del ejército soviético.
","y en el 49 superó a todos los fusiles de asalto
del ejército soviético.
"
0x12422,"Utiliza cartuchos de 7.62 x 39 mm,
desarrollados en el año 1943 y un cargador de
30 proyectiles diseñado originalmente para otro
fusil de asalto.
","Utiliza cartuchos de 7.62 x 39 mm,
desarrollados en el año 1943 y un cargador de
30 proyectiles diseñado originalmente para otro
fusil de asalto.
"
0x124b7,"Podrás apuntar apoyando el fusil en el hombro
desde Visión Primera Persona manteniendo
pulsado el botón Apuntar.
","Podrás apuntar apoyando el fusil en el hombro
desde Visión Primera Persona manteniendo
pulsado el botón Apuntar.
"
0x1252c,"Es un arma potente y precisa, sólida y de fiar.
No hay un fusil mejor en todo el mundo.
","Es un arma potente y precisa, sólida y de fiar.
No hay un fusil mejor en todo el mundo.
"
0x12586,"Veo que tienes un M63.
","Veo que tienes un M63.
"
0x1259e,"El M63 es un arma de sistema americano.
","El M63 es un arma de sistema americano.
"
0x125c7,"Ya, he oído hablar de él, pero...
","Ya, he oído hablar de él, pero...
"
0x125ec,"¿No lo has utilizado nunca? No me extraña,
es nuevo. Lo produjeron el año pasado.
","¿No lo has utilizado nunca? No me extraña,
es nuevo. Lo produjeron el año pasado.
"
0x12642,"Probablemente cogieron uno en el Sur Asiático
y lo han enviado aquí para investigarlo.
","Probablemente cogieron uno en el Sur Asiático
y lo han enviado aquí para investigarlo.
"
0x1269c,"El término ""arma de sistema"" significa que
tiene un diseño en el que todas las partes se
pueden intercambiar,
","El término ""arma de sistema"" significa que
tiene un diseño en el que todas las partes se
pueden intercambiar,
"
0x1270d,"haciendo posible la creación de diferentes
variaciones a partir de un solo modelo.
","haciendo posible la creación de diferentes
variaciones a partir de un solo modelo.
"
0x12762,"Usando una serie de componentes base,
puedes mezclar diferentes partes para crear
armas muy distintas.
","Usando una serie de componentes base,
puedes mezclar diferentes partes para crear
armas muy distintas.
"
0x127ca,"Es como un fusil convertible.
","Es como un fusil convertible.
"
0x127e9,"Alternando cañones y cargadores, puedes
hacer desde un fusil de asalto a una carabina
","Alternando cañones y cargadores, puedes
hacer desde un fusil de asalto a una carabina
"
0x12841,"o una metralleta ligera e incluso una metralleta
de tamaño medio de alimentación por correa.
","o una metralleta ligera e incluso una metralleta
de tamaño medio de alimentación por correa.
"
0x128a1,"Y eso no sólo evita tener que estar ordenando
los diferentes tipos de armas,
","Y eso no sólo evita tener que estar ordenando
los diferentes tipos de armas,
"
0x128f0,"sino que además así el entrenamiento de los
soldados es menor.
","sino que además así el entrenamiento de los
soldados es menor.
"
0x12932,"Y la mayoría de los componentes están hechos
con planchas y cera,
","Y la mayoría de los componentes están hechos
con planchas y cera,
"
0x12977,"y por lo tanto se pueden fabricar en países
cuya tecnología no sea muy avanzada.
","y por lo tanto se pueden fabricar en países
cuya tecnología no sea muy avanzada.
"
0x129cb,"Bien pensado.
","Bien pensado.
"
0x129da,"La que tú tienes ahí es la metralleta de tamaño
medio de alimentación por correa.
Originalmente se diseñó para utilizarla en
misiones de ayuda.
","La que tú tienes ahí es la metralleta de tamaño
medio de alimentación por correa.
Originalmente se diseñó para utilizarla en
misiones de ayuda.
"
0x12a71,"Es mucho más ligera que la M60.
","Es mucho más ligera que la M60.
"
0x12a93,"Sí. No encontrarás una metralleta más ligera
que ésa.
","Sí. No encontrarás una metralleta más ligera
que ésa.
"
0x12ace,"Será muy fácil de utilizar en la jungla. Sácale
buen partido.
","Será muy fácil de utilizar en la jungla. Sácale
buen partido.
"
0x12b10,"Ah, tienes un SVD.
","Ah, tienes un SVD.
"
0x12b24,"El mejor fusil de francotirador semiautomático
soviético, que empezaron a utilizar hace ahora
un año.
","El mejor fusil de francotirador semiautomático
soviético, que empezaron a utilizar hace ahora
un año.
"
0x12b8e,"SVD son las siglas de ""fusil de francotirador
semiautomático Dragunov"", pero en ruso.
","SVD son las siglas de ""fusil de francotirador
semiautomático Dragunov"", pero en ruso.
"
0x12be6,"Durante mucho tiempo, el fusil estándar que
empleaban los rusos fue el Mosin Nagant.
","Durante mucho tiempo, el fusil estándar que
empleaban los rusos fue el Mosin Nagant.
"
0x12c3d,"Pero a principios de los 50, cuando las tropas
soviéticas comenzaron a utilizar fusiles
automáticos y fusiles de combate,
","Pero a principios de los 50, cuando las tropas
soviéticas comenzaron a utilizar fusiles
automáticos y fusiles de combate,
"
0x12cba,"fue mayor la necesidad de un fusil de
francotirador automático.
","fue mayor la necesidad de un fusil de
francotirador automático.
"
0x12cfc,"El SVD se fabricó para cubrir esta necesidad.
","El SVD se fabricó para cubrir esta necesidad.
"
0x12d2c,"Puede utilizar la misma munición que el Mosin
Nagant, cartuchos de 7.62 x 54 mm,
","Puede utilizar la misma munición que el Mosin
Nagant, cartuchos de 7.62 x 54 mm,
"
0x12d7f,"pero han desarrollado un nuevo tipo de
munición más adaptada a este fusil.
","pero han desarrollado un nuevo tipo de
munición más adaptada a este fusil.
"
0x12dcd,"He oído que el corazón de estos nuevos
proyectiles es de acero y que son dos veces y
media más precisos que las balas normales de
un fusil.
","He oído que el corazón de estos nuevos
proyectiles es de acero y que son dos veces y
media más precisos que las balas normales de
un fusil.
"
0x12e5d,"No hay ningún tipo de munición tan precisa
como ésa. Pruébalo y verás lo potentes que
son.
","No hay ningún tipo de munición tan precisa
como ésa. Pruébalo y verás lo potentes que
son.
"
0x12ebe,"Cuando te equipes con un fusil de
francotirador, pasarás directamente a Visión
Primera Persona.
","Cuando te equipes con un fusil de
francotirador, pasarás directamente a Visión
Primera Persona.
"
0x12f21,"Cuando estés en la posición adecuada, pulsa
el botón Apuntar para mirar por la mira. Para
apretar el gatillo, pulsa el botón Arma, como
de costumbre.
","Cuando estés en la posición adecuada, pulsa
el botón Apuntar para mirar por la mira. Para
apretar el gatillo, pulsa el botón Arma, como
de costumbre.
"
0x12fbc,"Puedes cambiar el zoom de la mira pulsando
el botón Acción.
","Puedes cambiar el zoom de la mira pulsando
el botón Acción.
"
0x12ffb,"Puedes disparar de pie, pero tu puntería será
mucho mejor si lo haces tumbado.
","Puedes disparar de pie, pero tu puntería será
mucho mejor si lo haces tumbado.
"
0x1304d,"Pruébalo.
","Pruébalo.
"
0x13059,"¿Estás utilizando un Mosin Nagant?
","¿Estás utilizando un Mosin Nagant?
"
0x1307f,"Sí. Era el de The End.
","Sí. Era el de The End.
"
0x13098,"Ya veo.
","Ya veo.
"
0x130a1,"El M1891/30 Mosin Nagant es una verdadera
belleza entre los fusiles de francotiradores. Su
vida data desde la Segunda Guerra Mundial.
","El M1891/30 Mosin Nagant es una verdadera
belleza entre los fusiles de francotiradores. Su
vida data desde la Segunda Guerra Mundial.
"
0x13128,"Los Mosin Nagants
","Los Mosin Nagants
"
0x1313b,"se seleccionan entre los mejores fusiles
M1891/30, por su precisión
","se seleccionan entre los mejores fusiles
M1891/30, por su precisión
"
0x13181,"y se mejoran para convertirlos en fusiles de
francotiradores.
","y se mejoran para convertirlos en fusiles de
francotiradores.
"
0x131c0,"Añaden una mirilla óptica, hacen más ligero el
gatillo y tuercen el mango de abajo.
","Añaden una mirilla óptica, hacen más ligero el
gatillo y tuercen el mango de abajo.
"
0x13218,"El Mosin Nagant es muy conocido
mundialmente desde la guerra por sus
increíbles prestaciones.
","El Mosin Nagant es muy conocido
mundialmente desde la guerra por sus
increíbles prestaciones.
"
0x13278,"Tan codiciados eran,
","Tan codiciados eran,
"
0x1328e,"que muchos francotiradores alemanes del este,
preferían utilizar los Mosin Nagant que
conseguían del enemigo antes que sus propios
fusiles.
","que muchos francotiradores alemanes del este,
preferían utilizar los Mosin Nagant que
conseguían del enemigo antes que sus propios
fusiles.
"
0x1331d,"Creo que The End tiene su fusil desde la
guerra, pero lo ha modificado poniéndole
proyectiles tranquilizadores.
","Creo que The End tiene su fusil desde la
guerra, pero lo ha modificado poniéndole
proyectiles tranquilizadores.
"
0x1338f,"Sí. También lo ha equipado con una culata
falsa y la empuñadura de una pistola.
","Sí. También lo ha equipado con una culata
falsa y la empuñadura de una pistola.
"
0x133e3,"¿Para qué, para un salto de paracaídas?
","¿Para qué, para un salto de paracaídas?
"
0x1340f,"No sé para qué lo hizo, pero es el arma de un
francotirador legendario. Seguro que es un
arma excepcional.
","No sé para qué lo hizo, pero es el arma de un
francotirador legendario. Seguro que es un
arma excepcional.
"
0x1347d,"Pero recuerda, el Mosin Nagant es un fusil de
cerrojo
","Pero recuerda, el Mosin Nagant es un fusil de
cerrojo
"
0x134b4,"y por lo tanto, cada vez que dispares, tendrás
que volver a cargar manualmente un proyectil.
","y por lo tanto, cada vez que dispares, tendrás
que volver a cargar manualmente un proyectil.
"
0x13513,"O sea, que sólo puedes disparar una vez. Un
disparo, una baja.
","O sea, que sólo puedes disparar una vez. Un
disparo, una baja.
"
0x13554,"Estás utilizando un RPG-7, ¿no?
","Estás utilizando un RPG-7, ¿no?
"
0x13577,"El RPG-7 es el arma antitanques portátil más
sofisticada, y fue desarrollado como sucesor
del RPG-2.
","El RPG-7 es el arma antitanques portátil más
sofisticada, y fue desarrollado como sucesor
del RPG-2.
"
0x135df,"La primera vez que vi un despliegue activo fue
en el año 1962, es decir, hace dos años.
","La primera vez que vi un despliegue activo fue
en el año 1962, es decir, hace dos años.
"
0x1363a,"Bueno, igual portátil no es la palabra más
adecuada.
","Bueno, igual portátil no es la palabra más
adecuada.
"
0x13672,"El lanzador y la granada pesan un total de 10
kilos. O sea, que no es muy arma que se
pueda utilizar en movimiento.
","El lanzador y la granada pesan un total de 10
kilos. O sea, que no es muy arma que se
pueda utilizar en movimiento.
"
0x136e7,"Con este arma, apunta siempre en Visión
Primera Persona.
","Con este arma, apunta siempre en Visión
Primera Persona.
"
0x13722,"Entendido.
","Entendido.
"
0x1372e,"Puedes disparar tan pronto estés en posición,
","Puedes disparar tan pronto estés en posición,
"
0x1375f,"pero si antes miras por la mirilla pulsando el
botón Apuntar, tu disparo será más preciso.
","pero si antes miras por la mirilla pulsando el
botón Apuntar, tu disparo será más preciso.
"
0x137be,"Y luego pulsa el botón Arma para apretar el
gatillo y el propulsor lanzará la granada.
","Y luego pulsa el botón Arma para apretar el
gatillo y el propulsor lanzará la granada.
"
0x13818,"Justo después, de la parte trasera de la
granada saldrán aletas estabilizadoras.
","Justo después, de la parte trasera de la
granada saldrán aletas estabilizadoras.
"
0x1386c,"Y cuando haya recorrido ya unos 10 metros, el
combustible que hay dentro de la granada se
encenderá, haciendo que la granada viaje con
mayor rapidez hacia el objetivo.
","Y cuando haya recorrido ya unos 10 metros, el
combustible que hay dentro de la granada se
encenderá, haciendo que la granada viaje con
mayor rapidez hacia el objetivo.
"
0x13916,"Y aunque no dé en el blanco,
","Y aunque no dé en el blanco,
"
0x13935,"su mecanismo de seguridad hará que explote
cuando haya superado el radio del blanco o
después de unos segundos de vuelo.
","su mecanismo de seguridad hará que explote
cuando haya superado el radio del blanco o
después de unos segundos de vuelo.
"
0x139b1,"La cabeza está construida con explosivo
plástico, HEAT,
","La cabeza está construida con explosivo
plástico, HEAT,
"
0x139ec,"un potente explosivo que puede perforar hasta
30 centímetros de blindaje. Suficiente incluso
para abatir a un helicóptero blindado de
combate.
","un potente explosivo que puede perforar hasta
30 centímetros de blindaje. Suficiente incluso
para abatir a un helicóptero blindado de
combate.
"
0x13a7e,"Y una cosa más, el cohete sale expulsado
cuando la granada comienza el descenso. Así
que no intentes disparar cuando esté muy
cerca del suelo.
","Y una cosa más, el cohete sale expulsado
cuando la granada comienza el descenso. Así
que no intentes disparar cuando esté muy
cerca del suelo.
"
0x13b11,"¿Así que no se puede utilizar cuando estés
tumbado?
","¿Así que no se puede utilizar cuando estés
tumbado?
"
0x13b49,"Eso es, que no se te olvide.
","Eso es, que no se te olvide.
"
0x13b67,"No se me olvidará.
","No se me olvidará.
"
0x13b7c,"Veo que tienes explosivo C3.
","Veo que tienes explosivo C3.
"
0x13b9a,"El C3 es un tipo de explosivo plástico
desarrollado en Occidente para que lo
utilizaran las fuerzas especiales durante la
Segunda Guerra Mundial.
","El C3 es un tipo de explosivo plástico
desarrollado en Occidente para que lo
utilizaran las fuerzas especiales durante la
Segunda Guerra Mundial.
"
0x13c2e,"Está compuesto por un 77% de RDX y un 23%
de plástico moldeable.
","Está compuesto por un 77% de RDX y un 23%
de plástico moldeable.
"
0x13c72,"Tal y como te dijo EVA, le puedes dar la forma
que tú quieras.
","Tal y como te dijo EVA, le puedes dar la forma
que tú quieras.
"
0x13cb3,"El C3 es menos volátil que el TNT, y por lo
tanto no explotará tan fácilmente. Es muy fácil
de usar y muy efectivo.
","El C3 es menos volátil que el TNT, y por lo
tanto no explotará tan fácilmente. Es muy fácil
de usar y muy efectivo.
"
0x13d2c,"Creo que EVA ha configurado los detonadores
con un tipo especial de mecanismo
cronómetro.
","Creo que EVA ha configurado los detonadores
con un tipo especial de mecanismo
cronómetro.
"
0x13d88,"Sí. Lo ha hecho de tal forma, que cuando el
cronómetro llegue a cero, los cuatro
detonadores explotarán al mismo tiempo.
","Sí. Lo ha hecho de tal forma, que cuando el
cronómetro llegue a cero, los cuatro
detonadores explotarán al mismo tiempo.
"
0x13e05,"¿De verdad? Pues antes de activar el
cronómetro, coloca las cuatro cargas de C3.
","¿De verdad? Pues antes de activar el
cronómetro, coloca las cuatro cargas de C3.
"
0x13e59,"Y recuerda que tienes la cantidad justa de C3.
","Y recuerda que tienes la cantidad justa de C3.
"
0x13e89,"Coloca las cargas de C3 solamente en los
tanques de combustible líquido, ¿vale?
","Coloca las cargas de C3 solamente en los
tanques de combustible líquido, ¿vale?
"
0x13edc,"Vale.
","Vale.
"
0x13ee3,"Para colocar una carga de C3 en un tanque,
equípate con el C3 y pulsa el botón Arma
cuando estés cerca del tanque.
","Para colocar una carga de C3 en un tanque,
equípate con el C3 y pulsa el botón Arma
cuando estés cerca del tanque.
"
0x13f5a,"Asegúrate de que estén bien colocadas.
","Asegúrate de que estén bien colocadas.
"
0x13f84,"Ah, tienes Claymore.
","Ah, tienes Claymore.
"
0x13f9a,"El M18A1 Claymore es un nuevo tipo de mina
direccional antipersonal desarrollada en
Estados Unidos tras la guerra con Corea.
","El M18A1 Claymore es un nuevo tipo de mina
direccional antipersonal desarrollada en
Estados Unidos tras la guerra con Corea.
"
0x14018,"Las esferas, algo curvas, se han rellenado con
más de 700 gramos de explosivos.
","Las esferas, algo curvas, se han rellenado con
más de 700 gramos de explosivos.
"
0x1406a,"Y el lado en dirección al enemigo, la metralla,
tiene 700 bolitas de acero.
","Y el lado en dirección al enemigo, la metralla,
tiene 700 bolitas de acero.
"
0x140b8,"Así que cuando la mina explota, las bolitas
salen al mismo tiempo de la esfera.
","Así que cuando la mina explota, las bolitas
salen al mismo tiempo de la esfera.
"
0x1410a,"Cualquier que esté dentro de su radio de
acción, sea amigo o enemigo, se quedará
como un colador.
","Cualquier que esté dentro de su radio de
acción, sea amigo o enemigo, se quedará
como un colador.
"
0x14170,"La mina es activada por un detonador
eléctrico. Al parecer, ha incorporado en el
detonador un tipo de detector de movimiento.
","La mina es activada por un detonador
eléctrico. Al parecer, ha incorporado en el
detonador un tipo de detector de movimiento.
"
0x141f0,"Sí. Cuando la mina ya está plantada, explotará
automáticamente en cuanto se le acerque algo.
","Sí. Cuando la mina ya está plantada, explotará
automáticamente en cuanto se le acerque algo.
"
0x14252,"Así que ten mucho cuidado, y no pises las
minas que tú mismo hayas colocado.
","Así que ten mucho cuidado, y no pises las
minas que tú mismo hayas colocado.
"
0x142a2,"Tendré cuidado.
","Tendré cuidado.
"
0x142b4,"Podrás coger una mina Claymore que ya está
plantada si gateas sobre ella.
","Podrás coger una mina Claymore que ya está
plantada si gateas sobre ella.
"
0x14301,"También puedes coger de la misma manera las
minas que haya colocado el enemigo,
","También puedes coger de la misma manera las
minas que haya colocado el enemigo,
"
0x14353,"así que si ves un campo de minas, atraviésalo
gateando para recoger todas las minas.
","así que si ves un campo de minas, atraviésalo
gateando para recoger todas las minas.
"
0x143ab,"¿Pero qué están haciendo creando campos
de minas con minas occidentales?
","¿Pero qué están haciendo creando campos
de minas con minas occidentales?
"
0x143f8,"Probablemente están probando las minas que
han cogido o robado en occidente.
","Probablemente están probando las minas que
han cogido o robado en occidente.
"
0x14447,"La estructura de las minas Claymore no es
nada complicada. Seguro que ya las tienen
super estudiadas.
","La estructura de las minas Claymore no es
nada complicada. Seguro que ya las tienen
super estudiadas.
"
0x144ae,"Seguro que pronto empezaremos a ver minas
""Claymorasky"".
","Seguro que pronto empezaremos a ver minas
""Claymorasky"".
"
0x144e8,"Qué granada más rara tienes.
","Qué granada más rara tienes.
"
0x14508,"Por lo que yo sé, son armas antielectrónicas
","Por lo que yo sé, son armas antielectrónicas
"
0x14538,"que funcionan diseminando trozos de metal por
el aire para crear interferencias con las
señales de radio.
","que funcionan diseminando trozos de metal por
el aire para crear interferencias con las
señales de radio.
"
0x145a4,"Se les llama granadas chaff.
","Se les llama granadas chaff.
"
0x145c2,"Al lanzar una granada chaff, conseguirás que
tanto la radio como el resto de aparatos
electrónicos del enemigo dejen de funcionar
temporalmente.
","Al lanzar una granada chaff, conseguirás que
tanto la radio como el resto de aparatos
electrónicos del enemigo dejen de funcionar
temporalmente.
"
0x14656,"Pero recuerda que, mientras dure el efecto de
la granada, no funcionarán tampoco tu detector
de movimiento y tu sonar activo.
","Pero recuerda que, mientras dure el efecto de
la granada, no funcionarán tampoco tu detector
de movimiento y tu sonar activo.
"
0x146d6,"Veo que tienes TNT.
","Veo que tienes TNT.
"
0x146eb,"TNT, o trinitrotolueno, es un compuesto
cristalino de color amarillo pálido hecho de una
mezcla de ácido nítrico y ácido sulfúrico.
","TNT, o trinitrotolueno, es un compuesto
cristalino de color amarillo pálido hecho de una
mezcla de ácido nítrico y ácido sulfúrico.
"
0x14775,"Se utiliza en todo el mundo como explosivo
militar.
","Se utiliza en todo el mundo como explosivo
militar.
"
0x147aa,"Es muy sensible y es químicamente estable,
haciendo que su manejo sea muy sencillo.
","Es muy sensible y es químicamente estable,
haciendo que su manejo sea muy sencillo.
"
0x14800,"Además, funde a un temperatura relativamente
baja, por lo que lo puedes moldear fácilmente
hirviéndolo o calentándolo con vapor.
","Además, funde a un temperatura relativamente
baja, por lo que lo puedes moldear fácilmente
hirviéndolo o calentándolo con vapor.
"
0x14886,"Pero como su sensibilidad térmica es tan baja,
para que explote, necesitas un detonador.
","Pero como su sensibilidad térmica es tan baja,
para que explote, necesitas un detonador.
"
0x148e1,"Sin problemas, venía con su propio detonador
por control remoto.
","Sin problemas, venía con su propio detonador
por control remoto.
"
0x14924,"Bien. Entonces lo único que tienes que hacer
es pulsar el botón Arma para colocar la carga
de TNT y luego pulsar el botón CQC para que
explote.
","Bien. Entonces lo único que tienes que hacer
es pulsar el botón Arma para colocar la carga
de TNT y luego pulsar el botón CQC para que
explote.
"
0x149b8,"En la pantalla de ""MAPA"" del Visualizador de
Supervivencia verás los lugares en los que has
colocado TNT.
","En la pantalla de ""MAPA"" del Visualizador de
Supervivencia verás los lugares en los que has
colocado TNT.
"
0x14a24,"Pero ten cuidado, la señal de radio del
detonador es muy débil.
","Pero ten cuidado, la señal de radio del
detonador es muy débil.
"
0x14a67,"Y recuerda que al pulsar el botón CQC sólo
explotarán las cargas de TNT que estén en
esa zona.
","Y recuerda que al pulsar el botón CQC sólo
explotarán las cargas de TNT que estén en
esa zona.
"
0x14acb,"Eh, ¡tienes una trampa de ratones!
","Eh, ¡tienes una trampa de ratones!
"
0x14af0,"Esa trampa de ratones ha sido diseñada para
capturar animales vivos.
","Esa trampa de ratones ha sido diseñada para
capturar animales vivos.
"
0x14b37,"Pulsa el botón Arma para colocarla en el
suelo.
","Pulsa el botón Arma para colocarla en el
suelo.
"
0x14b69,"Vuelve en un rato y, si ha habido suerte, igual
encuentras una rana o una serpiente.
","Vuelve en un rato y, si ha habido suerte, igual
encuentras una rana o una serpiente.
"
0x14bbf,"Que caiga alguna presa, es cuestión de suerte.
","Que caiga alguna presa, es cuestión de suerte.
"
0x14bf0,"No te desanimes si no cae nada en la trampa.
Sigue probando.
","No te desanimes si no cae nada en la trampa.
Sigue probando.
"
0x14c2e,"Y recuerda, que para pillar algo, tienes que
poner un cebo.
","Y recuerda, que para pillar algo, tienes que
poner un cebo.
"
0x14c6b,"Si en la trampa cae algún animal, el cebo
habrá desaparecido.
","Si en la trampa cae algún animal, el cebo
habrá desaparecido.
"
0x14cac,"Gatea para coger tu presa y vuelve a poner
otro cebo.
","Gatea para coger tu presa y vuelve a poner
otro cebo.
"
0x14ce3,"Puedes utilizar la opción ""MAPA"" del
Visualizador de Supervivencia para ver dónde
has colocado las trampas.
","Puedes utilizar la opción ""MAPA"" del
Visualizador de Supervivencia para ver dónde
has colocado las trampas.
"
0x14d52,"Si no recuerdas dónde has colocado una
trampa, echa un vistazo al ""MAPA"".
","Si no recuerdas dónde has colocado una
trampa, echa un vistazo al ""MAPA"".
"
0x14d9e,"Veo que has cogido un micrófono direccional.
","Veo que has cogido un micrófono direccional.
"
0x14dcd,"El micrófono direccional, es, como su nombre
indica, un aparato para escuchar.
","El micrófono direccional, es, como su nombre
indica, un aparato para escuchar.
"
0x14e1e,"Cuando tengas un micrófono equipado, pasa a
Visión Primera Persona y el micrófono
recogerá los sonidos que se produzcan en la
dirección que tengas el micrófono.
","Cuando tengas un micrófono equipado, pasa a
Visión Primera Persona y el micrófono
recogerá los sonidos que se produzcan en la
dirección que tengas el micrófono.
"
0x14ec6,"Con el micrófono direccional podrás escuchar
sonidos inaudibles de otra forma,
","Con el micrófono direccional podrás escuchar
sonidos inaudibles de otra forma,
"
0x14f18,"como ruidos muy suaves o pisadas de
enemigos que no se encuentran muy cerca.
","como ruidos muy suaves o pisadas de
enemigos que no se encuentran muy cerca.
"
0x14f66,"Te puede servir de ayuda en muchas
ocasiones, como por ejemplo cuando quieras
saber si hay algún enemigo al otro lado del
bosque.
","Te puede servir de ayuda en muchas
ocasiones, como por ejemplo cuando quieras
saber si hay algún enemigo al otro lado del
bosque.
"
0x14fea,"¡¡Pruébalo!!
","¡¡Pruébalo!!
"
0x14ffb,"Eh, ¿qué llevas puesto?
","Eh, ¿qué llevas puesto?
"
0x15016,"Las gafas de visión nocturna. Me permiten ver
en la oscuridad al amplificar la luz y al
representar las imágenes.
","Las gafas de visión nocturna. Me permiten ver
en la oscuridad al amplificar la luz y al
representar las imágenes.
"
0x1508b,"¿Amplificar la luz?
","¿Amplificar la luz?
"
0x150a1,"Eso es lo que a mí me parece.
","Eso es lo que a mí me parece.
"
0x150c1,"Ya me extraña.
","Ya me extraña.
"
0x150d2,"Aquí en los Estados Unidos están trabajando
en algo similar, pero no funciona a menos que
tenga un foco de infrarrojos incorporado.
","Aquí en los Estados Unidos están trabajando
en algo similar, pero no funciona a menos que
tenga un foco de infrarrojos incorporado.
"
0x15159,"Y ahora los rusos han inventado uno portátil...
","Y ahora los rusos han inventado uno portátil...
"
0x1518b,"... Bueno pues eso, incluso en la oscuridad,
gracias a las gafas podrás ver lo que te rodea.
","... Bueno pues eso, incluso en la oscuridad,
gracias a las gafas podrás ver lo que te rodea.
"
0x151ea,"Pero no mires a ninguna fuente de luz, como
el fuego, o las gafas te cegarán
temporalmente. Ten cuidado.
","Pero no mires a ninguna fuente de luz, como
el fuego, o las gafas te cegarán
temporalmente. Ten cuidado.
"
0x15255,"Estás utilizando un detector de minas, ¿eh?
","Estás utilizando un detector de minas, ¿eh?
"
0x15284,"Cuando estés equipado con un detector de
minas, un sonido te avisará de la presencia de
minas Claymore en las proximidades.
","Cuando estés equipado con un detector de
minas, un sonido te avisará de la presencia de
minas Claymore en las proximidades.
"
0x15303,"Un detector de minas es en realidad un
detector de metales, es decir que reacciona de
igual forma al encontrar una mina que al
encontrar un metal.
","Un detector de minas es en realidad un
detector de metales, es decir que reacciona de
igual forma al encontrar una mina que al
encontrar un metal.
"
0x15397,"Dicen que sólo el 1% de los objetos que
encuentra, es una mina.
","Dicen que sólo el 1% de los objetos que
encuentra, es una mina.
"
0x153d9,"Y por lo tanto, no es muy preciso.
","Y por lo tanto, no es muy preciso.
"
0x153fd,"Por eso están buscando otras formas de
detectar las minas, como
","Por eso están buscando otras formas de
detectar las minas, como
"
0x1543f,"buscar moléculas que sólo tienen los
explosivos o utilizando un radar subterráneo.
","buscar moléculas que sólo tienen los
explosivos o utilizando un radar subterráneo.
"
0x15496,"Igual uno de estos días, fabrican algo que
realmente funcione.
","Igual uno de estos días, fabrican algo que
realmente funcione.
"
0x154d7,"Pero el que tú tienes ha sido modificado para
que sólo se accione con las minas Claymore.
","Pero el que tú tienes ha sido modificado para
que sólo se accione con las minas Claymore.
"
0x15534,"Así que no se accionará con cualquier metal.
","Así que no se accionará con cualquier metal.
"
0x15564,"Eh, Snake... ¿qué estás haciendo?
","Eh, Snake... ¿qué estás haciendo?
"
0x1558a,"Me he metido en una caja.
","Me he metido en una caja.
"
0x155a5,"¿En una caja de cartón? ¿Por qué...?
","¿En una caja de cartón? ¿Por qué...?
"
0x155cf,"No lo sé, la estaba viendo y de repente, me
han entrado unas ganas de meterme dentro.
","No lo sé, la estaba viendo y de repente, me
han entrado unas ganas de meterme dentro.
"
0x15627,"No, no han sido ganas, ha sido algo más
fuerte... como una llamada del destino que
provenía de... de dentro de la caja.
","No, no han sido ganas, ha sido algo más
fuerte... como una llamada del destino que
provenía de... de dentro de la caja.
"
0x156a2,"¿Del destino...?
","¿Del destino...?
"
0x156b5,"Sí. Y cuando me la he puesto encima, he
tenido una sensación de paz interior tan
grande.
","Sí. Y cuando me la he puesto encima, he
tenido una sensación de paz interior tan
grande.
"
0x15711,"No puedo explicarlo con palabras. Me siento...
seguro. Éste es mi sitio. He encontrado la
clave de la verdadera felicidad.
","No puedo explicarlo con palabras. Me siento...
seguro. Éste es mi sitio. He encontrado la
clave de la verdadera felicidad.
"
0x1578e,"...
","...
"
0x15793,"¿Tiene sentido lo que estoy diciendo?
","¿Tiene sentido lo que estoy diciendo?
"
0x157bb,"En absoluto.
","En absoluto.
"
0x157c9,"Deberías meterme dentro de una caja,
entonces entenderías como me siento.
","Deberías meterme dentro de una caja,
entonces entenderías como me siento.
"
0x15816,"¡Tío, no quiero saber lo que tú sientes!
","¡Tío, no quiero saber lo que tú sientes!
"
0x15843,"Entre tú y Para-Medic, no sé quien de los dos
está más loco. ¿¡Pero aquí no hay nadie
cuerdo!?
","Entre tú y Para-Medic, no sé quien de los dos
está más loco. ¿¡Pero aquí no hay nadie
cuerdo!?
"
0x158aa,"...
","...
"
0x158af,"Bueno, supongo que incluso una caja puede
convertirse en un buen disfraz para camuflarte
dentro de un edificio.
","Bueno, supongo que incluso una caja puede
convertirse en un buen disfraz para camuflarte
dentro de un edificio.
"
0x15920,"Snake, ¿estás fumando un cigarrillo?
","Snake, ¿estás fumando un cigarrillo?
"
0x15948,"No es un cigarrillo, es un puro.
","No es un cigarrillo, es un puro.
"
0x1596a,"Bueno, es lo mismo.
","Bueno, es lo mismo.
"
0x1597f,"No es lo mismo.
","No es lo mismo.
"
0x15990,"¿Por qué soy el único que nota la
diferencia...?
","¿Por qué soy el único que nota la
diferencia...?
"
0x159c5,"Poco me importa a mí la diferencia. Quiero
saber es por qué llevas contigo un puro.
","Poco me importa a mí la diferencia. Quiero
saber es por qué llevas contigo un puro.
"
0x15a1c,"Porque lo necesito.
","Porque lo necesito.
"
0x15a31,"¿Para qué?
","¿Para qué?
"
0x15a3f,"No puedo fumar un puro si no lo tengo, ¿no?
","No puedo fumar un puro si no lo tengo, ¿no?
"
0x15a6d,"¿O sea que sólo lo llevas para fumarlo?
","¿O sea que sólo lo llevas para fumarlo?
"
0x15a98,"Sí.
","Sí.
"
0x15a9e,"Tío, tú tienes un problema.
","Tío, tú tienes un problema.
"
0x15abd,"Haz lo que quieras. Pero recuerda que tu
indicador de VIDA disminuirá cuando estés
fumando.
","Haz lo que quieras. Pero recuerda que tu
indicador de VIDA disminuirá cuando estés
fumando.
"
0x15b1c,"¿Qué tienes ahí Snake?
","¿Qué tienes ahí Snake?
"
0x15b37,"Un tipo de medicamento. En la etiqueta pone
""Pentazemin"".
","Un tipo de medicamento. En la etiqueta pone
""Pentazemin"".
"
0x15b72,"¿Pentazemin? ¿Pero qué es?
","¿Pentazemin? ¿Pero qué es?
"
0x15b91,"Ni idea.
","Ni idea.
"
0x15b9b,"Vamos a preguntárselo a Para-Medic.
","Vamos a preguntárselo a Para-Medic.
"
0x15bc1,"¡Eh, Para-Medic!
","¡Eh, Para-Medic!
"
0x15bd4,"¿Sí?
","¿Sí?
"
0x15bdc,"¿Has oído alguna vez algo sobre un
medicamento llamado Pentazemin?
","¿Has oído alguna vez algo sobre un
medicamento llamado Pentazemin?
"
0x15c22,"Sí, es un ansiolítico relacionado con la
benzodiacepina.
","Sí, es un ansiolítico relacionado con la
benzodiacepina.
"
0x15c5e,"Es un tranquilizante suave que se receta para
tratar depresiones, ataxia, aporioneurosis y
condiciones similares.
","Es un tranquilizante suave que se receta para
tratar depresiones, ataxia, aporioneurosis y
condiciones similares.
"
0x15cd1,"Y además de por sus propiedades relajantes y
antidepresivas, también es conocido por sus
propiedades para evitar las convulsiones.
","Y además de por sus propiedades relajantes y
antidepresivas, también es conocido por sus
propiedades para evitar las convulsiones.
"
0x15d57,"¿Evitar las convulsiones?
","¿Evitar las convulsiones?
"
0x15d73,"Sí.
","Sí.
"
0x15d79,"Vale, ¿así que puede evitar que te tiemblen
las manos?
","Vale, ¿así que puede evitar que te tiemblen
las manos?
"
0x15db3,"Sí, eso supongo...
","Sí, eso supongo...
"
0x15dc8,"Puede ser muy útil.
","Puede ser muy útil.
"
0x15dde,"¿De qué estás hablando?
","¿De qué estás hablando?
"
0x15dfa,"Nada. Que estaba pensando que si tomo este
medicamento al utilizar un fusil de
francotirador, apuntaré mejor.
","Nada. Que estaba pensando que si tomo este
medicamento al utilizar un fusil de
francotirador, apuntaré mejor.
"
0x15e6a,"Ah, ya veo. Un razonamiento muy interesante.
Creo que puede funcionar. Pruébalo.
","Ah, ya veo. Un razonamiento muy interesante.
Creo que puede funcionar. Pruébalo.
"
0x15ebd,"Veo que tienes medicina pro VIDA, ¿eh?
","Veo que tienes medicina pro VIDA, ¿eh?
"
0x15ee6,"La medicina pro VIDA es...
","La medicina pro VIDA es...
"
0x15f02,"La medicina pro VIDA es un medicamento que
han desarrollado recientemente en la Unión
Soviética para su uso durante guerras.
","La medicina pro VIDA es un medicamento que
han desarrollado recientemente en la Unión
Soviética para su uso durante guerras.
"
0x15f82,"Los com...
","Los com...
"
0x15f8e,"Los componentes todavía son un misterio, pero
activa el proceso regenerativo del cuerpo y
hace que las heridas se curen más
rápidamente.
","Los componentes todavía son un misterio, pero
activa el proceso regenerativo del cuerpo y
hace que las heridas se curen más
rápidamente.
"
0x1601b,"Bien, abre la...
","Bien, abre la...
"
0x1602d,"Abre la ventana y pulsa el botón Enter para
que tu indicador de VIDA se llene al instante.
Te viene bien, ¿eh?
","Abre la ventana y pulsa el botón Enter para
que tu indicador de VIDA se llene al instante.
Te viene bien, ¿eh?
"
0x1609f,"...
","...
"
0x160a4,"¿Eh? ¿Qué pasa Sigint?
","¿Eh? ¿Qué pasa Sigint?
"
0x160bf,"Déjalo...
","Déjalo...
"
0x160cb,"Snake, ¿qué pasa? ¿Por qué estás
desnudo?
","Snake, ¿qué pasa? ¿Por qué estás
desnudo?
"
0x160fb,"Sé que hay la opción ""DESNUDO"" en
""UNIFORME"" que te permite quedarte desnudo
de cintura para arriba.
","Sé que hay la opción ""DESNUDO"" en
""UNIFORME"" que te permite quedarte desnudo
de cintura para arriba.
"
0x16163,"Pero de esa guisa, tu camuflaje no vale para
nada, y tu energía se consumirá más
rápidamente. Y además, estar así no tiene
ninguna ventaja.
","Pero de esa guisa, tu camuflaje no vale para
nada, y tu energía se consumirá más
rápidamente. Y además, estar así no tiene
ninguna ventaja.
"
0x161f6,"Seguro que hay ventajas.
","Seguro que hay ventajas.
"
0x16210,"¿Cómo cuál?
","¿Cómo cuál?
"
0x16220,"Pues que estoy mucho más a gusto.
","Pues que estoy mucho más a gusto.
"
0x16244,"... Bueno, pues haz lo que tú quieras.
","... Bueno, pues haz lo que tú quieras.
"
0x1626d,"Gracias, lo haré. Pero tengo una pregunta.
","Gracias, lo haré. Pero tengo una pregunta.
"
0x1629a,"¿Qué?
","¿Qué?
"
0x162a3,"¿Hay alguna forma de quitarse también los
pantalones?
","¿Hay alguna forma de quitarse también los
pantalones?
"
0x162dc,"¿QUÉ has dicho?
","¿QUÉ has dicho?
"
0x162ef,"Los pantalones, me los...
","Los pantalones, me los...
"
0x1630a,"¡Pues claro que no! ¡En esta unidad FOX
están todos locos!
","¡Pues claro que no! ¡En esta unidad FOX
están todos locos!
"
0x16349,"Veo que tienes puesto el uniforme de
camuflaje color verde militar.
","Veo que tienes puesto el uniforme de
camuflaje color verde militar.
"
0x1638e,"Verde militar, el uniforme de camuflaje verde
militar es el uniforme estándar de los soldados
americanos.
","Verde militar, el uniforme de camuflaje verde
militar es el uniforme estándar de los soldados
americanos.
"
0x163fa,"Es un uniforme de un solo color, sin ningún
motivo, y por lo tanto, no es tremendamente
efectivo.
","Es un uniforme de un solo color, sin ningún
motivo, y por lo tanto, no es tremendamente
efectivo.
"
0x1645e,"Si yo fuera tú, en cuanto pudiera, me ponía
otro uniforme de camuflaje.
","Si yo fuera tú, en cuanto pudiera, me ponía
otro uniforme de camuflaje.
"
0x164a9,"Veo que llevas puesto el uniforme de camuflaje
de tigre.
","Veo que llevas puesto el uniforme de camuflaje
de tigre.
"
0x164e3,"El uniforme de camuflaje de tigre es ideal para
camuflarte en el bosque. Como puedes
adivinar por su nombre, copia los motivos de la
piel de un tigre.
","El uniforme de camuflaje de tigre es ideal para
camuflarte en el bosque. Como puedes
adivinar por su nombre, copia los motivos de la
piel de un tigre.
"
0x1657b,"Los primeros en llevarlo fueron los Marines
Sudvietnamitas.
","Los primeros en llevarlo fueron los Marines
Sudvietnamitas.
"
0x165b8,"Lo vio un asesor militar americano,
","Lo vio un asesor militar americano,
"
0x165dd,"y ahora están pensando introducirlo en todas
las fuerzas especiales.
","y ahora están pensando introducirlo en todas
las fuerzas especiales.
"
0x16624,"Es ideal para lugares en los que hay muchos
árboles y hierba, y también funciona bien en
las zonas con barro y sucias.
","Es ideal para lugares en los que hay muchos
árboles y hierba, y también funciona bien en
las zonas con barro y sucias.
"
0x1669e,"Veo que llevas puesto el uniforme de camuflaje
de hojas, ¿no?
","Veo que llevas puesto el uniforme de camuflaje
de hojas, ¿no?
"
0x166de,"El uniforme de camuflaje de hojas es un
camuflaje para el bosque creado para zonas
en las que haya muchos árboles.
","El uniforme de camuflaje de hojas es un
camuflaje para el bosque creado para zonas
en las que haya muchos árboles.
"
0x16753,"Y ahora que estamos colaborando más en
Vietnam, están pensando en ampliar su uso.
","Y ahora que estamos colaborando más en
Vietnam, están pensando en ampliar su uso.
"
0x167a8,"Te ayudará mucho, especialmente cuando
estés escondido entre arbustos.
","Te ayudará mucho, especialmente cuando
estés escondido entre arbustos.
"
0x167f2,"Veo que llevas puesto el uniforme de camuflaje
de corteza de árbol.
","Veo que llevas puesto el uniforme de camuflaje
de corteza de árbol.
"
0x16838,"El uniforme de camuflaje de corteza de árbol
fue creado principalmente para los cazadores.
","El uniforme de camuflaje de corteza de árbol
fue creado principalmente para los cazadores.
"
0x16895,"Te vendrá muy bien para camuflarte cuando
estés apoyado en un árbol.
","Te vendrá muy bien para camuflarte cuando
estés apoyado en un árbol.
"
0x168de,"Ah, veo que llevas el uniforme de camuflaje de
galletas de chocolate.
","Ah, veo que llevas el uniforme de camuflaje de
galletas de chocolate.
"
0x16925,"¿Galletas de chocolate? ¿Como camuflaje?
","¿Galletas de chocolate? ¿Como camuflaje?
"
0x16951,"Sí.
","Sí.
"
0x16957,"Nunca antes había oído tal cosa...
","Nunca antes había oído tal cosa...
"
0x1697d,"Sí, lo sé. Se me acaba de ocurrir ahora.
","Sí, lo sé. Se me acaba de ocurrir ahora.
"
0x169a9,"Pero el uniforme de camuflaje de chocolate
puede ser muy útil para camuflarte en el
desierto.
","Pero el uniforme de camuflaje de chocolate
puede ser muy útil para camuflarte en el
desierto.
"
0x16a09,"Funcionará bien especialmente contra un fondo
arenoso o rocoso.
","Funcionará bien especialmente contra un fondo
arenoso o rocoso.
"
0x16a4b,"Tiene su lógica. ¿Pero por qué le llamas
galletas de chocolate?
","Tiene su lógica. ¿Pero por qué le llamas
galletas de chocolate?
"
0x16a8f,"Porque me recuerda a galletas de chocolate.
","Porque me recuerda a galletas de chocolate.
"
0x16abc,"¿Qué?
","¿Qué?
"
0x16ac5,"Esas galletitas que el Major come como
cortahambres.
","Esas galletitas que el Major come como
cortahambres.
"
0x16afb,"No son galletitas, son bizcochos.
","No son galletitas, son bizcochos.
"
0x16b1e,"¡Major!
","¡Major!
"
0x16b28,"Y no es un cortahambres, es la hora del té.
","Y no es un cortahambres, es la hora del té.
"
0x16b56,"Cortahambres, hora del té, ¡qué más da!
","Cortahambres, hora del té, ¡qué más da!
"
0x16b83,"¡A mí no me da igual! ¡La hora del té es una
antigua tradición inglesa!
","¡A mí no me da igual! ¡La hora del té es una
antigua tradición inglesa!
"
0x16bd1,"Oh no, ya empezamos otra vez, hasta pronto
Snake.
","Oh no, ya empezamos otra vez, hasta pronto
Snake.
"
0x16c04,"Los orígenes del té de la tarde se remontan a
la era Victoriana. Anna Maria, la séptima
duquesa de Bedford, era...
","Los orígenes del té de la tarde se remontan a
la era Victoriana. Anna Maria, la séptima
duquesa de Bedford, era...
"
0x16c7b,"Parece que llevas puesto el uniforme de
camuflaje de resplandor.
","Parece que llevas puesto el uniforme de
camuflaje de resplandor.
"
0x16cbd,"El traje resplandor fue muy utilizado durante la
Segunda Guerra Mundial en aviones alemanes.
","El traje resplandor fue muy utilizado durante la
Segunda Guerra Mundial en aviones alemanes.
"
0x16d1b,"El dibujo ayudaba a ocultar la altitud del avión
y la dirección de vuelo.
","El dibujo ayudaba a ocultar la altitud del avión
y la dirección de vuelo.
"
0x16d68,"E incluso ahora, todavía se utiliza en algunos
sitios.
","E incluso ahora, todavía se utiliza en algunos
sitios.
"
0x16da1,"Funcionará bien especialmente contra un fondo
de piedra o metal.
","Funcionará bien especialmente contra un fondo
de piedra o metal.
"
0x16de4,"Llevas un uniforme de camuflaje con gotas de
lluvia, ¿eh?
","Llevas un uniforme de camuflaje con gotas de
lluvia, ¿eh?
"
0x16e20,"Los alemanes utilizaron el uniforme con gotas
de lluvia durante la Segunda Guerra Mundial.
Incluso hoy, se utiliza mucho en los países de
Europa del Este.
","Los alemanes utilizaron el uniforme con gotas
de lluvia durante la Segunda Guerra Mundial.
Incluso hoy, se utiliza mucho en los países de
Europa del Este.
"
0x16ebd,"Es muy útil para camuflarte cuando está
lloviendo, así que póntelo cuando llueva.
","Es muy útil para camuflarte cuando está
lloviendo, así que póntelo cuando llueva.
"
0x16f14,"Parece que llevas puesto el uniforme de
camuflaje de cuadrados.
","Parece que llevas puesto el uniforme de
camuflaje de cuadrados.
"
0x16f55,"El de cuadrados es un camuflaje de montaña,
y es un uniforme con cuadrados dibujados.
","El de cuadrados es un camuflaje de montaña,
y es un uniforme con cuadrados dibujados.
"
0x16fad,"A primera vista, puede parecer muy llamativo,
","A primera vista, puede parecer muy llamativo,
"
0x16fdc,"pero lo que hace es difuminar el contorno de la
persona que lo lleva, y así es más difícil de
ver.
","pero lo que hace es difuminar el contorno de la
persona que lo lleva, y así es más difícil de
ver.
"
0x17043,"Funciona muy bien cuando el fondo sea rojo,
como por ejemplo ladrillos y metal oxidado.
","Funciona muy bien cuando el fondo sea rojo,
como por ejemplo ladrillos y metal oxidado.
"
0x1709c,"Llevas un uniforme de camuflaje con agua,
¿eh?
","Llevas un uniforme de camuflaje con agua,
¿eh?
"
0x170cd,"Ese uniforme, con camuflaje de agua, lo utilizó
mucho la vieja Fuerza de Defensa Alemana.
","Ese uniforme, con camuflaje de agua, lo utilizó
mucho la vieja Fuerza de Defensa Alemana.
"
0x17129,"Y a pesar de su nombre, no está diseñado
para camuflarse en el agua.
","Y a pesar de su nombre, no está diseñado
para camuflarse en el agua.
"
0x17171,"Se le puso ese nombre porque su forma se
asemeja al movimiento de la superficie del
agua.
","Se le puso ese nombre porque su forma se
asemeja al movimiento de la superficie del
agua.
"
0x171cc,"De todas formas, como su diseño se parece a
las ondas de agua, te servirá para pasar
desapercibido cuando estés bajo el agua.
","De todas formas, como su diseño se parece a
las ondas de agua, te servirá para pasar
desapercibido cuando estés bajo el agua.
"
0x1724e,"Así que llevas el uniforme de camuflaje negro.
","Así que llevas el uniforme de camuflaje negro.
"
0x1727f,"El uniforme negro no es realmente de
camuflaje.
","El uniforme negro no es realmente de
camuflaje.
"
0x172b0,"Fue diseñado para que provocara un efecto de
shock psicológico en los enemigos durante las
operaciones de rescate de rehenes.
","Fue diseñado para que provocara un efecto de
shock psicológico en los enemigos durante las
operaciones de rescate de rehenes.
"
0x17331,"Pero al enemigo le costará mucho verte si te
lo pones en un lugar que esté muy oscuro.
","Pero al enemigo le costará mucho verte si te
lo pones en un lugar que esté muy oscuro.
"
0x1738b,"Y también puede servirte en superficies con
tierra color oscuro, como zonas pantanosas.
","Y también puede servirte en superficies con
tierra color oscuro, como zonas pantanosas.
"
0x173e5,"El camuflaje que tienes puesto ahora es el
llamado de ""nieve"".
","El camuflaje que tienes puesto ahora es el
llamado de ""nieve"".
"
0x17425,"Como su nombre indica, es un tipo de
camuflaje de invierno, diseñado para zonas en
las que haya nieve.
","Como su nombre indica, es un tipo de
camuflaje de invierno, diseñado para zonas en
las que haya nieve.
"
0x1748e,"Pero no es del todo blanco. También tiene
unos toques de vegetación.
","Pero no es del todo blanco. También tiene
unos toques de vegetación.
"
0x174d6,"Te vendrá muy bien para camuflarte cuando
estés sobre un fondo blanco.
","Te vendrá muy bien para camuflarte cuando
estés sobre un fondo blanco.
"
0x17520,"¡Qué ropa más rara llevas puesta!
","¡Qué ropa más rara llevas puesta!
"
0x17546,"Qué traje más original llevas puesto...
","Qué traje más original llevas puesto...
"
0x17571,"Sí. Se llama traje de infiltración.
","Sí. Se llama traje de infiltración.
"
0x17598,"¿Traje de infiltración? ¿Y de qué va eso?
","¿Traje de infiltración? ¿Y de qué va eso?
"
0x175c7,"No lo sé, pero se parece al que llevaba The
Boss...
","No lo sé, pero se parece al que llevaba The
Boss...
"
0x175fd,"Bueno, sea lo que sea, no está nada mal.
","Bueno, sea lo que sea, no está nada mal.
"
0x17628,"Parece que el traje está hecho de un tipo
especial de fibra antibalas. Cuando lo tengas
puesto, sufrirás la mitad de daños.
","Parece que el traje está hecho de un tipo
especial de fibra antibalas. Cuando lo tengas
puesto, sufrirás la mitad de daños.
"
0x176a8,"La impermeabilidad y el aislante contra el calor
y la humedad son de primera. Sólo con
ponértelo, gastarás menos energía.
","La impermeabilidad y el aislante contra el calor
y la humedad son de primera. Sólo con
ponértelo, gastarás menos energía.
"
0x17727,"Incluso hace que tu Índice de Camuflaje
aumente. ¡Has encontrado una joya, Snake!
","Incluso hace que tu Índice de Camuflaje
aumente. ¡Has encontrado una joya, Snake!
"
0x1777c,"Sí, deberías hacer que fuera el uniforme oficial
de FOX.
","Sí, deberías hacer que fuera el uniforme oficial
de FOX.
"
0x177b8,"Así que te has puesto el uniforme de científico.
","Así que te has puesto el uniforme de científico.
"
0x177ec,"Al ponerte el uniforme de científico, te podrás
hacer pasar por un científico.
","Al ponerte el uniforme de científico, te podrás
hacer pasar por un científico.
"
0x1783f,"Pero te advierto de que no podrás equiparte
con casi ningún arma cuando tengas puesto el
uniforme de científico.
","Pero te advierto de que no podrás equiparte
con casi ningún arma cuando tengas puesto el
uniforme de científico.
"
0x178b4,"Incluso cuando estés disfrazado, te
descubrirán si te manchas la ropa de sangre o
algo parecido.
","Incluso cuando estés disfrazado, te
descubrirán si te manchas la ropa de sangre o
algo parecido.
"
0x17918,"Si te machas el uniforme de sangre, quítatelo y
ponte otro.
","Si te machas el uniforme de sangre, quítatelo y
ponte otro.
"
0x17956,"Las manchas de sangre desaparecerán
después de un rato.
","Las manchas de sangre desaparecerán
después de un rato.
"
0x17991,"Pero, eh, Snake...
","Pero, eh, Snake...
"
0x179a5,"¿Qué?
","¿Qué?
"
0x179ae,"Que no vale la pena ponerte el uniforme de
científico ahí.
","Que no vale la pena ponerte el uniforme de
científico ahí.
"
0x179ec,"¿Y por qué no?
","¿Y por qué no?
"
0x179fe,"¿Por qué no? ¡Echa un vistazo a tu
alrededor! ¿Ves a algún científico?
","¿Por qué no? ¡Echa un vistazo a tu
alrededor! ¿Ves a algún científico?
"
0x17a4c,"Pues no.
","Pues no.
"
0x17a56,"¿Y por qué te lo has puesto?
","¿Y por qué te lo has puesto?
"
0x17a76,"Porque me ha dado la gana.
","Porque me ha dado la gana.
"
0x17a92,"... Tío, estás muy mal.
","... Tío, estás muy mal.
"
0x17aad,"Vale, te has disfrazado de Raikov.
","Vale, te has disfrazado de Raikov.
"
0x17ad1,"Con esa ropa, te puedes hacer pasar por él.
","Con esa ropa, te puedes hacer pasar por él.
"
0x17aff,"Puedes ir donde quieras sin que nadie
desconfíe de ti.
","Puedes ir donde quieras sin que nadie
desconfíe de ti.
"
0x17b38,"Pero recuerda, cuando estés disfrazado, no
podrás equiparte con casi ningún arma.
","Pero recuerda, cuando estés disfrazado, no
podrás equiparte con casi ningún arma.
"
0x17b8e,"Vale, te has puesto el uniforme de Raikov.
Pero te falta algo.
","Vale, te has puesto el uniforme de Raikov.
Pero te falta algo.
"
0x17bce,"Ese disfraz no va a funcionar a menos que
hagas algo para parecerte físicamente a él.
","Ese disfraz no va a funcionar a menos que
hagas algo para parecerte físicamente a él.
"
0x17c27,"¿Llevas puesto el uniforme de Raikov?
","¿Llevas puesto el uniforme de Raikov?
"
0x17c4f,"Pero si el enemigo ya sabe que te estás
haciendo pasar por él, y además, has perdido
la gorra.
","Pero si el enemigo ya sabe que te estás
haciendo pasar por él, y además, has perdido
la gorra.
"
0x17cb2,"No creo que puedas engañar ya a nadie con
ese disfraz.
","No creo que puedas engañar ya a nadie con
ese disfraz.
"
0x17ceb,"Además, ese uniforme no tiene ningún dibujo
de camuflaje, y por lo tanto tu Índice de
Camuflaje estará muy bajo.
","Además, ese uniforme no tiene ningún dibujo
de camuflaje, y por lo tanto tu Índice de
Camuflaje estará muy bajo.
"
0x17d61,"¿No crees que será mejor que te pongas otra
cosa?
","¿No crees que será mejor que te pongas otra
cosa?
"
0x17d96,"¿Te has puesto el uniforme de un operario de
mantenimiento?
","¿Te has puesto el uniforme de un operario de
mantenimiento?
"
0x17dd4,"Con el uniforme de un operario de
mantenimiento puedes hacerte pasar por uno
de los trabajadores que están en el hangar del
Shagohod.
","Con el uniforme de un operario de
mantenimiento puedes hacerte pasar por uno
de los trabajadores que están en el hangar del
Shagohod.
"
0x17e5c,"Pero si de repente te tumbas en el suelo o
empiezas a dar puñetazos, la gente
sospechará de ti.
","Pero si de repente te tumbas en el suelo o
empiezas a dar puñetazos, la gente
sospechará de ti.
"
0x17ebf,"No hagas nada que pueda resultar
sospechoso.
","No hagas nada que pueda resultar
sospechoso.
"
0x17eed,"Pero si ahí no hay ningún operario de
mantenimiento. Con ese uniforme, lo único que
vas a hacer es llamar aún más la atención.
","Pero si ahí no hay ningún operario de
mantenimiento. Con ese uniforme, lo único que
vas a hacer es llamar aún más la atención.
"
0x17f73,"Yo si fuera tú, me pondría otra cosa.
","Yo si fuera tú, me pondría otra cosa.
"
0x17f9c,"Snake, ¿y ahora qué te has puesto?
","Snake, ¿y ahora qué te has puesto?
"
0x17fc2,"Un esmoquin.
","Un esmoquin.
"
0x17fd0,"¿Qué? ¿Te han invitado a una boda?
","¿Qué? ¿Te han invitado a una boda?
"
0x17ff7,"Pero ahora que lo pienso, el esmoquin es de
color negro, así que te puede ser muy útil
cuando estés en algún lugar muy oscuro.
","Pero ahora que lo pienso, el esmoquin es de
color negro, así que te puede ser muy útil
cuando estés en algún lugar muy oscuro.
"
0x1807b,"Pero, no te podrás equipar con armas como el
cuchillo. Y tampoco puedes utilizar las técnicas
CQC. ¡Que no se te olvide!
","Pero, no te podrás equipar con armas como el
cuchillo. Y tampoco puedes utilizar las técnicas
CQC. ¡Que no se te olvide!
"
0x180f8,"Snake, ¿qué camuflaje es ése?
","Snake, ¿qué camuflaje es ése?
"
0x1811a,"Se llama ""avispas"", y se lo he quitado a The
Pain.
","Se llama ""avispas"", y se lo he quitado a The
Pain.
"
0x1814e,"Joe, debe de ser un modelo único.
","Joe, debe de ser un modelo único.
"
0x18172,"A juzgar por su apariencia, ha sido tocado con
los poderes de los avispones.
","A juzgar por su apariencia, ha sido tocado con
los poderes de los avispones.
"
0x181c0,"¿El poder de los avispones?
","¿El poder de los avispones?
"
0x181de,"Sí. Cuando te pongas ese traje, los avispones
no te atacarán. Ni tampoco las arañas ni las
sanguijuelas.
","Sí. Cuando te pongas ese traje, los avispones
no te atacarán. Ni tampoco las arañas ni las
sanguijuelas.
"
0x1824b,"Puede que incluso consigas domar a los
avispones que hayan salido de la colmena.
","Puede que incluso consigas domar a los
avispones que hayan salido de la colmena.
"
0x1829d,"Eh Snake, ¿qué llevas puesto?
","Eh Snake, ¿qué llevas puesto?
"
0x182be,"El camuflaje araña. Era de The Fear.
","El camuflaje araña. Era de The Fear.
"
0x182e5,"¿De verdad?
","¿De verdad?
"
0x182f3,"No es tan bueno como el que llevaba The
Fear, pero aún así tiene también función de
invisibilidad.
","No es tan bueno como el que llevaba The
Fear, pero aún así tiene también función de
invisibilidad.
"
0x1835b,"A juzgar por su apariencia, para activar su
función de invisibilidad gasta energía.
","A juzgar por su apariencia, para activar su
función de invisibilidad gasta energía.
"
0x183b2,"Cuando lo lleves puesto, tu Índice de
Camuflaje estará alto independientemente del
lugar en el que estés.
","Cuando lo lleves puesto, tu Índice de
Camuflaje estará alto independientemente del
lugar en el que estés.
"
0x18420,"Pero si te quedas sin energía, dejará de
funcionar. Recuérdalo.
","Pero si te quedas sin energía, dejará de
funcionar. Recuérdalo.
"
0x18464,"Snake, ¿qué es eso que llevas puesto?
","Snake, ¿qué es eso que llevas puesto?
"
0x1848d,"Es camuflaje musgo. Se lo he cogido a The
End.
","Es camuflaje musgo. Se lo he cogido a The
End.
"
0x184bd,"Interesante. Creo que tiene parte de los
poderes de The End.
","Interesante. Creo que tiene parte de los
poderes de The End.
"
0x184fb,"Si te lo pones en un lugar en el que luzca el
sol, recuperarás energía automáticamente.
","Si te lo pones en un lugar en el que luzca el
sol, recuperarás energía automáticamente.
"
0x18557,"Además, tu Índice de Camuflaje será alto
cuando lo lleves puesto en Svyatogornyj y
Sokrovenno, lugar del que proviene The End.
","Además, tu Índice de Camuflaje será alto
cuando lo lleves puesto en Svyatogornyj y
Sokrovenno, lugar del que proviene The End.
"
0x185da,"Snake, ¿y ahora qué te has puesto?
","Snake, ¿y ahora qué te has puesto?
"
0x18600,"Camuflaje fuego. Lo tenía The Fury.
","Camuflaje fuego. Lo tenía The Fury.
"
0x18626,"Creo que ese camuflaje resiste el fuego.
","Creo que ese camuflaje resiste el fuego.
"
0x18650,"Cuando lo lleves puesto, sólo sufrirás la mitad
de daños al ser víctima del fuego o de una
explosión. ¡Y ni siquiera te quemarás!
","Cuando lo lleves puesto, sólo sufrirás la mitad
de daños al ser víctima del fuego o de una
explosión. ¡Y ni siquiera te quemarás!
"
0x186da,"Sí, propio de The Fury utilizar un traje así.
","Sí, propio de The Fury utilizar un traje así.
"
0x1870b,"¿Eh? Qué traje de camuflaje más raro tienes
Snake...
","¿Eh? Qué traje de camuflaje más raro tienes
Snake...
"
0x18744,"Es camuflaje espíritu... Creo que fue un regalo
de The Sorrow.
","Es camuflaje espíritu... Creo que fue un regalo
de The Sorrow.
"
0x18785,"¿The Sorrow? Pero si...
","¿The Sorrow? Pero si...
"
0x1879f,"Mira, no lo quiero ni saber. De cualquier forma,
creo que ese traje tiene ciertos poderes
especiales.
","Mira, no lo quiero ni saber. De cualquier forma,
creo que ese traje tiene ciertos poderes
especiales.
"
0x18806,"Cuando lo lleves puesto y agarres al enemigo
con la técnica CQC, podrás succionar la
energía del enemigo mientras le ahogas.
","Cuando lo lleves puesto y agarres al enemigo
con la técnica CQC, podrás succionar la
energía del enemigo mientras le ahogas.
"
0x18887,"Y además, no harás ruido al moverte.
","Y además, no harás ruido al moverte.
"
0x188af,"Pues no está mal.
","Pues no está mal.
"
0x188c3,"... Dime la verdad. ¿Realmente te lo ha dado
The Sorrow?
","... Dime la verdad. ¿Realmente te lo ha dado
The Sorrow?
"
0x188fe,"Sí.
","Sí.
"
0x18904,"Bueno, según el Major le ha abducido un
OVNI, así que puede ser verdad.
","Bueno, según el Major le ha abducido un
OVNI, así que puede ser verdad.
"
0x1894f,"¿¿¿???
","¿¿¿???
"
0x1895a,"Snake, ¿qué tipo de camuflaje es ése?
","Snake, ¿qué tipo de camuflaje es ése?
"
0x18984,"Se llama Guerra Fría. Lo tenía Volgin.
","Se llama Guerra Fría. Lo tenía Volgin.
"
0x189ae,"Camuflaje Guerra Fría, aha. Bueno, al menos
los soviéticos no te atacarán por la espalda
cuando tengas eso puesto.
","Camuflaje Guerra Fría, aha. Bueno, al menos
los soviéticos no te atacarán por la espalda
cuando tengas eso puesto.
"
0x18a25,"¿De verdad? O sea, que además de ser muy
moderno tiene ventajas.
","¿De verdad? O sea, que además de ser muy
moderno tiene ventajas.
"
0x18a69,"¿Moderno?
","¿Moderno?
"
0x18a75,"Sí, ¿a ti no te lo parece?
","Sí, ¿a ti no te lo parece?
"
0x18a93,"... Sí, lo que tú digas.
","... Sí, lo que tú digas.
"
0x18aaf,"¿Eh? ¡Qué locura de camuflaje llevas puesto!
","¿Eh? ¡Qué locura de camuflaje llevas puesto!
"
0x18ae0,"Sí. Es el camuflaje tipo serpiente.
","Sí. Es el camuflaje tipo serpiente.
"
0x18b06,"¿Serpiente? Bueno, te sienta muy bien.
","¿Serpiente? Bueno, te sienta muy bien.
"
0x18b2f,"Gracias por el cumplido.
","Gracias por el cumplido.
"
0x18b49,"Y además, puede ser muy útil.
","Y además, puede ser muy útil.
"
0x18b6a,"Se adapta muy bien a cualquier ambiente, por
lo que tu Índice de Camuflaje será bastante
alto independientemente del lugar en el que te
encuentres.
","Se adapta muy bien a cualquier ambiente, por
lo que tu Índice de Camuflaje será bastante
alto independientemente del lugar en el que te
encuentres.
"
0x18c01,"Snake, ¿qué llevas puesto?
","Snake, ¿qué llevas puesto?
"
0x18c1f,"No lo sé. Se llama GA-KO, que no sé qué
significa...
","No lo sé. Se llama GA-KO, que no sé qué
significa...
"
0x18c58,"¿¡Qué!?
","¿¡Qué!?
"
0x18c64,"¿Para-Medic...?
","¿Para-Medic...?
"
0x18c76,"¿Nunca habéis oído hablar del GA-KO?
","¿Nunca habéis oído hablar del GA-KO?
"
0x18c9f,"Pues no.
","Pues no.
"
0x18ca9,"Nunca.
","Nunca.
"
0x18cb1,"¿Pero dónde vivís, en una cueva?
","¿Pero dónde vivís, en una cueva?
"
0x18cd6,"Pero qué modales.
","Pero qué modales.
"
0x18cea,"En cualquier caso, ese traje está haciendo
que tu Índice de Camuflaje disminuya
considerablemente.
","En cualquier caso, ese traje está haciendo
que tu Índice de Camuflaje disminuya
considerablemente.
"
0x18d50,"A menos que quieras que el enemigo te
descubra, te sugiero que te cambies de ropa...
","A menos que quieras que el enemigo te
descubra, te sugiero que te cambies de ropa...
"
0x18da6,"¿Por qué?
","¿Por qué?
"
0x18db3,"¿Por qué? Porque su Índice de Camuflaje
está...
","¿Por qué? Porque su Índice de Camuflaje
está...
"
0x18de8,"Índice de Camuflaje, Índice de Aprendizaje.
","Índice de Camuflaje, Índice de Aprendizaje.
"
0x18e17,"Espera un poco.
","Espera un poco.
"
0x18e28,"Lleva puesto el traje GA-KO.
","Lleva puesto el traje GA-KO.
"
0x18e46,"¿Por qué?
","¿Por qué?
"
0x18e53,"Porque es bonito.
","Porque es bonito.
"
0x18e66,"Snake, ¡hazle entrar en razón!
","Snake, ¡hazle entrar en razón!
"
0x18e88,"¿Y qué tiene de malo la belleza?
","¿Y qué tiene de malo la belleza?
"
0x18eac,"¿.. Pero yo soy la única persona normal que
hay aquí?
","¿.. Pero yo soy la única persona normal que
hay aquí?
"
0x18ee6,"¿Eh? ¿Quieres decir que no llevas ninguna
pintura en la cara?
","¿Eh? ¿Quieres decir que no llevas ninguna
pintura en la cara?
"
0x18f27,"Puedes quitarte la pintura de la cara
seleccionando ""SIN PINTURA"" desde la opción
""CARA"".
","Puedes quitarte la pintura de la cara
seleccionando ""SIN PINTURA"" desde la opción
""CARA"".
"
0x18f83,"Cuando no quieras llevar ninguna pintura en la
cara, selecciona ""SIN PINTURA"".
","Cuando no quieras llevar ninguna pintura en la
cara, selecciona ""SIN PINTURA"".
"
0x18fd3,"Pero ten en cuenta que tu Índice de
Supervivencia nunca será muy alto si no te
pintas la cara.
","Pero ten en cuenta que tu Índice de
Supervivencia nunca será muy alto si no te
pintas la cara.
"
0x19035,"A menos que quieras que el enemigo te vea,
será mejor que te pintes la cara.
","A menos que quieras que el enemigo te vea,
será mejor que te pintes la cara.
"
0x19084,"Bien, veo que te has pintado la cara tipo
""Bosque"".
","Bien, veo que te has pintado la cara tipo
""Bosque"".
"
0x190b9,"La pintura de Bosque es muy eficaz cuando
estés en zonas en las que haya muchos
bosques.
","La pintura de Bosque es muy eficaz cuando
estés en zonas en las que haya muchos
bosques.
"
0x19114,"Funcionará mejor si te la pones cuando entres
a zonas de bosques.
","Funcionará mejor si te la pones cuando entres
a zonas de bosques.
"
0x19158,"Te has pintado la cara con pintura ""Negra"",
¿eh?
","Te has pintado la cara con pintura ""Negra"",
¿eh?
"
0x1918b,"Al pintarte la cara con pintura negra, y cuando
estés en las zonas oscuras, tu Índice de
Camuflaje aumentará.
","Al pintarte la cara con pintura negra, y cuando
estés en las zonas oscuras, tu Índice de
Camuflaje aumentará.
"
0x191fd,"Te has pintado la cara con la pintura ""Agua"",
¿verdad?
","Te has pintado la cara con la pintura ""Agua"",
¿verdad?
"
0x19236,"La pintura Agua es muy eficaz cuando estés
bajo el agua.
","La pintura Agua es muy eficaz cuando estés
bajo el agua.
"
0x19271,"Así que píntate con esa pintura cuando quieras
esconderte bajo el agua.
","Así que píntate con esa pintura cuando quieras
esconderte bajo el agua.
"
0x192bc,"Veo que te has pintado la cara con la pintura
""Desierto"".
","Veo que te has pintado la cara con la pintura
""Desierto"".
"
0x192f7,"La pintura desierto es una pintura de color
marrón que deberás utilizar cuando estés en
terrenos montañosos.
","La pintura desierto es una pintura de color
marrón que deberás utilizar cuando estés en
terrenos montañosos.
"
0x19369,"Te vendrá muy bien cuando estés en zonas
montañosas o desérticas.
","Te vendrá muy bien cuando estés en zonas
montañosas o desérticas.
"
0x193b0,"Veo que has utilizado la pintura ""Resplandor""
para la cara.
","Veo que has utilizado la pintura ""Resplandor""
para la cara.
"
0x193ed,"Ese tipo de pintura es para lugares cerrados.
","Ese tipo de pintura es para lugares cerrados.
"
0x1941c,"La pintura resplandor te ayudará a camuflarte
cuando estés entrando a un edificio.
","La pintura resplandor te ayudará a camuflarte
cuando estés entrando a un edificio.
"
0x19472,"Te has pintado la cara con la pintura ""Nieve"".
","Te has pintado la cara con la pintura ""Nieve"".
"
0x194a2,"Esta pintura se diseñó para que se utilizara en
misiones en la zona ártica.
","Esta pintura se diseñó para que se utilizara en
misiones en la zona ártica.
"
0x194f2,"Es muy eficaz cuando estés en lugares
nevados.
","Es muy eficaz cuando estés en lugares
nevados.
"
0x19523,"Snake, ¿qué pintura te has puesto en la
cara?
","Snake, ¿qué pintura te has puesto en la
cara?
"
0x19554,"Kabuki.
","Kabuki.
"
0x1955d,"¿Kabuki?
","¿Kabuki?
"
0x19568,"Sí. Se utiliza en el teatro tradicional japonés.
Al parecer, concede a quien se pinte la cara
con pintura Kabuki, ciertos poderes místicos.
","Sí. Se utiliza en el teatro tradicional japonés.
Al parecer, concede a quien se pinte la cara
con pintura Kabuki, ciertos poderes místicos.
"
0x195f8,"¡Anda ya!
","¡Anda ya!
"
0x19604,"Eso es lo que he oído.
","Eso es lo que he oído.
"
0x1961d,"¿Quién te lo ha dicho?
","¿Quién te lo ha dicho?
"
0x19637,"Para-Medic.
","Para-Medic.
"
0x19644,"Imagínate. Bueno, haga lo que haga, no es un
tipo de pintura ideal para el camuflaje.
","Imagínate. Bueno, haga lo que haga, no es un
tipo de pintura ideal para el camuflaje.
"
0x1969c,"¿De verdad?
","¿De verdad?
"
0x196aa,"Sí. Te deberías pintar la cara de otra forma.
","Sí. Te deberías pintar la cara de otra forma.
"
0x196db,"Ahora que me estaba empezando a gustar...
","Ahora que me estaba empezando a gustar...
"
0x19706,"...
","...
"
0x1970b,"Snake, la pintura de tu cara, es...
","Snake, la pintura de tu cara, es...
"
0x19730,"Ya sé. Se llama ""Zombi"".
","Ya sé. Se llama ""Zombi"".
"
0x1974b,"¿Zombi? ¿Qué quiere decir?
","¿Zombi? ¿Qué quiere decir?
"
0x1976a,"No lo sé.
","No lo sé.
"
0x19776,"¿¡Hablas en serio!?
","¿¡Hablas en serio!?
"
0x1978d,"Hola Para-Medic...
","Hola Para-Medic...
"
0x197a1,"¿Queréis decir que nunca habéis oído
hablar de los zombis?
","¿Queréis decir que nunca habéis oído
hablar de los zombis?
"
0x197e1,"No.
","No.
"
0x197e6,"Nunca.
","Nunca.
"
0x197ee,"Tíos, no sabéis nada de nada.
","Tíos, no sabéis nada de nada.
"
0x1980f,"Un zombi es un muerto cuyo cuerpo, víctima
de una maldición, ha vuelto a la tierra gracias
a la magia negra.
","Un zombi es un muerto cuyo cuerpo, víctima
de una maldición, ha vuelto a la tierra gracias
a la magia negra.
"
0x1987f,"Se cree que resucitan a los muertos y que les
utilizan como esclavos.
","Se cree que resucitan a los muertos y que les
utilizan como esclavos.
"
0x198c6,"También se considera un tipo de castigo, la
gente que ha cometido crímenes terribles es
obligada a trabajar incluso después de muerto.
","También se considera un tipo de castigo, la
gente que ha cometido crímenes terribles es
obligada a trabajar incluso después de muerto.
"
0x19951,"Interesante... ¿y cómo sabes todo eso?
","Interesante... ¿y cómo sabes todo eso?
"
0x1997b,"Lo he visto en las películas.
","Lo he visto en las películas.
"
0x1999b,"Como en ""La legión de los hombres sin alma"".
¿La habéis visto?
","Como en ""La legión de los hombres sin alma"".
¿La habéis visto?
"
0x199de,"No.
","No.
"
0x199e3,"Mentiría si dijera que sí.
","Mentiría si dijera que sí.
"
0x19a01,"¿Y qué me dices de ""Plan 9 del espacio
exterior""?
","¿Y qué me dices de ""Plan 9 del espacio
exterior""?
"
0x19a36,"Tampoco.
","Tampoco.
"
0x19a40,"Ésa me la perdí.
","Ésa me la perdí.
"
0x19a54,"No podéis hacer siempre lo que os gusta.
Tenéis que expandir vuestros horizontes,
probar cosas nuevas. Tenéis que salir más.
","No podéis hacer siempre lo que os gusta.
Tenéis que expandir vuestros horizontes,
probar cosas nuevas. Tenéis que salir más.
"
0x19ad6,"...
","...
"
0x19adb,"Sí bien, lo que tú digas, pero esa pintura de
cara no es muy útil.
","Sí bien, lo que tú digas, pero esa pintura de
cara no es muy útil.
"
0x19b22,"Si quieres seguir con esa pintura bien, pero yo
te aconsejo que te la cambies...
","Si quieres seguir con esa pintura bien, pero yo
te aconsejo que te la cambies...
"
0x19b74,"No necesitas cambiarte nada.
","No necesitas cambiarte nada.
"
0x19b92,"¿Por qué no?
","¿Por qué no?
"
0x19ba2,"Porque está tan guapo.
","Porque está tan guapo.
"
0x19bbb,"...
","...
"
0x19bc0,"¿A qué sí?
","¿A qué sí?
"
0x19bcf,"Mira, de nada nos va a servir discutir sobre
eso. Snake, haz lo que quieras.
","Mira, de nada nos va a servir discutir sobre
eso. Snake, haz lo que quieras.
"
0x19c1d,"¡¡Estás tan favorecido!!
","¡¡Estás tan favorecido!!
"
0x19c3a,"Snake, ¿qué pasa con esa pintura de la
cara...?
","Snake, ¿qué pasa con esa pintura de la
cara...?
"
0x19c6d,"Se llama ""Oyama"".
","Se llama ""Oyama"".
"
0x19c80,"¿Oyama?
","¿Oyama?
"
0x19c8a,"Sí. Es el nombre de una divinidad andrógina
nipona.
","Sí. Es el nombre de una divinidad andrógina
nipona.
"
0x19cc1,"¿Hablas en serio?
","¿Hablas en serio?
"
0x19cd5,"Eso es lo que me han dicho.
","Eso es lo que me han dicho.
"
0x19cf2,"¿Quién te lo ha dicho?
","¿Quién te lo ha dicho?
"
0x19d0c,"Para-Medic.
","Para-Medic.
"
0x19d19,"... Entonces déjalo.
","... Entonces déjalo.
"
0x19d30,"De cualquier forma, parece que tu Índice de
Camuflaje no funciona muy bien con esa
pintura. Tu Índice de Camuflaje está bajando.
","De cualquier forma, parece que tu Índice de
Camuflaje no funciona muy bien con esa
pintura. Tu Índice de Camuflaje está bajando.
"
0x19db5,"A menos que quieras que el enemigo te vea,
será mejor que cambies la pintura de la cara.
","A menos que quieras que el enemigo te vea,
será mejor que cambies la pintura de la cara.
"
0x19e10,"Jo... Vale...
","Jo... Vale...
"
0x19e1f,"A ver, a ver, que adivino...
Te estaba empezando a gustar.
","A ver, a ver, que adivino...
Te estaba empezando a gustar.
"
0x19e5b,"Me estaba acostumbrando a ella...
","Me estaba acostumbrando a ella...
"
0x19e7e,"Bien, si no te importa que te disparen.
","Bien, si no te importa que te disparen.
"
0x19ea7,"Ah, te has puesto la máscara.
","Ah, te has puesto la máscara.
"
0x19ec7,"La he hecho yo mismo. Está muy bien, ¿no
te parece?
","La he hecho yo mismo. Está muy bien, ¿no
te parece?
"
0x19efe,"Hace ya un tiempo, planearon disfrazar a
alguien con la ropa de un oficial de la GRU
para que robara ciertos documentos secretos.
","Hace ya un tiempo, planearon disfrazar a
alguien con la ropa de un oficial de la GRU
para que robara ciertos documentos secretos.
"
0x19f81,"Creé la máscara para esa operación.
","Creé la máscara para esa operación.
"
0x19fa9,"Pero luego cancelaron la misión...
","Pero luego cancelaron la misión...
"
0x19fce,"¡Y entonces vino el Major a pedirme que tirara
la máscara! ¿Te lo puedes creer?
","¡Y entonces vino el Major a pedirme que tirara
la máscara! ¿Te lo puedes creer?
"
0x1a022,"Pero no la tiraste.
","Pero no la tiraste.
"
0x1a037,"¿Bromeas? Tirar a la basura un producto de
tal calidad, como éste, sin ni siquiera haberlo
utilizado. ¡Sería un insulto a la ciencia!
","¿Bromeas? Tirar a la basura un producto de
tal calidad, como éste, sin ni siquiera haberlo
utilizado. ¡Sería un insulto a la ciencia!
"
0x1a0c2,"Así que decidí usarla para esconder tu cara del
personal del helicóptero durante la Misión
Virtuosa.
","Así que decidí usarla para esconder tu cara del
personal del helicóptero durante la Misión
Virtuosa.
"
0x1a12c,"Así que decidí meterla entre tu equipamiento.
","Así que decidí meterla entre tu equipamiento.
"
0x1a15d,"Vale... ¿Pero realmente es para tanto?
","Vale... ¿Pero realmente es para tanto?
"
0x1a186,"Pues claro que sí.
","Pues claro que sí.
"
0x1a19b,"¿Y qué tiene que la haga tan especial?
","¿Y qué tiene que la haga tan especial?
"
0x1a1c5,"Todo.
","Todo.
"
0x1a1cc,"Pero si tengo que elegir una razón, tengo que
decir que es la primera máscara capaz de
parpadear.
","Pero si tengo que elegir una razón, tengo que
decir que es la primera máscara capaz de
parpadear.
"
0x1a231,"¿Y los labios?
","¿Y los labios?
"
0x1a242,"¿Qué pasa con los labios?
","¿Qué pasa con los labios?
"
0x1a25f,"¿Se puede abrir la boca?
","¿Se puede abrir la boca?
"
0x1a27a,"¡Ja, ja, ja! Qué bueno Snake. Estás loco, tío.
","¡Ja, ja, ja! Qué bueno Snake. Estás loco, tío.
"
0x1a2ae,"Hablo en serio...
","Hablo en serio...
"
0x1a2c1,"¿Pero acaso me estás escuchando, Snake?
¿Dónde está tu sentido común? ¡Mierda!
","¿Pero acaso me estás escuchando, Snake?
¿Dónde está tu sentido común? ¡Mierda!
"
0x1a318,"¿¿¿... Lo... Yo lo siento...???
","¿¿¿... Lo... Yo lo siento...???
"
0x1a33c,"¿Sabes esa moto del ejército que tenía EVA?
Es un réplica de un modelo alemán.
","¿Sabes esa moto del ejército que tenía EVA?
Es un réplica de un modelo alemán.
"
0x1a391,"¿Una réplica?
","¿Una réplica?
"
0x1a3a2,"Sí.
","Sí.
"
0x1a3a8,"Tras la Segunda Guerra Mundial, los soviéticos
confiscaron toda una línea de producción de
una fábrica de motos alemana. Cogieron
incluso las máquinas.
","Tras la Segunda Guerra Mundial, los soviéticos
confiscaron toda una línea de producción de
una fábrica de motos alemana. Cogieron
incluso las máquinas.
"
0x1a446,"¿Y se las llevaron para empezar a fabricar
copias de las originales?
","¿Y se las llevaron para empezar a fabricar
copias de las originales?
"
0x1a48d,"Exacto. En un principio, diseñaron la moto
para que llevara al lado un sidecar.
","Exacto. En un principio, diseñaron la moto
para que llevara al lado un sidecar.
"
0x1a4df,"Eso quiere decir que la moto es lo
suficientemente potente como para arrastrar
un sidecar de 100 kilos aproximadamente.
","Eso quiere decir que la moto es lo
suficientemente potente como para arrastrar
un sidecar de 100 kilos aproximadamente.
"
0x1a558,"¡Ah, por eso ella podía hacer todas esas
maniobras!
","¡Ah, por eso ella podía hacer todas esas
maniobras!
"
0x1a58f,"Mmm. Pero claro, para controlar tanta
potencia, hay que ser muy buen conductor. Y
EVA conduce extraordinariamente.
","Mmm. Pero claro, para controlar tanta
potencia, hay que ser muy buen conductor. Y
EVA conduce extraordinariamente.
"
0x1a603,"Snake, ¿has dicho que EVA dijo que su
Mauser era una del tipo 17?
","Snake, ¿has dicho que EVA dijo que su
Mauser era una del tipo 17?
"
0x1a647,"Sí. ¿Y qué pasa?
","Sí. ¿Y qué pasa?
"
0x1a65c,"Que es modelo se fabricó en el año 1920 en
un laboratorio de armas de la provincia china
de Shanxi.
","Que es modelo se fabricó en el año 1920 en
un laboratorio de armas de la provincia china
de Shanxi.
"
0x1a6c3,"La parte de la cartuchera está algo más baja
de lo normal, para poder acoplar proyectiles
del calibre .45.
","La parte de la cartuchera está algo más baja
de lo normal, para poder acoplar proyectiles
del calibre .45.
"
0x1a731,"El cañón y la recámara son, también, algo más
gruesos.
","El cañón y la recámara son, también, algo más
gruesos.
"
0x1a76e,"Pero lo más significativo es que tiene
caracteres chinos grabados en la parte
exterior, como puedes ver.
","Pero lo más significativo es que tiene
caracteres chinos grabados en la parte
exterior, como puedes ver.
"
0x1a7d9,"Y la posición horizontal para disparar de la que
hablaba EVA, es una seña de identidad
totalmente china.
","Y la posición horizontal para disparar de la que
hablaba EVA, es una seña de identidad
totalmente china.
"
0x1a845,"Como estabas diciendo, al disparar el modo
automático, el efecto de salto de la boca,
genera un movimiento horizontal ametrallador.
","Como estabas diciendo, al disparar el modo
automático, el efecto de salto de la boca,
genera un movimiento horizontal ametrallador.
"
0x1a8cb,"Dicen que es especialmente peligrosa en
lugares cerrados y en combates a corta
distancia.
","Dicen que es especialmente peligrosa en
lugares cerrados y en combates a corta
distancia.
"
0x1a926,"Los japoneses la llamaban ""Tiroteo del
Bandido"" y la temían.
","Los japoneses la llamaban ""Tiroteo del
Bandido"" y la temían.
"
0x1a965,"Me pregunto dónde habrá aprendido a disparar
así.
","Me pregunto dónde habrá aprendido a disparar
así.
"
0x1a99b,"Los Davy Crocketts que The Boss se llevó con
ella al desertar son morteros que disparan
cabezas nucleares.
","Los Davy Crocketts que The Boss se llevó con
ella al desertar son morteros que disparan
cabezas nucleares.
"
0x1aa08,"Se llaman como Davy Crockett, el héroe que
murió defendiendo El Álamo en la guerra de
independencia de Tejas.
","Se llaman como Davy Crockett, el héroe que
murió defendiendo El Álamo en la guerra de
independencia de Tejas.
"
0x1aa7a,"¿Como en ""Recuerda el Alamo""?
","¿Como en ""Recuerda el Alamo""?
"
0x1aa9a,"Así es.
","Así es.
"
0x1aaa4,"Las cabezas tienen entre 10 y 20 toneladas de
TNT.
","Las cabezas tienen entre 10 y 20 toneladas de
TNT.
"
0x1aad8,"Todos los edificios que estén en un radio
aproximado de 137 metros del epicentro,
volarán por los aires.
","Todos los edificios que estén en un radio
aproximado de 137 metros del epicentro,
volarán por los aires.
"
0x1ab44,"Pero las cabezas nucleares que The Boss se
llevó eran un tipo de superbomba
experimental. Y por lo tanto, son aún más
potentes.
","Pero las cabezas nucleares que The Boss se
llevó eran un tipo de superbomba
experimental. Y por lo tanto, son aún más
potentes.
"
0x1abc8,"No quiero ni imaginar lo que podría ocurrir si
las usara.
","No quiero ni imaginar lo que podría ocurrir si
las usara.
"
0x1ac04,"Snake, sabes lo que tienes que hacer...
","Snake, sabes lo que tienes que hacer...
"
0x1ac2d,"Sí... Lo sé.
","Sí... Lo sé.
"
0x1ac3d,"Dime algo Sigint...
","Dime algo Sigint...
"
0x1ac52,"¿Qué?
","¿Qué?
"
0x1ac5b,"¿Qué significa ""Sigint""?
","¿Qué significa ""Sigint""?
"
0x1ac77,"Una abreviatura de ""Signal Intelligence"".
","Una abreviatura de ""Signal Intelligence"".
"
0x1aca2,"¿Signal Intelligence?
","¿Signal Intelligence?
"
0x1acba,"La parte del servicio secreto que se encarga
de la información electrónica.
","La parte del servicio secreto que se encarga
de la información electrónica.
"
0x1ad09,"Actividades como interceptar y paralizar las
comunicaciones electrónicas,
","Actividades como interceptar y paralizar las
comunicaciones electrónicas,
"
0x1ad55,"determinar la fuerza y la posición del enemigo
en base a las emisiones del radar y las
conversaciones por radio... Ese tipo de
cosillas.
","determinar la fuerza y la posición del enemigo
en base a las emisiones del radar y las
conversaciones por radio... Ese tipo de
cosillas.
"
0x1ade0,"Y descifrar códigos también es parte de la
tarea del SIGINT.
","Y descifrar códigos también es parte de la
tarea del SIGINT.
"
0x1ae20,"Dentro de 40 años nos encontramos en la era
de la guerra electrónica.
","Dentro de 40 años nos encontramos en la era
de la guerra electrónica.
"
0x1ae69,"Dentro de poco la dinamita será reemplazada
por la información.
","Dentro de poco la dinamita será reemplazada
por la información.
"
0x1aeac,"¿Quieres decir que ya no habrá necesidad de
hombres como yo?
","¿Quieres decir que ya no habrá necesidad de
hombres como yo?
"
0x1aeec,"Siento tener de decírtelo, pero eso no
sucederá.
","Siento tener de decírtelo, pero eso no
sucederá.
"
0x1af20,"Independientemente de lo que avance la
tecnología, no hay nada que pueda sustituir al
ser humano.
","Independientemente de lo que avance la
tecnología, no hay nada que pueda sustituir al
ser humano.
"
0x1af84,"...
","...
"
0x1af89,"Pues nada, que el Major es un hombre con
mucha visión. Sabía que nos estábamos
acercando a la era electrónica y por ello me
llamó.
","Pues nada, que el Major es un hombre con
mucha visión. Sabía que nos estábamos
acercando a la era electrónica y por ello me
llamó.
"
0x1b012,"Y tú viniste.
","Y tú viniste.
"
0x1b022,"Bueno, no tenía ningún otro sitio donde ir.
","Bueno, no tenía ningún otro sitio donde ir.
"
0x1b051,"¿No encontrabas trabajo?
","¿No encontrabas trabajo?
"
0x1b06c,"No. Ninguno de los laboratorios en los que
llevan a cabo investigaciones tecnológicas me
quiere dentro de sus instalaciones.
","No. Ninguno de los laboratorios en los que
llevan a cabo investigaciones tecnológicas me
quiere dentro de sus instalaciones.
"
0x1b0eb,"¿Por qué no? Ya sé que no eres un tipo muy
sociable, pero...
","¿Por qué no? Ya sé que no eres un tipo muy
sociable, pero...
"
0x1b12c,"¿QUÉ has dicho?
","¿QUÉ has dicho?
"
0x1b13f,"Nada. Quiero decir, que alguien con tu
talento...
","Nada. Quiero decir, que alguien con tu
talento...
"
0x1b172,"Ya, igual es porque soy negro.
","Ya, igual es porque soy negro.
"
0x1b192,"...
","...
"
0x1b197,"Al Major, sin embargo, no le importa el color
de mi piel. Nunca he conocido a alguien como
él. Es tan... diferente, ¿no?
","Al Major, sin embargo, no le importa el color
de mi piel. Nunca he conocido a alguien como
él. Es tan... diferente, ¿no?
"
0x1b213,"Sí, ya lo sé.
","Sí, ya lo sé.
"
0x1b224,"Y no creo que se acabe con el racismo ni
siquiera en el siglo 21.
","Y no creo que se acabe con el racismo ni
siquiera en el siglo 21.
"
0x1b267,"Pero yo quiero trabajar con ordenadores y
hacer que la gente esté más unida.
","Pero yo quiero trabajar con ordenadores y
hacer que la gente esté más unida.
"
0x1b2b7,"En el mundo digital, no importa que seas negro
o blanco, americano o ruso, o cualquier otra
nacionalidad.
","En el mundo digital, no importa que seas negro
o blanco, americano o ruso, o cualquier otra
nacionalidad.
"
0x1b322,"Todo el mundo será igual. Eso es lo que yo
creo.
","Todo el mundo será igual. Eso es lo que yo
creo.
"
0x1b355,"Veo que te has equipado con el repelente.
","Veo que te has equipado con el repelente.
"
0x1b380,"Te vendrá muy bien para repeler a los
insectos.
","Te vendrá muy bien para repeler a los
insectos.
"
0x1b3b2,"Si abres la Ventana de Objeto y pulsas el
botón Enter,
","Si abres la Ventana de Objeto y pulsas el
botón Enter,
"
0x1b3eb,"podrás repeler durante un breve periodo de
tiempo a insectos fastidiosos como avispones
y sanguijuelas. ¡Úsalo bien!
","podrás repeler durante un breve periodo de
tiempo a insectos fastidiosos como avispones
y sanguijuelas. ¡Úsalo bien!
"
0x1b464,"¡Eh! ¿Eres Snake, verdad?
","¡Eh! ¿Eres Snake, verdad?
"
0x1b481,"¿Y tú eres Sigint?
","¿Y tú eres Sigint?
"
0x1b497,"El mismo.
","El mismo.
"
0x1b4a2,"He oído que eres un experto en armas,
equipamiento y tecnología de vanguardia.
","He oído que eres un experto en armas,
equipamiento y tecnología de vanguardia.
"
0x1b4f4,"Cerca...
","Cerca...
"
0x1b4fe,"¿?
","¿?
"
0x1b503,"Soy EL experto en armas, equipamiento y
tecnología de vanguardia.
","Soy EL experto en armas, equipamiento y
tecnología de vanguardia.
"
0x1b547,"...
","...
"
0x1b54c,"Soy el tipo que ha diseñado la pistola
tranquilizadora, el sonar activo y el detector de
movimiento.
","Soy el tipo que ha diseñado la pistola
tranquilizadora, el sonar activo y el detector de
movimiento.
"
0x1b5b3,"Si quieres saber algo sobre las armas y el
equipamiento que encuentres en el campo,
ENVÍA un mensaje y pregúntamelo. ¡Hasta
luego!
","Si quieres saber algo sobre las armas y el
equipamiento que encuentres en el campo,
ENVÍA un mensaje y pregúntamelo. ¡Hasta
luego!
"
0x1b63a,"Sigint.
","Sigint.
"
0x1b643,"¿Qué pasa?
","¿Qué pasa?
"
0x1b651,"El helicóptero del que estábamos hablando
está en el helipuerto.
","El helicóptero del que estábamos hablando
está en el helipuerto.
"
0x1b696,"¿El que transportó al Shagohod en la Misión
Virtuosa?
","¿El que transportó al Shagohod en la Misión
Virtuosa?
"
0x1b6d0,"Sí.
","Sí.
"
0x1b6d6,"Sigint, el helicóptero del que estábamos
hablando está volando por aquí...
","Sigint, el helicóptero del que estábamos
hablando está volando por aquí...
"
0x1b726,"¿El del helipuerto?
","¿El del helipuerto?
"
0x1b73c,"Sí.
","Sí.
"
0x1b742,"¿Igual es una variación armada del Mi-8 Hip?
","¿Igual es una variación armada del Mi-8 Hip?
"
0x1b772,"No, puede que se parezca, pero es diferente.
","No, puede que se parezca, pero es diferente.
"
0x1b7a0,"Tiene las alas recortadas y la cabina del piloto
tiene la forma de un invernadero angular.
","Tiene las alas recortadas y la cabina del piloto
tiene la forma de un invernadero angular.
"
0x1b7fc,"No, éste tiene que ser un nuevo modelo.
","No, éste tiene que ser un nuevo modelo.
"
0x1b826,"Últimamente he oído decir que los soviéticos
están desarrollando un ""vehículo volador de
combate de infantería"".
","Últimamente he oído decir que los soviéticos
están desarrollando un ""vehículo volador de
combate de infantería"".
"
0x1b89e,"¿Un vehículo volador de combate de
infantería?
","¿Un vehículo volador de combate de
infantería?
"
0x1b8d1,"Sí. Un helicóptero de combate capaz de
transportar tropas.
","Sí. Un helicóptero de combate capaz de
transportar tropas.
"
0x1b90f,"Es una versión del helicóptero de combate y
transporte de la versión francesa del AMX-VCI
o del soviético BMP.
","Es una versión del helicóptero de combate y
transporte de la versión francesa del AMX-VCI
o del soviético BMP.
"
0x1b983,"Seguro que están realizando las pruebas en el
prototipo inicial.
","Seguro que están realizando las pruebas en el
prototipo inicial.
"
0x1b9c6,"Un helicóptero de nueva generación algo más
pequeño que el Hip... Le podríamos llamar
Hind.
","Un helicóptero de nueva generación algo más
pequeño que el Hip... Le podríamos llamar
Hind.
"
0x1ba28,"Mmm, no me parece mal, por mí bien.
","Mmm, no me parece mal, por mí bien.
"
0x1ba4e,"Pues ya está, a partir de ahora nos
referiremos al nuevo tipo de helicóptero como
el Hind.
","Pues ya está, a partir de ahora nos
referiremos al nuevo tipo de helicóptero como
el Hind.
"
0x1baac,"¡¡Hombre, qué demonios...!!
","¡¡Hombre, qué demonios...!!
"
0x1bacc,"¡¡No puedo creerte!!
","¡¡No puedo creerte!!
"
0x1bae4,"¡¡¡Pero...!!! ¡Ahora me doy cuenta de que he
elegido al hombre erróneo para esta misión!
","¡¡¡Pero...!!! ¡Ahora me doy cuenta de que he
elegido al hombre erróneo para esta misión!
"
0x1bb44,"Snake, las cargas de C3 han explotado
perfectamente.
","Snake, las cargas de C3 han explotado
perfectamente.
"
0x1bb7a,"Sí, pero el hangar sigue intacto.
","Sí, pero el hangar sigue intacto.
"
0x1bb9e,"La explosión ha sido menor de lo que
esperábamos porque los tanques de
combustible no han prendido fuego.
","La explosión ha sido menor de lo que
esperábamos porque los tanques de
combustible no han prendido fuego.
"
0x1bc0b,"Pero los tanques de carburante deberían de
haber explotado.
","Pero los tanques de carburante deberían de
haber explotado.
"
0x1bc49,"¿Recuerdas que el enemigo descubrió las
cargas de C3 cuando tú te estabas ocupando
de Volgin?
","¿Recuerdas que el enemigo descubrió las
cargas de C3 cuando tú te estabas ocupando
de Volgin?
"
0x1bcab,"Seguro que llamaron a los artificieros para
sacar el combustible de los tanques.
","Seguro que llamaron a los artificieros para
sacar el combustible de los tanques.
"
0x1bcfd,"Con todo y con eso, las cargas de C3 deben
de ser suficientes para acabar con la línea de
producción.
","Con todo y con eso, las cargas de C3 deben
de ser suficientes para acabar con la línea de
producción.
"
0x1bd66,"Probablemente ése sea el último que podrán
hacer. Has evitado su producción en masa.
","Probablemente ése sea el último que podrán
hacer. Has evitado su producción en masa.
"
0x1bdc0,"Y ahora sólo tienes que destruir en el que va
Volgin. ¡Todo tuyo!
","Y ahora sólo tienes que destruir en el que va
Volgin. ¡Todo tuyo!
"
